period,solar_hijri_year,quarter,indicator,geography_code,geography_label_en,geography_label_fa,source_index_value,qoq_inflation_pct,yoy_inflation_pct,source_preliminary,qoq_inflation_preliminary,yoy_inflation_preliminary,source_dataset_id
1370-Q1,1370,1,rent,all_urban,All urban areas,کليه مناطق شهري,0.4306666666666667,,,False,,,cbi_hsg_rent_index_q
1370-Q1,1370,1,rent,large_cities,Large cities,شهرهاي بزرگ,0.4326666666666667,,,False,,,cbi_hsg_rent_index_by_city_size_q
1370-Q1,1370,1,rent,medium_cities,Medium cities,شهرهاي متوسط,0.478,,,False,,,cbi_hsg_rent_index_by_city_size_q
1370-Q1,1370,1,rent,small_cities,Small cities,شهرهاي کوچک,0.2996666666666667,,,False,,,cbi_hsg_rent_index_by_city_size_q
1370-Q1,1370,1,rent,tehran,Tehran,تهران,0.505,,,False,,,cbi_hsg_rent_index_q
1370-Q2,1370,2,rent,all_urban,All urban areas,کليه مناطق شهري,0.4533333333333333,5.263157894736836,,False,False,,cbi_hsg_rent_index_q
1370-Q2,1370,2,rent,large_cities,Large cities,شهرهاي بزرگ,0.45566666666666666,5.31587057010785,,False,False,,cbi_hsg_rent_index_by_city_size_q
1370-Q2,1370,2,rent,medium_cities,Medium cities,شهرهاي متوسط,0.508,6.2761506276150625,,False,False,,cbi_hsg_rent_index_by_city_size_q
1370-Q2,1370,2,rent,small_cities,Small cities,شهرهاي کوچک,0.3136666666666667,4.671857619577313,,False,False,,cbi_hsg_rent_index_by_city_size_q
1370-Q2,1370,2,rent,tehran,Tehran,تهران,0.529,4.752475247524757,,False,False,,cbi_hsg_rent_index_q
1370-Q3,1370,3,rent,all_urban,All urban areas,کليه مناطق شهري,0.48733333333333334,7.500000000000018,,False,False,,cbi_hsg_rent_index_q
1370-Q3,1370,3,rent,large_cities,Large cities,شهرهاي بزرگ,0.49033333333333334,7.607900512070231,,False,False,,cbi_hsg_rent_index_by_city_size_q
1370-Q3,1370,3,rent,medium_cities,Medium cities,شهرهاي متوسط,0.532,4.7244094488189115,,False,False,,cbi_hsg_rent_index_by_city_size_q
1370-Q3,1370,3,rent,small_cities,Small cities,شهرهاي کوچک,0.33699999999999997,7.43889479277362,,False,False,,cbi_hsg_rent_index_by_city_size_q
1370-Q3,1370,3,rent,tehran,Tehran,تهران,0.5646666666666667,6.742281033396336,,False,False,,cbi_hsg_rent_index_q
1370-Q4,1370,4,rent,all_urban,All urban areas,کليه مناطق شهري,0.5156666666666666,5.813953488372081,,False,False,,cbi_hsg_rent_index_q
1370-Q4,1370,4,rent,large_cities,Large cities,شهرهاي بزرگ,0.5186666666666667,5.778382053025166,,False,False,,cbi_hsg_rent_index_by_city_size_q
1370-Q4,1370,4,rent,medium_cities,Medium cities,شهرهاي متوسط,0.5619999999999999,5.639097744360888,,False,False,,cbi_hsg_rent_index_by_city_size_q
1370-Q4,1370,4,rent,small_cities,Small cities,شهرهاي کوچک,0.36966666666666664,9.693372898120668,,False,False,,cbi_hsg_rent_index_by_city_size_q
1370-Q4,1370,4,rent,tehran,Tehran,تهران,0.594,5.1948051948051965,,False,False,,cbi_hsg_rent_index_q
1371-Q1,1371,1,rent,all_urban,All urban areas,کليه مناطق شهري,0.5326666666666667,3.2967032967033294,23.684210526315795,False,False,False,cbi_hsg_rent_index_q
1371-Q1,1371,1,rent,large_cities,Large cities,شهرهاي بزرگ,0.5356666666666666,3.2776349614395794,23.80585516178735,False,False,False,cbi_hsg_rent_index_by_city_size_q
1371-Q1,1371,1,rent,medium_cities,Medium cities,شهرهاي متوسط,0.586,4.270462633451966,22.59414225941423,False,False,False,cbi_hsg_rent_index_by_city_size_q
1371-Q1,1371,1,rent,small_cities,Small cities,شهرهاي کوچک,0.38833333333333336,5.0495942290351925,29.588431590656295,False,False,False,cbi_hsg_rent_index_by_city_size_q
1371-Q1,1371,1,rent,tehran,Tehran,تهران,0.612,3.0303030303030276,21.188118811881186,False,False,False,cbi_hsg_rent_index_q
1371-Q2,1371,2,rent,all_urban,All urban areas,کليه مناطق شهري,0.5553333333333333,4.255319148936154,22.500000000000007,False,False,False,cbi_hsg_rent_index_q
1371-Q2,1371,2,rent,large_cities,Large cities,شهرهاي بزرگ,0.5583333333333335,4.23148724331055,22.531089978054155,False,False,False,cbi_hsg_rent_index_by_city_size_q
1371-Q2,1371,2,rent,medium_cities,Medium cities,شهرهاي متوسط,0.6216666666666666,6.086461888509653,22.375328083989476,False,False,False,cbi_hsg_rent_index_by_city_size_q
1371-Q2,1371,2,rent,small_cities,Small cities,شهرهاي کوچک,0.4163333333333333,7.210300429184535,32.73113708820401,False,False,False,cbi_hsg_rent_index_by_city_size_q
1371-Q2,1371,2,rent,tehran,Tehran,تهران,0.636,3.9215686274509887,20.22684310018903,False,False,False,cbi_hsg_rent_index_q
1371-Q3,1371,3,rent,all_urban,All urban areas,کليه مناطق شهري,0.5893333333333333,6.122448979591821,20.93023255813953,False,False,False,cbi_hsg_rent_index_q
1371-Q3,1371,3,rent,large_cities,Large cities,شهرهاي بزرگ,0.5923333333333333,6.08955223880594,20.802175390890532,False,False,False,cbi_hsg_rent_index_by_city_size_q
1371-Q3,1371,3,rent,medium_cities,Medium cities,شهرهاي متوسط,0.6629999999999999,6.648793565683642,24.624060150375925,False,False,False,cbi_hsg_rent_index_by_city_size_q
1371-Q3,1371,3,rent,small_cities,Small cities,شهرهاي کوچک,0.44933333333333336,7.926341072858301,33.33333333333335,False,False,False,cbi_hsg_rent_index_by_city_size_q
1371-Q3,1371,3,rent,tehran,Tehran,تهران,0.6656666666666667,4.664570230607978,17.88665879574971,False,False,False,cbi_hsg_rent_index_q
1371-Q4,1371,4,rent,all_urban,All urban areas,کليه مناطق شهري,0.6233333333333334,5.769230769230793,20.879120879120915,False,False,False,cbi_hsg_rent_index_q
1371-Q4,1371,4,rent,large_cities,Large cities,شهرهاي بزرگ,0.6263333333333333,5.740011254924027,20.758354755784048,False,False,False,cbi_hsg_rent_index_by_city_size_q
1371-Q4,1371,4,rent,medium_cities,Medium cities,شهرهاي متوسط,0.711,7.239819004524883,26.512455516014242,False,False,False,cbi_hsg_rent_index_by_city_size_q
1371-Q4,1371,4,rent,small_cities,Small cities,شهرهاي کوچک,0.48266666666666663,7.418397626112738,30.568079350766464,False,False,False,cbi_hsg_rent_index_by_city_size_q
1371-Q4,1371,4,rent,tehran,Tehran,تهران,0.6890000000000001,3.5052578868302486,15.993265993266004,False,False,False,cbi_hsg_rent_index_q
1372-Q1,1372,1,rent,all_urban,All urban areas,کليه مناطق شهري,0.6576666666666666,5.508021390374318,23.46683354192738,False,False,False,cbi_hsg_rent_index_q
1372-Q1,1372,1,rent,large_cities,Large cities,شهرهاي بزرگ,0.655,4.576902607770106,22.277535780958324,False,False,False,cbi_hsg_rent_index_by_city_size_q
1372-Q1,1372,1,rent,medium_cities,Medium cities,شهرهاي متوسط,0.741,4.219409282700415,26.450511945392496,False,False,False,cbi_hsg_rent_index_by_city_size_q
1372-Q1,1372,1,rent,small_cities,Small cities,شهرهاي کوچک,0.49666666666666665,2.9005524861878573,27.896995708154492,False,False,False,cbi_hsg_rent_index_by_city_size_q
1372-Q1,1372,1,rent,tehran,Tehran,تهران,0.719,4.354136429608113,17.48366013071896,False,False,False,cbi_hsg_rent_index_q
1372-Q2,1372,2,rent,all_urban,All urban areas,کليه مناطق شهري,0.6866666666666666,4.409528636594029,23.64945978391355,False,False,False,cbi_hsg_rent_index_q
1372-Q2,1372,2,rent,large_cities,Large cities,شهرهاي بزرگ,0.6783333333333333,3.562340966921118,21.492537313432813,False,False,False,cbi_hsg_rent_index_by_city_size_q
1372-Q2,1372,2,rent,medium_cities,Medium cities,شهرهاي متوسط,0.771,4.048582995951411,24.021447721179644,False,False,False,cbi_hsg_rent_index_by_city_size_q
1372-Q2,1372,2,rent,small_cities,Small cities,شهرهاي کوچک,0.5153333333333333,3.7583892617449655,23.779023218574878,False,False,False,cbi_hsg_rent_index_by_city_size_q
1372-Q2,1372,2,rent,tehran,Tehran,تهران,0.743,3.3379694019471495,16.823899371069185,False,False,False,cbi_hsg_rent_index_q
1372-Q3,1372,3,rent,all_urban,All urban areas,کليه مناطق شهري,0.715,4.126213592233019,21.323529411764717,False,False,False,cbi_hsg_rent_index_q
1372-Q3,1372,3,rent,large_cities,Large cities,شهرهاي بزرگ,0.7236666666666666,6.683046683046667,22.17220033764771,False,False,False,cbi_hsg_rent_index_by_city_size_q
1372-Q3,1372,3,rent,medium_cities,Medium cities,شهرهاي متوسط,0.819,6.22568093385214,23.529411764705888,False,False,False,cbi_hsg_rent_index_by_city_size_q
1372-Q3,1372,3,rent,small_cities,Small cities,شهرهاي کوچک,0.5433333333333333,5.433376455368699,20.91988130563798,False,False,False,cbi_hsg_rent_index_by_city_size_q
1372-Q3,1372,3,rent,tehran,Tehran,تهران,0.7906666666666666,6.415432929564813,18.778167250876287,False,False,False,cbi_hsg_rent_index_q
1372-Q4,1372,4,rent,all_urban,All urban areas,کليه مناطق شهري,0.7603333333333334,6.340326340326352,21.978609625668444,False,False,False,cbi_hsg_rent_index_q
1372-Q4,1372,4,rent,large_cities,Large cities,شهرهاي بزرگ,0.7746666666666667,7.047443574389711,23.682810005321997,False,False,False,cbi_hsg_rent_index_by_city_size_q
1372-Q4,1372,4,rent,medium_cities,Medium cities,شهرهاي متوسط,0.855,4.395604395604402,20.253164556962023,False,False,False,cbi_hsg_rent_index_by_city_size_q
1372-Q4,1372,4,rent,small_cities,Small cities,شهرهاي کوچک,0.5666666666666667,4.294478527607359,17.403314917127076,False,False,False,cbi_hsg_rent_index_by_city_size_q
1372-Q4,1372,4,rent,tehran,Tehran,تهران,0.844,6.745362563237767,22.496371552975305,False,False,False,cbi_hsg_rent_index_q
1373-Q1,1373,1,rent,all_urban,All urban areas,کليه مناطق شهري,0.7943333333333333,4.471722928540101,20.780537252914357,False,False,False,cbi_hsg_rent_index_q
1373-Q1,1373,1,rent,large_cities,Large cities,شهرهاي بزرگ,0.7916666666666666,2.1944922547332046,20.865139949109412,False,False,False,cbi_hsg_rent_index_by_city_size_q
1373-Q1,1373,1,rent,medium_cities,Medium cities,شهرهاي متوسط,0.8906666666666667,4.171539961013648,20.197930724246515,False,False,False,cbi_hsg_rent_index_by_city_size_q
1373-Q1,1373,1,rent,small_cities,Small cities,شهرهاي کوچک,0.5853333333333333,3.294117647058803,17.85234899328858,False,False,False,cbi_hsg_rent_index_by_city_size_q
1373-Q1,1373,1,rent,tehran,Tehran,تهران,0.8676666666666666,2.804107424960489,20.676866017617044,False,False,False,cbi_hsg_rent_index_q
1373-Q2,1373,2,rent,all_urban,All urban areas,کليه مناطق شهري,0.8283333333333333,4.280318925723869,20.63106796116505,False,False,False,cbi_hsg_rent_index_q
1373-Q2,1373,2,rent,large_cities,Large cities,شهرهاي بزرگ,0.8203333333333332,3.621052631578947,20.933660933660914,False,False,False,cbi_hsg_rent_index_by_city_size_q
1373-Q2,1373,2,rent,medium_cities,Medium cities,شهرهاي متوسط,0.926,3.967065868263475,20.10376134889753,False,False,False,cbi_hsg_rent_index_by_city_size_q
1373-Q2,1373,2,rent,small_cities,Small cities,شهرهاي کوچک,0.618,5.580865603644658,19.922380336351875,False,False,False,cbi_hsg_rent_index_by_city_size_q
1373-Q2,1373,2,rent,tehran,Tehran,تهران,0.9089999999999999,4.763734152900501,22.341857335127855,False,False,False,cbi_hsg_rent_index_q
1373-Q3,1373,3,rent,all_urban,All urban areas,کليه مناطق شهري,0.8736666666666667,5.472837022132815,22.191142191142198,False,False,False,cbi_hsg_rent_index_q
1373-Q3,1373,3,rent,large_cities,Large cities,شهرهاي بزرگ,0.8776666666666667,6.989028850060963,21.28051589129436,False,False,False,cbi_hsg_rent_index_by_city_size_q
1373-Q3,1373,3,rent,medium_cities,Medium cities,شهرهاي متوسط,0.98,5.831533477321815,19.658119658119656,False,False,False,cbi_hsg_rent_index_by_city_size_q
1373-Q3,1373,3,rent,small_cities,Small cities,شهرهاي کوچک,0.6553333333333334,6.0409924487594635,20.613496932515353,False,False,False,cbi_hsg_rent_index_by_city_size_q
1373-Q3,1373,3,rent,tehran,Tehran,تهران,0.9746666666666667,7.224055738907231,23.271500843170333,False,False,False,cbi_hsg_rent_index_q
1373-Q4,1373,4,rent,all_urban,All urban areas,کليه مناطق شهري,0.9359999999999999,7.1346814193056,23.103901797457226,False,False,False,cbi_hsg_rent_index_q
1373-Q4,1373,4,rent,large_cities,Large cities,شهرهاي بزرگ,0.9343333333333333,6.456513482719339,20.611015490533546,False,False,False,cbi_hsg_rent_index_by_city_size_q
1373-Q4,1373,4,rent,medium_cities,Medium cities,شهرهاي متوسط,1.052,7.346938775510203,23.040935672514617,False,False,False,cbi_hsg_rent_index_by_city_size_q
1373-Q4,1373,4,rent,small_cities,Small cities,شهرهاي کوچک,0.6833333333333332,4.272634791454699,20.58823529411764,False,False,False,cbi_hsg_rent_index_by_city_size_q
1373-Q4,1373,4,rent,tehran,Tehran,تهران,1.046,7.318741450068411,23.933649289099534,False,False,False,cbi_hsg_rent_index_q
1374-Q1,1374,1,rent,all_urban,All urban areas,کليه مناطق شهري,0.9926666666666666,6.054131054131062,24.96852706672261,False,False,False,cbi_hsg_rent_index_q
1374-Q1,1374,1,rent,large_cities,Large cities,شهرهاي بزرگ,0.991,6.064930431680349,25.178947368421056,False,False,False,cbi_hsg_rent_index_by_city_size_q
1374-Q1,1374,1,rent,medium_cities,Medium cities,شهرهاي متوسط,1.112,5.703422053231955,24.850299401197606,False,False,False,cbi_hsg_rent_index_by_city_size_q
1374-Q1,1374,1,rent,small_cities,Small cities,شهرهاي کوچک,0.73,6.829268292682933,24.715261958997736,False,False,False,cbi_hsg_rent_index_by_city_size_q
1374-Q1,1374,1,rent,tehran,Tehran,تهران,1.111,6.214149139579339,28.044563964656177,False,False,False,cbi_hsg_rent_index_q
1374-Q2,1374,2,rent,all_urban,All urban areas,کليه مناطق شهري,1.0493333333333332,5.708529214237745,26.680080482897385,False,False,False,cbi_hsg_rent_index_q
1374-Q2,1374,2,rent,large_cities,Large cities,شهرهاي بزرگ,1.0483333333333333,5.785401950891367,27.793579845591232,False,False,False,cbi_hsg_rent_index_by_city_size_q
1374-Q2,1374,2,rent,medium_cities,Medium cities,شهرهاي متوسط,1.171,5.305755395683454,26.45788336933046,False,False,False,cbi_hsg_rent_index_by_city_size_q
1374-Q2,1374,2,rent,small_cities,Small cities,شهرهاي کوچک,0.8096666666666668,10.91324200913244,31.014023732470353,False,False,False,cbi_hsg_rent_index_by_city_size_q
1374-Q2,1374,2,rent,tehran,Tehran,تهران,1.1766666666666667,5.9105910591059185,29.446277961129464,False,False,False,cbi_hsg_rent_index_q
1374-Q3,1374,3,rent,all_urban,All urban areas,کليه مناطق شهري,1.1343333333333332,8.100381194409145,29.835940480732525,False,False,False,cbi_hsg_rent_index_q
1374-Q3,1374,3,rent,large_cities,Large cities,شهرهاي بزرگ,1.1223333333333334,7.058823529411762,27.876946448917582,False,False,False,cbi_hsg_rent_index_by_city_size_q
1374-Q3,1374,3,rent,medium_cities,Medium cities,شهرهاي متوسط,1.255,7.173356105892381,28.06122448979591,False,False,False,cbi_hsg_rent_index_by_city_size_q
1374-Q3,1374,3,rent,small_cities,Small cities,شهرهاي کوچک,0.9223333333333333,13.915191436805262,40.742624618514725,False,False,False,cbi_hsg_rent_index_by_city_size_q
1374-Q3,1374,3,rent,tehran,Tehran,تهران,1.26,7.082152974504252,29.2749658002736,False,False,False,cbi_hsg_rent_index_q
1374-Q4,1374,4,rent,all_urban,All urban areas,کليه مناطق شهري,1.1966666666666668,5.495151337055559,27.84900284900287,False,False,False,cbi_hsg_rent_index_q
1374-Q4,1374,4,rent,large_cities,Large cities,شهرهاي بزرگ,1.202,7.098307098307077,28.6478772743489,False,False,False,cbi_hsg_rent_index_by_city_size_q
1374-Q4,1374,4,rent,medium_cities,Medium cities,شهرهاي متوسط,1.327,5.737051792828685,26.140684410646386,False,False,False,cbi_hsg_rent_index_by_city_size_q
1374-Q4,1374,4,rent,small_cities,Small cities,شهرهاي کوچک,0.927,0.5059631369714435,35.65853658536589,False,False,False,cbi_hsg_rent_index_by_city_size_q
1374-Q4,1374,4,rent,tehran,Tehran,تهران,1.325,5.158730158730163,26.673040152963658,False,False,False,cbi_hsg_rent_index_q
1375-Q1,1375,1,rent,all_urban,All urban areas,کليه مناطق شهري,1.2703333333333333,6.15598885793871,27.971793149764945,False,False,False,cbi_hsg_rent_index_q
1375-Q1,1375,1,rent,large_cities,Large cities,شهرهاي بزرگ,1.2763333333333333,6.184137548530222,28.79246552304069,False,False,False,cbi_hsg_rent_index_by_city_size_q
1375-Q1,1375,1,rent,medium_cities,Medium cities,شهرهاي متوسط,1.3866666666666667,4.496357699070597,24.70023980815348,False,False,False,cbi_hsg_rent_index_by_city_size_q
1375-Q1,1375,1,rent,small_cities,Small cities,شهرهاي کوچک,0.9969999999999999,7.5512405609492905,36.5753424657534,False,False,False,cbi_hsg_rent_index_by_city_size_q
1375-Q1,1375,1,rent,tehran,Tehran,تهران,1.4260000000000002,7.6226415094339695,28.352835283528364,False,False,False,cbi_hsg_rent_index_q
1375-Q2,1375,2,rent,all_urban,All urban areas,کليه مناطق شهري,1.3836666666666666,8.921542902125413,31.861499364675993,False,False,False,cbi_hsg_rent_index_q
1375-Q2,1375,2,rent,large_cities,Large cities,شهرهاي بزرگ,1.3843333333333334,8.461739357534604,32.05087440381558,False,False,False,cbi_hsg_rent_index_by_city_size_q
1375-Q2,1375,2,rent,medium_cities,Medium cities,شهرهاي متوسط,1.53,10.336538461538458,30.657557643040146,False,False,False,cbi_hsg_rent_index_by_city_size_q
1375-Q2,1375,2,rent,small_cities,Small cities,شهرهاي کوچک,1.0906666666666667,9.39485122032766,34.70564018114448,False,False,False,cbi_hsg_rent_index_by_city_size_q
1375-Q2,1375,2,rent,tehran,Tehran,تهران,1.515,6.241234221598857,28.753541076487245,False,False,False,cbi_hsg_rent_index_q
1375-Q3,1375,3,rent,all_urban,All urban areas,کليه مناطق شهري,1.5536666666666668,12.286196097325952,36.96738172201002,False,False,False,cbi_hsg_rent_index_q
1375-Q3,1375,3,rent,large_cities,Large cities,شهرهاي بزرگ,1.5553333333333335,12.352516253310863,38.58033858033858,False,False,False,cbi_hsg_rent_index_by_city_size_q
1375-Q3,1375,3,rent,medium_cities,Medium cities,شهرهاي متوسط,1.721,12.483660130718954,37.13147410358568,False,False,False,cbi_hsg_rent_index_by_city_size_q
1375-Q3,1375,3,rent,small_cities,Small cities,شهرهاي کوچک,1.2173333333333332,11.613691931540316,31.984098301409446,False,False,False,cbi_hsg_rent_index_by_city_size_q
1375-Q3,1375,3,rent,tehran,Tehran,تهران,1.6696666666666669,10.209020902090238,32.51322751322752,False,False,False,cbi_hsg_rent_index_q
1375-Q4,1375,4,rent,all_urban,All urban areas,کليه مناطق شهري,1.684,8.388757777300992,40.72423398328689,False,False,False,cbi_hsg_rent_index_q
1375-Q4,1375,4,rent,large_cities,Large cities,شهرهاي بزرگ,1.6806666666666665,8.058294042005976,39.82251802551302,False,False,False,cbi_hsg_rent_index_by_city_size_q
1375-Q4,1375,4,rent,medium_cities,Medium cities,شهرهاي متوسط,1.853,7.669959325973275,39.63828183873399,False,False,False,cbi_hsg_rent_index_by_city_size_q
1375-Q4,1375,4,rent,small_cities,Small cities,شهرهاي کوچک,1.3340000000000003,9.583789704271673,43.90507011866238,False,False,False,cbi_hsg_rent_index_by_city_size_q
1375-Q4,1375,4,rent,tehran,Tehran,تهران,1.7883333333333333,7.107207027350748,34.96855345911951,False,False,False,cbi_hsg_rent_index_q
1376-Q1,1376,1,rent,all_urban,All urban areas,کليه مناطق شهري,1.7633333333333334,4.711005542359481,38.80871162424562,False,False,False,cbi_hsg_rent_index_q
1376-Q1,1376,1,rent,large_cities,Large cities,شهرهاي بزرگ,1.766,5.077350257834201,38.36510838338991,False,False,False,cbi_hsg_rent_index_by_city_size_q
1376-Q1,1376,1,rent,medium_cities,Medium cities,شهرهاي متوسط,1.936,4.479222881813283,39.615384615384606,False,False,False,cbi_hsg_rent_index_by_city_size_q
1376-Q1,1376,1,rent,small_cities,Small cities,شهرهاي کوچک,1.4283333333333335,7.0714642678660455,43.26312270143768,False,False,False,cbi_hsg_rent_index_by_city_size_q
1376-Q1,1376,1,rent,tehran,Tehran,تهران,1.8659999999999999,4.342963653308485,30.855539971949497,False,False,False,cbi_hsg_rent_index_q
1376-Q2,1376,2,rent,all_urban,All urban areas,کليه مناطق شهري,1.8709999999999998,6.105860113421535,35.22042881233436,False,False,False,cbi_hsg_rent_index_q
1376-Q2,1376,2,rent,large_cities,Large cities,شهرهاي بزرگ,1.8856666666666666,6.776141940354852,36.214784493137486,False,False,False,cbi_hsg_rent_index_by_city_size_q
1376-Q2,1376,2,rent,medium_cities,Medium cities,شهرهاي متوسط,2.044,5.578512396694224,33.59477124183006,False,False,False,cbi_hsg_rent_index_by_city_size_q
1376-Q2,1376,2,rent,small_cities,Small cities,شهرهاي کوچک,1.5076666666666665,5.554259043173837,38.233496332518314,False,False,False,cbi_hsg_rent_index_by_city_size_q
1376-Q2,1376,2,rent,tehran,Tehran,تهران,1.9963333333333335,6.984637370489488,31.7711771177118,False,False,False,cbi_hsg_rent_index_q
1376-Q3,1376,3,rent,all_urban,All urban areas,کليه مناطق شهري,1.979,5.772314270443624,27.376099549452903,False,False,False,cbi_hsg_rent_index_q
1376-Q3,1376,3,rent,large_cities,Large cities,شهرهاي بزرگ,1.9883333333333333,5.444581933887216,27.83969138448348,False,False,False,cbi_hsg_rent_index_by_city_size_q
1376-Q3,1376,3,rent,medium_cities,Medium cities,شهرهاي متوسط,2.1576666666666666,5.5609915198956195,25.372845245012577,False,False,False,cbi_hsg_rent_index_by_city_size_q
1376-Q3,1376,3,rent,small_cities,Small cities,شهرهاي کوچک,1.601,6.190581472474044,31.516976998904724,False,False,False,cbi_hsg_rent_index_by_city_size_q
1376-Q3,1376,3,rent,tehran,Tehran,تهران,2.1153333333333335,5.9609283686759,26.691954481932513,False,False,False,cbi_hsg_rent_index_q
1376-Q4,1376,4,rent,all_urban,All urban areas,کليه مناطق شهري,2.093,5.760485093481549,24.287410926365794,False,False,False,cbi_hsg_rent_index_q
1376-Q4,1376,4,rent,large_cities,Large cities,شهرهاي بزرگ,2.0849999999999995,4.861693210393936,24.057913526378407,False,False,False,cbi_hsg_rent_index_by_city_size_q
1376-Q4,1376,4,rent,medium_cities,Medium cities,شهرهاي متوسط,2.313,7.199134867912882,24.824608742579613,False,False,False,cbi_hsg_rent_index_by_city_size_q
1376-Q4,1376,4,rent,small_cities,Small cities,شهرهاي کوچک,1.7279999999999998,7.93254216114927,29.53523238380804,False,False,False,cbi_hsg_rent_index_by_city_size_q
1376-Q4,1376,4,rent,tehran,Tehran,تهران,2.2223333333333333,5.058304443744088,24.26840633737186,False,False,False,cbi_hsg_rent_index_q
1377-Q1,1377,1,land_price_housing_proxy,all_urban,All urban areas,کليه مناطق شهري,2.8,,,False,,,cbi_hsg_land_price_index_q
1377-Q1,1377,1,land_price_housing_proxy,tehran,Tehran,تهران,3.6,,,False,,,cbi_hsg_land_price_index_q
1377-Q1,1377,1,rent,all_urban,All urban areas,کليه مناطق شهري,2.1553333333333335,2.9781812390508255,22.23062381852552,False,False,False,cbi_hsg_rent_index_q
1377-Q1,1377,1,rent,large_cities,Large cities,شهرهاي بزرگ,2.141666666666667,2.717825739408508,21.272178180445465,False,False,False,cbi_hsg_rent_index_by_city_size_q
1377-Q1,1377,1,rent,medium_cities,Medium cities,شهرهاي متوسط,2.4026666666666667,3.87663928519959,24.10468319559229,False,False,False,cbi_hsg_rent_index_by_city_size_q
1377-Q1,1377,1,rent,small_cities,Small cities,شهرهاي کوچک,1.7886666666666668,3.510802469135821,25.227537922987175,False,False,False,cbi_hsg_rent_index_by_city_size_q
1377-Q1,1377,1,rent,tehran,Tehran,تهران,2.282,2.6848657567121625,22.293676312968923,False,False,False,cbi_hsg_rent_index_q
1377-Q2,1377,2,land_price_housing_proxy,all_urban,All urban areas,کليه مناطق شهري,2.8,0.0,,False,False,,cbi_hsg_land_price_index_q
1377-Q2,1377,2,land_price_housing_proxy,tehran,Tehran,تهران,3.6,0.0,,False,False,,cbi_hsg_land_price_index_q
1377-Q2,1377,2,rent,all_urban,All urban areas,کليه مناطق شهري,2.2289999999999996,3.4178781317661278,19.13415285943345,False,False,False,cbi_hsg_rent_index_q
1377-Q2,1377,2,rent,large_cities,Large cities,شهرهاي بزرگ,2.222,3.7509727626458877,17.836308997701966,False,False,False,cbi_hsg_rent_index_by_city_size_q
1377-Q2,1377,2,rent,medium_cities,Medium cities,شهرهاي متوسط,2.4979999999999998,3.967813540510523,22.211350293542065,False,False,False,cbi_hsg_rent_index_by_city_size_q
1377-Q2,1377,2,rent,small_cities,Small cities,شهرهاي کوچک,1.854,3.652627655609386,22.97147910678754,False,False,False,cbi_hsg_rent_index_by_city_size_q
1377-Q2,1377,2,rent,tehran,Tehran,تهران,2.3353333333333333,2.3371311714869947,16.981132075471695,False,False,False,cbi_hsg_rent_index_q
1377-Q3,1377,3,land_price_housing_proxy,all_urban,All urban areas,کليه مناطق شهري,2.8,0.0,,False,False,,cbi_hsg_land_price_index_q
1377-Q3,1377,3,land_price_housing_proxy,tehran,Tehran,تهران,3.7,2.77777777777779,,False,False,,cbi_hsg_land_price_index_q
1377-Q3,1377,3,rent,all_urban,All urban areas,کليه مناطق شهري,2.342333333333334,5.08449229848964,18.359440795014326,False,False,False,cbi_hsg_rent_index_q
1377-Q3,1377,3,rent,large_cities,Large cities,شهرهاي بزرگ,2.335666666666667,5.1155115511551275,17.468566638725914,False,False,False,cbi_hsg_rent_index_by_city_size_q
1377-Q3,1377,3,rent,medium_cities,Medium cities,شهرهاي متوسط,2.6356666666666664,5.511075527088338,22.153560945465767,False,False,False,cbi_hsg_rent_index_by_city_size_q
1377-Q3,1377,3,rent,small_cities,Small cities,شهرهاي کوچک,1.9523333333333335,5.303847536857242,21.944617947116395,False,False,False,cbi_hsg_rent_index_by_city_size_q
1377-Q3,1377,3,rent,tehran,Tehran,تهران,2.448,4.824436197544957,15.726441853135832,False,False,False,cbi_hsg_rent_index_q
1377-Q4,1377,4,land_price_housing_proxy,all_urban,All urban areas,کليه مناطق شهري,2.9,3.571428571428581,,False,False,,cbi_hsg_land_price_index_q
1377-Q4,1377,4,land_price_housing_proxy,tehran,Tehran,تهران,3.7,0.0,,False,False,,cbi_hsg_land_price_index_q
1377-Q4,1377,4,rent,all_urban,All urban areas,کليه مناطق شهري,2.484,6.048100185000682,18.681318681318682,False,False,False,cbi_hsg_rent_index_q
1377-Q4,1377,4,rent,large_cities,Large cities,شهرهاي بزرگ,2.461,5.366062508919622,18.033573141486837,False,False,False,cbi_hsg_rent_index_by_city_size_q
1377-Q4,1377,4,rent,medium_cities,Medium cities,شهرهاي متوسط,2.767,4.982926520804365,19.62818849978383,False,False,False,cbi_hsg_rent_index_by_city_size_q
1377-Q4,1377,4,rent,small_cities,Small cities,شهرهاي کوچک,2.130333333333333,9.117295543793746,23.28317901234569,False,False,False,cbi_hsg_rent_index_by_city_size_q
1377-Q4,1377,4,rent,tehran,Tehran,تهران,2.5726666666666667,5.092592592592604,15.764211789410542,False,False,False,cbi_hsg_rent_index_q
1378-Q1,1378,1,land_price_housing_proxy,all_urban,All urban areas,کليه مناطق شهري,2.9,0.0,3.571428571428581,False,False,False,cbi_hsg_land_price_index_q
1378-Q1,1378,1,land_price_housing_proxy,tehran,Tehran,تهران,3.7,0.0,2.77777777777779,False,False,False,cbi_hsg_land_price_index_q
1378-Q1,1378,1,rent,all_urban,All urban areas,کليه مناطق شهري,2.563333333333333,3.193773483628548,18.929786575935648,False,False,False,cbi_hsg_rent_index_q
1378-Q1,1378,1,rent,large_cities,Large cities,شهرهاي بزرگ,2.5410000000000004,3.250711093051617,18.645914396887164,False,False,False,cbi_hsg_rent_index_by_city_size_q
1378-Q1,1378,1,rent,medium_cities,Medium cities,شهرهاي متوسط,2.845,2.8189374774123754,18.41009988901221,False,False,False,cbi_hsg_rent_index_by_city_size_q
1378-Q1,1378,1,rent,small_cities,Small cities,شهرهاي کوچک,2.200333333333333,3.285870755750264,23.01528140141629,False,False,False,cbi_hsg_rent_index_by_city_size_q
1378-Q1,1378,1,rent,tehran,Tehran,تهران,2.662,3.4724021767297275,16.652059596844857,False,False,False,cbi_hsg_rent_index_q
1378-Q2,1378,2,land_price_housing_proxy,all_urban,All urban areas,کليه مناطق شهري,3.0,3.4482758620689724,7.14285714285714,False,False,False,cbi_hsg_land_price_index_q
1378-Q2,1378,2,land_price_housing_proxy,tehran,Tehran,تهران,3.8,2.7027027027026973,5.555555555555558,False,False,False,cbi_hsg_land_price_index_q
1378-Q2,1378,2,rent,all_urban,All urban areas,کليه مناطق شهري,2.6313333333333335,2.6527958387516426,18.04994765963812,False,False,False,cbi_hsg_rent_index_q
1378-Q2,1378,2,rent,large_cities,Large cities,شهرهاي بزرگ,2.6149999999999998,2.9122392758756055,17.686768676867672,False,False,False,cbi_hsg_rent_index_by_city_size_q
1378-Q2,1378,2,rent,medium_cities,Medium cities,شهرهاي متوسط,2.934333333333333,3.1400117164616104,17.467307179076585,False,False,False,cbi_hsg_rent_index_by_city_size_q
1378-Q2,1378,2,rent,small_cities,Small cities,شهرهاي کوچک,2.247,2.1208907741251393,21.197411003236244,False,False,False,cbi_hsg_rent_index_by_city_size_q
1378-Q2,1378,2,rent,tehran,Tehran,تهران,2.739333333333333,2.905083896819427,17.29945760776477,False,False,False,cbi_hsg_rent_index_q
1378-Q3,1378,3,land_price_housing_proxy,all_urban,All urban areas,کليه مناطق شهري,3.4,13.33333333333333,21.42857142857144,False,False,False,cbi_hsg_land_price_index_q
1378-Q3,1378,3,land_price_housing_proxy,tehran,Tehran,تهران,4.3,13.157894736842103,16.216216216216207,False,False,False,cbi_hsg_land_price_index_q
1378-Q3,1378,3,rent,all_urban,All urban areas,کليه مناطق شهري,2.699333333333333,2.5842411958449274,15.241212466201759,False,False,False,cbi_hsg_rent_index_q
1378-Q3,1378,3,rent,large_cities,Large cities,شهرهاي بزرگ,2.672,2.179732313575533,14.399885828457236,False,False,False,cbi_hsg_rent_index_by_city_size_q
1378-Q3,1378,3,rent,medium_cities,Medium cities,شهرهاي متوسط,3.036,3.4647279336589953,15.189072973314799,False,False,False,cbi_hsg_rent_index_by_city_size_q
1378-Q3,1378,3,rent,small_cities,Small cities,شهرهاي کوچک,2.3173333333333335,3.1300993917816378,18.69557794092538,False,False,False,cbi_hsg_rent_index_by_city_size_q
1378-Q3,1378,3,rent,tehran,Tehran,تهران,2.8046666666666664,2.3850085178875657,14.56971677559913,False,False,False,cbi_hsg_rent_index_q
1378-Q4,1378,4,land_price_housing_proxy,all_urban,All urban areas,کليه مناطق شهري,3.5,2.941176470588247,20.68965517241379,False,False,False,cbi_hsg_land_price_index_q
1378-Q4,1378,4,land_price_housing_proxy,tehran,Tehran,تهران,4.3,0.0,16.216216216216207,False,False,False,cbi_hsg_land_price_index_q
1378-Q4,1378,4,rent,all_urban,All urban areas,کليه مناطق شهري,2.8296666666666668,4.828352679674008,13.915727321524418,False,False,False,cbi_hsg_rent_index_q
1378-Q4,1378,4,rent,large_cities,Large cities,شهرهاي بزرگ,2.7916666666666665,4.478542914171646,13.436272517946634,False,False,False,cbi_hsg_rent_index_by_city_size_q
1378-Q4,1378,4,rent,medium_cities,Medium cities,شهرهاي متوسط,3.1973333333333334,5.31400966183575,15.552343091193844,False,False,False,cbi_hsg_rent_index_by_city_size_q
1378-Q4,1378,4,rent,small_cities,Small cities,شهرهاي کوچک,2.4953333333333334,7.681242807825073,17.13346894069787,False,False,False,cbi_hsg_rent_index_by_city_size_q
1378-Q4,1378,4,rent,tehran,Tehran,تهران,2.9056666666666664,3.601140955550264,12.943767815496244,False,False,False,cbi_hsg_rent_index_q
1379-Q1,1379,1,land_price_housing_proxy,all_urban,All urban areas,کليه مناطق شهري,3.8,8.571428571428562,31.034482758620683,False,False,False,cbi_hsg_land_price_index_q
1379-Q1,1379,1,land_price_housing_proxy,tehran,Tehran,تهران,4.8,11.627906976744185,29.729729729729716,False,False,False,cbi_hsg_land_price_index_q
1379-Q1,1379,1,rent,all_urban,All urban areas,کليه مناطق شهري,2.9146666666666667,3.0038873836729874,13.706111833550082,False,False,False,cbi_hsg_rent_index_q
1379-Q1,1379,1,rent,large_cities,Large cities,شهرهاي بزرگ,2.8770000000000002,3.0567164179104545,13.223140495867769,False,False,False,cbi_hsg_rent_index_by_city_size_q
1379-Q1,1379,1,rent,medium_cities,Medium cities,شهرهاي متوسط,3.317,3.742702251876562,16.590509666080845,False,False,False,cbi_hsg_rent_index_by_city_size_q
1379-Q1,1379,1,rent,small_cities,Small cities,شهرهاي کوچک,2.598333333333333,4.12770504942559,18.08816845932435,False,False,False,cbi_hsg_rent_index_by_city_size_q
1379-Q1,1379,1,rent,tehran,Tehran,تهران,2.983,2.6614661007227314,12.058602554470333,False,False,False,cbi_hsg_rent_index_q
1379-Q2,1379,2,land_price_housing_proxy,all_urban,All urban areas,کليه مناطق شهري,4.0,5.263157894736836,33.33333333333333,False,False,False,cbi_hsg_land_price_index_q
1379-Q2,1379,2,land_price_housing_proxy,tehran,Tehran,تهران,5.1,6.25,34.210526315789465,False,False,False,cbi_hsg_land_price_index_q
1379-Q2,1379,2,rent,all_urban,All urban areas,کليه مناطق شهري,3.045,4.471637694419028,15.72080060805674,False,False,False,cbi_hsg_rent_index_q
1379-Q2,1379,2,rent,large_cities,Large cities,شهرهاي بزرگ,3.002333333333333,4.356389757849599,14.811982154238379,False,False,False,cbi_hsg_rent_index_by_city_size_q
1379-Q2,1379,2,rent,medium_cities,Medium cities,شهرهاي متوسط,3.436,3.5875791377750987,17.09644439395661,False,False,False,cbi_hsg_rent_index_by_city_size_q
1379-Q2,1379,2,rent,small_cities,Small cities,شهرهاي کوچک,2.6969999999999996,3.7973059653624075,20.02670226969292,False,False,False,cbi_hsg_rent_index_by_city_size_q
1379-Q2,1379,2,rent,tehran,Tehran,تهران,3.1313333333333335,4.972622639401059,14.310051107325394,False,False,False,cbi_hsg_rent_index_q
1379-Q3,1379,3,land_price_housing_proxy,all_urban,All urban areas,کليه مناطق شهري,4.3,7.499999999999996,26.470588235294112,False,False,False,cbi_hsg_land_price_index_q
1379-Q3,1379,3,land_price_housing_proxy,tehran,Tehran,تهران,5.4,5.882352941176494,25.581395348837233,False,False,False,cbi_hsg_land_price_index_q
1379-Q3,1379,3,rent,all_urban,All urban areas,کليه مناطق شهري,3.2946666666666666,8.199233716475106,22.05482835267969,False,False,False,cbi_hsg_rent_index_q
1379-Q3,1379,3,rent,large_cities,Large cities,شهرهاي بزرگ,3.3043333333333336,10.058843122016237,23.665169660678643,False,False,False,cbi_hsg_rent_index_by_city_size_q
1379-Q3,1379,3,rent,medium_cities,Medium cities,شهرهاي متوسط,3.5080000000000005,2.0954598370197974,15.546772068511206,False,False,False,cbi_hsg_rent_index_by_city_size_q
1379-Q3,1379,3,rent,small_cities,Small cities,شهرهاي کوچک,2.7296666666666667,1.2112223458163651,17.793440736478704,False,False,False,cbi_hsg_rent_index_by_city_size_q
1379-Q3,1379,3,rent,tehran,Tehran,تهران,3.642333333333333,16.31892697466466,29.866888519134772,False,False,False,cbi_hsg_rent_index_q
1379-Q4,1379,4,land_price_housing_proxy,all_urban,All urban areas,کليه مناطق شهري,4.5,4.651162790697683,28.57142857142858,False,False,False,cbi_hsg_land_price_index_q
1379-Q4,1379,4,land_price_housing_proxy,tehran,Tehran,تهران,5.7,5.555555555555558,32.558139534883736,False,False,False,cbi_hsg_land_price_index_q
1379-Q4,1379,4,rent,all_urban,All urban areas,کليه مناطق شهري,3.4653333333333336,5.180089032780266,22.464365649664273,False,False,False,cbi_hsg_rent_index_q
1379-Q4,1379,4,rent,large_cities,Large cities,شهرهاي بزرگ,3.4979999999999998,5.86099061837988,25.301492537313443,False,False,False,cbi_hsg_rent_index_by_city_size_q
1379-Q4,1379,4,rent,medium_cities,Medium cities,شهرهاي متوسط,3.657666666666666,4.266438616495605,14.397414512093398,False,False,False,cbi_hsg_rent_index_by_city_size_q
1379-Q4,1379,4,rent,small_cities,Small cities,شهرهاي کوچک,2.8089999999999997,2.9063377701795012,12.570130911033917,False,False,False,cbi_hsg_rent_index_by_city_size_q
1379-Q4,1379,4,rent,tehran,Tehran,تهران,3.8800000000000003,6.5251212592660535,33.53217850177816,False,False,False,cbi_hsg_rent_index_q
1380-Q1,1380,1,land_price_housing_proxy,all_urban,All urban areas,کليه مناطق شهري,4.6,2.2222222222222143,21.052631578947366,False,False,False,cbi_hsg_land_price_index_q
1380-Q1,1380,1,land_price_housing_proxy,tehran,Tehran,تهران,5.8,1.754385964912264,20.833333333333325,False,False,False,cbi_hsg_land_price_index_q
1380-Q1,1380,1,rent,all_urban,All urban areas,کليه مناطق شهري,3.5956666666666663,3.761061946902644,23.364592863677935,False,False,False,cbi_hsg_rent_index_q
1380-Q1,1380,1,rent,large_cities,Large cities,شهرهاي بزرگ,3.629,3.7449971412235605,26.13833854709766,False,False,False,cbi_hsg_rent_index_by_city_size_q
1380-Q1,1380,1,rent,medium_cities,Medium cities,شهرهاي متوسط,3.765,2.9344755308484682,13.506180283388591,False,False,False,cbi_hsg_rent_index_by_city_size_q
1380-Q1,1380,1,rent,small_cities,Small cities,شهرهاي کوچک,2.9306666666666668,4.331316008069308,12.790250160359218,False,False,False,cbi_hsg_rent_index_by_city_size_q
1380-Q1,1380,1,rent,tehran,Tehran,تهران,4.070333333333333,4.905498281786924,36.451000111744314,False,False,False,cbi_hsg_rent_index_q
1380-Q2,1380,2,land_price_housing_proxy,all_urban,All urban areas,کليه مناطق شهري,4.8,4.347826086956519,19.999999999999996,False,False,False,cbi_hsg_land_price_index_q
1380-Q2,1380,2,land_price_housing_proxy,tehran,Tehran,تهران,6.2,6.896551724137945,21.568627450980404,False,False,False,cbi_hsg_land_price_index_q
1380-Q2,1380,2,rent,all_urban,All urban areas,کليه مناطق شهري,3.720333333333333,3.4671363678501876,22.17843459222768,False,False,False,cbi_hsg_rent_index_q
1380-Q2,1380,2,rent,large_cities,Large cities,شهرهاي بزرگ,3.7656666666666667,3.765959401120611,25.424669701343404,False,False,False,cbi_hsg_rent_index_by_city_size_q
1380-Q2,1380,2,rent,medium_cities,Medium cities,شهرهاي متوسط,3.9026666666666667,3.656485170429402,13.581684128831984,False,False,False,cbi_hsg_rent_index_by_city_size_q
1380-Q2,1380,2,rent,small_cities,Small cities,شهرهاي کوچک,2.978,1.6151046405823433,10.418984056358948,False,False,False,cbi_hsg_rent_index_by_city_size_q
1380-Q2,1380,2,rent,tehran,Tehran,تهران,4.260666666666666,4.676111702563257,36.065573770491774,False,False,False,cbi_hsg_rent_index_q
1380-Q3,1380,3,land_price_housing_proxy,all_urban,All urban areas,کليه مناطق شهري,5.1,6.25,18.604651162790688,False,False,False,cbi_hsg_land_price_index_q
1380-Q3,1380,3,land_price_housing_proxy,tehran,Tehran,تهران,6.6,6.451612903225801,22.22222222222221,False,False,False,cbi_hsg_land_price_index_q
1380-Q3,1380,3,rent,all_urban,All urban areas,کليه مناطق شهري,3.8733333333333335,4.112534719111194,17.56373937677054,False,False,False,cbi_hsg_rent_index_q
1380-Q3,1380,3,rent,large_cities,Large cities,شهرهاي بزرگ,3.9256666666666664,4.248915641320705,18.803591243821227,False,False,False,cbi_hsg_rent_index_by_city_size_q
1380-Q3,1380,3,rent,medium_cities,Medium cities,شهرهاي متوسط,3.9979999999999998,2.4427741715066453,13.968072976054714,False,False,False,cbi_hsg_rent_index_by_city_size_q
1380-Q3,1380,3,rent,small_cities,Small cities,شهرهاي کوچک,3.062,2.820685023505698,12.174868726340215,False,False,False,cbi_hsg_rent_index_by_city_size_q
1380-Q3,1380,3,rent,tehran,Tehran,تهران,4.474333333333333,5.014864653418871,22.842500228791064,False,False,False,cbi_hsg_rent_index_q
1380-Q4,1380,4,land_price_housing_proxy,all_urban,All urban areas,کليه مناطق شهري,5.4,5.882352941176494,20.000000000000018,False,False,False,cbi_hsg_land_price_index_q
1380-Q4,1380,4,land_price_housing_proxy,tehran,Tehran,تهران,6.9,4.545454545454564,21.052631578947366,False,False,False,cbi_hsg_land_price_index_q
1380-Q4,1380,4,rent,all_urban,All urban areas,کليه مناطق شهري,4.066,4.974182444061959,17.333589842247,False,False,False,cbi_hsg_rent_index_q
1380-Q4,1380,4,rent,large_cities,Large cities,شهرهاي بزرگ,4.130333333333334,5.213551838328967,18.07699637888318,False,False,False,cbi_hsg_rent_index_by_city_size_q
1380-Q4,1380,4,rent,medium_cities,Medium cities,شهرهاي متوسط,4.147666666666666,3.743538435884597,13.396518727786377,False,False,False,cbi_hsg_rent_index_by_city_size_q
1380-Q4,1380,4,rent,small_cities,Small cities,شهرهاي کوچک,3.188,4.1149575440888375,13.492346030615888,False,False,False,cbi_hsg_rent_index_by_city_size_q
1380-Q4,1380,4,rent,tehran,Tehran,تهران,4.706333333333333,5.185130000744986,21.29725085910652,False,False,False,cbi_hsg_rent_index_q
1381-Q1,1381,1,land_price_housing_proxy,all_urban,All urban areas,کليه مناطق شهري,6.1,12.962962962962955,32.60869565217392,False,False,False,cbi_hsg_land_price_index_q
1381-Q1,1381,1,land_price_housing_proxy,tehran,Tehran,تهران,7.5,8.695652173913038,29.31034482758621,False,False,False,cbi_hsg_land_price_index_q
1381-Q1,1381,1,rent,all_urban,All urban areas,کليه مناطق شهري,4.173666666666667,2.6479750778816147,16.074904978214533,False,False,False,cbi_hsg_rent_index_q
1381-Q1,1381,1,rent,large_cities,Large cities,شهرهاي بزرگ,4.25,2.897264143329825,17.11215210801873,False,False,False,cbi_hsg_rent_index_by_city_size_q
1381-Q1,1381,1,rent,medium_cities,Medium cities,شهرهاي متوسط,4.201,1.285863537732057,11.580345285524562,False,False,False,cbi_hsg_rent_index_by_city_size_q
1381-Q1,1381,1,rent,small_cities,Small cities,شهرهاي کوچک,3.2159999999999997,0.8782936010037545,9.73612374886259,False,False,False,cbi_hsg_rent_index_by_city_size_q
1381-Q1,1381,1,rent,tehran,Tehran,تهران,4.842666666666666,2.896805722784901,18.97469494717876,False,False,False,cbi_hsg_rent_index_q
1381-Q2,1381,2,land_price_housing_proxy,all_urban,All urban areas,کليه مناطق شهري,6.4,4.918032786885251,33.33333333333335,False,False,False,cbi_hsg_land_price_index_q
1381-Q2,1381,2,land_price_housing_proxy,tehran,Tehran,تهران,8.0,6.666666666666665,29.032258064516125,False,False,False,cbi_hsg_land_price_index_q
1381-Q2,1381,2,rent,all_urban,All urban areas,کليه مناطق شهري,4.394666666666667,5.2951042249021585,18.125615984230812,False,False,False,cbi_hsg_rent_index_q
1381-Q2,1381,2,rent,large_cities,Large cities,شهرهاي بزرگ,4.483333333333333,5.490196078431375,19.058157032840572,False,False,False,cbi_hsg_rent_index_by_city_size_q
1381-Q2,1381,2,rent,medium_cities,Medium cities,شهرهاي متوسط,4.458333333333333,6.125525668491627,14.23812777587974,False,False,False,cbi_hsg_rent_index_by_city_size_q
1381-Q2,1381,2,rent,small_cities,Small cities,شهرهاي کوچک,3.370666666666667,4.809286898839171,13.185583165435432,False,False,False,cbi_hsg_rent_index_by_city_size_q
1381-Q2,1381,2,rent,tehran,Tehran,تهران,4.991333333333333,3.069933920704848,17.149115944296668,False,False,False,cbi_hsg_rent_index_q
1381-Q3,1381,3,land_price_housing_proxy,all_urban,All urban areas,کليه مناطق شهري,6.9,7.8125,35.29411764705883,False,False,False,cbi_hsg_land_price_index_q
1381-Q3,1381,3,land_price_housing_proxy,tehran,Tehran,تهران,8.3,3.750000000000009,25.75757575757578,False,False,False,cbi_hsg_land_price_index_q
1381-Q3,1381,3,rent,all_urban,All urban areas,کليه مناطق شهري,4.752666666666667,8.146237864077687,22.702237521514633,False,False,False,cbi_hsg_rent_index_q
1381-Q3,1381,3,rent,large_cities,Large cities,شهرهاي بزرگ,4.808333333333334,7.249070631970267,22.484503693640168,False,False,False,cbi_hsg_rent_index_by_city_size_q
1381-Q3,1381,3,rent,medium_cities,Medium cities,شهرهاي متوسط,4.9783333333333335,11.663551401869166,24.520593630148426,False,False,False,cbi_hsg_rent_index_by_city_size_q
1381-Q3,1381,3,rent,small_cities,Small cities,شهرهاي کوچک,3.7266666666666666,10.561708860759467,21.706945351622032,False,False,False,cbi_hsg_rent_index_by_city_size_q
1381-Q3,1381,3,rent,tehran,Tehran,تهران,5.216666666666666,4.514491785761976,16.590926022498675,False,False,False,cbi_hsg_rent_index_q
1381-Q4,1381,4,land_price_housing_proxy,all_urban,All urban areas,کليه مناطق شهري,7.8,13.043478260869556,44.44444444444444,False,False,False,cbi_hsg_land_price_index_q
1381-Q4,1381,4,land_price_housing_proxy,tehran,Tehran,تهران,8.8,6.024096385542177,27.536231884057983,False,False,False,cbi_hsg_land_price_index_q
1381-Q4,1381,4,rent,all_urban,All urban areas,کليه مناطق شهري,4.979333333333334,4.76925234955814,22.462698803082493,False,False,False,cbi_hsg_rent_index_q
1381-Q4,1381,4,rent,large_cities,Large cities,شهرهاي بزرگ,5.0360000000000005,4.73483535528596,21.927205229602144,False,False,False,cbi_hsg_rent_index_by_city_size_q
1381-Q4,1381,4,rent,medium_cities,Medium cities,شهرهاي متوسط,5.253333333333333,5.523937060595907,26.657558466607732,False,False,False,cbi_hsg_rent_index_by_city_size_q
1381-Q4,1381,4,rent,small_cities,Small cities,شهرهاي کوچک,3.9326666666666665,5.527728085867611,23.35842743621914,False,False,False,cbi_hsg_rent_index_by_city_size_q
1381-Q4,1381,4,rent,tehran,Tehran,تهران,5.413333333333333,3.769968051118222,15.022310361923651,False,False,False,cbi_hsg_rent_index_q
1382-Q1,1382,1,land_price_housing_proxy,all_urban,All urban areas,کليه مناطق شهري,8.6,10.256410256410264,40.98360655737705,False,False,False,cbi_hsg_land_price_index_q
1382-Q1,1382,1,land_price_housing_proxy,tehran,Tehran,تهران,9.2,4.545454545454519,22.666666666666657,False,False,False,cbi_hsg_land_price_index_q
1382-Q1,1382,1,rent,all_urban,All urban areas,کليه مناطق شهري,5.172,3.869326549738905,23.919814711285035,False,False,False,cbi_hsg_rent_index_q
1382-Q1,1382,1,rent,large_cities,Large cities,شهرهاي بزرگ,5.218666666666667,3.6272173682816877,22.792156862745095,False,False,False,cbi_hsg_rent_index_by_city_size_q
1382-Q1,1382,1,rent,medium_cities,Medium cities,شهرهاي متوسط,5.456333333333333,3.864213197969546,29.881774180750618,False,False,False,cbi_hsg_rent_index_by_city_size_q
1382-Q1,1382,1,rent,small_cities,Small cities,شهرهاي کوچک,4.101,4.280386506187495,27.51865671641791,False,False,False,cbi_hsg_rent_index_by_city_size_q
1382-Q1,1382,1,rent,tehran,Tehran,تهران,5.591333333333334,3.288177339901499,15.459801762114566,False,False,False,cbi_hsg_rent_index_q
1382-Q2,1382,2,land_price_housing_proxy,all_urban,All urban areas,کليه مناطق شهري,9.0,4.651162790697683,40.625,False,False,False,cbi_hsg_land_price_index_q
1382-Q2,1382,2,land_price_housing_proxy,tehran,Tehran,تهران,9.5,3.260869565217406,18.75,False,False,False,cbi_hsg_land_price_index_q
1382-Q2,1382,2,rent,all_urban,All urban areas,کليه مناطق شهري,5.342,3.2869296210363386,21.55643203883495,False,False,False,cbi_hsg_rent_index_q
1382-Q2,1382,2,rent,large_cities,Large cities,شهرهاي بزرگ,5.3950000000000005,3.378896269800724,20.334572490706336,False,False,False,cbi_hsg_rent_index_by_city_size_q
1382-Q2,1382,2,rent,medium_cities,Medium cities,شهرهاي متوسط,5.611999999999999,2.8529537540472605,25.876635514018687,False,False,False,cbi_hsg_rent_index_by_city_size_q
1382-Q2,1382,2,rent,small_cities,Small cities,شهرهاي کوچک,4.204666666666667,2.5278387385190726,24.742879746835445,False,False,False,cbi_hsg_rent_index_by_city_size_q
1382-Q2,1382,2,rent,tehran,Tehran,تهران,5.775666666666667,3.2967688088708647,15.713904100440779,False,False,False,cbi_hsg_rent_index_q
1382-Q3,1382,3,land_price_housing_proxy,all_urban,All urban areas,کليه مناطق شهري,9.4,4.444444444444451,36.23188405797102,False,False,False,cbi_hsg_land_price_index_q
1382-Q3,1382,3,land_price_housing_proxy,tehran,Tehran,تهران,9.7,2.105263157894721,16.86746987951806,False,False,False,cbi_hsg_land_price_index_q
1382-Q3,1382,3,rent,all_urban,All urban areas,کليه مناطق شهري,5.529,3.5005615874204477,16.334689297236626,False,False,False,cbi_hsg_rent_index_q
1382-Q3,1382,3,rent,large_cities,Large cities,شهرهاي بزرگ,5.6000000000000005,3.7998146431881485,16.46447140381282,False,False,False,cbi_hsg_rent_index_by_city_size_q
1382-Q3,1382,3,rent,medium_cities,Medium cities,شهرهاي متوسط,5.743333333333333,2.3402233309574916,15.366588550384996,False,False,False,cbi_hsg_rent_index_by_city_size_q
1382-Q3,1382,3,rent,small_cities,Small cities,شهرهاي کوچک,4.298000000000001,2.219755826859049,15.330948121645815,False,False,False,cbi_hsg_rent_index_by_city_size_q
1382-Q3,1382,3,rent,tehran,Tehran,تهران,5.971666666666667,3.3935476424078015,14.472843450479257,False,False,False,cbi_hsg_rent_index_q
1382-Q4,1382,4,land_price_housing_proxy,all_urban,All urban areas,کليه مناطق شهري,10.0,6.382978723404253,28.205128205128215,False,False,False,cbi_hsg_land_price_index_q
1382-Q4,1382,4,land_price_housing_proxy,tehran,Tehran,تهران,10.1,4.123711340206193,14.772727272727249,False,False,False,cbi_hsg_land_price_index_q
1382-Q4,1382,4,rent,all_urban,All urban areas,کليه مناطق شهري,5.8180000000000005,5.22698498824381,16.842950863569417,False,False,False,cbi_hsg_rent_index_q
1382-Q4,1382,4,rent,large_cities,Large cities,شهرهاي بزرگ,5.879333333333334,4.988095238095247,16.74609478422029,False,False,False,cbi_hsg_rent_index_by_city_size_q
1382-Q4,1382,4,rent,medium_cities,Medium cities,شهرهاي متوسط,6.066,5.618107951247819,15.469543147208121,False,False,False,cbi_hsg_rent_index_by_city_size_q
1382-Q4,1382,4,rent,small_cities,Small cities,شهرهاي کوچک,4.574000000000001,6.4215914378780825,16.30784878793019,False,False,False,cbi_hsg_rent_index_by_city_size_q
1382-Q4,1382,4,rent,tehran,Tehran,تهران,6.262999999999999,4.87859335752161,15.69581280788177,False,False,False,cbi_hsg_rent_index_q
1383-Q1,1383,1,land_price_housing_proxy,all_urban,All urban areas,کليه مناطق شهري,10.8,8.000000000000007,25.581395348837233,False,False,False,cbi_hsg_land_price_index_q
1383-Q1,1383,1,land_price_housing_proxy,tehran,Tehran,تهران,10.4,2.970297029702973,13.043478260869579,False,False,False,cbi_hsg_land_price_index_q
1383-Q1,1383,1,rent,all_urban,All urban areas,کليه مناطق شهري,6.2043333333333335,6.640311676406552,19.960041247744265,False,False,False,cbi_hsg_rent_index_q
1383-Q1,1383,1,rent,large_cities,Large cities,شهرهاي بزرگ,6.272333333333333,6.684431341421915,20.190342360756254,False,False,False,cbi_hsg_rent_index_by_city_size_q
1383-Q1,1383,1,rent,medium_cities,Medium cities,شهرهاي متوسط,6.478333333333333,6.797450269260352,18.730527216079153,False,False,False,cbi_hsg_rent_index_by_city_size_q
1383-Q1,1383,1,rent,small_cities,Small cities,شهرهاي کوچک,4.897333333333333,7.0689403876985635,19.418028123221976,False,False,False,cbi_hsg_rent_index_by_city_size_q
1383-Q1,1383,1,rent,tehran,Tehran,تهران,6.672666666666667,6.541061259247449,19.339453916775962,False,False,False,cbi_hsg_rent_index_q
1383-Q2,1383,2,land_price_housing_proxy,all_urban,All urban areas,کليه مناطق شهري,11.1,2.777777777777768,23.33333333333334,False,False,False,cbi_hsg_land_price_index_q
1383-Q2,1383,2,land_price_housing_proxy,tehran,Tehran,تهران,10.4,0.0,9.473684210526322,False,False,False,cbi_hsg_land_price_index_q
1383-Q2,1383,2,rent,all_urban,All urban areas,کليه مناطق شهري,6.374333333333333,2.7400204158383845,19.324847123424437,False,False,False,cbi_hsg_rent_index_q
1383-Q2,1383,2,rent,large_cities,Large cities,شهرهاي بزرگ,6.437666666666666,2.635914332784184,19.32653691689834,False,False,False,cbi_hsg_rent_index_by_city_size_q
1383-Q2,1383,2,rent,medium_cities,Medium cities,شهرهاي متوسط,6.711666666666667,3.6017494211474377,19.59491565692566,False,False,False,cbi_hsg_rent_index_by_city_size_q
1383-Q2,1383,2,rent,small_cities,Small cities,شهرهاي کوچک,5.084333333333333,3.8184045739177774,20.92119866814648,False,False,False,cbi_hsg_rent_index_by_city_size_q
1383-Q2,1383,2,rent,tehran,Tehran,تهران,6.833333333333333,2.4078329503446794,18.312460322040724,False,False,False,cbi_hsg_rent_index_q
1383-Q3,1383,3,land_price_housing_proxy,all_urban,All urban areas,کليه مناطق شهري,11.4,2.7027027027027195,21.27659574468086,False,False,False,cbi_hsg_land_price_index_q
1383-Q3,1383,3,land_price_housing_proxy,tehran,Tehran,تهران,10.8,3.8461538461538547,11.340206185567038,False,False,False,cbi_hsg_land_price_index_q
1383-Q3,1383,3,rent,all_urban,All urban areas,کليه مناطق شهري,6.555666666666666,2.8447419337970015,18.56875866642551,False,False,False,cbi_hsg_rent_index_q
1383-Q3,1383,3,rent,large_cities,Large cities,شهرهاي بزرگ,6.597,2.475016828043297,17.80357142857143,False,False,False,cbi_hsg_rent_index_by_city_size_q
1383-Q3,1383,3,rent,medium_cities,Medium cities,شهرهاي متوسط,6.962666666666666,3.7397566426620177,21.230412071967496,False,False,False,cbi_hsg_rent_index_by_city_size_q
1383-Q3,1383,3,rent,small_cities,Small cities,شهرهاي کوچک,5.295,4.143447190716576,23.196835737552313,False,False,False,cbi_hsg_rent_index_by_city_size_q
1383-Q3,1383,3,rent,tehran,Tehran,تهران,6.975666666666666,2.0829268292682945,16.812726765280495,False,False,False,cbi_hsg_rent_index_q
1383-Q4,1383,4,land_price_housing_proxy,all_urban,All urban areas,کليه مناطق شهري,12.0,5.263157894736836,19.999999999999996,False,False,False,cbi_hsg_land_price_index_q
1383-Q4,1383,4,land_price_housing_proxy,tehran,Tehran,تهران,11.3,4.629629629629628,11.881188118811892,False,False,False,cbi_hsg_land_price_index_q
1383-Q4,1383,4,rent,all_urban,All urban areas,کليه مناطق شهري,6.736999999999999,2.766054812630281,15.795806118941202,False,False,False,cbi_hsg_rent_index_q
1383-Q4,1383,4,rent,large_cities,Large cities,شهرهاي بزرگ,6.751,2.3343944217068424,14.82594398457875,False,False,False,cbi_hsg_rent_index_by_city_size_q
1383-Q4,1383,4,rent,medium_cities,Medium cities,شهرهاي متوسط,7.243333333333333,4.031022596706246,19.40872623365204,False,False,False,cbi_hsg_rent_index_by_city_size_q
1383-Q4,1383,4,rent,small_cities,Small cities,شهرهاي کوچک,5.52,4.249291784702547,20.68211630957584,False,False,False,cbi_hsg_rent_index_by_city_size_q
1383-Q4,1383,4,rent,tehran,Tehran,تهران,7.118333333333333,2.045204759401731,13.656926925328673,False,False,False,cbi_hsg_rent_index_q
1384-Q1,1384,1,land_price_housing_proxy,all_urban,All urban areas,کليه مناطق شهري,12.3,2.5000000000000133,13.888888888888884,False,False,False,cbi_hsg_land_price_index_q
1384-Q1,1384,1,land_price_housing_proxy,tehran,Tehran,تهران,11.6,2.65486725663715,11.538461538461542,False,False,False,cbi_hsg_land_price_index_q
1384-Q1,1384,1,rent,all_urban,All urban areas,کليه مناطق شهري,6.9239999999999995,2.7757161941517117,11.599419760382524,False,False,False,cbi_hsg_rent_index_q
1384-Q1,1384,1,rent,large_cities,Large cities,شهرهاي بزرگ,6.916333333333333,2.449019898286675,10.26731147366744,False,False,False,cbi_hsg_rent_index_by_city_size_q
1384-Q1,1384,1,rent,medium_cities,Medium cities,شهرهاي متوسط,7.5183333333333335,3.7965945697192804,16.05351170568563,False,False,False,cbi_hsg_rent_index_by_city_size_q
1384-Q1,1384,1,rent,small_cities,Small cities,شهرهاي کوچک,5.749333333333333,4.154589371980677,17.397222978491712,False,False,False,cbi_hsg_rent_index_by_city_size_q
1384-Q1,1384,1,rent,tehran,Tehran,تهران,7.267,2.088503863263891,8.906983714656814,False,False,False,cbi_hsg_rent_index_q
1384-Q2,1384,2,land_price_housing_proxy,all_urban,All urban areas,کليه مناطق شهري,12.5,1.6260162601625883,12.612612612612617,False,False,False,cbi_hsg_land_price_index_q
1384-Q2,1384,2,land_price_housing_proxy,tehran,Tehran,تهران,11.7,0.8620689655172376,12.5,False,False,False,cbi_hsg_land_price_index_q
1384-Q2,1384,2,rent,all_urban,All urban areas,کليه مناطق شهري,7.111,2.70075101097631,11.55676410605031,False,False,False,cbi_hsg_rent_index_q
1384-Q2,1384,2,rent,large_cities,Large cities,شهرهاي بزرگ,7.087,2.4675887994602075,10.086470253197334,False,False,False,cbi_hsg_rent_index_by_city_size_q
1384-Q2,1384,2,rent,medium_cities,Medium cities,شهرهاي متوسط,7.8053333333333335,3.8173354023498085,16.29500869133349,False,False,False,cbi_hsg_rent_index_by_city_size_q
1384-Q2,1384,2,rent,small_cities,Small cities,شهرهاي کوچک,5.997333333333334,4.313543599257885,17.957123188880875,False,False,False,cbi_hsg_rent_index_by_city_size_q
1384-Q2,1384,2,rent,tehran,Tehran,تهران,7.415666666666667,2.045777716618491,8.521951219512204,False,False,False,cbi_hsg_rent_index_q
1384-Q3,1384,3,land_price_housing_proxy,all_urban,All urban areas,کليه مناطق شهري,12.8,2.400000000000002,12.280701754385959,False,False,False,cbi_hsg_land_price_index_q
1384-Q3,1384,3,land_price_housing_proxy,tehran,Tehran,تهران,11.8,0.8547008547008739,9.259259259259256,False,False,False,cbi_hsg_land_price_index_q
1384-Q3,1384,3,rent,all_urban,All urban areas,کليه مناطق شهري,7.315,2.868794824919152,11.582854527889364,False,False,False,cbi_hsg_rent_index_q
1384-Q3,1384,3,rent,large_cities,Large cities,شهرهاي بزرگ,7.258,2.4128686327077764,10.019705926936485,False,False,False,cbi_hsg_rent_index_by_city_size_q
1384-Q3,1384,3,rent,medium_cities,Medium cities,شهرهاي متوسط,8.116,3.9801844892381144,16.564534661049414,False,False,False,cbi_hsg_rent_index_by_city_size_q
1384-Q3,1384,3,rent,small_cities,Small cities,شهرهاي کوچک,6.25,4.212983548243665,18.035882908404165,False,False,False,cbi_hsg_rent_index_by_city_size_q
1384-Q3,1384,3,rent,tehran,Tehran,تهران,7.57,2.0811794848743626,8.520093658909556,False,False,False,cbi_hsg_rent_index_q
1384-Q4,1384,4,land_price_housing_proxy,all_urban,All urban areas,کليه مناطق شهري,12.9,0.78125,7.499999999999996,False,False,False,cbi_hsg_land_price_index_q
1384-Q4,1384,4,land_price_housing_proxy,tehran,Tehran,تهران,11.9,0.8474576271186418,5.309734513274322,False,False,False,cbi_hsg_land_price_index_q
1384-Q4,1384,4,rent,all_urban,All urban areas,کليه مناطق شهري,7.5200000000000005,2.8024606971975397,11.622383850378526,False,False,False,cbi_hsg_rent_index_q
1384-Q4,1384,4,rent,large_cities,Large cities,شهرهاي بزرگ,7.440333333333332,2.512170478552389,10.210832963017813,False,False,False,cbi_hsg_rent_index_by_city_size_q
1384-Q4,1384,4,rent,medium_cities,Medium cities,شهرهاي متوسط,8.426666666666668,3.827829801215721,16.336861481822385,False,False,False,cbi_hsg_rent_index_by_city_size_q
1384-Q4,1384,4,rent,small_cities,Small cities,شهرهاي کوچک,6.521666666666667,4.3466666666666764,18.1461352657005,False,False,False,cbi_hsg_rent_index_by_city_size_q
1384-Q4,1384,4,rent,tehran,Tehran,تهران,7.718666666666667,1.9638925583443267,8.433622102552096,False,False,False,cbi_hsg_rent_index_q
1385-Q1,1385,1,land_price_housing_proxy,all_urban,All urban areas,کليه مناطق شهري,13.1,1.5503875968992276,6.5040650406503975,False,False,False,cbi_hsg_land_price_index_q
1385-Q1,1385,1,land_price_housing_proxy,tehran,Tehran,تهران,12.1,1.680672268907557,4.31034482758621,False,False,False,cbi_hsg_land_price_index_q
1385-Q1,1385,1,rent,all_urban,All urban areas,کليه مناطق شهري,7.69,2.2606382978723305,11.0629693818602,False,False,False,cbi_hsg_rent_index_q
1385-Q1,1385,1,rent,large_cities,Large cities,شهرهاي بزرگ,7.588333333333334,1.9891581918372925,9.716130897874597,False,False,False,cbi_hsg_rent_index_by_city_size_q
1385-Q1,1385,1,rent,medium_cities,Medium cities,شهرهاي متوسط,8.666000000000002,2.840189873417742,15.264908002660182,False,False,False,cbi_hsg_rent_index_by_city_size_q
1385-Q1,1385,1,rent,small_cities,Small cities,شهرهاي کوچک,6.788666666666667,4.094045489394316,18.077458256029686,False,False,False,cbi_hsg_rent_index_by_city_size_q
1385-Q1,1385,1,rent,tehran,Tehran,تهران,7.837666666666666,1.541717049576774,7.8528507866611585,False,False,False,cbi_hsg_rent_index_q
1385-Q2,1385,2,land_price_housing_proxy,all_urban,All urban areas,کليه مناطق شهري,13.5,3.053435114503822,8.000000000000007,False,False,False,cbi_hsg_land_price_index_q
1385-Q2,1385,2,land_price_housing_proxy,tehran,Tehran,تهران,12.6,4.132231404958686,7.692307692307687,False,False,False,cbi_hsg_land_price_index_q
1385-Q2,1385,2,rent,all_urban,All urban areas,کليه مناطق شهري,7.945,3.3159947984395366,11.7283082548165,False,False,False,cbi_hsg_rent_index_q
1385-Q2,1385,2,rent,large_cities,Large cities,شهرهاي بزرگ,7.844999999999999,3.3823852405007404,10.695639904049647,False,False,False,cbi_hsg_rent_index_by_city_size_q
1385-Q2,1385,2,rent,medium_cities,Medium cities,شهرهاي متوسط,8.869,2.342487883683342,13.627434233003077,False,False,False,cbi_hsg_rent_index_by_city_size_q
1385-Q2,1385,2,rent,small_cities,Small cities,شهرهاي کوچک,7.003666666666667,3.167043111067458,16.779679857714534,False,False,False,cbi_hsg_rent_index_by_city_size_q
1385-Q2,1385,2,rent,tehran,Tehran,تهران,8.069333333333333,2.9558116786458477,8.814671641120153,False,False,False,cbi_hsg_rent_index_q
1385-Q3,1385,3,land_price_housing_proxy,all_urban,All urban areas,کليه مناطق شهري,14.5,7.407407407407418,13.28125,False,False,False,cbi_hsg_land_price_index_q
1385-Q3,1385,3,land_price_housing_proxy,tehran,Tehran,تهران,14.3,13.492063492063512,21.18644067796609,False,False,False,cbi_hsg_land_price_index_q
1385-Q3,1385,3,rent,all_urban,All urban areas,کليه مناطق شهري,8.404000000000002,5.777218376337334,14.887218045112792,False,False,False,cbi_hsg_rent_index_q
1385-Q3,1385,3,rent,large_cities,Large cities,شهرهاي بزرگ,8.306,5.87635436583811,14.439239459906306,False,False,False,cbi_hsg_rent_index_by_city_size_q
1385-Q3,1385,3,rent,medium_cities,Medium cities,شهرهاي متوسط,9.311333333333332,4.987409328372228,14.728109084935092,False,False,False,cbi_hsg_rent_index_by_city_size_q
1385-Q3,1385,3,rent,small_cities,Small cities,شهرهاي کوچک,7.481333333333333,6.820237018704489,19.701333333333327,False,False,False,cbi_hsg_rent_index_by_city_size_q
1385-Q3,1385,3,rent,tehran,Tehran,تهران,8.514999999999999,5.522967614011898,12.483487450462327,False,False,False,cbi_hsg_rent_index_q
1385-Q4,1385,4,land_price_housing_proxy,all_urban,All urban areas,کليه مناطق شهري,15.9,9.6551724137931,23.25581395348837,False,False,False,cbi_hsg_land_price_index_q
1385-Q4,1385,4,land_price_housing_proxy,tehran,Tehran,تهران,15.9,11.188811188811187,33.613445378151255,False,False,False,cbi_hsg_land_price_index_q
1385-Q4,1385,4,rent,all_urban,All urban areas,کليه مناطق شهري,8.795666666666667,4.660479136918916,16.9636524822695,False,False,False,cbi_hsg_rent_index_q
1385-Q4,1385,4,rent,large_cities,Large cities,شهرهاي بزرگ,8.722333333333333,5.012440805843177,17.23041082388783,False,False,False,cbi_hsg_rent_index_by_city_size_q
1385-Q4,1385,4,rent,medium_cities,Medium cities,شهرهاي متوسط,9.687666666666665,4.041669649889013,14.964398734177188,False,False,False,cbi_hsg_rent_index_by_city_size_q
1385-Q4,1385,4,rent,small_cities,Small cities,شهرهاي کوچک,7.663999999999999,2.4416325075744094,17.51597239969329,False,False,False,cbi_hsg_rent_index_by_city_size_q
1385-Q4,1385,4,rent,tehran,Tehran,تهران,8.948333333333332,5.089058524173029,15.93107617896008,False,False,False,cbi_hsg_rent_index_q
1386-Q1,1386,1,land_price_housing_proxy,all_urban,All urban areas,کليه مناطق شهري,18.5,16.35220125786163,41.221374045801525,False,False,False,cbi_hsg_land_price_index_q
1386-Q1,1386,1,land_price_housing_proxy,tehran,Tehran,تهران,18.7,17.610062893081757,54.54545454545454,False,False,False,cbi_hsg_land_price_index_q
1386-Q1,1386,1,rent,all_urban,All urban areas,کليه مناطق شهري,9.005666666666668,2.3875393186038707,17.10879930645861,False,False,False,cbi_hsg_rent_index_q
1386-Q1,1386,1,rent,large_cities,Large cities,شهرهاي بزرگ,8.921666666666667,2.285321206099278,17.5708324181858,False,False,False,cbi_hsg_rent_index_by_city_size_q
1386-Q1,1386,1,rent,medium_cities,Medium cities,شهرهاي متوسط,9.980666666666666,3.024464095241375,15.170397722901718,False,False,False,cbi_hsg_rent_index_by_city_size_q
1386-Q1,1386,1,rent,small_cities,Small cities,شهرهاي کوچک,7.860666666666667,2.566109951287432,15.79102425611314,False,False,False,cbi_hsg_rent_index_by_city_size_q
1386-Q1,1386,1,rent,tehran,Tehran,تهران,9.192,2.723039672192229,17.279802662357003,False,False,False,cbi_hsg_rent_index_q
1386-Q2,1386,2,land_price_housing_proxy,all_urban,All urban areas,کليه مناطق شهري,20.1,8.64864864864865,48.88888888888889,False,False,False,cbi_hsg_land_price_index_q
1386-Q2,1386,2,land_price_housing_proxy,tehran,Tehran,تهران,20.3,8.556149732620334,61.111111111111114,False,False,False,cbi_hsg_land_price_index_q
1386-Q2,1386,2,rent,all_urban,All urban areas,کليه مناطق شهري,9.453333333333333,4.970944220305706,18.98468638556743,False,False,False,cbi_hsg_rent_index_q
1386-Q2,1386,2,rent,large_cities,Large cities,شهرهاي بزرگ,9.400333333333334,5.36521576685971,19.82579137454856,False,False,False,cbi_hsg_rent_index_by_city_size_q
1386-Q2,1386,2,rent,medium_cities,Medium cities,شهرهاي متوسط,10.387,4.071204328368183,17.11579659488105,False,False,False,cbi_hsg_rent_index_by_city_size_q
1386-Q2,1386,2,rent,small_cities,Small cities,شهرهاي کوچک,8.127666666666665,3.396658468323266,16.048736376183868,False,False,False,cbi_hsg_rent_index_by_city_size_q
1386-Q2,1386,2,rent,tehran,Tehran,تهران,9.750666666666667,6.077748767043811,20.836087243886347,False,False,False,cbi_hsg_rent_index_q
1386-Q3,1386,3,land_price_housing_proxy,all_urban,All urban areas,کليه مناطق شهري,22.6,12.43781094527363,55.86206896551724,False,False,False,cbi_hsg_land_price_index_q
1386-Q3,1386,3,land_price_housing_proxy,tehran,Tehran,تهران,22.7,11.822660098522153,58.741258741258726,False,False,False,cbi_hsg_land_price_index_q
1386-Q3,1386,3,rent,all_urban,All urban areas,کليه مناطق شهري,10.309666666666667,9.05853314527505,22.67570997937487,False,False,False,cbi_hsg_rent_index_q
1386-Q3,1386,3,rent,large_cities,Large cities,شهرهاي بزرگ,10.294666666666666,9.513847026701171,23.942531503330923,False,False,False,cbi_hsg_rent_index_by_city_size_q
1386-Q3,1386,3,rent,medium_cities,Medium cities,شهرهاي متوسط,11.086333333333334,6.732774943037767,19.06279086417988,False,False,False,cbi_hsg_rent_index_by_city_size_q
1386-Q3,1386,3,rent,small_cities,Small cities,شهرهاي کوچک,8.829666666666666,8.637165238075738,18.02263411156657,False,False,False,cbi_hsg_rent_index_by_city_size_q
1386-Q3,1386,3,rent,tehran,Tehran,تهران,10.725333333333333,9.99589771639544,25.95811313368568,False,False,False,cbi_hsg_rent_index_q
1386-Q4,1386,4,land_price_housing_proxy,all_urban,All urban areas,کليه مناطق شهري,26.1,15.486725663716804,64.15094339622642,False,False,False,cbi_hsg_land_price_index_q
1386-Q4,1386,4,land_price_housing_proxy,tehran,Tehran,تهران,24.7,8.81057268722467,55.34591194968552,False,False,False,cbi_hsg_land_price_index_q
1386-Q4,1386,4,rent,all_urban,All urban areas,کليه مناطق شهري,11.029666666666666,6.98373694590837,25.398870656004835,False,False,False,cbi_hsg_rent_index_q
1386-Q4,1386,4,rent,large_cities,Large cities,شهرهاي بزرگ,11.024000000000001,7.084574536977084,26.388198876447454,False,False,False,cbi_hsg_rent_index_by_city_size_q
1386-Q4,1386,4,rent,medium_cities,Medium cities,شهرهاي متوسط,11.737666666666668,5.875101476292133,21.160926263634195,False,False,False,cbi_hsg_rent_index_by_city_size_q
1386-Q4,1386,4,rent,small_cities,Small cities,شهرهاي کوچک,9.546,8.112801540261994,24.556367432150328,False,False,False,cbi_hsg_rent_index_by_city_size_q
1386-Q4,1386,4,rent,tehran,Tehran,تهران,11.426666666666668,6.539035305818008,27.696032780778566,False,False,False,cbi_hsg_rent_index_q
1387-Q1,1387,1,land_price_housing_proxy,all_urban,All urban areas,کليه مناطق شهري,31.6,21.0727969348659,70.81081081081082,False,False,False,cbi_hsg_land_price_index_q
1387-Q1,1387,1,land_price_housing_proxy,tehran,Tehran,تهران,33.0,33.60323886639676,76.47058823529413,False,False,False,cbi_hsg_land_price_index_q
1387-Q1,1387,1,rent,all_urban,All urban areas,کليه مناطق شهري,11.597,5.143703345522677,28.77447533034754,False,False,False,cbi_hsg_rent_index_q
1387-Q1,1387,1,rent,large_cities,Large cities,شهرهاي بزرگ,11.616,5.370101596516674,30.19988791331962,False,False,False,cbi_hsg_rent_index_by_city_size_q
1387-Q1,1387,1,rent,medium_cities,Medium cities,شهرهاي متوسط,12.281333333333334,4.631812114843958,23.05123238260638,False,False,False,cbi_hsg_rent_index_by_city_size_q
1387-Q1,1387,1,rent,small_cities,Small cities,شهرهاي کوچک,9.827,2.9436413157343466,25.01484182851328,False,False,False,cbi_hsg_rent_index_by_city_size_q
1387-Q1,1387,1,rent,tehran,Tehran,تهران,12.056333333333333,5.5105017502917075,31.16115462721205,False,False,False,cbi_hsg_rent_index_q
1387-Q2,1387,2,land_price_housing_proxy,all_urban,All urban areas,کليه مناطق شهري,31.9,0.9493670886075778,58.70646766169152,False,False,False,cbi_hsg_land_price_index_q
1387-Q2,1387,2,land_price_housing_proxy,tehran,Tehran,تهران,32.3,-2.121212121212135,59.11330049261081,False,False,False,cbi_hsg_land_price_index_q
1387-Q2,1387,2,rent,all_urban,All urban areas,کليه مناطق شهري,12.306,6.113650081917732,30.176304654442877,False,False,False,cbi_hsg_rent_index_q
1387-Q2,1387,2,rent,large_cities,Large cities,شهرهاي بزرگ,12.368333333333332,6.476698806244263,31.573348462820448,False,False,False,cbi_hsg_rent_index_by_city_size_q
1387-Q2,1387,2,rent,medium_cities,Medium cities,شهرهاي متوسط,12.944666666666668,5.401150797958976,24.62372837842175,False,False,False,cbi_hsg_rent_index_by_city_size_q
1387-Q2,1387,2,rent,small_cities,Small cities,شهرهاي کوچک,10.234333333333334,4.145042569790713,25.91969815035069,False,False,False,cbi_hsg_rent_index_by_city_size_q
1387-Q2,1387,2,rent,tehran,Tehran,تهران,12.93,7.246537089773009,32.606317516750984,False,False,False,cbi_hsg_rent_index_q
1387-Q3,1387,3,land_price_housing_proxy,all_urban,All urban areas,کليه مناطق شهري,31.1,-2.507836990595602,37.61061946902655,False,False,False,cbi_hsg_land_price_index_q
1387-Q3,1387,3,land_price_housing_proxy,tehran,Tehran,تهران,31.4,-2.786377708978327,38.3259911894273,False,False,False,cbi_hsg_land_price_index_q
1387-Q3,1387,3,rent,all_urban,All urban areas,کليه مناطق شهري,13.394666666666666,8.846633078714984,29.923372886287947,False,False,False,cbi_hsg_rent_index_q
1387-Q3,1387,3,rent,large_cities,Large cities,شهرهاي بزرگ,13.519333333333334,9.30602344697482,31.323662737987323,False,False,False,cbi_hsg_rent_index_by_city_size_q
1387-Q3,1387,3,rent,medium_cities,Medium cities,شهرهاي متوسط,13.871333333333332,7.1586753875469755,25.121019874319718,False,False,False,cbi_hsg_rent_index_by_city_size_q
1387-Q3,1387,3,rent,small_cities,Small cities,شهرهاي کوچک,11.030333333333333,7.7777415887698265,24.92355317301522,False,False,False,cbi_hsg_rent_index_by_city_size_q
1387-Q3,1387,3,rent,tehran,Tehran,تهران,14.207333333333333,9.878834751224531,32.46519144704128,False,False,False,cbi_hsg_rent_index_q
1387-Q4,1387,4,land_price_housing_proxy,all_urban,All urban areas,کليه مناطق شهري,29.7,-4.501607717041811,13.793103448275845,False,False,False,cbi_hsg_land_price_index_q
1387-Q4,1387,4,land_price_housing_proxy,tehran,Tehran,تهران,29.7,-5.414012738853502,20.242914979757074,False,False,False,cbi_hsg_land_price_index_q
1387-Q4,1387,4,rent,all_urban,All urban areas,کليه مناطق شهري,13.904666666666666,3.807485566394586,26.066064250959542,False,False,False,cbi_hsg_rent_index_q
1387-Q4,1387,4,rent,large_cities,Large cities,شهرهاي بزرگ,14.014666666666669,3.66388875191086,27.12868892114175,False,False,False,cbi_hsg_rent_index_by_city_size_q
1387-Q4,1387,4,rent,medium_cities,Medium cities,شهرهاي متوسط,14.433,4.049118085259784,22.963110214977412,False,False,False,cbi_hsg_rent_index_by_city_size_q
1387-Q4,1387,4,rent,small_cities,Small cities,شهرهاي کوچک,11.545,4.665921247469096,20.94070815001048,False,False,False,cbi_hsg_rent_index_by_city_size_q
1387-Q4,1387,4,rent,tehran,Tehran,تهران,14.902333333333333,4.891839894889971,30.417152858809793,False,False,False,cbi_hsg_rent_index_q
1388-Q1,1388,1,land_price_housing_proxy,all_urban,All urban areas,کليه مناطق شهري,29.2,-1.683501683501687,-7.594936708860766,False,False,False,cbi_hsg_land_price_index_q
1388-Q1,1388,1,land_price_housing_proxy,tehran,Tehran,تهران,28.9,-2.6936026936026924,-12.424242424242426,False,False,False,cbi_hsg_land_price_index_q
1388-Q1,1388,1,rent,all_urban,All urban areas,کليه مناطق شهري,14.114666666666666,1.5102843170158753,21.709637549941085,False,False,False,cbi_hsg_rent_index_q
1388-Q1,1388,1,rent,large_cities,Large cities,شهرهاي بزرگ,14.208666666666666,1.384264104271704,22.319788797061513,False,False,False,cbi_hsg_rent_index_by_city_size_q
1388-Q1,1388,1,rent,medium_cities,Medium cities,شهرهاي متوسط,14.731666666666667,2.069331855239165,19.951688198892615,False,False,False,cbi_hsg_rent_index_by_city_size_q
1388-Q1,1388,1,rent,small_cities,Small cities,شهرهاي کوچک,11.695333333333332,1.3021510033203398,19.01224517485838,False,False,False,cbi_hsg_rent_index_by_city_size_q
1388-Q1,1388,1,rent,tehran,Tehran,تهران,15.158000000000001,1.715615004361748,25.726450828057203,False,False,False,cbi_hsg_rent_index_q
1388-Q2,1388,2,land_price_housing_proxy,all_urban,All urban areas,کليه مناطق شهري,28.8,-1.3698630136986245,-9.717868338557988,False,False,False,cbi_hsg_land_price_index_q
1388-Q2,1388,2,land_price_housing_proxy,tehran,Tehran,تهران,28.5,-1.384083044982698,-11.764705882352933,False,False,False,cbi_hsg_land_price_index_q
1388-Q2,1388,2,rent,all_urban,All urban areas,کليه مناطق شهري,14.330666666666666,1.5303230682032876,16.452678910016804,False,False,False,cbi_hsg_rent_index_q
1388-Q2,1388,2,rent,large_cities,Large cities,شهرهاي بزرگ,14.413666666666666,1.4427814010228524,16.536854871311157,False,False,False,cbi_hsg_rent_index_by_city_size_q
1388-Q2,1388,2,rent,medium_cities,Medium cities,شهرهاي متوسط,15.048666666666668,2.1518271297658043,16.253798218056325,False,False,False,cbi_hsg_rent_index_by_city_size_q
1388-Q2,1388,2,rent,small_cities,Small cities,شهرهاي کوچک,11.812,0.997548879895116,15.415431716770334,False,False,False,cbi_hsg_rent_index_by_city_size_q
1388-Q2,1388,2,rent,tehran,Tehran,تهران,15.336,1.1742974007124873,18.607888631090486,False,False,False,cbi_hsg_rent_index_q
1388-Q3,1388,3,land_price_housing_proxy,all_urban,All urban areas,کليه مناطق شهري,28.6,-0.694444444444442,-8.038585209003212,False,False,False,cbi_hsg_land_price_index_q
1388-Q3,1388,3,land_price_housing_proxy,tehran,Tehran,تهران,28.3,-0.7017543859649145,-9.87261146496815,False,False,False,cbi_hsg_land_price_index_q
1388-Q3,1388,3,rent,all_urban,All urban areas,کليه مناطق شهري,14.602666666666666,1.898027540007452,9.01851483177385,False,False,False,cbi_hsg_rent_index_q
1388-Q3,1388,3,rent,large_cities,Large cities,شهرهاي بزرگ,14.675666666666666,1.8177192941883913,8.553183095813388,False,False,False,cbi_hsg_rent_index_by_city_size_q
1388-Q3,1388,3,rent,medium_cities,Medium cities,شهرهاي متوسط,15.377333333333333,2.1840251628051144,10.856923150862684,False,False,False,cbi_hsg_rent_index_by_city_size_q
1388-Q3,1388,3,rent,small_cities,Small cities,شهرهاي کوچک,12.121333333333334,2.6188057342815263,9.890906893112938,False,False,False,cbi_hsg_rent_index_by_city_size_q
1388-Q3,1388,3,rent,tehran,Tehran,تهران,15.479,0.9324465310380781,8.9507765942471,False,False,False,cbi_hsg_rent_index_q
1388-Q4,1388,4,land_price_housing_proxy,all_urban,All urban areas,کليه مناطق شهري,28.1,-1.7482517482517501,-5.387205387205385,False,False,False,cbi_hsg_land_price_index_q
1388-Q4,1388,4,land_price_housing_proxy,tehran,Tehran,تهران,27.5,-2.8268551236749095,-7.4074074074074066,False,False,False,cbi_hsg_land_price_index_q
1388-Q4,1388,4,rent,all_urban,All urban areas,کليه مناطق شهري,14.732999999999999,0.8925310445580648,5.957232583784822,False,False,False,cbi_hsg_rent_index_q
1388-Q4,1388,4,rent,large_cities,Large cities,شهرهاي بزرگ,14.772666666666666,0.6609580484702615,5.408619541432769,False,False,False,cbi_hsg_rent_index_by_city_size_q
1388-Q4,1388,4,rent,medium_cities,Medium cities,شهرهاي متوسط,15.586333333333334,1.3591433278418608,7.990946673133337,False,False,False,cbi_hsg_rent_index_by_city_size_q
1388-Q4,1388,4,rent,small_cities,Small cities,شهرهاي کوچک,12.397333333333334,2.276977230227706,7.382705355853902,False,False,False,cbi_hsg_rent_index_by_city_size_q
1388-Q4,1388,4,rent,tehran,Tehran,تهران,15.466999999999999,-0.07752438788035665,3.789115798420828,False,False,False,cbi_hsg_rent_index_q
1389-Q1,1389,1,land_price_housing_proxy,all_urban,All urban areas,کليه مناطق شهري,28.2,0.3558718861209842,-3.424657534246578,False,False,False,cbi_hsg_land_price_index_q
1389-Q1,1389,1,land_price_housing_proxy,tehran,Tehran,تهران,27.4,-0.363636363636366,-5.190311418685123,False,False,False,cbi_hsg_land_price_index_q
1389-Q1,1389,1,rent,all_urban,All urban areas,کليه مناطق شهري,14.817999999999998,0.5769361297766951,4.982996410353291,False,False,False,cbi_hsg_rent_index_q
1389-Q1,1389,1,rent,large_cities,Large cities,شهرهاي بزرگ,14.852333333333334,0.539284263730333,4.530099000609966,False,False,False,cbi_hsg_rent_index_by_city_size_q
1389-Q1,1389,1,rent,medium_cities,Medium cities,شهرهاي متوسط,15.723999999999998,0.8832524219936078,6.7360561149451215,False,False,False,cbi_hsg_rent_index_by_city_size_q
1389-Q1,1389,1,rent,small_cities,Small cities,شهرهاي کوچک,12.476666666666667,0.6399225639922568,6.680727355640426,False,False,False,cbi_hsg_rent_index_by_city_size_q
1389-Q1,1389,1,rent,tehran,Tehran,تهران,15.538333333333334,0.4611969569621399,2.509126094031755,False,False,False,cbi_hsg_rent_index_q
1389-Q2,1389,2,land_price_housing_proxy,all_urban,All urban areas,کليه مناطق شهري,28.2,0.0,-2.083333333333337,False,False,False,cbi_hsg_land_price_index_q
1389-Q2,1389,2,land_price_housing_proxy,tehran,Tehran,تهران,27.6,0.7299270072992803,-3.157894736842104,False,False,False,cbi_hsg_land_price_index_q
1389-Q2,1389,2,rent,all_urban,All urban areas,کليه مناطق شهري,15.124,2.0650560129572337,5.535913658355063,False,False,False,cbi_hsg_rent_index_q
1389-Q2,1389,2,rent,large_cities,Large cities,شهرهاي بزرگ,15.148666666666665,1.9951971631842147,5.099327027589551,False,False,False,cbi_hsg_rent_index_by_city_size_q
1389-Q2,1389,2,rent,medium_cities,Medium cities,شهرهاي متوسط,16.100333333333335,2.3933689476808517,6.98843751384397,False,False,False,cbi_hsg_rent_index_by_city_size_q
1389-Q2,1389,2,rent,small_cities,Small cities,شهرهاي کوچک,12.683,1.6537536735239167,7.373857094480196,False,False,False,cbi_hsg_rent_index_by_city_size_q
1389-Q2,1389,2,rent,tehran,Tehran,تهران,15.823333333333332,1.8341735492866995,3.1777082246565724,False,False,False,cbi_hsg_rent_index_q
1389-Q3,1389,3,land_price_housing_proxy,all_urban,All urban areas,کليه مناطق شهري,28.9,2.482269503546086,1.0489510489510412,False,False,False,cbi_hsg_land_price_index_q
1389-Q3,1389,3,land_price_housing_proxy,tehran,Tehran,تهران,28.6,3.6231884057970953,1.0600706713780994,False,False,False,cbi_hsg_land_price_index_q
1389-Q3,1389,3,rent,all_urban,All urban areas,کليه مناطق شهري,15.498666666666665,2.47729877457461,6.135865595325041,False,False,False,cbi_hsg_rent_index_q
1389-Q3,1389,3,rent,large_cities,Large cities,شهرهاي بزرگ,15.524666666666667,2.4820666285261694,5.785086424239672,False,False,False,cbi_hsg_rent_index_by_city_size_q
1389-Q3,1389,3,rent,medium_cities,Medium cities,شهرهاي متوسط,16.531000000000002,2.674892859361089,7.502384461978684,False,False,False,cbi_hsg_rent_index_by_city_size_q
1389-Q3,1389,3,rent,small_cities,Small cities,شهرهاي کوچک,12.977666666666666,2.3233199295645157,7.064679353206449,False,False,False,cbi_hsg_rent_index_by_city_size_q
1389-Q3,1389,3,rent,tehran,Tehran,تهران,16.168,2.17821782178218,4.451191937463661,False,False,False,cbi_hsg_rent_index_q
1389-Q4,1389,4,land_price_housing_proxy,all_urban,All urban areas,کليه مناطق شهري,29.5,2.076124567474058,4.982206405693934,False,False,False,cbi_hsg_land_price_index_q
1389-Q4,1389,4,land_price_housing_proxy,tehran,Tehran,تهران,29.3,2.447552447552437,6.545454545454543,False,False,False,cbi_hsg_land_price_index_q
1389-Q4,1389,4,rent,all_urban,All urban areas,کليه مناطق شهري,15.822000000000001,2.0862009635237655,7.391569945021392,False,False,False,cbi_hsg_rent_index_q
1389-Q4,1389,4,rent,large_cities,Large cities,شهرهاي بزرگ,15.854999999999999,2.1277966247262414,7.326594160386302,False,False,False,cbi_hsg_rent_index_by_city_size_q
1389-Q4,1389,4,rent,medium_cities,Medium cities,شهرهاي متوسط,16.87133333333333,2.0587582925009063,8.244402147180185,False,False,False,cbi_hsg_rent_index_by_city_size_q
1389-Q4,1389,4,rent,small_cities,Small cities,شهرهاي کوچک,13.226333333333335,1.9161122954819865,6.686921918692201,False,False,False,cbi_hsg_rent_index_by_city_size_q
1389-Q4,1389,4,rent,tehran,Tehran,تهران,16.51266666666667,2.13178294573646,6.760630158832814,False,False,False,cbi_hsg_rent_index_q
1390-Q1,1390,1,land_price_housing_proxy,all_urban,All urban areas,کليه مناطق شهري,31.1,5.423728813559325,10.283687943262422,False,False,False,cbi_hsg_land_price_index_q
1390-Q1,1390,1,land_price_housing_proxy,tehran,Tehran,تهران,32.4,10.580204778156999,18.248175182481763,False,False,False,cbi_hsg_land_price_index_q
1390-Q1,1390,1,rent,all_urban,All urban areas,کليه مناطق شهري,16.400000000000002,3.653141195803311,10.676204616007578,False,False,False,cbi_hsg_rent_index_q
1390-Q1,1390,1,rent,large_cities,Large cities,شهرهاي بزرگ,16.459,3.809523809523818,10.817604416814408,False,False,False,cbi_hsg_rent_index_by_city_size_q
1390-Q1,1390,1,rent,medium_cities,Medium cities,شهرهاي متوسط,17.283666666666665,2.4439878294543194,9.91901975748326,False,False,False,cbi_hsg_rent_index_by_city_size_q
1390-Q1,1390,1,rent,small_cities,Small cities,شهرهاي کوچک,13.572666666666665,2.618513571410541,8.784397542078537,False,False,False,cbi_hsg_rent_index_by_city_size_q
1390-Q1,1390,1,rent,tehran,Tehran,تهران,17.255333333333333,4.497557430659249,11.050091172369392,False,False,False,cbi_hsg_rent_index_q
1390-Q2,1390,2,land_price_housing_proxy,all_urban,All urban areas,کليه مناطق شهري,31.8,2.2508038585209,12.765957446808507,False,False,False,cbi_hsg_land_price_index_q
1390-Q2,1390,2,land_price_housing_proxy,tehran,Tehran,تهران,32.8,1.2345679012345734,18.8405797101449,False,False,False,cbi_hsg_land_price_index_q
1390-Q2,1390,2,rent,all_urban,All urban areas,کليه مناطق شهري,16.808333333333334,2.489837398373962,11.1368244732434,False,False,False,cbi_hsg_rent_index_q
1390-Q2,1390,2,rent,large_cities,Large cities,شهرهاي بزرگ,16.869,2.491038337687579,11.356334990978322,False,False,False,cbi_hsg_rent_index_by_city_size_q
1390-Q2,1390,2,rent,medium_cities,Medium cities,شهرهاي متوسط,17.714,2.489826618580171,10.022566820562705,False,False,False,cbi_hsg_rent_index_by_city_size_q
1390-Q2,1390,2,rent,small_cities,Small cities,شهرهاي کوچک,13.886000000000001,2.308561324230096,9.485137585744695,False,False,False,cbi_hsg_rent_index_by_city_size_q
1390-Q2,1390,2,rent,tehran,Tehran,تهران,17.63,2.171309353629791,11.417737518432691,False,False,False,cbi_hsg_rent_index_q
1390-Q3,1390,3,land_price_housing_proxy,all_urban,All urban areas,کليه مناطق شهري,33.8,6.2893081761006275,16.955017301038055,False,False,False,cbi_hsg_land_price_index_q
1390-Q3,1390,3,land_price_housing_proxy,tehran,Tehran,تهران,35.1,7.012195121951237,22.72727272727273,False,False,False,cbi_hsg_land_price_index_q
1390-Q3,1390,3,rent,all_urban,All urban areas,کليه مناطق شهري,17.22266666666667,2.4650470996529616,11.12353750860291,False,False,False,cbi_hsg_rent_index_q
1390-Q3,1390,3,rent,large_cities,Large cities,شهرهاي بزرگ,17.290333333333333,2.4976781868121023,11.37329840683643,False,False,False,cbi_hsg_rent_index_by_city_size_q
1390-Q3,1390,3,rent,medium_cities,Medium cities,شهرهاي متوسط,18.144333333333336,2.429340258176227,9.759441856713647,False,False,False,cbi_hsg_rent_index_by_city_size_q
1390-Q3,1390,3,rent,small_cities,Small cities,شهرهاي کوچک,14.213999999999999,2.3620913149934974,9.526622659440577,False,False,False,cbi_hsg_rent_index_by_city_size_q
1390-Q3,1390,3,rent,tehran,Tehran,تهران,18.01,2.1554169030062464,11.392874814448305,False,False,False,cbi_hsg_rent_index_q
1390-Q4,1390,4,land_price_housing_proxy,all_urban,All urban areas,کليه مناطق شهري,38.2,13.017751479289963,29.491525423728817,False,False,False,cbi_hsg_land_price_index_q
1390-Q4,1390,4,land_price_housing_proxy,tehran,Tehran,تهران,40.2,14.529914529914523,37.20136518771331,False,False,False,cbi_hsg_land_price_index_q
1390-Q4,1390,4,rent,all_urban,All urban areas,کليه مناطق شهري,17.653333333333332,2.5005806301772626,11.574600766864695,False,False,False,cbi_hsg_rent_index_q
1390-Q4,1390,4,rent,large_cities,Large cities,شهرهاي بزرگ,17.729333333333333,2.5389909583389603,11.821717649532214,False,False,False,cbi_hsg_rent_index_by_city_size_q
1390-Q4,1390,4,rent,medium_cities,Medium cities,شهرهاي متوسط,18.59866666666667,2.503995737879605,10.238273995337298,False,False,False,cbi_hsg_rent_index_by_city_size_q
1390-Q4,1390,4,rent,small_cities,Small cities,شهرهاي کوچک,14.551,2.3709019276769494,10.015373371304715,False,False,False,cbi_hsg_rent_index_by_city_size_q
1390-Q4,1390,4,rent,tehran,Tehran,تهران,18.402,2.176568573014981,11.441721506722091,False,False,False,cbi_hsg_rent_index_q
1391-Q1,1391,1,land_price_housing_proxy,all_urban,All urban areas,کليه مناطق شهري,41.9,9.685863874345536,34.726688102893874,False,False,False,cbi_hsg_land_price_index_q
1391-Q1,1391,1,land_price_housing_proxy,tehran,Tehran,تهران,45.0,11.940298507462677,38.888888888888886,False,False,False,cbi_hsg_land_price_index_q
1391-Q1,1391,1,rent,all_urban,All urban areas,کليه مناطق شهري,17.976333333333333,1.8296827794561876,9.611788617886162,False,False,False,cbi_hsg_rent_index_q
1391-Q1,1391,1,rent,large_cities,Large cities,شهرهاي بزرگ,18.048333333333336,1.7992780326389513,9.656317718775975,False,False,False,cbi_hsg_rent_index_by_city_size_q
1391-Q1,1391,1,rent,medium_cities,Medium cities,شهرهاي متوسط,18.969333333333335,1.9929744067675115,9.752945941254776,False,False,False,cbi_hsg_rent_index_by_city_size_q
1391-Q1,1391,1,rent,small_cities,Small cities,شهرهاي کوچک,14.818,1.8349254346780253,9.175303305663363,False,False,False,cbi_hsg_rent_index_by_city_size_q
1391-Q1,1391,1,rent,tehran,Tehran,تهران,18.69333333333333,1.5831612505886827,8.333655294981245,False,False,False,cbi_hsg_rent_index_q
1391-Q2,1391,2,land_price_housing_proxy,all_urban,All urban areas,کليه مناطق شهري,46.2,10.262529832935563,45.28301886792454,False,False,False,cbi_hsg_land_price_index_q
1391-Q2,1391,2,land_price_housing_proxy,tehran,Tehran,تهران,49.1,9.111111111111114,49.69512195121952,False,False,False,cbi_hsg_land_price_index_q
1391-Q2,1391,2,rent,all_urban,All urban areas,کليه مناطق شهري,18.714,4.10354354799829,11.337630143777888,False,False,False,cbi_hsg_rent_index_q
1391-Q2,1391,2,rent,large_cities,Large cities,شهرهاي بزرگ,18.749,3.8821682519161405,11.144703301914749,False,False,False,cbi_hsg_rent_index_by_city_size_q
1391-Q2,1391,2,rent,medium_cities,Medium cities,شهرهاي متوسط,19.823666666666668,4.5037604554719834,11.9096006924843,False,False,False,cbi_hsg_rent_index_by_city_size_q
1391-Q2,1391,2,rent,small_cities,Small cities,شهرهاي کوچک,15.553000000000003,4.960183560534515,12.004897018579875,False,False,False,cbi_hsg_rent_index_by_city_size_q
1391-Q2,1391,2,rent,tehran,Tehran,تهران,19.358999999999998,3.560984308131232,9.807146908678387,False,False,False,cbi_hsg_rent_index_q
1391-Q3,1391,3,land_price_housing_proxy,all_urban,All urban areas,کليه مناطق شهري,55.3,19.69696969696968,63.609467455621306,False,False,False,cbi_hsg_land_price_index_q
1391-Q3,1391,3,land_price_housing_proxy,tehran,Tehran,تهران,60.6,23.42158859470469,72.64957264957263,False,False,False,cbi_hsg_land_price_index_q
1391-Q3,1391,3,rent,all_urban,All urban areas,کليه مناطق شهري,19.677999999999997,5.151223682804318,14.256406286289348,False,False,False,cbi_hsg_rent_index_q
1391-Q3,1391,3,rent,large_cities,Large cities,شهرهاي بزرگ,19.666333333333334,4.892705388731855,13.741782498891485,False,False,False,cbi_hsg_rent_index_by_city_size_q
1391-Q3,1391,3,rent,medium_cities,Medium cities,شهرهاي متوسط,20.89933333333333,5.426174101662973,15.18380394246135,False,False,False,cbi_hsg_rent_index_by_city_size_q
1391-Q3,1391,3,rent,small_cities,Small cities,شهرهاي کوچک,16.695,7.3426348614415105,17.45462220346139,False,False,False,cbi_hsg_rent_index_by_city_size_q
1391-Q3,1391,3,rent,tehran,Tehran,تهران,20.143333333333334,4.051517812559213,11.845271145659808,False,False,False,cbi_hsg_rent_index_q
1391-Q4,1391,4,land_price_housing_proxy,all_urban,All urban areas,کليه مناطق شهري,68.0,22.965641952983738,78.01047120418846,False,False,False,cbi_hsg_land_price_index_q
1391-Q4,1391,4,land_price_housing_proxy,tehran,Tehran,تهران,72.5,19.636963696369627,80.34825870646765,False,False,False,cbi_hsg_land_price_index_q
1391-Q4,1391,4,rent,all_urban,All urban areas,کليه مناطق شهري,20.245,2.8813903852017653,14.680891238670712,False,False,False,cbi_hsg_rent_index_q
1391-Q4,1391,4,rent,large_cities,Large cities,شهرهاي بزرگ,20.201999999999998,2.723774979236926,13.946754907121894,False,False,False,cbi_hsg_rent_index_by_city_size_q
1391-Q4,1391,4,rent,medium_cities,Medium cities,شهرهاي متوسط,21.509,2.9171584420555785,15.648075130833728,False,False,False,cbi_hsg_rent_index_by_city_size_q
1391-Q4,1391,4,rent,small_cities,Small cities,شهرهاي کوچک,17.388333333333332,4.152940001996597,19.49923258424391,False,False,False,cbi_hsg_rent_index_by_city_size_q
1391-Q4,1391,4,rent,tehran,Tehran,تهران,20.654,2.5351646533178895,12.237800239104434,False,False,False,cbi_hsg_rent_index_q
1392-Q1,1392,1,land_price_housing_proxy,all_urban,All urban areas,کليه مناطق شهري,80.1,17.794117647058805,91.16945107398567,False,False,False,cbi_hsg_land_price_index_q
1392-Q1,1392,1,land_price_housing_proxy,tehran,Tehran,تهران,84.5,16.551724137931046,87.77777777777777,False,False,False,cbi_hsg_land_price_index_q
1392-Q1,1392,1,rent,all_urban,All urban areas,کليه مناطق شهري,21.197666666666667,4.705688647402639,17.919857590535713,False,False,False,cbi_hsg_rent_index_q
1392-Q1,1392,1,rent,large_cities,Large cities,شهرهاي بزرگ,21.19333333333333,4.907104907104909,17.42543171114597,False,False,False,cbi_hsg_rent_index_by_city_size_q
1392-Q1,1392,1,rent,medium_cities,Medium cities,شهرهاي متوسط,22.423333333333336,4.250933717668581,18.208336262036973,False,False,False,cbi_hsg_rent_index_by_city_size_q
1392-Q1,1392,1,rent,small_cities,Small cities,شهرهاي کوچک,18.104333333333333,4.1177034410045055,22.177981733927197,False,False,False,cbi_hsg_rent_index_by_city_size_q
1392-Q1,1392,1,rent,tehran,Tehran,تهران,21.813,5.611503824924946,16.688659058487886,False,False,False,cbi_hsg_rent_index_q
1392-Q2,1392,2,land_price_housing_proxy,all_urban,All urban areas,کليه مناطق شهري,85.8,7.116104868913853,85.7142857142857,False,False,False,cbi_hsg_land_price_index_q
1392-Q2,1392,2,land_price_housing_proxy,tehran,Tehran,تهران,91.1,7.8106508875739555,85.53971486761709,False,False,False,cbi_hsg_land_price_index_q
1392-Q2,1392,2,rent,all_urban,All urban areas,کليه مناطق شهري,22.836666666666662,7.731983079898708,22.029852873071842,False,False,False,cbi_hsg_rent_index_q
1392-Q2,1392,2,rent,large_cities,Large cities,شهرهاي بزرگ,22.902,8.062283737024245,22.150514694117042,False,False,False,cbi_hsg_rent_index_by_city_size_q
1392-Q2,1392,2,rent,medium_cities,Medium cities,شهرهاي متوسط,23.995,7.009067935186564,21.04218862975231,False,False,False,cbi_hsg_rent_index_by_city_size_q
1392-Q2,1392,2,rent,small_cities,Small cities,شهرهاي کوچک,19.227999999999998,6.206617200301934,23.62888188773866,False,False,False,cbi_hsg_rent_index_by_city_size_q
1392-Q2,1392,2,rent,tehran,Tehran,تهران,23.791333333333338,9.069515120952353,22.89546636362074,False,False,False,cbi_hsg_rent_index_q
1392-Q3,1392,3,land_price_housing_proxy,all_urban,All urban areas,کليه مناطق شهري,86.7,1.0489510489510634,56.781193490054264,False,False,False,cbi_hsg_land_price_index_q
1392-Q3,1392,3,land_price_housing_proxy,tehran,Tehran,تهران,92.4,1.4270032930845389,52.475247524752476,False,False,False,cbi_hsg_land_price_index_q
1392-Q3,1392,3,rent,all_urban,All urban areas,کليه مناطق شهري,23.868666666666666,4.5190483141147375,21.296202188569314,False,False,False,cbi_hsg_rent_index_q
1392-Q3,1392,3,rent,large_cities,Large cities,شهرهاي بزرگ,23.962,4.628416732163121,21.842743097340623,False,False,False,cbi_hsg_rent_index_by_city_size_q
1392-Q3,1392,3,rent,medium_cities,Medium cities,شهرهاي متوسط,24.903666666666666,3.7869000486212334,19.160100800663503,False,False,False,cbi_hsg_rent_index_by_city_size_q
1392-Q3,1392,3,rent,small_cities,Small cities,شهرهاي کوچک,20.276666666666667,5.453852021357752,21.45352900069881,False,False,False,cbi_hsg_rent_index_by_city_size_q
1392-Q3,1392,3,rent,tehran,Tehran,تهران,24.885,4.59691204079915,23.53963263279828,False,False,False,cbi_hsg_rent_index_q
1392-Q4,1392,4,land_price_housing_proxy,all_urban,All urban areas,کليه مناطق شهري,88.8,2.422145328719716,30.58823529411765,False,False,False,cbi_hsg_land_price_index_q
1392-Q4,1392,4,land_price_housing_proxy,tehran,Tehran,تهران,93.7,1.406926406926412,29.24137931034483,False,False,False,cbi_hsg_land_price_index_q
1392-Q4,1392,4,rent,all_urban,All urban areas,کليه مناطق شهري,24.622666666666664,3.1589531603496868,21.623446118383114,False,False,False,cbi_hsg_rent_index_q
1392-Q4,1392,4,rent,large_cities,Large cities,شهرهاي بزرگ,24.697,3.067356648026043,22.250272250272253,False,False,False,cbi_hsg_rent_index_by_city_size_q
1392-Q4,1392,4,rent,medium_cities,Medium cities,شهرهاي متوسط,25.632666666666665,2.9272797847706533,19.171819548406077,False,False,False,cbi_hsg_rent_index_by_city_size_q
1392-Q4,1392,4,rent,small_cities,Small cities,شهرهاي کوچک,21.292666666666666,5.010685517014624,22.453752516054838,False,False,False,cbi_hsg_rent_index_by_city_size_q
1392-Q4,1392,4,rent,tehran,Tehran,تهران,25.568,2.74462527627084,23.792001549336696,False,False,False,cbi_hsg_rent_index_q
1393-Q1,1393,1,land_price_housing_proxy,all_urban,All urban areas,کليه مناطق شهري,92.1,3.716216216216206,14.981273408239693,False,False,False,cbi_hsg_land_price_index_q
1393-Q1,1393,1,land_price_housing_proxy,tehran,Tehran,تهران,96.1,2.5613660618996725,13.727810650887573,False,False,False,cbi_hsg_land_price_index_q
1393-Q1,1393,1,rent,all_urban,All urban areas,کليه مناطق شهري,25.201333333333334,2.350138084150122,18.88729891654741,False,False,False,cbi_hsg_rent_index_q
1393-Q1,1393,1,rent,large_cities,Large cities,شهرهاي بزرگ,25.243666666666666,2.21349421657151,19.111355772255422,False,False,False,cbi_hsg_rent_index_by_city_size_q
1393-Q1,1393,1,rent,medium_cities,Medium cities,شهرهاي متوسط,26.284333333333336,2.5423287991885424,17.218671027203804,False,False,False,cbi_hsg_rent_index_by_city_size_q
1393-Q1,1393,1,rent,small_cities,Small cities,شهرهاي کوچک,22.009,3.364225554964162,21.56758050558798,False,False,False,cbi_hsg_rent_index_by_city_size_q
1393-Q1,1393,1,rent,tehran,Tehran,تهران,26.061333333333334,1.929495202336251,19.476153364201785,False,False,False,cbi_hsg_rent_index_q
1393-Q2,1393,2,land_price_housing_proxy,all_urban,All urban areas,کليه مناطق شهري,93.8,1.8458197611292082,9.32400932400932,False,False,False,cbi_hsg_land_price_index_q
1393-Q2,1393,2,land_price_housing_proxy,tehran,Tehran,تهران,96.9,0.8324661810614087,6.366630076838642,False,False,False,cbi_hsg_land_price_index_q
1393-Q2,1393,2,rent,all_urban,All urban areas,کليه مناطق شهري,26.239,4.117507010211097,14.89855495548098,False,False,False,cbi_hsg_rent_index_q
1393-Q2,1393,2,rent,large_cities,Large cities,شهرهاي بزرگ,26.302999999999997,4.196432108383608,14.85023142083659,False,False,False,cbi_hsg_rent_index_by_city_size_q
1393-Q2,1393,2,rent,medium_cities,Medium cities,شهرهاي متوسط,27.276333333333337,3.774111321065776,13.675071195387932,False,False,False,cbi_hsg_rent_index_by_city_size_q
1393-Q2,1393,2,rent,small_cities,Small cities,شهرهاي کوچک,23.011,4.5526829933209,19.674433118369052,False,False,False,cbi_hsg_rent_index_by_city_size_q
1393-Q2,1393,2,rent,tehran,Tehran,تهران,26.95866666666667,3.4431597257751134,13.312971109927974,False,False,False,cbi_hsg_rent_index_q
1393-Q3,1393,3,land_price_housing_proxy,all_urban,All urban areas,کليه مناطق شهري,94.9,1.1727078891258014,9.45790080738178,False,False,False,cbi_hsg_land_price_index_q
1393-Q3,1393,3,land_price_housing_proxy,tehran,Tehran,تهران,97.3,0.41279669762641635,5.303030303030298,False,False,False,cbi_hsg_land_price_index_q
1393-Q3,1393,3,rent,all_urban,All urban areas,کليه مناطق شهري,27.401666666666667,4.431063175679961,14.801832248694247,False,False,False,cbi_hsg_rent_index_q
1393-Q3,1393,3,rent,large_cities,Large cities,شهرهاي بزرگ,27.488333333333333,4.506456804673742,14.71635645327325,False,False,False,cbi_hsg_rent_index_by_city_size_q
1393-Q3,1393,3,rent,medium_cities,Medium cities,شهرهاي متوسط,28.298333333333332,3.7468379180974676,13.631192193920572,False,False,False,cbi_hsg_rent_index_by_city_size_q
1393-Q3,1393,3,rent,small_cities,Small cities,شهرهاي کوچک,24.19066666666667,5.126533686787482,19.30297550550715,False,False,False,cbi_hsg_rent_index_by_city_size_q
1393-Q3,1393,3,rent,tehran,Tehran,تهران,27.939000000000004,3.6364310796775268,12.272453285111528,False,False,False,cbi_hsg_rent_index_q
1393-Q4,1393,4,land_price_housing_proxy,all_urban,All urban areas,کليه مناطق شهري,96.0,1.1591148577449806,8.108108108108114,False,False,False,cbi_hsg_land_price_index_q
1393-Q4,1393,4,land_price_housing_proxy,tehran,Tehran,تهران,97.8,0.5138746145940454,4.375667022411944,False,False,False,cbi_hsg_land_price_index_q
1393-Q4,1393,4,rent,all_urban,All urban areas,کليه مناطق شهري,28.156000000000002,2.7528739127790303,14.349921481561733,False,False,False,cbi_hsg_rent_index_q
1393-Q4,1393,4,rent,large_cities,Large cities,شهرهاي بزرگ,28.24066666666667,2.736918692778767,14.348571351446203,False,False,False,cbi_hsg_rent_index_by_city_size_q
1393-Q4,1393,4,rent,medium_cities,Medium cities,شهرهاي متوسط,28.99733333333333,2.4701101360504074,13.126479232229693,False,False,False,cbi_hsg_rent_index_by_city_size_q
1393-Q4,1393,4,rent,small_cities,Small cities,شهرهاي کوچک,25.04733333333333,3.541310698340938,17.63361407683397,False,False,False,cbi_hsg_rent_index_by_city_size_q
1393-Q4,1393,4,rent,tehran,Tehran,تهران,28.634,2.487562189054704,11.991551939924893,False,False,False,cbi_hsg_rent_index_q
1394-Q1,1394,1,land_price_housing_proxy,all_urban,All urban areas,کليه مناطق شهري,96.7,0.7291666666666696,4.994571118349622,False,False,False,cbi_hsg_land_price_index_q
1394-Q1,1394,1,land_price_housing_proxy,tehran,Tehran,تهران,97.9,0.10224948875257045,1.8730489073881529,False,False,False,cbi_hsg_land_price_index_q
1394-Q1,1394,1,rent,all_urban,All urban areas,کليه مناطق شهري,28.705666666666662,1.9522185916559964,13.905348923337367,False,False,False,cbi_hsg_rent_index_q
1394-Q1,1394,1,rent,large_cities,Large cities,شهرهاي بزرگ,28.787666666666667,1.9369231132409404,14.039164939060633,False,False,False,cbi_hsg_rent_index_by_city_size_q
1394-Q1,1394,1,rent,medium_cities,Medium cities,شهرهاي متوسط,29.595,2.0611090675004773,12.595589261029993,False,False,False,cbi_hsg_rent_index_by_city_size_q
1394-Q1,1394,1,rent,small_cities,Small cities,شهرهاي کوچک,25.56266666666667,2.0574379175428037,16.14642494737002,False,False,False,cbi_hsg_rent_index_by_city_size_q
1394-Q1,1394,1,rent,tehran,Tehran,تهران,29.163,1.847454075574495,11.9014120536171,False,False,False,cbi_hsg_rent_index_q
1394-Q2,1394,2,land_price_housing_proxy,all_urban,All urban areas,کليه مناطق شهري,97.5,0.8273009307135482,3.9445628997867743,False,False,False,cbi_hsg_land_price_index_q
1394-Q2,1394,2,land_price_housing_proxy,tehran,Tehran,تهران,98.3,0.40858018386107364,1.4447884416924683,False,False,False,cbi_hsg_land_price_index_q
1394-Q2,1394,2,rent,all_urban,All urban areas,کليه مناطق شهري,29.619,3.1817178954213654,12.881588475170535,False,False,False,cbi_hsg_rent_index_q
1394-Q2,1394,2,rent,large_cities,Large cities,شهرهاي بزرگ,29.710333333333335,3.2050762479302497,12.95416238958802,False,False,False,cbi_hsg_rent_index_by_city_size_q
1394-Q2,1394,2,rent,medium_cities,Medium cities,شهرهاي متوسط,30.485666666666663,3.0095173734301817,11.76599982891149,False,False,False,cbi_hsg_rent_index_by_city_size_q
1394-Q2,1394,2,rent,small_cities,Small cities,شهرهاي کوچک,26.344333333333335,3.0578447736282044,14.48582561963121,False,False,False,cbi_hsg_rent_index_by_city_size_q
1394-Q2,1394,2,rent,tehran,Tehran,تهران,29.983,2.8117820526009085,11.218408427716486,False,False,False,cbi_hsg_rent_index_q
1394-Q3,1394,3,land_price_housing_proxy,all_urban,All urban areas,کليه مناطق شهري,98.1,0.6153846153846176,3.3719704952581475,False,False,False,cbi_hsg_land_price_index_q
1394-Q3,1394,3,land_price_housing_proxy,tehran,Tehran,تهران,98.7,0.4069175991861629,1.4388489208633226,False,False,False,cbi_hsg_land_price_index_q
1394-Q3,1394,3,rent,all_urban,All urban areas,کليه مناطق شهري,30.662666666666667,3.5236391055291083,11.900735964965637,False,False,False,cbi_hsg_rent_index_q
1394-Q3,1394,3,rent,large_cities,Large cities,شهرهاي بزرگ,30.781000000000002,3.6036844644399935,11.978415085187667,False,False,False,cbi_hsg_rent_index_by_city_size_q
1394-Q3,1394,3,rent,medium_cities,Medium cities,شهرهاي متوسط,31.453666666666667,3.175262691756786,11.150244419577128,False,False,False,cbi_hsg_rent_index_by_city_size_q
1394-Q3,1394,3,rent,small_cities,Small cities,شهرهاي کوچک,27.383666666666667,3.9451874533422693,13.199305517279392,False,False,False,cbi_hsg_rent_index_by_city_size_q
1394-Q3,1394,3,rent,tehran,Tehran,تهران,30.951999999999998,3.231831371110294,10.784208454132195,False,False,False,cbi_hsg_rent_index_q
1394-Q4,1394,4,land_price_housing_proxy,all_urban,All urban areas,کليه مناطق شهري,98.5,0.4077471967380175,2.604166666666674,False,False,False,cbi_hsg_land_price_index_q
1394-Q4,1394,4,land_price_housing_proxy,tehran,Tehran,تهران,98.7,0.0,0.920245398773023,False,False,False,cbi_hsg_land_price_index_q
1394-Q4,1394,4,rent,all_urban,All urban areas,کليه مناطق شهري,31.337,2.1991998956385705,11.297769569541117,False,False,False,cbi_hsg_rent_index_q
1394-Q4,1394,4,rent,large_cities,Large cities,شهرهاي بزرگ,31.430666666666667,2.110609358587001,11.2957673331602,False,False,False,cbi_hsg_rent_index_by_city_size_q
1394-Q4,1394,4,rent,medium_cities,Medium cities,شهرهاي متوسط,32.117333333333335,2.109981878106426,10.759610079087745,False,False,False,cbi_hsg_rent_index_by_city_size_q
1394-Q4,1394,4,rent,small_cities,Small cities,شهرهاي کوچک,28.19366666666667,2.957967644946513,12.561550131750575,False,False,False,cbi_hsg_rent_index_by_city_size_q
1394-Q4,1394,4,rent,tehran,Tehran,تهران,31.540000000000003,1.8997156888084898,10.148774184535881,False,False,False,cbi_hsg_rent_index_q
1395-Q1,1395,1,land_price_housing_proxy,all_urban,All urban areas,کليه مناطق شهري,99.3,0.8121827411167404,2.6887280248190315,False,False,False,cbi_hsg_land_price_index_q
1395-Q1,1395,1,land_price_housing_proxy,tehran,Tehran,تهران,99.5,0.8105369807497542,1.6343207354443168,False,False,False,cbi_hsg_land_price_index_q
1395-Q1,1395,1,rent,all_urban,All urban areas,کليه مناطق شهري,32.059,2.303985703800615,11.681781762021437,False,False,False,cbi_hsg_rent_index_q
1395-Q1,1395,1,rent,large_cities,Large cities,شهرهاي بزرگ,32.228,2.536800576931242,11.950719636881546,False,False,False,cbi_hsg_rent_index_by_city_size_q
1395-Q1,1395,1,rent,medium_cities,Medium cities,شهرهاي متوسط,32.705000000000005,1.8297492527399761,10.508531846595726,False,False,False,cbi_hsg_rent_index_by_city_size_q
1395-Q1,1395,1,rent,small_cities,Small cities,شهرهاي کوچک,28.527,1.1822986249866885,11.596338410181506,False,False,False,cbi_hsg_rent_index_by_city_size_q
1395-Q1,1395,1,rent,tehran,Tehran,تهران,32.464333333333336,2.9306700486155135,11.320280263804605,False,False,False,cbi_hsg_rent_index_q
1395-Q2,1395,2,land_price_housing_proxy,all_urban,All urban areas,کليه مناطق شهري,99.8,0.5035246727089548,2.358974358974364,False,False,False,cbi_hsg_land_price_index_q
1395-Q2,1395,2,land_price_housing_proxy,tehran,Tehran,تهران,99.9,0.4020100502512669,1.6276703967446737,False,False,False,cbi_hsg_land_price_index_q
1395-Q2,1395,2,rent,all_urban,All urban areas,کليه مناطق شهري,32.69766666666666,1.9921602878026912,10.39422892962849,False,False,False,cbi_hsg_rent_index_q
1395-Q2,1395,2,rent,large_cities,Large cities,شهرهاي بزرگ,32.858,1.9548218940051987,10.594518181104196,False,False,False,cbi_hsg_rent_index_by_city_size_q
1395-Q2,1395,2,rent,medium_cities,Medium cities,شهرهاي متوسط,33.42633333333333,2.2055750904550475,9.646063177230847,False,False,False,cbi_hsg_rent_index_by_city_size_q
1395-Q2,1395,2,rent,small_cities,Small cities,شهرهاي کوچک,29.247666666666664,2.526261670230534,11.02071286677715,False,False,False,cbi_hsg_rent_index_by_city_size_q
1395-Q2,1395,2,rent,tehran,Tehran,تهران,33.16866666666667,2.1695604406887448,10.624909671035798,False,False,False,cbi_hsg_rent_index_q
1395-Q3,1395,3,land_price_housing_proxy,all_urban,All urban areas,کليه مناطق شهري,100.3,0.5010020040080221,2.2426095820591296,False,False,False,cbi_hsg_land_price_index_q
1395-Q3,1395,3,land_price_housing_proxy,tehran,Tehran,تهران,100.2,0.30030030030030463,1.5197568389057725,False,False,False,cbi_hsg_land_price_index_q
1395-Q3,1395,3,rent,all_urban,All urban areas,کليه مناطق شهري,33.347,1.9858705514155028,8.754402748184553,False,False,False,cbi_hsg_rent_index_q
1395-Q3,1395,3,rent,large_cities,Large cities,شهرهاي بزرگ,33.477000000000004,1.8838638992026535,8.758649816445207,False,False,False,cbi_hsg_rent_index_by_city_size_q
1395-Q3,1395,3,rent,medium_cities,Medium cities,شهرهاي متوسط,34.169999999999995,2.2247928280098472,8.635983086232635,False,False,False,cbi_hsg_rent_index_by_city_size_q
1395-Q3,1395,3,rent,small_cities,Small cities,شهرهاي کوچک,29.977999999999998,2.4970652929578563,9.474017358279262,False,False,False,cbi_hsg_rent_index_by_city_size_q
1395-Q3,1395,3,rent,tehran,Tehran,تهران,33.87266666666667,2.1224850762768144,9.436116136814011,False,False,False,cbi_hsg_rent_index_q
1395-Q4,1395,4,land_price_housing_proxy,all_urban,All urban areas,کليه مناطق شهري,100.6,0.29910269192421346,2.131979695431463,False,False,False,cbi_hsg_land_price_index_q
1395-Q4,1395,4,land_price_housing_proxy,tehran,Tehran,تهران,100.4,0.1996007984031989,1.7223910840932222,False,False,False,cbi_hsg_land_price_index_q
1395-Q4,1395,4,rent,all_urban,All urban areas,کليه مناطق شهري,34.01866666666667,2.0141741885826736,8.557509227643578,False,False,False,cbi_hsg_rent_index_q
1395-Q4,1395,4,rent,large_cities,Large cities,شهرهاي بزرگ,34.107,1.881889058159314,8.51503839137997,False,False,False,cbi_hsg_rent_index_by_city_size_q
1395-Q4,1395,4,rent,medium_cities,Medium cities,شهرهاي متوسط,34.93666666666667,2.243683543068986,8.778229823978734,False,False,False,cbi_hsg_rent_index_by_city_size_q
1395-Q4,1395,4,rent,small_cities,Small cities,شهرهاي کوچک,30.708333333333332,2.4362310138546173,8.919260826899645,False,False,False,cbi_hsg_rent_index_by_city_size_q
1395-Q4,1395,4,rent,tehran,Tehran,تهران,34.60999999999999,2.1767797043830583,9.733671528218114,False,False,False,cbi_hsg_rent_index_q
1396-Q1,1396,1,land_price_housing_proxy,all_urban,All urban areas,کليه مناطق شهري,103.0,2.385685884691857,3.726082578046319,False,False,False,cbi_hsg_land_price_index_q
1396-Q1,1396,1,land_price_housing_proxy,tehran,Tehran,تهران,101.9,1.4940239043824688,2.412060301507535,False,False,False,cbi_hsg_land_price_index_q
1396-Q1,1396,1,rent,all_urban,All urban areas,کليه مناطق شهري,34.514,1.4560633377753485,7.657756012352235,False,False,False,cbi_hsg_rent_index_q
1396-Q1,1396,1,rent,large_cities,Large cities,شهرهاي بزرگ,34.627,1.5246137156595507,7.443837656696051,False,False,False,cbi_hsg_rent_index_by_city_size_q
1396-Q1,1396,1,rent,medium_cities,Medium cities,شهرهاي متوسط,35.54533333333333,1.7422001717393387,8.684706721704094,False,False,False,cbi_hsg_rent_index_by_city_size_q
1396-Q1,1396,1,rent,small_cities,Small cities,شهرهاي کوچک,31.23166666666667,1.704206241519679,9.48107640714646,False,False,False,cbi_hsg_rent_index_by_city_size_q
1396-Q1,1396,1,rent,tehran,Tehran,تهران,35.157666666666664,1.5823942983723471,8.296284127195985,False,False,False,cbi_hsg_rent_index_q
1396-Q2,1396,2,land_price_housing_proxy,all_urban,All urban areas,کليه مناطق شهري,104.0,0.9708737864077666,4.208416833667328,False,False,False,cbi_hsg_land_price_index_q
1396-Q2,1396,2,land_price_housing_proxy,tehran,Tehran,تهران,102.8,0.8832188420019538,2.902902902902893,False,False,False,cbi_hsg_land_price_index_q
1396-Q2,1396,2,rent,all_urban,All urban areas,کليه مناطق شهري,35.11966666666667,1.7548434451720052,7.4072563791504065,False,False,False,cbi_hsg_rent_index_q
1396-Q2,1396,2,rent,large_cities,Large cities,شهرهاي بزرگ,35.245999999999995,1.7876223756028375,7.267636496439223,False,False,False,cbi_hsg_rent_index_by_city_size_q
1396-Q2,1396,2,rent,medium_cities,Medium cities,شهرهاي متوسط,36.165,1.7433137026895196,8.193141136229908,False,False,False,cbi_hsg_rent_index_by_city_size_q
1396-Q2,1396,2,rent,small_cities,Small cities,شهرهاي کوچک,31.685666666666666,1.4536528096483092,8.33570769178169,False,False,False,cbi_hsg_rent_index_by_city_size_q
1396-Q2,1396,2,rent,tehran,Tehran,تهران,35.88399999999999,2.065931565424317,8.186441018632017,False,False,False,cbi_hsg_rent_index_q
1396-Q3,1396,3,land_price_housing_proxy,all_urban,All urban areas,کليه مناطق شهري,106.7,2.596153846153859,6.380857427716857,False,False,False,cbi_hsg_land_price_index_q
1396-Q3,1396,3,land_price_housing_proxy,tehran,Tehran,تهران,106.7,3.7937743190661566,6.487025948103797,False,False,False,cbi_hsg_land_price_index_q
1396-Q3,1396,3,rent,all_urban,All urban areas,کليه مناطق شهري,36.20966666666667,3.1036741047276495,8.58448036305115,False,False,False,cbi_hsg_rent_index_q
1396-Q3,1396,3,rent,large_cities,Large cities,شهرهاي بزرگ,36.32933333333333,3.073634833267147,8.52027760352878,False,False,False,cbi_hsg_rent_index_by_city_size_q
1396-Q3,1396,3,rent,medium_cities,Medium cities,شهرهاي متوسط,37.22433333333333,2.9291672427300686,8.938640132669985,False,False,False,cbi_hsg_rent_index_by_city_size_q
1396-Q3,1396,3,rent,small_cities,Small cities,شهرهاي کوچک,32.800999999999995,3.519993267197563,9.416905730869285,False,False,False,cbi_hsg_rent_index_by_city_size_q
1396-Q3,1396,3,rent,tehran,Tehran,تهران,37.12466666666666,3.4574369263924654,9.600661300163349,False,False,False,cbi_hsg_rent_index_q
1396-Q4,1396,4,land_price_housing_proxy,all_urban,All urban areas,کليه مناطق شهري,113.3,6.185567010309279,12.624254473161045,False,False,False,cbi_hsg_land_price_index_q
1396-Q4,1396,4,land_price_housing_proxy,tehran,Tehran,تهران,118.0,10.590440487347696,17.529880478087634,False,False,False,cbi_hsg_land_price_index_q
1396-Q4,1396,4,rent,all_urban,All urban areas,کليه مناطق شهري,37.18933333333333,2.7055390365371856,9.320373128478465,False,False,False,cbi_hsg_rent_index_q
1396-Q4,1396,4,rent,large_cities,Large cities,شهرهاي بزرگ,37.31333333333333,2.708555070282981,9.400807263416123,False,False,False,cbi_hsg_rent_index_by_city_size_q
1396-Q4,1396,4,rent,medium_cities,Medium cities,شهرهاي متوسط,38.181999999999995,2.5726899071395914,9.289189962789802,False,False,False,cbi_hsg_rent_index_by_city_size_q
1396-Q4,1396,4,rent,small_cities,Small cities,شهرهاي کوچک,33.97566666666667,3.5811916303365,10.639891451831751,False,False,False,cbi_hsg_rent_index_by_city_size_q
1396-Q4,1396,4,rent,tehran,Tehran,تهران,38.22,2.9504193079174845,10.430511412886467,False,False,False,cbi_hsg_rent_index_q
1397-Q1,1397,1,land_price_housing_proxy,all_urban,All urban areas,کليه مناطق شهري,129.1,13.945278022947916,25.339805825242713,False,False,False,cbi_hsg_land_price_index_q
1397-Q1,1397,1,land_price_housing_proxy,tehran,Tehran,تهران,137.6,16.61016949152543,35.03434739941118,False,False,False,cbi_hsg_land_price_index_q
1397-Q1,1397,1,rent,all_urban,All urban areas,کليه مناطق شهري,37.883,1.8652301735264665,9.761256301790567,False,False,False,cbi_hsg_rent_index_q
1397-Q1,1397,1,rent,large_cities,Large cities,شهرهاي بزرگ,38.021,1.8965517241379404,9.801599907586557,False,False,False,cbi_hsg_rent_index_by_city_size_q
1397-Q1,1397,1,rent,medium_cities,Medium cities,شهرهاي متوسط,38.73466666666667,1.4474534248249737,8.972579616639798,False,False,False,cbi_hsg_rent_index_by_city_size_q
1397-Q1,1397,1,rent,small_cities,Small cities,شهرهاي کوچک,34.67633333333333,2.062260245077341,11.029403916964608,False,False,False,cbi_hsg_rent_index_by_city_size_q
1397-Q1,1397,1,rent,tehran,Tehran,تهران,39.136,2.39665096807955,11.315692167663771,False,False,False,cbi_hsg_rent_index_q
1397-Q2,1397,2,land_price_housing_proxy,all_urban,All urban areas,کليه مناطق شهري,153.7,19.0549961270333,47.788461538461526,False,False,False,cbi_hsg_land_price_index_q
1397-Q2,1397,2,land_price_housing_proxy,tehran,Tehran,تهران,161.8,17.5872093023256,57.39299610894943,False,False,False,cbi_hsg_land_price_index_q
1397-Q2,1397,2,rent,all_urban,All urban areas,کليه مناطق شهري,39.248333333333335,3.604079226390011,11.755996165491322,False,False,False,cbi_hsg_rent_index_q
1397-Q2,1397,2,rent,large_cities,Large cities,شهرهاي بزرگ,39.469,3.8084216617132682,11.98150144697272,False,False,False,cbi_hsg_rent_index_by_city_size_q
1397-Q2,1397,2,rent,medium_cities,Medium cities,شهرهاي متوسط,39.839,2.8510206189115594,10.158993502004709,False,False,False,cbi_hsg_rent_index_by_city_size_q
1397-Q2,1397,2,rent,small_cities,Small cities,شهرهاي کوچک,35.782000000000004,3.1885339664901258,12.92803265409177,False,False,False,cbi_hsg_rent_index_by_city_size_q
1397-Q2,1397,2,rent,tehran,Tehran,تهران,40.946333333333335,4.625749523030787,14.107494519377273,False,False,False,cbi_hsg_rent_index_q
1397-Q3,1397,3,land_price_housing_proxy,all_urban,All urban areas,کليه مناطق شهري,172.4,12.166558230318824,61.57450796626054,False,False,False,cbi_hsg_land_price_index_q
1397-Q3,1397,3,land_price_housing_proxy,tehran,Tehran,تهران,183.1,13.164400494437567,71.60262417994376,False,False,False,cbi_hsg_land_price_index_q
1397-Q3,1397,3,rent,all_urban,All urban areas,کليه مناطق شهري,41.439,5.581553356830438,14.441815721400353,False,False,False,cbi_hsg_rent_index_q
1397-Q3,1397,3,rent,large_cities,Large cities,شهرهاي بزرگ,41.68033333333333,5.602709299281283,14.729144492971692,False,False,False,cbi_hsg_rent_index_by_city_size_q
1397-Q3,1397,3,rent,medium_cities,Medium cities,شهرهاي متوسط,41.81133333333333,4.950760142908539,12.322584689226602,False,False,False,cbi_hsg_rent_index_by_city_size_q
1397-Q3,1397,3,rent,small_cities,Small cities,شهرهاي کوچک,37.924,5.986250069867527,15.61842626749186,False,False,False,cbi_hsg_rent_index_by_city_size_q
1397-Q3,1397,3,rent,tehran,Tehran,تهران,43.461333333333336,6.142186113530723,17.068615655359444,False,False,False,cbi_hsg_rent_index_q
1397-Q4,1397,4,land_price_housing_proxy,all_urban,All urban areas,کليه مناطق شهري,201.2,16.70533642691414,77.58164165931156,False,False,False,cbi_hsg_land_price_index_q
1397-Q4,1397,4,land_price_housing_proxy,tehran,Tehran,تهران,217.8,18.951392681594758,84.57627118644069,False,False,False,cbi_hsg_land_price_index_q
1397-Q4,1397,4,rent,all_urban,All urban areas,کليه مناطق شهري,43.69566666666666,5.445755608645619,17.495159902480985,False,False,False,cbi_hsg_rent_index_q
1397-Q4,1397,4,rent,large_cities,Large cities,شهرهاي بزرگ,43.980333333333334,5.518190033668957,17.867607646953722,False,False,False,cbi_hsg_rent_index_by_city_size_q
1397-Q4,1397,4,rent,medium_cities,Medium cities,شهرهاي متوسط,43.861999999999995,4.904571328347962,14.87611963752553,False,False,False,cbi_hsg_rent_index_by_city_size_q
1397-Q4,1397,4,rent,small_cities,Small cities,شهرهاي کوچک,40.154999999999994,5.882818268115164,18.187526366909633,False,False,False,cbi_hsg_rent_index_by_city_size_q
1397-Q4,1397,4,rent,tehran,Tehran,تهران,46.02,5.887225426432696,20.408163265306143,False,False,False,cbi_hsg_rent_index_q
1398-Q1,1398,1,land_price_housing_proxy,all_urban,All urban areas,کليه مناطق شهري,241.1,19.831013916500993,86.75445391169636,False,False,False,cbi_hsg_land_price_index_q
1398-Q1,1398,1,land_price_housing_proxy,tehran,Tehran,تهران,250.5,15.013774104683186,82.04941860465118,False,False,False,cbi_hsg_land_price_index_q
1398-Q1,1398,1,rent,all_urban,All urban areas,کليه مناطق شهري,45.35833333333333,3.805106532302971,19.73268572534732,False,False,False,cbi_hsg_rent_index_q
1398-Q1,1398,1,rent,large_cities,Large cities,شهرهاي بزرگ,45.70466666666667,3.9206918243760436,20.209007302981696,False,False,False,cbi_hsg_rent_index_by_city_size_q
1398-Q1,1398,1,rent,medium_cities,Medium cities,شهرهاي متوسط,45.29333333333333,3.2632650889912407,16.932291487384244,False,False,False,cbi_hsg_rent_index_by_city_size_q
1398-Q1,1398,1,rent,small_cities,Small cities,شهرهاي کوچک,41.48766666666667,3.3188062922840933,19.642599659710292,False,False,False,cbi_hsg_rent_index_by_city_size_q
1398-Q1,1398,1,rent,tehran,Tehran,تهران,47.95366666666666,4.201796320440376,22.53083265194875,False,False,False,cbi_hsg_rent_index_q
1398-Q2,1398,2,land_price_housing_proxy,all_urban,All urban areas,کليه مناطق شهري,254.5,5.557859809207799,65.58230318802865,False,False,False,cbi_hsg_land_price_index_q
1398-Q2,1398,2,land_price_housing_proxy,tehran,Tehran,تهران,259.7,3.6726546906187485,60.506798516687255,False,False,False,cbi_hsg_land_price_index_q
1398-Q2,1398,2,rent,all_urban,All urban areas,کليه مناطق شهري,49.52,9.175087268050719,26.17096267357426,False,False,False,cbi_hsg_rent_index_q
1398-Q2,1398,2,rent,large_cities,Large cities,شهرهاي بزرگ,49.99433333333334,9.385620724360756,26.667342302397667,False,False,False,cbi_hsg_rent_index_by_city_size_q
1398-Q2,1398,2,rent,medium_cities,Medium cities,شهرهاي متوسط,49.01266666666667,8.211657344715938,23.026849736857535,False,False,False,cbi_hsg_rent_index_by_city_size_q
1398-Q2,1398,2,rent,small_cities,Small cities,شهرهاي کوچک,44.94266666666667,8.327776126238318,25.601326551524963,False,False,False,cbi_hsg_rent_index_by_city_size_q
1398-Q2,1398,2,rent,tehran,Tehran,تهران,52.45733333333334,9.391704492530994,28.11240729735671,False,False,False,cbi_hsg_rent_index_q
1398-Q3,1398,3,land_price_housing_proxy,all_urban,All urban areas,کليه مناطق شهري,265.6,4.36149312377212,54.060324825986086,False,False,False,cbi_hsg_land_price_index_q
1398-Q3,1398,3,land_price_housing_proxy,tehran,Tehran,تهران,270.2,4.043126684636111,47.569634079737845,False,False,False,cbi_hsg_land_price_index_q
1398-Q3,1398,3,rent,all_urban,All urban areas,کليه مناطق شهري,54.54,10.137318255250394,31.61514515311663,False,False,False,cbi_hsg_rent_index_q
1398-Q3,1398,3,rent,large_cities,Large cities,شهرهاي بزرگ,55.06933333333333,10.151150463719215,32.12306363512769,False,False,False,cbi_hsg_rent_index_by_city_size_q
1398-Q3,1398,3,rent,medium_cities,Medium cities,شهرهاي متوسط,53.68933333333333,9.541751111957453,28.408565460720393,False,False,False,cbi_hsg_rent_index_by_city_size_q
1398-Q3,1398,3,rent,small_cities,Small cities,شهرهاي کوچک,50.14433333333333,11.57400539947191,32.22321836655766,False,False,False,cbi_hsg_rent_index_by_city_size_q
1398-Q3,1398,3,rent,tehran,Tehran,تهران,57.105999999999995,8.861805149581858,31.394956436372535,False,False,False,cbi_hsg_rent_index_q
1398-Q4,1398,4,land_price_housing_proxy,all_urban,All urban areas,کليه مناطق شهري,282.5,6.3629518072289,40.40755467196819,False,False,False,cbi_hsg_land_price_index_q
1398-Q4,1398,4,land_price_housing_proxy,tehran,Tehran,تهران,286.5,6.0325684678016245,31.54269972451791,False,False,False,cbi_hsg_land_price_index_q
1398-Q4,1398,4,rent,all_urban,All urban areas,کليه مناطق شهري,57.47933333333333,5.38931670944871,31.544699321824442,False,False,False,cbi_hsg_rent_index_q
1398-Q4,1398,4,rent,large_cities,Large cities,شهرهاي بزرگ,57.97666666666667,5.279405355672839,31.82407288106046,False,False,False,cbi_hsg_rent_index_by_city_size_q
1398-Q4,1398,4,rent,medium_cities,Medium cities,شهرهاي متوسط,56.40533333333334,5.058732957508649,28.597267186478838,False,False,False,cbi_hsg_rent_index_by_city_size_q
1398-Q4,1398,4,rent,small_cities,Small cities,شهرهاي کوچک,53.92466666666667,7.538904362739562,34.29128792595362,False,False,False,cbi_hsg_rent_index_by_city_size_q
1398-Q4,1398,4,rent,tehran,Tehran,تهران,59.576,4.325289811928701,29.4567579313342,False,False,False,cbi_hsg_rent_index_q
1399-Q1,1399,1,land_price_housing_proxy,all_urban,All urban areas,کليه مناطق شهري,403.6,42.86725663716815,67.39941932807965,False,False,False,cbi_hsg_land_price_index_q
1399-Q1,1399,1,land_price_housing_proxy,tehran,Tehran,تهران,388.6,35.63699825479931,55.12974051896209,False,False,False,cbi_hsg_land_price_index_q
1399-Q1,1399,1,rent,all_urban,All urban areas,کليه مناطق شهري,59.417,3.371066702235015,30.99467205585158,False,False,False,cbi_hsg_rent_index_q
1399-Q1,1399,1,rent,large_cities,Large cities,شهرهاي بزرگ,59.88933333333333,3.2990283447363877,31.035488717417614,False,False,False,cbi_hsg_rent_index_by_city_size_q
1399-Q1,1399,1,rent,medium_cities,Medium cities,شهرهاي متوسط,58.355,3.4565289334341776,28.83794524580512,False,False,False,cbi_hsg_rent_index_by_city_size_q
1399-Q1,1399,1,rent,small_cities,Small cities,شهرهاي کوچک,55.97800000000001,3.8077812256605004,34.92684572925289,False,False,False,cbi_hsg_rent_index_by_city_size_q
1399-Q1,1399,1,rent,tehran,Tehran,تهران,61.498333333333335,3.2266908374737113,28.2453201354085,False,False,False,cbi_hsg_rent_index_q
1399-Q2,1399,2,land_price_housing_proxy,all_urban,All urban areas,کليه مناطق شهري,534.0,32.30921704658076,109.82318271119844,False,False,False,cbi_hsg_land_price_index_q
1399-Q2,1399,2,land_price_housing_proxy,tehran,Tehran,تهران,513.5,32.141019042717446,97.72814786291877,False,False,False,cbi_hsg_land_price_index_q
1399-Q2,1399,2,rent,all_urban,All urban areas,کليه مناطق شهري,64.64633333333335,8.80107264475376,30.54590737749059,False,False,False,cbi_hsg_rent_index_q
1399-Q2,1399,2,rent,large_cities,Large cities,شهرهاي بزرگ,65.11900000000001,8.7322172006145,30.252761979691044,False,False,False,cbi_hsg_rent_index_by_city_size_q
1399-Q2,1399,2,rent,medium_cities,Medium cities,شهرهاي متوسط,63.65166666666667,9.076628680775723,29.867789278961897,False,False,False,cbi_hsg_rent_index_by_city_size_q
1399-Q2,1399,2,rent,small_cities,Small cities,شهرهاي کوچک,61.06166666666667,9.08154393988112,35.86569555285253,False,False,False,cbi_hsg_rent_index_by_city_size_q
1399-Q2,1399,2,rent,tehran,Tehran,تهران,66.86233333333332,8.722187593159681,27.46041227156035,False,False,False,cbi_hsg_rent_index_q
1399-Q3,1399,3,land_price_housing_proxy,all_urban,All urban areas,کليه مناطق شهري,600.0,12.35955056179776,125.9036144578313,False,False,False,cbi_hsg_land_price_index_q
1399-Q3,1399,3,land_price_housing_proxy,tehran,Tehran,تهران,571.9,11.372930866601738,111.6580310880829,False,False,False,cbi_hsg_land_price_index_q
1399-Q3,1399,3,rent,all_urban,All urban areas,کليه مناطق شهري,71.61533333333334,10.780193772268598,31.30790856863466,False,False,False,cbi_hsg_rent_index_q
1399-Q3,1399,3,rent,large_cities,Large cities,شهرهاي بزرگ,72.05066666666666,10.644614730979661,30.836279114812836,False,False,False,cbi_hsg_rent_index_by_city_size_q
1399-Q3,1399,3,rent,medium_cities,Medium cities,شهرهاي متوسط,70.65066666666665,10.995784347097448,31.5916258971366,False,False,False,cbi_hsg_rent_index_by_city_size_q
1399-Q3,1399,3,rent,small_cities,Small cities,شهرهاي کوچک,68.50433333333332,12.188770914649094,36.61430670132218,False,False,False,cbi_hsg_rent_index_by_city_size_q
1399-Q3,1399,3,rent,tehran,Tehran,تهران,73.277,9.593842073514258,28.317514797044097,False,False,False,cbi_hsg_rent_index_q
1399-Q4,1399,4,land_price_housing_proxy,all_urban,All urban areas,کليه مناطق شهري,655.4,9.233333333333338,131.99999999999997,False,False,False,cbi_hsg_land_price_index_q
1399-Q4,1399,4,land_price_housing_proxy,tehran,Tehran,تهران,637.7,11.505507955936366,122.58289703315883,False,False,False,cbi_hsg_land_price_index_q
1399-Q4,1399,4,rent,all_urban,All urban areas,کليه مناطق شهري,76.97699999999999,7.486757956862111,33.92117746668366,False,False,False,cbi_hsg_rent_index_q
1399-Q4,1399,4,rent,large_cities,Large cities,شهرهاي بزرگ,77.29133333333334,7.273585254820714,33.31455183119647,False,False,False,cbi_hsg_rent_index_by_city_size_q
1399-Q4,1399,4,rent,medium_cities,Medium cities,شهرهاي متوسط,76.03766666666667,7.624839586321452,34.80581032526473,False,False,False,cbi_hsg_rent_index_by_city_size_q
1399-Q4,1399,4,rent,small_cities,Small cities,شهرهاي کوچک,75.11766666666666,9.653890508143048,39.30112378997861,False,False,False,cbi_hsg_rent_index_by_city_size_q
1399-Q4,1399,4,rent,tehran,Tehran,تهران,77.792,6.161551373555141,30.57607090103398,False,False,False,cbi_hsg_rent_index_q
1400-Q1,1400,1,land_price_housing_proxy,all_urban,All urban areas,کليه مناطق شهري,713.1,8.803783948733601,76.68483647175421,False,False,False,cbi_hsg_land_price_index_q
1400-Q1,1400,1,land_price_housing_proxy,tehran,Tehran,تهران,710.4,11.40034498980711,82.81008749356664,False,False,False,cbi_hsg_land_price_index_q
1400-Q1,1400,1,rent,all_urban,All urban areas,کليه مناطق شهري,84.16699999999999,9.340452342907613,41.654745274921304,False,False,False,cbi_hsg_rent_index_q
1400-Q1,1400,1,rent,large_cities,Large cities,شهرهاي بزرگ,84.48666666666666,9.309366293762977,41.07130930382705,False,False,False,cbi_hsg_rent_index_by_city_size_q
1400-Q1,1400,1,rent,medium_cities,Medium cities,شهرهاي متوسط,83.51933333333334,9.83942169012726,43.12284008796734,False,False,False,cbi_hsg_rent_index_by_city_size_q
1400-Q1,1400,1,rent,small_cities,Small cities,شهرهاي کوچک,82.40766666666667,9.704774287451245,47.21438184048494,False,False,False,cbi_hsg_rent_index_by_city_size_q
1400-Q1,1400,1,rent,tehran,Tehran,تهران,85.65433333333333,10.10686617304264,39.27911325510176,False,False,False,cbi_hsg_rent_index_q
1400-Q2,1400,2,land_price_housing_proxy,all_urban,All urban areas,کليه مناطق شهري,776.5,8.890758659374566,45.41198501872658,False,False,False,cbi_hsg_land_price_index_q
1400-Q2,1400,2,land_price_housing_proxy,tehran,Tehran,تهران,792.7,11.585022522522536,54.3719571567673,False,False,False,cbi_hsg_land_price_index_q
1400-Q2,1400,2,rent,all_urban,All urban areas,کليه مناطق شهري,93.92833333333333,11.597577831374938,45.295685756861644,False,False,False,cbi_hsg_rent_index_q
1400-Q2,1400,2,rent,large_cities,Large cities,شهرهاي بزرگ,94.072,11.345379941608158,44.461677851318335,False,False,False,cbi_hsg_rent_index_by_city_size_q
1400-Q2,1400,2,rent,medium_cities,Medium cities,شهرهاي متوسط,93.63600000000001,12.112963864654102,47.106910004975,False,False,False,cbi_hsg_rent_index_by_city_size_q
1400-Q2,1400,2,rent,small_cities,Small cities,شهرهاي کوچک,93.14233333333334,13.026296097045996,52.5381444987308,False,False,False,cbi_hsg_rent_index_by_city_size_q
1400-Q2,1400,2,rent,tehran,Tehran,تهران,94.58166666666666,10.42251219047101,41.45732275770615,False,False,False,cbi_hsg_rent_index_q
1400-Q3,1400,3,land_price_housing_proxy,all_urban,All urban areas,کليه مناطق شهري,810.2,4.33998712169994,35.03333333333334,False,False,False,cbi_hsg_land_price_index_q
1400-Q3,1400,3,land_price_housing_proxy,tehran,Tehran,تهران,828.7,4.541440645893791,44.9029550620738,False,False,False,cbi_hsg_land_price_index_q
1400-Q3,1400,3,rent,all_urban,All urban areas,کليه مناطق شهري,104.846,11.623400819773956,46.40160859406273,False,False,False,cbi_hsg_rent_index_q
1400-Q3,1400,3,rent,large_cities,Large cities,شهرهاي بزرگ,104.76066666666668,11.362219009552987,45.398608386690874,False,False,False,cbi_hsg_rent_index_by_city_size_q
1400-Q3,1400,3,rent,medium_cities,Medium cities,شهرهاي متوسط,105.01766666666667,12.155225198285557,48.64356080622032,False,False,False,cbi_hsg_rent_index_by_city_size_q
1400-Q3,1400,3,rent,small_cities,Small cities,شهرهاي کوچک,105.31766666666665,13.0717504035043,53.738692929401076,False,False,False,cbi_hsg_rent_index_by_city_size_q
1400-Q3,1400,3,rent,tehran,Tehran,تهران,104.43933333333332,10.422386297555896,42.52675919228861,False,False,False,cbi_hsg_rent_index_q
1400-Q4,1400,4,land_price_housing_proxy,all_urban,All urban areas,کليه مناطق شهري,836.4,3.2337694396445293,27.61672261214525,False,False,False,cbi_hsg_land_price_index_q
1400-Q4,1400,4,land_price_housing_proxy,tehran,Tehran,تهران,846.8,2.1841438397489865,32.78971303120588,False,False,False,cbi_hsg_land_price_index_q
1400-Q4,1400,4,rent,all_urban,All urban areas,کليه مناطق شهري,117.05900000000001,11.648513057245879,52.070098860698685,False,False,False,cbi_hsg_rent_index_q
1400-Q4,1400,4,rent,large_cities,Large cities,شهرهاي بزرگ,116.681,11.378634474771054,50.96259175241724,False,False,False,cbi_hsg_rent_index_by_city_size_q
1400-Q4,1400,4,rent,medium_cities,Medium cities,شهرهاي متوسط,117.82666666666665,12.196995426166367,54.95828821680482,False,False,False,cbi_hsg_rent_index_by_city_size_q
1400-Q4,1400,4,rent,small_cities,Small cities,شهرهاي کوچک,119.132,13.116824337797105,58.59385053671353,False,False,False,cbi_hsg_rent_index_by_city_size_q
1400-Q4,1400,4,rent,tehran,Tehran,تهران,115.32466666666669,10.422637703547233,48.24746332099274,False,False,False,cbi_hsg_rent_index_q
1401-Q1,1401,1,land_price_housing_proxy,all_urban,All urban areas,کليه مناطق شهري,912.6,9.110473457675749,27.976440891880515,False,False,False,cbi_hsg_land_price_index_q
1401-Q1,1401,1,land_price_housing_proxy,tehran,Tehran,تهران,910.6,7.534246575342474,28.181306306306308,False,False,False,cbi_hsg_land_price_index_q
1401-Q1,1401,1,rent,all_urban,All urban areas,کليه مناطق شهري,125.38600000000001,7.113506864060004,48.97287535494912,False,False,False,cbi_hsg_rent_index_q
1401-Q1,1401,1,rent,large_cities,Large cities,شهرهاي بزرگ,124.56566666666667,6.757455512608468,47.438254556932065,False,False,False,cbi_hsg_rent_index_by_city_size_q
1401-Q1,1401,1,rent,medium_cities,Medium cities,شهرهاي متوسط,127.277,8.020538644336316,52.39226047462064,False,False,False,cbi_hsg_rent_index_by_city_size_q
1401-Q1,1401,1,rent,small_cities,Small cities,شهرهاي کوچک,129.22299999999998,8.470436154853434,56.80943925120232,False,False,False,cbi_hsg_rent_index_by_city_size_q
1401-Q1,1401,1,rent,tehran,Tehran,تهران,122.69966666666666,6.394989218843006,43.24980639236,False,False,False,cbi_hsg_rent_index_q
1401-Q2,1401,2,land_price_housing_proxy,all_urban,All urban areas,کليه مناطق شهري,976.2,6.9690992767915905,25.717965228589822,False,False,False,cbi_hsg_land_price_index_q
1401-Q2,1401,2,land_price_housing_proxy,tehran,Tehran,تهران,992.4,8.983088073797486,25.19238047180521,False,False,False,cbi_hsg_land_price_index_q
1401-Q2,1401,2,rent,all_urban,All urban areas,کليه مناطق شهري,140.98499999999999,12.440782862520505,50.098479337083226,False,False,False,cbi_hsg_rent_index_q
1401-Q2,1401,2,rent,large_cities,Large cities,شهرهاي بزرگ,139.82666666666668,12.251369424961943,48.63792272585539,False,False,False,cbi_hsg_rent_index_by_city_size_q
1401-Q2,1401,2,rent,medium_cities,Medium cities,شهرهاي متوسط,144.09933333333333,13.217103901988047,53.893089552451315,False,False,False,cbi_hsg_rent_index_by_city_size_q
1401-Q2,1401,2,rent,small_cities,Small cities,شهرهاي کوچک,145.10133333333332,12.287544271014706,55.78451617059193,False,False,False,cbi_hsg_rent_index_by_city_size_q
1401-Q2,1401,2,rent,tehran,Tehran,تهران,137.487,12.051649148734445,45.36326631306278,False,False,False,cbi_hsg_rent_index_q
1401-Q3,1401,3,land_price_housing_proxy,all_urban,All urban areas,کليه مناطق شهري,1074.9,10.110633066994467,32.67094544556899,False,False,False,cbi_hsg_land_price_index_q
1401-Q3,1401,3,land_price_housing_proxy,tehran,Tehran,تهران,1091.9,10.026199113260791,31.76058887414022,False,False,False,cbi_hsg_land_price_index_q
1401-Q3,1401,3,rent,all_urban,All urban areas,کليه مناطق شهري,164.719,16.834415008688875,57.10565972950803,False,False,False,cbi_hsg_rent_index_q
1401-Q3,1401,3,rent,large_cities,Large cities,شهرهاي بزرگ,163.43800000000002,16.886144750643652,56.01084376451722,False,False,False,cbi_hsg_rent_index_by_city_size_q
1401-Q3,1401,3,rent,medium_cities,Medium cities,شهرهاي متوسط,167.88766666666666,16.5082882641141,59.866117764312655,False,False,False,cbi_hsg_rent_index_by_city_size_q
1401-Q3,1401,3,rent,small_cities,Small cities,شهرهاي کوچک,170.07366666666667,17.210271442486192,61.48636031308457,False,False,False,cbi_hsg_rent_index_by_city_size_q
1401-Q3,1401,3,rent,tehran,Tehran,تهران,159.35033333333334,15.902109532780084,52.57693461594932,False,False,False,cbi_hsg_rent_index_q
1401-Q4,1401,4,land_price_housing_proxy,all_urban,All urban areas,کليه مناطق شهري,1306.8,21.574099916271262,56.24103299856529,False,False,False,cbi_hsg_land_price_index_q
1401-Q4,1401,4,land_price_housing_proxy,tehran,Tehran,تهران,1328.2,21.641175931861877,56.849315068493155,False,False,False,cbi_hsg_land_price_index_q
1401-Q4,1401,4,rent,all_urban,All urban areas,کليه مناطق شهري,181.30633333333333,10.07007894252232,54.88457387585175,False,False,False,cbi_hsg_rent_index_q
1401-Q4,1401,4,rent,large_cities,Large cities,شهرهاي بزرگ,179.778,9.997674959311764,54.076499172958734,False,False,False,cbi_hsg_rent_index_by_city_size_q
1401-Q4,1401,4,rent,medium_cities,Medium cities,شهرهاي متوسط,185.01133333333334,10.199478619632574,57.01991626117462,False,False,False,cbi_hsg_rent_index_by_city_size_q
1401-Q4,1401,4,rent,small_cities,Small cities,شهرهاي کوچک,187.923,10.495059983810929,57.74351139912031,False,False,False,cbi_hsg_rent_index_by_city_size_q
1401-Q4,1401,4,rent,tehran,Tehran,تهران,175.01966666666667,9.833260468025372,51.76256019238436,False,False,False,cbi_hsg_rent_index_q
1402-Q1,1402,1,land_price_housing_proxy,all_urban,All urban areas,کليه مناطق شهري,1469.4,12.44260789715337,61.01249178172257,False,False,False,cbi_hsg_land_price_index_q
1402-Q1,1402,1,land_price_housing_proxy,tehran,Tehran,تهران,1517.3,14.237313657581673,66.62640017570831,False,False,False,cbi_hsg_land_price_index_q
1402-Q1,1402,1,rent,all_urban,All urban areas,کليه مناطق شهري,196.025,8.118120528975826,56.33723063180898,False,False,False,cbi_hsg_rent_index_q
1402-Q1,1402,1,rent,large_cities,Large cities,شهرهاي بزرگ,194.12166666666667,7.978543907856728,55.83882129104596,False,False,False,cbi_hsg_rent_index_by_city_size_q
1402-Q1,1402,1,rent,medium_cities,Medium cities,شهرهاي متوسط,200.83433333333335,8.552449039157972,57.79310742186989,False,False,False,cbi_hsg_rent_index_by_city_size_q
1402-Q1,1402,1,rent,small_cities,Small cities,شهرهاي کوچک,203.688,8.389074248495376,57.625190562051664,False,False,False,cbi_hsg_rent_index_by_city_size_q
1402-Q1,1402,1,rent,tehran,Tehran,تهران,188.28866666666667,7.581433705545471,53.454912944615465,False,False,False,cbi_hsg_rent_index_q
1402-Q2,1402,2,land_price_housing_proxy,all_urban,All urban areas,کليه مناطق شهري,1545.2,5.1585681230434055,58.287236222085625,False,False,False,cbi_hsg_land_price_index_q
1402-Q2,1402,2,land_price_housing_proxy,tehran,Tehran,تهران,1579.7,4.112568378039949,59.17976622329706,False,False,False,cbi_hsg_land_price_index_q
1402-Q2,1402,2,rent,all_urban,All urban areas,کليه مناطق شهري,229.29999999999998,16.974875653615594,62.641415753448946,False,False,False,cbi_hsg_rent_index_q
1402-Q2,1402,2,rent,large_cities,Large cities,شهرهاي بزرگ,227.16666666666666,17.022829325251344,62.463049489844536,False,False,False,cbi_hsg_rent_index_by_city_size_q
1402-Q2,1402,2,rent,medium_cities,Medium cities,شهرهاي متوسط,233.96666666666667,16.49734524143447,62.36485017279747,False,False,False,cbi_hsg_rent_index_by_city_size_q
1402-Q2,1402,2,rent,small_cities,Small cities,شهرهاي کوچک,240.36666666666667,18.00727910660751,65.65434730670982,False,False,False,cbi_hsg_rent_index_by_city_size_q
1402-Q2,1402,2,rent,tehran,Tehran,تهران,216.63333333333333,15.053835776980717,57.5664123395909,False,False,False,cbi_hsg_rent_index_q
1402-Q3,1402,3,land_price_housing_proxy,all_urban,All urban areas,کليه مناطق شهري,1645.1,6.46518250064716,53.04679505070238,False,False,False,cbi_hsg_land_price_index_q
1402-Q3,1402,3,land_price_housing_proxy,tehran,Tehran,تهران,1677.4,6.184718617459017,53.622126568367065,False,False,False,cbi_hsg_land_price_index_q
1402-Q3,1402,3,rent,all_urban,All urban areas,کليه مناطق شهري,260.50000000000006,13.60662887047539,58.14811891767195,False,False,False,cbi_hsg_rent_index_q
1402-Q3,1402,3,rent,large_cities,Large cities,شهرهاي بزرگ,258.03333333333336,13.587674247982417,57.87842076710026,False,False,False,cbi_hsg_rent_index_by_city_size_q
1402-Q3,1402,3,rent,medium_cities,Medium cities,شهرهاي متوسط,264.7,13.135774326827176,57.66494660119961,False,False,False,cbi_hsg_rent_index_by_city_size_q
1402-Q3,1402,3,rent,small_cities,Small cities,شهرهاي کوچک,276.26666666666665,14.935515185133807,62.43941350904802,False,False,False,cbi_hsg_rent_index_by_city_size_q
1402-Q3,1402,3,rent,tehran,Tehran,تهران,242.33333333333334,11.863363594399146,52.07582454591666,False,False,False,cbi_hsg_rent_index_q
1402-Q4,1402,4,land_price_housing_proxy,all_urban,All urban areas,کليه مناطق شهري,1741.5,5.859826150386005,33.26446280991735,False,False,False,cbi_hsg_land_price_index_q
1402-Q4,1402,4,land_price_housing_proxy,tehran,Tehran,تهران,1733.4,3.3385000596160674,30.507453696732423,False,False,False,cbi_hsg_land_price_index_q
1402-Q4,1402,4,rent,all_urban,All urban areas,کليه مناطق شهري,277.6396666666667,6.579526551503512,53.13291133422442,False,False,False,cbi_hsg_rent_index_q
1402-Q4,1402,4,rent,large_cities,Large cities,شهرهاي بزرگ,274.654,6.441286655470857,52.77397679360101,False,False,False,cbi_hsg_rent_index_by_city_size_q
1402-Q4,1402,4,rent,medium_cities,Medium cities,شهرهاي متوسط,282.66266666666667,6.786047097342918,52.781271057268555,False,False,False,cbi_hsg_rent_index_by_city_size_q
1402-Q4,1402,4,rent,small_cities,Small cities,شهرهاي کوچک,297.06533333333334,7.528474903474902,58.07821998016918,False,False,False,cbi_hsg_rent_index_by_city_size_q
1402-Q4,1402,4,rent,tehran,Tehran,تهران,256.4683333333333,5.832874828060497,46.5368653808429,False,False,False,cbi_hsg_rent_index_q
1403-Q1,1403,1,land_price_housing_proxy,all_urban,All urban areas,کليه مناطق شهري,1832.7,5.236864771748495,24.72437729685586,False,False,False,cbi_hsg_land_price_index_q
1403-Q1,1403,1,land_price_housing_proxy,tehran,Tehran,تهران,1797.6,3.703703703703698,18.47360442891979,False,False,False,cbi_hsg_land_price_index_q
1403-Q1,1403,1,rent,all_urban,All urban areas,کليه مناطق شهري,298.00866666666667,7.336487701685268,52.025847043319295,False,False,False,cbi_hsg_rent_index_q
1403-Q1,1403,1,rent,large_cities,Large cities,شهرهاي بزرگ,294.367,7.177394103126122,51.64046603075392,False,False,False,cbi_hsg_rent_index_by_city_size_q
1403-Q1,1403,1,rent,medium_cities,Medium cities,شهرهاي متوسط,305.1293333333333,7.948225682438892,51.93086175504518,False,False,False,cbi_hsg_rent_index_by_city_size_q
1403-Q1,1403,1,rent,small_cities,Small cities,شهرهاي کوچک,318.77866666666665,7.309278766960348,56.50341044473246,False,False,False,cbi_hsg_rent_index_by_city_size_q
1403-Q1,1403,1,rent,tehran,Tehran,تهران,275.315,7.348535556696412,46.21963439116534,False,False,False,cbi_hsg_rent_index_q
1403-Q2,1403,2,land_price_housing_proxy,all_urban,All urban areas,کليه مناطق شهري,1918.5,4.681617285971518,24.158684959875742,False,False,False,cbi_hsg_land_price_index_q
1403-Q2,1403,2,land_price_housing_proxy,tehran,Tehran,تهران,1877.9,4.46706720071206,18.87700196239792,False,False,False,cbi_hsg_land_price_index_q
1403-Q2,1403,2,rent,all_urban,All urban areas,کليه مناطق شهري,340.87300000000005,14.383586159686645,48.65808983863937,False,False,False,cbi_hsg_rent_index_q
1403-Q2,1403,2,rent,large_cities,Large cities,شهرهاي بزرگ,336.103,14.178219705333817,47.95436537050624,False,False,False,cbi_hsg_rent_index_by_city_size_q
1403-Q2,1403,2,rent,medium_cities,Medium cities,شهرهاي متوسط,350.5,14.869323172250471,49.80766490953128,False,False,False,cbi_hsg_rent_index_by_city_size_q
1403-Q2,1403,2,rent,small_cities,Small cities,شهرهاي کوچک,367.201,15.189954158371123,52.767022604354466,False,False,False,cbi_hsg_rent_index_by_city_size_q
1403-Q2,1403,2,rent,tehran,Tehran,تهران,314.62733333333335,14.279037950468876,45.234959224496095,False,False,False,cbi_hsg_rent_index_q
1403-Q3,1403,3,land_price_housing_proxy,all_urban,All urban areas,کليه مناطق شهري,1982.0,3.3098775084701604,20.478998237189238,False,False,False,cbi_hsg_land_price_index_q
1403-Q3,1403,3,land_price_housing_proxy,tehran,Tehran,تهران,1926.9,2.609297619681561,14.874210087039463,False,False,False,cbi_hsg_land_price_index_q
1403-Q3,1403,3,rent,all_urban,All urban areas,کليه مناطق شهري,373.7746666666667,9.652177399402895,43.48355726167623,False,False,False,cbi_hsg_rent_index_q
1403-Q3,1403,3,rent,large_cities,Large cities,شهرهاي بزرگ,368.301,9.579801429918788,42.733884511045076,False,False,False,cbi_hsg_rent_index_by_city_size_q
1403-Q3,1403,3,rent,medium_cities,Medium cities,شهرهاي متوسط,383.26099999999997,9.34693295292439,44.79070646014356,False,False,False,cbi_hsg_rent_index_by_city_size_q
1403-Q3,1403,3,rent,small_cities,Small cities,شهرهاي کوچک,408.5783333333334,11.268306277306795,47.89273648648651,False,False,False,cbi_hsg_rent_index_by_city_size_q
1403-Q3,1403,3,rent,tehran,Tehran,تهران,343.2169999999999,9.086835006918204,41.63012379642361,False,False,False,cbi_hsg_rent_index_q
1403-Q4,1403,4,land_price_housing_proxy,all_urban,All urban areas,کليه مناطق شهري,2111.8,6.5489404641775995,21.263278782658634,False,False,False,cbi_hsg_land_price_index_q
1403-Q4,1403,4,land_price_housing_proxy,tehran,Tehran,تهران,2067.5,7.2966941719860845,19.27425868235837,False,False,False,cbi_hsg_land_price_index_q
1403-Q4,1403,4,rent,all_urban,All urban areas,کليه مناطق شهري,389.065,4.090789102881942,40.13307416447456,False,False,False,cbi_hsg_rent_index_q
1403-Q4,1403,4,rent,large_cities,Large cities,شهرهاي بزرگ,383.29033333333336,4.0698595261303705,39.55388719382691,False,False,False,cbi_hsg_rent_index_by_city_size_q
1403-Q4,1403,4,rent,medium_cities,Medium cities,شهرهاي متوسط,398.49066666666664,3.973706342849037,40.97746666226407,False,False,False,cbi_hsg_rent_index_by_city_size_q
1403-Q4,1403,4,rent,small_cities,Small cities,شهرهاي کوچک,427.48499999999996,4.62742762505759,43.90268807310625,False,False,False,cbi_hsg_rent_index_by_city_size_q
1403-Q4,1403,4,rent,tehran,Tehran,تهران,357.5926666666667,4.188506591068264,39.429559204840125,False,False,False,cbi_hsg_rent_index_q
1404-Q1,1404,1,land_price_housing_proxy,all_urban,All urban areas,کليه مناطق شهري,2180.6,3.2578842693436805,18.98292137283788,False,False,False,cbi_hsg_land_price_index_q
1404-Q1,1404,1,land_price_housing_proxy,tehran,Tehran,تهران,2167.5,4.8367593712212775,20.57743658210949,False,False,False,cbi_hsg_land_price_index_q
1404-Q1,1404,1,rent,all_urban,All urban areas,کليه مناطق شهري,410.2716666666667,5.450674480271078,37.67105207231112,False,False,False,cbi_hsg_rent_index_q
1404-Q1,1404,1,rent,large_cities,Large cities,شهرهاي بزرگ,403.3123333333333,5.223716399491751,37.01003622462209,False,False,False,cbi_hsg_rent_index_by_city_size_q
1404-Q1,1404,1,rent,medium_cities,Medium cities,شهرهاي متوسط,422.434,6.0085054271451055,38.444244407835825,False,False,False,cbi_hsg_rent_index_by_city_size_q
1404-Q1,1404,1,rent,small_cities,Small cities,شهرهاي کوچک,454.22433333333333,6.255034289702177,42.48893694266451,False,False,False,cbi_hsg_rent_index_by_city_size_q
1404-Q1,1404,1,rent,tehran,Tehran,تهران,378.96,5.9753276073894135,37.64596916259557,False,False,False,cbi_hsg_rent_index_q
1404-Q2,1404,2,land_price_housing_proxy,all_urban,All urban areas,کليه مناطق شهري,2282.8,4.686783454095211,18.988793328120934,False,False,False,cbi_hsg_land_price_index_q
1404-Q2,1404,2,land_price_housing_proxy,tehran,Tehran,تهران,2264.3,4.465974625144176,20.576175515203165,False,False,False,cbi_hsg_land_price_index_q
1404-Q2,1404,2,rent,all_urban,All urban areas,کليه مناطق شهري,454.94866666666667,10.889613792487074,33.46573846173402,False,False,False,cbi_hsg_rent_index_q
1404-Q2,1404,2,rent,large_cities,Large cities,شهرهاي بزرگ,445.15000000000003,10.373515315260228,32.444518495818244,False,False,False,cbi_hsg_rent_index_by_city_size_q
1404-Q2,1404,2,rent,medium_cities,Medium cities,شهرهاي متوسط,474.0226666666667,12.212243017055124,35.24184498335712,False,False,False,cbi_hsg_rent_index_by_city_size_q
1404-Q2,1404,2,rent,small_cities,Small cities,شهرهاي کوچک,511.105,12.522593461527464,39.18943575861722,False,False,False,cbi_hsg_rent_index_by_city_size_q
1404-Q2,1404,2,rent,tehran,Tehran,تهران,422.6103333333333,11.518454014495806,34.32092147111607,False,False,False,cbi_hsg_rent_index_q
