gregorian_date,jalali_date,jalali_year,jalali_month,jalali_day,traded_instrument_count,total_trade_count,total_trade_volume,total_trade_value_irr,volume_weighted_price_irr,mean_closing_price_irr,median_closing_price_irr,minimum_closing_price_irr,maximum_closing_price_irr,aggregation_scope,source
2010-11-02,1389/08/11,1389,8,11,1,15.0,322.0,264120124.0,820248.8322981367,820249.0,820249.0,820249.0,820249.0,all valid TSETMC Bank Maskan mortgage-facility certificates traded that day,Derived from standardized TSETMC instrument-day observations
2010-11-03,1389/08/12,1389,8,12,1,3.0,12.0,10335132.0,861261.0,861261.0,861261.0,861261.0,861261.0,all valid TSETMC Bank Maskan mortgage-facility certificates traded that day,Derived from standardized TSETMC instrument-day observations
2010-11-06,1389/08/15,1389,8,15,1,49.0,1232.0,1103382790.0,895602.9139610389,895603.0,895603.0,895603.0,895603.0,all valid TSETMC Bank Maskan mortgage-facility certificates traded that day,Derived from standardized TSETMC instrument-day observations
2010-11-07,1389/08/16,1389,8,16,1,50.0,627.0,533466021.0,850823.0,850823.0,850823.0,850823.0,850823.0,all valid TSETMC Bank Maskan mortgage-facility certificates traded that day,Derived from standardized TSETMC instrument-day observations
2010-11-08,1389/08/17,1389,8,17,1,56.0,932.0,753318824.0,808282.0,808282.0,808282.0,808282.0,808282.0,all valid TSETMC Bank Maskan mortgage-facility certificates traded that day,Derived from standardized TSETMC instrument-day observations
2010-11-09,1389/08/18,1389,8,18,1,106.0,1498.0,1150266264.0,767868.0,767868.0,767868.0,767868.0,767868.0,all valid TSETMC Bank Maskan mortgage-facility certificates traded that day,Derived from standardized TSETMC instrument-day observations
2010-11-10,1389/08/19,1389,8,19,1,230.0,3179.0,2319001025.0,729475.0,729475.0,729475.0,729475.0,729475.0,all valid TSETMC Bank Maskan mortgage-facility certificates traded that day,Derived from standardized TSETMC instrument-day observations
2010-11-13,1389/08/22,1389,8,22,1,347.0,7477.0,5397583077.0,721891.5443359637,721892.0,721892.0,721892.0,721892.0,all valid TSETMC Bank Maskan mortgage-facility certificates traded that day,Derived from standardized TSETMC instrument-day observations
2010-11-14,1389/08/23,1389,8,23,1,181.0,6599.0,5001949614.0,757986.0,757986.0,757986.0,757986.0,757986.0,all valid TSETMC Bank Maskan mortgage-facility certificates traded that day,Derived from standardized TSETMC instrument-day observations
2010-11-15,1389/08/24,1389,8,24,1,314.0,9864.0,7850609640.0,795885.0,795885.0,795885.0,795885.0,795885.0,all valid TSETMC Bank Maskan mortgage-facility certificates traded that day,Derived from standardized TSETMC instrument-day observations
2010-11-16,1389/08/25,1389,8,25,1,369.0,5519.0,4383108589.0,794185.2851965936,794185.0,794185.0,794185.0,794185.0,all valid TSETMC Bank Maskan mortgage-facility certificates traded that day,Derived from standardized TSETMC instrument-day observations
2010-11-20,1389/08/29,1389,8,29,1,250.0,4023.0,3181088762.0,790725.5187670892,790725.0,790725.0,790725.0,790725.0,all valid TSETMC Bank Maskan mortgage-facility certificates traded that day,Derived from standardized TSETMC instrument-day observations
2010-11-21,1389/08/30,1389,8,30,1,272.0,4455.0,3524970921.0,791239.263973064,791239.0,791239.0,791239.0,791239.0,all valid TSETMC Bank Maskan mortgage-facility certificates traded that day,Derived from standardized TSETMC instrument-day observations
2010-11-22,1389/09/01,1389,9,1,1,326.0,5118.0,4071612960.0,795547.6670574443,795548.0,795548.0,795548.0,795548.0,all valid TSETMC Bank Maskan mortgage-facility certificates traded that day,Derived from standardized TSETMC instrument-day observations
2010-11-23,1389/09/02,1389,9,2,1,351.0,5077.0,4083431973.0,804300.1719519402,804300.0,804300.0,804300.0,804300.0,all valid TSETMC Bank Maskan mortgage-facility certificates traded that day,Derived from standardized TSETMC instrument-day observations
2010-11-24,1389/09/03,1389,9,3,1,236.0,3007.0,2495757241.0,829982.4546059195,829982.0,829982.0,829982.0,829982.0,all valid TSETMC Bank Maskan mortgage-facility certificates traded that day,Derived from standardized TSETMC instrument-day observations
2010-11-27,1389/09/06,1389,9,6,1,255.0,3617.0,2990131002.0,826688.1398949405,826688.0,826688.0,826688.0,826688.0,all valid TSETMC Bank Maskan mortgage-facility certificates traded that day,Derived from standardized TSETMC instrument-day observations
2010-11-28,1389/09/07,1389,9,7,1,262.0,5980.0,4966301494.0,830485.1996655519,830485.0,830485.0,830485.0,830485.0,all valid TSETMC Bank Maskan mortgage-facility certificates traded that day,Derived from standardized TSETMC instrument-day observations
2010-11-29,1389/09/08,1389,9,8,1,330.0,5524.0,4615413287.0,835520.14608979,835520.0,835520.0,835520.0,835520.0,all valid TSETMC Bank Maskan mortgage-facility certificates traded that day,Derived from standardized TSETMC instrument-day observations
2010-11-30,1389/09/09,1389,9,9,1,247.0,4165.0,3453658928.0,829209.8266506603,829210.0,829210.0,829210.0,829210.0,all valid TSETMC Bank Maskan mortgage-facility certificates traded that day,Derived from standardized TSETMC instrument-day observations
2010-12-01,1389/09/10,1389,9,10,1,237.0,3781.0,3135653824.0,829318.6522084104,829319.0,829319.0,829319.0,829319.0,all valid TSETMC Bank Maskan mortgage-facility certificates traded that day,Derived from standardized TSETMC instrument-day observations
2010-12-04,1389/09/13,1389,9,13,1,219.0,3645.0,3010699607.0,825980.6877914952,825981.0,825981.0,825981.0,825981.0,all valid TSETMC Bank Maskan mortgage-facility certificates traded that day,Derived from standardized TSETMC instrument-day observations
2010-12-05,1389/09/14,1389,9,14,2,239.0,3865.0,3193070419.0,826150.1730918499,824097.0,824097.0,822000.0,826194.0,all valid TSETMC Bank Maskan mortgage-facility certificates traded that day,Derived from standardized TSETMC instrument-day observations
2010-12-06,1389/09/15,1389,9,15,2,375.0,6287.0,5082242698.0,808373.2619691427,808112.5,808112.5,806552.0,809673.0,all valid TSETMC Bank Maskan mortgage-facility certificates traded that day,Derived from standardized TSETMC instrument-day observations
2010-12-07,1389/09/16,1389,9,16,2,410.0,5522.0,4268266565.0,772956.6398044187,772985.5,772985.5,771864.0,774107.0,all valid TSETMC Bank Maskan mortgage-facility certificates traded that day,Derived from standardized TSETMC instrument-day observations
2010-12-08,1389/09/17,1389,9,17,2,527.0,7236.0,5562683036.0,768751.1105583195,768986.5,768986.5,768147.0,769826.0,all valid TSETMC Bank Maskan mortgage-facility certificates traded that day,Derived from standardized TSETMC instrument-day observations
2010-12-11,1389/09/20,1389,9,20,2,645.0,7976.0,6217979265.0,779586.1666248746,780131.0,780131.0,778659.0,781603.0,all valid TSETMC Bank Maskan mortgage-facility certificates traded that day,Derived from standardized TSETMC instrument-day observations
2010-12-12,1389/09/21,1389,9,21,2,599.0,7021.0,5434861444.0,774086.5181598063,773599.0,773599.0,772233.0,774965.0,all valid TSETMC Bank Maskan mortgage-facility certificates traded that day,Derived from standardized TSETMC instrument-day observations
2010-12-13,1389/09/22,1389,9,22,2,605.0,7509.0,5793015322.0,771476.2714076441,771465.5,771465.5,771304.0,771627.0,all valid TSETMC Bank Maskan mortgage-facility certificates traded that day,Derived from standardized TSETMC instrument-day observations
2010-12-14,1389/09/23,1389,9,23,2,533.0,7892.0,6100835032.0,773040.4247339078,773280.0,773280.0,772629.0,773931.0,all valid TSETMC Bank Maskan mortgage-facility certificates traded that day,Derived from standardized TSETMC instrument-day observations
2010-12-18,1389/09/27,1389,9,27,2,481.0,7227.0,5631857830.0,779280.1757299018,777316.0,777316.0,772489.0,782143.0,all valid TSETMC Bank Maskan mortgage-facility certificates traded that day,Derived from standardized TSETMC instrument-day observations
2010-12-19,1389/09/28,1389,9,28,2,412.0,4564.0,3528182259.0,773046.0690184049,773025.5,773025.5,772388.0,773663.0,all valid TSETMC Bank Maskan mortgage-facility certificates traded that day,Derived from standardized TSETMC instrument-day observations
2010-12-20,1389/09/29,1389,9,29,2,421.0,5112.0,3943980034.0,771514.0911580594,771505.5,771505.5,771343.0,771668.0,all valid TSETMC Bank Maskan mortgage-facility certificates traded that day,Derived from standardized TSETMC instrument-day observations
2010-12-21,1389/09/30,1389,9,30,2,346.0,4640.0,3577215753.0,770951.6709051724,770938.5,770938.5,770801.0,771076.0,all valid TSETMC Bank Maskan mortgage-facility certificates traded that day,Derived from standardized TSETMC instrument-day observations
2010-12-22,1389/10/01,1389,10,1,3,404.0,5215.0,3982910494.0,763741.2260786194,766157.3333333334,764429.0,761142.0,772901.0,all valid TSETMC Bank Maskan mortgage-facility certificates traded that day,Derived from standardized TSETMC instrument-day observations
2010-12-25,1389/10/04,1389,10,4,3,543.0,7441.0,5552660585.0,746225.048380594,747131.0,748892.0,736911.0,755590.0,all valid TSETMC Bank Maskan mortgage-facility certificates traded that day,Derived from standardized TSETMC instrument-day observations
2010-12-26,1389/10/05,1389,10,5,3,782.0,10406.0,7582934839.0,728707.9414760715,728834.0,728899.0,727650.0,729953.0,all valid TSETMC Bank Maskan mortgage-facility certificates traded that day,Derived from standardized TSETMC instrument-day observations
2010-12-27,1389/10/06,1389,10,6,3,673.0,8010.0,5733909231.0,715843.8490636704,715853.6666666666,715900.0,714937.0,716724.0,all valid TSETMC Bank Maskan mortgage-facility certificates traded that day,Derived from standardized TSETMC instrument-day observations
2010-12-28,1389/10/07,1389,10,7,3,676.0,9790.0,6991167236.0,714113.0986721144,714393.6666666666,714015.0,712526.0,716640.0,all valid TSETMC Bank Maskan mortgage-facility certificates traded that day,Derived from standardized TSETMC instrument-day observations
2010-12-29,1389/10/08,1389,10,8,3,770.0,11398.0,8150266293.0,715061.0890507107,715083.3333333334,714363.0,713331.0,717556.0,all valid TSETMC Bank Maskan mortgage-facility certificates traded that day,Derived from standardized TSETMC instrument-day observations
2011-01-01,1389/10/11,1389,10,11,3,728.0,8565.0,6065340851.0,708154.2149445417,708311.0,708494.0,706910.0,709529.0,all valid TSETMC Bank Maskan mortgage-facility certificates traded that day,Derived from standardized TSETMC instrument-day observations
2011-01-02,1389/10/12,1389,10,12,3,785.0,10198.0,7156834337.0,701788.0306922926,702075.0,702978.0,700074.0,703173.0,all valid TSETMC Bank Maskan mortgage-facility certificates traded that day,Derived from standardized TSETMC instrument-day observations
2011-01-03,1389/10/13,1389,10,13,3,714.0,9969.0,6801291413.0,682244.0980038118,682356.0,683354.0,679467.0,684247.0,all valid TSETMC Bank Maskan mortgage-facility certificates traded that day,Derived from standardized TSETMC instrument-day observations
2011-01-04,1389/10/14,1389,10,14,3,716.0,9771.0,6439837242.0,659076.5778323611,660395.6666666666,658970.0,657693.0,664524.0,all valid TSETMC Bank Maskan mortgage-facility certificates traded that day,Derived from standardized TSETMC instrument-day observations
2011-01-05,1389/10/15,1389,10,15,3,789.0,11723.0,7646901059.0,652298.9899343172,652249.6666666666,652851.0,650927.0,652971.0,all valid TSETMC Bank Maskan mortgage-facility certificates traded that day,Derived from standardized TSETMC instrument-day observations
2011-01-08,1389/10/18,1389,10,18,3,702.0,9308.0,6145167315.0,660202.7626772668,660244.0,660677.0,659113.0,660942.0,all valid TSETMC Bank Maskan mortgage-facility certificates traded that day,Derived from standardized TSETMC instrument-day observations
2011-01-09,1389/10/19,1389,10,19,3,771.0,14374.0,9880840310.0,687410.6240434117,687271.6666666666,687910.0,685739.0,688166.0,all valid TSETMC Bank Maskan mortgage-facility certificates traded that day,Derived from standardized TSETMC instrument-day observations
2011-01-10,1389/10/20,1389,10,20,3,778.0,14442.0,10231921612.0,708483.7011494252,708641.3333333334,708615.0,707138.0,710171.0,all valid TSETMC Bank Maskan mortgage-facility certificates traded that day,Derived from standardized TSETMC instrument-day observations
2011-01-11,1389/10/21,1389,10,21,3,842.0,13751.0,9731027974.0,707659.6592247837,707993.6666666666,706983.0,705865.0,711133.0,all valid TSETMC Bank Maskan mortgage-facility certificates traded that day,Derived from standardized TSETMC instrument-day observations
2011-01-12,1389/10/22,1389,10,22,3,706.0,11745.0,8300273465.0,706706.9787143465,707558.6666666666,707942.0,704823.0,709911.0,all valid TSETMC Bank Maskan mortgage-facility certificates traded that day,Derived from standardized TSETMC instrument-day observations
2011-01-15,1389/10/25,1389,10,25,3,848.0,12806.0,9024757955.0,704728.8735748868,704742.3333333334,704358.0,701515.0,708354.0,all valid TSETMC Bank Maskan mortgage-facility certificates traded that day,Derived from standardized TSETMC instrument-day observations
2011-01-16,1389/10/26,1389,10,26,3,763.0,11444.0,7924297891.0,692441.2697483398,692677.0,691793.0,689955.0,696283.0,all valid TSETMC Bank Maskan mortgage-facility certificates traded that day,Derived from standardized TSETMC instrument-day observations
2011-01-17,1389/10/27,1389,10,27,3,678.0,10801.0,7454314801.0,690150.430608277,690361.0,689958.0,688475.0,692650.0,all valid TSETMC Bank Maskan mortgage-facility certificates traded that day,Derived from standardized TSETMC instrument-day observations
2011-01-18,1389/10/28,1389,10,28,3,696.0,9272.0,6405686170.0,690863.4782139775,690896.0,690257.0,689671.0,692760.0,all valid TSETMC Bank Maskan mortgage-facility certificates traded that day,Derived from standardized TSETMC instrument-day observations
2011-01-19,1389/10/29,1389,10,29,3,742.0,12970.0,8856610944.0,682853.5808789515,683402.0,684417.0,678649.0,687140.0,all valid TSETMC Bank Maskan mortgage-facility certificates traded that day,Derived from standardized TSETMC instrument-day observations
2011-01-22,1389/11/02,1389,11,2,4,672.0,10623.0,7089192228.0,667343.7096865292,667553.5,667547.5,664901.0,670218.0,all valid TSETMC Bank Maskan mortgage-facility certificates traded that day,Derived from standardized TSETMC instrument-day observations
2011-01-23,1389/11/03,1389,11,3,4,811.0,13755.0,9050100934.0,657949.9043256998,659813.75,660996.0,653033.0,664230.0,all valid TSETMC Bank Maskan mortgage-facility certificates traded that day,Derived from standardized TSETMC instrument-day observations
2011-01-24,1389/11/04,1389,11,4,4,1111.0,14236.0,9332440329.0,655552.144492835,656533.25,656746.5,653536.0,659104.0,all valid TSETMC Bank Maskan mortgage-facility certificates traded that day,Derived from standardized TSETMC instrument-day observations
2011-01-26,1389/11/06,1389,11,6,4,883.0,12108.0,7909943559.0,653282.421456888,653396.0,653308.5,652942.0,654025.0,all valid TSETMC Bank Maskan mortgage-facility certificates traded that day,Derived from standardized TSETMC instrument-day observations
2011-01-29,1389/11/09,1389,11,9,4,1045.0,12440.0,8125513786.0,653176.3493569132,653240.75,653367.5,652279.0,653949.0,all valid TSETMC Bank Maskan mortgage-facility certificates traded that day,Derived from standardized TSETMC instrument-day observations
2011-01-30,1389/11/10,1389,11,10,4,1155.0,18150.0,11860473188.0,653469.5971349862,653698.25,653392.5,652889.0,655119.0,all valid TSETMC Bank Maskan mortgage-facility certificates traded that day,Derived from standardized TSETMC instrument-day observations
2011-01-31,1389/11/11,1389,11,11,4,1207.0,19634.0,12931350562.0,658620.2792095345,659420.75,659222.5,655001.0,664237.0,all valid TSETMC Bank Maskan mortgage-facility certificates traded that day,Derived from standardized TSETMC instrument-day observations
2011-02-01,1389/11/12,1389,11,12,4,808.0,12348.0,8109999702.0,656786.5,656899.5,657003.0,656450.0,657142.0,all valid TSETMC Bank Maskan mortgage-facility certificates traded that day,Derived from standardized TSETMC instrument-day observations
2011-02-05,1389/11/16,1389,11,16,4,999.0,15126.0,9932158464.0,656628.2205474018,656650.75,656218.0,654932.0,659235.0,all valid TSETMC Bank Maskan mortgage-facility certificates traded that day,Derived from standardized TSETMC instrument-day observations
2011-02-06,1389/11/17,1389,11,17,4,1016.0,14299.0,9412187039.0,658240.9286663403,657863.75,656726.0,656446.0,661557.0,all valid TSETMC Bank Maskan mortgage-facility certificates traded that day,Derived from standardized TSETMC instrument-day observations
2011-02-07,1389/11/18,1389,11,18,4,1003.0,14242.0,9349229029.0,656454.7836680241,656278.5,655937.5,655829.0,657410.0,all valid TSETMC Bank Maskan mortgage-facility certificates traded that day,Derived from standardized TSETMC instrument-day observations
2011-02-08,1389/11/19,1389,11,19,4,917.0,13037.0,8564860727.0,656965.6153256117,656674.5,656615.0,654625.0,658843.0,all valid TSETMC Bank Maskan mortgage-facility certificates traded that day,Derived from standardized TSETMC instrument-day observations
2011-02-09,1389/11/20,1389,11,20,4,930.0,12016.0,7920005189.0,659121.6036118509,659144.25,659098.5,657781.0,660599.0,all valid TSETMC Bank Maskan mortgage-facility certificates traded that day,Derived from standardized TSETMC instrument-day observations
2011-02-12,1389/11/23,1389,11,23,4,1029.0,14281.0,9416528347.0,659374.5779007073,659211.25,659166.0,658145.0,660368.0,all valid TSETMC Bank Maskan mortgage-facility certificates traded that day,Derived from standardized TSETMC instrument-day observations
2011-02-13,1389/11/24,1389,11,24,4,1042.0,14760.0,9713234212.0,658078.1986449865,658084.75,658017.0,657435.0,658870.0,all valid TSETMC Bank Maskan mortgage-facility certificates traded that day,Derived from standardized TSETMC instrument-day observations
2011-02-14,1389/11/25,1389,11,25,4,1063.0,13597.0,8858573139.0,651509.3872913143,651253.5,651041.5,649207.0,653724.0,all valid TSETMC Bank Maskan mortgage-facility certificates traded that day,Derived from standardized TSETMC instrument-day observations
2011-02-15,1389/11/26,1389,11,26,4,816.0,11113.0,7126082305.0,641238.3969225232,641101.5,640571.0,639366.0,643898.0,all valid TSETMC Bank Maskan mortgage-facility certificates traded that day,Derived from standardized TSETMC instrument-day observations
2011-02-16,1389/11/27,1389,11,27,4,814.0,12174.0,7791710428.0,640028.7849515361,639710.5,639482.5,637813.0,642064.0,all valid TSETMC Bank Maskan mortgage-facility certificates traded that day,Derived from standardized TSETMC instrument-day observations
2011-02-19,1389/11/30,1389,11,30,4,864.0,12279.0,7827677260.0,637484.9140809512,637589.75,636669.5,635790.0,641230.0,all valid TSETMC Bank Maskan mortgage-facility certificates traded that day,Derived from standardized TSETMC instrument-day observations
2011-02-20,1389/12/01,1389,12,1,4,720.0,10028.0,6418417722.0,640049.6332269645,640793.25,639354.0,637127.0,647338.0,all valid TSETMC Bank Maskan mortgage-facility certificates traded that day,Derived from standardized TSETMC instrument-day observations
2011-02-22,1389/12/03,1389,12,3,5,1140.0,17226.0,11213574880.0,650968.0065017996,650854.6,650183.0,644207.0,658617.0,all valid TSETMC Bank Maskan mortgage-facility certificates traded that day,Derived from standardized TSETMC instrument-day observations
2011-02-23,1389/12/04,1389,12,4,5,1200.0,18988.0,12471503461.0,656809.7462081314,657230.8,657154.0,653462.0,659669.0,all valid TSETMC Bank Maskan mortgage-facility certificates traded that day,Derived from standardized TSETMC instrument-day observations
2011-02-26,1389/12/07,1389,12,7,5,944.0,13750.0,8717050978.0,633967.3438545455,635026.2,634151.0,632329.0,640304.0,all valid TSETMC Bank Maskan mortgage-facility certificates traded that day,Derived from standardized TSETMC instrument-day observations
2011-02-27,1389/12/08,1389,12,8,5,1346.0,17207.0,10655980013.0,619281.6884407508,620718.0,619456.0,615342.0,630253.0,all valid TSETMC Bank Maskan mortgage-facility certificates traded that day,Derived from standardized TSETMC instrument-day observations
2011-02-28,1389/12/09,1389,12,9,5,1178.0,20762.0,12578131877.0,605824.6737790194,613182.4,615804.0,599697.0,618027.0,all valid TSETMC Bank Maskan mortgage-facility certificates traded that day,Derived from standardized TSETMC instrument-day observations
2011-03-01,1389/12/10,1389,12,10,5,1287.0,20105.0,11893855368.0,591586.9369808505,592580.2,589828.0,578559.0,609696.0,all valid TSETMC Bank Maskan mortgage-facility certificates traded that day,Derived from standardized TSETMC instrument-day observations
2011-03-02,1389/12/11,1389,12,11,5,1117.0,14976.0,8787140064.0,586748.1346153846,591314.0,592097.0,581882.0,603145.0,all valid TSETMC Bank Maskan mortgage-facility certificates traded that day,Derived from standardized TSETMC instrument-day observations
2011-03-05,1389/12/14,1389,12,14,5,1246.0,15707.0,9271488763.0,590277.5044884447,592484.6,594222.0,586805.0,598747.0,all valid TSETMC Bank Maskan mortgage-facility certificates traded that day,Derived from standardized TSETMC instrument-day observations
2011-03-06,1389/12/15,1389,12,15,5,1012.0,13326.0,7849691034.0,589050.8054930212,591165.0,589090.0,587132.0,601003.0,all valid TSETMC Bank Maskan mortgage-facility certificates traded that day,Derived from standardized TSETMC instrument-day observations
2011-03-07,1389/12/16,1389,12,16,5,960.0,12905.0,7611286906.0,589793.6385896939,590697.6,589187.0,587679.0,598449.0,all valid TSETMC Bank Maskan mortgage-facility certificates traded that day,Derived from standardized TSETMC instrument-day observations
2011-03-08,1389/12/17,1389,12,17,5,941.0,12572.0,7425893113.0,590669.1944797963,591924.6,589886.0,588696.0,601680.0,all valid TSETMC Bank Maskan mortgage-facility certificates traded that day,Derived from standardized TSETMC instrument-day observations
2011-03-09,1389/12/18,1389,12,18,5,809.0,12461.0,7292926364.0,585260.1206965733,585933.4,584937.0,583907.0,589510.0,all valid TSETMC Bank Maskan mortgage-facility certificates traded that day,Derived from standardized TSETMC instrument-day observations
2011-03-12,1389/12/21,1389,12,21,5,802.0,10611.0,6144511916.0,579070.0137593064,579471.2,579387.0,578361.0,581259.0,all valid TSETMC Bank Maskan mortgage-facility certificates traded that day,Derived from standardized TSETMC instrument-day observations
2011-03-13,1389/12/22,1389,12,22,5,761.0,13380.0,7473072606.0,558525.6058295964,558731.0,558371.0,556883.0,560617.0,all valid TSETMC Bank Maskan mortgage-facility certificates traded that day,Derived from standardized TSETMC instrument-day observations
2011-03-14,1389/12/23,1389,12,23,5,758.0,13612.0,7798832217.0,572938.011827799,573286.2,574496.0,570343.0,575902.0,all valid TSETMC Bank Maskan mortgage-facility certificates traded that day,Derived from standardized TSETMC instrument-day observations
2011-03-15,1389/12/24,1389,12,24,5,286.0,4767.0,2861539994.0,600281.0979651773,598103.6,599334.0,594282.0,601593.0,all valid TSETMC Bank Maskan mortgage-facility certificates traded that day,Derived from standardized TSETMC instrument-day observations
2011-03-16,1389/12/25,1389,12,25,5,740.0,15250.0,9532324246.0,625070.4423606558,625205.8,625483.0,622897.0,627840.0,all valid TSETMC Bank Maskan mortgage-facility certificates traded that day,Derived from standardized TSETMC instrument-day observations
2011-03-19,1389/12/28,1389,12,28,5,514.0,10984.0,6905561483.0,628692.7788601603,631085.6,626834.0,624587.0,643198.0,all valid TSETMC Bank Maskan mortgage-facility certificates traded that day,Derived from standardized TSETMC instrument-day observations
2011-03-26,1390/01/06,1390,1,6,5,236.0,2929.0,1821694177.0,621950.8968931376,622780.4,623347.0,620268.0,625710.0,all valid TSETMC Bank Maskan mortgage-facility certificates traded that day,Derived from standardized TSETMC instrument-day observations
2011-03-27,1390/01/07,1390,1,7,6,384.0,4555.0,2869877367.0,630049.9159165752,629963.3333333334,630063.0,626982.0,632640.0,all valid TSETMC Bank Maskan mortgage-facility certificates traded that day,Derived from standardized TSETMC instrument-day observations
2011-03-28,1390/01/08,1390,1,8,6,555.0,6919.0,4254525812.0,614904.7278508455,616612.8333333334,617256.0,612391.0,619292.0,all valid TSETMC Bank Maskan mortgage-facility certificates traded that day,Derived from standardized TSETMC instrument-day observations
2011-03-29,1390/01/09,1390,1,9,6,614.0,9484.0,5745357861.0,605794.7976592155,608804.1666666666,607191.5,600816.0,623497.0,all valid TSETMC Bank Maskan mortgage-facility certificates traded that day,Derived from standardized TSETMC instrument-day observations
2011-03-30,1390/01/10,1390,1,10,6,493.0,6324.0,3781655053.0,597984.6699873498,598774.5,597572.5,596279.0,604121.0,all valid TSETMC Bank Maskan mortgage-facility certificates traded that day,Derived from standardized TSETMC instrument-day observations
2011-04-03,1390/01/14,1390,1,14,6,605.0,7034.0,4204779894.0,597779.3423372193,598791.0,600630.0,591639.0,604043.0,all valid TSETMC Bank Maskan mortgage-facility certificates traded that day,Derived from standardized TSETMC instrument-day observations
2011-04-04,1390/01/15,1390,1,15,6,769.0,11589.0,6752004310.0,582621.8232806972,589735.1666666666,590800.0,576678.0,598136.0,all valid TSETMC Bank Maskan mortgage-facility certificates traded that day,Derived from standardized TSETMC instrument-day observations
2011-04-05,1390/01/16,1390,1,16,6,780.0,9832.0,5715662994.0,581332.6885679414,583992.6666666666,582849.5,579477.0,590436.0,all valid TSETMC Bank Maskan mortgage-facility certificates traded that day,Derived from standardized TSETMC instrument-day observations
2011-04-06,1390/01/17,1390,1,17,6,945.0,12444.0,7275596713.0,584667.0454034073,587661.1666666666,588243.0,581663.0,594467.0,all valid TSETMC Bank Maskan mortgage-facility certificates traded that day,Derived from standardized TSETMC instrument-day observations
2011-04-09,1390/01/20,1390,1,20,6,1132.0,13865.0,8129042624.0,586299.504075009,587211.1666666666,587049.0,584873.0,590520.0,all valid TSETMC Bank Maskan mortgage-facility certificates traded that day,Derived from standardized TSETMC instrument-day observations
2011-04-10,1390/01/21,1390,1,21,6,1273.0,14992.0,8742746815.0,583160.8067636073,584274.3333333334,585039.0,581333.0,586181.0,all valid TSETMC Bank Maskan mortgage-facility certificates traded that day,Derived from standardized TSETMC instrument-day observations
2011-04-11,1390/01/22,1390,1,22,6,1034.0,14277.0,8301388423.0,581451.8752539048,582333.8333333334,581288.0,578428.0,590569.0,all valid TSETMC Bank Maskan mortgage-facility certificates traded that day,Derived from standardized TSETMC instrument-day observations
2011-04-12,1390/01/23,1390,1,23,6,1127.0,14007.0,8157763339.0,582406.1782680089,582873.1666666666,582766.0,580712.0,585181.0,all valid TSETMC Bank Maskan mortgage-facility certificates traded that day,Derived from standardized TSETMC instrument-day observations
2011-04-13,1390/01/24,1390,1,24,6,1056.0,13354.0,7855020762.0,588214.8241725325,587763.8333333334,587670.0,585223.0,590149.0,all valid TSETMC Bank Maskan mortgage-facility certificates traded that day,Derived from standardized TSETMC instrument-day observations
2011-04-16,1390/01/27,1390,1,27,6,1105.0,14339.0,8430372279.0,587933.0691819513,589299.8333333334,589508.5,586545.0,591930.0,all valid TSETMC Bank Maskan mortgage-facility certificates traded that day,Derived from standardized TSETMC instrument-day observations
2011-04-17,1390/01/28,1390,1,28,6,1070.0,16983.0,9939805794.0,585279.7382087971,585802.1666666666,585921.0,582820.0,588412.0,all valid TSETMC Bank Maskan mortgage-facility certificates traded that day,Derived from standardized TSETMC instrument-day observations
2011-04-18,1390/01/29,1390,1,29,6,960.0,14731.0,8675890464.0,588954.6170660512,588786.3333333334,588853.0,585910.0,590773.0,all valid TSETMC Bank Maskan mortgage-facility certificates traded that day,Derived from standardized TSETMC instrument-day observations
2011-04-19,1390/01/30,1390,1,30,6,1063.0,15087.0,8852894522.0,586789.5885199178,587385.0,585937.5,585047.0,595003.0,all valid TSETMC Bank Maskan mortgage-facility certificates traded that day,Derived from standardized TSETMC instrument-day observations
2011-04-20,1390/01/31,1390,1,31,6,1153.0,15599.0,9241577723.0,592446.8057567793,592445.0,591880.0,590260.0,596185.0,all valid TSETMC Bank Maskan mortgage-facility certificates traded that day,Derived from standardized TSETMC instrument-day observations
2011-04-23,1390/02/03,1390,2,3,7,834.0,12473.0,7450168090.0,597303.6230257356,597406.1428571428,595744.0,594663.0,601559.0,all valid TSETMC Bank Maskan mortgage-facility certificates traded that day,Derived from standardized TSETMC instrument-day observations
2011-04-24,1390/02/04,1390,2,4,7,1291.0,19235.0,11350266695.0,590084.0496490772,591548.5714285715,592205.0,585035.0,596872.0,all valid TSETMC Bank Maskan mortgage-facility certificates traded that day,Derived from standardized TSETMC instrument-day observations
2011-04-25,1390/02/05,1390,2,5,7,1437.0,19202.0,11217101681.0,584163.1955525466,584513.7142857143,584426.0,581245.0,587317.0,all valid TSETMC Bank Maskan mortgage-facility certificates traded that day,Derived from standardized TSETMC instrument-day observations
2011-04-26,1390/02/06,1390,2,6,7,1630.0,23602.0,13697353897.0,580347.1696042708,581849.2857142857,581764.0,577956.0,585046.0,all valid TSETMC Bank Maskan mortgage-facility certificates traded that day,Derived from standardized TSETMC instrument-day observations
2011-04-27,1390/02/07,1390,2,7,7,1539.0,19817.0,11381186448.0,574314.2982287934,575542.1428571428,575250.0,572193.0,579644.0,all valid TSETMC Bank Maskan mortgage-facility certificates traded that day,Derived from standardized TSETMC instrument-day observations
2011-04-30,1390/02/10,1390,2,10,7,1453.0,20724.0,11745667231.0,566766.4172457055,568665.5714285715,567539.0,563584.0,574396.0,all valid TSETMC Bank Maskan mortgage-facility certificates traded that day,Derived from standardized TSETMC instrument-day observations
2011-05-01,1390/02/11,1390,2,11,7,1485.0,20190.0,11666515907.0,577836.3500247648,578453.5714285715,577916.0,576341.0,584465.0,all valid TSETMC Bank Maskan mortgage-facility certificates traded that day,Derived from standardized TSETMC instrument-day observations
2011-05-02,1390/02/12,1390,2,12,7,1595.0,21692.0,12764778945.0,588455.6032177762,588309.5714285715,588098.0,586944.0,590249.0,all valid TSETMC Bank Maskan mortgage-facility certificates traded that day,Derived from standardized TSETMC instrument-day observations
2011-05-03,1390/02/13,1390,2,13,7,1479.0,19026.0,11116625532.0,584286.0050457269,583936.4285714285,584082.0,581918.0,585289.0,all valid TSETMC Bank Maskan mortgage-facility certificates traded that day,Derived from standardized TSETMC instrument-day observations
2011-05-04,1390/02/14,1390,2,14,7,1478.0,23466.0,13775681331.0,587048.5524162619,589234.5714285715,588709.0,583833.0,593702.0,all valid TSETMC Bank Maskan mortgage-facility certificates traded that day,Derived from standardized TSETMC instrument-day observations
2011-05-08,1390/02/18,1390,2,18,7,1327.0,17706.0,10483096957.0,592064.6649158477,592045.2857142857,592412.0,590992.0,592613.0,all valid TSETMC Bank Maskan mortgage-facility certificates traded that day,Derived from standardized TSETMC instrument-day observations
2011-05-09,1390/02/19,1390,2,19,7,1007.0,12105.0,7150158941.0,590678.1446509707,590403.0,589851.0,588734.0,593886.0,all valid TSETMC Bank Maskan mortgage-facility certificates traded that day,Derived from standardized TSETMC instrument-day observations
2011-05-10,1390/02/20,1390,2,20,7,1419.0,20816.0,12308855394.0,591317.0346848578,591212.1428571428,591629.0,589769.0,592533.0,all valid TSETMC Bank Maskan mortgage-facility certificates traded that day,Derived from standardized TSETMC instrument-day observations
2011-05-11,1390/02/21,1390,2,21,7,1458.0,23064.0,13698722874.0,593943.9331425598,593542.5714285715,591565.0,590480.0,599238.0,all valid TSETMC Bank Maskan mortgage-facility certificates traded that day,Derived from standardized TSETMC instrument-day observations
2011-05-14,1390/02/24,1390,2,24,7,214.0,3383.0,1998255334.0,590675.534732486,591392.4285714285,589601.0,587738.0,602566.0,all valid TSETMC Bank Maskan mortgage-facility certificates traded that day,Derived from standardized TSETMC instrument-day observations
2011-05-15,1390/02/25,1390,2,25,7,2124.0,35046.0,20827785088.0,594298.4959196484,594592.2857142857,591821.0,590034.0,605875.0,all valid TSETMC Bank Maskan mortgage-facility certificates traded that day,Derived from standardized TSETMC instrument-day observations
2011-05-16,1390/02/26,1390,2,26,7,1279.0,19302.0,11385401780.0,589856.0656926744,589528.2857142857,589062.0,588662.0,591764.0,all valid TSETMC Bank Maskan mortgage-facility certificates traded that day,Derived from standardized TSETMC instrument-day observations
2011-05-17,1390/02/27,1390,2,27,7,1439.0,22553.0,13372839875.0,592951.7081984659,593600.0,592183.0,589717.0,603242.0,all valid TSETMC Bank Maskan mortgage-facility certificates traded that day,Derived from standardized TSETMC instrument-day observations
2011-05-18,1390/02/28,1390,2,28,7,1265.0,18412.0,10876849980.0,590747.8807299588,590516.0,589313.0,589184.0,596821.0,all valid TSETMC Bank Maskan mortgage-facility certificates traded that day,Derived from standardized TSETMC instrument-day observations
2011-05-21,1390/02/31,1390,2,31,7,1174.0,16703.0,9918568606.0,593819.5896545531,592625.0,589492.0,588143.0,609737.0,all valid TSETMC Bank Maskan mortgage-facility certificates traded that day,Derived from standardized TSETMC instrument-day observations
2011-05-22,1390/03/01,1390,3,1,7,1213.0,18825.0,11208906977.0,595426.6654448871,595686.1428571428,594058.0,590144.0,611506.0,all valid TSETMC Bank Maskan mortgage-facility certificates traded that day,Derived from standardized TSETMC instrument-day observations
2011-05-23,1390/03/02,1390,3,2,7,1249.0,17867.0,10869543137.0,608358.6017238485,608491.8571428572,607902.0,602595.0,617174.0,all valid TSETMC Bank Maskan mortgage-facility certificates traded that day,Derived from standardized TSETMC instrument-day observations
2011-05-24,1390/03/03,1390,3,3,7,1170.0,14190.0,8918939932.0,628536.993093728,628053.5714285715,627168.0,624947.0,634581.0,all valid TSETMC Bank Maskan mortgage-facility certificates traded that day,Derived from standardized TSETMC instrument-day observations
2011-05-25,1390/03/04,1390,3,4,7,1086.0,12673.0,8288554297.0,654032.5334964097,653775.0,654682.0,649874.0,656508.0,all valid TSETMC Bank Maskan mortgage-facility certificates traded that day,Derived from standardized TSETMC instrument-day observations
2011-05-28,1390/03/07,1390,3,7,7,1250.0,17183.0,11608043971.0,675553.9760810103,675715.2857142857,674850.0,673417.0,680618.0,all valid TSETMC Bank Maskan mortgage-facility certificates traded that day,Derived from standardized TSETMC instrument-day observations
2011-05-29,1390/03/08,1390,3,8,7,670.0,8729.0,6191910682.0,709349.3735823118,709500.4285714285,708592.0,707087.0,714648.0,all valid TSETMC Bank Maskan mortgage-facility certificates traded that day,Derived from standardized TSETMC instrument-day observations
2011-05-30,1390/03/09,1390,3,9,7,757.0,9737.0,7252880569.0,744878.3577077128,744974.8571428572,744021.0,742441.0,750380.0,all valid TSETMC Bank Maskan mortgage-facility certificates traded that day,Derived from standardized TSETMC instrument-day observations
2011-05-31,1390/03/10,1390,3,10,7,531.0,10510.0,8218639107.0,781982.7884871551,782223.2857142857,781222.0,779563.0,787899.0,all valid TSETMC Bank Maskan mortgage-facility certificates traded that day,Derived from standardized TSETMC instrument-day observations
2011-06-01,1390/03/11,1390,3,11,7,1276.0,27762.0,22250609414.0,801477.1779410705,801925.5714285715,798839.0,791965.0,812645.0,all valid TSETMC Bank Maskan mortgage-facility certificates traded that day,Derived from standardized TSETMC instrument-day observations
2011-06-06,1390/03/16,1390,3,16,7,228.0,3944.0,2982933811.0,756321.9601926978,761834.2857142857,758898.0,752399.0,772013.0,all valid TSETMC Bank Maskan mortgage-facility certificates traded that day,Derived from standardized TSETMC instrument-day observations
2011-06-07,1390/03/17,1390,3,17,7,264.0,4307.0,3101402176.0,720084.0900859067,724257.8571428572,720954.0,717524.0,733413.0,all valid TSETMC Bank Maskan mortgage-facility certificates traded that day,Derived from standardized TSETMC instrument-day observations
2011-06-08,1390/03/18,1390,3,18,7,1026.0,18772.0,12893474827.0,686846.0913594716,689153.1428571428,688657.0,682421.0,696743.0,all valid TSETMC Bank Maskan mortgage-facility certificates traded that day,Derived from standardized TSETMC instrument-day observations
2011-06-11,1390/03/21,1390,3,21,7,1412.0,20176.0,13264144102.0,657421.892446471,659913.1428571428,657050.0,653759.0,675609.0,all valid TSETMC Bank Maskan mortgage-facility certificates traded that day,Derived from standardized TSETMC instrument-day observations
2011-06-12,1390/03/22,1390,3,22,7,1174.0,14863.0,10040571385.0,675541.3701809864,676352.1428571428,676450.0,669199.0,685832.0,all valid TSETMC Bank Maskan mortgage-facility certificates traded that day,Derived from standardized TSETMC instrument-day observations
2011-06-13,1390/03/23,1390,3,23,7,1054.0,14872.0,10542109703.0,708856.219943518,710169.1428571428,710272.0,702658.0,720123.0,all valid TSETMC Bank Maskan mortgage-facility certificates traded that day,Derived from standardized TSETMC instrument-day observations
2011-06-14,1390/03/24,1390,3,24,7,1379.0,23215.0,16673337429.0,718213.9749730778,717470.2857142857,720965.0,707177.0,722686.0,all valid TSETMC Bank Maskan mortgage-facility certificates traded that day,Derived from standardized TSETMC instrument-day observations
2011-06-15,1390/03/25,1390,3,25,7,824.0,11087.0,7677986447.0,692521.5519978353,692459.4285714285,692099.0,691756.0,693841.0,all valid TSETMC Bank Maskan mortgage-facility certificates traded that day,Derived from standardized TSETMC instrument-day observations
2011-06-18,1390/03/28,1390,3,28,7,690.0,9495.0,6872958548.0,723850.2946814112,724059.5714285715,723822.0,721717.0,726012.0,all valid TSETMC Bank Maskan mortgage-facility certificates traded that day,Derived from standardized TSETMC instrument-day observations
2011-06-19,1390/03/29,1390,3,29,7,1397.0,22794.0,17244959479.0,756556.9658243398,756724.4285714285,757045.0,755011.0,758480.0,all valid TSETMC Bank Maskan mortgage-facility certificates traded that day,Derived from standardized TSETMC instrument-day observations
2011-06-20,1390/03/30,1390,3,30,7,1251.0,17071.0,13048730325.0,764379.9616308359,764842.8571428572,762802.0,759957.0,775975.0,all valid TSETMC Bank Maskan mortgage-facility certificates traded that day,Derived from standardized TSETMC instrument-day observations
2011-06-21,1390/03/31,1390,3,31,7,1040.0,13176.0,10184719254.0,772975.0496357012,773063.2857142857,773168.0,771802.0,774516.0,all valid TSETMC Bank Maskan mortgage-facility certificates traded that day,Derived from standardized TSETMC instrument-day observations
2011-06-22,1390/04/01,1390,4,1,7,910.0,11952.0,9059292262.0,757972.9134872825,757871.8571428572,757446.0,756467.0,760237.0,all valid TSETMC Bank Maskan mortgage-facility certificates traded that day,Derived from standardized TSETMC instrument-day observations
2011-06-25,1390/04/04,1390,4,4,7,915.0,12957.0,9988917878.0,770928.2918885545,770820.7142857143,770305.0,768055.0,773868.0,all valid TSETMC Bank Maskan mortgage-facility certificates traded that day,Derived from standardized TSETMC instrument-day observations
2011-06-26,1390/04/05,1390,4,5,7,846.0,9939.0,7586077260.0,763263.6341684274,763121.5714285715,762183.0,760829.0,766065.0,all valid TSETMC Bank Maskan mortgage-facility certificates traded that day,Derived from standardized TSETMC instrument-day observations
2011-06-27,1390/04/06,1390,4,6,7,868.0,9817.0,7327006267.0,746358.9963328919,746385.2857142857,745884.0,744457.0,748248.0,all valid TSETMC Bank Maskan mortgage-facility certificates traded that day,Derived from standardized TSETMC instrument-day observations
2011-06-28,1390/04/07,1390,4,7,7,862.0,9601.0,7023999621.0,731590.4198520987,731791.0,733084.0,727860.0,734316.0,all valid TSETMC Bank Maskan mortgage-facility certificates traded that day,Derived from standardized TSETMC instrument-day observations
2011-06-29,1390/04/08,1390,4,8,7,722.0,7287.0,5210459781.0,715034.9637710992,715318.4285714285,715711.0,710859.0,718765.0,all valid TSETMC Bank Maskan mortgage-facility certificates traded that day,Derived from standardized TSETMC instrument-day observations
2011-07-02,1390/04/11,1390,4,11,7,505.0,5877.0,4281711801.0,728553.9903011741,728667.5714285715,728903.0,725682.0,731234.0,all valid TSETMC Bank Maskan mortgage-facility certificates traded that day,Derived from standardized TSETMC instrument-day observations
2011-07-03,1390/04/12,1390,4,12,7,287.0,5123.0,3904415825.0,762134.6525473356,761922.2857142857,760708.0,759821.0,764524.0,all valid TSETMC Bank Maskan mortgage-facility certificates traded that day,Derived from standardized TSETMC instrument-day observations
2011-07-04,1390/04/13,1390,4,13,7,479.0,8060.0,6384323852.0,792099.7334987593,792029.5714285715,791527.0,788519.0,797138.0,all valid TSETMC Bank Maskan mortgage-facility certificates traded that day,Derived from standardized TSETMC instrument-day observations
2011-07-05,1390/04/14,1390,4,14,7,406.0,6361.0,5025151914.0,789994.0125766388,790025.7142857143,789649.0,787611.0,792747.0,all valid TSETMC Bank Maskan mortgage-facility certificates traded that day,Derived from standardized TSETMC instrument-day observations
2011-07-06,1390/04/15,1390,4,15,7,600.0,8548.0,6892120839.0,806284.6091483388,806456.8571428572,805204.0,802785.0,812097.0,all valid TSETMC Bank Maskan mortgage-facility certificates traded that day,Derived from standardized TSETMC instrument-day observations
2011-07-09,1390/04/18,1390,4,18,7,347.0,4750.0,3996055023.0,841274.7416842105,840915.8571428572,840792.0,838209.0,843660.0,all valid TSETMC Bank Maskan mortgage-facility certificates traded that day,Derived from standardized TSETMC instrument-day observations
2011-07-10,1390/04/19,1390,4,19,7,1003.0,15026.0,12082186541.0,804085.3547850393,804703.0,804268.0,799423.0,810265.0,all valid TSETMC Bank Maskan mortgage-facility certificates traded that day,Derived from standardized TSETMC instrument-day observations
2011-07-11,1390/04/20,1390,4,20,7,957.0,12320.0,9485202879.0,769902.8310876624,769879.7142857143,767993.0,767321.0,777235.0,all valid TSETMC Bank Maskan mortgage-facility certificates traded that day,Derived from standardized TSETMC instrument-day observations
2011-07-12,1390/04/21,1390,4,21,7,1214.0,12683.0,9410359839.0,741966.3990380825,742120.0,740572.0,738854.0,749661.0,all valid TSETMC Bank Maskan mortgage-facility certificates traded that day,Derived from standardized TSETMC instrument-day observations
2011-07-13,1390/04/22,1390,4,22,7,929.0,11102.0,8592175004.0,773930.3732660782,774165.8571428572,773163.0,770515.0,779052.0,all valid TSETMC Bank Maskan mortgage-facility certificates traded that day,Derived from standardized TSETMC instrument-day observations
2011-07-16,1390/04/25,1390,4,25,7,839.0,9337.0,7374265763.0,789789.6286815894,789876.2857142857,790924.0,784921.0,793430.0,all valid TSETMC Bank Maskan mortgage-facility certificates traded that day,Derived from standardized TSETMC instrument-day observations
2011-07-18,1390/04/27,1390,4,27,7,946.0,11058.0,8683269079.0,785247.7011213601,785308.2857142857,785308.0,784240.0,786667.0,all valid TSETMC Bank Maskan mortgage-facility certificates traded that day,Derived from standardized TSETMC instrument-day observations
2011-07-19,1390/04/28,1390,4,28,7,1196.0,19661.0,15243041476.0,775293.2951528407,775792.5714285715,776212.0,769901.0,783296.0,all valid TSETMC Bank Maskan mortgage-facility certificates traded that day,Derived from standardized TSETMC instrument-day observations
2011-07-20,1390/04/29,1390,4,29,7,983.0,10913.0,8453254295.0,774604.0772473197,774569.5714285715,774541.0,773325.0,776085.0,all valid TSETMC Bank Maskan mortgage-facility certificates traded that day,Derived from standardized TSETMC instrument-day observations
2011-07-23,1390/05/01,1390,5,1,7,754.0,10170.0,7902157851.0,777006.6716814159,777144.0,777578.0,775068.0,778565.0,all valid TSETMC Bank Maskan mortgage-facility certificates traded that day,Derived from standardized TSETMC instrument-day observations
2011-07-24,1390/05/02,1390,5,2,7,946.0,12097.0,9536301155.0,788319.5135157477,788480.0,788034.0,787320.0,791039.0,all valid TSETMC Bank Maskan mortgage-facility certificates traded that day,Derived from standardized TSETMC instrument-day observations
2011-07-25,1390/05/03,1390,5,3,7,1030.0,12724.0,10189210222.0,800786.7197422194,800728.0,800643.0,799645.0,802374.0,all valid TSETMC Bank Maskan mortgage-facility certificates traded that day,Derived from standardized TSETMC instrument-day observations
2011-07-26,1390/05/04,1390,5,4,7,925.0,12649.0,10140582404.0,801690.4422483991,801690.8571428572,801390.0,801090.0,803254.0,all valid TSETMC Bank Maskan mortgage-facility certificates traded that day,Derived from standardized TSETMC instrument-day observations
2011-07-27,1390/05/05,1390,5,5,8,969.0,11935.0,9741811240.0,816238.8973607038,816228.375,815905.0,814600.0,818274.0,all valid TSETMC Bank Maskan mortgage-facility certificates traded that day,Derived from standardized TSETMC instrument-day observations
2011-07-30,1390/05/08,1390,5,8,8,1264.0,17487.0,14045977267.0,803223.9530508377,804352.625,803266.5,802130.0,809443.0,all valid TSETMC Bank Maskan mortgage-facility certificates traded that day,Derived from standardized TSETMC instrument-day observations
2011-07-31,1390/05/09,1390,5,9,8,1837.0,24232.0,19083899831.0,787549.5143199075,790137.0,789290.0,786364.0,798193.0,all valid TSETMC Bank Maskan mortgage-facility certificates traded that day,Derived from standardized TSETMC instrument-day observations
2011-08-01,1390/05/10,1390,5,10,8,1437.0,20682.0,15961465322.0,771756.373754956,774575.25,772131.5,770483.0,792571.0,all valid TSETMC Bank Maskan mortgage-facility certificates traded that day,Derived from standardized TSETMC instrument-day observations
2011-08-02,1390/05/11,1390,5,11,8,1520.0,21576.0,16721211976.0,774991.28550241,779015.125,776653.5,773473.0,798703.0,all valid TSETMC Bank Maskan mortgage-facility certificates traded that day,Derived from standardized TSETMC instrument-day observations
2011-08-03,1390/05/12,1390,5,12,8,1383.0,20275.0,16046972969.0,791465.9910727497,793218.5,793156.5,790416.0,795551.0,all valid TSETMC Bank Maskan mortgage-facility certificates traded that day,Derived from standardized TSETMC instrument-day observations
2011-08-06,1390/05/15,1390,5,15,8,1190.0,17261.0,13690381010.0,793139.5058223741,794620.125,793713.5,792006.0,798781.0,all valid TSETMC Bank Maskan mortgage-facility certificates traded that day,Derived from standardized TSETMC instrument-day observations
2011-08-07,1390/05/16,1390,5,16,8,1320.0,17095.0,13526603422.0,791260.8026908453,790558.25,790711.5,789244.0,792058.0,all valid TSETMC Bank Maskan mortgage-facility certificates traded that day,Derived from standardized TSETMC instrument-day observations
2011-08-08,1390/05/17,1390,5,17,8,1360.0,17607.0,13876905495.0,788147.0719032203,787947.875,787669.5,786908.0,790121.0,all valid TSETMC Bank Maskan mortgage-facility certificates traded that day,Derived from standardized TSETMC instrument-day observations
2011-08-09,1390/05/18,1390,5,18,8,1019.0,13519.0,10698109194.0,791338.7968044974,791541.875,790939.0,789845.0,797240.0,all valid TSETMC Bank Maskan mortgage-facility certificates traded that day,Derived from standardized TSETMC instrument-day observations
2011-08-10,1390/05/19,1390,5,19,8,1039.0,14151.0,11257311167.0,795513.4737474383,795622.125,795170.5,794654.0,799167.0,all valid TSETMC Bank Maskan mortgage-facility certificates traded that day,Derived from standardized TSETMC instrument-day observations
2011-08-13,1390/05/22,1390,5,22,8,1196.0,16254.0,13044200592.0,802522.492432632,802121.5,802018.5,801249.0,803132.0,all valid TSETMC Bank Maskan mortgage-facility certificates traded that day,Derived from standardized TSETMC instrument-day observations
2011-08-14,1390/05/23,1390,5,23,8,1275.0,17875.0,14331642341.0,801770.2008951049,801624.875,801177.0,800058.0,803931.0,all valid TSETMC Bank Maskan mortgage-facility certificates traded that day,Derived from standardized TSETMC instrument-day observations
2011-08-15,1390/05/24,1390,5,24,8,1179.0,13881.0,11119259288.0,801041.6603991067,800725.875,800504.5,799665.0,802065.0,all valid TSETMC Bank Maskan mortgage-facility certificates traded that day,Derived from standardized TSETMC instrument-day observations
2011-08-16,1390/05/25,1390,5,25,8,1147.0,14816.0,11864146486.0,800765.8265388769,800007.75,799683.5,797676.0,802416.0,all valid TSETMC Bank Maskan mortgage-facility certificates traded that day,Derived from standardized TSETMC instrument-day observations
2011-08-17,1390/05/26,1390,5,26,8,1049.0,15017.0,12103227560.0,805968.4064726643,805851.75,805795.0,803750.0,808574.0,all valid TSETMC Bank Maskan mortgage-facility certificates traded that day,Derived from standardized TSETMC instrument-day observations
2011-08-20,1390/05/29,1390,5,29,8,999.0,15374.0,12413377360.0,807426.6527904253,806950.375,806581.0,804001.0,809325.0,all valid TSETMC Bank Maskan mortgage-facility certificates traded that day,Derived from standardized TSETMC instrument-day observations
2011-08-21,1390/05/30,1390,5,30,8,1078.0,15163.0,12336212231.0,813573.3186704478,813198.875,812996.0,811401.0,814406.0,all valid TSETMC Bank Maskan mortgage-facility certificates traded that day,Derived from standardized TSETMC instrument-day observations
2011-08-23,1390/06/01,1390,6,1,8,797.0,11859.0,9723990775.0,819967.1789358293,819494.875,819588.5,818253.0,820392.0,all valid TSETMC Bank Maskan mortgage-facility certificates traded that day,Derived from standardized TSETMC instrument-day observations
2011-08-24,1390/06/02,1390,6,2,8,745.0,9568.0,7869290012.0,822459.2403846154,821817.375,821521.5,820826.0,824064.0,all valid TSETMC Bank Maskan mortgage-facility certificates traded that day,Derived from standardized TSETMC instrument-day observations
2011-08-27,1390/06/05,1390,6,5,8,911.0,11900.0,9753519142.0,819623.4573109244,819045.75,818662.0,817512.0,821105.0,all valid TSETMC Bank Maskan mortgage-facility certificates traded that day,Derived from standardized TSETMC instrument-day observations
2011-08-28,1390/06/06,1390,6,6,8,759.0,9768.0,8121699186.0,831459.7856265357,830560.125,830969.0,826264.0,834650.0,all valid TSETMC Bank Maskan mortgage-facility certificates traded that day,Derived from standardized TSETMC instrument-day observations
2011-08-29,1390/06/07,1390,6,7,8,946.0,9797.0,8120747562.0,828901.4557517607,830578.75,825756.0,825016.0,848443.0,all valid TSETMC Bank Maskan mortgage-facility certificates traded that day,Derived from standardized TSETMC instrument-day observations
2011-08-30,1390/06/08,1390,6,8,8,796.0,7273.0,5844592296.0,803601.3056510381,805022.375,802373.5,798180.0,831232.0,all valid TSETMC Bank Maskan mortgage-facility certificates traded that day,Derived from standardized TSETMC instrument-day observations
2011-09-03,1390/06/12,1390,6,12,8,562.0,6108.0,4930636009.0,807242.3066470203,806980.375,807315.5,802952.0,809912.0,all valid TSETMC Bank Maskan mortgage-facility certificates traded that day,Derived from standardized TSETMC instrument-day observations
2011-09-04,1390/06/13,1390,6,13,8,560.0,6128.0,4953423604.0,808326.3061357703,808173.375,808315.5,806783.0,809684.0,all valid TSETMC Bank Maskan mortgage-facility certificates traded that day,Derived from standardized TSETMC instrument-day observations
2011-09-05,1390/06/14,1390,6,14,8,825.0,8325.0,6725257026.0,807838.6818018018,808027.125,807850.5,807178.0,809741.0,all valid TSETMC Bank Maskan mortgage-facility certificates traded that day,Derived from standardized TSETMC instrument-day observations
2011-09-06,1390/06/15,1390,6,15,8,595.0,6092.0,4875080740.0,800243.0630334865,800238.125,799923.0,798000.0,802973.0,all valid TSETMC Bank Maskan mortgage-facility certificates traded that day,Derived from standardized TSETMC instrument-day observations
2011-09-07,1390/06/16,1390,6,16,8,708.0,8148.0,6483301533.0,795692.3825478645,795858.625,796025.5,795133.0,796501.0,all valid TSETMC Bank Maskan mortgage-facility certificates traded that day,Derived from standardized TSETMC instrument-day observations
2011-09-10,1390/06/19,1390,6,19,8,756.0,8049.0,6453479271.0,801774.0428624674,801990.625,801043.0,800053.0,808193.0,all valid TSETMC Bank Maskan mortgage-facility certificates traded that day,Derived from standardized TSETMC instrument-day observations
2011-09-11,1390/06/20,1390,6,20,8,837.0,9694.0,7785781927.0,803154.7273571282,802996.5,802942.0,802144.0,803716.0,all valid TSETMC Bank Maskan mortgage-facility certificates traded that day,Derived from standardized TSETMC instrument-day observations
2011-09-12,1390/06/21,1390,6,21,8,869.0,10306.0,8271355379.0,802576.691150786,802992.125,801543.0,800083.0,813639.0,all valid TSETMC Bank Maskan mortgage-facility certificates traded that day,Derived from standardized TSETMC instrument-day observations
2011-09-13,1390/06/22,1390,6,22,8,675.0,8620.0,6902283396.0,800728.93225058,800788.875,800927.5,797919.0,803397.0,all valid TSETMC Bank Maskan mortgage-facility certificates traded that day,Derived from standardized TSETMC instrument-day observations
2011-09-14,1390/06/23,1390,6,23,8,665.0,8476.0,6789589682.0,801037.0082586126,801574.25,800483.5,798800.0,808000.0,all valid TSETMC Bank Maskan mortgage-facility certificates traded that day,Derived from standardized TSETMC instrument-day observations
2011-09-17,1390/06/26,1390,6,26,8,590.0,7161.0,5710880205.0,797497.5848345204,797373.125,797382.5,795847.0,798457.0,all valid TSETMC Bank Maskan mortgage-facility certificates traded that day,Derived from standardized TSETMC instrument-day observations
2011-09-18,1390/06/27,1390,6,27,8,727.0,8593.0,6858424855.0,798140.9117886652,798106.625,798124.5,796464.0,799283.0,all valid TSETMC Bank Maskan mortgage-facility certificates traded that day,Derived from standardized TSETMC instrument-day observations
2011-09-19,1390/06/28,1390,6,28,8,676.0,10500.0,8387510565.0,798810.53,798425.625,798596.0,796426.0,800784.0,all valid TSETMC Bank Maskan mortgage-facility certificates traded that day,Derived from standardized TSETMC instrument-day observations
2011-09-20,1390/06/29,1390,6,29,8,598.0,6244.0,4996663670.0,800234.4122357463,800177.375,799811.0,799185.0,802061.0,all valid TSETMC Bank Maskan mortgage-facility certificates traded that day,Derived from standardized TSETMC instrument-day observations
2011-09-21,1390/06/30,1390,6,30,8,598.0,6379.0,5132112890.0,804532.5113654177,804324.25,803977.5,802877.0,806553.0,all valid TSETMC Bank Maskan mortgage-facility certificates traded that day,Derived from standardized TSETMC instrument-day observations
2011-09-25,1390/07/03,1390,7,3,8,547.0,5785.0,4659225494.0,805397.6653414002,805487.0,805361.5,804541.0,807351.0,all valid TSETMC Bank Maskan mortgage-facility certificates traded that day,Derived from standardized TSETMC instrument-day observations
2011-09-26,1390/07/04,1390,7,4,8,761.0,9234.0,7434236671.0,805093.8565085554,804536.375,804498.0,803117.0,806390.0,all valid TSETMC Bank Maskan mortgage-facility certificates traded that day,Derived from standardized TSETMC instrument-day observations
2011-09-27,1390/07/05,1390,7,5,8,624.0,7455.0,5982091137.0,802426.7118712274,802281.25,802257.0,800015.0,803700.0,all valid TSETMC Bank Maskan mortgage-facility certificates traded that day,Derived from standardized TSETMC instrument-day observations
2011-09-28,1390/07/06,1390,7,6,8,737.0,8381.0,6728094425.0,802779.4326452691,802899.375,802761.5,801798.0,804689.0,all valid TSETMC Bank Maskan mortgage-facility certificates traded that day,Derived from standardized TSETMC instrument-day observations
2011-10-01,1390/07/09,1390,7,9,8,692.0,7977.0,6371418621.0,798723.6581421588,798827.125,798813.0,797339.0,800673.0,all valid TSETMC Bank Maskan mortgage-facility certificates traded that day,Derived from standardized TSETMC instrument-day observations
2011-10-02,1390/07/10,1390,7,10,8,656.0,6836.0,5394928097.0,789193.6947045056,789189.125,788917.0,787418.0,792678.0,all valid TSETMC Bank Maskan mortgage-facility certificates traded that day,Derived from standardized TSETMC instrument-day observations
2011-10-03,1390/07/11,1390,7,11,8,520.0,6290.0,4918749093.0,781995.086327504,781630.125,781271.0,778792.0,786477.0,all valid TSETMC Bank Maskan mortgage-facility certificates traded that day,Derived from standardized TSETMC instrument-day observations
2011-10-04,1390/07/12,1390,7,12,8,588.0,6474.0,5025917662.0,776323.3954278653,776548.5,776523.5,774676.0,779978.0,all valid TSETMC Bank Maskan mortgage-facility certificates traded that day,Derived from standardized TSETMC instrument-day observations
2011-10-05,1390/07/13,1390,7,13,8,484.0,5351.0,4155325341.0,776551.1756680994,776697.75,776629.0,774853.0,780107.0,all valid TSETMC Bank Maskan mortgage-facility certificates traded that day,Derived from standardized TSETMC instrument-day observations
2011-10-08,1390/07/16,1390,7,16,8,461.0,4697.0,3646363898.0,776317.6278475623,776555.5,776593.5,774944.0,777643.0,all valid TSETMC Bank Maskan mortgage-facility certificates traded that day,Derived from standardized TSETMC instrument-day observations
2011-10-09,1390/07/17,1390,7,17,8,487.0,5662.0,4372215314.0,772203.3405157188,772340.25,772561.0,770080.0,774006.0,all valid TSETMC Bank Maskan mortgage-facility certificates traded that day,Derived from standardized TSETMC instrument-day observations
2011-10-10,1390/07/18,1390,7,18,8,487.0,5820.0,4514294146.0,775651.9151202749,775721.5,775723.5,773471.0,777861.0,all valid TSETMC Bank Maskan mortgage-facility certificates traded that day,Derived from standardized TSETMC instrument-day observations
2011-10-11,1390/07/19,1390,7,19,8,505.0,5356.0,4149088131.0,774661.7122852876,774665.875,773953.0,772143.0,779140.0,all valid TSETMC Bank Maskan mortgage-facility certificates traded that day,Derived from standardized TSETMC instrument-day observations
2011-10-12,1390/07/20,1390,7,20,8,578.0,6052.0,4690433279.0,775022.0223066754,775494.75,774753.5,773619.0,782486.0,all valid TSETMC Bank Maskan mortgage-facility certificates traded that day,Derived from standardized TSETMC instrument-day observations
2011-10-15,1390/07/23,1390,7,23,8,458.0,4576.0,3559967277.0,777964.8769667832,778014.75,778162.0,776476.0,779401.0,all valid TSETMC Bank Maskan mortgage-facility certificates traded that day,Derived from standardized TSETMC instrument-day observations
2011-10-16,1390/07/24,1390,7,24,8,515.0,5565.0,4319394407.0,776171.501707098,776269.5,776568.5,774755.0,777718.0,all valid TSETMC Bank Maskan mortgage-facility certificates traded that day,Derived from standardized TSETMC instrument-day observations
2011-10-17,1390/07/25,1390,7,25,8,551.0,6145.0,4774545858.0,776980.611554109,776761.625,776623.0,775811.0,777648.0,all valid TSETMC Bank Maskan mortgage-facility certificates traded that day,Derived from standardized TSETMC instrument-day observations
2011-10-18,1390/07/26,1390,7,26,8,492.0,6249.0,4838696858.0,774315.3877420387,774225.75,773735.5,772991.0,776742.0,all valid TSETMC Bank Maskan mortgage-facility certificates traded that day,Derived from standardized TSETMC instrument-day observations
2011-10-19,1390/07/27,1390,7,27,8,510.0,5213.0,4038749774.0,774745.7843851908,774549.0,774716.0,772574.0,776202.0,all valid TSETMC Bank Maskan mortgage-facility certificates traded that day,Derived from standardized TSETMC instrument-day observations
2011-10-22,1390/07/30,1390,7,30,8,493.0,5317.0,4118752913.0,774638.5015986458,774565.25,774309.5,772779.0,776843.0,all valid TSETMC Bank Maskan mortgage-facility certificates traded that day,Derived from standardized TSETMC instrument-day observations
2011-10-23,1390/08/01,1390,8,1,8,417.0,6396.0,4930103865.0,770810.4854596623,770993.125,771468.0,768369.0,774260.0,all valid TSETMC Bank Maskan mortgage-facility certificates traded that day,Derived from standardized TSETMC instrument-day observations
2011-10-24,1390/08/02,1390,8,2,8,541.0,6579.0,5044164050.0,766706.8019455845,766243.0,766166.5,764165.0,768439.0,all valid TSETMC Bank Maskan mortgage-facility certificates traded that day,Derived from standardized TSETMC instrument-day observations
2011-10-25,1390/08/03,1390,8,3,8,431.0,5019.0,3854604171.0,768002.4249850567,767803.5,767414.5,764590.0,771869.0,all valid TSETMC Bank Maskan mortgage-facility certificates traded that day,Derived from standardized TSETMC instrument-day observations
2011-10-26,1390/08/04,1390,8,4,8,494.0,5854.0,4378321408.0,747919.6118893065,747841.625,747270.5,741925.0,752995.0,all valid TSETMC Bank Maskan mortgage-facility certificates traded that day,Derived from standardized TSETMC instrument-day observations
2011-10-29,1390/08/07,1390,8,7,8,335.0,3737.0,2754051889.0,736968.6617607707,737000.25,735992.5,731863.0,744608.0,all valid TSETMC Bank Maskan mortgage-facility certificates traded that day,Derived from standardized TSETMC instrument-day observations
2011-10-30,1390/08/08,1390,8,8,8,394.0,4034.0,2913392592.0,722209.3683688646,722416.625,722145.0,718904.0,728423.0,all valid TSETMC Bank Maskan mortgage-facility certificates traded that day,Derived from standardized TSETMC instrument-day observations
2011-10-31,1390/08/09,1390,8,9,8,367.0,3601.0,2528679703.0,702215.9686198279,702218.0,702775.5,700034.0,704112.0,all valid TSETMC Bank Maskan mortgage-facility certificates traded that day,Derived from standardized TSETMC instrument-day observations
2011-11-01,1390/08/10,1390,8,10,8,408.0,6556.0,4555682840.0,694887.5594874924,695747.75,694596.0,692741.0,704868.0,all valid TSETMC Bank Maskan mortgage-facility certificates traded that day,Derived from standardized TSETMC instrument-day observations
2011-11-02,1390/08/11,1390,8,11,8,383.0,4407.0,3076998846.0,698207.1354663036,697724.75,698357.5,693029.0,702257.0,all valid TSETMC Bank Maskan mortgage-facility certificates traded that day,Derived from standardized TSETMC instrument-day observations
2011-11-05,1390/08/14,1390,8,14,8,354.0,2956.0,2092578846.0,707908.946549391,707335.375,707443.5,702701.0,711185.0,all valid TSETMC Bank Maskan mortgage-facility certificates traded that day,Derived from standardized TSETMC instrument-day observations
2011-11-06,1390/08/15,1390,8,15,8,413.0,4471.0,3227085838.0,721781.6680832029,721396.375,721322.0,719039.0,725472.0,all valid TSETMC Bank Maskan mortgage-facility certificates traded that day,Derived from standardized TSETMC instrument-day observations
2011-11-08,1390/08/17,1390,8,17,8,338.0,3965.0,2954050336.0,745031.610592686,745528.125,744736.5,743502.0,750208.0,all valid TSETMC Bank Maskan mortgage-facility certificates traded that day,Derived from standardized TSETMC instrument-day observations
2011-11-09,1390/08/18,1390,8,18,8,411.0,6998.0,5232529101.0,747717.7909402687,748075.125,747543.5,746210.0,752863.0,all valid TSETMC Bank Maskan mortgage-facility certificates traded that day,Derived from standardized TSETMC instrument-day observations
2011-11-12,1390/08/21,1390,8,21,8,464.0,5146.0,3877259291.0,753451.086474932,753361.375,753034.5,752267.0,754879.0,all valid TSETMC Bank Maskan mortgage-facility certificates traded that day,Derived from standardized TSETMC instrument-day observations
2011-11-13,1390/08/22,1390,8,22,8,446.0,4662.0,3483509146.0,747213.459030459,746977.125,747238.0,744732.0,750663.0,all valid TSETMC Bank Maskan mortgage-facility certificates traded that day,Derived from standardized TSETMC instrument-day observations
2011-11-14,1390/08/23,1390,8,23,8,379.0,4149.0,3079827921.0,742306.0788141721,742358.5,741913.5,740677.0,745386.0,all valid TSETMC Bank Maskan mortgage-facility certificates traded that day,Derived from standardized TSETMC instrument-day observations
2011-11-16,1390/08/25,1390,8,25,8,354.0,4147.0,3103106161.0,748277.3477212443,747928.5,748341.0,745821.0,749713.0,all valid TSETMC Bank Maskan mortgage-facility certificates traded that day,Derived from standardized TSETMC instrument-day observations
2011-11-19,1390/08/28,1390,8,28,8,399.0,4839.0,3602247606.0,744419.840049597,744630.125,744629.0,741928.0,748100.0,all valid TSETMC Bank Maskan mortgage-facility certificates traded that day,Derived from standardized TSETMC instrument-day observations
2011-11-20,1390/08/29,1390,8,29,8,410.0,5255.0,3901663401.0,742466.8698382493,742473.75,742011.0,740994.0,745227.0,all valid TSETMC Bank Maskan mortgage-facility certificates traded that day,Derived from standardized TSETMC instrument-day observations
2011-11-21,1390/08/30,1390,8,30,8,369.0,4432.0,3293772342.0,743179.6800541516,742882.0,742892.5,741396.0,746007.0,all valid TSETMC Bank Maskan mortgage-facility certificates traded that day,Derived from standardized TSETMC instrument-day observations
2011-11-22,1390/09/01,1390,9,1,8,353.0,4186.0,3104323558.0,741596.6454849498,741525.5,741601.5,739800.0,743358.0,all valid TSETMC Bank Maskan mortgage-facility certificates traded that day,Derived from standardized TSETMC instrument-day observations
2011-11-23,1390/09/02,1390,9,2,8,467.0,5678.0,4204065195.0,740413.0318774217,740213.375,740550.5,738043.0,741820.0,all valid TSETMC Bank Maskan mortgage-facility certificates traded that day,Derived from standardized TSETMC instrument-day observations
2011-11-26,1390/09/05,1390,9,5,8,396.0,5348.0,3944268130.0,737522.088631264,737224.875,737424.5,735518.0,738518.0,all valid TSETMC Bank Maskan mortgage-facility certificates traded that day,Derived from standardized TSETMC instrument-day observations
2011-11-27,1390/09/06,1390,9,6,9,863.0,13035.0,9494980104.0,728421.9489067894,737198.0,737997.0,723322.0,741173.0,all valid TSETMC Bank Maskan mortgage-facility certificates traded that day,Derived from standardized TSETMC instrument-day observations
2011-11-28,1390/09/07,1390,9,7,9,1166.0,16114.0,11535774184.0,715885.2044185181,723052.8888888889,721691.0,714329.0,733732.0,all valid TSETMC Bank Maskan mortgage-facility certificates traded that day,Derived from standardized TSETMC instrument-day observations
2011-11-29,1390/09/08,1390,9,8,9,1275.0,17465.0,12482204228.0,714698.2094474664,720809.4444444445,719746.0,713219.0,735100.0,all valid TSETMC Bank Maskan mortgage-facility certificates traded that day,Derived from standardized TSETMC instrument-day observations
2011-11-30,1390/09/09,1390,9,9,9,1330.0,17575.0,12527498844.0,712802.2101849217,714437.6666666666,714326.0,712382.0,716974.0,all valid TSETMC Bank Maskan mortgage-facility certificates traded that day,Derived from standardized TSETMC instrument-day observations
2011-12-03,1390/09/12,1390,9,12,9,1031.0,14656.0,10458820567.0,713620.3989492358,713647.6666666666,713495.0,711457.0,716090.0,all valid TSETMC Bank Maskan mortgage-facility certificates traded that day,Derived from standardized TSETMC instrument-day observations
2011-12-04,1390/09/13,1390,9,13,9,1229.0,17892.0,12741855251.0,712153.7698971607,711943.7777777778,712090.0,710223.0,714697.0,all valid TSETMC Bank Maskan mortgage-facility certificates traded that day,Derived from standardized TSETMC instrument-day observations
2011-12-07,1390/09/16,1390,9,16,9,846.0,11734.0,8448491851.0,720001.0099710244,719379.4444444445,719038.0,716278.0,723516.0,all valid TSETMC Bank Maskan mortgage-facility certificates traded that day,Derived from standardized TSETMC instrument-day observations
2011-12-10,1390/09/19,1390,9,19,9,1164.0,15386.0,11182675025.0,726808.4638632523,726852.6666666666,726786.0,724842.0,729714.0,all valid TSETMC Bank Maskan mortgage-facility certificates traded that day,Derived from standardized TSETMC instrument-day observations
2011-12-11,1390/09/20,1390,9,20,9,997.0,12505.0,9048221172.0,723568.2664534186,723352.3333333334,723553.0,720790.0,727457.0,all valid TSETMC Bank Maskan mortgage-facility certificates traded that day,Derived from standardized TSETMC instrument-day observations
2011-12-12,1390/09/21,1390,9,21,9,884.0,11781.0,8489999544.0,720651.8584160937,719175.3333333334,719009.0,717707.0,721496.0,all valid TSETMC Bank Maskan mortgage-facility certificates traded that day,Derived from standardized TSETMC instrument-day observations
2011-12-13,1390/09/22,1390,9,22,9,861.0,11818.0,8547914500.0,723296.2007107802,722656.1111111111,722656.0,720770.0,724770.0,all valid TSETMC Bank Maskan mortgage-facility certificates traded that day,Derived from standardized TSETMC instrument-day observations
2011-12-14,1390/09/23,1390,9,23,9,933.0,12320.0,8914288957.0,723562.415340909,722007.0,721939.0,719702.0,724498.0,all valid TSETMC Bank Maskan mortgage-facility certificates traded that day,Derived from standardized TSETMC instrument-day observations
2011-12-17,1390/09/26,1390,9,26,9,863.0,11981.0,8691822569.0,725467.2038227193,724521.1111111111,724187.0,722066.0,726796.0,all valid TSETMC Bank Maskan mortgage-facility certificates traded that day,Derived from standardized TSETMC instrument-day observations
2011-12-18,1390/09/27,1390,9,27,9,881.0,12041.0,8705320295.0,722973.1994850927,722490.1111111111,722368.0,720740.0,725410.0,all valid TSETMC Bank Maskan mortgage-facility certificates traded that day,Derived from standardized TSETMC instrument-day observations
2011-12-19,1390/09/28,1390,9,28,9,877.0,10884.0,7871878360.0,723252.3300257259,720940.6666666666,720503.0,719397.0,724931.0,all valid TSETMC Bank Maskan mortgage-facility certificates traded that day,Derived from standardized TSETMC instrument-day observations
2011-12-20,1390/09/29,1390,9,29,9,679.0,9397.0,6801137605.0,723756.2631690965,723326.8888888889,723281.0,722434.0,724569.0,all valid TSETMC Bank Maskan mortgage-facility certificates traded that day,Derived from standardized TSETMC instrument-day observations
2011-12-21,1390/09/30,1390,9,30,9,618.0,10135.0,7339009265.0,724125.2358164776,722742.5555555555,722279.0,720964.0,725502.0,all valid TSETMC Bank Maskan mortgage-facility certificates traded that day,Derived from standardized TSETMC instrument-day observations
2011-12-24,1390/10/03,1390,10,3,9,860.0,13048.0,9424007622.0,722256.8686388718,721649.2222222222,720837.0,719955.0,725138.0,all valid TSETMC Bank Maskan mortgage-facility certificates traded that day,Derived from standardized TSETMC instrument-day observations
2011-12-25,1390/10/04,1390,10,4,10,1127.0,16764.0,12071819775.0,720103.7804223336,719991.9,720111.5,718177.0,721887.0,all valid TSETMC Bank Maskan mortgage-facility certificates traded that day,Derived from standardized TSETMC instrument-day observations
2011-12-26,1390/10/05,1390,10,5,10,1168.0,16035.0,11426179636.0,712577.4640473963,714448.8,713607.0,710982.0,721668.0,all valid TSETMC Bank Maskan mortgage-facility certificates traded that day,Derived from standardized TSETMC instrument-day observations
2011-12-27,1390/10/06,1390,10,6,10,1466.0,19368.0,13641610408.0,704337.5881866997,707439.3,706875.5,703033.0,711585.0,all valid TSETMC Bank Maskan mortgage-facility certificates traded that day,Derived from standardized TSETMC instrument-day observations
2011-12-28,1390/10/07,1390,10,7,10,1389.0,20282.0,14189154555.0,699593.4599645005,700101.8,699825.0,697722.0,703268.0,all valid TSETMC Bank Maskan mortgage-facility certificates traded that day,Derived from standardized TSETMC instrument-day observations
2011-12-31,1390/10/10,1390,10,10,10,1370.0,19482.0,13638799646.0,700071.8430345961,700868.4,699151.0,697152.0,714663.0,all valid TSETMC Bank Maskan mortgage-facility certificates traded that day,Derived from standardized TSETMC instrument-day observations
2012-01-01,1390/10/11,1390,10,11,10,1411.0,18562.0,12943030464.0,697286.4165499407,696931.6,696589.5,694953.0,699456.0,all valid TSETMC Bank Maskan mortgage-facility certificates traded that day,Derived from standardized TSETMC instrument-day observations
2012-01-02,1390/10/12,1390,10,12,10,1483.0,19302.0,13478071176.0,698273.296860429,697550.0,697551.0,694847.0,701166.0,all valid TSETMC Bank Maskan mortgage-facility certificates traded that day,Derived from standardized TSETMC instrument-day observations
2012-01-03,1390/10/13,1390,10,13,10,1306.0,17242.0,12080999401.0,700672.7410393226,700130.0,699806.5,699227.0,701185.0,all valid TSETMC Bank Maskan mortgage-facility certificates traded that day,Derived from standardized TSETMC instrument-day observations
2012-01-04,1390/10/14,1390,10,14,10,1336.0,17909.0,12576039942.0,702218.9927969178,700974.6,700784.5,698124.0,703830.0,all valid TSETMC Bank Maskan mortgage-facility certificates traded that day,Derived from standardized TSETMC instrument-day observations
2012-01-07,1390/10/17,1390,10,17,10,1415.0,19340.0,13569165975.0,701611.477507756,700603.2,700762.0,697074.0,703462.0,all valid TSETMC Bank Maskan mortgage-facility certificates traded that day,Derived from standardized TSETMC instrument-day observations
2012-01-08,1390/10/18,1390,10,18,10,1371.0,19957.0,14183501828.0,710703.1030716039,709256.3,709335.0,707086.0,711543.0,all valid TSETMC Bank Maskan mortgage-facility certificates traded that day,Derived from standardized TSETMC instrument-day observations
2012-01-09,1390/10/19,1390,10,19,10,1360.0,20273.0,14552324148.0,717817.9918117693,717714.5,717687.5,715650.0,720183.0,all valid TSETMC Bank Maskan mortgage-facility certificates traded that day,Derived from standardized TSETMC instrument-day observations
2012-01-10,1390/10/20,1390,10,20,10,1297.0,22426.0,16225253729.0,723501.9053330955,722803.0,722800.0,720575.0,724129.0,all valid TSETMC Bank Maskan mortgage-facility certificates traded that day,Derived from standardized TSETMC instrument-day observations
2012-01-11,1390/10/21,1390,10,21,10,1296.0,20208.0,14638759751.0,724404.1840360253,723737.0,723752.5,721449.0,726590.0,all valid TSETMC Bank Maskan mortgage-facility certificates traded that day,Derived from standardized TSETMC instrument-day observations
2012-01-15,1390/10/25,1390,10,25,10,1351.0,22843.0,16399880998.0,717939.0184301536,718470.9,718397.0,712625.0,721505.0,all valid TSETMC Bank Maskan mortgage-facility certificates traded that day,Derived from standardized TSETMC instrument-day observations
2012-01-16,1390/10/26,1390,10,26,10,1321.0,20339.0,14643293019.0,719961.3067997444,719740.8,719365.0,717863.0,723857.0,all valid TSETMC Bank Maskan mortgage-facility certificates traded that day,Derived from standardized TSETMC instrument-day observations
2012-01-17,1390/10/27,1390,10,27,10,1192.0,20322.0,14644355152.0,720615.8425351835,719601.6,719414.0,718594.0,721460.0,all valid TSETMC Bank Maskan mortgage-facility certificates traded that day,Derived from standardized TSETMC instrument-day observations
2012-01-18,1390/10/28,1390,10,28,10,1125.0,18714.0,13506989844.0,721758.5681308112,720520.9,720669.5,718562.0,723110.0,all valid TSETMC Bank Maskan mortgage-facility certificates traded that day,Derived from standardized TSETMC instrument-day observations
2012-01-21,1390/11/01,1390,11,1,10,1007.0,16347.0,11853818652.0,725137.2516057992,723938.5,723905.0,721484.0,727220.0,all valid TSETMC Bank Maskan mortgage-facility certificates traded that day,Derived from standardized TSETMC instrument-day observations
2012-01-23,1390/11/03,1390,11,3,10,1213.0,17614.0,13100974553.0,743781.9094470307,742606.0,742931.0,739099.0,745769.0,all valid TSETMC Bank Maskan mortgage-facility certificates traded that day,Derived from standardized TSETMC instrument-day observations
2012-01-25,1390/11/05,1390,11,5,10,1021.0,14339.0,11171672214.0,779110.9710579538,777383.8,778120.0,770742.0,781558.0,all valid TSETMC Bank Maskan mortgage-facility certificates traded that day,Derived from standardized TSETMC instrument-day observations
2012-01-28,1390/11/08,1390,11,8,11,1866.0,28656.0,22299588084.0,778182.1637353434,785928.0909090909,785577.0,758302.0,804680.0,all valid TSETMC Bank Maskan mortgage-facility certificates traded that day,Derived from standardized TSETMC instrument-day observations
2012-01-29,1390/11/09,1390,11,9,11,2218.0,34889.0,25783353615.0,739010.9666370489,753950.0909090909,752075.0,734537.0,774428.0,all valid TSETMC Bank Maskan mortgage-facility certificates traded that day,Derived from standardized TSETMC instrument-day observations
2012-01-30,1390/11/10,1390,11,10,11,2315.0,35893.0,26656223628.0,742658.00094726,741867.0,741642.0,738232.0,746634.0,all valid TSETMC Bank Maskan mortgage-facility certificates traded that day,Derived from standardized TSETMC instrument-day observations
2012-01-31,1390/11/11,1390,11,11,11,2246.0,31476.0,23741396042.0,754269.7941924005,754785.8181818182,755307.0,747977.0,757269.0,all valid TSETMC Bank Maskan mortgage-facility certificates traded that day,Derived from standardized TSETMC instrument-day observations
2012-02-01,1390/11/12,1390,11,12,11,2159.0,30400.0,23469087220.0,772009.4480263158,771739.9090909091,771846.0,769998.0,773406.0,all valid TSETMC Bank Maskan mortgage-facility certificates traded that day,Derived from standardized TSETMC instrument-day observations
2012-02-04,1390/11/15,1390,11,15,11,2005.0,24950.0,19166684865.0,768203.8022044088,766302.3636363636,766374.0,760415.0,769638.0,all valid TSETMC Bank Maskan mortgage-facility certificates traded that day,Derived from standardized TSETMC instrument-day observations
2012-02-05,1390/11/16,1390,11,16,11,2035.0,27343.0,20836738495.0,762050.1954796475,760678.5454545454,760960.0,756878.0,762603.0,all valid TSETMC Bank Maskan mortgage-facility certificates traded that day,Derived from standardized TSETMC instrument-day observations
2012-02-06,1390/11/17,1390,11,17,11,2025.0,29613.0,22629243135.0,764165.8438861311,761705.2727272727,762318.0,755950.0,766751.0,all valid TSETMC Bank Maskan mortgage-facility certificates traded that day,Derived from standardized TSETMC instrument-day observations
2012-02-07,1390/11/18,1390,11,18,11,2054.0,29708.0,22541148062.0,758756.8352632287,756623.7272727273,756945.0,753038.0,759483.0,all valid TSETMC Bank Maskan mortgage-facility certificates traded that day,Derived from standardized TSETMC instrument-day observations
2012-02-08,1390/11/19,1390,11,19,11,1620.0,20275.0,15231277726.0,751234.4131196054,748693.1818181818,748101.0,744589.0,754100.0,all valid TSETMC Bank Maskan mortgage-facility certificates traded that day,Derived from standardized TSETMC instrument-day observations
2012-02-12,1390/11/23,1390,11,23,11,1401.0,20260.0,15268302735.0,753618.1014313919,751938.5454545454,751530.0,749841.0,754773.0,all valid TSETMC Bank Maskan mortgage-facility certificates traded that day,Derived from standardized TSETMC instrument-day observations
2012-02-13,1390/11/24,1390,11,24,11,1777.0,24271.0,18549830583.0,764279.6169502699,763032.2727272727,763444.0,759823.0,765688.0,all valid TSETMC Bank Maskan mortgage-facility certificates traded that day,Derived from standardized TSETMC instrument-day observations
2012-02-14,1390/11/25,1390,11,25,11,1619.0,22859.0,17646972768.0,771992.3342228443,770453.9090909091,770316.0,767478.0,774042.0,all valid TSETMC Bank Maskan mortgage-facility certificates traded that day,Derived from standardized TSETMC instrument-day observations
2012-02-15,1390/11/26,1390,11,26,11,1667.0,22155.0,17228574702.0,777638.217197021,777007.6363636364,777005.0,774717.0,780178.0,all valid TSETMC Bank Maskan mortgage-facility certificates traded that day,Derived from standardized TSETMC instrument-day observations
2012-02-18,1390/11/29,1390,11,29,11,1574.0,23406.0,18078430133.0,772384.4370246945,770558.0909090909,770634.0,767340.0,773641.0,all valid TSETMC Bank Maskan mortgage-facility certificates traded that day,Derived from standardized TSETMC instrument-day observations
2012-02-19,1390/11/30,1390,11,30,11,1553.0,21372.0,16516851747.0,772826.6772880404,771230.6363636364,771822.0,768322.0,775820.0,all valid TSETMC Bank Maskan mortgage-facility certificates traded that day,Derived from standardized TSETMC instrument-day observations
2012-02-20,1390/12/01,1390,12,1,11,1471.0,24703.0,19127631241.0,774303.9809334899,771521.7272727273,771203.0,769018.0,775945.0,all valid TSETMC Bank Maskan mortgage-facility certificates traded that day,Derived from standardized TSETMC instrument-day observations
2012-02-21,1390/12/02,1390,12,2,11,1466.0,19090.0,14815142962.0,776068.2536406496,774681.8181818182,774785.0,769448.0,778254.0,all valid TSETMC Bank Maskan mortgage-facility certificates traded that day,Derived from standardized TSETMC instrument-day observations
2012-02-22,1390/12/03,1390,12,3,11,1582.0,22017.0,17013820114.0,772758.3282917745,769776.2727272727,768703.0,766623.0,776010.0,all valid TSETMC Bank Maskan mortgage-facility certificates traded that day,Derived from standardized TSETMC instrument-day observations
2012-02-25,1390/12/06,1390,12,6,11,1451.0,19849.0,15374398619.0,774567.9187364603,772778.7272727273,772085.0,770052.0,777395.0,all valid TSETMC Bank Maskan mortgage-facility certificates traded that day,Derived from standardized TSETMC instrument-day observations
2012-02-26,1390/12/07,1390,12,7,12,1951.0,27232.0,20568329927.0,755300.0120079318,760147.4166666666,759223.5,748783.0,766927.0,all valid TSETMC Bank Maskan mortgage-facility certificates traded that day,Derived from standardized TSETMC instrument-day observations
2012-02-27,1390/12/08,1390,12,8,12,2014.0,27650.0,20501605544.0,741468.5549367089,741712.0,742045.5,738215.0,744293.0,all valid TSETMC Bank Maskan mortgage-facility certificates traded that day,Derived from standardized TSETMC instrument-day observations
2012-02-28,1390/12/09,1390,12,9,12,1838.0,25503.0,18470145000.0,724234.2077402659,723395.4166666666,723668.5,719238.0,728828.0,all valid TSETMC Bank Maskan mortgage-facility certificates traded that day,Derived from standardized TSETMC instrument-day observations
2012-02-29,1390/12/10,1390,12,10,12,1982.0,30304.0,22012672426.0,726394.9454197466,727471.75,726287.0,723852.0,743135.0,all valid TSETMC Bank Maskan mortgage-facility certificates traded that day,Derived from standardized TSETMC instrument-day observations
2012-03-03,1390/12/13,1390,12,13,12,1864.0,29587.0,21750249015.0,735128.5704870382,736771.6666666666,734977.5,728901.0,762444.0,all valid TSETMC Bank Maskan mortgage-facility certificates traded that day,Derived from standardized TSETMC instrument-day observations
2012-03-04,1390/12/14,1390,12,14,12,1572.0,25306.0,18477536895.0,730164.2651940251,732379.5833333334,730803.5,727106.0,747894.0,all valid TSETMC Bank Maskan mortgage-facility certificates traded that day,Derived from standardized TSETMC instrument-day observations
2012-03-05,1390/12/15,1390,12,15,12,1498.0,21246.0,15373570810.0,723598.362515297,724532.3333333334,724361.0,720781.0,728779.0,all valid TSETMC Bank Maskan mortgage-facility certificates traded that day,Derived from standardized TSETMC instrument-day observations
2012-03-06,1390/12/16,1390,12,16,12,1457.0,26849.0,19104971447.0,711571.0621252188,713344.0,712444.0,707955.0,727241.0,all valid TSETMC Bank Maskan mortgage-facility certificates traded that day,Derived from standardized TSETMC instrument-day observations
2012-03-07,1390/12/17,1390,12,17,12,1259.0,15259.0,10845083395.0,710733.5601939838,709784.75,710006.5,706910.0,712578.0,all valid TSETMC Bank Maskan mortgage-facility certificates traded that day,Derived from standardized TSETMC instrument-day observations
2012-03-10,1390/12/20,1390,12,20,12,1305.0,17683.0,12525017321.0,708308.3934287168,708703.8333333334,708462.0,706027.0,711325.0,all valid TSETMC Bank Maskan mortgage-facility certificates traded that day,Derived from standardized TSETMC instrument-day observations
2012-03-11,1390/12/21,1390,12,21,12,1243.0,17155.0,12082836881.0,704333.248673856,705662.6666666666,703839.0,702303.0,718040.0,all valid TSETMC Bank Maskan mortgage-facility certificates traded that day,Derived from standardized TSETMC instrument-day observations
2012-03-12,1390/12/22,1390,12,22,12,1151.0,18123.0,12675263295.0,699402.0468465486,699323.0833333334,699606.5,694743.0,704745.0,all valid TSETMC Bank Maskan mortgage-facility certificates traded that day,Derived from standardized TSETMC instrument-day observations
2012-03-13,1390/12/23,1390,12,23,12,965.0,15386.0,10799490577.0,701903.7161705446,700950.75,700084.5,696604.0,706416.0,all valid TSETMC Bank Maskan mortgage-facility certificates traded that day,Derived from standardized TSETMC instrument-day observations
2012-03-14,1390/12/24,1390,12,24,12,868.0,17444.0,12390047114.0,710275.5740655813,709956.1666666666,709483.0,706417.0,714537.0,all valid TSETMC Bank Maskan mortgage-facility certificates traded that day,Derived from standardized TSETMC instrument-day observations
2012-03-17,1390/12/27,1390,12,27,12,747.0,11267.0,8028381358.0,712557.145469069,712388.0,712817.0,707599.0,721526.0,all valid TSETMC Bank Maskan mortgage-facility certificates traded that day,Derived from standardized TSETMC instrument-day observations
2012-03-18,1390/12/28,1390,12,28,12,607.0,10424.0,7542444702.0,723565.3014198005,719872.75,720550.5,713152.0,728634.0,all valid TSETMC Bank Maskan mortgage-facility certificates traded that day,Derived from standardized TSETMC instrument-day observations
2012-03-24,1391/01/05,1391,1,5,12,258.0,5140.0,3735138369.0,726680.616536965,724592.5833333334,724139.0,717471.0,736749.0,all valid TSETMC Bank Maskan mortgage-facility certificates traded that day,Derived from standardized TSETMC instrument-day observations
2012-03-25,1391/01/06,1391,1,6,11,406.0,6189.0,4507853214.0,728365.3601551139,725716.0909090909,727877.0,715161.0,729998.0,all valid TSETMC Bank Maskan mortgage-facility certificates traded that day,Derived from standardized TSETMC instrument-day observations
2012-03-26,1391/01/07,1391,1,7,12,405.0,6673.0,4831182251.0,723989.5475797992,723875.0833333334,724027.5,718559.0,736112.0,all valid TSETMC Bank Maskan mortgage-facility certificates traded that day,Derived from standardized TSETMC instrument-day observations
2012-03-27,1391/01/08,1391,1,8,13,718.0,13109.0,9342751071.0,712697.4651765962,718438.5384615385,717919.0,706010.0,734750.0,all valid TSETMC Bank Maskan mortgage-facility certificates traded that day,Derived from standardized TSETMC instrument-day observations
2012-03-28,1391/01/09,1391,1,9,13,845.0,13999.0,9959413509.0,711437.4961782985,712646.7692307692,710756.0,705760.0,730911.0,all valid TSETMC Bank Maskan mortgage-facility certificates traded that day,Derived from standardized TSETMC instrument-day observations
2012-04-02,1391/01/14,1391,1,14,12,1095.0,14468.0,10257193206.0,708957.2301631186,711214.3333333334,709077.0,706821.0,727142.0,all valid TSETMC Bank Maskan mortgage-facility certificates traded that day,Derived from standardized TSETMC instrument-day observations
2012-04-03,1391/01/15,1391,1,15,13,1350.0,16065.0,11344129353.0,706139.3932773109,707562.6153846154,706823.0,696256.0,718316.0,all valid TSETMC Bank Maskan mortgage-facility certificates traded that day,Derived from standardized TSETMC instrument-day observations
2012-04-04,1391/01/16,1391,1,16,13,1691.0,21707.0,15249029727.0,702493.6530612245,703582.0,703150.0,699439.0,715047.0,all valid TSETMC Bank Maskan mortgage-facility certificates traded that day,Derived from standardized TSETMC instrument-day observations
2012-04-07,1391/01/19,1391,1,19,13,1800.0,22054.0,15498405663.0,702748.0576312687,702763.4615384615,702343.0,697557.0,708899.0,all valid TSETMC Bank Maskan mortgage-facility certificates traded that day,Derived from standardized TSETMC instrument-day observations
2012-04-08,1391/01/20,1391,1,20,13,1464.0,20200.0,14144175554.0,700206.7105940594,700084.9230769231,700068.0,694993.0,704898.0,all valid TSETMC Bank Maskan mortgage-facility certificates traded that day,Derived from standardized TSETMC instrument-day observations
2012-04-09,1391/01/21,1391,1,21,13,1407.0,21878.0,15318884160.0,700195.8204589084,699558.5384615385,699933.0,695662.0,702201.0,all valid TSETMC Bank Maskan mortgage-facility certificates traded that day,Derived from standardized TSETMC instrument-day observations
2012-04-10,1391/01/22,1391,1,22,13,1313.0,18288.0,12816366608.0,700807.447944007,700075.3076923077,700839.0,697091.0,701728.0,all valid TSETMC Bank Maskan mortgage-facility certificates traded that day,Derived from standardized TSETMC instrument-day observations
2012-04-11,1391/01/23,1391,1,23,13,1374.0,18875.0,13251492637.0,702065.8350728477,702093.8461538461,701528.0,699950.0,707289.0,all valid TSETMC Bank Maskan mortgage-facility certificates traded that day,Derived from standardized TSETMC instrument-day observations
2012-04-14,1391/01/26,1391,1,26,13,1339.0,17671.0,12396193943.0,701499.289400713,699894.3846153846,699874.0,696311.0,702604.0,all valid TSETMC Bank Maskan mortgage-facility certificates traded that day,Derived from standardized TSETMC instrument-day observations
2012-04-15,1391/01/27,1391,1,27,13,1309.0,17695.0,12396897134.0,700587.5746821136,698743.5384615385,698746.0,691371.0,701801.0,all valid TSETMC Bank Maskan mortgage-facility certificates traded that day,Derived from standardized TSETMC instrument-day observations
2012-04-16,1391/01/28,1391,1,28,13,1363.0,19558.0,13687719354.0,699852.7126495552,698171.3846153846,697782.0,695181.0,701936.0,all valid TSETMC Bank Maskan mortgage-facility certificates traded that day,Derived from standardized TSETMC instrument-day observations
2012-04-17,1391/01/29,1391,1,29,13,1388.0,20842.0,14565959737.0,698875.3352365416,697307.3076923077,697366.0,694712.0,700269.0,all valid TSETMC Bank Maskan mortgage-facility certificates traded that day,Derived from standardized TSETMC instrument-day observations
2012-04-18,1391/01/30,1391,1,30,13,1281.0,16729.0,11679194090.0,698140.5995576544,697303.3846153846,697113.0,695136.0,699673.0,all valid TSETMC Bank Maskan mortgage-facility certificates traded that day,Derived from standardized TSETMC instrument-day observations
2012-04-21,1391/02/02,1391,2,2,13,1284.0,17873.0,12436045576.0,695800.681251049,692726.2307692308,692900.0,688270.0,698325.0,all valid TSETMC Bank Maskan mortgage-facility certificates traded that day,Derived from standardized TSETMC instrument-day observations
2012-04-22,1391/02/03,1391,2,3,13,1518.0,21814.0,15194045239.0,696527.241175392,694347.6923076923,694545.0,691046.0,699488.0,all valid TSETMC Bank Maskan mortgage-facility certificates traded that day,Derived from standardized TSETMC instrument-day observations
2012-04-23,1391/02/04,1391,2,4,13,1128.0,18477.0,12862324896.0,696126.2594577041,694386.7692307692,694404.0,691413.0,699038.0,all valid TSETMC Bank Maskan mortgage-facility certificates traded that day,Derived from standardized TSETMC instrument-day observations
2012-04-24,1391/02/05,1391,2,5,14,1241.0,19620.0,13505588540.0,688358.2334352701,687712.5,688197.5,681853.0,692530.0,all valid TSETMC Bank Maskan mortgage-facility certificates traded that day,Derived from standardized TSETMC instrument-day observations
2012-04-28,1391/02/09,1391,2,9,14,1789.0,22549.0,15230690535.0,675448.6023770456,675427.6428571428,675506.5,670577.0,680603.0,all valid TSETMC Bank Maskan mortgage-facility certificates traded that day,Derived from standardized TSETMC instrument-day observations
2012-04-29,1391/02/10,1391,2,10,14,1634.0,23654.0,15690195164.0,663321.009723514,663501.0714285715,663251.5,657561.0,670376.0,all valid TSETMC Bank Maskan mortgage-facility certificates traded that day,Derived from standardized TSETMC instrument-day observations
2012-04-30,1391/02/11,1391,2,11,14,1784.0,31003.0,20021869381.0,645804.2570396414,645238.1428571428,644503.0,636558.0,657276.0,all valid TSETMC Bank Maskan mortgage-facility certificates traded that day,Derived from standardized TSETMC instrument-day observations
2012-05-01,1391/02/12,1391,2,12,14,1692.0,26721.0,17553002631.0,656899.166610531,654704.8571428572,654538.0,649124.0,659592.0,all valid TSETMC Bank Maskan mortgage-facility certificates traded that day,Derived from standardized TSETMC instrument-day observations
2012-05-02,1391/02/13,1391,2,13,14,1466.0,20831.0,14318205545.0,687350.849455139,682805.9285714285,681635.0,676188.0,689974.0,all valid TSETMC Bank Maskan mortgage-facility certificates traded that day,Derived from standardized TSETMC instrument-day observations
2012-05-05,1391/02/16,1391,2,16,14,2551.0,34874.0,24705554655.0,708423.3140735219,706995.0,706326.5,702305.0,715836.0,all valid TSETMC Bank Maskan mortgage-facility certificates traded that day,Derived from standardized TSETMC instrument-day observations
2012-05-06,1391/02/17,1391,2,17,14,1879.0,25209.0,17370096161.0,689043.4432543933,688103.1428571428,689038.5,681408.0,692957.0,all valid TSETMC Bank Maskan mortgage-facility certificates traded that day,Derived from standardized TSETMC instrument-day observations
2012-05-07,1391/02/18,1391,2,18,14,1654.0,22050.0,14999335519.0,680241.9736507937,679254.4285714285,678749.0,675034.0,684175.0,all valid TSETMC Bank Maskan mortgage-facility certificates traded that day,Derived from standardized TSETMC instrument-day observations
2012-05-08,1391/02/19,1391,2,19,14,1660.0,22210.0,15341348093.0,690740.5714993246,689170.5714285715,689618.0,683099.0,693360.0,all valid TSETMC Bank Maskan mortgage-facility certificates traded that day,Derived from standardized TSETMC instrument-day observations
2012-05-09,1391/02/20,1391,2,20,14,1661.0,21525.0,14852225550.0,689998.8641114982,689762.1428571428,689815.5,686257.0,692283.0,all valid TSETMC Bank Maskan mortgage-facility certificates traded that day,Derived from standardized TSETMC instrument-day observations
2012-05-12,1391/02/23,1391,2,23,14,1733.0,22755.0,15685024900.0,689300.1494177104,688372.6428571428,688075.0,682721.0,692887.0,all valid TSETMC Bank Maskan mortgage-facility certificates traded that day,Derived from standardized TSETMC instrument-day observations
2012-05-13,1391/02/24,1391,2,24,14,1526.0,19360.0,13351887653.0,689663.6184400826,688072.2142857143,688105.0,685238.0,691167.0,all valid TSETMC Bank Maskan mortgage-facility certificates traded that day,Derived from standardized TSETMC instrument-day observations
2012-05-14,1391/02/25,1391,2,25,14,1554.0,18843.0,12988882041.0,689321.3416653399,687639.0,687295.0,684368.0,690870.0,all valid TSETMC Bank Maskan mortgage-facility certificates traded that day,Derived from standardized TSETMC instrument-day observations
2012-05-15,1391/02/26,1391,2,26,14,1329.0,18365.0,12619165687.0,687131.2652872312,685798.1428571428,685449.0,683137.0,689961.0,all valid TSETMC Bank Maskan mortgage-facility certificates traded that day,Derived from standardized TSETMC instrument-day observations
2012-05-16,1391/02/27,1391,2,27,14,1233.0,18981.0,13014377813.0,685652.9062220114,685090.1428571428,684282.5,679816.0,690459.0,all valid TSETMC Bank Maskan mortgage-facility certificates traded that day,Derived from standardized TSETMC instrument-day observations
2012-05-19,1391/02/30,1391,2,30,14,1371.0,18023.0,12293026949.0,682074.4020973201,679749.3571428572,679649.0,676446.0,685698.0,all valid TSETMC Bank Maskan mortgage-facility certificates traded that day,Derived from standardized TSETMC instrument-day observations
2012-05-20,1391/02/31,1391,2,31,14,1603.0,20351.0,13933055304.0,684637.3791951255,683150.5,683429.0,679159.0,687643.0,all valid TSETMC Bank Maskan mortgage-facility certificates traded that day,Derived from standardized TSETMC instrument-day observations
2012-05-21,1391/03/01,1391,3,1,14,1571.0,22174.0,15166817732.0,683991.0585370254,682218.7857142857,682536.0,677510.0,686916.0,all valid TSETMC Bank Maskan mortgage-facility certificates traded that day,Derived from standardized TSETMC instrument-day observations
2012-05-22,1391/03/02,1391,3,2,14,1175.0,19366.0,13162449143.0,679667.9305483837,677984.1428571428,677587.5,674877.0,682400.0,all valid TSETMC Bank Maskan mortgage-facility certificates traded that day,Derived from standardized TSETMC instrument-day observations
2012-05-23,1391/03/03,1391,3,3,15,1316.0,19980.0,13455487655.0,673447.8305805806,671961.0666666667,671556.0,665343.0,678149.0,all valid TSETMC Bank Maskan mortgage-facility certificates traded that day,Derived from standardized TSETMC instrument-day observations
2012-05-26,1391/03/06,1391,3,6,15,1850.0,25006.0,16551572094.0,661904.0267935696,661840.6666666666,662208.0,655294.0,668061.0,all valid TSETMC Bank Maskan mortgage-facility certificates traded that day,Derived from standardized TSETMC instrument-day observations
2012-05-27,1391/03/07,1391,3,7,15,1950.0,28389.0,19039588289.0,670667.8040438198,669075.6,669425.0,664213.0,672765.0,all valid TSETMC Bank Maskan mortgage-facility certificates traded that day,Derived from standardized TSETMC instrument-day observations
2012-05-28,1391/03/08,1391,3,8,15,1996.0,25700.0,17167120069.0,667981.3256420234,667637.6,667178.0,663175.0,672621.0,all valid TSETMC Bank Maskan mortgage-facility certificates traded that day,Derived from standardized TSETMC instrument-day observations
2012-05-29,1391/03/09,1391,3,9,15,1724.0,20928.0,13927098225.0,665476.7882740826,664293.7333333333,663907.0,661120.0,670213.0,all valid TSETMC Bank Maskan mortgage-facility certificates traded that day,Derived from standardized TSETMC instrument-day observations
2012-05-30,1391/03/10,1391,3,10,15,1685.0,24339.0,16194348068.0,665366.2051850939,664335.0,663909.0,661005.0,669626.0,all valid TSETMC Bank Maskan mortgage-facility certificates traded that day,Derived from standardized TSETMC instrument-day observations
2012-06-02,1391/03/13,1391,3,13,15,1363.0,16935.0,11302317136.0,667393.9850014762,666710.6,666597.0,663108.0,673071.0,all valid TSETMC Bank Maskan mortgage-facility certificates traded that day,Derived from standardized TSETMC instrument-day observations
2012-06-05,1391/03/16,1391,3,16,15,1498.0,19001.0,12688678975.0,667790.0623651387,666882.2,666962.0,664952.0,669287.0,all valid TSETMC Bank Maskan mortgage-facility certificates traded that day,Derived from standardized TSETMC instrument-day observations
2012-06-06,1391/03/17,1391,3,17,15,1675.0,21398.0,14296317637.0,668114.6666510889,666829.4666666667,667398.0,663717.0,669440.0,all valid TSETMC Bank Maskan mortgage-facility certificates traded that day,Derived from standardized TSETMC instrument-day observations
2012-06-09,1391/03/20,1391,3,20,15,1682.0,23769.0,15738687489.0,662151.8569986116,660818.3333333334,661305.0,657666.0,663872.0,all valid TSETMC Bank Maskan mortgage-facility certificates traded that day,Derived from standardized TSETMC instrument-day observations
2012-06-10,1391/03/21,1391,3,21,15,1643.0,21886.0,14451210761.0,660294.743717445,659335.1333333333,659248.0,655297.0,661844.0,all valid TSETMC Bank Maskan mortgage-facility certificates traded that day,Derived from standardized TSETMC instrument-day observations
2012-06-11,1391/03/22,1391,3,22,15,1745.0,24772.0,16382497530.0,661331.2421282092,659469.3333333334,660281.0,655126.0,663433.0,all valid TSETMC Bank Maskan mortgage-facility certificates traded that day,Derived from standardized TSETMC instrument-day observations
2012-06-12,1391/03/23,1391,3,23,15,1654.0,21112.0,14021056524.0,664127.3457749147,661602.4,661398.0,657807.0,667207.0,all valid TSETMC Bank Maskan mortgage-facility certificates traded that day,Derived from standardized TSETMC instrument-day observations
2012-06-13,1391/03/24,1391,3,24,15,1796.0,22641.0,15157597514.0,669475.6200697849,668009.1333333333,668052.0,665548.0,670725.0,all valid TSETMC Bank Maskan mortgage-facility certificates traded that day,Derived from standardized TSETMC instrument-day observations
2012-06-16,1391/03/27,1391,3,27,15,1624.0,21372.0,14289681583.0,668616.9559704287,666998.6666666666,667365.0,662862.0,669994.0,all valid TSETMC Bank Maskan mortgage-facility certificates traded that day,Derived from standardized TSETMC instrument-day observations
2012-06-17,1391/03/28,1391,3,28,15,1009.0,16198.0,10754520319.0,663941.2470058032,661469.6,661007.0,657072.0,669607.0,all valid TSETMC Bank Maskan mortgage-facility certificates traded that day,Derived from standardized TSETMC instrument-day observations
2012-06-19,1391/03/30,1391,3,30,15,1155.0,15664.0,10468595922.0,668322.0072778346,666700.9333333333,666655.0,663203.0,672621.0,all valid TSETMC Bank Maskan mortgage-facility certificates traded that day,Derived from standardized TSETMC instrument-day observations
2012-06-20,1391/03/31,1391,3,31,15,1793.0,22463.0,15000031102.0,667766.153318791,666802.4666666667,666663.0,663248.0,671135.0,all valid TSETMC Bank Maskan mortgage-facility certificates traded that day,Derived from standardized TSETMC instrument-day observations
2012-06-23,1391/04/03,1391,4,3,15,1649.0,25823.0,17162411428.0,664617.2570189366,663435.6,663091.0,658790.0,673193.0,all valid TSETMC Bank Maskan mortgage-facility certificates traded that day,Derived from standardized TSETMC instrument-day observations
2012-06-24,1391/04/04,1391,4,4,15,1568.0,21264.0,14051078836.0,660791.8940933032,659825.7333333333,658531.0,651568.0,680416.0,all valid TSETMC Bank Maskan mortgage-facility certificates traded that day,Derived from standardized TSETMC instrument-day observations
2012-06-25,1391/04/05,1391,4,5,15,1550.0,20309.0,13310354773.0,655391.9332808114,650561.7333333333,648655.0,643575.0,663081.0,all valid TSETMC Bank Maskan mortgage-facility certificates traded that day,Derived from standardized TSETMC instrument-day observations
2012-06-26,1391/04/06,1391,4,6,15,1527.0,21057.0,13827620996.0,656675.7370945528,653544.6666666666,653666.0,646789.0,662573.0,all valid TSETMC Bank Maskan mortgage-facility certificates traded that day,Derived from standardized TSETMC instrument-day observations
2012-06-27,1391/04/07,1391,4,7,15,1394.0,19172.0,12596182287.0,657009.2993427915,652553.0666666667,652467.0,645650.0,662317.0,all valid TSETMC Bank Maskan mortgage-facility certificates traded that day,Derived from standardized TSETMC instrument-day observations
2012-06-30,1391/04/10,1391,4,10,15,1324.0,18198.0,11897009171.0,653753.6636443565,649869.8666666667,648261.0,644714.0,660858.0,all valid TSETMC Bank Maskan mortgage-facility certificates traded that day,Derived from standardized TSETMC instrument-day observations
2012-07-01,1391/04/11,1391,4,11,16,1980.0,29572.0,19186746710.0,648814.6459488706,649012.8125,648498.5,637803.0,660284.0,all valid TSETMC Bank Maskan mortgage-facility certificates traded that day,Derived from standardized TSETMC instrument-day observations
2012-07-02,1391/04/12,1391,4,12,16,2023.0,26927.0,17138597304.0,636483.72651985,637885.0625,639957.5,628005.0,646507.0,all valid TSETMC Bank Maskan mortgage-facility certificates traded that day,Derived from standardized TSETMC instrument-day observations
2012-07-03,1391/04/13,1391,4,13,16,1680.0,27324.0,17130671057.0,626945.9470428927,625892.9375,626640.0,615496.0,634314.0,all valid TSETMC Bank Maskan mortgage-facility certificates traded that day,Derived from standardized TSETMC instrument-day observations
2012-07-04,1391/04/14,1391,4,14,16,1488.0,22083.0,13522093641.0,612330.4642032332,610887.625,612234.5,604177.0,619746.0,all valid TSETMC Bank Maskan mortgage-facility certificates traded that day,Derived from standardized TSETMC instrument-day observations
2012-07-07,1391/04/17,1391,4,17,16,1427.0,23536.0,14452919170.0,614077.1231305235,614608.5,613458.0,608658.0,625021.0,all valid TSETMC Bank Maskan mortgage-facility certificates traded that day,Derived from standardized TSETMC instrument-day observations
2012-07-08,1391/04/18,1391,4,18,16,1654.0,21592.0,13227503518.0,612611.3152093368,612327.75,612628.5,608005.0,617741.0,all valid TSETMC Bank Maskan mortgage-facility certificates traded that day,Derived from standardized TSETMC instrument-day observations
2012-07-09,1391/04/19,1391,4,19,16,1332.0,17332.0,10772070699.0,621513.425975075,620050.0625,620847.5,612429.0,624842.0,all valid TSETMC Bank Maskan mortgage-facility certificates traded that day,Derived from standardized TSETMC instrument-day observations
2012-07-10,1391/04/20,1391,4,20,16,1593.0,23360.0,14526117563.0,621837.2244434932,618880.0,618963.0,611888.0,625631.0,all valid TSETMC Bank Maskan mortgage-facility certificates traded that day,Derived from standardized TSETMC instrument-day observations
2012-07-11,1391/04/21,1391,4,21,16,1410.0,19693.0,12176770283.0,618329.8777738282,615373.375,614811.0,609085.0,620743.0,all valid TSETMC Bank Maskan mortgage-facility certificates traded that day,Derived from standardized TSETMC instrument-day observations
2012-07-14,1391/04/24,1391,4,24,16,1752.0,23497.0,14444242590.0,614727.0966506363,611516.5,610726.5,605694.0,616821.0,all valid TSETMC Bank Maskan mortgage-facility certificates traded that day,Derived from standardized TSETMC instrument-day observations
2012-07-15,1391/04/25,1391,4,25,16,1728.0,22714.0,14036367056.0,617961.0397111913,616419.125,616964.0,612165.0,619588.0,all valid TSETMC Bank Maskan mortgage-facility certificates traded that day,Derived from standardized TSETMC instrument-day observations
2012-07-16,1391/04/26,1391,4,26,16,1490.0,22408.0,13911280060.0,620817.5678329169,620145.875,620483.5,616579.0,628157.0,all valid TSETMC Bank Maskan mortgage-facility certificates traded that day,Derived from standardized TSETMC instrument-day observations
2012-07-17,1391/04/27,1391,4,27,16,1455.0,22386.0,13924626883.0,622023.8936388814,620463.875,620133.5,614630.0,625711.0,all valid TSETMC Bank Maskan mortgage-facility certificates traded that day,Derived from standardized TSETMC instrument-day observations
2012-07-18,1391/04/28,1391,4,28,16,1698.0,24176.0,15226205731.0,629806.6566429517,629219.375,629283.0,626657.0,631154.0,all valid TSETMC Bank Maskan mortgage-facility certificates traded that day,Derived from standardized TSETMC instrument-day observations
2012-07-21,1391/04/31,1391,4,31,16,1503.0,17779.0,11087553263.0,623631.9963440014,621520.0625,622204.0,612628.0,627619.0,all valid TSETMC Bank Maskan mortgage-facility certificates traded that day,Derived from standardized TSETMC instrument-day observations
2012-07-22,1391/05/01,1391,5,1,16,1319.0,17167.0,10553127150.0,614733.3343041883,610369.625,610430.0,603819.0,618285.0,all valid TSETMC Bank Maskan mortgage-facility certificates traded that day,Derived from standardized TSETMC instrument-day observations
2012-07-23,1391/05/02,1391,5,2,16,1441.0,19907.0,12080201300.0,606831.8330235595,603450.5,602153.5,596932.0,611018.0,all valid TSETMC Bank Maskan mortgage-facility certificates traded that day,Derived from standardized TSETMC instrument-day observations
2012-07-24,1391/05/03,1391,5,3,17,1623.0,24589.0,14733334832.0,599183.9778762861,597046.2352941176,597902.0,587080.0,604822.0,all valid TSETMC Bank Maskan mortgage-facility certificates traded that day,Derived from standardized TSETMC instrument-day observations
2012-07-25,1391/05/04,1391,5,4,17,1815.0,25253.0,15115481975.0,598561.8332475349,597121.2941176471,597090.0,592326.0,605848.0,all valid TSETMC Bank Maskan mortgage-facility certificates traded that day,Derived from standardized TSETMC instrument-day observations
2012-07-28,1391/05/07,1391,5,7,17,2021.0,26004.0,15460576721.0,594546.0975619135,592671.7647058824,593598.0,583666.0,599626.0,all valid TSETMC Bank Maskan mortgage-facility certificates traded that day,Derived from standardized TSETMC instrument-day observations
2012-07-29,1391/05/08,1391,5,8,17,2145.0,29375.0,17225359781.0,586395.2265872341,585996.7058823529,586731.0,581401.0,590732.0,all valid TSETMC Bank Maskan mortgage-facility certificates traded that day,Derived from standardized TSETMC instrument-day observations
2012-07-30,1391/05/09,1391,5,9,17,1901.0,26628.0,15593353824.0,585599.888237945,584992.6470588235,585015.0,579211.0,594869.0,all valid TSETMC Bank Maskan mortgage-facility certificates traded that day,Derived from standardized TSETMC instrument-day observations
2012-07-31,1391/05/10,1391,5,10,17,1799.0,22345.0,13080079299.0,585369.4025061534,584621.4705882353,585243.0,577047.0,589129.0,all valid TSETMC Bank Maskan mortgage-facility certificates traded that day,Derived from standardized TSETMC instrument-day observations
2012-08-01,1391/05/11,1391,5,11,17,1813.0,25293.0,14997711914.0,592958.997113826,592946.8823529412,592780.0,590461.0,595958.0,all valid TSETMC Bank Maskan mortgage-facility certificates traded that day,Derived from standardized TSETMC instrument-day observations
2012-08-04,1391/05/14,1391,5,14,17,2027.0,26936.0,16029764621.0,595105.6066602317,593920.0588235294,594876.0,588619.0,598059.0,all valid TSETMC Bank Maskan mortgage-facility certificates traded that day,Derived from standardized TSETMC instrument-day observations
2012-08-05,1391/05/15,1391,5,15,17,1814.0,23941.0,14275310963.0,596270.4549935258,594254.8823529412,594201.0,587662.0,604372.0,all valid TSETMC Bank Maskan mortgage-facility certificates traded that day,Derived from standardized TSETMC instrument-day observations
2012-08-06,1391/05/16,1391,5,16,17,1763.0,22085.0,13194129382.0,597424.9210776545,595556.4117647059,595911.0,591494.0,599133.0,all valid TSETMC Bank Maskan mortgage-facility certificates traded that day,Derived from standardized TSETMC instrument-day observations
2012-08-07,1391/05/17,1391,5,17,17,1736.0,27884.0,16693310368.0,598669.85970449,597598.6470588235,597736.0,594436.0,602046.0,all valid TSETMC Bank Maskan mortgage-facility certificates traded that day,Derived from standardized TSETMC instrument-day observations
2012-08-08,1391/05/18,1391,5,18,17,1386.0,18467.0,11045519818.0,598122.0457031461,596194.3529411765,596655.0,592031.0,599630.0,all valid TSETMC Bank Maskan mortgage-facility certificates traded that day,Derived from standardized TSETMC instrument-day observations
2012-08-11,1391/05/21,1391,5,21,17,1876.0,28790.0,17266219572.0,599729.7524140327,597685.1764705882,597851.0,592031.0,602784.0,all valid TSETMC Bank Maskan mortgage-facility certificates traded that day,Derived from standardized TSETMC instrument-day observations
2012-08-12,1391/05/22,1391,5,22,17,1746.0,23527.0,14427312872.0,613223.6524843796,612391.7058823529,612385.0,608976.0,616181.0,all valid TSETMC Bank Maskan mortgage-facility certificates traded that day,Derived from standardized TSETMC instrument-day observations
2012-08-13,1391/05/23,1391,5,23,17,2106.0,30818.0,19458082246.0,631386.9247193199,631605.7647058824,631201.0,628416.0,635186.0,all valid TSETMC Bank Maskan mortgage-facility certificates traded that day,Derived from standardized TSETMC instrument-day observations
2012-08-14,1391/05/24,1391,5,24,17,1841.0,28655.0,18467015260.0,644460.487175013,642256.4117647059,642261.0,638639.0,646474.0,all valid TSETMC Bank Maskan mortgage-facility certificates traded that day,Derived from standardized TSETMC instrument-day observations
2012-08-15,1391/05/25,1391,5,25,17,1649.0,25872.0,16440893855.0,635470.5417053185,634702.1176470588,635383.0,630340.0,638207.0,all valid TSETMC Bank Maskan mortgage-facility certificates traded that day,Derived from standardized TSETMC instrument-day observations
2012-08-18,1391/05/28,1391,5,28,17,1465.0,20922.0,13083868644.0,625364.14511041,623279.7058823529,623734.0,617474.0,629121.0,all valid TSETMC Bank Maskan mortgage-facility certificates traded that day,Derived from standardized TSETMC instrument-day observations
2012-08-21,1391/05/31,1391,5,31,17,1159.0,17141.0,10751028104.0,627211.2539525115,626303.1764705882,626017.0,623159.0,632086.0,all valid TSETMC Bank Maskan mortgage-facility certificates traded that day,Derived from standardized TSETMC instrument-day observations
2012-08-22,1391/06/01,1391,6,1,17,1702.0,25809.0,16160710973.0,626165.7163392615,625061.5882352941,625053.0,621964.0,628794.0,all valid TSETMC Bank Maskan mortgage-facility certificates traded that day,Derived from standardized TSETMC instrument-day observations
2012-08-25,1391/06/04,1391,6,4,17,2114.0,32899.0,20291160842.0,616771.3560290587,615546.0588235294,615675.0,609987.0,620764.0,all valid TSETMC Bank Maskan mortgage-facility certificates traded that day,Derived from standardized TSETMC instrument-day observations
2012-08-26,1391/06/05,1391,6,5,17,1667.0,23490.0,14384593425.0,612370.941890166,610383.2941176471,610058.0,603647.0,617268.0,all valid TSETMC Bank Maskan mortgage-facility certificates traded that day,Derived from standardized TSETMC instrument-day observations
2012-08-27,1391/06/06,1391,6,6,17,1580.0,26249.0,16158171267.0,615572.8319935998,614289.0,614962.0,609771.0,619276.0,all valid TSETMC Bank Maskan mortgage-facility certificates traded that day,Derived from standardized TSETMC instrument-day observations
2012-09-02,1391/06/12,1391,6,12,18,2080.0,29733.0,18338032514.0,616756.8867588202,614359.3888888889,614392.5,610381.0,618820.0,all valid TSETMC Bank Maskan mortgage-facility certificates traded that day,Derived from standardized TSETMC instrument-day observations
2012-09-03,1391/06/13,1391,6,13,18,2584.0,41129.0,25287887422.0,614843.2352354786,616119.1666666666,616449.0,608623.0,619907.0,all valid TSETMC Bank Maskan mortgage-facility certificates traded that day,Derived from standardized TSETMC instrument-day observations
2012-09-04,1391/06/14,1391,6,14,18,3443.0,52476.0,31443931468.0,599205.9506822167,599732.0555555555,600303.0,594114.0,603451.0,all valid TSETMC Bank Maskan mortgage-facility certificates traded that day,Derived from standardized TSETMC instrument-day observations
2012-09-05,1391/06/15,1391,6,15,18,2836.0,48171.0,29012651888.0,602284.6087480019,602339.4444444445,602011.5,598083.0,610370.0,all valid TSETMC Bank Maskan mortgage-facility certificates traded that day,Derived from standardized TSETMC instrument-day observations
2012-09-08,1391/06/18,1391,6,18,18,2464.0,35331.0,21103239946.0,597300.9523081713,595650.3888888889,596409.0,587475.0,601211.0,all valid TSETMC Bank Maskan mortgage-facility certificates traded that day,Derived from standardized TSETMC instrument-day observations
2012-09-09,1391/06/19,1391,6,19,18,2426.0,40934.0,24284309883.0,593255.237284409,591559.1666666666,592460.5,585103.0,596492.0,all valid TSETMC Bank Maskan mortgage-facility certificates traded that day,Derived from standardized TSETMC instrument-day observations
2012-09-10,1391/06/20,1391,6,20,18,2138.0,34616.0,20511803397.0,592552.6749768893,591636.2222222222,591154.5,588993.0,599559.0,all valid TSETMC Bank Maskan mortgage-facility certificates traded that day,Derived from standardized TSETMC instrument-day observations
2012-09-11,1391/06/21,1391,6,21,18,1952.0,31320.0,18659197930.0,595759.8317369093,593614.6666666666,594141.5,590067.0,597080.0,all valid TSETMC Bank Maskan mortgage-facility certificates traded that day,Derived from standardized TSETMC instrument-day observations
2012-09-15,1391/06/25,1391,6,25,18,2018.0,33323.0,19701775241.0,591236.5405575729,589325.7222222222,588939.0,585032.0,595150.0,all valid TSETMC Bank Maskan mortgage-facility certificates traded that day,Derived from standardized TSETMC instrument-day observations
2012-09-16,1391/06/26,1391,6,26,18,1897.0,34562.0,20238944749.0,585583.7263179214,584511.8333333334,584558.0,580541.0,589828.0,all valid TSETMC Bank Maskan mortgage-facility certificates traded that day,Derived from standardized TSETMC instrument-day observations
2012-09-17,1391/06/27,1391,6,27,18,2072.0,29286.0,17254128524.0,589159.6163354504,586541.8333333334,586308.0,582189.0,592637.0,all valid TSETMC Bank Maskan mortgage-facility certificates traded that day,Derived from standardized TSETMC instrument-day observations
2012-09-18,1391/06/28,1391,6,28,18,1806.0,27011.0,16042332515.0,593918.4967235571,592052.0555555555,592287.5,588582.0,598403.0,all valid TSETMC Bank Maskan mortgage-facility certificates traded that day,Derived from standardized TSETMC instrument-day observations
2012-09-19,1391/06/29,1391,6,29,18,1626.0,24505.0,14502587332.0,591821.5601713936,589959.9444444445,590206.0,583749.0,594892.0,all valid TSETMC Bank Maskan mortgage-facility certificates traded that day,Derived from standardized TSETMC instrument-day observations
2012-09-22,1391/07/01,1391,7,1,18,1554.0,21035.0,12403375004.0,589654.1480389826,586829.1666666666,587617.5,580671.0,592456.0,all valid TSETMC Bank Maskan mortgage-facility certificates traded that day,Derived from standardized TSETMC instrument-day observations
2012-09-23,1391/07/02,1391,7,2,18,2070.0,26156.0,15449177901.0,590655.2187261049,589071.4444444445,589113.0,585047.0,592760.0,all valid TSETMC Bank Maskan mortgage-facility certificates traded that day,Derived from standardized TSETMC instrument-day observations
2012-09-24,1391/07/03,1391,7,3,18,1974.0,25358.0,15037548107.0,593010.0207823961,590882.2222222222,590398.0,588063.0,595505.0,all valid TSETMC Bank Maskan mortgage-facility certificates traded that day,Derived from standardized TSETMC instrument-day observations
2012-09-25,1391/07/04,1391,7,4,18,1592.0,24667.0,14668807260.0,594673.3392791989,593728.7777777778,594125.5,588428.0,598391.0,all valid TSETMC Bank Maskan mortgage-facility certificates traded that day,Derived from standardized TSETMC instrument-day observations
2012-09-26,1391/07/05,1391,7,5,18,2025.0,27177.0,16118713523.0,593101.2813408397,591192.5,591275.5,587432.0,596535.0,all valid TSETMC Bank Maskan mortgage-facility certificates traded that day,Derived from standardized TSETMC instrument-day observations
2012-09-29,1391/07/08,1391,7,8,18,2234.0,34544.0,20399683318.0,590542.0136058361,588033.7222222222,587411.0,583807.0,595963.0,all valid TSETMC Bank Maskan mortgage-facility certificates traded that day,Derived from standardized TSETMC instrument-day observations
2012-09-30,1391/07/09,1391,7,9,18,2067.0,31034.0,18444870969.0,594343.9765740801,591523.6111111111,591072.0,584747.0,599422.0,all valid TSETMC Bank Maskan mortgage-facility certificates traded that day,Derived from standardized TSETMC instrument-day observations
2012-10-01,1391/07/10,1391,7,10,18,2034.0,27441.0,16342618394.0,595554.7681935789,594249.6666666666,594386.5,589933.0,598444.0,all valid TSETMC Bank Maskan mortgage-facility certificates traded that day,Derived from standardized TSETMC instrument-day observations
2012-10-02,1391/07/11,1391,7,11,18,1872.0,26313.0,15672238827.0,595608.209896249,593312.9444444445,592515.5,588814.0,599939.0,all valid TSETMC Bank Maskan mortgage-facility certificates traded that day,Derived from standardized TSETMC instrument-day observations
2012-10-03,1391/07/12,1391,7,12,18,1631.0,21703.0,12955304425.0,596936.1113670921,594692.0555555555,594601.0,589865.0,599733.0,all valid TSETMC Bank Maskan mortgage-facility certificates traded that day,Derived from standardized TSETMC instrument-day observations
2012-10-06,1391/07/15,1391,7,15,18,1543.0,16923.0,9900913878.0,585056.6612302783,582444.5555555555,582681.0,575320.0,589088.0,all valid TSETMC Bank Maskan mortgage-facility certificates traded that day,Derived from standardized TSETMC instrument-day observations
2012-10-07,1391/07/16,1391,7,16,18,1432.0,14542.0,8394756058.0,577276.5821757667,576061.1666666666,575851.5,571056.0,584924.0,all valid TSETMC Bank Maskan mortgage-facility certificates traded that day,Derived from standardized TSETMC instrument-day observations
2012-10-08,1391/07/17,1391,7,17,18,1470.0,17341.0,9984520882.0,575775.3810045557,575183.0555555555,574466.0,570662.0,582588.0,all valid TSETMC Bank Maskan mortgage-facility certificates traded that day,Derived from standardized TSETMC instrument-day observations
2012-10-09,1391/07/18,1391,7,18,18,1401.0,17123.0,10008389847.0,584499.7866612159,584016.5,584492.0,580744.0,586840.0,all valid TSETMC Bank Maskan mortgage-facility certificates traded that day,Derived from standardized TSETMC instrument-day observations
2012-10-10,1391/07/19,1391,7,19,18,1383.0,19639.0,11514604299.0,586313.1676256428,586437.0555555555,586315.5,581319.0,594426.0,all valid TSETMC Bank Maskan mortgage-facility certificates traded that day,Derived from standardized TSETMC instrument-day observations
2012-10-13,1391/07/22,1391,7,22,18,1828.0,25304.0,14854626959.0,587046.5918036674,586930.0555555555,586848.0,583987.0,590659.0,all valid TSETMC Bank Maskan mortgage-facility certificates traded that day,Derived from standardized TSETMC instrument-day observations
2012-10-14,1391/07/23,1391,7,23,18,1484.0,19750.0,11563166695.0,585476.7946835443,584976.2222222222,585203.0,581586.0,590731.0,all valid TSETMC Bank Maskan mortgage-facility certificates traded that day,Derived from standardized TSETMC instrument-day observations
2012-10-15,1391/07/24,1391,7,24,18,1363.0,17924.0,10518079334.0,586815.4058245927,585715.1666666666,585698.0,583206.0,588454.0,all valid TSETMC Bank Maskan mortgage-facility certificates traded that day,Derived from standardized TSETMC instrument-day observations
2012-10-16,1391/07/25,1391,7,25,18,1427.0,19162.0,11249768617.0,587087.3925999374,586441.1111111111,586519.5,582473.0,592754.0,all valid TSETMC Bank Maskan mortgage-facility certificates traded that day,Derived from standardized TSETMC instrument-day observations
2012-10-17,1391/07/26,1391,7,26,18,1552.0,23615.0,13839056825.0,586028.2373491424,586337.3888888889,585632.5,581364.0,600128.0,all valid TSETMC Bank Maskan mortgage-facility certificates traded that day,Derived from standardized TSETMC instrument-day observations
2012-10-20,1391/07/29,1391,7,29,18,1536.0,20918.0,12266781955.0,586422.3135577015,585458.6666666666,584908.0,583350.0,588673.0,all valid TSETMC Bank Maskan mortgage-facility certificates traded that day,Derived from standardized TSETMC instrument-day observations
2012-10-21,1391/07/30,1391,7,30,18,1615.0,20708.0,12184767251.0,588408.69475565,588005.1111111111,588090.0,584830.0,590722.0,all valid TSETMC Bank Maskan mortgage-facility certificates traded that day,Derived from standardized TSETMC instrument-day observations
2012-10-22,1391/08/01,1391,8,1,18,1544.0,20066.0,11845980803.0,590350.8822386126,589948.4444444445,589978.0,587161.0,594193.0,all valid TSETMC Bank Maskan mortgage-facility certificates traded that day,Derived from standardized TSETMC instrument-day observations
2012-10-23,1391/08/02,1391,8,2,18,1381.0,20798.0,12180804639.0,585671.9222521397,585773.9444444445,586435.5,579895.0,592614.0,all valid TSETMC Bank Maskan mortgage-facility certificates traded that day,Derived from standardized TSETMC instrument-day observations
2012-10-24,1391/08/03,1391,8,3,18,752.0,12889.0,7727819257.0,599567.0150515944,598959.1111111111,600110.0,590515.0,605921.0,all valid TSETMC Bank Maskan mortgage-facility certificates traded that day,Derived from standardized TSETMC instrument-day observations
2012-10-27,1391/08/06,1391,8,6,18,1756.0,18550.0,10928143427.0,589118.2440431267,589055.2222222222,588538.5,583107.0,597414.0,all valid TSETMC Bank Maskan mortgage-facility certificates traded that day,Derived from standardized TSETMC instrument-day observations
2012-10-28,1391/08/07,1391,8,7,18,1367.0,16552.0,9679502624.0,584793.5369743838,584094.4444444445,583830.0,578762.0,591410.0,all valid TSETMC Bank Maskan mortgage-facility certificates traded that day,Derived from standardized TSETMC instrument-day observations
2012-10-29,1391/08/08,1391,8,8,18,1144.0,12814.0,7482989026.0,583969.8006867488,583734.8333333334,583861.0,578944.0,586744.0,all valid TSETMC Bank Maskan mortgage-facility certificates traded that day,Derived from standardized TSETMC instrument-day observations
2012-10-30,1391/08/09,1391,8,9,18,983.0,11237.0,6556761231.0,583497.4842929607,583183.2222222222,582713.0,579514.0,590384.0,all valid TSETMC Bank Maskan mortgage-facility certificates traded that day,Derived from standardized TSETMC instrument-day observations
2012-10-31,1391/08/10,1391,8,10,18,1054.0,12056.0,6997959747.0,580454.524469144,579553.8333333334,579656.5,575039.0,583840.0,all valid TSETMC Bank Maskan mortgage-facility certificates traded that day,Derived from standardized TSETMC instrument-day observations
2012-11-04,1391/08/14,1391,8,14,18,1324.0,17782.0,10230029073.0,575302.5010122596,575618.1666666666,575808.5,571477.0,580319.0,all valid TSETMC Bank Maskan mortgage-facility certificates traded that day,Derived from standardized TSETMC instrument-day observations
2012-11-05,1391/08/15,1391,8,15,18,1081.0,12931.0,7459701067.0,576885.0875415668,576603.1111111111,576426.5,571967.0,582405.0,all valid TSETMC Bank Maskan mortgage-facility certificates traded that day,Derived from standardized TSETMC instrument-day observations
2012-11-06,1391/08/16,1391,8,16,18,1143.0,14496.0,8359826338.0,576698.8367825607,576334.8333333334,576567.0,571246.0,579439.0,all valid TSETMC Bank Maskan mortgage-facility certificates traded that day,Derived from standardized TSETMC instrument-day observations
2012-11-07,1391/08/17,1391,8,17,18,1227.0,18575.0,10688310230.0,575413.7405114401,574535.7222222222,574697.0,571040.0,578371.0,all valid TSETMC Bank Maskan mortgage-facility certificates traded that day,Derived from standardized TSETMC instrument-day observations
2012-11-10,1391/08/20,1391,8,20,18,1133.0,19403.0,11127161867.0,573476.3627789518,573986.6666666666,573402.0,569808.0,580668.0,all valid TSETMC Bank Maskan mortgage-facility certificates traded that day,Derived from standardized TSETMC instrument-day observations
2012-11-11,1391/08/21,1391,8,21,18,1155.0,16734.0,9563216954.0,571484.2209872117,570722.8333333334,570736.5,563582.0,574646.0,all valid TSETMC Bank Maskan mortgage-facility certificates traded that day,Derived from standardized TSETMC instrument-day observations
2012-11-12,1391/08/22,1391,8,22,18,1203.0,17371.0,10040903413.0,578026.7925277762,577893.0,577198.5,574866.0,588305.0,all valid TSETMC Bank Maskan mortgage-facility certificates traded that day,Derived from standardized TSETMC instrument-day observations
2012-11-13,1391/08/23,1391,8,23,18,1202.0,15646.0,9061353013.0,579148.2176275087,578995.2222222222,579589.5,574694.0,580978.0,all valid TSETMC Bank Maskan mortgage-facility certificates traded that day,Derived from standardized TSETMC instrument-day observations
2012-11-14,1391/08/24,1391,8,24,18,1132.0,13943.0,8109706580.0,581632.8322455713,580906.5,581442.0,577613.0,583247.0,all valid TSETMC Bank Maskan mortgage-facility certificates traded that day,Derived from standardized TSETMC instrument-day observations
2012-11-17,1391/08/27,1391,8,27,18,1255.0,16556.0,9668473239.0,583986.0617902875,584065.0555555555,583599.5,579527.0,595531.0,all valid TSETMC Bank Maskan mortgage-facility certificates traded that day,Derived from standardized TSETMC instrument-day observations
2012-11-18,1391/08/28,1391,8,28,18,1334.0,18540.0,10888388384.0,587291.714347357,587209.5,587613.0,584988.0,588923.0,all valid TSETMC Bank Maskan mortgage-facility certificates traded that day,Derived from standardized TSETMC instrument-day observations
2012-11-19,1391/08/29,1391,8,29,18,1169.0,17221.0,10085973372.0,585678.7278322978,585303.0,585548.5,580711.0,588194.0,all valid TSETMC Bank Maskan mortgage-facility certificates traded that day,Derived from standardized TSETMC instrument-day observations
2012-11-20,1391/08/30,1391,8,30,18,1061.0,15566.0,9088953749.0,583897.838172941,582928.4444444445,583206.5,577683.0,589563.0,all valid TSETMC Bank Maskan mortgage-facility certificates traded that day,Derived from standardized TSETMC instrument-day observations
2012-11-21,1391/09/01,1391,9,1,18,1071.0,14398.0,8372763192.0,581522.6553688012,581424.7777777778,582897.5,573560.0,585424.0,all valid TSETMC Bank Maskan mortgage-facility certificates traded that day,Derived from standardized TSETMC instrument-day observations
2012-11-26,1391/09/06,1391,9,6,18,1146.0,22381.0,12891205280.0,575988.7976408561,576397.1111111111,576575.0,573065.0,581384.0,all valid TSETMC Bank Maskan mortgage-facility certificates traded that day,Derived from standardized TSETMC instrument-day observations
2012-11-27,1391/09/07,1391,9,7,18,1070.0,16981.0,9788634007.0,576446.2638831636,576145.8333333334,576572.5,568059.0,581767.0,all valid TSETMC Bank Maskan mortgage-facility certificates traded that day,Derived from standardized TSETMC instrument-day observations
2012-11-28,1391/09/08,1391,9,8,18,949.0,15163.0,8766518015.0,578151.9498120425,578949.2222222222,577958.5,573577.0,593365.0,all valid TSETMC Bank Maskan mortgage-facility certificates traded that day,Derived from standardized TSETMC instrument-day observations
2012-12-01,1391/09/11,1391,9,11,18,971.0,10922.0,6233019819.0,570684.839681377,570404.4444444445,569728.5,563880.0,582084.0,all valid TSETMC Bank Maskan mortgage-facility certificates traded that day,Derived from standardized TSETMC instrument-day observations
2012-12-02,1391/09/12,1391,9,12,18,929.0,9084.0,5096057314.0,560992.6589608102,560706.8333333334,560166.5,556842.0,568430.0,all valid TSETMC Bank Maskan mortgage-facility certificates traded that day,Derived from standardized TSETMC instrument-day observations
2012-12-03,1391/09/13,1391,9,13,18,827.0,8985.0,5020845923.0,558803.107735114,557602.1666666666,558676.5,548028.0,561373.0,all valid TSETMC Bank Maskan mortgage-facility certificates traded that day,Derived from standardized TSETMC instrument-day observations
2012-12-04,1391/09/14,1391,9,14,18,785.0,9227.0,5140239246.0,557086.7287308985,557253.5555555555,556771.0,550543.0,572763.0,all valid TSETMC Bank Maskan mortgage-facility certificates traded that day,Derived from standardized TSETMC instrument-day observations
2012-12-05,1391/09/15,1391,9,15,18,793.0,8929.0,4999415644.0,559907.6765595252,560401.7777777778,560171.0,555415.0,572056.0,all valid TSETMC Bank Maskan mortgage-facility certificates traded that day,Derived from standardized TSETMC instrument-day observations
2012-12-08,1391/09/18,1391,9,18,18,968.0,9965.0,5550703673.0,557019.9370797792,557411.0555555555,556671.5,553106.0,568687.0,all valid TSETMC Bank Maskan mortgage-facility certificates traded that day,Derived from standardized TSETMC instrument-day observations
2012-12-09,1391/09/19,1391,9,19,18,837.0,9593.0,5314805977.0,554029.6025226727,553045.8333333334,553056.0,548248.0,560946.0,all valid TSETMC Bank Maskan mortgage-facility certificates traded that day,Derived from standardized TSETMC instrument-day observations
2012-12-10,1391/09/20,1391,9,20,18,752.0,8527.0,4718774479.0,553392.1049607131,553165.0,551995.0,548972.0,561579.0,all valid TSETMC Bank Maskan mortgage-facility certificates traded that day,Derived from standardized TSETMC instrument-day observations
2012-12-11,1391/09/21,1391,9,21,18,766.0,8655.0,4787629090.0,553163.3841709994,553716.2222222222,552780.0,550813.0,566657.0,all valid TSETMC Bank Maskan mortgage-facility certificates traded that day,Derived from standardized TSETMC instrument-day observations
2012-12-12,1391/09/22,1391,9,22,18,568.0,5756.0,3186789145.0,553646.4810632383,553195.5555555555,553469.5,548112.0,560475.0,all valid TSETMC Bank Maskan mortgage-facility certificates traded that day,Derived from standardized TSETMC instrument-day observations
2012-12-15,1391/09/25,1391,9,25,18,645.0,8295.0,4575277747.0,551570.5541892706,550958.7777777778,550510.0,542626.0,563661.0,all valid TSETMC Bank Maskan mortgage-facility certificates traded that day,Derived from standardized TSETMC instrument-day observations
2012-12-16,1391/09/26,1391,9,26,18,906.0,11105.0,6148664905.0,553684.3678523188,553897.2777777778,553226.0,548448.0,560532.0,all valid TSETMC Bank Maskan mortgage-facility certificates traded that day,Derived from standardized TSETMC instrument-day observations
2012-12-17,1391/09/27,1391,9,27,18,855.0,11268.0,6266093672.0,556096.3500177494,555903.1666666666,556510.0,549469.0,560961.0,all valid TSETMC Bank Maskan mortgage-facility certificates traded that day,Derived from standardized TSETMC instrument-day observations
2012-12-18,1391/09/28,1391,9,28,18,783.0,10047.0,5616563370.0,559028.9011645267,558730.0555555555,558796.5,554343.0,565211.0,all valid TSETMC Bank Maskan mortgage-facility certificates traded that day,Derived from standardized TSETMC instrument-day observations
2012-12-19,1391/09/29,1391,9,29,18,751.0,9032.0,5079461720.0,562385.0442869796,562339.2222222222,562545.0,559435.0,568453.0,all valid TSETMC Bank Maskan mortgage-facility certificates traded that day,Derived from standardized TSETMC instrument-day observations
2012-12-22,1391/10/02,1391,10,2,18,978.0,11699.0,6564370931.0,561105.3022480553,560559.0555555555,560498.0,557304.0,566385.0,all valid TSETMC Bank Maskan mortgage-facility certificates traded that day,Derived from standardized TSETMC instrument-day observations
2012-12-23,1391/10/03,1391,10,3,18,905.0,11270.0,6257171603.0,555205.9984915706,554878.8888888889,554898.5,549410.0,570538.0,all valid TSETMC Bank Maskan mortgage-facility certificates traded that day,Derived from standardized TSETMC instrument-day observations
2012-12-24,1391/10/04,1391,10,4,18,971.0,12254.0,6771177993.0,552568.7932919863,551493.6666666666,550997.0,545206.0,558882.0,all valid TSETMC Bank Maskan mortgage-facility certificates traded that day,Derived from standardized TSETMC instrument-day observations
2012-12-25,1391/10/05,1391,10,5,18,934.0,11864.0,6518144701.0,549405.3186952124,548525.8888888889,549037.5,541769.0,556622.0,all valid TSETMC Bank Maskan mortgage-facility certificates traded that day,Derived from standardized TSETMC instrument-day observations
2012-12-26,1391/10/06,1391,10,6,18,850.0,11054.0,6092172380.0,551128.3137325855,550958.5555555555,551408.0,546213.0,556542.0,all valid TSETMC Bank Maskan mortgage-facility certificates traded that day,Derived from standardized TSETMC instrument-day observations
2012-12-29,1391/10/09,1391,10,9,18,1037.0,15200.0,8338746416.0,548601.7378947368,548072.2222222222,547932.0,540341.0,553578.0,all valid TSETMC Bank Maskan mortgage-facility certificates traded that day,Derived from standardized TSETMC instrument-day observations
2012-12-30,1391/10/10,1391,10,10,18,922.0,11811.0,6437968064.0,545082.3862501058,543392.8888888889,544152.0,532346.0,550216.0,all valid TSETMC Bank Maskan mortgage-facility certificates traded that day,Derived from standardized TSETMC instrument-day observations
2012-12-31,1391/10/11,1391,10,11,18,701.0,8183.0,4406286851.0,538468.3919100574,537570.6111111111,537820.0,529928.0,546024.0,all valid TSETMC Bank Maskan mortgage-facility certificates traded that day,Derived from standardized TSETMC instrument-day observations
2013-01-01,1391/10/12,1391,10,12,18,692.0,7175.0,3816164270.0,531869.5846689895,532311.3333333334,531541.5,526137.0,543450.0,all valid TSETMC Bank Maskan mortgage-facility certificates traded that day,Derived from standardized TSETMC instrument-day observations
2013-01-02,1391/10/13,1391,10,13,18,556.0,6362.0,3335620498.0,524303.7563659226,524342.3333333334,524225.5,512137.0,539504.0,all valid TSETMC Bank Maskan mortgage-facility certificates traded that day,Derived from standardized TSETMC instrument-day observations
2013-01-06,1391/10/17,1391,10,17,18,779.0,8572.0,4392900733.0,512470.9207886141,512377.6666666667,511934.0,503271.0,529975.0,all valid TSETMC Bank Maskan mortgage-facility certificates traded that day,Derived from standardized TSETMC instrument-day observations
2013-01-07,1391/10/18,1391,10,18,18,669.0,7814.0,3951676550.0,505717.50063987717,506774.1111111111,503619.0,492690.0,543578.0,all valid TSETMC Bank Maskan mortgage-facility certificates traded that day,Derived from standardized TSETMC instrument-day observations
2013-01-08,1391/10/19,1391,10,19,17,666.0,7578.0,3776131123.0,498301.8108999736,498827.9411764706,498963.0,491109.0,509383.0,all valid TSETMC Bank Maskan mortgage-facility certificates traded that day,Derived from standardized TSETMC instrument-day observations
2013-01-09,1391/10/20,1391,10,20,17,661.0,7837.0,3970978003.0,506696.18514737784,506598.23529411765,506491.0,501991.0,516868.0,all valid TSETMC Bank Maskan mortgage-facility certificates traded that day,Derived from standardized TSETMC instrument-day observations
2013-01-13,1391/10/24,1391,10,24,17,610.0,7536.0,3855471919.0,511607.20793524414,511423.0588235294,510709.0,506350.0,522128.0,all valid TSETMC Bank Maskan mortgage-facility certificates traded that day,Derived from standardized TSETMC instrument-day observations
2013-01-14,1391/10/25,1391,10,25,18,739.0,8361.0,4294856375.0,513677.3561774907,514356.6666666667,513499.0,507861.0,531560.0,all valid TSETMC Bank Maskan mortgage-facility certificates traded that day,Derived from standardized TSETMC instrument-day observations
2013-01-15,1391/10/26,1391,10,26,18,968.0,11678.0,6020400651.0,515533.5375064223,515814.72222222225,515205.0,511634.0,528053.0,all valid TSETMC Bank Maskan mortgage-facility certificates traded that day,Derived from standardized TSETMC instrument-day observations
2013-01-16,1391/10/27,1391,10,27,18,752.0,8418.0,4517494789.0,536647.0407460204,537402.9444444445,537095.0,533115.0,547604.0,all valid TSETMC Bank Maskan mortgage-facility certificates traded that day,Derived from standardized TSETMC instrument-day observations
2013-01-19,1391/10/30,1391,10,30,18,399.0,4679.0,2638741745.0,563954.2092327421,563701.8888888889,563540.5,558767.0,568680.0,all valid TSETMC Bank Maskan mortgage-facility certificates traded that day,Derived from standardized TSETMC instrument-day observations
2013-01-20,1391/11/01,1391,11,1,18,510.0,6839.0,4045028385.0,591464.8903348442,591886.6111111111,591717.5,586705.0,597114.0,all valid TSETMC Bank Maskan mortgage-facility certificates traded that day,Derived from standardized TSETMC instrument-day observations
2013-01-21,1391/11/02,1391,11,2,18,623.0,9766.0,6073727645.0,621925.8288961704,621480.3888888889,621303.0,616040.0,626969.0,all valid TSETMC Bank Maskan mortgage-facility certificates traded that day,Derived from standardized TSETMC instrument-day observations
2013-01-22,1391/11/03,1391,11,3,18,566.0,10557.0,6889909062.0,652638.9184427394,652554.0,652367.5,646842.0,658317.0,all valid TSETMC Bank Maskan mortgage-facility certificates traded that day,Derived from standardized TSETMC instrument-day observations
2013-01-23,1391/11/04,1391,11,4,18,1720.0,30988.0,20622535775.0,665500.7026913645,669063.4444444445,668212.5,653086.0,688890.0,all valid TSETMC Bank Maskan mortgage-facility certificates traded that day,Derived from standardized TSETMC instrument-day observations
2013-01-26,1391/11/07,1391,11,7,17,842.0,11320.0,7238817846.0,639471.5411660777,648078.3529411765,648109.0,624431.0,678452.0,all valid TSETMC Bank Maskan mortgage-facility certificates traded that day,Derived from standardized TSETMC instrument-day observations
2013-01-27,1391/11/08,1391,11,8,17,584.0,8062.0,4935257904.0,612162.9749441826,621091.0,616706.0,599934.0,663529.0,all valid TSETMC Bank Maskan mortgage-facility certificates traded that day,Derived from standardized TSETMC instrument-day observations
2013-01-28,1391/11/09,1391,11,9,18,827.0,12057.0,7197801100.0,596981.0981172763,606601.0555555555,598567.0,588763.0,646200.0,all valid TSETMC Bank Maskan mortgage-facility certificates traded that day,Derived from standardized TSETMC instrument-day observations
2013-01-30,1391/11/11,1391,11,11,18,1171.0,15120.0,9401739983.0,621808.1999338624,622935.0,622111.0,615733.0,634270.0,all valid TSETMC Bank Maskan mortgage-facility certificates traded that day,Derived from standardized TSETMC instrument-day observations
2013-02-02,1391/11/14,1391,11,14,18,1201.0,17877.0,11608851375.0,649373.5735861722,649871.5555555555,649409.0,643266.0,658927.0,all valid TSETMC Bank Maskan mortgage-facility certificates traded that day,Derived from standardized TSETMC instrument-day observations
2013-02-03,1391/11/15,1391,11,15,18,761.0,10239.0,6734264493.0,657707.246117785,656456.3333333334,657370.5,638982.0,668387.0,all valid TSETMC Bank Maskan mortgage-facility certificates traded that day,Derived from standardized TSETMC instrument-day observations
2013-02-04,1391/11/16,1391,11,16,18,741.0,10829.0,7067293577.0,652626.6115984855,652761.0,651619.5,639142.0,693826.0,all valid TSETMC Bank Maskan mortgage-facility certificates traded that day,Derived from standardized TSETMC instrument-day observations
2013-02-05,1391/11/17,1391,11,17,18,916.0,17806.0,11405486576.0,640541.7598562283,643563.6111111111,642686.0,633233.0,681558.0,all valid TSETMC Bank Maskan mortgage-facility certificates traded that day,Derived from standardized TSETMC instrument-day observations
2013-02-06,1391/11/18,1391,11,18,18,704.0,10337.0,6612079064.0,639651.6459320886,641058.7777777778,640371.0,631222.0,673269.0,all valid TSETMC Bank Maskan mortgage-facility certificates traded that day,Derived from standardized TSETMC instrument-day observations
2013-02-09,1391/11/21,1391,11,21,18,588.0,7381.0,4707063448.0,637727.0624576616,637271.8333333334,636033.0,631321.0,657760.0,all valid TSETMC Bank Maskan mortgage-facility certificates traded that day,Derived from standardized TSETMC instrument-day observations
2013-02-11,1391/11/23,1391,11,23,18,744.0,8450.0,5413836512.0,640690.7114792899,640407.8333333334,639161.5,635280.0,651591.0,all valid TSETMC Bank Maskan mortgage-facility certificates traded that day,Derived from standardized TSETMC instrument-day observations
2013-02-12,1391/11/24,1391,11,24,18,879.0,9712.0,6198849469.0,638267.0375823723,638560.1111111111,638412.0,632037.0,653499.0,all valid TSETMC Bank Maskan mortgage-facility certificates traded that day,Derived from standardized TSETMC instrument-day observations
2013-02-13,1391/11/25,1391,11,25,18,871.0,10460.0,6680444664.0,638665.8378585086,637994.8888888889,638339.0,631740.0,643762.0,all valid TSETMC Bank Maskan mortgage-facility certificates traded that day,Derived from standardized TSETMC instrument-day observations
2013-02-16,1391/11/28,1391,11,28,18,820.0,9170.0,5848954404.0,637835.812868048,637306.3333333334,637263.5,632887.0,649355.0,all valid TSETMC Bank Maskan mortgage-facility certificates traded that day,Derived from standardized TSETMC instrument-day observations
2013-02-17,1391/11/29,1391,11,29,17,648.0,9509.0,6026467574.0,633764.5992217899,633341.4117647059,633795.0,630123.0,636246.0,all valid TSETMC Bank Maskan mortgage-facility certificates traded that day,Derived from standardized TSETMC instrument-day observations
2013-02-18,1391/11/30,1391,11,30,18,880.0,12100.0,7596750417.0,627830.6129752066,626648.6111111111,625948.0,618717.0,647275.0,all valid TSETMC Bank Maskan mortgage-facility certificates traded that day,Derived from standardized TSETMC instrument-day observations
2013-02-19,1391/12/01,1391,12,1,18,711.0,9631.0,5985824480.0,621516.4032810716,621289.0555555555,621005.5,610008.0,640626.0,all valid TSETMC Bank Maskan mortgage-facility certificates traded that day,Derived from standardized TSETMC instrument-day observations
2013-02-20,1391/12/02,1391,12,2,18,794.0,11790.0,7193589980.0,610143.3401187446,614042.5555555555,613882.0,599422.0,632056.0,all valid TSETMC Bank Maskan mortgage-facility certificates traded that day,Derived from standardized TSETMC instrument-day observations
2013-02-23,1391/12/05,1391,12,5,18,569.0,6597.0,3991895472.0,605107.6962255571,602456.6111111111,604000.5,587396.0,613773.0,all valid TSETMC Bank Maskan mortgage-facility certificates traded that day,Derived from standardized TSETMC instrument-day observations
2013-02-24,1391/12/06,1391,12,6,18,854.0,10740.0,6363267558.0,592483.012849162,592273.5,591529.5,582410.0,609738.0,all valid TSETMC Bank Maskan mortgage-facility certificates traded that day,Derived from standardized TSETMC instrument-day observations
2013-02-25,1391/12/07,1391,12,7,18,759.0,8989.0,5309258748.0,590639.5314273001,589348.8333333334,590308.5,570690.0,623290.0,all valid TSETMC Bank Maskan mortgage-facility certificates traded that day,Derived from standardized TSETMC instrument-day observations
2013-02-26,1391/12/08,1391,12,8,18,820.0,11495.0,6859941964.0,596776.1604175728,595326.6666666666,594581.5,585939.0,609556.0,all valid TSETMC Bank Maskan mortgage-facility certificates traded that day,Derived from standardized TSETMC instrument-day observations
2013-02-27,1391/12/09,1391,12,9,18,567.0,7004.0,4147819925.0,592207.2994003426,590778.7777777778,591958.5,579468.0,601762.0,all valid TSETMC Bank Maskan mortgage-facility certificates traded that day,Derived from standardized TSETMC instrument-day observations
2013-03-02,1391/12/12,1391,12,12,18,512.0,5944.0,3490445824.0,587221.7065948856,587141.5555555555,586807.0,575535.0,606760.0,all valid TSETMC Bank Maskan mortgage-facility certificates traded that day,Derived from standardized TSETMC instrument-day observations
2013-03-03,1391/12/13,1391,12,13,18,355.0,3401.0,1923184405.0,565476.1555424875,567275.0,565881.5,557607.0,593961.0,all valid TSETMC Bank Maskan mortgage-facility certificates traded that day,Derived from standardized TSETMC instrument-day observations
2013-03-04,1391/12/14,1391,12,14,17,461.0,5419.0,2960727743.0,546360.5357076952,545882.2941176471,545212.0,535219.0,568407.0,all valid TSETMC Bank Maskan mortgage-facility certificates traded that day,Derived from standardized TSETMC instrument-day observations
2013-03-05,1391/12/15,1391,12,15,17,326.0,3419.0,1819513037.0,532176.963147119,528958.2941176471,525366.0,508502.0,590885.0,all valid TSETMC Bank Maskan mortgage-facility certificates traded that day,Derived from standardized TSETMC instrument-day observations
2013-03-06,1391/12/16,1391,12,16,16,538.0,6789.0,3422868972.0,504178.66725585505,504559.5625,504656.0,495560.0,513792.0,all valid TSETMC Bank Maskan mortgage-facility certificates traded that day,Derived from standardized TSETMC instrument-day observations
2013-03-09,1391/12/19,1391,12,19,17,614.0,8252.0,4122613390.0,499589.6013087736,502842.4117647059,499970.0,494017.0,561341.0,all valid TSETMC Bank Maskan mortgage-facility certificates traded that day,Derived from standardized TSETMC instrument-day observations
2013-03-10,1391/12/20,1391,12,20,16,530.0,6539.0,3284061862.0,502226.9249120661,501724.0,502744.5,493442.0,508436.0,all valid TSETMC Bank Maskan mortgage-facility certificates traded that day,Derived from standardized TSETMC instrument-day observations
2013-03-11,1391/12/21,1391,12,21,18,428.0,5280.0,2676537364.0,506919.9553030303,507779.1666666667,506283.5,502798.0,533274.0,all valid TSETMC Bank Maskan mortgage-facility certificates traded that day,Derived from standardized TSETMC instrument-day observations
2013-03-12,1391/12/22,1391,12,22,18,800.0,21225.0,11213379145.0,528309.9714958775,527605.6666666666,527582.0,520914.0,533301.0,all valid TSETMC Bank Maskan mortgage-facility certificates traded that day,Derived from standardized TSETMC instrument-day observations
2013-03-13,1391/12/23,1391,12,23,18,714.0,10740.0,5867176556.0,546292.044320298,545234.7222222222,545826.5,534809.0,551399.0,all valid TSETMC Bank Maskan mortgage-facility certificates traded that day,Derived from standardized TSETMC instrument-day observations
2013-03-16,1391/12/26,1391,12,26,18,398.0,5828.0,3075923276.0,527783.6781056967,527071.5,526475.5,517509.0,551258.0,all valid TSETMC Bank Maskan mortgage-facility certificates traded that day,Derived from standardized TSETMC instrument-day observations
2013-03-17,1391/12/27,1391,12,27,18,428.0,9335.0,4821763308.0,516525.26063202997,518052.8333333333,517087.0,508190.0,535684.0,all valid TSETMC Bank Maskan mortgage-facility certificates traded that day,Derived from standardized TSETMC instrument-day observations
2013-03-18,1391/12/28,1391,12,28,18,232.0,4122.0,2173479405.0,527287.5800582241,526601.2222222222,526644.5,511429.0,538803.0,all valid TSETMC Bank Maskan mortgage-facility certificates traded that day,Derived from standardized TSETMC instrument-day observations
2013-03-25,1392/01/05,1392,1,5,14,132.0,4218.0,2283324065.0,541328.6071597914,538361.7142857143,537106.5,520000.0,560000.0,all valid TSETMC Bank Maskan mortgage-facility certificates traded that day,Derived from standardized TSETMC instrument-day observations
2013-03-26,1392/01/06,1392,1,6,18,317.0,5993.0,3287510073.0,548558.3302185884,549973.8333333334,549361.5,530000.0,588000.0,all valid TSETMC Bank Maskan mortgage-facility certificates traded that day,Derived from standardized TSETMC instrument-day observations
2013-03-27,1392/01/07,1392,1,7,15,279.0,4210.0,2279540064.0,541458.4475059382,539040.6,540483.0,522497.0,552785.0,all valid TSETMC Bank Maskan mortgage-facility certificates traded that day,Derived from standardized TSETMC instrument-day observations
2013-03-30,1392/01/10,1392,1,10,16,267.0,5188.0,2774985941.0,534885.4936391673,534229.5,534200.0,521061.0,549706.0,all valid TSETMC Bank Maskan mortgage-facility certificates traded that day,Derived from standardized TSETMC instrument-day observations
2013-03-31,1392/01/11,1392,1,11,17,289.0,4174.0,2238193440.0,536222.673694298,533535.2352941176,531194.0,522176.0,558600.0,all valid TSETMC Bank Maskan mortgage-facility certificates traded that day,Derived from standardized TSETMC instrument-day observations
2013-04-03,1392/01/14,1392,1,14,16,130.0,1878.0,1004849519.0,535063.6416400427,533927.125,537365.0,510517.0,542049.0,all valid TSETMC Bank Maskan mortgage-facility certificates traded that day,Derived from standardized TSETMC instrument-day observations
2013-04-06,1392/01/17,1392,1,17,17,263.0,3119.0,1666887630.0,534430.1474831677,530473.7058823529,532023.0,514912.0,541766.0,all valid TSETMC Bank Maskan mortgage-facility certificates traded that day,Derived from standardized TSETMC instrument-day observations
2013-04-07,1392/01/18,1392,1,18,17,417.0,4149.0,2196886286.0,529497.7792239094,529124.2352941176,528589.0,525266.0,534111.0,all valid TSETMC Bank Maskan mortgage-facility certificates traded that day,Derived from standardized TSETMC instrument-day observations
2013-04-08,1392/01/19,1392,1,19,18,481.0,4429.0,2365613409.0,534119.0808308873,532693.7222222222,532626.0,525872.0,542259.0,all valid TSETMC Bank Maskan mortgage-facility certificates traded that day,Derived from standardized TSETMC instrument-day observations
2013-04-09,1392/01/20,1392,1,20,18,435.0,4688.0,2490393151.0,531227.2079778156,530888.4444444445,528211.5,522289.0,555387.0,all valid TSETMC Bank Maskan mortgage-facility certificates traded that day,Derived from standardized TSETMC instrument-day observations
2013-04-10,1392/01/21,1392,1,21,18,339.0,3302.0,1745501135.0,528619.3625075711,526752.8333333334,525422.5,512884.0,560000.0,all valid TSETMC Bank Maskan mortgage-facility certificates traded that day,Derived from standardized TSETMC instrument-day observations
2013-04-13,1392/01/24,1392,1,24,18,347.0,3186.0,1656643140.0,519975.8757062147,522894.3888888889,518625.5,512464.0,560000.0,all valid TSETMC Bank Maskan mortgage-facility certificates traded that day,Derived from standardized TSETMC instrument-day observations
2013-04-15,1392/01/26,1392,1,26,18,329.0,3893.0,2018121375.0,518397.47623940406,519833.05555555556,517299.5,510516.0,544429.0,all valid TSETMC Bank Maskan mortgage-facility certificates traded that day,Derived from standardized TSETMC instrument-day observations
2013-04-16,1392/01/27,1392,1,27,18,348.0,3772.0,1951228313.0,517292.7659066808,517099.6111111111,515722.0,508867.0,548143.0,all valid TSETMC Bank Maskan mortgage-facility certificates traded that day,Derived from standardized TSETMC instrument-day observations
2013-04-17,1392/01/28,1392,1,28,18,465.0,5403.0,2799975672.0,518226.1099389228,519743.55555555556,517452.0,511478.0,570606.0,all valid TSETMC Bank Maskan mortgage-facility certificates traded that day,Derived from standardized TSETMC instrument-day observations
2013-04-20,1392/01/31,1392,1,31,17,373.0,4794.0,2469302034.0,515081.7759699625,516880.5882352941,516132.0,508970.0,543001.0,all valid TSETMC Bank Maskan mortgage-facility certificates traded that day,Derived from standardized TSETMC instrument-day observations
2013-04-21,1392/02/01,1392,2,1,18,610.0,7067.0,3607091670.0,510413.42436677514,512602.55555555556,509850.0,503110.0,550072.0,all valid TSETMC Bank Maskan mortgage-facility certificates traded that day,Derived from standardized TSETMC instrument-day observations
2013-04-22,1392/02/02,1392,2,2,18,473.0,6029.0,3112754002.0,516296.89865649363,516828.72222222225,514868.5,504728.0,539882.0,all valid TSETMC Bank Maskan mortgage-facility certificates traded that day,Derived from standardized TSETMC instrument-day observations
2013-04-23,1392/02/03,1392,2,3,17,394.0,4470.0,2281928944.0,510498.6451901566,509736.23529411765,509108.0,503983.0,521000.0,all valid TSETMC Bank Maskan mortgage-facility certificates traded that day,Derived from standardized TSETMC instrument-day observations
2013-04-24,1392/02/04,1392,2,4,17,432.0,5269.0,2683848629.0,509365.84342379955,509995.5882352941,509392.0,501323.0,539064.0,all valid TSETMC Bank Maskan mortgage-facility certificates traded that day,Derived from standardized TSETMC instrument-day observations
2013-04-27,1392/02/07,1392,2,7,18,622.0,7690.0,3911733057.0,508677.9007802341,509064.6666666667,507993.5,503548.0,523899.0,all valid TSETMC Bank Maskan mortgage-facility certificates traded that day,Derived from standardized TSETMC instrument-day observations
2013-04-28,1392/02/08,1392,2,8,18,546.0,6534.0,3288333678.0,503265.0257116621,502283.8888888889,502163.5,490201.0,510501.0,all valid TSETMC Bank Maskan mortgage-facility certificates traded that day,Derived from standardized TSETMC instrument-day observations
2013-04-29,1392/02/09,1392,2,9,18,484.0,5964.0,2979737109.0,499620.5749496982,499277.5,500453.5,488681.0,513712.0,all valid TSETMC Bank Maskan mortgage-facility certificates traded that day,Derived from standardized TSETMC instrument-day observations
2013-04-30,1392/02/10,1392,2,10,18,354.0,4035.0,2019501343.0,500495.99578686495,499755.94444444444,500030.0,485903.0,509143.0,all valid TSETMC Bank Maskan mortgage-facility certificates traded that day,Derived from standardized TSETMC instrument-day observations
2013-05-01,1392/02/11,1392,2,11,18,424.0,6141.0,3027954260.0,493071.8547467839,493942.44444444444,493539.0,480560.0,502709.0,all valid TSETMC Bank Maskan mortgage-facility certificates traded that day,Derived from standardized TSETMC instrument-day observations
2013-05-04,1392/02/14,1392,2,14,18,365.0,4390.0,2177626936.0,496042.58223234623,494548.5,495771.5,485100.0,508725.0,all valid TSETMC Bank Maskan mortgage-facility certificates traded that day,Derived from standardized TSETMC instrument-day observations
2013-05-05,1392/02/15,1392,2,15,17,440.0,5191.0,2549015731.0,491045.2188403005,490689.82352941175,488371.0,477625.0,521543.0,all valid TSETMC Bank Maskan mortgage-facility certificates traded that day,Derived from standardized TSETMC instrument-day observations
2013-05-06,1392/02/16,1392,2,16,18,423.0,7625.0,3701538706.0,485447.69914754096,487559.1111111111,489035.0,475005.0,503638.0,all valid TSETMC Bank Maskan mortgage-facility certificates traded that day,Derived from standardized TSETMC instrument-day observations
2013-05-07,1392/02/17,1392,2,17,18,404.0,5059.0,2462821890.0,486819.9031429136,487706.3888888889,486693.5,475905.0,510436.0,all valid TSETMC Bank Maskan mortgage-facility certificates traded that day,Derived from standardized TSETMC instrument-day observations
2013-05-08,1392/02/18,1392,2,18,17,311.0,3743.0,1822445366.0,486894.3002938819,487208.8823529412,486897.0,472654.0,511084.0,all valid TSETMC Bank Maskan mortgage-facility certificates traded that day,Derived from standardized TSETMC instrument-day observations
2013-05-11,1392/02/21,1392,2,21,18,417.0,4130.0,1994887274.0,483023.5530266344,481847.0,481311.0,471233.0,501129.0,all valid TSETMC Bank Maskan mortgage-facility certificates traded that day,Derived from standardized TSETMC instrument-day observations
2013-05-12,1392/02/22,1392,2,22,18,423.0,5208.0,2532580339.0,486286.54742703534,484440.0,486526.0,470121.0,497250.0,all valid TSETMC Bank Maskan mortgage-facility certificates traded that day,Derived from standardized TSETMC instrument-day observations
2013-05-13,1392/02/23,1392,2,23,18,425.0,4594.0,2221169946.0,483493.67566390947,484438.22222222225,482742.5,476393.0,501749.0,all valid TSETMC Bank Maskan mortgage-facility certificates traded that day,Derived from standardized TSETMC instrument-day observations
2013-05-14,1392/02/24,1392,2,24,18,263.0,2870.0,1387844148.0,483569.3895470383,483816.72222222225,483266.0,473973.0,505241.0,all valid TSETMC Bank Maskan mortgage-facility certificates traded that day,Derived from standardized TSETMC instrument-day observations
2013-05-15,1392/02/25,1392,2,25,18,383.0,3723.0,1779557695.0,477990.2484555466,475672.3333333333,477326.0,459146.0,489822.0,all valid TSETMC Bank Maskan mortgage-facility certificates traded that day,Derived from standardized TSETMC instrument-day observations
2013-05-18,1392/02/28,1392,2,28,18,496.0,5440.0,2617826045.0,481218.0229779412,479925.77777777775,479107.5,465335.0,502797.0,all valid TSETMC Bank Maskan mortgage-facility certificates traded that day,Derived from standardized TSETMC instrument-day observations
2013-05-19,1392/02/29,1392,2,29,18,382.0,4606.0,2246029838.0,487631.31524099,488911.6111111111,487150.5,480270.0,527000.0,all valid TSETMC Bank Maskan mortgage-facility certificates traded that day,Derived from standardized TSETMC instrument-day observations
2013-05-20,1392/02/30,1392,2,30,17,467.0,6146.0,3020881315.0,491519.90156199154,493945.5294117647,491256.0,489261.0,515202.0,all valid TSETMC Bank Maskan mortgage-facility certificates traded that day,Derived from standardized TSETMC instrument-day observations
2013-05-21,1392/02/31,1392,2,31,18,349.0,3704.0,1833572865.0,495025.07154427643,495188.44444444444,494274.0,485323.0,510355.0,all valid TSETMC Bank Maskan mortgage-facility certificates traded that day,Derived from standardized TSETMC instrument-day observations
2013-05-22,1392/03/01,1392,3,1,17,422.0,9989.0,4918847066.0,492426.3756131745,495614.35294117645,495212.0,490019.0,504976.0,all valid TSETMC Bank Maskan mortgage-facility certificates traded that day,Derived from standardized TSETMC instrument-day observations
2013-05-25,1392/03/04,1392,3,4,17,414.0,8277.0,4084096830.0,493427.18738673435,496647.0,496985.0,491508.0,511579.0,all valid TSETMC Bank Maskan mortgage-facility certificates traded that day,Derived from standardized TSETMC instrument-day observations
2013-05-26,1392/03/05,1392,3,5,18,667.0,13901.0,6755028583.0,485938.31976116827,490014.44444444444,488503.5,480104.0,512376.0,all valid TSETMC Bank Maskan mortgage-facility certificates traded that day,Derived from standardized TSETMC instrument-day observations
2013-05-27,1392/03/06,1392,3,6,17,558.0,8544.0,4167865037.0,487811.91912453185,488994.4117647059,485564.0,476744.0,518825.0,all valid TSETMC Bank Maskan mortgage-facility certificates traded that day,Derived from standardized TSETMC instrument-day observations
2013-05-28,1392/03/07,1392,3,7,18,658.0,9964.0,4842548501.0,486004.46617824165,485447.94444444444,485176.5,476585.0,508343.0,all valid TSETMC Bank Maskan mortgage-facility certificates traded that day,Derived from standardized TSETMC instrument-day observations
2013-05-29,1392/03/08,1392,3,8,18,568.0,9097.0,4427181742.0,486663.92678905133,486622.05555555556,486466.0,473130.0,511106.0,all valid TSETMC Bank Maskan mortgage-facility certificates traded that day,Derived from standardized TSETMC instrument-day observations
2013-06-01,1392/03/11,1392,3,11,18,703.0,11499.0,5637981753.0,490301.91781894077,490870.72222222225,490053.5,480106.0,512132.0,all valid TSETMC Bank Maskan mortgage-facility certificates traded that day,Derived from standardized TSETMC instrument-day observations
2013-06-02,1392/03/12,1392,3,12,18,842.0,13820.0,6625997749.0,479449.9094790159,487004.8888888889,490552.0,464649.0,509607.0,all valid TSETMC Bank Maskan mortgage-facility certificates traded that day,Derived from standardized TSETMC instrument-day observations
2013-06-03,1392/03/13,1392,3,13,18,715.0,10994.0,5370531140.0,488496.55630343826,488522.77777777775,490224.5,476008.0,517833.0,all valid TSETMC Bank Maskan mortgage-facility certificates traded that day,Derived from standardized TSETMC instrument-day observations
2013-06-08,1392/03/18,1392,3,18,18,357.0,3732.0,1823344885.0,488570.4407824223,488697.1666666667,488816.5,481668.0,510000.0,all valid TSETMC Bank Maskan mortgage-facility certificates traded that day,Derived from standardized TSETMC instrument-day observations
2013-06-09,1392/03/19,1392,3,19,17,471.0,7072.0,3393869311.0,479902.33470022626,480443.5882352941,478453.0,471005.0,500046.0,all valid TSETMC Bank Maskan mortgage-facility certificates traded that day,Derived from standardized TSETMC instrument-day observations
2013-06-10,1392/03/20,1392,3,20,18,308.0,3387.0,1620663102.0,478495.15854738705,476978.8888888889,476352.0,463630.0,503586.0,all valid TSETMC Bank Maskan mortgage-facility certificates traded that day,Derived from standardized TSETMC instrument-day observations
2013-06-11,1392/03/21,1392,3,21,18,351.0,3710.0,1770727775.0,477285.1145552561,476996.1111111111,475593.0,464344.0,512716.0,all valid TSETMC Bank Maskan mortgage-facility certificates traded that day,Derived from standardized TSETMC instrument-day observations
2013-06-12,1392/03/22,1392,3,22,18,303.0,3845.0,1847879831.0,480592.93394018203,480697.72222222225,478283.5,473407.0,506594.0,all valid TSETMC Bank Maskan mortgage-facility certificates traded that day,Derived from standardized TSETMC instrument-day observations
2013-06-15,1392/03/25,1392,3,25,18,381.0,4003.0,1922617284.0,480294.1004246815,480881.22222222225,479052.5,469039.0,514701.0,all valid TSETMC Bank Maskan mortgage-facility certificates traded that day,Derived from standardized TSETMC instrument-day observations
2013-06-16,1392/03/26,1392,3,26,18,392.0,4226.0,2023130975.0,478734.25816374825,479880.94444444444,478120.5,472845.0,512345.0,all valid TSETMC Bank Maskan mortgage-facility certificates traded that day,Derived from standardized TSETMC instrument-day observations
2013-06-17,1392/03/27,1392,3,27,17,373.0,4898.0,2331495141.0,476009.6245406288,476001.5294117647,476161.0,470138.0,482222.0,all valid TSETMC Bank Maskan mortgage-facility certificates traded that day,Derived from standardized TSETMC instrument-day observations
2013-06-18,1392/03/28,1392,3,28,18,345.0,3607.0,1716372859.0,475844.98447463266,478401.44444444444,474203.5,469020.0,523154.0,all valid TSETMC Bank Maskan mortgage-facility certificates traded that day,Derived from standardized TSETMC instrument-day observations
2013-06-19,1392/03/29,1392,3,29,18,349.0,4107.0,1949167493.0,474596.4190406623,476133.05555555556,474596.5,463250.0,500678.0,all valid TSETMC Bank Maskan mortgage-facility certificates traded that day,Derived from standardized TSETMC instrument-day observations
2013-06-22,1392/04/01,1392,4,1,18,269.0,3686.0,1738613854.0,471680.3727618014,472639.6111111111,470368.5,460010.0,505000.0,all valid TSETMC Bank Maskan mortgage-facility certificates traded that day,Derived from standardized TSETMC instrument-day observations
2013-06-23,1392/04/02,1392,4,2,17,312.0,3858.0,1797423393.0,465895.12519440125,466760.4117647059,465302.0,460807.0,479497.0,all valid TSETMC Bank Maskan mortgage-facility certificates traded that day,Derived from standardized TSETMC instrument-day observations
2013-06-25,1392/04/04,1392,4,4,18,290.0,4132.0,1898480677.0,459458.05348499515,459408.8888888889,458203.0,445797.0,493054.0,all valid TSETMC Bank Maskan mortgage-facility certificates traded that day,Derived from standardized TSETMC instrument-day observations
2013-06-26,1392/04/05,1392,4,5,18,454.0,5795.0,2614155345.0,451105.32269197586,451394.6666666667,450849.5,434855.0,482198.0,all valid TSETMC Bank Maskan mortgage-facility certificates traded that day,Derived from standardized TSETMC instrument-day observations
2013-06-29,1392/04/08,1392,4,8,17,486.0,5165.0,2354066006.0,455772.70203291386,457414.8823529412,455895.0,448045.0,499560.0,all valid TSETMC Bank Maskan mortgage-facility certificates traded that day,Derived from standardized TSETMC instrument-day observations
2013-06-30,1392/04/09,1392,4,9,18,471.0,5024.0,2275635514.0,452952.9287420382,455832.05555555556,453284.5,445987.0,506307.0,all valid TSETMC Bank Maskan mortgage-facility certificates traded that day,Derived from standardized TSETMC instrument-day observations
2013-07-01,1392/04/10,1392,4,10,18,379.0,4731.0,2112886572.0,446604.64426125557,446222.1111111111,445170.5,430130.0,484157.0,all valid TSETMC Bank Maskan mortgage-facility certificates traded that day,Derived from standardized TSETMC instrument-day observations
2013-07-02,1392/04/11,1392,4,11,19,414.0,4412.0,1954942722.0,443096.7184950136,441141.36842105264,440473.0,426053.0,460001.0,all valid TSETMC Bank Maskan mortgage-facility certificates traded that day,Derived from standardized TSETMC instrument-day observations
2013-07-03,1392/04/12,1392,4,12,19,696.0,10340.0,4544012728.0,439459.6448742747,441979.5263157895,439423.0,424168.0,478684.0,all valid TSETMC Bank Maskan mortgage-facility certificates traded that day,Derived from standardized TSETMC instrument-day observations
2013-07-06,1392/04/15,1392,4,15,19,1191.0,18684.0,7979133690.0,427057.0375722543,431744.5789473684,429911.0,420577.0,475001.0,all valid TSETMC Bank Maskan mortgage-facility certificates traded that day,Derived from standardized TSETMC instrument-day observations
2013-07-07,1392/04/16,1392,4,16,16,1217.0,22121.0,9194263345.0,415635.06826092856,417368.9375,416122.0,401010.0,460001.0,all valid TSETMC Bank Maskan mortgage-facility certificates traded that day,Derived from standardized TSETMC instrument-day observations
2013-07-08,1392/04/17,1392,4,17,17,1092.0,21468.0,8551579166.0,398340.7474380473,404535.4117647059,400522.0,392681.0,445366.0,all valid TSETMC Bank Maskan mortgage-facility certificates traded that day,Derived from standardized TSETMC instrument-day observations
2013-07-09,1392/04/18,1392,4,18,17,1044.0,19604.0,7477957158.0,381450.5793715568,390980.1176470588,387255.0,373290.0,441156.0,all valid TSETMC Bank Maskan mortgage-facility certificates traded that day,Derived from standardized TSETMC instrument-day observations
2013-07-10,1392/04/19,1392,4,19,14,1041.0,21724.0,8145429953.0,374950.74355551467,379675.14285714284,377376.0,369589.0,399538.0,all valid TSETMC Bank Maskan mortgage-facility certificates traded that day,Derived from standardized TSETMC instrument-day observations
2013-07-13,1392/04/22,1392,4,22,18,308.0,6072.0,2328559753.0,383491.39542160736,386725.8888888889,382278.5,361842.0,462990.0,all valid TSETMC Bank Maskan mortgage-facility certificates traded that day,Derived from standardized TSETMC instrument-day observations
2013-07-14,1392/04/23,1392,4,23,18,1561.0,30249.0,12047916984.0,398291.4140632748,390867.8333333333,391071.0,379934.0,399954.0,all valid TSETMC Bank Maskan mortgage-facility certificates traded that day,Derived from standardized TSETMC instrument-day observations
2013-07-15,1392/04/24,1392,4,24,18,1135.0,23216.0,9236034199.0,397830.5564696761,398831.72222222225,394108.0,385067.0,479630.0,all valid TSETMC Bank Maskan mortgage-facility certificates traded that day,Derived from standardized TSETMC instrument-day observations
2013-07-16,1392/04/25,1392,4,25,19,623.0,14971.0,5975017477.0,399106.1036002939,400993.6842105263,397662.0,387191.0,473474.0,all valid TSETMC Bank Maskan mortgage-facility certificates traded that day,Derived from standardized TSETMC instrument-day observations
2013-07-17,1392/04/26,1392,4,26,19,1171.0,24256.0,9715138198.0,400525.1565798153,401427.05263157893,398393.0,388479.0,467313.0,all valid TSETMC Bank Maskan mortgage-facility certificates traded that day,Derived from standardized TSETMC instrument-day observations
2013-07-20,1392/04/29,1392,4,29,19,905.0,17701.0,6984621058.0,394589.0660414666,395208.3157894737,393022.0,380025.0,481270.0,all valid TSETMC Bank Maskan mortgage-facility certificates traded that day,Derived from standardized TSETMC instrument-day observations
2013-07-21,1392/04/30,1392,4,30,19,1305.0,22949.0,9139048356.0,398232.9668395137,397827.1052631579,394120.0,385842.0,476782.0,all valid TSETMC Bank Maskan mortgage-facility certificates traded that day,Derived from standardized TSETMC instrument-day observations
2013-07-22,1392/04/31,1392,4,31,19,1061.0,17580.0,7060486346.0,401620.3837315131,399267.15789473685,396065.0,390403.0,455286.0,all valid TSETMC Bank Maskan mortgage-facility certificates traded that day,Derived from standardized TSETMC instrument-day observations
2013-07-23,1392/05/01,1392,5,1,19,871.0,14550.0,5944106906.0,408529.6842611684,405899.7894736842,404827.0,394295.0,450258.0,all valid TSETMC Bank Maskan mortgage-facility certificates traded that day,Derived from standardized TSETMC instrument-day observations
2013-07-24,1392/05/02,1392,5,2,19,1004.0,21196.0,8560240935.0,403861.1499811285,401794.3157894737,400229.0,380015.0,442006.0,all valid TSETMC Bank Maskan mortgage-facility certificates traded that day,Derived from standardized TSETMC instrument-day observations
2013-07-27,1392/05/05,1392,5,5,20,1570.0,31928.0,12653354561.0,396309.0253382611,398512.35,396888.0,380012.0,458998.0,all valid TSETMC Bank Maskan mortgage-facility certificates traded that day,Derived from standardized TSETMC instrument-day observations
2013-07-28,1392/05/06,1392,5,6,19,1549.0,31556.0,12444826774.0,394372.758714666,392418.3157894737,392161.0,379428.0,436050.0,all valid TSETMC Bank Maskan mortgage-facility certificates traded that day,Derived from standardized TSETMC instrument-day observations
2013-07-29,1392/05/07,1392,5,7,20,1554.0,31123.0,12226009105.0,392828.7473893905,391773.0,390462.0,381362.0,428244.0,all valid TSETMC Bank Maskan mortgage-facility certificates traded that day,Derived from standardized TSETMC instrument-day observations
2013-07-31,1392/05/09,1392,5,9,20,1276.0,23911.0,9353808080.0,391192.6761741458,390499.45,385304.0,373113.0,448827.0,all valid TSETMC Bank Maskan mortgage-facility certificates traded that day,Derived from standardized TSETMC instrument-day observations
2013-08-03,1392/05/12,1392,5,12,20,1513.0,29392.0,11527065039.0,392183.75881192164,393556.85,389460.5,378061.0,460950.0,all valid TSETMC Bank Maskan mortgage-facility certificates traded that day,Derived from standardized TSETMC instrument-day observations
2013-08-04,1392/05/13,1392,5,13,20,1593.0,27946.0,11009726097.0,393964.2917412152,394460.4,390027.0,381021.0,474578.0,all valid TSETMC Bank Maskan mortgage-facility certificates traded that day,Derived from standardized TSETMC instrument-day observations
2013-08-05,1392/05/14,1392,5,14,18,1287.0,27946.0,10954000015.0,391970.2288341802,390486.72222222225,390413.0,383037.0,398312.0,all valid TSETMC Bank Maskan mortgage-facility certificates traded that day,Derived from standardized TSETMC instrument-day observations
2013-08-06,1392/05/15,1392,5,15,20,1347.0,26693.0,10486231922.0,392845.7618851384,392946.25,390276.0,379841.0,452639.0,all valid TSETMC Bank Maskan mortgage-facility certificates traded that day,Derived from standardized TSETMC instrument-day observations
2013-08-07,1392/05/16,1392,5,16,19,1340.0,23044.0,9098851196.0,394846.8666898108,392928.3157894737,390665.0,384325.0,436438.0,all valid TSETMC Bank Maskan mortgage-facility certificates traded that day,Derived from standardized TSETMC instrument-day observations
2013-08-11,1392/05/20,1392,5,20,20,1045.0,18892.0,7478095938.0,395834.0005293246,393777.45,391757.0,380060.0,437186.0,all valid TSETMC Bank Maskan mortgage-facility certificates traded that day,Derived from standardized TSETMC instrument-day observations
2013-08-12,1392/05/21,1392,5,21,18,962.0,24900.0,9824226324.0,394547.2419277108,392832.77777777775,391109.0,380385.0,438388.0,all valid TSETMC Bank Maskan mortgage-facility certificates traded that day,Derived from standardized TSETMC instrument-day observations
2013-08-13,1392/05/22,1392,5,22,20,1434.0,27855.0,11045839632.0,396547.82380183093,394054.0,393018.0,377774.0,434032.0,all valid TSETMC Bank Maskan mortgage-facility certificates traded that day,Derived from standardized TSETMC instrument-day observations
2013-08-14,1392/05/23,1392,5,23,17,294.0,5165.0,2043717575.0,395685.88092933205,389205.0588235294,388888.0,378687.0,403103.0,all valid TSETMC Bank Maskan mortgage-facility certificates traded that day,Derived from standardized TSETMC instrument-day observations
2013-08-17,1392/05/26,1392,5,26,20,1081.0,26674.0,10519236651.0,394362.92460823274,390492.35,389638.0,379409.0,420001.0,all valid TSETMC Bank Maskan mortgage-facility certificates traded that day,Derived from standardized TSETMC instrument-day observations
2013-08-18,1392/05/27,1392,5,27,20,1496.0,31408.0,12343930616.0,393018.677279674,390334.55,389001.0,383118.0,418548.0,all valid TSETMC Bank Maskan mortgage-facility certificates traded that day,Derived from standardized TSETMC instrument-day observations
2013-08-19,1392/05/28,1392,5,28,20,1214.0,21843.0,8518258003.0,389976.5601336813,386746.05,385769.5,377278.0,401219.0,all valid TSETMC Bank Maskan mortgage-facility certificates traded that day,Derived from standardized TSETMC instrument-day observations
2013-08-20,1392/05/29,1392,5,29,19,1139.0,17868.0,6944854061.0,388675.5127042758,382196.94736842107,380090.0,368730.0,404184.0,all valid TSETMC Bank Maskan mortgage-facility certificates traded that day,Derived from standardized TSETMC instrument-day observations
2013-08-21,1392/05/30,1392,5,30,20,1104.0,17095.0,6644355736.0,388672.46188944136,378888.25,378980.5,368044.0,399924.0,all valid TSETMC Bank Maskan mortgage-facility certificates traded that day,Derived from standardized TSETMC instrument-day observations
2013-08-24,1392/06/02,1392,6,2,20,1041.0,20326.0,7943073737.0,390783.90913116204,379060.1,379748.0,358188.0,398540.0,all valid TSETMC Bank Maskan mortgage-facility certificates traded that day,Derived from standardized TSETMC instrument-day observations
2013-08-25,1392/06/03,1392,6,3,20,1288.0,22641.0,8725624860.0,385390.4359348085,379768.3,378079.5,365129.0,418467.0,all valid TSETMC Bank Maskan mortgage-facility certificates traded that day,Derived from standardized TSETMC instrument-day observations
2013-08-26,1392/06/04,1392,6,4,21,1418.0,24794.0,9637496906.0,388702.78720658226,383434.2380952381,381319.0,369667.0,432641.0,all valid TSETMC Bank Maskan mortgage-facility certificates traded that day,Derived from standardized TSETMC instrument-day observations
2013-08-27,1392/06/05,1392,6,5,21,1754.0,34791.0,13275997477.0,381592.86818430055,380631.5714285714,379017.0,372568.0,411022.0,all valid TSETMC Bank Maskan mortgage-facility certificates traded that day,Derived from standardized TSETMC instrument-day observations
2013-08-28,1392/06/06,1392,6,6,21,1568.0,31739.0,12051066408.0,379692.6937836731,376954.71428571426,374952.0,359885.0,427179.0,all valid TSETMC Bank Maskan mortgage-facility certificates traded that day,Derived from standardized TSETMC instrument-day observations
2013-08-31,1392/06/09,1392,6,9,21,1888.0,40382.0,15368287819.0,380572.7259422515,378465.61904761905,379815.0,360397.0,427066.0,all valid TSETMC Bank Maskan mortgage-facility certificates traded that day,Derived from standardized TSETMC instrument-day observations
2013-09-01,1392/06/10,1392,6,10,20,1539.0,25466.0,9624011536.0,377916.10523835703,378515.25,377061.0,366690.0,434531.0,all valid TSETMC Bank Maskan mortgage-facility certificates traded that day,Derived from standardized TSETMC instrument-day observations
2013-09-03,1392/06/12,1392,6,12,21,2018.0,50336.0,19066215285.0,378778.9114152893,376922.90476190473,374857.0,355539.0,442782.0,all valid TSETMC Bank Maskan mortgage-facility certificates traded that day,Derived from standardized TSETMC instrument-day observations
2013-09-04,1392/06/13,1392,6,13,20,1611.0,26291.0,9951809776.0,378525.3423605036,370920.5,367608.5,359858.0,420643.0,all valid TSETMC Bank Maskan mortgage-facility certificates traded that day,Derived from standardized TSETMC instrument-day observations
2013-09-07,1392/06/16,1392,6,16,21,1944.0,35026.0,13291895580.0,379486.5408553646,374932.5238095238,373502.0,365657.0,404600.0,all valid TSETMC Bank Maskan mortgage-facility certificates traded that day,Derived from standardized TSETMC instrument-day observations
2013-09-08,1392/06/17,1392,6,17,21,1655.0,26899.0,10190440099.0,378840.85278263135,373841.0,372184.0,362327.0,409196.0,all valid TSETMC Bank Maskan mortgage-facility certificates traded that day,Derived from standardized TSETMC instrument-day observations
2013-09-09,1392/06/18,1392,6,18,21,1484.0,24094.0,9107460747.0,377997.04270772805,371971.8095238095,370484.0,361609.0,394627.0,all valid TSETMC Bank Maskan mortgage-facility certificates traded that day,Derived from standardized TSETMC instrument-day observations
2013-09-10,1392/06/19,1392,6,19,21,1537.0,26241.0,9920723587.0,378061.9483632484,372499.38095238095,370577.0,364000.0,392056.0,all valid TSETMC Bank Maskan mortgage-facility certificates traded that day,Derived from standardized TSETMC instrument-day observations
2013-09-11,1392/06/20,1392,6,20,21,1319.0,22585.0,8504223262.0,376542.9825990702,372053.5714285714,371396.0,364394.0,381151.0,all valid TSETMC Bank Maskan mortgage-facility certificates traded that day,Derived from standardized TSETMC instrument-day observations
2013-09-14,1392/06/23,1392,6,23,21,1355.0,25870.0,9744981075.0,376690.4165056049,371342.28571428574,370395.0,363749.0,379490.0,all valid TSETMC Bank Maskan mortgage-facility certificates traded that day,Derived from standardized TSETMC instrument-day observations
2013-09-15,1392/06/24,1392,6,24,21,1508.0,27698.0,10458047438.0,377574.10058487975,372404.1904761905,372435.0,359971.0,379300.0,all valid TSETMC Bank Maskan mortgage-facility certificates traded that day,Derived from standardized TSETMC instrument-day observations
2013-09-16,1392/06/25,1392,6,25,21,1488.0,27001.0,10219839064.0,378498.5394615014,374244.1904761905,374335.0,362396.0,381200.0,all valid TSETMC Bank Maskan mortgage-facility certificates traded that day,Derived from standardized TSETMC instrument-day observations
2013-09-17,1392/06/26,1392,6,26,21,1154.0,17499.0,6654299582.0,380267.41996685526,377314.4285714286,378155.0,365100.0,392098.0,all valid TSETMC Bank Maskan mortgage-facility certificates traded that day,Derived from standardized TSETMC instrument-day observations
2013-09-18,1392/06/27,1392,6,27,21,1355.0,25743.0,9768564061.0,379464.86660451384,375864.8095238095,375029.0,365938.0,395324.0,all valid TSETMC Bank Maskan mortgage-facility certificates traded that day,Derived from standardized TSETMC instrument-day observations
2013-09-21,1392/06/30,1392,6,30,21,1297.0,29057.0,11008998553.0,378875.95254155627,375397.85714285716,375388.0,369326.0,386119.0,all valid TSETMC Bank Maskan mortgage-facility certificates traded that day,Derived from standardized TSETMC instrument-day observations
2013-09-22,1392/06/31,1392,6,31,21,1283.0,20627.0,7791109242.0,377714.1243030979,372686.28571428574,373362.0,360125.0,388904.0,all valid TSETMC Bank Maskan mortgage-facility certificates traded that day,Derived from standardized TSETMC instrument-day observations
2013-09-23,1392/07/01,1392,7,1,19,1418.0,25783.0,9816009910.0,380716.3600046542,376894.84210526315,376777.0,369197.0,384038.0,all valid TSETMC Bank Maskan mortgage-facility certificates traded that day,Derived from standardized TSETMC instrument-day observations
2013-09-24,1392/07/02,1392,7,2,22,1318.0,22003.0,8395956896.0,381582.3704040358,377707.13636363635,377245.5,366474.0,388562.0,all valid TSETMC Bank Maskan mortgage-facility certificates traded that day,Derived from standardized TSETMC instrument-day observations
2013-09-25,1392/07/03,1392,7,3,22,1530.0,22577.0,8540617959.0,378288.4333170926,371535.3181818182,372783.5,355216.0,384645.0,all valid TSETMC Bank Maskan mortgage-facility certificates traded that day,Derived from standardized TSETMC instrument-day observations
2013-09-28,1392/07/06,1392,7,6,22,1878.0,33909.0,12557373931.0,370325.69320829277,369180.36363636365,369124.5,358516.0,375290.0,all valid TSETMC Bank Maskan mortgage-facility certificates traded that day,Derived from standardized TSETMC instrument-day observations
2013-09-29,1392/07/07,1392,7,7,21,1548.0,28253.0,10190455630.0,360685.79018157365,359297.95238095237,360000.0,349666.0,364286.0,all valid TSETMC Bank Maskan mortgage-facility certificates traded that day,Derived from standardized TSETMC instrument-day observations
2013-09-30,1392/07/08,1392,7,8,22,2323.0,41633.0,14780485431.0,355018.5052962794,354654.7272727273,354957.0,338671.0,379970.0,all valid TSETMC Bank Maskan mortgage-facility certificates traded that day,Derived from standardized TSETMC instrument-day observations
2013-10-01,1392/07/09,1392,7,9,22,2474.0,37326.0,13154985088.0,352434.9002839844,351805.04545454547,351675.5,337490.0,378351.0,all valid TSETMC Bank Maskan mortgage-facility certificates traded that day,Derived from standardized TSETMC instrument-day observations
2013-10-02,1392/07/10,1392,7,10,21,2481.0,44107.0,15745088409.0,356974.8205273539,351643.5714285714,351098.0,340075.0,363531.0,all valid TSETMC Bank Maskan mortgage-facility certificates traded that day,Derived from standardized TSETMC instrument-day observations
2013-10-05,1392/07/13,1392,7,13,22,2597.0,44196.0,15793981755.0,357362.24443388544,351654.3181818182,351157.0,342338.0,360329.0,all valid TSETMC Bank Maskan mortgage-facility certificates traded that day,Derived from standardized TSETMC instrument-day observations
2013-10-06,1392/07/14,1392,7,14,22,2544.0,44522.0,16059688259.0,360713.5406989803,356450.0909090909,356379.5,345000.0,365038.0,all valid TSETMC Bank Maskan mortgage-facility certificates traded that day,Derived from standardized TSETMC instrument-day observations
2013-10-07,1392/07/15,1392,7,15,22,2427.0,69226.0,26281063223.0,379641.51074740704,371337.95454545453,372091.5,343301.0,380927.0,all valid TSETMC Bank Maskan mortgage-facility certificates traded that day,Derived from standardized TSETMC instrument-day observations
2013-10-08,1392/07/16,1392,7,16,21,2411.0,58479.0,23016852288.0,393591.7558097779,388299.04761904763,389749.0,375423.0,396888.0,all valid TSETMC Bank Maskan mortgage-facility certificates traded that day,Derived from standardized TSETMC instrument-day observations
2013-10-09,1392/07/17,1392,7,17,21,2344.0,59289.0,23861629951.0,402463.0192953162,402158.09523809527,402831.0,393589.0,408421.0,all valid TSETMC Bank Maskan mortgage-facility certificates traded that day,Derived from standardized TSETMC instrument-day observations
2013-10-12,1392/07/20,1392,7,20,21,2093.0,41908.0,17152066775.0,409279.05829435907,406513.09523809527,408124.0,387526.0,416942.0,all valid TSETMC Bank Maskan mortgage-facility certificates traded that day,Derived from standardized TSETMC instrument-day observations
2013-10-13,1392/07/21,1392,7,21,21,2044.0,41365.0,16942444372.0,409584.05347516015,405962.5238095238,405903.0,396179.0,416748.0,all valid TSETMC Bank Maskan mortgage-facility certificates traded that day,Derived from standardized TSETMC instrument-day observations
2013-10-14,1392/07/22,1392,7,22,20,1873.0,38731.0,15687897945.0,405047.58320208616,401523.5,402479.0,391200.0,406233.0,all valid TSETMC Bank Maskan mortgage-facility certificates traded that day,Derived from standardized TSETMC instrument-day observations
2013-10-15,1392/07/23,1392,7,23,20,1789.0,41299.0,16349291581.0,395876.20961766626,395083.15,396058.5,380028.0,403214.0,all valid TSETMC Bank Maskan mortgage-facility certificates traded that day,Derived from standardized TSETMC instrument-day observations
2013-10-19,1392/07/27,1392,7,27,20,1703.0,25830.0,10089427985.0,390608.90379403793,385669.65,383965.0,371593.0,398931.0,all valid TSETMC Bank Maskan mortgage-facility certificates traded that day,Derived from standardized TSETMC instrument-day observations
2013-10-20,1392/07/28,1392,7,28,21,1809.0,28937.0,11438864687.0,395302.3702180599,386282.04761904763,385316.0,365001.0,401604.0,all valid TSETMC Bank Maskan mortgage-facility certificates traded that day,Derived from standardized TSETMC instrument-day observations
2013-10-21,1392/07/29,1392,7,29,21,1589.0,31804.0,12560961108.0,394949.09784932714,388050.1904761905,386579.0,372411.0,401821.0,all valid TSETMC Bank Maskan mortgage-facility certificates traded that day,Derived from standardized TSETMC instrument-day observations
2013-10-22,1392/07/30,1392,7,30,21,1108.0,17085.0,6722650926.0,393482.6412642669,385791.04761904763,385658.0,366667.0,399994.0,all valid TSETMC Bank Maskan mortgage-facility certificates traded that day,Derived from standardized TSETMC instrument-day observations
2013-10-23,1392/08/01,1392,8,1,20,1184.0,16904.0,6598306465.0,390339.94705395174,380617.25,381865.0,356780.0,398728.0,all valid TSETMC Bank Maskan mortgage-facility certificates traded that day,Derived from standardized TSETMC instrument-day observations
2013-10-26,1392/08/04,1392,8,4,21,1248.0,22296.0,8680918230.0,389348.68272335845,381678.8095238095,379890.0,366842.0,399545.0,all valid TSETMC Bank Maskan mortgage-facility certificates traded that day,Derived from standardized TSETMC instrument-day observations
2013-10-27,1392/08/05,1392,8,5,22,1772.0,31070.0,12060266277.0,388164.34750563244,382255.8181818182,380709.5,369677.0,402471.0,all valid TSETMC Bank Maskan mortgage-facility certificates traded that day,Derived from standardized TSETMC instrument-day observations
2013-10-28,1392/08/06,1392,8,6,22,2146.0,45736.0,17555168859.0,383836.9962174217,380453.13636363635,378887.5,369057.0,396627.0,all valid TSETMC Bank Maskan mortgage-facility certificates traded that day,Derived from standardized TSETMC instrument-day observations
2013-10-29,1392/08/07,1392,8,7,22,1924.0,36727.0,13958118379.0,380050.59980395896,376386.9090909091,375148.5,367292.0,386455.0,all valid TSETMC Bank Maskan mortgage-facility certificates traded that day,Derived from standardized TSETMC instrument-day observations
2013-10-30,1392/08/08,1392,8,8,22,2200.0,37446.0,14367593927.0,383688.3492762912,377537.7727272727,376510.0,365421.0,389439.0,all valid TSETMC Bank Maskan mortgage-facility certificates traded that day,Derived from standardized TSETMC instrument-day observations
2013-11-02,1392/08/11,1392,8,11,21,2257.0,34057.0,12881798251.0,378242.3070440732,372212.09523809527,372952.0,359409.0,385504.0,all valid TSETMC Bank Maskan mortgage-facility certificates traded that day,Derived from standardized TSETMC instrument-day observations
2013-11-03,1392/08/12,1392,8,12,21,2363.0,35853.0,13513825923.0,376923.1563049117,371755.4761904762,372012.0,362260.0,381907.0,all valid TSETMC Bank Maskan mortgage-facility certificates traded that day,Derived from standardized TSETMC instrument-day observations
2013-11-04,1392/08/13,1392,8,13,22,1618.0,29171.0,10912375978.0,374083.0269102876,368323.13636363635,370436.0,344423.0,377830.0,all valid TSETMC Bank Maskan mortgage-facility certificates traded that day,Derived from standardized TSETMC instrument-day observations
2013-11-05,1392/08/14,1392,8,14,22,2066.0,36886.0,13845106649.0,375348.55091362575,369886.8181818182,372318.5,327202.0,379912.0,all valid TSETMC Bank Maskan mortgage-facility certificates traded that day,Derived from standardized TSETMC instrument-day observations
2013-11-06,1392/08/15,1392,8,15,22,1946.0,38321.0,14511100057.0,378672.26995642076,373843.6818181818,376323.5,310842.0,383945.0,all valid TSETMC Bank Maskan mortgage-facility certificates traded that day,Derived from standardized TSETMC instrument-day observations
2013-11-09,1392/08/18,1392,8,18,21,2190.0,40379.0,15444381438.0,382485.4859704302,377807.3333333333,379513.0,360017.0,388045.0,all valid TSETMC Bank Maskan mortgage-facility certificates traded that day,Derived from standardized TSETMC instrument-day observations
2013-11-10,1392/08/19,1392,8,19,21,2005.0,37094.0,14250803861.0,384180.8341241171,379924.95238095237,379072.0,370882.0,391420.0,all valid TSETMC Bank Maskan mortgage-facility certificates traded that day,Derived from standardized TSETMC instrument-day observations
2013-11-11,1392/08/20,1392,8,20,21,1640.0,29711.0,11479647126.0,386377.00265894784,381686.4761904762,381013.0,370375.0,392111.0,all valid TSETMC Bank Maskan mortgage-facility certificates traded that day,Derived from standardized TSETMC instrument-day observations
2013-11-12,1392/08/21,1392,8,21,21,1935.0,36277.0,14282821407.0,393715.6161479725,387711.0,387905.0,374001.0,398888.0,all valid TSETMC Bank Maskan mortgage-facility certificates traded that day,Derived from standardized TSETMC instrument-day observations
2013-11-16,1392/08/25,1392,8,25,21,1347.0,28774.0,11391323795.0,395889.4764370612,390721.61904761905,390075.0,380806.0,398762.0,all valid TSETMC Bank Maskan mortgage-facility certificates traded that day,Derived from standardized TSETMC instrument-day observations
2013-11-17,1392/08/26,1392,8,26,21,1579.0,24493.0,9603498138.0,392091.5419915894,388739.28571428574,388826.0,378315.0,402144.0,all valid TSETMC Bank Maskan mortgage-facility certificates traded that day,Derived from standardized TSETMC instrument-day observations
2013-11-18,1392/08/27,1392,8,27,21,1668.0,33185.0,12913870455.0,389147.82145547686,386135.90476190473,385834.0,371380.0,392759.0,all valid TSETMC Bank Maskan mortgage-facility certificates traded that day,Derived from standardized TSETMC instrument-day observations
2013-11-19,1392/08/28,1392,8,28,21,1648.0,39734.0,15462331566.0,389146.11078673176,383782.4285714286,382501.0,366345.0,395922.0,all valid TSETMC Bank Maskan mortgage-facility certificates traded that day,Derived from standardized TSETMC instrument-day observations
2013-11-20,1392/08/29,1392,8,29,21,1670.0,29006.0,11334132827.0,390751.3213473075,386197.71428571426,387764.0,372249.0,392371.0,all valid TSETMC Bank Maskan mortgage-facility certificates traded that day,Derived from standardized TSETMC instrument-day observations
2013-11-23,1392/09/02,1392,9,2,21,1711.0,28621.0,11198138376.0,391256.01397575205,385265.85714285716,387144.0,353638.0,392966.0,all valid TSETMC Bank Maskan mortgage-facility certificates traded that day,Derived from standardized TSETMC instrument-day observations
2013-11-24,1392/09/03,1392,9,3,21,2107.0,43867.0,17071609962.0,389167.4826635056,384703.04761904763,385105.0,364110.0,393558.0,all valid TSETMC Bank Maskan mortgage-facility certificates traded that day,Derived from standardized TSETMC instrument-day observations
2013-11-25,1392/09/04,1392,9,4,21,2117.0,35574.0,13927333832.0,391503.1717546523,384451.95238095237,384054.0,369793.0,396734.0,all valid TSETMC Bank Maskan mortgage-facility certificates traded that day,Derived from standardized TSETMC instrument-day observations
2013-11-26,1392/09/05,1392,9,5,21,1565.0,28836.0,11162926894.0,387117.7311000139,378976.5714285714,376888.0,357824.0,397100.0,all valid TSETMC Bank Maskan mortgage-facility certificates traded that day,Derived from standardized TSETMC instrument-day observations
2013-11-27,1392/09/06,1392,9,6,21,1525.0,27274.0,10277949992.0,376840.5804795776,373119.38095238095,374215.0,350084.0,392540.0,all valid TSETMC Bank Maskan mortgage-facility certificates traded that day,Derived from standardized TSETMC instrument-day observations
2013-11-30,1392/09/09,1392,9,9,20,1744.0,25042.0,9421413343.0,376224.47659931314,369956.4,372427.5,334107.0,383835.0,all valid TSETMC Bank Maskan mortgage-facility certificates traded that day,Derived from standardized TSETMC instrument-day observations
2013-12-01,1392/09/10,1392,9,10,21,1646.0,25482.0,9676728113.0,379747.5909661722,373344.7619047619,374685.0,324078.0,386436.0,all valid TSETMC Bank Maskan mortgage-facility certificates traded that day,Derived from standardized TSETMC instrument-day observations
2013-12-02,1392/09/11,1392,9,11,21,1571.0,26072.0,10007909097.0,383856.5931650813,377503.95238095237,381169.0,307875.0,389904.0,all valid TSETMC Bank Maskan mortgage-facility certificates traded that day,Derived from standardized TSETMC instrument-day observations
2013-12-03,1392/09/12,1392,9,12,20,1698.0,38839.0,14915308738.0,384029.1649630526,382793.5,383240.5,373599.0,389806.0,all valid TSETMC Bank Maskan mortgage-facility certificates traded that day,Derived from standardized TSETMC instrument-day observations
2013-12-04,1392/09/13,1392,9,13,21,1464.0,19508.0,7548673082.0,386952.6902809104,380293.28571428574,385035.0,293097.0,392343.0,all valid TSETMC Bank Maskan mortgage-facility certificates traded that day,Derived from standardized TSETMC instrument-day observations
2013-12-07,1392/09/16,1392,9,16,20,1814.0,27611.0,10722091304.0,388326.80105754954,385559.25,385043.0,375998.0,391577.0,all valid TSETMC Bank Maskan mortgage-facility certificates traded that day,Derived from standardized TSETMC instrument-day observations
2013-12-08,1392/09/17,1392,9,17,20,1267.0,21479.0,8285466182.0,385747.29652218445,383324.75,382936.0,371560.0,388536.0,all valid TSETMC Bank Maskan mortgage-facility certificates traded that day,Derived from standardized TSETMC instrument-day observations
2013-12-09,1392/09/18,1392,9,18,20,1339.0,19742.0,7545302938.0,382195.4684429136,378337.8,380224.5,367403.0,385317.0,all valid TSETMC Bank Maskan mortgage-facility certificates traded that day,Derived from standardized TSETMC instrument-day observations
2013-12-10,1392/09/19,1392,9,19,20,1204.0,20035.0,7613115436.0,379990.787921138,377467.8,378043.5,366664.0,382857.0,all valid TSETMC Bank Maskan mortgage-facility certificates traded that day,Derived from standardized TSETMC instrument-day observations
2013-12-11,1392/09/20,1392,9,20,20,1332.0,23586.0,8772877039.0,371952.7278470279,367704.65,368757.5,352362.0,378869.0,all valid TSETMC Bank Maskan mortgage-facility certificates traded that day,Derived from standardized TSETMC instrument-day observations
2013-12-14,1392/09/23,1392,9,23,20,1352.0,22428.0,8302988354.0,370206.36499019084,364510.05,366673.5,348090.0,376237.0,all valid TSETMC Bank Maskan mortgage-facility certificates traded that day,Derived from standardized TSETMC instrument-day observations
2013-12-15,1392/09/24,1392,9,24,20,1395.0,18858.0,6986897225.0,370500.4361544172,365128.0,365755.0,351733.0,376416.0,all valid TSETMC Bank Maskan mortgage-facility certificates traded that day,Derived from standardized TSETMC instrument-day observations
2013-12-16,1392/09/25,1392,9,25,20,1018.0,19103.0,7135758435.0,373541.24666282785,364489.25,362998.5,353817.0,383326.0,all valid TSETMC Bank Maskan mortgage-facility certificates traded that day,Derived from standardized TSETMC instrument-day observations
2013-12-17,1392/09/26,1392,9,26,20,1256.0,20317.0,7512950161.0,369786.39370970125,364015.8,364477.0,348456.0,378261.0,all valid TSETMC Bank Maskan mortgage-facility certificates traded that day,Derived from standardized TSETMC instrument-day observations
2013-12-18,1392/09/27,1392,9,27,20,1273.0,23583.0,8937061891.0,378962.04431158036,370929.15,369888.0,358587.0,384901.0,all valid TSETMC Bank Maskan mortgage-facility certificates traded that day,Derived from standardized TSETMC instrument-day observations
2013-12-21,1392/09/30,1392,9,30,20,1331.0,21479.0,8064045114.0,375438.5732110433,368186.95,368428.0,350433.0,382098.0,all valid TSETMC Bank Maskan mortgage-facility certificates traded that day,Derived from standardized TSETMC instrument-day observations
2013-12-22,1392/10/01,1392,10,1,20,1405.0,23306.0,8695712523.0,373110.4661031494,368074.3,368768.0,349573.0,381092.0,all valid TSETMC Bank Maskan mortgage-facility certificates traded that day,Derived from standardized TSETMC instrument-day observations
2013-12-24,1392/10/03,1392,10,3,20,1139.0,20343.0,7641127702.0,375614.59479919384,367180.5,368569.5,333001.0,382088.0,all valid TSETMC Bank Maskan mortgage-facility certificates traded that day,Derived from standardized TSETMC instrument-day observations
2013-12-25,1392/10/04,1392,10,4,20,1354.0,19548.0,7350036332.0,375999.4031102926,370240.2,372130.0,331002.0,381131.0,all valid TSETMC Bank Maskan mortgage-facility certificates traded that day,Derived from standardized TSETMC instrument-day observations
2013-12-28,1392/10/07,1392,10,7,20,1294.0,19215.0,7099826794.0,369493.9783502472,366826.6,368175.0,336114.0,382386.0,all valid TSETMC Bank Maskan mortgage-facility certificates traded that day,Derived from standardized TSETMC instrument-day observations
2013-12-29,1392/10/08,1392,10,8,20,1201.0,15221.0,5541589519.0,364075.25911569543,360576.8,360806.5,339708.0,375121.0,all valid TSETMC Bank Maskan mortgage-facility certificates traded that day,Derived from standardized TSETMC instrument-day observations
2013-12-30,1392/10/09,1392,10,9,20,1178.0,15342.0,5581174779.0,363784.0424325381,360910.8,362561.5,348355.0,367099.0,all valid TSETMC Bank Maskan mortgage-facility certificates traded that day,Derived from standardized TSETMC instrument-day observations
2014-01-01,1392/10/11,1392,10,11,20,865.0,12004.0,4382775437.0,365109.58322225924,359544.6,360650.0,336034.0,371687.0,all valid TSETMC Bank Maskan mortgage-facility certificates traded that day,Derived from standardized TSETMC instrument-day observations
2014-01-04,1392/10/14,1392,10,14,20,1160.0,16998.0,6375064553.0,375047.92052006116,370201.2,372137.0,332000.0,379848.0,all valid TSETMC Bank Maskan mortgage-facility certificates traded that day,Derived from standardized TSETMC instrument-day observations
2014-01-05,1392/10/15,1392,10,15,20,1027.0,15234.0,5737325703.0,376613.2140606538,370913.6,374212.5,315400.0,380093.0,all valid TSETMC Bank Maskan mortgage-facility certificates traded that day,Derived from standardized TSETMC instrument-day observations
2014-01-06,1392/10/16,1392,10,16,19,1225.0,18110.0,6832491926.0,377277.3012700166,374264.7894736842,376050.0,359226.0,381269.0,all valid TSETMC Bank Maskan mortgage-facility certificates traded that day,Derived from standardized TSETMC instrument-day observations
2014-01-07,1392/10/17,1392,10,17,19,1026.0,16510.0,6238196779.0,377843.535978195,376084.2105263158,376804.0,370178.0,379597.0,all valid TSETMC Bank Maskan mortgage-facility certificates traded that day,Derived from standardized TSETMC instrument-day observations
2014-01-08,1392/10/18,1392,10,18,19,540.0,15315.0,6078184883.0,396877.88984655566,394887.8947368421,395644.0,388686.0,398576.0,all valid TSETMC Bank Maskan mortgage-facility certificates traded that day,Derived from standardized TSETMC instrument-day observations
2014-01-11,1392/10/21,1392,10,21,19,329.0,3960.0,1648282776.0,416233.02424242423,414631.7368421053,415426.0,408120.0,418504.0,all valid TSETMC Bank Maskan mortgage-facility certificates traded that day,Derived from standardized TSETMC instrument-day observations
2014-01-12,1392/10/22,1392,10,22,19,206.0,6118.0,2673266972.0,436951.1232428898,435362.8947368421,436197.0,428526.0,439429.0,all valid TSETMC Bank Maskan mortgage-facility certificates traded that day,Derived from standardized TSETMC instrument-day observations
2014-01-13,1392/10/23,1392,10,23,19,175.0,3073.0,1409336606.0,458619.1363488448,457130.5789473684,458006.0,449952.0,461400.0,all valid TSETMC Bank Maskan mortgage-facility certificates traded that day,Derived from standardized TSETMC instrument-day observations
2014-01-15,1392/10/25,1392,10,25,19,1610.0,30460.0,17574100573.0,576956.68328956,570717.6842105263,573331.0,543418.0,597843.0,all valid TSETMC Bank Maskan mortgage-facility certificates traded that day,Derived from standardized TSETMC instrument-day observations
2014-01-18,1392/10/28,1392,10,28,19,3333.0,64660.0,38958913485.0,602519.5404423136,595633.4210526316,599049.0,562981.0,608071.0,all valid TSETMC Bank Maskan mortgage-facility certificates traded that day,Derived from standardized TSETMC instrument-day observations
2014-01-20,1392/10/30,1392,10,30,19,2020.0,45856.0,29047686204.0,633454.4269888346,625400.0,629001.0,591130.0,638474.0,all valid TSETMC Bank Maskan mortgage-facility certificates traded that day,Derived from standardized TSETMC instrument-day observations
2014-01-21,1392/11/01,1392,11,1,20,1451.0,21323.0,14137824729.0,663031.6901467899,657802.75,660505.0,620686.0,679334.0,all valid TSETMC Bank Maskan mortgage-facility certificates traded that day,Derived from standardized TSETMC instrument-day observations
2014-01-22,1392/11/02,1392,11,2,20,3913.0,82505.0,58213537791.0,705575.8777165021,690692.3,693529.5,651720.0,713300.0,all valid TSETMC Bank Maskan mortgage-facility certificates traded that day,Derived from standardized TSETMC instrument-day observations
2014-01-25,1392/11/05,1392,11,5,20,1393.0,50408.0,37655491523.0,747014.1946318045,725226.45,728205.5,684306.0,748965.0,all valid TSETMC Bank Maskan mortgage-facility certificates traded that day,Derived from standardized TSETMC instrument-day observations
2014-01-26,1392/11/06,1392,11,6,20,3869.0,96606.0,70394750998.0,728678.8708568825,716226.9,716813.0,653987.0,747155.0,all valid TSETMC Bank Maskan mortgage-facility certificates traded that day,Derived from standardized TSETMC instrument-day observations
2014-01-27,1392/11/07,1392,11,7,18,1701.0,36772.0,25145656043.0,683826.1732568259,679238.8888888889,679466.0,621288.0,709798.0,all valid TSETMC Bank Maskan mortgage-facility certificates traded that day,Derived from standardized TSETMC instrument-day observations
2014-01-28,1392/11/08,1392,11,8,17,1498.0,29403.0,19154704552.0,651454.0880862497,645902.1764705882,644596.0,590224.0,686226.0,all valid TSETMC Bank Maskan mortgage-facility certificates traded that day,Derived from standardized TSETMC instrument-day observations
2014-01-29,1392/11/09,1392,11,9,19,1297.0,25437.0,15723986042.0,618154.1078743562,619206.947368421,614071.0,560713.0,664076.0,all valid TSETMC Bank Maskan mortgage-facility certificates traded that day,Derived from standardized TSETMC instrument-day observations
2014-02-01,1392/11/12,1392,11,12,19,2206.0,43917.0,26009608449.0,592244.6535282464,590639.2631578947,584333.0,536510.0,630873.0,all valid TSETMC Bank Maskan mortgage-facility certificates traded that day,Derived from standardized TSETMC instrument-day observations
2014-02-02,1392/11/13,1392,11,13,18,1908.0,30142.0,16898305956.0,560623.2484904784,560741.8333333334,555816.5,509685.0,599330.0,all valid TSETMC Bank Maskan mortgage-facility certificates traded that day,Derived from standardized TSETMC instrument-day observations
2014-02-03,1392/11/14,1392,11,14,17,3121.0,54017.0,28841986118.0,533942.7609456283,532303.8823529412,529753.0,484201.0,564433.0,all valid TSETMC Bank Maskan mortgage-facility certificates traded that day,Derived from standardized TSETMC instrument-day observations
2014-02-04,1392/11/15,1392,11,15,18,3169.0,52671.0,26991701994.0,512458.50646465796,520733.3888888889,510110.0,459991.0,699425.0,all valid TSETMC Bank Maskan mortgage-facility certificates traded that day,Derived from standardized TSETMC instrument-day observations
2014-02-05,1392/11/16,1392,11,16,17,5179.0,95002.0,47052084753.0,495274.6758278773,498993.5294117647,492197.0,484166.0,569364.0,all valid TSETMC Bank Maskan mortgage-facility certificates traded that day,Derived from standardized TSETMC instrument-day observations
2014-02-08,1392/11/19,1392,11,19,18,5864.0,113117.0,55344141846.0,489264.5830953791,498435.6666666667,488635.0,476298.0,588354.0,all valid TSETMC Bank Maskan mortgage-facility certificates traded that day,Derived from standardized TSETMC instrument-day observations
2014-02-09,1392/11/20,1392,11,20,19,4422.0,82652.0,42080909223.0,509133.5868823501,519450.4736842105,506545.0,497430.0,664454.0,all valid TSETMC Bank Maskan mortgage-facility certificates traded that day,Derived from standardized TSETMC instrument-day observations
2014-02-10,1392/11/21,1392,11,21,19,1936.0,25752.0,14197193559.0,551304.5029123952,544060.4736842106,531872.0,522301.0,679638.0,all valid TSETMC Bank Maskan mortgage-facility certificates traded that day,Derived from standardized TSETMC instrument-day observations
2014-02-12,1392/11/23,1392,11,23,19,2791.0,80557.0,45249646292.0,561709.6750375511,570733.4736842106,558465.0,548416.0,709053.0,all valid TSETMC Bank Maskan mortgage-facility certificates traded that day,Derived from standardized TSETMC instrument-day observations
2014-02-15,1392/11/26,1392,11,26,19,5381.0,122219.0,69226243678.0,566411.4718497124,577838.8947368421,566890.0,555345.0,708900.0,all valid TSETMC Bank Maskan mortgage-facility certificates traded that day,Derived from standardized TSETMC instrument-day observations
2014-02-16,1392/11/27,1392,11,27,18,4188.0,72371.0,42022666341.0,580656.1515109644,575920.1666666666,576779.0,564445.0,586955.0,all valid TSETMC Bank Maskan mortgage-facility certificates traded that day,Derived from standardized TSETMC instrument-day observations
2014-02-17,1392/11/28,1392,11,28,19,3613.0,54638.0,33185393296.0,607368.3754163769,604800.5789473684,600809.0,592667.0,673557.0,all valid TSETMC Bank Maskan mortgage-facility certificates traded that day,Derived from standardized TSETMC instrument-day observations
2014-02-18,1392/11/29,1392,11,29,19,3723.0,62744.0,39705604413.0,632819.1446672191,627396.5789473684,626558.0,606040.0,648886.0,all valid TSETMC Bank Maskan mortgage-facility certificates traded that day,Derived from standardized TSETMC instrument-day observations
2014-02-19,1392/11/30,1392,11,30,19,2157.0,40394.0,24599596806.0,608991.3553002921,603195.6315789474,603112.0,586258.0,619883.0,all valid TSETMC Bank Maskan mortgage-facility certificates traded that day,Derived from standardized TSETMC instrument-day observations
2014-02-22,1392/12/03,1392,12,3,19,3203.0,47481.0,28230407627.0,594562.1959731261,589984.5263157894,591177.0,562580.0,604939.0,all valid TSETMC Bank Maskan mortgage-facility certificates traded that day,Derived from standardized TSETMC instrument-day observations
2014-02-23,1392/12/04,1392,12,4,20,3374.0,49295.0,30156692336.0,611759.6578963384,606629.25,607954.5,576241.0,620000.0,all valid TSETMC Bank Maskan mortgage-facility certificates traded that day,Derived from standardized TSETMC instrument-day observations
2014-02-24,1392/12/05,1392,12,5,20,4577.0,90417.0,53832028453.0,595375.078281739,595155.75,593546.0,577392.0,616369.0,all valid TSETMC Bank Maskan mortgage-facility certificates traded that day,Derived from standardized TSETMC instrument-day observations
2014-02-25,1392/12/06,1392,12,6,20,4117.0,78498.0,46851428943.0,596848.6960559505,594409.85,594197.5,568162.0,624125.0,all valid TSETMC Bank Maskan mortgage-facility certificates traded that day,Derived from standardized TSETMC instrument-day observations
2014-02-26,1392/12/07,1392,12,7,20,4474.0,80771.0,48648862959.0,602306.0623119684,599570.95,601478.5,567044.0,607480.0,all valid TSETMC Bank Maskan mortgage-facility certificates traded that day,Derived from standardized TSETMC instrument-day observations
2014-03-01,1392/12/10,1392,12,10,20,4792.0,77272.0,46585056938.0,602871.1168081582,597858.75,599586.5,553431.0,605161.0,all valid TSETMC Bank Maskan mortgage-facility certificates traded that day,Derived from standardized TSETMC instrument-day observations
2014-03-02,1392/12/11,1392,12,11,20,4341.0,76322.0,46423413908.0,608257.3033725531,604164.35,605531.5,562969.0,610570.0,all valid TSETMC Bank Maskan mortgage-facility certificates traded that day,Derived from standardized TSETMC instrument-day observations
2014-03-03,1392/12/12,1392,12,12,20,3805.0,70788.0,42689914349.0,603067.1066988755,597731.75,599870.5,558467.0,607531.0,all valid TSETMC Bank Maskan mortgage-facility certificates traded that day,Derived from standardized TSETMC instrument-day observations
2014-03-04,1392/12/13,1392,12,13,20,4071.0,85741.0,51810108580.0,604262.9381509429,597096.5,597433.5,547270.0,616200.0,all valid TSETMC Bank Maskan mortgage-facility certificates traded that day,Derived from standardized TSETMC instrument-day observations
2014-03-05,1392/12/14,1392,12,14,20,1070.0,32117.0,20324441156.0,632825.019646916,620751.9,622798.0,558905.0,636143.0,all valid TSETMC Bank Maskan mortgage-facility certificates traded that day,Derived from standardized TSETMC instrument-day observations
2014-03-08,1392/12/17,1392,12,17,19,5144.0,70498.0,44567686748.0,632183.7037646458,629487.0,628914.0,624430.0,637492.0,all valid TSETMC Bank Maskan mortgage-facility certificates traded that day,Derived from standardized TSETMC instrument-day observations
2014-03-09,1392/12/18,1392,12,18,19,4090.0,58240.0,36986093112.0,635063.4119505495,632275.1052631579,632147.0,624195.0,638729.0,all valid TSETMC Bank Maskan mortgage-facility certificates traded that day,Derived from standardized TSETMC instrument-day observations
2014-03-10,1392/12/19,1392,12,19,19,3793.0,52129.0,33871877317.0,649770.3258646819,647564.0,647694.0,641289.0,652674.0,all valid TSETMC Bank Maskan mortgage-facility certificates traded that day,Derived from standardized TSETMC instrument-day observations
2014-03-11,1392/12/20,1392,12,20,19,2842.0,44441.0,29509841369.0,664022.8925766747,660030.5789473684,660238.0,650462.0,667578.0,all valid TSETMC Bank Maskan mortgage-facility certificates traded that day,Derived from standardized TSETMC instrument-day observations
2014-03-12,1392/12/21,1392,12,21,19,2537.0,34805.0,22330774372.0,641596.7352966528,636293.7368421053,635092.0,629238.0,646403.0,all valid TSETMC Bank Maskan mortgage-facility certificates traded that day,Derived from standardized TSETMC instrument-day observations
2014-03-15,1392/12/24,1392,12,24,19,2663.0,36637.0,23006563497.0,627959.8083085405,622067.5263157894,622451.0,607986.0,633764.0,all valid TSETMC Bank Maskan mortgage-facility certificates traded that day,Derived from standardized TSETMC instrument-day observations
2014-03-16,1392/12/25,1392,12,25,19,2278.0,35252.0,22315708410.0,633033.8253148758,628505.1578947369,630158.0,611066.0,639454.0,all valid TSETMC Bank Maskan mortgage-facility certificates traded that day,Derived from standardized TSETMC instrument-day observations
2014-03-17,1392/12/26,1392,12,26,19,1681.0,30468.0,18547927659.0,608767.4825718787,603561.947368421,601890.0,585928.0,628003.0,all valid TSETMC Bank Maskan mortgage-facility certificates traded that day,Derived from standardized TSETMC instrument-day observations
2014-03-18,1392/12/27,1392,12,27,20,1517.0,21158.0,13200458856.0,623899.1802627847,616370.25,616772.5,576610.0,633532.0,all valid TSETMC Bank Maskan mortgage-facility certificates traded that day,Derived from standardized TSETMC instrument-day observations
2014-03-19,1392/12/28,1392,12,28,20,1336.0,19436.0,12250579001.0,630303.5090039102,628500.75,629877.5,596903.0,643849.0,all valid TSETMC Bank Maskan mortgage-facility certificates traded that day,Derived from standardized TSETMC instrument-day observations
2014-03-25,1393/01/05,1393,1,5,20,1142.0,20989.0,13306649827.0,633982.0776120825,632626.6,635971.0,601065.0,651345.0,all valid TSETMC Bank Maskan mortgage-facility certificates traded that day,Derived from standardized TSETMC instrument-day observations
2014-03-26,1393/01/06,1393,1,6,20,1494.0,22977.0,14575497304.0,634351.6257126692,631687.0,633333.5,600902.0,640425.0,all valid TSETMC Bank Maskan mortgage-facility certificates traded that day,Derived from standardized TSETMC instrument-day observations
2014-03-29,1393/01/09,1393,1,9,20,2247.0,44261.0,27920896446.0,630823.8956643547,629390.35,630337.5,605618.0,637731.0,all valid TSETMC Bank Maskan mortgage-facility certificates traded that day,Derived from standardized TSETMC instrument-day observations
2014-03-30,1393/01/10,1393,1,10,20,2004.0,35549.0,22548669188.0,634298.2696559678,629559.5,632098.5,575386.0,641036.0,all valid TSETMC Bank Maskan mortgage-facility certificates traded that day,Derived from standardized TSETMC instrument-day observations
2014-03-31,1393/01/11,1393,1,11,20,2146.0,38943.0,25239284004.0,648108.3636083506,642220.2,647739.5,546617.0,657267.0,all valid TSETMC Bank Maskan mortgage-facility certificates traded that day,Derived from standardized TSETMC instrument-day observations
2014-04-05,1393/01/16,1393,1,16,19,2489.0,41917.0,27257969599.0,650284.3619295274,649271.2631578947,649628.0,640886.0,658422.0,all valid TSETMC Bank Maskan mortgage-facility certificates traded that day,Derived from standardized TSETMC instrument-day observations
2014-04-06,1393/01/17,1393,1,17,19,3369.0,55656.0,36242672089.0,651190.7447355182,648846.2631578947,648806.0,642101.0,655590.0,all valid TSETMC Bank Maskan mortgage-facility certificates traded that day,Derived from standardized TSETMC instrument-day observations
2014-04-07,1393/01/18,1393,1,18,19,3643.0,58880.0,39237358045.0,666395.3472316576,663405.4210526316,665083.0,650847.0,668513.0,all valid TSETMC Bank Maskan mortgage-facility certificates traded that day,Derived from standardized TSETMC instrument-day observations
2014-04-08,1393/01/19,1393,1,19,19,3672.0,62826.0,43645702913.0,694707.6514977876,690062.1578947369,691936.0,678663.0,696752.0,all valid TSETMC Bank Maskan mortgage-facility certificates traded that day,Derived from standardized TSETMC instrument-day observations
2014-04-09,1393/01/20,1393,1,20,19,3852.0,62338.0,44894656226.0,720181.2093105329,716973.0,717582.0,708443.0,722590.0,all valid TSETMC Bank Maskan mortgage-facility certificates traded that day,Derived from standardized TSETMC instrument-day observations
2014-04-12,1393/01/23,1393,1,23,19,4199.0,60822.0,44283759252.0,728087.8506461477,725240.0,725346.0,720460.0,729777.0,all valid TSETMC Bank Maskan mortgage-facility certificates traded that day,Derived from standardized TSETMC instrument-day observations
2014-04-13,1393/01/24,1393,1,24,19,3604.0,60228.0,43565612456.0,723344.8305771402,721561.7894736842,722636.0,711370.0,727104.0,all valid TSETMC Bank Maskan mortgage-facility certificates traded that day,Derived from standardized TSETMC instrument-day observations
2014-04-14,1393/01/25,1393,1,25,19,3817.0,50337.0,35235284181.0,699987.7660766434,697264.947368421,696812.0,689164.0,702026.0,all valid TSETMC Bank Maskan mortgage-facility certificates traded that day,Derived from standardized TSETMC instrument-day observations
2014-04-15,1393/01/26,1393,1,26,19,3766.0,46450.0,32096281877.0,690985.6162970937,686106.8947368421,684749.0,678106.0,695413.0,all valid TSETMC Bank Maskan mortgage-facility certificates traded that day,Derived from standardized TSETMC instrument-day observations
2014-04-16,1393/01/27,1393,1,27,19,4065.0,82389.0,57638957814.0,699595.3077959436,697967.052631579,698149.0,691035.0,701374.0,all valid TSETMC Bank Maskan mortgage-facility certificates traded that day,Derived from standardized TSETMC instrument-day observations
2014-04-19,1393/01/30,1393,1,30,19,3894.0,58544.0,41295917294.0,705382.5719800493,702194.2105263158,701492.0,695787.0,711295.0,all valid TSETMC Bank Maskan mortgage-facility certificates traded that day,Derived from standardized TSETMC instrument-day observations
2014-04-20,1393/01/31,1393,1,31,19,3383.0,50068.0,36359358170.0,726199.5320364304,722742.8421052631,723538.0,717184.0,730117.0,all valid TSETMC Bank Maskan mortgage-facility certificates traded that day,Derived from standardized TSETMC instrument-day observations
2014-04-21,1393/02/01,1393,2,1,20,3700.0,63057.0,45486978748.0,721362.8740346036,720681.35,720868.5,707423.0,726046.0,all valid TSETMC Bank Maskan mortgage-facility certificates traded that day,Derived from standardized TSETMC instrument-day observations
2014-04-22,1393/02/02,1393,2,2,20,5187.0,115392.0,81201304814.0,703699.6049466168,707799.0,709592.5,697536.0,721047.0,all valid TSETMC Bank Maskan mortgage-facility certificates traded that day,Derived from standardized TSETMC instrument-day observations
2014-04-23,1393/02/03,1393,2,3,20,4633.0,74997.0,53987005686.0,719855.536701468,719875.4,719216.0,711388.0,729603.0,all valid TSETMC Bank Maskan mortgage-facility certificates traded that day,Derived from standardized TSETMC instrument-day observations
2014-04-26,1393/02/06,1393,2,6,20,5591.0,95097.0,70326787535.0,739526.8781875349,738435.35,738677.0,733325.0,743433.0,all valid TSETMC Bank Maskan mortgage-facility certificates traded that day,Derived from standardized TSETMC instrument-day observations
2014-04-27,1393/02/07,1393,2,7,20,4560.0,70324.0,52601279026.0,747984.7424207951,744977.65,745512.0,739439.0,749188.0,all valid TSETMC Bank Maskan mortgage-facility certificates traded that day,Derived from standardized TSETMC instrument-day observations
2014-04-28,1393/02/08,1393,2,8,20,4975.0,92472.0,70694415177.0,764495.362671944,763459.1,763773.0,759464.0,769520.0,all valid TSETMC Bank Maskan mortgage-facility certificates traded that day,Derived from standardized TSETMC instrument-day observations
2014-04-29,1393/02/09,1393,2,9,20,4540.0,76915.0,59969960529.0,779691.3544692192,776299.25,777008.0,760291.0,784971.0,all valid TSETMC Bank Maskan mortgage-facility certificates traded that day,Derived from standardized TSETMC instrument-day observations
2014-04-30,1393/02/10,1393,2,10,20,4286.0,65463.0,53428309928.0,816160.425400608,812323.55,812755.0,798305.0,820560.0,all valid TSETMC Bank Maskan mortgage-facility certificates traded that day,Derived from standardized TSETMC instrument-day observations
2014-05-03,1393/02/13,1393,2,13,20,4921.0,73373.0,62186081991.0,847533.5885271148,842619.85,842542.5,834781.0,852385.0,all valid TSETMC Bank Maskan mortgage-facility certificates traded that day,Derived from standardized TSETMC instrument-day observations
2014-05-04,1393/02/14,1393,2,14,20,3748.0,52376.0,46495215424.0,887719.860699557,882345.25,882044.5,869074.0,894684.0,all valid TSETMC Bank Maskan mortgage-facility certificates traded that day,Derived from standardized TSETMC instrument-day observations
2014-05-05,1393/02/15,1393,2,15,20,4868.0,82756.0,77155316410.0,932322.9301802891,925378.55,925283.5,912514.0,936849.0,all valid TSETMC Bank Maskan mortgage-facility certificates traded that day,Derived from standardized TSETMC instrument-day observations
2014-05-06,1393/02/16,1393,2,16,20,2966.0,54726.0,49721630230.0,908555.9008515148,897040.6,896833.0,869933.0,926942.0,all valid TSETMC Bank Maskan mortgage-facility certificates traded that day,Derived from standardized TSETMC instrument-day observations
2014-05-07,1393/02/17,1393,2,17,19,1514.0,28354.0,24301395680.0,857071.1603301122,852738.2631578947,851763.0,832082.0,880595.0,all valid TSETMC Bank Maskan mortgage-facility certificates traded that day,Derived from standardized TSETMC instrument-day observations
2014-05-10,1393/02/20,1393,2,20,20,2136.0,38236.0,31229557663.0,816757.96796213,813971.6,811274.5,792878.0,855182.0,all valid TSETMC Bank Maskan mortgage-facility certificates traded that day,Derived from standardized TSETMC instrument-day observations
2014-05-11,1393/02/21,1393,2,21,19,2091.0,42855.0,33274827564.0,776451.4657332867,773570.0,771940.0,757464.0,794738.0,all valid TSETMC Bank Maskan mortgage-facility certificates traded that day,Derived from standardized TSETMC instrument-day observations
2014-05-12,1393/02/22,1393,2,22,20,1933.0,38211.0,28230150715.0,738796.4385909816,739964.65,734715.0,726491.0,812423.0,all valid TSETMC Bank Maskan mortgage-facility certificates traded that day,Derived from standardized TSETMC instrument-day observations
2014-05-14,1393/02/24,1393,2,24,20,7975.0,162890.0,125764877046.0,772084.7016145865,765601.3,764450.0,748814.0,791106.0,all valid TSETMC Bank Maskan mortgage-facility certificates traded that day,Derived from standardized TSETMC instrument-day observations
2014-05-17,1393/02/27,1393,2,27,20,3376.0,61191.0,49547101169.0,809712.231684398,801580.45,799877.0,786252.0,828366.0,all valid TSETMC Bank Maskan mortgage-facility certificates traded that day,Derived from standardized TSETMC instrument-day observations
2014-05-18,1393/02/28,1393,2,28,20,2127.0,33956.0,28727710748.0,846027.5282129815,840972.95,838791.5,825564.0,868669.0,all valid TSETMC Bank Maskan mortgage-facility certificates traded that day,Derived from standardized TSETMC instrument-day observations
2014-05-19,1393/02/29,1393,2,29,20,3055.0,57336.0,49185485041.0,857846.4671585043,851017.0,847808.5,838381.0,866236.0,all valid TSETMC Bank Maskan mortgage-facility certificates traded that day,Derived from standardized TSETMC instrument-day observations
2014-05-20,1393/02/30,1393,2,30,20,4333.0,54956.0,45444119911.0,826918.2602627557,818902.2,819298.0,803687.0,839338.0,all valid TSETMC Bank Maskan mortgage-facility certificates traded that day,Derived from standardized TSETMC instrument-day observations
2014-05-21,1393/02/31,1393,2,31,20,3542.0,46590.0,39800663358.0,854274.8091435931,848040.7,847583.0,838426.0,863567.0,all valid TSETMC Bank Maskan mortgage-facility certificates traded that day,Derived from standardized TSETMC instrument-day observations
2014-05-24,1393/03/03,1393,3,3,21,3361.0,46843.0,39641325066.0,846259.3144333198,838661.1428571428,838872.0,824261.0,852695.0,all valid TSETMC Bank Maskan mortgage-facility certificates traded that day,Derived from standardized TSETMC instrument-day observations
2014-05-25,1393/03/04,1393,3,4,21,5667.0,97455.0,80653653927.0,827598.9320917346,832983.619047619,831341.0,812786.0,855706.0,all valid TSETMC Bank Maskan mortgage-facility certificates traded that day,Derived from standardized TSETMC instrument-day observations
2014-05-26,1393/03/05,1393,3,5,21,4581.0,80561.0,66383043503.0,824009.6759350058,820462.2380952381,819551.0,805629.0,833130.0,all valid TSETMC Bank Maskan mortgage-facility certificates traded that day,Derived from standardized TSETMC instrument-day observations
2014-05-28,1393/03/07,1393,3,7,21,4833.0,78461.0,63125019038.0,804540.0777201413,801300.0476190476,802212.0,788731.0,818315.0,all valid TSETMC Bank Maskan mortgage-facility certificates traded that day,Derived from standardized TSETMC instrument-day observations
2014-05-31,1393/03/10,1393,3,10,21,4739.0,68437.0,53301398979.0,778838.9172377515,773914.5714285715,772227.0,752671.0,799491.0,all valid TSETMC Bank Maskan mortgage-facility certificates traded that day,Derived from standardized TSETMC instrument-day observations
2014-06-01,1393/03/11,1393,3,11,21,4455.0,56970.0,46128689340.0,809701.4102159031,803209.0476190476,803565.0,771519.0,828788.0,all valid TSETMC Bank Maskan mortgage-facility certificates traded that day,Derived from standardized TSETMC instrument-day observations
2014-06-02,1393/03/12,1393,3,12,21,4669.0,79837.0,67907320671.0,850574.5540413592,841699.1428571428,843709.0,810094.0,860862.0,all valid TSETMC Bank Maskan mortgage-facility certificates traded that day,Derived from standardized TSETMC instrument-day observations
2014-06-03,1393/03/13,1393,3,13,21,4087.0,57400.0,49268094373.0,858329.170261324,851139.1904761905,850839.0,833663.0,870600.0,all valid TSETMC Bank Maskan mortgage-facility certificates traded that day,Derived from standardized TSETMC instrument-day observations
2014-06-07,1393/03/17,1393,3,17,21,3558.0,46781.0,40645630573.0,868849.1176546033,863303.380952381,862713.0,846835.0,873044.0,all valid TSETMC Bank Maskan mortgage-facility certificates traded that day,Derived from standardized TSETMC instrument-day observations
2014-06-08,1393/03/18,1393,3,18,21,3368.0,49163.0,42223652332.0,858850.1989707707,852888.4761904762,851173.0,839844.0,861819.0,all valid TSETMC Bank Maskan mortgage-facility certificates traded that day,Derived from standardized TSETMC instrument-day observations
2014-06-09,1393/03/19,1393,3,19,21,3879.0,55731.0,48072517118.0,862581.2764529615,856745.0952380953,858546.0,844486.0,867266.0,all valid TSETMC Bank Maskan mortgage-facility certificates traded that day,Derived from standardized TSETMC instrument-day observations
2014-06-10,1393/03/20,1393,3,20,21,3562.0,46276.0,40905753552.0,883951.8011928429,877681.5238095238,879505.0,863173.0,888384.0,all valid TSETMC Bank Maskan mortgage-facility certificates traded that day,Derived from standardized TSETMC instrument-day observations
2014-06-11,1393/03/21,1393,3,21,21,3381.0,52030.0,44957281166.0,864064.6005381511,859026.5238095238,861190.0,839116.0,872603.0,all valid TSETMC Bank Maskan mortgage-facility certificates traded that day,Derived from standardized TSETMC instrument-day observations
2014-06-14,1393/03/24,1393,3,24,21,3501.0,54980.0,47567489259.0,865178.0512731903,865392.5714285715,865976.0,852875.0,874965.0,all valid TSETMC Bank Maskan mortgage-facility certificates traded that day,Derived from standardized TSETMC instrument-day observations
2014-06-15,1393/03/25,1393,3,25,21,3078.0,69498.0,57594595739.0,828723.0674120119,828145.7619047619,829969.0,812985.0,841296.0,all valid TSETMC Bank Maskan mortgage-facility certificates traded that day,Derived from standardized TSETMC instrument-day observations
2014-06-16,1393/03/26,1393,3,26,21,2957.0,41735.0,35421673098.0,848728.2400383371,843250.9047619047,844216.0,832956.0,851581.0,all valid TSETMC Bank Maskan mortgage-facility certificates traded that day,Derived from standardized TSETMC instrument-day observations
2014-06-17,1393/03/27,1393,3,27,21,3070.0,38693.0,33906936733.0,876306.7410901197,869184.0476190476,871200.0,850767.0,883589.0,all valid TSETMC Bank Maskan mortgage-facility certificates traded that day,Derived from standardized TSETMC instrument-day observations
2014-06-18,1393/03/28,1393,3,28,21,2810.0,37301.0,32796254268.0,879232.5746762821,871699.619047619,872216.0,850977.0,885455.0,all valid TSETMC Bank Maskan mortgage-facility certificates traded that day,Derived from standardized TSETMC instrument-day observations
2014-06-21,1393/03/31,1393,3,31,21,3041.0,34652.0,30795596129.0,888710.4966235715,880752.1428571428,882476.0,861131.0,896089.0,all valid TSETMC Bank Maskan mortgage-facility certificates traded that day,Derived from standardized TSETMC instrument-day observations
2014-06-22,1393/04/01,1393,4,1,21,2955.0,37353.0,33003218821.0,883549.3486734667,876181.6666666666,876331.0,828315.0,896289.0,all valid TSETMC Bank Maskan mortgage-facility certificates traded that day,Derived from standardized TSETMC instrument-day observations
2014-06-23,1393/04/02,1393,4,2,22,3394.0,55076.0,47930943474.0,870269.145798533,873929.4090909091,873104.0,850517.0,895927.0,all valid TSETMC Bank Maskan mortgage-facility certificates traded that day,Derived from standardized TSETMC instrument-day observations
2014-06-24,1393/04/03,1393,4,3,22,4128.0,66957.0,55775606344.0,833006.3524948847,839487.5,840019.5,821264.0,861380.0,all valid TSETMC Bank Maskan mortgage-facility certificates traded that day,Derived from standardized TSETMC instrument-day observations
2014-06-25,1393/04/04,1393,4,4,22,4380.0,78074.0,62893091140.0,805557.434485232,804431.3636363636,803229.0,795601.0,818311.0,all valid TSETMC Bank Maskan mortgage-facility certificates traded that day,Derived from standardized TSETMC instrument-day observations
2014-06-28,1393/04/07,1393,4,7,22,4717.0,61547.0,50567582872.0,821609.2233902547,818291.1818181818,820844.0,803061.0,827760.0,all valid TSETMC Bank Maskan mortgage-facility certificates traded that day,Derived from standardized TSETMC instrument-day observations
2014-06-29,1393/04/08,1393,4,8,22,4258.0,56155.0,47456225811.0,845093.5056718013,839881.1818181818,840777.0,822404.0,848665.0,all valid TSETMC Bank Maskan mortgage-facility certificates traded that day,Derived from standardized TSETMC instrument-day observations
2014-06-30,1393/04/09,1393,4,9,22,4036.0,46969.0,40471888666.0,861672.3512529541,855887.4090909091,860082.5,824217.0,866127.0,all valid TSETMC Bank Maskan mortgage-facility certificates traded that day,Derived from standardized TSETMC instrument-day observations
2014-07-01,1393/04/10,1393,4,10,22,3531.0,45495.0,39642717090.0,871364.2617870095,866339.3181818182,868014.5,842274.0,878020.0,all valid TSETMC Bank Maskan mortgage-facility certificates traded that day,Derived from standardized TSETMC instrument-day observations
2014-07-02,1393/04/11,1393,4,11,22,3578.0,46490.0,40335902947.0,867625.3591525059,862688.6363636364,865292.0,828049.0,871741.0,all valid TSETMC Bank Maskan mortgage-facility certificates traded that day,Derived from standardized TSETMC instrument-day observations
2014-07-05,1393/04/14,1393,4,14,22,4156.0,47526.0,41204716692.0,866993.1551571771,860387.2727272727,865693.5,797649.0,871726.0,all valid TSETMC Bank Maskan mortgage-facility certificates traded that day,Derived from standardized TSETMC instrument-day observations
2014-07-06,1393/04/15,1393,4,15,22,3647.0,59537.0,51527071926.0,865463.02175118,860860.5454545454,865462.0,767556.0,870000.0,all valid TSETMC Bank Maskan mortgage-facility certificates traded that day,Derived from standardized TSETMC instrument-day observations
2014-07-07,1393/04/16,1393,4,16,21,3396.0,52336.0,45357476128.0,866659.2045246102,865190.5714285715,865791.0,855794.0,874544.0,all valid TSETMC Bank Maskan mortgage-facility certificates traded that day,Derived from standardized TSETMC instrument-day observations
2014-07-08,1393/04/17,1393,4,17,21,3010.0,35725.0,31560322524.0,883424.0034709587,878687.2380952381,879884.0,870262.0,887507.0,all valid TSETMC Bank Maskan mortgage-facility certificates traded that day,Derived from standardized TSETMC instrument-day observations
2014-07-09,1393/04/18,1393,4,18,21,3329.0,38890.0,34568468429.0,888878.0773720751,883083.4761904762,882039.0,869880.0,894256.0,all valid TSETMC Bank Maskan mortgage-facility certificates traded that day,Derived from standardized TSETMC instrument-day observations
2014-07-12,1393/04/21,1393,4,21,21,3328.0,34680.0,30758626644.0,886926.9505190311,881882.5238095238,882479.0,868541.0,891449.0,all valid TSETMC Bank Maskan mortgage-facility certificates traded that day,Derived from standardized TSETMC instrument-day observations
2014-07-13,1393/04/22,1393,4,22,21,3597.0,44033.0,39762507185.0,903016.0830513479,899652.0,900117.0,890805.0,906164.0,all valid TSETMC Bank Maskan mortgage-facility certificates traded that day,Derived from standardized TSETMC instrument-day observations
2014-07-14,1393/04/23,1393,4,23,21,2919.0,36116.0,33264062030.0,921033.9470040979,915911.0476190476,916063.0,906446.0,926261.0,all valid TSETMC Bank Maskan mortgage-facility certificates traded that day,Derived from standardized TSETMC instrument-day observations
2014-07-15,1393/04/24,1393,4,24,21,2979.0,36332.0,33342320830.0,917712.2324672465,911620.7142857143,911427.0,895591.0,923262.0,all valid TSETMC Bank Maskan mortgage-facility certificates traded that day,Derived from standardized TSETMC instrument-day observations
2014-07-16,1393/04/25,1393,4,25,21,2982.0,35164.0,32461732694.0,923152.4483562735,918184.8571428572,918095.0,908699.0,930138.0,all valid TSETMC Bank Maskan mortgage-facility certificates traded that day,Derived from standardized TSETMC instrument-day observations
2014-07-20,1393/04/29,1393,4,29,21,3061.0,35502.0,33166753093.0,934222.1027829418,929608.1904761905,929630.0,916267.0,941524.0,all valid TSETMC Bank Maskan mortgage-facility certificates traded that day,Derived from standardized TSETMC instrument-day observations
2014-07-21,1393/04/30,1393,4,30,21,2262.0,27680.0,26062116654.0,941550.4571531792,938168.2857142857,938602.0,929788.0,944749.0,all valid TSETMC Bank Maskan mortgage-facility certificates traded that day,Derived from standardized TSETMC instrument-day observations
2014-07-22,1393/04/31,1393,4,31,21,2388.0,27298.0,26273020442.0,962452.2104916112,957065.8571428572,957029.0,932821.0,973609.0,all valid TSETMC Bank Maskan mortgage-facility certificates traded that day,Derived from standardized TSETMC instrument-day observations
2014-07-23,1393/05/01,1393,5,1,21,2450.0,36525.0,34162839757.0,935327.5771937029,930317.7619047619,932068.0,910883.0,950291.0,all valid TSETMC Bank Maskan mortgage-facility certificates traded that day,Derived from standardized TSETMC instrument-day observations
2014-07-26,1393/05/04,1393,5,4,22,3339.0,37438.0,35231339774.0,941058.2769912923,935438.2272727273,933283.0,916550.0,957563.0,all valid TSETMC Bank Maskan mortgage-facility certificates traded that day,Derived from standardized TSETMC instrument-day observations
2014-07-27,1393/05/05,1393,5,5,22,4498.0,68604.0,62746161653.0,914613.7492420267,924151.4545454546,925879.5,901610.0,947785.0,all valid TSETMC Bank Maskan mortgage-facility certificates traded that day,Derived from standardized TSETMC instrument-day observations
2014-07-28,1393/05/06,1393,5,6,22,4685.0,81774.0,70970087140.0,867880.8318047301,885995.9090909091,885821.5,862386.0,910221.0,all valid TSETMC Bank Maskan mortgage-facility certificates traded that day,Derived from standardized TSETMC instrument-day observations
2014-08-02,1393/05/11,1393,5,11,22,4798.0,62854.0,53657896173.0,853691.0327584561,853860.6818181818,852341.0,835662.0,876863.0,all valid TSETMC Bank Maskan mortgage-facility certificates traded that day,Derived from standardized TSETMC instrument-day observations
2014-08-03,1393/05/12,1393,5,12,22,4245.0,50204.0,44379124050.0,883975.8594932675,878169.4090909091,880155.5,833730.0,893852.0,all valid TSETMC Bank Maskan mortgage-facility certificates traded that day,Derived from standardized TSETMC instrument-day observations
2014-08-04,1393/05/13,1393,5,13,22,3966.0,50493.0,45518095488.0,901473.3822113957,896602.0,899078.5,859513.0,905084.0,all valid TSETMC Bank Maskan mortgage-facility certificates traded that day,Derived from standardized TSETMC instrument-day observations
2014-08-05,1393/05/14,1393,5,14,22,3451.0,43850.0,39396214821.0,898431.3528164196,890981.1363636364,894125.0,865610.0,902828.0,all valid TSETMC Bank Maskan mortgage-facility certificates traded that day,Derived from standardized TSETMC instrument-day observations
2014-08-06,1393/05/15,1393,5,15,22,3029.0,35282.0,32066902104.0,908874.273113769,902026.1818181818,904327.0,881288.0,912167.0,all valid TSETMC Bank Maskan mortgage-facility certificates traded that day,Derived from standardized TSETMC instrument-day observations
2014-08-09,1393/05/18,1393,5,18,22,4020.0,42195.0,38004287239.0,900682.2428960777,895438.4090909091,895999.5,881219.0,903876.0,all valid TSETMC Bank Maskan mortgage-facility certificates traded that day,Derived from standardized TSETMC instrument-day observations
2014-08-10,1393/05/19,1393,5,19,22,3320.0,40951.0,36975670347.0,902924.7233767185,898905.0909090909,899356.0,887234.0,905781.0,all valid TSETMC Bank Maskan mortgage-facility certificates traded that day,Derived from standardized TSETMC instrument-day observations
2014-08-11,1393/05/20,1393,5,20,22,3263.0,35343.0,32793590866.0,927866.6458987636,923045.4090909091,923833.5,907472.0,932886.0,all valid TSETMC Bank Maskan mortgage-facility certificates traded that day,Derived from standardized TSETMC instrument-day observations
2014-08-12,1393/05/21,1393,5,21,22,2812.0,32306.0,30044596076.0,930000.4976165418,926688.9090909091,927161.0,918177.0,932963.0,all valid TSETMC Bank Maskan mortgage-facility certificates traded that day,Derived from standardized TSETMC instrument-day observations
2014-08-13,1393/05/22,1393,5,22,22,2440.0,29208.0,27553332499.0,943348.8256299644,939643.6363636364,940319.0,932265.0,945785.0,all valid TSETMC Bank Maskan mortgage-facility certificates traded that day,Derived from standardized TSETMC instrument-day observations
2014-08-16,1393/05/25,1393,5,25,22,3469.0,36974.0,34971380611.0,945837.0912262672,941106.7272727273,941157.5,926524.0,950220.0,all valid TSETMC Bank Maskan mortgage-facility certificates traded that day,Derived from standardized TSETMC instrument-day observations
2014-08-17,1393/05/26,1393,5,26,22,2754.0,34413.0,32508989445.0,944671.764885363,938993.7727272727,939788.0,927621.0,948896.0,all valid TSETMC Bank Maskan mortgage-facility certificates traded that day,Derived from standardized TSETMC instrument-day observations
2014-08-18,1393/05/27,1393,5,27,22,3044.0,34135.0,32470127090.0,951226.807968361,944870.3181818182,947573.0,928598.0,956385.0,all valid TSETMC Bank Maskan mortgage-facility certificates traded that day,Derived from standardized TSETMC instrument-day observations
2014-08-19,1393/05/28,1393,5,28,22,2532.0,27853.0,26675829672.0,957736.3182422001,952155.5909090909,953561.5,943300.0,962409.0,all valid TSETMC Bank Maskan mortgage-facility certificates traded that day,Derived from standardized TSETMC instrument-day observations
2014-08-20,1393/05/29,1393,5,29,22,2670.0,30247.0,29217211826.0,965954.0392766225,960709.5909090909,961002.5,950541.0,972774.0,all valid TSETMC Bank Maskan mortgage-facility certificates traded that day,Derived from standardized TSETMC instrument-day observations
2014-08-23,1393/06/01,1393,6,1,22,2639.0,25327.0,24511764517.0,967811.6048880641,959586.8636363636,958323.5,945047.0,976458.0,all valid TSETMC Bank Maskan mortgage-facility certificates traded that day,Derived from standardized TSETMC instrument-day observations
2014-08-24,1393/06/02,1393,6,2,23,2564.0,35065.0,33168617455.0,945918.079423927,943760.6521739131,945397.0,923631.0,969970.0,all valid TSETMC Bank Maskan mortgage-facility certificates traded that day,Derived from standardized TSETMC instrument-day observations
2014-08-25,1393/06/03,1393,6,3,23,3221.0,63867.0,56923521814.0,891282.2242159487,905082.3478260869,905840.0,884254.0,927190.0,all valid TSETMC Bank Maskan mortgage-facility certificates traded that day,Derived from standardized TSETMC instrument-day observations
2014-08-26,1393/06/04,1393,6,4,23,4665.0,75009.0,68432414413.0,912322.7134477196,910334.3478260869,913228.0,887653.0,921943.0,all valid TSETMC Bank Maskan mortgage-facility certificates traded that day,Derived from standardized TSETMC instrument-day observations
2014-08-27,1393/06/05,1393,6,5,23,3645.0,48264.0,45070620316.0,933835.1631858114,929552.1304347826,931672.0,912919.0,940724.0,all valid TSETMC Bank Maskan mortgage-facility certificates traded that day,Derived from standardized TSETMC instrument-day observations
2014-08-30,1393/06/08,1393,6,8,23,5122.0,50270.0,46933270256.0,933623.8364034215,931111.8260869565,930237.0,923134.0,938815.0,all valid TSETMC Bank Maskan mortgage-facility certificates traded that day,Derived from standardized TSETMC instrument-day observations
2014-08-31,1393/06/09,1393,6,9,23,1955.0,22943.0,21924495937.0,955607.1977073618,952949.8260869565,952955.0,938420.0,967202.0,all valid TSETMC Bank Maskan mortgage-facility certificates traded that day,Derived from standardized TSETMC instrument-day observations
2014-09-01,1393/06/10,1393,6,10,23,5145.0,62652.0,58783389316.0,938252.3992210943,934665.695652174,934914.0,923618.0,941241.0,all valid TSETMC Bank Maskan mortgage-facility certificates traded that day,Derived from standardized TSETMC instrument-day observations
2014-09-02,1393/06/11,1393,6,11,23,3874.0,41258.0,39056803804.0,946648.0150273886,941690.1304347826,941327.0,929967.0,949895.0,all valid TSETMC Bank Maskan mortgage-facility certificates traded that day,Derived from standardized TSETMC instrument-day observations
2014-09-03,1393/06/12,1393,6,12,23,3483.0,37853.0,35975453935.0,950399.0155337754,945570.5217391305,946227.0,931082.0,955209.0,all valid TSETMC Bank Maskan mortgage-facility certificates traded that day,Derived from standardized TSETMC instrument-day observations
2014-09-06,1393/06/15,1393,6,15,23,3476.0,37032.0,34954095782.0,943888.9550118817,937808.2173913043,941877.0,915632.0,952531.0,all valid TSETMC Bank Maskan mortgage-facility certificates traded that day,Derived from standardized TSETMC instrument-day observations
2014-09-07,1393/06/16,1393,6,16,22,3152.0,34671.0,32847675511.0,947410.6749444781,939060.5909090909,937363.5,916817.0,959550.0,all valid TSETMC Bank Maskan mortgage-facility certificates traded that day,Derived from standardized TSETMC instrument-day observations
2014-09-08,1393/06/17,1393,6,17,22,3010.0,39848.0,38268824113.0,960370.0088586629,953932.2727272727,953897.5,941917.0,964759.0,all valid TSETMC Bank Maskan mortgage-facility certificates traded that day,Derived from standardized TSETMC instrument-day observations
2014-09-09,1393/06/18,1393,6,18,22,2713.0,32514.0,31407183514.0,965958.7720366612,960889.3181818182,961731.0,950237.0,970420.0,all valid TSETMC Bank Maskan mortgage-facility certificates traded that day,Derived from standardized TSETMC instrument-day observations
2014-09-10,1393/06/19,1393,6,19,22,2831.0,34118.0,33039606912.0,968392.2537077203,960880.7727272727,961111.5,942759.0,975204.0,all valid TSETMC Bank Maskan mortgage-facility certificates traded that day,Derived from standardized TSETMC instrument-day observations
2014-09-13,1393/06/22,1393,6,22,22,3060.0,31905.0,30908674553.0,968772.1220184924,962699.2272727273,964428.5,949773.0,975554.0,all valid TSETMC Bank Maskan mortgage-facility certificates traded that day,Derived from standardized TSETMC instrument-day observations
2014-09-14,1393/06/23,1393,6,23,22,2709.0,29281.0,28671925404.0,979198.9824118029,974272.1818181818,974231.5,963970.0,985219.0,all valid TSETMC Bank Maskan mortgage-facility certificates traded that day,Derived from standardized TSETMC instrument-day observations
2014-09-15,1393/06/24,1393,6,24,22,2514.0,31700.0,31391456389.0,990266.7630599369,985025.7272727273,985063.5,973294.0,994604.0,all valid TSETMC Bank Maskan mortgage-facility certificates traded that day,Derived from standardized TSETMC instrument-day observations
2014-09-16,1393/06/25,1393,6,25,22,2546.0,30635.0,30251811673.0,987491.8124041129,980664.0909090909,980207.0,967547.0,993530.0,all valid TSETMC Bank Maskan mortgage-facility certificates traded that day,Derived from standardized TSETMC instrument-day observations
2014-09-17,1393/06/26,1393,6,26,22,1894.0,23303.0,23104789877.0,991494.2229326696,984647.6818181818,983234.5,967352.0,999803.0,all valid TSETMC Bank Maskan mortgage-facility certificates traded that day,Derived from standardized TSETMC instrument-day observations
2014-09-20,1393/06/29,1393,6,29,22,2599.0,27906.0,27259485529.0,976832.420590554,969752.8181818182,968263.0,959754.0,987289.0,all valid TSETMC Bank Maskan mortgage-facility certificates traded that day,Derived from standardized TSETMC instrument-day observations
2014-09-21,1393/06/30,1393,6,30,22,2292.0,23959.0,23315444670.0,973139.3075670938,966394.8181818182,971803.5,944055.0,980302.0,all valid TSETMC Bank Maskan mortgage-facility certificates traded that day,Derived from standardized TSETMC instrument-day observations
2014-09-22,1393/06/31,1393,6,31,22,1977.0,19396.0,18787856844.0,968645.9498865745,962431.8181818182,963046.0,944769.0,981947.0,all valid TSETMC Bank Maskan mortgage-facility certificates traded that day,Derived from standardized TSETMC instrument-day observations
2014-09-23,1393/07/01,1393,7,1,22,1086.0,10230.0,9537759637.0,932332.3203323558,927731.3636363636,926979.0,914645.0,944273.0,all valid TSETMC Bank Maskan mortgage-facility certificates traded that day,Derived from standardized TSETMC instrument-day observations
2014-09-24,1393/07/02,1393,7,2,22,1726.0,16628.0,15388672708.0,925467.4469569401,923777.6818181818,922612.5,911075.0,940884.0,all valid TSETMC Bank Maskan mortgage-facility certificates traded that day,Derived from standardized TSETMC instrument-day observations
2014-09-27,1393/07/05,1393,7,5,22,2510.0,23154.0,21476903065.0,927567.723287553,925859.9545454546,925025.0,911653.0,939891.0,all valid TSETMC Bank Maskan mortgage-facility certificates traded that day,Derived from standardized TSETMC instrument-day observations
2014-09-28,1393/07/06,1393,7,6,22,2297.0,21223.0,19722133513.0,929281.1342882721,926915.3181818182,927239.0,910192.0,934210.0,all valid TSETMC Bank Maskan mortgage-facility certificates traded that day,Derived from standardized TSETMC instrument-day observations
2014-09-29,1393/07/07,1393,7,7,22,2152.0,19999.0,18650071782.0,932550.2166108305,929762.3636363636,930718.0,914765.0,937176.0,all valid TSETMC Bank Maskan mortgage-facility certificates traded that day,Derived from standardized TSETMC instrument-day observations
2014-09-30,1393/07/08,1393,7,8,22,1899.0,15143.0,14129975607.0,933102.7938321336,931363.7727272727,931954.5,921291.0,940202.0,all valid TSETMC Bank Maskan mortgage-facility certificates traded that day,Derived from standardized TSETMC instrument-day observations
2014-10-01,1393/07/09,1393,7,9,22,1717.0,14113.0,13225475573.0,937112.9861120952,933963.0454545454,934088.5,919776.0,942749.0,all valid TSETMC Bank Maskan mortgage-facility certificates traded that day,Derived from standardized TSETMC instrument-day observations
2014-10-04,1393/07/12,1393,7,12,22,1266.0,11250.0,10479397123.0,931501.9664888888,930062.7272727273,932558.5,905115.0,941739.0,all valid TSETMC Bank Maskan mortgage-facility certificates traded that day,Derived from standardized TSETMC instrument-day observations
2014-10-06,1393/07/14,1393,7,14,22,2416.0,21863.0,20499775111.0,937646.9428257787,933047.9090909091,936004.5,881569.0,945662.0,all valid TSETMC Bank Maskan mortgage-facility certificates traded that day,Derived from standardized TSETMC instrument-day observations
2014-10-07,1393/07/15,1393,7,15,22,1898.0,17106.0,15942265180.0,931969.2026189641,925891.5,932866.5,837491.0,943031.0,all valid TSETMC Bank Maskan mortgage-facility certificates traded that day,Derived from standardized TSETMC instrument-day observations
2014-10-08,1393/07/16,1393,7,16,20,1720.0,15110.0,14191587712.0,939218.2469887491,934732.1,938446.0,921705.0,944575.0,all valid TSETMC Bank Maskan mortgage-facility certificates traded that day,Derived from standardized TSETMC instrument-day observations
2014-10-11,1393/07/19,1393,7,19,20,2414.0,21352.0,20259331051.0,948825.9203353316,944829.15,949551.5,925863.0,959093.0,all valid TSETMC Bank Maskan mortgage-facility certificates traded that day,Derived from standardized TSETMC instrument-day observations
2014-10-12,1393/07/20,1393,7,20,20,1923.0,19171.0,18419177632.0,960783.3515205258,958065.1,958121.0,943839.0,968335.0,all valid TSETMC Bank Maskan mortgage-facility certificates traded that day,Derived from standardized TSETMC instrument-day observations
2014-10-14,1393/07/22,1393,7,22,20,1700.0,13070.0,12662333681.0,968809.0039020658,965690.5,966162.0,956950.0,974747.0,all valid TSETMC Bank Maskan mortgage-facility certificates traded that day,Derived from standardized TSETMC instrument-day observations
2014-10-15,1393/07/23,1393,7,23,20,1945.0,20240.0,19456216921.0,961275.5395750988,958009.25,957982.0,946063.0,965283.0,all valid TSETMC Bank Maskan mortgage-facility certificates traded that day,Derived from standardized TSETMC instrument-day observations
2014-10-18,1393/07/26,1393,7,26,20,2136.0,20103.0,19207062363.0,955432.6400537234,952234.8,952829.0,939086.0,963282.0,all valid TSETMC Bank Maskan mortgage-facility certificates traded that day,Derived from standardized TSETMC instrument-day observations
2014-10-19,1393/07/27,1393,7,27,20,2006.0,22497.0,21183110570.0,941597.1271725119,940181.7,941478.5,927679.0,948023.0,all valid TSETMC Bank Maskan mortgage-facility certificates traded that day,Derived from standardized TSETMC instrument-day observations
2014-10-20,1393/07/28,1393,7,28,20,2004.0,22805.0,21618291762.0,947962.8047358035,943511.25,944867.5,927324.0,957867.0,all valid TSETMC Bank Maskan mortgage-facility certificates traded that day,Derived from standardized TSETMC instrument-day observations
2014-10-21,1393/07/29,1393,7,29,20,1539.0,16493.0,15497212004.0,939623.598132541,936617.15,936103.5,919119.0,945919.0,all valid TSETMC Bank Maskan mortgage-facility certificates traded that day,Derived from standardized TSETMC instrument-day observations
2014-10-22,1393/07/30,1393,7,30,20,1520.0,17371.0,16190899734.0,932064.9204996834,928923.0,930160.5,912382.0,946469.0,all valid TSETMC Bank Maskan mortgage-facility certificates traded that day,Derived from standardized TSETMC instrument-day observations
2014-10-25,1393/08/03,1393,8,3,20,1739.0,14249.0,13344200016.0,936500.8081970664,932457.15,935610.0,906376.0,944688.0,all valid TSETMC Bank Maskan mortgage-facility certificates traded that day,Derived from standardized TSETMC instrument-day observations
2014-10-26,1393/08/04,1393,8,4,20,1345.0,10106.0,9257643676.0,916054.1931525826,913819.15,915916.5,894743.0,928230.0,all valid TSETMC Bank Maskan mortgage-facility certificates traded that day,Derived from standardized TSETMC instrument-day observations
2014-10-27,1393/08/05,1393,8,5,20,1581.0,13122.0,12051116462.0,918390.2196311537,915877.15,916801.5,901856.0,926898.0,all valid TSETMC Bank Maskan mortgage-facility certificates traded that day,Derived from standardized TSETMC instrument-day observations
2014-10-28,1393/08/06,1393,8,6,20,1426.0,10811.0,9886003875.0,914439.3557487744,911802.1,918177.0,867582.0,928347.0,all valid TSETMC Bank Maskan mortgage-facility certificates traded that day,Derived from standardized TSETMC instrument-day observations
2014-10-29,1393/08/07,1393,8,7,20,1517.0,13053.0,11935177062.0,914362.7566076764,911639.8,921030.0,833146.0,928399.0,all valid TSETMC Bank Maskan mortgage-facility certificates traded that day,Derived from standardized TSETMC instrument-day observations
2014-11-01,1393/08/10,1393,8,10,20,2135.0,17038.0,15451553663.0,906887.7604765818,901772.6,913211.5,802485.0,922733.0,all valid TSETMC Bank Maskan mortgage-facility certificates traded that day,Derived from standardized TSETMC instrument-day observations
2014-11-02,1393/08/11,1393,8,11,20,1765.0,17230.0,15534930841.0,901621.0586767267,895652.6,908309.5,779323.0,925423.0,all valid TSETMC Bank Maskan mortgage-facility certificates traded that day,Derived from standardized TSETMC instrument-day observations
2014-11-05,1393/08/14,1393,8,14,20,1480.0,11615.0,10439474050.0,898792.4278949634,896365.65,908963.0,791364.0,922127.0,all valid TSETMC Bank Maskan mortgage-facility certificates traded that day,Derived from standardized TSETMC instrument-day observations
2014-11-08,1393/08/17,1393,8,17,18,1938.0,17981.0,16269856958.0,904836.0468272065,902288.7222222222,904008.0,888345.0,908273.0,all valid TSETMC Bank Maskan mortgage-facility certificates traded that day,Derived from standardized TSETMC instrument-day observations
2014-11-09,1393/08/18,1393,8,18,18,1567.0,11497.0,10328741269.0,898385.7762024876,894138.8333333334,897978.5,874866.0,906579.0,all valid TSETMC Bank Maskan mortgage-facility certificates traded that day,Derived from standardized TSETMC instrument-day observations
2014-11-10,1393/08/19,1393,8,19,18,1478.0,12245.0,11026333996.0,900476.4390363414,898256.5,900513.0,882394.0,905839.0,all valid TSETMC Bank Maskan mortgage-facility certificates traded that day,Derived from standardized TSETMC instrument-day observations
2014-11-11,1393/08/20,1393,8,20,18,1587.0,13476.0,12107321908.0,898435.8791926388,892523.9444444445,898778.0,859987.0,906725.0,all valid TSETMC Bank Maskan mortgage-facility certificates traded that day,Derived from standardized TSETMC instrument-day observations
2014-11-12,1393/08/21,1393,8,21,18,1611.0,13593.0,12177827209.0,895889.590892371,891565.6111111111,901307.5,850551.0,907022.0,all valid TSETMC Bank Maskan mortgage-facility certificates traded that day,Derived from standardized TSETMC instrument-day observations
2014-11-15,1393/08/24,1393,8,24,18,1674.0,14004.0,12480379229.0,891201.0303484718,882681.6666666666,897128.5,831979.0,907854.0,all valid TSETMC Bank Maskan mortgage-facility certificates traded that day,Derived from standardized TSETMC instrument-day observations
2014-11-16,1393/08/25,1393,8,25,18,1507.0,12699.0,11130007422.0,876447.5487833688,870203.2777777778,885874.5,804897.0,900124.0,all valid TSETMC Bank Maskan mortgage-facility certificates traded that day,Derived from standardized TSETMC instrument-day observations
2014-11-17,1393/08/26,1393,8,26,18,1518.0,13704.0,11927695965.0,870380.6162434326,868115.9444444445,881258.5,804003.0,893712.0,all valid TSETMC Bank Maskan mortgage-facility certificates traded that day,Derived from standardized TSETMC instrument-day observations
2014-11-18,1393/08/27,1393,8,27,18,1816.0,17152.0,14809286665.0,863414.5676888992,856798.7777777778,866973.0,803181.0,874912.0,all valid TSETMC Bank Maskan mortgage-facility certificates traded that day,Derived from standardized TSETMC instrument-day observations
2014-11-19,1393/08/28,1393,8,28,18,1490.0,15265.0,13139714426.0,860773.9551916148,855283.3333333334,864210.5,805695.0,874483.0,all valid TSETMC Bank Maskan mortgage-facility certificates traded that day,Derived from standardized TSETMC instrument-day observations
2014-11-22,1393/09/01,1393,9,1,18,1850.0,16150.0,13816076826.0,855484.6331888544,851832.9444444445,860365.0,801072.0,871264.0,all valid TSETMC Bank Maskan mortgage-facility certificates traded that day,Derived from standardized TSETMC instrument-day observations
2014-11-23,1393/09/02,1393,9,2,18,1444.0,11201.0,9732301021.0,868877.8699223284,866845.4444444445,874452.0,813400.0,879025.0,all valid TSETMC Bank Maskan mortgage-facility certificates traded that day,Derived from standardized TSETMC instrument-day observations
2014-11-24,1393/09/03,1393,9,3,18,1431.0,11695.0,10276977008.0,878749.6372808893,874262.8333333334,881332.0,835908.0,892098.0,all valid TSETMC Bank Maskan mortgage-facility certificates traded that day,Derived from standardized TSETMC instrument-day observations
2014-11-25,1393/09/04,1393,9,4,18,1162.0,8483.0,7385009486.0,870565.7769656961,864894.0,868997.5,828915.0,879573.0,all valid TSETMC Bank Maskan mortgage-facility certificates traded that day,Derived from standardized TSETMC instrument-day observations
2014-11-26,1393/09/05,1393,9,5,18,830.0,5840.0,4909813029.0,840721.4090753425,836303.2777777778,834887.5,801611.0,865938.0,all valid TSETMC Bank Maskan mortgage-facility certificates traded that day,Derived from standardized TSETMC instrument-day observations
2014-11-29,1393/09/08,1393,9,8,18,645.0,5788.0,4614119329.0,797187.1681064271,801069.6666666666,802584.5,773595.0,822642.0,all valid TSETMC Bank Maskan mortgage-facility certificates traded that day,Derived from standardized TSETMC instrument-day observations
2014-11-30,1393/09/09,1393,9,9,18,699.0,6184.0,4776509064.0,772397.9728331177,769507.0,771323.5,738860.0,797239.0,all valid TSETMC Bank Maskan mortgage-facility certificates traded that day,Derived from standardized TSETMC instrument-day observations
2014-12-01,1393/09/10,1393,9,10,18,1043.0,8125.0,6014315729.0,740223.4743384615,736838.5,738581.5,704226.0,757378.0,all valid TSETMC Bank Maskan mortgage-facility certificates traded that day,Derived from standardized TSETMC instrument-day observations
2014-12-02,1393/09/11,1393,9,11,18,1418.0,9612.0,7349599816.0,764627.5297544736,764430.6666666666,768671.0,713566.0,781128.0,all valid TSETMC Bank Maskan mortgage-facility certificates traded that day,Derived from standardized TSETMC instrument-day observations
2014-12-03,1393/09/12,1393,9,12,18,1053.0,6616.0,5290194527.0,799606.1860640871,802428.4444444445,807104.0,746102.0,820109.0,all valid TSETMC Bank Maskan mortgage-facility certificates traded that day,Derived from standardized TSETMC instrument-day observations
2014-12-06,1393/09/15,1393,9,15,18,1506.0,11912.0,9977462396.0,837597.5819341841,840319.0555555555,847416.5,767595.0,861114.0,all valid TSETMC Bank Maskan mortgage-facility certificates traded that day,Derived from standardized TSETMC instrument-day observations
2014-12-07,1393/09/16,1393,9,16,16,1668.0,13536.0,11890791399.0,878456.811391844,878067.4375,878519.0,865129.0,886398.0,all valid TSETMC Bank Maskan mortgage-facility certificates traded that day,Derived from standardized TSETMC instrument-day observations
2014-12-08,1393/09/17,1393,9,17,16,1018.0,7103.0,6043772811.0,850876.0820779952,849167.4375,848997.0,825568.0,884128.0,all valid TSETMC Bank Maskan mortgage-facility certificates traded that day,Derived from standardized TSETMC instrument-day observations
2014-12-09,1393/09/18,1393,9,18,16,1183.0,9244.0,7735967256.0,836863.614885331,836153.625,837621.0,823441.0,844791.0,all valid TSETMC Bank Maskan mortgage-facility certificates traded that day,Derived from standardized TSETMC instrument-day observations
2014-12-10,1393/09/19,1393,9,19,16,1139.0,9177.0,7771067350.0,846798.2292688242,845005.1875,844987.0,835670.0,850544.0,all valid TSETMC Bank Maskan mortgage-facility certificates traded that day,Derived from standardized TSETMC instrument-day observations
2014-12-14,1393/09/23,1393,9,23,16,1705.0,11345.0,9567202201.0,843296.8004407227,839547.5625,843382.5,818865.0,848855.0,all valid TSETMC Bank Maskan mortgage-facility certificates traded that day,Derived from standardized TSETMC instrument-day observations
2014-12-15,1393/09/24,1393,9,24,16,1552.0,10712.0,9060173901.0,845796.6673823749,843905.5,847351.5,827585.0,851098.0,all valid TSETMC Bank Maskan mortgage-facility certificates traded that day,Derived from standardized TSETMC instrument-day observations
2014-12-16,1393/09/25,1393,9,25,16,1377.0,9937.0,8362387894.0,841540.4945154473,840336.8125,841042.5,828850.0,854195.0,all valid TSETMC Bank Maskan mortgage-facility certificates traded that day,Derived from standardized TSETMC instrument-day observations
2014-12-17,1393/09/26,1393,9,26,16,1564.0,17581.0,14761512536.0,839628.7205505944,835724.3125,834896.5,822862.0,844129.0,all valid TSETMC Bank Maskan mortgage-facility certificates traded that day,Derived from standardized TSETMC instrument-day observations
2014-12-20,1393/09/29,1393,9,29,16,1376.0,10507.0,8761196129.0,833843.7355096602,831182.6875,833963.5,807729.0,844191.0,all valid TSETMC Bank Maskan mortgage-facility certificates traded that day,Derived from standardized TSETMC instrument-day observations
2014-12-22,1393/10/01,1393,10,1,16,1094.0,10729.0,8881283154.0,827782.9391369186,825320.4375,828733.0,795058.0,833461.0,all valid TSETMC Bank Maskan mortgage-facility certificates traded that day,Derived from standardized TSETMC instrument-day observations
2014-12-24,1393/10/03,1393,10,3,16,1219.0,13880.0,11378111295.0,819748.6523775216,814746.625,818228.5,762133.0,835759.0,all valid TSETMC Bank Maskan mortgage-facility certificates traded that day,Derived from standardized TSETMC instrument-day observations
2014-12-27,1393/10/06,1393,10,6,16,1050.0,8804.0,6966837725.0,791326.4112903225,791187.375,794298.0,764991.0,807501.0,all valid TSETMC Bank Maskan mortgage-facility certificates traded that day,Derived from standardized TSETMC instrument-day observations
2014-12-28,1393/10/07,1393,10,7,16,1329.0,11120.0,8883465914.0,798872.8339928058,799247.75,803085.0,760452.0,812640.0,all valid TSETMC Bank Maskan mortgage-facility certificates traded that day,Derived from standardized TSETMC instrument-day observations
2014-12-29,1393/10/08,1393,10,8,16,1044.0,7633.0,6127132173.0,802716.1238045329,801192.125,804253.0,774237.0,813235.0,all valid TSETMC Bank Maskan mortgage-facility certificates traded that day,Derived from standardized TSETMC instrument-day observations
2014-12-30,1393/10/09,1393,10,9,16,971.0,10897.0,8834768301.0,810752.3447737909,809904.0,813756.5,785613.0,822054.0,all valid TSETMC Bank Maskan mortgage-facility certificates traded that day,Derived from standardized TSETMC instrument-day observations
2014-12-31,1393/10/10,1393,10,10,16,1564.0,10702.0,8635176926.0,806875.0631657634,806627.875,811376.5,760989.0,819786.0,all valid TSETMC Bank Maskan mortgage-facility certificates traded that day,Derived from standardized TSETMC instrument-day observations
2015-01-03,1393/10/13,1393,10,13,16,1597.0,10703.0,8409310750.0,785696.6037559563,785399.625,794738.5,723252.0,799526.0,all valid TSETMC Bank Maskan mortgage-facility certificates traded that day,Derived from standardized TSETMC instrument-day observations
2015-01-04,1393/10/14,1393,10,14,16,1564.0,11282.0,8876535024.0,786787.3625243751,785005.75,794152.0,696333.0,803933.0,all valid TSETMC Bank Maskan mortgage-facility certificates traded that day,Derived from standardized TSETMC instrument-day observations
2015-01-05,1393/10/15,1393,10,15,16,1335.0,9998.0,7775099778.0,777665.5109021805,780831.4375,793018.5,685583.0,800643.0,all valid TSETMC Bank Maskan mortgage-facility certificates traded that day,Derived from standardized TSETMC instrument-day observations
2015-01-06,1393/10/16,1393,10,16,14,1142.0,7765.0,6168328718.0,794375.8812620734,794343.5,794758.0,775359.0,806168.0,all valid TSETMC Bank Maskan mortgage-facility certificates traded that day,Derived from standardized TSETMC instrument-day observations
2015-01-07,1393/10/17,1393,10,17,14,1101.0,6791.0,5436967086.0,800613.6189073774,799818.5,800723.0,784456.0,810139.0,all valid TSETMC Bank Maskan mortgage-facility certificates traded that day,Derived from standardized TSETMC instrument-day observations
2015-01-10,1393/10/20,1393,10,20,14,1359.0,10755.0,8633710283.0,802762.4623895863,801944.3571428572,802766.0,780787.0,809772.0,all valid TSETMC Bank Maskan mortgage-facility certificates traded that day,Derived from standardized TSETMC instrument-day observations
2015-01-11,1393/10/21,1393,10,21,14,1203.0,12378.0,9915972487.0,801096.500807885,799312.4285714285,799959.5,779757.0,807270.0,all valid TSETMC Bank Maskan mortgage-facility certificates traded that day,Derived from standardized TSETMC instrument-day observations
2015-01-12,1393/10/22,1393,10,22,14,1007.0,8650.0,6972520291.0,806071.7099421965,805047.3571428572,807294.0,784725.0,813189.0,all valid TSETMC Bank Maskan mortgage-facility certificates traded that day,Derived from standardized TSETMC instrument-day observations
2015-01-13,1393/10/23,1393,10,23,14,1086.0,8518.0,6819348929.0,800580.996595445,799944.0,800443.0,779689.0,806047.0,all valid TSETMC Bank Maskan mortgage-facility certificates traded that day,Derived from standardized TSETMC instrument-day observations
2015-01-14,1393/10/24,1393,10,24,14,988.0,9911.0,7975761074.0,804738.2780748663,802899.4285714285,805120.5,779347.0,811485.0,all valid TSETMC Bank Maskan mortgage-facility certificates traded that day,Derived from standardized TSETMC instrument-day observations
2015-01-17,1393/10/27,1393,10,27,14,1140.0,9805.0,7856516032.0,801276.4948495666,800771.8571428572,801234.0,794166.0,806082.0,all valid TSETMC Bank Maskan mortgage-facility certificates traded that day,Derived from standardized TSETMC instrument-day observations
2015-01-18,1393/10/28,1393,10,28,14,1323.0,9159.0,7385296239.0,806343.076645922,805736.4285714285,806384.5,793151.0,812701.0,all valid TSETMC Bank Maskan mortgage-facility certificates traded that day,Derived from standardized TSETMC instrument-day observations
2015-01-19,1393/10/29,1393,10,29,14,1136.0,10131.0,8246574319.0,813994.1090711677,813013.1428571428,814477.0,797004.0,816922.0,all valid TSETMC Bank Maskan mortgage-facility certificates traded that day,Derived from standardized TSETMC instrument-day observations
2015-01-20,1393/10/30,1393,10,30,14,1185.0,8489.0,6978566674.0,822071.7014960537,821358.5714285715,823000.0,805422.0,825110.0,all valid TSETMC Bank Maskan mortgage-facility certificates traded that day,Derived from standardized TSETMC instrument-day observations
2015-01-21,1393/11/01,1393,11,1,14,1124.0,10214.0,8480735845.0,830305.056295281,829697.8571428572,832517.5,808737.0,837018.0,all valid TSETMC Bank Maskan mortgage-facility certificates traded that day,Derived from standardized TSETMC instrument-day observations
2015-01-24,1393/11/04,1393,11,4,15,1934.0,26427.0,21342451093.0,807600.2229916373,819831.8,822633.0,799460.0,830635.0,all valid TSETMC Bank Maskan mortgage-facility certificates traded that day,Derived from standardized TSETMC instrument-day observations
2015-01-25,1393/11/05,1393,11,5,15,3859.0,70821.0,56403365873.0,796421.4833594555,799738.4666666667,800207.0,782996.0,809111.0,all valid TSETMC Bank Maskan mortgage-facility certificates traded that day,Derived from standardized TSETMC instrument-day observations
2015-01-26,1393/11/06,1393,11,6,15,3294.0,52642.0,42176777557.0,801200.1359560807,798350.6666666666,799337.0,780955.0,803426.0,all valid TSETMC Bank Maskan mortgage-facility certificates traded that day,Derived from standardized TSETMC instrument-day observations
2015-01-27,1393/11/07,1393,11,7,15,3251.0,46564.0,37424123123.0,803713.6655570827,798677.8666666667,800270.0,778169.0,804658.0,all valid TSETMC Bank Maskan mortgage-facility certificates traded that day,Derived from standardized TSETMC instrument-day observations
2015-01-28,1393/11/08,1393,11,8,15,3825.0,48668.0,39023420417.0,801829.1365373551,799287.6,800558.0,782513.0,805153.0,all valid TSETMC Bank Maskan mortgage-facility certificates traded that day,Derived from standardized TSETMC instrument-day observations
2015-01-31,1393/11/11,1393,11,11,15,5193.0,47389.0,37774279603.0,797110.7135200152,789981.9333333333,790745.0,754271.0,798936.0,all valid TSETMC Bank Maskan mortgage-facility certificates traded that day,Derived from standardized TSETMC instrument-day observations
2015-02-01,1393/11/12,1393,11,12,15,4041.0,40136.0,32101111574.0,799808.440651784,791218.4,796144.0,716941.0,807273.0,all valid TSETMC Bank Maskan mortgage-facility certificates traded that day,Derived from standardized TSETMC instrument-day observations
2015-02-02,1393/11/13,1393,11,13,15,3457.0,41758.0,33382298705.0,799422.8340677236,792431.3333333334,798211.0,706862.0,802389.0,all valid TSETMC Bank Maskan mortgage-facility certificates traded that day,Derived from standardized TSETMC instrument-day observations
2015-02-03,1393/11/14,1393,11,14,15,3018.0,32452.0,25941796971.0,799389.7747750524,792487.6666666666,797216.0,729184.0,800914.0,all valid TSETMC Bank Maskan mortgage-facility certificates traded that day,Derived from standardized TSETMC instrument-day observations
2015-02-04,1393/11/15,1393,11,15,15,3168.0,40366.0,32482760851.0,804705.9617252143,797626.4,802572.0,724947.0,808553.0,all valid TSETMC Bank Maskan mortgage-facility certificates traded that day,Derived from standardized TSETMC instrument-day observations
2015-02-07,1393/11/18,1393,11,18,14,3202.0,35735.0,28804756677.0,806065.6688680565,801125.7857142857,800480.0,794697.0,809035.0,all valid TSETMC Bank Maskan mortgage-facility certificates traded that day,Derived from standardized TSETMC instrument-day observations
2015-02-08,1393/11/19,1393,11,19,14,3029.0,36366.0,29929310783.0,823002.5513666612,818117.2857142857,818039.5,813713.0,825014.0,all valid TSETMC Bank Maskan mortgage-facility certificates traded that day,Derived from standardized TSETMC instrument-day observations
2015-02-09,1393/11/20,1393,11,20,14,2483.0,29407.0,24351541028.0,828086.5449722855,824627.3571428572,824742.0,821116.0,829461.0,all valid TSETMC Bank Maskan mortgage-facility certificates traded that day,Derived from standardized TSETMC instrument-day observations
2015-02-10,1393/11/21,1393,11,21,14,2235.0,25897.0,21502477659.0,830307.6672587559,827557.6428571428,827670.0,822760.0,832986.0,all valid TSETMC Bank Maskan mortgage-facility certificates traded that day,Derived from standardized TSETMC instrument-day observations
2015-02-14,1393/11/25,1393,11,25,14,2611.0,33982.0,28158137242.0,828619.1878641634,825483.4285714285,825153.0,822322.0,829695.0,all valid TSETMC Bank Maskan mortgage-facility certificates traded that day,Derived from standardized TSETMC instrument-day observations
2015-02-15,1393/11/26,1393,11,26,14,2556.0,31296.0,26028593069.0,831690.7294542433,828906.7857142857,829602.5,824703.0,833456.0,all valid TSETMC Bank Maskan mortgage-facility certificates traded that day,Derived from standardized TSETMC instrument-day observations
2015-02-16,1393/11/27,1393,11,27,14,2230.0,27718.0,23282153671.0,839965.1371311061,836196.8571428572,836226.5,829699.0,842304.0,all valid TSETMC Bank Maskan mortgage-facility certificates traded that day,Derived from standardized TSETMC instrument-day observations
2015-02-17,1393/11/28,1393,11,28,14,2563.0,27780.0,23587991207.0,849099.7554715623,847797.6428571428,848119.5,843895.0,851850.0,all valid TSETMC Bank Maskan mortgage-facility certificates traded that day,Derived from standardized TSETMC instrument-day observations
2015-02-18,1393/11/29,1393,11,29,14,2038.0,21351.0,18296905414.0,856957.7731253805,854240.2857142857,854071.5,850561.0,858277.0,all valid TSETMC Bank Maskan mortgage-facility certificates traded that day,Derived from standardized TSETMC instrument-day observations
2015-02-21,1393/12/02,1393,12,2,14,2235.0,21468.0,18172195675.0,846478.2781348984,839846.8571428572,838961.0,834331.0,852941.0,all valid TSETMC Bank Maskan mortgage-facility certificates traded that day,Derived from standardized TSETMC instrument-day observations
2015-02-22,1393/12/03,1393,12,3,15,2821.0,36839.0,30502876972.0,828005.0210917777,838620.2,839893.0,813342.0,850072.0,all valid TSETMC Bank Maskan mortgage-facility certificates traded that day,Derived from standardized TSETMC instrument-day observations
2015-02-23,1393/12/04,1393,12,4,15,4151.0,73762.0,59098878168.0,801210.3544914726,806133.0666666667,805514.0,800180.0,816271.0,all valid TSETMC Bank Maskan mortgage-facility certificates traded that day,Derived from standardized TSETMC instrument-day observations
2015-02-24,1393/12/05,1393,12,5,15,236.0,5753.0,4812217196.0,836470.918824961,831124.2666666667,830061.0,812222.0,850000.0,all valid TSETMC Bank Maskan mortgage-facility certificates traded that day,Derived from standardized TSETMC instrument-day observations
2015-02-25,1393/12/06,1393,12,6,15,1097.0,21947.0,18865985978.0,859615.7095730624,868186.9333333333,869947.0,852655.0,884278.0,all valid TSETMC Bank Maskan mortgage-facility certificates traded that day,Derived from standardized TSETMC instrument-day observations
2015-02-28,1393/12/09,1393,12,9,14,5212.0,97531.0,79590937931.0,816057.8475664147,826749.7142857143,826791.0,814696.0,837878.0,all valid TSETMC Bank Maskan mortgage-facility certificates traded that day,Derived from standardized TSETMC instrument-day observations
2015-03-01,1393/12/10,1393,12,10,15,4336.0,51936.0,41791514116.0,804673.3309457795,801781.0,798633.0,793650.0,840065.0,all valid TSETMC Bank Maskan mortgage-facility certificates traded that day,Derived from standardized TSETMC instrument-day observations
2015-03-02,1393/12/11,1393,12,11,15,3752.0,50341.0,40910260505.0,812662.8494666375,807126.0,807689.0,799545.0,814192.0,all valid TSETMC Bank Maskan mortgage-facility certificates traded that day,Derived from standardized TSETMC instrument-day observations
2015-03-03,1393/12/12,1393,12,12,15,3434.0,36949.0,29801310073.0,806552.547376113,799835.4666666667,800029.0,791280.0,809631.0,all valid TSETMC Bank Maskan mortgage-facility certificates traded that day,Derived from standardized TSETMC instrument-day observations
2015-03-04,1393/12/13,1393,12,13,15,3674.0,42705.0,34781514198.0,814459.9976115209,805563.2666666667,808314.0,792680.0,816864.0,all valid TSETMC Bank Maskan mortgage-facility certificates traded that day,Derived from standardized TSETMC instrument-day observations
2015-03-07,1393/12/16,1393,12,16,15,3878.0,37778.0,30602861215.0,810070.9729207475,804829.2666666667,804104.0,797403.0,811917.0,all valid TSETMC Bank Maskan mortgage-facility certificates traded that day,Derived from standardized TSETMC instrument-day observations
2015-03-08,1393/12/17,1393,12,17,15,3518.0,37461.0,30509657538.0,814437.8830784016,810062.4,809687.0,802824.0,816027.0,all valid TSETMC Bank Maskan mortgage-facility certificates traded that day,Derived from standardized TSETMC instrument-day observations
2015-03-09,1393/12/18,1393,12,18,15,2461.0,27619.0,22870235787.0,828061.6889460154,825497.6666666666,824302.0,818654.0,836222.0,all valid TSETMC Bank Maskan mortgage-facility certificates traded that day,Derived from standardized TSETMC instrument-day observations
2015-03-10,1393/12/19,1393,12,19,15,3814.0,38449.0,31699213053.0,824448.3095269058,819163.7333333333,820602.0,812192.0,826157.0,all valid TSETMC Bank Maskan mortgage-facility certificates traded that day,Derived from standardized TSETMC instrument-day observations
2015-03-11,1393/12/20,1393,12,20,15,2774.0,27533.0,22526335113.0,818157.669451204,814585.1333333333,814171.0,810213.0,824942.0,all valid TSETMC Bank Maskan mortgage-facility certificates traded that day,Derived from standardized TSETMC instrument-day observations
2015-03-14,1393/12/23,1393,12,23,15,2553.0,23869.0,19396334397.0,812616.1295823035,806078.4,803912.0,798216.0,816382.0,all valid TSETMC Bank Maskan mortgage-facility certificates traded that day,Derived from standardized TSETMC instrument-day observations
2015-03-15,1393/12/24,1393,12,24,15,2240.0,22246.0,17768287853.0,798718.3247774881,792651.1333333333,792647.0,786601.0,802013.0,all valid TSETMC Bank Maskan mortgage-facility certificates traded that day,Derived from standardized TSETMC instrument-day observations
2015-03-16,1393/12/25,1393,12,25,15,1806.0,16986.0,13707471147.0,806986.4092193571,798623.8,799426.0,784299.0,811994.0,all valid TSETMC Bank Maskan mortgage-facility certificates traded that day,Derived from standardized TSETMC instrument-day observations
2015-03-17,1393/12/26,1393,12,26,15,1381.0,15682.0,12749447585.0,812998.8257237597,802471.8,801388.0,792659.0,818605.0,all valid TSETMC Bank Maskan mortgage-facility certificates traded that day,Derived from standardized TSETMC instrument-day observations
2015-03-18,1393/12/27,1393,12,27,16,1337.0,16620.0,13551404608.0,815367.3049338147,805989.625,805823.5,787153.0,822170.0,all valid TSETMC Bank Maskan mortgage-facility certificates traded that day,Derived from standardized TSETMC instrument-day observations
2015-03-25,1394/01/05,1394,1,5,16,1531.0,16222.0,12676122686.0,781415.5274318827,791495.0,792500.5,771456.0,822439.0,all valid TSETMC Bank Maskan mortgage-facility certificates traded that day,Derived from standardized TSETMC instrument-day observations
2015-03-28,1394/01/08,1394,1,8,16,2263.0,24736.0,19137635281.0,773675.4237144244,776364.75,776015.0,758500.0,805109.0,all valid TSETMC Bank Maskan mortgage-facility certificates traded that day,Derived from standardized TSETMC instrument-day observations
2015-03-29,1394/01/09,1394,1,9,16,2292.0,24212.0,19026287168.0,785820.5504708409,786301.625,785884.0,776909.0,800962.0,all valid TSETMC Bank Maskan mortgage-facility certificates traded that day,Derived from standardized TSETMC instrument-day observations
2015-03-30,1394/01/10,1394,1,10,16,2044.0,20004.0,15603901677.0,780039.076034793,771403.125,770963.0,758874.0,783517.0,all valid TSETMC Bank Maskan mortgage-facility certificates traded that day,Derived from standardized TSETMC instrument-day observations
2015-03-31,1394/01/11,1394,1,11,16,1704.0,18200.0,14165307020.0,778313.5725274725,771410.1875,770908.5,760580.0,779978.0,all valid TSETMC Bank Maskan mortgage-facility certificates traded that day,Derived from standardized TSETMC instrument-day observations
2015-04-04,1394/01/15,1394,1,15,16,2276.0,22309.0,16840632448.0,754880.6512169976,749924.1875,748917.5,735033.0,767000.0,all valid TSETMC Bank Maskan mortgage-facility certificates traded that day,Derived from standardized TSETMC instrument-day observations
2015-04-05,1394/01/16,1394,1,16,16,3003.0,30870.0,23139117370.0,749566.4842889537,741697.4375,742328.5,730613.0,751515.0,all valid TSETMC Bank Maskan mortgage-facility certificates traded that day,Derived from standardized TSETMC instrument-day observations
2015-04-06,1394/01/17,1394,1,17,16,2851.0,32999.0,24557396920.0,744186.0941240643,737968.125,738727.5,726657.0,745877.0,all valid TSETMC Bank Maskan mortgage-facility certificates traded that day,Derived from standardized TSETMC instrument-day observations
2015-04-07,1394/01/18,1394,1,18,16,3116.0,34855.0,26805612293.0,769060.7457466647,760923.125,761080.5,747986.0,771721.0,all valid TSETMC Bank Maskan mortgage-facility certificates traded that day,Derived from standardized TSETMC instrument-day observations
2015-04-08,1394/01/19,1394,1,19,16,3026.0,34258.0,27073536475.0,790283.6264522156,786308.8125,785400.5,778901.0,794647.0,all valid TSETMC Bank Maskan mortgage-facility certificates traded that day,Derived from standardized TSETMC instrument-day observations
2015-04-11,1394/01/22,1394,1,22,16,2893.0,30867.0,24454815686.0,792264.0906469693,784842.0,784738.5,769064.0,795134.0,all valid TSETMC Bank Maskan mortgage-facility certificates traded that day,Derived from standardized TSETMC instrument-day observations
2015-04-12,1394/01/23,1394,1,23,16,1990.0,25322.0,19778160230.0,781066.27557065,773486.5,777593.5,755947.0,788067.0,all valid TSETMC Bank Maskan mortgage-facility certificates traded that day,Derived from standardized TSETMC instrument-day observations
2015-04-13,1394/01/24,1394,1,24,16,358.0,7706.0,6211297559.0,806033.9422527901,800378.5,802700.0,776308.0,819750.0,all valid TSETMC Bank Maskan mortgage-facility certificates traded that day,Derived from standardized TSETMC instrument-day observations
2015-04-14,1394/01/25,1394,1,25,16,4420.0,49087.0,38427731125.0,782849.453521299,778712.8125,779954.5,760234.0,788795.0,all valid TSETMC Bank Maskan mortgage-facility certificates traded that day,Derived from standardized TSETMC instrument-day observations
2015-04-15,1394/01/26,1394,1,26,16,3251.0,36558.0,28531033839.0,780432.0214180207,773399.125,774746.5,746573.0,784549.0,all valid TSETMC Bank Maskan mortgage-facility certificates traded that day,Derived from standardized TSETMC instrument-day observations
2015-04-18,1394/01/29,1394,1,29,16,3470.0,32996.0,25339978145.0,767971.2130258213,756511.8125,756631.0,718366.0,774904.0,all valid TSETMC Bank Maskan mortgage-facility certificates traded that day,Derived from standardized TSETMC instrument-day observations
2015-04-19,1394/01/30,1394,1,30,16,2870.0,28780.0,21861229948.0,759597.982904795,749498.625,757299.0,682723.0,766290.0,all valid TSETMC Bank Maskan mortgage-facility certificates traded that day,Derived from standardized TSETMC instrument-day observations
2015-04-20,1394/01/31,1394,1,31,16,2593.0,28555.0,21416390308.0,750004.9136053231,740868.6875,750114.5,666665.0,760837.0,all valid TSETMC Bank Maskan mortgage-facility certificates traded that day,Derived from standardized TSETMC instrument-day observations
2015-04-21,1394/02/01,1394,2,1,16,2417.0,24053.0,18026154254.0,749434.7588242631,736724.1875,744189.0,636308.0,757364.0,all valid TSETMC Bank Maskan mortgage-facility certificates traded that day,Derived from standardized TSETMC instrument-day observations
2015-04-22,1394/02/02,1394,2,2,17,2458.0,23501.0,17305460873.0,736371.2553933875,726970.8823529412,738915.0,619137.0,757220.0,all valid TSETMC Bank Maskan mortgage-facility certificates traded that day,Derived from standardized TSETMC instrument-day observations
2015-04-25,1394/02/05,1394,2,5,17,4156.0,53261.0,37493588980.0,703959.5384990894,703996.1764705882,711007.0,605318.0,727741.0,all valid TSETMC Bank Maskan mortgage-facility certificates traded that day,Derived from standardized TSETMC instrument-day observations
2015-04-26,1394/02/06,1394,2,6,17,3734.0,42261.0,31184540115.0,737903.5071342372,730505.1764705882,739624.0,631607.0,747108.0,all valid TSETMC Bank Maskan mortgage-facility certificates traded that day,Derived from standardized TSETMC instrument-day observations
2015-04-27,1394/02/07,1394,2,7,17,4066.0,52436.0,39705249535.0,757213.5467045541,748610.5294117647,755903.0,661903.0,766192.0,all valid TSETMC Bank Maskan mortgage-facility certificates traded that day,Derived from standardized TSETMC instrument-day observations
2015-04-28,1394/02/08,1394,2,8,17,3297.0,40305.0,29470743201.0,731193.2316337923,724819.6470588235,732617.0,638650.0,737057.0,all valid TSETMC Bank Maskan mortgage-facility certificates traded that day,Derived from standardized TSETMC instrument-day observations
2015-04-29,1394/02/09,1394,2,9,17,3402.0,45056.0,32694071252.0,725631.9081143466,721614.4117647059,725954.0,653668.0,742673.0,all valid TSETMC Bank Maskan mortgage-facility certificates traded that day,Derived from standardized TSETMC instrument-day observations
2015-05-03,1394/02/13,1394,2,13,17,3940.0,51380.0,37114154973.0,722346.3404632153,716772.9411764706,719535.0,679389.0,729998.0,all valid TSETMC Bank Maskan mortgage-facility certificates traded that day,Derived from standardized TSETMC instrument-day observations
2015-05-04,1394/02/14,1394,2,14,17,3456.0,40603.0,29257474604.0,720574.2089008201,714496.4705882353,717823.0,681163.0,724050.0,all valid TSETMC Bank Maskan mortgage-facility certificates traded that day,Derived from standardized TSETMC instrument-day observations
2015-05-05,1394/02/15,1394,2,15,17,3405.0,45405.0,33039738066.0,727667.3949124545,725426.0,728975.0,697754.0,733119.0,all valid TSETMC Bank Maskan mortgage-facility certificates traded that day,Derived from standardized TSETMC instrument-day observations
2015-05-06,1394/02/16,1394,2,16,17,3554.0,44787.0,32561615085.0,727032.7346104897,722418.8823529412,724920.0,691548.0,731711.0,all valid TSETMC Bank Maskan mortgage-facility certificates traded that day,Derived from standardized TSETMC instrument-day observations
2015-05-09,1394/02/19,1394,2,19,17,4464.0,52360.0,37961435579.0,725008.3189266616,719615.0,720937.0,701118.0,730564.0,all valid TSETMC Bank Maskan mortgage-facility certificates traded that day,Derived from standardized TSETMC instrument-day observations
2015-05-10,1394/02/20,1394,2,20,17,3519.0,43638.0,31793910054.0,728583.1168706174,722744.4117647059,722553.0,702894.0,733364.0,all valid TSETMC Bank Maskan mortgage-facility certificates traded that day,Derived from standardized TSETMC instrument-day observations
2015-05-11,1394/02/21,1394,2,21,17,2906.0,43144.0,31587201483.0,732134.2824726497,727333.2352941176,727420.0,711317.0,738223.0,all valid TSETMC Bank Maskan mortgage-facility certificates traded that day,Derived from standardized TSETMC instrument-day observations
2015-05-12,1394/02/22,1394,2,22,17,3097.0,38767.0,28819547234.0,743404.1126215595,740843.4117647059,741152.0,728985.0,745251.0,all valid TSETMC Bank Maskan mortgage-facility certificates traded that day,Derived from standardized TSETMC instrument-day observations
2015-05-13,1394/02/23,1394,2,23,17,3353.0,45363.0,33667492608.0,742179.5870643476,741096.6470588235,741224.0,731675.0,748774.0,all valid TSETMC Bank Maskan mortgage-facility certificates traded that day,Derived from standardized TSETMC instrument-day observations
2015-05-17,1394/02/27,1394,2,27,17,3125.0,39622.0,29285064470.0,739111.2127101106,735474.7647058824,736401.0,722521.0,741665.0,all valid TSETMC Bank Maskan mortgage-facility certificates traded that day,Derived from standardized TSETMC instrument-day observations
2015-05-18,1394/02/28,1394,2,28,17,3009.0,37468.0,27625271022.0,737303.0591971816,734137.5294117647,735784.0,716418.0,740290.0,all valid TSETMC Bank Maskan mortgage-facility certificates traded that day,Derived from standardized TSETMC instrument-day observations
2015-05-19,1394/02/29,1394,2,29,17,2521.0,36811.0,27153496875.0,737646.2708157888,734538.4117647059,736391.0,715126.0,742289.0,all valid TSETMC Bank Maskan mortgage-facility certificates traded that day,Derived from standardized TSETMC instrument-day observations
2015-05-20,1394/02/30,1394,2,30,17,3321.0,47311.0,35480296452.0,749937.5716429583,747698.4705882353,747184.0,724322.0,768758.0,all valid TSETMC Bank Maskan mortgage-facility certificates traded that day,Derived from standardized TSETMC instrument-day observations
2015-05-23,1394/03/02,1394,3,2,17,3723.0,47193.0,35444785085.0,751060.2225965715,745930.8235294118,750163.0,697596.0,758182.0,all valid TSETMC Bank Maskan mortgage-facility certificates traded that day,Derived from standardized TSETMC instrument-day observations
2015-05-24,1394/03/03,1394,3,3,17,3390.0,37114.0,27811275480.0,749347.294282481,745331.5294117647,751093.0,673181.0,758089.0,all valid TSETMC Bank Maskan mortgage-facility certificates traded that day,Derived from standardized TSETMC instrument-day observations
2015-05-25,1394/03/04,1394,3,4,18,4391.0,64393.0,47135700367.0,732000.3784106969,740921.9444444445,747149.0,659302.0,757995.0,all valid TSETMC Bank Maskan mortgage-facility certificates traded that day,Derived from standardized TSETMC instrument-day observations
2015-05-26,1394/03/05,1394,3,5,18,4826.0,64882.0,47230077773.0,727938.0686939367,726842.7222222222,729188.0,657829.0,750953.0,all valid TSETMC Bank Maskan mortgage-facility certificates traded that day,Derived from standardized TSETMC instrument-day observations
2015-05-27,1394/03/06,1394,3,6,18,4236.0,58014.0,42313388114.0,729365.1207294791,727214.8333333334,728821.0,679179.0,738225.0,all valid TSETMC Bank Maskan mortgage-facility certificates traded that day,Derived from standardized TSETMC instrument-day observations
2015-05-30,1394/03/09,1394,3,9,18,4762.0,54944.0,40056640521.0,729044.8551434188,723828.7777777778,726969.5,693690.0,731697.0,all valid TSETMC Bank Maskan mortgage-facility certificates traded that day,Derived from standardized TSETMC instrument-day observations
2015-05-31,1394/03/10,1394,3,10,18,4009.0,50864.0,37136568447.0,730114.982050173,727346.6111111111,729200.0,702199.0,737107.0,all valid TSETMC Bank Maskan mortgage-facility certificates traded that day,Derived from standardized TSETMC instrument-day observations
2015-06-01,1394/03/11,1394,3,11,18,3393.0,46430.0,33733844851.0,726552.7643980185,721727.7777777778,723710.5,687234.0,733259.0,all valid TSETMC Bank Maskan mortgage-facility certificates traded that day,Derived from standardized TSETMC instrument-day observations
2015-06-02,1394/03/12,1394,3,12,18,3146.0,36872.0,26958601931.0,731140.2129257973,727252.6666666666,731424.5,687447.0,735894.0,all valid TSETMC Bank Maskan mortgage-facility certificates traded that day,Derived from standardized TSETMC instrument-day observations
2015-06-06,1394/03/16,1394,3,16,17,2658.0,38861.0,28572904602.0,735259.1184478011,731106.8823529412,729649.0,719116.0,737706.0,all valid TSETMC Bank Maskan mortgage-facility certificates traded that day,Derived from standardized TSETMC instrument-day observations
2015-06-07,1394/03/17,1394,3,17,17,3490.0,45466.0,33449721255.0,735708.4690757929,731106.8235294118,731127.0,718111.0,739970.0,all valid TSETMC Bank Maskan mortgage-facility certificates traded that day,Derived from standardized TSETMC instrument-day observations
2015-06-08,1394/03/18,1394,3,18,17,3304.0,41677.0,30749309444.0,737800.4521438683,732973.0,732799.0,718987.0,739866.0,all valid TSETMC Bank Maskan mortgage-facility certificates traded that day,Derived from standardized TSETMC instrument-day observations
2015-06-09,1394/03/19,1394,3,19,17,3003.0,36498.0,27196689139.0,745155.6013754178,740699.1764705882,740721.0,721753.0,747960.0,all valid TSETMC Bank Maskan mortgage-facility certificates traded that day,Derived from standardized TSETMC instrument-day observations
2015-06-10,1394/03/20,1394,3,20,17,3174.0,41892.0,31262023099.0,746252.8191301442,743013.5882352941,742395.0,735240.0,748367.0,all valid TSETMC Bank Maskan mortgage-facility certificates traded that day,Derived from standardized TSETMC instrument-day observations
2015-06-13,1394/03/23,1394,3,23,17,3926.0,47960.0,35795054353.0,746352.259236864,742236.7647058824,742696.0,728151.0,749949.0,all valid TSETMC Bank Maskan mortgage-facility certificates traded that day,Derived from standardized TSETMC instrument-day observations
2015-06-14,1394/03/24,1394,3,24,17,3387.0,45865.0,34315385006.0,748182.3832115993,744350.2941176471,744206.0,734566.0,749957.0,all valid TSETMC Bank Maskan mortgage-facility certificates traded that day,Derived from standardized TSETMC instrument-day observations
2015-06-15,1394/03/25,1394,3,25,17,3135.0,38429.0,28996559035.0,754548.8832652424,750490.9411764706,750020.0,738565.0,757476.0,all valid TSETMC Bank Maskan mortgage-facility certificates traded that day,Derived from standardized TSETMC instrument-day observations
2015-06-16,1394/03/26,1394,3,26,17,3111.0,40953.0,30946502042.0,755658.975948038,751684.7647058824,753045.0,741718.0,758189.0,all valid TSETMC Bank Maskan mortgage-facility certificates traded that day,Derived from standardized TSETMC instrument-day observations
2015-06-17,1394/03/27,1394,3,27,17,3367.0,44337.0,33451063694.0,754472.8712813226,749388.8823529412,749685.0,738200.0,758559.0,all valid TSETMC Bank Maskan mortgage-facility certificates traded that day,Derived from standardized TSETMC instrument-day observations
2015-06-20,1394/03/30,1394,3,30,17,3423.0,39851.0,29826427595.0,748448.661137738,743283.6470588235,743344.0,726036.0,754213.0,all valid TSETMC Bank Maskan mortgage-facility certificates traded that day,Derived from standardized TSETMC instrument-day observations
2015-06-21,1394/03/31,1394,3,31,17,3271.0,38749.0,29169145587.0,752771.570543756,746663.7647058824,747976.0,724948.0,758837.0,all valid TSETMC Bank Maskan mortgage-facility certificates traded that day,Derived from standardized TSETMC instrument-day observations
2015-06-22,1394/04/01,1394,4,1,18,3193.0,41685.0,31125582361.0,746685.435072568,742797.7222222222,745845.0,706220.0,757537.0,all valid TSETMC Bank Maskan mortgage-facility certificates traded that day,Derived from standardized TSETMC instrument-day observations
2015-06-23,1394/04/02,1394,4,2,18,4132.0,57591.0,41829876934.0,726326.6297511765,726823.8888888889,726717.0,712303.0,742335.0,all valid TSETMC Bank Maskan mortgage-facility certificates traded that day,Derived from standardized TSETMC instrument-day observations
2015-06-24,1394/04/03,1394,4,3,18,5695.0,67031.0,48384488261.0,721822.5636048992,718246.3888888889,717834.0,707249.0,725238.0,all valid TSETMC Bank Maskan mortgage-facility certificates traded that day,Derived from standardized TSETMC instrument-day observations
2015-06-27,1394/04/06,1394,4,6,18,6574.0,69340.0,49854455256.0,718985.5098932795,716228.9444444445,716785.0,698140.0,727408.0,all valid TSETMC Bank Maskan mortgage-facility certificates traded that day,Derived from standardized TSETMC instrument-day observations
2015-06-28,1394/04/07,1394,4,7,18,4710.0,55504.0,39995604382.0,720589.586011819,716855.1111111111,718633.0,687494.0,723405.0,all valid TSETMC Bank Maskan mortgage-facility certificates traded that day,Derived from standardized TSETMC instrument-day observations
2015-06-29,1394/04/08,1394,4,8,18,4638.0,54112.0,39046813464.0,721592.5019219397,717010.9444444445,717476.5,684919.0,727610.0,all valid TSETMC Bank Maskan mortgage-facility certificates traded that day,Derived from standardized TSETMC instrument-day observations
2015-06-30,1394/04/09,1394,4,9,18,4172.0,50763.0,36183355730.0,712789.9401138625,705065.8888888889,705885.5,674874.0,723613.0,all valid TSETMC Bank Maskan mortgage-facility certificates traded that day,Derived from standardized TSETMC instrument-day observations
2015-07-01,1394/04/10,1394,4,10,18,4151.0,48664.0,35365144096.0,726720.8633897748,720299.4444444445,720133.5,684385.0,730785.0,all valid TSETMC Bank Maskan mortgage-facility certificates traded that day,Derived from standardized TSETMC instrument-day observations
2015-07-04,1394/04/13,1394,4,13,18,5313.0,61218.0,44489934432.0,726745.9641281976,720978.8333333334,724671.5,675503.0,730198.0,all valid TSETMC Bank Maskan mortgage-facility certificates traded that day,Derived from standardized TSETMC instrument-day observations
2015-07-05,1394/04/14,1394,4,14,18,4242.0,44235.0,32447208558.0,733518.9003730078,729155.9444444445,731570.5,692328.0,737990.0,all valid TSETMC Bank Maskan mortgage-facility certificates traded that day,Derived from standardized TSETMC instrument-day observations
2015-07-06,1394/04/15,1394,4,15,18,3122.0,39527.0,29414687313.0,744166.9570926202,739453.2777777778,740636.5,703640.0,748198.0,all valid TSETMC Bank Maskan mortgage-facility certificates traded that day,Derived from standardized TSETMC instrument-day observations
2015-07-07,1394/04/16,1394,4,16,17,4534.0,61246.0,45742657147.0,746867.6672272475,743954.9411764706,744462.0,739745.0,748976.0,all valid TSETMC Bank Maskan mortgage-facility certificates traded that day,Derived from standardized TSETMC instrument-day observations
2015-07-11,1394/04/20,1394,4,20,17,4147.0,49968.0,36975507374.0,739983.7370717259,736620.4117647059,737520.0,728262.0,743261.0,all valid TSETMC Bank Maskan mortgage-facility certificates traded that day,Derived from standardized TSETMC instrument-day observations
2015-07-12,1394/04/21,1394,4,21,17,2456.0,34469.0,25854231949.0,750072.0052510952,747509.1176470588,748328.0,739481.0,753964.0,all valid TSETMC Bank Maskan mortgage-facility certificates traded that day,Derived from standardized TSETMC instrument-day observations
2015-07-13,1394/04/22,1394,4,22,17,4884.0,61739.0,46155305743.0,747587.5175010933,745466.9411764706,745812.0,741199.0,749147.0,all valid TSETMC Bank Maskan mortgage-facility certificates traded that day,Derived from standardized TSETMC instrument-day observations
2015-07-14,1394/04/23,1394,4,23,17,3609.0,43832.0,32796722623.0,748236.9643867494,746168.7647058824,745911.0,739147.0,752234.0,all valid TSETMC Bank Maskan mortgage-facility certificates traded that day,Derived from standardized TSETMC instrument-day observations
2015-07-15,1394/04/24,1394,4,24,17,3430.0,40375.0,30144349828.0,746609.2836656347,743174.5882352941,743965.0,733655.0,749506.0,all valid TSETMC Bank Maskan mortgage-facility certificates traded that day,Derived from standardized TSETMC instrument-day observations
2015-07-20,1394/04/29,1394,4,29,17,2956.0,32611.0,24093072779.0,738802.0232130262,732218.6470588235,733982.0,710068.0,747625.0,all valid TSETMC Bank Maskan mortgage-facility certificates traded that day,Derived from standardized TSETMC instrument-day observations
2015-07-21,1394/04/30,1394,4,30,17,2545.0,31021.0,22757987000.0,733631.6366332484,728832.9411764706,730566.0,692865.0,742338.0,all valid TSETMC Bank Maskan mortgage-facility certificates traded that day,Derived from standardized TSETMC instrument-day observations
2015-07-22,1394/04/31,1394,4,31,17,3058.0,33586.0,24463691651.0,728389.5566902877,722806.8823529412,725326.0,670420.0,737749.0,all valid TSETMC Bank Maskan mortgage-facility certificates traded that day,Derived from standardized TSETMC instrument-day observations
2015-07-25,1394/05/03,1394,5,3,17,3307.0,32187.0,23262356934.0,722725.2286326778,715366.4705882353,716757.0,666928.0,735094.0,all valid TSETMC Bank Maskan mortgage-facility certificates traded that day,Derived from standardized TSETMC instrument-day observations
2015-07-26,1394/05/04,1394,5,4,18,3501.0,41737.0,30276161409.0,725403.3928888037,719047.7222222222,717584.0,690243.0,737742.0,all valid TSETMC Bank Maskan mortgage-facility certificates traded that day,Derived from standardized TSETMC instrument-day observations
2015-07-27,1394/05/05,1394,5,5,18,5180.0,78739.0,56935212137.0,723087.8235309059,722372.1111111111,721863.0,705203.0,737039.0,all valid TSETMC Bank Maskan mortgage-facility certificates traded that day,Derived from standardized TSETMC instrument-day observations
2015-07-28,1394/05/06,1394,5,6,18,4392.0,63506.0,46089606509.0,725751.9999527604,724360.2222222222,724753.0,710880.0,733855.0,all valid TSETMC Bank Maskan mortgage-facility certificates traded that day,Derived from standardized TSETMC instrument-day observations
2015-07-29,1394/05/07,1394,5,7,18,3999.0,59955.0,43686953885.0,728662.3948794929,726004.7222222222,726898.5,704359.0,734280.0,all valid TSETMC Bank Maskan mortgage-facility certificates traded that day,Derived from standardized TSETMC instrument-day observations
2015-08-01,1394/05/10,1394,5,10,18,4458.0,50248.0,36380493486.0,724018.7367855437,720482.7777777778,723144.5,675730.0,728210.0,all valid TSETMC Bank Maskan mortgage-facility certificates traded that day,Derived from standardized TSETMC instrument-day observations
2015-08-02,1394/05/11,1394,5,11,18,4782.0,55472.0,40444486874.0,729097.3261104701,724754.0555555555,729945.0,660599.0,734118.0,all valid TSETMC Bank Maskan mortgage-facility certificates traded that day,Derived from standardized TSETMC instrument-day observations
2015-08-03,1394/05/12,1394,5,12,18,5225.0,54185.0,39563832355.0,730162.0809264557,727039.5,729845.0,684706.0,733533.0,all valid TSETMC Bank Maskan mortgage-facility certificates traded that day,Derived from standardized TSETMC instrument-day observations
2015-08-04,1394/05/13,1394,5,13,18,4972.0,60365.0,44293676727.0,733764.2131533173,730729.8888888889,732352.5,708011.0,736395.0,all valid TSETMC Bank Maskan mortgage-facility certificates traded that day,Derived from standardized TSETMC instrument-day observations
2015-08-05,1394/05/14,1394,5,14,18,4815.0,51599.0,37720927698.0,731039.8980212795,728709.6666666666,730351.5,702784.0,733203.0,all valid TSETMC Bank Maskan mortgage-facility certificates traded that day,Derived from standardized TSETMC instrument-day observations
2015-08-08,1394/05/17,1394,5,17,17,4957.0,53386.0,38918816754.0,729007.9188176675,726135.9411764706,726393.0,721036.0,730759.0,all valid TSETMC Bank Maskan mortgage-facility certificates traded that day,Derived from standardized TSETMC instrument-day observations
2015-08-09,1394/05/18,1394,5,18,17,4173.0,44790.0,32606676658.0,727990.1017637865,726033.5882352941,726119.0,722050.0,729200.0,all valid TSETMC Bank Maskan mortgage-facility certificates traded that day,Derived from standardized TSETMC instrument-day observations
2015-08-10,1394/05/19,1394,5,19,17,3470.0,40663.0,29726914278.0,731055.6102107567,728072.1176470588,728989.0,718524.0,733262.0,all valid TSETMC Bank Maskan mortgage-facility certificates traded that day,Derived from standardized TSETMC instrument-day observations
2015-08-12,1394/05/21,1394,5,21,17,3215.0,35587.0,25893349331.0,727606.9725180543,724545.2941176471,724509.0,718797.0,729470.0,all valid TSETMC Bank Maskan mortgage-facility certificates traded that day,Derived from standardized TSETMC instrument-day observations
2015-08-15,1394/05/24,1394,5,24,17,3784.0,36028.0,26124908760.0,725127.9216165205,721808.7058823529,723246.0,704182.0,728292.0,all valid TSETMC Bank Maskan mortgage-facility certificates traded that day,Derived from standardized TSETMC instrument-day observations
2015-08-16,1394/05/25,1394,5,25,17,4481.0,60281.0,43952740760.0,729130.9162090875,725059.2352941176,727905.0,701998.0,731541.0,all valid TSETMC Bank Maskan mortgage-facility certificates traded that day,Derived from standardized TSETMC instrument-day observations
2015-08-17,1394/05/26,1394,5,26,17,3993.0,48942.0,35927409971.0,734081.3610191655,730887.5882352941,732245.0,718801.0,737026.0,all valid TSETMC Bank Maskan mortgage-facility certificates traded that day,Derived from standardized TSETMC instrument-day observations
2015-08-18,1394/05/27,1394,5,27,17,3408.0,45355.0,33193150887.0,731852.0755594752,728166.0588235294,728483.0,719899.0,734665.0,all valid TSETMC Bank Maskan mortgage-facility certificates traded that day,Derived from standardized TSETMC instrument-day observations
2015-08-19,1394/05/28,1394,5,28,17,3203.0,42606.0,31046054802.0,728677.9984509224,725326.0,724930.0,712683.0,732067.0,all valid TSETMC Bank Maskan mortgage-facility certificates traded that day,Derived from standardized TSETMC instrument-day observations
2015-08-22,1394/05/31,1394,5,31,17,3568.0,39222.0,28465608364.0,725756.1665391872,719676.8823529412,719934.0,707646.0,729718.0,all valid TSETMC Bank Maskan mortgage-facility certificates traded that day,Derived from standardized TSETMC instrument-day observations
2015-08-23,1394/06/01,1394,6,1,17,2824.0,33340.0,24081285447.0,722294.1045890822,715444.5294117647,712505.0,704338.0,728818.0,all valid TSETMC Bank Maskan mortgage-facility certificates traded that day,Derived from standardized TSETMC instrument-day observations
2015-08-24,1394/06/02,1394,6,2,18,3424.0,41620.0,29919061297.0,718862.5972369054,714456.7222222222,713422.0,699100.0,728316.0,all valid TSETMC Bank Maskan mortgage-facility certificates traded that day,Derived from standardized TSETMC instrument-day observations
2015-08-25,1394/06/03,1394,6,3,18,3726.0,47950.0,33826994202.0,705463.9041084463,702545.4444444445,701093.0,695326.0,712817.0,all valid TSETMC Bank Maskan mortgage-facility certificates traded that day,Derived from standardized TSETMC instrument-day observations
2015-08-26,1394/06/04,1394,6,4,18,3686.0,46878.0,33445908069.0,713467.0435812108,711443.5555555555,710773.0,702247.0,722531.0,all valid TSETMC Bank Maskan mortgage-facility certificates traded that day,Derived from standardized TSETMC instrument-day observations
2015-08-29,1394/06/07,1394,6,7,18,4497.0,64340.0,45587836453.0,708545.7950419645,705978.5555555555,707177.0,698422.0,711907.0,all valid TSETMC Bank Maskan mortgage-facility certificates traded that day,Derived from standardized TSETMC instrument-day observations
2015-08-30,1394/06/08,1394,6,8,18,5246.0,52368.0,37064305748.0,707766.3028567064,705438.5,705698.0,697688.0,711682.0,all valid TSETMC Bank Maskan mortgage-facility certificates traded that day,Derived from standardized TSETMC instrument-day observations
2015-08-31,1394/06/09,1394,6,9,18,5504.0,54050.0,38323442558.0,709036.8650878816,706100.4444444445,707555.0,697062.0,710636.0,all valid TSETMC Bank Maskan mortgage-facility certificates traded that day,Derived from standardized TSETMC instrument-day observations
2015-09-01,1394/06/10,1394,6,10,18,4154.0,38145.0,26883297238.0,704765.9519727356,701181.5,701416.0,688158.0,706905.0,all valid TSETMC Bank Maskan mortgage-facility certificates traded that day,Derived from standardized TSETMC instrument-day observations
2015-09-02,1394/06/11,1394,6,11,18,4323.0,44512.0,31217630501.0,701330.6636637311,696995.0,700453.5,662253.0,704883.0,all valid TSETMC Bank Maskan mortgage-facility certificates traded that day,Derived from standardized TSETMC instrument-day observations
2015-09-05,1394/06/14,1394,6,14,18,4201.0,37970.0,26503997097.0,698024.6799315249,692412.2222222222,696634.0,638313.0,703559.0,all valid TSETMC Bank Maskan mortgage-facility certificates traded that day,Derived from standardized TSETMC instrument-day observations
2015-09-06,1394/06/15,1394,6,15,18,3461.0,43150.0,29649304731.0,687121.7782387022,673802.0555555555,677761.0,606543.0,698488.0,all valid TSETMC Bank Maskan mortgage-facility certificates traded that day,Derived from standardized TSETMC instrument-day observations
2015-09-07,1394/06/16,1394,6,16,17,3404.0,39775.0,27933572226.0,702289.6851288498,696501.9411764706,698546.0,672063.0,704904.0,all valid TSETMC Bank Maskan mortgage-facility certificates traded that day,Derived from standardized TSETMC instrument-day observations
2015-09-08,1394/06/17,1394,6,17,17,3455.0,39035.0,27799270016.0,712162.6749327526,708871.2941176471,709052.0,699507.0,714160.0,all valid TSETMC Bank Maskan mortgage-facility certificates traded that day,Derived from standardized TSETMC instrument-day observations
2015-09-09,1394/06/18,1394,6,18,17,497.0,10136.0,7416031512.0,731652.6748224151,728208.0588235294,730000.0,710294.0,737741.0,all valid TSETMC Bank Maskan mortgage-facility certificates traded that day,Derived from standardized TSETMC instrument-day observations
2015-09-12,1394/06/21,1394,6,21,17,4877.0,60900.0,43658723399.0,716892.0098357964,712381.8823529412,711715.0,699811.0,719912.0,all valid TSETMC Bank Maskan mortgage-facility certificates traded that day,Derived from standardized TSETMC instrument-day observations
2015-09-13,1394/06/22,1394,6,22,17,4511.0,54562.0,38745224267.0,710113.7104028445,705914.0588235294,705922.0,699822.0,714026.0,all valid TSETMC Bank Maskan mortgage-facility certificates traded that day,Derived from standardized TSETMC instrument-day observations
2015-09-14,1394/06/23,1394,6,23,17,4085.0,44959.0,31723807843.0,705616.402566783,700166.1176470588,699797.0,687986.0,712616.0,all valid TSETMC Bank Maskan mortgage-facility certificates traded that day,Derived from standardized TSETMC instrument-day observations
2015-09-15,1394/06/24,1394,6,24,17,3267.0,33532.0,23685761912.0,706362.9342717404,701302.6470588235,702365.0,678754.0,710635.0,all valid TSETMC Bank Maskan mortgage-facility certificates traded that day,Derived from standardized TSETMC instrument-day observations
2015-09-16,1394/06/25,1394,6,25,17,3080.0,35282.0,24833295464.0,703851.6938949039,697280.4705882353,698490.0,666666.0,708806.0,all valid TSETMC Bank Maskan mortgage-facility certificates traded that day,Derived from standardized TSETMC instrument-day observations
2015-09-19,1394/06/28,1394,6,28,17,3721.0,37975.0,26624006165.0,701092.9865701119,695586.6470588235,696724.0,667042.0,706899.0,all valid TSETMC Bank Maskan mortgage-facility certificates traded that day,Derived from standardized TSETMC instrument-day observations
2015-09-20,1394/06/29,1394,6,29,17,2829.0,33636.0,23337861915.0,693835.8281305744,686402.8235294118,687629.0,646343.0,702703.0,all valid TSETMC Bank Maskan mortgage-facility certificates traded that day,Derived from standardized TSETMC instrument-day observations
2015-09-21,1394/06/30,1394,6,30,17,2963.0,36205.0,25095098781.0,693139.0355199558,686249.8235294118,690077.0,621447.0,699797.0,all valid TSETMC Bank Maskan mortgage-facility certificates traded that day,Derived from standardized TSETMC instrument-day observations
2015-09-22,1394/06/31,1394,6,31,17,2132.0,27875.0,19226737838.0,689748.4426188341,684035.5882352941,687943.0,628014.0,701110.0,all valid TSETMC Bank Maskan mortgage-facility certificates traded that day,Derived from standardized TSETMC instrument-day observations
2015-09-23,1394/07/01,1394,7,1,17,3080.0,36440.0,25341290732.0,695425.1024149286,687111.1176470588,687917.0,634659.0,701330.0,all valid TSETMC Bank Maskan mortgage-facility certificates traded that day,Derived from standardized TSETMC instrument-day observations
2015-09-26,1394/07/04,1394,7,4,17,2702.0,27068.0,18869766007.0,697124.5015147037,692472.0588235294,696887.0,628115.0,705035.0,all valid TSETMC Bank Maskan mortgage-facility certificates traded that day,Derived from standardized TSETMC instrument-day observations
2015-09-27,1394/07/05,1394,7,5,17,2919.0,34889.0,24565635593.0,704108.3319384333,698403.3529411765,702487.0,646433.0,709883.0,all valid TSETMC Bank Maskan mortgage-facility certificates traded that day,Derived from standardized TSETMC instrument-day observations
2015-09-28,1394/07/06,1394,7,6,17,2769.0,32284.0,22822386909.0,706925.6259757156,700283.6470588235,701860.0,670956.0,714242.0,all valid TSETMC Bank Maskan mortgage-facility certificates traded that day,Derived from standardized TSETMC instrument-day observations
2015-09-29,1394/07/07,1394,7,7,17,2931.0,34545.0,24537614531.0,710308.7141699233,705618.7058823529,708090.0,660013.0,717155.0,all valid TSETMC Bank Maskan mortgage-facility certificates traded that day,Derived from standardized TSETMC instrument-day observations
2015-09-30,1394/07/08,1394,7,8,17,6144.0,42543.0,29233796702.0,687158.7970288884,680225.6470588235,682146.0,633429.0,704593.0,all valid TSETMC Bank Maskan mortgage-facility certificates traded that day,Derived from standardized TSETMC instrument-day observations
2015-10-03,1394/07/11,1394,7,11,17,6876.0,43878.0,29626119716.0,675193.0287615662,661870.7647058824,660454.0,601758.0,699580.0,all valid TSETMC Bank Maskan mortgage-facility certificates traded that day,Derived from standardized TSETMC instrument-day observations
2015-10-04,1394/07/12,1394,7,12,17,6831.0,45685.0,29916432480.0,654841.4683156396,636995.0588235294,629870.0,571671.0,700682.0,all valid TSETMC Bank Maskan mortgage-facility certificates traded that day,Derived from standardized TSETMC instrument-day observations
2015-10-05,1394/07/13,1394,7,13,17,7286.0,46410.0,30609351340.0,659542.1534152123,652989.3529411765,653194.0,552396.0,711559.0,all valid TSETMC Bank Maskan mortgage-facility certificates traded that day,Derived from standardized TSETMC instrument-day observations
2015-10-06,1394/07/14,1394,7,14,17,5498.0,38381.0,26447941484.0,689089.4318543029,677125.8823529412,682976.0,569393.0,714511.0,all valid TSETMC Bank Maskan mortgage-facility certificates traded that day,Derived from standardized TSETMC instrument-day observations
2015-10-07,1394/07/15,1394,7,15,17,4539.0,29509.0,20285324874.0,687428.4074011318,680179.3529411765,680793.0,590079.0,707296.0,all valid TSETMC Bank Maskan mortgage-facility certificates traded that day,Derived from standardized TSETMC instrument-day observations
2015-10-10,1394/07/18,1394,7,18,17,4471.0,42361.0,28803179736.0,679945.6985434716,675063.1176470588,672535.0,664386.0,693212.0,all valid TSETMC Bank Maskan mortgage-facility certificates traded that day,Derived from standardized TSETMC instrument-day observations
2015-10-11,1394/07/19,1394,7,19,17,3277.0,36772.0,23928891879.0,650736.7529370172,652617.5882352941,649522.0,642475.0,666713.0,all valid TSETMC Bank Maskan mortgage-facility certificates traded that day,Derived from standardized TSETMC instrument-day observations
2015-10-12,1394/07/20,1394,7,20,17,3801.0,39082.0,25139727199.0,643255.9029476485,642331.2352941176,641860.0,634298.0,657956.0,all valid TSETMC Bank Maskan mortgage-facility certificates traded that day,Derived from standardized TSETMC instrument-day observations
2015-10-13,1394/07/21,1394,7,21,17,2747.0,32406.0,20314360497.0,626870.3479911127,621835.3529411765,621680.0,612529.0,630386.0,all valid TSETMC Bank Maskan mortgage-facility certificates traded that day,Derived from standardized TSETMC instrument-day observations
2015-10-14,1394/07/22,1394,7,22,17,3526.0,47716.0,29877198606.0,626146.3367843071,620099.1764705882,621730.0,607404.0,633192.0,all valid TSETMC Bank Maskan mortgage-facility certificates traded that day,Derived from standardized TSETMC instrument-day observations
2015-10-17,1394/07/25,1394,7,25,17,4022.0,49588.0,31935610400.0,644018.9239332096,639143.2352941176,638476.0,629307.0,648047.0,all valid TSETMC Bank Maskan mortgage-facility certificates traded that day,Derived from standardized TSETMC instrument-day observations
2015-10-18,1394/07/26,1394,7,26,17,3517.0,44887.0,29558588266.0,658511.1115913293,655263.5882352941,655032.0,650308.0,660803.0,all valid TSETMC Bank Maskan mortgage-facility certificates traded that day,Derived from standardized TSETMC instrument-day observations
2015-10-19,1394/07/27,1394,7,27,17,2869.0,32767.0,22428396048.0,684481.217322306,681821.0588235294,682207.0,676556.0,686389.0,all valid TSETMC Bank Maskan mortgage-facility certificates traded that day,Derived from standardized TSETMC instrument-day observations
2015-10-20,1394/07/28,1394,7,28,17,2967.0,39112.0,26767430879.0,684378.9854520352,681255.8235294118,681063.0,673094.0,686093.0,all valid TSETMC Bank Maskan mortgage-facility certificates traded that day,Derived from standardized TSETMC instrument-day observations
2015-10-21,1394/07/29,1394,7,29,17,3010.0,44389.0,30559618697.0,688450.262384825,688302.4705882353,687637.0,680496.0,701132.0,all valid TSETMC Bank Maskan mortgage-facility certificates traded that day,Derived from standardized TSETMC instrument-day observations
2015-10-25,1394/08/03,1394,8,3,17,1517.0,18110.0,12629128210.0,697356.6101601325,696019.4705882353,696314.0,689274.0,709118.0,all valid TSETMC Bank Maskan mortgage-facility certificates traded that day,Derived from standardized TSETMC instrument-day observations
2015-10-26,1394/08/04,1394,8,4,18,3450.0,48060.0,32993063311.0,686497.3639409072,685493.5,685206.0,665759.0,695460.0,all valid TSETMC Bank Maskan mortgage-facility certificates traded that day,Derived from standardized TSETMC instrument-day observations
2015-10-27,1394/08/05,1394,8,5,18,3686.0,51919.0,34294090920.0,660530.6519771182,662390.1666666666,662509.0,651871.0,676438.0,all valid TSETMC Bank Maskan mortgage-facility certificates traded that day,Derived from standardized TSETMC instrument-day observations
2015-10-28,1394/08/06,1394,8,6,18,3498.0,41283.0,28060640780.0,679714.1869534675,677153.7777777778,678114.0,668948.0,684339.0,all valid TSETMC Bank Maskan mortgage-facility certificates traded that day,Derived from standardized TSETMC instrument-day observations
2015-10-31,1394/08/09,1394,8,9,18,4177.0,51975.0,35325345048.0,679660.3183838384,678795.7222222222,679265.0,672726.0,682638.0,all valid TSETMC Bank Maskan mortgage-facility certificates traded that day,Derived from standardized TSETMC instrument-day observations
2015-11-01,1394/08/10,1394,8,10,18,3065.0,38636.0,26090461211.0,675288.881121234,673225.2222222222,673975.0,666415.0,677075.0,all valid TSETMC Bank Maskan mortgage-facility certificates traded that day,Derived from standardized TSETMC instrument-day observations
2015-11-02,1394/08/11,1394,8,11,18,3124.0,37817.0,25572164509.0,676208.1738107201,672628.6666666666,673436.0,665966.0,679753.0,all valid TSETMC Bank Maskan mortgage-facility certificates traded that day,Derived from standardized TSETMC instrument-day observations
2015-11-03,1394/08/12,1394,8,12,18,2668.0,31792.0,21607656659.0,679657.0413626069,677177.2222222222,677949.0,670532.0,681361.0,all valid TSETMC Bank Maskan mortgage-facility certificates traded that day,Derived from standardized TSETMC instrument-day observations
2015-11-04,1394/08/13,1394,8,13,18,2744.0,35488.0,24182774674.0,681435.2647091975,678420.2777777778,679313.5,672071.0,682973.0,all valid TSETMC Bank Maskan mortgage-facility certificates traded that day,Derived from standardized TSETMC instrument-day observations
2015-11-07,1394/08/16,1394,8,16,18,3226.0,39810.0,27364882787.0,687387.158678724,684352.8333333334,684651.5,678061.0,689318.0,all valid TSETMC Bank Maskan mortgage-facility certificates traded that day,Derived from standardized TSETMC instrument-day observations
2015-11-08,1394/08/17,1394,8,17,18,3282.0,37876.0,26275578924.0,693726.3418523603,691564.0,692026.0,685583.0,696211.0,all valid TSETMC Bank Maskan mortgage-facility certificates traded that day,Derived from standardized TSETMC instrument-day observations
2015-11-09,1394/08/18,1394,8,18,18,2603.0,34472.0,23836368072.0,691470.4128568113,689155.1666666666,688628.0,684457.0,693048.0,all valid TSETMC Bank Maskan mortgage-facility certificates traded that day,Derived from standardized TSETMC instrument-day observations
2015-11-10,1394/08/19,1394,8,19,18,2563.0,34905.0,24183207911.0,692829.3342214583,690508.7777777778,690881.5,683457.0,694653.0,all valid TSETMC Bank Maskan mortgage-facility certificates traded that day,Derived from standardized TSETMC instrument-day observations
2015-11-11,1394/08/20,1394,8,20,18,2683.0,38090.0,26399081634.0,693071.1901811499,690660.5,691439.5,684835.0,694753.0,all valid TSETMC Bank Maskan mortgage-facility certificates traded that day,Derived from standardized TSETMC instrument-day observations
2015-11-14,1394/08/23,1394,8,23,18,1302.0,21336.0,14800147149.0,693670.1888357705,693185.1666666666,693331.0,689297.0,698610.0,all valid TSETMC Bank Maskan mortgage-facility certificates traded that day,Derived from standardized TSETMC instrument-day observations
2015-11-15,1394/08/24,1394,8,24,18,3706.0,56618.0,39421936936.0,696279.2210251157,693867.5555555555,693991.0,689745.0,697874.0,all valid TSETMC Bank Maskan mortgage-facility certificates traded that day,Derived from standardized TSETMC instrument-day observations
2015-11-16,1394/08/25,1394,8,25,18,2681.0,38338.0,26685701810.0,696064.004642913,693209.0555555555,693379.5,686567.0,698232.0,all valid TSETMC Bank Maskan mortgage-facility certificates traded that day,Derived from standardized TSETMC instrument-day observations
2015-11-17,1394/08/26,1394,8,26,18,2426.0,34752.0,24235018712.0,697370.4739871087,695316.4444444445,696272.5,691420.0,698907.0,all valid TSETMC Bank Maskan mortgage-facility certificates traded that day,Derived from standardized TSETMC instrument-day observations
2015-11-18,1394/08/27,1394,8,27,18,2233.0,30966.0,21536488054.0,695488.2146224892,692360.5,691998.5,688889.0,699753.0,all valid TSETMC Bank Maskan mortgage-facility certificates traded that day,Derived from standardized TSETMC instrument-day observations
2015-11-21,1394/08/30,1394,8,30,18,2985.0,40288.0,28209387191.0,700193.2881006751,697798.0555555555,696946.0,693377.0,705229.0,all valid TSETMC Bank Maskan mortgage-facility certificates traded that day,Derived from standardized TSETMC instrument-day observations
2015-11-22,1394/09/01,1394,9,1,18,2627.0,30644.0,21478953024.0,700918.7124396292,697661.8333333334,697789.0,690725.0,706146.0,all valid TSETMC Bank Maskan mortgage-facility certificates traded that day,Derived from standardized TSETMC instrument-day observations
2015-11-23,1394/09/02,1394,9,2,18,2706.0,35713.0,25325189562.0,709130.836446112,705901.8888888889,705765.0,694162.0,713380.0,all valid TSETMC Bank Maskan mortgage-facility certificates traded that day,Derived from standardized TSETMC instrument-day observations
2015-11-24,1394/09/03,1394,9,3,18,3040.0,36001.0,25966017183.0,721258.2201327741,718523.1111111111,718812.5,709019.0,727478.0,all valid TSETMC Bank Maskan mortgage-facility certificates traded that day,Derived from standardized TSETMC instrument-day observations
2015-11-25,1394/09/04,1394,9,4,18,3309.0,37549.0,27513511042.0,732736.1858371728,729859.8888888889,729790.5,722701.0,741133.0,all valid TSETMC Bank Maskan mortgage-facility certificates traded that day,Derived from standardized TSETMC instrument-day observations
2015-11-28,1394/09/07,1394,9,7,18,3036.0,31672.0,23131577168.0,730347.8519828239,726490.8333333334,725092.0,705636.0,744247.0,all valid TSETMC Bank Maskan mortgage-facility certificates traded that day,Derived from standardized TSETMC instrument-day observations
2015-11-29,1394/09/08,1394,9,8,18,2715.0,29409.0,21718392640.0,738494.7682682172,734869.8333333334,736135.5,715935.0,746197.0,all valid TSETMC Bank Maskan mortgage-facility certificates traded that day,Derived from standardized TSETMC instrument-day observations
2015-11-30,1394/09/09,1394,9,9,18,2457.0,24379.0,18315051432.0,751263.441158374,748628.5,748438.0,737040.0,759273.0,all valid TSETMC Bank Maskan mortgage-facility certificates traded that day,Derived from standardized TSETMC instrument-day observations
2015-12-01,1394/09/10,1394,9,10,18,1206.0,8449.0,6053411341.0,716464.8290922003,714744.5555555555,714753.5,701299.0,727222.0,all valid TSETMC Bank Maskan mortgage-facility certificates traded that day,Derived from standardized TSETMC instrument-day observations
2015-12-05,1394/09/14,1394,9,14,18,1721.0,11457.0,7840606804.0,684350.7728026534,684411.7222222222,683974.0,675778.0,692860.0,all valid TSETMC Bank Maskan mortgage-facility certificates traded that day,Derived from standardized TSETMC instrument-day observations
2015-12-06,1394/09/15,1394,9,15,18,2374.0,20238.0,13902438129.0,686947.2343611029,686182.2222222222,686655.5,674009.0,693151.0,all valid TSETMC Bank Maskan mortgage-facility certificates traded that day,Derived from standardized TSETMC instrument-day observations
2015-12-07,1394/09/16,1394,9,16,18,1731.0,13879.0,9616585898.0,692887.5205706463,692615.8333333334,692900.5,687604.0,699816.0,all valid TSETMC Bank Maskan mortgage-facility certificates traded that day,Derived from standardized TSETMC instrument-day observations
2015-12-08,1394/09/17,1394,9,17,18,1920.0,15229.0,10584275325.0,695007.9010440607,694635.0555555555,694843.0,691116.0,699317.0,all valid TSETMC Bank Maskan mortgage-facility certificates traded that day,Derived from standardized TSETMC instrument-day observations
2015-12-09,1394/09/18,1394,9,18,18,1614.0,15813.0,11043356558.0,698372.0077151711,698570.5555555555,698811.0,693235.0,701370.0,all valid TSETMC Bank Maskan mortgage-facility certificates traded that day,Derived from standardized TSETMC instrument-day observations
2015-12-13,1394/09/22,1394,9,22,18,1753.0,16356.0,11669391536.0,713462.4318904377,712202.0,713464.0,704215.0,716759.0,all valid TSETMC Bank Maskan mortgage-facility certificates traded that day,Derived from standardized TSETMC instrument-day observations
2015-12-14,1394/09/23,1394,9,23,18,2014.0,18776.0,13480369180.0,717957.4552620366,717592.7777777778,717655.5,713090.0,723037.0,all valid TSETMC Bank Maskan mortgage-facility certificates traded that day,Derived from standardized TSETMC instrument-day observations
2015-12-15,1394/09/24,1394,9,24,18,1805.0,17710.0,12953449585.0,731420.0782044043,730863.3333333334,731080.5,724183.0,735594.0,all valid TSETMC Bank Maskan mortgage-facility certificates traded that day,Derived from standardized TSETMC instrument-day observations
2015-12-16,1394/09/25,1394,9,25,18,2502.0,23050.0,17183835992.0,745502.6460737527,745308.5555555555,745661.5,736060.0,749661.0,all valid TSETMC Bank Maskan mortgage-facility certificates traded that day,Derived from standardized TSETMC instrument-day observations
2015-12-19,1394/09/28,1394,9,28,18,2248.0,20754.0,15317931292.0,738071.2774404933,737191.7222222222,738395.0,722834.0,743873.0,all valid TSETMC Bank Maskan mortgage-facility certificates traded that day,Derived from standardized TSETMC instrument-day observations
2015-12-20,1394/09/29,1394,9,29,18,2120.0,19403.0,13987291862.0,720882.9491315776,718985.7222222222,720460.5,692496.0,730550.0,all valid TSETMC Bank Maskan mortgage-facility certificates traded that day,Derived from standardized TSETMC instrument-day observations
2015-12-21,1394/09/30,1394,9,30,18,2094.0,18457.0,13241909711.0,717446.4816058947,720476.6666666666,724476.5,662228.0,731370.0,all valid TSETMC Bank Maskan mortgage-facility certificates traded that day,Derived from standardized TSETMC instrument-day observations
2015-12-22,1394/10/01,1394,10,1,18,1832.0,17943.0,13010346591.0,725093.1611770607,725563.5555555555,727121.5,688885.0,735717.0,all valid TSETMC Bank Maskan mortgage-facility certificates traded that day,Derived from standardized TSETMC instrument-day observations
2015-12-23,1394/10/02,1394,10,2,18,2178.0,21630.0,15573864889.0,720012.2463707813,718913.2777777778,718767.5,692880.0,731896.0,all valid TSETMC Bank Maskan mortgage-facility certificates traded that day,Derived from standardized TSETMC instrument-day observations
2015-12-26,1394/10/05,1394,10,5,18,1866.0,18749.0,13173523528.0,702625.3948477252,702671.7222222222,702597.5,678229.0,718829.0,all valid TSETMC Bank Maskan mortgage-facility certificates traded that day,Derived from standardized TSETMC instrument-day observations
2015-12-27,1394/10/06,1394,10,6,18,2543.0,27397.0,19715089046.0,719607.5864510713,719076.0,719280.5,704746.0,726898.0,all valid TSETMC Bank Maskan mortgage-facility certificates traded that day,Derived from standardized TSETMC instrument-day observations
2015-12-28,1394/10/07,1394,10,7,18,2534.0,21248.0,15444444708.0,726865.8089231928,726138.7222222222,728890.5,698032.0,733732.0,all valid TSETMC Bank Maskan mortgage-facility certificates traded that day,Derived from standardized TSETMC instrument-day observations
2015-12-30,1394/10/09,1394,10,9,18,2284.0,22329.0,16274996079.0,728872.5907564154,727896.7777777778,729866.0,683903.0,734687.0,all valid TSETMC Bank Maskan mortgage-facility certificates traded that day,Derived from standardized TSETMC instrument-day observations
2016-01-02,1394/10/12,1394,10,12,18,2932.0,25157.0,18146063403.0,721312.6924116549,722245.1111111111,725596.5,662110.0,732520.0,all valid TSETMC Bank Maskan mortgage-facility certificates traded that day,Derived from standardized TSETMC instrument-day observations
2016-01-03,1394/10/13,1394,10,13,18,2806.0,27446.0,19802488722.0,721507.2769073817,721807.4444444445,725606.0,667871.0,731162.0,all valid TSETMC Bank Maskan mortgage-facility certificates traded that day,Derived from standardized TSETMC instrument-day observations
2016-01-04,1394/10/14,1394,10,14,18,2430.0,23520.0,17132647469.0,728428.8889880952,729075.3333333334,732981.0,669151.0,737819.0,all valid TSETMC Bank Maskan mortgage-facility certificates traded that day,Derived from standardized TSETMC instrument-day observations
2016-01-05,1394/10/15,1394,10,15,18,2269.0,23982.0,17567484694.0,732527.9248603119,731534.2777777778,735429.5,669916.0,745546.0,all valid TSETMC Bank Maskan mortgage-facility certificates traded that day,Derived from standardized TSETMC instrument-day observations
2016-01-06,1394/10/16,1394,10,16,17,2553.0,37195.0,27299048194.0,733944.0299502622,733485.1764705882,735533.0,711403.0,741814.0,all valid TSETMC Bank Maskan mortgage-facility certificates traded that day,Derived from standardized TSETMC instrument-day observations
2016-01-09,1394/10/19,1394,10,19,17,2853.0,33268.0,23865410132.0,717368.3459179993,715627.4117647059,715289.0,698422.0,727199.0,all valid TSETMC Bank Maskan mortgage-facility certificates traded that day,Derived from standardized TSETMC instrument-day observations
2016-01-10,1394/10/20,1394,10,20,17,2676.0,30193.0,22256005977.0,737124.6970158647,736100.5882352941,736997.0,725865.0,740747.0,all valid TSETMC Bank Maskan mortgage-facility certificates traded that day,Derived from standardized TSETMC instrument-day observations
2016-01-11,1394/10/21,1394,10,21,17,2625.0,35740.0,27004961903.0,755594.9049524342,754368.9411764706,754801.0,743737.0,765165.0,all valid TSETMC Bank Maskan mortgage-facility certificates traded that day,Derived from standardized TSETMC instrument-day observations
2016-01-12,1394/10/22,1394,10,22,17,2924.0,37893.0,29315115708.0,773628.7891695036,772853.1764705882,772531.0,761480.0,781214.0,all valid TSETMC Bank Maskan mortgage-facility certificates traded that day,Derived from standardized TSETMC instrument-day observations
2016-01-13,1394/10/23,1394,10,23,17,3120.0,35887.0,28974640461.0,807385.4170312369,806248.8235294118,806244.0,796659.0,813340.0,all valid TSETMC Bank Maskan mortgage-facility certificates traded that day,Derived from standardized TSETMC instrument-day observations
2016-01-16,1394/10/26,1394,10,26,17,3058.0,31081.0,25097712150.0,807493.7148096908,804530.8235294118,803006.0,791126.0,818474.0,all valid TSETMC Bank Maskan mortgage-facility certificates traded that day,Derived from standardized TSETMC instrument-day observations
2016-01-17,1394/10/27,1394,10,27,17,2864.0,34701.0,28445135134.0,819720.905276505,817220.2352941176,819114.0,794568.0,823994.0,all valid TSETMC Bank Maskan mortgage-facility certificates traded that day,Derived from standardized TSETMC instrument-day observations
2016-01-18,1394/10/28,1394,10,28,17,2529.0,26729.0,21859979314.0,817837.5290508437,816982.3529411765,818755.0,792857.0,822315.0,all valid TSETMC Bank Maskan mortgage-facility certificates traded that day,Derived from standardized TSETMC instrument-day observations
2016-01-19,1394/10/29,1394,10,29,17,2081.0,26754.0,21237798815.0,793817.7025865291,792308.2352941176,791266.0,769667.0,803456.0,all valid TSETMC Bank Maskan mortgage-facility certificates traded that day,Derived from standardized TSETMC instrument-day observations
2016-01-20,1394/10/30,1394,10,30,17,1325.0,16501.0,12878525239.0,780469.3799769711,778761.4117647059,778293.0,759610.0,791566.0,all valid TSETMC Bank Maskan mortgage-facility certificates traded that day,Derived from standardized TSETMC instrument-day observations
2016-01-23,1394/11/03,1394,11,3,17,3528.0,35864.0,28504115535.0,794783.5025373633,792682.2941176471,796064.0,766305.0,804942.0,all valid TSETMC Bank Maskan mortgage-facility certificates traded that day,Derived from standardized TSETMC instrument-day observations
2016-01-24,1394/11/04,1394,11,4,17,3661.0,39694.0,32251037465.0,812491.4965737895,809365.9411764706,812055.0,772181.0,824628.0,all valid TSETMC Bank Maskan mortgage-facility certificates traded that day,Derived from standardized TSETMC instrument-day observations
2016-01-25,1394/11/05,1394,11,5,17,3481.0,35785.0,29550314624.0,825773.7773927624,822974.2352941176,825698.0,777740.0,833437.0,all valid TSETMC Bank Maskan mortgage-facility certificates traded that day,Derived from standardized TSETMC instrument-day observations
2016-01-26,1394/11/06,1394,11,6,17,2736.0,25480.0,21105602620.0,828320.3540031398,827950.8235294118,832092.0,783514.0,840455.0,all valid TSETMC Bank Maskan mortgage-facility certificates traded that day,Derived from standardized TSETMC instrument-day observations
2016-01-27,1394/11/07,1394,11,7,17,2732.0,23411.0,19787045838.0,845202.931869634,843986.8823529412,845313.0,808839.0,855597.0,all valid TSETMC Bank Maskan mortgage-facility certificates traded that day,Derived from standardized TSETMC instrument-day observations
2016-01-30,1394/11/10,1394,11,10,17,2730.0,21522.0,18450440642.0,857282.810240684,856984.5294117647,857651.0,819752.0,870357.0,all valid TSETMC Bank Maskan mortgage-facility certificates traded that day,Derived from standardized TSETMC instrument-day observations
2016-01-31,1394/11/11,1394,11,11,17,3041.0,27791.0,24113347253.0,867667.4913821021,868189.5882352941,870075.0,837360.0,875267.0,all valid TSETMC Bank Maskan mortgage-facility certificates traded that day,Derived from standardized TSETMC instrument-day observations
2016-02-01,1394/11/12,1394,11,12,17,2894.0,21555.0,18779656528.0,871243.6338668523,871914.0588235294,875559.0,820037.0,878981.0,all valid TSETMC Bank Maskan mortgage-facility certificates traded that day,Derived from standardized TSETMC instrument-day observations
2016-02-02,1394/11/13,1394,11,13,17,2915.0,22232.0,19314951406.0,868790.5454300108,870422.7647058824,874329.0,800686.0,885852.0,all valid TSETMC Bank Maskan mortgage-facility certificates traded that day,Derived from standardized TSETMC instrument-day observations
2016-02-03,1394/11/14,1394,11,14,17,2619.0,21858.0,18994764246.0,869007.4227285205,869072.4117647059,871566.0,827847.0,876528.0,all valid TSETMC Bank Maskan mortgage-facility certificates traded that day,Derived from standardized TSETMC instrument-day observations
2016-02-06,1394/11/17,1394,11,17,16,2272.0,20520.0,17835556206.0,869179.1523391813,868057.0625,869362.5,851163.0,874167.0,all valid TSETMC Bank Maskan mortgage-facility certificates traded that day,Derived from standardized TSETMC instrument-day observations
2016-02-07,1394/11/18,1394,11,18,16,2555.0,26318.0,22814264838.0,866869.2468272665,866061.125,867556.5,854950.0,873354.0,all valid TSETMC Bank Maskan mortgage-facility certificates traded that day,Derived from standardized TSETMC instrument-day observations
2016-02-08,1394/11/19,1394,11,19,16,2341.0,26006.0,22923437101.0,881467.2422133354,880933.3125,881324.5,871872.0,885138.0,all valid TSETMC Bank Maskan mortgage-facility certificates traded that day,Derived from standardized TSETMC instrument-day observations
2016-02-09,1394/11/20,1394,11,20,16,2214.0,23091.0,20429815168.0,884752.2917153869,884732.0,885424.0,873641.0,889656.0,all valid TSETMC Bank Maskan mortgage-facility certificates traded that day,Derived from standardized TSETMC instrument-day observations
2016-02-10,1394/11/21,1394,11,21,16,2351.0,22912.0,20313987679.0,886609.0991183659,884815.9375,884491.5,873205.0,893180.0,all valid TSETMC Bank Maskan mortgage-facility certificates traded that day,Derived from standardized TSETMC instrument-day observations
2016-02-13,1394/11/24,1394,11,24,16,2050.0,20583.0,18461000846.0,896905.2541417675,896033.5,896721.0,883215.0,902844.0,all valid TSETMC Bank Maskan mortgage-facility certificates traded that day,Derived from standardized TSETMC instrument-day observations
2016-02-14,1394/11/25,1394,11,25,16,2068.0,20216.0,18180080390.0,899291.669469727,898201.25,898110.5,891200.0,903047.0,all valid TSETMC Bank Maskan mortgage-facility certificates traded that day,Derived from standardized TSETMC instrument-day observations
2016-02-15,1394/11/26,1394,11,26,16,2109.0,22281.0,20049544020.0,899849.3792917733,899130.0625,899476.0,894540.0,902623.0,all valid TSETMC Bank Maskan mortgage-facility certificates traded that day,Derived from standardized TSETMC instrument-day observations
2016-02-16,1394/11/27,1394,11,27,16,2243.0,22179.0,19974317092.0,900595.9282203887,900051.5625,900208.0,895777.0,904626.0,all valid TSETMC Bank Maskan mortgage-facility certificates traded that day,Derived from standardized TSETMC instrument-day observations
2016-02-17,1394/11/28,1394,11,28,16,2375.0,22082.0,19867274455.0,899704.4857802736,898725.5,900067.0,880359.0,904309.0,all valid TSETMC Bank Maskan mortgage-facility certificates traded that day,Derived from standardized TSETMC instrument-day observations
2016-02-20,1394/12/01,1394,12,1,16,2048.0,16416.0,14658766828.0,892956.068957115,891810.5,892937.5,878696.0,905006.0,all valid TSETMC Bank Maskan mortgage-facility certificates traded that day,Derived from standardized TSETMC instrument-day observations
2016-02-21,1394/12/02,1394,12,2,16,1803.0,14118.0,12323897520.0,872920.9179770505,872897.5,872854.0,855400.0,889339.0,all valid TSETMC Bank Maskan mortgage-facility certificates traded that day,Derived from standardized TSETMC instrument-day observations
2016-02-22,1394/12/03,1394,12,3,16,1724.0,14569.0,12654696473.0,868604.3292607592,867920.9375,867508.5,854713.0,882914.0,all valid TSETMC Bank Maskan mortgage-facility certificates traded that day,Derived from standardized TSETMC instrument-day observations
2016-02-23,1394/12/04,1394,12,4,16,1944.0,14772.0,12955131104.0,877005.8965610615,877438.5,877449.0,858213.0,887666.0,all valid TSETMC Bank Maskan mortgage-facility certificates traded that day,Derived from standardized TSETMC instrument-day observations
2016-02-24,1394/12/05,1394,12,5,16,1862.0,15458.0,13507514338.0,873820.3090956139,873581.875,875566.5,853085.0,879530.0,all valid TSETMC Bank Maskan mortgage-facility certificates traded that day,Derived from standardized TSETMC instrument-day observations
2016-02-27,1394/12/08,1394,12,8,16,2386.0,18164.0,15732447464.0,866133.4212728473,865278.9375,866230.0,838732.0,875375.0,all valid TSETMC Bank Maskan mortgage-facility certificates traded that day,Derived from standardized TSETMC instrument-day observations
2016-02-28,1394/12/09,1394,12,9,16,2084.0,16455.0,14111661963.0,857591.1250683683,861181.25,865673.5,812431.0,878149.0,all valid TSETMC Bank Maskan mortgage-facility certificates traded that day,Derived from standardized TSETMC instrument-day observations
2016-02-29,1394/12/10,1394,12,10,16,1905.0,16308.0,13811827984.0,846935.7360804513,848577.875,850147.0,811314.0,865778.0,all valid TSETMC Bank Maskan mortgage-facility certificates traded that day,Derived from standardized TSETMC instrument-day observations
2016-03-01,1394/12/11,1394,12,11,16,1979.0,20370.0,16947989006.0,832007.3149729995,830540.75,833468.0,800626.0,840900.0,all valid TSETMC Bank Maskan mortgage-facility certificates traded that day,Derived from standardized TSETMC instrument-day observations
2016-03-02,1394/12/12,1394,12,12,16,2192.0,21920.0,18226838897.0,831516.3730383212,833448.5,837000.5,776430.0,843504.0,all valid TSETMC Bank Maskan mortgage-facility certificates traded that day,Derived from standardized TSETMC instrument-day observations
2016-03-05,1394/12/15,1394,12,15,16,2052.0,15691.0,13109447986.0,835475.6220763494,840801.0625,847885.5,743984.0,859055.0,all valid TSETMC Bank Maskan mortgage-facility certificates traded that day,Derived from standardized TSETMC instrument-day observations
2016-03-06,1394/12/16,1394,12,16,15,1631.0,12569.0,10533991390.0,838093.0376322699,837732.1333333333,837912.0,822850.0,847819.0,all valid TSETMC Bank Maskan mortgage-facility certificates traded that day,Derived from standardized TSETMC instrument-day observations
2016-03-07,1394/12/17,1394,12,17,15,1654.0,12686.0,10491131658.0,826984.9959009932,826906.1333333333,828364.0,805094.0,833225.0,all valid TSETMC Bank Maskan mortgage-facility certificates traded that day,Derived from standardized TSETMC instrument-day observations
2016-03-08,1394/12/18,1394,12,18,15,1350.0,15898.0,13113019536.0,824821.9610013838,823607.0666666667,828001.0,795039.0,839308.0,all valid TSETMC Bank Maskan mortgage-facility certificates traded that day,Derived from standardized TSETMC instrument-day observations
2016-03-09,1394/12/19,1394,12,19,15,1623.0,15804.0,13076376471.0,827409.2932801823,829790.2,835508.0,768200.0,847142.0,all valid TSETMC Bank Maskan mortgage-facility certificates traded that day,Derived from standardized TSETMC instrument-day observations
2016-03-12,1394/12/22,1394,12,22,15,1335.0,12353.0,10135793302.0,820512.6934347932,821036.0,830790.0,729794.0,840758.0,all valid TSETMC Bank Maskan mortgage-facility certificates traded that day,Derived from standardized TSETMC instrument-day observations
2016-03-14,1394/12/24,1394,12,24,15,1319.0,11345.0,9193233515.0,810333.4962538563,815841.4666666667,828491.0,710552.0,835973.0,all valid TSETMC Bank Maskan mortgage-facility certificates traded that day,Derived from standardized TSETMC instrument-day observations
2016-03-15,1394/12/25,1394,12,25,15,927.0,8663.0,6889606424.0,795291.0566778253,804484.0666666667,812999.0,685179.0,852836.0,all valid TSETMC Bank Maskan mortgage-facility certificates traded that day,Derived from standardized TSETMC instrument-day observations
2016-03-16,1394/12/26,1394,12,26,15,834.0,7097.0,5655768188.0,796923.7970973651,788181.4,803769.0,650921.0,828345.0,all valid TSETMC Bank Maskan mortgage-facility certificates traded that day,Derived from standardized TSETMC instrument-day observations
2016-03-26,1395/01/07,1395,1,7,15,765.0,5847.0,4718486309.0,806992.6986488798,804265.8,825766.0,618375.0,843625.0,all valid TSETMC Bank Maskan mortgage-facility certificates traded that day,Derived from standardized TSETMC instrument-day observations
2016-03-27,1395/01/08,1395,1,8,15,889.0,7324.0,5911030459.0,807076.7966957947,805075.2666666667,827380.0,587457.0,843242.0,all valid TSETMC Bank Maskan mortgage-facility certificates traded that day,Derived from standardized TSETMC instrument-day observations
2016-03-28,1395/01/09,1395,1,9,15,752.0,4968.0,3730505538.0,750906.9118357488,783635.2666666667,802695.0,558085.0,823568.0,all valid TSETMC Bank Maskan mortgage-facility certificates traded that day,Derived from standardized TSETMC instrument-day observations
2016-03-29,1395/01/10,1395,1,10,15,734.0,4612.0,3391144678.0,735287.224197745,761080.2,778686.0,530181.0,807318.0,all valid TSETMC Bank Maskan mortgage-facility certificates traded that day,Derived from standardized TSETMC instrument-day observations
2016-03-30,1395/01/11,1395,1,11,15,1004.0,5998.0,4309349670.0,718464.4331443815,769631.7333333333,792458.0,503672.0,825762.0,all valid TSETMC Bank Maskan mortgage-facility certificates traded that day,Derived from standardized TSETMC instrument-day observations
2016-04-02,1395/01/14,1395,1,14,15,1048.0,7090.0,5091690550.0,718150.9943582511,756957.0666666667,780068.0,478489.0,805739.0,all valid TSETMC Bank Maskan mortgage-facility certificates traded that day,Derived from standardized TSETMC instrument-day observations
2016-04-03,1395/01/15,1395,1,15,15,2310.0,14411.0,9345766224.0,648516.1490528069,746588.3333333334,771641.0,460371.0,780577.0,all valid TSETMC Bank Maskan mortgage-facility certificates traded that day,Derived from standardized TSETMC instrument-day observations
2016-04-04,1395/01/16,1395,1,16,14,1435.0,9094.0,6976686680.0,767174.6954035627,772086.7857142857,774860.5,726057.0,782791.0,all valid TSETMC Bank Maskan mortgage-facility certificates traded that day,Derived from standardized TSETMC instrument-day observations
2016-04-05,1395/01/17,1395,1,17,14,1226.0,8768.0,6818664501.0,777676.1520301095,782155.2142857143,786013.5,739152.0,790395.0,all valid TSETMC Bank Maskan mortgage-facility certificates traded that day,Derived from standardized TSETMC instrument-day observations
2016-04-06,1395/01/18,1395,1,18,14,1391.0,9973.0,7763273178.0,778429.0763060263,780293.2857142857,784696.5,740109.0,791344.0,all valid TSETMC Bank Maskan mortgage-facility certificates traded that day,Derived from standardized TSETMC instrument-day observations
2016-04-09,1395/01/21,1395,1,21,14,1687.0,12707.0,9833001271.0,773825.550562682,773594.5,776688.0,736453.0,784416.0,all valid TSETMC Bank Maskan mortgage-facility certificates traded that day,Derived from standardized TSETMC instrument-day observations
2016-04-10,1395/01/22,1395,1,22,14,1425.0,13820.0,10445851399.0,755850.3183068017,765765.0714285715,777917.0,704068.0,782979.0,all valid TSETMC Bank Maskan mortgage-facility certificates traded that day,Derived from standardized TSETMC instrument-day observations
2016-04-11,1395/01/23,1395,1,23,14,1234.0,10536.0,8033616390.0,762492.0643507972,771874.4285714285,782890.5,690296.0,791464.0,all valid TSETMC Bank Maskan mortgage-facility certificates traded that day,Derived from standardized TSETMC instrument-day observations
2016-04-12,1395/01/24,1395,1,24,14,1323.0,11064.0,8363495756.0,755919.7176428055,764641.2142857143,777860.5,665668.0,785707.0,all valid TSETMC Bank Maskan mortgage-facility certificates traded that day,Derived from standardized TSETMC instrument-day observations
2016-04-13,1395/01/25,1395,1,25,14,1199.0,9978.0,7585891894.0,760261.765283624,771681.9285714285,783438.0,655608.0,791617.0,all valid TSETMC Bank Maskan mortgage-facility certificates traded that day,Derived from standardized TSETMC instrument-day observations
2016-04-16,1395/01/28,1395,1,28,14,1524.0,15396.0,11583684320.0,752382.7175889842,758939.0714285715,769632.0,660899.0,778913.0,all valid TSETMC Bank Maskan mortgage-facility certificates traded that day,Derived from standardized TSETMC instrument-day observations
2016-04-17,1395/01/29,1395,1,29,14,1600.0,16402.0,12333111072.0,751927.2693573955,756588.0,762809.0,679416.0,775408.0,all valid TSETMC Bank Maskan mortgage-facility certificates traded that day,Derived from standardized TSETMC instrument-day observations
2016-04-18,1395/01/30,1395,1,30,14,1486.0,11540.0,8859318809.0,767705.2694107452,771128.5714285715,779963.0,705061.0,783490.0,all valid TSETMC Bank Maskan mortgage-facility certificates traded that day,Derived from standardized TSETMC instrument-day observations
2016-04-19,1395/01/31,1395,1,31,14,1015.0,9661.0,7512553246.0,777616.5247903944,777639.0714285715,781181.0,737309.0,786823.0,all valid TSETMC Bank Maskan mortgage-facility certificates traded that day,Derived from standardized TSETMC instrument-day observations
2016-04-20,1395/02/01,1395,2,1,14,1173.0,11767.0,9230590356.0,784447.2130534545,785135.0,788637.0,752731.0,790861.0,all valid TSETMC Bank Maskan mortgage-facility certificates traded that day,Derived from standardized TSETMC instrument-day observations
2016-04-23,1395/02/04,1395,2,4,15,965.0,7826.0,6147901172.0,785573.8783542039,786706.2666666667,790916.0,746673.0,797927.0,all valid TSETMC Bank Maskan mortgage-facility certificates traded that day,Derived from standardized TSETMC instrument-day observations
2016-04-24,1395/02/05,1395,2,5,15,2848.0,41708.0,32402313077.0,776884.8440826699,771880.0666666667,774484.0,726204.0,781658.0,all valid TSETMC Bank Maskan mortgage-facility certificates traded that day,Derived from standardized TSETMC instrument-day observations
2016-04-25,1395/02/06,1395,2,6,15,2616.0,41927.0,32439251326.0,773707.9048345934,766408.2666666667,769341.0,692765.0,783675.0,all valid TSETMC Bank Maskan mortgage-facility certificates traded that day,Derived from standardized TSETMC instrument-day observations
2016-04-26,1395/02/07,1395,2,7,15,2546.0,45342.0,34665766785.0,764539.8699880905,749865.2,754100.0,675953.0,774871.0,all valid TSETMC Bank Maskan mortgage-facility certificates traded that day,Derived from standardized TSETMC instrument-day observations
2016-04-27,1395/02/08,1395,2,8,15,2085.0,35598.0,27729569981.0,778964.2671217484,768290.8,773821.0,703861.0,784891.0,all valid TSETMC Bank Maskan mortgage-facility certificates traded that day,Derived from standardized TSETMC instrument-day observations
2016-04-30,1395/02/11,1395,2,11,15,3095.0,39968.0,31325012178.0,783752.306295036,773313.8,780364.0,716080.0,790271.0,all valid TSETMC Bank Maskan mortgage-facility certificates traded that day,Derived from standardized TSETMC instrument-day observations
2016-05-01,1395/02/12,1395,2,12,15,2774.0,41427.0,32504596746.0,784623.4761387501,777471.5333333333,782243.0,720605.0,790254.0,all valid TSETMC Bank Maskan mortgage-facility certificates traded that day,Derived from standardized TSETMC instrument-day observations
2016-05-02,1395/02/13,1395,2,13,15,2630.0,43379.0,34314267144.0,791034.0751054658,784595.1333333333,788686.0,744484.0,795548.0,all valid TSETMC Bank Maskan mortgage-facility certificates traded that day,Derived from standardized TSETMC instrument-day observations
2016-05-03,1395/02/14,1395,2,14,15,2312.0,39180.0,31125426134.0,794421.2897907095,787415.2,788767.0,758345.0,797879.0,all valid TSETMC Bank Maskan mortgage-facility certificates traded that day,Derived from standardized TSETMC instrument-day observations
2016-05-04,1395/02/15,1395,2,15,15,2412.0,37754.0,30145175485.0,798463.0896063993,792511.6,793414.0,771214.0,802318.0,all valid TSETMC Bank Maskan mortgage-facility certificates traded that day,Derived from standardized TSETMC instrument-day observations
2016-05-07,1395/02/18,1395,2,18,14,2029.0,35665.0,28725825521.0,805434.614355811,799821.8571428572,800383.5,787349.0,809954.0,all valid TSETMC Bank Maskan mortgage-facility certificates traded that day,Derived from standardized TSETMC instrument-day observations
2016-05-08,1395/02/19,1395,2,19,14,2083.0,34278.0,27577553802.0,804526.3376509715,799182.2857142857,799141.0,791839.0,808586.0,all valid TSETMC Bank Maskan mortgage-facility certificates traded that day,Derived from standardized TSETMC instrument-day observations
2016-05-09,1395/02/20,1395,2,20,14,2281.0,34648.0,28118178152.0,811538.2749942277,804811.9285714285,804882.5,792725.0,818330.0,all valid TSETMC Bank Maskan mortgage-facility certificates traded that day,Derived from standardized TSETMC instrument-day observations
2016-05-10,1395/02/21,1395,2,21,14,1761.0,26643.0,22301475581.0,837048.214577938,831743.7857142857,830915.5,816959.0,841086.0,all valid TSETMC Bank Maskan mortgage-facility certificates traded that day,Derived from standardized TSETMC instrument-day observations
2016-05-11,1395/02/22,1395,2,22,14,2240.0,31783.0,26341435768.0,828790.1006198282,823593.5,823388.0,816015.0,835501.0,all valid TSETMC Bank Maskan mortgage-facility certificates traded that day,Derived from standardized TSETMC instrument-day observations
2016-05-14,1395/02/25,1395,2,25,14,2154.0,26387.0,21794784185.0,825966.7330503657,819207.2142857143,819485.5,807799.0,831783.0,all valid TSETMC Bank Maskan mortgage-facility certificates traded that day,Derived from standardized TSETMC instrument-day observations
2016-05-15,1395/02/26,1395,2,26,14,2064.0,32177.0,26507905041.0,823815.3041302793,818385.1428571428,818881.0,805051.0,827162.0,all valid TSETMC Bank Maskan mortgage-facility certificates traded that day,Derived from standardized TSETMC instrument-day observations
2016-05-16,1395/02/27,1395,2,27,14,2343.0,45606.0,37717904131.0,827038.1996009297,822709.4285714285,823634.0,810169.0,828981.0,all valid TSETMC Bank Maskan mortgage-facility certificates traded that day,Derived from standardized TSETMC instrument-day observations
2016-05-17,1395/02/28,1395,2,28,14,1632.0,31588.0,25878365763.0,819246.7317652273,815897.9285714285,817097.5,807805.0,820452.0,all valid TSETMC Bank Maskan mortgage-facility certificates traded that day,Derived from standardized TSETMC instrument-day observations
2016-05-18,1395/02/29,1395,2,29,14,1666.0,31086.0,25425076571.0,817894.7619828862,810727.7857142857,810238.0,801956.0,821943.0,all valid TSETMC Bank Maskan mortgage-facility certificates traded that day,Derived from standardized TSETMC instrument-day observations
2016-05-21,1395/03/01,1395,3,1,14,1792.0,20344.0,16744503789.0,823068.4127506881,813283.7142857143,813878.5,792185.0,834018.0,all valid TSETMC Bank Maskan mortgage-facility certificates traded that day,Derived from standardized TSETMC instrument-day observations
2016-05-23,1395/03/03,1395,3,3,14,1862.0,21924.0,18263863002.0,833053.4118773947,825007.0,826385.5,800854.0,846059.0,all valid TSETMC Bank Maskan mortgage-facility certificates traded that day,Derived from standardized TSETMC instrument-day observations
2016-05-24,1395/03/04,1395,3,4,15,3244.0,61565.0,50119516932.0,814091.0733696093,819150.6666666666,821511.0,795092.0,844218.0,all valid TSETMC Bank Maskan mortgage-facility certificates traded that day,Derived from standardized TSETMC instrument-day observations
2016-05-25,1395/03/05,1395,3,5,15,3539.0,68681.0,55529326270.0,808510.7419810428,806439.6666666666,805874.0,791015.0,815280.0,all valid TSETMC Bank Maskan mortgage-facility certificates traded that day,Derived from standardized TSETMC instrument-day observations
2016-05-28,1395/03/08,1395,3,8,15,4092.0,67065.0,53649574215.0,799963.8293446656,794737.6666666666,793738.0,777603.0,810479.0,all valid TSETMC Bank Maskan mortgage-facility certificates traded that day,Derived from standardized TSETMC instrument-day observations
2016-05-29,1395/03/09,1395,3,9,15,3757.0,55750.0,45343474378.0,813335.8632825112,806333.4666666667,807985.0,766096.0,817525.0,all valid TSETMC Bank Maskan mortgage-facility certificates traded that day,Derived from standardized TSETMC instrument-day observations
2016-05-30,1395/03/10,1395,3,10,15,3228.0,50286.0,41304396124.0,821389.5741160562,813569.9333333333,814907.0,783133.0,825774.0,all valid TSETMC Bank Maskan mortgage-facility certificates traded that day,Derived from standardized TSETMC instrument-day observations
2016-05-31,1395/03/11,1395,3,11,15,2993.0,42719.0,35389034284.0,828414.3890072333,821095.9333333333,820519.0,803244.0,832196.0,all valid TSETMC Bank Maskan mortgage-facility certificates traded that day,Derived from standardized TSETMC instrument-day observations
2016-06-01,1395/03/12,1395,3,12,15,3084.0,46181.0,38752475063.0,839143.2637448302,831580.7333333333,832122.0,810840.0,844345.0,all valid TSETMC Bank Maskan mortgage-facility certificates traded that day,Derived from standardized TSETMC instrument-day observations
2016-06-05,1395/03/16,1395,3,16,14,2474.0,48463.0,40666962584.0,839134.2381610713,834027.1428571428,833623.0,830560.0,841062.0,all valid TSETMC Bank Maskan mortgage-facility certificates traded that day,Derived from standardized TSETMC instrument-day observations
2016-06-06,1395/03/17,1395,3,17,14,2219.0,44186.0,37045638610.0,838402.1773865025,834508.6428571428,834042.0,829586.0,841041.0,all valid TSETMC Bank Maskan mortgage-facility certificates traded that day,Derived from standardized TSETMC instrument-day observations
2016-06-07,1395/03/18,1395,3,18,14,2377.0,46350.0,39078807395.0,843124.2156418555,837715.4285714285,837668.0,831553.0,845038.0,all valid TSETMC Bank Maskan mortgage-facility certificates traded that day,Derived from standardized TSETMC instrument-day observations
2016-06-08,1395/03/19,1395,3,19,14,2611.0,48328.0,41098110715.0,850399.5761256415,845572.0,845254.5,840243.0,852113.0,all valid TSETMC Bank Maskan mortgage-facility certificates traded that day,Derived from standardized TSETMC instrument-day observations
2016-06-11,1395/03/22,1395,3,22,14,2571.0,45938.0,39333608462.0,856232.4973224781,850186.0714285715,849462.5,844951.0,858954.0,all valid TSETMC Bank Maskan mortgage-facility certificates traded that day,Derived from standardized TSETMC instrument-day observations
2016-06-12,1395/03/23,1395,3,23,14,2450.0,39870.0,34516947391.0,865737.3311010785,860345.2142857143,859918.0,854713.0,868624.0,all valid TSETMC Bank Maskan mortgage-facility certificates traded that day,Derived from standardized TSETMC instrument-day observations
2016-06-13,1395/03/24,1395,3,24,14,2207.0,34002.0,29776945663.0,875741.0053232163,870921.2857142857,870971.5,863511.0,879890.0,all valid TSETMC Bank Maskan mortgage-facility certificates traded that day,Derived from standardized TSETMC instrument-day observations
2016-06-14,1395/03/25,1395,3,25,14,1936.0,32867.0,28846082537.0,877660.9528402349,872559.0714285715,871867.5,865022.0,880178.0,all valid TSETMC Bank Maskan mortgage-facility certificates traded that day,Derived from standardized TSETMC instrument-day observations
2016-06-15,1395/03/26,1395,3,26,14,1839.0,31392.0,27389381797.0,872495.5975089194,865780.3571428572,866066.5,853281.0,877157.0,all valid TSETMC Bank Maskan mortgage-facility certificates traded that day,Derived from standardized TSETMC instrument-day observations
2016-06-18,1395/03/29,1395,3,29,14,2218.0,29571.0,26007616900.0,879497.3758073789,871715.5,871090.0,854106.0,890155.0,all valid TSETMC Bank Maskan mortgage-facility certificates traded that day,Derived from standardized TSETMC instrument-day observations
2016-06-19,1395/03/30,1395,3,30,14,1859.0,25567.0,22711049644.0,888295.4450659052,878543.1428571428,876243.0,864005.0,902798.0,all valid TSETMC Bank Maskan mortgage-facility certificates traded that day,Derived from standardized TSETMC instrument-day observations
2016-06-20,1395/03/31,1395,3,31,14,1808.0,24721.0,21931752833.0,887170.9410218033,873678.0,872839.0,844706.0,898929.0,all valid TSETMC Bank Maskan mortgage-facility certificates traded that day,Derived from standardized TSETMC instrument-day observations
2016-06-21,1395/04/01,1395,4,1,15,1976.0,33925.0,29353925724.0,865259.4170670597,862215.9333333333,858244.0,835023.0,899352.0,all valid TSETMC Bank Maskan mortgage-facility certificates traded that day,Derived from standardized TSETMC instrument-day observations
2016-06-22,1395/04/02,1395,4,2,15,3781.0,70608.0,59671374743.0,845107.8453291411,845552.6666666666,843275.0,829034.0,862653.0,all valid TSETMC Bank Maskan mortgage-facility certificates traded that day,Derived from standardized TSETMC instrument-day observations
2016-06-25,1395/04/05,1395,4,5,15,3520.0,63016.0,54261941868.0,861081.9770851848,857967.7333333333,857905.0,848544.0,862177.0,all valid TSETMC Bank Maskan mortgage-facility certificates traded that day,Derived from standardized TSETMC instrument-day observations
2016-06-26,1395/04/06,1395,4,6,15,3759.0,67399.0,58609775872.0,869594.1463819938,867053.7333333333,867339.0,858247.0,873336.0,all valid TSETMC Bank Maskan mortgage-facility certificates traded that day,Derived from standardized TSETMC instrument-day observations
2016-06-28,1395/04/08,1395,4,8,15,3195.0,54054.0,47680494001.0,882090.0211085211,877759.2,877047.0,862997.0,887760.0,all valid TSETMC Bank Maskan mortgage-facility certificates traded that day,Derived from standardized TSETMC instrument-day observations
2016-06-29,1395/04/09,1395,4,9,15,2537.0,41859.0,37216768015.0,889098.3543562914,884220.4,882750.0,870128.0,892207.0,all valid TSETMC Bank Maskan mortgage-facility certificates traded that day,Derived from standardized TSETMC instrument-day observations
2016-07-02,1395/04/12,1395,4,12,15,3744.0,56370.0,50318408091.0,892645.1674827036,885520.0666666667,885106.0,868736.0,895748.0,all valid TSETMC Bank Maskan mortgage-facility certificates traded that day,Derived from standardized TSETMC instrument-day observations
2016-07-03,1395/04/13,1395,4,13,15,3692.0,51480.0,45791325685.0,889497.3909285159,882730.6666666666,884736.0,847927.0,893409.0,all valid TSETMC Bank Maskan mortgage-facility certificates traded that day,Derived from standardized TSETMC instrument-day observations
2016-07-04,1395/04/14,1395,4,14,15,3012.0,45925.0,40962791606.0,891949.7355688623,882677.6,887323.0,812696.0,898016.0,all valid TSETMC Bank Maskan mortgage-facility certificates traded that day,Derived from standardized TSETMC instrument-day observations
2016-07-05,1395/04/15,1395,4,15,15,2516.0,39769.0,35654402540.0,896537.5679549398,889043.8666666667,893101.0,826002.0,901587.0,all valid TSETMC Bank Maskan mortgage-facility certificates traded that day,Derived from standardized TSETMC instrument-day observations
2016-07-09,1395/04/19,1395,4,19,14,1871.0,28128.0,25527628281.0,907552.1999786689,900789.7142857143,898711.0,894377.0,912399.0,all valid TSETMC Bank Maskan mortgage-facility certificates traded that day,Derived from standardized TSETMC instrument-day observations
2016-07-10,1395/04/20,1395,4,20,14,2263.0,41708.0,37948879760.0,909870.5226815,906816.7142857143,907476.0,893452.0,915807.0,all valid TSETMC Bank Maskan mortgage-facility certificates traded that day,Derived from standardized TSETMC instrument-day observations
2016-07-11,1395/04/21,1395,4,21,14,2176.0,41509.0,37529544477.0,904130.2964899179,899525.3571428572,899627.0,888703.0,908503.0,all valid TSETMC Bank Maskan mortgage-facility certificates traded that day,Derived from standardized TSETMC instrument-day observations
2016-07-12,1395/04/22,1395,4,22,14,2101.0,33058.0,29734899923.0,899476.6750257123,892980.5714285715,891023.0,881361.0,908414.0,all valid TSETMC Bank Maskan mortgage-facility certificates traded that day,Derived from standardized TSETMC instrument-day observations
2016-07-13,1395/04/23,1395,4,23,14,2050.0,33045.0,29884811488.0,904367.1202299894,895461.9285714285,894831.0,873973.0,909705.0,all valid TSETMC Bank Maskan mortgage-facility certificates traded that day,Derived from standardized TSETMC instrument-day observations
2016-07-16,1395/04/26,1395,4,26,14,2279.0,31031.0,28333388644.0,913067.2116270825,906610.1428571428,904937.0,889626.0,919650.0,all valid TSETMC Bank Maskan mortgage-facility certificates traded that day,Derived from standardized TSETMC instrument-day observations
2016-07-17,1395/04/27,1395,4,27,14,2044.0,35565.0,32974882378.0,927172.286742584,921743.5,921032.0,906840.0,930528.0,all valid TSETMC Bank Maskan mortgage-facility certificates traded that day,Derived from standardized TSETMC instrument-day observations
2016-07-18,1395/04/28,1395,4,28,14,1929.0,29561.0,27491691122.0,929998.6848212171,920464.2142857143,920555.0,900181.0,940276.0,all valid TSETMC Bank Maskan mortgage-facility certificates traded that day,Derived from standardized TSETMC instrument-day observations
2016-07-19,1395/04/29,1395,4,29,14,1946.0,24897.0,23480968860.0,943124.4270394023,930158.2857142857,925954.0,900041.0,961378.0,all valid TSETMC Bank Maskan mortgage-facility certificates traded that day,Derived from standardized TSETMC instrument-day observations
2016-07-20,1395/04/30,1395,4,30,14,1762.0,21637.0,20471179581.0,946119.1283911818,935177.3571428572,933207.5,907105.0,957187.0,all valid TSETMC Bank Maskan mortgage-facility certificates traded that day,Derived from standardized TSETMC instrument-day observations
2016-07-23,1395/05/02,1395,5,2,15,2132.0,32045.0,29654859941.0,925413.0111093775,923513.2666666667,921087.0,893107.0,945667.0,all valid TSETMC Bank Maskan mortgage-facility certificates traded that day,Derived from standardized TSETMC instrument-day observations
2016-07-24,1395/05/03,1395,5,3,15,3883.0,67292.0,62002819748.0,921399.5682696309,918446.8666666667,916528.0,900409.0,936335.0,all valid TSETMC Bank Maskan mortgage-facility certificates traded that day,Derived from standardized TSETMC instrument-day observations
2016-07-25,1395/05/04,1395,5,4,15,3041.0,52955.0,49912006470.0,942536.2377490322,938644.8,937025.0,928878.0,945487.0,all valid TSETMC Bank Maskan mortgage-facility certificates traded that day,Derived from standardized TSETMC instrument-day observations
2016-07-26,1395/05/05,1395,5,5,15,3217.0,52238.0,49517675089.0,947924.4053945404,946073.4,948057.0,934384.0,950552.0,all valid TSETMC Bank Maskan mortgage-facility certificates traded that day,Derived from standardized TSETMC instrument-day observations
2016-07-27,1395/05/06,1395,5,6,15,3056.0,45523.0,42899071520.0,942360.3787096633,937531.0666666667,937365.0,924910.0,944369.0,all valid TSETMC Bank Maskan mortgage-facility certificates traded that day,Derived from standardized TSETMC instrument-day observations
2016-07-31,1395/05/10,1395,5,10,15,3976.0,62276.0,59458602814.0,954759.5030830497,949977.1333333333,950246.0,935399.0,956898.0,all valid TSETMC Bank Maskan mortgage-facility certificates traded that day,Derived from standardized TSETMC instrument-day observations
2016-08-01,1395/05/11,1395,5,11,15,3618.0,54479.0,53623008449.0,984287.6787202408,980704.6666666666,980815.0,955666.0,989234.0,all valid TSETMC Bank Maskan mortgage-facility certificates traded that day,Derived from standardized TSETMC instrument-day observations
2016-08-02,1395/05/12,1395,5,12,15,3378.0,46147.0,45766377162.0,991751.9483823434,985672.9333333333,986512.0,955138.0,997354.0,all valid TSETMC Bank Maskan mortgage-facility certificates traded that day,Derived from standardized TSETMC instrument-day observations
2016-08-03,1395/05/13,1395,5,13,15,2287.0,33520.0,33608273171.0,1002633.4478221957,993212.0666666667,991757.0,960821.0,1010076.0,all valid TSETMC Bank Maskan mortgage-facility certificates traded that day,Derived from standardized TSETMC instrument-day observations
2016-08-06,1395/05/16,1395,5,16,14,2970.0,65451.0,64371850104.0,983512.0946051244,980258.2857142857,979724.5,974958.0,986130.0,all valid TSETMC Bank Maskan mortgage-facility certificates traded that day,Derived from standardized TSETMC instrument-day observations
2016-08-07,1395/05/17,1395,5,17,14,2365.0,53545.0,50655384587.0,946033.8890092445,942408.9285714285,941371.5,934834.0,949504.0,all valid TSETMC Bank Maskan mortgage-facility certificates traded that day,Derived from standardized TSETMC instrument-day observations
2016-08-08,1395/05/18,1395,5,18,14,2375.0,42091.0,40386940282.0,959514.8673588178,952100.7142857143,950859.0,940442.0,965104.0,all valid TSETMC Bank Maskan mortgage-facility certificates traded that day,Derived from standardized TSETMC instrument-day observations
2016-08-09,1395/05/19,1395,5,19,19,2254.0,29080.0,28866545085.0,992659.7346973865,969715.1578947369,979963.0,891062.0,997335.0,all valid TSETMC Bank Maskan mortgage-facility certificates traded that day,Derived from standardized TSETMC instrument-day observations
2016-08-10,1395/05/20,1395,5,20,19,3553.0,38536.0,37844309378.0,982050.7934917999,966165.8947368421,967297.0,927958.0,998358.0,all valid TSETMC Bank Maskan mortgage-facility certificates traded that day,Derived from standardized TSETMC instrument-day observations
2016-08-13,1395/05/23,1395,5,23,19,3247.0,35409.0,34451785516.0,972966.9156429156,957750.7368421053,952771.0,937997.0,992603.0,all valid TSETMC Bank Maskan mortgage-facility certificates traded that day,Derived from standardized TSETMC instrument-day observations
2016-08-14,1395/05/24,1395,5,24,19,2992.0,34096.0,33715109177.0,988828.8707473017,969674.5263157894,966811.0,945175.0,1004685.0,all valid TSETMC Bank Maskan mortgage-facility certificates traded that day,Derived from standardized TSETMC instrument-day observations
2016-08-15,1395/05/25,1395,5,25,19,2792.0,33598.0,33389665526.0,993799.2001309602,979140.8421052631,975078.0,955878.0,1008689.0,all valid TSETMC Bank Maskan mortgage-facility certificates traded that day,Derived from standardized TSETMC instrument-day observations
2016-08-16,1395/05/26,1395,5,26,19,2270.0,24154.0,24181600016.0,1001142.6685435125,988536.3157894737,986363.0,970084.0,1016244.0,all valid TSETMC Bank Maskan mortgage-facility certificates traded that day,Derived from standardized TSETMC instrument-day observations
2016-08-17,1395/05/27,1395,5,27,19,2408.0,30341.0,30616389576.0,1009076.4831745822,995305.052631579,996189.0,973459.0,1021738.0,all valid TSETMC Bank Maskan mortgage-facility certificates traded that day,Derived from standardized TSETMC instrument-day observations
2016-08-20,1395/05/30,1395,5,30,19,2422.0,29949.0,30260232067.0,1010392.0687502087,995140.6315789474,994472.0,973115.0,1021588.0,all valid TSETMC Bank Maskan mortgage-facility certificates traded that day,Derived from standardized TSETMC instrument-day observations
2016-08-21,1395/05/31,1395,5,31,19,2589.0,26704.0,26804922672.0,1003779.309167166,990212.2105263158,986836.0,969924.0,1027120.0,all valid TSETMC Bank Maskan mortgage-facility certificates traded that day,Derived from standardized TSETMC instrument-day observations
2016-08-22,1395/06/01,1395,6,1,20,2321.0,39762.0,39148876080.0,984580.153915799,978105.85,977162.0,943818.0,1019766.0,all valid TSETMC Bank Maskan mortgage-facility certificates traded that day,Derived from standardized TSETMC instrument-day observations
2016-08-23,1395/06/02,1395,6,2,20,2886.0,77034.0,72678494707.0,943459.9619259029,953807.9,950691.0,936720.0,988169.0,all valid TSETMC Bank Maskan mortgage-facility certificates traded that day,Derived from standardized TSETMC instrument-day observations
2016-08-24,1395/06/03,1395,6,3,20,3280.0,72359.0,66099248911.0,913490.3593333241,918515.85,916178.0,903926.0,940518.0,all valid TSETMC Bank Maskan mortgage-facility certificates traded that day,Derived from standardized TSETMC instrument-day observations
2016-08-27,1395/06/06,1395,6,6,20,3702.0,68111.0,61500645851.0,902947.3337786848,897221.4,896584.5,882247.0,910147.0,all valid TSETMC Bank Maskan mortgage-facility certificates traded that day,Derived from standardized TSETMC instrument-day observations
2016-08-28,1395/06/07,1395,6,7,20,3199.0,58868.0,52809970645.0,897091.2999422436,889141.4,890350.0,873216.0,899386.0,all valid TSETMC Bank Maskan mortgage-facility certificates traded that day,Derived from standardized TSETMC instrument-day observations
2016-08-29,1395/06/08,1395,6,8,20,2537.0,59948.0,53939790536.0,899776.3150730634,897548.55,899864.0,871295.0,929501.0,all valid TSETMC Bank Maskan mortgage-facility certificates traded that day,Derived from standardized TSETMC instrument-day observations
2016-08-30,1395/06/09,1395,6,9,20,2536.0,47956.0,43097069276.0,898679.3993660855,894182.25,892886.0,878309.0,916019.0,all valid TSETMC Bank Maskan mortgage-facility certificates traded that day,Derived from standardized TSETMC instrument-day observations
2016-08-31,1395/06/10,1395,6,10,20,2277.0,43780.0,39324502788.0,898229.8489721334,893011.2,891933.0,881201.0,909081.0,all valid TSETMC Bank Maskan mortgage-facility certificates traded that day,Derived from standardized TSETMC instrument-day observations
2016-09-03,1395/06/13,1395,6,13,20,2464.0,38093.0,34108172429.0,895392.1305489198,882995.05,883021.0,858352.0,899174.0,all valid TSETMC Bank Maskan mortgage-facility certificates traded that day,Derived from standardized TSETMC instrument-day observations
2016-09-04,1395/06/14,1395,6,14,20,2234.0,46315.0,41516338009.0,896390.7591277125,883851.85,882195.5,868795.0,899119.0,all valid TSETMC Bank Maskan mortgage-facility certificates traded that day,Derived from standardized TSETMC instrument-day observations
2016-09-05,1395/06/15,1395,6,15,20,1923.0,38670.0,34743547080.0,898462.5570209465,889405.2,889667.0,873975.0,903725.0,all valid TSETMC Bank Maskan mortgage-facility certificates traded that day,Derived from standardized TSETMC instrument-day observations
2016-09-06,1395/06/16,1395,6,16,20,1477.0,39945.0,35812166618.0,896536.9036925773,880008.9,876237.5,844085.0,899865.0,all valid TSETMC Bank Maskan mortgage-facility certificates traded that day,Derived from standardized TSETMC instrument-day observations
2016-09-07,1395/06/17,1395,6,17,20,2049.0,44813.0,40224504431.0,897607.9358891393,888301.35,888748.5,865758.0,899570.0,all valid TSETMC Bank Maskan mortgage-facility certificates traded that day,Derived from standardized TSETMC instrument-day observations
2016-09-10,1395/06/20,1395,6,20,20,2049.0,43783.0,39331797837.0,898334.9207911746,892032.5,892627.5,872318.0,899890.0,all valid TSETMC Bank Maskan mortgage-facility certificates traded that day,Derived from standardized TSETMC instrument-day observations
2016-09-11,1395/06/21,1395,6,21,20,2011.0,49854.0,44797014448.0,898564.0961206724,892026.0,893801.0,876963.0,907626.0,all valid TSETMC Bank Maskan mortgage-facility certificates traded that day,Derived from standardized TSETMC instrument-day observations
2016-09-13,1395/06/23,1395,6,23,20,1839.0,39492.0,35442508175.0,897460.4521168844,888509.9,888771.0,876894.0,899523.0,all valid TSETMC Bank Maskan mortgage-facility certificates traded that day,Derived from standardized TSETMC instrument-day observations
2016-09-14,1395/06/24,1395,6,24,20,1874.0,39037.0,35334587916.0,905156.3367062018,899923.9,899322.5,884979.0,912936.0,all valid TSETMC Bank Maskan mortgage-facility certificates traded that day,Derived from standardized TSETMC instrument-day observations
2016-09-17,1395/06/27,1395,6,27,20,2112.0,34601.0,31766901270.0,918091.9993641803,905462.65,904442.5,883201.0,922500.0,all valid TSETMC Bank Maskan mortgage-facility certificates traded that day,Derived from standardized TSETMC instrument-day observations
2016-09-18,1395/06/28,1395,6,28,20,2064.0,37452.0,34706837347.0,926701.8409430739,913808.4,911615.5,893906.0,932067.0,all valid TSETMC Bank Maskan mortgage-facility certificates traded that day,Derived from standardized TSETMC instrument-day observations
2016-09-19,1395/06/29,1395,6,29,20,1682.0,29284.0,27046151785.0,923581.1974115558,913825.15,918549.0,888404.0,926827.0,all valid TSETMC Bank Maskan mortgage-facility certificates traded that day,Derived from standardized TSETMC instrument-day observations
2016-09-21,1395/06/31,1395,6,31,21,1603.0,31190.0,28189505975.0,903799.48621353,895525.619047619,894398.0,871178.0,910374.0,all valid TSETMC Bank Maskan mortgage-facility certificates traded that day,Derived from standardized TSETMC instrument-day observations
2016-09-24,1395/07/03,1395,7,3,21,2919.0,50735.0,44157635048.0,870358.4320094609,868692.2857142857,865122.0,854713.0,894672.0,all valid TSETMC Bank Maskan mortgage-facility certificates traded that day,Derived from standardized TSETMC instrument-day observations
2016-09-25,1395/07/04,1395,7,4,21,2881.0,56660.0,49959442779.0,881740.9597423227,876037.6666666666,876552.0,858916.0,891355.0,all valid TSETMC Bank Maskan mortgage-facility certificates traded that day,Derived from standardized TSETMC instrument-day observations
2016-09-26,1395/07/05,1395,7,5,21,2836.0,52685.0,46363430515.0,880011.9676378475,873048.2380952381,871885.0,857166.0,885259.0,all valid TSETMC Bank Maskan mortgage-facility certificates traded that day,Derived from standardized TSETMC instrument-day observations
2016-09-27,1395/07/06,1395,7,6,18,400.0,22256.0,19618123938.0,881475.7340941769,883011.3333333334,875638.0,866020.0,919363.0,all valid TSETMC Bank Maskan mortgage-facility certificates traded that day,Derived from standardized TSETMC instrument-day observations
2016-09-28,1395/07/07,1395,7,7,21,3300.0,61911.0,54295570198.0,876993.913811762,865048.7142857143,863067.0,842936.0,883031.0,all valid TSETMC Bank Maskan mortgage-facility certificates traded that day,Derived from standardized TSETMC instrument-day observations
2016-10-01,1395/07/10,1395,7,10,21,2815.0,44302.0,38218913034.0,862690.4662092004,848681.619047619,844750.0,837323.0,868482.0,all valid TSETMC Bank Maskan mortgage-facility certificates traded that day,Derived from standardized TSETMC instrument-day observations
2016-10-02,1395/07/11,1395,7,11,21,2818.0,44459.0,38336162180.0,862281.2519399896,846856.4761904762,847072.0,805771.0,866096.0,all valid TSETMC Bank Maskan mortgage-facility certificates traded that day,Derived from standardized TSETMC instrument-day observations
2016-10-03,1395/07/12,1395,7,12,21,2516.0,43101.0,37217832432.0,863502.7593791328,851955.4285714285,852027.0,823452.0,865490.0,all valid TSETMC Bank Maskan mortgage-facility certificates traded that day,Derived from standardized TSETMC instrument-day observations
2016-10-04,1395/07/13,1395,7,13,21,2109.0,38701.0,33529063830.0,866361.6916875533,851852.5238095238,853763.0,825579.0,868661.0,all valid TSETMC Bank Maskan mortgage-facility certificates traded that day,Derived from standardized TSETMC instrument-day observations
2016-10-05,1395/07/14,1395,7,14,21,2512.0,34125.0,29999892588.0,879117.7315164835,863096.0,863215.0,810757.0,884700.0,all valid TSETMC Bank Maskan mortgage-facility certificates traded that day,Derived from standardized TSETMC instrument-day observations
2016-10-08,1395/07/17,1395,7,17,20,2268.0,43923.0,38531798741.0,877257.899984063,868780.25,866850.5,856200.0,879338.0,all valid TSETMC Bank Maskan mortgage-facility certificates traded that day,Derived from standardized TSETMC instrument-day observations
2016-10-09,1395/07/18,1395,7,18,20,2243.0,46329.0,40204463767.0,867803.401044702,865231.65,866345.5,855436.0,873899.0,all valid TSETMC Bank Maskan mortgage-facility certificates traded that day,Derived from standardized TSETMC instrument-day observations
2016-10-10,1395/07/19,1395,7,19,20,1546.0,36592.0,31956983360.0,873332.5142107564,864010.6,860817.0,849586.0,874943.0,all valid TSETMC Bank Maskan mortgage-facility certificates traded that day,Derived from standardized TSETMC instrument-day observations
2016-10-15,1395/07/24,1395,7,24,20,2074.0,42619.0,37240721021.0,873805.6036274901,864961.7,863261.0,854098.0,875884.0,all valid TSETMC Bank Maskan mortgage-facility certificates traded that day,Derived from standardized TSETMC instrument-day observations
2016-10-16,1395/07/25,1395,7,25,20,1815.0,35566.0,30880651960.0,868263.2840353146,860635.75,861837.0,846677.0,870096.0,all valid TSETMC Bank Maskan mortgage-facility certificates traded that day,Derived from standardized TSETMC instrument-day observations
2016-10-17,1395/07/26,1395,7,26,20,1481.0,32674.0,28242852397.0,864383.0690151191,852620.7,851712.5,833672.0,867882.0,all valid TSETMC Bank Maskan mortgage-facility certificates traded that day,Derived from standardized TSETMC instrument-day observations
2016-10-18,1395/07/27,1395,7,27,20,1855.0,30631.0,26174645851.0,854514.8983382847,844489.6,846146.0,817362.0,858860.0,all valid TSETMC Bank Maskan mortgage-facility certificates traded that day,Derived from standardized TSETMC instrument-day observations
2016-10-19,1395/07/28,1395,7,28,20,1908.0,34722.0,29426965851.0,847502.0405218593,835572.55,833618.0,817459.0,850437.0,all valid TSETMC Bank Maskan mortgage-facility certificates traded that day,Derived from standardized TSETMC instrument-day observations
2016-10-22,1395/08/01,1395,8,1,21,2448.0,38750.0,32339970296.0,834579.8786064516,827002.1428571428,825966.0,806523.0,845452.0,all valid TSETMC Bank Maskan mortgage-facility certificates traded that day,Derived from standardized TSETMC instrument-day observations
2016-10-23,1395/08/02,1395,8,2,21,3662.0,57709.0,45977356728.0,796710.3350950459,804337.7619047619,801797.0,773545.0,849296.0,all valid TSETMC Bank Maskan mortgage-facility certificates traded that day,Derived from standardized TSETMC instrument-day observations
2016-10-24,1395/08/03,1395,8,3,21,3233.0,43896.0,34622106722.0,788730.3335611445,789241.7619047619,786138.0,767648.0,882575.0,all valid TSETMC Bank Maskan mortgage-facility certificates traded that day,Derived from standardized TSETMC instrument-day observations
2016-10-25,1395/08/04,1395,8,4,21,2738.0,42015.0,33421793273.0,795472.885231465,789231.9523809524,786961.0,747698.0,853660.0,all valid TSETMC Bank Maskan mortgage-facility certificates traded that day,Derived from standardized TSETMC instrument-day observations
2016-10-26,1395/08/05,1395,8,5,21,2316.0,38183.0,30446413673.0,797381.3915355001,791859.9047619047,790392.0,771339.0,817571.0,all valid TSETMC Bank Maskan mortgage-facility certificates traded that day,Derived from standardized TSETMC instrument-day observations
2016-10-29,1395/08/08,1395,8,8,21,2128.0,35840.0,28749354653.0,802158.3329520089,792153.9047619047,790780.0,775309.0,812302.0,all valid TSETMC Bank Maskan mortgage-facility certificates traded that day,Derived from standardized TSETMC instrument-day observations
2016-10-30,1395/08/09,1395,8,9,21,2354.0,34155.0,27022389793.0,791169.3688478993,777507.380952381,773700.0,748367.0,806387.0,all valid TSETMC Bank Maskan mortgage-facility certificates traded that day,Derived from standardized TSETMC instrument-day observations
2016-10-31,1395/08/10,1395,8,10,21,2514.0,38416.0,30661444519.0,798142.5582830071,781281.2857142857,778033.0,738848.0,804779.0,all valid TSETMC Bank Maskan mortgage-facility certificates traded that day,Derived from standardized TSETMC instrument-day observations
2016-11-01,1395/08/11,1395,8,11,21,2241.0,36870.0,29368829398.0,796550.838025495,783373.7142857143,784859.0,746740.0,805828.0,all valid TSETMC Bank Maskan mortgage-facility certificates traded that day,Derived from standardized TSETMC instrument-day observations
2016-11-02,1395/08/12,1395,8,12,21,1198.0,30556.0,24535501776.0,802968.3785835842,795501.4285714285,799852.0,761357.0,813545.0,all valid TSETMC Bank Maskan mortgage-facility certificates traded that day,Derived from standardized TSETMC instrument-day observations
2016-11-05,1395/08/15,1395,8,15,21,3213.0,53058.0,42483838599.0,800705.6164763089,789525.0476190476,792227.0,750096.0,804005.0,all valid TSETMC Bank Maskan mortgage-facility certificates traded that day,Derived from standardized TSETMC instrument-day observations
2016-11-06,1395/08/16,1395,8,16,20,2233.0,38583.0,30816973833.0,798718.9651660058,791021.65,790423.5,776152.0,800538.0,all valid TSETMC Bank Maskan mortgage-facility certificates traded that day,Derived from standardized TSETMC instrument-day observations
2016-11-07,1395/08/17,1395,8,17,20,2014.0,41573.0,33212563724.0,798897.4508455007,792621.3,789851.0,783132.0,809337.0,all valid TSETMC Bank Maskan mortgage-facility certificates traded that day,Derived from standardized TSETMC instrument-day observations
2016-11-08,1395/08/18,1395,8,18,20,1623.0,38021.0,30366299742.0,798671.7798584993,792460.25,791935.0,782591.0,800144.0,all valid TSETMC Bank Maskan mortgage-facility certificates traded that day,Derived from standardized TSETMC instrument-day observations
2016-11-09,1395/08/19,1395,8,19,20,1723.0,42008.0,33527907381.0,798131.4840268521,789236.85,787366.0,773573.0,799606.0,all valid TSETMC Bank Maskan mortgage-facility certificates traded that day,Derived from standardized TSETMC instrument-day observations
2016-11-12,1395/08/22,1395,8,22,20,2207.0,47619.0,37961639829.0,797195.2336042336,788174.45,785871.0,773306.0,800416.0,all valid TSETMC Bank Maskan mortgage-facility certificates traded that day,Derived from standardized TSETMC instrument-day observations
2016-11-13,1395/08/23,1395,8,23,20,2005.0,41507.0,33127873733.0,798127.3937649071,790886.05,791752.5,775229.0,799744.0,all valid TSETMC Bank Maskan mortgage-facility certificates traded that day,Derived from standardized TSETMC instrument-day observations
2016-11-14,1395/08/24,1395,8,24,20,1756.0,42427.0,33814520323.0,797004.7451622788,789557.9,789187.5,775841.0,800041.0,all valid TSETMC Bank Maskan mortgage-facility certificates traded that day,Derived from standardized TSETMC instrument-day observations
2016-11-15,1395/08/25,1395,8,25,20,1521.0,31566.0,25161034246.0,797092.8925426091,788526.7,786150.5,774408.0,799994.0,all valid TSETMC Bank Maskan mortgage-facility certificates traded that day,Derived from standardized TSETMC instrument-day observations
2016-11-16,1395/08/26,1395,8,26,20,1948.0,37506.0,29837820360.0,795547.9219324908,788286.85,786352.0,776966.0,814220.0,all valid TSETMC Bank Maskan mortgage-facility certificates traded that day,Derived from standardized TSETMC instrument-day observations
2016-11-19,1395/08/29,1395,8,29,20,2071.0,33339.0,26352541421.0,790441.8675125228,775180.2,771477.0,749931.0,794271.0,all valid TSETMC Bank Maskan mortgage-facility certificates traded that day,Derived from standardized TSETMC instrument-day observations
2016-11-21,1395/09/01,1395,9,1,20,1547.0,32105.0,25352999107.0,789690.0516118985,772847.65,768161.5,748573.0,794515.0,all valid TSETMC Bank Maskan mortgage-facility certificates traded that day,Derived from standardized TSETMC instrument-day observations
2016-11-22,1395/09/02,1395,9,2,21,2139.0,39058.0,30144847975.0,771797.0191766091,766219.0476190476,761811.0,736953.0,791133.0,all valid TSETMC Bank Maskan mortgage-facility certificates traded that day,Derived from standardized TSETMC instrument-day observations
2016-11-23,1395/09/03,1395,9,3,21,4066.0,52114.0,38788725541.0,744305.2834363127,748763.0,742016.0,726776.0,783785.0,all valid TSETMC Bank Maskan mortgage-facility certificates traded that day,Derived from standardized TSETMC instrument-day observations
2016-11-26,1395/09/06,1395,9,6,21,3682.0,46535.0,34294398586.0,736959.2475770925,732979.8571428572,735000.0,712320.0,760746.0,all valid TSETMC Bank Maskan mortgage-facility certificates traded that day,Derived from standardized TSETMC instrument-day observations
2016-11-27,1395/09/07,1395,9,7,21,3715.0,56939.0,42130109999.0,739916.5773722756,732972.5238095238,733140.0,719165.0,741462.0,all valid TSETMC Bank Maskan mortgage-facility certificates traded that day,Derived from standardized TSETMC instrument-day observations
2016-11-29,1395/09/09,1395,9,9,21,2677.0,49622.0,37178479865.0,749233.8048647777,743821.0952380953,746025.0,718973.0,757131.0,all valid TSETMC Bank Maskan mortgage-facility certificates traded that day,Derived from standardized TSETMC instrument-day observations
2016-12-03,1395/09/13,1395,9,13,21,3187.0,43115.0,32171175668.0,746171.3015887742,736731.0476190476,736371.0,688164.0,753501.0,all valid TSETMC Bank Maskan mortgage-facility certificates traded that day,Derived from standardized TSETMC instrument-day observations
2016-12-04,1395/09/14,1395,9,14,21,2971.0,45806.0,34367693632.0,750288.0328341265,739888.9523809524,738833.0,714330.0,752771.0,all valid TSETMC Bank Maskan mortgage-facility certificates traded that day,Derived from standardized TSETMC instrument-day observations
2016-12-05,1395/09/15,1395,9,15,21,2356.0,44147.0,33164385536.0,751226.2562801549,742201.4285714285,741608.0,721482.0,753443.0,all valid TSETMC Bank Maskan mortgage-facility certificates traded that day,Derived from standardized TSETMC instrument-day observations
2016-12-06,1395/09/16,1395,9,16,20,2058.0,41299.0,31022566797.0,751169.9265599651,745294.6,744780.5,735926.0,752907.0,all valid TSETMC Bank Maskan mortgage-facility certificates traded that day,Derived from standardized TSETMC instrument-day observations
2016-12-07,1395/09/17,1395,9,17,20,2243.0,43408.0,33251413868.0,766020.4079432363,757445.75,754036.0,748259.0,768634.0,all valid TSETMC Bank Maskan mortgage-facility certificates traded that day,Derived from standardized TSETMC instrument-day observations
2016-12-10,1395/09/20,1395,9,20,20,2474.0,40670.0,31168499531.0,766375.6953774281,756770.85,755060.5,742493.0,768533.0,all valid TSETMC Bank Maskan mortgage-facility certificates traded that day,Derived from standardized TSETMC instrument-day observations
2016-12-11,1395/09/21,1395,9,21,20,2550.0,47556.0,36610461124.0,769838.9503742956,761705.55,760584.0,743327.0,775908.0,all valid TSETMC Bank Maskan mortgage-facility certificates traded that day,Derived from standardized TSETMC instrument-day observations
2016-12-12,1395/09/22,1395,9,22,20,2110.0,43396.0,33419425982.0,770103.8340400037,763279.7,760167.0,754393.0,773430.0,all valid TSETMC Bank Maskan mortgage-facility certificates traded that day,Derived from standardized TSETMC instrument-day observations
2016-12-13,1395/09/23,1395,9,23,20,2000.0,40898.0,31576343271.0,772075.4870898332,764369.7,760511.5,749825.0,776063.0,all valid TSETMC Bank Maskan mortgage-facility certificates traded that day,Derived from standardized TSETMC instrument-day observations
2016-12-14,1395/09/24,1395,9,24,20,1880.0,39041.0,30192496892.0,773353.5742424631,765059.45,762773.0,752539.0,775415.0,all valid TSETMC Bank Maskan mortgage-facility certificates traded that day,Derived from standardized TSETMC instrument-day observations
2016-12-18,1395/09/28,1395,9,28,20,2193.0,37026.0,28459069010.0,768623.9131961324,759694.85,757711.5,746311.0,771710.0,all valid TSETMC Bank Maskan mortgage-facility certificates traded that day,Derived from standardized TSETMC instrument-day observations
2016-12-19,1395/09/29,1395,9,29,20,2051.0,37925.0,29145461649.0,768502.6143441002,757385.6,755274.0,733775.0,771912.0,all valid TSETMC Bank Maskan mortgage-facility certificates traded that day,Derived from standardized TSETMC instrument-day observations
2016-12-20,1395/09/30,1395,9,30,20,1789.0,34718.0,26621247541.0,766785.1702575033,756826.7,758757.5,719952.0,769643.0,all valid TSETMC Bank Maskan mortgage-facility certificates traded that day,Derived from standardized TSETMC instrument-day observations
2016-12-21,1395/10/01,1395,10,1,20,1409.0,28839.0,22088048583.0,765908.9629668158,755860.8,757155.5,728731.0,768898.0,all valid TSETMC Bank Maskan mortgage-facility certificates traded that day,Derived from standardized TSETMC instrument-day observations
2016-12-24,1395/10/04,1395,10,4,20,2869.0,48522.0,37193441680.0,766527.3830427435,751975.2,751731.0,712178.0,774486.0,all valid TSETMC Bank Maskan mortgage-facility certificates traded that day,Derived from standardized TSETMC instrument-day observations
2016-12-25,1395/10/05,1395,10,5,20,2012.0,44910.0,34690066714.0,772435.2419060343,761364.8,762659.0,731796.0,782819.0,all valid TSETMC Bank Maskan mortgage-facility certificates traded that day,Derived from standardized TSETMC instrument-day observations
2016-12-26,1395/10/06,1395,10,6,21,2477.0,51901.0,40024512664.0,771170.356332248,766043.8095238095,767306.0,735831.0,786173.0,all valid TSETMC Bank Maskan mortgage-facility certificates traded that day,Derived from standardized TSETMC instrument-day observations
2016-12-27,1395/10/07,1395,10,7,21,6054.0,78853.0,58105082576.0,736878.5280965848,743750.4285714285,743661.0,719417.0,761986.0,all valid TSETMC Bank Maskan mortgage-facility certificates traded that day,Derived from standardized TSETMC instrument-day observations
2016-12-28,1395/10/08,1395,10,8,21,4690.0,57328.0,42154488951.0,735321.116225928,730691.0476190476,732004.0,709872.0,741699.0,all valid TSETMC Bank Maskan mortgage-facility certificates traded that day,Derived from standardized TSETMC instrument-day observations
2016-12-31,1395/10/11,1395,10,11,21,4649.0,64839.0,47620616717.0,734444.0339456191,729550.8571428572,730664.0,704408.0,738466.0,all valid TSETMC Bank Maskan mortgage-facility certificates traded that day,Derived from standardized TSETMC instrument-day observations
2017-01-01,1395/10/12,1395,10,12,21,3549.0,56024.0,41077385690.0,733210.5113879766,725376.7619047619,727479.0,683961.0,751672.0,all valid TSETMC Bank Maskan mortgage-facility certificates traded that day,Derived from standardized TSETMC instrument-day observations
2017-01-02,1395/10/13,1395,10,13,21,3113.0,59033.0,43765348177.0,741370.8972439144,729332.8571428572,730069.0,682997.0,748461.0,all valid TSETMC Bank Maskan mortgage-facility certificates traded that day,Derived from standardized TSETMC instrument-day observations
2017-01-03,1395/10/14,1395,10,14,21,3065.0,55334.0,41652654605.0,752749.7488885676,744320.8571428572,747733.0,690610.0,760551.0,all valid TSETMC Bank Maskan mortgage-facility certificates traded that day,Derived from standardized TSETMC instrument-day observations
2017-01-04,1395/10/15,1395,10,15,21,2883.0,44812.0,34501486031.0,769916.228487905,762254.0476190476,767827.0,692101.0,774335.0,all valid TSETMC Bank Maskan mortgage-facility certificates traded that day,Derived from standardized TSETMC instrument-day observations
2017-01-07,1395/10/18,1395,10,18,20,3164.0,58869.0,44998321601.0,764380.6010124173,760988.5,759721.5,748756.0,781788.0,all valid TSETMC Bank Maskan mortgage-facility certificates traded that day,Derived from standardized TSETMC instrument-day observations
2017-01-08,1395/10/19,1395,10,19,20,2794.0,57962.0,44419451444.0,766354.7055657154,761961.3,763872.5,752532.0,767807.0,all valid TSETMC Bank Maskan mortgage-facility certificates traded that day,Derived from standardized TSETMC instrument-day observations
2017-01-09,1395/10/20,1395,10,20,20,2759.0,63215.0,48279126844.0,763728.9700862137,753566.55,755582.5,727844.0,770629.0,all valid TSETMC Bank Maskan mortgage-facility certificates traded that day,Derived from standardized TSETMC instrument-day observations
2017-01-11,1395/10/22,1395,10,22,20,2542.0,51876.0,39368760591.0,758901.2373930141,741180.1,740113.0,692296.0,774963.0,all valid TSETMC Bank Maskan mortgage-facility certificates traded that day,Derived from standardized TSETMC instrument-day observations
2017-01-14,1395/10/25,1395,10,25,20,3163.0,61482.0,46942257719.0,763512.2103867799,749443.45,750539.5,709933.0,770980.0,all valid TSETMC Bank Maskan mortgage-facility certificates traded that day,Derived from standardized TSETMC instrument-day observations
2017-01-15,1395/10/26,1395,10,26,20,2534.0,53871.0,40938310028.0,759932.2460693137,748842.65,761178.5,700853.0,772111.0,all valid TSETMC Bank Maskan mortgage-facility certificates traded that day,Derived from standardized TSETMC instrument-day observations
2017-01-16,1395/10/27,1395,10,27,20,2328.0,52450.0,40154698600.0,765580.5262154433,750857.15,756579.5,720006.0,775671.0,all valid TSETMC Bank Maskan mortgage-facility certificates traded that day,Derived from standardized TSETMC instrument-day observations
2017-01-17,1395/10/28,1395,10,28,20,2283.0,47113.0,35982233373.0,763743.1998174601,749272.5,743261.0,720009.0,770942.0,all valid TSETMC Bank Maskan mortgage-facility certificates traded that day,Derived from standardized TSETMC instrument-day observations
2017-01-18,1395/10/29,1395,10,29,20,2295.0,46350.0,35414434639.0,764065.4722545847,748455.25,752671.0,712710.0,769847.0,all valid TSETMC Bank Maskan mortgage-facility certificates traded that day,Derived from standardized TSETMC instrument-day observations
2017-01-21,1395/11/02,1395,11,2,21,2958.0,59180.0,44396141645.0,750188.2670665765,747028.7619047619,750855.0,719638.0,769629.0,all valid TSETMC Bank Maskan mortgage-facility certificates traded that day,Derived from standardized TSETMC instrument-day observations
2017-01-22,1395/11/03,1395,11,3,21,6372.0,83268.0,61780994003.0,741953.6196738243,740798.2380952381,741792.0,720704.0,752810.0,all valid TSETMC Bank Maskan mortgage-facility certificates traded that day,Derived from standardized TSETMC instrument-day observations
2017-01-23,1395/11/04,1395,11,4,21,5453.0,60945.0,45455868952.0,745850.6678480597,740275.7619047619,742143.0,730684.0,751244.0,all valid TSETMC Bank Maskan mortgage-facility certificates traded that day,Derived from standardized TSETMC instrument-day observations
2017-01-24,1395/11/05,1395,11,5,21,4486.0,53475.0,40090503303.0,749705.5316129032,744496.2380952381,743750.0,724395.0,754540.0,all valid TSETMC Bank Maskan mortgage-facility certificates traded that day,Derived from standardized TSETMC instrument-day observations
2017-01-25,1395/11/06,1395,11,6,21,4244.0,63726.0,48548219030.0,761827.4963123372,756817.2857142857,758037.0,740458.0,762891.0,all valid TSETMC Bank Maskan mortgage-facility certificates traded that day,Derived from standardized TSETMC instrument-day observations
2017-01-28,1395/11/09,1395,11,9,21,4139.0,53449.0,40554728142.0,758755.6014518513,752822.8571428572,750260.0,738361.0,767192.0,all valid TSETMC Bank Maskan mortgage-facility certificates traded that day,Derived from standardized TSETMC instrument-day observations
2017-01-29,1395/11/10,1395,11,10,21,3926.0,79062.0,60496760254.0,765181.2533707723,760133.5238095238,760645.0,744257.0,767838.0,all valid TSETMC Bank Maskan mortgage-facility certificates traded that day,Derived from standardized TSETMC instrument-day observations
2017-01-30,1395/11/11,1395,11,11,21,3412.0,71510.0,54938096066.0,768257.5313382744,762978.380952381,763511.0,740525.0,770196.0,all valid TSETMC Bank Maskan mortgage-facility certificates traded that day,Derived from standardized TSETMC instrument-day observations
2017-01-31,1395/11/12,1395,11,12,21,3236.0,69093.0,53074853495.0,768165.4218951268,763042.8095238095,764425.0,736320.0,770600.0,all valid TSETMC Bank Maskan mortgage-facility certificates traded that day,Derived from standardized TSETMC instrument-day observations
2017-02-01,1395/11/13,1395,11,13,21,3201.0,57477.0,44332799916.0,771313.7414270056,765540.619047619,767439.0,736623.0,774986.0,all valid TSETMC Bank Maskan mortgage-facility certificates traded that day,Derived from standardized TSETMC instrument-day observations
2017-02-04,1395/11/16,1395,11,16,20,3480.0,74091.0,57225013091.0,772361.1921960831,768393.85,768706.0,760227.0,774917.0,all valid TSETMC Bank Maskan mortgage-facility certificates traded that day,Derived from standardized TSETMC instrument-day observations
2017-02-05,1395/11/17,1395,11,17,20,1645.0,33139.0,25513237874.0,769885.5690877817,764229.95,766172.5,752385.0,771195.0,all valid TSETMC Bank Maskan mortgage-facility certificates traded that day,Derived from standardized TSETMC instrument-day observations
2017-02-06,1395/11/18,1395,11,18,20,3539.0,84077.0,64885784221.0,771742.3816382602,768345.5,768907.5,763582.0,773624.0,all valid TSETMC Bank Maskan mortgage-facility certificates traded that day,Derived from standardized TSETMC instrument-day observations
2017-02-07,1395/11/19,1395,11,19,20,2616.0,59033.0,45556427207.0,771711.1989395762,768704.0,769783.5,758037.0,777350.0,all valid TSETMC Bank Maskan mortgage-facility certificates traded that day,Derived from standardized TSETMC instrument-day observations
2017-02-08,1395/11/20,1395,11,20,20,2453.0,51818.0,39991335468.0,771765.3222432359,766483.8,768666.0,751274.0,775856.0,all valid TSETMC Bank Maskan mortgage-facility certificates traded that day,Derived from standardized TSETMC instrument-day observations
2017-02-11,1395/11/23,1395,11,23,20,3192.0,58537.0,45155833676.0,771406.694500914,766536.55,768555.5,758681.0,775188.0,all valid TSETMC Bank Maskan mortgage-facility certificates traded that day,Derived from standardized TSETMC instrument-day observations
2017-02-12,1395/11/24,1395,11,24,20,3420.0,89309.0,69286504024.0,775806.5147297585,772845.65,774087.5,765822.0,779774.0,all valid TSETMC Bank Maskan mortgage-facility certificates traded that day,Derived from standardized TSETMC instrument-day observations
2017-02-13,1395/11/25,1395,11,25,20,2632.0,64998.0,50419459923.0,775707.8667497461,772857.3,772708.0,765206.0,779821.0,all valid TSETMC Bank Maskan mortgage-facility certificates traded that day,Derived from standardized TSETMC instrument-day observations
2017-02-14,1395/11/26,1395,11,26,20,2689.0,58780.0,45743230710.0,778210.7980605648,773782.75,774928.5,762128.0,783210.0,all valid TSETMC Bank Maskan mortgage-facility certificates traded that day,Derived from standardized TSETMC instrument-day observations
2017-02-15,1395/11/27,1395,11,27,20,2669.0,54701.0,42522557431.0,777363.4381638361,774827.4,775563.5,768944.0,783091.0,all valid TSETMC Bank Maskan mortgage-facility certificates traded that day,Derived from standardized TSETMC instrument-day observations
2017-02-18,1395/11/30,1395,11,30,20,2832.0,54056.0,42075943570.0,778376.9344753589,773437.85,775461.0,764185.0,784653.0,all valid TSETMC Bank Maskan mortgage-facility certificates traded that day,Derived from standardized TSETMC instrument-day observations
2017-02-19,1395/12/01,1395,12,1,21,3456.0,66619.0,51170827268.0,768111.6088203065,765820.5714285715,765380.0,744978.0,788144.0,all valid TSETMC Bank Maskan mortgage-facility certificates traded that day,Derived from standardized TSETMC instrument-day observations
2017-02-20,1395/12/02,1395,12,2,21,6636.0,86456.0,65196214565.0,754097.0501179791,750285.9523809524,752256.0,738567.0,762271.0,all valid TSETMC Bank Maskan mortgage-facility certificates traded that day,Derived from standardized TSETMC instrument-day observations
2017-02-21,1395/12/03,1395,12,3,21,5792.0,75802.0,58307288499.0,769205.1462890161,765764.0,766078.0,754039.0,773722.0,all valid TSETMC Bank Maskan mortgage-facility certificates traded that day,Derived from standardized TSETMC instrument-day observations
2017-02-22,1395/12/04,1395,12,4,21,5818.0,74474.0,57351976208.0,770093.9416172086,767999.0476190476,768775.0,761375.0,776262.0,all valid TSETMC Bank Maskan mortgage-facility certificates traded that day,Derived from standardized TSETMC instrument-day observations
2017-02-25,1395/12/07,1395,12,7,21,5652.0,73979.0,56517700814.0,763969.5158626096,759312.4761904762,761141.0,751872.0,765590.0,all valid TSETMC Bank Maskan mortgage-facility certificates traded that day,Derived from standardized TSETMC instrument-day observations
2017-02-26,1395/12/08,1395,12,8,21,4320.0,58830.0,44682596214.0,759520.588373279,753117.3333333334,754220.0,737075.0,761509.0,all valid TSETMC Bank Maskan mortgage-facility certificates traded that day,Derived from standardized TSETMC instrument-day observations
2017-02-27,1395/12/09,1395,12,9,21,3924.0,55026.0,41979079557.0,762895.350507033,756017.4285714285,758799.0,741872.0,765678.0,all valid TSETMC Bank Maskan mortgage-facility certificates traded that day,Derived from standardized TSETMC instrument-day observations
2017-02-28,1395/12/10,1395,12,10,21,2406.0,47431.0,36280801786.0,764917.4967004701,754887.4761904762,758088.0,736667.0,767416.0,all valid TSETMC Bank Maskan mortgage-facility certificates traded that day,Derived from standardized TSETMC instrument-day observations
2017-03-01,1395/12/11,1395,12,11,21,3693.0,57419.0,43637455780.0,759982.85898396,752648.1904761905,755043.0,737136.0,763326.0,all valid TSETMC Bank Maskan mortgage-facility certificates traded that day,Derived from standardized TSETMC instrument-day observations
2017-03-04,1395/12/14,1395,12,14,21,2641.0,39688.0,30117638959.0,758860.0826194315,747581.4761904762,751434.0,727123.0,762340.0,all valid TSETMC Bank Maskan mortgage-facility certificates traded that day,Derived from standardized TSETMC instrument-day observations
2017-03-05,1395/12/15,1395,12,15,21,3210.0,47303.0,35937428311.0,759728.3113333193,747066.7619047619,753148.0,728527.0,763867.0,all valid TSETMC Bank Maskan mortgage-facility certificates traded that day,Derived from standardized TSETMC instrument-day observations
2017-03-06,1395/12/16,1395,12,16,20,2672.0,42183.0,32031431809.0,759344.5655595856,750241.85,755937.0,729580.0,763913.0,all valid TSETMC Bank Maskan mortgage-facility certificates traded that day,Derived from standardized TSETMC instrument-day observations
2017-03-07,1395/12/17,1395,12,17,21,2956.0,44653.0,33942654561.0,760142.7577318433,750472.8095238095,754539.0,727587.0,765680.0,all valid TSETMC Bank Maskan mortgage-facility certificates traded that day,Derived from standardized TSETMC instrument-day observations
2017-03-08,1395/12/18,1395,12,18,21,2662.0,36248.0,27432026976.0,756787.3255352019,747418.5238095238,751278.0,720875.0,762793.0,all valid TSETMC Bank Maskan mortgage-facility certificates traded that day,Derived from standardized TSETMC instrument-day observations
2017-03-11,1395/12/21,1395,12,21,21,3282.0,39921.0,30063235500.0,753068.1971894492,741593.0952380953,752590.0,711669.0,759173.0,all valid TSETMC Bank Maskan mortgage-facility certificates traded that day,Derived from standardized TSETMC instrument-day observations
2017-03-12,1395/12/22,1395,12,22,21,2197.0,30736.0,23055245072.0,750105.5788651744,733485.8095238095,745490.0,695142.0,755790.0,all valid TSETMC Bank Maskan mortgage-facility certificates traded that day,Derived from standardized TSETMC instrument-day observations
2017-03-13,1395/12/23,1395,12,23,21,1602.0,21065.0,15704558341.0,745528.5231901258,721421.1428571428,740217.0,667614.0,754027.0,all valid TSETMC Bank Maskan mortgage-facility certificates traded that day,Derived from standardized TSETMC instrument-day observations
2017-03-14,1395/12/24,1395,12,24,21,1695.0,29433.0,22048664409.0,749113.7297930894,724434.4285714285,745909.0,634234.0,758757.0,all valid TSETMC Bank Maskan mortgage-facility certificates traded that day,Derived from standardized TSETMC instrument-day observations
2017-03-15,1395/12/25,1395,12,25,21,1299.0,19415.0,14465816425.0,745084.5441668812,718905.4761904762,741530.0,602523.0,760039.0,all valid TSETMC Bank Maskan mortgage-facility certificates traded that day,Derived from standardized TSETMC instrument-day observations
2017-03-18,1395/12/28,1395,12,28,21,909.0,12377.0,9178873780.0,741607.3184131858,715155.5714285715,732348.0,572397.0,766120.0,all valid TSETMC Bank Maskan mortgage-facility certificates traded that day,Derived from standardized TSETMC instrument-day observations
2017-03-25,1396/01/05,1396,1,5,22,954.0,13019.0,9486381773.0,728656.7150318765,711149.8636363636,727164.0,543778.0,764911.0,all valid TSETMC Bank Maskan mortgage-facility certificates traded that day,Derived from standardized TSETMC instrument-day observations
2017-03-26,1396/01/06,1396,1,6,22,1891.0,25073.0,17404315969.0,694145.7332190005,695089.0,712494.0,516590.0,738725.0,all valid TSETMC Bank Maskan mortgage-facility certificates traded that day,Derived from standardized TSETMC instrument-day observations
2017-03-27,1396/01/07,1396,1,7,21,2367.0,22123.0,15595639850.0,704951.4012566108,685925.0,702441.0,490761.0,721596.0,all valid TSETMC Bank Maskan mortgage-facility certificates traded that day,Derived from standardized TSETMC instrument-day observations
2017-03-28,1396/01/08,1396,1,8,21,1881.0,19231.0,13476613766.0,700775.5065259216,680612.0,691795.0,466223.0,716215.0,all valid TSETMC Bank Maskan mortgage-facility certificates traded that day,Derived from standardized TSETMC instrument-day observations
2017-03-29,1396/01/09,1396,1,9,22,2554.0,23031.0,16443052655.0,713953.0482827494,693492.0909090909,715812.5,442912.0,732083.0,all valid TSETMC Bank Maskan mortgage-facility certificates traded that day,Derived from standardized TSETMC instrument-day observations
2017-04-03,1396/01/14,1396,1,14,22,2809.0,26554.0,18784893306.0,707422.3584394065,689298.1818181818,707671.0,420767.0,720440.0,all valid TSETMC Bank Maskan mortgage-facility certificates traded that day,Derived from standardized TSETMC instrument-day observations
2017-04-04,1396/01/15,1396,1,15,22,3336.0,31716.0,21842084735.0,688677.1577437256,687451.8636363636,703526.5,399729.0,719804.0,all valid TSETMC Bank Maskan mortgage-facility certificates traded that day,Derived from standardized TSETMC instrument-day observations
2017-04-05,1396/01/16,1396,1,16,21,3237.0,32744.0,23455200730.0,716320.5695699976,709324.1428571428,714608.0,662577.0,721948.0,all valid TSETMC Bank Maskan mortgage-facility certificates traded that day,Derived from standardized TSETMC instrument-day observations
2017-04-08,1396/01/19,1396,1,19,21,4136.0,44260.0,31800834893.0,718500.5624265702,710391.619047619,715342.0,673650.0,723383.0,all valid TSETMC Bank Maskan mortgage-facility certificates traded that day,Derived from standardized TSETMC instrument-day observations
2017-04-09,1396/01/20,1396,1,20,21,2743.0,37974.0,27231120047.0,717099.069020909,708387.1904761905,716460.0,663038.0,722381.0,all valid TSETMC Bank Maskan mortgage-facility certificates traded that day,Derived from standardized TSETMC instrument-day observations
2017-04-10,1396/01/21,1396,1,21,21,2474.0,33583.0,24096405824.0,717517.9651609445,705864.0476190476,715521.0,649242.0,723834.0,all valid TSETMC Bank Maskan mortgage-facility certificates traded that day,Derived from standardized TSETMC instrument-day observations
2017-04-12,1396/01/23,1396,1,23,21,2442.0,34415.0,24910908342.0,723838.6849338951,705229.6666666666,720366.0,617990.0,730009.0,all valid TSETMC Bank Maskan mortgage-facility certificates traded that day,Derived from standardized TSETMC instrument-day observations
2017-04-15,1396/01/26,1396,1,26,21,2759.0,41116.0,29569977385.0,719184.1955686351,697787.2380952381,714639.0,587091.0,727241.0,all valid TSETMC Bank Maskan mortgage-facility certificates traded that day,Derived from standardized TSETMC instrument-day observations
2017-04-16,1396/01/27,1396,1,27,21,1978.0,39012.0,28030438421.0,718508.1108633241,697536.4285714285,717000.0,557737.0,725594.0,all valid TSETMC Bank Maskan mortgage-facility certificates traded that day,Derived from standardized TSETMC instrument-day observations
2017-04-17,1396/01/28,1396,1,28,21,2212.0,41285.0,29512183936.0,714840.3520891365,694889.4285714285,717355.0,529851.0,727130.0,all valid TSETMC Bank Maskan mortgage-facility certificates traded that day,Derived from standardized TSETMC instrument-day observations
2017-04-18,1396/01/29,1396,1,29,21,2178.0,38057.0,27010717571.0,709743.7415193,696817.7142857143,721284.0,503359.0,735921.0,all valid TSETMC Bank Maskan mortgage-facility certificates traded that day,Derived from standardized TSETMC instrument-day observations
2017-04-19,1396/01/30,1396,1,30,21,2527.0,41870.0,29531409578.0,705311.9077621208,695358.1904761905,718796.0,478872.0,727131.0,all valid TSETMC Bank Maskan mortgage-facility certificates traded that day,Derived from standardized TSETMC instrument-day observations
2017-04-22,1396/02/02,1396,2,2,22,1099.0,24179.0,17297797015.0,715405.8073121303,703131.7727272727,721696.5,496018.0,732083.0,all valid TSETMC Bank Maskan mortgage-facility certificates traded that day,Derived from standardized TSETMC instrument-day observations
2017-04-23,1396/02/03,1396,2,3,22,7431.0,89249.0,61990245555.0,694576.3600152383,688065.7272727273,699783.0,504982.0,710081.0,all valid TSETMC Bank Maskan mortgage-facility certificates traded that day,Derived from standardized TSETMC instrument-day observations
2017-04-24,1396/02/04,1396,2,4,22,6266.0,68452.0,48783871292.0,712672.6946181266,700605.7727272727,710231.5,528796.0,717507.0,all valid TSETMC Bank Maskan mortgage-facility certificates traded that day,Derived from standardized TSETMC instrument-day observations
2017-04-26,1396/02/06,1396,2,6,22,4747.0,57646.0,41063337579.0,712336.286628734,702708.1818181818,710669.0,554685.0,722668.0,all valid TSETMC Bank Maskan mortgage-facility certificates traded that day,Derived from standardized TSETMC instrument-day observations
2017-04-29,1396/02/09,1396,2,9,22,4752.0,58515.0,41709622440.0,712802.2291720072,704487.2727272727,713144.0,579500.0,717223.0,all valid TSETMC Bank Maskan mortgage-facility certificates traded that day,Derived from standardized TSETMC instrument-day observations
2017-04-30,1396/02/10,1396,2,10,22,3504.0,51355.0,36701404891.0,714660.7904001558,706802.8636363636,714271.0,607881.0,719307.0,all valid TSETMC Bank Maskan mortgage-facility certificates traded that day,Derived from standardized TSETMC instrument-day observations
2017-05-01,1396/02/11,1396,2,11,22,3834.0,62593.0,45152565472.0,721367.6524851022,713637.1818181818,721271.5,632149.0,728064.0,all valid TSETMC Bank Maskan mortgage-facility certificates traded that day,Derived from standardized TSETMC instrument-day observations
2017-05-02,1396/02/12,1396,2,12,22,3178.0,52150.0,37989277508.0,728461.6971812081,723594.5909090909,731734.0,621402.0,738242.0,all valid TSETMC Bank Maskan mortgage-facility certificates traded that day,Derived from standardized TSETMC instrument-day observations
2017-05-03,1396/02/13,1396,2,13,22,3521.0,63407.0,46918651390.0,739960.1209645623,734814.4545454546,740409.5,632520.0,747936.0,all valid TSETMC Bank Maskan mortgage-facility certificates traded that day,Derived from standardized TSETMC instrument-day observations
2017-05-06,1396/02/16,1396,2,16,21,4210.0,72743.0,54475258702.0,748872.8633957907,747232.8571428572,748486.0,737753.0,754340.0,all valid TSETMC Bank Maskan mortgage-facility certificates traded that day,Derived from standardized TSETMC instrument-day observations
2017-05-07,1396/02/17,1396,2,17,21,3345.0,62051.0,46454166335.0,748644.9265120627,745831.380952381,747772.0,734169.0,754317.0,all valid TSETMC Bank Maskan mortgage-facility certificates traded that day,Derived from standardized TSETMC instrument-day observations
2017-05-08,1396/02/18,1396,2,18,21,3541.0,78599.0,58881761016.0,749141.3506024249,748319.2857142857,750141.0,736265.0,757563.0,all valid TSETMC Bank Maskan mortgage-facility certificates traded that day,Derived from standardized TSETMC instrument-day observations
2017-05-09,1396/02/19,1396,2,19,21,2860.0,64033.0,48102098414.0,751207.9461215311,750834.1428571428,750250.0,741852.0,765089.0,all valid TSETMC Bank Maskan mortgage-facility certificates traded that day,Derived from standardized TSETMC instrument-day observations
2017-05-10,1396/02/20,1396,2,20,21,3062.0,63868.0,47990823652.0,751406.3952527087,750604.7619047619,752709.0,738133.0,760079.0,all valid TSETMC Bank Maskan mortgage-facility certificates traded that day,Derived from standardized TSETMC instrument-day observations
2017-05-13,1396/02/23,1396,2,23,21,3327.0,75278.0,56755004448.0,753938.792847844,752910.4761904762,753304.0,744220.0,763328.0,all valid TSETMC Bank Maskan mortgage-facility certificates traded that day,Derived from standardized TSETMC instrument-day observations
2017-05-14,1396/02/24,1396,2,24,21,2445.0,63059.0,47098864326.0,746901.541825909,745619.2857142857,745911.0,730109.0,758419.0,all valid TSETMC Bank Maskan mortgage-facility certificates traded that day,Derived from standardized TSETMC instrument-day observations
2017-05-15,1396/02/25,1396,2,25,21,2373.0,60747.0,45369846670.0,746865.6340230793,746872.380952381,749897.0,727013.0,759051.0,all valid TSETMC Bank Maskan mortgage-facility certificates traded that day,Derived from standardized TSETMC instrument-day observations
2017-05-16,1396/02/26,1396,2,26,21,2381.0,60771.0,45372178360.0,746609.0464201675,746357.0,750666.0,716359.0,759484.0,all valid TSETMC Bank Maskan mortgage-facility certificates traded that day,Derived from standardized TSETMC instrument-day observations
2017-05-17,1396/02/27,1396,2,27,21,2080.0,52053.0,39273104504.0,754483.0173861256,748055.8571428572,752162.0,718757.0,761381.0,all valid TSETMC Bank Maskan mortgage-facility certificates traded that day,Derived from standardized TSETMC instrument-day observations
2017-05-20,1396/02/30,1396,2,30,21,2092.0,49099.0,37032368504.0,754238.7523982158,748946.0,750724.0,732827.0,761807.0,all valid TSETMC Bank Maskan mortgage-facility certificates traded that day,Derived from standardized TSETMC instrument-day observations
2017-05-21,1396/02/31,1396,2,31,21,2267.0,50590.0,38130998880.0,753726.0106740462,748517.619047619,752005.0,727336.0,761361.0,all valid TSETMC Bank Maskan mortgage-facility certificates traded that day,Derived from standardized TSETMC instrument-day observations
2017-05-22,1396/03/01,1396,3,1,22,2430.0,50076.0,37730303967.0,753460.8188952792,748722.1363636364,750613.5,726941.0,759955.0,all valid TSETMC Bank Maskan mortgage-facility certificates traded that day,Derived from standardized TSETMC instrument-day observations
2017-05-23,1396/03/02,1396,3,2,22,5920.0,77782.0,57263008729.0,736198.7185852767,735835.2272727273,736782.0,718568.0,745948.0,all valid TSETMC Bank Maskan mortgage-facility certificates traded that day,Derived from standardized TSETMC instrument-day observations
2017-05-24,1396/03/03,1396,3,3,22,4892.0,73317.0,54254416152.0,739997.7652113425,735529.6818181818,738426.5,718776.0,742970.0,all valid TSETMC Bank Maskan mortgage-facility certificates traded that day,Derived from standardized TSETMC instrument-day observations
2017-05-27,1396/03/06,1396,3,6,22,6755.0,87400.0,64714957777.0,740445.7411556065,736725.7272727273,737525.0,719528.0,743470.0,all valid TSETMC Bank Maskan mortgage-facility certificates traded that day,Derived from standardized TSETMC instrument-day observations
2017-05-28,1396/03/07,1396,3,7,22,4542.0,72696.0,54408791501.0,748442.7135055574,742425.1818181818,745574.0,715943.0,751374.0,all valid TSETMC Bank Maskan mortgage-facility certificates traded that day,Derived from standardized TSETMC instrument-day observations
2017-05-29,1396/03/08,1396,3,8,22,4530.0,79761.0,60162201308.0,754280.9306302579,751030.0454545454,754648.0,725612.0,760609.0,all valid TSETMC Bank Maskan mortgage-facility certificates traded that day,Derived from standardized TSETMC instrument-day observations
2017-05-30,1396/03/09,1396,3,9,22,4192.0,77853.0,58821035198.0,755539.7376851245,753131.0909090909,755261.0,733224.0,761745.0,all valid TSETMC Bank Maskan mortgage-facility certificates traded that day,Derived from standardized TSETMC instrument-day observations
2017-05-31,1396/03/10,1396,3,10,22,3538.0,73640.0,55699738067.0,756378.8439299294,753051.3636363636,756090.5,721988.0,763124.0,all valid TSETMC Bank Maskan mortgage-facility certificates traded that day,Derived from standardized TSETMC instrument-day observations
2017-06-03,1396/03/13,1396,3,13,22,3795.0,69018.0,52401388785.0,759242.3539511432,755465.0,757024.0,725171.0,766056.0,all valid TSETMC Bank Maskan mortgage-facility certificates traded that day,Derived from standardized TSETMC instrument-day observations
2017-06-06,1396/03/16,1396,3,16,21,3486.0,74274.0,56509223396.0,760821.0598055847,760679.1904761905,761807.0,749445.0,768959.0,all valid TSETMC Bank Maskan mortgage-facility certificates traded that day,Derived from standardized TSETMC instrument-day observations
2017-06-07,1396/03/17,1396,3,17,21,3268.0,81123.0,61887247778.0,762881.6461176239,762297.2857142857,762068.0,753723.0,771103.0,all valid TSETMC Bank Maskan mortgage-facility certificates traded that day,Derived from standardized TSETMC instrument-day observations
2017-06-10,1396/03/20,1396,3,20,21,4297.0,94625.0,71871211228.0,759537.2388692206,760870.6666666666,762340.0,748793.0,768055.0,all valid TSETMC Bank Maskan mortgage-facility certificates traded that day,Derived from standardized TSETMC instrument-day observations
2017-06-11,1396/03/21,1396,3,21,21,3786.0,96619.0,73518916250.0,760915.7230979414,762861.6666666666,763852.0,747801.0,773197.0,all valid TSETMC Bank Maskan mortgage-facility certificates traded that day,Derived from standardized TSETMC instrument-day observations
2017-06-12,1396/03/22,1396,3,22,21,3388.0,74242.0,56736391809.0,764208.8280084049,763000.5714285715,764717.0,752109.0,771318.0,all valid TSETMC Bank Maskan mortgage-facility certificates traded that day,Derived from standardized TSETMC instrument-day observations
2017-06-13,1396/03/23,1396,3,23,21,2783.0,61850.0,47191062408.0,762992.1165400161,761604.0476190476,762471.0,751190.0,770792.0,all valid TSETMC Bank Maskan mortgage-facility certificates traded that day,Derived from standardized TSETMC instrument-day observations
2017-06-14,1396/03/24,1396,3,24,21,2559.0,74043.0,56357142332.0,761140.720014046,763290.3333333334,764888.0,752375.0,773100.0,all valid TSETMC Bank Maskan mortgage-facility certificates traded that day,Derived from standardized TSETMC instrument-day observations
2017-06-17,1396/03/27,1396,3,27,21,3183.0,73793.0,56450747129.0,764987.8325721952,762327.2857142857,764980.0,747943.0,771012.0,all valid TSETMC Bank Maskan mortgage-facility certificates traded that day,Derived from standardized TSETMC instrument-day observations
2017-06-18,1396/03/28,1396,3,28,21,2559.0,66323.0,50644351880.0,763601.6446783168,762545.8571428572,765431.0,746023.0,772897.0,all valid TSETMC Bank Maskan mortgage-facility certificates traded that day,Derived from standardized TSETMC instrument-day observations
2017-06-19,1396/03/29,1396,3,29,21,2703.0,74268.0,56653783581.0,762828.9920423331,763445.9047619047,765968.0,744721.0,772941.0,all valid TSETMC Bank Maskan mortgage-facility certificates traded that day,Derived from standardized TSETMC instrument-day observations
2017-06-20,1396/03/30,1396,3,30,21,2456.0,60640.0,46213901295.0,762102.5939149077,762586.1428571428,765116.0,742012.0,772978.0,all valid TSETMC Bank Maskan mortgage-facility certificates traded that day,Derived from standardized TSETMC instrument-day observations
2017-06-21,1396/03/31,1396,3,31,21,2434.0,52488.0,40110389381.0,764182.0869722604,762773.1428571428,765776.0,746556.0,772999.0,all valid TSETMC Bank Maskan mortgage-facility certificates traded that day,Derived from standardized TSETMC instrument-day observations
2017-06-24,1396/04/03,1396,4,3,22,3659.0,70570.0,54055308177.0,765981.411038685,763785.6363636364,767054.5,736752.0,777103.0,all valid TSETMC Bank Maskan mortgage-facility certificates traded that day,Derived from standardized TSETMC instrument-day observations
2017-06-25,1396/04/04,1396,4,4,22,6960.0,113538.0,84730124892.0,746271.0712889077,750065.6818181818,751260.0,741567.0,759924.0,all valid TSETMC Bank Maskan mortgage-facility certificates traded that day,Derived from standardized TSETMC instrument-day observations
2017-06-28,1396/04/07,1396,4,7,22,4578.0,61663.0,46233714834.0,749780.4977701377,747635.3636363636,748616.5,729327.0,762657.0,all valid TSETMC Bank Maskan mortgage-facility certificates traded that day,Derived from standardized TSETMC instrument-day observations
2017-07-01,1396/04/10,1396,4,10,22,6234.0,88298.0,66219944145.0,749959.7289293075,745712.7272727273,747678.0,722390.0,753805.0,all valid TSETMC Bank Maskan mortgage-facility certificates traded that day,Derived from standardized TSETMC instrument-day observations
2017-07-02,1396/04/11,1396,4,11,22,4588.0,69216.0,52161712947.0,753607.7344400139,748722.5909090909,752680.0,717765.0,755520.0,all valid TSETMC Bank Maskan mortgage-facility certificates traded that day,Derived from standardized TSETMC instrument-day observations
2017-07-03,1396/04/12,1396,4,12,20,545.0,23655.0,18019014071.0,761742.2984992602,762187.05,764275.5,726230.0,783100.0,all valid TSETMC Bank Maskan mortgage-facility certificates traded that day,Derived from standardized TSETMC instrument-day observations
2017-07-04,1396/04/13,1396,4,13,22,7034.0,138059.0,105862049125.0,766788.4681549192,764154.1363636364,768792.0,733619.0,772920.0,all valid TSETMC Bank Maskan mortgage-facility certificates traded that day,Derived from standardized TSETMC instrument-day observations
2017-07-05,1396/04/14,1396,4,14,22,4815.0,93378.0,71883761317.0,769814.7456253079,767895.7272727273,770273.0,743706.0,775975.0,all valid TSETMC Bank Maskan mortgage-facility certificates traded that day,Derived from standardized TSETMC instrument-day observations
2017-07-08,1396/04/17,1396,4,17,20,4226.0,86522.0,66685081729.0,770729.7765770556,771282.55,771377.5,758804.0,776182.0,all valid TSETMC Bank Maskan mortgage-facility certificates traded that day,Derived from standardized TSETMC instrument-day observations
2017-07-09,1396/04/18,1396,4,18,20,3687.0,83796.0,64583928959.0,770728.0652895126,772188.95,772826.0,758274.0,778837.0,all valid TSETMC Bank Maskan mortgage-facility certificates traded that day,Derived from standardized TSETMC instrument-day observations
2017-07-10,1396/04/19,1396,4,19,20,3571.0,87787.0,67897830593.0,773438.3290578332,776052.35,777694.0,761155.0,780922.0,all valid TSETMC Bank Maskan mortgage-facility certificates traded that day,Derived from standardized TSETMC instrument-day observations
2017-07-11,1396/04/20,1396,4,20,20,3359.0,87201.0,67422151431.0,773180.9432345959,775908.5,777300.5,759582.0,782182.0,all valid TSETMC Bank Maskan mortgage-facility certificates traded that day,Derived from standardized TSETMC instrument-day observations
2017-07-12,1396/04/21,1396,4,21,20,2834.0,75882.0,58726435398.0,773917.8645528584,777255.55,778296.5,757538.0,784149.0,all valid TSETMC Bank Maskan mortgage-facility certificates traded that day,Derived from standardized TSETMC instrument-day observations
2017-07-15,1396/04/24,1396,4,24,20,3867.0,82860.0,64010276663.0,772511.1834781559,774306.9,778012.0,757889.0,780125.0,all valid TSETMC Bank Maskan mortgage-facility certificates traded that day,Derived from standardized TSETMC instrument-day observations
2017-07-16,1396/04/25,1396,4,25,20,3206.0,77001.0,59276698947.0,769817.2614251763,773012.0,775703.5,757384.0,779056.0,all valid TSETMC Bank Maskan mortgage-facility certificates traded that day,Derived from standardized TSETMC instrument-day observations
2017-07-17,1396/04/26,1396,4,26,20,2781.0,72934.0,56178583627.0,770266.043642197,772712.75,775918.5,756887.0,780308.0,all valid TSETMC Bank Maskan mortgage-facility certificates traded that day,Derived from standardized TSETMC instrument-day observations
2017-07-18,1396/04/27,1396,4,27,20,2785.0,67643.0,52184003358.0,771461.989533285,771793.95,774756.0,752293.0,779051.0,all valid TSETMC Bank Maskan mortgage-facility certificates traded that day,Derived from standardized TSETMC instrument-day observations
2017-07-19,1396/04/28,1396,4,28,20,2706.0,67173.0,51794153615.0,771056.1328956574,770521.75,774125.0,743493.0,778746.0,all valid TSETMC Bank Maskan mortgage-facility certificates traded that day,Derived from standardized TSETMC instrument-day observations
2017-07-22,1396/04/31,1396,4,31,20,2044.0,56034.0,43169114341.0,770409.2933040654,768328.4,769459.5,747073.0,780675.0,all valid TSETMC Bank Maskan mortgage-facility certificates traded that day,Derived from standardized TSETMC instrument-day observations
2017-07-23,1396/05/01,1396,5,1,21,2634.0,64892.0,49925760291.0,769366.9526443938,771266.0952380953,774013.0,746433.0,782253.0,all valid TSETMC Bank Maskan mortgage-facility certificates traded that day,Derived from standardized TSETMC instrument-day observations
2017-07-24,1396/05/02,1396,5,2,21,6287.0,99066.0,75697254208.0,764109.3231582985,766116.4285714285,765680.0,750456.0,778255.0,all valid TSETMC Bank Maskan mortgage-facility certificates traded that day,Derived from standardized TSETMC instrument-day observations
2017-07-25,1396/05/03,1396,5,3,21,5445.0,100771.0,77244460849.0,766534.6265195344,766089.1428571428,766363.0,754927.0,775700.0,all valid TSETMC Bank Maskan mortgage-facility certificates traded that day,Derived from standardized TSETMC instrument-day observations
2017-07-26,1396/05/04,1396,5,4,21,5135.0,94850.0,72577350476.0,765180.2896784396,766769.9523809524,768108.0,753042.0,772930.0,all valid TSETMC Bank Maskan mortgage-facility certificates traded that day,Derived from standardized TSETMC instrument-day observations
2017-07-29,1396/05/07,1396,5,7,21,4968.0,90094.0,68864396710.0,764361.63018625,762260.0952380953,763865.0,743673.0,768198.0,all valid TSETMC Bank Maskan mortgage-facility certificates traded that day,Derived from standardized TSETMC instrument-day observations
2017-07-30,1396/05/08,1396,5,8,21,4446.0,99724.0,76483264751.0,766949.4279310898,767175.8571428572,769378.0,747159.0,774160.0,all valid TSETMC Bank Maskan mortgage-facility certificates traded that day,Derived from standardized TSETMC instrument-day observations
2017-07-31,1396/05/09,1396,5,9,21,3699.0,82668.0,63451614646.0,767547.4747907292,769347.619047619,773338.0,741500.0,777146.0,all valid TSETMC Bank Maskan mortgage-facility certificates traded that day,Derived from standardized TSETMC instrument-day observations
2017-08-01,1396/05/10,1396,5,10,21,3725.0,87565.0,67567726257.0,771629.3754011306,773260.3333333334,779535.0,726318.0,784169.0,all valid TSETMC Bank Maskan mortgage-facility certificates traded that day,Derived from standardized TSETMC instrument-day observations
2017-08-02,1396/05/11,1396,5,11,16,614.0,31290.0,24046341551.0,768499.2505912432,775815.375,781016.5,735961.0,798604.0,all valid TSETMC Bank Maskan mortgage-facility certificates traded that day,Derived from standardized TSETMC instrument-day observations
2017-08-06,1396/05/15,1396,5,15,21,1011.0,41826.0,32296613376.0,772165.958399082,772890.8095238095,779719.0,704899.0,799755.0,all valid TSETMC Bank Maskan mortgage-facility certificates traded that day,Derived from standardized TSETMC instrument-day observations
2017-08-07,1396/05/16,1396,5,16,19,1863.0,80349.0,62371304334.0,776254.8922077437,788985.2631578947,791758.0,768633.0,797400.0,all valid TSETMC Bank Maskan mortgage-facility certificates traded that day,Derived from standardized TSETMC instrument-day observations
2017-08-08,1396/05/17,1396,5,17,19,2018.0,93898.0,73225985163.0,779846.0580949541,792523.1052631579,796538.0,770877.0,801767.0,all valid TSETMC Bank Maskan mortgage-facility certificates traded that day,Derived from standardized TSETMC instrument-day observations
2017-08-09,1396/05/18,1396,5,18,19,1869.0,81656.0,63967826080.0,783381.8222788282,797999.947368421,800688.0,768579.0,808603.0,all valid TSETMC Bank Maskan mortgage-facility certificates traded that day,Derived from standardized TSETMC instrument-day observations
2017-08-12,1396/05/21,1396,5,21,19,3065.0,100493.0,78983570596.0,785960.9186311484,796017.6842105263,796223.0,770816.0,819359.0,all valid TSETMC Bank Maskan mortgage-facility certificates traded that day,Derived from standardized TSETMC instrument-day observations
2017-08-13,1396/05/22,1396,5,22,19,3504.0,100483.0,78772661911.0,783940.1880019506,792754.1578947369,794655.0,768641.0,800655.0,all valid TSETMC Bank Maskan mortgage-facility certificates traded that day,Derived from standardized TSETMC instrument-day observations
2017-08-14,1396/05/23,1396,5,23,19,3142.0,104034.0,81245764615.0,780953.9632716228,795040.1578947369,796624.0,766267.0,803139.0,all valid TSETMC Bank Maskan mortgage-facility certificates traded that day,Derived from standardized TSETMC instrument-day observations
2017-08-15,1396/05/24,1396,5,24,19,3170.0,95796.0,74857604618.0,781427.2476721366,791016.4210526316,793384.0,768021.0,799141.0,all valid TSETMC Bank Maskan mortgage-facility certificates traded that day,Derived from standardized TSETMC instrument-day observations
2017-08-16,1396/05/25,1396,5,25,19,3004.0,95141.0,74765610087.0,785840.0698647271,795024.6842105263,797389.0,772434.0,801039.0,all valid TSETMC Bank Maskan mortgage-facility certificates traded that day,Derived from standardized TSETMC instrument-day observations
2017-08-19,1396/05/28,1396,5,28,19,3286.0,87988.0,69238990118.0,786914.0123425921,793729.1052631579,795402.0,771403.0,801234.0,all valid TSETMC Bank Maskan mortgage-facility certificates traded that day,Derived from standardized TSETMC instrument-day observations
2017-08-20,1396/05/29,1396,5,29,19,2715.0,83566.0,65542539213.0,784320.6473087141,793266.6315789474,796518.0,771539.0,801168.0,all valid TSETMC Bank Maskan mortgage-facility certificates traded that day,Derived from standardized TSETMC instrument-day observations
2017-08-21,1396/05/30,1396,5,30,19,2714.0,64332.0,50769446300.0,789178.73375614,791491.5789473684,793593.0,773303.0,800952.0,all valid TSETMC Bank Maskan mortgage-facility certificates traded that day,Derived from standardized TSETMC instrument-day observations
2017-08-22,1396/05/31,1396,5,31,19,2562.0,74230.0,58008640955.0,781471.6550586016,790205.3157894737,793938.0,768997.0,799873.0,all valid TSETMC Bank Maskan mortgage-facility certificates traded that day,Derived from standardized TSETMC instrument-day observations
2017-08-23,1396/06/01,1396,6,1,20,2408.0,64429.0,50476742585.0,783447.555991867,789532.55,792186.5,767498.0,800586.0,all valid TSETMC Bank Maskan mortgage-facility certificates traded that day,Derived from standardized TSETMC instrument-day observations
2017-08-26,1396/06/04,1396,6,4,20,5684.0,95817.0,73655454947.0,768709.6751829007,770249.75,768181.0,758188.0,787893.0,all valid TSETMC Bank Maskan mortgage-facility certificates traded that day,Derived from standardized TSETMC instrument-day observations
2017-08-27,1396/06/05,1396,6,5,20,5140.0,99466.0,77146585727.0,775607.6018639535,777887.3,778974.0,758411.0,791348.0,all valid TSETMC Bank Maskan mortgage-facility certificates traded that day,Derived from standardized TSETMC instrument-day observations
2017-08-28,1396/06/06,1396,6,6,20,3831.0,99470.0,77267308552.0,776790.0729064039,781978.15,784438.0,764699.0,792000.0,all valid TSETMC Bank Maskan mortgage-facility certificates traded that day,Derived from standardized TSETMC instrument-day observations
2017-08-29,1396/06/07,1396,6,7,20,5708.0,113463.0,88011072424.0,775680.8159840653,777453.95,777908.5,763375.0,792000.0,all valid TSETMC Bank Maskan mortgage-facility certificates traded that day,Derived from standardized TSETMC instrument-day observations
2017-08-30,1396/06/08,1396,6,8,20,4633.0,73051.0,56318510763.0,770947.8414121642,767385.35,765993.0,753818.0,777265.0,all valid TSETMC Bank Maskan mortgage-facility certificates traded that day,Derived from standardized TSETMC instrument-day observations
2017-09-02,1396/06/11,1396,6,11,20,4656.0,100227.0,77176631154.0,770018.3698404621,767034.35,768697.0,749530.0,776779.0,all valid TSETMC Bank Maskan mortgage-facility certificates traded that day,Derived from standardized TSETMC instrument-day observations
2017-09-03,1396/06/12,1396,6,12,20,4242.0,84700.0,65515381515.0,773499.1914403779,768952.65,772604.0,727626.0,782741.0,all valid TSETMC Bank Maskan mortgage-facility certificates traded that day,Derived from standardized TSETMC instrument-day observations
2017-09-04,1396/06/13,1396,6,13,20,3738.0,81131.0,62486942053.0,770198.1000234189,769192.4,773746.5,737489.0,779607.0,all valid TSETMC Bank Maskan mortgage-facility certificates traded that day,Derived from standardized TSETMC instrument-day observations
2017-09-05,1396/06/14,1396,6,14,20,3805.0,79031.0,61377835888.0,776629.8779972416,777822.7,782032.0,745710.0,788455.0,all valid TSETMC Bank Maskan mortgage-facility certificates traded that day,Derived from standardized TSETMC instrument-day observations
2017-09-06,1396/06/15,1396,6,15,20,3283.0,54561.0,43052248950.0,789066.3468411503,781376.45,784031.0,748676.0,791006.0,all valid TSETMC Bank Maskan mortgage-facility certificates traded that day,Derived from standardized TSETMC instrument-day observations
2017-09-10,1396/06/19,1396,6,19,18,2982.0,86758.0,67732276043.0,780703.5206321031,789375.4444444445,790560.0,767011.0,797187.0,all valid TSETMC Bank Maskan mortgage-facility certificates traded that day,Derived from standardized TSETMC instrument-day observations
2017-09-11,1396/06/20,1396,6,20,18,3082.0,74961.0,58392488623.0,778971.5801950347,782890.7222222222,783202.5,765738.0,792842.0,all valid TSETMC Bank Maskan mortgage-facility certificates traded that day,Derived from standardized TSETMC instrument-day observations
2017-09-12,1396/06/21,1396,6,21,18,3717.0,84638.0,65290279085.0,771406.213343888,769410.6111111111,769240.5,761255.0,778449.0,all valid TSETMC Bank Maskan mortgage-facility certificates traded that day,Derived from standardized TSETMC instrument-day observations
2017-09-13,1396/06/22,1396,6,22,18,2824.0,71468.0,55404720695.0,775238.1582666368,775642.9444444445,777480.0,764160.0,784935.0,all valid TSETMC Bank Maskan mortgage-facility certificates traded that day,Derived from standardized TSETMC instrument-day observations
2017-09-16,1396/06/25,1396,6,25,19,2804.0,68042.0,52306737979.0,768741.9237970666,761886.1052631579,761807.0,707567.0,778358.0,all valid TSETMC Bank Maskan mortgage-facility certificates traded that day,Derived from standardized TSETMC instrument-day observations
2017-09-17,1396/06/26,1396,6,26,20,2919.0,62277.0,48119799392.0,772673.6899979125,765259.0,766829.5,722481.0,780902.0,all valid TSETMC Bank Maskan mortgage-facility certificates traded that day,Derived from standardized TSETMC instrument-day observations
2017-09-18,1396/06/27,1396,6,27,20,3226.0,95489.0,73901434954.0,773926.158552294,771765.4,776441.5,737156.0,790942.0,all valid TSETMC Bank Maskan mortgage-facility certificates traded that day,Derived from standardized TSETMC instrument-day observations
2017-09-19,1396/06/28,1396,6,28,20,1722.0,32563.0,24931915862.0,765651.686331112,757514.2,763482.5,718686.0,777528.0,all valid TSETMC Bank Maskan mortgage-facility certificates traded that day,Derived from standardized TSETMC instrument-day observations
2017-09-20,1396/06/29,1396,6,29,20,1968.0,51925.0,39767067832.0,765855.9043235435,756192.5,762522.0,684648.0,778859.0,all valid TSETMC Bank Maskan mortgage-facility certificates traded that day,Derived from standardized TSETMC instrument-day observations
2017-09-23,1396/07/01,1396,7,1,21,2760.0,78706.0,61472628601.0,781041.1989047849,775476.7619047619,784305.0,715634.0,794078.0,all valid TSETMC Bank Maskan mortgage-facility certificates traded that day,Derived from standardized TSETMC instrument-day observations
2017-09-24,1396/07/02,1396,7,2,21,6004.0,111488.0,86113463109.0,772401.1831676952,773217.619047619,776898.0,735549.0,793538.0,all valid TSETMC Bank Maskan mortgage-facility certificates traded that day,Derived from standardized TSETMC instrument-day observations
2017-09-25,1396/07/03,1396,7,3,21,5877.0,83211.0,63371234897.0,761572.8076456238,760852.3333333334,762131.0,735966.0,778745.0,all valid TSETMC Bank Maskan mortgage-facility certificates traded that day,Derived from standardized TSETMC instrument-day observations
2017-09-26,1396/07/04,1396,7,4,21,5256.0,79699.0,60537075358.0,759571.3291007415,753442.7619047619,756324.0,734132.0,762488.0,all valid TSETMC Bank Maskan mortgage-facility certificates traded that day,Derived from standardized TSETMC instrument-day observations
2017-09-27,1396/07/05,1396,7,5,21,4677.0,72586.0,55341121808.0,762421.4284848318,753132.8095238095,759387.0,711202.0,765078.0,all valid TSETMC Bank Maskan mortgage-facility certificates traded that day,Derived from standardized TSETMC instrument-day observations
2017-10-02,1396/07/10,1396,7,10,21,4326.0,66049.0,50159540326.0,759429.2165816288,752779.1904761905,753983.0,728622.0,766402.0,all valid TSETMC Bank Maskan mortgage-facility certificates traded that day,Derived from standardized TSETMC instrument-day observations
2017-10-03,1396/07/11,1396,7,11,21,3536.0,60436.0,45799159868.0,757812.5598649811,751137.2857142857,754833.0,715230.0,761385.0,all valid TSETMC Bank Maskan mortgage-facility certificates traded that day,Derived from standardized TSETMC instrument-day observations
2017-10-04,1396/07/12,1396,7,12,21,3430.0,65776.0,49959197497.0,759535.354795062,751860.2380952381,756306.0,712227.0,763715.0,all valid TSETMC Bank Maskan mortgage-facility certificates traded that day,Derived from standardized TSETMC instrument-day observations
2017-10-07,1396/07/15,1396,7,15,21,3665.0,69750.0,53248633471.0,763421.2684014337,757142.6666666666,762470.0,717258.0,769380.0,all valid TSETMC Bank Maskan mortgage-facility certificates traded that day,Derived from standardized TSETMC instrument-day observations
2017-10-08,1396/07/16,1396,7,16,18,3119.0,67767.0,51927310331.0,766262.4925258607,769080.0555555555,770856.5,757830.0,773908.0,all valid TSETMC Bank Maskan mortgage-facility certificates traded that day,Derived from standardized TSETMC instrument-day observations
2017-10-09,1396/07/17,1396,7,17,18,3757.0,75992.0,58193447120.0,765783.8604063586,767360.2222222222,768063.5,757047.0,771673.0,all valid TSETMC Bank Maskan mortgage-facility certificates traded that day,Derived from standardized TSETMC instrument-day observations
2017-10-10,1396/07/18,1396,7,18,18,2935.0,63630.0,48824537739.0,767319.467845356,769477.8888888889,771228.5,757306.0,774929.0,all valid TSETMC Bank Maskan mortgage-facility certificates traded that day,Derived from standardized TSETMC instrument-day observations
2017-10-11,1396/07/19,1396,7,19,18,2736.0,57393.0,44200732604.0,770141.5260397609,772830.5555555555,773405.5,758252.0,777600.0,all valid TSETMC Bank Maskan mortgage-facility certificates traded that day,Derived from standardized TSETMC instrument-day observations
2017-10-14,1396/07/22,1396,7,22,18,3509.0,70345.0,54164584869.0,769984.8584689744,770424.6666666666,770707.5,758596.0,776726.0,all valid TSETMC Bank Maskan mortgage-facility certificates traded that day,Derived from standardized TSETMC instrument-day observations
2017-10-15,1396/07/23,1396,7,23,18,2731.0,73082.0,56310080897.0,770505.4718945841,775958.7777777778,777731.0,758854.0,781308.0,all valid TSETMC Bank Maskan mortgage-facility certificates traded that day,Derived from standardized TSETMC instrument-day observations
2017-10-16,1396/07/24,1396,7,24,18,2598.0,68902.0,53277841096.0,773240.850715509,779015.9444444445,779831.5,759816.0,783989.0,all valid TSETMC Bank Maskan mortgage-facility certificates traded that day,Derived from standardized TSETMC instrument-day observations
2017-10-17,1396/07/25,1396,7,25,18,1194.0,41178.0,32007261406.0,777290.3347904221,780784.3888888889,782564.5,764156.0,789146.0,all valid TSETMC Bank Maskan mortgage-facility certificates traded that day,Derived from standardized TSETMC instrument-day observations
2017-10-18,1396/07/26,1396,7,26,18,3348.0,76431.0,59344789170.0,776449.2047729325,780523.4444444445,779868.5,765070.0,796008.0,all valid TSETMC Bank Maskan mortgage-facility certificates traded that day,Derived from standardized TSETMC instrument-day observations
2017-10-21,1396/07/29,1396,7,29,18,2875.0,69392.0,53675832017.0,773516.1404340558,775679.3888888889,776365.0,763748.0,780787.0,all valid TSETMC Bank Maskan mortgage-facility certificates traded that day,Derived from standardized TSETMC instrument-day observations
2017-10-22,1396/07/30,1396,7,30,18,1947.0,50506.0,39032597819.0,772830.9075951373,774643.3333333334,774280.5,763127.0,783531.0,all valid TSETMC Bank Maskan mortgage-facility certificates traded that day,Derived from standardized TSETMC instrument-day observations
2017-10-23,1396/08/01,1396,8,1,19,2168.0,56385.0,43551413411.0,772393.6048771837,773659.5263157894,775016.0,761214.0,780843.0,all valid TSETMC Bank Maskan mortgage-facility certificates traded that day,Derived from standardized TSETMC instrument-day observations
2017-10-24,1396/08/02,1396,8,2,19,6275.0,95421.0,71822516617.0,752690.8816403098,763197.3157894737,763518.0,740370.0,784551.0,all valid TSETMC Bank Maskan mortgage-facility certificates traded that day,Derived from standardized TSETMC instrument-day observations
2017-10-25,1396/08/03,1396,8,3,19,5321.0,79195.0,59597918951.0,752546.4859018878,752332.1052631579,752463.0,742024.0,763243.0,all valid TSETMC Bank Maskan mortgage-facility certificates traded that day,Derived from standardized TSETMC instrument-day observations
2017-10-28,1396/08/06,1396,8,6,19,5861.0,80679.0,60704936772.0,752425.4982337411,749420.5263157894,751644.0,736202.0,759591.0,all valid TSETMC Bank Maskan mortgage-facility certificates traded that day,Derived from standardized TSETMC instrument-day observations
2017-10-29,1396/08/07,1396,8,7,19,5282.0,76866.0,58081736019.0,755623.2406915931,752594.2631578947,752609.0,744679.0,759930.0,all valid TSETMC Bank Maskan mortgage-facility certificates traded that day,Derived from standardized TSETMC instrument-day observations
2017-10-30,1396/08/08,1396,8,8,19,4245.0,75558.0,57337265233.0,758851.0181979407,756595.2631578947,756531.0,748553.0,764278.0,all valid TSETMC Bank Maskan mortgage-facility certificates traded that day,Derived from standardized TSETMC instrument-day observations
2017-10-31,1396/08/09,1396,8,9,19,3553.0,66505.0,50554532145.0,760161.3735057515,756730.0,759399.0,737447.0,763634.0,all valid TSETMC Bank Maskan mortgage-facility certificates traded that day,Derived from standardized TSETMC instrument-day observations
2017-11-01,1396/08/10,1396,8,10,19,3678.0,64123.0,48740623075.0,760111.3964568096,757411.7368421053,758459.0,751506.0,762745.0,all valid TSETMC Bank Maskan mortgage-facility certificates traded that day,Derived from standardized TSETMC instrument-day observations
2017-11-04,1396/08/13,1396,8,13,19,4008.0,79183.0,60090514845.0,758881.5130141571,756848.3684210526,758171.0,749471.0,763173.0,all valid TSETMC Bank Maskan mortgage-facility certificates traded that day,Derived from standardized TSETMC instrument-day observations
2017-11-05,1396/08/14,1396,8,14,19,3293.0,67834.0,51796419701.0,763576.078382522,761384.947368421,761588.0,753807.0,767989.0,all valid TSETMC Bank Maskan mortgage-facility certificates traded that day,Derived from standardized TSETMC instrument-day observations
2017-11-06,1396/08/15,1396,8,15,19,2519.0,60686.0,46366115114.0,764033.1396697756,764378.3157894737,764393.0,756384.0,770333.0,all valid TSETMC Bank Maskan mortgage-facility certificates traded that day,Derived from standardized TSETMC instrument-day observations
2017-11-07,1396/08/16,1396,8,16,19,2853.0,57511.0,44007607030.0,765203.3007598546,765509.052631579,764342.0,752280.0,775267.0,all valid TSETMC Bank Maskan mortgage-facility certificates traded that day,Derived from standardized TSETMC instrument-day observations
2017-11-08,1396/08/17,1396,8,17,19,3087.0,66819.0,51115905261.0,764990.5754500965,764640.3157894737,764805.0,757313.0,771802.0,all valid TSETMC Bank Maskan mortgage-facility certificates traded that day,Derived from standardized TSETMC instrument-day observations
2017-11-11,1396/08/20,1396,8,20,19,2315.0,53681.0,41060891043.0,764905.4794620071,765019.0,766711.0,753881.0,774339.0,all valid TSETMC Bank Maskan mortgage-facility certificates traded that day,Derived from standardized TSETMC instrument-day observations
2017-11-12,1396/08/21,1396,8,21,19,2992.0,67265.0,51507080468.0,765733.7466438713,764858.8421052631,765353.0,755880.0,772493.0,all valid TSETMC Bank Maskan mortgage-facility certificates traded that day,Derived from standardized TSETMC instrument-day observations
2017-11-13,1396/08/22,1396,8,22,19,2488.0,62798.0,48117350068.0,766224.2438931176,767056.3684210526,768068.0,756778.0,773238.0,all valid TSETMC Bank Maskan mortgage-facility certificates traded that day,Derived from standardized TSETMC instrument-day observations
2017-11-14,1396/08/23,1396,8,23,19,1993.0,53567.0,40936657315.0,764214.1115798906,764638.6315789474,766068.0,756777.0,769912.0,all valid TSETMC Bank Maskan mortgage-facility certificates traded that day,Derived from standardized TSETMC instrument-day observations
2017-11-15,1396/08/24,1396,8,24,19,2426.0,58204.0,44387960956.0,762627.327262731,761945.7368421053,762770.0,751758.0,768795.0,all valid TSETMC Bank Maskan mortgage-facility certificates traded that day,Derived from standardized TSETMC instrument-day observations
2017-11-18,1396/08/27,1396,8,27,19,2668.0,61905.0,47277645743.0,763712.8784912366,761034.3684210526,762224.0,753325.0,768178.0,all valid TSETMC Bank Maskan mortgage-facility certificates traded that day,Derived from standardized TSETMC instrument-day observations
2017-11-20,1396/08/29,1396,8,29,19,2505.0,57662.0,43953155769.0,762255.138028511,760666.3157894737,759869.0,755902.0,767962.0,all valid TSETMC Bank Maskan mortgage-facility certificates traded that day,Derived from standardized TSETMC instrument-day observations
2017-11-21,1396/08/30,1396,8,30,19,2060.0,54413.0,41416279738.0,761146.7799606712,757590.8421052631,756412.0,748937.0,767364.0,all valid TSETMC Bank Maskan mortgage-facility certificates traded that day,Derived from standardized TSETMC instrument-day observations
2017-11-22,1396/09/01,1396,9,1,20,2124.0,56808.0,43342756656.0,762969.241233629,760756.2,760800.0,752683.0,769006.0,all valid TSETMC Bank Maskan mortgage-facility certificates traded that day,Derived from standardized TSETMC instrument-day observations
2017-11-25,1396/09/04,1396,9,4,20,4605.0,73173.0,54401297619.0,743461.3534910418,750027.5,748865.5,737780.0,765538.0,all valid TSETMC Bank Maskan mortgage-facility certificates traded that day,Derived from standardized TSETMC instrument-day observations
2017-11-26,1396/09/05,1396,9,5,20,5025.0,86503.0,65149408284.0,753146.2294255691,752749.6,752830.0,745721.0,759284.0,all valid TSETMC Bank Maskan mortgage-facility certificates traded that day,Derived from standardized TSETMC instrument-day observations
2017-11-28,1396/09/07,1396,9,7,20,7508.0,93682.0,70165776888.0,748978.2123353472,746617.95,747652.5,734993.0,751655.0,all valid TSETMC Bank Maskan mortgage-facility certificates traded that day,Derived from standardized TSETMC instrument-day observations
2017-11-29,1396/09/08,1396,9,8,20,5734.0,74101.0,55357580168.0,747055.7774928813,743308.15,744410.0,728351.0,751639.0,all valid TSETMC Bank Maskan mortgage-facility certificates traded that day,Derived from standardized TSETMC instrument-day observations
2017-12-02,1396/09/11,1396,9,11,20,6580.0,81872.0,61141620863.0,746795.2518931992,743935.1,744751.0,735812.0,749471.0,all valid TSETMC Bank Maskan mortgage-facility certificates traded that day,Derived from standardized TSETMC instrument-day observations
2017-12-03,1396/09/12,1396,9,12,20,5725.0,77963.0,58384737066.0,748877.5068429896,745698.65,746058.5,739772.0,750169.0,all valid TSETMC Bank Maskan mortgage-facility certificates traded that day,Derived from standardized TSETMC instrument-day observations
2017-12-04,1396/09/13,1396,9,13,20,3644.0,70011.0,51847426778.0,740561.1515047635,737524.85,737915.0,729984.0,745070.0,all valid TSETMC Bank Maskan mortgage-facility certificates traded that day,Derived from standardized TSETMC instrument-day observations
2017-12-05,1396/09/14,1396,9,14,20,3603.0,61082.0,45385481688.0,743025.4688451589,737215.35,737866.5,726622.0,746741.0,all valid TSETMC Bank Maskan mortgage-facility certificates traded that day,Derived from standardized TSETMC instrument-day observations
2017-12-09,1396/09/18,1396,9,18,20,4121.0,71740.0,53628479734.0,747539.444298857,743323.0,745636.0,735825.0,748910.0,all valid TSETMC Bank Maskan mortgage-facility certificates traded that day,Derived from standardized TSETMC instrument-day observations
2017-12-10,1396/09/19,1396,9,19,20,3916.0,74407.0,55758120349.0,749366.5965433359,746981.8,747968.5,735576.0,757119.0,all valid TSETMC Bank Maskan mortgage-facility certificates traded that day,Derived from standardized TSETMC instrument-day observations
2017-12-11,1396/09/20,1396,9,20,20,3420.0,74856.0,56039694914.0,748633.3081382922,745744.2,746229.0,741134.0,751831.0,all valid TSETMC Bank Maskan mortgage-facility certificates traded that day,Derived from standardized TSETMC instrument-day observations
2017-12-12,1396/09/21,1396,9,21,20,2946.0,58470.0,43766128850.0,748522.8125534462,745640.85,746420.5,738943.0,751715.0,all valid TSETMC Bank Maskan mortgage-facility certificates traded that day,Derived from standardized TSETMC instrument-day observations
2017-12-13,1396/09/22,1396,9,22,20,3449.0,69538.0,52210125575.0,750814.3112398976,748482.15,749316.5,741958.0,754512.0,all valid TSETMC Bank Maskan mortgage-facility certificates traded that day,Derived from standardized TSETMC instrument-day observations
2017-12-16,1396/09/25,1396,9,25,20,3389.0,68549.0,51473998825.0,750908.0923864681,747550.75,746725.5,741668.0,755599.0,all valid TSETMC Bank Maskan mortgage-facility certificates traded that day,Derived from standardized TSETMC instrument-day observations
2017-12-17,1396/09/26,1396,9,26,20,3141.0,65605.0,49123019540.0,748769.4465360872,744662.7,743362.0,736809.0,752116.0,all valid TSETMC Bank Maskan mortgage-facility certificates traded that day,Derived from standardized TSETMC instrument-day observations
2017-12-18,1396/09/27,1396,9,27,20,2910.0,66594.0,49870307226.0,748870.8776466348,746494.0,747202.5,740997.0,752702.0,all valid TSETMC Bank Maskan mortgage-facility certificates traded that day,Derived from standardized TSETMC instrument-day observations
2017-12-19,1396/09/28,1396,9,28,20,2609.0,57696.0,43238803523.0,749424.6312222685,745234.35,746302.0,730586.0,753833.0,all valid TSETMC Bank Maskan mortgage-facility certificates traded that day,Derived from standardized TSETMC instrument-day observations
2017-12-20,1396/09/29,1396,9,29,20,2544.0,57161.0,42753407467.0,747947.1574500096,742978.35,743179.0,732432.0,753190.0,all valid TSETMC Bank Maskan mortgage-facility certificates traded that day,Derived from standardized TSETMC instrument-day observations
2017-12-23,1396/10/02,1396,10,2,21,2448.0,57242.0,43228917636.0,755195.7939275358,753637.0,754555.0,742304.0,760252.0,all valid TSETMC Bank Maskan mortgage-facility certificates traded that day,Derived from standardized TSETMC instrument-day observations
2017-12-24,1396/10/03,1396,10,3,21,7868.0,100905.0,74259161251.0,735931.4330409791,740599.9047619047,739652.0,726859.0,763153.0,all valid TSETMC Bank Maskan mortgage-facility certificates traded that day,Derived from standardized TSETMC instrument-day observations
2017-12-25,1396/10/04,1396,10,4,21,6862.0,86889.0,63398443703.0,729648.6747804671,733233.0476190476,733549.0,716900.0,746609.0,all valid TSETMC Bank Maskan mortgage-facility certificates traded that day,Derived from standardized TSETMC instrument-day observations
2017-12-26,1396/10/05,1396,10,5,21,3092.0,49919.0,36910404984.0,739405.9372984235,738007.8571428572,737836.0,727898.0,749004.0,all valid TSETMC Bank Maskan mortgage-facility certificates traded that day,Derived from standardized TSETMC instrument-day observations
2017-12-27,1396/10/06,1396,10,6,21,9262.0,103463.0,76015986152.0,734716.6248030697,732620.0,732743.0,726653.0,738817.0,all valid TSETMC Bank Maskan mortgage-facility certificates traded that day,Derived from standardized TSETMC instrument-day observations
2017-12-30,1396/10/09,1396,10,9,21,5984.0,71083.0,51317109501.0,721932.2411969106,719182.8571428572,718308.0,707761.0,741296.0,all valid TSETMC Bank Maskan mortgage-facility certificates traded that day,Derived from standardized TSETMC instrument-day observations
2017-12-31,1396/10/10,1396,10,10,21,5460.0,65667.0,47515455915.0,723581.9500662433,719079.5238095238,717934.0,704874.0,743378.0,all valid TSETMC Bank Maskan mortgage-facility certificates traded that day,Derived from standardized TSETMC instrument-day observations
2018-01-01,1396/10/11,1396,10,11,21,5303.0,70080.0,51237081584.0,731122.7394977169,728236.380952381,727484.0,717702.0,737349.0,all valid TSETMC Bank Maskan mortgage-facility certificates traded that day,Derived from standardized TSETMC instrument-day observations
2018-01-02,1396/10/12,1396,10,12,21,3583.0,55315.0,40671698371.0,735274.3084335171,732247.9523809524,731204.0,722368.0,737784.0,all valid TSETMC Bank Maskan mortgage-facility certificates traded that day,Derived from standardized TSETMC instrument-day observations
2018-01-03,1396/10/13,1396,10,13,21,4197.0,79357.0,58386249163.0,735741.6379525436,734568.4285714285,735293.0,725707.0,740402.0,all valid TSETMC Bank Maskan mortgage-facility certificates traded that day,Derived from standardized TSETMC instrument-day observations
2018-01-06,1396/10/16,1396,10,16,21,3806.0,69991.0,51518674435.0,736075.7016616422,731896.0952380953,733584.0,719584.0,741147.0,all valid TSETMC Bank Maskan mortgage-facility certificates traded that day,Derived from standardized TSETMC instrument-day observations
2018-01-07,1396/10/17,1396,10,17,21,3514.0,74186.0,54377144646.0,732983.9140269053,732271.6666666666,732882.0,724707.0,738327.0,all valid TSETMC Bank Maskan mortgage-facility certificates traded that day,Derived from standardized TSETMC instrument-day observations
2018-01-08,1396/10/18,1396,10,18,21,3733.0,77892.0,57383554867.0,736706.6562291378,737015.4285714285,737858.0,727151.0,742257.0,all valid TSETMC Bank Maskan mortgage-facility certificates traded that day,Derived from standardized TSETMC instrument-day observations
2018-01-09,1396/10/19,1396,10,19,21,3234.0,65343.0,48349218531.0,739929.5797713604,741210.4761904762,742996.0,727339.0,747572.0,all valid TSETMC Bank Maskan mortgage-facility certificates traded that day,Derived from standardized TSETMC instrument-day observations
2018-01-10,1396/10/20,1396,10,20,21,2872.0,64254.0,47477499776.0,738903.4110872475,738476.2380952381,739585.0,727642.0,745940.0,all valid TSETMC Bank Maskan mortgage-facility certificates traded that day,Derived from standardized TSETMC instrument-day observations
2018-01-13,1396/10/23,1396,10,23,21,3498.0,76032.0,56336873939.0,740962.6728088174,740429.9047619047,741835.0,727381.0,748027.0,all valid TSETMC Bank Maskan mortgage-facility certificates traded that day,Derived from standardized TSETMC instrument-day observations
2018-01-14,1396/10/24,1396,10,24,21,3394.0,67262.0,49919049716.0,742158.2723677559,741850.2857142857,744308.0,729493.0,749327.0,all valid TSETMC Bank Maskan mortgage-facility certificates traded that day,Derived from standardized TSETMC instrument-day observations
2018-01-15,1396/10/25,1396,10,25,21,3457.0,77896.0,57723482660.0,741032.69307795,741022.5238095238,742053.0,726090.0,749743.0,all valid TSETMC Bank Maskan mortgage-facility certificates traded that day,Derived from standardized TSETMC instrument-day observations
2018-01-16,1396/10/26,1396,10,26,21,2769.0,56801.0,42202101036.0,742981.6558863401,740079.8571428572,740985.0,731161.0,748611.0,all valid TSETMC Bank Maskan mortgage-facility certificates traded that day,Derived from standardized TSETMC instrument-day observations
2018-01-17,1396/10/27,1396,10,27,21,2805.0,67164.0,49596047178.0,738432.0049133465,736470.1904761905,735777.0,723789.0,745109.0,all valid TSETMC Bank Maskan mortgage-facility certificates traded that day,Derived from standardized TSETMC instrument-day observations
2018-01-20,1396/10/30,1396,10,30,21,2798.0,62101.0,45942662593.0,739805.5199272153,737762.619047619,737743.0,729728.0,747360.0,all valid TSETMC Bank Maskan mortgage-facility certificates traded that day,Derived from standardized TSETMC instrument-day observations
2018-01-21,1396/11/01,1396,11,1,22,2414.0,56852.0,42056366261.0,739751.745954408,740407.4545454546,740041.0,729514.0,749188.0,all valid TSETMC Bank Maskan mortgage-facility certificates traded that day,Derived from standardized TSETMC instrument-day observations
2018-01-22,1396/11/02,1396,11,2,22,5728.0,86318.0,62742295803.0,726873.8363145578,729016.4090909091,725607.0,713931.0,747780.0,all valid TSETMC Bank Maskan mortgage-facility certificates traded that day,Derived from standardized TSETMC instrument-day observations
2018-01-23,1396/11/03,1396,11,3,22,7172.0,97055.0,70475251625.0,726137.2585132142,727769.6363636364,726951.0,712884.0,741256.0,all valid TSETMC Bank Maskan mortgage-facility certificates traded that day,Derived from standardized TSETMC instrument-day observations
2018-01-24,1396/11/04,1396,11,4,22,6016.0,76574.0,55505309432.0,724858.430172121,728268.6818181818,727469.5,714172.0,742410.0,all valid TSETMC Bank Maskan mortgage-facility certificates traded that day,Derived from standardized TSETMC instrument-day observations
2018-01-27,1396/11/07,1396,11,7,22,6810.0,73898.0,52908262215.0,715963.3848683321,713064.2727272727,714770.5,685072.0,739059.0,all valid TSETMC Bank Maskan mortgage-facility certificates traded that day,Derived from standardized TSETMC instrument-day observations
2018-01-28,1396/11/08,1396,11,8,22,9191.0,93132.0,67082757652.0,720297.6168449083,719590.6818181818,720283.5,707723.0,735833.0,all valid TSETMC Bank Maskan mortgage-facility certificates traded that day,Derived from standardized TSETMC instrument-day observations
2018-01-29,1396/11/09,1396,11,9,22,5989.0,79833.0,57237046953.0,716959.7403705234,716975.6363636364,717705.0,703772.0,728404.0,all valid TSETMC Bank Maskan mortgage-facility certificates traded that day,Derived from standardized TSETMC instrument-day observations
2018-01-30,1396/11/10,1396,11,10,22,5432.0,80208.0,57828394491.0,720980.3821439258,721339.2727272727,723390.5,705045.0,730551.0,all valid TSETMC Bank Maskan mortgage-facility certificates traded that day,Derived from standardized TSETMC instrument-day observations
2018-01-31,1396/11/11,1396,11,11,22,4835.0,77704.0,56025376754.0,721010.2022289715,719793.5909090909,721407.0,705698.0,726763.0,all valid TSETMC Bank Maskan mortgage-facility certificates traded that day,Derived from standardized TSETMC instrument-day observations
2018-02-03,1396/11/14,1396,11,14,22,4583.0,78813.0,56777193951.0,720403.9175136081,718397.0909090909,720889.0,703308.0,726153.0,all valid TSETMC Bank Maskan mortgage-facility certificates traded that day,Derived from standardized TSETMC instrument-day observations
2018-02-04,1396/11/15,1396,11,15,22,3882.0,67647.0,48550764093.0,717707.5715552797,719366.2727272727,720371.0,703745.0,725091.0,all valid TSETMC Bank Maskan mortgage-facility certificates traded that day,Derived from standardized TSETMC instrument-day observations
2018-02-05,1396/11/16,1396,11,16,22,3981.0,72923.0,52397864302.0,718536.8717962783,719037.8181818182,719348.0,704567.0,730235.0,all valid TSETMC Bank Maskan mortgage-facility certificates traded that day,Derived from standardized TSETMC instrument-day observations
2018-02-06,1396/11/17,1396,11,17,22,4321.0,80206.0,57719662313.0,719642.6989626711,721659.4090909091,722398.0,703348.0,730574.0,all valid TSETMC Bank Maskan mortgage-facility certificates traded that day,Derived from standardized TSETMC instrument-day observations
2018-02-07,1396/11/18,1396,11,18,22,3022.0,64402.0,46205831553.0,717459.5750597807,717991.0,719133.5,702843.0,725266.0,all valid TSETMC Bank Maskan mortgage-facility certificates traded that day,Derived from standardized TSETMC instrument-day observations
2018-02-10,1396/11/21,1396,11,21,22,3608.0,85913.0,62249749094.0,724567.2842759535,726156.8181818182,728242.5,706190.0,733515.0,all valid TSETMC Bank Maskan mortgage-facility certificates traded that day,Derived from standardized TSETMC instrument-day observations
2018-02-12,1396/11/23,1396,11,23,22,3985.0,79657.0,57431068239.0,720979.5528202166,722374.1818181818,724397.0,705211.0,735373.0,all valid TSETMC Bank Maskan mortgage-facility certificates traded that day,Derived from standardized TSETMC instrument-day observations
2018-02-13,1396/11/24,1396,11,24,22,3495.0,78647.0,56735886120.0,721399.2411662238,722729.8181818182,723407.0,705949.0,733353.0,all valid TSETMC Bank Maskan mortgage-facility certificates traded that day,Derived from standardized TSETMC instrument-day observations
2018-02-14,1396/11/25,1396,11,25,22,3939.0,95204.0,68624924832.0,720819.7642115877,723169.0,722870.5,704608.0,737794.0,all valid TSETMC Bank Maskan mortgage-facility certificates traded that day,Derived from standardized TSETMC instrument-day observations
2018-02-17,1396/11/28,1396,11,28,22,3865.0,80220.0,57682031324.0,719048.0095238095,718457.8636363636,718746.0,705366.0,727370.0,all valid TSETMC Bank Maskan mortgage-facility certificates traded that day,Derived from standardized TSETMC instrument-day observations
2018-02-18,1396/11/29,1396,11,29,22,3725.0,77063.0,55029288936.0,714081.8412986777,711650.0454545454,711356.5,703298.0,724877.0,all valid TSETMC Bank Maskan mortgage-facility certificates traded that day,Derived from standardized TSETMC instrument-day observations
2018-02-19,1396/11/30,1396,11,30,22,3574.0,79053.0,56555485803.0,715412.2652271261,711752.7727272727,711810.5,700185.0,724417.0,all valid TSETMC Bank Maskan mortgage-facility certificates traded that day,Derived from standardized TSETMC instrument-day observations
2018-02-21,1396/12/02,1396,12,2,22,2893.0,77769.0,55931915096.0,719205.7901734625,717997.5909090909,718943.0,705536.0,728877.0,all valid TSETMC Bank Maskan mortgage-facility certificates traded that day,Derived from standardized TSETMC instrument-day observations
2018-02-24,1396/12/05,1396,12,5,23,4347.0,85192.0,61519906125.0,722132.4317424172,721168.4782608695,719683.0,706905.0,735220.0,all valid TSETMC Bank Maskan mortgage-facility certificates traded that day,Derived from standardized TSETMC instrument-day observations
2018-02-25,1396/12/06,1396,12,6,23,7520.0,93216.0,64135245335.0,688028.2927287162,698365.6086956522,699639.0,683042.0,707460.0,all valid TSETMC Bank Maskan mortgage-facility certificates traded that day,Derived from standardized TSETMC instrument-day observations
2018-02-26,1396/12/07,1396,12,7,23,8885.0,90526.0,59927184438.0,661988.6489848221,676200.6521739131,674920.0,657514.0,698523.0,all valid TSETMC Bank Maskan mortgage-facility certificates traded that day,Derived from standardized TSETMC instrument-day observations
2018-02-27,1396/12/08,1396,12,8,23,6954.0,72470.0,46536553927.0,642149.219359735,658306.1739130435,654428.0,636032.0,696316.0,all valid TSETMC Bank Maskan mortgage-facility certificates traded that day,Derived from standardized TSETMC instrument-day observations
2018-02-28,1396/12/09,1396,12,9,23,9647.0,85075.0,56524461923.0,664407.4278342639,655789.1739130435,654789.0,640583.0,672031.0,all valid TSETMC Bank Maskan mortgage-facility certificates traded that day,Derived from standardized TSETMC instrument-day observations
2018-03-03,1396/12/12,1396,12,12,23,8776.0,91930.0,61697990365.0,671140.9808006091,656659.0869565217,658535.0,631207.0,673370.0,all valid TSETMC Bank Maskan mortgage-facility certificates traded that day,Derived from standardized TSETMC instrument-day observations
2018-03-04,1396/12/13,1396,12,13,23,7576.0,82018.0,53758753002.0,655450.6693896462,651261.304347826,652579.0,636280.0,668518.0,all valid TSETMC Bank Maskan mortgage-facility certificates traded that day,Derived from standardized TSETMC instrument-day observations
2018-03-05,1396/12/14,1396,12,14,23,5301.0,68378.0,45189226071.0,660873.7616046097,657108.5217391305,658031.0,637942.0,673815.0,all valid TSETMC Bank Maskan mortgage-facility certificates traded that day,Derived from standardized TSETMC instrument-day observations
2018-03-06,1396/12/15,1396,12,15,23,5151.0,60412.0,40171578248.0,664960.243792624,658597.4347826086,659591.0,640811.0,666878.0,all valid TSETMC Bank Maskan mortgage-facility certificates traded that day,Derived from standardized TSETMC instrument-day observations
2018-03-07,1396/12/16,1396,12,16,23,4279.0,55919.0,38424714919.0,687149.5362756845,677956.0869565217,679176.0,667229.0,689229.0,all valid TSETMC Bank Maskan mortgage-facility certificates traded that day,Derived from standardized TSETMC instrument-day observations
2018-03-10,1396/12/19,1396,12,19,23,5177.0,61626.0,41697427859.0,676620.7097491318,667816.6521739131,667853.0,653400.0,678589.0,all valid TSETMC Bank Maskan mortgage-facility certificates traded that day,Derived from standardized TSETMC instrument-day observations
2018-03-11,1396/12/20,1396,12,20,23,4367.0,54977.0,37130876019.0,675389.2722229296,667158.2608695652,670310.0,647365.0,677779.0,all valid TSETMC Bank Maskan mortgage-facility certificates traded that day,Derived from standardized TSETMC instrument-day observations
2018-03-12,1396/12/21,1396,12,21,23,4496.0,51293.0,34566335015.0,673899.6552161113,663492.4347826086,664034.0,638685.0,677327.0,all valid TSETMC Bank Maskan mortgage-facility certificates traded that day,Derived from standardized TSETMC instrument-day observations
2018-03-13,1396/12/22,1396,12,22,23,3512.0,48274.0,32780600204.0,679052.9105522642,669062.3478260869,672359.0,655768.0,681158.0,all valid TSETMC Bank Maskan mortgage-facility certificates traded that day,Derived from standardized TSETMC instrument-day observations
2018-03-14,1396/12/23,1396,12,23,23,2571.0,36260.0,24347534171.0,671470.8817153889,661042.9130434783,661211.0,630274.0,681464.0,all valid TSETMC Bank Maskan mortgage-facility certificates traded that day,Derived from standardized TSETMC instrument-day observations
2018-03-17,1396/12/26,1396,12,26,23,2340.0,37794.0,25531332459.0,675539.3040958883,661226.6521739131,660936.0,635844.0,681291.0,all valid TSETMC Bank Maskan mortgage-facility certificates traded that day,Derived from standardized TSETMC instrument-day observations
2018-03-18,1396/12/27,1396,12,27,22,1363.0,18411.0,12574761391.0,683002.6283743414,668302.1363636364,668123.5,618313.0,689073.0,all valid TSETMC Bank Maskan mortgage-facility certificates traded that day,Derived from standardized TSETMC instrument-day observations
2018-03-19,1396/12/28,1396,12,28,23,1408.0,17897.0,12276580018.0,685957.4240375482,670783.3913043478,676435.0,603470.0,689716.0,all valid TSETMC Bank Maskan mortgage-facility certificates traded that day,Derived from standardized TSETMC instrument-day observations
2018-03-25,1397/01/05,1397,1,5,24,752.0,8665.0,5878919175.0,678467.3023658396,655570.9166666666,653964.5,600000.0,694438.0,all valid TSETMC Bank Maskan mortgage-facility certificates traded that day,Derived from standardized TSETMC instrument-day observations
2018-03-26,1397/01/06,1397,1,6,18,1551.0,15675.0,10565141095.0,674012.1910685805,659568.3888888889,665941.0,582798.0,688880.0,all valid TSETMC Bank Maskan mortgage-facility certificates traded that day,Derived from standardized TSETMC instrument-day observations
2018-03-27,1397/01/07,1397,1,7,23,2048.0,27684.0,17988852570.0,649792.3916341569,649633.8260869565,650723.0,584699.0,670487.0,all valid TSETMC Bank Maskan mortgage-facility certificates traded that day,Derived from standardized TSETMC instrument-day observations
2018-03-28,1397/01/08,1397,1,8,22,3674.0,33151.0,20623513720.0,622108.3442430092,632782.3636363636,636716.0,565951.0,660000.0,all valid TSETMC Bank Maskan mortgage-facility certificates traded that day,Derived from standardized TSETMC instrument-day observations
2018-04-03,1397/01/14,1397,1,14,22,4146.0,33202.0,19793376711.0,596150.1328534426,614722.3636363636,614008.0,537801.0,662032.0,all valid TSETMC Bank Maskan mortgage-facility certificates traded that day,Derived from standardized TSETMC instrument-day observations
2018-04-04,1397/01/15,1397,1,15,23,4259.0,38857.0,22763464200.0,585826.6000977944,599982.2608695652,597700.0,538814.0,649282.0,all valid TSETMC Bank Maskan mortgage-facility certificates traded that day,Derived from standardized TSETMC instrument-day observations
2018-04-07,1397/01/18,1397,1,18,21,6528.0,62226.0,36410202413.0,585128.441696397,589044.5238095238,583279.0,574486.0,621571.0,all valid TSETMC Bank Maskan mortgage-facility certificates traded that day,Derived from standardized TSETMC instrument-day observations
2018-04-08,1397/01/19,1397,1,19,23,5709.0,51766.0,30609474658.0,591304.614186918,590966.8260869565,590711.0,579351.0,610276.0,all valid TSETMC Bank Maskan mortgage-facility certificates traded that day,Derived from standardized TSETMC instrument-day observations
2018-04-09,1397/01/20,1397,1,20,23,3954.0,53543.0,32706047844.0,610837.0439459874,605886.304347826,607627.0,593090.0,614007.0,all valid TSETMC Bank Maskan mortgage-facility certificates traded that day,Derived from standardized TSETMC instrument-day observations
2018-04-10,1397/01/21,1397,1,21,23,4291.0,59018.0,36648349239.0,620969.0135043546,615587.6521739131,616736.0,597011.0,626556.0,all valid TSETMC Bank Maskan mortgage-facility certificates traded that day,Derived from standardized TSETMC instrument-day observations
2018-04-11,1397/01/22,1397,1,22,23,4270.0,72335.0,46108687825.0,637432.6097324947,631989.5652173914,632806.0,618304.0,645319.0,all valid TSETMC Bank Maskan mortgage-facility certificates traded that day,Derived from standardized TSETMC instrument-day observations
2018-04-15,1397/01/26,1397,1,26,23,4899.0,65990.0,42127099108.0,638386.1055917563,632629.5652173914,634856.0,615483.0,645607.0,all valid TSETMC Bank Maskan mortgage-facility certificates traded that day,Derived from standardized TSETMC instrument-day observations
2018-04-16,1397/01/27,1397,1,27,23,4699.0,66832.0,42437718439.0,634990.9989077089,629192.2173913043,632230.0,609216.0,641351.0,all valid TSETMC Bank Maskan mortgage-facility certificates traded that day,Derived from standardized TSETMC instrument-day observations
2018-04-17,1397/01/28,1397,1,28,23,4949.0,65353.0,41847011492.0,640322.7318103224,633234.1739130435,635057.0,617680.0,642888.0,all valid TSETMC Bank Maskan mortgage-facility certificates traded that day,Derived from standardized TSETMC instrument-day observations
2018-04-18,1397/01/29,1397,1,29,23,4125.0,51804.0,33077078139.0,638504.326673616,631640.7826086957,632149.0,621065.0,640053.0,all valid TSETMC Bank Maskan mortgage-facility certificates traded that day,Derived from standardized TSETMC instrument-day observations
2018-04-21,1397/02/01,1397,2,1,24,3992.0,56266.0,35986449467.0,639577.1774606335,632254.9583333334,633743.5,617273.0,642960.0,all valid TSETMC Bank Maskan mortgage-facility certificates traded that day,Derived from standardized TSETMC instrument-day observations
2018-04-22,1397/02/02,1397,2,2,24,10172.0,97993.0,59684459773.0,609068.6046248202,612215.5833333334,612757.5,597785.0,635335.0,all valid TSETMC Bank Maskan mortgage-facility certificates traded that day,Derived from standardized TSETMC instrument-day observations
2018-04-23,1397/02/03,1397,2,3,24,9950.0,93099.0,56336639900.0,605126.1549533292,602690.3333333334,603363.0,578680.0,616410.0,all valid TSETMC Bank Maskan mortgage-facility certificates traded that day,Derived from standardized TSETMC instrument-day observations
2018-04-24,1397/02/04,1397,2,4,24,8298.0,71211.0,43679682001.0,613383.9154203704,608103.5416666666,610024.0,581182.0,618078.0,all valid TSETMC Bank Maskan mortgage-facility certificates traded that day,Derived from standardized TSETMC instrument-day observations
2018-04-25,1397/02/05,1397,2,5,24,7835.0,68212.0,43215897017.0,633552.7035858793,628449.6666666666,630677.5,607667.0,634865.0,all valid TSETMC Bank Maskan mortgage-facility certificates traded that day,Derived from standardized TSETMC instrument-day observations
2018-04-28,1397/02/08,1397,2,8,24,7066.0,75028.0,47624393585.0,634754.939289332,630204.125,631897.0,612967.0,650147.0,all valid TSETMC Bank Maskan mortgage-facility certificates traded that day,Derived from standardized TSETMC instrument-day observations
2018-04-29,1397/02/09,1397,2,9,24,7928.0,79190.0,50452275026.0,637104.1170097234,630675.5,630173.5,609595.0,639476.0,all valid TSETMC Bank Maskan mortgage-facility certificates traded that day,Derived from standardized TSETMC instrument-day observations
2018-04-30,1397/02/10,1397,2,10,24,7607.0,93817.0,60545850236.0,645361.1843908887,639375.5,641239.0,614041.0,647931.0,all valid TSETMC Bank Maskan mortgage-facility certificates traded that day,Derived from standardized TSETMC instrument-day observations
2018-05-01,1397/02/11,1397,2,11,24,6532.0,80742.0,52608445307.0,651562.3257660201,646059.9583333334,647074.0,627712.0,653395.0,all valid TSETMC Bank Maskan mortgage-facility certificates traded that day,Derived from standardized TSETMC instrument-day observations
2018-05-05,1397/02/15,1397,2,15,24,6339.0,90814.0,60071832736.0,661482.0703415773,652975.3333333334,654465.0,625904.0,663773.0,all valid TSETMC Bank Maskan mortgage-facility certificates traded that day,Derived from standardized TSETMC instrument-day observations
2018-05-06,1397/02/16,1397,2,16,23,6236.0,104034.0,69520080792.0,668243.8509717977,664362.6086956522,664436.0,649740.0,671041.0,all valid TSETMC Bank Maskan mortgage-facility certificates traded that day,Derived from standardized TSETMC instrument-day observations
2018-05-07,1397/02/17,1397,2,17,23,5400.0,80152.0,53406623502.0,666316.7918704462,660439.695652174,660254.0,646105.0,670290.0,all valid TSETMC Bank Maskan mortgage-facility certificates traded that day,Derived from standardized TSETMC instrument-day observations
2018-05-08,1397/02/18,1397,2,18,23,5134.0,88547.0,58863639454.0,664772.8263408133,659661.5652173914,658918.0,653153.0,669474.0,all valid TSETMC Bank Maskan mortgage-facility certificates traded that day,Derived from standardized TSETMC instrument-day observations
2018-05-09,1397/02/19,1397,2,19,23,5109.0,94530.0,62980850973.0,666252.5227229451,663847.6086956522,664396.0,657681.0,672359.0,all valid TSETMC Bank Maskan mortgage-facility certificates traded that day,Derived from standardized TSETMC instrument-day observations
2018-05-12,1397/02/22,1397,2,22,23,5541.0,100072.0,66707313721.0,666593.1901131185,663861.695652174,664536.0,656933.0,673217.0,all valid TSETMC Bank Maskan mortgage-facility certificates traded that day,Derived from standardized TSETMC instrument-day observations
2018-05-13,1397/02/23,1397,2,23,23,4820.0,90131.0,59948064921.0,665121.4889549656,661563.6521739131,661328.0,652101.0,673764.0,all valid TSETMC Bank Maskan mortgage-facility certificates traded that day,Derived from standardized TSETMC instrument-day observations
2018-05-14,1397/02/24,1397,2,24,23,5109.0,90409.0,59931601224.0,662894.1944275459,659398.0869565217,659178.0,650910.0,671621.0,all valid TSETMC Bank Maskan mortgage-facility certificates traded that day,Derived from standardized TSETMC instrument-day observations
2018-05-15,1397/02/25,1397,2,25,23,4485.0,82575.0,54791946211.0,663541.5829367242,658660.8260869565,657523.0,650733.0,672134.0,all valid TSETMC Bank Maskan mortgage-facility certificates traded that day,Derived from standardized TSETMC instrument-day observations
2018-05-16,1397/02/26,1397,2,26,23,4676.0,82371.0,54466555236.0,661234.5999927159,656906.3913043478,655845.0,649925.0,669134.0,all valid TSETMC Bank Maskan mortgage-facility certificates traded that day,Derived from standardized TSETMC instrument-day observations
2018-05-19,1397/02/29,1397,2,29,23,5150.0,85403.0,56304039383.0,659274.7255131552,654786.6086956522,654141.0,645903.0,666872.0,all valid TSETMC Bank Maskan mortgage-facility certificates traded that day,Derived from standardized TSETMC instrument-day observations
2018-05-20,1397/02/30,1397,2,30,23,4346.0,84612.0,55665872896.0,657895.7227816385,652770.1739130435,652250.0,637649.0,669151.0,all valid TSETMC Bank Maskan mortgage-facility certificates traded that day,Derived from standardized TSETMC instrument-day observations
2018-05-21,1397/02/31,1397,2,31,23,3994.0,82451.0,54398457339.0,659767.1021455168,653826.7391304348,654654.0,640557.0,672249.0,all valid TSETMC Bank Maskan mortgage-facility certificates traded that day,Derived from standardized TSETMC instrument-day observations
2018-05-22,1397/03/01,1397,3,1,24,3530.0,58675.0,38897770241.0,662936.0075159778,655529.0833333334,656049.5,640537.0,672948.0,all valid TSETMC Bank Maskan mortgage-facility certificates traded that day,Derived from standardized TSETMC instrument-day observations
2018-05-23,1397/03/02,1397,3,2,24,10389.0,131828.0,84916874546.0,644149.0013199017,645359.5833333334,646561.5,622391.0,661058.0,all valid TSETMC Bank Maskan mortgage-facility certificates traded that day,Derived from standardized TSETMC instrument-day observations
2018-05-26,1397/03/05,1397,3,5,24,11058.0,117730.0,75426878859.0,640676.7931623205,637481.2916666666,640001.0,622617.0,650939.0,all valid TSETMC Bank Maskan mortgage-facility certificates traded that day,Derived from standardized TSETMC instrument-day observations
2018-05-27,1397/03/06,1397,3,6,24,13052.0,130393.0,84069037365.0,644735.8168383272,641755.9166666666,642848.0,632426.0,648252.0,all valid TSETMC Bank Maskan mortgage-facility certificates traded that day,Derived from standardized TSETMC instrument-day observations
2018-05-28,1397/03/07,1397,3,7,24,9525.0,111582.0,72820615485.0,652619.7369199333,649144.0833333334,649795.5,641978.0,655291.0,all valid TSETMC Bank Maskan mortgage-facility certificates traded that day,Derived from standardized TSETMC instrument-day observations
2018-05-29,1397/03/08,1397,3,8,24,8275.0,108319.0,71366177008.0,658851.8820151589,655136.0416666666,655682.0,643816.0,664060.0,all valid TSETMC Bank Maskan mortgage-facility certificates traded that day,Derived from standardized TSETMC instrument-day observations
2018-05-30,1397/03/09,1397,3,9,24,8282.0,107600.0,70154901060.0,651997.2217472119,648945.2916666666,649649.5,637141.0,655149.0,all valid TSETMC Bank Maskan mortgage-facility certificates traded that day,Derived from standardized TSETMC instrument-day observations
2018-06-02,1397/03/12,1397,3,12,24,6559.0,113139.0,73898850225.0,653168.6706175589,648617.2916666666,651363.5,607366.0,662628.0,all valid TSETMC Bank Maskan mortgage-facility certificates traded that day,Derived from standardized TSETMC instrument-day observations
2018-06-03,1397/03/13,1397,3,13,24,6715.0,103908.0,67056233361.0,645342.3544000462,639273.3333333334,641483.5,578037.0,655873.0,all valid TSETMC Bank Maskan mortgage-facility certificates traded that day,Derived from standardized TSETMC instrument-day observations
2018-06-09,1397/03/19,1397,3,19,23,7650.0,104666.0,68181168682.0,651416.5887871897,646136.695652174,645107.0,633301.0,656223.0,all valid TSETMC Bank Maskan mortgage-facility certificates traded that day,Derived from standardized TSETMC instrument-day observations
2018-06-10,1397/03/20,1397,3,20,23,5860.0,98582.0,63993238589.0,649137.150686738,646133.6086956522,645210.0,638238.0,654576.0,all valid TSETMC Bank Maskan mortgage-facility certificates traded that day,Derived from standardized TSETMC instrument-day observations
2018-06-11,1397/03/21,1397,3,21,23,6532.0,104096.0,67922069252.0,652494.5170996004,649611.3478260869,648794.0,641631.0,659890.0,all valid TSETMC Bank Maskan mortgage-facility certificates traded that day,Derived from standardized TSETMC instrument-day observations
2018-06-12,1397/03/22,1397,3,22,23,4976.0,79075.0,52723938980.0,666758.6339551059,660495.1739130435,662509.0,649107.0,669585.0,all valid TSETMC Bank Maskan mortgage-facility certificates traded that day,Derived from standardized TSETMC instrument-day observations
2018-06-13,1397/03/23,1397,3,23,23,7235.0,101403.0,69172371966.0,682153.1115055768,676762.4347826086,677531.0,668408.0,685604.0,all valid TSETMC Bank Maskan mortgage-facility certificates traded that day,Derived from standardized TSETMC instrument-day observations
2018-06-17,1397/03/27,1397,3,27,23,5535.0,98209.0,69031954110.0,702908.6347483428,698236.6521739131,699660.0,681481.0,705257.0,all valid TSETMC Bank Maskan mortgage-facility certificates traded that day,Derived from standardized TSETMC instrument-day observations
2018-06-18,1397/03/28,1397,3,28,23,6927.0,101891.0,71477680614.0,701511.228803329,696875.1304347826,696992.0,689027.0,704214.0,all valid TSETMC Bank Maskan mortgage-facility certificates traded that day,Derived from standardized TSETMC instrument-day observations
2018-06-19,1397/03/29,1397,3,29,23,6346.0,105163.0,73524663624.0,699149.545220277,691693.7826086957,691375.0,674732.0,706124.0,all valid TSETMC Bank Maskan mortgage-facility certificates traded that day,Derived from standardized TSETMC instrument-day observations
2018-06-20,1397/03/30,1397,3,30,23,4993.0,78606.0,54712969606.0,696040.6280182174,689231.9565217391,688176.0,677915.0,705599.0,all valid TSETMC Bank Maskan mortgage-facility certificates traded that day,Derived from standardized TSETMC instrument-day observations
2018-06-23,1397/04/02,1397,4,2,24,5720.0,91622.0,64115125919.0,699778.7203837506,694446.0416666666,694110.5,680838.0,708096.0,all valid TSETMC Bank Maskan mortgage-facility certificates traded that day,Derived from standardized TSETMC instrument-day observations
2018-06-24,1397/04/03,1397,4,3,24,11224.0,130265.0,87715058554.0,673358.604030246,672487.1666666666,673024.0,662123.0,683364.0,all valid TSETMC Bank Maskan mortgage-facility certificates traded that day,Derived from standardized TSETMC instrument-day observations
2018-06-25,1397/04/04,1397,4,4,24,12132.0,126048.0,84013015184.0,666516.0509012439,662853.4166666666,662482.0,653183.0,671766.0,all valid TSETMC Bank Maskan mortgage-facility certificates traded that day,Derived from standardized TSETMC instrument-day observations
2018-06-26,1397/04/05,1397,4,5,24,10647.0,105952.0,70989126253.0,670012.1399596044,664942.2083333334,665814.0,647247.0,672100.0,all valid TSETMC Bank Maskan mortgage-facility certificates traded that day,Derived from standardized TSETMC instrument-day observations
2018-06-27,1397/04/06,1397,4,6,24,9609.0,92085.0,62145822551.0,674874.5458109356,667661.5416666666,669423.0,651096.0,676552.0,all valid TSETMC Bank Maskan mortgage-facility certificates traded that day,Derived from standardized TSETMC instrument-day observations
2018-06-30,1397/04/09,1397,4,9,24,9621.0,101392.0,69148225393.0,681988.9675023671,677340.2916666666,678267.5,666332.0,683997.0,all valid TSETMC Bank Maskan mortgage-facility certificates traded that day,Derived from standardized TSETMC instrument-day observations
2018-07-01,1397/04/10,1397,4,10,24,8776.0,94375.0,64285664542.0,681172.604418543,675475.7916666666,676509.0,658925.0,682822.0,all valid TSETMC Bank Maskan mortgage-facility certificates traded that day,Derived from standardized TSETMC instrument-day observations
2018-07-02,1397/04/11,1397,4,11,24,7329.0,90481.0,61826672015.0,683311.1041544634,678883.8333333334,680472.0,655643.0,685112.0,all valid TSETMC Bank Maskan mortgage-facility certificates traded that day,Derived from standardized TSETMC instrument-day observations
2018-07-03,1397/04/12,1397,4,12,24,6817.0,96687.0,66526449108.0,688059.9161004064,683064.9583333334,685860.5,660914.0,692145.0,all valid TSETMC Bank Maskan mortgage-facility certificates traded that day,Derived from standardized TSETMC instrument-day observations
2018-07-04,1397/04/13,1397,4,13,24,6472.0,88167.0,60638120128.0,687764.3577302165,683624.4166666666,683940.5,661662.0,691924.0,all valid TSETMC Bank Maskan mortgage-facility certificates traded that day,Derived from standardized TSETMC instrument-day observations
2018-07-07,1397/04/16,1397,4,16,23,4373.0,70094.0,48288775090.0,688914.5303449653,683484.695652174,684472.0,665372.0,695288.0,all valid TSETMC Bank Maskan mortgage-facility certificates traded that day,Derived from standardized TSETMC instrument-day observations
2018-07-08,1397/04/17,1397,4,17,23,5837.0,105397.0,73015300157.0,692764.5014279344,689903.9565217391,689157.0,681533.0,701804.0,all valid TSETMC Bank Maskan mortgage-facility certificates traded that day,Derived from standardized TSETMC instrument-day observations
2018-07-10,1397/04/19,1397,4,19,23,5090.0,95129.0,66341994843.0,697389.8058741288,693108.7826086957,691990.0,681012.0,709336.0,all valid TSETMC Bank Maskan mortgage-facility certificates traded that day,Derived from standardized TSETMC instrument-day observations
2018-07-11,1397/04/20,1397,4,20,23,3918.0,68650.0,47882569361.0,697488.2645447925,694298.6521739131,693910.0,680648.0,708594.0,all valid TSETMC Bank Maskan mortgage-facility certificates traded that day,Derived from standardized TSETMC instrument-day observations
2018-07-14,1397/04/23,1397,4,23,23,7478.0,107428.0,74350431386.0,692095.4628774622,686018.9130434783,686292.0,674032.0,699585.0,all valid TSETMC Bank Maskan mortgage-facility certificates traded that day,Derived from standardized TSETMC instrument-day observations
2018-07-15,1397/04/24,1397,4,24,23,5072.0,88022.0,60784826010.0,690564.0181999955,687412.4347826086,689166.0,678743.0,696070.0,all valid TSETMC Bank Maskan mortgage-facility certificates traded that day,Derived from standardized TSETMC instrument-day observations
2018-07-16,1397/04/25,1397,4,25,23,5484.0,82110.0,56401492368.0,686901.6242601388,681133.1304347826,680317.0,671693.0,694049.0,all valid TSETMC Bank Maskan mortgage-facility certificates traded that day,Derived from standardized TSETMC instrument-day observations
2018-07-17,1397/04/26,1397,4,26,23,5468.0,83378.0,57223143366.0,686309.8583079469,679429.9565217391,679656.0,665583.0,693091.0,all valid TSETMC Bank Maskan mortgage-facility certificates traded that day,Derived from standardized TSETMC instrument-day observations
2018-07-18,1397/04/27,1397,4,27,23,4116.0,59550.0,40737773574.0,684093.594861461,674058.4782608695,677612.0,644135.0,688923.0,all valid TSETMC Bank Maskan mortgage-facility certificates traded that day,Derived from standardized TSETMC instrument-day observations
2018-07-21,1397/04/30,1397,4,30,23,5978.0,101776.0,69196703062.0,679892.1461051721,668596.5217391305,676266.0,619053.0,689369.0,all valid TSETMC Bank Maskan mortgage-facility certificates traded that day,Derived from standardized TSETMC instrument-day observations
2018-07-22,1397/04/31,1397,4,31,23,4896.0,71756.0,48721009101.0,678981.6754139026,667664.8260869565,674510.0,588238.0,688757.0,all valid TSETMC Bank Maskan mortgage-facility certificates traded that day,Derived from standardized TSETMC instrument-day observations
2018-07-23,1397/05/01,1397,5,1,24,6217.0,91278.0,61720859770.0,676185.4967242929,675730.5416666666,683107.5,564804.0,691311.0,all valid TSETMC Bank Maskan mortgage-facility certificates traded that day,Derived from standardized TSETMC instrument-day observations
2018-07-24,1397/05/02,1397,5,2,24,8830.0,94984.0,62535771539.0,658382.16477512,657493.7916666666,658596.5,591600.0,676870.0,all valid TSETMC Bank Maskan mortgage-facility certificates traded that day,Derived from standardized TSETMC instrument-day observations
2018-07-25,1397/05/03,1397,5,3,24,9454.0,99702.0,66037673059.0,662350.5351848508,658171.9583333334,660389.0,618701.0,676728.0,all valid TSETMC Bank Maskan mortgage-facility certificates traded that day,Derived from standardized TSETMC instrument-day observations
2018-07-28,1397/05/06,1397,5,6,24,7803.0,71819.0,47537333739.0,661904.7012489731,654844.875,656768.5,626340.0,667202.0,all valid TSETMC Bank Maskan mortgage-facility certificates traded that day,Derived from standardized TSETMC instrument-day observations
2018-07-29,1397/05/07,1397,5,7,24,11445.0,106465.0,70533012013.0,662499.5257878175,654798.5833333334,657048.0,615776.0,665062.0,all valid TSETMC Bank Maskan mortgage-facility certificates traded that day,Derived from standardized TSETMC instrument-day observations
2018-07-30,1397/05/08,1397,5,8,24,9268.0,89795.0,59601833729.0,663754.4821983407,654595.6666666666,656154.5,619764.0,665865.0,all valid TSETMC Bank Maskan mortgage-facility certificates traded that day,Derived from standardized TSETMC instrument-day observations
2018-07-31,1397/05/09,1397,5,9,24,8003.0,94011.0,62602158920.0,665902.489283169,659372.6666666666,661837.5,610943.0,668574.0,all valid TSETMC Bank Maskan mortgage-facility certificates traded that day,Derived from standardized TSETMC instrument-day observations
2018-08-01,1397/05/10,1397,5,10,24,6250.0,77257.0,51407340520.0,665406.8954269516,656301.7916666666,657442.5,595254.0,670667.0,all valid TSETMC Bank Maskan mortgage-facility certificates traded that day,Derived from standardized TSETMC instrument-day observations
2018-08-04,1397/05/13,1397,5,13,24,7034.0,95201.0,63532023208.0,667346.1750191699,659335.5,660452.0,608461.0,672263.0,all valid TSETMC Bank Maskan mortgage-facility certificates traded that day,Derived from standardized TSETMC instrument-day observations
2018-08-05,1397/05/14,1397,5,14,24,6882.0,100138.0,66847203468.0,667550.8145559129,662839.0833333334,664018.5,625772.0,673390.0,all valid TSETMC Bank Maskan mortgage-facility certificates traded that day,Derived from standardized TSETMC instrument-day observations
2018-08-06,1397/05/15,1397,5,15,24,6710.0,95468.0,63993780428.0,670316.5503414756,665944.5,667276.0,620364.0,678446.0,all valid TSETMC Bank Maskan mortgage-facility certificates traded that day,Derived from standardized TSETMC instrument-day observations
2018-08-07,1397/05/16,1397,5,16,23,6566.0,95214.0,64157639239.0,673825.689909047,672632.1304347826,673453.0,655136.0,683570.0,all valid TSETMC Bank Maskan mortgage-facility certificates traded that day,Derived from standardized TSETMC instrument-day observations
2018-08-08,1397/05/17,1397,5,17,23,6078.0,89380.0,59878571532.0,669932.5523830835,667127.5652173914,667579.0,653208.0,681137.0,all valid TSETMC Bank Maskan mortgage-facility certificates traded that day,Derived from standardized TSETMC instrument-day observations
2018-08-11,1397/05/20,1397,5,20,23,6633.0,91714.0,61528021855.0,670868.3718407223,665026.5217391305,662834.0,653363.0,680182.0,all valid TSETMC Bank Maskan mortgage-facility certificates traded that day,Derived from standardized TSETMC instrument-day observations
2018-08-12,1397/05/21,1397,5,21,23,6345.0,104732.0,70219736243.0,670470.689407249,669022.3913043478,668639.0,653542.0,680399.0,all valid TSETMC Bank Maskan mortgage-facility certificates traded that day,Derived from standardized TSETMC instrument-day observations
2018-08-13,1397/05/22,1397,5,22,23,5375.0,81694.0,54692166992.0,669475.9344872328,666954.9565217391,667289.0,654458.0,680081.0,all valid TSETMC Bank Maskan mortgage-facility certificates traded that day,Derived from standardized TSETMC instrument-day observations
2018-08-14,1397/05/23,1397,5,23,23,4989.0,73700.0,49167363728.0,667128.4087924017,664084.6521739131,663479.0,655333.0,676466.0,all valid TSETMC Bank Maskan mortgage-facility certificates traded that day,Derived from standardized TSETMC instrument-day observations
2018-08-15,1397/05/24,1397,5,24,23,5127.0,75452.0,49995715079.0,662616.167616498,657162.0434782609,656276.0,647730.0,672457.0,all valid TSETMC Bank Maskan mortgage-facility certificates traded that day,Derived from standardized TSETMC instrument-day observations
2018-08-18,1397/05/27,1397,5,27,23,5449.0,86398.0,57068060224.0,660525.2462325516,651627.3913043478,651065.0,637905.0,669860.0,all valid TSETMC Bank Maskan mortgage-facility certificates traded that day,Derived from standardized TSETMC instrument-day observations
2018-08-19,1397/05/28,1397,5,28,23,4580.0,72615.0,47980806751.0,660756.1351098258,653154.695652174,652368.0,636031.0,671152.0,all valid TSETMC Bank Maskan mortgage-facility certificates traded that day,Derived from standardized TSETMC instrument-day observations
2018-08-20,1397/05/29,1397,5,29,23,4277.0,72867.0,48042960799.0,659323.9847804905,654033.8260869565,652822.0,641889.0,670010.0,all valid TSETMC Bank Maskan mortgage-facility certificates traded that day,Derived from standardized TSETMC instrument-day observations
2018-08-21,1397/05/30,1397,5,30,23,4499.0,73117.0,48305708636.0,660663.1650095053,655087.5652173914,655747.0,641223.0,667083.0,all valid TSETMC Bank Maskan mortgage-facility certificates traded that day,Derived from standardized TSETMC instrument-day observations
2018-08-25,1397/06/03,1397,6,3,24,5536.0,83662.0,55379216576.0,661939.9079151825,658277.7916666666,659039.0,636692.0,673323.0,all valid TSETMC Bank Maskan mortgage-facility certificates traded that day,Derived from standardized TSETMC instrument-day observations
2018-08-26,1397/06/04,1397,6,4,24,11358.0,108904.0,68924126443.0,632888.841943363,639905.6666666666,641109.0,616697.0,657746.0,all valid TSETMC Bank Maskan mortgage-facility certificates traded that day,Derived from standardized TSETMC instrument-day observations
2018-08-27,1397/06/05,1397,6,5,24,5789.0,69722.0,44876184435.0,643644.5373770116,642353.5,643060.5,631263.0,653622.0,all valid TSETMC Bank Maskan mortgage-facility certificates traded that day,Derived from standardized TSETMC instrument-day observations
2018-08-28,1397/06/06,1397,6,6,24,7583.0,84896.0,54712014902.0,644459.2784347908,644057.0,644090.0,635413.0,671578.0,all valid TSETMC Bank Maskan mortgage-facility certificates traded that day,Derived from standardized TSETMC instrument-day observations
2018-08-29,1397/06/07,1397,6,7,24,7802.0,83812.0,54675579795.0,652359.80283253,649913.3333333334,650124.5,638100.0,665424.0,all valid TSETMC Bank Maskan mortgage-facility certificates traded that day,Derived from standardized TSETMC instrument-day observations
2018-09-01,1397/06/10,1397,6,10,24,6926.0,78198.0,51468705654.0,658184.4248446252,653870.625,653451.5,639834.0,662126.0,all valid TSETMC Bank Maskan mortgage-facility certificates traded that day,Derived from standardized TSETMC instrument-day observations
2018-09-02,1397/06/11,1397,6,11,24,7875.0,81760.0,53340298471.0,652400.9108488258,647889.9583333334,648769.5,629528.0,654902.0,all valid TSETMC Bank Maskan mortgage-facility certificates traded that day,Derived from standardized TSETMC instrument-day observations
2018-09-03,1397/06/12,1397,6,12,24,6889.0,81939.0,53600847149.0,654155.4955393646,648447.375,648939.0,620393.0,656736.0,all valid TSETMC Bank Maskan mortgage-facility certificates traded that day,Derived from standardized TSETMC instrument-day observations
2018-09-04,1397/06/13,1397,6,13,24,6739.0,83333.0,54455133084.0,653464.2108648435,650059.75,651385.0,628901.0,660092.0,all valid TSETMC Bank Maskan mortgage-facility certificates traded that day,Derived from standardized TSETMC instrument-day observations
2018-09-05,1397/06/14,1397,6,14,24,5801.0,72233.0,47192043089.0,653330.7918679828,646592.7083333334,647723.5,626158.0,657921.0,all valid TSETMC Bank Maskan mortgage-facility certificates traded that day,Derived from standardized TSETMC instrument-day observations
2018-09-08,1397/06/17,1397,6,17,23,7153.0,93305.0,61376282556.0,657802.7174963829,653890.4782608695,655540.0,638699.0,666169.0,all valid TSETMC Bank Maskan mortgage-facility certificates traded that day,Derived from standardized TSETMC instrument-day observations
2018-09-09,1397/06/18,1397,6,18,23,6995.0,93347.0,61068362069.0,654208.0845554759,649328.3478260869,649736.0,642506.0,658590.0,all valid TSETMC Bank Maskan mortgage-facility certificates traded that day,Derived from standardized TSETMC instrument-day observations
2018-09-10,1397/06/19,1397,6,19,23,5659.0,79821.0,52119003281.0,652948.5133110335,649153.3478260869,648514.0,641033.0,656909.0,all valid TSETMC Bank Maskan mortgage-facility certificates traded that day,Derived from standardized TSETMC instrument-day observations
2018-09-11,1397/06/20,1397,6,20,23,5752.0,75804.0,49251808021.0,649725.7139596855,644941.304347826,644588.0,632661.0,654741.0,all valid TSETMC Bank Maskan mortgage-facility certificates traded that day,Derived from standardized TSETMC instrument-day observations
2018-09-12,1397/06/21,1397,6,21,23,6341.0,90525.0,59153079155.0,653444.6744545705,647917.9130434783,648624.0,637728.0,660444.0,all valid TSETMC Bank Maskan mortgage-facility certificates traded that day,Derived from standardized TSETMC instrument-day observations
2018-09-15,1397/06/24,1397,6,24,23,5617.0,89900.0,57783169602.0,642749.38378198,635538.6521739131,636492.0,622683.0,652079.0,all valid TSETMC Bank Maskan mortgage-facility certificates traded that day,Derived from standardized TSETMC instrument-day observations
2018-09-16,1397/06/25,1397,6,25,23,4867.0,72654.0,45980450261.0,632868.8064112093,624691.9565217391,623834.0,612076.0,648922.0,all valid TSETMC Bank Maskan mortgage-facility certificates traded that day,Derived from standardized TSETMC instrument-day observations
2018-09-17,1397/06/26,1397,6,26,23,5151.0,94153.0,60256648651.0,639986.4969889435,632514.6521739131,633452.0,618718.0,651319.0,all valid TSETMC Bank Maskan mortgage-facility certificates traded that day,Derived from standardized TSETMC instrument-day observations
2018-09-18,1397/06/27,1397,6,27,23,4377.0,67693.0,43546916053.0,643300.1352133899,638449.5652173914,638925.0,619083.0,651890.0,all valid TSETMC Bank Maskan mortgage-facility certificates traded that day,Derived from standardized TSETMC instrument-day observations
2018-09-22,1397/06/31,1397,6,31,23,3995.0,60117.0,38628066022.0,642548.1315102217,635404.8695652174,636228.0,622458.0,649744.0,all valid TSETMC Bank Maskan mortgage-facility certificates traded that day,Derived from standardized TSETMC instrument-day observations
2018-09-23,1397/07/01,1397,7,1,24,4402.0,70271.0,45000442709.0,640384.265329937,637881.75,638481.0,617978.0,652853.0,all valid TSETMC Bank Maskan mortgage-facility certificates traded that day,Derived from standardized TSETMC instrument-day observations
2018-09-24,1397/07/02,1397,7,2,24,8204.0,86785.0,53501740848.0,616486.038462868,621668.2083333334,621601.0,611255.0,634382.0,all valid TSETMC Bank Maskan mortgage-facility certificates traded that day,Derived from standardized TSETMC instrument-day observations
2018-09-25,1397/07/03,1397,7,3,24,8229.0,84207.0,51358915417.0,609912.6606695405,605696.25,606369.5,590815.0,615187.0,all valid TSETMC Bank Maskan mortgage-facility certificates traded that day,Derived from standardized TSETMC instrument-day observations
2018-09-26,1397/07/04,1397,7,4,24,9279.0,85601.0,51700293901.0,603968.3403348092,596144.3333333334,597047.0,581377.0,605962.0,all valid TSETMC Bank Maskan mortgage-facility certificates traded that day,Derived from standardized TSETMC instrument-day observations
2018-09-29,1397/07/07,1397,7,7,24,9077.0,90905.0,55019686991.0,605243.7928716792,596799.5,596848.5,582007.0,607508.0,all valid TSETMC Bank Maskan mortgage-facility certificates traded that day,Derived from standardized TSETMC instrument-day observations
2018-09-30,1397/07/08,1397,7,8,24,8165.0,88369.0,54189000871.0,613212.7880931096,607051.6666666666,606745.0,592449.0,624689.0,all valid TSETMC Bank Maskan mortgage-facility certificates traded that day,Derived from standardized TSETMC instrument-day observations
2018-10-01,1397/07/09,1397,7,9,24,7964.0,82238.0,51314283223.0,623972.8984532697,615860.4166666666,617225.0,591407.0,626503.0,all valid TSETMC Bank Maskan mortgage-facility certificates traded that day,Derived from standardized TSETMC instrument-day observations
2018-10-02,1397/07/10,1397,7,10,24,4760.0,64039.0,40455322992.0,631729.4616093318,624379.6666666666,625583.0,596035.0,639915.0,all valid TSETMC Bank Maskan mortgage-facility certificates traded that day,Derived from standardized TSETMC instrument-day observations
2018-10-03,1397/07/11,1397,7,11,24,6968.0,72350.0,45409361912.0,627634.5806772633,620402.2916666666,622834.5,577448.0,631642.0,all valid TSETMC Bank Maskan mortgage-facility certificates traded that day,Derived from standardized TSETMC instrument-day observations
2018-10-06,1397/07/14,1397,7,14,24,7461.0,92412.0,57592018791.0,623209.3103817686,616558.0833333334,617957.5,572539.0,625256.0,all valid TSETMC Bank Maskan mortgage-facility certificates traded that day,Derived from standardized TSETMC instrument-day observations
2018-10-07,1397/07/15,1397,7,15,24,4875.0,75845.0,48333311980.0,637264.3151163558,628102.375,631690.0,545597.0,640779.0,all valid TSETMC Bank Maskan mortgage-facility certificates traded that day,Derived from standardized TSETMC instrument-day observations
2018-10-08,1397/07/16,1397,7,16,23,6391.0,78405.0,49734297503.0,634325.5851412538,629763.1739130435,631563.0,621081.0,635657.0,all valid TSETMC Bank Maskan mortgage-facility certificates traded that day,Derived from standardized TSETMC instrument-day observations
2018-10-09,1397/07/17,1397,7,17,23,6200.0,79074.0,50065620128.0,633148.9507044035,628101.8260869565,630615.0,614799.0,634737.0,all valid TSETMC Bank Maskan mortgage-facility certificates traded that day,Derived from standardized TSETMC instrument-day observations
2018-10-10,1397/07/18,1397,7,18,23,6145.0,65400.0,41226150348.0,630369.2713761468,626070.4347826086,627149.0,614458.0,632471.0,all valid TSETMC Bank Maskan mortgage-facility certificates traded that day,Derived from standardized TSETMC instrument-day observations
2018-10-13,1397/07/21,1397,7,21,23,6801.0,80906.0,51094892586.0,631534.0343855832,626327.2608695652,626314.0,612847.0,635525.0,all valid TSETMC Bank Maskan mortgage-facility certificates traded that day,Derived from standardized TSETMC instrument-day observations
2018-10-14,1397/07/22,1397,7,22,23,5412.0,65918.0,41570833642.0,630644.643981917,624704.0869565217,625946.0,612734.0,635556.0,all valid TSETMC Bank Maskan mortgage-facility certificates traded that day,Derived from standardized TSETMC instrument-day observations
2018-10-15,1397/07/23,1397,7,23,23,5089.0,63304.0,39856763521.0,629608.9270978137,623202.9130434783,623967.0,603146.0,633980.0,all valid TSETMC Bank Maskan mortgage-facility certificates traded that day,Derived from standardized TSETMC instrument-day observations
2018-10-16,1397/07/24,1397,7,24,23,5061.0,62927.0,39671290212.0,630433.5215726158,622735.9130434783,623628.0,605054.0,636180.0,all valid TSETMC Bank Maskan mortgage-facility certificates traded that day,Derived from standardized TSETMC instrument-day observations
2018-10-17,1397/07/25,1397,7,25,23,4828.0,70374.0,44239272658.0,628630.9241765424,622972.0,623216.0,610445.0,633861.0,all valid TSETMC Bank Maskan mortgage-facility certificates traded that day,Derived from standardized TSETMC instrument-day observations
2018-10-20,1397/07/28,1397,7,28,23,5158.0,72630.0,45557381143.0,627252.9415255404,621351.1304347826,622253.0,610165.0,631184.0,all valid TSETMC Bank Maskan mortgage-facility certificates traded that day,Derived from standardized TSETMC instrument-day observations
2018-10-21,1397/07/29,1397,7,29,23,5058.0,68706.0,42681917480.0,621225.474922132,615612.304347826,616915.0,606149.0,627820.0,all valid TSETMC Bank Maskan mortgage-facility certificates traded that day,Derived from standardized TSETMC instrument-day observations
2018-10-22,1397/07/30,1397,7,30,23,4165.0,59429.0,36900229359.0,620912.8432078615,610964.304347826,611226.0,588253.0,629242.0,all valid TSETMC Bank Maskan mortgage-facility certificates traded that day,Derived from standardized TSETMC instrument-day observations
2018-10-23,1397/08/01,1397,8,1,24,4426.0,54753.0,34029800058.0,621514.8039011561,613585.75,613596.5,594111.0,629795.0,all valid TSETMC Bank Maskan mortgage-facility certificates traded that day,Derived from standardized TSETMC instrument-day observations
2018-10-24,1397/08/02,1397,8,2,24,6871.0,96196.0,57787813713.0,600729.9026258888,597778.0,598828.5,580759.0,610819.0,all valid TSETMC Bank Maskan mortgage-facility certificates traded that day,Derived from standardized TSETMC instrument-day observations
2018-10-27,1397/08/05,1397,8,5,24,8162.0,77199.0,45485285629.0,589195.2697444267,584595.9166666666,585080.5,572892.0,597448.0,all valid TSETMC Bank Maskan mortgage-facility certificates traded that day,Derived from standardized TSETMC instrument-day observations
2018-10-28,1397/08/06,1397,8,6,24,8366.0,83938.0,49918036803.0,594701.289082418,590362.8333333334,590989.0,570781.0,597973.0,all valid TSETMC Bank Maskan mortgage-facility certificates traded that day,Derived from standardized TSETMC instrument-day observations
2018-10-29,1397/08/07,1397,8,7,24,8162.0,77345.0,46392239566.0,599809.1611093153,593142.0,594625.0,561130.0,603748.0,all valid TSETMC Bank Maskan mortgage-facility certificates traded that day,Derived from standardized TSETMC instrument-day observations
2018-10-31,1397/08/09,1397,8,9,24,6266.0,61583.0,37013646347.0,601036.752788919,592901.2916666666,592759.0,543733.0,604237.0,all valid TSETMC Bank Maskan mortgage-facility certificates traded that day,Derived from standardized TSETMC instrument-day observations
2018-11-03,1397/08/12,1397,8,12,24,7308.0,70964.0,42383951589.0,597259.900639761,589806.3333333334,592334.0,519986.0,601878.0,all valid TSETMC Bank Maskan mortgage-facility certificates traded that day,Derived from standardized TSETMC instrument-day observations
2018-11-04,1397/08/13,1397,8,13,24,6049.0,67997.0,40925971470.0,601879.0751062547,594130.2916666666,599270.0,520605.0,605140.0,all valid TSETMC Bank Maskan mortgage-facility certificates traded that day,Derived from standardized TSETMC instrument-day observations
2018-11-05,1397/08/14,1397,8,14,24,6050.0,72303.0,44234381921.0,611791.7917790409,603853.4583333334,608837.0,528275.0,615701.0,all valid TSETMC Bank Maskan mortgage-facility certificates traded that day,Derived from standardized TSETMC instrument-day observations
2018-11-06,1397/08/15,1397,8,15,24,5502.0,62930.0,37942546212.0,602932.56335611,596699.0833333334,600637.5,544475.0,608213.0,all valid TSETMC Bank Maskan mortgage-facility certificates traded that day,Derived from standardized TSETMC instrument-day observations
2018-11-10,1397/08/19,1397,8,19,23,5169.0,54189.0,32871956228.0,606616.7714480798,600064.6086956522,601721.0,588062.0,609201.0,all valid TSETMC Bank Maskan mortgage-facility certificates traded that day,Derived from standardized TSETMC instrument-day observations
2018-11-11,1397/08/20,1397,8,20,23,5783.0,65141.0,39303316106.0,603357.5798038102,599298.3913043478,600305.0,582495.0,610384.0,all valid TSETMC Bank Maskan mortgage-facility certificates traded that day,Derived from standardized TSETMC instrument-day observations
2018-11-12,1397/08/21,1397,8,21,23,5336.0,59747.0,35975370156.0,602128.4776808878,596396.0434782609,598277.0,583515.0,605250.0,all valid TSETMC Bank Maskan mortgage-facility certificates traded that day,Derived from standardized TSETMC instrument-day observations
2018-11-13,1397/08/22,1397,8,22,23,4837.0,53963.0,32401876274.0,600446.1626299501,595105.7826086957,595039.0,586871.0,603484.0,all valid TSETMC Bank Maskan mortgage-facility certificates traded that day,Derived from standardized TSETMC instrument-day observations
2018-11-14,1397/08/23,1397,8,23,23,4755.0,54865.0,32847814073.0,598702.5257085573,592277.304347826,591493.0,581489.0,602155.0,all valid TSETMC Bank Maskan mortgage-facility certificates traded that day,Derived from standardized TSETMC instrument-day observations
2018-11-17,1397/08/26,1397,8,26,23,5124.0,58339.0,34646718226.0,593886.0492295034,585712.0,586203.0,571766.0,600077.0,all valid TSETMC Bank Maskan mortgage-facility certificates traded that day,Derived from standardized TSETMC instrument-day observations
2018-11-18,1397/08/27,1397,8,27,23,4468.0,56999.0,33584264562.0,589207.9608765066,579401.5217391305,580755.0,568442.0,598138.0,all valid TSETMC Bank Maskan mortgage-facility certificates traded that day,Derived from standardized TSETMC instrument-day observations
2018-11-19,1397/08/28,1397,8,28,23,4738.0,59944.0,35524688750.0,592631.2683504605,582121.9565217391,581366.0,553874.0,599230.0,all valid TSETMC Bank Maskan mortgage-facility certificates traded that day,Derived from standardized TSETMC instrument-day observations
2018-11-20,1397/08/29,1397,8,29,23,4103.0,50037.0,29680704262.0,593175.1356396266,584355.695652174,586839.0,552291.0,599132.0,all valid TSETMC Bank Maskan mortgage-facility certificates traded that day,Derived from standardized TSETMC instrument-day observations
2018-11-21,1397/08/30,1397,8,30,23,3482.0,49696.0,29490867357.0,593425.3734103348,584286.304347826,588618.0,536842.0,601228.0,all valid TSETMC Bank Maskan mortgage-facility certificates traded that day,Derived from standardized TSETMC instrument-day observations
2018-11-24,1397/09/03,1397,9,3,24,4767.0,55541.0,32510947137.0,585350.4102734916,575345.6666666666,580632.5,510770.0,602852.0,all valid TSETMC Bank Maskan mortgage-facility certificates traded that day,Derived from standardized TSETMC instrument-day observations
2018-11-26,1397/09/05,1397,9,5,21,5428.0,60901.0,33419577198.0,548752.5196302196,549362.7142857143,553538.0,486747.0,581625.0,all valid TSETMC Bank Maskan mortgage-facility certificates traded that day,Derived from standardized TSETMC instrument-day observations
2018-11-27,1397/09/06,1397,9,6,23,6650.0,71940.0,38148901709.0,530287.7635390604,533648.5217391305,534405.0,462410.0,568622.0,all valid TSETMC Bank Maskan mortgage-facility certificates traded that day,Derived from standardized TSETMC instrument-day observations
2018-11-28,1397/09/07,1397,9,7,21,7619.0,81761.0,42805755673.0,523547.35965802765,515641.28571428574,521124.0,439318.0,551720.0,all valid TSETMC Bank Maskan mortgage-facility certificates traded that day,Derived from standardized TSETMC instrument-day observations
2018-12-01,1397/09/10,1397,9,10,23,6300.0,66632.0,34316842751.0,515020.451899988,508125.6956521739,511716.0,417974.0,538346.0,all valid TSETMC Bank Maskan mortgage-facility certificates traded that day,Derived from standardized TSETMC instrument-day observations
2018-12-02,1397/09/11,1397,9,11,24,7982.0,83254.0,44080841647.0,529474.1591635237,518894.2916666667,525837.5,397076.0,540062.0,all valid TSETMC Bank Maskan mortgage-facility certificates traded that day,Derived from standardized TSETMC instrument-day observations
2018-12-03,1397/09/12,1397,9,12,24,6300.0,73379.0,40120907049.0,546762.793837474,536397.75,542817.5,394927.0,557633.0,all valid TSETMC Bank Maskan mortgage-facility certificates traded that day,Derived from standardized TSETMC instrument-day observations
2018-12-04,1397/09/13,1397,9,13,24,6271.0,71611.0,40686502001.0,568159.9475080644,557384.0416666666,562326.0,407748.0,577858.0,all valid TSETMC Bank Maskan mortgage-facility certificates traded that day,Derived from standardized TSETMC instrument-day observations
2018-12-05,1397/09/14,1397,9,14,24,6323.0,71337.0,41183984510.0,577315.9021265262,568518.2916666666,576280.5,428135.0,582714.0,all valid TSETMC Bank Maskan mortgage-facility certificates traded that day,Derived from standardized TSETMC instrument-day observations
2018-12-08,1397/09/17,1397,9,17,23,6420.0,67274.0,38312965757.0,569506.2841067872,565175.8260869565,566724.0,554464.0,572212.0,all valid TSETMC Bank Maskan mortgage-facility certificates traded that day,Derived from standardized TSETMC instrument-day observations
2018-12-09,1397/09/18,1397,9,18,23,5378.0,59638.0,33776405669.0,566357.1157483484,561783.1739130435,562743.0,552502.0,568209.0,all valid TSETMC Bank Maskan mortgage-facility certificates traded that day,Derived from standardized TSETMC instrument-day observations
2018-12-10,1397/09/19,1397,9,19,23,5665.0,64369.0,36681684380.0,569865.6865882645,566318.5217391305,566778.0,558053.0,571170.0,all valid TSETMC Bank Maskan mortgage-facility certificates traded that day,Derived from standardized TSETMC instrument-day observations
2018-12-12,1397/09/21,1397,9,21,23,6684.0,87079.0,50436133010.0,579199.7267998025,573897.5217391305,574599.0,560534.0,582148.0,all valid TSETMC Bank Maskan mortgage-facility certificates traded that day,Derived from standardized TSETMC instrument-day observations
2018-12-15,1397/09/24,1397,9,24,23,6837.0,77077.0,43859321983.0,569032.551643162,565339.7826086957,565554.0,555804.0,571473.0,all valid TSETMC Bank Maskan mortgage-facility certificates traded that day,Derived from standardized TSETMC instrument-day observations
2018-12-16,1397/09/25,1397,9,25,23,5528.0,69318.0,39078287390.0,563753.8213739577,558540.3913043478,560731.0,540954.0,566431.0,all valid TSETMC Bank Maskan mortgage-facility certificates traded that day,Derived from standardized TSETMC instrument-day observations
2018-12-17,1397/09/26,1397,9,26,23,4712.0,56944.0,31410839823.0,551609.2972569542,543125.4782608695,541711.0,518820.0,559412.0,all valid TSETMC Bank Maskan mortgage-facility certificates traded that day,Derived from standardized TSETMC instrument-day observations
2018-12-18,1397/09/27,1397,9,27,23,4698.0,62842.0,34468144621.0,548488.9822252634,539882.304347826,542602.0,503220.0,553825.0,all valid TSETMC Bank Maskan mortgage-facility certificates traded that day,Derived from standardized TSETMC instrument-day observations
2018-12-19,1397/09/28,1397,9,28,23,4140.0,57189.0,30795670024.0,538489.3952333491,533951.6521739131,535503.0,503388.0,541586.0,all valid TSETMC Bank Maskan mortgage-facility certificates traded that day,Derived from standardized TSETMC instrument-day observations
2018-12-22,1397/10/01,1397,10,1,24,4692.0,57082.0,30354462200.0,531769.4229354262,523120.375,523832.5,495249.0,538462.0,all valid TSETMC Bank Maskan mortgage-facility certificates traded that day,Derived from standardized TSETMC instrument-day observations
2018-12-23,1397/10/02,1397,10,2,24,8243.0,95237.0,48392264534.0,508124.62104014197,513469.2083333333,512881.5,478444.0,533102.0,all valid TSETMC Bank Maskan mortgage-facility certificates traded that day,Derived from standardized TSETMC instrument-day observations
2018-12-24,1397/10/03,1397,10,3,24,10286.0,90120.0,46233923447.0,513026.2255548158,519151.5,518371.5,484484.0,548000.0,all valid TSETMC Bank Maskan mortgage-facility certificates traded that day,Derived from standardized TSETMC instrument-day observations
2018-12-25,1397/10/04,1397,10,4,24,8902.0,85585.0,45288314836.0,529161.8255068061,527838.9166666666,525731.5,498494.0,555383.0,all valid TSETMC Bank Maskan mortgage-facility certificates traded that day,Derived from standardized TSETMC instrument-day observations
2018-12-26,1397/10/05,1397,10,5,24,8322.0,81313.0,44355060711.0,545485.478472077,542416.25,543663.5,518476.0,556094.0,all valid TSETMC Bank Maskan mortgage-facility certificates traded that day,Derived from standardized TSETMC instrument-day observations
2018-12-29,1397/10/08,1397,10,8,24,9158.0,89614.0,49748775684.0,555145.1300466445,550870.9583333334,551879.0,533097.0,563017.0,all valid TSETMC Bank Maskan mortgage-facility certificates traded that day,Derived from standardized TSETMC instrument-day observations
2018-12-30,1397/10/09,1397,10,9,24,7864.0,79220.0,44552125653.0,562384.8226836658,555252.5416666666,555212.5,523773.0,569831.0,all valid TSETMC Bank Maskan mortgage-facility certificates traded that day,Derived from standardized TSETMC instrument-day observations
2018-12-31,1397/10/10,1397,10,10,24,4516.0,62853.0,35748399686.0,568762.0270472371,563617.5,559323.5,517521.0,590030.0,all valid TSETMC Bank Maskan mortgage-facility certificates traded that day,Derived from standardized TSETMC instrument-day observations
2019-01-01,1397/10/11,1397,10,11,24,7825.0,106064.0,60305051625.0,568572.292436642,564225.2916666666,558609.5,531555.0,598711.0,all valid TSETMC Bank Maskan mortgage-facility certificates traded that day,Derived from standardized TSETMC instrument-day observations
2019-01-02,1397/10/12,1397,10,12,24,7012.0,100231.0,57557424482.0,574247.7325577915,570858.5416666666,565092.0,532634.0,614414.0,all valid TSETMC Bank Maskan mortgage-facility certificates traded that day,Derived from standardized TSETMC instrument-day observations
2019-01-05,1397/10/15,1397,10,15,24,8481.0,118635.0,70030504035.0,590302.2213933493,580100.125,575157.0,511287.0,625237.0,all valid TSETMC Bank Maskan mortgage-facility certificates traded that day,Derived from standardized TSETMC instrument-day observations
2019-01-06,1397/10/16,1397,10,16,23,7538.0,97790.0,57717900857.0,590222.9354432969,589035.695652174,584276.0,571101.0,620633.0,all valid TSETMC Bank Maskan mortgage-facility certificates traded that day,Derived from standardized TSETMC instrument-day observations
2019-01-07,1397/10/17,1397,10,17,23,5484.0,64623.0,37590879411.0,581695.0530151804,579254.2608695652,578722.0,558439.0,602804.0,all valid TSETMC Bank Maskan mortgage-facility certificates traded that day,Derived from standardized TSETMC instrument-day observations
2019-01-08,1397/10/18,1397,10,18,23,6131.0,64689.0,37253939341.0,575892.9546136128,571162.3478260869,572217.0,557576.0,579510.0,all valid TSETMC Bank Maskan mortgage-facility certificates traded that day,Derived from standardized TSETMC instrument-day observations
2019-01-09,1397/10/19,1397,10,19,23,5531.0,64011.0,36647333788.0,572516.1892174783,567872.2608695652,567915.0,556733.0,576294.0,all valid TSETMC Bank Maskan mortgage-facility certificates traded that day,Derived from standardized TSETMC instrument-day observations
2019-01-12,1397/10/22,1397,10,22,23,4973.0,56250.0,31866796066.0,566520.818951111,561092.2608695652,561939.0,549829.0,571240.0,all valid TSETMC Bank Maskan mortgage-facility certificates traded that day,Derived from standardized TSETMC instrument-day observations
2019-01-13,1397/10/23,1397,10,23,23,4852.0,62447.0,35320084163.0,565600.976235848,560573.7826086957,560418.0,547656.0,571318.0,all valid TSETMC Bank Maskan mortgage-facility certificates traded that day,Derived from standardized TSETMC instrument-day observations
2019-01-14,1397/10/24,1397,10,24,23,4272.0,58983.0,33562452543.0,569019.082498347,564821.6521739131,565317.0,554187.0,572506.0,all valid TSETMC Bank Maskan mortgage-facility certificates traded that day,Derived from standardized TSETMC instrument-day observations
2019-01-15,1397/10/25,1397,10,25,23,4769.0,62507.0,35832827124.0,573261.0287487801,568185.5217391305,567854.0,552531.0,578374.0,all valid TSETMC Bank Maskan mortgage-facility certificates traded that day,Derived from standardized TSETMC instrument-day observations
2019-01-16,1397/10/26,1397,10,26,23,4817.0,58829.0,33661339100.0,572189.5510717503,567801.0,569954.0,550685.0,577572.0,all valid TSETMC Bank Maskan mortgage-facility certificates traded that day,Derived from standardized TSETMC instrument-day observations
2019-01-19,1397/10/29,1397,10,29,22,475.0,16326.0,9510847280.0,582558.329045694,577183.7727272727,580071.5,558310.0,587464.0,all valid TSETMC Bank Maskan mortgage-facility certificates traded that day,Derived from standardized TSETMC instrument-day observations
2019-01-20,1397/10/30,1397,10,30,23,6538.0,82241.0,46891467280.0,570171.4142580951,563323.1304347826,563649.0,548401.0,578671.0,all valid TSETMC Bank Maskan mortgage-facility certificates traded that day,Derived from standardized TSETMC instrument-day observations
2019-01-21,1397/11/01,1397,11,1,23,4135.0,53417.0,30462101457.0,570269.7915832038,563066.2173913043,563366.0,538759.0,579525.0,all valid TSETMC Bank Maskan mortgage-facility certificates traded that day,Derived from standardized TSETMC instrument-day observations
2019-01-22,1397/11/02,1397,11,2,24,6620.0,83531.0,46834153638.0,560679.9109073278,560570.9166666666,562422.0,532701.0,574243.0,all valid TSETMC Bank Maskan mortgage-facility certificates traded that day,Derived from standardized TSETMC instrument-day observations
2019-01-23,1397/11/03,1397,11,3,24,7581.0,88827.0,47811916052.0,538258.8182872325,540250.125,539472.5,520514.0,558353.0,all valid TSETMC Bank Maskan mortgage-facility certificates traded that day,Derived from standardized TSETMC instrument-day observations
2019-01-26,1397/11/06,1397,11,6,24,6842.0,73057.0,38671962941.0,529339.5970406668,528885.5,528063.0,519794.0,537233.0,all valid TSETMC Bank Maskan mortgage-facility certificates traded that day,Derived from standardized TSETMC instrument-day observations
2019-01-27,1397/11/07,1397,11,7,24,8334.0,82772.0,44935379144.0,542881.3988305224,538910.625,539638.5,520028.0,545246.0,all valid TSETMC Bank Maskan mortgage-facility certificates traded that day,Derived from standardized TSETMC instrument-day observations
2019-01-28,1397/11/08,1397,11,8,24,8726.0,80748.0,44308276143.0,548722.8927403775,546769.375,546998.5,530762.0,553562.0,all valid TSETMC Bank Maskan mortgage-facility certificates traded that day,Derived from standardized TSETMC instrument-day observations
2019-01-29,1397/11/09,1397,11,9,24,6545.0,79905.0,44607605591.0,558258.001264001,557785.125,555598.0,543915.0,569707.0,all valid TSETMC Bank Maskan mortgage-facility certificates traded that day,Derived from standardized TSETMC instrument-day observations
2019-01-30,1397/11/10,1397,11,10,24,8276.0,93238.0,52844081350.0,566765.4963641433,565753.7083333334,567022.0,539242.0,579023.0,all valid TSETMC Bank Maskan mortgage-facility certificates traded that day,Derived from standardized TSETMC instrument-day observations
2019-02-02,1397/11/13,1397,11,13,24,9812.0,115929.0,65768978996.0,567321.1965599634,566252.5833333334,562195.5,528295.0,593430.0,all valid TSETMC Bank Maskan mortgage-facility certificates traded that day,Derived from standardized TSETMC instrument-day observations
2019-02-03,1397/11/14,1397,11,14,24,9707.0,134197.0,77947960342.0,580847.2644097856,574742.0833333334,564080.0,527096.0,614435.0,all valid TSETMC Bank Maskan mortgage-facility certificates traded that day,Derived from standardized TSETMC instrument-day observations
2019-02-04,1397/11/15,1397,11,15,24,7468.0,101319.0,59030956693.0,582624.7465233569,581556.9583333334,567260.5,530593.0,627403.0,all valid TSETMC Bank Maskan mortgage-facility certificates traded that day,Derived from standardized TSETMC instrument-day observations
2019-02-05,1397/11/16,1397,11,16,23,6717.0,93389.0,54165340821.0,579997.0105794044,586796.695652174,574562.0,565764.0,628382.0,all valid TSETMC Bank Maskan mortgage-facility certificates traded that day,Derived from standardized TSETMC instrument-day observations
2019-02-06,1397/11/17,1397,11,17,21,5570.0,71696.0,40909936654.0,570602.7763613033,572321.7142857143,569709.0,560787.0,597893.0,all valid TSETMC Bank Maskan mortgage-facility certificates traded that day,Derived from standardized TSETMC instrument-day observations
2019-02-10,1397/11/21,1397,11,21,22,5483.0,73242.0,42048463952.0,574103.164195407,568508.1363636364,569205.5,552875.0,586437.0,all valid TSETMC Bank Maskan mortgage-facility certificates traded that day,Derived from standardized TSETMC instrument-day observations
2019-02-12,1397/11/23,1397,11,23,22,6446.0,81933.0,46485905569.0,567364.8660368838,563992.2272727273,564846.5,547852.0,569415.0,all valid TSETMC Bank Maskan mortgage-facility certificates traded that day,Derived from standardized TSETMC instrument-day observations
2019-02-13,1397/11/24,1397,11,24,23,6463.0,72388.0,40728502159.0,562641.6278803117,558924.9565217391,558544.0,547916.0,593750.0,all valid TSETMC Bank Maskan mortgage-facility certificates traded that day,Derived from standardized TSETMC instrument-day observations
2019-02-16,1397/11/27,1397,11,27,23,6673.0,84185.0,47325184307.0,562156.9674763912,556708.304347826,557920.0,535285.0,566862.0,all valid TSETMC Bank Maskan mortgage-facility certificates traded that day,Derived from standardized TSETMC instrument-day observations
2019-02-17,1397/11/28,1397,11,28,23,6820.0,82409.0,46565349609.0,565051.7493113616,559299.8260869565,559920.0,533139.0,570883.0,all valid TSETMC Bank Maskan mortgage-facility certificates traded that day,Derived from standardized TSETMC instrument-day observations
2019-02-18,1397/11/29,1397,11,29,23,5922.0,78330.0,44357566839.0,566290.9081960934,557675.7391304348,559148.0,530368.0,575351.0,all valid TSETMC Bank Maskan mortgage-facility certificates traded that day,Derived from standardized TSETMC instrument-day observations
2019-02-19,1397/11/30,1397,11,30,23,6350.0,82024.0,47639922685.0,580804.6752779675,574900.695652174,577671.0,550626.0,587592.0,all valid TSETMC Bank Maskan mortgage-facility certificates traded that day,Derived from standardized TSETMC instrument-day observations
2019-02-20,1397/12/01,1397,12,1,24,4505.0,63457.0,36617767220.0,577048.5087539593,571585.4583333334,570549.0,560879.0,589477.0,all valid TSETMC Bank Maskan mortgage-facility certificates traded that day,Derived from standardized TSETMC instrument-day observations
2019-02-23,1397/12/04,1397,12,4,24,9343.0,129252.0,72367766009.0,559896.6825194195,557704.8333333334,558247.0,551338.0,565197.0,all valid TSETMC Bank Maskan mortgage-facility certificates traded that day,Derived from standardized TSETMC instrument-day observations
2019-02-24,1397/12/05,1397,12,5,24,10466.0,107557.0,57842281393.0,537782.5840531067,536471.9166666666,536097.0,531259.0,542598.0,all valid TSETMC Bank Maskan mortgage-facility certificates traded that day,Derived from standardized TSETMC instrument-day observations
2019-02-25,1397/12/06,1397,12,6,24,10900.0,113842.0,62196141155.0,546337.3900230144,542245.0833333334,542018.0,534524.0,556112.0,all valid TSETMC Bank Maskan mortgage-facility certificates traded that day,Derived from standardized TSETMC instrument-day observations
2019-02-26,1397/12/07,1397,12,7,24,7839.0,89994.0,49151028408.0,546158.9484632309,541105.9583333334,541600.0,534699.0,548258.0,all valid TSETMC Bank Maskan mortgage-facility certificates traded that day,Derived from standardized TSETMC instrument-day observations
2019-02-27,1397/12/08,1397,12,8,24,8225.0,79398.0,42341874587.0,533286.4125922567,530576.125,529885.5,515250.0,539367.0,all valid TSETMC Bank Maskan mortgage-facility certificates traded that day,Derived from standardized TSETMC instrument-day observations
2019-03-02,1397/12/11,1397,12,11,24,9658.0,116159.0,64142260953.0,552193.6393477905,545724.25,547649.0,527633.0,554313.0,all valid TSETMC Bank Maskan mortgage-facility certificates traded that day,Derived from standardized TSETMC instrument-day observations
2019-03-03,1397/12/12,1397,12,12,24,9335.0,98270.0,54169506683.0,551231.3695227435,546927.75,547273.0,531047.0,552906.0,all valid TSETMC Bank Maskan mortgage-facility certificates traded that day,Derived from standardized TSETMC instrument-day observations
2019-03-04,1397/12/13,1397,12,13,24,10237.0,111489.0,61277170807.0,549625.2617477957,543166.9583333334,545873.5,517659.0,552082.0,all valid TSETMC Bank Maskan mortgage-facility certificates traded that day,Derived from standardized TSETMC instrument-day observations
2019-03-05,1397/12/14,1397,12,14,24,7888.0,82309.0,44918578722.0,545731.0709885918,538576.1666666666,542562.0,492449.0,549754.0,all valid TSETMC Bank Maskan mortgage-facility certificates traded that day,Derived from standardized TSETMC instrument-day observations
2019-03-06,1397/12/15,1397,12,15,24,6627.0,76686.0,41743214743.0,544339.4458310513,537843.5,538906.5,500785.0,548996.0,all valid TSETMC Bank Maskan mortgage-facility certificates traded that day,Derived from standardized TSETMC instrument-day observations
2019-03-09,1397/12/18,1397,12,18,23,9319.0,110444.0,60986071938.0,552189.996179059,548004.7391304348,548473.0,542175.0,554094.0,all valid TSETMC Bank Maskan mortgage-facility certificates traded that day,Derived from standardized TSETMC instrument-day observations
2019-03-10,1397/12/19,1397,12,19,23,8213.0,98567.0,55039411754.0,558395.9312345918,555921.4347826086,556397.0,547039.0,560821.0,all valid TSETMC Bank Maskan mortgage-facility certificates traded that day,Derived from standardized TSETMC instrument-day observations
2019-03-11,1397/12/20,1397,12,20,23,6445.0,83252.0,46519496708.0,558779.3291212224,556072.7826086957,555771.0,548812.0,565712.0,all valid TSETMC Bank Maskan mortgage-facility certificates traded that day,Derived from standardized TSETMC instrument-day observations
2019-03-12,1397/12/21,1397,12,21,23,5628.0,78445.0,43159740535.0,550191.0961182994,548777.8260869565,548434.0,538882.0,556009.0,all valid TSETMC Bank Maskan mortgage-facility certificates traded that day,Derived from standardized TSETMC instrument-day observations
2019-03-13,1397/12/22,1397,12,22,23,5145.0,69648.0,37958978140.0,545011.7467838272,539725.0,539337.0,523995.0,555408.0,all valid TSETMC Bank Maskan mortgage-facility certificates traded that day,Derived from standardized TSETMC instrument-day observations
2019-03-16,1397/12/25,1397,12,25,23,4614.0,54636.0,29710708212.0,543793.6198111136,536894.4347826086,536908.0,521547.0,550387.0,all valid TSETMC Bank Maskan mortgage-facility certificates traded that day,Derived from standardized TSETMC instrument-day observations
2019-03-17,1397/12/26,1397,12,26,23,2977.0,41899.0,22766937017.0,543376.6203728012,535175.1304347826,535439.0,520766.0,549871.0,all valid TSETMC Bank Maskan mortgage-facility certificates traded that day,Derived from standardized TSETMC instrument-day observations
2019-03-18,1397/12/27,1397,12,27,23,2644.0,32579.0,17568699839.0,539264.5519813377,531400.3913043478,534254.0,498364.0,549227.0,all valid TSETMC Bank Maskan mortgage-facility certificates traded that day,Derived from standardized TSETMC instrument-day observations
2019-03-19,1397/12/28,1397,12,28,23,1195.0,18414.0,9986441188.0,542328.7274899533,534112.0434782609,536033.0,481668.0,550596.0,all valid TSETMC Bank Maskan mortgage-facility certificates traded that day,Derived from standardized TSETMC instrument-day observations
2019-03-25,1398/01/05,1398,1,5,10,120.0,4304.0,2297418655.0,533786.8622211895,522464.1,527775.5,459711.0,544165.0,all valid TSETMC Bank Maskan mortgage-facility certificates traded that day,Derived from standardized TSETMC instrument-day observations
2019-03-26,1398/01/06,1398,1,6,23,991.0,19541.0,10598099320.0,542351.9430940074,531177.3478260869,536933.0,457693.0,558086.0,all valid TSETMC Bank Maskan mortgage-facility certificates traded that day,Derived from standardized TSETMC instrument-day observations
2019-03-27,1398/01/07,1398,1,7,23,1249.0,23571.0,12681580064.0,538016.209070468,527814.5652173914,528827.0,474755.0,561003.0,all valid TSETMC Bank Maskan mortgage-facility certificates traded that day,Derived from standardized TSETMC instrument-day observations
2019-03-30,1398/01/10,1398,1,10,22,932.0,17485.0,9257462882.0,529451.6947097512,520255.63636363635,521415.5,459670.0,544428.0,all valid TSETMC Bank Maskan mortgage-facility certificates traded that day,Derived from standardized TSETMC instrument-day observations
2019-03-31,1398/01/11,1398,1,11,23,1006.0,19557.0,10147083945.0,518846.65055990184,513439.95652173914,517901.0,436717.0,532953.0,all valid TSETMC Bank Maskan mortgage-facility certificates traded that day,Derived from standardized TSETMC instrument-day observations
2019-04-06,1398/01/17,1398,1,17,23,2879.0,41647.0,22360125950.0,536896.4379186976,529561.8695652174,529452.0,509442.0,548820.0,all valid TSETMC Bank Maskan mortgage-facility certificates traded that day,Derived from standardized TSETMC instrument-day observations
2019-04-07,1398/01/18,1398,1,18,23,4923.0,59670.0,29601295928.0,496083.3907826378,511847.6956521739,511850.0,490536.0,533382.0,all valid TSETMC Bank Maskan mortgage-facility certificates traded that day,Derived from standardized TSETMC instrument-day observations
2019-04-08,1398/01/19,1398,1,19,23,6175.0,61065.0,29989777266.0,491112.37641857035,509688.39130434784,511101.0,485779.0,518886.0,all valid TSETMC Bank Maskan mortgage-facility certificates traded that day,Derived from standardized TSETMC instrument-day observations
2019-04-09,1398/01/20,1398,1,20,23,5527.0,49349.0,24650500277.0,499513.67356987984,502389.5652173913,499661.0,489695.0,524972.0,all valid TSETMC Bank Maskan mortgage-facility certificates traded that day,Derived from standardized TSETMC instrument-day observations
2019-04-10,1398/01/21,1398,1,21,23,5535.0,50589.0,25285429155.0,499820.69530925696,499003.04347826086,498592.0,488134.0,517833.0,all valid TSETMC Bank Maskan mortgage-facility certificates traded that day,Derived from standardized TSETMC instrument-day observations
2019-04-13,1398/01/24,1398,1,24,23,7014.0,68978.0,34255004396.0,496607.6777523268,494689.347826087,494279.0,486859.0,510874.0,all valid TSETMC Bank Maskan mortgage-facility certificates traded that day,Derived from standardized TSETMC instrument-day observations
2019-04-14,1398/01/25,1398,1,25,23,5596.0,58793.0,29340229540.0,499042.9054479275,495765.4347826087,496044.0,487909.0,506950.0,all valid TSETMC Bank Maskan mortgage-facility certificates traded that day,Derived from standardized TSETMC instrument-day observations
2019-04-15,1398/01/26,1398,1,26,23,5241.0,63912.0,31926185314.0,499533.5040993866,498832.347826087,498863.0,478432.0,512980.0,all valid TSETMC Bank Maskan mortgage-facility certificates traded that day,Derived from standardized TSETMC instrument-day observations
2019-04-16,1398/01/27,1398,1,27,23,5509.0,56993.0,28946613109.0,507897.6911024161,505183.347826087,507116.0,472440.0,516416.0,all valid TSETMC Bank Maskan mortgage-facility certificates traded that day,Derived from standardized TSETMC instrument-day observations
2019-04-17,1398/01/28,1398,1,28,23,4973.0,54007.0,27577030521.0,510619.55896457867,505881.0869565217,507162.0,482352.0,514222.0,all valid TSETMC Bank Maskan mortgage-facility certificates traded that day,Derived from standardized TSETMC instrument-day observations
2019-04-20,1398/01/31,1398,1,31,23,4485.0,71143.0,35665277201.0,501318.15078082174,496002.95652173914,498145.0,467320.0,505735.0,all valid TSETMC Bank Maskan mortgage-facility certificates traded that day,Derived from standardized TSETMC instrument-day observations
2019-04-22,1398/02/02,1398,2,2,24,4773.0,53969.0,27246684460.0,504858.0566621579,498360.25,500927.5,462583.0,508396.0,all valid TSETMC Bank Maskan mortgage-facility certificates traded that day,Derived from standardized TSETMC instrument-day observations
2019-04-23,1398/02/03,1398,2,3,24,7875.0,96957.0,47227793022.0,487100.3952473777,486476.875,488679.5,442516.0,499972.0,all valid TSETMC Bank Maskan mortgage-facility certificates traded that day,Derived from standardized TSETMC instrument-day observations
2019-04-24,1398/02/04,1398,2,4,24,6319.0,71748.0,35656477830.0,496968.2476166583,493724.875,494710.5,458480.0,505529.0,all valid TSETMC Bank Maskan mortgage-facility certificates traded that day,Derived from standardized TSETMC instrument-day observations
2019-04-27,1398/02/07,1398,2,7,24,9488.0,100669.0,49357133668.0,490291.28796352405,487825.9166666667,486467.5,455770.0,500481.0,all valid TSETMC Bank Maskan mortgage-facility certificates traded that day,Derived from standardized TSETMC instrument-day observations
2019-04-28,1398/02/08,1398,2,8,24,9093.0,87151.0,42459908427.0,487199.3256187537,481200.5,483260.5,439446.0,491639.0,all valid TSETMC Bank Maskan mortgage-facility certificates traded that day,Derived from standardized TSETMC instrument-day observations
2019-04-29,1398/02/09,1398,2,9,24,5737.0,55949.0,27330207825.0,488484.295072298,480818.125,484500.5,418407.0,492538.0,all valid TSETMC Bank Maskan mortgage-facility certificates traded that day,Derived from standardized TSETMC instrument-day observations
2019-04-30,1398/02/10,1398,2,10,24,7911.0,71738.0,35247613847.0,491338.11713457305,482252.1666666667,487356.5,397487.0,494881.0,all valid TSETMC Bank Maskan mortgage-facility certificates traded that day,Derived from standardized TSETMC instrument-day observations
2019-05-01,1398/02/11,1398,2,11,24,7718.0,77570.0,38307740112.0,493847.3651153797,484251.5416666667,489296.0,377613.0,497199.0,all valid TSETMC Bank Maskan mortgage-facility certificates traded that day,Derived from standardized TSETMC instrument-day observations
2019-05-04,1398/02/14,1398,2,14,24,7403.0,81836.0,40299678702.0,492444.3851361259,483537.9166666667,489570.5,358733.0,498366.0,all valid TSETMC Bank Maskan mortgage-facility certificates traded that day,Derived from standardized TSETMC instrument-day observations
2019-05-05,1398/02/15,1398,2,15,24,6656.0,87030.0,42181600271.0,484678.84948868206,475450.2083333333,481717.0,349536.0,498813.0,all valid TSETMC Bank Maskan mortgage-facility certificates traded that day,Derived from standardized TSETMC instrument-day observations
2019-05-06,1398/02/16,1398,2,16,23,6285.0,78187.0,39375743230.0,503609.84856817627,497860.39130434784,497682.0,478983.0,508352.0,all valid TSETMC Bank Maskan mortgage-facility certificates traded that day,Derived from standardized TSETMC instrument-day observations
2019-05-07,1398/02/17,1398,2,17,23,7071.0,84695.0,43198321534.0,510045.71148237796,506965.82608695654,510784.0,488145.0,517064.0,all valid TSETMC Bank Maskan mortgage-facility certificates traded that day,Derived from standardized TSETMC instrument-day observations
2019-05-08,1398/02/18,1398,2,18,23,7686.0,93946.0,47390108471.0,504439.87472590635,500985.347826087,500881.0,492256.0,507128.0,all valid TSETMC Bank Maskan mortgage-facility certificates traded that day,Derived from standardized TSETMC instrument-day observations
2019-05-11,1398/02/21,1398,2,21,23,8004.0,97922.0,49684902828.0,507392.647494945,504527.26086956525,505509.0,495311.0,509737.0,all valid TSETMC Bank Maskan mortgage-facility certificates traded that day,Derived from standardized TSETMC instrument-day observations
2019-05-12,1398/02/22,1398,2,22,23,6662.0,82986.0,41479013161.0,499831.4554382667,496745.8695652174,496824.0,485671.0,501767.0,all valid TSETMC Bank Maskan mortgage-facility certificates traded that day,Derived from standardized TSETMC instrument-day observations
2019-05-13,1398/02/23,1398,2,23,23,6588.0,80029.0,40266856973.0,503153.3190843319,499854.82608695654,499575.0,490415.0,505909.0,all valid TSETMC Bank Maskan mortgage-facility certificates traded that day,Derived from standardized TSETMC instrument-day observations
2019-05-14,1398/02/24,1398,2,24,23,6220.0,84638.0,42953668960.0,507498.62898461684,504180.47826086957,504897.0,491816.0,512032.0,all valid TSETMC Bank Maskan mortgage-facility certificates traded that day,Derived from standardized TSETMC instrument-day observations
2019-05-15,1398/02/25,1398,2,25,23,5301.0,77739.0,39706317846.0,510764.4534403581,506879.3043478261,507596.0,494799.0,515604.0,all valid TSETMC Bank Maskan mortgage-facility certificates traded that day,Derived from standardized TSETMC instrument-day observations
2019-05-18,1398/02/28,1398,2,28,23,6539.0,84973.0,43743709759.0,514795.40276323067,510402.17391304346,510801.0,499200.0,519270.0,all valid TSETMC Bank Maskan mortgage-facility certificates traded that day,Derived from standardized TSETMC instrument-day observations
2019-05-19,1398/02/29,1398,2,29,23,6264.0,80619.0,41703142273.0,517286.7720140414,513048.0869565217,513888.0,499828.0,523575.0,all valid TSETMC Bank Maskan mortgage-facility certificates traded that day,Derived from standardized TSETMC instrument-day observations
2019-05-20,1398/02/30,1398,2,30,23,5657.0,78919.0,40772201174.0,516633.52518404945,511411.17391304346,509713.0,499221.0,525880.0,all valid TSETMC Bank Maskan mortgage-facility certificates traded that day,Derived from standardized TSETMC instrument-day observations
2019-05-21,1398/02/31,1398,2,31,23,5038.0,57392.0,29369962602.0,511743.1454209646,506317.0,506874.0,484021.0,520863.0,all valid TSETMC Bank Maskan mortgage-facility certificates traded that day,Derived from standardized TSETMC instrument-day observations
2019-05-22,1398/03/01,1398,3,1,24,5599.0,71639.0,36985778164.0,516279.9336115803,509410.2916666667,509320.0,482079.0,525984.0,all valid TSETMC Bank Maskan mortgage-facility certificates traded that day,Derived from standardized TSETMC instrument-day observations
2019-05-25,1398/03/04,1398,3,4,24,9043.0,107167.0,52452979830.0,489450.85548723023,489902.0416666667,490862.5,467724.0,503224.0,all valid TSETMC Bank Maskan mortgage-facility certificates traded that day,Derived from standardized TSETMC instrument-day observations
2019-05-26,1398/03/05,1398,3,5,24,9249.0,97108.0,46667937039.0,480577.676803147,478274.0833333333,477760.5,470653.0,495425.0,all valid TSETMC Bank Maskan mortgage-facility certificates traded that day,Derived from standardized TSETMC instrument-day observations
2019-05-28,1398/03/07,1398,3,7,24,7978.0,83459.0,40373530773.0,483752.8699481182,486800.4166666667,487638.0,462674.0,498298.0,all valid TSETMC Bank Maskan mortgage-facility certificates traded that day,Derived from standardized TSETMC instrument-day observations
2019-05-29,1398/03/08,1398,3,8,24,7482.0,75289.0,36967346614.0,491005.9452775306,496357.5,494805.0,453894.0,517000.0,all valid TSETMC Bank Maskan mortgage-facility certificates traded that day,Derived from standardized TSETMC instrument-day observations
2019-06-01,1398/03/11,1398,3,11,24,8649.0,83082.0,40577484955.0,488402.8424327773,497185.6666666667,484598.5,431359.0,535000.0,all valid TSETMC Bank Maskan mortgage-facility certificates traded that day,Derived from standardized TSETMC instrument-day observations
2019-06-02,1398/03/12,1398,3,12,24,9062.0,91884.0,45653010354.0,496854.8425623612,500911.9166666667,495990.5,418359.0,538002.0,all valid TSETMC Bank Maskan mortgage-facility certificates traded that day,Derived from standardized TSETMC instrument-day observations
2019-06-03,1398/03/13,1398,3,13,24,7554.0,87517.0,43867826787.0,501249.2062913491,504064.0,500996.0,436238.0,538000.0,all valid TSETMC Bank Maskan mortgage-facility certificates traded that day,Derived from standardized TSETMC instrument-day observations
2019-06-08,1398/03/18,1398,3,18,23,5919.0,67795.0,33922092846.0,500362.75309388596,498024.17391304346,497914.0,487491.0,511100.0,all valid TSETMC Bank Maskan mortgage-facility certificates traded that day,Derived from standardized TSETMC instrument-day observations
2019-06-09,1398/03/19,1398,3,19,23,6488.0,67797.0,33654458968.0,496400.415475611,493069.0869565217,492801.0,483461.0,498209.0,all valid TSETMC Bank Maskan mortgage-facility certificates traded that day,Derived from standardized TSETMC instrument-day observations
2019-06-10,1398/03/20,1398,3,20,23,7835.0,98739.0,49348301109.0,499785.30377054657,495460.60869565216,496272.0,486106.0,502187.0,all valid TSETMC Bank Maskan mortgage-facility certificates traded that day,Derived from standardized TSETMC instrument-day observations
2019-06-11,1398/03/21,1398,3,21,23,6849.0,86085.0,42962179007.0,499066.9571586223,495328.39130434784,495700.0,483417.0,502613.0,all valid TSETMC Bank Maskan mortgage-facility certificates traded that day,Derived from standardized TSETMC instrument-day observations
2019-06-12,1398/03/22,1398,3,22,23,5633.0,74956.0,37345773319.0,498235.94267303485,494567.3043478261,494787.0,484682.0,500483.0,all valid TSETMC Bank Maskan mortgage-facility certificates traded that day,Derived from standardized TSETMC instrument-day observations
2019-06-15,1398/03/25,1398,3,25,23,7557.0,84046.0,41258708197.0,490906.26796040265,484090.26086956525,484672.0,469917.0,496303.0,all valid TSETMC Bank Maskan mortgage-facility certificates traded that day,Derived from standardized TSETMC instrument-day observations
2019-06-16,1398/03/26,1398,3,26,23,5913.0,70335.0,34045754253.0,484051.3862657283,477790.347826087,477947.0,456001.0,492010.0,all valid TSETMC Bank Maskan mortgage-facility certificates traded that day,Derived from standardized TSETMC instrument-day observations
2019-06-17,1398/03/27,1398,3,27,23,5910.0,73081.0,35029320527.0,479321.8555712155,467405.1304347826,465232.0,453930.0,491766.0,all valid TSETMC Bank Maskan mortgage-facility certificates traded that day,Derived from standardized TSETMC instrument-day observations
2019-06-18,1398/03/28,1398,3,28,23,5709.0,74480.0,34892351570.0,468479.4786519871,453998.0,452675.0,431997.0,480827.0,all valid TSETMC Bank Maskan mortgage-facility certificates traded that day,Derived from standardized TSETMC instrument-day observations
2019-06-19,1398/03/29,1398,3,29,23,5872.0,68064.0,31427018155.0,461727.46466560883,445929.26086956525,443702.0,422598.0,478416.0,all valid TSETMC Bank Maskan mortgage-facility certificates traded that day,Derived from standardized TSETMC instrument-day observations
2019-06-22,1398/04/01,1398,4,1,24,5868.0,76659.0,35335085090.0,460938.5080681981,445309.375,445614.5,404910.0,474124.0,all valid TSETMC Bank Maskan mortgage-facility certificates traded that day,Derived from standardized TSETMC instrument-day observations
2019-06-23,1398/04/02,1398,4,2,24,8274.0,88118.0,39599644207.0,449393.3612542273,438887.1666666667,438187.5,387069.0,466096.0,all valid TSETMC Bank Maskan mortgage-facility certificates traded that day,Derived from standardized TSETMC instrument-day observations
2019-06-24,1398/04/03,1398,4,3,24,8141.0,91099.0,40301537168.0,442392.75039243023,438632.875,441725.5,388558.0,450705.0,all valid TSETMC Bank Maskan mortgage-facility certificates traded that day,Derived from standardized TSETMC instrument-day observations
2019-06-25,1398/04/04,1398,4,4,24,7639.0,86488.0,38497317574.0,445117.44489408936,443636.7083333333,446536.5,399413.0,455880.0,all valid TSETMC Bank Maskan mortgage-facility certificates traded that day,Derived from standardized TSETMC instrument-day observations
2019-06-26,1398/04/05,1398,4,5,24,6748.0,67624.0,30869237522.0,456483.46033952443,456261.5,457389.5,411259.0,470477.0,all valid TSETMC Bank Maskan mortgage-facility certificates traded that day,Derived from standardized TSETMC instrument-day observations
2019-06-30,1398/04/09,1398,4,9,24,8950.0,90039.0,41143753254.0,456954.8001865858,451819.25,453467.5,426505.0,466949.0,all valid TSETMC Bank Maskan mortgage-facility certificates traded that day,Derived from standardized TSETMC instrument-day observations
2019-07-01,1398/04/10,1398,4,10,24,7299.0,75937.0,33871743668.0,446050.5901997709,439650.2083333333,439833.0,409623.0,459168.0,all valid TSETMC Bank Maskan mortgage-facility certificates traded that day,Derived from standardized TSETMC instrument-day observations
2019-07-02,1398/04/11,1398,4,11,24,8283.0,86008.0,38750809101.0,450548.8919751651,443554.75,447249.5,400870.0,460880.0,all valid TSETMC Bank Maskan mortgage-facility certificates traded that day,Derived from standardized TSETMC instrument-day observations
2019-07-03,1398/04/12,1398,4,12,24,7462.0,79665.0,36161143699.0,453915.0655745936,450148.9166666667,454476.5,402475.0,459697.0,all valid TSETMC Bank Maskan mortgage-facility certificates traded that day,Derived from standardized TSETMC instrument-day observations
2019-07-06,1398/04/15,1398,4,15,24,7324.0,85660.0,39460171827.0,460660.4229161802,461715.9583333333,461898.5,411459.0,478500.0,all valid TSETMC Bank Maskan mortgage-facility certificates traded that day,Derived from standardized TSETMC instrument-day observations
2019-07-07,1398/04/16,1398,4,16,23,8001.0,86869.0,40555905578.0,466862.811566842,468041.5652173913,465282.0,449459.0,490412.0,all valid TSETMC Bank Maskan mortgage-facility certificates traded that day,Derived from standardized TSETMC instrument-day observations
2019-07-08,1398/04/17,1398,4,17,23,6489.0,67479.0,31166830602.0,461874.51802783087,458156.60869565216,457540.0,451171.0,465892.0,all valid TSETMC Bank Maskan mortgage-facility certificates traded that day,Derived from standardized TSETMC instrument-day observations
2019-07-09,1398/04/18,1398,4,18,23,6370.0,66075.0,29854302156.0,451824.47455164586,446871.8695652174,446583.0,436039.0,459152.0,all valid TSETMC Bank Maskan mortgage-facility certificates traded that day,Derived from standardized TSETMC instrument-day observations
2019-07-10,1398/04/19,1398,4,19,23,5374.0,59649.0,26684842198.0,447364.45201093063,440720.47826086957,440014.0,432726.0,451020.0,all valid TSETMC Bank Maskan mortgage-facility certificates traded that day,Derived from standardized TSETMC instrument-day observations
2019-07-13,1398/04/22,1398,4,22,23,6924.0,69112.0,30820549196.0,445950.7639194351,437500.1304347826,435529.0,430977.0,454303.0,all valid TSETMC Bank Maskan mortgage-facility certificates traded that day,Derived from standardized TSETMC instrument-day observations
2019-07-14,1398/04/23,1398,4,23,23,6410.0,80280.0,35904711838.0,447243.5455655207,438139.7826086957,439281.0,421933.0,455379.0,all valid TSETMC Bank Maskan mortgage-facility certificates traded that day,Derived from standardized TSETMC instrument-day observations
2019-07-15,1398/04/24,1398,4,24,23,5553.0,73170.0,32683561550.0,446679.80798141315,439827.95652173914,444504.0,417022.0,451704.0,all valid TSETMC Bank Maskan mortgage-facility certificates traded that day,Derived from standardized TSETMC instrument-day observations
2019-07-16,1398/04/25,1398,4,25,23,4598.0,58265.0,25635434065.0,439979.98910151894,433426.1304347826,436284.0,412869.0,444895.0,all valid TSETMC Bank Maskan mortgage-facility certificates traded that day,Derived from standardized TSETMC instrument-day observations
2019-07-17,1398/04/26,1398,4,26,23,5305.0,66488.0,29443838516.0,442844.400733967,434652.73913043475,437425.0,399420.0,448636.0,all valid TSETMC Bank Maskan mortgage-facility certificates traded that day,Derived from standardized TSETMC instrument-day observations
2019-07-20,1398/04/29,1398,4,29,23,5657.0,79674.0,35461008524.0,445076.29244169994,438950.95652173914,442833.0,400852.0,451272.0,all valid TSETMC Bank Maskan mortgage-facility certificates traded that day,Derived from standardized TSETMC instrument-day observations
2019-07-21,1398/04/30,1398,4,30,23,5061.0,75030.0,33292269489.0,443719.4387445022,437679.7826086957,439383.0,416521.0,450973.0,all valid TSETMC Bank Maskan mortgage-facility certificates traded that day,Derived from standardized TSETMC instrument-day observations
2019-07-22,1398/04/31,1398,4,31,23,4870.0,60539.0,26478481151.0,437378.8987429591,429757.26086956525,428370.0,411579.0,451960.0,all valid TSETMC Bank Maskan mortgage-facility certificates traded that day,Derived from standardized TSETMC instrument-day observations
2019-07-23,1398/05/01,1398,5,1,23,4882.0,60379.0,26759511699.0,443192.3632223124,435125.82608695654,434770.0,416413.0,456156.0,all valid TSETMC Bank Maskan mortgage-facility certificates traded that day,Derived from standardized TSETMC instrument-day observations
2019-07-24,1398/05/02,1398,5,2,24,5612.0,66890.0,29705739578.0,444098.3641500972,436168.625,435069.5,422533.0,460172.0,all valid TSETMC Bank Maskan mortgage-facility certificates traded that day,Derived from standardized TSETMC instrument-day observations
2019-07-27,1398/05/05,1398,5,5,24,6384.0,83626.0,35967706244.0,430101.9568555234,431634.375,432295.5,412535.0,454160.0,all valid TSETMC Bank Maskan mortgage-facility certificates traded that day,Derived from standardized TSETMC instrument-day observations
2019-07-28,1398/05/06,1398,5,6,24,6934.0,83187.0,36443945042.0,438096.6382006804,432101.7916666667,433956.5,415163.0,455274.0,all valid TSETMC Bank Maskan mortgage-facility certificates traded that day,Derived from standardized TSETMC instrument-day observations
2019-07-29,1398/05/07,1398,5,7,24,6645.0,72781.0,32313784614.0,443986.5433835754,438394.0833333333,438122.5,420788.0,451233.0,all valid TSETMC Bank Maskan mortgage-facility certificates traded that day,Derived from standardized TSETMC instrument-day observations
2019-07-30,1398/05/08,1398,5,8,24,6136.0,65873.0,29861151786.0,453313.97971854935,448828.5,449703.5,421862.0,459153.0,all valid TSETMC Bank Maskan mortgage-facility certificates traded that day,Derived from standardized TSETMC instrument-day observations
2019-07-31,1398/05/09,1398,5,9,24,2601.0,46105.0,21222389947.0,460305.60561761196,456627.0,456765.0,436348.0,467203.0,all valid TSETMC Bank Maskan mortgage-facility certificates traded that day,Derived from standardized TSETMC instrument-day observations
2019-08-03,1398/05/12,1398,5,12,24,7244.0,93831.0,43775765920.0,466538.4139570078,463189.4166666667,462275.0,442365.0,471958.0,all valid TSETMC Bank Maskan mortgage-facility certificates traded that day,Derived from standardized TSETMC instrument-day observations
2019-08-04,1398/05/13,1398,5,13,24,6729.0,83112.0,38518869756.0,463457.3798729425,459418.8333333333,459842.5,439001.0,468286.0,all valid TSETMC Bank Maskan mortgage-facility certificates traded that day,Derived from standardized TSETMC instrument-day observations
2019-08-05,1398/05/14,1398,5,14,24,5311.0,75520.0,34900196993.0,462131.8457759534,457895.1666666667,458218.0,419657.0,467710.0,all valid TSETMC Bank Maskan mortgage-facility certificates traded that day,Derived from standardized TSETMC instrument-day observations
2019-08-06,1398/05/15,1398,5,15,24,4786.0,64155.0,30174963648.0,470344.6909516016,465733.7916666667,467693.5,420321.0,475766.0,all valid TSETMC Bank Maskan mortgage-facility certificates traded that day,Derived from standardized TSETMC instrument-day observations
2019-08-07,1398/05/16,1398,5,16,23,4542.0,60327.0,27855753635.0,461746.0446400451,460163.3043478261,458312.0,452034.0,471372.0,all valid TSETMC Bank Maskan mortgage-facility certificates traded that day,Derived from standardized TSETMC instrument-day observations
2019-08-10,1398/05/19,1398,5,19,23,6199.0,72110.0,32546506707.0,451345.2601164887,448104.0,447774.0,441694.0,457085.0,all valid TSETMC Bank Maskan mortgage-facility certificates traded that day,Derived from standardized TSETMC instrument-day observations
2019-08-11,1398/05/20,1398,5,20,23,5938.0,70156.0,31772001012.0,452876.4612007526,448928.8695652174,448799.0,442391.0,458302.0,all valid TSETMC Bank Maskan mortgage-facility certificates traded that day,Derived from standardized TSETMC instrument-day observations
2019-08-13,1398/05/22,1398,5,22,23,4818.0,66325.0,30054306432.0,453136.9232114587,449108.0869565217,449046.0,441224.0,456870.0,all valid TSETMC Bank Maskan mortgage-facility certificates traded that day,Derived from standardized TSETMC instrument-day observations
2019-08-14,1398/05/23,1398,5,23,23,4079.0,63557.0,28513006856.0,448621.0308227261,443466.2173913043,443721.0,428874.0,456877.0,all valid TSETMC Bank Maskan mortgage-facility certificates traded that day,Derived from standardized TSETMC instrument-day observations
2019-08-17,1398/05/26,1398,5,26,23,5176.0,67548.0,30220125306.0,447387.4179250311,442822.95652173914,443253.0,425763.0,452873.0,all valid TSETMC Bank Maskan mortgage-facility certificates traded that day,Derived from standardized TSETMC instrument-day observations
2019-08-18,1398/05/27,1398,5,27,23,5026.0,62885.0,28016293124.0,445516.309517373,438493.0869565217,438385.0,420004.0,453729.0,all valid TSETMC Bank Maskan mortgage-facility certificates traded that day,Derived from standardized TSETMC instrument-day observations
2019-08-19,1398/05/28,1398,5,28,23,4180.0,55638.0,24598866099.0,442123.4785398469,430985.0869565217,427738.0,415638.0,454582.0,all valid TSETMC Bank Maskan mortgage-facility certificates traded that day,Derived from standardized TSETMC instrument-day observations
2019-08-21,1398/05/30,1398,5,30,23,4260.0,61338.0,26928281631.0,439014.6667807884,428544.3043478261,430194.0,404844.0,451008.0,all valid TSETMC Bank Maskan mortgage-facility certificates traded that day,Derived from standardized TSETMC instrument-day observations
2019-08-24,1398/06/02,1398,6,2,23,5611.0,64368.0,28324518435.0,440040.36842841166,428407.52173913043,426785.0,392614.0,460603.0,all valid TSETMC Bank Maskan mortgage-facility certificates traded that day,Derived from standardized TSETMC instrument-day observations
2019-08-25,1398/06/03,1398,6,3,24,5188.0,63368.0,27748596491.0,437896.0436024492,426827.0833333333,425446.0,398227.0,461841.0,all valid TSETMC Bank Maskan mortgage-facility certificates traded that day,Derived from standardized TSETMC instrument-day observations
2019-08-26,1398/06/04,1398,6,4,24,6469.0,68436.0,28684535446.0,419143.9512245017,412946.125,412105.0,384585.0,443181.0,all valid TSETMC Bank Maskan mortgage-facility certificates traded that day,Derived from standardized TSETMC instrument-day observations
2019-08-27,1398/06/05,1398,6,5,24,5208.0,58069.0,23894120260.0,411478.0736709776,405911.8333333333,405435.5,374477.0,426009.0,all valid TSETMC Bank Maskan mortgage-facility certificates traded that day,Derived from standardized TSETMC instrument-day observations
2019-08-28,1398/06/06,1398,6,6,24,4951.0,54159.0,22365653794.0,412962.8278587123,407274.75,407452.5,386495.0,418779.0,all valid TSETMC Bank Maskan mortgage-facility certificates traded that day,Derived from standardized TSETMC instrument-day observations
2019-08-31,1398/06/09,1398,6,9,24,5649.0,57701.0,23457259297.0,406531.24377393804,401349.7083333333,401235.5,381222.0,410657.0,all valid TSETMC Bank Maskan mortgage-facility certificates traded that day,Derived from standardized TSETMC instrument-day observations
2019-09-01,1398/06/10,1398,6,10,24,5948.0,67099.0,26844857003.0,400078.3469649324,394354.5416666667,393397.0,380023.0,405965.0,all valid TSETMC Bank Maskan mortgage-facility certificates traded that day,Derived from standardized TSETMC instrument-day observations
2019-09-02,1398/06/11,1398,6,11,24,5246.0,57738.0,24169671579.0,418609.43536319234,411563.375,410152.0,394069.0,423486.0,all valid TSETMC Bank Maskan mortgage-facility certificates traded that day,Derived from standardized TSETMC instrument-day observations
2019-09-03,1398/06/12,1398,6,12,24,6454.0,88096.0,37647103040.0,427341.79803850345,422404.9166666667,423313.5,406845.0,436255.0,all valid TSETMC Bank Maskan mortgage-facility certificates traded that day,Derived from standardized TSETMC instrument-day observations
2019-09-04,1398/06/13,1398,6,13,24,4812.0,65826.0,27813139427.0,422525.1333363716,419737.9583333333,421638.0,397034.0,426913.0,all valid TSETMC Bank Maskan mortgage-facility certificates traded that day,Derived from standardized TSETMC instrument-day observations
2019-09-07,1398/06/16,1398,6,16,23,5819.0,75603.0,32209495949.0,426034.6275809161,421991.6956521739,421598.0,415222.0,432965.0,all valid TSETMC Bank Maskan mortgage-facility certificates traded that day,Derived from standardized TSETMC instrument-day observations
2019-09-08,1398/06/17,1398,6,17,23,5216.0,70014.0,29612800120.0,422955.41063215927,418144.5652173913,419521.0,408574.0,427546.0,all valid TSETMC Bank Maskan mortgage-facility certificates traded that day,Derived from standardized TSETMC instrument-day observations
2019-09-11,1398/06/20,1398,6,20,23,5064.0,62402.0,26592247173.0,426144.1487933079,420216.9130434783,421166.0,400490.0,436089.0,all valid TSETMC Bank Maskan mortgage-facility certificates traded that day,Derived from standardized TSETMC instrument-day observations
2019-09-14,1398/06/23,1398,6,23,23,6486.0,75642.0,32164620864.0,425221.7136511462,419577.9130434783,418723.0,400350.0,434706.0,all valid TSETMC Bank Maskan mortgage-facility certificates traded that day,Derived from standardized TSETMC instrument-day observations
2019-09-15,1398/06/24,1398,6,24,23,5264.0,63923.0,26970963873.0,421928.94377610565,416113.2173913043,414819.0,401416.0,429607.0,all valid TSETMC Bank Maskan mortgage-facility certificates traded that day,Derived from standardized TSETMC instrument-day observations
2019-09-16,1398/06/25,1398,6,25,23,4910.0,57277.0,23841273022.0,416245.14241318504,408968.2173913043,406605.0,398726.0,430038.0,all valid TSETMC Bank Maskan mortgage-facility certificates traded that day,Derived from standardized TSETMC instrument-day observations
2019-09-17,1398/06/26,1398,6,26,23,4442.0,67236.0,27870923827.0,414523.82394847996,405982.6956521739,407395.0,381966.0,426326.0,all valid TSETMC Bank Maskan mortgage-facility certificates traded that day,Derived from standardized TSETMC instrument-day observations
2019-09-18,1398/06/27,1398,6,27,23,4628.0,64282.0,26603028899.0,413848.8052487477,404454.04347826086,404438.0,373341.0,431109.0,all valid TSETMC Bank Maskan mortgage-facility certificates traded that day,Derived from standardized TSETMC instrument-day observations
2019-09-21,1398/06/30,1398,6,30,23,4465.0,63023.0,26214696557.0,415954.43817336526,407073.04347826086,407259.0,370952.0,432652.0,all valid TSETMC Bank Maskan mortgage-facility certificates traded that day,Derived from standardized TSETMC instrument-day observations
2019-09-22,1398/06/31,1398,6,31,23,4113.0,63942.0,26607456883.0,416118.62129742577,409574.1304347826,411148.0,375847.0,425970.0,all valid TSETMC Bank Maskan mortgage-facility certificates traded that day,Derived from standardized TSETMC instrument-day observations
2019-09-23,1398/07/01,1398,7,1,23,4687.0,55080.0,22949699312.0,416661.2075526507,410573.7826086957,411217.0,382206.0,433269.0,all valid TSETMC Bank Maskan mortgage-facility certificates traded that day,Derived from standardized TSETMC instrument-day observations
2019-09-24,1398/07/02,1398,7,2,24,5272.0,61158.0,25255459344.0,412954.3043264986,406058.5416666667,406010.0,364928.0,433452.0,all valid TSETMC Bank Maskan mortgage-facility certificates traded that day,Derived from standardized TSETMC instrument-day observations
2019-09-25,1398/07/03,1398,7,3,24,4492.0,65481.0,26217417089.0,400382.0511140636,395015.625,394162.5,368776.0,421314.0,all valid TSETMC Bank Maskan mortgage-facility certificates traded that day,Derived from standardized TSETMC instrument-day observations
2019-09-28,1398/07/06,1398,7,6,24,6981.0,84874.0,32703575336.0,385319.1240662629,382260.625,379566.0,356685.0,407079.0,all valid TSETMC Bank Maskan mortgage-facility certificates traded that day,Derived from standardized TSETMC instrument-day observations
2019-09-29,1398/07/07,1398,7,7,24,6335.0,74738.0,28786454097.0,385164.89733468916,382687.2083333333,382847.0,356446.0,397062.0,all valid TSETMC Bank Maskan mortgage-facility certificates traded that day,Derived from standardized TSETMC instrument-day observations
2019-09-30,1398/07/08,1398,7,8,24,6266.0,79353.0,30595708809.0,385564.6139276398,383350.2083333333,384738.0,344241.0,396488.0,all valid TSETMC Bank Maskan mortgage-facility certificates traded that day,Derived from standardized TSETMC instrument-day observations
2019-10-01,1398/07/09,1398,7,9,24,5339.0,71045.0,27642125716.0,389079.1148708565,383223.25,387912.5,336777.0,394887.0,all valid TSETMC Bank Maskan mortgage-facility certificates traded that day,Derived from standardized TSETMC instrument-day observations
2019-10-02,1398/07/10,1398,7,10,24,5889.0,74116.0,29272216828.0,394951.38469426305,389165.625,395664.0,330463.0,401591.0,all valid TSETMC Bank Maskan mortgage-facility certificates traded that day,Derived from standardized TSETMC instrument-day observations
2019-10-05,1398/07/13,1398,7,13,24,5764.0,77457.0,29560566606.0,381638.41364886326,381050.2916666667,385622.5,314280.0,397964.0,all valid TSETMC Bank Maskan mortgage-facility certificates traded that day,Derived from standardized TSETMC instrument-day observations
2019-10-06,1398/07/14,1398,7,14,24,7171.0,101422.0,38419062750.0,378804.0341346059,377478.9583333333,381311.0,298566.0,395111.0,all valid TSETMC Bank Maskan mortgage-facility certificates traded that day,Derived from standardized TSETMC instrument-day observations
2019-10-07,1398/07/15,1398,7,15,24,5913.0,74130.0,28355552302.0,382511.16015108593,377374.0416666667,384826.0,283638.0,400790.0,all valid TSETMC Bank Maskan mortgage-facility certificates traded that day,Derived from standardized TSETMC instrument-day observations
2019-10-08,1398/07/16,1398,7,16,23,5522.0,71177.0,27855723760.0,391358.4972673757,389496.6956521739,390779.0,344210.0,411351.0,all valid TSETMC Bank Maskan mortgage-facility certificates traded that day,Derived from standardized TSETMC instrument-day observations
2019-10-09,1398/07/17,1398,7,17,23,5239.0,75886.0,29637273973.0,390549.9561579211,391065.73913043475,388743.0,357124.0,414213.0,all valid TSETMC Bank Maskan mortgage-facility certificates traded that day,Derived from standardized TSETMC instrument-day observations
2019-10-12,1398/07/20,1398,7,20,23,6220.0,84469.0,33170596860.0,392695.50793782336,391154.17391304346,388908.0,368814.0,411078.0,all valid TSETMC Bank Maskan mortgage-facility certificates traded that day,Derived from standardized TSETMC instrument-day observations
2019-10-13,1398/07/21,1398,7,21,23,5366.0,72086.0,28315531482.0,392802.09030879784,389926.47826086957,389821.0,372049.0,411900.0,all valid TSETMC Bank Maskan mortgage-facility certificates traded that day,Derived from standardized TSETMC instrument-day observations
2019-10-14,1398/07/22,1398,7,22,23,4745.0,68279.0,26773271290.0,392115.7499377554,387933.3043478261,387645.0,374413.0,410897.0,all valid TSETMC Bank Maskan mortgage-facility certificates traded that day,Derived from standardized TSETMC instrument-day observations
2019-10-15,1398/07/23,1398,7,23,23,4636.0,66102.0,25776537426.0,389950.94590178813,384019.4347826087,381433.0,375991.0,406188.0,all valid TSETMC Bank Maskan mortgage-facility certificates traded that day,Derived from standardized TSETMC instrument-day observations
2019-10-16,1398/07/24,1398,7,24,23,4677.0,66792.0,25950224562.0,388522.94529284944,383362.17391304346,381136.0,360716.0,404779.0,all valid TSETMC Bank Maskan mortgage-facility certificates traded that day,Derived from standardized TSETMC instrument-day observations
2019-10-20,1398/07/28,1398,7,28,23,5228.0,81929.0,32095466962.0,391747.3295414322,386878.347826087,390508.0,352889.0,402774.0,all valid TSETMC Bank Maskan mortgage-facility certificates traded that day,Derived from standardized TSETMC instrument-day observations
2019-10-21,1398/07/29,1398,7,29,23,5149.0,78644.0,30870171826.0,392530.5404862418,387478.3043478261,390206.0,341112.0,402311.0,all valid TSETMC Bank Maskan mortgage-facility certificates traded that day,Derived from standardized TSETMC instrument-day observations
2019-10-22,1398/07/30,1398,7,30,23,4423.0,62103.0,24504441818.0,394577.424890907,388125.47826086957,392483.0,343480.0,402688.0,all valid TSETMC Bank Maskan mortgage-facility certificates traded that day,Derived from standardized TSETMC instrument-day observations
2019-10-23,1398/08/01,1398,8,1,23,4742.0,64532.0,25553337542.0,395979.3209880369,389609.5652173913,392605.0,337236.0,407158.0,all valid TSETMC Bank Maskan mortgage-facility certificates traded that day,Derived from standardized TSETMC instrument-day observations
2019-10-26,1398/08/04,1398,8,4,24,5333.0,65780.0,26197112617.0,398253.46027667983,391031.625,394999.5,325781.0,409945.0,all valid TSETMC Bank Maskan mortgage-facility certificates traded that day,Derived from standardized TSETMC instrument-day observations
2019-10-28,1398/08/06,1398,8,6,24,5317.0,67701.0,26737177539.0,394930.31918287766,391332.7916666667,393402.0,336096.0,409966.0,all valid TSETMC Bank Maskan mortgage-facility certificates traded that day,Derived from standardized TSETMC instrument-day observations
2019-10-30,1398/08/08,1398,8,8,24,6658.0,76299.0,29810679743.0,390708.65598500636,392602.5,391713.0,349020.0,407585.0,all valid TSETMC Bank Maskan mortgage-facility certificates traded that day,Derived from standardized TSETMC instrument-day observations
2019-11-02,1398/08/11,1398,8,11,24,7837.0,96350.0,37770653207.0,392015.08258432796,392839.875,394959.0,353130.0,411024.0,all valid TSETMC Bank Maskan mortgage-facility certificates traded that day,Derived from standardized TSETMC instrument-day observations
2019-11-03,1398/08/12,1398,8,12,24,7989.0,90384.0,34568643946.0,382464.1966055939,387672.25,384579.5,345609.0,420000.0,all valid TSETMC Bank Maskan mortgage-facility certificates traded that day,Derived from standardized TSETMC instrument-day observations
2019-11-04,1398/08/13,1398,8,13,24,6847.0,85625.0,32260925990.0,376769.93856934307,381321.2916666667,376138.5,338119.0,425925.0,all valid TSETMC Bank Maskan mortgage-facility certificates traded that day,Derived from standardized TSETMC instrument-day observations
2019-11-05,1398/08/14,1398,8,14,24,8040.0,91663.0,34956961258.0,381363.9228260039,384320.0,378802.5,324418.0,437000.0,all valid TSETMC Bank Maskan mortgage-facility certificates traded that day,Derived from standardized TSETMC instrument-day observations
2019-11-09,1398/08/18,1398,8,18,23,8435.0,106558.0,41564350456.0,390063.1623716661,392444.52173913043,384987.0,334222.0,439321.0,all valid TSETMC Bank Maskan mortgage-facility certificates traded that day,Derived from standardized TSETMC instrument-day observations
2019-11-10,1398/08/19,1398,8,19,23,8322.0,107152.0,42603454567.0,397598.31423585187,397408.3043478261,392333.0,336024.0,438425.0,all valid TSETMC Bank Maskan mortgage-facility certificates traded that day,Derived from standardized TSETMC instrument-day observations
2019-11-11,1398/08/20,1398,8,20,23,7904.0,154308.0,63135433777.0,409152.04511107656,404872.0,401328.0,350546.0,439332.0,all valid TSETMC Bank Maskan mortgage-facility certificates traded that day,Derived from standardized TSETMC instrument-day observations
2019-11-12,1398/08/21,1398,8,21,23,6328.0,109088.0,44820865343.0,410868.88881453505,407167.17391304346,403281.0,363039.0,438295.0,all valid TSETMC Bank Maskan mortgage-facility certificates traded that day,Derived from standardized TSETMC instrument-day observations
2019-11-13,1398/08/22,1398,8,22,23,5987.0,104885.0,43132353932.0,411234.723096725,410224.52173913043,406841.0,374652.0,439000.0,all valid TSETMC Bank Maskan mortgage-facility certificates traded that day,Derived from standardized TSETMC instrument-day observations
2019-11-16,1398/08/25,1398,8,25,23,6507.0,100599.0,41570055056.0,413225.3308283383,411267.9130434783,412753.0,382869.0,428212.0,all valid TSETMC Bank Maskan mortgage-facility certificates traded that day,Derived from standardized TSETMC instrument-day observations
2019-11-17,1398/08/26,1398,8,26,23,6039.0,89666.0,37937823096.0,423101.5445765396,419701.6956521739,421965.0,391981.0,434424.0,all valid TSETMC Bank Maskan mortgage-facility certificates traded that day,Derived from standardized TSETMC instrument-day observations
2019-11-18,1398/08/27,1398,8,27,23,5272.0,72939.0,31172630213.0,427379.45698460354,424252.73913043475,426600.0,405339.0,437619.0,all valid TSETMC Bank Maskan mortgage-facility certificates traded that day,Derived from standardized TSETMC instrument-day observations
2019-11-19,1398/08/28,1398,8,28,23,5549.0,84568.0,36826062299.0,435460.95803377166,431785.9130434783,435096.0,403405.0,449260.0,all valid TSETMC Bank Maskan mortgage-facility certificates traded that day,Derived from standardized TSETMC instrument-day observations
2019-11-20,1398/08/29,1398,8,29,23,4486.0,69231.0,29667870201.0,428534.4744550852,428576.652173913,429692.0,396492.0,455000.0,all valid TSETMC Bank Maskan mortgage-facility certificates traded that day,Derived from standardized TSETMC instrument-day observations
2019-11-23,1398/09/02,1398,9,2,23,4341.0,55778.0,23523269913.0,421730.2505109541,420346.7826086957,418337.0,383189.0,454775.0,all valid TSETMC Bank Maskan mortgage-facility certificates traded that day,Derived from standardized TSETMC instrument-day observations
2019-11-24,1398/09/03,1398,9,3,24,5292.0,69696.0,29108977074.0,417656.3514979339,418274.375,415781.5,371788.0,450000.0,all valid TSETMC Bank Maskan mortgage-facility certificates traded that day,Derived from standardized TSETMC instrument-day observations
2019-11-25,1398/09/04,1398,9,4,22,7273.0,95146.0,38203872215.0,401528.9367393269,406143.95454545453,407567.0,367123.0,429872.0,all valid TSETMC Bank Maskan mortgage-facility certificates traded that day,Derived from standardized TSETMC instrument-day observations
2019-11-26,1398/09/05,1398,9,5,22,3335.0,54468.0,22124940292.0,406200.7103620474,407902.0,410784.0,368545.0,428340.0,all valid TSETMC Bank Maskan mortgage-facility certificates traded that day,Derived from standardized TSETMC instrument-day observations
2019-11-27,1398/09/06,1398,9,6,24,5839.0,74245.0,30201085690.0,406776.02114620514,409456.4583333333,411688.0,372066.0,432026.0,all valid TSETMC Bank Maskan mortgage-facility certificates traded that day,Derived from standardized TSETMC instrument-day observations
2019-11-30,1398/09/09,1398,9,9,24,7134.0,84633.0,33744435319.0,398714.86676591873,402880.125,403519.5,375416.0,422524.0,all valid TSETMC Bank Maskan mortgage-facility certificates traded that day,Derived from standardized TSETMC instrument-day observations
2019-12-01,1398/09/10,1398,9,10,24,6016.0,87900.0,35578281462.0,404758.60593856656,408648.7916666667,408608.0,376541.0,426478.0,all valid TSETMC Bank Maskan mortgage-facility certificates traded that day,Derived from standardized TSETMC instrument-day observations
2019-12-02,1398/09/11,1398,9,11,24,8200.0,93520.0,37942787606.0,405718.43034644995,407469.375,405415.5,369161.0,431898.0,all valid TSETMC Bank Maskan mortgage-facility certificates traded that day,Derived from standardized TSETMC instrument-day observations
2019-12-03,1398/09/12,1398,9,12,24,7926.0,99117.0,39601589789.0,399543.87026443495,403534.875,402644.5,358597.0,430000.0,all valid TSETMC Bank Maskan mortgage-facility certificates traded that day,Derived from standardized TSETMC instrument-day observations
2019-12-04,1398/09/13,1398,9,13,24,7396.0,88317.0,35326146817.0,399992.6041079294,401757.125,400134.5,354867.0,430059.0,all valid TSETMC Bank Maskan mortgage-facility certificates traded that day,Derived from standardized TSETMC instrument-day observations
2019-12-07,1398/09/16,1398,9,16,23,6935.0,90968.0,36249466882.0,398485.9168278955,401034.47826086957,398372.0,382233.0,426610.0,all valid TSETMC Bank Maskan mortgage-facility certificates traded that day,Derived from standardized TSETMC instrument-day observations
2019-12-08,1398/09/17,1398,9,17,22,7244.0,90098.0,35802228183.0,397369.84375901794,393785.5,394472.0,386162.0,405280.0,all valid TSETMC Bank Maskan mortgage-facility certificates traded that day,Derived from standardized TSETMC instrument-day observations
2019-12-09,1398/09/18,1398,9,18,23,6805.0,82945.0,32981894429.0,397635.715582615,394893.5652173913,393750.0,387208.0,405362.0,all valid TSETMC Bank Maskan mortgage-facility certificates traded that day,Derived from standardized TSETMC instrument-day observations
2019-12-10,1398/09/19,1398,9,19,23,6584.0,81970.0,33081099541.0,403575.6928266439,399307.2173913043,397793.0,390409.0,408946.0,all valid TSETMC Bank Maskan mortgage-facility certificates traded that day,Derived from standardized TSETMC instrument-day observations
2019-12-11,1398/09/20,1398,9,20,23,5995.0,79016.0,31843208366.0,402996.96727245115,399366.04347826086,399093.0,391478.0,407571.0,all valid TSETMC Bank Maskan mortgage-facility certificates traded that day,Derived from standardized TSETMC instrument-day observations
2019-12-14,1398/09/23,1398,9,23,23,6694.0,100156.0,40484631118.0,404215.734633971,401399.26086956525,401859.0,389717.0,408268.0,all valid TSETMC Bank Maskan mortgage-facility certificates traded that day,Derived from standardized TSETMC instrument-day observations
2019-12-15,1398/09/24,1398,9,24,23,6049.0,84116.0,34762475811.0,413268.2939155452,409536.39130434784,408879.0,399757.0,416876.0,all valid TSETMC Bank Maskan mortgage-facility certificates traded that day,Derived from standardized TSETMC instrument-day observations
2019-12-16,1398/09/25,1398,9,25,23,6141.0,114835.0,47808526606.0,416323.65224887885,414596.39130434784,413222.0,405895.0,424902.0,all valid TSETMC Bank Maskan mortgage-facility certificates traded that day,Derived from standardized TSETMC instrument-day observations
2019-12-17,1398/09/26,1398,9,26,23,5851.0,87938.0,37053775380.0,421362.498351111,418342.4347826087,417384.0,408107.0,425915.0,all valid TSETMC Bank Maskan mortgage-facility certificates traded that day,Derived from standardized TSETMC instrument-day observations
2019-12-18,1398/09/27,1398,9,27,23,5610.0,83914.0,34989446406.0,416967.9243749553,415176.9130434783,413483.0,400094.0,425105.0,all valid TSETMC Bank Maskan mortgage-facility certificates traded that day,Derived from standardized TSETMC instrument-day observations
2019-12-21,1398/09/30,1398,9,30,23,6110.0,92565.0,38837583110.0,419570.9297250581,415530.2173913043,415442.0,392368.0,428013.0,all valid TSETMC Bank Maskan mortgage-facility certificates traded that day,Derived from standardized TSETMC instrument-day observations
2019-12-22,1398/10/01,1398,10,1,24,5821.0,78702.0,33142813399.0,421117.80385504814,415906.25,415671.5,386800.0,431070.0,all valid TSETMC Bank Maskan mortgage-facility certificates traded that day,Derived from standardized TSETMC instrument-day observations
2019-12-23,1398/10/02,1398,10,2,24,8140.0,109712.0,44221322094.0,403067.3225718244,403165.25,401023.0,379909.0,422747.0,all valid TSETMC Bank Maskan mortgage-facility certificates traded that day,Derived from standardized TSETMC instrument-day observations
2019-12-24,1398/10/03,1398,10,3,24,8198.0,105838.0,42377783959.0,400402.35037510155,399440.375,398746.0,382818.0,413537.0,all valid TSETMC Bank Maskan mortgage-facility certificates traded that day,Derived from standardized TSETMC instrument-day observations
2019-12-25,1398/10/04,1398,10,4,24,7933.0,107626.0,43967220017.0,408518.5737368294,407669.9166666667,408078.0,394439.0,421801.0,all valid TSETMC Bank Maskan mortgage-facility certificates traded that day,Derived from standardized TSETMC instrument-day observations
2019-12-28,1398/10/07,1398,10,7,24,6679.0,165586.0,69986446087.0,422659.19876680395,425206.3333333333,423745.0,413249.0,442891.0,all valid TSETMC Bank Maskan mortgage-facility certificates traded that day,Derived from standardized TSETMC instrument-day observations
2019-12-29,1398/10/08,1398,10,8,24,9870.0,134321.0,56292952999.0,419092.7181825627,423291.5833333333,418387.5,407702.0,459321.0,all valid TSETMC Bank Maskan mortgage-facility certificates traded that day,Derived from standardized TSETMC instrument-day observations
2019-12-30,1398/10/09,1398,10,9,24,7771.0,99780.0,41774108818.0,418662.1448987773,419547.0416666667,419231.5,407140.0,436362.0,all valid TSETMC Bank Maskan mortgage-facility certificates traded that day,Derived from standardized TSETMC instrument-day observations
2019-12-31,1398/10/10,1398,10,10,24,7975.0,123598.0,51586673463.0,417374.66191200505,414320.75,415097.0,399107.0,426068.0,all valid TSETMC Bank Maskan mortgage-facility certificates traded that day,Derived from standardized TSETMC instrument-day observations
2020-01-01,1398/10/11,1398,10,11,24,7679.0,118963.0,48968644917.0,411629.20334053447,407400.2083333333,408852.5,379152.0,418125.0,all valid TSETMC Bank Maskan mortgage-facility certificates traded that day,Derived from standardized TSETMC instrument-day observations
2020-01-04,1398/10/14,1398,10,14,24,7495.0,143128.0,58408086438.0,408082.87992566096,403651.1666666667,402790.5,360195.0,419443.0,all valid TSETMC Bank Maskan mortgage-facility certificates traded that day,Derived from standardized TSETMC instrument-day observations
2020-01-05,1398/10/15,1398,10,15,24,6910.0,168192.0,68129962117.0,405072.5487359684,401758.3333333333,406247.0,353208.0,424031.0,all valid TSETMC Bank Maskan mortgage-facility certificates traded that day,Derived from standardized TSETMC instrument-day observations
2020-01-07,1398/10/17,1398,10,17,23,7839.0,176078.0,73882533371.0,419601.1618203296,422704.73913043475,423587.0,400248.0,442310.0,all valid TSETMC Bank Maskan mortgage-facility certificates traded that day,Derived from standardized TSETMC instrument-day observations
2020-01-08,1398/10/18,1398,10,18,23,5460.0,142992.0,60690080688.0,424429.9029875797,430961.17391304346,432027.0,408251.0,451156.0,all valid TSETMC Bank Maskan mortgage-facility certificates traded that day,Derived from standardized TSETMC instrument-day observations
2020-01-11,1398/10/21,1398,10,21,23,7136.0,263484.0,113480472804.0,430692.08302591427,439081.1304347826,439093.0,416416.0,460179.0,all valid TSETMC Bank Maskan mortgage-facility certificates traded that day,Derived from standardized TSETMC instrument-day observations
2020-01-12,1398/10/22,1398,10,22,23,7736.0,259511.0,116103742687.0,447394.30192554457,451204.1304347826,448376.0,434991.0,482701.0,all valid TSETMC Bank Maskan mortgage-facility certificates traded that day,Derived from standardized TSETMC instrument-day observations
2020-01-13,1398/10/23,1398,10,23,23,6787.0,210162.0,93890508299.0,446753.0205222638,446529.04347826086,445409.0,428391.0,470608.0,all valid TSETMC Bank Maskan mortgage-facility certificates traded that day,Derived from standardized TSETMC instrument-day observations
2020-01-14,1398/10/24,1398,10,24,23,6400.0,183732.0,81849465324.0,445482.9062112207,444695.52173913043,441544.0,426095.0,468291.0,all valid TSETMC Bank Maskan mortgage-facility certificates traded that day,Derived from standardized TSETMC instrument-day observations
2020-01-15,1398/10/25,1398,10,25,23,5507.0,156839.0,70491047931.0,449448.46582163876,455487.5652173913,453667.0,435408.0,481723.0,all valid TSETMC Bank Maskan mortgage-facility certificates traded that day,Derived from standardized TSETMC instrument-day observations
2020-01-18,1398/10/28,1398,10,28,23,7440.0,196499.0,88171588265.0,448712.6563748416,449211.39130434784,447432.0,430884.0,467152.0,all valid TSETMC Bank Maskan mortgage-facility certificates traded that day,Derived from standardized TSETMC instrument-day observations
2020-01-19,1398/10/29,1398,10,29,23,6533.0,182523.0,81962775200.0,449054.50381595746,449740.26086956525,447853.0,434923.0,473351.0,all valid TSETMC Bank Maskan mortgage-facility certificates traded that day,Derived from standardized TSETMC instrument-day observations
2020-01-20,1398/10/30,1398,10,30,23,6104.0,166713.0,74909729448.0,449333.461985568,451022.1304347826,445677.0,424165.0,483949.0,all valid TSETMC Bank Maskan mortgage-facility certificates traded that day,Derived from standardized TSETMC instrument-day observations
2020-01-21,1398/11/01,1398,11,1,23,5450.0,147692.0,66197503133.0,448213.19457384286,449170.6956521739,444953.0,425933.0,482878.0,all valid TSETMC Bank Maskan mortgage-facility certificates traded that day,Derived from standardized TSETMC instrument-day observations
2020-01-22,1398/11/02,1398,11,2,23,6087.0,176619.0,79571183711.0,450524.48327190167,453114.652173913,454274.0,426471.0,487313.0,all valid TSETMC Bank Maskan mortgage-facility certificates traded that day,Derived from standardized TSETMC instrument-day observations
2020-01-25,1398/11/05,1398,11,5,23,7324.0,210449.0,95140423182.0,452083.0376100623,458795.652173913,456981.0,424081.0,493506.0,all valid TSETMC Bank Maskan mortgage-facility certificates traded that day,Derived from standardized TSETMC instrument-day observations
2020-01-26,1398/11/06,1398,11,6,24,8294.0,252337.0,114551862901.0,453963.798020108,462927.0416666667,460321.0,432040.0,505204.0,all valid TSETMC Bank Maskan mortgage-facility certificates traded that day,Derived from standardized TSETMC instrument-day observations
2020-01-27,1398/11/07,1398,11,7,24,9610.0,229285.0,103475406159.0,451296.01220751466,456842.7083333333,455089.0,425947.0,493175.0,all valid TSETMC Bank Maskan mortgage-facility certificates traded that day,Derived from standardized TSETMC instrument-day observations
2020-01-28,1398/11/08,1398,11,8,24,11530.0,255911.0,114195622094.0,446231.7840733692,452477.7916666667,451322.5,434312.0,479794.0,all valid TSETMC Bank Maskan mortgage-facility certificates traded that day,Derived from standardized TSETMC instrument-day observations
2020-02-01,1398/11/12,1398,11,12,24,12539.0,253415.0,112899234115.0,445511.2527474696,446707.9166666667,447588.5,424553.0,463423.0,all valid TSETMC Bank Maskan mortgage-facility certificates traded that day,Derived from standardized TSETMC instrument-day observations
2020-02-02,1398/11/13,1398,11,13,24,10880.0,257231.0,114116737942.0,443635.2459151502,446476.7916666667,449286.0,427681.0,456058.0,all valid TSETMC Bank Maskan mortgage-facility certificates traded that day,Derived from standardized TSETMC instrument-day observations
2020-02-03,1398/11/14,1398,11,14,24,8903.0,248594.0,107377030102.0,431937.3359855829,437318.4166666667,443068.0,413591.0,460718.0,all valid TSETMC Bank Maskan mortgage-facility certificates traded that day,Derived from standardized TSETMC instrument-day observations
2020-02-04,1398/11/15,1398,11,15,24,8968.0,243015.0,101637907166.0,418237.17534308584,428376.7083333333,437371.0,392962.0,453420.0,all valid TSETMC Bank Maskan mortgage-facility certificates traded that day,Derived from standardized TSETMC instrument-day observations
2020-02-05,1398/11/16,1398,11,16,23,10113.0,236701.0,102771637440.0,434183.3682155969,437318.0,443390.0,415200.0,455159.0,all valid TSETMC Bank Maskan mortgage-facility certificates traded that day,Derived from standardized TSETMC instrument-day observations
2020-02-08,1398/11/19,1398,11,19,23,11321.0,282583.0,124283184560.0,439811.2574358684,441386.04347826086,442610.0,430249.0,457134.0,all valid TSETMC Bank Maskan mortgage-facility certificates traded that day,Derived from standardized TSETMC instrument-day observations
2020-02-09,1398/11/20,1398,11,20,23,10546.0,272784.0,121899517564.0,446871.9483694058,447729.26086956525,447571.0,436120.0,459055.0,all valid TSETMC Bank Maskan mortgage-facility certificates traded that day,Derived from standardized TSETMC instrument-day observations
2020-02-10,1398/11/21,1398,11,21,23,9438.0,264672.0,119659497438.0,452104.8597433805,454721.47826086957,454877.0,442242.0,459240.0,all valid TSETMC Bank Maskan mortgage-facility certificates traded that day,Derived from standardized TSETMC instrument-day observations
2020-02-12,1398/11/23,1398,11,23,23,9097.0,301540.0,136572844177.0,452917.83570007293,457544.7826086957,459297.0,441769.0,466873.0,all valid TSETMC Bank Maskan mortgage-facility certificates traded that day,Derived from standardized TSETMC instrument-day observations
2020-02-15,1398/11/26,1398,11,26,23,11500.0,296435.0,136171178480.0,459362.688211581,460810.60869565216,462223.0,447230.0,469435.0,all valid TSETMC Bank Maskan mortgage-facility certificates traded that day,Derived from standardized TSETMC instrument-day observations
2020-02-16,1398/11/27,1398,11,27,23,11279.0,294713.0,136994058466.0,464838.8719398194,466505.95652173914,467456.0,455786.0,471650.0,all valid TSETMC Bank Maskan mortgage-facility certificates traded that day,Derived from standardized TSETMC instrument-day observations
2020-02-17,1398/11/28,1398,11,28,23,10773.0,273283.0,129236348539.0,472902.99264498707,473352.1304347826,473849.0,468367.0,477069.0,all valid TSETMC Bank Maskan mortgage-facility certificates traded that day,Derived from standardized TSETMC instrument-day observations
2020-02-18,1398/11/29,1398,11,29,23,10657.0,279262.0,133692823315.0,478736.1807728943,480254.5652173913,480202.0,473881.0,485364.0,all valid TSETMC Bank Maskan mortgage-facility certificates traded that day,Derived from standardized TSETMC instrument-day observations
2020-02-19,1398/11/30,1398,11,30,23,11335.0,298109.0,144050120409.0,483212.92013659433,482477.1304347826,482448.0,474505.0,488955.0,all valid TSETMC Bank Maskan mortgage-facility certificates traded that day,Derived from standardized TSETMC instrument-day observations
2020-02-22,1398/12/03,1398,12,3,24,11419.0,257747.0,124872321249.0,484476.3324073607,484195.0416666667,484733.0,474032.0,489629.0,all valid TSETMC Bank Maskan mortgage-facility certificates traded that day,Derived from standardized TSETMC instrument-day observations
2020-02-23,1398/12/04,1398,12,4,24,15775.0,371215.0,174952041985.0,471295.72346214455,477428.9166666667,477512.0,467895.0,488373.0,all valid TSETMC Bank Maskan mortgage-facility certificates traded that day,Derived from standardized TSETMC instrument-day observations
2020-02-24,1398/12/05,1398,12,5,24,13603.0,320803.0,155082596076.0,483420.0305982176,484868.5416666667,485273.0,476369.0,492536.0,all valid TSETMC Bank Maskan mortgage-facility certificates traded that day,Derived from standardized TSETMC instrument-day observations
2020-02-25,1398/12/06,1398,12,6,24,13553.0,290625.0,142910119862.0,491733.7457617204,493639.4166666667,493895.0,486639.0,498386.0,all valid TSETMC Bank Maskan mortgage-facility certificates traded that day,Derived from standardized TSETMC instrument-day observations
2020-02-26,1398/12/07,1398,12,7,24,13012.0,289145.0,143750796124.0,497158.15982984315,499136.0,498921.0,495106.0,503743.0,all valid TSETMC Bank Maskan mortgage-facility certificates traded that day,Derived from standardized TSETMC instrument-day observations
2020-02-29,1398/12/10,1398,12,10,24,12351.0,237832.0,120738441918.0,507662.727967641,508278.25,508833.0,499119.0,511367.0,all valid TSETMC Bank Maskan mortgage-facility certificates traded that day,Derived from standardized TSETMC instrument-day observations
2020-03-01,1398/12/11,1398,12,11,24,9430.0,172325.0,91514389598.0,531056.9539997098,530050.1666666666,530835.5,520931.0,534269.0,all valid TSETMC Bank Maskan mortgage-facility certificates traded that day,Derived from standardized TSETMC instrument-day observations
2020-03-02,1398/12/12,1398,12,12,24,7429.0,142349.0,79282175577.0,556956.3226787684,555521.5833333334,556027.0,545440.0,559324.0,all valid TSETMC Bank Maskan mortgage-facility certificates traded that day,Derived from standardized TSETMC instrument-day observations
2020-03-03,1398/12/13,1398,12,13,24,6897.0,131783.0,76151589715.0,577855.942837847,582277.75,582989.5,571569.0,586822.0,all valid TSETMC Bank Maskan mortgage-facility certificates traded that day,Derived from standardized TSETMC instrument-day observations
2020-03-04,1398/12/14,1398,12,14,24,15717.0,314294.0,181341683932.0,576981.0557376215,578369.0,578612.0,559553.0,591340.0,all valid TSETMC Bank Maskan mortgage-facility certificates traded that day,Derived from standardized TSETMC instrument-day observations
2020-03-07,1398/12/17,1398,12,17,20,619.0,46074.0,25817202495.0,560342.1125797629,574853.8,570953.5,548591.0,603166.0,all valid TSETMC Bank Maskan mortgage-facility certificates traded that day,Derived from standardized TSETMC instrument-day observations
2020-03-09,1398/12/19,1398,12,19,23,10501.0,205753.0,115122523968.0,559518.0822053627,567624.9130434783,570165.0,538694.0,597987.0,all valid TSETMC Bank Maskan mortgage-facility certificates traded that day,Derived from standardized TSETMC instrument-day observations
2020-03-10,1398/12/20,1398,12,20,23,5407.0,166810.0,88040220299.0,527787.4246088364,549384.7826086957,548688.0,511761.0,580680.0,all valid TSETMC Bank Maskan mortgage-facility certificates traded that day,Derived from standardized TSETMC instrument-day observations
2020-03-11,1398/12/21,1398,12,21,22,4180.0,137824.0,69494681056.0,504227.7183654516,538157.8636363636,538689.5,487313.0,575295.0,all valid TSETMC Bank Maskan mortgage-facility certificates traded that day,Derived from standardized TSETMC instrument-day observations
2020-03-14,1398/12/24,1398,12,24,23,5368.0,105159.0,54908193633.0,522144.501497732,535945.6521739131,536059.0,464999.0,579953.0,all valid TSETMC Bank Maskan mortgage-facility certificates traded that day,Derived from standardized TSETMC instrument-day observations
2020-03-15,1398/12/25,1398,12,25,23,908.0,37016.0,17967150082.0,485388.7530257186,541237.6521739131,544911.0,460695.0,588670.0,all valid TSETMC Bank Maskan mortgage-facility certificates traded that day,Derived from standardized TSETMC instrument-day observations
2020-03-16,1398/12/26,1398,12,26,23,1932.0,73727.0,36712118661.0,497946.73133316153,539982.8695652174,545736.0,463501.0,583696.0,all valid TSETMC Bank Maskan mortgage-facility certificates traded that day,Derived from standardized TSETMC instrument-day observations
2020-03-17,1398/12/27,1398,12,27,23,3650.0,55842.0,28535017468.0,510995.6210021131,527628.2608695652,527655.0,456611.0,569117.0,all valid TSETMC Bank Maskan mortgage-facility certificates traded that day,Derived from standardized TSETMC instrument-day observations
2020-03-18,1398/12/28,1398,12,28,23,2496.0,42990.0,22051476998.0,512944.33584554546,515608.95652173914,516497.0,433781.0,568602.0,all valid TSETMC Bank Maskan mortgage-facility certificates traded that day,Derived from standardized TSETMC instrument-day observations
2020-03-24,1399/01/05,1399,1,5,23,2071.0,25137.0,13060515759.0,519573.3683017066,515179.60869565216,517097.0,412760.0,559275.0,all valid TSETMC Bank Maskan mortgage-facility certificates traded that day,Derived from standardized TSETMC instrument-day observations
2020-03-25,1399/01/06,1399,1,6,23,2857.0,36592.0,19664507028.0,537399.0770660253,530710.0434782609,534843.0,423489.0,564831.0,all valid TSETMC Bank Maskan mortgage-facility certificates traded that day,Derived from standardized TSETMC instrument-day observations
2020-03-28,1399/01/09,1399,1,9,23,3816.0,49880.0,27363258729.0,548581.770829992,544028.7391304348,548014.0,443125.0,558572.0,all valid TSETMC Bank Maskan mortgage-facility certificates traded that day,Derived from standardized TSETMC instrument-day observations
2020-03-29,1399/01/10,1399,1,10,24,2609.0,44320.0,24504135093.0,552891.1347698556,548061.7083333334,553224.0,462980.0,567420.0,all valid TSETMC Bank Maskan mortgage-facility certificates traded that day,Derived from standardized TSETMC instrument-day observations
2020-03-30,1399/01/11,1399,1,11,22,1869.0,46488.0,23871605090.0,513500.36762175185,530454.6818181818,529220.5,486129.0,589933.0,all valid TSETMC Bank Maskan mortgage-facility certificates traded that day,Derived from standardized TSETMC instrument-day observations
2020-04-04,1399/01/16,1399,1,16,22,2661.0,68255.0,33846527513.0,495883.4885795912,513509.2727272727,508171.0,490499.0,560437.0,all valid TSETMC Bank Maskan mortgage-facility certificates traded that day,Derived from standardized TSETMC instrument-day observations
2020-04-05,1399/01/17,1399,1,17,20,3242.0,67051.0,32500885384.0,484718.87643733877,493365.05,489333.5,475265.0,532416.0,all valid TSETMC Bank Maskan mortgage-facility certificates traded that day,Derived from standardized TSETMC instrument-day observations
2020-04-06,1399/01/18,1399,1,18,23,3300.0,76233.0,36496239211.0,478745.9395668543,488201.4347826087,485377.0,465620.0,528644.0,all valid TSETMC Bank Maskan mortgage-facility certificates traded that day,Derived from standardized TSETMC instrument-day observations
2020-04-07,1399/01/19,1399,1,19,22,3123.0,72523.0,35045318618.0,483230.4043958468,486569.54545454547,487663.5,460731.0,506842.0,all valid TSETMC Bank Maskan mortgage-facility certificates traded that day,Derived from standardized TSETMC instrument-day observations
2020-04-08,1399/01/20,1399,1,20,23,3114.0,56847.0,27992068462.0,492410.6542473657,491086.347826087,492465.0,479820.0,502212.0,all valid TSETMC Bank Maskan mortgage-facility certificates traded that day,Derived from standardized TSETMC instrument-day observations
2020-04-11,1399/01/23,1399,1,23,23,8259.0,125766.0,61815645360.0,491513.1701731788,488805.52173913043,489297.0,475172.0,495258.0,all valid TSETMC Bank Maskan mortgage-facility certificates traded that day,Derived from standardized TSETMC instrument-day observations
2020-04-12,1399/01/24,1399,1,24,23,7315.0,114580.0,55643940001.0,485633.9675423285,482551.60869565216,483403.0,466220.0,487712.0,all valid TSETMC Bank Maskan mortgage-facility certificates traded that day,Derived from standardized TSETMC instrument-day observations
2020-04-13,1399/01/25,1399,1,25,23,5595.0,95160.0,44270496185.0,465221.69172971835,463433.5652173913,463957.0,450065.0,471443.0,all valid TSETMC Bank Maskan mortgage-facility certificates traded that day,Derived from standardized TSETMC instrument-day observations
2020-04-14,1399/01/26,1399,1,26,23,3060.0,71477.0,33245912641.0,465127.4205828448,464828.652173913,466263.0,436054.0,477362.0,all valid TSETMC Bank Maskan mortgage-facility certificates traded that day,Derived from standardized TSETMC instrument-day observations
2020-04-15,1399/01/27,1399,1,27,23,5341.0,81523.0,37946965651.0,465475.57929664024,462571.39130434784,462082.0,433035.0,484096.0,all valid TSETMC Bank Maskan mortgage-facility certificates traded that day,Derived from standardized TSETMC instrument-day observations
2020-04-18,1399/01/30,1399,1,30,23,5187.0,84406.0,38518821491.0,456351.6988247281,451946.6956521739,452403.0,427606.0,460777.0,all valid TSETMC Bank Maskan mortgage-facility certificates traded that day,Derived from standardized TSETMC instrument-day observations
2020-04-19,1399/01/31,1399,1,31,23,4816.0,82621.0,37577849898.0,454822.01738056913,451323.2173913043,451950.0,420042.0,465914.0,all valid TSETMC Bank Maskan mortgage-facility certificates traded that day,Derived from standardized TSETMC instrument-day observations
2020-04-20,1399/02/01,1399,2,1,23,6458.0,112156.0,51863901783.0,462426.45763935946,458920.95652173914,461458.0,422946.0,466729.0,all valid TSETMC Bank Maskan mortgage-facility certificates traded that day,Derived from standardized TSETMC instrument-day observations
2020-04-21,1399/02/02,1399,2,2,24,6314.0,111134.0,51818567801.0,466271.0583709756,464024.625,466326.5,424800.0,474612.0,all valid TSETMC Bank Maskan mortgage-facility certificates traded that day,Derived from standardized TSETMC instrument-day observations
2020-04-22,1399/02/03,1399,2,3,24,9828.0,155199.0,72381102004.0,466376.0849232276,465646.4166666667,466709.5,439825.0,474598.0,all valid TSETMC Bank Maskan mortgage-facility certificates traded that day,Derived from standardized TSETMC instrument-day observations
2020-04-25,1399/02/06,1399,2,6,24,12765.0,208972.0,100324225147.0,480084.5335595199,478733.0,479649.0,460165.0,483365.0,all valid TSETMC Bank Maskan mortgage-facility certificates traded that day,Derived from standardized TSETMC instrument-day observations
2020-04-26,1399/02/07,1399,2,7,24,10252.0,154385.0,76215913502.0,493674.34337532794,491598.0833333333,492692.5,475985.0,497522.0,all valid TSETMC Bank Maskan mortgage-facility certificates traded that day,Derived from standardized TSETMC instrument-day observations
2020-04-27,1399/02/08,1399,2,8,24,10497.0,186310.0,90262794030.0,484476.3782405668,485156.625,485421.0,468821.0,493408.0,all valid TSETMC Bank Maskan mortgage-facility certificates traded that day,Derived from standardized TSETMC instrument-day observations
2020-04-28,1399/02/09,1399,2,9,24,7535.0,139336.0,66770525016.0,479205.1229832922,477818.0833333333,478682.0,456735.0,496167.0,all valid TSETMC Bank Maskan mortgage-facility certificates traded that day,Derived from standardized TSETMC instrument-day observations
2020-04-29,1399/02/10,1399,2,10,24,7630.0,133011.0,63324178008.0,476082.2639330582,472913.7916666667,474668.0,444249.0,485715.0,all valid TSETMC Bank Maskan mortgage-facility certificates traded that day,Derived from standardized TSETMC instrument-day observations
2020-05-02,1399/02/13,1399,2,13,24,9461.0,167076.0,80811311099.0,483679.94864013983,481718.2083333333,484349.0,440506.0,487399.0,all valid TSETMC Bank Maskan mortgage-facility certificates traded that day,Derived from standardized TSETMC instrument-day observations
2020-05-03,1399/02/14,1399,2,14,24,7355.0,149765.0,73675097211.0,491938.0176342937,491426.5833333333,493311.5,458889.0,496622.0,all valid TSETMC Bank Maskan mortgage-facility certificates traded that day,Derived from standardized TSETMC instrument-day observations
2020-05-04,1399/02/15,1399,2,15,24,7066.0,119520.0,59273337685.0,495928.1934822624,493632.5833333333,494861.0,459034.0,505022.0,all valid TSETMC Bank Maskan mortgage-facility certificates traded that day,Derived from standardized TSETMC instrument-day observations
2020-05-05,1399/02/16,1399,2,16,23,7754.0,133926.0,68539287506.0,511769.83935904905,510442.9130434783,510808.0,504919.0,514148.0,all valid TSETMC Bank Maskan mortgage-facility certificates traded that day,Derived from standardized TSETMC instrument-day observations
2020-05-06,1399/02/17,1399,2,17,23,6758.0,129838.0,65501735277.0,504488.17200665444,503447.26086956525,503759.0,497589.0,508447.0,all valid TSETMC Bank Maskan mortgage-facility certificates traded that day,Derived from standardized TSETMC instrument-day observations
2020-05-09,1399/02/20,1399,2,20,23,7959.0,135356.0,70425674105.0,520299.6106932829,519309.17391304346,520144.0,514612.0,522778.0,all valid TSETMC Bank Maskan mortgage-facility certificates traded that day,Derived from standardized TSETMC instrument-day observations
2020-05-10,1399/02/21,1399,2,21,23,8054.0,165281.0,87344196446.0,528458.7850146114,529649.2608695652,529859.0,523816.0,536148.0,all valid TSETMC Bank Maskan mortgage-facility certificates traded that day,Derived from standardized TSETMC instrument-day observations
2020-05-11,1399/02/22,1399,2,22,23,6932.0,147515.0,78759892235.0,533911.075043216,536196.4782608695,536100.0,529248.0,542059.0,all valid TSETMC Bank Maskan mortgage-facility certificates traded that day,Derived from standardized TSETMC instrument-day observations
2020-05-12,1399/02/23,1399,2,23,23,7674.0,130544.0,72597800345.0,556117.4802748498,557427.4782608695,557234.0,551292.0,562927.0,all valid TSETMC Bank Maskan mortgage-facility certificates traded that day,Derived from standardized TSETMC instrument-day observations
2020-05-13,1399/02/24,1399,2,24,23,3416.0,135771.0,76569336494.0,563959.4353286048,579704.2608695652,582034.0,549648.0,589278.0,all valid TSETMC Bank Maskan mortgage-facility certificates traded that day,Derived from standardized TSETMC instrument-day observations
2020-05-16,1399/02/27,1399,2,27,23,719.0,54908.0,32105126070.0,584707.6212938005,606577.1739130435,610853.0,571818.0,617940.0,all valid TSETMC Bank Maskan mortgage-facility certificates traded that day,Derived from standardized TSETMC instrument-day observations
2020-05-17,1399/02/28,1399,2,28,23,10228.0,200258.0,124677164211.0,622582.6893856925,635297.5652173914,638467.0,600408.0,647504.0,all valid TSETMC Bank Maskan mortgage-facility certificates traded that day,Derived from standardized TSETMC instrument-day observations
2020-05-18,1399/02/29,1399,2,29,27,13613.0,359328.0,224049746455.0,623524.3188813563,626462.1851851852,628397.0,603016.0,636980.0,all valid TSETMC Bank Maskan mortgage-facility certificates traded that day,Derived from standardized TSETMC instrument-day observations
2020-05-19,1399/02/30,1399,2,30,27,10562.0,212188.0,136540448598.0,643488.0794295624,640097.8518518518,642639.0,614569.0,651349.0,all valid TSETMC Bank Maskan mortgage-facility certificates traded that day,Derived from standardized TSETMC instrument-day observations
2020-05-20,1399/02/31,1399,2,31,27,8982.0,186225.0,124769195345.0,669991.6517384883,666561.7037037037,669036.0,643905.0,677336.0,all valid TSETMC Bank Maskan mortgage-facility certificates traded that day,Derived from standardized TSETMC instrument-day observations
2020-05-23,1399/03/03,1399,3,3,27,1773.0,106104.0,72101906245.0,679539.9442528086,694772.8518518518,700229.0,660025.0,709858.0,all valid TSETMC Bank Maskan mortgage-facility certificates traded that day,Derived from standardized TSETMC instrument-day observations
2020-05-26,1399/03/06,1399,3,6,27,4798.0,105796.0,77972868362.0,737011.4972399713,733783.5185185185,736352.0,708343.0,746762.0,all valid TSETMC Bank Maskan mortgage-facility certificates traded that day,Derived from standardized TSETMC instrument-day observations
2020-05-27,1399/03/07,1399,3,7,28,4810.0,106441.0,82356110477.0,773725.4486241204,770155.6785714285,772979.0,743760.0,784100.0,all valid TSETMC Bank Maskan mortgage-facility certificates traded that day,Derived from standardized TSETMC instrument-day observations
2020-05-30,1399/03/10,1399,3,10,28,3272.0,232193.0,178164859875.0,767313.6566347823,806545.1428571428,811035.0,756138.0,823267.0,all valid TSETMC Bank Maskan mortgage-facility certificates traded that day,Derived from standardized TSETMC instrument-day observations
2020-05-31,1399/03/11,1399,3,11,28,15562.0,312391.0,252398983952.0,807958.5645937303,809289.8928571428,808595.5,793755.0,834206.0,all valid TSETMC Bank Maskan mortgage-facility certificates traded that day,Derived from standardized TSETMC instrument-day observations
2020-06-01,1399/03/12,1399,3,12,28,14498.0,218367.0,176956439131.0,810362.5508020901,803366.2142857143,804653.5,777754.0,825954.0,all valid TSETMC Bank Maskan mortgage-facility certificates traded that day,Derived from standardized TSETMC instrument-day observations
2020-06-02,1399/03/13,1399,3,13,28,12187.0,193460.0,154148983336.0,796800.2860332886,792270.9642857143,794582.0,762596.0,809768.0,all valid TSETMC Bank Maskan mortgage-facility certificates traded that day,Derived from standardized TSETMC instrument-day observations
2020-06-06,1399/03/17,1399,3,17,27,10011.0,162520.0,130287722752.0,801671.9342357863,796866.074074074,798713.0,775113.0,810372.0,all valid TSETMC Bank Maskan mortgage-facility certificates traded that day,Derived from standardized TSETMC instrument-day observations
2020-06-07,1399/03/18,1399,3,18,27,11166.0,192172.0,151929080118.0,790589.0562516912,786937.925925926,786479.0,778777.0,797157.0,all valid TSETMC Bank Maskan mortgage-facility certificates traded that day,Derived from standardized TSETMC instrument-day observations
2020-06-08,1399/03/19,1399,3,19,26,9816.0,193861.0,146239816496.0,754353.9778294758,754178.9230769231,751109.5,739942.0,777698.0,all valid TSETMC Bank Maskan mortgage-facility certificates traded that day,Derived from standardized TSETMC instrument-day observations
2020-06-09,1399/03/20,1399,3,20,26,10805.0,234515.0,168031508423.0,716506.4427563269,719124.2692307692,715489.5,702949.0,738814.0,all valid TSETMC Bank Maskan mortgage-facility certificates traded that day,Derived from standardized TSETMC instrument-day observations
2020-06-10,1399/03/21,1399,3,21,27,9532.0,189390.0,129555433522.0,684066.9175880458,688772.0,686589.0,667802.0,748256.0,all valid TSETMC Bank Maskan mortgage-facility certificates traded that day,Derived from standardized TSETMC instrument-day observations
2020-06-13,1399/03/24,1399,3,24,26,9252.0,189393.0,122981095827.0,649343.4067098573,656330.3461538461,653756.0,634760.0,710844.0,all valid TSETMC Bank Maskan mortgage-facility certificates traded that day,Derived from standardized TSETMC instrument-day observations
2020-06-14,1399/03/25,1399,3,25,24,6589.0,193211.0,118780279381.0,614769.7562819922,623269.6666666666,621069.0,606226.0,675302.0,all valid TSETMC Bank Maskan mortgage-facility certificates traded that day,Derived from standardized TSETMC instrument-day observations
2020-06-15,1399/03/26,1399,3,26,26,5643.0,142693.0,83511855171.0,585255.4447029637,596846.7307692308,592290.5,576205.0,641537.0,all valid TSETMC Bank Maskan mortgage-facility certificates traded that day,Derived from standardized TSETMC instrument-day observations
2020-06-16,1399/03/27,1399,3,27,26,10423.0,190349.0,107497395806.0,564738.4320695144,569965.6923076923,565216.5,547588.0,609461.0,all valid TSETMC Bank Maskan mortgage-facility certificates traded that day,Derived from standardized TSETMC instrument-day observations
2020-06-20,1399/03/31,1399,3,31,26,12742.0,221123.0,124080392331.0,561137.4317958783,558449.1538461539,558901.5,533538.0,578988.0,all valid TSETMC Bank Maskan mortgage-facility certificates traded that day,Derived from standardized TSETMC instrument-day observations
2020-06-21,1399/04/01,1399,4,1,26,11009.0,181201.0,105191648571.0,580524.6580923946,579708.8846153846,582099.0,552137.0,594074.0,all valid TSETMC Bank Maskan mortgage-facility certificates traded that day,Derived from standardized TSETMC instrument-day observations
2020-06-22,1399/04/02,1399,4,2,28,9445.0,232195.0,134693389275.0,580087.3803268804,602917.3571428572,605870.5,549998.0,646138.0,all valid TSETMC Bank Maskan mortgage-facility certificates traded that day,Derived from standardized TSETMC instrument-day observations
2020-06-23,1399/04/03,1399,4,3,28,9643.0,170589.0,103735285852.0,608100.673853531,626730.1785714285,631442.5,577497.0,657119.0,all valid TSETMC Bank Maskan mortgage-facility certificates traded that day,Derived from standardized TSETMC instrument-day observations
2020-06-24,1399/04/04,1399,4,4,28,10627.0,261555.0,160429468685.0,613368.0055246507,645650.5,651521.5,599678.0,671103.0,all valid TSETMC Bank Maskan mortgage-facility certificates traded that day,Derived from standardized TSETMC instrument-day observations
2020-06-27,1399/04/07,1399,4,7,28,10803.0,234025.0,152498495622.0,651633.3537955347,674333.25,678939.5,629661.0,703096.0,all valid TSETMC Bank Maskan mortgage-facility certificates traded that day,Derived from standardized TSETMC instrument-day observations
2020-06-28,1399/04/08,1399,4,8,28,14317.0,225290.0,154803575726.0,687130.2575613654,703571.5357142857,710080.5,661141.0,732517.0,all valid TSETMC Bank Maskan mortgage-facility certificates traded that day,Derived from standardized TSETMC instrument-day observations
2020-06-29,1399/04/09,1399,4,9,28,15829.0,373389.0,256568091028.0,687133.5015975296,703291.8571428572,708994.0,673535.0,723145.0,all valid TSETMC Bank Maskan mortgage-facility certificates traded that day,Derived from standardized TSETMC instrument-day observations
2020-06-30,1399/04/10,1399,4,10,28,12754.0,250017.0,169929756449.0,679672.8080450529,676217.3214285715,680034.5,646560.0,689158.0,all valid TSETMC Bank Maskan mortgage-facility certificates traded that day,Derived from standardized TSETMC instrument-day observations
2020-07-01,1399/04/11,1399,4,11,28,12573.0,199739.0,133176980717.0,666755.0188846445,654551.6428571428,658907.5,622754.0,674544.0,all valid TSETMC Bank Maskan mortgage-facility certificates traded that day,Derived from standardized TSETMC instrument-day observations
2020-07-04,1399/04/14,1399,4,14,28,11252.0,230801.0,156211118061.0,676821.6691478806,666685.3214285715,675096.0,606795.0,686056.0,all valid TSETMC Bank Maskan mortgage-facility certificates traded that day,Derived from standardized TSETMC instrument-day observations
2020-07-05,1399/04/15,1399,4,15,28,10965.0,202372.0,141621399738.0,699807.2842982231,688330.8571428572,699711.5,617001.0,710329.0,all valid TSETMC Bank Maskan mortgage-facility certificates traded that day,Derived from standardized TSETMC instrument-day observations
2020-07-06,1399/04/16,1399,4,16,23,9295.0,162484.0,118528538726.0,729478.2177075896,729423.9130434783,730155.0,719508.0,738290.0,all valid TSETMC Bank Maskan mortgage-facility certificates traded that day,Derived from standardized TSETMC instrument-day observations
2020-07-07,1399/04/17,1399,4,17,23,11418.0,205658.0,156415088819.0,760559.223657723,758551.6521739131,757830.0,751907.0,767919.0,all valid TSETMC Bank Maskan mortgage-facility certificates traded that day,Derived from standardized TSETMC instrument-day observations
2020-07-08,1399/04/18,1399,4,18,23,10565.0,177046.0,132868306646.0,750473.3608553709,745656.2608695652,744217.0,737095.0,763481.0,all valid TSETMC Bank Maskan mortgage-facility certificates traded that day,Derived from standardized TSETMC instrument-day observations
2020-07-11,1399/04/21,1399,4,21,23,10259.0,161588.0,122449732063.0,757789.762005842,753841.0869565217,751771.0,743241.0,769736.0,all valid TSETMC Bank Maskan mortgage-facility certificates traded that day,Derived from standardized TSETMC instrument-day observations
2020-07-12,1399/04/22,1399,4,22,23,10550.0,161825.0,127404112945.0,787295.6152942994,783468.695652174,783960.0,771581.0,798050.0,all valid TSETMC Bank Maskan mortgage-facility certificates traded that day,Derived from standardized TSETMC instrument-day observations
2020-07-13,1399/04/23,1399,4,23,23,9836.0,151261.0,120485064239.0,796537.536040354,793535.3478260869,792709.0,786182.0,800848.0,all valid TSETMC Bank Maskan mortgage-facility certificates traded that day,Derived from standardized TSETMC instrument-day observations
2020-07-14,1399/04/24,1399,4,24,23,8663.0,122025.0,97606249293.0,799887.312378611,797386.1304347826,795404.0,790181.0,811395.0,all valid TSETMC Bank Maskan mortgage-facility certificates traded that day,Derived from standardized TSETMC instrument-day observations
2020-07-15,1399/04/25,1399,4,25,23,8322.0,137491.0,108388837271.0,788334.0529271007,783658.3478260869,781376.0,777002.0,807212.0,all valid TSETMC Bank Maskan mortgage-facility certificates traded that day,Derived from standardized TSETMC instrument-day observations
2020-07-18,1399/04/28,1399,4,28,23,1867.0,37267.0,30561574464.0,820070.6916038318,819866.9565217391,817254.0,808643.0,846955.0,all valid TSETMC Bank Maskan mortgage-facility certificates traded that day,Derived from standardized TSETMC instrument-day observations
2020-07-19,1399/04/29,1399,4,29,23,10023.0,159232.0,136857420452.0,859484.4029592042,855470.3478260869,854615.0,843633.0,875022.0,all valid TSETMC Bank Maskan mortgage-facility certificates traded that day,Derived from standardized TSETMC instrument-day observations
2020-07-20,1399/04/30,1399,4,30,23,10575.0,148713.0,132320606498.0,889771.6171282941,887342.7391304348,887978.0,871872.0,899147.0,all valid TSETMC Bank Maskan mortgage-facility certificates traded that day,Derived from standardized TSETMC instrument-day observations
2020-07-21,1399/04/31,1399,4,31,23,10538.0,134396.0,120576044894.0,897169.8926604958,893682.1304347826,895294.0,881032.0,911266.0,all valid TSETMC Bank Maskan mortgage-facility certificates traded that day,Derived from standardized TSETMC instrument-day observations
2020-07-22,1399/05/01,1399,5,1,23,9605.0,120037.0,103262439907.0,860255.0872397678,855615.3913043478,855397.0,838877.0,877237.0,all valid TSETMC Bank Maskan mortgage-facility certificates traded that day,Derived from standardized TSETMC instrument-day observations
2020-07-25,1399/05/04,1399,5,4,24,11853.0,160921.0,135039478756.0,839166.2912609293,835398.8333333334,835165.0,816945.0,846928.0,all valid TSETMC Bank Maskan mortgage-facility certificates traded that day,Derived from standardized TSETMC instrument-day observations
2020-07-26,1399/05/05,1399,5,5,24,11711.0,213635.0,171911624920.0,804697.8487607368,808295.0,804887.5,795684.0,844742.0,all valid TSETMC Bank Maskan mortgage-facility certificates traded that day,Derived from standardized TSETMC instrument-day observations
2020-07-27,1399/05/06,1399,5,6,23,9226.0,189652.0,145355919800.0,766434.9429481366,779512.5652173914,777378.0,758283.0,840508.0,all valid TSETMC Bank Maskan mortgage-facility certificates traded that day,Derived from standardized TSETMC instrument-day observations
2020-07-28,1399/05/07,1399,5,7,24,7107.0,176736.0,128748145734.0,728477.196123031,749139.0833333334,744644.5,720546.0,830060.0,all valid TSETMC Bank Maskan mortgage-facility certificates traded that day,Derived from standardized TSETMC instrument-day observations
2020-07-29,1399/05/08,1399,5,8,24,1264.0,95117.0,65889537146.0,692720.9347014729,758671.5,762044.0,687118.0,799000.0,all valid TSETMC Bank Maskan mortgage-facility certificates traded that day,Derived from standardized TSETMC instrument-day observations
2020-08-01,1399/05/11,1399,5,11,24,10948.0,330343.0,227408929358.0,688402.4464208414,736049.2083333334,737538.5,676277.0,788646.0,all valid TSETMC Bank Maskan mortgage-facility certificates traded that day,Derived from standardized TSETMC instrument-day observations
2020-08-02,1399/05/12,1399,5,12,24,8701.0,259538.0,175821466177.0,677440.1674398354,706749.0416666666,707370.5,653394.0,749214.0,all valid TSETMC Bank Maskan mortgage-facility certificates traded that day,Derived from standardized TSETMC instrument-day observations
2020-08-03,1399/05/13,1399,5,13,24,4998.0,186831.0,123086327231.0,658811.0497240822,695154.5416666666,695584.5,628160.0,740374.0,all valid TSETMC Bank Maskan mortgage-facility certificates traded that day,Derived from standardized TSETMC instrument-day observations
2020-08-04,1399/05/14,1399,5,14,24,7369.0,176369.0,113906367388.0,645841.2044520295,669032.5833333334,670310.0,602592.0,705352.0,all valid TSETMC Bank Maskan mortgage-facility certificates traded that day,Derived from standardized TSETMC instrument-day observations
2020-08-05,1399/05/15,1399,5,15,24,8748.0,133950.0,88668103588.0,661949.2615752147,672077.8333333334,678229.0,608540.0,695903.0,all valid TSETMC Bank Maskan mortgage-facility certificates traded that day,Derived from standardized TSETMC instrument-day observations
2020-08-09,1399/05/19,1399,5,19,23,6098.0,117210.0,80229561557.0,684494.1690726047,707310.8260869565,711863.0,671880.0,729715.0,all valid TSETMC Bank Maskan mortgage-facility certificates traded that day,Derived from standardized TSETMC instrument-day observations
2020-08-10,1399/05/20,1399,5,20,23,9436.0,156346.0,111700775740.0,714446.009108004,737383.6086956522,739092.0,695661.0,759503.0,all valid TSETMC Bank Maskan mortgage-facility certificates traded that day,Derived from standardized TSETMC instrument-day observations
2020-08-11,1399/05/21,1399,5,21,23,10001.0,167890.0,125413147760.0,746995.93638692,766755.5217391305,768068.0,723629.0,786099.0,all valid TSETMC Bank Maskan mortgage-facility certificates traded that day,Derived from standardized TSETMC instrument-day observations
2020-08-12,1399/05/22,1399,5,22,23,9928.0,176794.0,134351136675.0,759930.4086959965,769099.6521739131,769479.0,745384.0,783417.0,all valid TSETMC Bank Maskan mortgage-facility certificates traded that day,Derived from standardized TSETMC instrument-day observations
2020-08-15,1399/05/25,1399,5,25,23,6497.0,171367.0,124772686863.0,728102.1834017051,738739.0434782609,736023.0,719675.0,763182.0,all valid TSETMC Bank Maskan mortgage-facility certificates traded that day,Derived from standardized TSETMC instrument-day observations
2020-08-16,1399/05/26,1399,5,26,23,4607.0,115626.0,81371056230.0,703743.589071662,706596.5217391305,701044.0,683874.0,736713.0,all valid TSETMC Bank Maskan mortgage-facility certificates traded that day,Derived from standardized TSETMC instrument-day observations
2020-08-17,1399/05/27,1399,5,27,23,5878.0,129816.0,89558061540.0,689884.6177666852,687548.8260869565,685556.0,662025.0,706348.0,all valid TSETMC Bank Maskan mortgage-facility certificates traded that day,Derived from standardized TSETMC instrument-day observations
2020-08-18,1399/05/28,1399,5,28,23,5900.0,164432.0,111623229136.0,678841.2786805488,681425.8260869565,678169.0,671717.0,704666.0,all valid TSETMC Bank Maskan mortgage-facility certificates traded that day,Derived from standardized TSETMC instrument-day observations
2020-08-19,1399/05/29,1399,5,29,23,5788.0,63151.0,44865240061.0,710443.8577536381,710133.1304347826,707640.0,700050.0,726421.0,all valid TSETMC Bank Maskan mortgage-facility certificates traded that day,Derived from standardized TSETMC instrument-day observations
2020-08-22,1399/06/01,1399,6,1,23,2571.0,63623.0,46760686619.0,734965.1324049479,743726.4782608695,739803.0,730397.0,762449.0,all valid TSETMC Bank Maskan mortgage-facility certificates traded that day,Derived from standardized TSETMC instrument-day observations
2020-08-23,1399/06/02,1399,6,2,23,2619.0,75545.0,57909493962.0,766556.2772122576,776729.4782608695,774370.0,757720.0,800561.0,all valid TSETMC Bank Maskan mortgage-facility certificates traded that day,Derived from standardized TSETMC instrument-day observations
2020-08-24,1399/06/03,1399,6,3,23,4773.0,71563.0,57002026411.0,796529.3016083731,795510.8260869565,798144.0,765744.0,812787.0,all valid TSETMC Bank Maskan mortgage-facility certificates traded that day,Derived from standardized TSETMC instrument-day observations
2020-08-25,1399/06/04,1399,6,4,24,14618.0,194007.0,153318774867.0,790274.4481745504,786377.0,785965.0,762826.0,803858.0,all valid TSETMC Bank Maskan mortgage-facility certificates traded that day,Derived from standardized TSETMC instrument-day observations
2020-08-26,1399/06/05,1399,6,5,24,11848.0,183393.0,138930228917.0,757554.6990179559,755379.0,754596.0,737077.0,771212.0,all valid TSETMC Bank Maskan mortgage-facility certificates traded that day,Derived from standardized TSETMC instrument-day observations
2020-08-31,1399/06/10,1399,6,10,24,10752.0,166626.0,122256441032.0,733717.6733042862,731553.625,730730.0,711773.0,763032.0,all valid TSETMC Bank Maskan mortgage-facility certificates traded that day,Derived from standardized TSETMC instrument-day observations
2020-09-01,1399/06/11,1399,6,11,24,9738.0,181253.0,128715970666.0,710145.3254070277,707288.2916666666,707535.5,680368.0,731181.0,all valid TSETMC Bank Maskan mortgage-facility certificates traded that day,Derived from standardized TSETMC instrument-day observations
2020-09-02,1399/06/12,1399,6,12,24,8135.0,154432.0,107907814061.0,698739.9895164215,701943.5833333334,703250.5,655621.0,719995.0,all valid TSETMC Bank Maskan mortgage-facility certificates traded that day,Derived from standardized TSETMC instrument-day observations
2020-09-05,1399/06/15,1399,6,15,24,9898.0,184475.0,131064877856.0,710475.0120937796,715387.625,716945.0,661655.0,728368.0,all valid TSETMC Bank Maskan mortgage-facility certificates traded that day,Derived from standardized TSETMC instrument-day observations
2020-09-06,1399/06/16,1399,6,16,23,7679.0,103204.0,76847326384.0,744615.7744273478,746292.7391304348,745918.0,740543.0,755346.0,all valid TSETMC Bank Maskan mortgage-facility certificates traded that day,Derived from standardized TSETMC instrument-day observations
2020-09-07,1399/06/17,1399,6,17,23,7837.0,185563.0,139179443337.0,750038.7649315866,760703.7826086957,758091.0,739957.0,782313.0,all valid TSETMC Bank Maskan mortgage-facility certificates traded that day,Derived from standardized TSETMC instrument-day observations
2020-09-08,1399/06/18,1399,6,18,23,7429.0,138584.0,106842915321.0,770961.4047869884,769605.1304347826,766753.0,755112.0,789720.0,all valid TSETMC Bank Maskan mortgage-facility certificates traded that day,Derived from standardized TSETMC instrument-day observations
2020-09-09,1399/06/19,1399,6,19,23,6756.0,135211.0,100385828303.0,742438.3245667882,739640.2608695652,738425.0,728101.0,765750.0,all valid TSETMC Bank Maskan mortgage-facility certificates traded that day,Derived from standardized TSETMC instrument-day observations
2020-09-12,1399/06/22,1399,6,22,23,9127.0,129661.0,98959052403.0,763213.7065347328,759158.7826086957,758177.0,745335.0,773979.0,all valid TSETMC Bank Maskan mortgage-facility certificates traded that day,Derived from standardized TSETMC instrument-day observations
2020-09-13,1399/06/23,1399,6,23,23,8608.0,131428.0,104050704039.0,791693.5815731807,788548.8695652174,788715.0,769649.0,799410.0,all valid TSETMC Bank Maskan mortgage-facility certificates traded that day,Derived from standardized TSETMC instrument-day observations
2020-09-14,1399/06/24,1399,6,24,23,5809.0,130663.0,99644249480.0,762604.9415672378,761807.2173913043,761553.0,749379.0,778345.0,all valid TSETMC Bank Maskan mortgage-facility certificates traded that day,Derived from standardized TSETMC instrument-day observations
2020-09-15,1399/06/25,1399,6,25,23,748.0,15263.0,12120301370.0,794096.9252440543,796427.304347826,796601.0,775773.0,817259.0,all valid TSETMC Bank Maskan mortgage-facility certificates traded that day,Derived from standardized TSETMC instrument-day observations
2020-09-16,1399/06/26,1399,6,26,23,1404.0,70571.0,55837093188.0,791218.6760567372,822553.304347826,827025.0,783553.0,843497.0,all valid TSETMC Bank Maskan mortgage-facility certificates traded that day,Derived from standardized TSETMC instrument-day observations
2020-09-19,1399/06/29,1399,6,29,23,10138.0,147225.0,117411530044.0,797497.232426558,795049.1739130435,796098.0,788504.0,802772.0,all valid TSETMC Bank Maskan mortgage-facility certificates traded that day,Derived from standardized TSETMC instrument-day observations
2020-09-20,1399/06/30,1399,6,30,23,7983.0,104100.0,82450197307.0,792028.7925744477,787558.5217391305,786292.0,775393.0,803550.0,all valid TSETMC Bank Maskan mortgage-facility certificates traded that day,Derived from standardized TSETMC instrument-day observations
2020-09-21,1399/06/31,1399,6,31,23,5960.0,92847.0,75051382309.0,808333.9505746012,803833.2608695652,804369.0,784895.0,827167.0,all valid TSETMC Bank Maskan mortgage-facility certificates traded that day,Derived from standardized TSETMC instrument-day observations
2020-09-22,1399/07/01,1399,7,1,24,1028.0,24506.0,20286826126.0,827830.98530972,824814.5416666666,829168.5,784479.0,857617.0,all valid TSETMC Bank Maskan mortgage-facility certificates traded that day,Derived from standardized TSETMC instrument-day observations
2020-09-23,1399/07/02,1399,7,2,24,7960.0,127655.0,102628882695.0,803955.0561670127,806011.2083333334,804744.0,794491.0,829358.0,all valid TSETMC Bank Maskan mortgage-facility certificates traded that day,Derived from standardized TSETMC instrument-day observations
2020-09-26,1399/07/05,1399,7,5,24,954.0,26374.0,22150164743.0,839848.5153181163,838650.8333333334,836975.5,811180.0,865007.0,all valid TSETMC Bank Maskan mortgage-facility certificates traded that day,Derived from standardized TSETMC instrument-day observations
2020-09-27,1399/07/06,1399,7,6,24,1625.0,77884.0,65718249097.0,843796.5319834626,870259.1666666666,874070.0,829880.0,891646.0,all valid TSETMC Bank Maskan mortgage-facility certificates traded that day,Derived from standardized TSETMC instrument-day observations
2020-09-28,1399/07/07,1399,7,7,24,13274.0,220023.0,183826976086.0,835489.8173645482,837907.0416666666,834721.0,818975.0,854887.0,all valid TSETMC Bank Maskan mortgage-facility certificates traded that day,Derived from standardized TSETMC instrument-day observations
2020-09-29,1399/07/08,1399,7,8,24,11360.0,169961.0,136340188795.0,802185.1412677026,802490.375,800582.0,788613.0,819121.0,all valid TSETMC Bank Maskan mortgage-facility certificates traded that day,Derived from standardized TSETMC instrument-day observations
2020-09-30,1399/07/09,1399,7,9,24,12722.0,177692.0,140029305520.0,788045.0752988317,784111.125,784926.0,763539.0,795838.0,all valid TSETMC Bank Maskan mortgage-facility certificates traded that day,Derived from standardized TSETMC instrument-day observations
2020-10-03,1399/07/12,1399,7,12,24,11545.0,153112.0,122452618785.0,799758.4695190449,796393.7083333334,796996.0,770691.0,804395.0,all valid TSETMC Bank Maskan mortgage-facility certificates traded that day,Derived from standardized TSETMC instrument-day observations
2020-10-04,1399/07/13,1399,7,13,24,9514.0,130402.0,106563088411.0,817189.0646692535,813565.5,814308.0,798079.0,822725.0,all valid TSETMC Bank Maskan mortgage-facility certificates traded that day,Derived from standardized TSETMC instrument-day observations
2020-10-05,1399/07/14,1399,7,14,24,8609.0,123801.0,102489151208.0,827853.9850889734,824762.1666666666,825687.0,801607.0,830743.0,all valid TSETMC Bank Maskan mortgage-facility certificates traded that day,Derived from standardized TSETMC instrument-day observations
2020-10-06,1399/07/15,1399,7,15,23,111.0,2803.0,2413972687.0,861210.3770959686,857729.2173913043,864344.0,810000.0,872175.0,all valid TSETMC Bank Maskan mortgage-facility certificates traded that day,Derived from standardized TSETMC instrument-day observations
2020-10-07,1399/07/16,1399,7,16,24,5132.0,103205.0,90463300850.0,876539.9045588877,876555.2083333334,881290.0,823018.0,898737.0,all valid TSETMC Bank Maskan mortgage-facility certificates traded that day,Derived from standardized TSETMC instrument-day observations
2020-10-10,1399/07/19,1399,7,19,23,924.0,23810.0,22021139125.0,924869.3458630828,920682.7826086957,921447.0,892778.0,943371.0,all valid TSETMC Bank Maskan mortgage-facility certificates traded that day,Derived from standardized TSETMC instrument-day observations
2020-10-11,1399/07/20,1399,7,20,23,13337.0,196937.0,180803006825.0,918075.3582363903,918504.304347826,917007.0,909661.0,934257.0,all valid TSETMC Bank Maskan mortgage-facility certificates traded that day,Derived from standardized TSETMC instrument-day observations
2020-10-12,1399/07/21,1399,7,21,23,9253.0,124900.0,111665423855.0,894038.6217373899,891443.0,891134.0,881659.0,905402.0,all valid TSETMC Bank Maskan mortgage-facility certificates traded that day,Derived from standardized TSETMC instrument-day observations
2020-10-13,1399/07/22,1399,7,22,23,7671.0,98618.0,87956952669.0,891895.5228153076,888251.3913043478,888265.0,879628.0,903206.0,all valid TSETMC Bank Maskan mortgage-facility certificates traded that day,Derived from standardized TSETMC instrument-day observations
2020-10-14,1399/07/23,1399,7,23,23,7915.0,115839.0,105815420261.0,913469.7317915383,910023.9130434783,909264.0,902857.0,919260.0,all valid TSETMC Bank Maskan mortgage-facility certificates traded that day,Derived from standardized TSETMC instrument-day observations
2020-10-18,1399/07/27,1399,7,27,23,7155.0,127655.0,115391865165.0,903935.3348086639,905413.6521739131,905208.0,897814.0,918961.0,all valid TSETMC Bank Maskan mortgage-facility certificates traded that day,Derived from standardized TSETMC instrument-day observations
2020-10-19,1399/07/28,1399,7,28,23,6199.0,108947.0,100272398939.0,920377.788640348,920632.304347826,920711.0,911856.0,931906.0,all valid TSETMC Bank Maskan mortgage-facility certificates traded that day,Derived from standardized TSETMC instrument-day observations
2020-10-20,1399/07/29,1399,7,29,23,7028.0,117317.0,108508152727.0,924914.1448127723,922232.2173913043,922012.0,915061.0,929511.0,all valid TSETMC Bank Maskan mortgage-facility certificates traded that day,Derived from standardized TSETMC instrument-day observations
2020-10-21,1399/07/30,1399,7,30,23,5934.0,99624.0,91427515104.0,917725.8000481812,915924.7391304348,915347.0,907273.0,926519.0,all valid TSETMC Bank Maskan mortgage-facility certificates traded that day,Derived from standardized TSETMC instrument-day observations
2020-10-24,1399/08/03,1399,8,3,23,8006.0,106079.0,96944804541.0,913892.5191696754,911789.4347826086,912603.0,899095.0,922554.0,all valid TSETMC Bank Maskan mortgage-facility certificates traded that day,Derived from standardized TSETMC instrument-day observations
2020-10-26,1399/08/05,1399,8,5,23,7226.0,97826.0,90318236431.0,923253.904187026,920503.9565217391,919754.0,906558.0,932773.0,all valid TSETMC Bank Maskan mortgage-facility certificates traded that day,Derived from standardized TSETMC instrument-day observations
2020-10-27,1399/08/06,1399,8,6,24,6187.0,87960.0,82350585955.0,936227.6711573442,934061.375,935261.0,920744.0,947797.0,all valid TSETMC Bank Maskan mortgage-facility certificates traded that day,Derived from standardized TSETMC instrument-day observations
2020-10-28,1399/08/07,1399,8,7,24,6271.0,134303.0,119233090001.0,887791.7097979941,906238.2916666666,903845.5,878549.0,944224.0,all valid TSETMC Bank Maskan mortgage-facility certificates traded that day,Derived from standardized TSETMC instrument-day observations
2020-10-31,1399/08/10,1399,8,10,24,5110.0,93875.0,79459249338.0,846436.7439467377,868018.9583333334,865056.0,836144.0,897013.0,all valid TSETMC Bank Maskan mortgage-facility certificates traded that day,Derived from standardized TSETMC instrument-day observations
2020-11-01,1399/08/11,1399,8,11,24,6094.0,137863.0,114187589066.0,828268.5641977906,835427.0833333334,833621.0,812898.0,858410.0,all valid TSETMC Bank Maskan mortgage-facility certificates traded that day,Derived from standardized TSETMC instrument-day observations
2020-11-02,1399/08/12,1399,8,12,24,9162.0,162042.0,129635382932.0,800011.0029004826,801419.2916666666,801597.5,772548.0,816159.0,all valid TSETMC Bank Maskan mortgage-facility certificates traded that day,Derived from standardized TSETMC instrument-day observations
2020-11-04,1399/08/14,1399,8,14,24,7798.0,141526.0,111995724376.0,791343.8122747764,788343.1666666666,789142.5,741625.0,807771.0,all valid TSETMC Bank Maskan mortgage-facility certificates traded that day,Derived from standardized TSETMC instrument-day observations
2020-11-07,1399/08/17,1399,8,17,23,7367.0,137904.0,106425443755.0,771735.7274263256,772909.0,770515.0,759855.0,798384.0,all valid TSETMC Bank Maskan mortgage-facility certificates traded that day,Derived from standardized TSETMC instrument-day observations
2020-11-08,1399/08/18,1399,8,18,23,6057.0,93692.0,70299171328.0,750322.0267258678,747274.6086956522,746185.0,733859.0,767568.0,all valid TSETMC Bank Maskan mortgage-facility certificates traded that day,Derived from standardized TSETMC instrument-day observations
2020-11-09,1399/08/19,1399,8,19,23,5276.0,112610.0,83584860515.0,742250.7815913329,742772.5652173914,740920.0,730131.0,765826.0,all valid TSETMC Bank Maskan mortgage-facility certificates traded that day,Derived from standardized TSETMC instrument-day observations
2020-11-10,1399/08/20,1399,8,20,23,4937.0,108573.0,81457749847.0,750257.889595019,753760.695652174,754284.0,739578.0,765774.0,all valid TSETMC Bank Maskan mortgage-facility certificates traded that day,Derived from standardized TSETMC instrument-day observations
2020-11-11,1399/08/21,1399,8,21,23,3263.0,41250.0,32515364603.0,788251.2631030303,789173.4347826086,788870.0,776107.0,799295.0,all valid TSETMC Bank Maskan mortgage-facility certificates traded that day,Derived from standardized TSETMC instrument-day observations
2020-11-14,1399/08/24,1399,8,24,23,5802.0,125412.0,101873738709.0,812312.5275810927,819692.6086956522,819812.0,806838.0,828183.0,all valid TSETMC Bank Maskan mortgage-facility certificates traded that day,Derived from standardized TSETMC instrument-day observations
2020-11-15,1399/08/25,1399,8,25,23,5761.0,130785.0,106994446928.0,818094.176916313,820609.1304347826,821407.0,801374.0,831872.0,all valid TSETMC Bank Maskan mortgage-facility certificates traded that day,Derived from standardized TSETMC instrument-day observations
2020-11-16,1399/08/26,1399,8,26,23,4343.0,88712.0,73266096292.0,825887.0986112363,823471.2173913043,823721.0,810232.0,832848.0,all valid TSETMC Bank Maskan mortgage-facility certificates traded that day,Derived from standardized TSETMC instrument-day observations
2020-11-17,1399/08/27,1399,8,27,23,3910.0,105684.0,85213726369.0,806306.7859751713,804132.7391304348,803849.0,794166.0,811938.0,all valid TSETMC Bank Maskan mortgage-facility certificates traded that day,Derived from standardized TSETMC instrument-day observations
2020-11-18,1399/08/28,1399,8,28,23,4165.0,73283.0,59596670992.0,813240.0555654108,810034.4782608695,810815.0,797605.0,819760.0,all valid TSETMC Bank Maskan mortgage-facility certificates traded that day,Derived from standardized TSETMC instrument-day observations
2020-11-21,1399/09/01,1399,9,1,23,3476.0,64135.0,51340032683.0,800499.4571294924,795718.2173913043,796350.0,766837.0,809741.0,all valid TSETMC Bank Maskan mortgage-facility certificates traded that day,Derived from standardized TSETMC instrument-day observations
2020-11-22,1399/09/02,1399,9,2,24,3982.0,71033.0,55951845097.0,787688.047766531,783509.4583333334,784430.0,758451.0,804830.0,all valid TSETMC Bank Maskan mortgage-facility certificates traded that day,Derived from standardized TSETMC instrument-day observations
2020-11-23,1399/09/03,1399,9,3,24,3845.0,85296.0,63092543309.0,739689.3559955918,751672.625,752892.0,723141.0,775630.0,all valid TSETMC Bank Maskan mortgage-facility certificates traded that day,Derived from standardized TSETMC instrument-day observations
2020-11-24,1399/09/04,1399,9,4,23,2655.0,74304.0,52506175380.0,706639.9572028423,725906.6086956522,719849.0,695069.0,785482.0,all valid TSETMC Bank Maskan mortgage-facility certificates traded that day,Derived from standardized TSETMC instrument-day observations
2020-11-25,1399/09/05,1399,9,5,23,4027.0,94373.0,63340116557.0,671167.7763449291,699828.2173913043,694519.0,662977.0,746208.0,all valid TSETMC Bank Maskan mortgage-facility certificates traded that day,Derived from standardized TSETMC instrument-day observations
2020-11-28,1399/09/08,1399,9,8,22,3993.0,74656.0,47864331100.0,641131.7389091299,666561.8181818182,662845.0,630335.0,708898.0,all valid TSETMC Bank Maskan mortgage-facility certificates traded that day,Derived from standardized TSETMC instrument-day observations
2020-11-29,1399/09/09,1399,9,9,22,3244.0,61535.0,37812070569.0,614480.7112862598,640579.3181818182,637858.5,598819.0,714398.0,all valid TSETMC Bank Maskan mortgage-facility certificates traded that day,Derived from standardized TSETMC instrument-day observations
2020-11-30,1399/09/10,1399,9,10,22,4161.0,74806.0,46010225701.0,615060.6328503061,623434.0454545454,618804.0,568879.0,678679.0,all valid TSETMC Bank Maskan mortgage-facility certificates traded that day,Derived from standardized TSETMC instrument-day observations
2020-12-01,1399/09/11,1399,9,11,23,4455.0,86907.0,54269429230.0,624454.0627337268,631568.0434782609,630403.0,553498.0,668849.0,all valid TSETMC Bank Maskan mortgage-facility certificates traded that day,Derived from standardized TSETMC instrument-day observations
2020-12-02,1399/09/12,1399,9,12,24,5857.0,119085.0,76493548856.0,642344.1143384977,655011.9583333334,653267.5,571875.0,706684.0,all valid TSETMC Bank Maskan mortgage-facility certificates traded that day,Derived from standardized TSETMC instrument-day observations
2020-12-05,1399/09/15,1399,9,15,24,5926.0,117752.0,74680398874.0,634217.6682689041,641894.6666666666,635087.0,587090.0,684761.0,all valid TSETMC Bank Maskan mortgage-facility certificates traded that day,Derived from standardized TSETMC instrument-day observations
2020-12-06,1399/09/16,1399,9,16,22,4193.0,72183.0,44822206590.0,620952.3930842442,627202.9090909091,621205.5,609472.0,668273.0,all valid TSETMC Bank Maskan mortgage-facility certificates traded that day,Derived from standardized TSETMC instrument-day observations
2020-12-07,1399/09/17,1399,9,17,22,3777.0,63931.0,38809211915.0,607048.4102391641,610366.8181818182,605325.5,594830.0,642122.0,all valid TSETMC Bank Maskan mortgage-facility certificates traded that day,Derived from standardized TSETMC instrument-day observations
2020-12-08,1399/09/18,1399,9,18,22,3959.0,69954.0,42091434522.0,601701.6113731881,600861.8181818182,601512.5,582022.0,622555.0,all valid TSETMC Bank Maskan mortgage-facility certificates traded that day,Derived from standardized TSETMC instrument-day observations
2020-12-09,1399/09/19,1399,9,19,22,3792.0,71231.0,42876615840.0,601937.5811093485,601049.0909090909,601444.5,575029.0,614965.0,all valid TSETMC Bank Maskan mortgage-facility certificates traded that day,Derived from standardized TSETMC instrument-day observations
2020-12-12,1399/09/22,1399,9,22,23,4472.0,70569.0,42324382924.0,599758.8590457566,599102.9130434783,597838.0,576383.0,653525.0,all valid TSETMC Bank Maskan mortgage-facility certificates traded that day,Derived from standardized TSETMC instrument-day observations
2020-12-13,1399/09/23,1399,9,23,23,4072.0,68612.0,41725858151.0,608142.2805194426,607246.5652173914,608155.0,575901.0,620849.0,all valid TSETMC Bank Maskan mortgage-facility certificates traded that day,Derived from standardized TSETMC instrument-day observations
2020-12-14,1399/09/24,1399,9,24,23,3670.0,80585.0,48370431466.0,600241.1300614259,598004.1739130435,597801.0,574095.0,623791.0,all valid TSETMC Bank Maskan mortgage-facility certificates traded that day,Derived from standardized TSETMC instrument-day observations
2020-12-15,1399/09/25,1399,9,25,23,3500.0,64092.0,38285626789.0,597354.2218841665,595496.6521739131,595585.0,564550.0,617141.0,all valid TSETMC Bank Maskan mortgage-facility certificates traded that day,Derived from standardized TSETMC instrument-day observations
2020-12-16,1399/09/26,1399,9,26,23,3028.0,65205.0,38597950693.0,591947.7140249981,591081.1304347826,591936.0,553968.0,613016.0,all valid TSETMC Bank Maskan mortgage-facility certificates traded that day,Derived from standardized TSETMC instrument-day observations
2020-12-19,1399/09/29,1399,9,29,23,3493.0,61651.0,35731198326.0,579572.0803555498,577468.695652174,578456.0,533408.0,600620.0,all valid TSETMC Bank Maskan mortgage-facility certificates traded that day,Derived from standardized TSETMC instrument-day observations
2020-12-20,1399/09/30,1399,9,30,23,2118.0,46243.0,27049710419.0,584947.136193586,579089.7391304348,584215.0,521687.0,600062.0,all valid TSETMC Bank Maskan mortgage-facility certificates traded that day,Derived from standardized TSETMC instrument-day observations
2020-12-21,1399/10/01,1399,10,1,24,3659.0,60847.0,35756393865.0,587644.3187831775,582969.1666666666,587673.5,506629.0,596153.0,all valid TSETMC Bank Maskan mortgage-facility certificates traded that day,Derived from standardized TSETMC instrument-day observations
2020-12-22,1399/10/02,1399,10,2,24,4598.0,66375.0,37651852705.0,567259.5511111111,564328.3333333334,568559.5,482638.0,579935.0,all valid TSETMC Bank Maskan mortgage-facility certificates traded that day,Derived from standardized TSETMC instrument-day observations
2020-12-23,1399/10/03,1399,10,3,24,3648.0,68410.0,37200563377.0,543788.3844028651,541486.1666666666,545129.5,458507.0,566764.0,all valid TSETMC Bank Maskan mortgage-facility certificates traded that day,Derived from standardized TSETMC instrument-day observations
2020-12-26,1399/10/06,1399,10,6,24,6171.0,95918.0,50316752154.0,524580.9144686086,525502.7083333334,527204.5,435582.0,562858.0,all valid TSETMC Bank Maskan mortgage-facility certificates traded that day,Derived from standardized TSETMC instrument-day observations
2020-12-27,1399/10/07,1399,10,7,23,5511.0,83783.0,43832374704.0,523165.49543463474,520095.8695652174,524916.0,413852.0,548803.0,all valid TSETMC Bank Maskan mortgage-facility certificates traded that day,Derived from standardized TSETMC instrument-day observations
2020-12-28,1399/10/08,1399,10,8,24,5185.0,80355.0,41912275630.0,521588.8946549686,519914.7916666667,527401.5,393160.0,535753.0,all valid TSETMC Bank Maskan mortgage-facility certificates traded that day,Derived from standardized TSETMC instrument-day observations
2020-12-29,1399/10/09,1399,10,9,24,4519.0,60097.0,32029607987.0,532965.1727540477,533638.0,540027.5,396124.0,551831.0,all valid TSETMC Bank Maskan mortgage-facility certificates traded that day,Derived from standardized TSETMC instrument-day observations
2020-12-30,1399/10/10,1399,10,10,24,1258.0,16584.0,9312879739.0,561558.1125783888,557172.25,564379.5,415930.0,577844.0,all valid TSETMC Bank Maskan mortgage-facility certificates traded that day,Derived from standardized TSETMC instrument-day observations
2021-01-02,1399/10/13,1399,10,13,24,6869.0,118253.0,70311301192.0,594583.6570065876,584074.75,592203.0,436726.0,603939.0,all valid TSETMC Bank Maskan mortgage-facility certificates traded that day,Derived from standardized TSETMC instrument-day observations
2021-01-03,1399/10/14,1399,10,14,24,5659.0,103979.0,64644371569.0,621706.0326508237,612416.7083333334,620639.0,458562.0,632852.0,all valid TSETMC Bank Maskan mortgage-facility certificates traded that day,Derived from standardized TSETMC instrument-day observations
2021-01-04,1399/10/15,1399,10,15,24,5855.0,112356.0,67844049907.0,603831.1252358574,613276.9583333334,619929.0,470613.0,642325.0,all valid TSETMC Bank Maskan mortgage-facility certificates traded that day,Derived from standardized TSETMC instrument-day observations
2021-01-05,1399/10/16,1399,10,16,23,4306.0,79324.0,47122582351.0,594052.0189476073,599471.5652173914,597107.0,579771.0,639218.0,all valid TSETMC Bank Maskan mortgage-facility certificates traded that day,Derived from standardized TSETMC instrument-day observations
2021-01-06,1399/10/17,1399,10,17,22,4596.0,83996.0,48697775420.0,579763.0294299729,581451.3636363636,583869.5,568495.0,601564.0,all valid TSETMC Bank Maskan mortgage-facility certificates traded that day,Derived from standardized TSETMC instrument-day observations
2021-01-09,1399/10/20,1399,10,20,23,4684.0,77933.0,46083211318.0,591318.3287952472,588537.3913043478,588357.0,564097.0,607258.0,all valid TSETMC Bank Maskan mortgage-facility certificates traded that day,Derived from standardized TSETMC instrument-day observations
2021-01-10,1399/10/21,1399,10,21,23,5535.0,92961.0,55796692430.0,600216.1382730393,599273.2608695652,599545.0,585973.0,605241.0,all valid TSETMC Bank Maskan mortgage-facility certificates traded that day,Derived from standardized TSETMC instrument-day observations
2021-01-11,1399/10/22,1399,10,22,23,3134.0,76607.0,44848449150.0,585435.3929797538,586821.4782608695,586436.0,573920.0,599533.0,all valid TSETMC Bank Maskan mortgage-facility certificates traded that day,Derived from standardized TSETMC instrument-day observations
2021-01-12,1399/10/23,1399,10,23,23,1497.0,64484.0,36125747456.0,560228.0791514174,568636.0,566928.0,552474.0,592316.0,all valid TSETMC Bank Maskan mortgage-facility certificates traded that day,Derived from standardized TSETMC instrument-day observations
2021-01-13,1399/10/24,1399,10,24,23,2537.0,79775.0,42958654934.0,538497.7114885616,551565.7391304348,550815.0,530114.0,575403.0,all valid TSETMC Bank Maskan mortgage-facility certificates traded that day,Derived from standardized TSETMC instrument-day observations
2021-01-16,1399/10/27,1399,10,27,22,2396.0,83077.0,42837986089.0,515641.9476991225,534139.2272727273,532695.0,508182.0,569260.0,all valid TSETMC Bank Maskan mortgage-facility certificates traded that day,Derived from standardized TSETMC instrument-day observations
2021-01-18,1399/10/29,1399,10,29,23,2236.0,72061.0,36074407699.0,500609.31292932376,518441.60869565216,515533.0,488017.0,559948.0,all valid TSETMC Bank Maskan mortgage-facility certificates traded that day,Derived from standardized TSETMC instrument-day observations
2021-01-19,1399/10/30,1399,10,30,23,3937.0,99276.0,50664906511.0,510343.95534671017,513684.4347826087,513100.0,472335.0,543087.0,all valid TSETMC Bank Maskan mortgage-facility certificates traded that day,Derived from standardized TSETMC instrument-day observations
2021-01-20,1399/11/01,1399,11,1,24,4149.0,72208.0,38162014289.0,528501.1950060935,527326.625,529004.0,480932.0,541144.0,all valid TSETMC Bank Maskan mortgage-facility certificates traded that day,Derived from standardized TSETMC instrument-day observations
2021-01-23,1399/11/04,1399,11,4,24,5433.0,129022.0,70362511448.0,545352.819271132,541169.125,542925.0,504416.0,550008.0,all valid TSETMC Bank Maskan mortgage-facility certificates traded that day,Derived from standardized TSETMC instrument-day observations
2021-01-24,1399/11/05,1399,11,5,24,5040.0,107862.0,59106527824.0,547982.8653650035,543839.6666666666,545498.5,522463.0,554524.0,all valid TSETMC Bank Maskan mortgage-facility certificates traded that day,Derived from standardized TSETMC instrument-day observations
2021-01-25,1399/11/06,1399,11,6,24,5225.0,88419.0,46426015216.0,525068.313552517,524981.7083333334,525357.0,508271.0,536761.0,all valid TSETMC Bank Maskan mortgage-facility certificates traded that day,Derived from standardized TSETMC instrument-day observations
2021-01-26,1399/11/07,1399,11,7,24,6230.0,97965.0,50416809014.0,514641.03520645126,514558.75,514149.0,503823.0,530584.0,all valid TSETMC Bank Maskan mortgage-facility certificates traded that day,Derived from standardized TSETMC instrument-day observations
2021-01-27,1399/11/08,1399,11,8,24,6467.0,114763.0,60084903214.0,523556.4007040597,520210.2916666667,520887.0,503183.0,534541.0,all valid TSETMC Bank Maskan mortgage-facility certificates traded that day,Derived from standardized TSETMC instrument-day observations
2021-01-30,1399/11/11,1399,11,11,24,5771.0,129683.0,66489972029.0,512711.5506966989,516890.2916666667,517646.0,505834.0,525035.0,all valid TSETMC Bank Maskan mortgage-facility certificates traded that day,Derived from standardized TSETMC instrument-day observations
2021-01-31,1399/11/12,1399,11,12,24,5315.0,111766.0,56273893798.0,503497.4303276488,511211.4166666667,510144.5,486624.0,532523.0,all valid TSETMC Bank Maskan mortgage-facility certificates traded that day,Derived from standardized TSETMC instrument-day observations
2021-02-01,1399/11/13,1399,11,13,24,3905.0,49764.0,26328291809.0,529063.0136042119,531961.25,532318.5,506571.0,548115.0,all valid TSETMC Bank Maskan mortgage-facility certificates traded that day,Derived from standardized TSETMC instrument-day observations
2021-02-02,1399/11/14,1399,11,14,24,4593.0,68304.0,38046678437.0,557019.7709797376,555163.9166666666,555610.5,522157.0,569395.0,all valid TSETMC Bank Maskan mortgage-facility certificates traded that day,Derived from standardized TSETMC instrument-day observations
2021-02-03,1399/11/15,1399,11,15,24,3717.0,57162.0,33355631413.0,583528.0678247787,582163.25,581707.5,545376.0,597611.0,all valid TSETMC Bank Maskan mortgage-facility certificates traded that day,Derived from standardized TSETMC instrument-day observations
2021-02-06,1399/11/18,1399,11,18,23,5264.0,81973.0,50322569612.0,613892.0084906005,612627.1739130435,610517.0,596851.0,627473.0,all valid TSETMC Bank Maskan mortgage-facility certificates traded that day,Derived from standardized TSETMC instrument-day observations
2021-02-07,1399/11/19,1399,11,19,23,8640.0,202063.0,126342232320.0,625261.5883165151,628726.6086956522,626753.0,614826.0,652531.0,all valid TSETMC Bank Maskan mortgage-facility certificates traded that day,Derived from standardized TSETMC instrument-day observations
2021-02-08,1399/11/20,1399,11,20,23,5906.0,133076.0,81036397462.0,608948.2510896029,615631.1304347826,613788.0,597772.0,642482.0,all valid TSETMC Bank Maskan mortgage-facility certificates traded that day,Derived from standardized TSETMC instrument-day observations
2021-02-09,1399/11/21,1399,11,21,23,6252.0,125135.0,77250936838.0,617340.76667599,618082.0434782609,617195.0,611060.0,628113.0,all valid TSETMC Bank Maskan mortgage-facility certificates traded that day,Derived from standardized TSETMC instrument-day observations
2021-02-13,1399/11/25,1399,11,25,23,7038.0,140185.0,87015398900.0,620718.328637158,620182.2608695652,619315.0,613968.0,631863.0,all valid TSETMC Bank Maskan mortgage-facility certificates traded that day,Derived from standardized TSETMC instrument-day observations
2021-02-14,1399/11/26,1399,11,26,23,5609.0,81764.0,52810947459.0,645894.8615405313,642704.9130434783,641808.0,634711.0,651833.0,all valid TSETMC Bank Maskan mortgage-facility certificates traded that day,Derived from standardized TSETMC instrument-day observations
2021-02-15,1399/11/27,1399,11,27,23,6239.0,135476.0,86333977900.0,637264.0017420059,636237.9130434783,635876.0,624002.0,643066.0,all valid TSETMC Bank Maskan mortgage-facility certificates traded that day,Derived from standardized TSETMC instrument-day observations
2021-02-16,1399/11/28,1399,11,28,23,5501.0,101586.0,63162848154.0,621767.2529088653,620060.9130434783,618005.0,609508.0,636931.0,all valid TSETMC Bank Maskan mortgage-facility certificates traded that day,Derived from standardized TSETMC instrument-day observations
2021-02-17,1399/11/29,1399,11,29,23,5085.0,108773.0,67379159207.0,619447.4658876744,616890.0434782609,617548.0,597004.0,624004.0,all valid TSETMC Bank Maskan mortgage-facility certificates traded that day,Derived from standardized TSETMC instrument-day observations
2021-02-20,1399/12/02,1399,12,2,24,7106.0,134997.0,82960538067.0,614536.1605591235,611540.3333333334,613272.5,589745.0,624304.0,all valid TSETMC Bank Maskan mortgage-facility certificates traded that day,Derived from standardized TSETMC instrument-day observations
2021-02-21,1399/12/03,1399,12,3,24,7967.0,127913.0,75427870649.0,589681.0382760158,590444.5833333334,591195.0,563334.0,611117.0,all valid TSETMC Bank Maskan mortgage-facility certificates traded that day,Derived from standardized TSETMC instrument-day observations
2021-02-22,1399/12/04,1399,12,4,24,5145.0,125766.0,71297310261.0,566904.4913649157,572916.5833333334,569885.0,544790.0,606069.0,all valid TSETMC Bank Maskan mortgage-facility certificates traded that day,Derived from standardized TSETMC instrument-day observations
2021-02-23,1399/12/05,1399,12,5,24,3460.0,84288.0,49220511853.0,583956.3384230258,584890.8333333334,584369.0,551634.0,603158.0,all valid TSETMC Bank Maskan mortgage-facility certificates traded that day,Derived from standardized TSETMC instrument-day observations
2021-02-24,1399/12/06,1399,12,6,24,8264.0,144503.0,84004370627.0,581333.0562479672,583110.2916666666,581611.5,568755.0,606895.0,all valid TSETMC Bank Maskan mortgage-facility certificates traded that day,Derived from standardized TSETMC instrument-day observations
2021-02-27,1399/12/09,1399,12,9,24,6935.0,135006.0,76424288094.0,566080.6785920626,572469.5833333334,567587.0,556180.0,600090.0,all valid TSETMC Bank Maskan mortgage-facility certificates traded that day,Derived from standardized TSETMC instrument-day observations
2021-02-28,1399/12/10,1399,12,10,24,7002.0,127840.0,71382700216.0,558375.3145807259,562854.875,561233.0,529385.0,588599.0,all valid TSETMC Bank Maskan mortgage-facility certificates traded that day,Derived from standardized TSETMC instrument-day observations
2021-03-01,1399/12/11,1399,12,11,24,7026.0,147475.0,81227269963.0,550786.7093609086,555628.9166666666,554835.5,532550.0,579358.0,all valid TSETMC Bank Maskan mortgage-facility certificates traded that day,Derived from standardized TSETMC instrument-day observations
2021-03-02,1399/12/12,1399,12,12,24,6221.0,116693.0,64821928123.0,555491.1444816742,552964.2083333334,554134.0,531581.0,565339.0,all valid TSETMC Bank Maskan mortgage-facility certificates traded that day,Derived from standardized TSETMC instrument-day observations
2021-03-03,1399/12/13,1399,12,13,24,5761.0,121594.0,67464650534.0,554835.3581097751,552294.25,552529.5,527933.0,565114.0,all valid TSETMC Bank Maskan mortgage-facility certificates traded that day,Derived from standardized TSETMC instrument-day observations
2021-03-06,1399/12/16,1399,12,16,23,6609.0,136747.0,76213751529.0,557333.9929139214,553973.1739130435,552882.0,548294.0,566168.0,all valid TSETMC Bank Maskan mortgage-facility certificates traded that day,Derived from standardized TSETMC instrument-day observations
2021-03-07,1399/12/17,1399,12,17,23,5319.0,124573.0,69502724515.0,557927.6770648535,554351.695652174,554140.0,548607.0,559549.0,all valid TSETMC Bank Maskan mortgage-facility certificates traded that day,Derived from standardized TSETMC instrument-day observations
2021-03-08,1399/12/18,1399,12,18,23,4758.0,100452.0,56135471151.0,558828.8053099988,555504.7391304348,556123.0,545491.0,561386.0,all valid TSETMC Bank Maskan mortgage-facility certificates traded that day,Derived from standardized TSETMC instrument-day observations
2021-03-09,1399/12/19,1399,12,19,23,4091.0,97779.0,54704142743.0,559467.1938043956,559388.9565217391,559177.0,542811.0,580522.0,all valid TSETMC Bank Maskan mortgage-facility certificates traded that day,Derived from standardized TSETMC instrument-day observations
2021-03-10,1399/12/20,1399,12,20,23,4581.0,86628.0,50119833882.0,578563.9040725862,579054.4782608695,579090.0,559358.0,600039.0,all valid TSETMC Bank Maskan mortgage-facility certificates traded that day,Derived from standardized TSETMC instrument-day observations
2021-03-13,1399/12/23,1399,12,23,23,5438.0,115223.0,68887697794.0,597864.1225623357,597398.8695652174,594948.0,581499.0,626430.0,all valid TSETMC Bank Maskan mortgage-facility certificates traded that day,Derived from standardized TSETMC instrument-day observations
2021-03-14,1399/12/24,1399,12,24,23,4894.0,80482.0,47248895849.0,587074.0767997813,585175.0434782609,582737.0,563624.0,625843.0,all valid TSETMC Bank Maskan mortgage-facility certificates traded that day,Derived from standardized TSETMC instrument-day observations
2021-03-15,1399/12/25,1399,12,25,23,4701.0,74208.0,44123905204.0,594597.6876347563,591992.7826086957,593959.0,562147.0,615094.0,all valid TSETMC Bank Maskan mortgage-facility certificates traded that day,Derived from standardized TSETMC instrument-day observations
2021-03-16,1399/12/26,1399,12,26,23,3463.0,57725.0,33926677977.0,587729.3716240796,585570.0,586267.0,540218.0,603871.0,all valid TSETMC Bank Maskan mortgage-facility certificates traded that day,Derived from standardized TSETMC instrument-day observations
2021-03-17,1399/12/27,1399,12,27,23,2495.0,39441.0,23064984077.0,584797.1419842296,574249.1739130435,576143.0,513208.0,596855.0,all valid TSETMC Bank Maskan mortgage-facility certificates traded that day,Derived from standardized TSETMC instrument-day observations
2021-03-27,1400/01/07,1400,1,7,23,2052.0,28893.0,17064555781.0,590612.1130031495,580690.6086956522,586231.0,487548.0,605784.0,all valid TSETMC Bank Maskan mortgage-facility certificates traded that day,Derived from standardized TSETMC instrument-day observations
2021-03-28,1400/01/08,1400,1,8,23,1937.0,39658.0,22893953730.0,577284.6268092188,572833.2608695652,573937.0,463171.0,605253.0,all valid TSETMC Bank Maskan mortgage-facility certificates traded that day,Derived from standardized TSETMC instrument-day observations
2021-03-30,1400/01/10,1400,1,10,23,2300.0,31497.0,18082784000.0,574111.3121884624,566620.0434782609,572623.0,440013.0,597891.0,all valid TSETMC Bank Maskan mortgage-facility certificates traded that day,Derived from standardized TSETMC instrument-day observations
2021-03-31,1400/01/11,1400,1,11,24,2300.0,28954.0,16211360313.0,559900.5426884023,560437.2916666666,563530.0,419959.0,597139.0,all valid TSETMC Bank Maskan mortgage-facility certificates traded that day,Derived from standardized TSETMC instrument-day observations
2021-04-03,1400/01/14,1400,1,14,24,3277.0,42354.0,23228007423.0,548425.3535203286,553306.5,557698.5,400180.0,587840.0,all valid TSETMC Bank Maskan mortgage-facility certificates traded that day,Derived from standardized TSETMC instrument-day observations
2021-04-04,1400/01/15,1400,1,15,24,4227.0,55908.0,30072435367.0,537891.4532267296,544954.2083333334,550612.0,400628.0,578288.0,all valid TSETMC Bank Maskan mortgage-facility certificates traded that day,Derived from standardized TSETMC instrument-day observations
2021-04-05,1400/01/16,1400,1,16,23,3991.0,56631.0,30339470315.0,535739.618142007,532740.0434782609,533255.0,489339.0,554303.0,all valid TSETMC Bank Maskan mortgage-facility certificates traded that day,Derived from standardized TSETMC instrument-day observations
2021-04-06,1400/01/17,1400,1,17,22,4296.0,74803.0,38116518528.0,509558.6878601126,511701.6818181818,508066.0,474338.0,549409.0,all valid TSETMC Bank Maskan mortgage-facility certificates traded that day,Derived from standardized TSETMC instrument-day observations
2021-04-07,1400/01/18,1400,1,18,21,4986.0,98426.0,49298070997.0,500864.3142767155,502888.04761904763,501224.0,482685.0,530643.0,all valid TSETMC Bank Maskan mortgage-facility certificates traded that day,Derived from standardized TSETMC instrument-day observations
2021-04-10,1400/01/21,1400,1,21,23,5352.0,85925.0,43905807777.0,510978.2691533314,514664.60869565216,512650.0,492531.0,542347.0,all valid TSETMC Bank Maskan mortgage-facility certificates traded that day,Derived from standardized TSETMC instrument-day observations
2021-04-11,1400/01/22,1400,1,22,23,4544.0,73279.0,37933811092.0,517662.78322575364,521996.17391304346,516147.0,509459.0,553371.0,all valid TSETMC Bank Maskan mortgage-facility certificates traded that day,Derived from standardized TSETMC instrument-day observations
2021-04-12,1400/01/23,1400,1,23,23,4426.0,71335.0,36694973558.0,514403.4983948973,514014.52173913043,512384.0,494479.0,547998.0,all valid TSETMC Bank Maskan mortgage-facility certificates traded that day,Derived from standardized TSETMC instrument-day observations
2021-04-13,1400/01/24,1400,1,24,23,3549.0,72790.0,37008365849.0,508426.5125566699,508947.347826087,508376.0,478720.0,540535.0,all valid TSETMC Bank Maskan mortgage-facility certificates traded that day,Derived from standardized TSETMC instrument-day observations
2021-04-14,1400/01/25,1400,1,25,23,3515.0,83179.0,42184415686.0,507152.23416968226,507460.04347826086,506635.0,478598.0,529254.0,all valid TSETMC Bank Maskan mortgage-facility certificates traded that day,Derived from standardized TSETMC instrument-day observations
2021-04-17,1400/01/28,1400,1,28,23,3930.0,74497.0,37705806029.0,506138.5831509994,506738.26086956525,508585.0,460747.0,521726.0,all valid TSETMC Bank Maskan mortgage-facility certificates traded that day,Derived from standardized TSETMC instrument-day observations
2021-04-18,1400/01/29,1400,1,29,23,3272.0,73074.0,36340241027.0,497307.40108656976,496929.47826086957,496689.0,440370.0,519485.0,all valid TSETMC Bank Maskan mortgage-facility certificates traded that day,Derived from standardized TSETMC instrument-day observations
2021-04-19,1400/01/30,1400,1,30,23,3130.0,77834.0,38707972668.0,497314.4470025953,498631.47826086957,500287.0,419824.0,521316.0,all valid TSETMC Bank Maskan mortgage-facility certificates traded that day,Derived from standardized TSETMC instrument-day observations
2021-04-20,1400/01/31,1400,1,31,23,2624.0,97564.0,47866021714.0,490611.51361157803,493585.347826087,493899.0,402875.0,522496.0,all valid TSETMC Bank Maskan mortgage-facility certificates traded that day,Derived from standardized TSETMC instrument-day observations
2021-04-21,1400/02/01,1400,2,1,23,3595.0,84780.0,41543284601.0,490012.7931233781,493068.5652173913,496052.0,399696.0,516802.0,all valid TSETMC Bank Maskan mortgage-facility certificates traded that day,Derived from standardized TSETMC instrument-day observations
2021-04-24,1400/02/04,1400,2,4,23,4467.0,93700.0,45402932387.0,484556.37552828173,491766.52173913043,497126.0,387832.0,506975.0,all valid TSETMC Bank Maskan mortgage-facility certificates traded that day,Derived from standardized TSETMC instrument-day observations
2021-04-25,1400/02/05,1400,2,5,23,4223.0,78852.0,39563182624.0,501739.74818647595,504819.17391304346,511355.0,396546.0,519306.0,all valid TSETMC Bank Maskan mortgage-facility certificates traded that day,Derived from standardized TSETMC instrument-day observations
2021-04-26,1400/02/06,1400,2,6,23,4100.0,61999.0,32454604835.0,523469.8113679253,522159.95652173914,528036.0,416232.0,534517.0,all valid TSETMC Bank Maskan mortgage-facility certificates traded that day,Derived from standardized TSETMC instrument-day observations
2021-04-27,1400/02/07,1400,2,7,23,4952.0,83573.0,44598040492.0,533641.732281957,535652.2173913043,540950.0,430469.0,547297.0,all valid TSETMC Bank Maskan mortgage-facility certificates traded that day,Derived from standardized TSETMC instrument-day observations
2021-04-28,1400/02/08,1400,2,8,23,4180.0,71091.0,37287470340.0,524503.3877706039,528162.7826086957,532365.0,428195.0,544123.0,all valid TSETMC Bank Maskan mortgage-facility certificates traded that day,Derived from standardized TSETMC instrument-day observations
2021-05-01,1400/02/11,1400,2,11,23,4648.0,77192.0,40194075096.0,520702.59995854495,524339.0434782609,528752.0,413074.0,540867.0,all valid TSETMC Bank Maskan mortgage-facility certificates traded that day,Derived from standardized TSETMC instrument-day observations
2021-05-02,1400/02/12,1400,2,12,23,3886.0,65849.0,34757848625.0,527841.7079226716,532134.9565217391,536733.0,408327.0,549812.0,all valid TSETMC Bank Maskan mortgage-facility certificates traded that day,Derived from standardized TSETMC instrument-day observations
2021-05-03,1400/02/13,1400,2,13,23,4268.0,72240.0,37938284434.0,525170.0503045404,528133.0,534107.0,391112.0,546322.0,all valid TSETMC Bank Maskan mortgage-facility certificates traded that day,Derived from standardized TSETMC instrument-day observations
2021-05-05,1400/02/15,1400,2,15,23,4785.0,69351.0,36437715000.0,525410.0878141627,528807.2608695652,535089.0,397625.0,542997.0,all valid TSETMC Bank Maskan mortgage-facility certificates traded that day,Derived from standardized TSETMC instrument-day observations
2021-05-08,1400/02/18,1400,2,18,22,5064.0,86417.0,46912535528.0,542862.3480102294,541051.5454545454,541179.0,523056.0,552806.0,all valid TSETMC Bank Maskan mortgage-facility certificates traded that day,Derived from standardized TSETMC instrument-day observations
2021-05-09,1400/02/19,1400,2,19,22,4619.0,79025.0,43411779926.0,549342.3590762417,549071.0454545454,548615.0,536339.0,561127.0,all valid TSETMC Bank Maskan mortgage-facility certificates traded that day,Derived from standardized TSETMC instrument-day observations
2021-05-10,1400/02/20,1400,2,20,22,3869.0,62910.0,34128558542.0,542498.1488157685,543540.0,542978.5,533796.0,553307.0,all valid TSETMC Bank Maskan mortgage-facility certificates traded that day,Derived from standardized TSETMC instrument-day observations
2021-05-11,1400/02/21,1400,2,21,22,3784.0,65324.0,35568030016.0,544486.4064662298,543559.5909090909,543553.0,536251.0,551157.0,all valid TSETMC Bank Maskan mortgage-facility certificates traded that day,Derived from standardized TSETMC instrument-day observations
2021-05-12,1400/02/22,1400,2,22,22,3764.0,84419.0,46734812891.0,553605.3837524728,551345.5,552133.0,544560.0,558842.0,all valid TSETMC Bank Maskan mortgage-facility certificates traded that day,Derived from standardized TSETMC instrument-day observations
2021-05-15,1400/02/25,1400,2,25,22,3886.0,78977.0,44339744067.0,561426.0362763843,559636.6818181818,560712.5,549231.0,565569.0,all valid TSETMC Bank Maskan mortgage-facility certificates traded that day,Derived from standardized TSETMC instrument-day observations
2021-05-16,1400/02/26,1400,2,26,22,4488.0,73719.0,42903054815.0,581980.9657618796,580068.3636363636,581922.5,569076.0,585204.0,all valid TSETMC Bank Maskan mortgage-facility certificates traded that day,Derived from standardized TSETMC instrument-day observations
2021-05-17,1400/02/27,1400,2,27,22,4464.0,82883.0,49493346892.0,597147.1458803373,597046.6818181818,597118.0,588767.0,604982.0,all valid TSETMC Bank Maskan mortgage-facility certificates traded that day,Derived from standardized TSETMC instrument-day observations
2021-05-18,1400/02/28,1400,2,28,22,4275.0,84470.0,49932598060.0,591128.1882325086,589961.5454545454,590766.5,576982.0,602602.0,all valid TSETMC Bank Maskan mortgage-facility certificates traded that day,Derived from standardized TSETMC instrument-day observations
2021-05-19,1400/02/29,1400,2,29,22,4268.0,83691.0,48983634694.0,585291.545016788,583786.9545454546,584093.0,563361.0,592482.0,all valid TSETMC Bank Maskan mortgage-facility certificates traded that day,Derived from standardized TSETMC instrument-day observations
2021-05-22,1400/03/01,1400,3,1,22,5747.0,94682.0,54606874645.0,576739.7672736106,575744.3636363636,576946.5,549339.0,584846.0,all valid TSETMC Bank Maskan mortgage-facility certificates traded that day,Derived from standardized TSETMC instrument-day observations
2021-05-23,1400/03/02,1400,3,2,22,4225.0,60180.0,34217473036.0,568585.4608840146,568940.1363636364,570453.5,536418.0,586262.0,all valid TSETMC Bank Maskan mortgage-facility certificates traded that day,Derived from standardized TSETMC instrument-day observations
2021-05-24,1400/03/03,1400,3,3,22,3306.0,51188.0,27943325358.0,545896.0177776042,549387.6818181818,548186.5,520136.0,570871.0,all valid TSETMC Bank Maskan mortgage-facility certificates traded that day,Derived from standardized TSETMC instrument-day observations
2021-05-25,1400/03/04,1400,3,4,22,3377.0,54214.0,28731859969.0,529971.2245729886,535149.5,530225.0,508686.0,565105.0,all valid TSETMC Bank Maskan mortgage-facility certificates traded that day,Derived from standardized TSETMC instrument-day observations
2021-05-26,1400/03/05,1400,3,5,22,3801.0,61868.0,33833115068.0,546859.6862352104,551124.0454545454,547135.5,522652.0,575731.0,all valid TSETMC Bank Maskan mortgage-facility certificates traded that day,Derived from standardized TSETMC instrument-day observations
2021-05-29,1400/03/08,1400,3,8,22,4793.0,84439.0,46165876607.0,546736.4204573716,550870.0454545454,550765.5,528339.0,569925.0,all valid TSETMC Bank Maskan mortgage-facility certificates traded that day,Derived from standardized TSETMC instrument-day observations
2021-05-30,1400/03/09,1400,3,9,22,4694.0,74144.0,40409113238.0,545008.5406506258,546550.4545454546,545658.0,530562.0,565535.0,all valid TSETMC Bank Maskan mortgage-facility certificates traded that day,Derived from standardized TSETMC instrument-day observations
2021-05-31,1400/03/10,1400,3,10,22,4027.0,70234.0,38436733465.0,547266.7577668935,549060.7727272727,548016.5,536401.0,562714.0,all valid TSETMC Bank Maskan mortgage-facility certificates traded that day,Derived from standardized TSETMC instrument-day observations
2021-06-01,1400/03/11,1400,3,11,22,3331.0,45963.0,25192196498.0,548097.3064856515,549697.2272727273,550690.0,532291.0,564965.0,all valid TSETMC Bank Maskan mortgage-facility certificates traded that day,Derived from standardized TSETMC instrument-day observations
2021-06-02,1400/03/12,1400,3,12,22,3501.0,50507.0,27935588128.0,553103.2951472073,554059.2727272727,555079.5,534812.0,564706.0,all valid TSETMC Bank Maskan mortgage-facility certificates traded that day,Derived from standardized TSETMC instrument-day observations
2021-06-07,1400/03/17,1400,3,17,21,4586.0,69035.0,38728827035.0,561002.7817049323,560848.9523809524,560217.0,555372.0,569554.0,all valid TSETMC Bank Maskan mortgage-facility certificates traded that day,Derived from standardized TSETMC instrument-day observations
2021-06-08,1400/03/18,1400,3,18,21,458.0,10126.0,5919475250.0,584581.7943906775,585376.3333333334,585123.0,571866.0,593550.0,all valid TSETMC Bank Maskan mortgage-facility certificates traded that day,Derived from standardized TSETMC instrument-day observations
2021-06-09,1400/03/19,1400,3,19,21,7217.0,142888.0,85242699857.0,596570.039870388,597339.7142857143,597990.0,591435.0,604319.0,all valid TSETMC Bank Maskan mortgage-facility certificates traded that day,Derived from standardized TSETMC instrument-day observations
2021-06-12,1400/03/22,1400,3,22,21,5735.0,118969.0,69557104520.0,584665.7912565458,584383.0,584305.0,577290.0,592206.0,all valid TSETMC Bank Maskan mortgage-facility certificates traded that day,Derived from standardized TSETMC instrument-day observations
2021-06-13,1400/03/23,1400,3,23,21,5427.0,99796.0,59354737405.0,594760.6858491322,593886.0952380953,594116.0,588039.0,602243.0,all valid TSETMC Bank Maskan mortgage-facility certificates traded that day,Derived from standardized TSETMC instrument-day observations
2021-06-14,1400/03/24,1400,3,24,21,4805.0,112770.0,66519812376.0,589871.5294493217,596347.2857142857,595854.0,581244.0,614881.0,all valid TSETMC Bank Maskan mortgage-facility certificates traded that day,Derived from standardized TSETMC instrument-day observations
2021-06-15,1400/03/25,1400,3,25,21,4269.0,93454.0,55788840893.0,596965.7895114174,599469.380952381,598197.0,592639.0,612530.0,all valid TSETMC Bank Maskan mortgage-facility certificates traded that day,Derived from standardized TSETMC instrument-day observations
2021-06-16,1400/03/26,1400,3,26,21,4628.0,93416.0,57130186020.0,611567.4618908967,611610.5714285715,610871.0,607145.0,620285.0,all valid TSETMC Bank Maskan mortgage-facility certificates traded that day,Derived from standardized TSETMC instrument-day observations
2021-06-19,1400/03/29,1400,3,29,21,3866.0,91546.0,55850553068.0,610081.8503047648,612621.6666666666,610840.0,604562.0,628914.0,all valid TSETMC Bank Maskan mortgage-facility certificates traded that day,Derived from standardized TSETMC instrument-day observations
2021-06-20,1400/03/30,1400,3,30,21,4122.0,86421.0,52662081571.0,609366.723030282,609674.6666666666,609261.0,603495.0,617055.0,all valid TSETMC Bank Maskan mortgage-facility certificates traded that day,Derived from standardized TSETMC instrument-day observations
2021-06-21,1400/03/31,1400,3,31,21,3937.0,74203.0,44574128143.0,600705.2025255044,602970.2380952381,601076.0,595064.0,620592.0,all valid TSETMC Bank Maskan mortgage-facility certificates traded that day,Derived from standardized TSETMC instrument-day observations
2021-06-22,1400/04/01,1400,4,1,21,4982.0,102547.0,60652157176.0,591457.1579470877,595953.6666666666,594423.0,585529.0,615530.0,all valid TSETMC Bank Maskan mortgage-facility certificates traded that day,Derived from standardized TSETMC instrument-day observations
2021-06-23,1400/04/02,1400,4,2,21,3486.0,60179.0,35308633934.0,586726.8305222752,587442.0952380953,587430.0,569288.0,612607.0,all valid TSETMC Bank Maskan mortgage-facility certificates traded that day,Derived from standardized TSETMC instrument-day observations
2021-06-26,1400/04/05,1400,4,5,21,3756.0,55622.0,31935908823.0,574159.6638560282,576426.8095238095,575268.0,559459.0,592739.0,all valid TSETMC Bank Maskan mortgage-facility certificates traded that day,Derived from standardized TSETMC instrument-day observations
2021-06-27,1400/04/06,1400,4,6,21,2959.0,42951.0,24220795357.0,563916.9136225,567197.8095238095,566383.0,555263.0,589922.0,all valid TSETMC Bank Maskan mortgage-facility certificates traded that day,Derived from standardized TSETMC instrument-day observations
2021-06-28,1400/04/07,1400,4,7,21,2767.0,42461.0,23700627393.0,558174.0277666565,562863.7142857143,557702.0,544273.0,583217.0,all valid TSETMC Bank Maskan mortgage-facility certificates traded that day,Derived from standardized TSETMC instrument-day observations
2021-06-29,1400/04/08,1400,4,8,21,3088.0,43287.0,24721670565.0,571110.7391364613,572431.1904761905,570542.0,563359.0,591469.0,all valid TSETMC Bank Maskan mortgage-facility certificates traded that day,Derived from standardized TSETMC instrument-day observations
2021-06-30,1400/04/09,1400,4,9,21,1267.0,19119.0,11428602163.0,597761.5023275276,594803.9047619047,594338.0,580466.0,614717.0,all valid TSETMC Bank Maskan mortgage-facility certificates traded that day,Derived from standardized TSETMC instrument-day observations
2021-07-03,1400/04/12,1400,4,12,21,4945.0,89860.0,54442694666.0,605861.2805030047,606928.0952380953,605006.0,599846.0,627632.0,all valid TSETMC Bank Maskan mortgage-facility certificates traded that day,Derived from standardized TSETMC instrument-day observations
2021-07-04,1400/04/13,1400,4,13,21,4460.0,66414.0,40271795532.0,606375.0945884904,608210.3333333334,606477.0,600448.0,627382.0,all valid TSETMC Bank Maskan mortgage-facility certificates traded that day,Derived from standardized TSETMC instrument-day observations
2021-07-05,1400/04/14,1400,4,14,21,3547.0,68329.0,40706239995.0,595738.8516588857,601570.8571428572,598063.0,586443.0,621785.0,all valid TSETMC Bank Maskan mortgage-facility certificates traded that day,Derived from standardized TSETMC instrument-day observations
2021-07-06,1400/04/15,1400,4,15,21,3451.0,72046.0,43019695361.0,597114.2792243845,598032.8095238095,595544.0,581834.0,613883.0,all valid TSETMC Bank Maskan mortgage-facility certificates traded that day,Derived from standardized TSETMC instrument-day observations
2021-07-07,1400/04/16,1400,4,16,20,3988.0,90001.0,53542240331.0,594907.1713758736,596682.7,595945.0,590534.0,607930.0,all valid TSETMC Bank Maskan mortgage-facility certificates traded that day,Derived from standardized TSETMC instrument-day observations
2021-07-10,1400/04/19,1400,4,19,20,3540.0,109615.0,65659262539.0,598998.8828080099,599550.4,597000.5,593489.0,622519.0,all valid TSETMC Bank Maskan mortgage-facility certificates traded that day,Derived from standardized TSETMC instrument-day observations
2021-07-11,1400/04/20,1400,4,20,20,3735.0,111085.0,66239322202.0,596294.028914795,595746.4,595309.5,587157.0,610179.0,all valid TSETMC Bank Maskan mortgage-facility certificates traded that day,Derived from standardized TSETMC instrument-day observations
2021-07-12,1400/04/21,1400,4,21,20,2727.0,73413.0,43980646763.0,599085.2677727378,599010.3,597638.0,589930.0,613234.0,all valid TSETMC Bank Maskan mortgage-facility certificates traded that day,Derived from standardized TSETMC instrument-day observations
2021-07-13,1400/04/22,1400,4,22,20,3003.0,73405.0,43999090025.0,599401.812206253,600226.7,598935.5,594634.0,620774.0,all valid TSETMC Bank Maskan mortgage-facility certificates traded that day,Derived from standardized TSETMC instrument-day observations
2021-07-14,1400/04/23,1400,4,23,20,3310.0,83658.0,50145251754.0,599407.7285376175,599239.15,599208.5,593935.0,607871.0,all valid TSETMC Bank Maskan mortgage-facility certificates traded that day,Derived from standardized TSETMC instrument-day observations
2021-07-17,1400/04/26,1400,4,26,20,3026.0,60757.0,36282097698.0,597167.3666902579,597076.1,596766.0,591293.0,600777.0,all valid TSETMC Bank Maskan mortgage-facility certificates traded that day,Derived from standardized TSETMC instrument-day observations
2021-07-18,1400/04/27,1400,4,27,20,3637.0,73611.0,44294129744.0,601732.4821561995,600866.8,599959.0,595916.0,607793.0,all valid TSETMC Bank Maskan mortgage-facility certificates traded that day,Derived from standardized TSETMC instrument-day observations
2021-07-19,1400/04/28,1400,4,28,20,3409.0,78014.0,47331067639.0,606699.6646627529,606671.15,607397.5,602327.0,609533.0,all valid TSETMC Bank Maskan mortgage-facility certificates traded that day,Derived from standardized TSETMC instrument-day observations
2021-07-26,1400/05/04,1400,5,4,20,5433.0,105299.0,63706292197.0,605003.7720871044,603359.0,603370.5,599838.0,608424.0,all valid TSETMC Bank Maskan mortgage-facility certificates traded that day,Derived from standardized TSETMC instrument-day observations
2021-07-27,1400/05/05,1400,5,5,20,4501.0,96310.0,58207627579.0,604377.8172463919,602496.0,603198.5,593500.0,609275.0,all valid TSETMC Bank Maskan mortgage-facility certificates traded that day,Derived from standardized TSETMC instrument-day observations
2021-07-28,1400/05/06,1400,5,6,20,3303.0,63663.0,38407499414.0,603293.8977742174,602028.85,601892.5,589396.0,609972.0,all valid TSETMC Bank Maskan mortgage-facility certificates traded that day,Derived from standardized TSETMC instrument-day observations
2021-07-31,1400/05/09,1400,5,9,20,2963.0,47535.0,28540878643.0,600418.1896076575,599479.95,599906.0,584745.0,612805.0,all valid TSETMC Bank Maskan mortgage-facility certificates traded that day,Derived from standardized TSETMC instrument-day observations
2021-08-01,1400/05/10,1400,5,10,20,3772.0,64956.0,38758404158.0,596687.052127594,596584.4,595687.0,588144.0,607411.0,all valid TSETMC Bank Maskan mortgage-facility certificates traded that day,Derived from standardized TSETMC instrument-day observations
2021-08-02,1400/05/11,1400,5,11,20,3150.0,59064.0,35384277810.0,599083.6687322226,598350.0,597395.0,592530.0,611695.0,all valid TSETMC Bank Maskan mortgage-facility certificates traded that day,Derived from standardized TSETMC instrument-day observations
2021-08-03,1400/05/12,1400,5,12,20,2974.0,43363.0,26134084575.0,602681.6542905242,602456.75,601564.5,591081.0,621076.0,all valid TSETMC Bank Maskan mortgage-facility certificates traded that day,Derived from standardized TSETMC instrument-day observations
2021-08-04,1400/05/13,1400,5,13,20,2830.0,48161.0,29172461296.0,605727.8980087623,605138.05,605634.0,595052.0,617915.0,all valid TSETMC Bank Maskan mortgage-facility certificates traded that day,Derived from standardized TSETMC instrument-day observations
2021-08-07,1400/05/16,1400,5,16,19,3254.0,49850.0,30215975154.0,606137.9168304915,605307.1052631579,605404.0,597842.0,610810.0,all valid TSETMC Bank Maskan mortgage-facility certificates traded that day,Derived from standardized TSETMC instrument-day observations
2021-08-08,1400/05/17,1400,5,17,19,3858.0,65067.0,39925218635.0,613601.6511442052,612682.052631579,612915.0,605357.0,616129.0,all valid TSETMC Bank Maskan mortgage-facility certificates traded that day,Derived from standardized TSETMC instrument-day observations
2021-08-09,1400/05/18,1400,5,18,19,3545.0,71956.0,44327858728.0,616041.1741619878,615842.7894736842,615410.0,608523.0,623220.0,all valid TSETMC Bank Maskan mortgage-facility certificates traded that day,Derived from standardized TSETMC instrument-day observations
2021-08-10,1400/05/19,1400,5,19,19,2924.0,73508.0,44442858448.0,604598.9341024106,604650.8947368421,604717.0,599491.0,609154.0,all valid TSETMC Bank Maskan mortgage-facility certificates traded that day,Derived from standardized TSETMC instrument-day observations
2021-08-11,1400/05/20,1400,5,20,19,2843.0,54147.0,33185646841.0,612880.6183352725,612711.1052631579,612494.0,606607.0,618286.0,all valid TSETMC Bank Maskan mortgage-facility certificates traded that day,Derived from standardized TSETMC instrument-day observations
2021-08-14,1400/05/23,1400,5,23,19,3134.0,86832.0,52311574697.0,602445.8114174497,601128.7894736842,601090.0,596012.0,604309.0,all valid TSETMC Bank Maskan mortgage-facility certificates traded that day,Derived from standardized TSETMC instrument-day observations
2021-08-15,1400/05/24,1400,5,24,19,3133.0,59256.0,36208067125.0,611044.7401950858,610568.5263157894,610594.0,606808.0,615666.0,all valid TSETMC Bank Maskan mortgage-facility certificates traded that day,Derived from standardized TSETMC instrument-day observations
2021-08-22,1400/05/31,1400,5,31,19,3526.0,77090.0,47654548744.0,618167.7097418602,617757.6315789474,617864.0,609133.0,620601.0,all valid TSETMC Bank Maskan mortgage-facility certificates traded that day,Derived from standardized TSETMC instrument-day observations
2021-08-23,1400/06/01,1400,6,1,19,3124.0,53297.0,32535137102.0,610449.6895134811,610651.5263157894,610276.0,603486.0,616799.0,all valid TSETMC Bank Maskan mortgage-facility certificates traded that day,Derived from standardized TSETMC instrument-day observations
2021-08-24,1400/06/02,1400,6,2,19,4574.0,79546.0,49190887623.0,618395.4896914993,618509.052631579,619546.0,602584.0,622418.0,all valid TSETMC Bank Maskan mortgage-facility certificates traded that day,Derived from standardized TSETMC instrument-day observations
2021-08-25,1400/06/03,1400,6,3,19,2850.0,52355.0,31668721824.0,604884.3820838507,604654.8421052631,604735.0,596085.0,611754.0,all valid TSETMC Bank Maskan mortgage-facility certificates traded that day,Derived from standardized TSETMC instrument-day observations
2021-08-28,1400/06/06,1400,6,6,19,3756.0,63215.0,37808737774.0,598097.5682037491,597351.8947368421,597455.0,589989.0,605854.0,all valid TSETMC Bank Maskan mortgage-facility certificates traded that day,Derived from standardized TSETMC instrument-day observations
2021-08-29,1400/06/07,1400,6,7,19,3322.0,45712.0,27194712956.0,594914.0916170808,594229.5789473684,594563.0,584516.0,602888.0,all valid TSETMC Bank Maskan mortgage-facility certificates traded that day,Derived from standardized TSETMC instrument-day observations
2021-08-30,1400/06/08,1400,6,8,19,2558.0,45027.0,26604509391.0,590856.80571657,590796.7368421053,589480.0,585240.0,600068.0,all valid TSETMC Bank Maskan mortgage-facility certificates traded that day,Derived from standardized TSETMC instrument-day observations
2021-08-31,1400/06/09,1400,6,9,19,2431.0,41494.0,24365970061.0,587216.7074998795,587717.4210526316,586198.0,579358.0,603318.0,all valid TSETMC Bank Maskan mortgage-facility certificates traded that day,Derived from standardized TSETMC instrument-day observations
2021-09-01,1400/06/10,1400,6,10,19,2455.0,45304.0,26677498834.0,588855.2629789864,590476.3157894737,590081.0,584085.0,599583.0,all valid TSETMC Bank Maskan mortgage-facility certificates traded that day,Derived from standardized TSETMC instrument-day observations
2021-09-04,1400/06/13,1400,6,13,19,2868.0,55711.0,32295919630.0,579704.5400369766,580762.6842105263,579534.0,570673.0,594963.0,all valid TSETMC Bank Maskan mortgage-facility certificates traded that day,Derived from standardized TSETMC instrument-day observations
2021-09-05,1400/06/14,1400,6,14,19,478.0,17909.0,10341147925.0,577427.4345301245,582555.1052631579,584247.0,553607.0,598186.0,all valid TSETMC Bank Maskan mortgage-facility certificates traded that day,Derived from standardized TSETMC instrument-day observations
2021-09-06,1400/06/15,1400,6,15,19,3405.0,66875.0,38662468615.0,578130.3718130841,579960.3684210526,579997.0,562327.0,594445.0,all valid TSETMC Bank Maskan mortgage-facility certificates traded that day,Derived from standardized TSETMC instrument-day observations
2021-09-07,1400/06/16,1400,6,16,18,2510.0,46294.0,26739618978.0,577604.4191039875,584226.5555555555,585397.5,564771.0,601169.0,all valid TSETMC Bank Maskan mortgage-facility certificates traded that day,Derived from standardized TSETMC instrument-day observations
2021-09-08,1400/06/17,1400,6,17,18,2891.0,56610.0,32445782726.0,573145.7821232998,578333.3333333334,578149.0,563551.0,587505.0,all valid TSETMC Bank Maskan mortgage-facility certificates traded that day,Derived from standardized TSETMC instrument-day observations
2021-09-11,1400/06/20,1400,6,20,18,3098.0,53492.0,30296657015.0,566377.3464256338,567772.2222222222,565366.0,557721.0,580477.0,all valid TSETMC Bank Maskan mortgage-facility certificates traded that day,Derived from standardized TSETMC instrument-day observations
2021-09-12,1400/06/21,1400,6,21,18,2867.0,49535.0,29226927109.0,590025.781952155,588394.8888888889,589036.5,578982.0,596762.0,all valid TSETMC Bank Maskan mortgage-facility certificates traded that day,Derived from standardized TSETMC instrument-day observations
2021-09-13,1400/06/22,1400,6,22,18,2603.0,57199.0,33409166593.0,584086.5503417891,582085.4444444445,579471.5,572151.0,591652.0,all valid TSETMC Bank Maskan mortgage-facility certificates traded that day,Derived from standardized TSETMC instrument-day observations
2021-09-14,1400/06/23,1400,6,23,18,3240.0,66458.0,39086211266.0,588134.0284992025,587865.3888888889,587563.5,583619.0,591883.0,all valid TSETMC Bank Maskan mortgage-facility certificates traded that day,Derived from standardized TSETMC instrument-day observations
2021-09-15,1400/06/24,1400,6,24,18,3461.0,59609.0,36026467292.0,604379.6623328693,604340.0,604211.5,601370.0,607631.0,all valid TSETMC Bank Maskan mortgage-facility certificates traded that day,Derived from standardized TSETMC instrument-day observations
2021-09-18,1400/06/27,1400,6,27,18,392.0,7382.0,4656243153.0,630756.3198320238,632377.6666666666,633255.0,624775.0,636753.0,all valid TSETMC Bank Maskan mortgage-facility certificates traded that day,Derived from standardized TSETMC instrument-day observations
2021-09-19,1400/06/28,1400,6,28,18,4957.0,105614.0,66779135725.0,632294.3523112466,635531.1666666666,630086.0,627001.0,653138.0,all valid TSETMC Bank Maskan mortgage-facility certificates traded that day,Derived from standardized TSETMC instrument-day observations
2021-09-20,1400/06/29,1400,6,29,18,4201.0,76952.0,49981024730.0,649509.1060661192,648988.0555555555,648892.0,642270.0,655809.0,all valid TSETMC Bank Maskan mortgage-facility certificates traded that day,Derived from standardized TSETMC instrument-day observations
2021-09-21,1400/06/30,1400,6,30,18,3386.0,84777.0,56184483742.0,662732.6249100581,664256.4444444445,663583.0,654210.0,676747.0,all valid TSETMC Bank Maskan mortgage-facility certificates traded that day,Derived from standardized TSETMC instrument-day observations
2021-09-22,1400/06/31,1400,6,31,18,3068.0,49846.0,32366391284.0,649327.755165911,648222.3888888889,647637.0,640487.0,658244.0,all valid TSETMC Bank Maskan mortgage-facility certificates traded that day,Derived from standardized TSETMC instrument-day observations
2021-09-25,1400/07/03,1400,7,3,18,4150.0,83386.0,53423656035.0,640678.9633151848,640176.0555555555,639114.5,634942.0,645290.0,all valid TSETMC Bank Maskan mortgage-facility certificates traded that day,Derived from standardized TSETMC instrument-day observations
2021-09-26,1400/07/04,1400,7,4,18,3273.0,52126.0,33689212001.0,646303.4186586349,646436.2222222222,644134.0,640870.0,660914.0,all valid TSETMC Bank Maskan mortgage-facility certificates traded that day,Derived from standardized TSETMC instrument-day observations
2021-09-28,1400/07/06,1400,7,6,18,3066.0,69232.0,44887460376.0,648362.9012017564,651525.8333333334,650055.0,644952.0,666751.0,all valid TSETMC Bank Maskan mortgage-facility certificates traded that day,Derived from standardized TSETMC instrument-day observations
2021-09-29,1400/07/07,1400,7,7,18,3355.0,49363.0,33273527457.0,674058.0486801856,674047.6666666666,671461.5,667555.0,687596.0,all valid TSETMC Bank Maskan mortgage-facility certificates traded that day,Derived from standardized TSETMC instrument-day observations
2021-10-02,1400/07/10,1400,7,10,18,738.0,52996.0,36227794977.0,683594.8935202657,700291.5555555555,702660.5,677857.0,714554.0,all valid TSETMC Bank Maskan mortgage-facility certificates traded that day,Derived from standardized TSETMC instrument-day observations
2021-10-03,1400/07/11,1400,7,11,18,3061.0,106747.0,75437835549.0,706697.4767347092,722866.2777777778,727609.5,693408.0,741714.0,all valid TSETMC Bank Maskan mortgage-facility certificates traded that day,Derived from standardized TSETMC instrument-day observations
2021-10-04,1400/07/12,1400,7,12,18,4657.0,93092.0,69285692342.0,744271.1762772311,754630.6111111111,758215.0,728033.0,773238.0,all valid TSETMC Bank Maskan mortgage-facility certificates traded that day,Derived from standardized TSETMC instrument-day observations
2021-10-06,1400/07/14,1400,7,14,18,3473.0,105837.0,77229743826.0,729704.5818192125,736098.0555555555,731108.5,721091.0,764226.0,all valid TSETMC Bank Maskan mortgage-facility certificates traded that day,Derived from standardized TSETMC instrument-day observations
2021-10-09,1400/07/17,1400,7,17,17,4055.0,68011.0,52133693058.0,766547.9563305936,765108.7647058824,759784.0,756844.0,786316.0,all valid TSETMC Bank Maskan mortgage-facility certificates traded that day,Derived from standardized TSETMC instrument-day observations
2021-10-10,1400/07/18,1400,7,18,17,4711.0,87624.0,67735556480.0,773025.1584040902,776525.9411764706,777684.0,765081.0,791530.0,all valid TSETMC Bank Maskan mortgage-facility certificates traded that day,Derived from standardized TSETMC instrument-day observations
2021-10-11,1400/07/19,1400,7,19,17,1805.0,42356.0,31141836545.0,735240.2621824535,740619.5882352941,740062.0,729550.0,762844.0,all valid TSETMC Bank Maskan mortgage-facility certificates traded that day,Derived from standardized TSETMC instrument-day observations
2021-10-12,1400/07/20,1400,7,20,16,1372.0,39632.0,27606926457.0,696581.7131863141,704581.8125,702459.5,693279.0,731517.0,all valid TSETMC Bank Maskan mortgage-facility certificates traded that day,Derived from standardized TSETMC instrument-day observations
2021-10-13,1400/07/21,1400,7,21,17,3159.0,68058.0,45707086541.0,671590.2104234623,676146.0,673515.0,665399.0,705286.0,all valid TSETMC Bank Maskan mortgage-facility certificates traded that day,Derived from standardized TSETMC instrument-day observations
2021-10-16,1400/07/24,1400,7,24,17,4594.0,85779.0,59036189014.0,688235.9203767822,689705.7647058824,688798.0,679299.0,698663.0,all valid TSETMC Bank Maskan mortgage-facility certificates traded that day,Derived from standardized TSETMC instrument-day observations
2021-10-17,1400/07/25,1400,7,25,17,3618.0,89734.0,62178945814.0,692925.154501081,691595.8823529412,689964.0,685185.0,706382.0,all valid TSETMC Bank Maskan mortgage-facility certificates traded that day,Derived from standardized TSETMC instrument-day observations
2021-10-18,1400/07/26,1400,7,26,17,3252.0,93131.0,64218087184.0,689545.7708389258,690247.2941176471,689744.0,683944.0,694983.0,all valid TSETMC Bank Maskan mortgage-facility certificates traded that day,Derived from standardized TSETMC instrument-day observations
2021-10-19,1400/07/27,1400,7,27,17,2808.0,53362.0,36124016207.0,676961.437108804,678121.7058823529,676999.0,668950.0,687894.0,all valid TSETMC Bank Maskan mortgage-facility certificates traded that day,Derived from standardized TSETMC instrument-day observations
2021-10-20,1400/07/28,1400,7,28,17,386.0,18973.0,13159153721.0,693572.6411743003,700785.4117647059,705526.0,681659.0,715372.0,all valid TSETMC Bank Maskan mortgage-facility certificates traded that day,Derived from standardized TSETMC instrument-day observations
2021-10-23,1400/08/01,1400,8,1,17,763.0,69495.0,48378924606.0,696149.7173321822,704351.1764705882,700823.0,689180.0,731897.0,all valid TSETMC Bank Maskan mortgage-facility certificates traded that day,Derived from standardized TSETMC instrument-day observations
2021-10-25,1400/08/03,1400,8,3,17,2961.0,58159.0,39638878239.0,681560.5192489554,683559.9411764706,684075.0,671800.0,697391.0,all valid TSETMC Bank Maskan mortgage-facility certificates traded that day,Derived from standardized TSETMC instrument-day observations
2021-10-26,1400/08/04,1400,8,4,17,3119.0,57715.0,39834287541.0,690189.5095035953,690795.6470588235,690218.0,684041.0,701415.0,all valid TSETMC Bank Maskan mortgage-facility certificates traded that day,Derived from standardized TSETMC instrument-day observations
2021-10-27,1400/08/05,1400,8,5,17,3449.0,66516.0,45023157430.0,676877.1037043718,675300.8235294118,674444.0,665186.0,688282.0,all valid TSETMC Bank Maskan mortgage-facility certificates traded that day,Derived from standardized TSETMC instrument-day observations
2021-10-30,1400/08/08,1400,8,8,17,2587.0,58093.0,39726277658.0,683839.3207098962,685035.1764705882,684486.0,676149.0,695303.0,all valid TSETMC Bank Maskan mortgage-facility certificates traded that day,Derived from standardized TSETMC instrument-day observations
2021-10-31,1400/08/09,1400,8,9,17,1180.0,22833.0,15809247305.0,692385.9022029518,692594.8823529412,692348.0,684461.0,705405.0,all valid TSETMC Bank Maskan mortgage-facility certificates traded that day,Derived from standardized TSETMC instrument-day observations
2021-11-01,1400/08/10,1400,8,10,17,3246.0,87340.0,60972959541.0,698110.3679986261,699724.4705882353,699874.0,689220.0,711372.0,all valid TSETMC Bank Maskan mortgage-facility certificates traded that day,Derived from standardized TSETMC instrument-day observations
2021-11-02,1400/08/11,1400,8,11,17,4136.0,67341.0,47635279001.0,707374.09603362,707769.1176470588,706746.0,703853.0,714226.0,all valid TSETMC Bank Maskan mortgage-facility certificates traded that day,Derived from standardized TSETMC instrument-day observations
2021-11-03,1400/08/12,1400,8,12,17,3569.0,68118.0,48053327644.0,705442.4328958571,707019.9411764706,704351.0,701354.0,718253.0,all valid TSETMC Bank Maskan mortgage-facility certificates traded that day,Derived from standardized TSETMC instrument-day observations
2021-11-06,1400/08/15,1400,8,15,17,4778.0,94005.0,66603841378.0,708513.8171161108,710744.8823529412,709523.0,701334.0,721276.0,all valid TSETMC Bank Maskan mortgage-facility certificates traded that day,Derived from standardized TSETMC instrument-day observations
2021-11-07,1400/08/16,1400,8,16,16,4611.0,77929.0,56330857187.0,722848.4541954857,723997.0,723311.0,719635.0,728966.0,all valid TSETMC Bank Maskan mortgage-facility certificates traded that day,Derived from standardized TSETMC instrument-day observations
2021-11-08,1400/08/17,1400,8,17,16,4319.0,68815.0,51015568266.0,741343.7225314248,741579.3125,742648.5,734713.0,746622.0,all valid TSETMC Bank Maskan mortgage-facility certificates traded that day,Derived from standardized TSETMC instrument-day observations
2021-11-09,1400/08/18,1400,8,18,16,3689.0,59106.0,44083511460.0,745838.1798802152,746354.0,746064.0,743294.0,752626.0,all valid TSETMC Bank Maskan mortgage-facility certificates traded that day,Derived from standardized TSETMC instrument-day observations
2021-11-10,1400/08/19,1400,8,19,16,3540.0,71816.0,54587973329.0,760108.7964938176,761038.1875,760234.5,756161.0,768440.0,all valid TSETMC Bank Maskan mortgage-facility certificates traded that day,Derived from standardized TSETMC instrument-day observations
2021-11-13,1400/08/22,1400,8,22,16,4692.0,79814.0,62690350341.0,785455.5634475155,785516.5625,786487.0,781335.0,789252.0,all valid TSETMC Bank Maskan mortgage-facility certificates traded that day,Derived from standardized TSETMC instrument-day observations
2021-11-14,1400/08/23,1400,8,23,16,4548.0,85546.0,68892414938.0,805325.9642531504,806599.875,806058.0,802064.0,811952.0,all valid TSETMC Bank Maskan mortgage-facility certificates traded that day,Derived from standardized TSETMC instrument-day observations
2021-11-15,1400/08/24,1400,8,24,16,4097.0,82299.0,65163725609.0,791792.435011361,795189.625,791873.0,780094.0,816881.0,all valid TSETMC Bank Maskan mortgage-facility certificates traded that day,Derived from standardized TSETMC instrument-day observations
2021-11-16,1400/08/25,1400,8,25,16,3704.0,106680.0,85239134648.0,799017.0101987252,800859.5,799094.0,792050.0,820003.0,all valid TSETMC Bank Maskan mortgage-facility certificates traded that day,Derived from standardized TSETMC instrument-day observations
2021-11-17,1400/08/26,1400,8,26,16,3512.0,63793.0,51910265027.0,813729.7983634569,815816.625,814545.0,807383.0,829107.0,all valid TSETMC Bank Maskan mortgage-facility certificates traded that day,Derived from standardized TSETMC instrument-day observations
2021-11-20,1400/08/29,1400,8,29,16,3846.0,71165.0,58299802816.0,819220.16182112,819741.9375,819828.0,815808.0,823891.0,all valid TSETMC Bank Maskan mortgage-facility certificates traded that day,Derived from standardized TSETMC instrument-day observations
2021-11-21,1400/08/30,1400,8,30,16,2268.0,49201.0,40881148798.0,830900.770268897,832465.1875,831559.0,826332.0,843054.0,all valid TSETMC Bank Maskan mortgage-facility certificates traded that day,Derived from standardized TSETMC instrument-day observations
2021-11-22,1400/09/01,1400,9,1,16,4206.0,66035.0,54015703898.0,817985.975588703,819860.5,817703.5,811332.0,838340.0,all valid TSETMC Bank Maskan mortgage-facility certificates traded that day,Derived from standardized TSETMC instrument-day observations
2021-11-23,1400/09/02,1400,9,2,16,2469.0,38815.0,30899203636.0,796063.4712353472,797877.75,794108.0,788172.0,817703.0,all valid TSETMC Bank Maskan mortgage-facility certificates traded that day,Derived from standardized TSETMC instrument-day observations
2021-11-24,1400/09/03,1400,9,3,16,2559.0,51124.0,41019548278.0,802354.0465925984,804519.9375,801263.0,793911.0,824953.0,all valid TSETMC Bank Maskan mortgage-facility certificates traded that day,Derived from standardized TSETMC instrument-day observations
2021-11-27,1400/09/06,1400,9,6,16,3484.0,65834.0,54516492980.0,828090.241820336,829508.5625,827657.0,825038.0,840046.0,all valid TSETMC Bank Maskan mortgage-facility certificates traded that day,Derived from standardized TSETMC instrument-day observations
2021-11-28,1400/09/07,1400,9,7,16,4245.0,89482.0,75854044776.0,847701.7140430477,848505.25,848978.0,843524.0,852806.0,all valid TSETMC Bank Maskan mortgage-facility certificates traded that day,Derived from standardized TSETMC instrument-day observations
2021-11-29,1400/09/08,1400,9,8,16,3712.0,92171.0,77639761238.0,842344.7856484144,845355.3125,845151.5,828845.0,856361.0,all valid TSETMC Bank Maskan mortgage-facility certificates traded that day,Derived from standardized TSETMC instrument-day observations
2021-11-30,1400/09/09,1400,9,9,16,3145.0,65296.0,54140615215.0,829156.6897666013,829785.625,829457.0,824897.0,836678.0,all valid TSETMC Bank Maskan mortgage-facility certificates traded that day,Derived from standardized TSETMC instrument-day observations
2021-12-01,1400/09/10,1400,9,10,16,2550.0,54233.0,44637534306.0,823069.6127081297,823909.1875,823571.0,818730.0,831908.0,all valid TSETMC Bank Maskan mortgage-facility certificates traded that day,Derived from standardized TSETMC instrument-day observations
2021-12-04,1400/09/13,1400,9,13,16,2926.0,94455.0,77022765806.0,815444.0294955269,819316.5,819011.5,807472.0,837647.0,all valid TSETMC Bank Maskan mortgage-facility certificates traded that day,Derived from standardized TSETMC instrument-day observations
2021-12-05,1400/09/14,1400,9,14,16,2640.0,58014.0,48228186207.0,831319.788447616,832301.0,831028.0,822368.0,856174.0,all valid TSETMC Bank Maskan mortgage-facility certificates traded that day,Derived from standardized TSETMC instrument-day observations
2021-12-06,1400/09/15,1400,9,15,16,3610.0,60068.0,51243212448.0,853086.7091962443,854493.5,854566.5,842084.0,863571.0,all valid TSETMC Bank Maskan mortgage-facility certificates traded that day,Derived from standardized TSETMC instrument-day observations
2021-12-07,1400/09/16,1400,9,16,15,4288.0,62643.0,55592036547.0,887442.1171878742,888908.0666666667,889289.0,883071.0,894829.0,all valid TSETMC Bank Maskan mortgage-facility certificates traded that day,Derived from standardized TSETMC instrument-day observations
2021-12-08,1400/09/17,1400,9,17,15,3772.0,62669.0,58334291885.0,930831.7012398475,931286.3333333334,931018.0,924686.0,937125.0,all valid TSETMC Bank Maskan mortgage-facility certificates traded that day,Derived from standardized TSETMC instrument-day observations
2021-12-11,1400/09/20,1400,9,20,15,4173.0,73445.0,71606396091.0,974966.2480904078,975692.6666666666,976015.0,969252.0,979582.0,all valid TSETMC Bank Maskan mortgage-facility certificates traded that day,Derived from standardized TSETMC instrument-day observations
2021-12-12,1400/09/21,1400,9,21,15,3302.0,62081.0,63396118380.0,1021183.9110194745,1022102.7333333333,1021621.0,1013982.0,1027586.0,all valid TSETMC Bank Maskan mortgage-facility certificates traded that day,Derived from standardized TSETMC instrument-day observations
2021-12-13,1400/09/22,1400,9,22,15,3329.0,51848.0,55600187393.0,1072368.9899899706,1072976.7333333334,1072702.0,1064256.0,1078965.0,all valid TSETMC Bank Maskan mortgage-facility certificates traded that day,Derived from standardized TSETMC instrument-day observations
2021-12-14,1400/09/23,1400,9,23,15,3089.0,46375.0,52222387024.0,1126089.20806469,1126521.1333333333,1126322.0,1117459.0,1132913.0,all valid TSETMC Bank Maskan mortgage-facility certificates traded that day,Derived from standardized TSETMC instrument-day observations
2021-12-15,1400/09/24,1400,9,24,15,1973.0,47356.0,51871163320.0,1095345.116141566,1099201.5333333334,1103423.0,1071749.0,1132106.0,all valid TSETMC Bank Maskan mortgage-facility certificates traded that day,Derived from standardized TSETMC instrument-day observations
2021-12-18,1400/09/27,1400,9,27,15,1938.0,40393.0,41837362650.0,1035757.7463917015,1045662.0,1048254.0,1018162.0,1075501.0,all valid TSETMC Bank Maskan mortgage-facility certificates traded that day,Derived from standardized TSETMC instrument-day observations
2021-12-19,1400/09/28,1400,9,28,15,2560.0,51186.0,51115923877.0,998630.9513734224,1002321.3333333334,999196.0,967254.0,1042013.0,all valid TSETMC Bank Maskan mortgage-facility certificates traded that day,Derived from standardized TSETMC instrument-day observations
2021-12-20,1400/09/29,1400,9,29,14,2329.0,38304.0,36171172975.0,944318.425621345,951145.2142857143,950900.0,918892.0,973815.0,all valid TSETMC Bank Maskan mortgage-facility certificates traded that day,Derived from standardized TSETMC instrument-day observations
2021-12-21,1400/09/30,1400,9,30,15,3320.0,49065.0,44576697096.0,908523.328156527,916108.6666666666,909934.0,872948.0,989913.0,all valid TSETMC Bank Maskan mortgage-facility certificates traded that day,Derived from standardized TSETMC instrument-day observations
2021-12-22,1400/10/01,1400,10,1,15,2941.0,54805.0,47566531325.0,867923.2063680321,881641.7333333333,872359.0,843602.0,940418.0,all valid TSETMC Bank Maskan mortgage-facility certificates traded that day,Derived from standardized TSETMC instrument-day observations
2021-12-25,1400/10/04,1400,10,4,15,1873.0,31302.0,28023741049.0,895269.9843141013,899403.8,900303.0,868443.0,923741.0,all valid TSETMC Bank Maskan mortgage-facility certificates traded that day,Derived from standardized TSETMC instrument-day observations
2021-12-26,1400/10/05,1400,10,5,15,1389.0,26127.0,24510249307.0,938119.5432694148,941182.5333333333,944426.0,909742.0,957592.0,all valid TSETMC Bank Maskan mortgage-facility certificates traded that day,Derived from standardized TSETMC instrument-day observations
2021-12-27,1400/10/06,1400,10,6,15,1712.0,29302.0,28478330863.0,971890.3441062043,981951.6,985600.0,949035.0,1000581.0,all valid TSETMC Bank Maskan mortgage-facility certificates traded that day,Derived from standardized TSETMC instrument-day observations
2021-12-28,1400/10/07,1400,10,7,15,2531.0,42859.0,43408992581.0,1012832.6041438205,1018475.0666666667,1016122.0,992727.0,1050541.0,all valid TSETMC Bank Maskan mortgage-facility certificates traded that day,Derived from standardized TSETMC instrument-day observations
2021-12-29,1400/10/08,1400,10,8,15,996.0,17466.0,18345560420.0,1050358.434673079,1057104.6666666667,1055963.0,1028721.0,1074881.0,all valid TSETMC Bank Maskan mortgage-facility certificates traded that day,Derived from standardized TSETMC instrument-day observations
2022-01-01,1400/10/11,1400,10,11,15,1154.0,20504.0,21847835078.0,1065540.1423136948,1082331.6666666667,1080350.0,1029281.0,1115593.0,all valid TSETMC Bank Maskan mortgage-facility certificates traded that day,Derived from standardized TSETMC instrument-day observations
2022-01-02,1400/10/12,1400,10,12,15,2188.0,36468.0,37930308348.0,1040098.3971701218,1050165.2,1054552.0,997007.0,1068362.0,all valid TSETMC Bank Maskan mortgage-facility certificates traded that day,Derived from standardized TSETMC instrument-day observations
2022-01-03,1400/10/13,1400,10,13,15,3025.0,44871.0,44819863343.0,998860.3628847139,1006159.2,1007152.0,949040.0,1043455.0,all valid TSETMC Bank Maskan mortgage-facility certificates traded that day,Derived from standardized TSETMC instrument-day observations
2022-01-04,1400/10/14,1400,10,14,15,4380.0,63876.0,61995866635.0,970565.8875790595,984331.8666666667,985258.0,928747.0,1026198.0,all valid TSETMC Bank Maskan mortgage-facility certificates traded that day,Derived from standardized TSETMC instrument-day observations
2022-01-05,1400/10/15,1400,10,15,15,3676.0,49574.0,49696529705.0,1002471.6525799815,1009703.1333333333,1011647.0,960960.0,1033394.0,all valid TSETMC Bank Maskan mortgage-facility certificates traded that day,Derived from standardized TSETMC instrument-day observations
2022-01-08,1400/10/18,1400,10,18,14,2579.0,29543.0,31334642077.0,1060645.2315946247,1061610.142857143,1059722.5,1049078.0,1076711.0,all valid TSETMC Bank Maskan mortgage-facility certificates traded that day,Derived from standardized TSETMC instrument-day observations
2022-01-09,1400/10/19,1400,10,19,14,2550.0,30024.0,33369401962.0,1111424.2593258726,1113855.2857142857,1111954.5,1101531.0,1127925.0,all valid TSETMC Bank Maskan mortgage-facility certificates traded that day,Derived from standardized TSETMC instrument-day observations
2022-01-10,1400/10/20,1400,10,20,14,2674.0,60960.0,70765785627.0,1160856.0634350395,1162402.4285714286,1164242.5,1155273.0,1170257.0,all valid TSETMC Bank Maskan mortgage-facility certificates traded that day,Derived from standardized TSETMC instrument-day observations
2022-01-11,1400/10/21,1400,10,21,14,2154.0,33818.0,41145738853.0,1216681.61490922,1216975.9285714286,1218643.5,1204067.0,1225425.0,all valid TSETMC Bank Maskan mortgage-facility certificates traded that day,Derived from standardized TSETMC instrument-day observations
2022-01-12,1400/10/22,1400,10,22,14,3633.0,58928.0,74597486914.0,1265909.0231129513,1267433.857142857,1267357.0,1254465.0,1277034.0,all valid TSETMC Bank Maskan mortgage-facility certificates traded that day,Derived from standardized TSETMC instrument-day observations
2022-01-15,1400/10/25,1400,10,25,14,3130.0,40895.0,51181787410.0,1251541.4454089743,1252809.2142857143,1253632.0,1233695.0,1268308.0,all valid TSETMC Bank Maskan mortgage-facility certificates traded that day,Derived from standardized TSETMC instrument-day observations
2022-01-16,1400/10/26,1400,10,26,14,3490.0,53742.0,66076012559.0,1229504.1598563506,1230364.7857142857,1228853.0,1214384.0,1261261.0,all valid TSETMC Bank Maskan mortgage-facility certificates traded that day,Derived from standardized TSETMC instrument-day observations
2022-01-17,1400/10/27,1400,10,27,14,2908.0,46592.0,57380167912.0,1231545.4994848901,1233281.857142857,1230537.0,1219823.0,1263776.0,all valid TSETMC Bank Maskan mortgage-facility certificates traded that day,Derived from standardized TSETMC instrument-day observations
2022-01-18,1400/10/28,1400,10,28,14,2210.0,31255.0,38868708151.0,1243599.6848824187,1244560.0714285714,1241063.0,1235295.0,1265420.0,all valid TSETMC Bank Maskan mortgage-facility certificates traded that day,Derived from standardized TSETMC instrument-day observations
2022-01-19,1400/10/29,1400,10,29,14,2102.0,28716.0,35737258645.0,1244506.847924502,1245447.2857142857,1242016.5,1234222.0,1268127.0,all valid TSETMC Bank Maskan mortgage-facility certificates traded that day,Derived from standardized TSETMC instrument-day observations
2022-01-22,1400/11/02,1400,11,2,14,2329.0,31991.0,39275044088.0,1227690.4156794099,1228502.0714285714,1228679.0,1220276.0,1245591.0,all valid TSETMC Bank Maskan mortgage-facility certificates traded that day,Derived from standardized TSETMC instrument-day observations
2022-01-23,1400/11/03,1400,11,3,14,1183.0,16565.0,19497132466.0,1177007.694898883,1179075.642857143,1177452.5,1160978.0,1200844.0,all valid TSETMC Bank Maskan mortgage-facility certificates traded that day,Derived from standardized TSETMC instrument-day observations
2022-01-24,1400/11/04,1400,11,4,14,689.0,10745.0,12072509489.0,1123546.7183806421,1127083.857142857,1125234.5,1105444.0,1163454.0,all valid TSETMC Bank Maskan mortgage-facility certificates traded that day,Derived from standardized TSETMC instrument-day observations
2022-01-25,1400/11/05,1400,11,5,12,1167.0,16803.0,17948126895.0,1068150.1455097303,1067773.5833333333,1066116.5,1051057.0,1089132.0,all valid TSETMC Bank Maskan mortgage-facility certificates traded that day,Derived from standardized TSETMC instrument-day observations
2022-01-26,1400/11/06,1400,11,6,13,2004.0,23460.0,24848475871.0,1059184.8197357203,1060431.1538461538,1051478.0,1030643.0,1109440.0,all valid TSETMC Bank Maskan mortgage-facility certificates traded that day,Derived from standardized TSETMC instrument-day observations
2022-01-29,1400/11/09,1400,11,9,14,2248.0,25462.0,27856245818.0,1094032.1191579609,1100508.2142857143,1091357.5,1068854.0,1164912.0,all valid TSETMC Bank Maskan mortgage-facility certificates traded that day,Derived from standardized TSETMC instrument-day observations
2022-01-30,1400/11/10,1400,11,10,14,1155.0,11684.0,13463791672.0,1152327.2571037316,1151563.857142857,1140266.0,1117393.0,1223157.0,all valid TSETMC Bank Maskan mortgage-facility certificates traded that day,Derived from standardized TSETMC instrument-day observations
2022-01-31,1400/11/11,1400,11,11,14,1987.0,27917.0,32304693360.0,1157169.2287853279,1156249.142857143,1150058.5,1124758.0,1207901.0,all valid TSETMC Bank Maskan mortgage-facility certificates traded that day,Derived from standardized TSETMC instrument-day observations
2022-02-01,1400/11/12,1400,11,12,14,1700.0,25218.0,29839006345.0,1183242.38024427,1185738.5,1177665.5,1165234.0,1227706.0,all valid TSETMC Bank Maskan mortgage-facility certificates traded that day,Derived from standardized TSETMC instrument-day observations
2022-02-02,1400/11/13,1400,11,13,14,1767.0,25211.0,31015597796.0,1230240.6804966086,1232157.857142857,1228476.5,1217398.0,1252149.0,all valid TSETMC Bank Maskan mortgage-facility certificates traded that day,Derived from standardized TSETMC instrument-day observations
2022-02-05,1400/11/16,1400,11,16,13,3264.0,45972.0,58314032268.0,1268468.4648916733,1268154.4615384615,1268790.0,1261868.0,1275701.0,all valid TSETMC Bank Maskan mortgage-facility certificates traded that day,Derived from standardized TSETMC instrument-day observations
2022-02-06,1400/11/17,1400,11,17,13,3195.0,48091.0,63527211466.0,1320979.21577842,1321288.3846153845,1321247.0,1316847.0,1324780.0,all valid TSETMC Bank Maskan mortgage-facility certificates traded that day,Derived from standardized TSETMC instrument-day observations
2022-02-07,1400/11/18,1400,11,18,13,2576.0,45736.0,62720422531.0,1371357.8478878783,1370428.6153846155,1372491.0,1357459.0,1378734.0,all valid TSETMC Bank Maskan mortgage-facility certificates traded that day,Derived from standardized TSETMC instrument-day observations
2022-02-08,1400/11/19,1400,11,19,13,1954.0,28846.0,41423537407.0,1436023.6222353186,1434988.6923076923,1435388.0,1424455.0,1442551.0,all valid TSETMC Bank Maskan mortgage-facility certificates traded that day,Derived from standardized TSETMC instrument-day observations
2022-02-09,1400/11/20,1400,11,20,13,2327.0,41494.0,61014162478.0,1470433.3753795729,1468675.0,1465226.0,1457117.0,1487943.0,all valid TSETMC Bank Maskan mortgage-facility certificates traded that day,Derived from standardized TSETMC instrument-day observations
2022-02-12,1400/11/23,1400,11,23,13,2088.0,29712.0,42548333215.0,1432025.2159060312,1430016.3076923077,1432885.0,1404338.0,1442862.0,all valid TSETMC Bank Maskan mortgage-facility certificates traded that day,Derived from standardized TSETMC instrument-day observations
2022-02-13,1400/11/24,1400,11,24,13,1853.0,21345.0,31571543792.0,1479107.2284844227,1477482.6923076923,1478434.0,1460552.0,1491105.0,all valid TSETMC Bank Maskan mortgage-facility certificates traded that day,Derived from standardized TSETMC instrument-day observations
2022-02-14,1400/11/25,1400,11,25,13,1445.0,18199.0,28194439195.0,1549230.1332490796,1547351.5384615385,1547138.0,1533253.0,1560619.0,all valid TSETMC Bank Maskan mortgage-facility certificates traded that day,Derived from standardized TSETMC instrument-day observations
2022-02-16,1400/11/27,1400,11,27,13,1616.0,24186.0,39269511148.0,1623646.3717853304,1622114.7692307692,1622812.0,1609915.0,1637935.0,all valid TSETMC Bank Maskan mortgage-facility certificates traded that day,Derived from standardized TSETMC instrument-day observations
2022-02-19,1400/11/30,1400,11,30,13,2307.0,29093.0,49453639023.0,1699846.6649365828,1699183.8461538462,1695310.0,1687806.0,1713645.0,all valid TSETMC Bank Maskan mortgage-facility certificates traded that day,Derived from standardized TSETMC instrument-day observations
2022-02-20,1400/12/01,1400,12,1,13,2343.0,29956.0,52661076301.0,1757947.5330818533,1762172.4615384615,1754751.0,1738588.0,1798236.0,all valid TSETMC Bank Maskan mortgage-facility certificates traded that day,Derived from standardized TSETMC instrument-day observations
2022-02-21,1400/12/02,1400,12,2,13,304.0,4612.0,7790790019.0,1689243.282523851,1695850.6923076923,1680963.0,1652056.0,1851329.0,all valid TSETMC Bank Maskan mortgage-facility certificates traded that day,Derived from standardized TSETMC instrument-day observations
2022-02-22,1400/12/03,1400,12,3,10,169.0,2952.0,4672447205.0,1582807.3187669376,1617209.6,1590672.5,1569463.0,1758763.0,all valid TSETMC Bank Maskan mortgage-facility certificates traded that day,Derived from standardized TSETMC instrument-day observations
2022-02-23,1400/12/04,1400,12,4,9,286.0,4469.0,6725779771.0,1504985.4041172522,1521408.3333333333,1504481.0,1490990.0,1614987.0,all valid TSETMC Bank Maskan mortgage-facility certificates traded that day,Derived from standardized TSETMC instrument-day observations
2022-02-26,1400/12/07,1400,12,7,9,269.0,4262.0,6104858887.0,1432392.9814641015,1491382.0,1447713.0,1416654.0,1670825.0,all valid TSETMC Bank Maskan mortgage-facility certificates traded that day,Derived from standardized TSETMC instrument-day observations
2022-02-27,1400/12/08,1400,12,8,10,2007.0,33407.0,47704376139.0,1427975.4584069208,1446152.2,1453508.0,1346186.0,1587284.0,all valid TSETMC Bank Maskan mortgage-facility certificates traded that day,Derived from standardized TSETMC instrument-day observations
2022-02-28,1400/12/09,1400,12,9,13,2237.0,29095.0,43067510997.0,1480237.5321189207,1496811.6923076923,1525327.0,1378864.0,1596915.0,all valid TSETMC Bank Maskan mortgage-facility certificates traded that day,Derived from standardized TSETMC instrument-day observations
2022-03-02,1400/12/11,1400,12,11,13,1744.0,20474.0,30819496344.0,1505299.2255543617,1508956.6923076923,1479000.0,1405872.0,1660959.0,all valid TSETMC Bank Maskan mortgage-facility certificates traded that day,Derived from standardized TSETMC instrument-day observations
2022-03-05,1400/12/14,1400,12,14,13,1258.0,20279.0,28886586101.0,1424458.1143547513,1449251.7692307692,1417206.0,1369559.0,1601727.0,all valid TSETMC Bank Maskan mortgage-facility certificates traded that day,Derived from standardized TSETMC instrument-day observations
2022-03-06,1400/12/15,1400,12,15,13,818.0,13089.0,17296316237.0,1321439.0890824357,1379328.6153846155,1346346.0,1310801.0,1521641.0,all valid TSETMC Bank Maskan mortgage-facility certificates traded that day,Derived from standardized TSETMC instrument-day observations
2022-03-07,1400/12/16,1400,12,16,11,951.0,12854.0,16171252473.0,1258071.6098490742,1314608.0909090908,1268534.0,1248094.0,1445559.0,all valid TSETMC Bank Maskan mortgage-facility certificates traded that day,Derived from standardized TSETMC instrument-day observations
2022-03-08,1400/12/17,1400,12,17,11,919.0,11824.0,14393515424.0,1217313.550744249,1256928.4545454546,1215524.0,1196178.0,1373282.0,all valid TSETMC Bank Maskan mortgage-facility certificates traded that day,Derived from standardized TSETMC instrument-day observations
2022-03-09,1400/12/18,1400,12,18,12,1385.0,18487.0,22311432145.0,1206871.4310055715,1216970.5833333333,1180148.5,1163340.0,1307524.0,all valid TSETMC Bank Maskan mortgage-facility certificates traded that day,Derived from standardized TSETMC instrument-day observations
2022-03-12,1400/12/21,1400,12,21,12,1723.0,20121.0,23702401423.0,1177993.2122160927,1172590.5,1148403.0,1123496.0,1246974.0,all valid TSETMC Bank Maskan mortgage-facility certificates traded that day,Derived from standardized TSETMC instrument-day observations
2022-03-13,1400/12/22,1400,12,22,12,1660.0,21867.0,25271359166.0,1155684.7837380527,1147600.75,1137679.0,1106869.0,1197486.0,all valid TSETMC Bank Maskan mortgage-facility certificates traded that day,Derived from standardized TSETMC instrument-day observations
2022-03-14,1400/12/23,1400,12,23,12,1322.0,19608.0,21808560209.0,1112227.6728376173,1108706.8333333333,1104849.0,1080688.0,1148673.0,all valid TSETMC Bank Maskan mortgage-facility certificates traded that day,Derived from standardized TSETMC instrument-day observations
2022-03-15,1400/12/24,1400,12,24,12,683.0,13856.0,14692056220.0,1060338.9304272516,1058643.0,1051383.5,1026654.0,1094469.0,all valid TSETMC Bank Maskan mortgage-facility certificates traded that day,Derived from standardized TSETMC instrument-day observations
2022-03-16,1400/12/25,1400,12,25,12,1632.0,25995.0,27679385575.0,1064796.521446432,1075651.25,1072355.0,1002177.0,1123552.0,all valid TSETMC Bank Maskan mortgage-facility certificates traded that day,Derived from standardized TSETMC instrument-day observations
2022-03-19,1400/12/28,1400,12,28,12,1102.0,13354.0,14596323137.0,1093030.0387149916,1099907.5,1095564.5,1030372.0,1170347.0,all valid TSETMC Bank Maskan mortgage-facility certificates traded that day,Derived from standardized TSETMC instrument-day observations
2022-03-26,1401/01/06,1401,1,6,12,681.0,10807.0,11789690917.0,1090930.9629869529,1093112.1666666667,1086204.5,1016801.0,1169126.0,all valid TSETMC Bank Maskan mortgage-facility certificates traded that day,Derived from standardized TSETMC instrument-day observations
2022-03-27,1401/01/07,1401,1,7,12,799.0,9606.0,10307046986.0,1072980.115136373,1073453.1666666667,1060986.5,1038740.0,1150736.0,all valid TSETMC Bank Maskan mortgage-facility certificates traded that day,Derived from standardized TSETMC instrument-day observations
2022-03-28,1401/01/08,1401,1,8,12,799.0,9606.0,10307046986.0,1072980.115136373,1073453.1666666667,1060986.5,1038740.0,1150736.0,all valid TSETMC Bank Maskan mortgage-facility certificates traded that day,Derived from standardized TSETMC instrument-day observations
2022-03-29,1401/01/09,1401,1,9,12,1095.0,14244.0,14872366654.0,1044114.4800617804,1044533.0833333334,1044488.5,988069.0,1093413.0,all valid TSETMC Bank Maskan mortgage-facility certificates traded that day,Derived from standardized TSETMC instrument-day observations
2022-03-30,1401/01/10,1401,1,10,12,867.0,11846.0,12036922363.0,1016117.0321627554,1016756.75,1022785.0,954419.0,1064524.0,all valid TSETMC Bank Maskan mortgage-facility certificates traded that day,Derived from standardized TSETMC instrument-day observations
2022-04-03,1401/01/14,1401,1,14,12,765.0,9150.0,8874390586.0,969878.752568306,970635.0,978793.0,913472.0,1011309.0,all valid TSETMC Bank Maskan mortgage-facility certificates traded that day,Derived from standardized TSETMC instrument-day observations
2022-04-04,1401/01/15,1401,1,15,12,904.0,11271.0,10291579308.0,913102.5914293319,924883.25,930932.0,867799.0,960744.0,all valid TSETMC Bank Maskan mortgage-facility certificates traded that day,Derived from standardized TSETMC instrument-day observations
2022-04-05,1401/01/16,1401,1,16,10,582.0,7392.0,6500495953.0,879396.0975378788,883350.9,884386.0,862563.0,912707.0,all valid TSETMC Bank Maskan mortgage-facility certificates traded that day,Derived from standardized TSETMC instrument-day observations
2022-04-06,1401/01/17,1401,1,17,11,722.0,9646.0,8189453212.0,848999.918308107,848797.5454545454,846905.0,819435.0,886281.0,all valid TSETMC Bank Maskan mortgage-facility certificates traded that day,Derived from standardized TSETMC instrument-day observations
2022-04-09,1401/01/20,1401,1,20,10,712.0,9590.0,7672544769.0,800056.8059436913,804336.4,804177.0,778464.0,823719.0,all valid TSETMC Bank Maskan mortgage-facility certificates traded that day,Derived from standardized TSETMC instrument-day observations
2022-04-10,1401/01/21,1401,1,21,10,686.0,10585.0,8053873633.0,760876.1108171941,766671.0,768692.5,739541.0,782534.0,all valid TSETMC Bank Maskan mortgage-facility certificates traded that day,Derived from standardized TSETMC instrument-day observations
2022-04-11,1401/01/22,1401,1,22,10,1082.0,16335.0,11893493515.0,728098.7765534129,732205.0,730921.5,702564.0,748609.0,all valid TSETMC Bank Maskan mortgage-facility certificates traded that day,Derived from standardized TSETMC instrument-day observations
2022-04-12,1401/01/23,1401,1,23,11,1380.0,18548.0,13426603529.0,723884.1669721802,744421.1818181818,720130.0,698149.0,841967.0,all valid TSETMC Bank Maskan mortgage-facility certificates traded that day,Derived from standardized TSETMC instrument-day observations
2022-04-13,1401/01/24,1401,1,24,11,905.0,12572.0,9597503990.0,763403.1172446707,773190.2727272727,754297.0,729373.0,818217.0,all valid TSETMC Bank Maskan mortgage-facility certificates traded that day,Derived from standardized TSETMC instrument-day observations
2022-04-16,1401/01/27,1401,1,27,11,912.0,11045.0,8974357449.0,812526.7043005885,811849.1818181818,792011.0,765841.0,859127.0,all valid TSETMC Bank Maskan mortgage-facility certificates traded that day,Derived from standardized TSETMC instrument-day observations
2022-04-17,1401/01/28,1401,1,28,11,757.0,7498.0,6293739599.0,839389.1169645239,852441.1818181818,831611.0,804133.0,902083.0,all valid TSETMC Bank Maskan mortgage-facility certificates traded that day,Derived from standardized TSETMC instrument-day observations
2022-04-18,1401/01/29,1401,1,29,11,714.0,8439.0,7464507381.0,884525.1073586917,894939.6363636364,873191.0,844339.0,947187.0,all valid TSETMC Bank Maskan mortgage-facility certificates traded that day,Derived from standardized TSETMC instrument-day observations
2022-04-19,1401/01/30,1401,1,30,11,1061.0,24991.0,23136715927.0,925801.9257732783,939558.5454545454,916850.0,886555.0,994546.0,all valid TSETMC Bank Maskan mortgage-facility certificates traded that day,Derived from standardized TSETMC instrument-day observations
2022-04-20,1401/01/31,1401,1,31,11,1136.0,33564.0,32969918261.0,982300.0316112501,986066.2727272727,962692.0,930882.0,1044048.0,all valid TSETMC Bank Maskan mortgage-facility certificates traded that day,Derived from standardized TSETMC instrument-day observations
2022-04-24,1401/02/04,1401,2,4,11,1764.0,34210.0,34946903015.0,1021540.5733703595,1027480.4545454546,1010826.0,976938.0,1086405.0,all valid TSETMC Bank Maskan mortgage-facility certificates traded that day,Derived from standardized TSETMC instrument-day observations
2022-04-25,1401/02/05,1401,2,5,11,1184.0,23721.0,24116662498.0,1016679.840563214,1013963.4545454546,1005957.0,969435.0,1097182.0,all valid TSETMC Bank Maskan mortgage-facility certificates traded that day,Derived from standardized TSETMC instrument-day observations
2022-04-26,1401/02/06,1401,2,6,11,798.0,17437.0,16720116386.0,958887.2160348684,971048.7272727273,967534.0,923109.0,1043909.0,all valid TSETMC Bank Maskan mortgage-facility certificates traded that day,Derived from standardized TSETMC instrument-day observations
2022-04-27,1401/02/07,1401,2,7,11,1337.0,21080.0,20395827487.0,967543.9984345351,975931.3636363636,958610.0,925711.0,1071328.0,all valid TSETMC Bank Maskan mortgage-facility certificates traded that day,Derived from standardized TSETMC instrument-day observations
2022-04-30,1401/02/10,1401,2,10,11,1298.0,18467.0,18088169176.0,979486.0657388855,1006198.2727272727,974308.0,948025.0,1124894.0,all valid TSETMC Bank Maskan mortgage-facility certificates traded that day,Derived from standardized TSETMC instrument-day observations
2022-05-01,1401/02/11,1401,2,11,11,1123.0,15282.0,15588829446.0,1020077.833137024,1048631.7272727273,1011932.0,979709.0,1181138.0,all valid TSETMC Bank Maskan mortgage-facility certificates traded that day,Derived from standardized TSETMC instrument-day observations
2022-05-02,1401/02/12,1401,2,12,11,989.0,17106.0,17729578896.0,1036453.8112942827,1089410.5454545454,1054118.0,968311.0,1240194.0,all valid TSETMC Bank Maskan mortgage-facility certificates traded that day,Derived from standardized TSETMC instrument-day observations
2022-05-07,1401/02/17,1401,2,17,10,1936.0,25673.0,29367524211.0,1143906.9922097144,1110880.7,1062980.5,1034932.0,1224712.0,all valid TSETMC Bank Maskan mortgage-facility certificates traded that day,Derived from standardized TSETMC instrument-day observations
2022-05-08,1401/02/18,1401,2,18,10,1747.0,22381.0,24815944550.0,1108795.1633081632,1105156.5,1083468.0,1061660.0,1165065.0,all valid TSETMC Bank Maskan mortgage-facility certificates traded that day,Derived from standardized TSETMC instrument-day observations
2022-05-09,1401/02/19,1401,2,19,10,1109.0,15290.0,17909728880.0,1171336.094179202,1156690.3,1133776.5,1111622.0,1220176.0,all valid TSETMC Bank Maskan mortgage-facility certificates traded that day,Derived from standardized TSETMC instrument-day observations
2022-05-10,1401/02/20,1401,2,20,10,913.0,10268.0,12501828081.0,1217552.4036813402,1214361.5,1190465.0,1167203.0,1281184.0,all valid TSETMC Bank Maskan mortgage-facility certificates traded that day,Derived from standardized TSETMC instrument-day observations
2022-05-11,1401/02/21,1401,2,21,10,1223.0,23186.0,30078719712.0,1297279.3803157078,1272710.8,1249985.5,1225563.0,1333953.0,all valid TSETMC Bank Maskan mortgage-facility certificates traded that day,Derived from standardized TSETMC instrument-day observations
2022-05-14,1401/02/24,1401,2,24,10,1231.0,16249.0,21684329897.0,1334502.4245799743,1336252.7,1312484.5,1286841.0,1400650.0,all valid TSETMC Bank Maskan mortgage-facility certificates traded that day,Derived from standardized TSETMC instrument-day observations
2022-05-15,1401/02/25,1401,2,25,10,934.0,13507.0,18818723918.0,1393257.1198637744,1403064.8,1378108.0,1351183.0,1470682.0,all valid TSETMC Bank Maskan mortgage-facility certificates traded that day,Derived from standardized TSETMC instrument-day observations
2022-05-16,1401/02/26,1401,2,26,10,1352.0,28294.0,41978929452.0,1483668.956386513,1465226.2,1446664.5,1418742.0,1532084.0,all valid TSETMC Bank Maskan mortgage-facility certificates traded that day,Derived from standardized TSETMC instrument-day observations
2022-05-17,1401/02/27,1401,2,27,10,847.0,26694.0,38497743687.0,1442187.1464374017,1448495.2,1448145.0,1404776.0,1483952.0,all valid TSETMC Bank Maskan mortgage-facility certificates traded that day,Derived from standardized TSETMC instrument-day observations
2022-05-18,1401/02/28,1401,2,28,10,478.0,8546.0,11597314710.0,1357045.952492394,1377890.7,1375976.0,1337156.0,1409755.0,all valid TSETMC Bank Maskan mortgage-facility certificates traded that day,Derived from standardized TSETMC instrument-day observations
2022-05-21,1401/02/31,1401,2,31,10,665.0,10199.0,13197644357.0,1294013.5657417395,1310715.8,1307178.5,1280714.0,1339268.0,all valid TSETMC Bank Maskan mortgage-facility certificates traded that day,Derived from standardized TSETMC instrument-day observations
2022-05-22,1401/03/01,1401,3,1,10,870.0,14842.0,18572415529.0,1251341.8359385529,1250724.4,1246472.5,1234410.0,1272305.0,all valid TSETMC Bank Maskan mortgage-facility certificates traded that day,Derived from standardized TSETMC instrument-day observations
2022-05-23,1401/03/02,1401,3,2,10,2867.0,38065.0,46178739404.0,1213154.8510179955,1203707.5,1199376.0,1179746.0,1241962.0,all valid TSETMC Bank Maskan mortgage-facility certificates traded that day,Derived from standardized TSETMC instrument-day observations
2022-05-24,1401/03/03,1401,3,3,10,4601.0,55091.0,66210108449.0,1201831.6684939463,1211076.5,1182800.5,1148166.0,1300768.0,all valid TSETMC Bank Maskan mortgage-facility certificates traded that day,Derived from standardized TSETMC instrument-day observations
2022-05-25,1401/03/04,1401,3,4,10,2911.0,29999.0,36176839983.0,1205934.8639287977,1212629.6,1176051.5,1145690.0,1309059.0,all valid TSETMC Bank Maskan mortgage-facility certificates traded that day,Derived from standardized TSETMC instrument-day observations
2022-05-28,1401/03/07,1401,3,7,10,2829.0,28633.0,35175917020.0,1228509.657388328,1222558.2,1190228.5,1170946.0,1311268.0,all valid TSETMC Bank Maskan mortgage-facility certificates traded that day,Derived from standardized TSETMC instrument-day observations
2022-05-29,1401/03/08,1401,3,8,10,1688.0,18393.0,23615612749.0,1283945.6722122547,1269587.3,1229822.5,1206854.0,1365089.0,all valid TSETMC Bank Maskan mortgage-facility certificates traded that day,Derived from standardized TSETMC instrument-day observations
2022-05-30,1401/03/09,1401,3,9,10,1735.0,20571.0,27379732823.0,1330986.9633464585,1332773.2,1291313.0,1267196.0,1433343.0,all valid TSETMC Bank Maskan mortgage-facility certificates traded that day,Derived from standardized TSETMC instrument-day observations
2022-05-31,1401/03/10,1401,3,10,10,2077.0,43652.0,59378132651.0,1360261.4462338495,1368788.7,1340473.0,1305604.0,1454892.0,all valid TSETMC Bank Maskan mortgage-facility certificates traded that day,Derived from standardized TSETMC instrument-day observations
2022-06-01,1401/03/11,1401,3,11,10,1588.0,29061.0,38139201302.0,1312384.3399057155,1324076.3,1314854.5,1264142.0,1383481.0,all valid TSETMC Bank Maskan mortgage-facility certificates traded that day,Derived from standardized TSETMC instrument-day observations
2022-06-06,1401/03/16,1401,3,16,9,361.0,13664.0,19183003071.0,1403908.3043764636,1393130.111111111,1380064.0,1355212.0,1451177.0,all valid TSETMC Bank Maskan mortgage-facility certificates traded that day,Derived from standardized TSETMC instrument-day observations
2022-06-07,1401/03/17,1401,3,17,9,2424.0,41537.0,57205347849.0,1377214.239088042,1375298.5555555555,1377793.0,1356880.0,1387818.0,all valid TSETMC Bank Maskan mortgage-facility certificates traded that day,Derived from standardized TSETMC instrument-day observations
2022-06-08,1401/03/18,1401,3,18,9,1439.0,25105.0,34364394838.0,1368826.7212905795,1368114.3333333333,1366897.0,1351098.0,1389917.0,all valid TSETMC Bank Maskan mortgage-facility certificates traded that day,Derived from standardized TSETMC instrument-day observations
2022-06-11,1401/03/21,1401,3,21,9,1555.0,27888.0,38088686556.0,1365773.3274526678,1366030.3333333333,1361623.0,1354090.0,1380094.0,all valid TSETMC Bank Maskan mortgage-facility certificates traded that day,Derived from standardized TSETMC instrument-day observations
2022-06-12,1401/03/22,1401,3,22,9,1289.0,26708.0,36327360005.0,1360167.7401902052,1357968.7777777778,1361581.0,1344864.0,1369014.0,all valid TSETMC Bank Maskan mortgage-facility certificates traded that day,Derived from standardized TSETMC instrument-day observations
2022-06-13,1401/03/23,1401,3,23,9,1060.0,22279.0,30462113706.0,1367301.6610260783,1367271.2222222222,1368945.0,1348279.0,1379511.0,all valid TSETMC Bank Maskan mortgage-facility certificates traded that day,Derived from standardized TSETMC instrument-day observations
2022-06-14,1401/03/24,1401,3,24,9,1071.0,20509.0,28548901538.0,1392018.2133697402,1391129.3333333333,1392967.0,1381856.0,1397270.0,all valid TSETMC Bank Maskan mortgage-facility certificates traded that day,Derived from standardized TSETMC instrument-day observations
2022-06-15,1401/03/25,1401,3,25,9,1118.0,24273.0,33747755371.0,1390341.3410373665,1390218.4444444445,1390447.0,1376363.0,1405500.0,all valid TSETMC Bank Maskan mortgage-facility certificates traded that day,Derived from standardized TSETMC instrument-day observations
2022-06-18,1401/03/28,1401,3,28,9,1004.0,19205.0,26522417151.0,1381016.2536318668,1380606.5555555555,1380987.0,1372051.0,1389086.0,all valid TSETMC Bank Maskan mortgage-facility certificates traded that day,Derived from standardized TSETMC instrument-day observations
2022-06-19,1401/03/29,1401,3,29,9,1022.0,22968.0,31840506438.0,1386298.6084117033,1388338.111111111,1387562.0,1375047.0,1397752.0,all valid TSETMC Bank Maskan mortgage-facility certificates traded that day,Derived from standardized TSETMC instrument-day observations
2022-06-20,1401/03/30,1401,3,30,9,776.0,13188.0,17785632850.0,1348622.4484379739,1347610.888888889,1345732.0,1325148.0,1389973.0,all valid TSETMC Bank Maskan mortgage-facility certificates traded that day,Derived from standardized TSETMC instrument-day observations
2022-06-21,1401/03/31,1401,3,31,9,581.0,8300.0,10623526670.0,1279942.9722891566,1287425.888888889,1285006.0,1262099.0,1325525.0,all valid TSETMC Bank Maskan mortgage-facility certificates traded that day,Derived from standardized TSETMC instrument-day observations
2022-06-22,1401/04/01,1401,4,1,9,716.0,8373.0,10905871087.0,1302504.6085035233,1290619.2222222222,1287898.0,1234853.0,1362145.0,all valid TSETMC Bank Maskan mortgage-facility certificates traded that day,Derived from standardized TSETMC instrument-day observations
2022-06-25,1401/04/04,1401,4,4,9,871.0,10843.0,14680921865.0,1353953.8748501337,1339627.6666666667,1344843.0,1278252.0,1420292.0,all valid TSETMC Bank Maskan mortgage-facility certificates traded that day,Derived from standardized TSETMC instrument-day observations
2022-06-26,1401/04/05,1401,4,5,9,501.0,7929.0,11339101462.0,1430079.6395510153,1402791.4444444445,1410272.0,1338262.0,1481356.0,all valid TSETMC Bank Maskan mortgage-facility certificates traded that day,Derived from standardized TSETMC instrument-day observations
2022-06-27,1401/04/06,1401,4,6,9,776.0,15053.0,21876701396.0,1453311.7249717664,1446547.4444444445,1439224.0,1396794.0,1505236.0,all valid TSETMC Bank Maskan mortgage-facility certificates traded that day,Derived from standardized TSETMC instrument-day observations
2022-06-28,1401/04/07,1401,4,7,9,899.0,20359.0,28906307354.0,1419829.4294415247,1422422.7777777778,1429729.0,1386518.0,1456836.0,all valid TSETMC Bank Maskan mortgage-facility certificates traded that day,Derived from standardized TSETMC instrument-day observations
2022-06-29,1401/04/08,1401,4,8,9,834.0,10169.0,14227000558.0,1399056.00924378,1400692.3333333333,1393810.0,1384926.0,1423891.0,all valid TSETMC Bank Maskan mortgage-facility certificates traded that day,Derived from standardized TSETMC instrument-day observations
2022-07-02,1401/04/11,1401,4,11,9,1008.0,12034.0,16527896894.0,1373433.3466843942,1374737.4444444445,1372745.0,1364759.0,1388500.0,all valid TSETMC Bank Maskan mortgage-facility certificates traded that day,Derived from standardized TSETMC instrument-day observations
2022-07-03,1401/04/12,1401,4,12,9,932.0,12917.0,17899180874.0,1385707.275218704,1385088.3333333333,1378472.0,1374032.0,1404177.0,all valid TSETMC Bank Maskan mortgage-facility certificates traded that day,Derived from standardized TSETMC instrument-day observations
2022-07-04,1401/04/13,1401,4,13,9,772.0,11638.0,16142196794.0,1387024.986595635,1386442.111111111,1383233.0,1374542.0,1415297.0,all valid TSETMC Bank Maskan mortgage-facility certificates traded that day,Derived from standardized TSETMC instrument-day observations
2022-07-05,1401/04/14,1401,4,14,9,843.0,13173.0,18347762638.0,1392830.9905108935,1396178.4444444445,1397844.0,1365267.0,1418410.0,all valid TSETMC Bank Maskan mortgage-facility certificates traded that day,Derived from standardized TSETMC instrument-day observations
2022-07-06,1401/04/15,1401,4,15,9,1301.0,14581.0,20150647456.0,1381979.7994650572,1380855.7777777778,1384283.0,1360339.0,1392643.0,all valid TSETMC Bank Maskan mortgage-facility certificates traded that day,Derived from standardized TSETMC instrument-day observations
2022-07-09,1401/04/18,1401,4,18,8,1125.0,15661.0,21749456612.0,1388765.5074388608,1386719.375,1387435.0,1375487.0,1398551.0,all valid TSETMC Bank Maskan mortgage-facility certificates traded that day,Derived from standardized TSETMC instrument-day observations
2022-07-11,1401/04/20,1401,4,20,8,775.0,10680.0,15016398463.0,1406029.8186329587,1404778.5,1405324.0,1397144.0,1412894.0,all valid TSETMC Bank Maskan mortgage-facility certificates traded that day,Derived from standardized TSETMC instrument-day observations
2022-07-12,1401/04/21,1401,4,21,8,691.0,9261.0,13082574350.0,1412652.4511391858,1410303.125,1410080.5,1393360.0,1420482.0,all valid TSETMC Bank Maskan mortgage-facility certificates traded that day,Derived from standardized TSETMC instrument-day observations
2022-07-13,1401/04/22,1401,4,22,8,912.0,16923.0,23830371564.0,1408164.7204396385,1404707.5,1404817.5,1396655.0,1416006.0,all valid TSETMC Bank Maskan mortgage-facility certificates traded that day,Derived from standardized TSETMC instrument-day observations
2022-07-16,1401/04/25,1401,4,25,8,886.0,14916.0,20834017232.0,1396756.3175113972,1397002.375,1397196.5,1386136.0,1413559.0,all valid TSETMC Bank Maskan mortgage-facility certificates traded that day,Derived from standardized TSETMC instrument-day observations
2022-07-17,1401/04/26,1401,4,26,8,743.0,15855.0,22189677379.0,1399538.1506780195,1397278.5,1397973.0,1388708.0,1407074.0,all valid TSETMC Bank Maskan mortgage-facility certificates traded that day,Derived from standardized TSETMC instrument-day observations
2022-07-19,1401/04/28,1401,4,28,8,627.0,13926.0,19507373653.0,1400787.9974867154,1397558.625,1396107.0,1389858.0,1403907.0,all valid TSETMC Bank Maskan mortgage-facility certificates traded that day,Derived from standardized TSETMC instrument-day observations
2022-07-20,1401/04/29,1401,4,29,8,611.0,12016.0,16819795201.0,1399783.2224533954,1396517.25,1397502.5,1386621.0,1403873.0,all valid TSETMC Bank Maskan mortgage-facility certificates traded that day,Derived from standardized TSETMC instrument-day observations
2022-07-23,1401/05/01,1401,5,1,8,565.0,9616.0,13136170765.0,1366074.3308028285,1361911.25,1363507.0,1344569.0,1389707.0,all valid TSETMC Bank Maskan mortgage-facility certificates traded that day,Derived from standardized TSETMC instrument-day observations
2022-07-24,1401/05/02,1401,5,2,8,711.0,7064.0,9592130467.0,1357889.3639580973,1346361.75,1347627.5,1314412.0,1378915.0,all valid TSETMC Bank Maskan mortgage-facility certificates traded that day,Derived from standardized TSETMC instrument-day observations
2022-07-25,1401/05/03,1401,5,3,8,590.0,7945.0,10953065755.0,1378611.1711768408,1369991.125,1375184.0,1332047.0,1397839.0,all valid TSETMC Bank Maskan mortgage-facility certificates traded that day,Derived from standardized TSETMC instrument-day observations
2022-07-26,1401/05/04,1401,5,4,8,592.0,8694.0,12085651298.0,1390114.0209339776,1391236.625,1391457.5,1382697.0,1400203.0,all valid TSETMC Bank Maskan mortgage-facility certificates traded that day,Derived from standardized TSETMC instrument-day observations
2022-07-27,1401/05/05,1401,5,5,8,299.0,5279.0,7379993190.0,1397990.7539306686,1395599.75,1396271.5,1379651.0,1405843.0,all valid TSETMC Bank Maskan mortgage-facility certificates traded that day,Derived from standardized TSETMC instrument-day observations
2022-07-30,1401/05/08,1401,5,8,8,862.0,12993.0,17878728762.0,1376027.765873932,1374270.875,1376952.5,1360463.0,1383241.0,all valid TSETMC Bank Maskan mortgage-facility certificates traded that day,Derived from standardized TSETMC instrument-day observations
2022-07-31,1401/05/09,1401,5,9,8,730.0,9609.0,13213881109.0,1375156.739410969,1372468.75,1372000.0,1362171.0,1385688.0,all valid TSETMC Bank Maskan mortgage-facility certificates traded that day,Derived from standardized TSETMC instrument-day observations
2022-08-01,1401/05/10,1401,5,10,8,626.0,8617.0,11601488413.0,1346348.8932343044,1341189.0,1345247.5,1323890.0,1359593.0,all valid TSETMC Bank Maskan mortgage-facility certificates traded that day,Derived from standardized TSETMC instrument-day observations
2022-08-02,1401/05/11,1401,5,11,8,504.0,8643.0,11300664154.0,1307493.2493347218,1308472.25,1312783.0,1264723.0,1340587.0,all valid TSETMC Bank Maskan mortgage-facility certificates traded that day,Derived from standardized TSETMC instrument-day observations
2022-08-03,1401/05/12,1401,5,12,8,128.0,3972.0,5316133346.0,1338402.1515609266,1341150.5,1342423.0,1302436.0,1371694.0,all valid TSETMC Bank Maskan mortgage-facility certificates traded that day,Derived from standardized TSETMC instrument-day observations
2022-08-06,1401/05/15,1401,5,15,8,1001.0,12455.0,16657284005.0,1337397.3508631072,1340456.875,1342742.5,1315193.0,1361760.0,all valid TSETMC Bank Maskan mortgage-facility certificates traded that day,Derived from standardized TSETMC instrument-day observations
2022-08-09,1401/05/18,1401,5,18,7,561.0,7991.0,10776221396.0,1348544.787385809,1343382.142857143,1347541.0,1319042.0,1366328.0,all valid TSETMC Bank Maskan mortgage-facility certificates traded that day,Derived from standardized TSETMC instrument-day observations
2022-08-10,1401/05/19,1401,5,19,7,694.0,7238.0,9565795717.0,1321607.5873169384,1317754.142857143,1323550.0,1289678.0,1333105.0,all valid TSETMC Bank Maskan mortgage-facility certificates traded that day,Derived from standardized TSETMC instrument-day observations
2022-08-13,1401/05/22,1401,5,22,7,703.0,10338.0,13329502263.0,1289369.5359837492,1286220.0,1285936.0,1265734.0,1299985.0,all valid TSETMC Bank Maskan mortgage-facility certificates traded that day,Derived from standardized TSETMC instrument-day observations
2022-08-14,1401/05/23,1401,5,23,7,584.0,9082.0,11784895606.0,1297610.1746311386,1297359.142857143,1296784.0,1288876.0,1304530.0,all valid TSETMC Bank Maskan mortgage-facility certificates traded that day,Derived from standardized TSETMC instrument-day observations
2022-08-15,1401/05/24,1401,5,24,7,441.0,8237.0,10726948379.0,1302288.2577394682,1300583.142857143,1301819.0,1288019.0,1310511.0,all valid TSETMC Bank Maskan mortgage-facility certificates traded that day,Derived from standardized TSETMC instrument-day observations
2022-08-16,1401/05/25,1401,5,25,7,527.0,8867.0,11540128150.0,1301469.2849892862,1301394.857142857,1299855.0,1296443.0,1315057.0,all valid TSETMC Bank Maskan mortgage-facility certificates traded that day,Derived from standardized TSETMC instrument-day observations
2022-08-17,1401/05/26,1401,5,26,7,1817.0,19287.0,25043141705.0,1298446.7104785608,1302288.4285714286,1303251.0,1289588.0,1313420.0,all valid TSETMC Bank Maskan mortgage-facility certificates traded that day,Derived from standardized TSETMC instrument-day observations
2022-08-20,1401/05/29,1401,5,29,7,2519.0,21710.0,26886315074.0,1238429.9895900507,1243849.857142857,1244635.0,1231249.0,1265306.0,all valid TSETMC Bank Maskan mortgage-facility certificates traded that day,Derived from standardized TSETMC instrument-day observations
2022-08-21,1401/05/30,1401,5,30,7,1703.0,16576.0,19491356545.0,1175878.169944498,1183867.5714285714,1184238.0,1170086.0,1202848.0,all valid TSETMC Bank Maskan mortgage-facility certificates traded that day,Derived from standardized TSETMC instrument-day observations
2022-08-22,1401/05/31,1401,5,31,7,1698.0,18425.0,22577599170.0,1225378.516689281,1228872.142857143,1229761.0,1211666.0,1246597.0,all valid TSETMC Bank Maskan mortgage-facility certificates traded that day,Derived from standardized TSETMC instrument-day observations
2022-08-23,1401/06/01,1401,6,1,7,1378.0,13545.0,15868044125.0,1171505.657069029,1172374.2857142857,1176410.0,1158080.0,1188095.0,all valid TSETMC Bank Maskan mortgage-facility certificates traded that day,Derived from standardized TSETMC instrument-day observations
2022-08-24,1401/06/02,1401,6,2,7,1385.0,15109.0,17475839812.0,1156650.9902706996,1158067.5714285714,1151752.0,1149715.0,1173218.0,all valid TSETMC Bank Maskan mortgage-facility certificates traded that day,Derived from standardized TSETMC instrument-day observations
2022-08-27,1401/06/05,1401,6,5,7,1828.0,19144.0,22226136555.0,1160997.5216778102,1164927.4285714286,1160826.0,1149795.0,1185455.0,all valid TSETMC Bank Maskan mortgage-facility certificates traded that day,Derived from standardized TSETMC instrument-day observations
2022-08-28,1401/06/06,1401,6,6,7,1118.0,16470.0,19330456250.0,1173676.7607771705,1174720.7142857143,1174134.0,1159740.0,1191151.0,all valid TSETMC Bank Maskan mortgage-facility certificates traded that day,Derived from standardized TSETMC instrument-day observations
2022-08-29,1401/06/07,1401,6,7,7,1243.0,14343.0,16829580390.0,1173365.4319180087,1174723.5714285714,1176139.0,1159437.0,1182432.0,all valid TSETMC Bank Maskan mortgage-facility certificates traded that day,Derived from standardized TSETMC instrument-day observations
2022-08-30,1401/06/08,1401,6,8,7,901.0,11619.0,13444766356.0,1157136.2730011188,1161780.2857142857,1156971.0,1146552.0,1184541.0,all valid TSETMC Bank Maskan mortgage-facility certificates traded that day,Derived from standardized TSETMC instrument-day observations
2022-08-31,1401/06/09,1401,6,9,7,902.0,15810.0,18196301003.0,1150936.1798228968,1155911.0,1162024.0,1121589.0,1170819.0,all valid TSETMC Bank Maskan mortgage-facility certificates traded that day,Derived from standardized TSETMC instrument-day observations
2022-09-03,1401/06/12,1401,6,12,7,770.0,14480.0,16010624287.0,1105706.0971685082,1119736.5714285714,1121012.0,1077575.0,1152832.0,all valid TSETMC Bank Maskan mortgage-facility certificates traded that day,Derived from standardized TSETMC instrument-day observations
2022-09-04,1401/06/13,1401,6,13,7,1013.0,17193.0,19014770982.0,1105960.0408305705,1117200.142857143,1122875.0,1069391.0,1147581.0,all valid TSETMC Bank Maskan mortgage-facility certificates traded that day,Derived from standardized TSETMC instrument-day observations
2022-09-05,1401/06/14,1401,6,14,7,530.0,9534.0,10217014580.0,1071639.8762324313,1113300.7142857143,1131689.0,1019053.0,1156774.0,all valid TSETMC Bank Maskan mortgage-facility certificates traded that day,Derived from standardized TSETMC instrument-day observations
2022-09-06,1401/06/15,1401,6,15,7,938.0,15782.0,17450379771.0,1105714.0901660118,1123985.4285714286,1138634.0,1030881.0,1152746.0,all valid TSETMC Bank Maskan mortgage-facility certificates traded that day,Derived from standardized TSETMC instrument-day observations
2022-09-07,1401/06/16,1401,6,16,6,1131.0,13355.0,15243288990.0,1141391.9123923625,1140736.3333333333,1140803.0,1133698.0,1149871.0,all valid TSETMC Bank Maskan mortgage-facility certificates traded that day,Derived from standardized TSETMC instrument-day observations
2022-09-10,1401/06/19,1401,6,19,6,2623.0,31398.0,34574878510.0,1101180.9194853175,1107640.5,1105480.5,1095923.0,1119116.0,all valid TSETMC Bank Maskan mortgage-facility certificates traded that day,Derived from standardized TSETMC instrument-day observations
2022-09-11,1401/06/20,1401,6,20,6,1461.0,23474.0,24630072858.0,1049249.078043793,1058369.1666666667,1052851.5,1042285.0,1082468.0,all valid TSETMC Bank Maskan mortgage-facility certificates traded that day,Derived from standardized TSETMC instrument-day observations
2022-09-12,1401/06/21,1401,6,21,6,1922.0,28738.0,30066005808.0,1046210.7943489456,1054131.0,1049896.0,1031078.0,1083114.0,all valid TSETMC Bank Maskan mortgage-facility certificates traded that day,Derived from standardized TSETMC instrument-day observations
2022-09-13,1401/06/22,1401,6,22,6,1674.0,27160.0,29516567115.0,1086766.094072165,1091718.1666666667,1085036.0,1073408.0,1115041.0,all valid TSETMC Bank Maskan mortgage-facility certificates traded that day,Derived from standardized TSETMC instrument-day observations
2022-09-14,1401/06/23,1401,6,23,6,716.0,19447.0,22127511968.0,1137836.7855196174,1139735.1666666667,1133220.5,1117993.0,1165941.0,all valid TSETMC Bank Maskan mortgage-facility certificates traded that day,Derived from standardized TSETMC instrument-day observations
2022-09-18,1401/06/27,1401,6,27,6,1552.0,26715.0,29758839561.0,1113937.4718697362,1116087.5,1117632.0,1104268.0,1124724.0,all valid TSETMC Bank Maskan mortgage-facility certificates traded that day,Derived from standardized TSETMC instrument-day observations
2022-09-19,1401/06/28,1401,6,28,6,950.0,15300.0,16301869174.0,1065481.645359477,1076243.0,1077296.0,1056108.0,1103263.0,all valid TSETMC Bank Maskan mortgage-facility certificates traded that day,Derived from standardized TSETMC instrument-day observations
2022-09-20,1401/06/29,1401,6,29,6,768.0,14089.0,14354241635.0,1018826.1505429768,1029946.8333333334,1032683.5,1008203.0,1049704.0,all valid TSETMC Bank Maskan mortgage-facility certificates traded that day,Derived from standardized TSETMC instrument-day observations
2022-09-21,1401/06/30,1401,6,30,6,832.0,12878.0,12516271474.0,971911.1254853238,990412.1666666666,996060.0,963133.0,1019099.0,all valid TSETMC Bank Maskan mortgage-facility certificates traded that day,Derived from standardized TSETMC instrument-day observations
2022-09-24,1401/07/02,1401,7,2,6,589.0,10909.0,10296875671.0,943888.1355761298,957437.5,955916.0,917193.0,999353.0,all valid TSETMC Bank Maskan mortgage-facility certificates traded that day,Derived from standardized TSETMC instrument-day observations
2022-09-26,1401/07/04,1401,7,4,6,981.0,23050.0,21830737536.0,947103.5807375271,948818.6666666666,945159.5,932801.0,967813.0,all valid TSETMC Bank Maskan mortgage-facility certificates traded that day,Derived from standardized TSETMC instrument-day observations
2022-09-28,1401/07/06,1401,7,6,6,1006.0,46372.0,45385406539.0,978724.3711506944,975949.6666666666,978064.0,956010.0,997348.0,all valid TSETMC Bank Maskan mortgage-facility certificates traded that day,Derived from standardized TSETMC instrument-day observations
2022-10-01,1401/07/09,1401,7,9,6,1028.0,24875.0,23898811064.0,960756.223678392,967527.1666666666,976402.0,913152.0,991367.0,all valid TSETMC Bank Maskan mortgage-facility certificates traded that day,Derived from standardized TSETMC instrument-day observations
2022-10-02,1401/07/10,1401,7,10,6,662.0,13272.0,12564701682.0,946707.4805605786,958457.0,973314.0,871771.0,984448.0,all valid TSETMC Bank Maskan mortgage-facility certificates traded that day,Derived from standardized TSETMC instrument-day observations
2022-10-03,1401/07/11,1401,7,11,6,702.0,14549.0,13769677707.0,946434.648910578,953234.6666666666,974844.0,830136.0,993581.0,all valid TSETMC Bank Maskan mortgage-facility certificates traded that day,Derived from standardized TSETMC instrument-day observations
2022-10-04,1401/07/12,1401,7,12,6,1087.0,18570.0,17374575205.0,935626.020732364,968216.0,987523.0,840872.0,1016528.0,all valid TSETMC Bank Maskan mortgage-facility certificates traded that day,Derived from standardized TSETMC instrument-day observations
2022-10-08,1401/07/16,1401,7,16,5,1140.0,15833.0,15524633360.0,980523.8021853091,984348.2,986031.0,976629.0,989675.0,all valid TSETMC Bank Maskan mortgage-facility certificates traded that day,Derived from standardized TSETMC instrument-day observations
2022-10-09,1401/07/17,1401,7,17,5,958.0,15849.0,15276871534.0,963901.2892926999,967487.6,968156.0,957576.0,981391.0,all valid TSETMC Bank Maskan mortgage-facility certificates traded that day,Derived from standardized TSETMC instrument-day observations
2022-10-10,1401/07/18,1401,7,18,5,2647.0,32454.0,30321632107.0,934295.6833364146,954109.8,964427.0,912231.0,974743.0,all valid TSETMC Bank Maskan mortgage-facility certificates traded that day,Derived from standardized TSETMC instrument-day observations
2022-10-11,1401/07/19,1401,7,19,5,2732.0,36917.0,33756086426.0,914377.8320556924,951726.0,969301.0,878055.0,986682.0,all valid TSETMC Bank Maskan mortgage-facility certificates traded that day,Derived from standardized TSETMC instrument-day observations
2022-10-12,1401/07/20,1401,7,20,5,1954.0,36791.0,33463168357.0,909547.6708162322,963441.6,982978.0,877454.0,998485.0,all valid TSETMC Bank Maskan mortgage-facility certificates traded that day,Derived from standardized TSETMC instrument-day observations
2022-10-15,1401/07/23,1401,7,23,5,1567.0,24147.0,22246621375.0,921299.5972584586,954737.0,972664.0,883683.0,975067.0,all valid TSETMC Bank Maskan mortgage-facility certificates traded that day,Derived from standardized TSETMC instrument-day observations
2022-10-16,1401/07/24,1401,7,24,5,1446.0,22922.0,20547569032.0,896412.5744699416,940624.2,957777.0,856614.0,972894.0,all valid TSETMC Bank Maskan mortgage-facility certificates traded that day,Derived from standardized TSETMC instrument-day observations
2022-10-17,1401/07/25,1401,7,25,5,1137.0,17600.0,15515345590.0,881553.7267045454,925234.0,950137.0,821800.0,954489.0,all valid TSETMC Bank Maskan mortgage-facility certificates traded that day,Derived from standardized TSETMC instrument-day observations
2022-10-18,1401/07/26,1401,7,26,5,990.0,18535.0,15720657344.0,848160.6336120853,901814.2,924398.0,783533.0,947869.0,all valid TSETMC Bank Maskan mortgage-facility certificates traded that day,Derived from standardized TSETMC instrument-day observations
2022-10-19,1401/07/27,1401,7,27,5,1063.0,17479.0,14043939318.0,803474.9881572173,872223.8,887515.0,771824.0,911372.0,all valid TSETMC Bank Maskan mortgage-facility certificates traded that day,Derived from standardized TSETMC instrument-day observations
2022-10-22,1401/07/30,1401,7,30,5,810.0,16680.0,13134676816.0,787450.6484412471,843345.8,854782.0,760825.0,881925.0,all valid TSETMC Bank Maskan mortgage-facility certificates traded that day,Derived from standardized TSETMC instrument-day observations
2022-10-23,1401/08/01,1401,8,1,5,634.0,13601.0,11392380022.0,837613.4123961474,866709.0,881725.0,791337.0,904132.0,all valid TSETMC Bank Maskan mortgage-facility certificates traded that day,Derived from standardized TSETMC instrument-day observations
2022-10-24,1401/08/02,1401,8,2,5,592.0,10936.0,9398120828.0,859374.6185076811,887513.4,897958.0,827321.0,922835.0,all valid TSETMC Bank Maskan mortgage-facility certificates traded that day,Derived from standardized TSETMC instrument-day observations
2022-10-25,1401/08/03,1401,8,3,5,443.0,8609.0,7766856196.0,902178.6730166106,931658.8,942642.0,868687.0,968574.0,all valid TSETMC Bank Maskan mortgage-facility certificates traded that day,Derived from standardized TSETMC instrument-day observations
2022-10-26,1401/08/04,1401,8,4,5,431.0,7338.0,7043366462.0,959848.2504769692,978241.2,989774.0,912121.0,1017002.0,all valid TSETMC Bank Maskan mortgage-facility certificates traded that day,Derived from standardized TSETMC instrument-day observations
2022-10-29,1401/08/07,1401,8,7,5,656.0,15628.0,15664249577.0,1002319.5275787049,1024478.4,1032259.0,956358.0,1067433.0,all valid TSETMC Bank Maskan mortgage-facility certificates traded that day,Derived from standardized TSETMC instrument-day observations
2022-10-30,1401/08/08,1401,8,8,5,720.0,12566.0,12993995476.0,1034059.8023237307,1073131.0,1079714.0,1002930.0,1113353.0,all valid TSETMC Bank Maskan mortgage-facility certificates traded that day,Derived from standardized TSETMC instrument-day observations
2022-10-31,1401/08/09,1401,8,9,5,577.0,12308.0,12891121038.0,1047377.3999025024,1074867.8,1093877.0,999782.0,1106290.0,all valid TSETMC Bank Maskan mortgage-facility certificates traded that day,Derived from standardized TSETMC instrument-day observations
2022-11-01,1401/08/10,1401,8,10,5,121.0,5316.0,5125514303.0,964167.4761098571,1021124.8,1039184.0,949793.0,1050976.0,all valid TSETMC Bank Maskan mortgage-facility certificates traded that day,Derived from standardized TSETMC instrument-day observations
2022-11-02,1401/08/11,1401,8,11,5,849.0,22378.0,20924330063.0,935040.2208865851,971324.6,988492.0,902304.0,998492.0,all valid TSETMC Bank Maskan mortgage-facility certificates traded that day,Derived from standardized TSETMC instrument-day observations
2022-11-05,1401/08/14,1401,8,14,5,894.0,14425.0,13609787209.0,943486.1150086655,977314.4,983718.0,899973.0,1011736.0,all valid TSETMC Bank Maskan mortgage-facility certificates traded that day,Derived from standardized TSETMC instrument-day observations
2022-11-06,1401/08/15,1401,8,15,5,1154.0,14953.0,14288868875.0,955585.4260014712,987508.6,1001791.0,924652.0,1022344.0,all valid TSETMC Bank Maskan mortgage-facility certificates traded that day,Derived from standardized TSETMC instrument-day observations
2022-11-07,1401/08/16,1401,8,16,4,679.0,10975.0,10913892557.0,994432.123644647,994936.0,995277.0,990700.0,998490.0,all valid TSETMC Bank Maskan mortgage-facility certificates traded that day,Derived from standardized TSETMC instrument-day observations
2022-11-08,1401/08/17,1401,8,17,4,1490.0,15440.0,15320642926.0,992269.6195595855,994405.75,993111.0,989968.0,1001433.0,all valid TSETMC Bank Maskan mortgage-facility certificates traded that day,Derived from standardized TSETMC instrument-day observations
2022-11-09,1401/08/18,1401,8,18,4,2185.0,23073.0,22901900383.0,992584.4226151779,994006.75,994167.0,989174.0,998519.0,all valid TSETMC Bank Maskan mortgage-facility certificates traded that day,Derived from standardized TSETMC instrument-day observations
2022-11-12,1401/08/21,1401,8,21,4,1601.0,22734.0,23145764756.0,1018112.288026744,1019491.75,1019662.0,1016349.0,1022294.0,all valid TSETMC Bank Maskan mortgage-facility certificates traded that day,Derived from standardized TSETMC instrument-day observations
2022-11-13,1401/08/22,1401,8,22,4,1153.0,14538.0,15351868005.0,1055982.1161782914,1058809.75,1059003.5,1051639.0,1065593.0,all valid TSETMC Bank Maskan mortgage-facility certificates traded that day,Derived from standardized TSETMC instrument-day observations
2022-11-14,1401/08/23,1401,8,23,4,1066.0,14821.0,16142496365.0,1089163.7787598677,1090704.0,1088531.5,1073269.0,1112484.0,all valid TSETMC Bank Maskan mortgage-facility certificates traded that day,Derived from standardized TSETMC instrument-day observations
2022-11-15,1401/08/24,1401,8,24,4,820.0,11250.0,11834426973.0,1051949.0642666668,1052701.5,1052437.5,1046848.0,1059083.0,all valid TSETMC Bank Maskan mortgage-facility certificates traded that day,Derived from standardized TSETMC instrument-day observations
2022-11-16,1401/08/25,1401,8,25,4,597.0,9074.0,9533895712.0,1050682.7983248844,1052255.25,1053309.0,1044644.0,1057759.0,all valid TSETMC Bank Maskan mortgage-facility certificates traded that day,Derived from standardized TSETMC instrument-day observations
2022-11-19,1401/08/28,1401,8,28,4,556.0,5769.0,5926708596.0,1027337.2501300052,1029684.25,1028422.5,1023185.0,1038707.0,all valid TSETMC Bank Maskan mortgage-facility certificates traded that day,Derived from standardized TSETMC instrument-day observations
2022-11-20,1401/08/29,1401,8,29,4,405.0,5856.0,5909619724.0,1009156.3736338798,1010185.5,1013724.0,992281.0,1021013.0,all valid TSETMC Bank Maskan mortgage-facility certificates traded that day,Derived from standardized TSETMC instrument-day observations
2022-11-21,1401/08/30,1401,8,30,4,369.0,4634.0,4688106603.0,1011676.0041001295,1011181.25,1011027.5,1008009.0,1014661.0,all valid TSETMC Bank Maskan mortgage-facility certificates traded that day,Derived from standardized TSETMC instrument-day observations
2022-11-22,1401/09/01,1401,9,1,4,334.0,4645.0,4766541605.0,1026166.1151776103,1025721.25,1026490.5,1019748.0,1030156.0,all valid TSETMC Bank Maskan mortgage-facility certificates traded that day,Derived from standardized TSETMC instrument-day observations
2022-11-23,1401/09/02,1401,9,2,4,376.0,5489.0,5648399405.0,1029039.7895791583,1029801.5,1027875.5,1021131.0,1042324.0,all valid TSETMC Bank Maskan mortgage-facility certificates traded that day,Derived from standardized TSETMC instrument-day observations
2022-11-26,1401/09/05,1401,9,5,4,465.0,6636.0,6911003524.0,1041441.1579264618,1041186.0,1040988.0,1033363.0,1049405.0,all valid TSETMC Bank Maskan mortgage-facility certificates traded that day,Derived from standardized TSETMC instrument-day observations
2022-11-27,1401/09/06,1401,9,6,4,454.0,7236.0,7462879835.0,1031354.3166113875,1032795.25,1032806.5,1026760.0,1038808.0,all valid TSETMC Bank Maskan mortgage-facility certificates traded that day,Derived from standardized TSETMC instrument-day observations
2022-11-28,1401/09/07,1401,9,7,4,373.0,7199.0,7446117039.0,1034326.5785525767,1034676.5,1034487.5,1025041.0,1044690.0,all valid TSETMC Bank Maskan mortgage-facility certificates traded that day,Derived from standardized TSETMC instrument-day observations
2022-11-29,1401/09/08,1401,9,8,4,462.0,6583.0,6804531826.0,1033652.1078535622,1036002.5,1041045.5,1011778.0,1050141.0,all valid TSETMC Bank Maskan mortgage-facility certificates traded that day,Derived from standardized TSETMC instrument-day observations
2022-11-30,1401/09/09,1401,9,9,4,329.0,5578.0,5772348679.0,1034842.0005378271,1039432.75,1040613.0,1024488.0,1052017.0,all valid TSETMC Bank Maskan mortgage-facility certificates traded that day,Derived from standardized TSETMC instrument-day observations
2022-12-03,1401/09/12,1401,9,12,4,559.0,8746.0,9171501925.0,1048651.0319002974,1051978.25,1054580.0,1036868.0,1061885.0,all valid TSETMC Bank Maskan mortgage-facility certificates traded that day,Derived from standardized TSETMC instrument-day observations
2022-12-04,1401/09/13,1401,9,13,4,300.0,5025.0,5264036967.0,1047569.5456716418,1048240.25,1047150.5,1043695.0,1054965.0,all valid TSETMC Bank Maskan mortgage-facility certificates traded that day,Derived from standardized TSETMC instrument-day observations
2022-12-05,1401/09/14,1401,9,14,4,461.0,7338.0,7747039810.0,1055742.6832924502,1054829.5,1060598.0,1035570.0,1062552.0,all valid TSETMC Bank Maskan mortgage-facility certificates traded that day,Derived from standardized TSETMC instrument-day observations
2022-12-06,1401/09/15,1401,9,15,4,630.0,14033.0,14791904130.0,1054079.963657094,1064284.25,1072466.0,1035029.0,1077176.0,all valid TSETMC Bank Maskan mortgage-facility certificates traded that day,Derived from standardized TSETMC instrument-day observations
2022-12-07,1401/09/16,1401,9,16,3,613.0,11442.0,12446069779.0,1087752.9958923266,1088551.3333333333,1087395.0,1087348.0,1090911.0,all valid TSETMC Bank Maskan mortgage-facility certificates traded that day,Derived from standardized TSETMC instrument-day observations
2022-12-10,1401/09/19,1401,9,19,3,2268.0,25932.0,28365505162.0,1093841.784744717,1098239.6666666667,1092263.0,1091164.0,1111292.0,all valid TSETMC Bank Maskan mortgage-facility certificates traded that day,Derived from standardized TSETMC instrument-day observations
2022-12-11,1401/09/20,1401,9,20,3,1561.0,22421.0,24271233092.0,1082522.32692565,1084469.6666666667,1082407.0,1081407.0,1089595.0,all valid TSETMC Bank Maskan mortgage-facility certificates traded that day,Derived from standardized TSETMC instrument-day observations
2022-12-12,1401/09/21,1401,9,21,3,1293.0,24590.0,26727239800.0,1086914.9979666532,1088475.3333333333,1089410.0,1085521.0,1090495.0,all valid TSETMC Bank Maskan mortgage-facility certificates traded that day,Derived from standardized TSETMC instrument-day observations
2022-12-13,1401/09/22,1401,9,22,3,833.0,16016.0,17917784284.0,1118742.7749750249,1120316.0,1118931.0,1113800.0,1128217.0,all valid TSETMC Bank Maskan mortgage-facility certificates traded that day,Derived from standardized TSETMC instrument-day observations
2022-12-14,1401/09/23,1401,9,23,3,729.0,10895.0,12676507658.0,1163516.0769160164,1165113.3333333333,1164278.0,1157508.0,1173554.0,all valid TSETMC Bank Maskan mortgage-facility certificates traded that day,Derived from standardized TSETMC instrument-day observations
2022-12-17,1401/09/26,1401,9,26,3,561.0,9514.0,11311900434.0,1188974.1889846541,1189731.0,1190550.0,1177782.0,1200861.0,all valid TSETMC Bank Maskan mortgage-facility certificates traded that day,Derived from standardized TSETMC instrument-day observations
2022-12-18,1401/09/27,1401,9,27,3,483.0,6296.0,7372803557.0,1171029.789866582,1169790.6666666667,1170732.0,1163365.0,1175275.0,all valid TSETMC Bank Maskan mortgage-facility certificates traded that day,Derived from standardized TSETMC instrument-day observations
2022-12-19,1401/09/28,1401,9,28,3,355.0,4291.0,4856232826.0,1131725.1983220694,1132865.6666666667,1131252.0,1128313.0,1139032.0,all valid TSETMC Bank Maskan mortgage-facility certificates traded that day,Derived from standardized TSETMC instrument-day observations
2022-12-20,1401/09/29,1401,9,29,3,328.0,3723.0,4313466244.0,1158599.5820574805,1158700.3333333333,1160180.0,1141660.0,1174261.0,all valid TSETMC Bank Maskan mortgage-facility certificates traded that day,Derived from standardized TSETMC instrument-day observations
2022-12-21,1401/09/30,1401,9,30,3,272.0,3921.0,4516300127.0,1151823.5467992858,1152054.3333333333,1151404.0,1119607.0,1185152.0,all valid TSETMC Bank Maskan mortgage-facility certificates traded that day,Derived from standardized TSETMC instrument-day observations
2022-12-24,1401/10/03,1401,10,3,3,382.0,5589.0,6433626523.0,1151123.0135981392,1150109.6666666667,1159313.0,1126020.0,1164996.0,all valid TSETMC Bank Maskan mortgage-facility certificates traded that day,Derived from standardized TSETMC instrument-day observations
2022-12-25,1401/10/04,1401,10,4,3,367.0,9202.0,10764973402.0,1169851.4890241253,1172346.0,1177596.0,1155014.0,1184428.0,all valid TSETMC Bank Maskan mortgage-facility certificates traded that day,Derived from standardized TSETMC instrument-day observations
2022-12-26,1401/10/05,1401,10,5,3,317.0,5874.0,7184427115.0,1223089.39649302,1224239.6666666667,1233046.0,1196469.0,1243204.0,all valid TSETMC Bank Maskan mortgage-facility certificates traded that day,Derived from standardized TSETMC instrument-day observations
2022-12-28,1401/10/07,1401,10,7,3,335.0,4671.0,5618826804.0,1202917.320488118,1215455.0,1209920.0,1187215.0,1249230.0,all valid TSETMC Bank Maskan mortgage-facility certificates traded that day,Derived from standardized TSETMC instrument-day observations
2022-12-31,1401/10/10,1401,10,10,3,489.0,9932.0,12023544644.0,1210586.4522754732,1210853.6666666667,1215615.0,1199433.0,1217513.0,all valid TSETMC Bank Maskan mortgage-facility certificates traded that day,Derived from standardized TSETMC instrument-day observations
2023-01-01,1401/10/11,1401,10,11,3,456.0,5594.0,6574274723.0,1175236.8114050769,1175933.6666666667,1176636.0,1173398.0,1177767.0,all valid TSETMC Bank Maskan mortgage-facility certificates traded that day,Derived from standardized TSETMC instrument-day observations
2023-01-02,1401/10/12,1401,10,12,3,444.0,7159.0,8475061620.0,1183833.1638496998,1186583.0,1186900.0,1176903.0,1195946.0,all valid TSETMC Bank Maskan mortgage-facility certificates traded that day,Derived from standardized TSETMC instrument-day observations
2023-01-03,1401/10/13,1401,10,13,3,475.0,8358.0,9982926918.0,1194415.759511845,1196227.3333333333,1200584.0,1183914.0,1204184.0,all valid TSETMC Bank Maskan mortgage-facility certificates traded that day,Derived from standardized TSETMC instrument-day observations
2023-01-04,1401/10/14,1401,10,14,3,475.0,9724.0,11571465363.0,1189990.267688194,1205684.3333333333,1213532.0,1171607.0,1231914.0,all valid TSETMC Bank Maskan mortgage-facility certificates traded that day,Derived from standardized TSETMC instrument-day observations
2023-01-07,1401/10/17,1401,10,17,2,1560.0,20435.0,24816843102.0,1214428.3387325667,1214521.5,1214521.5,1213777.0,1215266.0,all valid TSETMC Bank Maskan mortgage-facility certificates traded that day,Derived from standardized TSETMC instrument-day observations
2023-01-08,1401/10/18,1401,10,18,2,1475.0,20370.0,24911332780.0,1222942.2081492392,1222711.0,1222711.0,1222011.0,1223411.0,all valid TSETMC Bank Maskan mortgage-facility certificates traded that day,Derived from standardized TSETMC instrument-day observations
2023-01-09,1401/10/19,1401,10,19,2,1080.0,12234.0,15255462186.0,1246972.5507601765,1247242.5,1247242.5,1246504.0,1247981.0,all valid TSETMC Bank Maskan mortgage-facility certificates traded that day,Derived from standardized TSETMC instrument-day observations
2023-01-10,1401/10/20,1401,10,20,2,637.0,15313.0,19116209904.0,1248364.7818193692,1248216.0,1248216.0,1246839.0,1249593.0,all valid TSETMC Bank Maskan mortgage-facility certificates traded that day,Derived from standardized TSETMC instrument-day observations
2023-01-11,1401/10/21,1401,10,21,2,492.0,12261.0,15422220981.0,1257827.3371666258,1257566.5,1257566.5,1255734.0,1259399.0,all valid TSETMC Bank Maskan mortgage-facility certificates traded that day,Derived from standardized TSETMC instrument-day observations
2023-01-14,1401/10/24,1401,10,24,2,422.0,8929.0,11210433016.0,1255508.233396797,1255190.5,1255190.5,1252845.0,1257536.0,all valid TSETMC Bank Maskan mortgage-facility certificates traded that day,Derived from standardized TSETMC instrument-day observations
2023-01-16,1401/10/26,1401,10,26,2,562.0,17464.0,22115830973.0,1266366.8674415941,1266186.0,1266186.0,1263572.0,1268800.0,all valid TSETMC Bank Maskan mortgage-facility certificates traded that day,Derived from standardized TSETMC instrument-day observations
2023-01-17,1401/10/27,1401,10,27,2,341.0,4326.0,5343262940.0,1235150.9338881182,1232806.5,1232806.5,1226364.0,1239249.0,all valid TSETMC Bank Maskan mortgage-facility certificates traded that day,Derived from standardized TSETMC instrument-day observations
2023-01-18,1401/10/28,1401,10,28,2,289.0,3125.0,3749903005.0,1199968.9616,1202280.5,1202280.5,1186261.0,1218300.0,all valid TSETMC Bank Maskan mortgage-facility certificates traded that day,Derived from standardized TSETMC instrument-day observations
2023-01-21,1401/11/01,1401,11,1,2,245.0,2518.0,3044380224.0,1209046.9515488483,1207601.5,1207601.5,1194875.0,1220328.0,all valid TSETMC Bank Maskan mortgage-facility certificates traded that day,Derived from standardized TSETMC instrument-day observations
2023-01-22,1401/11/02,1401,11,2,2,263.0,4212.0,5270493719.0,1251304.3017568851,1250299.5,1250299.5,1235801.0,1264798.0,all valid TSETMC Bank Maskan mortgage-facility certificates traded that day,Derived from standardized TSETMC instrument-day observations
2023-01-23,1401/11/03,1401,11,3,2,279.0,3597.0,4496279156.0,1250008.1056435918,1253711.5,1253711.5,1238382.0,1269041.0,all valid TSETMC Bank Maskan mortgage-facility certificates traded that day,Derived from standardized TSETMC instrument-day observations
2023-01-24,1401/11/04,1401,11,4,2,338.0,3997.0,4936106901.0,1234952.9399549663,1236824.5,1236824.5,1224932.0,1248717.0,all valid TSETMC Bank Maskan mortgage-facility certificates traded that day,Derived from standardized TSETMC instrument-day observations
2023-01-25,1401/11/05,1401,11,5,2,313.0,4410.0,5420154175.0,1229059.9036281179,1232048.0,1232048.0,1223155.0,1240941.0,all valid TSETMC Bank Maskan mortgage-facility certificates traded that day,Derived from standardized TSETMC instrument-day observations
2023-01-28,1401/11/08,1401,11,8,2,390.0,8595.0,10657123375.0,1239921.2769051774,1243737.5,1243737.5,1234969.0,1252506.0,all valid TSETMC Bank Maskan mortgage-facility certificates traded that day,Derived from standardized TSETMC instrument-day observations
2023-01-29,1401/11/09,1401,11,9,2,365.0,7112.0,8803199450.0,1237795.198256468,1238257.0,1238257.0,1234213.0,1242301.0,all valid TSETMC Bank Maskan mortgage-facility certificates traded that day,Derived from standardized TSETMC instrument-day observations
2023-01-30,1401/11/10,1401,11,10,2,348.0,5553.0,6889801093.0,1240734.9348100126,1241675.5,1241675.5,1239252.0,1244099.0,all valid TSETMC Bank Maskan mortgage-facility certificates traded that day,Derived from standardized TSETMC instrument-day observations
2023-01-31,1401/11/11,1401,11,11,2,338.0,7749.0,9637429266.0,1243699.737514518,1241658.0,1241658.0,1235318.0,1247998.0,all valid TSETMC Bank Maskan mortgage-facility certificates traded that day,Derived from standardized TSETMC instrument-day observations
2023-02-01,1401/11/12,1401,11,12,2,379.0,8051.0,10077698244.0,1251732.4859023723,1248945.5,1248945.5,1240017.0,1257874.0,all valid TSETMC Bank Maskan mortgage-facility certificates traded that day,Derived from standardized TSETMC instrument-day observations
2023-02-05,1401/11/16,1401,11,16,1,187.0,4063.0,5143248892.0,1265874.6965296578,1265875.0,1265875.0,1265875.0,1265875.0,all valid TSETMC Bank Maskan mortgage-facility certificates traded that day,Derived from standardized TSETMC instrument-day observations
2023-02-06,1401/11/17,1401,11,17,1,241.0,4215.0,5230121844.0,1240835.550177936,1240835.0,1240835.0,1240835.0,1240835.0,all valid TSETMC Bank Maskan mortgage-facility certificates traded that day,Derived from standardized TSETMC instrument-day observations
2023-02-07,1401/11/18,1401,11,18,1,487.0,7293.0,9090164067.0,1246423.1546688606,1246423.0,1246423.0,1246423.0,1246423.0,all valid TSETMC Bank Maskan mortgage-facility certificates traded that day,Derived from standardized TSETMC instrument-day observations
2023-02-08,1401/11/19,1401,11,19,1,321.0,6450.0,8069898746.0,1251147.0924031008,1251147.0,1251147.0,1251147.0,1251147.0,all valid TSETMC Bank Maskan mortgage-facility certificates traded that day,Derived from standardized TSETMC instrument-day observations
2023-02-12,1401/11/23,1401,11,23,1,417.0,6398.0,8073105475.0,1261817.0482963426,1261817.0,1261817.0,1261817.0,1261817.0,all valid TSETMC Bank Maskan mortgage-facility certificates traded that day,Derived from standardized TSETMC instrument-day observations
2023-02-13,1401/11/24,1401,11,24,1,221.0,2988.0,3826842421.0,1280737.0886880858,1280737.0,1280737.0,1280737.0,1280737.0,all valid TSETMC Bank Maskan mortgage-facility certificates traded that day,Derived from standardized TSETMC instrument-day observations
2023-02-14,1401/11/25,1401,11,25,1,230.0,3110.0,3990709186.0,1283186.2334405144,1283186.0,1283186.0,1283186.0,1283186.0,all valid TSETMC Bank Maskan mortgage-facility certificates traded that day,Derived from standardized TSETMC instrument-day observations
2023-02-15,1401/11/26,1401,11,26,1,136.0,1741.0,2166040192.0,1244135.6645605974,1244136.0,1244136.0,1244136.0,1244136.0,all valid TSETMC Bank Maskan mortgage-facility certificates traded that day,Derived from standardized TSETMC instrument-day observations
2023-02-19,1401/11/30,1401,11,30,1,82.0,1538.0,1882038948.0,1223692.4239271781,1223692.0,1223692.0,1223692.0,1223692.0,all valid TSETMC Bank Maskan mortgage-facility certificates traded that day,Derived from standardized TSETMC instrument-day observations
2023-02-20,1401/12/01,1401,12,1,1,105.0,1375.0,1652317548.0,1201685.4894545455,1201685.0,1201685.0,1201685.0,1201685.0,all valid TSETMC Bank Maskan mortgage-facility certificates traded that day,Derived from standardized TSETMC instrument-day observations
2023-02-21,1401/12/02,1401,12,2,1,40.0,739.0,870803219.0,1178353.4763193505,1178353.0,1178353.0,1178353.0,1178353.0,all valid TSETMC Bank Maskan mortgage-facility certificates traded that day,Derived from standardized TSETMC instrument-day observations
2023-02-22,1401/12/03,1401,12,3,1,89.0,1121.0,1312290901.0,1170643.0874219446,1170643.0,1170643.0,1170643.0,1170643.0,all valid TSETMC Bank Maskan mortgage-facility certificates traded that day,Derived from standardized TSETMC instrument-day observations
2023-02-25,1401/12/06,1401,12,6,1,88.0,1493.0,1667646158.0,1116976.6630944407,1116977.0,1116977.0,1116977.0,1116977.0,all valid TSETMC Bank Maskan mortgage-facility certificates traded that day,Derived from standardized TSETMC instrument-day observations
2023-02-26,1401/12/07,1401,12,7,1,215.0,2728.0,2923020786.0,1071488.5579178885,1071488.0,1071488.0,1071488.0,1071488.0,all valid TSETMC Bank Maskan mortgage-facility certificates traded that day,Derived from standardized TSETMC instrument-day observations
2023-02-27,1401/12/08,1401,12,8,1,167.0,2487.0,2631675994.0,1058172.8966626457,1058173.0,1058173.0,1058173.0,1058173.0,all valid TSETMC Bank Maskan mortgage-facility certificates traded that day,Derived from standardized TSETMC instrument-day observations
2023-02-28,1401/12/09,1401,12,9,1,192.0,3027.0,3250451548.0,1073819.4740667327,1073819.0,1073819.0,1073819.0,1073819.0,all valid TSETMC Bank Maskan mortgage-facility certificates traded that day,Derived from standardized TSETMC instrument-day observations
2023-03-01,1401/12/10,1401,12,10,1,179.0,1525.0,1602491393.0,1050814.0281967213,1050814.0,1050814.0,1050814.0,1050814.0,all valid TSETMC Bank Maskan mortgage-facility certificates traded that day,Derived from standardized TSETMC instrument-day observations
2023-03-04,1401/12/13,1401,12,13,1,241.0,2803.0,2942718248.0,1049845.9678915448,1049846.0,1049846.0,1049846.0,1049846.0,all valid TSETMC Bank Maskan mortgage-facility certificates traded that day,Derived from standardized TSETMC instrument-day observations
2023-03-05,1401/12/14,1401,12,14,1,197.0,2771.0,2928959209.0,1057004.4059906171,1057004.0,1057004.0,1057004.0,1057004.0,all valid TSETMC Bank Maskan mortgage-facility certificates traded that day,Derived from standardized TSETMC instrument-day observations
2023-03-06,1401/12/15,1401,12,15,1,114.0,1669.0,1703056070.0,1020405.0748951468,1020405.0,1020405.0,1020405.0,1020405.0,all valid TSETMC Bank Maskan mortgage-facility certificates traded that day,Derived from standardized TSETMC instrument-day observations
2024-04-20,1403/02/01,1403,2,1,1,604.0,43221.0,51495102468.0,1191437.090025682,1191437.0,1191437.0,1191437.0,1191437.0,all valid TSETMC Bank Maskan mortgage-facility certificates traded that day,Derived from standardized TSETMC instrument-day observations
2024-04-21,1403/02/02,1403,2,2,1,3008.0,259055.0,293484194206.0,1132903.0291096484,1132903.0,1132903.0,1132903.0,1132903.0,all valid TSETMC Bank Maskan mortgage-facility certificates traded that day,Derived from standardized TSETMC instrument-day observations
2024-04-22,1403/02/03,1403,2,3,1,4949.0,314371.0,348569552447.0,1108784.0559307316,1108784.0,1108784.0,1108784.0,1108784.0,all valid TSETMC Bank Maskan mortgage-facility certificates traded that day,Derived from standardized TSETMC instrument-day observations
2024-04-23,1403/02/04,1403,2,4,1,3801.0,98564.0,114609808035.0,1162795.8284464916,1162796.0,1162796.0,1162796.0,1162796.0,all valid TSETMC Bank Maskan mortgage-facility certificates traded that day,Derived from standardized TSETMC instrument-day observations
2024-04-24,1403/02/05,1403,2,5,1,5169.0,163272.0,196733289839.0,1204941.9976419716,1204942.0,1204942.0,1204942.0,1204942.0,all valid TSETMC Bank Maskan mortgage-facility certificates traded that day,Derived from standardized TSETMC instrument-day observations
2024-04-27,1403/02/08,1403,2,8,1,5506.0,186786.0,224423837524.0,1201502.454809247,1201502.0,1201502.0,1201502.0,1201502.0,all valid TSETMC Bank Maskan mortgage-facility certificates traded that day,Derived from standardized TSETMC instrument-day observations
2024-04-28,1403/02/09,1403,2,9,1,3606.0,155394.0,183224055472.0,1179093.500855889,1179093.0,1179093.0,1179093.0,1179093.0,all valid TSETMC Bank Maskan mortgage-facility certificates traded that day,Derived from standardized TSETMC instrument-day observations
2024-04-29,1403/02/10,1403,2,10,1,2816.0,121516.0,142964896281.0,1176510.8815382337,1176511.0,1176511.0,1176511.0,1176511.0,all valid TSETMC Bank Maskan mortgage-facility certificates traded that day,Derived from standardized TSETMC instrument-day observations
2024-04-30,1403/02/11,1403,2,11,1,2479.0,131622.0,156458707432.0,1188697.2347479905,1188697.0,1188697.0,1188697.0,1188697.0,all valid TSETMC Bank Maskan mortgage-facility certificates traded that day,Derived from standardized TSETMC instrument-day observations
2024-05-01,1403/02/12,1403,2,12,1,2628.0,121717.0,145220494395.0,1193099.5209789923,1193099.0,1193099.0,1193099.0,1193099.0,all valid TSETMC Bank Maskan mortgage-facility certificates traded that day,Derived from standardized TSETMC instrument-day observations
2024-05-05,1403/02/16,1403,2,16,1,2804.0,138881.0,165481806017.0,1191536.682605972,1191537.0,1191537.0,1191537.0,1191537.0,all valid TSETMC Bank Maskan mortgage-facility certificates traded that day,Derived from standardized TSETMC instrument-day observations
2024-05-06,1403/02/17,1403,2,17,1,3032.0,132860.0,159449444429.0,1200131.2993301218,1200131.0,1200131.0,1200131.0,1200131.0,all valid TSETMC Bank Maskan mortgage-facility certificates traded that day,Derived from standardized TSETMC instrument-day observations
2024-05-07,1403/02/18,1403,2,18,1,3146.0,121877.0,152222307273.0,1248983.0507232703,1248983.0,1248983.0,1248983.0,1248983.0,all valid TSETMC Bank Maskan mortgage-facility certificates traded that day,Derived from standardized TSETMC instrument-day observations
2024-05-08,1403/02/19,1403,2,19,1,2910.0,118860.0,149746273174.0,1259854.224920074,1259854.0,1259854.0,1259854.0,1259854.0,all valid TSETMC Bank Maskan mortgage-facility certificates traded that day,Derived from standardized TSETMC instrument-day observations
2024-05-11,1403/02/22,1403,2,22,1,2684.0,101580.0,127490841941.0,1255078.1841012011,1255078.0,1255078.0,1255078.0,1255078.0,all valid TSETMC Bank Maskan mortgage-facility certificates traded that day,Derived from standardized TSETMC instrument-day observations
2024-05-12,1403/02/23,1403,2,23,1,2313.0,87173.0,109503890734.0,1256167.5144138667,1256167.0,1256167.0,1256167.0,1256167.0,all valid TSETMC Bank Maskan mortgage-facility certificates traded that day,Derived from standardized TSETMC instrument-day observations
2024-05-13,1403/02/24,1403,2,24,1,1664.0,62714.0,78312052125.0,1248717.2262174315,1248717.0,1248717.0,1248717.0,1248717.0,all valid TSETMC Bank Maskan mortgage-facility certificates traded that day,Derived from standardized TSETMC instrument-day observations
2024-05-14,1403/02/25,1403,2,25,1,1518.0,54885.0,68573401545.0,1249401.5039628313,1249401.0,1249401.0,1249401.0,1249401.0,all valid TSETMC Bank Maskan mortgage-facility certificates traded that day,Derived from standardized TSETMC instrument-day observations
2024-05-15,1403/02/26,1403,2,26,1,1793.0,79281.0,99463447334.0,1254568.5263051677,1254568.0,1254568.0,1254568.0,1254568.0,all valid TSETMC Bank Maskan mortgage-facility certificates traded that day,Derived from standardized TSETMC instrument-day observations
2024-05-18,1403/02/29,1403,2,29,1,1736.0,74336.0,93213124042.0,1253943.2313011193,1253943.0,1253943.0,1253943.0,1253943.0,all valid TSETMC Bank Maskan mortgage-facility certificates traded that day,Derived from standardized TSETMC instrument-day observations
2024-05-19,1403/02/30,1403,2,30,1,1409.0,60382.0,76133728536.0,1260867.9496538704,1260868.0,1260868.0,1260868.0,1260868.0,all valid TSETMC Bank Maskan mortgage-facility certificates traded that day,Derived from standardized TSETMC instrument-day observations
2024-05-21,1403/03/01,1403,3,1,1,3571.0,468447.0,561918886118.0,1199535.6702423112,1199536.0,1199536.0,1199536.0,1199536.0,all valid TSETMC Bank Maskan mortgage-facility certificates traded that day,Derived from standardized TSETMC instrument-day observations
2024-05-25,1403/03/05,1403,3,5,1,6395.0,335095.0,410071503838.0,1223747.008573688,1223747.0,1223747.0,1223747.0,1223747.0,all valid TSETMC Bank Maskan mortgage-facility certificates traded that day,Derived from standardized TSETMC instrument-day observations
2024-05-26,1403/03/06,1403,3,6,1,8085.0,345041.0,424659116749.0,1230749.7275657095,1230750.0,1230750.0,1230750.0,1230750.0,all valid TSETMC Bank Maskan mortgage-facility certificates traded that day,Derived from standardized TSETMC instrument-day observations
2024-05-27,1403/03/07,1403,3,7,1,6084.0,282451.0,346379018397.0,1226333.1282133893,1226333.0,1226333.0,1226333.0,1226333.0,all valid TSETMC Bank Maskan mortgage-facility certificates traded that day,Derived from standardized TSETMC instrument-day observations
2024-05-28,1403/03/08,1403,3,8,1,5516.0,229931.0,281892124545.0,1225985.7285229047,1225986.0,1225986.0,1225986.0,1225986.0,all valid TSETMC Bank Maskan mortgage-facility certificates traded that day,Derived from standardized TSETMC instrument-day observations
2024-05-29,1403/03/09,1403,3,9,1,4834.0,197115.0,244068750097.0,1238204.855525962,1238205.0,1238205.0,1238205.0,1238205.0,all valid TSETMC Bank Maskan mortgage-facility certificates traded that day,Derived from standardized TSETMC instrument-day observations
2024-06-01,1403/03/12,1403,3,12,1,5068.0,247655.0,309101623595.0,1248113.801841271,1248114.0,1248114.0,1248114.0,1248114.0,all valid TSETMC Bank Maskan mortgage-facility certificates traded that day,Derived from standardized TSETMC instrument-day observations
2024-06-02,1403/03/13,1403,3,13,1,3881.0,235682.0,296788390681.0,1259274.7459755093,1259275.0,1259275.0,1259275.0,1259275.0,all valid TSETMC Bank Maskan mortgage-facility certificates traded that day,Derived from standardized TSETMC instrument-day observations
2024-06-05,1403/03/16,1403,3,16,1,3350.0,170738.0,217034096677.0,1271152.8580456607,1271153.0,1271153.0,1271153.0,1271153.0,all valid TSETMC Bank Maskan mortgage-facility certificates traded that day,Derived from standardized TSETMC instrument-day observations
2024-06-08,1403/03/19,1403,3,19,1,3906.0,190915.0,243358352256.0,1274694.771264699,1274695.0,1274695.0,1274695.0,1274695.0,all valid TSETMC Bank Maskan mortgage-facility certificates traded that day,Derived from standardized TSETMC instrument-day observations
2024-06-09,1403/03/20,1403,3,20,1,3345.0,175532.0,223763324772.0,1274772.2624478727,1274772.0,1274772.0,1274772.0,1274772.0,all valid TSETMC Bank Maskan mortgage-facility certificates traded that day,Derived from standardized TSETMC instrument-day observations
2024-06-10,1403/03/21,1403,3,21,1,3261.0,161606.0,207265981910.0,1282538.9027016324,1282539.0,1282539.0,1282539.0,1282539.0,all valid TSETMC Bank Maskan mortgage-facility certificates traded that day,Derived from standardized TSETMC instrument-day observations
2024-06-11,1403/03/22,1403,3,22,1,2599.0,143797.0,185261276704.0,1288352.8634394319,1288353.0,1288353.0,1288353.0,1288353.0,all valid TSETMC Bank Maskan mortgage-facility certificates traded that day,Derived from standardized TSETMC instrument-day observations
2024-06-12,1403/03/23,1403,3,23,1,2503.0,160857.0,207446750930.0,1289634.5880502558,1289635.0,1289635.0,1289635.0,1289635.0,all valid TSETMC Bank Maskan mortgage-facility certificates traded that day,Derived from standardized TSETMC instrument-day observations
2024-06-15,1403/03/26,1403,3,26,1,2325.0,123206.0,159156853791.0,1291794.667394445,1291795.0,1291795.0,1291795.0,1291795.0,all valid TSETMC Bank Maskan mortgage-facility certificates traded that day,Derived from standardized TSETMC instrument-day observations
2024-06-16,1403/03/27,1403,3,27,1,2355.0,166678.0,215883780787.0,1295214.6101285112,1295215.0,1295215.0,1295215.0,1295215.0,all valid TSETMC Bank Maskan mortgage-facility certificates traded that day,Derived from standardized TSETMC instrument-day observations
2024-06-18,1403/03/29,1403,3,29,1,1803.0,105655.0,137994364947.0,1306084.567195116,1306085.0,1306085.0,1306085.0,1306085.0,all valid TSETMC Bank Maskan mortgage-facility certificates traded that day,Derived from standardized TSETMC instrument-day observations
2024-06-19,1403/03/30,1403,3,30,1,644.0,255777.0,317363241837.0,1240781.0,1240781.0,1240781.0,1240781.0,1240781.0,all valid TSETMC Bank Maskan mortgage-facility certificates traded that day,Derived from standardized TSETMC instrument-day observations
2024-06-22,1403/04/02,1403,4,2,1,4006.0,429656.0,516842127418.0,1202920.772473793,1202921.0,1202921.0,1202921.0,1202921.0,all valid TSETMC Bank Maskan mortgage-facility certificates traded that day,Derived from standardized TSETMC instrument-day observations
2024-06-23,1403/04/03,1403,4,3,1,7956.0,464352.0,566441848770.0,1219854.439670767,1219854.0,1219854.0,1219854.0,1219854.0,all valid TSETMC Bank Maskan mortgage-facility certificates traded that day,Derived from standardized TSETMC instrument-day observations
2024-06-24,1403/04/04,1403,4,4,1,5938.0,285894.0,355176674705.0,1242336.931537563,1242337.0,1242337.0,1242337.0,1242337.0,all valid TSETMC Bank Maskan mortgage-facility certificates traded that day,Derived from standardized TSETMC instrument-day observations
2024-06-26,1403/04/06,1403,4,6,1,5962.0,291372.0,363334901480.0,1246979.4677594278,1246979.0,1246979.0,1246979.0,1246979.0,all valid TSETMC Bank Maskan mortgage-facility certificates traded that day,Derived from standardized TSETMC instrument-day observations
2024-06-29,1403/04/09,1403,4,9,1,5549.0,263828.0,332300502496.0,1259534.6305016906,1259535.0,1259535.0,1259535.0,1259535.0,all valid TSETMC Bank Maskan mortgage-facility certificates traded that day,Derived from standardized TSETMC instrument-day observations
2024-06-30,1403/04/10,1403,4,10,1,5311.0,235452.0,293207829326.0,1245297.6798922922,1245298.0,1245298.0,1245298.0,1245298.0,all valid TSETMC Bank Maskan mortgage-facility certificates traded that day,Derived from standardized TSETMC instrument-day observations
2024-07-01,1403/04/11,1403,4,11,1,4927.0,215651.0,269337960419.0,1248952.9861628278,1248953.0,1248953.0,1248953.0,1248953.0,all valid TSETMC Bank Maskan mortgage-facility certificates traded that day,Derived from standardized TSETMC instrument-day observations
2024-07-02,1403/04/12,1403,4,12,1,4359.0,190420.0,239184840566.0,1256090.9598046425,1256091.0,1256091.0,1256091.0,1256091.0,all valid TSETMC Bank Maskan mortgage-facility certificates traded that day,Derived from standardized TSETMC instrument-day observations
2024-07-03,1403/04/13,1403,4,13,1,3449.0,180090.0,226787766889.0,1259302.387078683,1259302.0,1259302.0,1259302.0,1259302.0,all valid TSETMC Bank Maskan mortgage-facility certificates traded that day,Derived from standardized TSETMC instrument-day observations
2024-07-06,1403/04/16,1403,4,16,1,4139.0,262810.0,333864940527.0,1270366.19811651,1270366.0,1270366.0,1270366.0,1270366.0,all valid TSETMC Bank Maskan mortgage-facility certificates traded that day,Derived from standardized TSETMC instrument-day observations
2024-07-07,1403/04/17,1403,4,17,1,3293.0,188815.0,239781696768.0,1269929.2787543363,1269929.0,1269929.0,1269929.0,1269929.0,all valid TSETMC Bank Maskan mortgage-facility certificates traded that day,Derived from standardized TSETMC instrument-day observations
2024-07-08,1403/04/18,1403,4,18,1,3018.0,187806.0,239812530598.0,1276916.235892357,1276916.0,1276916.0,1276916.0,1276916.0,all valid TSETMC Bank Maskan mortgage-facility certificates traded that day,Derived from standardized TSETMC instrument-day observations
2024-07-09,1403/04/19,1403,4,19,1,2845.0,200402.0,256289914810.0,1278879.0272053173,1278879.0,1278879.0,1278879.0,1278879.0,all valid TSETMC Bank Maskan mortgage-facility certificates traded that day,Derived from standardized TSETMC instrument-day observations
2024-07-10,1403/04/20,1403,4,20,1,2441.0,154431.0,197688980296.0,1280112.0260569446,1280112.0,1280112.0,1280112.0,1280112.0,all valid TSETMC Bank Maskan mortgage-facility certificates traded that day,Derived from standardized TSETMC instrument-day observations
2024-07-13,1403/04/23,1403,4,23,1,2645.0,197005.0,252425322254.0,1281314.292804751,1281314.0,1281314.0,1281314.0,1281314.0,all valid TSETMC Bank Maskan mortgage-facility certificates traded that day,Derived from standardized TSETMC instrument-day observations
2024-07-14,1403/04/24,1403,4,24,1,1983.0,157178.0,201213235183.0,1280161.5695771673,1280162.0,1280162.0,1280162.0,1280162.0,all valid TSETMC Bank Maskan mortgage-facility certificates traded that day,Derived from standardized TSETMC instrument-day observations
2024-07-17,1403/04/27,1403,4,27,1,2147.0,137780.0,176704098467.0,1282509.0613078822,1282509.0,1282509.0,1282509.0,1282509.0,all valid TSETMC Bank Maskan mortgage-facility certificates traded that day,Derived from standardized TSETMC instrument-day observations
2024-07-20,1403/04/30,1403,4,30,1,1974.0,121310.0,155076639625.0,1278350.0092737614,1278350.0,1278350.0,1278350.0,1278350.0,all valid TSETMC Bank Maskan mortgage-facility certificates traded that day,Derived from standardized TSETMC instrument-day observations
2024-07-21,1403/04/31,1403,4,31,1,902.0,260953.0,316909934649.0,1214433.0,1214433.0,1214433.0,1214433.0,1214433.0,all valid TSETMC Bank Maskan mortgage-facility certificates traded that day,Derived from standardized TSETMC instrument-day observations
2024-07-22,1403/05/01,1403,5,1,1,3132.0,557094.0,643817104731.0,1155670.5057512736,1155670.0,1155670.0,1155670.0,1155670.0,all valid TSETMC Bank Maskan mortgage-facility certificates traded that day,Derived from standardized TSETMC instrument-day observations
2024-07-23,1403/05/02,1403,5,2,1,5217.0,350909.0,421541028621.0,1201283.0352627034,1201283.0,1201283.0,1201283.0,1201283.0,all valid TSETMC Bank Maskan mortgage-facility certificates traded that day,Derived from standardized TSETMC instrument-day observations
2024-07-24,1403/05/03,1403,5,3,1,5599.0,303809.0,368741109283.0,1213726.747012103,1213727.0,1213727.0,1213727.0,1213727.0,all valid TSETMC Bank Maskan mortgage-facility certificates traded that day,Derived from standardized TSETMC instrument-day observations
2024-07-27,1403/05/06,1403,5,6,1,3695.0,240514.0,293210710842.0,1219100.3885096086,1219100.0,1219100.0,1219100.0,1219100.0,all valid TSETMC Bank Maskan mortgage-facility certificates traded that day,Derived from standardized TSETMC instrument-day observations
2024-07-29,1403/05/08,1403,5,8,1,5137.0,244771.0,295526099231.0,1207357.4861033375,1207357.0,1207357.0,1207357.0,1207357.0,all valid TSETMC Bank Maskan mortgage-facility certificates traded that day,Derived from standardized TSETMC instrument-day observations
2024-07-30,1403/05/09,1403,5,9,1,4189.0,217330.0,260366110290.0,1198021.9495237656,1198022.0,1198022.0,1198022.0,1198022.0,all valid TSETMC Bank Maskan mortgage-facility certificates traded that day,Derived from standardized TSETMC instrument-day observations
2024-07-31,1403/05/10,1403,5,10,1,4198.0,201409.0,244775487515.0,1215315.5395985283,1215315.0,1215315.0,1215315.0,1215315.0,all valid TSETMC Bank Maskan mortgage-facility certificates traded that day,Derived from standardized TSETMC instrument-day observations
2024-08-03,1403/05/13,1403,5,13,1,4708.0,233479.0,283823251465.0,1215626.4651853058,1215626.0,1215626.0,1215626.0,1215626.0,all valid TSETMC Bank Maskan mortgage-facility certificates traded that day,Derived from standardized TSETMC instrument-day observations
2024-08-04,1403/05/14,1403,5,14,1,3908.0,209359.0,255298500689.0,1219429.3089334588,1219429.0,1219429.0,1219429.0,1219429.0,all valid TSETMC Bank Maskan mortgage-facility certificates traded that day,Derived from standardized TSETMC instrument-day observations
2024-08-05,1403/05/15,1403,5,15,1,3338.0,215207.0,264564893191.0,1229350.7794402598,1229351.0,1229351.0,1229351.0,1229351.0,all valid TSETMC Bank Maskan mortgage-facility certificates traded that day,Derived from standardized TSETMC instrument-day observations
2024-08-06,1403/05/16,1403,5,16,1,1985.0,134137.0,165523609414.0,1233989.200697794,1233989.0,1233989.0,1233989.0,1233989.0,all valid TSETMC Bank Maskan mortgage-facility certificates traded that day,Derived from standardized TSETMC instrument-day observations
2024-08-10,1403/05/20,1403,5,20,1,4231.0,254963.0,315650299180.0,1238023.9453567772,1238024.0,1238024.0,1238024.0,1238024.0,all valid TSETMC Bank Maskan mortgage-facility certificates traded that day,Derived from standardized TSETMC instrument-day observations
2024-08-11,1403/05/21,1403,5,21,1,3332.0,247619.0,305804336320.0,1234979.288019094,1234979.0,1234979.0,1234979.0,1234979.0,all valid TSETMC Bank Maskan mortgage-facility certificates traded that day,Derived from standardized TSETMC instrument-day observations
2024-08-12,1403/05/22,1403,5,22,1,2845.0,184238.0,227826869790.0,1236590.0074360338,1236590.0,1236590.0,1236590.0,1236590.0,all valid TSETMC Bank Maskan mortgage-facility certificates traded that day,Derived from standardized TSETMC instrument-day observations
2024-08-13,1403/05/23,1403,5,23,1,2436.0,156352.0,192684428978.0,1232375.850503991,1232376.0,1232376.0,1232376.0,1232376.0,all valid TSETMC Bank Maskan mortgage-facility certificates traded that day,Derived from standardized TSETMC instrument-day observations
2024-08-14,1403/05/24,1403,5,24,1,2109.0,208961.0,257008575682.0,1229935.6132579765,1229936.0,1229936.0,1229936.0,1229936.0,all valid TSETMC Bank Maskan mortgage-facility certificates traded that day,Derived from standardized TSETMC instrument-day observations
2024-08-17,1403/05/27,1403,5,27,1,2847.0,182735.0,224360341573.0,1227790.7438257586,1227791.0,1227791.0,1227791.0,1227791.0,all valid TSETMC Bank Maskan mortgage-facility certificates traded that day,Derived from standardized TSETMC instrument-day observations
2024-08-18,1403/05/28,1403,5,28,1,2052.0,135301.0,166332487735.0,1229351.5032039674,1229351.0,1229351.0,1229351.0,1229351.0,all valid TSETMC Bank Maskan mortgage-facility certificates traded that day,Derived from standardized TSETMC instrument-day observations
2024-08-19,1403/05/29,1403,5,29,1,2164.0,147843.0,182739313521.0,1236036.2920192366,1236036.0,1236036.0,1236036.0,1236036.0,all valid TSETMC Bank Maskan mortgage-facility certificates traded that day,Derived from standardized TSETMC instrument-day observations
2024-08-20,1403/05/30,1403,5,30,1,954.0,294355.0,345641943425.0,1174235.0,1174235.0,1174235.0,1174235.0,1174235.0,all valid TSETMC Bank Maskan mortgage-facility certificates traded that day,Derived from standardized TSETMC instrument-day observations
2024-08-21,1403/05/31,1403,5,31,1,1024.0,394734.0,440335250616.0,1115524.0,1115524.0,1115524.0,1115524.0,1115524.0,all valid TSETMC Bank Maskan mortgage-facility certificates traded that day,Derived from standardized TSETMC instrument-day observations
2024-08-24,1403/06/03,1403,6,3,1,5654.0,573680.0,638492507328.0,1112976.7593919956,1112977.0,1112977.0,1112977.0,1112977.0,all valid TSETMC Bank Maskan mortgage-facility certificates traded that day,Derived from standardized TSETMC instrument-day observations
2024-08-26,1403/06/05,1403,6,5,1,5446.0,472698.0,537512680034.0,1137116.4676685748,1137116.0,1137116.0,1137116.0,1137116.0,all valid TSETMC Bank Maskan mortgage-facility certificates traded that day,Derived from standardized TSETMC instrument-day observations
2024-08-27,1403/06/06,1403,6,6,1,4649.0,225618.0,262094738347.0,1161674.7703950927,1161675.0,1161675.0,1161675.0,1161675.0,all valid TSETMC Bank Maskan mortgage-facility certificates traded that day,Derived from standardized TSETMC instrument-day observations
2024-08-28,1403/06/07,1403,6,7,1,4904.0,256891.0,303114049667.0,1179932.538185456,1179932.0,1179932.0,1179932.0,1179932.0,all valid TSETMC Bank Maskan mortgage-facility certificates traded that day,Derived from standardized TSETMC instrument-day observations
2024-08-31,1403/06/10,1403,6,10,1,5433.0,288758.0,340459155449.0,1179046.6600024935,1179047.0,1179047.0,1179047.0,1179047.0,all valid TSETMC Bank Maskan mortgage-facility certificates traded that day,Derived from standardized TSETMC instrument-day observations
2024-09-01,1403/06/11,1403,6,11,1,4525.0,292095.0,345715710365.0,1183572.845700885,1183573.0,1183573.0,1183573.0,1183573.0,all valid TSETMC Bank Maskan mortgage-facility certificates traded that day,Derived from standardized TSETMC instrument-day observations
2024-09-03,1403/06/13,1403,6,13,1,4038.0,235286.0,282351197627.0,1200033.9910874425,1200034.0,1200034.0,1200034.0,1200034.0,all valid TSETMC Bank Maskan mortgage-facility certificates traded that day,Derived from standardized TSETMC instrument-day observations
2024-09-07,1403/06/17,1403,6,17,1,4916.0,261428.0,312387369122.0,1194926.9746239881,1194927.0,1194927.0,1194927.0,1194927.0,all valid TSETMC Bank Maskan mortgage-facility certificates traded that day,Derived from standardized TSETMC instrument-day observations
2024-09-08,1403/06/18,1403,6,18,1,4212.0,250680.0,297627792773.0,1187281.7646920376,1187282.0,1187282.0,1187282.0,1187282.0,all valid TSETMC Bank Maskan mortgage-facility certificates traded that day,Derived from standardized TSETMC instrument-day observations
2024-09-09,1403/06/19,1403,6,19,1,658.0,349227.0,393899419386.0,1127918.0,1127918.0,1127918.0,1127918.0,1127918.0,all valid TSETMC Bank Maskan mortgage-facility certificates traded that day,Derived from standardized TSETMC instrument-day observations
2024-09-10,1403/06/20,1403,6,20,1,2594.0,230081.0,263417501929.0,1144890.2861557452,1144890.0,1144890.0,1144890.0,1144890.0,all valid TSETMC Bank Maskan mortgage-facility certificates traded that day,Derived from standardized TSETMC instrument-day observations
2024-09-11,1403/06/21,1403,6,21,1,2352.0,196227.0,229536241933.0,1169748.5154081753,1169748.0,1169748.0,1169748.0,1169748.0,all valid TSETMC Bank Maskan mortgage-facility certificates traded that day,Derived from standardized TSETMC instrument-day observations
2024-09-14,1403/06/24,1403,6,24,1,2082.0,180806.0,208160276546.0,1151290.756645244,1151291.0,1151291.0,1151291.0,1151291.0,all valid TSETMC Bank Maskan mortgage-facility certificates traded that day,Derived from standardized TSETMC instrument-day observations
2024-09-15,1403/06/25,1403,6,25,1,2082.0,216776.0,248796409411.0,1147711.9672426837,1147712.0,1147712.0,1147712.0,1147712.0,all valid TSETMC Bank Maskan mortgage-facility certificates traded that day,Derived from standardized TSETMC instrument-day observations
2024-09-16,1403/06/26,1403,6,26,1,1680.0,174601.0,198158147926.0,1134919.8912148268,1134920.0,1134920.0,1134920.0,1134920.0,all valid TSETMC Bank Maskan mortgage-facility certificates traded that day,Derived from standardized TSETMC instrument-day observations
2024-09-17,1403/06/27,1403,6,27,1,1712.0,166798.0,191519167617.0,1148210.2160517513,1148210.0,1148210.0,1148210.0,1148210.0,all valid TSETMC Bank Maskan mortgage-facility certificates traded that day,Derived from standardized TSETMC instrument-day observations
2024-09-18,1403/06/28,1403,6,28,1,1890.0,125037.0,143581666028.0,1148313.427449475,1148313.0,1148313.0,1148313.0,1148313.0,all valid TSETMC Bank Maskan mortgage-facility certificates traded that day,Derived from standardized TSETMC instrument-day observations
2024-09-22,1403/07/01,1403,7,1,1,1197.0,385558.0,420604451084.0,1090898.0,1090898.0,1090898.0,1090898.0,1090898.0,all valid TSETMC Bank Maskan mortgage-facility certificates traded that day,Derived from standardized TSETMC instrument-day observations
2024-09-23,1403/07/02,1403,7,2,1,1384.0,472904.0,490095952016.0,1036354.0,1036354.0,1036354.0,1036354.0,1036354.0,all valid TSETMC Bank Maskan mortgage-facility certificates traded that day,Derived from standardized TSETMC instrument-day observations
2024-09-24,1403/07/03,1403,7,3,1,3156.0,589007.0,582290178564.0,988596.363988883,988596.0,988596.0,988596.0,988596.0,all valid TSETMC Bank Maskan mortgage-facility certificates traded that day,Derived from standardized TSETMC instrument-day observations
2024-09-25,1403/07/04,1403,7,4,1,4335.0,537019.0,537211971302.0,1000359.3379414881,1000359.0,1000359.0,1000359.0,1000359.0,all valid TSETMC Bank Maskan mortgage-facility certificates traded that day,Derived from standardized TSETMC instrument-day observations
2024-09-28,1403/07/07,1403,7,7,1,4904.0,431793.0,433814855357.0,1004682.4644146616,1004682.0,1004682.0,1004682.0,1004682.0,all valid TSETMC Bank Maskan mortgage-facility certificates traded that day,Derived from standardized TSETMC instrument-day observations
2024-09-29,1403/07/08,1403,7,8,1,4866.0,268005.0,279547758024.0,1043069.1890972183,1043069.0,1043069.0,1043069.0,1043069.0,all valid TSETMC Bank Maskan mortgage-facility certificates traded that day,Derived from standardized TSETMC instrument-day observations
2024-09-30,1403/07/09,1403,7,9,1,4535.0,246196.0,269483111911.0,1094587.6939958406,1094588.0,1094588.0,1094588.0,1094588.0,all valid TSETMC Bank Maskan mortgage-facility certificates traded that day,Derived from standardized TSETMC instrument-day observations
2024-10-01,1403/07/10,1403,7,10,1,5212.0,339003.0,388283613762.0,1145369.255617207,1145369.0,1145369.0,1145369.0,1145369.0,all valid TSETMC Bank Maskan mortgage-facility certificates traded that day,Derived from standardized TSETMC instrument-day observations
2024-10-02,1403/07/11,1403,7,11,1,5177.0,317908.0,364479674673.0,1146494.1891144607,1146494.0,1146494.0,1146494.0,1146494.0,all valid TSETMC Bank Maskan mortgage-facility certificates traded that day,Derived from standardized TSETMC instrument-day observations
2024-10-05,1403/07/14,1403,7,14,1,4787.0,284975.0,323229420500.0,1134237.8120887796,1134238.0,1134238.0,1134238.0,1134238.0,all valid TSETMC Bank Maskan mortgage-facility certificates traded that day,Derived from standardized TSETMC instrument-day observations
2024-10-06,1403/07/15,1403,7,15,1,3725.0,217892.0,246546566860.0,1131508.1180584878,1131508.0,1131508.0,1131508.0,1131508.0,all valid TSETMC Bank Maskan mortgage-facility certificates traded that day,Derived from standardized TSETMC instrument-day observations
2024-10-07,1403/07/16,1403,7,16,1,4035.0,282133.0,319463976256.0,1132316.9436258785,1132317.0,1132317.0,1132317.0,1132317.0,all valid TSETMC Bank Maskan mortgage-facility certificates traded that day,Derived from standardized TSETMC instrument-day observations
2024-10-08,1403/07/17,1403,7,17,1,3040.0,229309.0,260163255935.0,1134553.1834119027,1134553.0,1134553.0,1134553.0,1134553.0,all valid TSETMC Bank Maskan mortgage-facility certificates traded that day,Derived from standardized TSETMC instrument-day observations
2024-10-09,1403/07/18,1403,7,18,1,3132.0,265138.0,299254490702.0,1128674.4665117788,1128674.0,1128674.0,1128674.0,1128674.0,all valid TSETMC Bank Maskan mortgage-facility certificates traded that day,Derived from standardized TSETMC instrument-day observations
2024-10-12,1403/07/21,1403,7,21,1,3241.0,274768.0,310764090199.0,1131005.3943654282,1131005.0,1131005.0,1131005.0,1131005.0,all valid TSETMC Bank Maskan mortgage-facility certificates traded that day,Derived from standardized TSETMC instrument-day observations
2024-10-13,1403/07/22,1403,7,22,1,2396.0,225517.0,256272163548.0,1136376.253444308,1136376.0,1136376.0,1136376.0,1136376.0,all valid TSETMC Bank Maskan mortgage-facility certificates traded that day,Derived from standardized TSETMC instrument-day observations
2024-10-14,1403/07/23,1403,7,23,1,2747.0,262163.0,295673912429.0,1127824.7213718183,1127825.0,1127825.0,1127825.0,1127825.0,all valid TSETMC Bank Maskan mortgage-facility certificates traded that day,Derived from standardized TSETMC instrument-day observations
2024-10-15,1403/07/24,1403,7,24,1,2294.0,229677.0,259236612951.0,1128700.7969931688,1128701.0,1128701.0,1128701.0,1128701.0,all valid TSETMC Bank Maskan mortgage-facility certificates traded that day,Derived from standardized TSETMC instrument-day observations
2024-10-16,1403/07/25,1403,7,25,1,2299.0,245295.0,274955318232.0,1120916.9295419801,1120917.0,1120917.0,1120917.0,1120917.0,all valid TSETMC Bank Maskan mortgage-facility certificates traded that day,Derived from standardized TSETMC instrument-day observations
2024-10-19,1403/07/28,1403,7,28,1,2158.0,223283.0,248435225139.0,1112647.2912805723,1112647.0,1112647.0,1112647.0,1112647.0,all valid TSETMC Bank Maskan mortgage-facility certificates traded that day,Derived from standardized TSETMC instrument-day observations
2024-10-20,1403/07/29,1403,7,29,1,2258.0,222942.0,251281490466.0,1127115.9784428237,1127116.0,1127116.0,1127116.0,1127116.0,all valid TSETMC Bank Maskan mortgage-facility certificates traded that day,Derived from standardized TSETMC instrument-day observations
2024-10-21,1403/07/30,1403,7,30,1,782.0,274337.0,293749360457.0,1070761.0,1070761.0,1070761.0,1070761.0,1070761.0,all valid TSETMC Bank Maskan mortgage-facility certificates traded that day,Derived from standardized TSETMC instrument-day observations
2024-10-22,1403/08/01,1403,8,1,1,1555.0,616192.0,626804674816.0,1017223.0,1017223.0,1017223.0,1017223.0,1017223.0,all valid TSETMC Bank Maskan mortgage-facility certificates traded that day,Derived from standardized TSETMC instrument-day observations
2024-10-23,1403/08/02,1403,8,2,1,3897.0,886735.0,858788690396.0,968484.0345717717,968484.0,968484.0,968484.0,968484.0,all valid TSETMC Bank Maskan mortgage-facility certificates traded that day,Derived from standardized TSETMC instrument-day observations
2024-10-26,1403/08/05,1403,8,5,1,5105.0,291224.0,296111506100.0,1016782.6350163448,1016783.0,1016783.0,1016783.0,1016783.0,all valid TSETMC Bank Maskan mortgage-facility certificates traded that day,Derived from standardized TSETMC instrument-day observations
2024-10-27,1403/08/06,1403,8,6,1,5084.0,443835.0,473848010370.0,1067622.0,1067622.0,1067622.0,1067622.0,1067622.0,all valid TSETMC Bank Maskan mortgage-facility certificates traded that day,Derived from standardized TSETMC instrument-day observations
2024-10-28,1403/08/07,1403,8,7,1,7242.0,462328.0,518271074984.0,1121003.0,1121003.0,1121003.0,1121003.0,1121003.0,all valid TSETMC Bank Maskan mortgage-facility certificates traded that day,Derived from standardized TSETMC instrument-day observations
2024-10-29,1403/08/08,1403,8,8,1,7672.0,427795.0,479639856100.0,1121190.888392805,1121191.0,1121191.0,1121191.0,1121191.0,all valid TSETMC Bank Maskan mortgage-facility certificates traded that day,Derived from standardized TSETMC instrument-day observations
2024-10-30,1403/08/09,1403,8,9,1,5008.0,307869.0,343010880390.0,1114145.5631778452,1114146.0,1114146.0,1114146.0,1114146.0,all valid TSETMC Bank Maskan mortgage-facility certificates traded that day,Derived from standardized TSETMC instrument-day observations
2024-11-02,1403/08/12,1403,8,12,1,4855.0,310128.0,343892543190.0,1108872.9272751897,1108873.0,1108873.0,1108873.0,1108873.0,all valid TSETMC Bank Maskan mortgage-facility certificates traded that day,Derived from standardized TSETMC instrument-day observations
2024-11-03,1403/08/13,1403,8,13,1,3925.0,308358.0,341643322999.0,1107943.7634146025,1107944.0,1107944.0,1107944.0,1107944.0,all valid TSETMC Bank Maskan mortgage-facility certificates traded that day,Derived from standardized TSETMC instrument-day observations
2024-11-04,1403/08/14,1403,8,14,1,3723.0,269560.0,298786185339.0,1108421.8182927733,1108422.0,1108422.0,1108422.0,1108422.0,all valid TSETMC Bank Maskan mortgage-facility certificates traded that day,Derived from standardized TSETMC instrument-day observations
2024-11-05,1403/08/15,1403,8,15,1,3150.0,249644.0,278464796522.0,1115447.5834468282,1115448.0,1115448.0,1115448.0,1115448.0,all valid TSETMC Bank Maskan mortgage-facility certificates traded that day,Derived from standardized TSETMC instrument-day observations
2024-11-06,1403/08/16,1403,8,16,1,3168.0,285962.0,320972040711.0,1122428.9965484925,1122429.0,1122429.0,1122429.0,1122429.0,all valid TSETMC Bank Maskan mortgage-facility certificates traded that day,Derived from standardized TSETMC instrument-day observations
2024-11-09,1403/08/19,1403,8,19,1,4206.0,356794.0,401525364876.0,1125370.283345572,1125370.0,1125370.0,1125370.0,1125370.0,all valid TSETMC Bank Maskan mortgage-facility certificates traded that day,Derived from standardized TSETMC instrument-day observations
2024-11-10,1403/08/20,1403,8,20,1,3093.0,276080.0,308887327996.0,1118832.6861634308,1118833.0,1118833.0,1118833.0,1118833.0,all valid TSETMC Bank Maskan mortgage-facility certificates traded that day,Derived from standardized TSETMC instrument-day observations
2024-11-11,1403/08/21,1403,8,21,1,2982.0,307780.0,345920961591.0,1123922.8071707063,1123923.0,1123923.0,1123923.0,1123923.0,all valid TSETMC Bank Maskan mortgage-facility certificates traded that day,Derived from standardized TSETMC instrument-day observations
2024-11-12,1403/08/22,1403,8,22,1,2176.0,190313.0,213075329168.0,1119604.6994582608,1119605.0,1119605.0,1119605.0,1119605.0,all valid TSETMC Bank Maskan mortgage-facility certificates traded that day,Derived from standardized TSETMC instrument-day observations
2024-11-13,1403/08/23,1403,8,23,1,3033.0,298477.0,335901565100.0,1125385.088633295,1125385.0,1125385.0,1125385.0,1125385.0,all valid TSETMC Bank Maskan mortgage-facility certificates traded that day,Derived from standardized TSETMC instrument-day observations
2024-11-16,1403/08/26,1403,8,26,1,2944.0,295570.0,333985419491.0,1129970.6312920798,1129971.0,1129971.0,1129971.0,1129971.0,all valid TSETMC Bank Maskan mortgage-facility certificates traded that day,Derived from standardized TSETMC instrument-day observations
2024-11-17,1403/08/27,1403,8,27,1,2428.0,241448.0,272556478489.0,1128841.3177537192,1128841.0,1128841.0,1128841.0,1128841.0,all valid TSETMC Bank Maskan mortgage-facility certificates traded that day,Derived from standardized TSETMC instrument-day observations
2024-11-18,1403/08/28,1403,8,28,1,2115.0,246075.0,277649438537.0,1128312.256576247,1128312.0,1128312.0,1128312.0,1128312.0,all valid TSETMC Bank Maskan mortgage-facility certificates traded that day,Derived from standardized TSETMC instrument-day observations
2024-11-19,1403/08/29,1403,8,29,1,2079.0,186967.0,212288577802.0,1135433.4069755625,1135433.0,1135433.0,1135433.0,1135433.0,all valid TSETMC Bank Maskan mortgage-facility certificates traded that day,Derived from standardized TSETMC instrument-day observations
2024-11-20,1403/08/30,1403,8,30,1,731.0,372155.0,401429456610.0,1078662.0,1078662.0,1078662.0,1078662.0,1078662.0,all valid TSETMC Bank Maskan mortgage-facility certificates traded that day,Derived from standardized TSETMC instrument-day observations
2024-11-23,1403/09/03,1403,9,3,1,5305.0,1129908.0,1165895018476.0,1031849.512062929,1031849.0,1031849.0,1031849.0,1031849.0,all valid TSETMC Bank Maskan mortgage-facility certificates traded that day,Derived from standardized TSETMC instrument-day observations
2024-11-24,1403/09/04,1403,9,4,1,3412.0,425043.0,453808058447.0,1067675.6432807974,1067676.0,1067676.0,1067676.0,1067676.0,all valid TSETMC Bank Maskan mortgage-facility certificates traded that day,Derived from standardized TSETMC instrument-day observations
2024-11-25,1403/09/05,1403,9,5,1,10814.0,713705.0,800093121147.0,1121041.7765701516,1121042.0,1121042.0,1121042.0,1121042.0,all valid TSETMC Bank Maskan mortgage-facility certificates traded that day,Derived from standardized TSETMC instrument-day observations
2024-11-26,1403/09/06,1403,9,6,1,8312.0,456974.0,514519628637.0,1125927.5771422444,1125928.0,1125928.0,1125928.0,1125928.0,all valid TSETMC Bank Maskan mortgage-facility certificates traded that day,Derived from standardized TSETMC instrument-day observations
2024-11-27,1403/09/07,1403,9,7,1,6318.0,377473.0,424698913607.0,1125110.706214749,1125111.0,1125111.0,1125111.0,1125111.0,all valid TSETMC Bank Maskan mortgage-facility certificates traded that day,Derived from standardized TSETMC instrument-day observations
2024-11-30,1403/09/10,1403,9,10,1,6002.0,356793.0,400567066548.0,1122687.571079029,1122688.0,1122688.0,1122688.0,1122688.0,all valid TSETMC Bank Maskan mortgage-facility certificates traded that day,Derived from standardized TSETMC instrument-day observations
2024-12-01,1403/09/11,1403,9,11,1,4466.0,404030.0,450062505131.0,1113933.3839838626,1113933.0,1113933.0,1113933.0,1113933.0,all valid TSETMC Bank Maskan mortgage-facility certificates traded that day,Derived from standardized TSETMC instrument-day observations
2024-12-02,1403/09/12,1403,9,12,1,4108.0,356933.0,398317365949.0,1115944.3535593515,1115944.0,1115944.0,1115944.0,1115944.0,all valid TSETMC Bank Maskan mortgage-facility certificates traded that day,Derived from standardized TSETMC instrument-day observations
2024-12-03,1403/09/13,1403,9,13,1,4159.0,295246.0,331145108324.0,1121590.4985131044,1121590.0,1121590.0,1121590.0,1121590.0,all valid TSETMC Bank Maskan mortgage-facility certificates traded that day,Derived from standardized TSETMC instrument-day observations
2024-12-04,1403/09/14,1403,9,14,1,3818.0,301498.0,339617384631.0,1126433.2918659493,1126433.0,1126433.0,1126433.0,1126433.0,all valid TSETMC Bank Maskan mortgage-facility certificates traded that day,Derived from standardized TSETMC instrument-day observations
2024-12-07,1403/09/17,1403,9,17,1,3956.0,337493.0,379975079370.0,1125875.4385127989,1125875.0,1125875.0,1125875.0,1125875.0,all valid TSETMC Bank Maskan mortgage-facility certificates traded that day,Derived from standardized TSETMC instrument-day observations
2024-12-08,1403/09/18,1403,9,18,1,3647.0,384380.0,433452515570.0,1127666.672485561,1127667.0,1127667.0,1127667.0,1127667.0,all valid TSETMC Bank Maskan mortgage-facility certificates traded that day,Derived from standardized TSETMC instrument-day observations
2024-12-09,1403/09/19,1403,9,19,1,3259.0,314104.0,354353144569.0,1128139.5479490869,1128139.0,1128139.0,1128139.0,1128139.0,all valid TSETMC Bank Maskan mortgage-facility certificates traded that day,Derived from standardized TSETMC instrument-day observations
2024-12-10,1403/09/20,1403,9,20,1,3102.0,316304.0,358633671550.0,1133825.9128876019,1133826.0,1133826.0,1133826.0,1133826.0,all valid TSETMC Bank Maskan mortgage-facility certificates traded that day,Derived from standardized TSETMC instrument-day observations
2024-12-11,1403/09/21,1403,9,21,1,2496.0,210032.0,239547634940.0,1140529.228593738,1140529.0,1140529.0,1140529.0,1140529.0,all valid TSETMC Bank Maskan mortgage-facility certificates traded that day,Derived from standardized TSETMC instrument-day observations
2024-12-14,1403/09/24,1403,9,24,1,3653.0,352506.0,403982883809.0,1146031.227295422,1146031.0,1146031.0,1146031.0,1146031.0,all valid TSETMC Bank Maskan mortgage-facility certificates traded that day,Derived from standardized TSETMC instrument-day observations
2024-12-15,1403/09/25,1403,9,25,1,1277.0,103075.0,119152332326.0,1155977.029599806,1155977.0,1155977.0,1155977.0,1155977.0,all valid TSETMC Bank Maskan mortgage-facility certificates traded that day,Derived from standardized TSETMC instrument-day observations
2024-12-16,1403/09/26,1403,9,26,1,849.0,63773.0,73578847912.0,1153761.7473225347,1153762.0,1153762.0,1153762.0,1153762.0,all valid TSETMC Bank Maskan mortgage-facility certificates traded that day,Derived from standardized TSETMC instrument-day observations
2024-12-17,1403/09/27,1403,9,27,1,1300.0,126984.0,145865972835.0,1148695.6847713098,1148696.0,1148696.0,1148696.0,1148696.0,all valid TSETMC Bank Maskan mortgage-facility certificates traded that day,Derived from standardized TSETMC instrument-day observations
2024-12-18,1403/09/28,1403,9,28,1,618.0,333940.0,364416032280.0,1091262.0,1091262.0,1091262.0,1091262.0,1091262.0,all valid TSETMC Bank Maskan mortgage-facility certificates traded that day,Derived from standardized TSETMC instrument-day observations
2024-12-21,1403/10/01,1403,10,1,1,1635.0,613185.0,635688276315.0,1036699.0,1036699.0,1036699.0,1036699.0,1036699.0,all valid TSETMC Bank Maskan mortgage-facility certificates traded that day,Derived from standardized TSETMC instrument-day observations
2024-12-22,1403/10/02,1403,10,2,1,6170.0,1067744.0,1103054597712.0,1033070.2843677886,1033070.0,1033070.0,1033070.0,1033070.0,all valid TSETMC Bank Maskan mortgage-facility certificates traded that day,Derived from standardized TSETMC instrument-day observations
2024-12-23,1403/10/03,1403,10,3,1,5373.0,535527.0,580896732932.0,1084719.7861769807,1084720.0,1084720.0,1084720.0,1084720.0,all valid TSETMC Bank Maskan mortgage-facility certificates traded that day,Derived from standardized TSETMC instrument-day observations
2024-12-24,1403/10/04,1403,10,4,1,10410.0,642241.0,725433612467.0,1129534.8824927092,1129535.0,1129535.0,1129535.0,1129535.0,all valid TSETMC Bank Maskan mortgage-facility certificates traded that day,Derived from standardized TSETMC instrument-day observations
2024-12-25,1403/10/05,1403,10,5,1,5224.0,342641.0,385714168950.0,1125709.3253580278,1125709.0,1125709.0,1125709.0,1125709.0,all valid TSETMC Bank Maskan mortgage-facility certificates traded that day,Derived from standardized TSETMC instrument-day observations
2024-12-28,1403/10/08,1403,10,8,1,6818.0,440984.0,494946362392.0,1122368.0731999348,1122368.0,1122368.0,1122368.0,1122368.0,all valid TSETMC Bank Maskan mortgage-facility certificates traded that day,Derived from standardized TSETMC instrument-day observations
2024-12-29,1403/10/09,1403,10,9,1,6292.0,407072.0,459039435418.0,1127661.5326477871,1127661.0,1127661.0,1127661.0,1127661.0,all valid TSETMC Bank Maskan mortgage-facility certificates traded that day,Derived from standardized TSETMC instrument-day observations
2024-12-30,1403/10/10,1403,10,10,1,5172.0,392553.0,443682728827.0,1130249.2372418502,1130249.0,1130249.0,1130249.0,1130249.0,all valid TSETMC Bank Maskan mortgage-facility certificates traded that day,Derived from standardized TSETMC instrument-day observations
2024-12-31,1403/10/11,1403,10,11,1,4614.0,357103.0,405763842409.0,1136265.5659823637,1136266.0,1136266.0,1136266.0,1136266.0,all valid TSETMC Bank Maskan mortgage-facility certificates traded that day,Derived from standardized TSETMC instrument-day observations
2025-01-01,1403/10/12,1403,10,12,1,4817.0,391212.0,446555234528.0,1141466.0964592088,1141466.0,1141466.0,1141466.0,1141466.0,all valid TSETMC Bank Maskan mortgage-facility certificates traded that day,Derived from standardized TSETMC instrument-day observations
2025-01-04,1403/10/15,1403,10,15,1,5122.0,420787.0,482143964606.0,1145814.7818397433,1145815.0,1145815.0,1145815.0,1145815.0,all valid TSETMC Bank Maskan mortgage-facility certificates traded that day,Derived from standardized TSETMC instrument-day observations
2025-01-05,1403/10/16,1403,10,16,1,4999.0,354714.0,404021562823.0,1139006.5315239883,1139006.0,1139006.0,1139006.0,1139006.0,all valid TSETMC Bank Maskan mortgage-facility certificates traded that day,Derived from standardized TSETMC instrument-day observations
2025-01-06,1403/10/17,1403,10,17,1,3584.0,284571.0,322692567415.0,1133961.5330269071,1133961.0,1133961.0,1133961.0,1133961.0,all valid TSETMC Bank Maskan mortgage-facility certificates traded that day,Derived from standardized TSETMC instrument-day observations
2025-01-07,1403/10/18,1403,10,18,1,3176.0,320318.0,363373620408.0,1134415.2386316098,1134415.0,1134415.0,1134415.0,1134415.0,all valid TSETMC Bank Maskan mortgage-facility certificates traded that day,Derived from standardized TSETMC instrument-day observations
2025-01-08,1403/10/19,1403,10,19,1,2559.0,228852.0,260157125672.0,1136792.0126195096,1136792.0,1136792.0,1136792.0,1136792.0,all valid TSETMC Bank Maskan mortgage-facility certificates traded that day,Derived from standardized TSETMC instrument-day observations
2025-01-11,1403/10/22,1403,10,22,1,1793.0,180240.0,206999317581.0,1148464.9222203728,1148465.0,1148465.0,1148465.0,1148465.0,all valid TSETMC Bank Maskan mortgage-facility certificates traded that day,Derived from standardized TSETMC instrument-day observations
2025-01-12,1403/10/23,1403,10,23,1,4185.0,435820.0,500002533388.0,1147268.4442843376,1147268.0,1147268.0,1147268.0,1147268.0,all valid TSETMC Bank Maskan mortgage-facility certificates traded that day,Derived from standardized TSETMC instrument-day observations
2025-01-13,1403/10/24,1403,10,24,1,3178.0,332214.0,380773304240.0,1146168.7473736808,1146169.0,1146169.0,1146169.0,1146169.0,all valid TSETMC Bank Maskan mortgage-facility certificates traded that day,Derived from standardized TSETMC instrument-day observations
2025-01-15,1403/10/26,1403,10,26,1,2517.0,282869.0,322727896163.0,1140909.3826576967,1140909.0,1140909.0,1140909.0,1140909.0,all valid TSETMC Bank Maskan mortgage-facility certificates traded that day,Derived from standardized TSETMC instrument-day observations
2025-01-18,1403/10/29,1403,10,29,1,3094.0,297294.0,339984346416.0,1143596.3941956447,1143596.0,1143596.0,1143596.0,1143596.0,all valid TSETMC Bank Maskan mortgage-facility certificates traded that day,Derived from standardized TSETMC instrument-day observations
2025-01-19,1403/10/30,1403,10,30,1,1588.0,711988.0,773515866996.0,1086417.0,1086417.0,1086417.0,1086417.0,1086417.0,all valid TSETMC Bank Maskan mortgage-facility certificates traded that day,Derived from standardized TSETMC instrument-day observations
2025-01-20,1403/11/01,1403,11,1,1,9105.0,1160611.0,1262877354421.0,1088114.2384666353,1088114.0,1088114.0,1088114.0,1088114.0,all valid TSETMC Bank Maskan mortgage-facility certificates traded that day,Derived from standardized TSETMC instrument-day observations
2025-01-21,1403/11/02,1403,11,2,1,6720.0,941412.0,1047842763325.0,1113054.3941706712,1113054.0,1113054.0,1113054.0,1113054.0,all valid TSETMC Bank Maskan mortgage-facility certificates traded that day,Derived from standardized TSETMC instrument-day observations
2025-01-22,1403/11/03,1403,11,3,1,8390.0,635165.0,715096012616.0,1125842.9110797981,1125843.0,1125843.0,1125843.0,1125843.0,all valid TSETMC Bank Maskan mortgage-facility certificates traded that day,Derived from standardized TSETMC instrument-day observations
2025-01-25,1403/11/06,1403,11,6,1,9654.0,708684.0,802329043482.0,1132139.350517297,1132139.0,1132139.0,1132139.0,1132139.0,all valid TSETMC Bank Maskan mortgage-facility certificates traded that day,Derived from standardized TSETMC instrument-day observations
2025-01-26,1403/11/07,1403,11,7,1,7377.0,528999.0,602221932097.0,1138417.9026746743,1138418.0,1138418.0,1138418.0,1138418.0,all valid TSETMC Bank Maskan mortgage-facility certificates traded that day,Derived from standardized TSETMC instrument-day observations
2025-01-27,1403/11/08,1403,11,8,1,6738.0,510780.0,584832488485.0,1144979.2248815538,1144979.0,1144979.0,1144979.0,1144979.0,all valid TSETMC Bank Maskan mortgage-facility certificates traded that day,Derived from standardized TSETMC instrument-day observations
2025-01-29,1403/11/10,1403,11,10,1,5814.0,446595.0,513755504187.0,1150383.4664225976,1150383.0,1150383.0,1150383.0,1150383.0,all valid TSETMC Bank Maskan mortgage-facility certificates traded that day,Derived from standardized TSETMC instrument-day observations
2025-02-01,1403/11/13,1403,11,13,1,7307.0,583106.0,675544580326.0,1158527.9182961588,1158528.0,1158528.0,1158528.0,1158528.0,all valid TSETMC Bank Maskan mortgage-facility certificates traded that day,Derived from standardized TSETMC instrument-day observations
2025-02-02,1403/11/14,1403,11,14,1,6809.0,515637.0,617989583212.0,1198497.3599877434,1198497.0,1198497.0,1198497.0,1198497.0,all valid TSETMC Bank Maskan mortgage-facility certificates traded that day,Derived from standardized TSETMC instrument-day observations
2025-02-03,1403/11/15,1403,11,15,1,4996.0,455770.0,556045351259.0,1220013.0575926455,1220013.0,1220013.0,1220013.0,1220013.0,all valid TSETMC Bank Maskan mortgage-facility certificates traded that day,Derived from standardized TSETMC instrument-day observations
2025-02-04,1403/11/16,1403,11,16,1,4765.0,437555.0,527319919807.0,1205151.169126167,1205151.0,1205151.0,1205151.0,1205151.0,all valid TSETMC Bank Maskan mortgage-facility certificates traded that day,Derived from standardized TSETMC instrument-day observations
2025-02-05,1403/11/17,1403,11,17,1,3939.0,389766.0,471364152556.0,1209351.6431807803,1209352.0,1209352.0,1209352.0,1209352.0,all valid TSETMC Bank Maskan mortgage-facility certificates traded that day,Derived from standardized TSETMC instrument-day observations
2025-02-09,1403/11/21,1403,11,21,1,3592.0,413124.0,507961048552.0,1229560.733707071,1229561.0,1229561.0,1229561.0,1229561.0,all valid TSETMC Bank Maskan mortgage-facility certificates traded that day,Derived from standardized TSETMC instrument-day observations
2025-02-11,1403/11/23,1403,11,23,1,4422.0,454195.0,567438972843.0,1249328.9728927002,1249329.0,1249329.0,1249329.0,1249329.0,all valid TSETMC Bank Maskan mortgage-facility certificates traded that day,Derived from standardized TSETMC instrument-day observations
2025-02-15,1403/11/27,1403,11,27,1,5529.0,583818.0,725797732472.0,1243191.7694761038,1243192.0,1243192.0,1243192.0,1243192.0,all valid TSETMC Bank Maskan mortgage-facility certificates traded that day,Derived from standardized TSETMC instrument-day observations
2025-02-16,1403/11/28,1403,11,28,1,3948.0,447583.0,556717948720.0,1243831.755719051,1243832.0,1243832.0,1243832.0,1243832.0,all valid TSETMC Bank Maskan mortgage-facility certificates traded that day,Derived from standardized TSETMC instrument-day observations
2025-02-17,1403/11/29,1403,11,29,1,788.0,447200.0,528429855200.0,1181641.0,1181641.0,1181641.0,1181641.0,1181641.0,all valid TSETMC Bank Maskan mortgage-facility certificates traded that day,Derived from standardized TSETMC instrument-day observations
2025-02-18,1403/11/30,1403,11,30,1,6676.0,1150364.0,1297527903926.0,1127928.1200785143,1127928.0,1127928.0,1127928.0,1127928.0,all valid TSETMC Bank Maskan mortgage-facility certificates traded that day,Derived from standardized TSETMC instrument-day observations
2025-02-19,1403/12/01,1403,12,1,1,9839.0,1100057.0,1273472751455.0,1157642.514392436,1157642.0,1157642.0,1157642.0,1157642.0,all valid TSETMC Bank Maskan mortgage-facility certificates traded that day,Derived from standardized TSETMC instrument-day observations
2025-02-22,1403/12/04,1403,12,4,1,10482.0,712771.0,822425039192.0,1153841.8919849433,1153842.0,1153842.0,1153842.0,1153842.0,all valid TSETMC Bank Maskan mortgage-facility certificates traded that day,Derived from standardized TSETMC instrument-day observations
2025-02-23,1403/12/05,1403,12,5,1,9599.0,690213.0,814027159853.0,1179385.435877041,1179385.0,1179385.0,1179385.0,1179385.0,all valid TSETMC Bank Maskan mortgage-facility certificates traded that day,Derived from standardized TSETMC instrument-day observations
2025-02-24,1403/12/06,1403,12,6,1,4073.0,234088.0,282798990730.0,1208088.3715952975,1208088.0,1208088.0,1208088.0,1208088.0,all valid TSETMC Bank Maskan mortgage-facility certificates traded that day,Derived from standardized TSETMC instrument-day observations
2025-02-25,1403/12/07,1403,12,7,1,3894.0,234558.0,285807209224.0,1218492.6935939086,1218493.0,1218493.0,1218493.0,1218493.0,all valid TSETMC Bank Maskan mortgage-facility certificates traded that day,Derived from standardized TSETMC instrument-day observations
2025-02-26,1403/12/08,1403,12,8,1,7306.0,582122.0,695669923476.0,1195058.6362927358,1195059.0,1195059.0,1195059.0,1195059.0,all valid TSETMC Bank Maskan mortgage-facility certificates traded that day,Derived from standardized TSETMC instrument-day observations
2025-03-01,1403/12/11,1403,12,11,1,8625.0,609218.0,725443342514.0,1190777.919421291,1190778.0,1190778.0,1190778.0,1190778.0,all valid TSETMC Bank Maskan mortgage-facility certificates traded that day,Derived from standardized TSETMC instrument-day observations
2025-03-02,1403/12/12,1403,12,12,1,6379.0,573342.0,679599180271.0,1185329.489678063,1185329.0,1185329.0,1185329.0,1185329.0,all valid TSETMC Bank Maskan mortgage-facility certificates traded that day,Derived from standardized TSETMC instrument-day observations
2025-03-03,1403/12/13,1403,12,13,1,5573.0,487519.0,576130372486.0,1181759.8339469847,1181760.0,1181760.0,1181760.0,1181760.0,all valid TSETMC Bank Maskan mortgage-facility certificates traded that day,Derived from standardized TSETMC instrument-day observations
2025-03-04,1403/12/14,1403,12,14,1,4138.0,447413.0,527670445200.0,1179381.1203518896,1179381.0,1179381.0,1179381.0,1179381.0,all valid TSETMC Bank Maskan mortgage-facility certificates traded that day,Derived from standardized TSETMC instrument-day observations
2025-03-05,1403/12/15,1403,12,15,1,4558.0,486552.0,574883214514.0,1181545.2706267778,1181545.0,1181545.0,1181545.0,1181545.0,all valid TSETMC Bank Maskan mortgage-facility certificates traded that day,Derived from standardized TSETMC instrument-day observations
2025-03-08,1403/12/18,1403,12,18,1,5220.0,553708.0,657777701899.0,1187950.5116397091,1187950.0,1187950.0,1187950.0,1187950.0,all valid TSETMC Bank Maskan mortgage-facility certificates traded that day,Derived from standardized TSETMC instrument-day observations
2025-03-09,1403/12/19,1403,12,19,1,4120.0,439234.0,521413402938.0,1187097.0893373464,1187097.0,1187097.0,1187097.0,1187097.0,all valid TSETMC Bank Maskan mortgage-facility certificates traded that day,Derived from standardized TSETMC instrument-day observations
2025-03-10,1403/12/20,1403,12,20,1,3559.0,332152.0,393100590687.0,1183496.0821762325,1183496.0,1183496.0,1183496.0,1183496.0,all valid TSETMC Bank Maskan mortgage-facility certificates traded that day,Derived from standardized TSETMC instrument-day observations
2025-03-11,1403/12/21,1403,12,21,1,3215.0,333811.0,395075647074.0,1183530.9413829981,1183531.0,1183531.0,1183531.0,1183531.0,all valid TSETMC Bank Maskan mortgage-facility certificates traded that day,Derived from standardized TSETMC instrument-day observations
2025-03-12,1403/12/22,1403,12,22,1,3131.0,294138.0,349527254233.0,1188310.433310215,1188310.0,1188310.0,1188310.0,1188310.0,all valid TSETMC Bank Maskan mortgage-facility certificates traded that day,Derived from standardized TSETMC instrument-day observations
2025-03-15,1403/12/25,1403,12,25,1,3324.0,288910.0,342901471343.0,1186879.8980409123,1186880.0,1186880.0,1186880.0,1186880.0,all valid TSETMC Bank Maskan mortgage-facility certificates traded that day,Derived from standardized TSETMC instrument-day observations
2025-03-16,1403/12/26,1403,12,26,1,1885.0,164483.0,193239122290.0,1174827.3213037213,1174827.0,1174827.0,1174827.0,1174827.0,all valid TSETMC Bank Maskan mortgage-facility certificates traded that day,Derived from standardized TSETMC instrument-day observations
2025-03-17,1403/12/27,1403,12,27,1,1419.0,113857.0,133404864988.0,1171687.8627401039,1171688.0,1171688.0,1171688.0,1171688.0,all valid TSETMC Bank Maskan mortgage-facility certificates traded that day,Derived from standardized TSETMC instrument-day observations
2025-03-18,1403/12/28,1403,12,28,1,399.0,128502.0,143036090208.0,1113104.0,1113104.0,1113104.0,1113104.0,1113104.0,all valid TSETMC Bank Maskan mortgage-facility certificates traded that day,Derived from standardized TSETMC instrument-day observations
2025-03-25,1404/01/05,1404,1,5,1,603.0,175307.0,185378211843.0,1057449.0,1057449.0,1057449.0,1057449.0,1057449.0,all valid TSETMC Bank Maskan mortgage-facility certificates traded that day,Derived from standardized TSETMC instrument-day observations
2025-03-26,1404/01/06,1404,1,6,1,843.0,284071.0,285371192967.0,1004577.0,1004577.0,1004577.0,1004577.0,1004577.0,all valid TSETMC Bank Maskan mortgage-facility certificates traded that day,Derived from standardized TSETMC instrument-day observations
2025-03-29,1404/01/09,1404,1,9,1,3712.0,749899.0,729478687463.0,972769.2495429384,972769.0,972769.0,972769.0,972769.0,all valid TSETMC Bank Maskan mortgage-facility certificates traded that day,Derived from standardized TSETMC instrument-day observations
2025-03-30,1404/01/10,1404,1,10,1,2450.0,321598.0,314533820933.0,978034.1324666198,978034.0,978034.0,978034.0,978034.0,all valid TSETMC Bank Maskan mortgage-facility certificates traded that day,Derived from standardized TSETMC instrument-day observations
2025-04-05,1404/01/16,1404,1,16,1,5541.0,388968.0,391239461664.0,1005839.7134571482,1005840.0,1005840.0,1005840.0,1005840.0,all valid TSETMC Bank Maskan mortgage-facility certificates traded that day,Derived from standardized TSETMC instrument-day observations
2025-04-06,1404/01/17,1404,1,17,1,4875.0,372594.0,378686134108.0,1016350.5963810475,1016351.0,1016351.0,1016351.0,1016351.0,all valid TSETMC Bank Maskan mortgage-facility certificates traded that day,Derived from standardized TSETMC instrument-day observations
2025-04-07,1404/01/18,1404,1,18,1,3964.0,293569.0,295247531546.0,1005717.6730036209,1005718.0,1005718.0,1005718.0,1005718.0,all valid TSETMC Bank Maskan mortgage-facility certificates traded that day,Derived from standardized TSETMC instrument-day observations
2025-04-08,1404/01/19,1404,1,19,1,3911.0,278957.0,285637390111.0,1023947.7414476066,1023948.0,1023948.0,1023948.0,1023948.0,all valid TSETMC Bank Maskan mortgage-facility certificates traded that day,Derived from standardized TSETMC instrument-day observations
2025-04-09,1404/01/20,1404,1,20,1,2966.0,226991.0,232887856256.0,1025978.3703142415,1025978.0,1025978.0,1025978.0,1025978.0,all valid TSETMC Bank Maskan mortgage-facility certificates traded that day,Derived from standardized TSETMC instrument-day observations
2025-04-12,1404/01/23,1404,1,23,1,3871.0,295262.0,302806464968.0,1025551.7640874884,1025552.0,1025552.0,1025552.0,1025552.0,all valid TSETMC Bank Maskan mortgage-facility certificates traded that day,Derived from standardized TSETMC instrument-day observations
2025-04-13,1404/01/24,1404,1,24,1,3571.0,270764.0,278974019090.0,1030321.6789898213,1030322.0,1030322.0,1030322.0,1030322.0,all valid TSETMC Bank Maskan mortgage-facility certificates traded that day,Derived from standardized TSETMC instrument-day observations
2025-04-14,1404/01/25,1404,1,25,1,2837.0,245637.0,257380906115.0,1047810.0046613499,1047810.0,1047810.0,1047810.0,1047810.0,all valid TSETMC Bank Maskan mortgage-facility certificates traded that day,Derived from standardized TSETMC instrument-day observations
2025-04-15,1404/01/26,1404,1,26,1,2489.0,204844.0,216146035291.0,1055173.865434184,1055174.0,1055174.0,1055174.0,1055174.0,all valid TSETMC Bank Maskan mortgage-facility certificates traded that day,Derived from standardized TSETMC instrument-day observations
2025-04-16,1404/01/27,1404,1,27,1,3360.0,200965.0,216305705732.0,1076335.2112656434,1076335.0,1076335.0,1076335.0,1076335.0,all valid TSETMC Bank Maskan mortgage-facility certificates traded that day,Derived from standardized TSETMC instrument-day observations
2025-04-19,1404/01/30,1404,1,30,1,2390.0,216068.0,232112720747.0,1074257.7371336801,1074258.0,1074258.0,1074258.0,1074258.0,all valid TSETMC Bank Maskan mortgage-facility certificates traded that day,Derived from standardized TSETMC instrument-day observations
2025-04-20,1404/01/31,1404,1,31,1,2049.0,183866.0,196855887160.0,1070648.663483189,1070649.0,1070649.0,1070649.0,1070649.0,all valid TSETMC Bank Maskan mortgage-facility certificates traded that day,Derived from standardized TSETMC instrument-day observations
2025-04-21,1404/02/01,1404,2,1,2,2972.0,361776.0,376590277935.0,1040948.7581680376,1035702.5,1035702.5,1017117.0,1054288.0,all valid TSETMC Bank Maskan mortgage-facility certificates traded that day,Derived from standardized TSETMC instrument-day observations
2025-04-22,1404/02/02,1404,2,2,2,2313.0,513167.0,502208520920.0,978645.3940335213,1010335.0,1010335.0,966262.0,1054408.0,all valid TSETMC Bank Maskan mortgage-facility certificates traded that day,Derived from standardized TSETMC instrument-day observations
2025-04-23,1404/02/03,1404,2,3,2,5192.0,875384.0,828555341742.0,946505.010077863,977231.0,977231.0,942795.0,1011667.0,all valid TSETMC Bank Maskan mortgage-facility certificates traded that day,Derived from standardized TSETMC instrument-day observations
2025-04-26,1404/02/06,1404,2,6,2,5726.0,416196.0,409528400833.0,983979.6654292688,983045.5,983045.5,981172.0,984919.0,all valid TSETMC Bank Maskan mortgage-facility certificates traded that day,Derived from standardized TSETMC instrument-day observations
2025-04-27,1404/02/07,1404,2,7,2,5114.0,354447.0,349566615970.0,986230.9907263991,985539.5,985539.5,984382.0,986697.0,all valid TSETMC Bank Maskan mortgage-facility certificates traded that day,Derived from standardized TSETMC instrument-day observations
2025-04-28,1404/02/08,1404,2,8,2,4048.0,306855.0,296367954785.0,965824.1018885141,968114.0,968114.0,963807.0,972421.0,all valid TSETMC Bank Maskan mortgage-facility certificates traded that day,Derived from standardized TSETMC instrument-day observations
2025-04-29,1404/02/09,1404,2,9,2,4902.0,282581.0,279379251607.0,988669.6260788942,986718.0,986718.0,982733.0,990703.0,all valid TSETMC Bank Maskan mortgage-facility certificates traded that day,Derived from standardized TSETMC instrument-day observations
2025-04-30,1404/02/10,1404,2,10,2,5222.0,333848.0,335925951405.0,1006224.2439822913,1005195.5,1005195.5,1003240.0,1007151.0,all valid TSETMC Bank Maskan mortgage-facility certificates traded that day,Derived from standardized TSETMC instrument-day observations
2025-05-03,1404/02/13,1404,2,13,2,7274.0,373209.0,377307694424.0,1010982.3032777881,1010489.0,1010489.0,1008761.0,1012217.0,all valid TSETMC Bank Maskan mortgage-facility certificates traded that day,Derived from standardized TSETMC instrument-day observations
2025-05-04,1404/02/14,1404,2,14,2,6295.0,352172.0,360320421614.0,1023137.6191576843,1022589.5,1022589.5,1020829.0,1024350.0,all valid TSETMC Bank Maskan mortgage-facility certificates traded that day,Derived from standardized TSETMC instrument-day observations
2025-05-05,1404/02/15,1404,2,15,2,5484.0,357636.0,383653626526.0,1072748.9025881065,1072275.0,1072275.0,1070423.0,1074127.0,all valid TSETMC Bank Maskan mortgage-facility certificates traded that day,Derived from standardized TSETMC instrument-day observations
2025-05-06,1404/02/16,1404,2,16,2,8483.0,493585.0,545819258957.0,1105826.2689445587,1105683.5,1105683.5,1104120.0,1107247.0,all valid TSETMC Bank Maskan mortgage-facility certificates traded that day,Derived from standardized TSETMC instrument-day observations
2025-05-07,1404/02/17,1404,2,17,2,6452.0,416901.0,457773362177.0,1098038.532354204,1097875.5,1097875.5,1096548.0,1099203.0,all valid TSETMC Bank Maskan mortgage-facility certificates traded that day,Derived from standardized TSETMC instrument-day observations
2025-05-10,1404/02/20,1404,2,20,2,6097.0,424930.0,463200896382.0,1090064.0020285693,1089716.5,1089716.5,1088377.0,1091056.0,all valid TSETMC Bank Maskan mortgage-facility certificates traded that day,Derived from standardized TSETMC instrument-day observations
2025-05-11,1404/02/21,1404,2,21,2,5083.0,354400.0,383949420110.0,1083378.7249153499,1083020.0,1083020.0,1078717.0,1087323.0,all valid TSETMC Bank Maskan mortgage-facility certificates traded that day,Derived from standardized TSETMC instrument-day observations
2025-05-12,1404/02/22,1404,2,22,2,4890.0,327177.0,354744464995.0,1084258.5664487418,1084466.0,1084466.0,1079677.0,1089255.0,all valid TSETMC Bank Maskan mortgage-facility certificates traded that day,Derived from standardized TSETMC instrument-day observations
2025-05-13,1404/02/23,1404,2,23,2,4664.0,342356.0,373659806816.0,1091436.419446424,1091256.5,1091256.5,1089800.0,1092713.0,all valid TSETMC Bank Maskan mortgage-facility certificates traded that day,Derived from standardized TSETMC instrument-day observations
2025-05-14,1404/02/24,1404,2,24,2,4756.0,366780.0,400489787405.0,1091907.376097388,1091797.0,1091797.0,1090898.0,1092696.0,all valid TSETMC Bank Maskan mortgage-facility certificates traded that day,Derived from standardized TSETMC instrument-day observations
2025-05-17,1404/02/27,1404,2,27,2,4981.0,324000.0,352700781053.0,1088582.6575709877,1088680.0,1088680.0,1086869.0,1090491.0,all valid TSETMC Bank Maskan mortgage-facility certificates traded that day,Derived from standardized TSETMC instrument-day observations
2025-05-18,1404/02/28,1404,2,28,2,2699.0,342204.0,358696141884.0,1048193.8898551741,1052371.0,1052371.0,1044158.0,1060584.0,all valid TSETMC Bank Maskan mortgage-facility certificates traded that day,Derived from standardized TSETMC instrument-day observations
2025-05-19,1404/02/29,1404,2,29,2,1172.0,430341.0,427287943716.0,992905.4952142603,1001171.5,1001171.5,991951.0,1010392.0,all valid TSETMC Bank Maskan mortgage-facility certificates traded that day,Derived from standardized TSETMC instrument-day observations
2025-05-20,1404/02/30,1404,2,30,2,4537.0,891885.0,867355591957.0,972497.1178537592,995682.0,995682.0,969169.0,1022195.0,all valid TSETMC Bank Maskan mortgage-facility certificates traded that day,Derived from standardized TSETMC instrument-day observations
2025-05-21,1404/02/31,1404,2,31,2,3340.0,636957.0,626790124654.0,984038.3646839582,1002094.0,1002094.0,977765.0,1026423.0,all valid TSETMC Bank Maskan mortgage-facility certificates traded that day,Derived from standardized TSETMC instrument-day observations
2025-05-24,1404/03/03,1404,3,3,2,4982.0,498664.0,512018481393.0,1026780.5203363387,1030732.5,1030732.5,1024520.0,1036945.0,all valid TSETMC Bank Maskan mortgage-facility certificates traded that day,Derived from standardized TSETMC instrument-day observations
2025-05-25,1404/03/04,1404,3,4,2,5261.0,407069.0,437020133810.0,1073577.5355283748,1075989.0,1075989.0,1072627.0,1079351.0,all valid TSETMC Bank Maskan mortgage-facility certificates traded that day,Derived from standardized TSETMC instrument-day observations
2025-05-26,1404/03/05,1404,3,5,2,6781.0,455092.0,498398842918.0,1095160.6332741512,1096247.0,1096247.0,1094485.0,1098009.0,all valid TSETMC Bank Maskan mortgage-facility certificates traded that day,Derived from standardized TSETMC instrument-day observations
2025-05-27,1404/03/06,1404,3,6,2,9072.0,498585.0,527242952471.0,1057478.5692930995,1057005.0,1057005.0,1056063.0,1057947.0,all valid TSETMC Bank Maskan mortgage-facility certificates traded that day,Derived from standardized TSETMC instrument-day observations
2025-05-28,1404/03/07,1404,3,7,2,6899.0,423668.0,447993185755.0,1057415.678680004,1057127.5,1057127.5,1056538.0,1057717.0,all valid TSETMC Bank Maskan mortgage-facility certificates traded that day,Derived from standardized TSETMC instrument-day observations
2025-05-31,1404/03/10,1404,3,10,2,6477.0,432087.0,456790331721.0,1057172.1244124447,1056326.0,1056326.0,1054349.0,1058303.0,all valid TSETMC Bank Maskan mortgage-facility certificates traded that day,Derived from standardized TSETMC instrument-day observations
2025-06-01,1404/03/11,1404,3,11,2,6564.0,432219.0,457631455644.0,1058795.3228432809,1058387.5,1058387.5,1057317.0,1059458.0,all valid TSETMC Bank Maskan mortgage-facility certificates traded that day,Derived from standardized TSETMC instrument-day observations
2025-06-02,1404/03/12,1404,3,12,2,5826.0,464413.0,498383269846.0,1073146.6816088266,1072651.5,1072651.5,1071103.0,1074200.0,all valid TSETMC Bank Maskan mortgage-facility certificates traded that day,Derived from standardized TSETMC instrument-day observations
2025-06-03,1404/03/13,1404,3,13,2,5239.0,390835.0,421338264548.0,1078046.3994985097,1077344.5,1077344.5,1075622.0,1079067.0,all valid TSETMC Bank Maskan mortgage-facility certificates traded that day,Derived from standardized TSETMC instrument-day observations
2025-06-07,1404/03/17,1404,3,17,2,5796.0,441828.0,479005770860.0,1084145.3480992604,1083657.5,1083657.5,1082215.0,1085100.0,all valid TSETMC Bank Maskan mortgage-facility certificates traded that day,Derived from standardized TSETMC instrument-day observations
2025-06-08,1404/03/18,1404,3,18,2,5562.0,466244.0,503480629335.0,1079865.1121194053,1079353.0,1079353.0,1077281.0,1081425.0,all valid TSETMC Bank Maskan mortgage-facility certificates traded that day,Derived from standardized TSETMC instrument-day observations
2025-06-09,1404/03/19,1404,3,19,2,5145.0,466163.0,499288156343.0,1071059.1710260145,1072194.0,1072194.0,1069184.0,1075204.0,all valid TSETMC Bank Maskan mortgage-facility certificates traded that day,Derived from standardized TSETMC instrument-day observations
2025-06-10,1404/03/20,1404,3,20,2,4696.0,531286.0,569936413011.0,1072748.7888086643,1073086.0,1073086.0,1065498.0,1080674.0,all valid TSETMC Bank Maskan mortgage-facility certificates traded that day,Derived from standardized TSETMC instrument-day observations
2025-06-11,1404/03/21,1404,3,21,2,4806.0,504184.0,545892246618.0,1082724.2566563,1082174.0,1082174.0,1080222.0,1084126.0,all valid TSETMC Bank Maskan mortgage-facility certificates traded that day,Derived from standardized TSETMC instrument-day observations
2025-06-28,1404/04/07,1404,4,7,2,5928.0,1680608.0,1733206659040.0,1031297.3989413355,1048343.0,1048343.0,1029923.0,1066763.0,all valid TSETMC Bank Maskan mortgage-facility certificates traded that day,Derived from standardized TSETMC instrument-day observations
2025-06-29,1404/04/08,1404,4,8,2,8427.0,1096453.0,1186469520635.0,1082097.9290813196,1094160.0,1094160.0,1078159.0,1110161.0,all valid TSETMC Bank Maskan mortgage-facility certificates traded that day,Derived from standardized TSETMC instrument-day observations
2025-06-30,1404/04/09,1404,4,9,2,14131.0,1333078.0,1475708097628.0,1106993.062392448,1108877.5,1108877.5,1106144.0,1111611.0,all valid TSETMC Bank Maskan mortgage-facility certificates traded that day,Derived from standardized TSETMC instrument-day observations
2025-07-01,1404/04/10,1404,4,10,2,10711.0,764111.0,839190743112.0,1098257.6394162627,1098087.0,1098087.0,1097825.0,1098349.0,all valid TSETMC Bank Maskan mortgage-facility certificates traded that day,Derived from standardized TSETMC instrument-day observations
2025-07-02,1404/04/11,1404,4,11,2,8583.0,681989.0,751484664900.0,1101901.4454778596,1101016.5,1101016.5,1099490.0,1102543.0,all valid TSETMC Bank Maskan mortgage-facility certificates traded that day,Derived from standardized TSETMC instrument-day observations
2025-07-07,1404/04/16,1404,4,16,2,8226.0,615435.0,677748825769.0,1101251.6768935793,1100716.5,1100716.5,1099877.0,1101556.0,all valid TSETMC Bank Maskan mortgage-facility certificates traded that day,Derived from standardized TSETMC instrument-day observations
2025-07-08,1404/04/17,1404,4,17,2,9746.0,625206.0,674745822555.0,1079237.5993752459,1079272.0,1079272.0,1079209.0,1079335.0,all valid TSETMC Bank Maskan mortgage-facility certificates traded that day,Derived from standardized TSETMC instrument-day observations
2025-07-09,1404/04/18,1404,4,18,2,7154.0,481716.0,521211044246.0,1081988.2342417524,1081309.0,1081309.0,1079963.0,1082655.0,all valid TSETMC Bank Maskan mortgage-facility certificates traded that day,Derived from standardized TSETMC instrument-day observations
2025-07-12,1404/04/21,1404,4,21,2,5991.0,469096.0,506886193035.0,1080559.6147377084,1080027.5,1080027.5,1078803.0,1081252.0,all valid TSETMC Bank Maskan mortgage-facility certificates traded that day,Derived from standardized TSETMC instrument-day observations
2025-07-13,1404/04/22,1404,4,22,2,5823.0,480721.0,520740704714.0,1083249.3373786458,1082591.0,1082591.0,1080844.0,1084338.0,all valid TSETMC Bank Maskan mortgage-facility certificates traded that day,Derived from standardized TSETMC instrument-day observations
2025-07-14,1404/04/23,1404,4,23,2,5017.0,428702.0,466069845385.0,1087165.0829363987,1086941.0,1086941.0,1086280.0,1087602.0,all valid TSETMC Bank Maskan mortgage-facility certificates traded that day,Derived from standardized TSETMC instrument-day observations
2025-07-15,1404/04/24,1404,4,24,2,4269.0,385637.0,416398803359.0,1079768.8068287016,1078860.5,1078860.5,1074268.0,1083453.0,all valid TSETMC Bank Maskan mortgage-facility certificates traded that day,Derived from standardized TSETMC instrument-day observations
2025-07-16,1404/04/25,1404,4,25,2,3810.0,338330.0,367029734247.0,1084827.6364703102,1084369.0,1084369.0,1082534.0,1086204.0,all valid TSETMC Bank Maskan mortgage-facility certificates traded that day,Derived from standardized TSETMC instrument-day observations
2025-07-19,1404/04/28,1404,4,28,2,3590.0,321196.0,347145936032.0,1080791.591526669,1080461.5,1080461.5,1078462.0,1082461.0,all valid TSETMC Bank Maskan mortgage-facility certificates traded that day,Derived from standardized TSETMC instrument-day observations
2025-07-20,1404/04/29,1404,4,29,2,3718.0,321884.0,349509166998.0,1085823.3618259993,1085531.0,1085531.0,1083513.0,1087549.0,all valid TSETMC Bank Maskan mortgage-facility certificates traded that day,Derived from standardized TSETMC instrument-day observations
2025-07-21,1404/04/30,1404,4,30,2,3309.0,505168.0,526186262797.0,1041606.4810063187,1047846.0,1047846.0,1039883.0,1055809.0,all valid TSETMC Bank Maskan mortgage-facility certificates traded that day,Derived from standardized TSETMC instrument-day observations
2025-07-22,1404/04/31,1404,4,31,2,3377.0,1109033.0,1102076600524.0,993727.5090317421,1006544.5,1006544.5,993251.0,1019838.0,all valid TSETMC Bank Maskan mortgage-facility certificates traded that day,Derived from standardized TSETMC instrument-day observations
2025-07-23,1404/05/01,1404,5,1,2,1911.0,138808.0,144828787741.0,1043374.9332963518,1051102.0,1051102.0,1041650.0,1060554.0,all valid TSETMC Bank Maskan mortgage-facility certificates traded that day,Derived from standardized TSETMC instrument-day observations
2025-07-26,1404/05/04,1404,5,4,2,7503.0,588691.0,623643992809.0,1059374.09066726,1061172.0,1061172.0,1058959.0,1063385.0,all valid TSETMC Bank Maskan mortgage-facility certificates traded that day,Derived from standardized TSETMC instrument-day observations
2025-07-27,1404/05/05,1404,5,5,2,8438.0,612000.0,639434157242.0,1044827.0543169935,1044692.5,1044692.5,1044521.0,1044864.0,all valid TSETMC Bank Maskan mortgage-facility certificates traded that day,Derived from standardized TSETMC instrument-day observations
2025-07-28,1404/05/06,1404,5,6,2,5045.0,476103.0,503394318547.0,1057322.2990550364,1059119.5,1059119.5,1056915.0,1061324.0,all valid TSETMC Bank Maskan mortgage-facility certificates traded that day,Derived from standardized TSETMC instrument-day observations
2025-07-29,1404/05/07,1404,5,7,2,8001.0,577484.0,618266540276.0,1070621.0739622223,1069666.0,1069666.0,1068327.0,1071005.0,all valid TSETMC Bank Maskan mortgage-facility certificates traded that day,Derived from standardized TSETMC instrument-day observations
2025-07-30,1404/05/08,1404,5,8,2,5466.0,382471.0,404901174888.0,1058645.426419258,1059464.0,1059464.0,1058317.0,1060611.0,all valid TSETMC Bank Maskan mortgage-facility certificates traded that day,Derived from standardized TSETMC instrument-day observations
2025-08-02,1404/05/11,1404,5,11,2,6383.0,445103.0,467653035801.0,1050662.5113760186,1049761.0,1049761.0,1048203.0,1051319.0,all valid TSETMC Bank Maskan mortgage-facility certificates traded that day,Derived from standardized TSETMC instrument-day observations
2025-08-03,1404/05/12,1404,5,12,2,6337.0,482513.0,513210354187.0,1063619.7453477937,1062601.5,1062601.5,1060688.0,1064515.0,all valid TSETMC Bank Maskan mortgage-facility certificates traded that day,Derived from standardized TSETMC instrument-day observations
2025-08-04,1404/05/13,1404,5,13,2,5656.0,425720.0,451907932152.0,1061514.451169783,1060661.0,1060661.0,1059079.0,1062243.0,all valid TSETMC Bank Maskan mortgage-facility certificates traded that day,Derived from standardized TSETMC instrument-day observations
2025-08-05,1404/05/14,1404,5,14,2,5258.0,523134.0,562066674247.0,1074421.9917783972,1073652.5,1073652.5,1072505.0,1074800.0,all valid TSETMC Bank Maskan mortgage-facility certificates traded that day,Derived from standardized TSETMC instrument-day observations
2025-08-06,1404/05/15,1404,5,15,2,1289.0,127357.0,136731075126.0,1073604.7105852054,1074201.5,1074201.5,1073355.0,1075048.0,all valid TSETMC Bank Maskan mortgage-facility certificates traded that day,Derived from standardized TSETMC instrument-day observations
2025-08-09,1404/05/18,1404,5,18,2,5928.0,512925.0,549972140486.0,1072227.2076541404,1071438.0,1071438.0,1069795.0,1073081.0,all valid TSETMC Bank Maskan mortgage-facility certificates traded that day,Derived from standardized TSETMC instrument-day observations
2025-08-10,1404/05/19,1404,5,19,2,4884.0,496604.0,530010463051.0,1067269.8227380367,1066566.5,1066566.5,1065326.0,1067807.0,all valid TSETMC Bank Maskan mortgage-facility certificates traded that day,Derived from standardized TSETMC instrument-day observations
2025-08-11,1404/05/20,1404,5,20,2,5193.0,453735.0,486724728556.0,1072707.0394745832,1072187.0,1072187.0,1070990.0,1073384.0,all valid TSETMC Bank Maskan mortgage-facility certificates traded that day,Derived from standardized TSETMC instrument-day observations
2025-08-12,1404/05/21,1404,5,21,2,4999.0,480824.0,516696996440.0,1074607.3333277872,1074234.0,1074234.0,1073388.0,1075080.0,all valid TSETMC Bank Maskan mortgage-facility certificates traded that day,Derived from standardized TSETMC instrument-day observations
2025-08-13,1404/05/22,1404,5,22,2,2198.0,237977.0,257506627630.0,1082065.189619165,1081544.0,1081544.0,1079979.0,1083109.0,all valid TSETMC Bank Maskan mortgage-facility certificates traded that day,Derived from standardized TSETMC instrument-day observations
2025-08-16,1404/05/25,1404,5,25,2,2134.0,238328.0,260187916511.0,1091721.9819366587,1090860.0,1090860.0,1088534.0,1093186.0,all valid TSETMC Bank Maskan mortgage-facility certificates traded that day,Derived from standardized TSETMC instrument-day observations
2025-08-17,1404/05/26,1404,5,26,2,7058.0,735735.0,799495827644.0,1086662.762603383,1086014.0,1086014.0,1084080.0,1087948.0,all valid TSETMC Bank Maskan mortgage-facility certificates traded that day,Derived from standardized TSETMC instrument-day observations
2025-08-18,1404/05/27,1404,5,27,2,4478.0,447431.0,485774338531.0,1085696.6516200262,1085338.5,1085338.5,1084242.0,1086435.0,all valid TSETMC Bank Maskan mortgage-facility certificates traded that day,Derived from standardized TSETMC instrument-day observations
2025-08-19,1404/05/28,1404,5,28,2,3959.0,496463.0,540280542696.0,1088259.432618342,1087883.5,1087883.5,1086117.0,1089650.0,all valid TSETMC Bank Maskan mortgage-facility certificates traded that day,Derived from standardized TSETMC instrument-day observations
2025-08-20,1404/05/29,1404,5,29,2,2278.0,736896.0,764499904326.0,1037459.7016756774,1050176.5,1050176.5,1036342.0,1064011.0,all valid TSETMC Bank Maskan mortgage-facility certificates traded that day,Derived from standardized TSETMC instrument-day observations
2025-08-23,1404/06/01,1404,6,1,2,1044.0,657032.0,647067617925.0,984834.2514900339,1007288.5,1007288.5,984525.0,1030052.0,all valid TSETMC Bank Maskan mortgage-facility certificates traded that day,Derived from standardized TSETMC instrument-day observations
2025-08-25,1404/06/03,1404,6,3,2,7341.0,1031555.0,1040472138062.0,1008644.3651206188,1011253.5,1011253.5,1008414.0,1014093.0,all valid TSETMC Bank Maskan mortgage-facility certificates traded that day,Derived from standardized TSETMC instrument-day observations
2025-08-26,1404/06/04,1404,6,4,2,9932.0,763163.0,804021446945.0,1053538.2964648444,1053520.0,1053520.0,1053498.0,1053542.0,all valid TSETMC Bank Maskan mortgage-facility certificates traded that day,Derived from standardized TSETMC instrument-day observations
2025-08-27,1404/06/05,1404,6,5,2,7567.0,658144.0,694730629268.0,1055590.6143154083,1056243.0,1056243.0,1055454.0,1057032.0,all valid TSETMC Bank Maskan mortgage-facility certificates traded that day,Derived from standardized TSETMC instrument-day observations
2025-08-30,1404/06/08,1404,6,8,2,7543.0,598669.0,639406311644.0,1068046.4691574143,1068299.5,1068299.5,1067926.0,1068673.0,all valid TSETMC Bank Maskan mortgage-facility certificates traded that day,Derived from standardized TSETMC instrument-day observations
2025-08-31,1404/06/09,1404,6,9,2,7867.0,576609.0,608141866184.0,1054686.7395132578,1053953.0,1053953.0,1052939.0,1054967.0,all valid TSETMC Bank Maskan mortgage-facility certificates traded that day,Derived from standardized TSETMC instrument-day observations
2025-09-02,1404/06/11,1404,6,11,2,6371.0,474123.0,502422966060.0,1059689.0808081448,1059209.5,1059209.5,1058505.0,1059914.0,all valid TSETMC Bank Maskan mortgage-facility certificates traded that day,Derived from standardized TSETMC instrument-day observations
2025-09-03,1404/06/12,1404,6,12,2,5842.0,542774.0,582912346719.0,1073950.385830935,1073140.5,1073140.5,1072049.0,1074232.0,all valid TSETMC Bank Maskan mortgage-facility certificates traded that day,Derived from standardized TSETMC instrument-day observations
2025-09-06,1404/06/15,1404,6,15,2,5606.0,542135.0,582398219910.0,1074267.8851393103,1073192.0,1073192.0,1071703.0,1074681.0,all valid TSETMC Bank Maskan mortgage-facility certificates traded that day,Derived from standardized TSETMC instrument-day observations
2025-09-07,1404/06/16,1404,6,16,2,6426.0,536621.0,570086254293.0,1062362.9233537263,1061953.0,1061953.0,1061196.0,1062710.0,all valid TSETMC Bank Maskan mortgage-facility certificates traded that day,Derived from standardized TSETMC instrument-day observations
2025-09-08,1404/06/17,1404,6,17,2,6121.0,546360.0,587008932825.0,1074399.5402756424,1073660.0,1073660.0,1072451.0,1074869.0,all valid TSETMC Bank Maskan mortgage-facility certificates traded that day,Derived from standardized TSETMC instrument-day observations
2025-09-09,1404/06/18,1404,6,18,2,4703.0,535040.0,575888463795.0,1076346.5606216358,1075946.5,1075946.5,1075329.0,1076564.0,all valid TSETMC Bank Maskan mortgage-facility certificates traded that day,Derived from standardized TSETMC instrument-day observations
2025-09-13,1404/06/22,1404,6,22,2,4907.0,527388.0,571659704232.0,1083945.2248287788,1083489.0,1083489.0,1082616.0,1084362.0,all valid TSETMC Bank Maskan mortgage-facility certificates traded that day,Derived from standardized TSETMC instrument-day observations
2025-09-14,1404/06/23,1404,6,23,2,6465.0,675760.0,732646518580.0,1084181.541642003,1083716.5,1083716.5,1082684.0,1084749.0,all valid TSETMC Bank Maskan mortgage-facility certificates traded that day,Derived from standardized TSETMC instrument-day observations
2025-09-15,1404/06/24,1404,6,24,2,5261.0,597821.0,651220351497.0,1089323.311655161,1089075.5,1089075.5,1088102.0,1090049.0,all valid TSETMC Bank Maskan mortgage-facility certificates traded that day,Derived from standardized TSETMC instrument-day observations
2025-09-16,1404/06/25,1404,6,25,2,4185.0,451455.0,490474447679.0,1086430.4253557941,1085646.0,1085646.0,1083368.0,1087924.0,all valid TSETMC Bank Maskan mortgage-facility certificates traded that day,Derived from standardized TSETMC instrument-day observations
2025-09-17,1404/06/26,1404,6,26,2,4109.0,436652.0,475918831624.0,1089927.0623379718,1089573.0,1089573.0,1088641.0,1090505.0,all valid TSETMC Bank Maskan mortgage-facility certificates traded that day,Derived from standardized TSETMC instrument-day observations
2025-09-20,1404/06/29,1404,6,29,2,3803.0,378719.0,413022222780.0,1090576.978656999,1089859.0,1089859.0,1087477.0,1092241.0,all valid TSETMC Bank Maskan mortgage-facility certificates traded that day,Derived from standardized TSETMC instrument-day observations
2025-09-21,1404/06/30,1404,6,30,2,1561.0,776699.0,806914219875.0,1038902.0970478911,1049959.0,1049959.0,1037629.0,1062289.0,all valid TSETMC Bank Maskan mortgage-facility certificates traded that day,Derived from standardized TSETMC instrument-day observations
2025-09-22,1404/06/31,1404,6,31,2,5512.0,1761816.0,1751445857482.0,994113.9469059198,1007615.0,1007615.0,993722.0,1021508.0,all valid TSETMC Bank Maskan mortgage-facility certificates traded that day,Derived from standardized TSETMC instrument-day observations
2025-09-23,1404/07/01,1404,7,1,2,7306.0,1146998.0,1178133519516.0,1027145.2256377082,1035514.5,1035514.5,1026491.0,1044538.0,all valid TSETMC Bank Maskan mortgage-facility certificates traded that day,Derived from standardized TSETMC instrument-day observations
2025-09-24,1404/07/02,1404,7,2,2,7587.0,602955.0,629630858017.0,1044241.8721413704,1043256.0,1043256.0,1042088.0,1044424.0,all valid TSETMC Bank Maskan mortgage-facility certificates traded that day,Derived from standardized TSETMC instrument-day observations
2025-09-27,1404/07/05,1404,7,5,2,8774.0,825702.0,866405633562.0,1049295.7914138515,1055549.5,1055549.5,1048150.0,1062949.0,all valid TSETMC Bank Maskan mortgage-facility certificates traded that day,Derived from standardized TSETMC instrument-day observations
2025-09-28,1404/07/06,1404,7,6,2,9128.0,685957.0,726444273517.0,1059023.0488456273,1058723.0,1058723.0,1058351.0,1059095.0,all valid TSETMC Bank Maskan mortgage-facility certificates traded that day,Derived from standardized TSETMC instrument-day observations
2025-09-29,1404/07/07,1404,7,7,2,7889.0,567506.0,601672184282.0,1060204.0934932847,1059772.0,1059772.0,1059210.0,1060334.0,all valid TSETMC Bank Maskan mortgage-facility certificates traded that day,Derived from standardized TSETMC instrument-day observations
2025-09-30,1404/07/08,1404,7,8,2,7678.0,588472.0,628548281349.0,1068102.2739382673,1067515.5,1067515.5,1066744.0,1068287.0,all valid TSETMC Bank Maskan mortgage-facility certificates traded that day,Derived from standardized TSETMC instrument-day observations
2025-10-01,1404/07/09,1404,7,9,2,6533.0,652780.0,698792814031.0,1070487.475153957,1070158.0,1070158.0,1069699.0,1070617.0,all valid TSETMC Bank Maskan mortgage-facility certificates traded that day,Derived from standardized TSETMC instrument-day observations
2025-10-04,1404/07/12,1404,7,12,2,7666.0,807162.0,869879090080.0,1077700.7466654773,1077942.0,1077942.0,1077635.0,1078249.0,all valid TSETMC Bank Maskan mortgage-facility certificates traded that day,Derived from standardized TSETMC instrument-day observations
2025-10-05,1404/07/13,1404,7,13,2,6544.0,722937.0,779949142018.0,1078861.8399915898,1078486.5,1078486.5,1077978.0,1078995.0,all valid TSETMC Bank Maskan mortgage-facility certificates traded that day,Derived from standardized TSETMC instrument-day observations
2025-10-06,1404/07/14,1404,7,14,2,6702.0,669737.0,728831794354.0,1088235.8214552877,1087705.0,1087705.0,1086905.0,1088505.0,all valid TSETMC Bank Maskan mortgage-facility certificates traded that day,Derived from standardized TSETMC instrument-day observations
2025-10-07,1404/07/15,1404,7,15,2,6386.0,611880.0,670905866050.0,1096466.408527816,1096158.0,1096158.0,1095660.0,1096656.0,all valid TSETMC Bank Maskan mortgage-facility certificates traded that day,Derived from standardized TSETMC instrument-day observations
2025-10-08,1404/07/16,1404,7,16,2,5840.0,610516.0,670404119008.0,1098094.2661748424,1097969.0,1097969.0,1097725.0,1098213.0,all valid TSETMC Bank Maskan mortgage-facility certificates traded that day,Derived from standardized TSETMC instrument-day observations
2025-10-11,1404/07/19,1404,7,19,2,6571.0,627325.0,701999805667.0,1119036.8719037182,1118164.5,1118164.5,1116624.0,1119705.0,all valid TSETMC Bank Maskan mortgage-facility certificates traded that day,Derived from standardized TSETMC instrument-day observations
2025-10-12,1404/07/20,1404,7,20,2,5916.0,597720.0,685493289882.0,1146846.8344408753,1146246.5,1146246.5,1145122.0,1147371.0,all valid TSETMC Bank Maskan mortgage-facility certificates traded that day,Derived from standardized TSETMC instrument-day observations
2025-10-13,1404/07/21,1404,7,21,2,5129.0,482523.0,558751751637.0,1157979.5193949305,1157514.5,1157514.5,1156519.0,1158510.0,all valid TSETMC Bank Maskan mortgage-facility certificates traded that day,Derived from standardized TSETMC instrument-day observations
2025-10-14,1404/07/22,1404,7,22,2,5261.0,538146.0,639693106981.0,1188698.0614572996,1188212.0,1188212.0,1187216.0,1189208.0,all valid TSETMC Bank Maskan mortgage-facility certificates traded that day,Derived from standardized TSETMC instrument-day observations
2025-10-15,1404/07/23,1404,7,23,2,4220.0,430642.0,508415227792.0,1180598.3340965349,1180192.0,1180192.0,1179289.0,1181095.0,all valid TSETMC Bank Maskan mortgage-facility certificates traded that day,Derived from standardized TSETMC instrument-day observations
2025-10-18,1404/07/26,1404,7,26,2,3731.0,434496.0,516371310385.0,1188437.4318405692,1187564.0,1187564.0,1184975.0,1190153.0,all valid TSETMC Bank Maskan mortgage-facility certificates traded that day,Derived from standardized TSETMC instrument-day observations
2025-10-19,1404/07/27,1404,7,27,2,2227.0,302376.0,361255648943.0,1194723.288035426,1194187.5,1194187.5,1192873.0,1195502.0,all valid TSETMC Bank Maskan mortgage-facility certificates traded that day,Derived from standardized TSETMC instrument-day observations
2025-10-20,1404/07/28,1404,7,28,2,3707.0,358947.0,424600765266.0,1182906.571906159,1182024.0,1182024.0,1179859.0,1184189.0,all valid TSETMC Bank Maskan mortgage-facility certificates traded that day,Derived from standardized TSETMC instrument-day observations
2025-10-21,1404/07/29,1404,7,29,2,1630.0,560792.0,631148559295.0,1125459.2777625215,1128971.5,1128971.5,1124980.0,1132963.0,all valid TSETMC Bank Maskan mortgage-facility certificates traded that day,Derived from standardized TSETMC instrument-day observations
2025-10-22,1404/07/30,1404,7,30,2,10087.0,2077376.0,2262891775715.0,1089302.9358743916,1109471.5,1109471.5,1088348.0,1130595.0,all valid TSETMC Bank Maskan mortgage-facility certificates traded that day,Derived from standardized TSETMC instrument-day observations
2025-10-25,1404/08/03,1404,8,3,2,14360.0,1437914.0,1627731176519.0,1132008.7129821393,1139879.0,1139879.0,1131195.0,1148563.0,all valid TSETMC Bank Maskan mortgage-facility certificates traded that day,Derived from standardized TSETMC instrument-day observations
2025-10-26,1404/08/04,1404,8,4,2,12718.0,1126759.0,1321281004174.0,1172638.5182403692,1177988.5,1177988.5,1171847.0,1184130.0,all valid TSETMC Bank Maskan mortgage-facility certificates traded that day,Derived from standardized TSETMC instrument-day observations
2025-10-27,1404/08/05,1404,8,5,2,13175.0,967680.0,1141073839202.0,1179185.1016885748,1179896.0,1179896.0,1179027.0,1180765.0,all valid TSETMC Bank Maskan mortgage-facility certificates traded that day,Derived from standardized TSETMC instrument-day observations
2025-10-28,1404/08/06,1404,8,6,2,10096.0,827509.0,983858093113.0,1188939.4473208147,1188940.5,1188940.5,1188939.0,1188942.0,all valid TSETMC Bank Maskan mortgage-facility certificates traded that day,Derived from standardized TSETMC instrument-day observations
2025-10-29,1404/08/07,1404,8,7,2,8722.0,693786.0,832084730574.0,1199339.1774610614,1199028.5,1199028.5,1198603.0,1199454.0,all valid TSETMC Bank Maskan mortgage-facility certificates traded that day,Derived from standardized TSETMC instrument-day observations
2025-11-01,1404/08/10,1404,8,10,2,9422.0,776421.0,953755042169.0,1228399.3376905054,1227711.0,1227711.0,1226723.0,1228699.0,all valid TSETMC Bank Maskan mortgage-facility certificates traded that day,Derived from standardized TSETMC instrument-day observations
2025-11-02,1404/08/11,1404,8,11,2,7670.0,695621.0,871616194328.0,1253004.4296075017,1252202.5,1252202.5,1250598.0,1253807.0,all valid TSETMC Bank Maskan mortgage-facility certificates traded that day,Derived from standardized TSETMC instrument-day observations
2025-11-03,1404/08/12,1404,8,12,2,7064.0,681233.0,872024731740.0,1280068.2464589942,1279000.5,1279000.5,1276812.0,1281189.0,all valid TSETMC Bank Maskan mortgage-facility certificates traded that day,Derived from standardized TSETMC instrument-day observations
2025-11-04,1404/08/13,1404,8,13,2,6285.0,585127.0,784524750729.0,1340776.8753262113,1339715.5,1339715.5,1337472.0,1341959.0,all valid TSETMC Bank Maskan mortgage-facility certificates traded that day,Derived from standardized TSETMC instrument-day observations
2025-11-05,1404/08/14,1404,8,14,2,6163.0,602707.0,819569582060.0,1359814.2746973238,1359937.5,1359937.5,1359685.0,1360190.0,all valid TSETMC Bank Maskan mortgage-facility certificates traded that day,Derived from standardized TSETMC instrument-day observations
2025-11-08,1404/08/17,1404,8,17,2,5784.0,687225.0,909088662582.0,1322839.9179046163,1321007.5,1321007.5,1318342.0,1323673.0,all valid TSETMC Bank Maskan mortgage-facility certificates traded that day,Derived from standardized TSETMC instrument-day observations
2025-11-09,1404/08/18,1404,8,18,2,4720.0,701633.0,906550980164.0,1292058.640577054,1292535.0,1292535.0,1291850.0,1293220.0,all valid TSETMC Bank Maskan mortgage-facility certificates traded that day,Derived from standardized TSETMC instrument-day observations
2025-11-10,1404/08/19,1404,8,19,2,4070.0,599857.0,775254278733.0,1292398.4861942097,1292145.0,1292145.0,1291701.0,1292589.0,all valid TSETMC Bank Maskan mortgage-facility certificates traded that day,Derived from standardized TSETMC instrument-day observations
2025-11-11,1404/08/20,1404,8,20,2,4162.0,436481.0,586295479463.0,1343232.5335192138,1342906.0,1342906.0,1342268.0,1343544.0,all valid TSETMC Bank Maskan mortgage-facility certificates traded that day,Derived from standardized TSETMC instrument-day observations
2025-11-12,1404/08/21,1404,8,21,2,4093.0,472493.0,649247263354.0,1374088.6390994152,1373550.0,1373550.0,1372116.0,1374984.0,all valid TSETMC Bank Maskan mortgage-facility certificates traded that day,Derived from standardized TSETMC instrument-day observations
2025-11-15,1404/08/24,1404,8,24,2,4492.0,517589.0,722943605178.0,1396752.2593756823,1396417.0,1396417.0,1395635.0,1397199.0,all valid TSETMC Bank Maskan mortgage-facility certificates traded that day,Derived from standardized TSETMC instrument-day observations
2025-11-16,1404/08/25,1404,8,25,2,3595.0,434753.0,603916500234.0,1389102.5484217475,1388758.0,1388758.0,1387988.0,1389528.0,all valid TSETMC Bank Maskan mortgage-facility certificates traded that day,Derived from standardized TSETMC instrument-day observations
2025-11-17,1404/08/26,1404,8,26,2,3527.0,432541.0,603166769742.0,1394473.0551369698,1393707.0,1393707.0,1391333.0,1396081.0,all valid TSETMC Bank Maskan mortgage-facility certificates traded that day,Derived from standardized TSETMC instrument-day observations
2025-11-18,1404/08/27,1404,8,27,2,1856.0,595066.0,789397040795.0,1326570.5666178206,1328217.0,1328217.0,1326277.0,1330157.0,all valid TSETMC Bank Maskan mortgage-facility certificates traded that day,Derived from standardized TSETMC instrument-day observations
2025-11-19,1404/08/28,1404,8,28,2,8767.0,2266484.0,2857475566183.0,1260752.5869068566,1284579.5,1284579.5,1260147.0,1309012.0,all valid TSETMC Bank Maskan mortgage-facility certificates traded that day,Derived from standardized TSETMC instrument-day observations
2025-11-22,1404/09/01,1404,9,1,2,15663.0,1622114.0,2132292120398.0,1314514.3438734885,1313124.0,1313124.0,1311423.0,1314825.0,all valid TSETMC Bank Maskan mortgage-facility certificates traded that day,Derived from standardized TSETMC instrument-day observations
2025-11-23,1404/09/02,1404,9,2,2,10305.0,881954.0,1212543220976.0,1374837.2601927086,1374895.0,1374895.0,1374817.0,1374973.0,all valid TSETMC Bank Maskan mortgage-facility certificates traded that day,Derived from standardized TSETMC instrument-day observations
2025-11-25,1404/09/04,1404,9,4,2,11747.0,925110.0,1261821265116.0,1363968.8957161852,1364693.5,1364693.5,1363771.0,1365616.0,all valid TSETMC Bank Maskan mortgage-facility certificates traded that day,Derived from standardized TSETMC instrument-day observations
2025-11-26,1404/09/05,1404,9,5,2,7595.0,622314.0,852625701014.0,1370089.217041558,1369317.0,1369317.0,1367930.0,1370704.0,all valid TSETMC Bank Maskan mortgage-facility certificates traded that day,Derived from standardized TSETMC instrument-day observations
2025-11-29,1404/09/08,1404,9,8,2,9318.0,784023.0,1083559416720.0,1382050.5479048446,1380099.0,1380099.0,1376697.0,1383501.0,all valid TSETMC Bank Maskan mortgage-facility certificates traded that day,Derived from standardized TSETMC instrument-day observations
2025-11-30,1404/09/09,1404,9,9,2,8359.0,723956.0,1010117041326.0,1395274.079261723,1394303.0,1394303.0,1392747.0,1395859.0,all valid TSETMC Bank Maskan mortgage-facility certificates traded that day,Derived from standardized TSETMC instrument-day observations
2025-12-01,1404/09/10,1404,9,10,2,6489.0,614366.0,859917796079.0,1399683.2443185332,1398702.5,1398702.5,1396722.0,1400683.0,all valid TSETMC Bank Maskan mortgage-facility certificates traded that day,Derived from standardized TSETMC instrument-day observations
2025-12-02,1404/09/11,1404,9,11,2,5626.0,533928.0,745914581558.0,1397032.1495744744,1395508.5,1395508.5,1392587.0,1398430.0,all valid TSETMC Bank Maskan mortgage-facility certificates traded that day,Derived from standardized TSETMC instrument-day observations
2025-12-03,1404/09/12,1404,9,12,2,6670.0,657741.0,927163116453.0,1409617.3363877272,1408369.0,1408369.0,1405075.0,1411663.0,all valid TSETMC Bank Maskan mortgage-facility certificates traded that day,Derived from standardized TSETMC instrument-day observations
2025-12-06,1404/09/15,1404,9,15,2,6398.0,742982.0,1059138191851.0,1425523.352989709,1422642.5,1422642.5,1418745.0,1426540.0,all valid TSETMC Bank Maskan mortgage-facility certificates traded that day,Derived from standardized TSETMC instrument-day observations
2025-12-07,1404/09/16,1404,9,16,2,6309.0,690008.0,1003138652292.0,1453807.278019965,1454679.0,1454679.0,1453469.0,1455889.0,all valid TSETMC Bank Maskan mortgage-facility certificates traded that day,Derived from standardized TSETMC instrument-day observations
2025-12-08,1404/09/17,1404,9,17,2,6031.0,620228.0,942397910157.0,1519437.8682629613,1518903.0,1518903.0,1517097.0,1520709.0,all valid TSETMC Bank Maskan mortgage-facility certificates traded that day,Derived from standardized TSETMC instrument-day observations
2025-12-09,1404/09/18,1404,9,18,2,5108.0,527890.0,827964843083.0,1568441.9918600465,1571005.5,1571005.5,1567047.0,1574964.0,all valid TSETMC Bank Maskan mortgage-facility certificates traded that day,Derived from standardized TSETMC instrument-day observations
2025-12-10,1404/09/19,1404,9,19,2,4388.0,523549.0,826080080204.0,1577846.734888234,1578301.5,1578301.5,1577633.0,1578970.0,all valid TSETMC Bank Maskan mortgage-facility certificates traded that day,Derived from standardized TSETMC instrument-day observations
2025-12-13,1404/09/22,1404,9,22,2,2737.0,393744.0,633931223696.0,1610008.5936446015,1605967.0,1605967.0,1591480.0,1620454.0,all valid TSETMC Bank Maskan mortgage-facility certificates traded that day,Derived from standardized TSETMC instrument-day observations
2025-12-14,1404/09/23,1404,9,23,2,4773.0,562666.0,915885430906.0,1627760.3958760614,1627926.5,1627926.5,1627512.0,1628341.0,all valid TSETMC Bank Maskan mortgage-facility certificates traded that day,Derived from standardized TSETMC instrument-day observations
2025-12-15,1404/09/24,1404,9,24,2,3975.0,481037.0,791773905386.0,1645972.9820907747,1644722.5,1644722.5,1642869.0,1646576.0,all valid TSETMC Bank Maskan mortgage-facility certificates traded that day,Derived from standardized TSETMC instrument-day observations
2025-12-16,1404/09/25,1404,9,25,2,3242.0,404980.0,657370329717.0,1623216.7754382933,1623442.5,1623442.5,1623108.0,1623777.0,all valid TSETMC Bank Maskan mortgage-facility certificates traded that day,Derived from standardized TSETMC instrument-day observations
2025-12-17,1404/09/26,1404,9,26,2,2834.0,283186.0,452820187706.0,1599020.388387844,1598641.5,1598641.5,1597900.0,1599383.0,all valid TSETMC Bank Maskan mortgage-facility certificates traded that day,Derived from standardized TSETMC instrument-day observations
2025-12-20,1404/09/29,1404,9,29,2,2903.0,341153.0,559655700848.0,1640483.0115754516,1638660.0,1638660.0,1630945.0,1646375.0,all valid TSETMC Bank Maskan mortgage-facility certificates traded that day,Derived from standardized TSETMC instrument-day observations
2025-12-21,1404/09/30,1404,9,30,2,3566.0,928083.0,1452186763582.0,1564716.4785714208,1573908.0,1573908.0,1564057.0,1583759.0,all valid TSETMC Bank Maskan mortgage-facility certificates traded that day,Derived from standardized TSETMC instrument-day observations
2025-12-22,1404/10/01,1404,10,1,2,12445.0,2079715.0,3129078449688.0,1504570.7944059642,1519971.0,1519971.0,1504132.0,1535810.0,all valid TSETMC Bank Maskan mortgage-facility certificates traded that day,Derived from standardized TSETMC instrument-day observations
2025-12-23,1404/10/02,1404,10,2,2,14383.0,1047923.0,1620487429433.0,1546380.2487711406,1546900.5,1546900.5,1546336.0,1547465.0,all valid TSETMC Bank Maskan mortgage-facility certificates traded that day,Derived from standardized TSETMC instrument-day observations
2025-12-24,1404/10/03,1404,10,3,2,12185.0,883254.0,1407898078760.0,1593990.0399658536,1595568.0,1595568.0,1593797.0,1597339.0,all valid TSETMC Bank Maskan mortgage-facility certificates traded that day,Derived from standardized TSETMC instrument-day observations
2025-12-27,1404/10/06,1404,10,6,2,10735.0,778490.0,1218189243172.0,1564810.3934180273,1569879.0,1569879.0,1564119.0,1575639.0,all valid TSETMC Bank Maskan mortgage-facility certificates traded that day,Derived from standardized TSETMC instrument-day observations
2025-12-28,1404/10/07,1404,10,7,2,8491.0,596430.0,932288812774.0,1563115.22353671,1563517.0,1563517.0,1563038.0,1563996.0,all valid TSETMC Bank Maskan mortgage-facility certificates traded that day,Derived from standardized TSETMC instrument-day observations
2025-12-29,1404/10/08,1404,10,8,2,7034.0,597543.0,920825442325.0,1541019.5455808202,1542650.5,1542650.5,1540771.0,1544530.0,all valid TSETMC Bank Maskan mortgage-facility certificates traded that day,Derived from standardized TSETMC instrument-day observations
2025-12-30,1404/10/09,1404,10,9,2,6119.0,437107.0,677239262392.0,1549367.2313461006,1548639.0,1548639.0,1547716.0,1549562.0,all valid TSETMC Bank Maskan mortgage-facility certificates traded that day,Derived from standardized TSETMC instrument-day observations
2025-12-31,1404/10/10,1404,10,10,2,1836.0,138476.0,219657847354.0,1586252.11122505,1582559.5,1582559.5,1577329.0,1587790.0,all valid TSETMC Bank Maskan mortgage-facility certificates traded that day,Derived from standardized TSETMC instrument-day observations
2026-01-04,1404/10/14,1404,10,14,2,7027.0,556614.0,884614722246.0,1589278.606441807,1587961.0,1587961.0,1586322.0,1589600.0,all valid TSETMC Bank Maskan mortgage-facility certificates traded that day,Derived from standardized TSETMC instrument-day observations
2026-01-05,1404/10/15,1404,10,15,2,8125.0,553870.0,854288078841.0,1542398.177985809,1539968.5,1539968.5,1535285.0,1544652.0,all valid TSETMC Bank Maskan mortgage-facility certificates traded that day,Derived from standardized TSETMC instrument-day observations
2026-01-06,1404/10/16,1404,10,16,2,6395.0,549992.0,820043378600.0,1491009.6485039783,1488491.0,1488491.0,1484152.0,1492830.0,all valid TSETMC Bank Maskan mortgage-facility certificates traded that day,Derived from standardized TSETMC instrument-day observations
2026-01-07,1404/10/17,1404,10,17,2,5612.0,564213.0,843597052120.0,1495174.7870396464,1489797.5,1489797.5,1482369.0,1497226.0,all valid TSETMC Bank Maskan mortgage-facility certificates traded that day,Derived from standardized TSETMC instrument-day observations
2026-01-10,1404/10/20,1404,10,20,2,4181.0,335517.0,497976962620.0,1484207.8422851898,1479829.0,1479829.0,1473196.0,1486462.0,all valid TSETMC Bank Maskan mortgage-facility certificates traded that day,Derived from standardized TSETMC instrument-day observations
2026-01-11,1404/10/21,1404,10,21,2,3457.0,302135.0,433184001274.0,1433743.1984841214,1431843.0,1431843.0,1429066.0,1434620.0,all valid TSETMC Bank Maskan mortgage-facility certificates traded that day,Derived from standardized TSETMC instrument-day observations
2026-01-12,1404/10/22,1404,10,22,2,3582.0,387385.0,545395311727.0,1407889.5974986125,1400602.5,1400602.5,1389795.0,1411410.0,all valid TSETMC Bank Maskan mortgage-facility certificates traded that day,Derived from standardized TSETMC instrument-day observations
2026-01-13,1404/10/23,1404,10,23,2,3702.0,368749.0,527074292948.0,1429357.8909990264,1424970.0,1424970.0,1417779.0,1432161.0,all valid TSETMC Bank Maskan mortgage-facility certificates traded that day,Derived from standardized TSETMC instrument-day observations
2026-01-14,1404/10/24,1404,10,24,2,4059.0,372026.0,550026738092.0,1478463.16680017,1478190.0,1478190.0,1476410.0,1479970.0,all valid TSETMC Bank Maskan mortgage-facility certificates traded that day,Derived from standardized TSETMC instrument-day observations
2026-01-18,1404/10/28,1404,10,28,2,3512.0,296123.0,447738983647.0,1512003.402798837,1513261.0,1513261.0,1511157.0,1515365.0,all valid TSETMC Bank Maskan mortgage-facility certificates traded that day,Derived from standardized TSETMC instrument-day observations
2026-01-19,1404/10/29,1404,10,29,2,4029.0,289697.0,442477891724.0,1527381.6840491963,1525291.5,1525291.5,1521768.0,1528815.0,all valid TSETMC Bank Maskan mortgage-facility certificates traded that day,Derived from standardized TSETMC instrument-day observations
2026-01-20,1404/10/30,1404,10,30,2,2414.0,563686.0,818524429437.0,1452092.884047147,1451360.5,1451360.5,1450346.0,1452375.0,all valid TSETMC Bank Maskan mortgage-facility certificates traded that day,Derived from standardized TSETMC instrument-day observations
2026-01-21,1404/11/01,1404,11,1,2,3227.0,1101598.0,1520378913409.0,1380157.655886267,1398036.0,1398036.0,1379757.0,1416315.0,all valid TSETMC Bank Maskan mortgage-facility certificates traded that day,Derived from standardized TSETMC instrument-day observations
2026-01-24,1404/11/04,1404,11,4,2,9431.0,978155.0,1315329853181.0,1344704.9324299318,1353159.0,1353159.0,1343971.0,1362347.0,all valid TSETMC Bank Maskan mortgage-facility certificates traded that day,Derived from standardized TSETMC instrument-day observations
2026-01-25,1404/11/05,1404,11,5,2,11325.0,777472.0,1037443444559.0,1334380.4594364814,1336049.0,1336049.0,1334204.0,1337894.0,all valid TSETMC Bank Maskan mortgage-facility certificates traded that day,Derived from standardized TSETMC instrument-day observations
2026-01-26,1404/11/06,1404,11,6,2,9736.0,672036.0,877364968182.0,1305532.6919718587,1304050.0,1304050.0,1302302.0,1305798.0,all valid TSETMC Bank Maskan mortgage-facility certificates traded that day,Derived from standardized TSETMC instrument-day observations
2026-01-27,1404/11/07,1404,11,7,2,8777.0,637989.0,837542356626.0,1312784.9486840682,1314168.5,1314168.5,1312526.0,1315811.0,all valid TSETMC Bank Maskan mortgage-facility certificates traded that day,Derived from standardized TSETMC instrument-day observations
2026-01-28,1404/11/08,1404,11,8,2,8189.0,647728.0,869240279834.0,1341983.4866394536,1339167.5,1339167.5,1335828.0,1342507.0,all valid TSETMC Bank Maskan mortgage-facility certificates traded that day,Derived from standardized TSETMC instrument-day observations
2026-01-31,1404/11/11,1404,11,11,2,8706.0,602397.0,803254824803.0,1333430.984555036,1332341.5,1332341.5,1331049.0,1333634.0,all valid TSETMC Bank Maskan mortgage-facility certificates traded that day,Derived from standardized TSETMC instrument-day observations
2026-02-01,1404/11/12,1404,11,12,2,7146.0,521889.0,694293075845.0,1330346.2534082918,1328504.0,1328504.0,1326264.0,1330744.0,all valid TSETMC Bank Maskan mortgage-facility certificates traded that day,Derived from standardized TSETMC instrument-day observations
2026-02-02,1404/11/13,1404,11,13,2,6701.0,491507.0,681370848897.0,1386289.206251386,1384735.0,1384735.0,1382836.0,1386634.0,all valid TSETMC Bank Maskan mortgage-facility certificates traded that day,Derived from standardized TSETMC instrument-day observations
2026-02-03,1404/11/14,1404,11,14,2,6961.0,538190.0,772932951725.0,1436171.1509411174,1436041.5,1436041.5,1435885.0,1436198.0,all valid TSETMC Bank Maskan mortgage-facility certificates traded that day,Derived from standardized TSETMC instrument-day observations
2026-02-07,1404/11/18,1404,11,18,2,6869.0,536699.0,770050908084.0,1434791.0245482104,1435909.5,1435909.5,1434487.0,1437332.0,all valid TSETMC Bank Maskan mortgage-facility certificates traded that day,Derived from standardized TSETMC instrument-day observations
2026-02-08,1404/11/19,1404,11,19,2,5583.0,448364.0,631086555878.0,1407531.728412629,1403508.0,1403508.0,1397835.0,1409181.0,all valid TSETMC Bank Maskan mortgage-facility certificates traded that day,Derived from standardized TSETMC instrument-day observations
2026-02-09,1404/11/20,1404,11,20,2,5483.0,460117.0,651898365385.0,1416809.996989896,1415602.0,1415602.0,1414052.0,1417152.0,all valid TSETMC Bank Maskan mortgage-facility certificates traded that day,Derived from standardized TSETMC instrument-day observations
2026-02-10,1404/11/21,1404,11,21,2,5409.0,481461.0,691878295859.0,1437039.1285254674,1435161.0,1435161.0,1432855.0,1437467.0,all valid TSETMC Bank Maskan mortgage-facility certificates traded that day,Derived from standardized TSETMC instrument-day observations
2026-02-14,1404/11/25,1404,11,25,2,5440.0,498685.0,714845323743.0,1433460.6489928511,1429047.5,1429047.5,1423076.0,1435019.0,all valid TSETMC Bank Maskan mortgage-facility certificates traded that day,Derived from standardized TSETMC instrument-day observations
2026-02-15,1404/11/26,1404,11,26,2,4069.0,422967.0,592064947491.0,1399789.9303988256,1396938.5,1396938.5,1393048.0,1400829.0,all valid TSETMC Bank Maskan mortgage-facility certificates traded that day,Derived from standardized TSETMC instrument-day observations
2026-02-16,1404/11/27,1404,11,27,2,3384.0,342039.0,472026745196.0,1380037.788661527,1379079.5,1379079.5,1377846.0,1380313.0,all valid TSETMC Bank Maskan mortgage-facility certificates traded that day,Derived from standardized TSETMC instrument-day observations
2026-02-17,1404/11/28,1404,11,28,2,3483.0,340064.0,472298023445.0,1388850.402997671,1387170.0,1387170.0,1384861.0,1389479.0,all valid TSETMC Bank Maskan mortgage-facility certificates traded that day,Derived from standardized TSETMC instrument-day observations
2026-02-18,1404/11/29,1404,11,29,2,4238.0,344271.0,477416694352.0,1386746.761568648,1385459.5,1385459.5,1383622.0,1387297.0,all valid TSETMC Bank Maskan mortgage-facility certificates traded that day,Derived from standardized TSETMC instrument-day observations
2026-02-21,1404/12/02,1404,12,2,2,2348.0,798591.0,1054233779225.0,1320117.280591692,1343465.5,1343465.5,1317933.0,1368998.0,all valid TSETMC Bank Maskan mortgage-facility certificates traded that day,Derived from standardized TSETMC instrument-day observations
2026-02-22,1404/12/03,1404,12,3,2,2101.0,946585.0,1186349117641.0,1253293.8063047694,1277656.5,1277656.5,1252037.0,1303276.0,all valid TSETMC Bank Maskan mortgage-facility certificates traded that day,Derived from standardized TSETMC instrument-day observations
2026-02-23,1404/12/04,1404,12,4,2,2376.0,795989.0,947095346244.0,1189834.7166154305,1213774.5,1213774.5,1189436.0,1238113.0,all valid TSETMC Bank Maskan mortgage-facility certificates traded that day,Derived from standardized TSETMC instrument-day observations
2026-02-24,1404/12/05,1404,12,5,2,2343.0,588401.0,665302549622.0,1130695.8173456537,1153086.5,1153086.5,1129965.0,1176208.0,all valid TSETMC Bank Maskan mortgage-facility certificates traded that day,Derived from standardized TSETMC instrument-day observations
2026-02-25,1404/12/06,1404,12,6,2,4726.0,689179.0,740211783968.0,1074048.6636534196,1095432.5,1095432.5,1073467.0,1117398.0,all valid TSETMC Bank Maskan mortgage-facility certificates traded that day,Derived from standardized TSETMC instrument-day observations
2026-03-09,1404/12/18,1404,12,18,2,4452.0,407901.0,428140775276.0,1049619.3323281875,1069116.0,1069116.0,1048434.0,1089798.0,all valid TSETMC Bank Maskan mortgage-facility certificates traded that day,Derived from standardized TSETMC instrument-day observations
2026-03-10,1404/12/19,1404,12,19,2,4279.0,276724.0,299254040292.0,1081417.0086150821,1100440.0,1100440.0,1079887.0,1120993.0,all valid TSETMC Bank Maskan mortgage-facility certificates traded that day,Derived from standardized TSETMC instrument-day observations
2026-03-14,1404/12/23,1404,12,23,2,6428.0,562334.0,623457390403.0,1108695.8825235537,1118277.0,1118277.0,1108038.0,1128516.0,all valid TSETMC Bank Maskan mortgage-facility certificates traded that day,Derived from standardized TSETMC instrument-day observations
2026-03-15,1404/12/24,1404,12,24,2,6703.0,432742.0,493172455997.0,1139645.4607988133,1149646.0,1149646.0,1138736.0,1160556.0,all valid TSETMC Bank Maskan mortgage-facility certificates traded that day,Derived from standardized TSETMC instrument-day observations
2026-03-16,1404/12/25,1404,12,25,2,3359.0,207586.0,243593917556.0,1173460.2408447582,1180381.5,1180381.5,1172858.0,1187905.0,all valid TSETMC Bank Maskan mortgage-facility certificates traded that day,Derived from standardized TSETMC instrument-day observations
2026-03-17,1404/12/26,1404,12,26,2,5778.0,395877.0,463316703094.0,1170355.1938960839,1175263.5,1175263.5,1169905.0,1180622.0,all valid TSETMC Bank Maskan mortgage-facility certificates traded that day,Derived from standardized TSETMC instrument-day observations
2026-03-18,1404/12/27,1404,12,27,2,2474.0,147658.0,168450473135.0,1140815.0803546032,1142909.5,1142909.5,1140372.0,1145447.0,all valid TSETMC Bank Maskan mortgage-facility certificates traded that day,Derived from standardized TSETMC instrument-day observations
2026-03-25,1405/01/05,1405,1,5,2,514.0,123982.0,137175686891.0,1106416.1482392605,1121993.5,1121993.5,1106161.0,1137826.0,all valid TSETMC Bank Maskan mortgage-facility certificates traded that day,Derived from standardized TSETMC instrument-day observations
2026-03-28,1405/01/08,1405,1,8,2,831.0,250389.0,268683014952.0,1073062.3747528845,1090761.5,1090761.5,1072977.0,1108546.0,all valid TSETMC Bank Maskan mortgage-facility certificates traded that day,Derived from standardized TSETMC instrument-day observations
2026-03-29,1405/01/09,1405,1,9,2,635.0,248694.0,259001960392.0,1041448.3678416045,1058039.0,1058039.0,1040788.0,1075290.0,all valid TSETMC Bank Maskan mortgage-facility certificates traded that day,Derived from standardized TSETMC instrument-day observations
2026-03-30,1405/01/10,1405,1,10,2,540.0,253147.0,255676315597.0,1009991.4895179481,1026298.5,1026298.5,1009565.0,1043032.0,all valid TSETMC Bank Maskan mortgage-facility certificates traded that day,Derived from standardized TSETMC instrument-day observations
2026-03-31,1405/01/11,1405,1,11,2,2806.0,297277.0,296380939423.0,996985.7722696341,1008083.0,1008083.0,996730.0,1019436.0,all valid TSETMC Bank Maskan mortgage-facility certificates traded that day,Derived from standardized TSETMC instrument-day observations
2026-04-04,1405/01/15,1405,1,15,2,772.0,263381.0,255103100278.0,968570.626878932,980596.0,980596.0,968440.0,992752.0,all valid TSETMC Bank Maskan mortgage-facility certificates traded that day,Derived from standardized TSETMC instrument-day observations
2026-04-05,1405/01/16,1405,1,16,2,479.0,212548.0,199782075535.0,939938.6281451719,951517.0,951517.0,939387.0,963647.0,all valid TSETMC Bank Maskan mortgage-facility certificates traded that day,Derived from standardized TSETMC instrument-day observations
2026-04-06,1405/01/17,1405,1,17,2,1307.0,471008.0,429192587036.0,911221.4379288674,922972.0,922972.0,911206.0,934738.0,all valid TSETMC Bank Maskan mortgage-facility certificates traded that day,Derived from standardized TSETMC instrument-day observations
2026-04-08,1405/01/19,1405,1,19,2,3828.0,717654.0,646213158257.0,900452.2489347234,915229.0,915229.0,900272.0,930186.0,all valid TSETMC Bank Maskan mortgage-facility certificates traded that day,Derived from standardized TSETMC instrument-day observations
2026-04-11,1405/01/22,1405,1,22,2,5859.0,744061.0,680402108533.0,914443.9885076627,935417.0,935417.0,913930.0,956904.0,all valid TSETMC Bank Maskan mortgage-facility certificates traded that day,Derived from standardized TSETMC instrument-day observations
2026-04-12,1405/01/23,1405,1,23,2,4481.0,446203.0,401369316263.0,899521.7787935088,913713.0,913713.0,899229.0,928197.0,all valid TSETMC Bank Maskan mortgage-facility certificates traded that day,Derived from standardized TSETMC instrument-day observations
2026-04-13,1405/01/24,1405,1,24,2,3850.0,410596.0,370600359053.0,902591.2552801294,901848.5,901848.5,901074.0,902623.0,all valid TSETMC Bank Maskan mortgage-facility certificates traded that day,Derived from standardized TSETMC instrument-day observations
2026-04-15,1405/01/26,1405,1,26,2,3098.0,227665.0,211046610705.0,927005.0763402367,925039.5,925039.5,922922.0,927157.0,all valid TSETMC Bank Maskan mortgage-facility certificates traded that day,Derived from standardized TSETMC instrument-day observations
2026-04-18,1405/01/29,1405,1,29,2,3459.0,366985.0,350185962789.0,954224.185699688,951787.5,951787.5,949234.0,954341.0,all valid TSETMC Bank Maskan mortgage-facility certificates traded that day,Derived from standardized TSETMC instrument-day observations
2026-04-19,1405/01/30,1405,1,30,2,3146.0,391020.0,384109704177.0,982327.5131118613,979193.0,979193.0,975849.0,982537.0,all valid TSETMC Bank Maskan mortgage-facility certificates traded that day,Derived from standardized TSETMC instrument-day observations
2026-04-20,1405/01/31,1405,1,31,2,3701.0,336669.0,329923092298.0,979962.7892618566,986046.5,986046.5,979421.0,992672.0,all valid TSETMC Bank Maskan mortgage-facility certificates traded that day,Derived from standardized TSETMC instrument-day observations
2026-04-21,1405/02/01,1405,2,1,2,2500.0,170017.0,163499097819.0,961663.2326120329,962412.0,962412.0,961581.0,963243.0,all valid TSETMC Bank Maskan mortgage-facility certificates traded that day,Derived from standardized TSETMC instrument-day observations
2026-04-22,1405/02/02,1405,2,2,3,3012.0,272240.0,266465574186.0,978789.2087349398,977396.6666666666,990145.0,951617.0,990428.0,all valid TSETMC Bank Maskan mortgage-facility certificates traded that day,Derived from standardized TSETMC instrument-day observations
2026-04-25,1405/02/05,1405,2,5,3,3378.0,559040.0,522826555138.0,935222.0863229822,949966.0,961121.0,923069.0,965708.0,all valid TSETMC Bank Maskan mortgage-facility certificates traded that day,Derived from standardized TSETMC instrument-day observations
2026-04-26,1405/02/06,1405,2,6,3,2286.0,466508.0,422101723025.0,904811.3280479648,923173.0,934681.0,895377.0,939461.0,all valid TSETMC Bank Maskan mortgage-facility certificates traded that day,Derived from standardized TSETMC instrument-day observations
2026-04-27,1405/02/07,1405,2,7,3,2441.0,589442.0,514581041790.0,872996.9051916897,895836.6666666666,906650.0,868516.0,912344.0,all valid TSETMC Bank Maskan mortgage-facility certificates traded that day,Derived from standardized TSETMC instrument-day observations
2026-04-28,1405/02/08,1405,2,8,3,2909.0,646985.0,548855239029.0,848327.6104221891,869374.3333333334,879621.0,842461.0,886041.0,all valid TSETMC Bank Maskan mortgage-facility certificates traded that day,Derived from standardized TSETMC instrument-day observations
2026-04-29,1405/02/09,1405,2,9,3,8513.0,1285643.0,1067954173398.0,830677.0801832235,848271.3333333334,853251.0,827757.0,863806.0,all valid TSETMC Bank Maskan mortgage-facility certificates traded that day,Derived from standardized TSETMC instrument-day observations
2026-05-02,1405/02/12,1405,2,12,3,7063.0,593955.0,510279047243.0,859120.7199922553,869800.6666666666,872303.0,852557.0,884542.0,all valid TSETMC Bank Maskan mortgage-facility certificates traded that day,Derived from standardized TSETMC instrument-day observations
2026-05-03,1405/02/13,1405,2,13,3,4878.0,433633.0,385183154989.0,888269.9309992552,895894.3333333334,898472.0,878133.0,911078.0,all valid TSETMC Bank Maskan mortgage-facility certificates traded that day,Derived from standardized TSETMC instrument-day observations
2026-05-04,1405/02/14,1405,2,14,3,5414.0,366914.0,337091190470.0,918719.8920455475,922770.6666666666,925426.0,904476.0,938410.0,all valid TSETMC Bank Maskan mortgage-facility certificates traded that day,Derived from standardized TSETMC instrument-day observations
2026-05-05,1405/02/15,1405,2,15,3,5505.0,577882.0,545066810039.0,943214.7221041666,950452.3333333334,953185.0,931610.0,966562.0,all valid TSETMC Bank Maskan mortgage-facility certificates traded that day,Derived from standardized TSETMC instrument-day observations
2026-05-06,1405/02/16,1405,2,16,3,5503.0,358645.0,351114290216.0,979002.3288098258,978965.3333333334,981780.0,959558.0,995558.0,all valid TSETMC Bank Maskan mortgage-facility certificates traded that day,Derived from standardized TSETMC instrument-day observations
2026-05-09,1405/02/19,1405,2,19,3,7027.0,542940.0,545995536010.0,1005627.759991896,1008333.6666666666,1011233.0,988344.0,1025424.0,all valid TSETMC Bank Maskan mortgage-facility certificates traded that day,Derived from standardized TSETMC instrument-day observations
2026-05-10,1405/02/20,1405,2,20,3,6886.0,494285.0,512644525998.0,1037143.6033826638,1038583.0,1041569.0,1017994.0,1056186.0,all valid TSETMC Bank Maskan mortgage-facility certificates traded that day,Derived from standardized TSETMC instrument-day observations
2026-05-11,1405/02/21,1405,2,21,3,7681.0,507244.0,543107424076.0,1070702.5101844477,1069740.0,1072816.0,1048533.0,1087871.0,all valid TSETMC Bank Maskan mortgage-facility certificates traded that day,Derived from standardized TSETMC instrument-day observations
2026-05-12,1405/02/22,1405,2,22,3,9633.0,716626.0,792685048562.0,1106134.9275103053,1101393.0,1105000.0,1079988.0,1119191.0,all valid TSETMC Bank Maskan mortgage-facility certificates traded that day,Derived from standardized TSETMC instrument-day observations
2026-05-13,1405/02/23,1405,2,23,3,10477.0,921314.0,1016108374656.0,1102890.4094109065,1101995.3333333333,1098219.0,1096786.0,1110981.0,all valid TSETMC Bank Maskan mortgage-facility certificates traded that day,Derived from standardized TSETMC instrument-day observations
2026-05-16,1405/02/26,1405,2,26,3,6553.0,475361.0,516857572469.0,1087294.861103456,1085479.6666666667,1084017.0,1080728.0,1091694.0,all valid TSETMC Bank Maskan mortgage-facility certificates traded that day,Derived from standardized TSETMC instrument-day observations
2026-05-17,1405/02/27,1405,2,27,3,4541.0,302720.0,320224660224.0,1057824.5911205073,1055555.6666666667,1057831.0,1049891.0,1058945.0,all valid TSETMC Bank Maskan mortgage-facility certificates traded that day,Derived from standardized TSETMC instrument-day observations
2026-05-18,1405/02/28,1405,2,28,3,4629.0,403231.0,415836272042.0,1031260.6720267043,1029963.6666666666,1027177.0,1020448.0,1042266.0,all valid TSETMC Bank Maskan mortgage-facility certificates traded that day,Derived from standardized TSETMC instrument-day observations
2026-05-19,1405/02/29,1405,2,29,3,2801.0,374722.0,375335396866.0,1001636.9384930695,1000989.6666666666,998184.0,993786.0,1010999.0,all valid TSETMC Bank Maskan mortgage-facility certificates traded that day,Derived from standardized TSETMC instrument-day observations
2026-05-20,1405/02/30,1405,2,30,3,2540.0,477014.0,467548050275.0,980155.8240953096,979183.0,978537.0,978342.0,980670.0,all valid TSETMC Bank Maskan mortgage-facility certificates traded that day,Derived from standardized TSETMC instrument-day observations
2026-05-23,1405/03/02,1405,3,2,3,2572.0,634154.0,603584991913.0,951795.6078696973,954659.0,954671.0,951250.0,958056.0,all valid TSETMC Bank Maskan mortgage-facility certificates traded that day,Derived from standardized TSETMC instrument-day observations
2026-05-24,1405/03/03,1405,3,3,3,2410.0,655100.0,606401344817.0,925662.257391238,951427.0,950089.0,922713.0,981479.0,all valid TSETMC Bank Maskan mortgage-facility certificates traded that day,Derived from standardized TSETMC instrument-day observations
2026-05-25,1405/03/04,1405,3,4,3,1728.0,599148.0,537475808672.0,897066.8493794522,924111.0,925266.0,895032.0,952035.0,all valid TSETMC Bank Maskan mortgage-facility certificates traded that day,Derived from standardized TSETMC instrument-day observations
2026-05-26,1405/03/05,1405,3,5,3,1782.0,875379.0,760897488739.0,869220.6332788427,898095.0,902629.0,868182.0,923474.0,all valid TSETMC Bank Maskan mortgage-facility certificates traded that day,Derived from standardized TSETMC instrument-day observations
2026-05-30,1405/03/09,1405,3,9,3,2922.0,1005693.0,848553144161.0,843749.6772484247,872420.3333333334,879354.0,842137.0,895770.0,all valid TSETMC Bank Maskan mortgage-facility certificates traded that day,Derived from standardized TSETMC instrument-day observations
2026-05-31,1405/03/10,1405,3,10,3,6426.0,1198767.0,989122447422.0,825116.5134025211,855323.3333333334,869397.0,822258.0,874315.0,all valid TSETMC Bank Maskan mortgage-facility certificates traded that day,Derived from standardized TSETMC instrument-day observations
2026-06-01,1405/03/11,1405,3,11,3,4553.0,384090.0,329299151446.0,857348.9324012601,880600.3333333334,895478.0,846925.0,899398.0,all valid TSETMC Bank Maskan mortgage-facility certificates traded that day,Derived from standardized TSETMC instrument-day observations
2026-06-02,1405/03/12,1405,3,12,3,4921.0,414430.0,365964303274.0,883054.5647612383,907017.6666666666,922342.0,872332.0,926379.0,all valid TSETMC Bank Maskan mortgage-facility certificates traded that day,Derived from standardized TSETMC instrument-day observations
2026-06-03,1405/03/13,1405,3,13,3,3750.0,332235.0,307566242365.0,925749.0702815778,934115.0,949674.0,898501.0,954170.0,all valid TSETMC Bank Maskan mortgage-facility certificates traded that day,Derived from standardized TSETMC instrument-day observations
2026-06-06,1405/03/16,1405,3,16,3,6118.0,531287.0,498612851080.0,938500.0029739105,960790.3333333334,978164.0,925456.0,978751.0,all valid TSETMC Bank Maskan mortgage-facility certificates traded that day,Derived from standardized TSETMC instrument-day observations
2026-06-07,1405/03/17,1405,3,17,3,6341.0,490156.0,478333283862.0,975879.6870016892,989613.3333333334,1007508.0,953219.0,1008113.0,all valid TSETMC Bank Maskan mortgage-facility certificates traded that day,Derived from standardized TSETMC instrument-day observations
2026-06-08,1405/03/18,1405,3,18,3,11618.0,1213519.0,1194219301139.0,984096.0884328964,999956.3333333334,1005028.0,977846.0,1016995.0,all valid TSETMC Bank Maskan mortgage-facility certificates traded that day,Derived from standardized TSETMC instrument-day observations
2026-06-09,1405/03/19,1405,3,19,3,6666.0,570366.0,560932991137.0,983461.4811138812,985766.3333333334,983545.0,982991.0,990763.0,all valid TSETMC Bank Maskan mortgage-facility certificates traded that day,Derived from standardized TSETMC instrument-day observations
2026-06-10,1405/03/20,1405,3,20,3,6962.0,544192.0,535811022734.0,984599.2273572562,981878.0,980635.0,976892.0,988107.0,all valid TSETMC Bank Maskan mortgage-facility certificates traded that day,Derived from standardized TSETMC instrument-day observations
2026-06-13,1405/03/23,1405,3,23,3,6061.0,523165.0,510861311081.0,976482.2017547046,974102.6666666666,971719.0,968871.0,981718.0,all valid TSETMC Bank Maskan mortgage-facility certificates traded that day,Derived from standardized TSETMC instrument-day observations
2026-06-14,1405/03/24,1405,3,24,3,3975.0,342901.0,328669362491.0,958496.3662718977,957193.3333333334,955527.0,950886.0,965167.0,all valid TSETMC Bank Maskan mortgage-facility certificates traded that day,Derived from standardized TSETMC instrument-day observations
2026-06-15,1405/03/25,1405,3,25,3,5023.0,421879.0,396765183614.0,940471.5181699018,937234.3333333334,934184.0,931124.0,946395.0,all valid TSETMC Bank Maskan mortgage-facility certificates traded that day,Derived from standardized TSETMC instrument-day observations
2026-06-16,1405/03/26,1405,3,26,3,4556.0,376926.0,363482272607.0,964333.2447403469,961549.6666666666,958709.0,955739.0,970201.0,all valid TSETMC Bank Maskan mortgage-facility certificates traded that day,Derived from standardized TSETMC instrument-day observations
2026-06-17,1405/03/27,1405,3,27,3,4507.0,479639.0,461750079110.0,962703.3646346523,958224.0,957172.0,951125.0,966375.0,all valid TSETMC Bank Maskan mortgage-facility certificates traded that day,Derived from standardized TSETMC instrument-day observations
2026-06-20,1405/03/30,1405,3,30,3,4085.0,389033.0,373004306420.0,958798.6274172114,953567.0,953530.0,939760.0,967411.0,all valid TSETMC Bank Maskan mortgage-facility certificates traded that day,Derived from standardized TSETMC instrument-day observations
2026-06-21,1405/03/31,1405,3,31,3,1435.0,353207.0,330753569989.0,936429.8272372858,930888.0,931906.0,922369.0,938389.0,all valid TSETMC Bank Maskan mortgage-facility certificates traded that day,Derived from standardized TSETMC instrument-day observations
2026-06-22,1405/04/01,1405,4,1,3,1727.0,578976.0,527289577547.0,910727.8670393936,911273.3333333334,910238.0,907061.0,916521.0,all valid TSETMC Bank Maskan mortgage-facility certificates traded that day,Derived from standardized TSETMC instrument-day observations
2026-06-23,1405/04/02,1405,4,2,3,1845.0,686523.0,606396355235.0,883286.2922800839,884514.3333333334,882931.0,880638.0,889974.0,all valid TSETMC Bank Maskan mortgage-facility certificates traded that day,Derived from standardized TSETMC instrument-day observations
2026-06-27,1405/04/06,1405,4,6,3,1687.0,695866.0,596431997788.0,857107.5433891008,861352.3333333334,856444.0,854784.0,872829.0,all valid TSETMC Bank Maskan mortgage-facility certificates traded that day,Derived from standardized TSETMC instrument-day observations
2026-06-28,1405/04/07,1405,4,7,3,1582.0,677873.0,563381502742.0,831101.8476056724,835753.6666666666,830751.0,829845.0,846665.0,all valid TSETMC Bank Maskan mortgage-facility certificates traded that day,Derived from standardized TSETMC instrument-day observations
2026-06-29,1405/04/08,1405,4,8,3,2127.0,877348.0,707354865310.0,806242.067355257,814572.6666666666,816623.0,805829.0,821266.0,all valid TSETMC Bank Maskan mortgage-facility certificates traded that day,Derived from standardized TSETMC instrument-day observations
2026-06-30,1405/04/09,1405,4,9,3,3011.0,960672.0,751496914325.0,782261.702563414,791532.0,796312.0,781655.0,796629.0,all valid TSETMC Bank Maskan mortgage-facility certificates traded that day,Derived from standardized TSETMC instrument-day observations
2026-07-01,1405/04/10,1405,4,10,3,4518.0,578503.0,465777090549.0,805142.0486134039,812374.6666666666,813339.0,803898.0,819887.0,all valid TSETMC Bank Maskan mortgage-facility certificates traded that day,Derived from standardized TSETMC instrument-day observations
2026-07-07,1405/04/16,1405,4,16,3,2869.0,228096.0,189418266377.0,830432.214405338,836745.3333333334,837739.0,828014.0,844483.0,all valid TSETMC Bank Maskan mortgage-facility certificates traded that day,Derived from standardized TSETMC instrument-day observations
2026-07-08,1405/04/17,1405,4,17,3,4012.0,357525.0,305713746408.0,855083.5505433186,861847.3333333334,862871.0,852854.0,869817.0,all valid TSETMC Bank Maskan mortgage-facility certificates traded that day,Derived from standardized TSETMC instrument-day observations
2026-07-11,1405/04/20,1405,4,20,3,6307.0,750571.0,661321419807.0,881091.0890601955,887702.3333333334,888757.0,878439.0,895911.0,all valid TSETMC Bank Maskan mortgage-facility certificates traded that day,Derived from standardized TSETMC instrument-day observations
2026-07-12,1405/04/21,1405,4,21,3,8329.0,869383.0,780872583782.0,898191.6874173983,899566.3333333334,898447.0,897084.0,903168.0,all valid TSETMC Bank Maskan mortgage-facility certificates traded that day,Derived from standardized TSETMC instrument-day observations
2026-07-13,1405/04/22,1405,4,22,3,5589.0,562689.0,500596032609.0,889649.5801570673,886607.6666666666,883967.0,883408.0,892448.0,all valid TSETMC Bank Maskan mortgage-facility certificates traded that day,Derived from standardized TSETMC instrument-day observations
2026-07-14,1405/04/23,1405,4,23,3,4694.0,376906.0,332053190957.0,880997.3599703904,874755.6666666666,876609.0,864275.0,883383.0,all valid TSETMC Bank Maskan mortgage-facility certificates traded that day,Derived from standardized TSETMC instrument-day observations
2026-07-15,1405/04/24,1405,4,24,3,3653.0,306625.0,267734667786.0,873166.4664851202,867167.0,867792.0,856528.0,877181.0,all valid TSETMC Bank Maskan mortgage-facility certificates traded that day,Derived from standardized TSETMC instrument-day observations
2026-07-18,1405/04/27,1405,4,27,3,3806.0,366914.0,314566211592.0,857329.5420507258,853334.3333333334,854584.0,846372.0,859047.0,all valid TSETMC Bank Maskan mortgage-facility certificates traded that day,Derived from standardized TSETMC instrument-day observations
2026-07-19,1405/04/28,1405,4,28,3,3903.0,369883.0,320168590249.0,865594.2291183969,860082.6666666666,856518.0,852987.0,870743.0,all valid TSETMC Bank Maskan mortgage-facility certificates traded that day,Derived from standardized TSETMC instrument-day observations
2026-07-20,1405/04/29,1405,4,29,3,3199.0,285927.0,252574213107.0,883352.0902433138,874757.3333333334,873715.0,860381.0,890176.0,all valid TSETMC Bank Maskan mortgage-facility certificates traded that day,Derived from standardized TSETMC instrument-day observations
2026-07-21,1405/04/30,1405,4,30,3,1845.0,362359.0,312781987063.0,863182.6091334836,860079.0,862322.0,854444.0,863471.0,all valid TSETMC Bank Maskan mortgage-facility certificates traded that day,Derived from standardized TSETMC instrument-day observations
2026-07-22,1405/04/31,1405,4,31,3,1188.0,482622.0,404286142268.0,837686.9315281939,837913.3333333334,837567.0,837288.0,838885.0,all valid TSETMC Bank Maskan mortgage-facility certificates traded that day,Derived from standardized TSETMC instrument-day observations
