gregorian_date,jalali_date,jalali_year,jalali_month,jalali_day,index_key,index_name_fa,ins_code,high_index_points,low_index_points,closing_index_points,source
2008-12-05,1387/09/15,1387,9,15,real_estate,انبوه سازی، املاک و مستغلات,4654922806626448,245.0,245.0,245.0,TSETMC
2008-12-06,1387/09/16,1387,9,16,real_estate,انبوه سازی، املاک و مستغلات,4654922806626448,245.2,245.0,245.0,TSETMC
2008-12-07,1387/09/17,1387,9,17,real_estate,انبوه سازی، املاک و مستغلات,4654922806626448,245.1,245.0,245.1,TSETMC
2008-12-08,1387/09/18,1387,9,18,real_estate,انبوه سازی، املاک و مستغلات,4654922806626448,245.1,244.9,245.1,TSETMC
2008-12-10,1387/09/20,1387,9,20,real_estate,انبوه سازی، املاک و مستغلات,4654922806626448,245.3,245.1,245.1,TSETMC
2008-12-13,1387/09/23,1387,9,23,real_estate,انبوه سازی، املاک و مستغلات,4654922806626448,245.1,245.1,245.1,TSETMC
2008-12-14,1387/09/24,1387,9,24,real_estate,انبوه سازی، املاک و مستغلات,4654922806626448,245.1,244.8,244.8,TSETMC
2008-12-15,1387/09/25,1387,9,25,real_estate,انبوه سازی، املاک و مستغلات,4654922806626448,245.2,244.9,245.2,TSETMC
2008-12-16,1387/09/26,1387,9,26,real_estate,انبوه سازی، املاک و مستغلات,4654922806626448,245.4,245.3,245.3,TSETMC
2008-12-20,1387/09/30,1387,9,30,real_estate,انبوه سازی، املاک و مستغلات,4654922806626448,245.5,245.4,245.5,TSETMC
2008-12-21,1387/10/01,1387,10,1,real_estate,انبوه سازی، املاک و مستغلات,4654922806626448,245.9,245.5,245.9,TSETMC
2008-12-22,1387/10/02,1387,10,2,real_estate,انبوه سازی، املاک و مستغلات,4654922806626448,246.4,246.0,246.4,TSETMC
2008-12-23,1387/10/03,1387,10,3,real_estate,انبوه سازی، املاک و مستغلات,4654922806626448,246.5,246.3,246.4,TSETMC
2008-12-24,1387/10/04,1387,10,4,real_estate,انبوه سازی، املاک و مستغلات,4654922806626448,246.5,246.4,246.5,TSETMC
2008-12-27,1387/10/07,1387,10,7,real_estate,انبوه سازی، املاک و مستغلات,4654922806626448,246.6,246.5,246.6,TSETMC
2008-12-28,1387/10/08,1387,10,8,real_estate,انبوه سازی، املاک و مستغلات,4654922806626448,246.6,244.8,244.9,TSETMC
2008-12-29,1387/10/09,1387,10,9,real_estate,انبوه سازی، املاک و مستغلات,4654922806626448,246.2,244.6,246.2,TSETMC
2008-12-30,1387/10/10,1387,10,10,real_estate,انبوه سازی، املاک و مستغلات,4654922806626448,247.0,246.2,247.0,TSETMC
2008-12-31,1387/10/11,1387,10,11,real_estate,انبوه سازی، املاک و مستغلات,4654922806626448,248.3,247.0,248.3,TSETMC
2009-01-03,1387/10/14,1387,10,14,real_estate,انبوه سازی، املاک و مستغلات,4654922806626448,248.7,248.3,248.7,TSETMC
2009-01-04,1387/10/15,1387,10,15,real_estate,انبوه سازی، املاک و مستغلات,4654922806626448,249.3,248.8,249.3,TSETMC
2009-01-05,1387/10/16,1387,10,16,real_estate,انبوه سازی، املاک و مستغلات,4654922806626448,249.7,249.3,249.7,TSETMC
2009-01-10,1387/10/21,1387,10,21,real_estate,انبوه سازی، املاک و مستغلات,4654922806626448,250.3,249.7,250.3,TSETMC
2009-01-11,1387/10/22,1387,10,22,real_estate,انبوه سازی، املاک و مستغلات,4654922806626448,250.9,250.5,250.9,TSETMC
2009-01-12,1387/10/23,1387,10,23,real_estate,انبوه سازی، املاک و مستغلات,4654922806626448,251.4,251.4,251.4,TSETMC
2009-01-13,1387/10/24,1387,10,24,real_estate,انبوه سازی، املاک و مستغلات,4654922806626448,251.4,251.0,251.0,TSETMC
2009-01-14,1387/10/25,1387,10,25,real_estate,انبوه سازی، املاک و مستغلات,4654922806626448,250.9,250.5,250.5,TSETMC
2009-01-17,1387/10/28,1387,10,28,real_estate,انبوه سازی، املاک و مستغلات,4654922806626448,250.5,250.5,250.5,TSETMC
2009-01-18,1387/10/29,1387,10,29,real_estate,انبوه سازی، املاک و مستغلات,4654922806626448,250.5,250.5,250.5,TSETMC
2009-01-19,1387/10/30,1387,10,30,real_estate,انبوه سازی، املاک و مستغلات,4654922806626448,250.5,250.4,250.4,TSETMC
2009-01-20,1387/11/01,1387,11,1,real_estate,انبوه سازی، املاک و مستغلات,4654922806626448,291.1,250.4,263.8,TSETMC
2009-01-21,1387/11/02,1387,11,2,real_estate,انبوه سازی، املاک و مستغلات,4654922806626448,267.9,260.1,267.3,TSETMC
2009-01-24,1387/11/05,1387,11,5,real_estate,انبوه سازی، املاک و مستغلات,4654922806626448,267.3,267.3,267.3,TSETMC
2009-01-25,1387/11/06,1387,11,6,real_estate,انبوه سازی، املاک و مستغلات,4654922806626448,267.3,267.2,267.2,TSETMC
2009-01-26,1387/11/07,1387,11,7,real_estate,انبوه سازی، املاک و مستغلات,4654922806626448,267.4,267.2,267.4,TSETMC
2009-01-27,1387/11/08,1387,11,8,real_estate,انبوه سازی، املاک و مستغلات,4654922806626448,267.5,266.8,266.8,TSETMC
2009-01-28,1387/11/09,1387,11,9,real_estate,انبوه سازی، املاک و مستغلات,4654922806626448,266.8,266.5,266.5,TSETMC
2009-01-31,1387/11/12,1387,11,12,real_estate,انبوه سازی، املاک و مستغلات,4654922806626448,266.5,266.1,266.1,TSETMC
2009-02-01,1387/11/13,1387,11,13,real_estate,انبوه سازی، املاک و مستغلات,4654922806626448,266.3,266.2,266.3,TSETMC
2009-02-02,1387/11/14,1387,11,14,real_estate,انبوه سازی، املاک و مستغلات,4654922806626448,266.3,265.8,265.8,TSETMC
2009-02-03,1387/11/15,1387,11,15,real_estate,انبوه سازی، املاک و مستغلات,4654922806626448,265.8,265.8,265.8,TSETMC
2009-02-04,1387/11/16,1387,11,16,real_estate,انبوه سازی، املاک و مستغلات,4654922806626448,265.8,264.2,264.5,TSETMC
2009-02-07,1387/11/19,1387,11,19,real_estate,انبوه سازی، املاک و مستغلات,4654922806626448,264.5,264.0,264.0,TSETMC
2009-02-08,1387/11/20,1387,11,20,real_estate,انبوه سازی، املاک و مستغلات,4654922806626448,264.0,263.8,263.8,TSETMC
2009-02-09,1387/11/21,1387,11,21,real_estate,انبوه سازی، املاک و مستغلات,4654922806626448,263.8,263.3,263.3,TSETMC
2009-02-11,1387/11/23,1387,11,23,real_estate,انبوه سازی، املاک و مستغلات,4654922806626448,263.1,262.8,262.8,TSETMC
2009-02-14,1387/11/26,1387,11,26,real_estate,انبوه سازی، املاک و مستغلات,4654922806626448,262.8,262.4,262.4,TSETMC
2009-02-15,1387/11/27,1387,11,27,real_estate,انبوه سازی، املاک و مستغلات,4654922806626448,262.4,262.3,262.3,TSETMC
2009-02-17,1387/11/29,1387,11,29,real_estate,انبوه سازی، املاک و مستغلات,4654922806626448,262.2,262.1,262.1,TSETMC
2009-02-18,1387/11/30,1387,11,30,real_estate,انبوه سازی، املاک و مستغلات,4654922806626448,262.1,261.9,261.9,TSETMC
2009-02-21,1387/12/03,1387,12,3,real_estate,انبوه سازی، املاک و مستغلات,4654922806626448,261.9,261.7,261.7,TSETMC
2009-02-22,1387/12/04,1387,12,4,real_estate,انبوه سازی، املاک و مستغلات,4654922806626448,261.7,261.3,261.3,TSETMC
2009-02-23,1387/12/05,1387,12,5,real_estate,انبوه سازی، املاک و مستغلات,4654922806626448,261.2,261.1,261.1,TSETMC
2009-02-25,1387/12/07,1387,12,7,real_estate,انبوه سازی، املاک و مستغلات,4654922806626448,261.0,261.0,261.0,TSETMC
2009-02-28,1387/12/10,1387,12,10,real_estate,انبوه سازی، املاک و مستغلات,4654922806626448,261.0,260.2,260.2,TSETMC
2009-03-01,1387/12/11,1387,12,11,real_estate,انبوه سازی، املاک و مستغلات,4654922806626448,260.9,260.2,260.7,TSETMC
2009-03-02,1387/12/12,1387,12,12,real_estate,انبوه سازی، املاک و مستغلات,4654922806626448,260.6,260.3,260.3,TSETMC
2009-03-03,1387/12/13,1387,12,13,real_estate,انبوه سازی، املاک و مستغلات,4654922806626448,260.2,249.8,249.8,TSETMC
2009-03-04,1387/12/14,1387,12,14,real_estate,انبوه سازی، املاک و مستغلات,4654922806626448,249.8,249.6,249.6,TSETMC
2009-03-07,1387/12/17,1387,12,17,real_estate,انبوه سازی، املاک و مستغلات,4654922806626448,249.6,249.4,249.4,TSETMC
2009-03-08,1387/12/18,1387,12,18,real_estate,انبوه سازی، املاک و مستغلات,4654922806626448,249.4,248.9,248.9,TSETMC
2009-03-09,1387/12/19,1387,12,19,real_estate,انبوه سازی، املاک و مستغلات,4654922806626448,248.8,248.6,248.6,TSETMC
2009-03-10,1387/12/20,1387,12,20,real_estate,انبوه سازی، املاک و مستغلات,4654922806626448,248.6,248.6,248.6,TSETMC
2009-03-11,1387/12/21,1387,12,21,real_estate,انبوه سازی، املاک و مستغلات,4654922806626448,248.5,248.4,248.4,TSETMC
2009-03-14,1387/12/24,1387,12,24,real_estate,انبوه سازی، املاک و مستغلات,4654922806626448,248.4,248.3,248.3,TSETMC
2009-03-16,1387/12/26,1387,12,26,real_estate,انبوه سازی، املاک و مستغلات,4654922806626448,248.3,248.3,248.3,TSETMC
2009-03-17,1387/12/27,1387,12,27,real_estate,انبوه سازی، املاک و مستغلات,4654922806626448,248.3,248.1,248.1,TSETMC
2009-03-18,1387/12/28,1387,12,28,real_estate,انبوه سازی، املاک و مستغلات,4654922806626448,248.0,246.9,246.9,TSETMC
2009-03-25,1388/01/05,1388,1,5,real_estate,انبوه سازی، املاک و مستغلات,4654922806626448,246.9,246.9,246.9,TSETMC
2009-03-28,1388/01/08,1388,1,8,real_estate,انبوه سازی، املاک و مستغلات,4654922806626448,246.9,246.9,246.9,TSETMC
2009-03-29,1388/01/09,1388,1,9,real_estate,انبوه سازی، املاک و مستغلات,4654922806626448,247.2,246.9,247.2,TSETMC
2009-03-30,1388/01/10,1388,1,10,real_estate,انبوه سازی، املاک و مستغلات,4654922806626448,247.2,247.2,247.2,TSETMC
2009-03-31,1388/01/11,1388,1,11,real_estate,انبوه سازی، املاک و مستغلات,4654922806626448,247.2,247.2,247.2,TSETMC
2009-04-04,1388/01/15,1388,1,15,real_estate,انبوه سازی، املاک و مستغلات,4654922806626448,247.2,247.2,247.2,TSETMC
2009-04-05,1388/01/16,1388,1,16,real_estate,انبوه سازی، املاک و مستغلات,4654922806626448,247.3,247.2,247.2,TSETMC
2009-04-06,1388/01/17,1388,1,17,real_estate,انبوه سازی، املاک و مستغلات,4654922806626448,247.3,247.1,247.1,TSETMC
2009-04-07,1388/01/18,1388,1,18,real_estate,انبوه سازی، املاک و مستغلات,4654922806626448,247.3,247.1,247.3,TSETMC
2009-04-08,1388/01/19,1388,1,19,real_estate,انبوه سازی، املاک و مستغلات,4654922806626448,246.9,245.5,246.9,TSETMC
2009-04-11,1388/01/22,1388,1,22,real_estate,انبوه سازی، املاک و مستغلات,4654922806626448,246.9,246.9,246.9,TSETMC
2009-04-12,1388/01/23,1388,1,23,real_estate,انبوه سازی، املاک و مستغلات,4654922806626448,246.9,246.9,246.9,TSETMC
2009-04-13,1388/01/24,1388,1,24,real_estate,انبوه سازی، املاک و مستغلات,4654922806626448,247.0,246.9,247.0,TSETMC
2009-04-14,1388/01/25,1388,1,25,real_estate,انبوه سازی، املاک و مستغلات,4654922806626448,247.0,247.0,247.0,TSETMC
2009-04-15,1388/01/26,1388,1,26,real_estate,انبوه سازی، املاک و مستغلات,4654922806626448,247.0,247.0,247.0,TSETMC
2009-04-18,1388/01/29,1388,1,29,real_estate,انبوه سازی، املاک و مستغلات,4654922806626448,247.2,247.0,247.1,TSETMC
2009-04-19,1388/01/30,1388,1,30,real_estate,انبوه سازی، املاک و مستغلات,4654922806626448,247.3,247.1,247.3,TSETMC
2009-04-20,1388/01/31,1388,1,31,real_estate,انبوه سازی، املاک و مستغلات,4654922806626448,247.4,247.3,247.4,TSETMC
2009-04-21,1388/02/01,1388,2,1,real_estate,انبوه سازی، املاک و مستغلات,4654922806626448,247.4,247.3,247.4,TSETMC
2009-04-22,1388/02/02,1388,2,2,real_estate,انبوه سازی، املاک و مستغلات,4654922806626448,247.5,247.4,247.5,TSETMC
2009-04-25,1388/02/05,1388,2,5,real_estate,انبوه سازی، املاک و مستغلات,4654922806626448,247.5,247.4,247.5,TSETMC
2009-04-26,1388/02/06,1388,2,6,real_estate,انبوه سازی، املاک و مستغلات,4654922806626448,247.7,247.5,247.7,TSETMC
2009-04-27,1388/02/07,1388,2,7,real_estate,انبوه سازی، املاک و مستغلات,4654922806626448,249.2,248.0,249.2,TSETMC
2009-04-28,1388/02/08,1388,2,8,real_estate,انبوه سازی، املاک و مستغلات,4654922806626448,249.8,249.3,249.8,TSETMC
2009-04-29,1388/02/09,1388,2,9,real_estate,انبوه سازی، املاک و مستغلات,4654922806626448,250.0,250.0,250.0,TSETMC
2009-05-02,1388/02/12,1388,2,12,real_estate,انبوه سازی، املاک و مستغلات,4654922806626448,250.3,249.1,249.1,TSETMC
2009-05-03,1388/02/13,1388,2,13,real_estate,انبوه سازی، املاک و مستغلات,4654922806626448,249.4,249.2,249.4,TSETMC
2009-05-04,1388/02/14,1388,2,14,real_estate,انبوه سازی، املاک و مستغلات,4654922806626448,249.9,249.4,249.9,TSETMC
2009-05-05,1388/02/15,1388,2,15,real_estate,انبوه سازی، املاک و مستغلات,4654922806626448,250.5,248.5,248.5,TSETMC
2009-05-06,1388/02/16,1388,2,16,real_estate,انبوه سازی، املاک و مستغلات,4654922806626448,248.5,248.5,248.5,TSETMC
2009-05-09,1388/02/19,1388,2,19,real_estate,انبوه سازی، املاک و مستغلات,4654922806626448,248.8,248.5,248.8,TSETMC
2009-05-10,1388/02/20,1388,2,20,real_estate,انبوه سازی، املاک و مستغلات,4654922806626448,248.8,248.8,248.8,TSETMC
2009-05-11,1388/02/21,1388,2,21,real_estate,انبوه سازی، املاک و مستغلات,4654922806626448,248.8,248.7,248.7,TSETMC
2009-05-12,1388/02/22,1388,2,22,real_estate,انبوه سازی، املاک و مستغلات,4654922806626448,249.0,248.7,249.0,TSETMC
2009-05-13,1388/02/23,1388,2,23,real_estate,انبوه سازی، املاک و مستغلات,4654922806626448,249.4,249.0,249.4,TSETMC
2009-05-16,1388/02/26,1388,2,26,real_estate,انبوه سازی، املاک و مستغلات,4654922806626448,249.4,249.3,249.4,TSETMC
2009-05-17,1388/02/27,1388,2,27,real_estate,انبوه سازی، املاک و مستغلات,4654922806626448,249.5,249.4,249.4,TSETMC
2009-05-18,1388/02/28,1388,2,28,real_estate,انبوه سازی، املاک و مستغلات,4654922806626448,249.5,249.3,249.3,TSETMC
2009-05-19,1388/02/29,1388,2,29,real_estate,انبوه سازی، املاک و مستغلات,4654922806626448,249.3,249.2,249.2,TSETMC
2009-05-20,1388/02/30,1388,2,30,real_estate,انبوه سازی، املاک و مستغلات,4654922806626448,249.2,249.2,249.2,TSETMC
2009-05-23,1388/03/02,1388,3,2,real_estate,انبوه سازی، املاک و مستغلات,4654922806626448,249.2,249.0,249.0,TSETMC
2009-05-24,1388/03/03,1388,3,3,real_estate,انبوه سازی، املاک و مستغلات,4654922806626448,249.0,248.5,248.5,TSETMC
2009-05-25,1388/03/04,1388,3,4,real_estate,انبوه سازی، املاک و مستغلات,4654922806626448,248.5,248.4,248.5,TSETMC
2009-05-26,1388/03/05,1388,3,5,real_estate,انبوه سازی، املاک و مستغلات,4654922806626448,248.5,248.4,248.4,TSETMC
2009-05-27,1388/03/06,1388,3,6,real_estate,انبوه سازی، املاک و مستغلات,4654922806626448,248.4,246.9,246.9,TSETMC
2009-05-30,1388/03/09,1388,3,9,real_estate,انبوه سازی، املاک و مستغلات,4654922806626448,246.9,246.7,246.7,TSETMC
2009-05-31,1388/03/10,1388,3,10,real_estate,انبوه سازی، املاک و مستغلات,4654922806626448,246.7,246.3,246.3,TSETMC
2009-06-01,1388/03/11,1388,3,11,real_estate,انبوه سازی، املاک و مستغلات,4654922806626448,246.4,245.4,245.4,TSETMC
2009-06-02,1388/03/12,1388,3,12,real_estate,انبوه سازی، املاک و مستغلات,4654922806626448,245.5,244.8,244.8,TSETMC
2009-06-03,1388/03/13,1388,3,13,real_estate,انبوه سازی، املاک و مستغلات,4654922806626448,244.1,243.3,243.4,TSETMC
2009-06-06,1388/03/16,1388,3,16,real_estate,انبوه سازی، املاک و مستغلات,4654922806626448,243.4,243.4,243.4,TSETMC
2009-06-07,1388/03/17,1388,3,17,real_estate,انبوه سازی، املاک و مستغلات,4654922806626448,243.6,243.5,243.5,TSETMC
2009-06-08,1388/03/18,1388,3,18,real_estate,انبوه سازی، املاک و مستغلات,4654922806626448,243.5,243.4,243.4,TSETMC
2009-06-09,1388/03/19,1388,3,19,real_estate,انبوه سازی، املاک و مستغلات,4654922806626448,243.4,243.4,243.4,TSETMC
2009-06-10,1388/03/20,1388,3,20,real_estate,انبوه سازی، املاک و مستغلات,4654922806626448,243.8,243.8,243.8,TSETMC
2009-06-13,1388/03/23,1388,3,23,real_estate,انبوه سازی، املاک و مستغلات,4654922806626448,243.6,243.2,243.3,TSETMC
2009-06-14,1388/03/24,1388,3,24,real_estate,انبوه سازی، املاک و مستغلات,4654922806626448,243.3,243.1,243.1,TSETMC
2009-06-15,1388/03/25,1388,3,25,real_estate,انبوه سازی، املاک و مستغلات,4654922806626448,243.1,242.7,242.7,TSETMC
2009-06-16,1388/03/26,1388,3,26,real_estate,انبوه سازی، املاک و مستغلات,4654922806626448,242.0,241.6,241.6,TSETMC
2009-06-17,1388/03/27,1388,3,27,real_estate,انبوه سازی، املاک و مستغلات,4654922806626448,241.5,240.3,240.3,TSETMC
2009-06-20,1388/03/30,1388,3,30,real_estate,انبوه سازی، املاک و مستغلات,4654922806626448,240.3,240.1,240.1,TSETMC
2009-06-21,1388/03/31,1388,3,31,real_estate,انبوه سازی، املاک و مستغلات,4654922806626448,240.1,240.0,240.0,TSETMC
2009-06-22,1388/04/01,1388,4,1,real_estate,انبوه سازی، املاک و مستغلات,4654922806626448,239.5,239.4,239.4,TSETMC
2009-06-23,1388/04/02,1388,4,2,real_estate,انبوه سازی، املاک و مستغلات,4654922806626448,239.4,239.1,239.2,TSETMC
2009-06-24,1388/04/03,1388,4,3,real_estate,انبوه سازی، املاک و مستغلات,4654922806626448,239.3,239.2,239.2,TSETMC
2009-06-27,1388/04/06,1388,4,6,real_estate,انبوه سازی، املاک و مستغلات,4654922806626448,239.2,239.1,239.1,TSETMC
2009-06-28,1388/04/07,1388,4,7,real_estate,انبوه سازی، املاک و مستغلات,4654922806626448,239.1,239.1,239.1,TSETMC
2009-06-29,1388/04/08,1388,4,8,real_estate,انبوه سازی، املاک و مستغلات,4654922806626448,239.1,238.8,238.8,TSETMC
2009-06-30,1388/04/09,1388,4,9,real_estate,انبوه سازی، املاک و مستغلات,4654922806626448,238.7,238.6,238.6,TSETMC
2009-07-01,1388/04/10,1388,4,10,real_estate,انبوه سازی، املاک و مستغلات,4654922806626448,238.6,238.6,238.6,TSETMC
2009-07-04,1388/04/13,1388,4,13,real_estate,انبوه سازی، املاک و مستغلات,4654922806626448,238.5,238.4,238.4,TSETMC
2009-07-05,1388/04/14,1388,4,14,real_estate,انبوه سازی، املاک و مستغلات,4654922806626448,238.4,238.4,238.4,TSETMC
2009-07-07,1388/04/16,1388,4,16,real_estate,انبوه سازی، املاک و مستغلات,4654922806626448,238.4,238.3,238.3,TSETMC
2009-07-11,1388/04/20,1388,4,20,real_estate,انبوه سازی، املاک و مستغلات,4654922806626448,238.3,238.3,238.3,TSETMC
2009-07-12,1388/04/21,1388,4,21,real_estate,انبوه سازی، املاک و مستغلات,4654922806626448,238.3,238.0,238.0,TSETMC
2009-07-13,1388/04/22,1388,4,22,real_estate,انبوه سازی، املاک و مستغلات,4654922806626448,238.0,237.8,237.8,TSETMC
2009-07-14,1388/04/23,1388,4,23,real_estate,انبوه سازی، املاک و مستغلات,4654922806626448,237.8,237.8,237.8,TSETMC
2009-07-15,1388/04/24,1388,4,24,real_estate,انبوه سازی، املاک و مستغلات,4654922806626448,237.9,237.8,237.9,TSETMC
2009-07-16,1388/04/25,1388,4,25,real_estate,انبوه سازی، املاک و مستغلات,4654922806626448,237.9,237.9,237.9,TSETMC
2009-07-18,1388/04/27,1388,4,27,real_estate,انبوه سازی، املاک و مستغلات,4654922806626448,237.9,237.4,237.4,TSETMC
2009-07-19,1388/04/28,1388,4,28,real_estate,انبوه سازی، املاک و مستغلات,4654922806626448,237.6,237.5,237.6,TSETMC
2009-07-21,1388/04/30,1388,4,30,real_estate,انبوه سازی، املاک و مستغلات,4654922806626448,237.6,237.6,237.6,TSETMC
2009-07-22,1388/04/31,1388,4,31,real_estate,انبوه سازی، املاک و مستغلات,4654922806626448,237.6,237.5,237.5,TSETMC
2009-07-25,1388/05/03,1388,5,3,real_estate,انبوه سازی، املاک و مستغلات,4654922806626448,237.5,237.5,237.5,TSETMC
2009-07-26,1388/05/04,1388,5,4,real_estate,انبوه سازی، املاک و مستغلات,4654922806626448,237.5,237.2,237.2,TSETMC
2009-07-27,1388/05/05,1388,5,5,real_estate,انبوه سازی، املاک و مستغلات,4654922806626448,237.2,236.9,237.0,TSETMC
2009-07-28,1388/05/06,1388,5,6,real_estate,انبوه سازی، املاک و مستغلات,4654922806626448,237.0,236.7,236.8,TSETMC
2009-07-29,1388/05/07,1388,5,7,real_estate,انبوه سازی، املاک و مستغلات,4654922806626448,237.8,237.2,237.8,TSETMC
2009-08-01,1388/05/10,1388,5,10,real_estate,انبوه سازی، املاک و مستغلات,4654922806626448,238.0,237.8,237.9,TSETMC
2009-08-02,1388/05/11,1388,5,11,real_estate,انبوه سازی، املاک و مستغلات,4654922806626448,237.9,237.8,237.8,TSETMC
2009-08-03,1388/05/12,1388,5,12,real_estate,انبوه سازی، املاک و مستغلات,4654922806626448,238.1,237.7,238.0,TSETMC
2009-08-04,1388/05/13,1388,5,13,real_estate,انبوه سازی، املاک و مستغلات,4654922806626448,238.0,237.9,237.9,TSETMC
2009-08-05,1388/05/14,1388,5,14,real_estate,انبوه سازی، املاک و مستغلات,4654922806626448,237.9,237.7,237.7,TSETMC
2009-08-08,1388/05/17,1388,5,17,real_estate,انبوه سازی، املاک و مستغلات,4654922806626448,239.1,237.6,239.1,TSETMC
2009-08-09,1388/05/18,1388,5,18,real_estate,انبوه سازی، املاک و مستغلات,4654922806626448,239.1,238.9,239.0,TSETMC
2009-08-10,1388/05/19,1388,5,19,real_estate,انبوه سازی، املاک و مستغلات,4654922806626448,239.1,238.9,238.9,TSETMC
2009-08-11,1388/05/20,1388,5,20,real_estate,انبوه سازی، املاک و مستغلات,4654922806626448,238.8,238.7,238.7,TSETMC
2009-08-12,1388/05/21,1388,5,21,real_estate,انبوه سازی، املاک و مستغلات,4654922806626448,238.7,238.6,238.6,TSETMC
2009-08-15,1388/05/24,1388,5,24,real_estate,انبوه سازی، املاک و مستغلات,4654922806626448,238.6,238.0,238.0,TSETMC
2009-08-16,1388/05/25,1388,5,25,real_estate,انبوه سازی، املاک و مستغلات,4654922806626448,238.0,237.4,237.4,TSETMC
2009-08-17,1388/05/26,1388,5,26,real_estate,انبوه سازی، املاک و مستغلات,4654922806626448,237.4,237.3,237.3,TSETMC
2009-08-18,1388/05/27,1388,5,27,real_estate,انبوه سازی، املاک و مستغلات,4654922806626448,237.3,237.3,237.3,TSETMC
2009-08-19,1388/05/28,1388,5,28,real_estate,انبوه سازی، املاک و مستغلات,4654922806626448,237.4,237.3,237.4,TSETMC
2009-08-22,1388/05/31,1388,5,31,real_estate,انبوه سازی، املاک و مستغلات,4654922806626448,237.6,237.4,237.6,TSETMC
2009-08-23,1388/06/01,1388,6,1,real_estate,انبوه سازی، املاک و مستغلات,4654922806626448,237.8,237.6,237.8,TSETMC
2009-08-24,1388/06/02,1388,6,2,real_estate,انبوه سازی، املاک و مستغلات,4654922806626448,238.1,237.9,238.1,TSETMC
2009-08-25,1388/06/03,1388,6,3,real_estate,انبوه سازی، املاک و مستغلات,4654922806626448,238.6,238.1,238.6,TSETMC
2009-08-26,1388/06/04,1388,6,4,real_estate,انبوه سازی، املاک و مستغلات,4654922806626448,244.6,237.6,240.0,TSETMC
2009-08-29,1388/06/07,1388,6,7,real_estate,انبوه سازی، املاک و مستغلات,4654922806626448,240.5,240.1,240.5,TSETMC
2009-08-30,1388/06/08,1388,6,8,real_estate,انبوه سازی، املاک و مستغلات,4654922806626448,241.3,240.5,241.1,TSETMC
2009-08-31,1388/06/09,1388,6,9,real_estate,انبوه سازی، املاک و مستغلات,4654922806626448,241.3,241.2,241.3,TSETMC
2009-09-01,1388/06/10,1388,6,10,real_estate,انبوه سازی، املاک و مستغلات,4654922806626448,242.0,241.3,242.0,TSETMC
2009-09-02,1388/06/11,1388,6,11,real_estate,انبوه سازی، املاک و مستغلات,4654922806626448,242.9,242.6,242.9,TSETMC
2009-09-05,1388/06/14,1388,6,14,real_estate,انبوه سازی، املاک و مستغلات,4654922806626448,244.0,243.2,244.0,TSETMC
2009-09-06,1388/06/15,1388,6,15,real_estate,انبوه سازی، املاک و مستغلات,4654922806626448,244.3,244.1,244.3,TSETMC
2009-09-07,1388/06/16,1388,6,16,real_estate,انبوه سازی، املاک و مستغلات,4654922806626448,245.2,244.3,244.4,TSETMC
2009-09-08,1388/06/17,1388,6,17,real_estate,انبوه سازی، املاک و مستغلات,4654922806626448,244.7,243.9,244.6,TSETMC
2009-09-09,1388/06/18,1388,6,18,real_estate,انبوه سازی، املاک و مستغلات,4654922806626448,245.7,244.6,245.7,TSETMC
2009-09-12,1388/06/21,1388,6,21,real_estate,انبوه سازی، املاک و مستغلات,4654922806626448,245.7,245.7,245.7,TSETMC
2009-09-13,1388/06/22,1388,6,22,real_estate,انبوه سازی، املاک و مستغلات,4654922806626448,245.7,245.4,245.7,TSETMC
2009-09-14,1388/06/23,1388,6,23,real_estate,انبوه سازی، املاک و مستغلات,4654922806626448,246.6,245.8,246.3,TSETMC
2009-09-15,1388/06/24,1388,6,24,real_estate,انبوه سازی، املاک و مستغلات,4654922806626448,246.5,246.2,246.5,TSETMC
2009-09-16,1388/06/25,1388,6,25,real_estate,انبوه سازی، املاک و مستغلات,4654922806626448,246.5,246.2,246.2,TSETMC
2009-09-19,1388/06/28,1388,6,28,real_estate,انبوه سازی، املاک و مستغلات,4654922806626448,254.5,246.1,254.5,TSETMC
2009-09-20,1388/06/29,1388,6,29,real_estate,انبوه سازی، املاک و مستغلات,4654922806626448,254.5,254.5,254.5,TSETMC
2009-09-21,1388/06/30,1388,6,30,real_estate,انبوه سازی، املاک و مستغلات,4654922806626448,254.5,254.4,254.4,TSETMC
2009-09-22,1388/06/31,1388,6,31,real_estate,انبوه سازی، املاک و مستغلات,4654922806626448,254.3,253.9,253.9,TSETMC
2009-09-23,1388/07/01,1388,7,1,real_estate,انبوه سازی، املاک و مستغلات,4654922806626448,254.3,253.9,254.3,TSETMC
2009-09-26,1388/07/04,1388,7,4,real_estate,انبوه سازی، املاک و مستغلات,4654922806626448,254.7,254.2,254.7,TSETMC
2009-09-27,1388/07/05,1388,7,5,real_estate,انبوه سازی، املاک و مستغلات,4654922806626448,255.3,254.7,255.2,TSETMC
2009-09-28,1388/07/06,1388,7,6,real_estate,انبوه سازی، املاک و مستغلات,4654922806626448,256.1,255.4,256.0,TSETMC
2009-09-29,1388/07/07,1388,7,7,real_estate,انبوه سازی، املاک و مستغلات,4654922806626448,256.0,255.7,255.7,TSETMC
2009-09-30,1388/07/08,1388,7,8,real_estate,انبوه سازی، املاک و مستغلات,4654922806626448,256.1,255.7,256.1,TSETMC
2009-10-03,1388/07/11,1388,7,11,real_estate,انبوه سازی، املاک و مستغلات,4654922806626448,257.4,256.2,257.4,TSETMC
2009-10-04,1388/07/12,1388,7,12,real_estate,انبوه سازی، املاک و مستغلات,4654922806626448,258.0,257.4,258.0,TSETMC
2009-10-05,1388/07/13,1388,7,13,real_estate,انبوه سازی، املاک و مستغلات,4654922806626448,260.3,258.8,260.3,TSETMC
2009-10-06,1388/07/14,1388,7,14,real_estate,انبوه سازی، املاک و مستغلات,4654922806626448,261.8,260.4,261.8,TSETMC
2009-10-07,1388/07/15,1388,7,15,real_estate,انبوه سازی، املاک و مستغلات,4654922806626448,261.8,261.4,261.5,TSETMC
2009-10-10,1388/07/18,1388,7,18,real_estate,انبوه سازی، املاک و مستغلات,4654922806626448,262.4,261.6,262.4,TSETMC
2009-10-11,1388/07/19,1388,7,19,real_estate,انبوه سازی، املاک و مستغلات,4654922806626448,263.6,262.8,263.6,TSETMC
2009-10-12,1388/07/20,1388,7,20,real_estate,انبوه سازی، املاک و مستغلات,4654922806626448,265.3,263.6,264.1,TSETMC
2009-10-13,1388/07/21,1388,7,21,real_estate,انبوه سازی، املاک و مستغلات,4654922806626448,264.8,264.2,264.8,TSETMC
2009-10-17,1388/07/25,1388,7,25,real_estate,انبوه سازی، املاک و مستغلات,4654922806626448,266.8,264.8,266.8,TSETMC
2009-10-18,1388/07/26,1388,7,26,real_estate,انبوه سازی، املاک و مستغلات,4654922806626448,268.1,267.4,268.0,TSETMC
2009-10-19,1388/07/27,1388,7,27,real_estate,انبوه سازی، املاک و مستغلات,4654922806626448,268.4,268.0,268.4,TSETMC
2009-10-20,1388/07/28,1388,7,28,real_estate,انبوه سازی، املاک و مستغلات,4654922806626448,268.5,267.0,267.0,TSETMC
2009-10-21,1388/07/29,1388,7,29,real_estate,انبوه سازی، املاک و مستغلات,4654922806626448,267.1,267.0,267.1,TSETMC
2009-10-24,1388/08/02,1388,8,2,real_estate,انبوه سازی، املاک و مستغلات,4654922806626448,267.1,265.0,265.2,TSETMC
2009-10-25,1388/08/03,1388,8,3,real_estate,انبوه سازی، املاک و مستغلات,4654922806626448,265.9,265.2,265.9,TSETMC
2009-10-26,1388/08/04,1388,8,4,real_estate,انبوه سازی، املاک و مستغلات,4654922806626448,266.0,265.9,266.0,TSETMC
2009-10-27,1388/08/05,1388,8,5,real_estate,انبوه سازی، املاک و مستغلات,4654922806626448,266.0,265.8,266.0,TSETMC
2009-10-28,1388/08/06,1388,8,6,real_estate,انبوه سازی، املاک و مستغلات,4654922806626448,266.1,265.9,265.9,TSETMC
2009-10-31,1388/08/09,1388,8,9,real_estate,انبوه سازی، املاک و مستغلات,4654922806626448,267.1,265.9,267.1,TSETMC
2009-11-01,1388/08/10,1388,8,10,real_estate,انبوه سازی، املاک و مستغلات,4654922806626448,269.3,267.2,269.3,TSETMC
2009-11-02,1388/08/11,1388,8,11,real_estate,انبوه سازی، املاک و مستغلات,4654922806626448,272.4,269.3,272.4,TSETMC
2009-11-03,1388/08/12,1388,8,12,real_estate,انبوه سازی، املاک و مستغلات,4654922806626448,272.9,272.6,272.6,TSETMC
2009-11-04,1388/08/13,1388,8,13,real_estate,انبوه سازی، املاک و مستغلات,4654922806626448,272.9,272.8,272.9,TSETMC
2009-11-07,1388/08/16,1388,8,16,real_estate,انبوه سازی، املاک و مستغلات,4654922806626448,273.0,272.6,272.8,TSETMC
2009-11-08,1388/08/17,1388,8,17,real_estate,انبوه سازی، املاک و مستغلات,4654922806626448,273.4,272.8,273.3,TSETMC
2009-11-09,1388/08/18,1388,8,18,real_estate,انبوه سازی، املاک و مستغلات,4654922806626448,273.8,273.4,273.4,TSETMC
2009-11-10,1388/08/19,1388,8,19,real_estate,انبوه سازی، املاک و مستغلات,4654922806626448,273.3,272.0,272.0,TSETMC
2009-11-11,1388/08/20,1388,8,20,real_estate,انبوه سازی، املاک و مستغلات,4654922806626448,273.2,271.6,273.0,TSETMC
2009-11-14,1388/08/23,1388,8,23,real_estate,انبوه سازی، املاک و مستغلات,4654922806626448,273.3,272.6,273.3,TSETMC
2009-11-15,1388/08/24,1388,8,24,real_estate,انبوه سازی، املاک و مستغلات,4654922806626448,274.2,273.6,273.9,TSETMC
2009-11-16,1388/08/25,1388,8,25,real_estate,انبوه سازی، املاک و مستغلات,4654922806626448,275.9,274.0,275.0,TSETMC
2009-11-17,1388/08/26,1388,8,26,real_estate,انبوه سازی، املاک و مستغلات,4654922806626448,279.4,275.1,279.4,TSETMC
2009-11-18,1388/08/27,1388,8,27,real_estate,انبوه سازی، املاک و مستغلات,4654922806626448,282.4,281.5,281.5,TSETMC
2009-11-21,1388/08/30,1388,8,30,real_estate,انبوه سازی، املاک و مستغلات,4654922806626448,281.6,281.4,281.4,TSETMC
2009-11-22,1388/09/01,1388,9,1,real_estate,انبوه سازی، املاک و مستغلات,4654922806626448,281.4,277.5,277.5,TSETMC
2009-11-23,1388/09/02,1388,9,2,real_estate,انبوه سازی، املاک و مستغلات,4654922806626448,277.1,276.7,276.7,TSETMC
2009-11-24,1388/09/03,1388,9,3,real_estate,انبوه سازی، املاک و مستغلات,4654922806626448,277.0,276.7,277.0,TSETMC
2009-11-25,1388/09/04,1388,9,4,real_estate,انبوه سازی، املاک و مستغلات,4654922806626448,277.1,277.0,277.1,TSETMC
2009-11-29,1388/09/08,1388,9,8,real_estate,انبوه سازی، املاک و مستغلات,4654922806626448,277.0,276.8,276.8,TSETMC
2009-11-30,1388/09/09,1388,9,9,real_estate,انبوه سازی، املاک و مستغلات,4654922806626448,276.8,276.5,276.5,TSETMC
2009-12-01,1388/09/10,1388,9,10,real_estate,انبوه سازی، املاک و مستغلات,4654922806626448,277.1,276.4,277.1,TSETMC
2009-12-02,1388/09/11,1388,9,11,real_estate,انبوه سازی، املاک و مستغلات,4654922806626448,277.1,276.5,276.5,TSETMC
2009-12-05,1388/09/14,1388,9,14,real_estate,انبوه سازی، املاک و مستغلات,4654922806626448,276.5,276.4,276.4,TSETMC
2009-12-07,1388/09/16,1388,9,16,real_estate,انبوه سازی، املاک و مستغلات,4654922806626448,276.6,276.4,276.6,TSETMC
2009-12-08,1388/09/17,1388,9,17,real_estate,انبوه سازی، املاک و مستغلات,4654922806626448,276.6,275.1,275.1,TSETMC
2009-12-09,1388/09/18,1388,9,18,real_estate,انبوه سازی، املاک و مستغلات,4654922806626448,275.2,275.0,275.0,TSETMC
2009-12-12,1388/09/21,1388,9,21,real_estate,انبوه سازی، املاک و مستغلات,4654922806626448,275.0,274.3,274.4,TSETMC
2009-12-13,1388/09/22,1388,9,22,real_estate,انبوه سازی، املاک و مستغلات,4654922806626448,274.4,273.8,273.9,TSETMC
2009-12-14,1388/09/23,1388,9,23,real_estate,انبوه سازی، املاک و مستغلات,4654922806626448,274.0,272.9,272.9,TSETMC
2009-12-15,1388/09/24,1388,9,24,real_estate,انبوه سازی، املاک و مستغلات,4654922806626448,273.3,272.9,273.3,TSETMC
2009-12-16,1388/09/25,1388,9,25,real_estate,انبوه سازی، املاک و مستغلات,4654922806626448,273.3,273.1,273.1,TSETMC
2009-12-19,1388/09/28,1388,9,28,real_estate,انبوه سازی، املاک و مستغلات,4654922806626448,273.2,273.1,273.2,TSETMC
2009-12-20,1388/09/29,1388,9,29,real_estate,انبوه سازی، املاک و مستغلات,4654922806626448,273.3,273.0,273.0,TSETMC
2009-12-21,1388/09/30,1388,9,30,real_estate,انبوه سازی، املاک و مستغلات,4654922806626448,273.5,273.1,273.5,TSETMC
2009-12-22,1388/10/01,1388,10,1,real_estate,انبوه سازی، املاک و مستغلات,4654922806626448,276.7,273.5,275.8,TSETMC
2009-12-23,1388/10/02,1388,10,2,real_estate,انبوه سازی، املاک و مستغلات,4654922806626448,276.0,276.0,276.0,TSETMC
2009-12-28,1388/10/07,1388,10,7,real_estate,انبوه سازی، املاک و مستغلات,4654922806626448,278.6,275.8,278.6,TSETMC
2009-12-29,1388/10/08,1388,10,8,real_estate,انبوه سازی، املاک و مستغلات,4654922806626448,278.7,278.5,278.7,TSETMC
2009-12-30,1388/10/09,1388,10,9,real_estate,انبوه سازی، املاک و مستغلات,4654922806626448,278.9,278.5,278.5,TSETMC
2010-01-02,1388/10/12,1388,10,12,real_estate,انبوه سازی، املاک و مستغلات,4654922806626448,278.9,278.8,278.9,TSETMC
2010-01-03,1388/10/13,1388,10,13,real_estate,انبوه سازی، املاک و مستغلات,4654922806626448,279.4,279.2,279.4,TSETMC
2010-01-04,1388/10/14,1388,10,14,real_estate,انبوه سازی، املاک و مستغلات,4654922806626448,279.3,279.3,279.3,TSETMC
2010-01-05,1388/10/15,1388,10,15,real_estate,انبوه سازی، املاک و مستغلات,4654922806626448,279.4,279.1,279.1,TSETMC
2010-01-06,1388/10/16,1388,10,16,real_estate,انبوه سازی، املاک و مستغلات,4654922806626448,279.1,278.9,278.9,TSETMC
2010-01-09,1388/10/19,1388,10,19,real_estate,انبوه سازی، املاک و مستغلات,4654922806626448,278.9,278.9,278.9,TSETMC
2010-01-10,1388/10/20,1388,10,20,real_estate,انبوه سازی، املاک و مستغلات,4654922806626448,278.9,276.6,276.6,TSETMC
2010-01-11,1388/10/21,1388,10,21,real_estate,انبوه سازی، املاک و مستغلات,4654922806626448,275.0,274.6,274.8,TSETMC
2010-01-12,1388/10/22,1388,10,22,real_estate,انبوه سازی، املاک و مستغلات,4654922806626448,274.8,274.6,274.6,TSETMC
2010-01-13,1388/10/23,1388,10,23,real_estate,انبوه سازی، املاک و مستغلات,4654922806626448,274.7,274.5,274.5,TSETMC
2010-01-16,1388/10/26,1388,10,26,real_estate,انبوه سازی، املاک و مستغلات,4654922806626448,280.4,274.5,280.4,TSETMC
2010-01-17,1388/10/27,1388,10,27,real_estate,انبوه سازی، املاک و مستغلات,4654922806626448,280.6,280.4,280.6,TSETMC
2010-01-18,1388/10/28,1388,10,28,real_estate,انبوه سازی، املاک و مستغلات,4654922806626448,280.7,280.6,280.7,TSETMC
2010-01-19,1388/10/29,1388,10,29,real_estate,انبوه سازی، املاک و مستغلات,4654922806626448,280.7,280.6,280.6,TSETMC
2010-01-20,1388/10/30,1388,10,30,real_estate,انبوه سازی، املاک و مستغلات,4654922806626448,280.7,280.6,280.6,TSETMC
2010-01-23,1388/11/03,1388,11,3,real_estate,انبوه سازی، املاک و مستغلات,4654922806626448,280.6,280.6,280.6,TSETMC
2010-01-24,1388/11/04,1388,11,4,real_estate,انبوه سازی، املاک و مستغلات,4654922806626448,280.6,280.5,280.5,TSETMC
2010-01-25,1388/11/05,1388,11,5,real_estate,انبوه سازی، املاک و مستغلات,4654922806626448,280.5,280.5,280.5,TSETMC
2010-01-26,1388/11/06,1388,11,6,real_estate,انبوه سازی، املاک و مستغلات,4654922806626448,280.5,280.5,280.5,TSETMC
2010-01-27,1388/11/07,1388,11,7,real_estate,انبوه سازی، املاک و مستغلات,4654922806626448,282.4,282.4,282.4,TSETMC
2010-01-30,1388/11/10,1388,11,10,real_estate,انبوه سازی، املاک و مستغلات,4654922806626448,284.3,283.8,283.8,TSETMC
2010-01-31,1388/11/11,1388,11,11,real_estate,انبوه سازی، املاک و مستغلات,4654922806626448,284.1,284.0,284.0,TSETMC
2010-02-01,1388/11/12,1388,11,12,real_estate,انبوه سازی، املاک و مستغلات,4654922806626448,284.0,282.7,282.7,TSETMC
2010-02-02,1388/11/13,1388,11,13,real_estate,انبوه سازی، املاک و مستغلات,4654922806626448,282.7,282.1,282.1,TSETMC
2010-02-03,1388/11/14,1388,11,14,real_estate,انبوه سازی، املاک و مستغلات,4654922806626448,282.1,280.8,280.8,TSETMC
2010-02-06,1388/11/17,1388,11,17,real_estate,انبوه سازی، املاک و مستغلات,4654922806626448,280.4,279.9,279.9,TSETMC
2010-02-07,1388/11/18,1388,11,18,real_estate,انبوه سازی، املاک و مستغلات,4654922806626448,279.8,278.3,278.3,TSETMC
2010-02-08,1388/11/19,1388,11,19,real_estate,انبوه سازی، املاک و مستغلات,4654922806626448,278.3,278.0,278.0,TSETMC
2010-02-09,1388/11/20,1388,11,20,real_estate,انبوه سازی، املاک و مستغلات,4654922806626448,278.2,277.8,277.8,TSETMC
2010-02-10,1388/11/21,1388,11,21,real_estate,انبوه سازی، املاک و مستغلات,4654922806626448,278.3,277.8,278.3,TSETMC
2010-02-14,1388/11/25,1388,11,25,real_estate,انبوه سازی، املاک و مستغلات,4654922806626448,278.1,277.4,277.4,TSETMC
2010-02-16,1388/11/27,1388,11,27,real_estate,انبوه سازی، املاک و مستغلات,4654922806626448,280.0,277.5,280.0,TSETMC
2010-02-17,1388/11/28,1388,11,28,real_estate,انبوه سازی، املاک و مستغلات,4654922806626448,280.0,279.8,279.8,TSETMC
2010-02-20,1388/12/01,1388,12,1,real_estate,انبوه سازی، املاک و مستغلات,4654922806626448,280.1,279.3,279.3,TSETMC
2010-02-21,1388/12/02,1388,12,2,real_estate,انبوه سازی، املاک و مستغلات,4654922806626448,279.3,278.9,278.9,TSETMC
2010-02-22,1388/12/03,1388,12,3,real_estate,انبوه سازی، املاک و مستغلات,4654922806626448,280.0,277.5,280.0,TSETMC
2010-02-23,1388/12/04,1388,12,4,real_estate,انبوه سازی، املاک و مستغلات,4654922806626448,280.8,279.0,279.0,TSETMC
2010-02-24,1388/12/05,1388,12,5,real_estate,انبوه سازی، املاک و مستغلات,4654922806626448,279.1,277.0,277.4,TSETMC
2010-02-27,1388/12/08,1388,12,8,real_estate,انبوه سازی، املاک و مستغلات,4654922806626448,277.5,277.1,277.1,TSETMC
2010-02-28,1388/12/09,1388,12,9,real_estate,انبوه سازی، املاک و مستغلات,4654922806626448,278.1,277.2,278.0,TSETMC
2010-03-01,1388/12/10,1388,12,10,real_estate,انبوه سازی، املاک و مستغلات,4654922806626448,278.8,278.3,278.8,TSETMC
2010-03-02,1388/12/11,1388,12,11,real_estate,انبوه سازی، املاک و مستغلات,4654922806626448,279.0,278.6,279.0,TSETMC
2010-03-03,1388/12/12,1388,12,12,real_estate,انبوه سازی، املاک و مستغلات,4654922806626448,280.0,279.4,280.0,TSETMC
2010-03-06,1388/12/15,1388,12,15,real_estate,انبوه سازی، املاک و مستغلات,4654922806626448,281.0,280.9,280.9,TSETMC
2010-03-07,1388/12/16,1388,12,16,real_estate,انبوه سازی، املاک و مستغلات,4654922806626448,281.0,280.7,280.7,TSETMC
2010-03-08,1388/12/17,1388,12,17,real_estate,انبوه سازی، املاک و مستغلات,4654922806626448,280.7,280.5,280.5,TSETMC
2010-03-09,1388/12/18,1388,12,18,real_estate,انبوه سازی، املاک و مستغلات,4654922806626448,280.5,280.2,280.2,TSETMC
2010-03-10,1388/12/19,1388,12,19,real_estate,انبوه سازی، املاک و مستغلات,4654922806626448,280.6,280.2,280.6,TSETMC
2010-03-13,1388/12/22,1388,12,22,real_estate,انبوه سازی، املاک و مستغلات,4654922806626448,281.1,280.9,281.0,TSETMC
2010-03-14,1388/12/23,1388,12,23,real_estate,انبوه سازی، املاک و مستغلات,4654922806626448,281.2,281.0,281.1,TSETMC
2010-03-15,1388/12/24,1388,12,24,real_estate,انبوه سازی، املاک و مستغلات,4654922806626448,281.2,281.1,281.2,TSETMC
2010-03-16,1388/12/25,1388,12,25,real_estate,انبوه سازی، املاک و مستغلات,4654922806626448,281.1,281.0,281.0,TSETMC
2010-03-17,1388/12/26,1388,12,26,real_estate,انبوه سازی، املاک و مستغلات,4654922806626448,281.3,281.3,281.3,TSETMC
2010-03-27,1389/01/07,1389,1,7,real_estate,انبوه سازی، املاک و مستغلات,4654922806626448,281.4,281.3,281.4,TSETMC
2010-03-28,1389/01/08,1389,1,8,real_estate,انبوه سازی، املاک و مستغلات,4654922806626448,281.7,281.5,281.7,TSETMC
2010-03-29,1389/01/09,1389,1,9,real_estate,انبوه سازی، املاک و مستغلات,4654922806626448,281.8,281.7,281.8,TSETMC
2010-03-30,1389/01/10,1389,1,10,real_estate,انبوه سازی، املاک و مستغلات,4654922806626448,283.2,281.8,283.2,TSETMC
2010-03-31,1389/01/11,1389,1,11,real_estate,انبوه سازی، املاک و مستغلات,4654922806626448,286.6,283.2,286.6,TSETMC
2010-04-03,1389/01/14,1389,1,14,real_estate,انبوه سازی، املاک و مستغلات,4654922806626448,291.2,286.9,291.2,TSETMC
2010-04-04,1389/01/15,1389,1,15,real_estate,انبوه سازی، املاک و مستغلات,4654922806626448,294.3,291.2,294.3,TSETMC
2010-04-05,1389/01/16,1389,1,16,real_estate,انبوه سازی، املاک و مستغلات,4654922806626448,296.1,294.0,296.0,TSETMC
2010-04-06,1389/01/17,1389,1,17,real_estate,انبوه سازی، املاک و مستغلات,4654922806626448,299.3,296.1,299.3,TSETMC
2010-04-07,1389/01/18,1389,1,18,real_estate,انبوه سازی، املاک و مستغلات,4654922806626448,301.6,299.8,301.5,TSETMC
2010-04-10,1389/01/21,1389,1,21,real_estate,انبوه سازی، املاک و مستغلات,4654922806626448,303.9,303.3,303.9,TSETMC
2010-04-11,1389/01/22,1389,1,22,real_estate,انبوه سازی، املاک و مستغلات,4654922806626448,304.4,304.0,304.4,TSETMC
2010-04-12,1389/01/23,1389,1,23,real_estate,انبوه سازی، املاک و مستغلات,4654922806626448,304.8,304.7,304.7,TSETMC
2010-04-13,1389/01/24,1389,1,24,real_estate,انبوه سازی، املاک و مستغلات,4654922806626448,306.1,304.8,306.1,TSETMC
2010-04-14,1389/01/25,1389,1,25,real_estate,انبوه سازی، املاک و مستغلات,4654922806626448,308.6,307.1,308.2,TSETMC
2010-04-17,1389/01/28,1389,1,28,real_estate,انبوه سازی، املاک و مستغلات,4654922806626448,308.2,305.8,306.6,TSETMC
2010-04-18,1389/01/29,1389,1,29,real_estate,انبوه سازی، املاک و مستغلات,4654922806626448,306.8,306.5,306.8,TSETMC
2010-04-19,1389/01/30,1389,1,30,real_estate,انبوه سازی، املاک و مستغلات,4654922806626448,306.7,306.3,306.3,TSETMC
2010-04-20,1389/01/31,1389,1,31,real_estate,انبوه سازی، املاک و مستغلات,4654922806626448,306.6,306.3,306.5,TSETMC
2010-04-21,1389/02/01,1389,2,1,real_estate,انبوه سازی، املاک و مستغلات,4654922806626448,306.9,306.6,306.9,TSETMC
2010-04-24,1389/02/04,1389,2,4,real_estate,انبوه سازی، املاک و مستغلات,4654922806626448,306.7,305.6,305.6,TSETMC
2010-04-25,1389/02/05,1389,2,5,real_estate,انبوه سازی، املاک و مستغلات,4654922806626448,305.6,305.0,305.0,TSETMC
2010-04-26,1389/02/06,1389,2,6,real_estate,انبوه سازی، املاک و مستغلات,4654922806626448,305.2,305.0,305.0,TSETMC
2010-04-27,1389/02/07,1389,2,7,real_estate,انبوه سازی، املاک و مستغلات,4654922806626448,305.0,304.8,304.8,TSETMC
2010-04-28,1389/02/08,1389,2,8,real_estate,انبوه سازی، املاک و مستغلات,4654922806626448,307.1,304.0,304.1,TSETMC
2010-05-01,1389/02/11,1389,2,11,real_estate,انبوه سازی، املاک و مستغلات,4654922806626448,304.1,304.1,304.1,TSETMC
2010-05-02,1389/02/12,1389,2,12,real_estate,انبوه سازی، املاک و مستغلات,4654922806626448,304.2,304.1,304.1,TSETMC
2010-05-03,1389/02/13,1389,2,13,real_estate,انبوه سازی، املاک و مستغلات,4654922806626448,304.1,304.1,304.1,TSETMC
2010-05-04,1389/02/14,1389,2,14,real_estate,انبوه سازی، املاک و مستغلات,4654922806626448,304.1,303.9,303.9,TSETMC
2010-05-05,1389/02/15,1389,2,15,real_estate,انبوه سازی، املاک و مستغلات,4654922806626448,303.8,302.8,302.8,TSETMC
2010-05-08,1389/02/18,1389,2,18,real_estate,انبوه سازی، املاک و مستغلات,4654922806626448,302.8,302.8,302.8,TSETMC
2010-05-09,1389/02/19,1389,2,19,real_estate,انبوه سازی، املاک و مستغلات,4654922806626448,302.8,301.4,301.4,TSETMC
2010-05-10,1389/02/20,1389,2,20,real_estate,انبوه سازی، املاک و مستغلات,4654922806626448,301.4,301.0,301.0,TSETMC
2010-05-11,1389/02/21,1389,2,21,real_estate,انبوه سازی، املاک و مستغلات,4654922806626448,301.1,299.5,299.5,TSETMC
2010-05-12,1389/02/22,1389,2,22,real_estate,انبوه سازی، املاک و مستغلات,4654922806626448,299.4,298.9,298.9,TSETMC
2010-05-15,1389/02/25,1389,2,25,real_estate,انبوه سازی، املاک و مستغلات,4654922806626448,298.9,298.9,298.9,TSETMC
2010-05-16,1389/02/26,1389,2,26,real_estate,انبوه سازی، املاک و مستغلات,4654922806626448,298.9,298.1,298.1,TSETMC
2010-05-18,1389/02/28,1389,2,28,real_estate,انبوه سازی، املاک و مستغلات,4654922806626448,298.1,297.7,297.8,TSETMC
2010-05-19,1389/02/29,1389,2,29,real_estate,انبوه سازی، املاک و مستغلات,4654922806626448,297.7,296.6,296.6,TSETMC
2010-05-22,1389/03/01,1389,3,1,real_estate,انبوه سازی، املاک و مستغلات,4654922806626448,296.6,296.4,296.4,TSETMC
2010-05-23,1389/03/02,1389,3,2,real_estate,انبوه سازی، املاک و مستغلات,4654922806626448,296.5,296.4,296.5,TSETMC
2010-05-24,1389/03/03,1389,3,3,real_estate,انبوه سازی، املاک و مستغلات,4654922806626448,296.8,295.0,295.0,TSETMC
2010-05-25,1389/03/04,1389,3,4,real_estate,انبوه سازی، املاک و مستغلات,4654922806626448,295.3,295.2,295.3,TSETMC
2010-05-26,1389/03/05,1389,3,5,real_estate,انبوه سازی، املاک و مستغلات,4654922806626448,295.8,295.3,295.8,TSETMC
2010-05-29,1389/03/08,1389,3,8,real_estate,انبوه سازی، املاک و مستغلات,4654922806626448,296.3,296.0,296.2,TSETMC
2010-05-30,1389/03/09,1389,3,9,real_estate,انبوه سازی، املاک و مستغلات,4654922806626448,296.7,296.1,296.1,TSETMC
2010-05-31,1389/03/10,1389,3,10,real_estate,انبوه سازی، املاک و مستغلات,4654922806626448,296.2,295.8,295.8,TSETMC
2010-06-01,1389/03/11,1389,3,11,real_estate,انبوه سازی، املاک و مستغلات,4654922806626448,296.4,295.9,296.1,TSETMC
2010-06-02,1389/03/12,1389,3,12,real_estate,انبوه سازی، املاک و مستغلات,4654922806626448,296.6,296.5,296.5,TSETMC
2010-06-06,1389/03/16,1389,3,16,real_estate,انبوه سازی، املاک و مستغلات,4654922806626448,296.5,296.2,296.2,TSETMC
2010-06-07,1389/03/17,1389,3,17,real_estate,انبوه سازی، املاک و مستغلات,4654922806626448,296.2,295.9,296.2,TSETMC
2010-06-08,1389/03/18,1389,3,18,real_estate,انبوه سازی، املاک و مستغلات,4654922806626448,296.1,295.9,295.9,TSETMC
2010-06-09,1389/03/19,1389,3,19,real_estate,انبوه سازی، املاک و مستغلات,4654922806626448,295.9,295.6,295.6,TSETMC
2010-06-12,1389/03/22,1389,3,22,real_estate,انبوه سازی، املاک و مستغلات,4654922806626448,297.1,295.6,297.0,TSETMC
2010-06-13,1389/03/23,1389,3,23,real_estate,انبوه سازی، املاک و مستغلات,4654922806626448,299.1,298.3,298.3,TSETMC
2010-06-14,1389/03/24,1389,3,24,real_estate,انبوه سازی، املاک و مستغلات,4654922806626448,297.7,297.6,297.7,TSETMC
2010-06-15,1389/03/25,1389,3,25,real_estate,انبوه سازی، املاک و مستغلات,4654922806626448,297.8,297.7,297.7,TSETMC
2010-06-16,1389/03/26,1389,3,26,real_estate,انبوه سازی، املاک و مستغلات,4654922806626448,297.5,297.4,297.4,TSETMC
2010-06-19,1389/03/29,1389,3,29,real_estate,انبوه سازی، املاک و مستغلات,4654922806626448,297.4,297.4,297.4,TSETMC
2010-06-20,1389/03/30,1389,3,30,real_estate,انبوه سازی، املاک و مستغلات,4654922806626448,297.5,297.4,297.5,TSETMC
2010-06-21,1389/03/31,1389,3,31,real_estate,انبوه سازی، املاک و مستغلات,4654922806626448,297.6,297.5,297.6,TSETMC
2010-06-22,1389/04/01,1389,4,1,real_estate,انبوه سازی، املاک و مستغلات,4654922806626448,297.7,297.5,297.7,TSETMC
2010-06-23,1389/04/02,1389,4,2,real_estate,انبوه سازی، املاک و مستغلات,4654922806626448,297.8,297.7,297.8,TSETMC
2010-06-27,1389/04/06,1389,4,6,real_estate,انبوه سازی، املاک و مستغلات,4654922806626448,298.0,297.9,298.0,TSETMC
2010-06-28,1389/04/07,1389,4,7,real_estate,انبوه سازی، املاک و مستغلات,4654922806626448,300.4,298.2,300.3,TSETMC
2010-06-29,1389/04/08,1389,4,8,real_estate,انبوه سازی، املاک و مستغلات,4654922806626448,300.4,298.6,299.1,TSETMC
2010-06-30,1389/04/09,1389,4,9,real_estate,انبوه سازی، املاک و مستغلات,4654922806626448,299.5,299.1,299.5,TSETMC
2010-07-03,1389/04/12,1389,4,12,real_estate,انبوه سازی، املاک و مستغلات,4654922806626448,299.5,299.4,299.5,TSETMC
2010-07-04,1389/04/13,1389,4,13,real_estate,انبوه سازی، املاک و مستغلات,4654922806626448,300.3,299.4,300.2,TSETMC
2010-07-05,1389/04/14,1389,4,14,real_estate,انبوه سازی، املاک و مستغلات,4654922806626448,300.4,300.2,300.3,TSETMC
2010-07-06,1389/04/15,1389,4,15,real_estate,انبوه سازی، املاک و مستغلات,4654922806626448,300.3,300.3,300.3,TSETMC
2010-07-07,1389/04/16,1389,4,16,real_estate,انبوه سازی، املاک و مستغلات,4654922806626448,300.6,300.4,300.6,TSETMC
2010-07-11,1389/04/20,1389,4,20,real_estate,انبوه سازی، املاک و مستغلات,4654922806626448,300.6,300.5,300.5,TSETMC
2010-07-12,1389/04/21,1389,4,21,real_estate,انبوه سازی، املاک و مستغلات,4654922806626448,300.5,300.4,300.4,TSETMC
2010-07-13,1389/04/22,1389,4,22,real_estate,انبوه سازی، املاک و مستغلات,4654922806626448,300.5,299.0,299.1,TSETMC
2010-07-14,1389/04/23,1389,4,23,real_estate,انبوه سازی، املاک و مستغلات,4654922806626448,299.4,299.1,299.2,TSETMC
2010-07-17,1389/04/26,1389,4,26,real_estate,انبوه سازی، املاک و مستغلات,4654922806626448,299.4,299.2,299.3,TSETMC
2010-07-18,1389/04/27,1389,4,27,real_estate,انبوه سازی، املاک و مستغلات,4654922806626448,299.3,299.1,299.3,TSETMC
2010-07-19,1389/04/28,1389,4,28,real_estate,انبوه سازی، املاک و مستغلات,4654922806626448,301.6,297.9,301.6,TSETMC
2010-07-20,1389/04/29,1389,4,29,real_estate,انبوه سازی، املاک و مستغلات,4654922806626448,307.3,303.2,307.3,TSETMC
2010-07-21,1389/04/30,1389,4,30,real_estate,انبوه سازی، املاک و مستغلات,4654922806626448,312.0,309.2,312.0,TSETMC
2010-07-24,1389/05/02,1389,5,2,real_estate,انبوه سازی، املاک و مستغلات,4654922806626448,317.5,313.6,317.5,TSETMC
2010-07-25,1389/05/03,1389,5,3,real_estate,انبوه سازی، املاک و مستغلات,4654922806626448,321.5,320.3,321.5,TSETMC
2010-07-26,1389/05/04,1389,5,4,real_estate,انبوه سازی، املاک و مستغلات,4654922806626448,323.3,322.2,322.2,TSETMC
2010-07-28,1389/05/06,1389,5,6,real_estate,انبوه سازی، املاک و مستغلات,4654922806626448,322.2,318.6,318.6,TSETMC
2010-07-31,1389/05/09,1389,5,9,real_estate,انبوه سازی، املاک و مستغلات,4654922806626448,318.6,317.1,317.1,TSETMC
2010-08-01,1389/05/10,1389,5,10,real_estate,انبوه سازی، املاک و مستغلات,4654922806626448,317.1,314.6,314.6,TSETMC
2010-08-02,1389/05/11,1389,5,11,real_estate,انبوه سازی، املاک و مستغلات,4654922806626448,314.6,313.7,313.7,TSETMC
2010-08-03,1389/05/12,1389,5,12,real_estate,انبوه سازی، املاک و مستغلات,4654922806626448,314.9,313.5,314.4,TSETMC
2010-08-04,1389/05/13,1389,5,13,real_estate,انبوه سازی، املاک و مستغلات,4654922806626448,314.4,312.2,312.3,TSETMC
2010-08-07,1389/05/16,1389,5,16,real_estate,انبوه سازی، املاک و مستغلات,4654922806626448,314.6,312.4,313.8,TSETMC
2010-08-08,1389/05/17,1389,5,17,real_estate,انبوه سازی، املاک و مستغلات,4654922806626448,313.7,313.5,313.7,TSETMC
2010-08-09,1389/05/18,1389,5,18,real_estate,انبوه سازی، املاک و مستغلات,4654922806626448,314.0,313.7,313.9,TSETMC
2010-08-10,1389/05/19,1389,5,19,real_estate,انبوه سازی، املاک و مستغلات,4654922806626448,312.6,311.9,312.5,TSETMC
2010-08-11,1389/05/20,1389,5,20,real_estate,انبوه سازی، املاک و مستغلات,4654922806626448,315.0,312.6,314.7,TSETMC
2010-08-14,1389/05/23,1389,5,23,real_estate,انبوه سازی، املاک و مستغلات,4654922806626448,315.6,315.3,315.5,TSETMC
2010-08-15,1389/05/24,1389,5,24,real_estate,انبوه سازی، املاک و مستغلات,4654922806626448,315.5,315.2,315.2,TSETMC
2010-08-16,1389/05/25,1389,5,25,real_estate,انبوه سازی، املاک و مستغلات,4654922806626448,315.2,314.9,315.0,TSETMC
2010-08-17,1389/05/26,1389,5,26,real_estate,انبوه سازی، املاک و مستغلات,4654922806626448,315.0,314.3,314.7,TSETMC
2010-08-18,1389/05/27,1389,5,27,real_estate,انبوه سازی، املاک و مستغلات,4654922806626448,314.8,312.4,312.4,TSETMC
2010-08-21,1389/05/30,1389,5,30,real_estate,انبوه سازی، املاک و مستغلات,4654922806626448,312.5,312.4,312.5,TSETMC
2010-08-22,1389/05/31,1389,5,31,real_estate,انبوه سازی، املاک و مستغلات,4654922806626448,312.5,310.9,311.7,TSETMC
2010-08-23,1389/06/01,1389,6,1,real_estate,انبوه سازی، املاک و مستغلات,4654922806626448,311.7,310.8,311.0,TSETMC
2010-08-24,1389/06/02,1389,6,2,real_estate,انبوه سازی، املاک و مستغلات,4654922806626448,312.6,310.9,312.6,TSETMC
2010-08-25,1389/06/03,1389,6,3,real_estate,انبوه سازی، املاک و مستغلات,4654922806626448,316.6,313.8,316.6,TSETMC
2010-08-28,1389/06/06,1389,6,6,real_estate,انبوه سازی، املاک و مستغلات,4654922806626448,322.2,317.9,322.2,TSETMC
2010-08-29,1389/06/07,1389,6,7,real_estate,انبوه سازی، املاک و مستغلات,4654922806626448,329.5,324.8,329.5,TSETMC
2010-08-30,1389/06/08,1389,6,8,real_estate,انبوه سازی، املاک و مستغلات,4654922806626448,330.8,329.2,329.2,TSETMC
2010-08-31,1389/06/09,1389,6,9,real_estate,انبوه سازی، املاک و مستغلات,4654922806626448,330.1,329.0,329.4,TSETMC
2010-09-04,1389/06/13,1389,6,13,real_estate,انبوه سازی، املاک و مستغلات,4654922806626448,331.4,329.4,329.4,TSETMC
2010-09-05,1389/06/14,1389,6,14,real_estate,انبوه سازی، املاک و مستغلات,4654922806626448,329.7,329.4,329.4,TSETMC
2010-09-06,1389/06/15,1389,6,15,real_estate,انبوه سازی، املاک و مستغلات,4654922806626448,329.4,327.7,327.7,TSETMC
2010-09-07,1389/06/16,1389,6,16,real_estate,انبوه سازی، املاک و مستغلات,4654922806626448,328.2,325.8,325.8,TSETMC
2010-09-08,1389/06/17,1389,6,17,real_estate,انبوه سازی، املاک و مستغلات,4654922806626448,329.1,325.8,329.1,TSETMC
2010-09-12,1389/06/21,1389,6,21,real_estate,انبوه سازی، املاک و مستغلات,4654922806626448,333.3,329.3,333.3,TSETMC
2010-09-13,1389/06/22,1389,6,22,real_estate,انبوه سازی، املاک و مستغلات,4654922806626448,335.4,333.5,335.0,TSETMC
2010-09-14,1389/06/23,1389,6,23,real_estate,انبوه سازی، املاک و مستغلات,4654922806626448,339.0,334.7,339.0,TSETMC
2010-09-15,1389/06/24,1389,6,24,real_estate,انبوه سازی، املاک و مستغلات,4654922806626448,343.1,338.1,343.1,TSETMC
2010-09-18,1389/06/27,1389,6,27,real_estate,انبوه سازی، املاک و مستغلات,4654922806626448,351.7,344.8,351.6,TSETMC
2010-09-19,1389/06/28,1389,6,28,real_estate,انبوه سازی، املاک و مستغلات,4654922806626448,355.8,353.3,355.5,TSETMC
2010-09-20,1389/06/29,1389,6,29,real_estate,انبوه سازی، املاک و مستغلات,4654922806626448,359.9,357.6,357.8,TSETMC
2010-09-21,1389/06/30,1389,6,30,real_estate,انبوه سازی، املاک و مستغلات,4654922806626448,358.5,355.2,358.1,TSETMC
2010-09-22,1389/06/31,1389,6,31,real_estate,انبوه سازی، املاک و مستغلات,4654922806626448,362.8,359.0,362.8,TSETMC
2010-09-25,1389/07/03,1389,7,3,real_estate,انبوه سازی، املاک و مستغلات,4654922806626448,376.5,369.3,376.5,TSETMC
2010-09-26,1389/07/04,1389,7,4,real_estate,انبوه سازی، املاک و مستغلات,4654922806626448,387.0,383.8,385.4,TSETMC
2010-09-27,1389/07/05,1389,7,5,real_estate,انبوه سازی، املاک و مستغلات,4654922806626448,385.5,381.0,381.0,TSETMC
2010-09-28,1389/07/06,1389,7,6,real_estate,انبوه سازی، املاک و مستغلات,4654922806626448,380.7,376.6,376.6,TSETMC
2010-09-29,1389/07/07,1389,7,7,real_estate,انبوه سازی، املاک و مستغلات,4654922806626448,377.2,370.8,370.8,TSETMC
2010-10-02,1389/07/10,1389,7,10,real_estate,انبوه سازی، املاک و مستغلات,4654922806626448,372.5,370.7,370.7,TSETMC
2010-10-03,1389/07/11,1389,7,11,real_estate,انبوه سازی، املاک و مستغلات,4654922806626448,371.3,368.7,368.7,TSETMC
2010-10-05,1389/07/13,1389,7,13,real_estate,انبوه سازی، املاک و مستغلات,4654922806626448,370.8,369.2,370.8,TSETMC
2010-10-06,1389/07/14,1389,7,14,real_estate,انبوه سازی، املاک و مستغلات,4654922806626448,374.4,371.3,374.0,TSETMC
2010-10-09,1389/07/17,1389,7,17,real_estate,انبوه سازی، املاک و مستغلات,4654922806626448,376.3,373.3,373.3,TSETMC
2010-10-10,1389/07/18,1389,7,18,real_estate,انبوه سازی، املاک و مستغلات,4654922806626448,375.4,368.6,368.6,TSETMC
2010-10-11,1389/07/19,1389,7,19,real_estate,انبوه سازی، املاک و مستغلات,4654922806626448,371.1,367.2,371.1,TSETMC
2010-10-12,1389/07/20,1389,7,20,real_estate,انبوه سازی، املاک و مستغلات,4654922806626448,372.8,368.9,368.9,TSETMC
2010-10-13,1389/07/21,1389,7,21,real_estate,انبوه سازی، املاک و مستغلات,4654922806626448,368.5,357.4,357.4,TSETMC
2010-10-16,1389/07/24,1389,7,24,real_estate,انبوه سازی، املاک و مستغلات,4654922806626448,357.2,355.5,355.8,TSETMC
2010-10-17,1389/07/25,1389,7,25,real_estate,انبوه سازی، املاک و مستغلات,4654922806626448,355.5,353.5,354.1,TSETMC
2010-10-18,1389/07/26,1389,7,26,real_estate,انبوه سازی، املاک و مستغلات,4654922806626448,358.6,354.0,358.6,TSETMC
2010-10-19,1389/07/27,1389,7,27,real_estate,انبوه سازی، املاک و مستغلات,4654922806626448,358.6,356.8,356.8,TSETMC
2010-10-20,1389/07/28,1389,7,28,real_estate,انبوه سازی، املاک و مستغلات,4654922806626448,356.6,355.6,355.6,TSETMC
2010-10-23,1389/08/01,1389,8,1,real_estate,انبوه سازی، املاک و مستغلات,4654922806626448,357.5,355.3,356.0,TSETMC
2010-10-24,1389/08/02,1389,8,2,real_estate,انبوه سازی، املاک و مستغلات,4654922806626448,355.9,352.6,352.6,TSETMC
2010-10-25,1389/08/03,1389,8,3,real_estate,انبوه سازی، املاک و مستغلات,4654922806626448,352.6,351.6,351.6,TSETMC
2010-10-26,1389/08/04,1389,8,4,real_estate,انبوه سازی، املاک و مستغلات,4654922806626448,354.5,351.6,354.5,TSETMC
2010-10-27,1389/08/05,1389,8,5,real_estate,انبوه سازی، املاک و مستغلات,4654922806626448,354.7,354.3,354.3,TSETMC
2010-10-30,1389/08/08,1389,8,8,real_estate,انبوه سازی، املاک و مستغلات,4654922806626448,354.6,354.3,354.6,TSETMC
2010-10-31,1389/08/09,1389,8,9,real_estate,انبوه سازی، املاک و مستغلات,4654922806626448,354.6,353.9,353.9,TSETMC
2010-11-01,1389/08/10,1389,8,10,real_estate,انبوه سازی، املاک و مستغلات,4654922806626448,353.9,353.1,353.1,TSETMC
2010-11-02,1389/08/11,1389,8,11,real_estate,انبوه سازی، املاک و مستغلات,4654922806626448,353.0,351.6,351.6,TSETMC
2010-11-03,1389/08/12,1389,8,12,real_estate,انبوه سازی، املاک و مستغلات,4654922806626448,349.4,348.8,349.1,TSETMC
2010-11-06,1389/08/15,1389,8,15,real_estate,انبوه سازی، املاک و مستغلات,4654922806626448,349.8,348.8,348.8,TSETMC
2010-11-07,1389/08/16,1389,8,16,real_estate,انبوه سازی، املاک و مستغلات,4654922806626448,348.8,345.7,345.7,TSETMC
2010-11-08,1389/08/17,1389,8,17,real_estate,انبوه سازی، املاک و مستغلات,4654922806626448,345.7,343.8,343.8,TSETMC
2010-11-09,1389/08/18,1389,8,18,real_estate,انبوه سازی، املاک و مستغلات,4654922806626448,343.8,340.8,340.8,TSETMC
2010-11-10,1389/08/19,1389,8,19,real_estate,انبوه سازی، املاک و مستغلات,4654922806626448,340.8,340.3,340.3,TSETMC
2010-11-13,1389/08/22,1389,8,22,real_estate,انبوه سازی، املاک و مستغلات,4654922806626448,340.4,339.6,339.6,TSETMC
2010-11-14,1389/08/23,1389,8,23,real_estate,انبوه سازی، املاک و مستغلات,4654922806626448,339.5,338.2,338.2,TSETMC
2010-11-15,1389/08/24,1389,8,24,real_estate,انبوه سازی، املاک و مستغلات,4654922806626448,338.2,336.6,336.6,TSETMC
2010-11-16,1389/08/25,1389,8,25,real_estate,انبوه سازی، املاک و مستغلات,4654922806626448,336.6,334.5,334.5,TSETMC
2010-11-20,1389/08/29,1389,8,29,real_estate,انبوه سازی، املاک و مستغلات,4654922806626448,334.8,334.0,334.0,TSETMC
2010-11-21,1389/08/30,1389,8,30,real_estate,انبوه سازی، املاک و مستغلات,4654922806626448,335.1,334.0,334.7,TSETMC
2010-11-22,1389/09/01,1389,9,1,real_estate,انبوه سازی، املاک و مستغلات,4654922806626448,335.7,334.5,334.5,TSETMC
2010-11-23,1389/09/02,1389,9,2,real_estate,انبوه سازی، املاک و مستغلات,4654922806626448,334.5,333.1,333.1,TSETMC
2010-11-24,1389/09/03,1389,9,3,real_estate,انبوه سازی، املاک و مستغلات,4654922806626448,334.0,331.9,333.8,TSETMC
2010-11-27,1389/09/06,1389,9,6,real_estate,انبوه سازی، املاک و مستغلات,4654922806626448,333.8,332.8,332.8,TSETMC
2010-11-28,1389/09/07,1389,9,7,real_estate,انبوه سازی، املاک و مستغلات,4654922806626448,334.4,332.9,334.4,TSETMC
2010-11-29,1389/09/08,1389,9,8,real_estate,انبوه سازی، املاک و مستغلات,4654922806626448,335.7,334.3,335.7,TSETMC
2010-11-30,1389/09/09,1389,9,9,real_estate,انبوه سازی، املاک و مستغلات,4654922806626448,336.2,335.6,336.2,TSETMC
2010-12-01,1389/09/10,1389,9,10,real_estate,انبوه سازی، املاک و مستغلات,4654922806626448,341.2,336.9,340.7,TSETMC
2010-12-04,1389/09/13,1389,9,13,real_estate,انبوه سازی، املاک و مستغلات,4654922806626448,343.7,343.4,343.4,TSETMC
2010-12-05,1389/09/14,1389,9,14,real_estate,انبوه سازی، املاک و مستغلات,4654922806626448,345.9,343.9,343.9,TSETMC
2010-12-06,1389/09/15,1389,9,15,real_estate,انبوه سازی، املاک و مستغلات,4654922806626448,344.0,342.4,342.4,TSETMC
2010-12-07,1389/09/16,1389,9,16,real_estate,انبوه سازی، املاک و مستغلات,4654922806626448,342.4,340.7,340.9,TSETMC
2010-12-08,1389/09/17,1389,9,17,real_estate,انبوه سازی، املاک و مستغلات,4654922806626448,342.3,340.7,342.3,TSETMC
2010-12-11,1389/09/20,1389,9,20,real_estate,انبوه سازی، املاک و مستغلات,4654922806626448,345.5,342.9,345.4,TSETMC
2010-12-12,1389/09/21,1389,9,21,real_estate,انبوه سازی، املاک و مستغلات,4654922806626448,348.2,347.5,347.5,TSETMC
2010-12-13,1389/09/22,1389,9,22,real_estate,انبوه سازی، املاک و مستغلات,4654922806626448,347.5,344.2,344.2,TSETMC
2010-12-14,1389/09/23,1389,9,23,real_estate,انبوه سازی، املاک و مستغلات,4654922806626448,344.2,342.9,342.9,TSETMC
2010-12-18,1389/09/27,1389,9,27,real_estate,انبوه سازی، املاک و مستغلات,4654922806626448,342.9,341.1,341.1,TSETMC
2010-12-19,1389/09/28,1389,9,28,real_estate,انبوه سازی، املاک و مستغلات,4654922806626448,341.2,333.3,333.3,TSETMC
2010-12-20,1389/09/29,1389,9,29,real_estate,انبوه سازی، املاک و مستغلات,4654922806626448,333.2,332.9,332.9,TSETMC
2010-12-21,1389/09/30,1389,9,30,real_estate,انبوه سازی، املاک و مستغلات,4654922806626448,333.0,330.1,330.1,TSETMC
2010-12-22,1389/10/01,1389,10,1,real_estate,انبوه سازی، املاک و مستغلات,4654922806626448,334.1,329.7,333.9,TSETMC
2010-12-25,1389/10/04,1389,10,4,real_estate,انبوه سازی، املاک و مستغلات,4654922806626448,339.2,337.4,339.1,TSETMC
2010-12-26,1389/10/05,1389,10,5,real_estate,انبوه سازی، املاک و مستغلات,4654922806626448,342.1,341.7,341.7,TSETMC
2010-12-27,1389/10/06,1389,10,6,real_estate,انبوه سازی، املاک و مستغلات,4654922806626448,342.0,341.9,342.0,TSETMC
2010-12-28,1389/10/07,1389,10,7,real_estate,انبوه سازی، املاک و مستغلات,4654922806626448,342.5,342.1,342.5,TSETMC
2010-12-29,1389/10/08,1389,10,8,real_estate,انبوه سازی، املاک و مستغلات,4654922806626448,342.9,342.3,342.3,TSETMC
2011-01-01,1389/10/11,1389,10,11,real_estate,انبوه سازی، املاک و مستغلات,4654922806626448,342.4,341.0,341.0,TSETMC
2011-01-02,1389/10/12,1389,10,12,real_estate,انبوه سازی، املاک و مستغلات,4654922806626448,341.7,341.1,341.7,TSETMC
2011-01-03,1389/10/13,1389,10,13,real_estate,انبوه سازی، املاک و مستغلات,4654922806626448,351.9,346.7,348.9,TSETMC
2011-01-04,1389/10/14,1389,10,14,real_estate,انبوه سازی، املاک و مستغلات,4654922806626448,349.3,349.0,349.3,TSETMC
2011-01-05,1389/10/15,1389,10,15,real_estate,انبوه سازی، املاک و مستغلات,4654922806626448,349.4,348.1,348.4,TSETMC
2011-01-08,1389/10/18,1389,10,18,real_estate,انبوه سازی، املاک و مستغلات,4654922806626448,348.5,348.0,348.1,TSETMC
2011-01-09,1389/10/19,1389,10,19,real_estate,انبوه سازی، املاک و مستغلات,4654922806626448,349.4,348.1,349.4,TSETMC
2011-01-10,1389/10/20,1389,10,20,real_estate,انبوه سازی، املاک و مستغلات,4654922806626448,349.8,349.4,349.8,TSETMC
2011-01-11,1389/10/21,1389,10,21,real_estate,انبوه سازی، املاک و مستغلات,4654922806626448,352.8,349.8,352.7,TSETMC
2011-01-12,1389/10/22,1389,10,22,real_estate,انبوه سازی، املاک و مستغلات,4654922806626448,353.8,353.0,353.3,TSETMC
2011-01-15,1389/10/25,1389,10,25,real_estate,انبوه سازی، املاک و مستغلات,4654922806626448,355.5,353.3,355.5,TSETMC
2011-01-16,1389/10/26,1389,10,26,real_estate,انبوه سازی، املاک و مستغلات,4654922806626448,356.2,355.7,356.0,TSETMC
2011-01-17,1389/10/27,1389,10,27,real_estate,انبوه سازی، املاک و مستغلات,4654922806626448,357.4,356.0,357.4,TSETMC
2011-01-18,1389/10/28,1389,10,28,real_estate,انبوه سازی، املاک و مستغلات,4654922806626448,358.1,357.4,358.1,TSETMC
2011-01-19,1389/10/29,1389,10,29,real_estate,انبوه سازی، املاک و مستغلات,4654922806626448,360.7,358.2,360.7,TSETMC
2011-01-22,1389/11/02,1389,11,2,real_estate,انبوه سازی، املاک و مستغلات,4654922806626448,360.7,360.4,360.4,TSETMC
2011-01-23,1389/11/03,1389,11,3,real_estate,انبوه سازی، املاک و مستغلات,4654922806626448,360.9,360.2,360.9,TSETMC
2011-01-24,1389/11/04,1389,11,4,real_estate,انبوه سازی، املاک و مستغلات,4654922806626448,365.3,360.9,364.9,TSETMC
2011-01-26,1389/11/06,1389,11,6,real_estate,انبوه سازی، املاک و مستغلات,4654922806626448,371.1,364.9,371.1,TSETMC
2011-01-29,1389/11/09,1389,11,9,real_estate,انبوه سازی، املاک و مستغلات,4654922806626448,378.8,372.8,378.6,TSETMC
2011-01-30,1389/11/10,1389,11,10,real_estate,انبوه سازی، املاک و مستغلات,4654922806626448,386.1,382.6,385.9,TSETMC
2011-01-31,1389/11/11,1389,11,11,real_estate,انبوه سازی، املاک و مستغلات,4654922806626448,390.1,383.6,383.6,TSETMC
2011-02-01,1389/11/12,1389,11,12,real_estate,انبوه سازی، املاک و مستغلات,4654922806626448,383.6,382.8,383.4,TSETMC
2011-02-05,1389/11/16,1389,11,16,real_estate,انبوه سازی، املاک و مستغلات,4654922806626448,384.2,381.4,381.4,TSETMC
2011-02-06,1389/11/17,1389,11,17,real_estate,انبوه سازی، املاک و مستغلات,4654922806626448,381.5,377.7,377.7,TSETMC
2011-02-07,1389/11/18,1389,11,18,real_estate,انبوه سازی، املاک و مستغلات,4654922806626448,377.7,377.0,377.0,TSETMC
2011-02-08,1389/11/19,1389,11,19,real_estate,انبوه سازی، املاک و مستغلات,4654922806626448,378.2,376.7,377.6,TSETMC
2011-02-09,1389/11/20,1389,11,20,real_estate,انبوه سازی، املاک و مستغلات,4654922806626448,382.0,377.9,382.0,TSETMC
2011-02-12,1389/11/23,1389,11,23,real_estate,انبوه سازی، املاک و مستغلات,4654922806626448,387.3,382.3,387.3,TSETMC
2011-02-13,1389/11/24,1389,11,24,real_estate,انبوه سازی، املاک و مستغلات,4654922806626448,396.1,392.2,396.1,TSETMC
2011-02-14,1389/11/25,1389,11,25,real_estate,انبوه سازی، املاک و مستغلات,4654922806626448,398.4,396.5,398.4,TSETMC
2011-02-15,1389/11/26,1389,11,26,real_estate,انبوه سازی، املاک و مستغلات,4654922806626448,404.2,399.4,399.4,TSETMC
2011-02-16,1389/11/27,1389,11,27,real_estate,انبوه سازی، املاک و مستغلات,4654922806626448,401.3,399.5,400.9,TSETMC
2011-02-19,1389/11/30,1389,11,30,real_estate,انبوه سازی، املاک و مستغلات,4654922806626448,402.8,401.5,401.5,TSETMC
2011-02-20,1389/12/01,1389,12,1,real_estate,انبوه سازی، املاک و مستغلات,4654922806626448,401.2,397.8,397.8,TSETMC
2011-02-22,1389/12/03,1389,12,3,real_estate,انبوه سازی، املاک و مستغلات,4654922806626448,397.9,396.5,396.5,TSETMC
2011-02-23,1389/12/04,1389,12,4,real_estate,انبوه سازی، املاک و مستغلات,4654922806626448,395.5,394.5,394.8,TSETMC
2011-02-26,1389/12/07,1389,12,7,real_estate,انبوه سازی، املاک و مستغلات,4654922806626448,395.1,394.5,395.0,TSETMC
2011-02-27,1389/12/08,1389,12,8,real_estate,انبوه سازی، املاک و مستغلات,4654922806626448,396.1,393.7,393.7,TSETMC
2011-02-28,1389/12/09,1389,12,9,real_estate,انبوه سازی، املاک و مستغلات,4654922806626448,393.5,390.4,390.4,TSETMC
2011-03-01,1389/12/10,1389,12,10,real_estate,انبوه سازی، املاک و مستغلات,4654922806626448,388.8,388.3,388.3,TSETMC
2011-03-02,1389/12/11,1389,12,11,real_estate,انبوه سازی، املاک و مستغلات,4654922806626448,388.5,388.2,388.4,TSETMC
2011-03-05,1389/12/14,1389,12,14,real_estate,انبوه سازی، املاک و مستغلات,4654922806626448,388.3,387.2,387.3,TSETMC
2011-03-06,1389/12/15,1389,12,15,real_estate,انبوه سازی، املاک و مستغلات,4654922806626448,391.0,387.1,391.0,TSETMC
2011-03-07,1389/12/16,1389,12,16,real_estate,انبوه سازی، املاک و مستغلات,4654922806626448,391.2,388.2,389.7,TSETMC
2011-03-08,1389/12/17,1389,12,17,real_estate,انبوه سازی، املاک و مستغلات,4654922806626448,392.0,389.6,392.0,TSETMC
2011-03-09,1389/12/18,1389,12,18,real_estate,انبوه سازی، املاک و مستغلات,4654922806626448,393.5,392.3,393.5,TSETMC
2011-03-12,1389/12/21,1389,12,21,real_estate,انبوه سازی، املاک و مستغلات,4654922806626448,394.7,393.6,393.7,TSETMC
2011-03-13,1389/12/22,1389,12,22,real_estate,انبوه سازی، املاک و مستغلات,4654922806626448,393.7,392.8,392.8,TSETMC
2011-03-14,1389/12/23,1389,12,23,real_estate,انبوه سازی، املاک و مستغلات,4654922806626448,393.4,392.8,392.8,TSETMC
2011-03-15,1389/12/24,1389,12,24,real_estate,انبوه سازی، املاک و مستغلات,4654922806626448,394.2,392.7,394.2,TSETMC
2011-03-16,1389/12/25,1389,12,25,real_estate,انبوه سازی، املاک و مستغلات,4654922806626448,393.8,393.1,393.3,TSETMC
2011-03-19,1389/12/28,1389,12,28,real_estate,انبوه سازی، املاک و مستغلات,4654922806626448,393.3,393.0,393.0,TSETMC
2011-03-26,1390/01/06,1390,1,6,real_estate,انبوه سازی، املاک و مستغلات,4654922806626448,393.1,389.8,391.6,TSETMC
2011-03-27,1390/01/07,1390,1,7,real_estate,انبوه سازی، املاک و مستغلات,4654922806626448,396.8,392.2,396.6,TSETMC
2011-03-28,1390/01/08,1390,1,8,real_estate,انبوه سازی، املاک و مستغلات,4654922806626448,396.7,395.3,395.3,TSETMC
2011-03-29,1390/01/09,1390,1,9,real_estate,انبوه سازی، املاک و مستغلات,4654922806626448,398.0,395.5,396.9,TSETMC
2011-03-30,1390/01/10,1390,1,10,real_estate,انبوه سازی، املاک و مستغلات,4654922806626448,396.9,395.0,395.0,TSETMC
2011-04-03,1390/01/14,1390,1,14,real_estate,انبوه سازی، املاک و مستغلات,4654922806626448,395.0,393.7,393.7,TSETMC
2011-04-04,1390/01/15,1390,1,15,real_estate,انبوه سازی، املاک و مستغلات,4654922806626448,393.6,391.2,391.2,TSETMC
2011-04-05,1390/01/16,1390,1,16,real_estate,انبوه سازی، املاک و مستغلات,4654922806626448,391.8,390.9,391.8,TSETMC
2011-04-06,1390/01/17,1390,1,17,real_estate,انبوه سازی، املاک و مستغلات,4654922806626448,396.2,391.1,396.2,TSETMC
2011-04-09,1390/01/20,1390,1,20,real_estate,انبوه سازی، املاک و مستغلات,4654922806626448,400.1,398.9,399.8,TSETMC
2011-04-10,1390/01/21,1390,1,21,real_estate,انبوه سازی، املاک و مستغلات,4654922806626448,400.4,398.9,399.0,TSETMC
2011-04-11,1390/01/22,1390,1,22,real_estate,انبوه سازی، املاک و مستغلات,4654922806626448,399.1,398.1,398.1,TSETMC
2011-04-12,1390/01/23,1390,1,23,real_estate,انبوه سازی، املاک و مستغلات,4654922806626448,404.9,398.8,404.9,TSETMC
2011-04-13,1390/01/24,1390,1,24,real_estate,انبوه سازی، املاک و مستغلات,4654922806626448,409.1,405.0,409.1,TSETMC
2011-04-16,1390/01/27,1390,1,27,real_estate,انبوه سازی، املاک و مستغلات,4654922806626448,416.4,408.9,416.4,TSETMC
2011-04-17,1390/01/28,1390,1,28,real_estate,انبوه سازی، املاک و مستغلات,4654922806626448,421.3,420.2,420.6,TSETMC
2011-04-18,1390/01/29,1390,1,29,real_estate,انبوه سازی، املاک و مستغلات,4654922806626448,423.0,421.5,421.8,TSETMC
2011-04-19,1390/01/30,1390,1,30,real_estate,انبوه سازی، املاک و مستغلات,4654922806626448,423.6,420.5,423.3,TSETMC
2011-04-20,1390/01/31,1390,1,31,real_estate,انبوه سازی، املاک و مستغلات,4654922806626448,427.6,423.4,427.2,TSETMC
2011-04-23,1390/02/03,1390,2,3,real_estate,انبوه سازی، املاک و مستغلات,4654922806626448,430.5,427.4,428.8,TSETMC
2011-04-24,1390/02/04,1390,2,4,real_estate,انبوه سازی، املاک و مستغلات,4654922806626448,432.2,429.2,429.2,TSETMC
2011-04-25,1390/02/05,1390,2,5,real_estate,انبوه سازی، املاک و مستغلات,4654922806626448,435.1,429.3,435.0,TSETMC
2011-04-26,1390/02/06,1390,2,6,real_estate,انبوه سازی، املاک و مستغلات,4654922806626448,438.8,438.1,438.6,TSETMC
2011-04-27,1390/02/07,1390,2,7,real_estate,انبوه سازی، املاک و مستغلات,4654922806626448,438.6,432.8,432.8,TSETMC
2011-04-30,1390/02/10,1390,2,10,real_estate,انبوه سازی، املاک و مستغلات,4654922806626448,432.7,427.8,427.8,TSETMC
2011-05-01,1390/02/11,1390,2,11,real_estate,انبوه سازی، املاک و مستغلات,4654922806626448,425.7,422.8,422.9,TSETMC
2011-05-02,1390/02/12,1390,2,12,real_estate,انبوه سازی، املاک و مستغلات,4654922806626448,424.0,423.1,423.9,TSETMC
2011-05-03,1390/02/13,1390,2,13,real_estate,انبوه سازی، املاک و مستغلات,4654922806626448,426.7,423.9,425.5,TSETMC
2011-05-04,1390/02/14,1390,2,14,real_estate,انبوه سازی، املاک و مستغلات,4654922806626448,425.7,424.5,424.5,TSETMC
2011-05-08,1390/02/18,1390,2,18,real_estate,انبوه سازی، املاک و مستغلات,4654922806626448,424.6,421.5,421.5,TSETMC
2011-05-09,1390/02/19,1390,2,19,real_estate,انبوه سازی، املاک و مستغلات,4654922806626448,428.3,421.6,428.3,TSETMC
2011-05-10,1390/02/20,1390,2,20,real_estate,انبوه سازی، املاک و مستغلات,4654922806626448,436.7,428.4,436.7,TSETMC
2011-05-11,1390/02/21,1390,2,21,real_estate,انبوه سازی، املاک و مستغلات,4654922806626448,445.8,440.3,445.8,TSETMC
2011-05-14,1390/02/24,1390,2,24,real_estate,انبوه سازی، املاک و مستغلات,4654922806626448,452.4,449.8,452.4,TSETMC
2011-05-15,1390/02/25,1390,2,25,real_estate,انبوه سازی، املاک و مستغلات,4654922806626448,457.6,455.8,457.2,TSETMC
2011-05-16,1390/02/26,1390,2,26,real_estate,انبوه سازی، املاک و مستغلات,4654922806626448,455.4,454.5,454.5,TSETMC
2011-05-17,1390/02/27,1390,2,27,real_estate,انبوه سازی، املاک و مستغلات,4654922806626448,454.7,452.2,452.2,TSETMC
2011-05-18,1390/02/28,1390,2,28,real_estate,انبوه سازی، املاک و مستغلات,4654922806626448,452.5,451.9,451.9,TSETMC
2011-05-21,1390/02/31,1390,2,31,real_estate,انبوه سازی، املاک و مستغلات,4654922806626448,452.8,452.1,452.8,TSETMC
2011-05-22,1390/03/01,1390,3,1,real_estate,انبوه سازی، املاک و مستغلات,4654922806626448,452.7,451.9,452.5,TSETMC
2011-05-23,1390/03/02,1390,3,2,real_estate,انبوه سازی، املاک و مستغلات,4654922806626448,452.9,446.7,446.7,TSETMC
2011-05-24,1390/03/03,1390,3,3,real_estate,انبوه سازی، املاک و مستغلات,4654922806626448,436.0,434.0,434.9,TSETMC
2011-05-25,1390/03/04,1390,3,4,real_estate,انبوه سازی، املاک و مستغلات,4654922806626448,434.9,426.6,426.6,TSETMC
2011-05-28,1390/03/07,1390,3,7,real_estate,انبوه سازی، املاک و مستغلات,4654922806626448,426.7,419.9,419.9,TSETMC
2011-05-29,1390/03/08,1390,3,8,real_estate,انبوه سازی، املاک و مستغلات,4654922806626448,409.4,409.4,409.4,TSETMC
2011-05-30,1390/03/09,1390,3,9,real_estate,انبوه سازی، املاک و مستغلات,4654922806626448,414.0,409.4,414.0,TSETMC
2011-05-31,1390/03/10,1390,3,10,real_estate,انبوه سازی، املاک و مستغلات,4654922806626448,415.3,414.0,415.3,TSETMC
2011-06-06,1390/03/16,1390,3,16,real_estate,انبوه سازی، املاک و مستغلات,4654922806626448,421.1,416.1,421.1,TSETMC
2011-06-07,1390/03/17,1390,3,17,real_estate,انبوه سازی، املاک و مستغلات,4654922806626448,421.5,421.3,421.5,TSETMC
2011-06-08,1390/03/18,1390,3,18,real_estate,انبوه سازی، املاک و مستغلات,4654922806626448,421.4,421.1,421.2,TSETMC
2011-06-11,1390/03/21,1390,3,21,real_estate,انبوه سازی، املاک و مستغلات,4654922806626448,421.2,419.9,419.9,TSETMC
2011-06-12,1390/03/22,1390,3,22,real_estate,انبوه سازی، املاک و مستغلات,4654922806626448,419.9,417.7,417.7,TSETMC
2011-06-13,1390/03/23,1390,3,23,real_estate,انبوه سازی، املاک و مستغلات,4654922806626448,417.6,417.1,417.1,TSETMC
2011-06-14,1390/03/24,1390,3,24,real_estate,انبوه سازی، املاک و مستغلات,4654922806626448,417.1,417.0,417.0,TSETMC
2011-06-15,1390/03/25,1390,3,25,real_estate,انبوه سازی، املاک و مستغلات,4654922806626448,417.1,415.7,415.7,TSETMC
2011-06-18,1390/03/28,1390,3,28,real_estate,انبوه سازی، املاک و مستغلات,4654922806626448,415.5,414.5,414.5,TSETMC
2011-06-19,1390/03/29,1390,3,29,real_estate,انبوه سازی، املاک و مستغلات,4654922806626448,414.5,412.5,412.5,TSETMC
2011-06-20,1390/03/30,1390,3,30,real_estate,انبوه سازی، املاک و مستغلات,4654922806626448,412.4,412.0,412.0,TSETMC
2011-06-21,1390/03/31,1390,3,31,real_estate,انبوه سازی، املاک و مستغلات,4654922806626448,411.9,409.5,409.5,TSETMC
2011-06-22,1390/04/01,1390,4,1,real_estate,انبوه سازی، املاک و مستغلات,4654922806626448,408.9,408.4,408.4,TSETMC
2011-06-25,1390/04/04,1390,4,4,real_estate,انبوه سازی، املاک و مستغلات,4654922806626448,408.4,408.0,408.0,TSETMC
2011-06-26,1390/04/05,1390,4,5,real_estate,انبوه سازی، املاک و مستغلات,4654922806626448,407.9,405.5,405.5,TSETMC
2011-06-27,1390/04/06,1390,4,6,real_estate,انبوه سازی، املاک و مستغلات,4654922806626448,405.3,400.6,400.6,TSETMC
2011-06-28,1390/04/07,1390,4,7,real_estate,انبوه سازی، املاک و مستغلات,4654922806626448,400.4,399.6,399.6,TSETMC
2011-06-29,1390/04/08,1390,4,8,real_estate,انبوه سازی، املاک و مستغلات,4654922806626448,401.2,399.6,401.2,TSETMC
2011-07-02,1390/04/11,1390,4,11,real_estate,انبوه سازی، املاک و مستغلات,4654922806626448,405.8,401.1,405.7,TSETMC
2011-07-03,1390/04/12,1390,4,12,real_estate,انبوه سازی، املاک و مستغلات,4654922806626448,406.7,406.0,406.5,TSETMC
2011-07-04,1390/04/13,1390,4,13,real_estate,انبوه سازی، املاک و مستغلات,4654922806626448,406.8,406.6,406.7,TSETMC
2011-07-05,1390/04/14,1390,4,14,real_estate,انبوه سازی، املاک و مستغلات,4654922806626448,406.9,406.5,406.5,TSETMC
2011-07-06,1390/04/15,1390,4,15,real_estate,انبوه سازی، املاک و مستغلات,4654922806626448,406.7,406.5,406.5,TSETMC
2011-07-09,1390/04/18,1390,4,18,real_estate,انبوه سازی، املاک و مستغلات,4654922806626448,406.5,405.7,405.7,TSETMC
2011-07-10,1390/04/19,1390,4,19,real_estate,انبوه سازی، املاک و مستغلات,4654922806626448,406.0,405.5,405.5,TSETMC
2011-07-11,1390/04/20,1390,4,20,real_estate,انبوه سازی، املاک و مستغلات,4654922806626448,407.7,405.5,407.6,TSETMC
2011-07-12,1390/04/21,1390,4,21,real_estate,انبوه سازی، املاک و مستغلات,4654922806626448,407.4,404.9,404.9,TSETMC
2011-07-13,1390/04/22,1390,4,22,real_estate,انبوه سازی، املاک و مستغلات,4654922806626448,404.8,404.0,404.0,TSETMC
2011-07-16,1390/04/25,1390,4,25,real_estate,انبوه سازی، املاک و مستغلات,4654922806626448,404.0,403.1,403.1,TSETMC
2011-07-18,1390/04/27,1390,4,27,real_estate,انبوه سازی، املاک و مستغلات,4654922806626448,403.1,402.4,402.4,TSETMC
2011-07-19,1390/04/28,1390,4,28,real_estate,انبوه سازی، املاک و مستغلات,4654922806626448,405.2,402.2,405.2,TSETMC
2011-07-20,1390/04/29,1390,4,29,real_estate,انبوه سازی، املاک و مستغلات,4654922806626448,405.2,404.1,404.1,TSETMC
2011-07-23,1390/05/01,1390,5,1,real_estate,انبوه سازی، املاک و مستغلات,4654922806626448,404.1,403.6,403.6,TSETMC
2011-07-24,1390/05/02,1390,5,2,real_estate,انبوه سازی، املاک و مستغلات,4654922806626448,404.0,403.3,404.0,TSETMC
2011-07-25,1390/05/03,1390,5,3,real_estate,انبوه سازی، املاک و مستغلات,4654922806626448,404.3,401.7,401.9,TSETMC
2011-07-26,1390/05/04,1390,5,4,real_estate,انبوه سازی، املاک و مستغلات,4654922806626448,409.0,402.7,409.0,TSETMC
2011-07-27,1390/05/05,1390,5,5,real_estate,انبوه سازی، املاک و مستغلات,4654922806626448,415.5,409.0,415.5,TSETMC
2011-07-30,1390/05/08,1390,5,8,real_estate,انبوه سازی، املاک و مستغلات,4654922806626448,418.1,409.0,418.0,TSETMC
2011-07-31,1390/05/09,1390,5,9,real_estate,انبوه سازی، املاک و مستغلات,4654922806626448,418.0,417.6,417.8,TSETMC
2011-08-01,1390/05/10,1390,5,10,real_estate,انبوه سازی، املاک و مستغلات,4654922806626448,420.8,417.7,420.4,TSETMC
2011-08-02,1390/05/11,1390,5,11,real_estate,انبوه سازی، املاک و مستغلات,4654922806626448,420.4,419.7,419.7,TSETMC
2011-08-03,1390/05/12,1390,5,12,real_estate,انبوه سازی، املاک و مستغلات,4654922806626448,419.7,419.4,419.4,TSETMC
2011-08-06,1390/05/15,1390,5,15,real_estate,انبوه سازی، املاک و مستغلات,4654922806626448,419.4,418.2,418.2,TSETMC
2011-08-07,1390/05/16,1390,5,16,real_estate,انبوه سازی، املاک و مستغلات,4654922806626448,418.2,417.2,417.2,TSETMC
2011-08-08,1390/05/17,1390,5,17,real_estate,انبوه سازی، املاک و مستغلات,4654922806626448,417.2,417.0,417.1,TSETMC
2011-08-09,1390/05/18,1390,5,18,real_estate,انبوه سازی، املاک و مستغلات,4654922806626448,417.1,416.9,417.0,TSETMC
2011-08-10,1390/05/19,1390,5,19,real_estate,انبوه سازی، املاک و مستغلات,4654922806626448,417.0,415.8,415.8,TSETMC
2011-08-13,1390/05/22,1390,5,22,real_estate,انبوه سازی، املاک و مستغلات,4654922806626448,415.8,414.7,414.7,TSETMC
2011-08-14,1390/05/23,1390,5,23,real_estate,انبوه سازی، املاک و مستغلات,4654922806626448,414.7,413.0,413.0,TSETMC
2011-08-15,1390/05/24,1390,5,24,real_estate,انبوه سازی، املاک و مستغلات,4654922806626448,417.6,413.0,417.6,TSETMC
2011-08-16,1390/05/25,1390,5,25,real_estate,انبوه سازی، املاک و مستغلات,4654922806626448,420.6,417.6,420.6,TSETMC
2011-08-17,1390/05/26,1390,5,26,real_estate,انبوه سازی، املاک و مستغلات,4654922806626448,425.3,422.3,425.3,TSETMC
2011-08-20,1390/05/29,1390,5,29,real_estate,انبوه سازی، املاک و مستغلات,4654922806626448,425.3,423.7,423.7,TSETMC
2011-08-21,1390/05/30,1390,5,30,real_estate,انبوه سازی، املاک و مستغلات,4654922806626448,428.9,423.6,428.9,TSETMC
2011-08-23,1390/06/01,1390,6,1,real_estate,انبوه سازی، املاک و مستغلات,4654922806626448,429.5,428.6,428.6,TSETMC
2011-08-24,1390/06/02,1390,6,2,real_estate,انبوه سازی، املاک و مستغلات,4654922806626448,434.8,429.9,433.5,TSETMC
2011-08-27,1390/06/05,1390,6,5,real_estate,انبوه سازی، املاک و مستغلات,4654922806626448,440.6,438.3,438.3,TSETMC
2011-08-28,1390/06/06,1390,6,6,real_estate,انبوه سازی، املاک و مستغلات,4654922806626448,438.1,434.4,434.4,TSETMC
2011-08-29,1390/06/07,1390,6,7,real_estate,انبوه سازی، املاک و مستغلات,4654922806626448,435.3,434.2,434.3,TSETMC
2011-08-30,1390/06/08,1390,6,8,real_estate,انبوه سازی، املاک و مستغلات,4654922806626448,436.7,434.3,436.6,TSETMC
2011-09-03,1390/06/12,1390,6,12,real_estate,انبوه سازی، املاک و مستغلات,4654922806626448,447.5,437.3,447.4,TSETMC
2011-09-04,1390/06/13,1390,6,13,real_estate,انبوه سازی، املاک و مستغلات,4654922806626448,453.8,452.9,453.4,TSETMC
2011-09-05,1390/06/14,1390,6,14,real_estate,انبوه سازی، املاک و مستغلات,4654922806626448,455.6,452.3,454.8,TSETMC
2011-09-06,1390/06/15,1390,6,15,real_estate,انبوه سازی، املاک و مستغلات,4654922806626448,461.8,457.8,461.4,TSETMC
2011-09-07,1390/06/16,1390,6,16,real_estate,انبوه سازی، املاک و مستغلات,4654922806626448,461.3,456.4,456.4,TSETMC
2011-09-10,1390/06/19,1390,6,19,real_estate,انبوه سازی، املاک و مستغلات,4654922806626448,456.2,454.7,454.7,TSETMC
2011-09-11,1390/06/20,1390,6,20,real_estate,انبوه سازی، املاک و مستغلات,4654922806626448,455.2,454.8,455.1,TSETMC
2011-09-12,1390/06/21,1390,6,21,real_estate,انبوه سازی، املاک و مستغلات,4654922806626448,455.1,451.1,451.1,TSETMC
2011-09-13,1390/06/22,1390,6,22,real_estate,انبوه سازی، املاک و مستغلات,4654922806626448,451.7,448.3,448.3,TSETMC
2011-09-14,1390/06/23,1390,6,23,real_estate,انبوه سازی، املاک و مستغلات,4654922806626448,448.8,447.0,447.9,TSETMC
2011-09-17,1390/06/26,1390,6,26,real_estate,انبوه سازی، املاک و مستغلات,4654922806626448,449.5,447.6,448.2,TSETMC
2011-09-18,1390/06/27,1390,6,27,real_estate,انبوه سازی، املاک و مستغلات,4654922806626448,448.3,444.9,444.9,TSETMC
2011-09-19,1390/06/28,1390,6,28,real_estate,انبوه سازی، املاک و مستغلات,4654922806626448,445.1,441.0,441.0,TSETMC
2011-09-20,1390/06/29,1390,6,29,real_estate,انبوه سازی، املاک و مستغلات,4654922806626448,441.0,437.0,437.0,TSETMC
2011-09-21,1390/06/30,1390,6,30,real_estate,انبوه سازی، املاک و مستغلات,4654922806626448,443.3,437.3,443.3,TSETMC
2011-09-25,1390/07/03,1390,7,3,real_estate,انبوه سازی، املاک و مستغلات,4654922806626448,450.1,446.9,450.0,TSETMC
2011-09-26,1390/07/04,1390,7,4,real_estate,انبوه سازی، املاک و مستغلات,4654922806626448,451.8,451.5,451.5,TSETMC
2011-09-27,1390/07/05,1390,7,5,real_estate,انبوه سازی، املاک و مستغلات,4654922806626448,453.7,453.0,453.7,TSETMC
2011-09-28,1390/07/06,1390,7,6,real_estate,انبوه سازی، املاک و مستغلات,4654922806626448,456.4,456.2,456.4,TSETMC
2011-10-01,1390/07/09,1390,7,9,real_estate,انبوه سازی، املاک و مستغلات,4654922806626448,456.5,454.7,454.7,TSETMC
2011-10-02,1390/07/10,1390,7,10,real_estate,انبوه سازی، املاک و مستغلات,4654922806626448,454.3,452.3,452.8,TSETMC
2011-10-03,1390/07/11,1390,7,11,real_estate,انبوه سازی، املاک و مستغلات,4654922806626448,455.0,453.0,455.0,TSETMC
2011-10-04,1390/07/12,1390,7,12,real_estate,انبوه سازی، املاک و مستغلات,4654922806626448,457.9,455.0,457.7,TSETMC
2011-10-05,1390/07/13,1390,7,13,real_estate,انبوه سازی، املاک و مستغلات,4654922806626448,458.2,457.1,457.3,TSETMC
2011-10-08,1390/07/16,1390,7,16,real_estate,انبوه سازی، املاک و مستغلات,4654922806626448,457.3,454.0,456.0,TSETMC
2011-10-09,1390/07/17,1390,7,17,real_estate,انبوه سازی، املاک و مستغلات,4654922806626448,462.9,456.1,462.9,TSETMC
2011-10-10,1390/07/18,1390,7,18,real_estate,انبوه سازی، املاک و مستغلات,4654922806626448,466.0,465.3,465.9,TSETMC
2011-10-11,1390/07/19,1390,7,19,real_estate,انبوه سازی، املاک و مستغلات,4654922806626448,471.5,466.2,471.5,TSETMC
2011-10-12,1390/07/20,1390,7,20,real_estate,انبوه سازی، املاک و مستغلات,4654922806626448,476.1,472.5,475.6,TSETMC
2011-10-15,1390/07/23,1390,7,23,real_estate,انبوه سازی، املاک و مستغلات,4654922806626448,476.5,474.4,474.4,TSETMC
2011-10-16,1390/07/24,1390,7,24,real_estate,انبوه سازی، املاک و مستغلات,4654922806626448,474.6,467.8,467.8,TSETMC
2011-10-17,1390/07/25,1390,7,25,real_estate,انبوه سازی، املاک و مستغلات,4654922806626448,466.5,463.1,463.1,TSETMC
2011-10-18,1390/07/26,1390,7,26,real_estate,انبوه سازی، املاک و مستغلات,4654922806626448,464.5,462.8,463.5,TSETMC
2011-10-19,1390/07/27,1390,7,27,real_estate,انبوه سازی، املاک و مستغلات,4654922806626448,464.7,464.0,464.0,TSETMC
2011-10-22,1390/07/30,1390,7,30,real_estate,انبوه سازی، املاک و مستغلات,4654922806626448,465.2,464.1,464.7,TSETMC
2011-10-23,1390/08/01,1390,8,1,real_estate,انبوه سازی، املاک و مستغلات,4654922806626448,467.5,463.8,463.8,TSETMC
2011-10-24,1390/08/02,1390,8,2,real_estate,انبوه سازی، املاک و مستغلات,4654922806626448,463.7,458.9,458.9,TSETMC
2011-10-25,1390/08/03,1390,8,3,real_estate,انبوه سازی، املاک و مستغلات,4654922806626448,459.1,458.2,459.0,TSETMC
2011-10-26,1390/08/04,1390,8,4,real_estate,انبوه سازی، املاک و مستغلات,4654922806626448,459.0,446.0,446.0,TSETMC
2011-10-29,1390/08/07,1390,8,7,real_estate,انبوه سازی، املاک و مستغلات,4654922806626448,445.7,442.3,442.3,TSETMC
2011-10-30,1390/08/08,1390,8,8,real_estate,انبوه سازی، املاک و مستغلات,4654922806626448,442.6,441.8,442.3,TSETMC
2011-10-31,1390/08/09,1390,8,9,real_estate,انبوه سازی، املاک و مستغلات,4654922806626448,442.4,441.9,442.0,TSETMC
2011-11-01,1390/08/10,1390,8,10,real_estate,انبوه سازی، املاک و مستغلات,4654922806626448,442.0,439.4,439.4,TSETMC
2011-11-02,1390/08/11,1390,8,11,real_estate,انبوه سازی، املاک و مستغلات,4654922806626448,441.2,439.6,441.2,TSETMC
2011-11-05,1390/08/14,1390,8,14,real_estate,انبوه سازی، املاک و مستغلات,4654922806626448,441.2,437.1,437.1,TSETMC
2011-11-06,1390/08/15,1390,8,15,real_estate,انبوه سازی، املاک و مستغلات,4654922806626448,436.9,433.5,433.5,TSETMC
2011-11-08,1390/08/17,1390,8,17,real_estate,انبوه سازی، املاک و مستغلات,4654922806626448,433.5,430.4,430.4,TSETMC
2011-11-09,1390/08/18,1390,8,18,real_estate,انبوه سازی، املاک و مستغلات,4654922806626448,430.0,427.5,427.5,TSETMC
2011-11-12,1390/08/21,1390,8,21,real_estate,انبوه سازی، املاک و مستغلات,4654922806626448,427.6,425.5,425.5,TSETMC
2011-11-13,1390/08/22,1390,8,22,real_estate,انبوه سازی، املاک و مستغلات,4654922806626448,427.8,426.8,426.8,TSETMC
2011-11-14,1390/08/23,1390,8,23,real_estate,انبوه سازی، املاک و مستغلات,4654922806626448,428.7,426.9,428.6,TSETMC
2011-11-16,1390/08/25,1390,8,25,real_estate,انبوه سازی، املاک و مستغلات,4654922806626448,430.5,428.5,429.5,TSETMC
2011-11-19,1390/08/28,1390,8,28,real_estate,انبوه سازی، املاک و مستغلات,4654922806626448,432.1,431.1,432.0,TSETMC
2011-11-20,1390/08/29,1390,8,29,real_estate,انبوه سازی، املاک و مستغلات,4654922806626448,432.4,431.2,431.2,TSETMC
2011-11-21,1390/08/30,1390,8,30,real_estate,انبوه سازی، املاک و مستغلات,4654922806626448,431.1,427.8,427.8,TSETMC
2011-11-22,1390/09/01,1390,9,1,real_estate,انبوه سازی، املاک و مستغلات,4654922806626448,427.7,425.0,425.0,TSETMC
2011-11-23,1390/09/02,1390,9,2,real_estate,انبوه سازی، املاک و مستغلات,4654922806626448,426.4,424.3,424.4,TSETMC
2011-11-26,1390/09/05,1390,9,5,real_estate,انبوه سازی، املاک و مستغلات,4654922806626448,424.3,421.4,421.4,TSETMC
2011-11-27,1390/09/06,1390,9,6,real_estate,انبوه سازی، املاک و مستغلات,4654922806626448,420.9,414.3,414.3,TSETMC
2011-11-28,1390/09/07,1390,9,7,real_estate,انبوه سازی، املاک و مستغلات,4654922806626448,413.5,405.0,405.0,TSETMC
2011-11-29,1390/09/08,1390,9,8,real_estate,انبوه سازی، املاک و مستغلات,4654922806626448,407.6,405.0,407.6,TSETMC
2011-11-30,1390/09/09,1390,9,9,real_estate,انبوه سازی، املاک و مستغلات,4654922806626448,410.5,408.6,410.5,TSETMC
2011-12-03,1390/09/12,1390,9,12,real_estate,انبوه سازی، املاک و مستغلات,4654922806626448,411.6,410.8,411.6,TSETMC
2011-12-04,1390/09/13,1390,9,13,real_estate,انبوه سازی، املاک و مستغلات,4654922806626448,414.7,412.3,414.7,TSETMC
2011-12-07,1390/09/16,1390,9,16,real_estate,انبوه سازی، املاک و مستغلات,4654922806626448,421.5,415.3,421.5,TSETMC
2011-12-10,1390/09/19,1390,9,19,real_estate,انبوه سازی، املاک و مستغلات,4654922806626448,422.6,420.3,420.6,TSETMC
2011-12-11,1390/09/20,1390,9,20,real_estate,انبوه سازی، املاک و مستغلات,4654922806626448,420.9,418.3,418.3,TSETMC
2011-12-12,1390/09/21,1390,9,21,real_estate,انبوه سازی، املاک و مستغلات,4654922806626448,427.8,424.1,427.8,TSETMC
2011-12-13,1390/09/22,1390,9,22,real_estate,انبوه سازی، املاک و مستغلات,4654922806626448,431.2,429.4,431.1,TSETMC
2011-12-14,1390/09/23,1390,9,23,real_estate,انبوه سازی، املاک و مستغلات,4654922806626448,433.6,431.3,433.3,TSETMC
2011-12-17,1390/09/26,1390,9,26,real_estate,انبوه سازی، املاک و مستغلات,4654922806626448,436.2,433.0,436.2,TSETMC
2011-12-18,1390/09/27,1390,9,27,real_estate,انبوه سازی، املاک و مستغلات,4654922806626448,442.0,436.2,442.0,TSETMC
2011-12-19,1390/09/28,1390,9,28,real_estate,انبوه سازی، املاک و مستغلات,4654922806626448,443.0,441.2,441.2,TSETMC
2011-12-20,1390/09/29,1390,9,29,real_estate,انبوه سازی، املاک و مستغلات,4654922806626448,444.2,443.0,444.2,TSETMC
2011-12-21,1390/09/30,1390,9,30,real_estate,انبوه سازی، املاک و مستغلات,4654922806626448,445.5,443.0,445.1,TSETMC
2011-12-24,1390/10/03,1390,10,3,real_estate,انبوه سازی، املاک و مستغلات,4654922806626448,457.6,445.4,457.4,TSETMC
2011-12-25,1390/10/04,1390,10,4,real_estate,انبوه سازی، املاک و مستغلات,4654922806626448,477.7,462.7,477.7,TSETMC
2011-12-26,1390/10/05,1390,10,5,real_estate,انبوه سازی، املاک و مستغلات,4654922806626448,493.8,488.2,488.2,TSETMC
2011-12-27,1390/10/06,1390,10,6,real_estate,انبوه سازی، املاک و مستغلات,4654922806626448,488.4,481.9,481.9,TSETMC
2011-12-28,1390/10/07,1390,10,7,real_estate,انبوه سازی، املاک و مستغلات,4654922806626448,486.9,482.4,484.6,TSETMC
2011-12-31,1390/10/10,1390,10,10,real_estate,انبوه سازی، املاک و مستغلات,4654922806626448,485.0,473.9,473.9,TSETMC
2012-01-01,1390/10/11,1390,10,11,real_estate,انبوه سازی، املاک و مستغلات,4654922806626448,472.9,467.1,467.1,TSETMC
2012-01-02,1390/10/12,1390,10,12,real_estate,انبوه سازی، املاک و مستغلات,4654922806626448,466.8,463.0,463.3,TSETMC
2012-01-03,1390/10/13,1390,10,13,real_estate,انبوه سازی، املاک و مستغلات,4654922806626448,469.3,464.4,469.3,TSETMC
2012-01-04,1390/10/14,1390,10,14,real_estate,انبوه سازی، املاک و مستغلات,4654922806626448,470.5,469.2,469.8,TSETMC
2012-01-07,1390/10/17,1390,10,17,real_estate,انبوه سازی، املاک و مستغلات,4654922806626448,470.3,469.4,469.4,TSETMC
2012-01-08,1390/10/18,1390,10,18,real_estate,انبوه سازی، املاک و مستغلات,4654922806626448,469.6,467.0,467.0,TSETMC
2012-01-09,1390/10/19,1390,10,19,real_estate,انبوه سازی، املاک و مستغلات,4654922806626448,466.9,463.3,463.3,TSETMC
2012-01-10,1390/10/20,1390,10,20,real_estate,انبوه سازی، املاک و مستغلات,4654922806626448,463.3,461.0,461.0,TSETMC
2012-01-11,1390/10/21,1390,10,21,real_estate,انبوه سازی، املاک و مستغلات,4654922806626448,471.6,462.8,471.6,TSETMC
2012-01-15,1390/10/25,1390,10,25,real_estate,انبوه سازی، املاک و مستغلات,4654922806626448,487.3,476.7,487.3,TSETMC
2012-01-16,1390/10/26,1390,10,26,real_estate,انبوه سازی، املاک و مستغلات,4654922806626448,494.7,493.3,493.6,TSETMC
2012-01-17,1390/10/27,1390,10,27,real_estate,انبوه سازی، املاک و مستغلات,4654922806626448,492.4,484.7,484.7,TSETMC
2012-01-18,1390/10/28,1390,10,28,real_estate,انبوه سازی، املاک و مستغلات,4654922806626448,484.3,480.4,480.4,TSETMC
2012-01-21,1390/11/01,1390,11,1,real_estate,انبوه سازی، املاک و مستغلات,4654922806626448,480.7,472.1,472.1,TSETMC
2012-01-23,1390/11/03,1390,11,3,real_estate,انبوه سازی، املاک و مستغلات,4654922806626448,471.9,466.4,466.5,TSETMC
2012-01-25,1390/11/05,1390,11,5,real_estate,انبوه سازی، املاک و مستغلات,4654922806626448,466.2,458.9,458.9,TSETMC
2012-01-28,1390/11/08,1390,11,8,real_estate,انبوه سازی، املاک و مستغلات,4654922806626448,472.3,458.9,472.0,TSETMC
2012-01-29,1390/11/09,1390,11,9,real_estate,انبوه سازی، املاک و مستغلات,4654922806626448,476.3,474.9,474.9,TSETMC
2012-01-30,1390/11/10,1390,11,10,real_estate,انبوه سازی، املاک و مستغلات,4654922806626448,475.2,471.2,471.2,TSETMC
2012-01-31,1390/11/11,1390,11,11,real_estate,انبوه سازی، املاک و مستغلات,4654922806626448,471.0,467.8,467.8,TSETMC
2012-02-01,1390/11/12,1390,11,12,real_estate,انبوه سازی، املاک و مستغلات,4654922806626448,467.8,467.4,467.4,TSETMC
2012-02-04,1390/11/15,1390,11,15,real_estate,انبوه سازی، املاک و مستغلات,4654922806626448,472.2,469.1,472.1,TSETMC
2012-02-05,1390/11/16,1390,11,16,real_estate,انبوه سازی، املاک و مستغلات,4654922806626448,472.7,470.3,470.3,TSETMC
2012-02-06,1390/11/17,1390,11,17,real_estate,انبوه سازی، املاک و مستغلات,4654922806626448,473.7,471.7,473.7,TSETMC
2012-02-07,1390/11/18,1390,11,18,real_estate,انبوه سازی، املاک و مستغلات,4654922806626448,475.6,474.5,474.6,TSETMC
2012-02-08,1390/11/19,1390,11,19,real_estate,انبوه سازی، املاک و مستغلات,4654922806626448,490.3,475.8,490.3,TSETMC
2012-02-12,1390/11/23,1390,11,23,real_estate,انبوه سازی، املاک و مستغلات,4654922806626448,496.9,495.7,495.7,TSETMC
2012-02-13,1390/11/24,1390,11,24,real_estate,انبوه سازی، املاک و مستغلات,4654922806626448,497.1,494.2,494.2,TSETMC
2012-02-14,1390/11/25,1390,11,25,real_estate,انبوه سازی، املاک و مستغلات,4654922806626448,497.6,490.7,490.7,TSETMC
2012-02-15,1390/11/26,1390,11,26,real_estate,انبوه سازی، املاک و مستغلات,4654922806626448,494.7,491.5,493.9,TSETMC
2012-02-18,1390/11/29,1390,11,29,real_estate,انبوه سازی، املاک و مستغلات,4654922806626448,498.5,496.0,498.5,TSETMC
2012-02-19,1390/11/30,1390,11,30,real_estate,انبوه سازی، املاک و مستغلات,4654922806626448,506.1,503.2,506.1,TSETMC
2012-02-20,1390/12/01,1390,12,1,real_estate,انبوه سازی، املاک و مستغلات,4654922806626448,522.6,507.3,522.6,TSETMC
2012-02-21,1390/12/02,1390,12,2,real_estate,انبوه سازی، املاک و مستغلات,4654922806626448,536.7,530.6,536.7,TSETMC
2012-02-22,1390/12/03,1390,12,3,real_estate,انبوه سازی، املاک و مستغلات,4654922806626448,558.3,538.9,556.6,TSETMC
2012-02-25,1390/12/06,1390,12,6,real_estate,انبوه سازی، املاک و مستغلات,4654922806626448,552.4,544.8,544.8,TSETMC
2012-02-26,1390/12/07,1390,12,7,real_estate,انبوه سازی، املاک و مستغلات,4654922806626448,556.2,551.3,556.2,TSETMC
2012-02-27,1390/12/08,1390,12,8,real_estate,انبوه سازی، املاک و مستغلات,4654922806626448,561.0,555.2,555.2,TSETMC
2012-02-28,1390/12/09,1390,12,9,real_estate,انبوه سازی، املاک و مستغلات,4654922806626448,554.7,547.1,547.1,TSETMC
2012-02-29,1390/12/10,1390,12,10,real_estate,انبوه سازی، املاک و مستغلات,4654922806626448,546.3,543.0,546.2,TSETMC
2012-03-03,1390/12/13,1390,12,13,real_estate,انبوه سازی، املاک و مستغلات,4654922806626448,553.0,550.6,552.9,TSETMC
2012-03-04,1390/12/14,1390,12,14,real_estate,انبوه سازی، املاک و مستغلات,4654922806626448,556.2,552.2,552.2,TSETMC
2012-03-05,1390/12/15,1390,12,15,real_estate,انبوه سازی، املاک و مستغلات,4654922806626448,550.7,548.3,549.9,TSETMC
2012-03-06,1390/12/16,1390,12,16,real_estate,انبوه سازی، املاک و مستغلات,4654922806626448,551.8,546.7,546.7,TSETMC
2012-03-07,1390/12/17,1390,12,17,real_estate,انبوه سازی، املاک و مستغلات,4654922806626448,551.6,547.6,551.0,TSETMC
2012-03-10,1390/12/20,1390,12,20,real_estate,انبوه سازی، املاک و مستغلات,4654922806626448,554.0,551.1,554.0,TSETMC
2012-03-11,1390/12/21,1390,12,21,real_estate,انبوه سازی، املاک و مستغلات,4654922806626448,554.8,547.7,547.7,TSETMC
2012-03-12,1390/12/22,1390,12,22,real_estate,انبوه سازی، املاک و مستغلات,4654922806626448,546.2,542.5,543.1,TSETMC
2012-03-13,1390/12/23,1390,12,23,real_estate,انبوه سازی، املاک و مستغلات,4654922806626448,549.8,544.2,549.8,TSETMC
2012-03-14,1390/12/24,1390,12,24,real_estate,انبوه سازی، املاک و مستغلات,4654922806626448,557.2,554.4,556.0,TSETMC
2012-03-17,1390/12/27,1390,12,27,real_estate,انبوه سازی، املاک و مستغلات,4654922806626448,556.0,550.8,550.8,TSETMC
2012-03-18,1390/12/28,1390,12,28,real_estate,انبوه سازی، املاک و مستغلات,4654922806626448,553.1,547.4,547.4,TSETMC
2012-03-24,1391/01/05,1391,1,5,real_estate,انبوه سازی، املاک و مستغلات,4654922806626448,551.4,547.6,551.4,TSETMC
2012-03-25,1391/01/06,1391,1,6,real_estate,انبوه سازی، املاک و مستغلات,4654922806626448,554.7,553.9,554.6,TSETMC
2012-03-26,1391/01/07,1391,1,7,real_estate,انبوه سازی، املاک و مستغلات,4654922806626448,558.8,554.7,556.8,TSETMC
2012-03-27,1391/01/08,1391,1,8,real_estate,انبوه سازی، املاک و مستغلات,4654922806626448,556.8,546.9,546.9,TSETMC
2012-03-28,1391/01/09,1391,1,9,real_estate,انبوه سازی، املاک و مستغلات,4654922806626448,548.2,546.2,546.9,TSETMC
2012-04-02,1391/01/14,1391,1,14,real_estate,انبوه سازی، املاک و مستغلات,4654922806626448,546.9,545.3,545.5,TSETMC
2012-04-03,1391/01/15,1391,1,15,real_estate,انبوه سازی، املاک و مستغلات,4654922806626448,545.2,543.6,543.6,TSETMC
2012-04-04,1391/01/16,1391,1,16,real_estate,انبوه سازی، املاک و مستغلات,4654922806626448,547.0,543.7,546.1,TSETMC
2012-04-07,1391/01/19,1391,1,19,real_estate,انبوه سازی، املاک و مستغلات,4654922806626448,547.2,544.6,544.6,TSETMC
2012-04-08,1391/01/20,1391,1,20,real_estate,انبوه سازی، املاک و مستغلات,4654922806626448,544.9,542.8,542.8,TSETMC
2012-04-09,1391/01/21,1391,1,21,real_estate,انبوه سازی، املاک و مستغلات,4654922806626448,547.4,543.1,546.9,TSETMC
2012-04-10,1391/01/22,1391,1,22,real_estate,انبوه سازی، املاک و مستغلات,4654922806626448,548.4,546.3,546.3,TSETMC
2012-04-11,1391/01/23,1391,1,23,real_estate,انبوه سازی، املاک و مستغلات,4654922806626448,548.7,546.0,547.4,TSETMC
2012-04-14,1391/01/26,1391,1,26,real_estate,انبوه سازی، املاک و مستغلات,4654922806626448,547.4,545.6,545.6,TSETMC
2012-04-15,1391/01/27,1391,1,27,real_estate,انبوه سازی، املاک و مستغلات,4654922806626448,545.7,543.4,543.4,TSETMC
2012-04-16,1391/01/28,1391,1,28,real_estate,انبوه سازی، املاک و مستغلات,4654922806626448,544.6,542.9,543.3,TSETMC
2012-04-17,1391/01/29,1391,1,29,real_estate,انبوه سازی، املاک و مستغلات,4654922806626448,543.1,542.1,542.3,TSETMC
2012-04-18,1391/01/30,1391,1,30,real_estate,انبوه سازی، املاک و مستغلات,4654922806626448,551.9,542.7,551.5,TSETMC
2012-04-21,1391/02/02,1391,2,2,real_estate,انبوه سازی، املاک و مستغلات,4654922806626448,557.0,555.5,555.5,TSETMC
2012-04-22,1391/02/03,1391,2,3,real_estate,انبوه سازی، املاک و مستغلات,4654922806626448,554.6,550.8,550.8,TSETMC
2012-04-23,1391/02/04,1391,2,4,real_estate,انبوه سازی، املاک و مستغلات,4654922806626448,550.4,545.4,545.4,TSETMC
2012-04-24,1391/02/05,1391,2,5,real_estate,انبوه سازی، املاک و مستغلات,4654922806626448,545.3,542.1,542.1,TSETMC
2012-04-28,1391/02/09,1391,2,9,real_estate,انبوه سازی، املاک و مستغلات,4654922806626448,545.2,544.4,544.4,TSETMC
2012-04-29,1391/02/10,1391,2,10,real_estate,انبوه سازی، املاک و مستغلات,4654922806626448,544.5,542.9,542.9,TSETMC
2012-04-30,1391/02/11,1391,2,11,real_estate,انبوه سازی، املاک و مستغلات,4654922806626448,542.8,538.7,539.0,TSETMC
2012-05-01,1391/02/12,1391,2,12,real_estate,انبوه سازی، املاک و مستغلات,4654922806626448,539.9,536.7,539.9,TSETMC
2012-05-02,1391/02/13,1391,2,13,real_estate,انبوه سازی، املاک و مستغلات,4654922806626448,543.7,541.7,543.7,TSETMC
2012-05-05,1391/02/16,1391,2,16,real_estate,انبوه سازی، املاک و مستغلات,4654922806626448,546.1,545.1,545.1,TSETMC
2012-05-06,1391/02/17,1391,2,17,real_estate,انبوه سازی، املاک و مستغلات,4654922806626448,545.0,542.2,542.2,TSETMC
2012-05-07,1391/02/18,1391,2,18,real_estate,انبوه سازی، املاک و مستغلات,4654922806626448,545.4,542.0,545.0,TSETMC
2012-05-08,1391/02/19,1391,2,19,real_estate,انبوه سازی، املاک و مستغلات,4654922806626448,546.0,543.5,543.5,TSETMC
2012-05-09,1391/02/20,1391,2,20,real_estate,انبوه سازی، املاک و مستغلات,4654922806626448,548.7,543.7,548.7,TSETMC
2012-05-12,1391/02/23,1391,2,23,real_estate,انبوه سازی، املاک و مستغلات,4654922806626448,553.0,550.4,552.0,TSETMC
2012-05-13,1391/02/24,1391,2,24,real_estate,انبوه سازی، املاک و مستغلات,4654922806626448,551.3,545.8,546.2,TSETMC
2012-05-14,1391/02/25,1391,2,25,real_estate,انبوه سازی، املاک و مستغلات,4654922806626448,551.4,550.6,551.2,TSETMC
2012-05-15,1391/02/26,1391,2,26,real_estate,انبوه سازی، املاک و مستغلات,4654922806626448,553.1,549.0,552.4,TSETMC
2012-05-16,1391/02/27,1391,2,27,real_estate,انبوه سازی، املاک و مستغلات,4654922806626448,552.5,550.1,550.1,TSETMC
2012-05-19,1391/02/30,1391,2,30,real_estate,انبوه سازی، املاک و مستغلات,4654922806626448,552.1,548.9,551.9,TSETMC
2012-05-20,1391/02/31,1391,2,31,real_estate,انبوه سازی، املاک و مستغلات,4654922806626448,552.0,550.6,550.6,TSETMC
2012-05-21,1391/03/01,1391,3,1,real_estate,انبوه سازی، املاک و مستغلات,4654922806626448,553.6,551.2,552.7,TSETMC
2012-05-22,1391/03/02,1391,3,2,real_estate,انبوه سازی، املاک و مستغلات,4654922806626448,552.8,551.4,551.5,TSETMC
2012-05-23,1391/03/03,1391,3,3,real_estate,انبوه سازی، املاک و مستغلات,4654922806626448,554.3,552.8,553.5,TSETMC
2012-05-26,1391/03/06,1391,3,6,real_estate,انبوه سازی، املاک و مستغلات,4654922806626448,552.8,549.7,551.5,TSETMC
2012-05-27,1391/03/07,1391,3,7,real_estate,انبوه سازی، املاک و مستغلات,4654922806626448,551.7,548.7,548.7,TSETMC
2012-05-28,1391/03/08,1391,3,8,real_estate,انبوه سازی، املاک و مستغلات,4654922806626448,548.7,547.6,548.0,TSETMC
2012-05-29,1391/03/09,1391,3,9,real_estate,انبوه سازی، املاک و مستغلات,4654922806626448,550.3,547.9,550.3,TSETMC
2012-05-30,1391/03/10,1391,3,10,real_estate,انبوه سازی، املاک و مستغلات,4654922806626448,553.4,549.3,553.4,TSETMC
2012-06-02,1391/03/13,1391,3,13,real_estate,انبوه سازی، املاک و مستغلات,4654922806626448,553.4,552.7,552.7,TSETMC
2012-06-05,1391/03/16,1391,3,16,real_estate,انبوه سازی، املاک و مستغلات,4654922806626448,551.9,548.2,548.2,TSETMC
2012-06-06,1391/03/17,1391,3,17,real_estate,انبوه سازی، املاک و مستغلات,4654922806626448,545.2,544.0,544.0,TSETMC
2012-06-09,1391/03/20,1391,3,20,real_estate,انبوه سازی، املاک و مستغلات,4654922806626448,542.1,540.7,540.7,TSETMC
2012-06-10,1391/03/21,1391,3,21,real_estate,انبوه سازی، املاک و مستغلات,4654922806626448,540.7,539.0,539.0,TSETMC
2012-06-11,1391/03/22,1391,3,22,real_estate,انبوه سازی، املاک و مستغلات,4654922806626448,537.4,533.7,533.7,TSETMC
2012-06-12,1391/03/23,1391,3,23,real_estate,انبوه سازی، املاک و مستغلات,4654922806626448,536.0,534.6,535.2,TSETMC
2012-06-13,1391/03/24,1391,3,24,real_estate,انبوه سازی، املاک و مستغلات,4654922806626448,535.1,534.1,534.1,TSETMC
2012-06-16,1391/03/27,1391,3,27,real_estate,انبوه سازی، املاک و مستغلات,4654922806626448,536.7,533.3,536.6,TSETMC
2012-06-17,1391/03/28,1391,3,28,real_estate,انبوه سازی، املاک و مستغلات,4654922806626448,536.5,533.4,533.4,TSETMC
2012-06-19,1391/03/30,1391,3,30,real_estate,انبوه سازی، املاک و مستغلات,4654922806626448,533.4,532.7,532.8,TSETMC
2012-06-20,1391/03/31,1391,3,31,real_estate,انبوه سازی، املاک و مستغلات,4654922806626448,532.5,530.3,530.3,TSETMC
2012-06-23,1391/04/03,1391,4,3,real_estate,انبوه سازی، املاک و مستغلات,4654922806626448,529.8,522.1,522.1,TSETMC
2012-06-24,1391/04/04,1391,4,4,real_estate,انبوه سازی، املاک و مستغلات,4654922806626448,520.7,518.8,520.7,TSETMC
2012-06-25,1391/04/05,1391,4,5,real_estate,انبوه سازی، املاک و مستغلات,4654922806626448,520.2,518.2,518.2,TSETMC
2012-06-26,1391/04/06,1391,4,6,real_estate,انبوه سازی، املاک و مستغلات,4654922806626448,517.4,513.0,513.2,TSETMC
2012-06-27,1391/04/07,1391,4,7,real_estate,انبوه سازی، املاک و مستغلات,4654922806626448,513.4,510.0,510.0,TSETMC
2012-06-30,1391/04/10,1391,4,10,real_estate,انبوه سازی، املاک و مستغلات,4654922806626448,511.7,510.3,511.7,TSETMC
2012-07-01,1391/04/11,1391,4,11,real_estate,انبوه سازی، املاک و مستغلات,4654922806626448,511.8,510.4,510.4,TSETMC
2012-07-02,1391/04/12,1391,4,12,real_estate,انبوه سازی، املاک و مستغلات,4654922806626448,513.9,509.9,513.7,TSETMC
2012-07-03,1391/04/13,1391,4,13,real_estate,انبوه سازی، املاک و مستغلات,4654922806626448,518.3,514.2,518.3,TSETMC
2012-07-04,1391/04/14,1391,4,14,real_estate,انبوه سازی، املاک و مستغلات,4654922806626448,521.6,518.1,518.1,TSETMC
2012-07-07,1391/04/17,1391,4,17,real_estate,انبوه سازی، املاک و مستغلات,4654922806626448,518.7,517.1,517.1,TSETMC
2012-07-08,1391/04/18,1391,4,18,real_estate,انبوه سازی، املاک و مستغلات,4654922806626448,519.1,515.4,515.4,TSETMC
2012-07-09,1391/04/19,1391,4,19,real_estate,انبوه سازی، املاک و مستغلات,4654922806626448,515.3,513.6,513.9,TSETMC
2012-07-10,1391/04/20,1391,4,20,real_estate,انبوه سازی، املاک و مستغلات,4654922806626448,514.3,511.8,511.8,TSETMC
2012-07-11,1391/04/21,1391,4,21,real_estate,انبوه سازی، املاک و مستغلات,4654922806626448,513.9,512.6,513.9,TSETMC
2012-07-14,1391/04/24,1391,4,24,real_estate,انبوه سازی، املاک و مستغلات,4654922806626448,514.8,513.4,513.4,TSETMC
2012-07-15,1391/04/25,1391,4,25,real_estate,انبوه سازی، املاک و مستغلات,4654922806626448,517.0,515.5,515.5,TSETMC
2012-07-16,1391/04/26,1391,4,26,real_estate,انبوه سازی، املاک و مستغلات,4654922806626448,519.6,516.3,516.3,TSETMC
2012-07-17,1391/04/27,1391,4,27,real_estate,انبوه سازی، املاک و مستغلات,4654922806626448,516.2,514.4,514.4,TSETMC
2012-07-18,1391/04/28,1391,4,28,real_estate,انبوه سازی، املاک و مستغلات,4654922806626448,514.9,513.9,514.9,TSETMC
2012-07-21,1391/04/31,1391,4,31,real_estate,انبوه سازی، املاک و مستغلات,4654922806626448,516.2,514.9,516.2,TSETMC
2012-07-22,1391/05/01,1391,5,1,real_estate,انبوه سازی، املاک و مستغلات,4654922806626448,516.2,513.7,513.7,TSETMC
2012-07-23,1391/05/02,1391,5,2,real_estate,انبوه سازی، املاک و مستغلات,4654922806626448,513.6,506.8,506.8,TSETMC
2012-07-24,1391/05/03,1391,5,3,real_estate,انبوه سازی، املاک و مستغلات,4654922806626448,507.0,506.2,506.2,TSETMC
2012-07-25,1391/05/04,1391,5,4,real_estate,انبوه سازی، املاک و مستغلات,4654922806626448,509.8,506.2,509.8,TSETMC
2012-07-28,1391/05/07,1391,5,7,real_estate,انبوه سازی، املاک و مستغلات,4654922806626448,509.8,507.7,507.7,TSETMC
2012-07-29,1391/05/08,1391,5,8,real_estate,انبوه سازی، املاک و مستغلات,4654922806626448,507.5,506.2,506.2,TSETMC
2012-07-30,1391/05/09,1391,5,9,real_estate,انبوه سازی، املاک و مستغلات,4654922806626448,506.9,506.3,506.7,TSETMC
2012-07-31,1391/05/10,1391,5,10,real_estate,انبوه سازی، املاک و مستغلات,4654922806626448,512.7,506.9,512.7,TSETMC
2012-08-01,1391/05/11,1391,5,11,real_estate,انبوه سازی، املاک و مستغلات,4654922806626448,515.2,512.3,515.2,TSETMC
2012-08-04,1391/05/14,1391,5,14,real_estate,انبوه سازی، املاک و مستغلات,4654922806626448,515.7,513.1,513.1,TSETMC
2012-08-05,1391/05/15,1391,5,15,real_estate,انبوه سازی، املاک و مستغلات,4654922806626448,513.1,510.0,510.0,TSETMC
2012-08-06,1391/05/16,1391,5,16,real_estate,انبوه سازی، املاک و مستغلات,4654922806626448,510.0,508.8,508.8,TSETMC
2012-08-07,1391/05/17,1391,5,17,real_estate,انبوه سازی، املاک و مستغلات,4654922806626448,507.7,503.0,503.2,TSETMC
2012-08-08,1391/05/18,1391,5,18,real_estate,انبوه سازی، املاک و مستغلات,4654922806626448,503.3,501.1,501.6,TSETMC
2012-08-11,1391/05/21,1391,5,21,real_estate,انبوه سازی، املاک و مستغلات,4654922806626448,501.7,498.6,498.7,TSETMC
2012-08-12,1391/05/22,1391,5,22,real_estate,انبوه سازی، املاک و مستغلات,4654922806626448,497.7,496.0,496.0,TSETMC
2012-08-13,1391/05/23,1391,5,23,real_estate,انبوه سازی، املاک و مستغلات,4654922806626448,496.0,493.7,493.7,TSETMC
2012-08-14,1391/05/24,1391,5,24,real_estate,انبوه سازی، املاک و مستغلات,4654922806626448,493.7,485.6,485.6,TSETMC
2012-08-15,1391/05/25,1391,5,25,real_estate,انبوه سازی، املاک و مستغلات,4654922806626448,485.5,479.7,479.7,TSETMC
2012-08-18,1391/05/28,1391,5,28,real_estate,انبوه سازی، املاک و مستغلات,4654922806626448,479.7,475.6,475.6,TSETMC
2012-08-21,1391/05/31,1391,5,31,real_estate,انبوه سازی، املاک و مستغلات,4654922806626448,475.6,473.9,473.9,TSETMC
2012-08-22,1391/06/01,1391,6,1,real_estate,انبوه سازی، املاک و مستغلات,4654922806626448,474.9,471.3,471.3,TSETMC
2012-08-25,1391/06/04,1391,6,4,real_estate,انبوه سازی، املاک و مستغلات,4654922806626448,473.5,470.9,470.9,TSETMC
2012-08-26,1391/06/05,1391,6,5,real_estate,انبوه سازی، املاک و مستغلات,4654922806626448,463.3,460.5,460.8,TSETMC
2012-08-27,1391/06/06,1391,6,6,real_estate,انبوه سازی، املاک و مستغلات,4654922806626448,471.6,461.0,471.5,TSETMC
2012-09-02,1391/06/12,1391,6,12,real_estate,انبوه سازی، املاک و مستغلات,4654922806626448,472.3,471.1,472.2,TSETMC
2012-09-03,1391/06/13,1391,6,13,real_estate,انبوه سازی، املاک و مستغلات,4654922806626448,475.3,472.9,475.3,TSETMC
2012-09-04,1391/06/14,1391,6,14,real_estate,انبوه سازی، املاک و مستغلات,4654922806626448,479.7,476.2,479.7,TSETMC
2012-09-05,1391/06/15,1391,6,15,real_estate,انبوه سازی، املاک و مستغلات,4654922806626448,480.7,479.8,480.4,TSETMC
2012-09-08,1391/06/18,1391,6,18,real_estate,انبوه سازی، املاک و مستغلات,4654922806626448,482.0,480.4,481.4,TSETMC
2012-09-09,1391/06/19,1391,6,19,real_estate,انبوه سازی، املاک و مستغلات,4654922806626448,483.5,480.7,482.7,TSETMC
2012-09-10,1391/06/20,1391,6,20,real_estate,انبوه سازی، املاک و مستغلات,4654922806626448,482.1,480.1,480.1,TSETMC
2012-09-11,1391/06/21,1391,6,21,real_estate,انبوه سازی، املاک و مستغلات,4654922806626448,480.7,480.2,480.5,TSETMC
2012-09-15,1391/06/25,1391,6,25,real_estate,انبوه سازی، املاک و مستغلات,4654922806626448,480.4,478.2,478.5,TSETMC
2012-09-16,1391/06/26,1391,6,26,real_estate,انبوه سازی، املاک و مستغلات,4654922806626448,478.8,477.8,478.8,TSETMC
2012-09-17,1391/06/27,1391,6,27,real_estate,انبوه سازی، املاک و مستغلات,4654922806626448,478.9,477.8,478.9,TSETMC
2012-09-18,1391/06/28,1391,6,28,real_estate,انبوه سازی، املاک و مستغلات,4654922806626448,485.4,478.9,485.4,TSETMC
2012-09-19,1391/06/29,1391,6,29,real_estate,انبوه سازی، املاک و مستغلات,4654922806626448,489.7,487.5,489.7,TSETMC
2012-09-22,1391/07/01,1391,7,1,real_estate,انبوه سازی، املاک و مستغلات,4654922806626448,490.1,488.2,489.3,TSETMC
2012-09-23,1391/07/02,1391,7,2,real_estate,انبوه سازی، املاک و مستغلات,4654922806626448,489.4,487.7,487.7,TSETMC
2012-09-24,1391/07/03,1391,7,3,real_estate,انبوه سازی، املاک و مستغلات,4654922806626448,487.7,486.4,486.7,TSETMC
2012-09-25,1391/07/04,1391,7,4,real_estate,انبوه سازی، املاک و مستغلات,4654922806626448,494.2,486.9,494.2,TSETMC
2012-09-26,1391/07/05,1391,7,5,real_estate,انبوه سازی، املاک و مستغلات,4654922806626448,502.3,495.2,502.3,TSETMC
2012-09-29,1391/07/08,1391,7,8,real_estate,انبوه سازی، املاک و مستغلات,4654922806626448,516.8,506.1,516.8,TSETMC
2012-09-30,1391/07/09,1391,7,9,real_estate,انبوه سازی، املاک و مستغلات,4654922806626448,520.5,517.6,517.7,TSETMC
2012-10-01,1391/07/10,1391,7,10,real_estate,انبوه سازی، املاک و مستغلات,4654922806626448,521.2,519.8,520.1,TSETMC
2012-10-02,1391/07/11,1391,7,11,real_estate,انبوه سازی، املاک و مستغلات,4654922806626448,520.2,519.6,520.1,TSETMC
2012-10-03,1391/07/12,1391,7,12,real_estate,انبوه سازی، املاک و مستغلات,4654922806626448,525.2,520.3,525.2,TSETMC
2012-10-06,1391/07/15,1391,7,15,real_estate,انبوه سازی، املاک و مستغلات,4654922806626448,528.7,527.2,528.6,TSETMC
2012-10-07,1391/07/16,1391,7,16,real_estate,انبوه سازی، املاک و مستغلات,4654922806626448,533.5,529.3,533.1,TSETMC
2012-10-08,1391/07/17,1391,7,17,real_estate,انبوه سازی، املاک و مستغلات,4654922806626448,538.3,534.5,537.8,TSETMC
2012-10-09,1391/07/18,1391,7,18,real_estate,انبوه سازی، املاک و مستغلات,4654922806626448,538.3,534.8,534.8,TSETMC
2012-10-10,1391/07/19,1391,7,19,real_estate,انبوه سازی، املاک و مستغلات,4654922806626448,533.8,528.4,529.7,TSETMC
2012-10-13,1391/07/22,1391,7,22,real_estate,انبوه سازی، املاک و مستغلات,4654922806626448,534.0,529.8,532.4,TSETMC
2012-10-14,1391/07/23,1391,7,23,real_estate,انبوه سازی، املاک و مستغلات,4654922806626448,535.4,533.5,533.5,TSETMC
2012-10-15,1391/07/24,1391,7,24,real_estate,انبوه سازی، املاک و مستغلات,4654922806626448,536.8,535.8,535.8,TSETMC
2012-10-16,1391/07/25,1391,7,25,real_estate,انبوه سازی، املاک و مستغلات,4654922806626448,538.3,535.5,535.5,TSETMC
2012-10-17,1391/07/26,1391,7,26,real_estate,انبوه سازی، املاک و مستغلات,4654922806626448,535.6,532.9,533.0,TSETMC
2012-10-20,1391/07/29,1391,7,29,real_estate,انبوه سازی، املاک و مستغلات,4654922806626448,533.2,531.1,531.1,TSETMC
2012-10-21,1391/07/30,1391,7,30,real_estate,انبوه سازی، املاک و مستغلات,4654922806626448,530.2,526.1,526.1,TSETMC
2012-10-22,1391/08/01,1391,8,1,real_estate,انبوه سازی، املاک و مستغلات,4654922806626448,528.5,524.3,527.3,TSETMC
2012-10-23,1391/08/02,1391,8,2,real_estate,انبوه سازی، املاک و مستغلات,4654922806626448,527.2,526.1,526.1,TSETMC
2012-10-24,1391/08/03,1391,8,3,real_estate,انبوه سازی، املاک و مستغلات,4654922806626448,534.4,528.2,534.4,TSETMC
2012-10-27,1391/08/06,1391,8,6,real_estate,انبوه سازی، املاک و مستغلات,4654922806626448,538.6,535.1,538.6,TSETMC
2012-10-28,1391/08/07,1391,8,7,real_estate,انبوه سازی، املاک و مستغلات,4654922806626448,542.1,540.5,540.5,TSETMC
2012-10-29,1391/08/08,1391,8,8,real_estate,انبوه سازی، املاک و مستغلات,4654922806626448,543.9,541.4,541.6,TSETMC
2012-10-30,1391/08/09,1391,8,9,real_estate,انبوه سازی، املاک و مستغلات,4654922806626448,542.8,540.7,542.8,TSETMC
2012-10-31,1391/08/10,1391,8,10,real_estate,انبوه سازی، املاک و مستغلات,4654922806626448,546.4,545.4,545.4,TSETMC
2012-11-04,1391/08/14,1391,8,14,real_estate,انبوه سازی، املاک و مستغلات,4654922806626448,545.2,539.1,539.1,TSETMC
2012-11-05,1391/08/15,1391,8,15,real_estate,انبوه سازی، املاک و مستغلات,4654922806626448,536.7,532.4,532.4,TSETMC
2012-11-06,1391/08/16,1391,8,16,real_estate,انبوه سازی، املاک و مستغلات,4654922806626448,531.5,524.6,524.6,TSETMC
2012-11-07,1391/08/17,1391,8,17,real_estate,انبوه سازی، املاک و مستغلات,4654922806626448,528.5,525.0,528.5,TSETMC
2012-11-10,1391/08/20,1391,8,20,real_estate,انبوه سازی، املاک و مستغلات,4654922806626448,531.5,530.5,530.9,TSETMC
2012-11-11,1391/08/21,1391,8,21,real_estate,انبوه سازی، املاک و مستغلات,4654922806626448,532.8,527.1,527.1,TSETMC
2012-11-12,1391/08/22,1391,8,22,real_estate,انبوه سازی، املاک و مستغلات,4654922806626448,540.8,529.8,540.8,TSETMC
2012-11-13,1391/08/23,1391,8,23,real_estate,انبوه سازی، املاک و مستغلات,4654922806626448,550.8,549.8,550.8,TSETMC
2012-11-14,1391/08/24,1391,8,24,real_estate,انبوه سازی، املاک و مستغلات,4654922806626448,551.4,547.4,547.7,TSETMC
2012-11-17,1391/08/27,1391,8,27,real_estate,انبوه سازی، املاک و مستغلات,4654922806626448,548.3,544.7,545.8,TSETMC
2012-11-18,1391/08/28,1391,8,28,real_estate,انبوه سازی، املاک و مستغلات,4654922806626448,547.9,546.1,546.3,TSETMC
2012-11-19,1391/08/29,1391,8,29,real_estate,انبوه سازی، املاک و مستغلات,4654922806626448,547.3,545.4,545.4,TSETMC
2012-11-20,1391/08/30,1391,8,30,real_estate,انبوه سازی، املاک و مستغلات,4654922806626448,544.8,541.0,541.2,TSETMC
2012-11-21,1391/09/01,1391,9,1,real_estate,انبوه سازی، املاک و مستغلات,4654922806626448,544.3,542.4,544.0,TSETMC
2012-11-26,1391/09/06,1391,9,6,real_estate,انبوه سازی، املاک و مستغلات,4654922806626448,545.6,543.2,543.2,TSETMC
2012-11-27,1391/09/07,1391,9,7,real_estate,انبوه سازی، املاک و مستغلات,4654922806626448,543.1,537.5,537.5,TSETMC
2012-11-28,1391/09/08,1391,9,8,real_estate,انبوه سازی، املاک و مستغلات,4654922806626448,539.4,537.7,537.9,TSETMC
2012-12-01,1391/09/11,1391,9,11,real_estate,انبوه سازی، املاک و مستغلات,4654922806626448,541.5,538.2,541.5,TSETMC
2012-12-02,1391/09/12,1391,9,12,real_estate,انبوه سازی، املاک و مستغلات,4654922806626448,546.3,541.8,546.3,TSETMC
2012-12-03,1391/09/13,1391,9,13,real_estate,انبوه سازی، املاک و مستغلات,4654922806626448,550.8,546.9,550.2,TSETMC
2012-12-04,1391/09/14,1391,9,14,real_estate,انبوه سازی، املاک و مستغلات,4654922806626448,553.8,550.8,553.4,TSETMC
2012-12-05,1391/09/15,1391,9,15,real_estate,انبوه سازی، املاک و مستغلات,4654922806626448,556.7,553.9,553.9,TSETMC
2012-12-08,1391/09/18,1391,9,18,real_estate,انبوه سازی، املاک و مستغلات,4654922806626448,554.5,550.5,550.5,TSETMC
2012-12-09,1391/09/19,1391,9,19,real_estate,انبوه سازی، املاک و مستغلات,4654922806626448,551.0,550.3,550.3,TSETMC
2012-12-10,1391/09/20,1391,9,20,real_estate,انبوه سازی، املاک و مستغلات,4654922806626448,553.5,550.3,553.5,TSETMC
2012-12-11,1391/09/21,1391,9,21,real_estate,انبوه سازی، املاک و مستغلات,4654922806626448,557.7,557.6,557.7,TSETMC
2012-12-12,1391/09/22,1391,9,22,real_estate,انبوه سازی، املاک و مستغلات,4654922806626448,565.9,562.8,563.9,TSETMC
2012-12-15,1391/09/25,1391,9,25,real_estate,انبوه سازی، املاک و مستغلات,4654922806626448,564.3,563.4,563.8,TSETMC
2012-12-16,1391/09/26,1391,9,26,real_estate,انبوه سازی، املاک و مستغلات,4654922806626448,568.1,565.1,565.1,TSETMC
2012-12-17,1391/09/27,1391,9,27,real_estate,انبوه سازی، املاک و مستغلات,4654922806626448,569.6,564.8,569.6,TSETMC
2012-12-18,1391/09/28,1391,9,28,real_estate,انبوه سازی، املاک و مستغلات,4654922806626448,570.3,568.7,568.7,TSETMC
2012-12-19,1391/09/29,1391,9,29,real_estate,انبوه سازی، املاک و مستغلات,4654922806626448,567.9,561.6,561.6,TSETMC
2012-12-22,1391/10/02,1391,10,2,real_estate,انبوه سازی، املاک و مستغلات,4654922806626448,562.1,558.3,558.3,TSETMC
2012-12-23,1391/10/03,1391,10,3,real_estate,انبوه سازی، املاک و مستغلات,4654922806626448,558.3,554.8,554.8,TSETMC
2012-12-24,1391/10/04,1391,10,4,real_estate,انبوه سازی، املاک و مستغلات,4654922806626448,556.5,553.6,553.8,TSETMC
2012-12-25,1391/10/05,1391,10,5,real_estate,انبوه سازی، املاک و مستغلات,4654922806626448,555.4,551.4,551.4,TSETMC
2012-12-26,1391/10/06,1391,10,6,real_estate,انبوه سازی، املاک و مستغلات,4654922806626448,551.5,547.6,547.6,TSETMC
2012-12-29,1391/10/09,1391,10,9,real_estate,انبوه سازی، املاک و مستغلات,4654922806626448,546.6,544.4,544.4,TSETMC
2012-12-30,1391/10/10,1391,10,10,real_estate,انبوه سازی، املاک و مستغلات,4654922806626448,547.5,546.2,547.5,TSETMC
2012-12-31,1391/10/11,1391,10,11,real_estate,انبوه سازی، املاک و مستغلات,4654922806626448,548.9,545.6,545.6,TSETMC
2013-01-01,1391/10/12,1391,10,12,real_estate,انبوه سازی، املاک و مستغلات,4654922806626448,545.8,542.2,542.4,TSETMC
2013-01-02,1391/10/13,1391,10,13,real_estate,انبوه سازی، املاک و مستغلات,4654922806626448,540.8,540.7,540.7,TSETMC
2013-01-06,1391/10/17,1391,10,17,real_estate,انبوه سازی، املاک و مستغلات,4654922806626448,540.7,537.4,537.4,TSETMC
2013-01-07,1391/10/18,1391,10,18,real_estate,انبوه سازی، املاک و مستغلات,4654922806626448,539.7,537.2,539.2,TSETMC
2013-01-08,1391/10/19,1391,10,19,real_estate,انبوه سازی، املاک و مستغلات,4654922806626448,542.0,539.7,539.7,TSETMC
2013-01-09,1391/10/20,1391,10,20,real_estate,انبوه سازی، املاک و مستغلات,4654922806626448,541.3,539.8,539.8,TSETMC
2013-01-13,1391/10/24,1391,10,24,real_estate,انبوه سازی، املاک و مستغلات,4654922806626448,539.8,536.5,536.5,TSETMC
2013-01-14,1391/10/25,1391,10,25,real_estate,انبوه سازی، املاک و مستغلات,4654922806626448,536.5,535.8,535.8,TSETMC
2013-01-15,1391/10/26,1391,10,26,real_estate,انبوه سازی، املاک و مستغلات,4654922806626448,536.6,535.4,535.4,TSETMC
2013-01-16,1391/10/27,1391,10,27,real_estate,انبوه سازی، املاک و مستغلات,4654922806626448,535.4,534.5,534.5,TSETMC
2013-01-19,1391/10/30,1391,10,30,real_estate,انبوه سازی، املاک و مستغلات,4654922806626448,534.9,533.9,534.7,TSETMC
2013-01-20,1391/11/01,1391,11,1,real_estate,انبوه سازی، املاک و مستغلات,4654922806626448,534.8,534.7,534.8,TSETMC
2013-01-21,1391/11/02,1391,11,2,real_estate,انبوه سازی، املاک و مستغلات,4654922806626448,536.2,534.7,536.1,TSETMC
2013-01-22,1391/11/03,1391,11,3,real_estate,انبوه سازی، املاک و مستغلات,4654922806626448,535.8,533.0,533.0,TSETMC
2013-01-23,1391/11/04,1391,11,4,real_estate,انبوه سازی، املاک و مستغلات,4654922806626448,536.1,533.0,535.0,TSETMC
2013-01-26,1391/11/07,1391,11,7,real_estate,انبوه سازی، املاک و مستغلات,4654922806626448,535.0,532.3,532.3,TSETMC
2013-01-27,1391/11/08,1391,11,8,real_estate,انبوه سازی، املاک و مستغلات,4654922806626448,534.5,532.7,533.0,TSETMC
2013-01-28,1391/11/09,1391,11,9,real_estate,انبوه سازی، املاک و مستغلات,4654922806626448,532.1,528.6,528.6,TSETMC
2013-01-30,1391/11/11,1391,11,11,real_estate,انبوه سازی، املاک و مستغلات,4654922806626448,532.7,528.8,531.6,TSETMC
2013-02-02,1391/11/14,1391,11,14,real_estate,انبوه سازی، املاک و مستغلات,4654922806626448,537.3,531.7,537.3,TSETMC
2013-02-03,1391/11/15,1391,11,15,real_estate,انبوه سازی، املاک و مستغلات,4654922806626448,537.7,535.2,537.7,TSETMC
2013-02-04,1391/11/16,1391,11,16,real_estate,انبوه سازی، املاک و مستغلات,4654922806626448,541.9,540.7,541.7,TSETMC
2013-02-05,1391/11/17,1391,11,17,real_estate,انبوه سازی، املاک و مستغلات,4654922806626448,546.9,543.1,546.9,TSETMC
2013-02-06,1391/11/18,1391,11,18,real_estate,انبوه سازی، املاک و مستغلات,4654922806626448,552.0,549.7,552.0,TSETMC
2013-02-09,1391/11/21,1391,11,21,real_estate,انبوه سازی، املاک و مستغلات,4654922806626448,557.0,554.9,554.9,TSETMC
2013-02-11,1391/11/23,1391,11,23,real_estate,انبوه سازی، املاک و مستغلات,4654922806626448,555.2,553.5,553.5,TSETMC
2013-02-12,1391/11/24,1391,11,24,real_estate,انبوه سازی، املاک و مستغلات,4654922806626448,552.9,551.1,551.4,TSETMC
2013-02-13,1391/11/25,1391,11,25,real_estate,انبوه سازی، املاک و مستغلات,4654922806626448,550.9,548.9,548.9,TSETMC
2013-02-16,1391/11/28,1391,11,28,real_estate,انبوه سازی، املاک و مستغلات,4654922806626448,549.2,545.0,545.0,TSETMC
2013-02-17,1391/11/29,1391,11,29,real_estate,انبوه سازی، املاک و مستغلات,4654922806626448,548.0,545.0,548.0,TSETMC
2013-02-18,1391/11/30,1391,11,30,real_estate,انبوه سازی، املاک و مستغلات,4654922806626448,553.0,549.3,552.5,TSETMC
2013-02-19,1391/12/01,1391,12,1,real_estate,انبوه سازی، املاک و مستغلات,4654922806626448,554.1,553.1,553.5,TSETMC
2013-02-20,1391/12/02,1391,12,2,real_estate,انبوه سازی، املاک و مستغلات,4654922806626448,553.5,551.8,551.8,TSETMC
2013-02-23,1391/12/05,1391,12,5,real_estate,انبوه سازی، املاک و مستغلات,4654922806626448,552.1,551.3,551.3,TSETMC
2013-02-24,1391/12/06,1391,12,6,real_estate,انبوه سازی، املاک و مستغلات,4654922806626448,551.3,549.7,549.8,TSETMC
2013-02-25,1391/12/07,1391,12,7,real_estate,انبوه سازی، املاک و مستغلات,4654922806626448,549.9,546.4,546.4,TSETMC
2013-02-26,1391/12/08,1391,12,8,real_estate,انبوه سازی، املاک و مستغلات,4654922806626448,546.4,545.7,546.2,TSETMC
2013-02-27,1391/12/09,1391,12,9,real_estate,انبوه سازی، املاک و مستغلات,4654922806626448,546.4,546.1,546.4,TSETMC
2013-03-02,1391/12/12,1391,12,12,real_estate,انبوه سازی، املاک و مستغلات,4654922806626448,546.7,545.4,545.4,TSETMC
2013-03-03,1391/12/13,1391,12,13,real_estate,انبوه سازی، املاک و مستغلات,4654922806626448,545.4,541.3,541.3,TSETMC
2013-03-04,1391/12/14,1391,12,14,real_estate,انبوه سازی، املاک و مستغلات,4654922806626448,541.8,541.6,541.7,TSETMC
2013-03-05,1391/12/15,1391,12,15,real_estate,انبوه سازی، املاک و مستغلات,4654922806626448,542.0,541.5,541.5,TSETMC
2013-03-06,1391/12/16,1391,12,16,real_estate,انبوه سازی، املاک و مستغلات,4654922806626448,544.0,541.2,542.7,TSETMC
2013-03-09,1391/12/19,1391,12,19,real_estate,انبوه سازی، املاک و مستغلات,4654922806626448,542.7,541.4,541.4,TSETMC
2013-03-10,1391/12/20,1391,12,20,real_estate,انبوه سازی، املاک و مستغلات,4654922806626448,541.3,539.3,539.3,TSETMC
2013-03-11,1391/12/21,1391,12,21,real_estate,انبوه سازی، املاک و مستغلات,4654922806626448,541.5,539.3,539.5,TSETMC
2013-03-12,1391/12/22,1391,12,22,real_estate,انبوه سازی، املاک و مستغلات,4654922806626448,541.5,540.1,540.1,TSETMC
2013-03-13,1391/12/23,1391,12,23,real_estate,انبوه سازی، املاک و مستغلات,4654922806626448,541.6,540.0,541.0,TSETMC
2013-03-16,1391/12/26,1391,12,26,real_estate,انبوه سازی، املاک و مستغلات,4654922806626448,541.0,539.9,539.9,TSETMC
2013-03-17,1391/12/27,1391,12,27,real_estate,انبوه سازی، املاک و مستغلات,4654922806626448,539.9,537.4,537.4,TSETMC
2013-03-18,1391/12/28,1391,12,28,real_estate,انبوه سازی، املاک و مستغلات,4654922806626448,537.3,534.7,534.7,TSETMC
2013-03-25,1392/01/05,1392,1,5,real_estate,انبوه سازی، املاک و مستغلات,4654922806626448,536.0,534.6,536.0,TSETMC
2013-03-26,1392/01/06,1392,1,6,real_estate,انبوه سازی، املاک و مستغلات,4654922806626448,536.3,536.0,536.2,TSETMC
2013-03-27,1392/01/07,1392,1,7,real_estate,انبوه سازی، املاک و مستغلات,4654922806626448,538.3,536.2,538.3,TSETMC
2013-03-30,1392/01/10,1392,1,10,real_estate,انبوه سازی، املاک و مستغلات,4654922806626448,538.9,538.5,538.7,TSETMC
2013-03-31,1392/01/11,1392,1,11,real_estate,انبوه سازی، املاک و مستغلات,4654922806626448,540.7,539.0,540.7,TSETMC
2013-04-03,1392/01/14,1392,1,14,real_estate,انبوه سازی، املاک و مستغلات,4654922806626448,541.1,540.9,541.1,TSETMC
2013-04-06,1392/01/17,1392,1,17,real_estate,انبوه سازی، املاک و مستغلات,4654922806626448,541.0,540.8,540.8,TSETMC
2013-04-07,1392/01/18,1392,1,18,real_estate,انبوه سازی، املاک و مستغلات,4654922806626448,540.9,540.6,540.6,TSETMC
2013-04-08,1392/01/19,1392,1,19,real_estate,انبوه سازی، املاک و مستغلات,4654922806626448,541.0,540.1,541.0,TSETMC
2013-04-09,1392/01/20,1392,1,20,real_estate,انبوه سازی، املاک و مستغلات,4654922806626448,545.4,541.0,545.4,TSETMC
2013-04-10,1392/01/21,1392,1,21,real_estate,انبوه سازی، املاک و مستغلات,4654922806626448,546.9,546.0,546.0,TSETMC
2013-04-13,1392/01/24,1392,1,24,real_estate,انبوه سازی، املاک و مستغلات,4654922806626448,546.0,545.2,545.3,TSETMC
2013-04-15,1392/01/26,1392,1,26,real_estate,انبوه سازی، املاک و مستغلات,4654922806626448,545.3,544.7,544.7,TSETMC
2013-04-16,1392/01/27,1392,1,27,real_estate,انبوه سازی، املاک و مستغلات,4654922806626448,544.5,541.8,542.3,TSETMC
2013-04-17,1392/01/28,1392,1,28,real_estate,انبوه سازی، املاک و مستغلات,4654922806626448,545.1,542.2,545.0,TSETMC
2013-04-20,1392/01/31,1392,1,31,real_estate,انبوه سازی، املاک و مستغلات,4654922806626448,546.9,543.5,544.5,TSETMC
2013-04-21,1392/02/01,1392,2,1,real_estate,انبوه سازی، املاک و مستغلات,4654922806626448,550.2,545.7,550.2,TSETMC
2013-04-22,1392/02/02,1392,2,2,real_estate,انبوه سازی، املاک و مستغلات,4654922806626448,550.3,547.5,550.0,TSETMC
2013-04-23,1392/02/03,1392,2,3,real_estate,انبوه سازی، املاک و مستغلات,4654922806626448,555.0,553.1,554.7,TSETMC
2013-04-24,1392/02/04,1392,2,4,real_estate,انبوه سازی، املاک و مستغلات,4654922806626448,557.8,557.3,557.3,TSETMC
2013-04-27,1392/02/07,1392,2,7,real_estate,انبوه سازی، املاک و مستغلات,4654922806626448,557.9,556.7,557.3,TSETMC
2013-04-28,1392/02/08,1392,2,8,real_estate,انبوه سازی، املاک و مستغلات,4654922806626448,557.3,555.9,555.9,TSETMC
2013-04-29,1392/02/09,1392,2,9,real_estate,انبوه سازی، املاک و مستغلات,4654922806626448,556.0,555.6,555.6,TSETMC
2013-04-30,1392/02/10,1392,2,10,real_estate,انبوه سازی، املاک و مستغلات,4654922806626448,555.3,549.5,549.5,TSETMC
2013-05-01,1392/02/11,1392,2,11,real_estate,انبوه سازی، املاک و مستغلات,4654922806626448,550.5,548.5,549.7,TSETMC
2013-05-04,1392/02/14,1392,2,14,real_estate,انبوه سازی، املاک و مستغلات,4654922806626448,553.6,549.6,553.4,TSETMC
2013-05-05,1392/02/15,1392,2,15,real_estate,انبوه سازی، املاک و مستغلات,4654922806626448,556.4,554.7,555.1,TSETMC
2013-05-06,1392/02/16,1392,2,16,real_estate,انبوه سازی، املاک و مستغلات,4654922806626448,556.0,554.0,555.0,TSETMC
2013-05-07,1392/02/17,1392,2,17,real_estate,انبوه سازی، املاک و مستغلات,4654922806626448,555.1,551.2,551.2,TSETMC
2013-05-08,1392/02/18,1392,2,18,real_estate,انبوه سازی، املاک و مستغلات,4654922806626448,551.2,545.6,545.6,TSETMC
2013-05-11,1392/02/21,1392,2,21,real_estate,انبوه سازی، املاک و مستغلات,4654922806626448,548.1,544.8,548.1,TSETMC
2013-05-12,1392/02/22,1392,2,22,real_estate,انبوه سازی، املاک و مستغلات,4654922806626448,553.8,550.2,553.6,TSETMC
2013-05-13,1392/02/23,1392,2,23,real_estate,انبوه سازی، املاک و مستغلات,4654922806626448,553.6,550.5,550.5,TSETMC
2013-05-14,1392/02/24,1392,2,24,real_estate,انبوه سازی، املاک و مستغلات,4654922806626448,550.1,546.8,546.8,TSETMC
2013-05-15,1392/02/25,1392,2,25,real_estate,انبوه سازی، املاک و مستغلات,4654922806626448,547.3,544.8,544.8,TSETMC
2013-05-18,1392/02/28,1392,2,28,real_estate,انبوه سازی، املاک و مستغلات,4654922806626448,544.7,539.7,539.7,TSETMC
2013-05-19,1392/02/29,1392,2,29,real_estate,انبوه سازی، املاک و مستغلات,4654922806626448,540.5,539.6,539.9,TSETMC
2013-05-20,1392/02/30,1392,2,30,real_estate,انبوه سازی، املاک و مستغلات,4654922806626448,540.3,539.5,539.5,TSETMC
2013-05-21,1392/02/31,1392,2,31,real_estate,انبوه سازی، املاک و مستغلات,4654922806626448,539.2,537.6,538.1,TSETMC
2013-05-22,1392/03/01,1392,3,1,real_estate,انبوه سازی، املاک و مستغلات,4654922806626448,537.7,535.9,535.9,TSETMC
2013-05-25,1392/03/04,1392,3,4,real_estate,انبوه سازی، املاک و مستغلات,4654922806626448,536.7,533.2,536.7,TSETMC
2013-05-26,1392/03/05,1392,3,5,real_estate,انبوه سازی، املاک و مستغلات,4654922806626448,540.2,537.1,539.6,TSETMC
2013-05-27,1392/03/06,1392,3,6,real_estate,انبوه سازی، املاک و مستغلات,4654922806626448,542.4,540.2,542.4,TSETMC
2013-05-28,1392/03/07,1392,3,7,real_estate,انبوه سازی، املاک و مستغلات,4654922806626448,549.7,543.8,549.7,TSETMC
2013-05-29,1392/03/08,1392,3,8,real_estate,انبوه سازی، املاک و مستغلات,4654922806626448,562.3,553.3,562.3,TSETMC
2013-06-01,1392/03/11,1392,3,11,real_estate,انبوه سازی، املاک و مستغلات,4654922806626448,572.5,567.1,571.9,TSETMC
2013-06-02,1392/03/12,1392,3,12,real_estate,انبوه سازی، املاک و مستغلات,4654922806626448,583.5,575.6,581.2,TSETMC
2013-06-03,1392/03/13,1392,3,13,real_estate,انبوه سازی، املاک و مستغلات,4654922806626448,585.9,585.1,585.5,TSETMC
2013-06-08,1392/03/18,1392,3,18,real_estate,انبوه سازی، املاک و مستغلات,4654922806626448,588.5,588.0,588.0,TSETMC
2013-06-09,1392/03/19,1392,3,19,real_estate,انبوه سازی، املاک و مستغلات,4654922806626448,588.4,585.1,585.1,TSETMC
2013-06-10,1392/03/20,1392,3,20,real_estate,انبوه سازی، املاک و مستغلات,4654922806626448,584.6,581.4,581.5,TSETMC
2013-06-11,1392/03/21,1392,3,21,real_estate,انبوه سازی، املاک و مستغلات,4654922806626448,582.5,579.4,581.9,TSETMC
2013-06-12,1392/03/22,1392,3,22,real_estate,انبوه سازی، املاک و مستغلات,4654922806626448,583.1,580.4,580.4,TSETMC
2013-06-15,1392/03/25,1392,3,25,real_estate,انبوه سازی، املاک و مستغلات,4654922806626448,593.5,585.5,593.5,TSETMC
2013-06-16,1392/03/26,1392,3,26,real_estate,انبوه سازی، املاک و مستغلات,4654922806626448,603.3,598.3,598.3,TSETMC
2013-06-17,1392/03/27,1392,3,27,real_estate,انبوه سازی، املاک و مستغلات,4654922806626448,597.4,592.7,592.7,TSETMC
2013-06-18,1392/03/28,1392,3,28,real_estate,انبوه سازی، املاک و مستغلات,4654922806626448,595.6,589.4,589.4,TSETMC
2013-06-19,1392/03/29,1392,3,29,real_estate,انبوه سازی، املاک و مستغلات,4654922806626448,593.8,591.3,593.3,TSETMC
2013-06-22,1392/04/01,1392,4,1,real_estate,انبوه سازی، املاک و مستغلات,4654922806626448,610.0,596.6,610.0,TSETMC
2013-06-23,1392/04/02,1392,4,2,real_estate,انبوه سازی، املاک و مستغلات,4654922806626448,630.6,615.9,630.6,TSETMC
2013-06-25,1392/04/04,1392,4,4,real_estate,انبوه سازی، املاک و مستغلات,4654922806626448,651.7,638.8,651.7,TSETMC
2013-06-26,1392/04/05,1392,4,5,real_estate,انبوه سازی، املاک و مستغلات,4654922806626448,672.7,662.2,672.4,TSETMC
2013-06-29,1392/04/08,1392,4,8,real_estate,انبوه سازی، املاک و مستغلات,4654922806626448,684.9,676.9,684.9,TSETMC
2013-06-30,1392/04/09,1392,4,9,real_estate,انبوه سازی، املاک و مستغلات,4654922806626448,697.7,695.2,697.7,TSETMC
2013-07-01,1392/04/10,1392,4,10,real_estate,انبوه سازی، املاک و مستغلات,4654922806626448,714.6,702.6,714.6,TSETMC
2013-07-02,1392/04/11,1392,4,11,real_estate,انبوه سازی، املاک و مستغلات,4654922806626448,720.6,710.5,710.5,TSETMC
2013-07-03,1392/04/12,1392,4,12,real_estate,انبوه سازی، املاک و مستغلات,4654922806626448,726.3,713.9,726.3,TSETMC
2013-07-06,1392/04/15,1392,4,15,real_estate,انبوه سازی، املاک و مستغلات,4654922806626448,751.5,742.3,751.5,TSETMC
2013-07-07,1392/04/16,1392,4,16,real_estate,انبوه سازی، املاک و مستغلات,4654922806626448,760.6,746.3,746.3,TSETMC
2013-07-08,1392/04/17,1392,4,17,real_estate,انبوه سازی، املاک و مستغلات,4654922806626448,742.2,725.2,725.2,TSETMC
2013-07-09,1392/04/18,1392,4,18,real_estate,انبوه سازی، املاک و مستغلات,4654922806626448,727.9,722.2,722.2,TSETMC
2013-07-10,1392/04/19,1392,4,19,real_estate,انبوه سازی، املاک و مستغلات,4654922806626448,738.6,726.3,738.6,TSETMC
2013-07-13,1392/04/22,1392,4,22,real_estate,انبوه سازی، املاک و مستغلات,4654922806626448,747.8,742.1,743.5,TSETMC
2013-07-14,1392/04/23,1392,4,23,real_estate,انبوه سازی، املاک و مستغلات,4654922806626448,742.4,731.0,731.0,TSETMC
2013-07-15,1392/04/24,1392,4,24,real_estate,انبوه سازی، املاک و مستغلات,4654922806626448,732.0,725.3,725.3,TSETMC
2013-07-16,1392/04/25,1392,4,25,real_estate,انبوه سازی، املاک و مستغلات,4654922806626448,724.7,719.3,719.3,TSETMC
2013-07-17,1392/04/26,1392,4,26,real_estate,انبوه سازی، املاک و مستغلات,4654922806626448,718.9,713.8,713.8,TSETMC
2013-07-20,1392/04/29,1392,4,29,real_estate,انبوه سازی، املاک و مستغلات,4654922806626448,714.5,712.0,712.0,TSETMC
2013-07-21,1392/04/30,1392,4,30,real_estate,انبوه سازی، املاک و مستغلات,4654922806626448,711.6,704.1,704.1,TSETMC
2013-07-22,1392/04/31,1392,4,31,real_estate,انبوه سازی، املاک و مستغلات,4654922806626448,701.6,695.5,695.5,TSETMC
2013-07-23,1392/05/01,1392,5,1,real_estate,انبوه سازی، املاک و مستغلات,4654922806626448,703.5,696.2,703.5,TSETMC
2013-07-24,1392/05/02,1392,5,2,real_estate,انبوه سازی، املاک و مستغلات,4654922806626448,708.7,705.2,707.6,TSETMC
2013-07-27,1392/05/05,1392,5,5,real_estate,انبوه سازی، املاک و مستغلات,4654922806626448,707.5,699.6,699.6,TSETMC
2013-07-28,1392/05/06,1392,5,6,real_estate,انبوه سازی، املاک و مستغلات,4654922806626448,704.0,697.7,704.0,TSETMC
2013-07-29,1392/05/07,1392,5,7,real_estate,انبوه سازی، املاک و مستغلات,4654922806626448,713.9,704.6,713.9,TSETMC
2013-07-31,1392/05/09,1392,5,9,real_estate,انبوه سازی، املاک و مستغلات,4654922806626448,713.4,703.5,709.0,TSETMC
2013-08-03,1392/05/12,1392,5,12,real_estate,انبوه سازی، املاک و مستغلات,4654922806626448,709.5,702.6,702.6,TSETMC
2013-08-04,1392/05/13,1392,5,13,real_estate,انبوه سازی، املاک و مستغلات,4654922806626448,702.7,693.6,693.6,TSETMC
2013-08-05,1392/05/14,1392,5,14,real_estate,انبوه سازی، املاک و مستغلات,4654922806626448,696.0,691.8,691.8,TSETMC
2013-08-06,1392/05/15,1392,5,15,real_estate,انبوه سازی، املاک و مستغلات,4654922806626448,697.7,695.0,696.9,TSETMC
2013-08-07,1392/05/16,1392,5,16,real_estate,انبوه سازی، املاک و مستغلات,4654922806626448,704.7,700.9,704.6,TSETMC
2013-08-11,1392/05/20,1392,5,20,real_estate,انبوه سازی، املاک و مستغلات,4654922806626448,714.9,709.8,712.4,TSETMC
2013-08-12,1392/05/21,1392,5,21,real_estate,انبوه سازی، املاک و مستغلات,4654922806626448,721.0,719.7,719.7,TSETMC
2013-08-13,1392/05/22,1392,5,22,real_estate,انبوه سازی، املاک و مستغلات,4654922806626448,724.1,715.5,715.5,TSETMC
2013-08-14,1392/05/23,1392,5,23,real_estate,انبوه سازی، املاک و مستغلات,4654922806626448,716.3,711.1,711.7,TSETMC
2013-08-17,1392/05/26,1392,5,26,real_estate,انبوه سازی، املاک و مستغلات,4654922806626448,711.7,703.9,705.7,TSETMC
2013-08-18,1392/05/27,1392,5,27,real_estate,انبوه سازی، املاک و مستغلات,4654922806626448,704.1,695.0,695.0,TSETMC
2013-08-19,1392/05/28,1392,5,28,real_estate,انبوه سازی، املاک و مستغلات,4654922806626448,710.6,695.0,710.6,TSETMC
2013-08-20,1392/05/29,1392,5,29,real_estate,انبوه سازی، املاک و مستغلات,4654922806626448,730.6,725.1,730.6,TSETMC
2013-08-21,1392/05/30,1392,5,30,real_estate,انبوه سازی، املاک و مستغلات,4654922806626448,749.1,743.2,746.1,TSETMC
2013-08-24,1392/06/02,1392,6,2,real_estate,انبوه سازی، املاک و مستغلات,4654922806626448,758.7,748.4,748.4,TSETMC
2013-08-25,1392/06/03,1392,6,3,real_estate,انبوه سازی، املاک و مستغلات,4654922806626448,746.9,731.4,731.4,TSETMC
2013-08-26,1392/06/04,1392,6,4,real_estate,انبوه سازی، املاک و مستغلات,4654922806626448,736.7,731.6,736.7,TSETMC
2013-08-27,1392/06/05,1392,6,5,real_estate,انبوه سازی، املاک و مستغلات,4654922806626448,738.9,720.1,720.1,TSETMC
2013-08-28,1392/06/06,1392,6,6,real_estate,انبوه سازی، املاک و مستغلات,4654922806626448,718.5,717.2,717.7,TSETMC
2013-08-31,1392/06/09,1392,6,9,real_estate,انبوه سازی، املاک و مستغلات,4654922806626448,716.2,704.6,704.6,TSETMC
2013-09-01,1392/06/10,1392,6,10,real_estate,انبوه سازی، املاک و مستغلات,4654922806626448,701.1,691.4,691.4,TSETMC
2013-09-03,1392/06/12,1392,6,12,real_estate,انبوه سازی، املاک و مستغلات,4654922806626448,691.6,683.7,683.7,TSETMC
2013-09-04,1392/06/13,1392,6,13,real_estate,انبوه سازی، املاک و مستغلات,4654922806626448,678.9,666.8,666.8,TSETMC
2013-09-07,1392/06/16,1392,6,16,real_estate,انبوه سازی، املاک و مستغلات,4654922806626448,663.0,647.2,647.2,TSETMC
2013-09-08,1392/06/17,1392,6,17,real_estate,انبوه سازی، املاک و مستغلات,4654922806626448,649.7,647.3,649.7,TSETMC
2013-09-09,1392/06/18,1392,6,18,real_estate,انبوه سازی، املاک و مستغلات,4654922806626448,656.8,650.6,655.6,TSETMC
2013-09-10,1392/06/19,1392,6,19,real_estate,انبوه سازی، املاک و مستغلات,4654922806626448,667.3,658.0,667.3,TSETMC
2013-09-11,1392/06/20,1392,6,20,real_estate,انبوه سازی، املاک و مستغلات,4654922806626448,678.9,668.8,678.9,TSETMC
2013-09-14,1392/06/23,1392,6,23,real_estate,انبوه سازی، املاک و مستغلات,4654922806626448,690.0,687.3,690.0,TSETMC
2013-09-15,1392/06/24,1392,6,24,real_estate,انبوه سازی، املاک و مستغلات,4654922806626448,693.5,691.4,693.2,TSETMC
2013-09-16,1392/06/25,1392,6,25,real_estate,انبوه سازی، املاک و مستغلات,4654922806626448,697.4,693.7,694.8,TSETMC
2013-09-17,1392/06/26,1392,6,26,real_estate,انبوه سازی، املاک و مستغلات,4654922806626448,700.5,699.0,700.5,TSETMC
2013-09-18,1392/06/27,1392,6,27,real_estate,انبوه سازی، املاک و مستغلات,4654922806626448,709.4,704.9,709.4,TSETMC
2013-09-21,1392/06/30,1392,6,30,real_estate,انبوه سازی، املاک و مستغلات,4654922806626448,713.9,707.8,713.9,TSETMC
2013-09-22,1392/06/31,1392,6,31,real_estate,انبوه سازی، املاک و مستغلات,4654922806626448,712.8,707.2,707.2,TSETMC
2013-09-23,1392/07/01,1392,7,1,real_estate,انبوه سازی، املاک و مستغلات,4654922806626448,720.6,709.1,720.6,TSETMC
2013-09-24,1392/07/02,1392,7,2,real_estate,انبوه سازی، املاک و مستغلات,4654922806626448,728.7,722.6,728.7,TSETMC
2013-09-25,1392/07/03,1392,7,3,real_estate,انبوه سازی، املاک و مستغلات,4654922806626448,733.6,729.9,730.7,TSETMC
2013-09-28,1392/07/06,1392,7,6,real_estate,انبوه سازی، املاک و مستغلات,4654922806626448,737.4,732.4,737.4,TSETMC
2013-09-29,1392/07/07,1392,7,7,real_estate,انبوه سازی، املاک و مستغلات,4654922806626448,741.7,732.9,732.9,TSETMC
2013-09-30,1392/07/08,1392,7,8,real_estate,انبوه سازی، املاک و مستغلات,4654922806626448,731.4,722.0,722.1,TSETMC
2013-10-01,1392/07/09,1392,7,9,real_estate,انبوه سازی، املاک و مستغلات,4654922806626448,721.7,720.9,721.3,TSETMC
2013-10-02,1392/07/10,1392,7,10,real_estate,انبوه سازی، املاک و مستغلات,4654922806626448,726.8,724.6,726.5,TSETMC
2013-10-05,1392/07/13,1392,7,13,real_estate,انبوه سازی، املاک و مستغلات,4654922806626448,738.6,730.5,738.6,TSETMC
2013-10-06,1392/07/14,1392,7,14,real_estate,انبوه سازی، املاک و مستغلات,4654922806626448,744.8,742.7,742.7,TSETMC
2013-10-07,1392/07/15,1392,7,15,real_estate,انبوه سازی، املاک و مستغلات,4654922806626448,742.9,736.7,738.5,TSETMC
2013-10-08,1392/07/16,1392,7,16,real_estate,انبوه سازی، املاک و مستغلات,4654922806626448,740.7,732.9,732.9,TSETMC
2013-10-09,1392/07/17,1392,7,17,real_estate,انبوه سازی، املاک و مستغلات,4654922806626448,739.7,732.1,738.0,TSETMC
2013-10-12,1392/07/20,1392,7,20,real_estate,انبوه سازی، املاک و مستغلات,4654922806626448,750.0,740.1,747.5,TSETMC
2013-10-13,1392/07/21,1392,7,21,real_estate,انبوه سازی، املاک و مستغلات,4654922806626448,751.3,743.5,743.5,TSETMC
2013-10-14,1392/07/22,1392,7,22,real_estate,انبوه سازی، املاک و مستغلات,4654922806626448,744.5,734.3,734.3,TSETMC
2013-10-15,1392/07/23,1392,7,23,real_estate,انبوه سازی، املاک و مستغلات,4654922806626448,735.3,720.4,720.4,TSETMC
2013-10-19,1392/07/27,1392,7,27,real_estate,انبوه سازی، املاک و مستغلات,4654922806626448,729.7,727.4,727.4,TSETMC
2013-10-20,1392/07/28,1392,7,28,real_estate,انبوه سازی، املاک و مستغلات,4654922806626448,726.1,717.0,717.0,TSETMC
2013-10-21,1392/07/29,1392,7,29,real_estate,انبوه سازی، املاک و مستغلات,4654922806626448,716.5,715.9,716.1,TSETMC
2013-10-22,1392/07/30,1392,7,30,real_estate,انبوه سازی، املاک و مستغلات,4654922806626448,718.5,716.8,718.5,TSETMC
2013-10-23,1392/08/01,1392,8,1,real_estate,انبوه سازی، املاک و مستغلات,4654922806626448,719.3,717.3,718.7,TSETMC
2013-10-26,1392/08/04,1392,8,4,real_estate,انبوه سازی، املاک و مستغلات,4654922806626448,722.5,718.1,722.5,TSETMC
2013-10-27,1392/08/05,1392,8,5,real_estate,انبوه سازی، املاک و مستغلات,4654922806626448,725.3,719.9,722.2,TSETMC
2013-10-28,1392/08/06,1392,8,6,real_estate,انبوه سازی، املاک و مستغلات,4654922806626448,721.3,717.3,717.5,TSETMC
2013-10-29,1392/08/07,1392,8,7,real_estate,انبوه سازی، املاک و مستغلات,4654922806626448,734.2,714.8,734.2,TSETMC
2013-10-30,1392/08/08,1392,8,8,real_estate,انبوه سازی، املاک و مستغلات,4654922806626448,745.1,733.6,743.7,TSETMC
2013-11-02,1392/08/11,1392,8,11,real_estate,انبوه سازی، املاک و مستغلات,4654922806626448,743.8,736.8,736.8,TSETMC
2013-11-03,1392/08/12,1392,8,12,real_estate,انبوه سازی، املاک و مستغلات,4654922806626448,744.8,738.5,744.2,TSETMC
2013-11-04,1392/08/13,1392,8,13,real_estate,انبوه سازی، املاک و مستغلات,4654922806626448,752.1,748.5,752.1,TSETMC
2013-11-05,1392/08/14,1392,8,14,real_estate,انبوه سازی، املاک و مستغلات,4654922806626448,758.8,756.5,758.8,TSETMC
2013-11-06,1392/08/15,1392,8,15,real_estate,انبوه سازی، املاک و مستغلات,4654922806626448,767.1,760.2,767.1,TSETMC
2013-11-09,1392/08/18,1392,8,18,real_estate,انبوه سازی، املاک و مستغلات,4654922806626448,771.5,769.5,771.5,TSETMC
2013-11-10,1392/08/19,1392,8,19,real_estate,انبوه سازی، املاک و مستغلات,4654922806626448,770.5,763.9,763.9,TSETMC
2013-11-11,1392/08/20,1392,8,20,real_estate,انبوه سازی، املاک و مستغلات,4654922806626448,774.0,762.0,774.0,TSETMC
2013-11-12,1392/08/21,1392,8,21,real_estate,انبوه سازی، املاک و مستغلات,4654922806626448,785.4,781.1,785.4,TSETMC
2013-11-16,1392/08/25,1392,8,25,real_estate,انبوه سازی، املاک و مستغلات,4654922806626448,810.8,786.6,810.8,TSETMC
2013-11-17,1392/08/26,1392,8,26,real_estate,انبوه سازی، املاک و مستغلات,4654922806626448,828.6,815.2,824.4,TSETMC
2013-11-18,1392/08/27,1392,8,27,real_estate,انبوه سازی، املاک و مستغلات,4654922806626448,839.1,834.7,838.2,TSETMC
2013-11-19,1392/08/28,1392,8,28,real_estate,انبوه سازی، املاک و مستغلات,4654922806626448,852.4,849.2,849.2,TSETMC
2013-11-20,1392/08/29,1392,8,29,real_estate,انبوه سازی، املاک و مستغلات,4654922806626448,859.8,854.8,854.8,TSETMC
2013-11-23,1392/09/02,1392,9,2,real_estate,انبوه سازی، املاک و مستغلات,4654922806626448,858.3,852.3,857.9,TSETMC
2013-11-24,1392/09/03,1392,9,3,real_estate,انبوه سازی، املاک و مستغلات,4654922806626448,863.0,857.9,861.3,TSETMC
2013-11-25,1392/09/04,1392,9,4,real_estate,انبوه سازی، املاک و مستغلات,4654922806626448,880.7,870.8,877.6,TSETMC
2013-11-26,1392/09/05,1392,9,5,real_estate,انبوه سازی، املاک و مستغلات,4654922806626448,882.7,873.9,873.9,TSETMC
2013-11-27,1392/09/06,1392,9,6,real_estate,انبوه سازی، املاک و مستغلات,4654922806626448,868.5,860.8,860.8,TSETMC
2013-11-30,1392/09/09,1392,9,9,real_estate,انبوه سازی، املاک و مستغلات,4654922806626448,881.2,867.4,880.2,TSETMC
2013-12-01,1392/09/10,1392,9,10,real_estate,انبوه سازی، املاک و مستغلات,4654922806626448,899.1,888.0,896.6,TSETMC
2013-12-02,1392/09/11,1392,9,11,real_estate,انبوه سازی، املاک و مستغلات,4654922806626448,913.7,908.4,912.3,TSETMC
2013-12-03,1392/09/12,1392,9,12,real_estate,انبوه سازی، املاک و مستغلات,4654922806626448,941.4,926.9,941.4,TSETMC
2013-12-04,1392/09/13,1392,9,13,real_estate,انبوه سازی، املاک و مستغلات,4654922806626448,973.8,960.1,971.7,TSETMC
2013-12-07,1392/09/16,1392,9,16,real_estate,انبوه سازی، املاک و مستغلات,4654922806626448,967.7,958.8,959.1,TSETMC
2013-12-08,1392/09/17,1392,9,17,real_estate,انبوه سازی، املاک و مستغلات,4654922806626448,980.8,961.1,985.7,TSETMC
2013-12-09,1392/09/18,1392,9,18,real_estate,انبوه سازی، املاک و مستغلات,4654922806626448,1026.9,1004.4,1021.2,TSETMC
2013-12-10,1392/09/19,1392,9,19,real_estate,انبوه سازی، املاک و مستغلات,4654922806626448,1059.5,1041.2,1059.2,TSETMC
2013-12-11,1392/09/20,1392,9,20,real_estate,انبوه سازی، املاک و مستغلات,4654922806626448,1097.5,1081.6,1097.5,TSETMC
2013-12-14,1392/09/23,1392,9,23,real_estate,انبوه سازی، املاک و مستغلات,4654922806626448,1126.8,1101.7,1126.8,TSETMC
2013-12-15,1392/09/24,1392,9,24,real_estate,انبوه سازی، املاک و مستغلات,4654922806626448,1164.4,1159.0,1164.4,TSETMC
2013-12-16,1392/09/25,1392,9,25,real_estate,انبوه سازی، املاک و مستغلات,4654922806626448,1205.9,1194.4,1197.2,TSETMC
2013-12-17,1392/09/26,1392,9,26,real_estate,انبوه سازی، املاک و مستغلات,4654922806626448,1177.3,1170.5,1170.6,TSETMC
2013-12-18,1392/09/27,1392,9,27,real_estate,انبوه سازی، املاک و مستغلات,4654922806626448,1195.2,1177.2,1192.1,TSETMC
2013-12-21,1392/09/30,1392,9,30,real_estate,انبوه سازی، املاک و مستغلات,4654922806626448,1207.0,1198.4,1199.0,TSETMC
2013-12-22,1392/10/01,1392,10,1,real_estate,انبوه سازی، املاک و مستغلات,4654922806626448,1189.6,1178.5,1178.8,TSETMC
2013-12-24,1392/10/03,1392,10,3,real_estate,انبوه سازی، املاک و مستغلات,4654922806626448,1179.7,1174.4,1179.7,TSETMC
2013-12-25,1392/10/04,1392,10,4,real_estate,انبوه سازی، املاک و مستغلات,4654922806626448,1184.3,1173.6,1173.6,TSETMC
2013-12-28,1392/10/07,1392,10,7,real_estate,انبوه سازی، املاک و مستغلات,4654922806626448,1195.5,1176.8,1191.3,TSETMC
2013-12-29,1392/10/08,1392,10,8,real_estate,انبوه سازی، املاک و مستغلات,4654922806626448,1219.2,1189.4,1219.2,TSETMC
2013-12-30,1392/10/09,1392,10,9,real_estate,انبوه سازی، املاک و مستغلات,4654922806626448,1251.6,1250.3,1249.6,TSETMC
2014-01-01,1392/10/11,1392,10,11,real_estate,انبوه سازی، املاک و مستغلات,4654922806626448,1309.6,1293.1,1266.7,TSETMC
2014-01-04,1392/10/14,1392,10,14,real_estate,انبوه سازی، املاک و مستغلات,4654922806626448,1296.6,1288.1,1289.1,TSETMC
2014-01-05,1392/10/15,1392,10,15,real_estate,انبوه سازی، املاک و مستغلات,4654922806626448,1278.2,1263.2,1263.2,TSETMC
2014-01-06,1392/10/16,1392,10,16,real_estate,انبوه سازی، املاک و مستغلات,4654922806626448,1244.6,1231.1,1240.8,TSETMC
2014-01-07,1392/10/17,1392,10,17,real_estate,انبوه سازی، املاک و مستغلات,4654922806626448,1250.6,1233.3,1233.4,TSETMC
2014-01-08,1392/10/18,1392,10,18,real_estate,انبوه سازی، املاک و مستغلات,4654922806626448,1273.8,1261.0,1266.8,TSETMC
2014-01-11,1392/10/21,1392,10,21,real_estate,انبوه سازی، املاک و مستغلات,4654922806626448,1259.0,1249.3,1249.3,TSETMC
2014-01-12,1392/10/22,1392,10,22,real_estate,انبوه سازی، املاک و مستغلات,4654922806626448,1229.9,1218.8,1218.8,TSETMC
2014-01-13,1392/10/23,1392,10,23,real_estate,انبوه سازی، املاک و مستغلات,4654922806626448,1191.7,1179.0,1180.1,TSETMC
2014-01-14,1392/10/24,1392,10,24,real_estate,انبوه سازی، املاک و مستغلات,4654922806626448,1179.0,1176.3,1142.0,TSETMC
2014-01-15,1392/10/25,1392,10,25,real_estate,انبوه سازی، املاک و مستغلات,4654922806626448,1114.6,1110.2,1111.7,TSETMC
2014-01-18,1392/10/28,1392,10,28,real_estate,انبوه سازی، املاک و مستغلات,4654922806626448,1111.6,1105.9,1105.9,TSETMC
2014-01-20,1392/10/30,1392,10,30,real_estate,انبوه سازی، املاک و مستغلات,4654922806626448,1104.3,1097.8,1097.9,TSETMC
2014-01-21,1392/11/01,1392,11,1,real_estate,انبوه سازی، املاک و مستغلات,4654922806626448,1096.1,1047.3,1047.3,TSETMC
2014-01-22,1392/11/02,1392,11,2,real_estate,انبوه سازی، املاک و مستغلات,4654922806626448,1035.7,1022.1,1022.1,TSETMC
2014-01-25,1392/11/05,1392,11,5,real_estate,انبوه سازی، املاک و مستغلات,4654922806626448,1017.6,1002.3,1002.3,TSETMC
2014-01-26,1392/11/06,1392,11,6,real_estate,انبوه سازی، املاک و مستغلات,4654922806626448,1001.6,985.9,985.9,TSETMC
2014-01-27,1392/11/07,1392,11,7,real_estate,انبوه سازی، املاک و مستغلات,4654922806626448,984.1,969.5,969.5,TSETMC
2014-01-28,1392/11/08,1392,11,8,real_estate,انبوه سازی، املاک و مستغلات,4654922806626448,984.2,953.7,955.7,TSETMC
2014-01-29,1392/11/09,1392,11,9,real_estate,انبوه سازی، املاک و مستغلات,4654922806626448,978.8,974.0,978.6,TSETMC
2014-02-01,1392/11/12,1392,11,12,real_estate,انبوه سازی، املاک و مستغلات,4654922806626448,1007.9,990.8,1007.9,TSETMC
2014-02-02,1392/11/13,1392,11,13,real_estate,انبوه سازی، املاک و مستغلات,4654922806626448,1018.8,990.0,990.0,TSETMC
2014-02-03,1392/11/14,1392,11,14,real_estate,انبوه سازی، املاک و مستغلات,4654922806626448,988.0,974.4,974.4,TSETMC
2014-02-04,1392/11/15,1392,11,15,real_estate,انبوه سازی، املاک و مستغلات,4654922806626448,967.7,952.5,952.5,TSETMC
2014-02-05,1392/11/16,1392,11,16,real_estate,انبوه سازی، املاک و مستغلات,4654922806626448,945.8,931.0,931.0,TSETMC
2014-02-08,1392/11/19,1392,11,19,real_estate,انبوه سازی، املاک و مستغلات,4654922806626448,928.4,917.0,917.0,TSETMC
2014-02-09,1392/11/20,1392,11,20,real_estate,انبوه سازی، املاک و مستغلات,4654922806626448,906.9,896.9,896.9,TSETMC
2014-02-10,1392/11/21,1392,11,21,real_estate,انبوه سازی، املاک و مستغلات,4654922806626448,884.4,871.0,871.0,TSETMC
2014-02-12,1392/11/23,1392,11,23,real_estate,انبوه سازی، املاک و مستغلات,4654922806626448,868.8,864.2,864.2,TSETMC
2014-02-15,1392/11/26,1392,11,26,real_estate,انبوه سازی، املاک و مستغلات,4654922806626448,859.0,851.6,859.0,TSETMC
2014-02-16,1392/11/27,1392,11,27,real_estate,انبوه سازی، املاک و مستغلات,4654922806626448,879.2,858.7,879.0,TSETMC
2014-02-17,1392/11/28,1392,11,28,real_estate,انبوه سازی، املاک و مستغلات,4654922806626448,907.6,897.8,905.0,TSETMC
2014-02-18,1392/11/29,1392,11,29,real_estate,انبوه سازی، املاک و مستغلات,4654922806626448,896.9,889.5,896.9,TSETMC
2014-02-19,1392/11/30,1392,11,30,real_estate,انبوه سازی، املاک و مستغلات,4654922806626448,925.6,909.8,925.5,TSETMC
2014-02-22,1392/12/03,1392,12,3,real_estate,انبوه سازی، املاک و مستغلات,4654922806626448,956.3,936.7,956.1,TSETMC
2014-02-23,1392/12/04,1392,12,4,real_estate,انبوه سازی، املاک و مستغلات,4654922806626448,972.7,965.3,965.3,TSETMC
2014-02-24,1392/12/05,1392,12,5,real_estate,انبوه سازی، املاک و مستغلات,4654922806626448,951.4,946.5,946.6,TSETMC
2014-02-25,1392/12/06,1392,12,6,real_estate,انبوه سازی، املاک و مستغلات,4654922806626448,943.7,935.9,935.9,TSETMC
2014-02-26,1392/12/07,1392,12,7,real_estate,انبوه سازی، املاک و مستغلات,4654922806626448,923.2,914.1,914.1,TSETMC
2014-03-01,1392/12/10,1392,12,10,real_estate,انبوه سازی، املاک و مستغلات,4654922806626448,918.6,912.1,912.5,TSETMC
2014-03-02,1392/12/11,1392,12,11,real_estate,انبوه سازی، املاک و مستغلات,4654922806626448,910.8,889.6,889.6,TSETMC
2014-03-03,1392/12/12,1392,12,12,real_estate,انبوه سازی، املاک و مستغلات,4654922806626448,884.3,871.5,871.5,TSETMC
2014-03-04,1392/12/13,1392,12,13,real_estate,انبوه سازی، املاک و مستغلات,4654922806626448,861.0,856.0,858.0,TSETMC
2014-03-05,1392/12/14,1392,12,14,real_estate,انبوه سازی، املاک و مستغلات,4654922806626448,884.2,865.3,884.2,TSETMC
2014-03-08,1392/12/17,1392,12,17,real_estate,انبوه سازی، املاک و مستغلات,4654922806626448,899.4,891.7,891.7,TSETMC
2014-03-09,1392/12/18,1392,12,18,real_estate,انبوه سازی، املاک و مستغلات,4654922806626448,884.9,870.9,870.9,TSETMC
2014-03-10,1392/12/19,1392,12,19,real_estate,انبوه سازی، املاک و مستغلات,4654922806626448,865.3,854.2,854.2,TSETMC
2014-03-11,1392/12/20,1392,12,20,real_estate,انبوه سازی، املاک و مستغلات,4654922806626448,847.2,833.4,833.4,TSETMC
2014-03-12,1392/12/21,1392,12,21,real_estate,انبوه سازی، املاک و مستغلات,4654922806626448,828.4,818.1,828.4,TSETMC
2014-03-15,1392/12/24,1392,12,24,real_estate,انبوه سازی، املاک و مستغلات,4654922806626448,852.5,835.9,851.8,TSETMC
2014-03-16,1392/12/25,1392,12,25,real_estate,انبوه سازی، املاک و مستغلات,4654922806626448,870.9,864.1,870.3,TSETMC
2014-03-17,1392/12/26,1392,12,26,real_estate,انبوه سازی، املاک و مستغلات,4654922806626448,893.6,885.3,893.6,TSETMC
2014-03-18,1392/12/27,1392,12,27,real_estate,انبوه سازی، املاک و مستغلات,4654922806626448,908.4,898.6,898.6,TSETMC
2014-03-19,1392/12/28,1392,12,28,real_estate,انبوه سازی، املاک و مستغلات,4654922806626448,899.0,896.9,897.0,TSETMC
2014-03-25,1393/01/05,1393,1,5,real_estate,انبوه سازی، املاک و مستغلات,4654922806626448,917.1,899.1,913.5,TSETMC
2014-03-26,1393/01/06,1393,1,6,real_estate,انبوه سازی، املاک و مستغلات,4654922806626448,912.1,894.5,894.5,TSETMC
2014-03-29,1393/01/09,1393,1,9,real_estate,انبوه سازی، املاک و مستغلات,4654922806626448,893.2,882.4,882.8,TSETMC
2014-03-30,1393/01/10,1393,1,10,real_estate,انبوه سازی، املاک و مستغلات,4654922806626448,897.8,883.1,897.8,TSETMC
2014-03-31,1393/01/11,1393,1,11,real_estate,انبوه سازی، املاک و مستغلات,4654922806626448,905.5,896.3,896.3,TSETMC
2014-04-05,1393/01/16,1393,1,16,real_estate,انبوه سازی، املاک و مستغلات,4654922806626448,897.7,888.8,888.8,TSETMC
2014-04-06,1393/01/17,1393,1,17,real_estate,انبوه سازی، املاک و مستغلات,4654922806626448,889.2,869.9,870.0,TSETMC
2014-04-07,1393/01/18,1393,1,18,real_estate,انبوه سازی، املاک و مستغلات,4654922806626448,872.5,871.0,872.1,TSETMC
2014-04-08,1393/01/19,1393,1,19,real_estate,انبوه سازی، املاک و مستغلات,4654922806626448,891.7,881.7,886.7,TSETMC
2014-04-09,1393/01/20,1393,1,20,real_estate,انبوه سازی، املاک و مستغلات,4654922806626448,886.2,869.7,869.7,TSETMC
2014-04-12,1393/01/23,1393,1,23,real_estate,انبوه سازی، املاک و مستغلات,4654922806626448,871.9,856.5,856.5,TSETMC
2014-04-13,1393/01/24,1393,1,24,real_estate,انبوه سازی، املاک و مستغلات,4654922806626448,851.7,834.4,834.4,TSETMC
2014-04-14,1393/01/25,1393,1,25,real_estate,انبوه سازی، املاک و مستغلات,4654922806626448,830.6,816.9,816.9,TSETMC
2014-04-15,1393/01/26,1393,1,26,real_estate,انبوه سازی، املاک و مستغلات,4654922806626448,824.6,817.6,824.6,TSETMC
2014-04-16,1393/01/27,1393,1,27,real_estate,انبوه سازی، املاک و مستغلات,4654922806626448,838.7,833.2,837.5,TSETMC
2014-04-19,1393/01/30,1393,1,30,real_estate,انبوه سازی، املاک و مستغلات,4654922806626448,831.3,821.0,821.3,TSETMC
2014-04-20,1393/01/31,1393,1,31,real_estate,انبوه سازی، املاک و مستغلات,4654922806626448,828.0,827.3,827.6,TSETMC
2014-04-21,1393/02/01,1393,2,1,real_estate,انبوه سازی، املاک و مستغلات,4654922806626448,842.9,836.2,836.6,TSETMC
2014-04-22,1393/02/02,1393,2,2,real_estate,انبوه سازی، املاک و مستغلات,4654922806626448,836.1,819.8,819.8,TSETMC
2014-04-23,1393/02/03,1393,2,3,real_estate,انبوه سازی، املاک و مستغلات,4654922806626448,820.9,812.7,820.1,TSETMC
2014-04-26,1393/02/06,1393,2,6,real_estate,انبوه سازی، املاک و مستغلات,4654922806626448,843.8,834.8,843.8,TSETMC
2014-04-27,1393/02/07,1393,2,7,real_estate,انبوه سازی، املاک و مستغلات,4654922806626448,864.3,850.6,850.6,TSETMC
2014-04-28,1393/02/08,1393,2,8,real_estate,انبوه سازی، املاک و مستغلات,4654922806626448,846.7,840.7,842.3,TSETMC
2014-04-29,1393/02/09,1393,2,9,real_estate,انبوه سازی، املاک و مستغلات,4654922806626448,854.3,842.3,842.3,TSETMC
2014-04-30,1393/02/10,1393,2,10,real_estate,انبوه سازی، املاک و مستغلات,4654922806626448,840.1,827.1,827.1,TSETMC
2014-05-03,1393/02/13,1393,2,13,real_estate,انبوه سازی، املاک و مستغلات,4654922806626448,827.4,811.8,812.2,TSETMC
2014-05-04,1393/02/14,1393,2,14,real_estate,انبوه سازی، املاک و مستغلات,4654922806626448,809.9,795.8,796.5,TSETMC
2014-05-05,1393/02/15,1393,2,15,real_estate,انبوه سازی، املاک و مستغلات,4654922806626448,799.3,791.5,791.5,TSETMC
2014-05-06,1393/02/16,1393,2,16,real_estate,انبوه سازی، املاک و مستغلات,4654922806626448,792.2,776.7,776.7,TSETMC
2014-05-07,1393/02/17,1393,2,17,real_estate,انبوه سازی، املاک و مستغلات,4654922806626448,780.1,773.8,779.3,TSETMC
2014-05-10,1393/02/20,1393,2,20,real_estate,انبوه سازی، املاک و مستغلات,4654922806626448,779.9,768.3,768.3,TSETMC
2014-05-11,1393/02/21,1393,2,21,real_estate,انبوه سازی، املاک و مستغلات,4654922806626448,767.5,762.2,762.2,TSETMC
2014-05-12,1393/02/22,1393,2,22,real_estate,انبوه سازی، املاک و مستغلات,4654922806626448,763.9,759.9,759.9,TSETMC
2014-05-14,1393/02/24,1393,2,24,real_estate,انبوه سازی، املاک و مستغلات,4654922806626448,764.4,759.4,761.3,TSETMC
2014-05-17,1393/02/27,1393,2,27,real_estate,انبوه سازی، املاک و مستغلات,4654922806626448,757.3,742.9,743.4,TSETMC
2014-05-18,1393/02/28,1393,2,28,real_estate,انبوه سازی، املاک و مستغلات,4654922806626448,753.6,743.1,753.6,TSETMC
2014-05-19,1393/02/29,1393,2,29,real_estate,انبوه سازی، املاک و مستغلات,4654922806626448,752.2,737.9,737.9,TSETMC
2014-05-20,1393/02/30,1393,2,30,real_estate,انبوه سازی، املاک و مستغلات,4654922806626448,741.2,739.8,739.9,TSETMC
2014-05-21,1393/02/31,1393,2,31,real_estate,انبوه سازی، املاک و مستغلات,4654922806626448,745.9,738.8,745.9,TSETMC
2014-05-24,1393/03/03,1393,3,3,real_estate,انبوه سازی، املاک و مستغلات,4654922806626448,755.3,753.8,754.6,TSETMC
2014-05-25,1393/03/04,1393,3,4,real_estate,انبوه سازی، املاک و مستغلات,4654922806626448,757.9,751.6,751.7,TSETMC
2014-05-26,1393/03/05,1393,3,5,real_estate,انبوه سازی، املاک و مستغلات,4654922806626448,750.2,743.0,743.0,TSETMC
2014-05-28,1393/03/07,1393,3,7,real_estate,انبوه سازی، املاک و مستغلات,4654922806626448,742.4,738.5,741.3,TSETMC
2014-05-31,1393/03/10,1393,3,10,real_estate,انبوه سازی، املاک و مستغلات,4654922806626448,748.0,743.1,747.2,TSETMC
2014-06-01,1393/03/11,1393,3,11,real_estate,انبوه سازی، املاک و مستغلات,4654922806626448,746.3,728.8,729.4,TSETMC
2014-06-02,1393/03/12,1393,3,12,real_estate,انبوه سازی، املاک و مستغلات,4654922806626448,733.5,729.3,733.5,TSETMC
2014-06-03,1393/03/13,1393,3,13,real_estate,انبوه سازی، املاک و مستغلات,4654922806626448,739.0,734.2,739.0,TSETMC
2014-06-07,1393/03/17,1393,3,17,real_estate,انبوه سازی، املاک و مستغلات,4654922806626448,739.7,728.7,728.7,TSETMC
2014-06-08,1393/03/18,1393,3,18,real_estate,انبوه سازی، املاک و مستغلات,4654922806626448,730.1,728.3,728.3,TSETMC
2014-06-09,1393/03/19,1393,3,19,real_estate,انبوه سازی، املاک و مستغلات,4654922806626448,727.8,717.8,717.8,TSETMC
2014-06-10,1393/03/20,1393,3,20,real_estate,انبوه سازی، املاک و مستغلات,4654922806626448,717.0,707.9,707.9,TSETMC
2014-06-11,1393/03/21,1393,3,21,real_estate,انبوه سازی، املاک و مستغلات,4654922806626448,708.7,706.3,706.3,TSETMC
2014-06-14,1393/03/24,1393,3,24,real_estate,انبوه سازی، املاک و مستغلات,4654922806626448,705.5,693.5,693.5,TSETMC
2014-06-15,1393/03/25,1393,3,25,real_estate,انبوه سازی، املاک و مستغلات,4654922806626448,692.2,683.9,683.9,TSETMC
2014-06-16,1393/03/26,1393,3,26,real_estate,انبوه سازی، املاک و مستغلات,4654922806626448,693.8,692.8,693.6,TSETMC
2014-06-17,1393/03/27,1393,3,27,real_estate,انبوه سازی، املاک و مستغلات,4654922806626448,698.4,692.3,692.3,TSETMC
2014-06-18,1393/03/28,1393,3,28,real_estate,انبوه سازی، املاک و مستغلات,4654922806626448,703.7,695.8,703.7,TSETMC
2014-06-21,1393/03/31,1393,3,31,real_estate,انبوه سازی، املاک و مستغلات,4654922806626448,706.6,701.1,701.1,TSETMC
2014-06-22,1393/04/01,1393,4,1,real_estate,انبوه سازی، املاک و مستغلات,4654922806626448,700.8,684.9,684.9,TSETMC
2014-06-23,1393/04/02,1393,4,2,real_estate,انبوه سازی، املاک و مستغلات,4654922806626448,684.8,674.6,674.6,TSETMC
2014-06-24,1393/04/03,1393,4,3,real_estate,انبوه سازی، املاک و مستغلات,4654922806626448,674.3,659.7,659.7,TSETMC
2014-06-25,1393/04/04,1393,4,4,real_estate,انبوه سازی، املاک و مستغلات,4654922806626448,660.0,653.3,653.3,TSETMC
2014-06-28,1393/04/07,1393,4,7,real_estate,انبوه سازی، املاک و مستغلات,4654922806626448,652.4,641.6,641.6,TSETMC
2014-06-29,1393/04/08,1393,4,8,real_estate,انبوه سازی، املاک و مستغلات,4654922806626448,640.6,633.6,633.6,TSETMC
2014-06-30,1393/04/09,1393,4,9,real_estate,انبوه سازی، املاک و مستغلات,4654922806626448,628.8,623.9,623.9,TSETMC
2014-07-01,1393/04/10,1393,4,10,real_estate,انبوه سازی، املاک و مستغلات,4654922806626448,631.9,624.2,631.9,TSETMC
2014-07-02,1393/04/11,1393,4,11,real_estate,انبوه سازی، املاک و مستغلات,4654922806626448,645.4,640.6,645.4,TSETMC
2014-07-05,1393/04/14,1393,4,14,real_estate,انبوه سازی، املاک و مستغلات,4654922806626448,657.4,651.2,657.4,TSETMC
2014-07-06,1393/04/15,1393,4,15,real_estate,انبوه سازی، املاک و مستغلات,4654922806626448,660.3,654.1,654.1,TSETMC
2014-07-07,1393/04/16,1393,4,16,real_estate,انبوه سازی، املاک و مستغلات,4654922806626448,650.5,649.2,649.6,TSETMC
2014-07-08,1393/04/17,1393,4,17,real_estate,انبوه سازی، املاک و مستغلات,4654922806626448,667.4,653.4,667.4,TSETMC
2014-07-09,1393/04/18,1393,4,18,real_estate,انبوه سازی، املاک و مستغلات,4654922806626448,670.7,667.5,668.0,TSETMC
2014-07-12,1393/04/21,1393,4,21,real_estate,انبوه سازی، املاک و مستغلات,4654922806626448,668.8,663.9,663.9,TSETMC
2014-07-13,1393/04/22,1393,4,22,real_estate,انبوه سازی، املاک و مستغلات,4654922806626448,663.9,649.1,649.1,TSETMC
2014-07-14,1393/04/23,1393,4,23,real_estate,انبوه سازی، املاک و مستغلات,4654922806626448,651.3,648.9,650.8,TSETMC
2014-07-15,1393/04/24,1393,4,24,real_estate,انبوه سازی، املاک و مستغلات,4654922806626448,651.8,648.7,648.7,TSETMC
2014-07-16,1393/04/25,1393,4,25,real_estate,انبوه سازی، املاک و مستغلات,4654922806626448,654.4,648.5,654.4,TSETMC
2014-07-20,1393/04/29,1393,4,29,real_estate,انبوه سازی، املاک و مستغلات,4654922806626448,656.6,654.0,654.5,TSETMC
2014-07-21,1393/04/30,1393,4,30,real_estate,انبوه سازی، املاک و مستغلات,4654922806626448,671.1,658.3,671.1,TSETMC
2014-07-22,1393/04/31,1393,4,31,real_estate,انبوه سازی، املاک و مستغلات,4654922806626448,686.7,677.1,686.7,TSETMC
2014-07-23,1393/05/01,1393,5,1,real_estate,انبوه سازی، املاک و مستغلات,4654922806626448,699.9,695.8,698.5,TSETMC
2014-07-26,1393/05/04,1393,5,4,real_estate,انبوه سازی، املاک و مستغلات,4654922806626448,692.2,687.1,687.1,TSETMC
2014-07-27,1393/05/05,1393,5,5,real_estate,انبوه سازی، املاک و مستغلات,4654922806626448,694.9,689.8,694.9,TSETMC
2014-07-28,1393/05/06,1393,5,6,real_estate,انبوه سازی، املاک و مستغلات,4654922806626448,710.1,700.3,708.7,TSETMC
2014-08-02,1393/05/11,1393,5,11,real_estate,انبوه سازی، املاک و مستغلات,4654922806626448,712.0,698.9,698.9,TSETMC
2014-08-03,1393/05/12,1393,5,12,real_estate,انبوه سازی، املاک و مستغلات,4654922806626448,698.0,690.5,690.5,TSETMC
2014-08-04,1393/05/13,1393,5,13,real_estate,انبوه سازی، املاک و مستغلات,4654922806626448,693.6,690.9,690.9,TSETMC
2014-08-05,1393/05/14,1393,5,14,real_estate,انبوه سازی، املاک و مستغلات,4654922806626448,696.6,690.9,695.0,TSETMC
2014-08-06,1393/05/15,1393,5,15,real_estate,انبوه سازی، املاک و مستغلات,4654922806626448,696.7,693.2,693.5,TSETMC
2014-08-09,1393/05/18,1393,5,18,real_estate,انبوه سازی، املاک و مستغلات,4654922806626448,694.8,691.3,691.3,TSETMC
2014-08-10,1393/05/19,1393,5,19,real_estate,انبوه سازی، املاک و مستغلات,4654922806626448,691.0,681.8,681.8,TSETMC
2014-08-11,1393/05/20,1393,5,20,real_estate,انبوه سازی، املاک و مستغلات,4654922806626448,695.2,687.4,695.2,TSETMC
2014-08-12,1393/05/21,1393,5,21,real_estate,انبوه سازی، املاک و مستغلات,4654922806626448,714.3,703.1,714.0,TSETMC
2014-08-13,1393/05/22,1393,5,22,real_estate,انبوه سازی، املاک و مستغلات,4654922806626448,719.7,714.0,718.3,TSETMC
2014-08-16,1393/05/25,1393,5,25,real_estate,انبوه سازی، املاک و مستغلات,4654922806626448,721.3,717.8,717.8,TSETMC
2014-08-17,1393/05/26,1393,5,26,real_estate,انبوه سازی، املاک و مستغلات,4654922806626448,717.0,711.5,711.5,TSETMC
2014-08-18,1393/05/27,1393,5,27,real_estate,انبوه سازی، املاک و مستغلات,4654922806626448,713.9,712.4,713.4,TSETMC
2014-08-19,1393/05/28,1393,5,28,real_estate,انبوه سازی، املاک و مستغلات,4654922806626448,720.4,716.8,719.5,TSETMC
2014-08-20,1393/05/29,1393,5,29,real_estate,انبوه سازی، املاک و مستغلات,4654922806626448,720.8,713.4,713.4,TSETMC
2014-08-23,1393/06/01,1393,6,1,real_estate,انبوه سازی، املاک و مستغلات,4654922806626448,712.8,709.1,709.1,TSETMC
2014-08-24,1393/06/02,1393,6,2,real_estate,انبوه سازی، املاک و مستغلات,4654922806626448,709.3,698.2,698.2,TSETMC
2014-08-25,1393/06/03,1393,6,3,real_estate,انبوه سازی، املاک و مستغلات,4654922806626448,699.4,697.0,697.1,TSETMC
2014-08-26,1393/06/04,1393,6,4,real_estate,انبوه سازی، املاک و مستغلات,4654922806626448,699.4,697.1,699.0,TSETMC
2014-08-27,1393/06/05,1393,6,5,real_estate,انبوه سازی، املاک و مستغلات,4654922806626448,701.2,697.4,698.8,TSETMC
2014-08-30,1393/06/08,1393,6,8,real_estate,انبوه سازی، املاک و مستغلات,4654922806626448,698.2,693.4,693.4,TSETMC
2014-08-31,1393/06/09,1393,6,9,real_estate,انبوه سازی، املاک و مستغلات,4654922806626448,692.6,692.1,692.6,TSETMC
2014-09-01,1393/06/10,1393,6,10,real_estate,انبوه سازی، املاک و مستغلات,4654922806626448,696.5,693.8,696.5,TSETMC
2014-09-02,1393/06/11,1393,6,11,real_estate,انبوه سازی، املاک و مستغلات,4654922806626448,697.4,695.9,695.9,TSETMC
2014-09-03,1393/06/12,1393,6,12,real_estate,انبوه سازی، املاک و مستغلات,4654922806626448,696.0,691.6,691.6,TSETMC
2014-09-06,1393/06/15,1393,6,15,real_estate,انبوه سازی، املاک و مستغلات,4654922806626448,690.7,681.9,681.9,TSETMC
2014-09-07,1393/06/16,1393,6,16,real_estate,انبوه سازی، املاک و مستغلات,4654922806626448,680.3,674.3,678.2,TSETMC
2014-09-08,1393/06/17,1393,6,17,real_estate,انبوه سازی، املاک و مستغلات,4654922806626448,679.3,674.9,674.9,TSETMC
2014-09-09,1393/06/18,1393,6,18,real_estate,انبوه سازی، املاک و مستغلات,4654922806626448,678.9,676.3,676.3,TSETMC
2014-09-10,1393/06/19,1393,6,19,real_estate,انبوه سازی، املاک و مستغلات,4654922806626448,677.5,668.8,668.8,TSETMC
2014-09-13,1393/06/22,1393,6,22,real_estate,انبوه سازی، املاک و مستغلات,4654922806626448,669.8,656.3,656.3,TSETMC
2014-09-14,1393/06/23,1393,6,23,real_estate,انبوه سازی، املاک و مستغلات,4654922806626448,655.3,652.3,652.3,TSETMC
2014-09-15,1393/06/24,1393,6,24,real_estate,انبوه سازی، املاک و مستغلات,4654922806626448,653.7,652.7,653.4,TSETMC
2014-09-16,1393/06/25,1393,6,25,real_estate,انبوه سازی، املاک و مستغلات,4654922806626448,653.4,645.4,645.4,TSETMC
2014-09-17,1393/06/26,1393,6,26,real_estate,انبوه سازی، املاک و مستغلات,4654922806626448,645.3,642.8,642.8,TSETMC
2014-09-20,1393/06/29,1393,6,29,real_estate,انبوه سازی، املاک و مستغلات,4654922806626448,650.1,642.7,650.1,TSETMC
2014-09-21,1393/06/30,1393,6,30,real_estate,انبوه سازی، املاک و مستغلات,4654922806626448,654.2,650.6,654.2,TSETMC
2014-09-22,1393/06/31,1393,6,31,real_estate,انبوه سازی، املاک و مستغلات,4654922806626448,654.4,652.2,652.8,TSETMC
2014-09-23,1393/07/01,1393,7,1,real_estate,انبوه سازی، املاک و مستغلات,4654922806626448,659.6,652.8,659.6,TSETMC
2014-09-24,1393/07/02,1393,7,2,real_estate,انبوه سازی، املاک و مستغلات,4654922806626448,674.6,668.6,674.6,TSETMC
2014-09-27,1393/07/05,1393,7,5,real_estate,انبوه سازی، املاک و مستغلات,4654922806626448,680.8,676.7,676.8,TSETMC
2014-09-28,1393/07/06,1393,7,6,real_estate,انبوه سازی، املاک و مستغلات,4654922806626448,692.6,681.7,692.6,TSETMC
2014-09-29,1393/07/07,1393,7,7,real_estate,انبوه سازی، املاک و مستغلات,4654922806626448,703.0,701.0,701.0,TSETMC
2014-09-30,1393/07/08,1393,7,8,real_estate,انبوه سازی، املاک و مستغلات,4654922806626448,706.5,702.4,702.4,TSETMC
2014-10-01,1393/07/09,1393,7,9,real_estate,انبوه سازی، املاک و مستغلات,4654922806626448,704.7,700.1,703.7,TSETMC
2014-10-04,1393/07/12,1393,7,12,real_estate,انبوه سازی، املاک و مستغلات,4654922806626448,709.0,704.3,704.3,TSETMC
2014-10-06,1393/07/14,1393,7,14,real_estate,انبوه سازی، املاک و مستغلات,4654922806626448,707.7,704.1,707.7,TSETMC
2014-10-07,1393/07/15,1393,7,15,real_estate,انبوه سازی، املاک و مستغلات,4654922806626448,707.8,702.6,702.6,TSETMC
2014-10-08,1393/07/16,1393,7,16,real_estate,انبوه سازی، املاک و مستغلات,4654922806626448,707.5,703.4,707.5,TSETMC
2014-10-11,1393/07/19,1393,7,19,real_estate,انبوه سازی، املاک و مستغلات,4654922806626448,722.9,716.1,722.9,TSETMC
2014-10-12,1393/07/20,1393,7,20,real_estate,انبوه سازی، املاک و مستغلات,4654922806626448,740.8,736.5,740.8,TSETMC
2014-10-14,1393/07/22,1393,7,22,real_estate,انبوه سازی، املاک و مستغلات,4654922806626448,750.3,748.3,749.7,TSETMC
2014-10-15,1393/07/23,1393,7,23,real_estate,انبوه سازی، املاک و مستغلات,4654922806626448,756.1,752.8,752.8,TSETMC
2014-10-18,1393/07/26,1393,7,26,real_estate,انبوه سازی، املاک و مستغلات,4654922806626448,760.3,756.1,760.3,TSETMC
2014-10-19,1393/07/27,1393,7,27,real_estate,انبوه سازی، املاک و مستغلات,4654922806626448,783.4,777.0,783.4,TSETMC
2014-10-20,1393/07/28,1393,7,28,real_estate,انبوه سازی، املاک و مستغلات,4654922806626448,806.1,801.9,805.9,TSETMC
2014-10-21,1393/07/29,1393,7,29,real_estate,انبوه سازی، املاک و مستغلات,4654922806626448,813.2,806.5,806.5,TSETMC
2014-10-22,1393/07/30,1393,7,30,real_estate,انبوه سازی، املاک و مستغلات,4654922806626448,808.5,799.9,803.9,TSETMC
2014-10-25,1393/08/03,1393,8,3,real_estate,انبوه سازی، املاک و مستغلات,4654922806626448,826.3,805.6,825.3,TSETMC
2014-10-26,1393/08/04,1393,8,4,real_estate,انبوه سازی، املاک و مستغلات,4654922806626448,840.4,832.2,832.2,TSETMC
2014-10-27,1393/08/05,1393,8,5,real_estate,انبوه سازی، املاک و مستغلات,4654922806626448,848.9,834.4,847.5,TSETMC
2014-10-28,1393/08/06,1393,8,6,real_estate,انبوه سازی، املاک و مستغلات,4654922806626448,860.5,853.3,855.7,TSETMC
2014-10-29,1393/08/07,1393,8,7,real_estate,انبوه سازی، املاک و مستغلات,4654922806626448,864.6,858.9,863.1,TSETMC
2014-11-01,1393/08/10,1393,8,10,real_estate,انبوه سازی، املاک و مستغلات,4654922806626448,880.2,866.7,874.9,TSETMC
2014-11-02,1393/08/11,1393,8,11,real_estate,انبوه سازی، املاک و مستغلات,4654922806626448,887.2,873.0,887.2,TSETMC
2014-11-05,1393/08/14,1393,8,14,real_estate,انبوه سازی، املاک و مستغلات,4654922806626448,912.9,901.4,912.9,TSETMC
2014-11-08,1393/08/17,1393,8,17,real_estate,انبوه سازی، املاک و مستغلات,4654922806626448,930.8,919.9,919.9,TSETMC
2014-11-09,1393/08/18,1393,8,18,real_estate,انبوه سازی، املاک و مستغلات,4654922806626448,916.9,908.8,908.8,TSETMC
2014-11-10,1393/08/19,1393,8,19,real_estate,انبوه سازی، املاک و مستغلات,4654922806626448,913.9,904.7,904.9,TSETMC
2014-11-11,1393/08/20,1393,8,20,real_estate,انبوه سازی، املاک و مستغلات,4654922806626448,930.2,919.3,930.2,TSETMC
2014-11-12,1393/08/21,1393,8,21,real_estate,انبوه سازی، املاک و مستغلات,4654922806626448,957.3,946.7,955.0,TSETMC
2014-11-15,1393/08/24,1393,8,24,real_estate,انبوه سازی، املاک و مستغلات,4654922806626448,953.1,940.3,953.1,TSETMC
2014-11-16,1393/08/25,1393,8,25,real_estate,انبوه سازی، املاک و مستغلات,4654922806626448,980.7,969.9,977.8,TSETMC
2014-11-17,1393/08/26,1393,8,26,real_estate,انبوه سازی، املاک و مستغلات,4654922806626448,992.6,986.3,986.3,TSETMC
2014-11-18,1393/08/27,1393,8,27,real_estate,انبوه سازی، املاک و مستغلات,4654922806626448,991.1,982.4,984.5,TSETMC
2014-11-19,1393/08/28,1393,8,28,real_estate,انبوه سازی، املاک و مستغلات,4654922806626448,988.3,982.3,986.3,TSETMC
2014-11-22,1393/09/01,1393,9,1,real_estate,انبوه سازی، املاک و مستغلات,4654922806626448,1003.9,992.8,1003.2,TSETMC
2014-11-23,1393/09/02,1393,9,2,real_estate,انبوه سازی، املاک و مستغلات,4654922806626448,1013.8,1008.3,1008.3,TSETMC
2014-11-24,1393/09/03,1393,9,3,real_estate,انبوه سازی، املاک و مستغلات,4654922806626448,1024.9,1014.7,1021.1,TSETMC
2014-11-25,1393/09/04,1393,9,4,real_estate,انبوه سازی، املاک و مستغلات,4654922806626448,1008.5,1005.7,1005.7,TSETMC
2014-11-26,1393/09/05,1393,9,5,real_estate,انبوه سازی، املاک و مستغلات,4654922806626448,999.2,996.5,996.5,TSETMC
2014-11-29,1393/09/08,1393,9,8,real_estate,انبوه سازی، املاک و مستغلات,4654922806626448,1019.8,1003.0,1003.0,TSETMC
2014-11-30,1393/09/09,1393,9,9,real_estate,انبوه سازی، املاک و مستغلات,4654922806626448,981.7,976.3,976.8,TSETMC
2014-12-01,1393/09/10,1393,9,10,real_estate,انبوه سازی، املاک و مستغلات,4654922806626448,964.5,959.9,961.5,TSETMC
2014-12-02,1393/09/11,1393,9,11,real_estate,انبوه سازی، املاک و مستغلات,4654922806626448,964.7,954.9,955.8,TSETMC
2014-12-03,1393/09/12,1393,9,12,real_estate,انبوه سازی، املاک و مستغلات,4654922806626448,954.8,947.1,947.1,TSETMC
2014-12-06,1393/09/15,1393,9,15,real_estate,انبوه سازی، املاک و مستغلات,4654922806626448,950.9,938.5,938.5,TSETMC
2014-12-07,1393/09/16,1393,9,16,real_estate,انبوه سازی، املاک و مستغلات,4654922806626448,938.2,925.1,925.1,TSETMC
2014-12-08,1393/09/17,1393,9,17,real_estate,انبوه سازی، املاک و مستغلات,4654922806626448,937.6,925.7,937.6,TSETMC
2014-12-09,1393/09/18,1393,9,18,real_estate,انبوه سازی، املاک و مستغلات,4654922806626448,937.5,932.2,937.4,TSETMC
2014-12-10,1393/09/19,1393,9,19,real_estate,انبوه سازی، املاک و مستغلات,4654922806626448,939.5,936.1,937.3,TSETMC
2014-12-14,1393/09/23,1393,9,23,real_estate,انبوه سازی، املاک و مستغلات,4654922806626448,937.1,925.4,925.4,TSETMC
2014-12-15,1393/09/24,1393,9,24,real_estate,انبوه سازی، املاک و مستغلات,4654922806626448,921.2,908.6,910.3,TSETMC
2014-12-16,1393/09/25,1393,9,25,real_estate,انبوه سازی، املاک و مستغلات,4654922806626448,921.9,914.4,921.3,TSETMC
2014-12-17,1393/09/26,1393,9,26,real_estate,انبوه سازی، املاک و مستغلات,4654922806626448,921.5,909.0,910.5,TSETMC
2014-12-20,1393/09/29,1393,9,29,real_estate,انبوه سازی، املاک و مستغلات,4654922806626448,903.1,893.9,903.1,TSETMC
2014-12-22,1393/10/01,1393,10,1,real_estate,انبوه سازی، املاک و مستغلات,4654922806626448,916.1,897.4,897.4,TSETMC
2014-12-24,1393/10/03,1393,10,3,real_estate,انبوه سازی، املاک و مستغلات,4654922806626448,895.7,879.8,879.8,TSETMC
2014-12-27,1393/10/06,1393,10,6,real_estate,انبوه سازی، املاک و مستغلات,4654922806626448,878.0,869.0,878.0,TSETMC
2014-12-28,1393/10/07,1393,10,7,real_estate,انبوه سازی، املاک و مستغلات,4654922806626448,894.6,889.8,894.6,TSETMC
2014-12-29,1393/10/08,1393,10,8,real_estate,انبوه سازی، املاک و مستغلات,4654922806626448,905.2,897.7,897.7,TSETMC
2014-12-30,1393/10/09,1393,10,9,real_estate,انبوه سازی، املاک و مستغلات,4654922806626448,898.4,888.4,888.4,TSETMC
2014-12-31,1393/10/10,1393,10,10,real_estate,انبوه سازی، املاک و مستغلات,4654922806626448,880.2,869.5,870.0,TSETMC
2015-01-03,1393/10/13,1393,10,13,real_estate,انبوه سازی، املاک و مستغلات,4654922806626448,867.6,860.0,860.0,TSETMC
2015-01-04,1393/10/14,1393,10,14,real_estate,انبوه سازی، املاک و مستغلات,4654922806626448,861.1,853.6,853.6,TSETMC
2015-01-05,1393/10/15,1393,10,15,real_estate,انبوه سازی، املاک و مستغلات,4654922806626448,850.8,835.1,835.1,TSETMC
2015-01-06,1393/10/16,1393,10,16,real_estate,انبوه سازی، املاک و مستغلات,4654922806626448,829.8,815.3,815.3,TSETMC
2015-01-07,1393/10/17,1393,10,17,real_estate,انبوه سازی، املاک و مستغلات,4654922806626448,811.1,805.0,805.0,TSETMC
2015-01-10,1393/10/20,1393,10,20,real_estate,انبوه سازی، املاک و مستغلات,4654922806626448,802.4,787.6,787.6,TSETMC
2015-01-11,1393/10/21,1393,10,21,real_estate,انبوه سازی، املاک و مستغلات,4654922806626448,780.8,772.6,773.5,TSETMC
2015-01-12,1393/10/22,1393,10,22,real_estate,انبوه سازی، املاک و مستغلات,4654922806626448,789.2,782.0,789.2,TSETMC
2015-01-13,1393/10/23,1393,10,23,real_estate,انبوه سازی، املاک و مستغلات,4654922806626448,799.4,792.1,792.1,TSETMC
2015-01-14,1393/10/24,1393,10,24,real_estate,انبوه سازی، املاک و مستغلات,4654922806626448,799.5,793.7,794.4,TSETMC
2015-01-17,1393/10/27,1393,10,27,real_estate,انبوه سازی، املاک و مستغلات,4654922806626448,800.6,797.0,799.7,TSETMC
2015-01-18,1393/10/28,1393,10,28,real_estate,انبوه سازی، املاک و مستغلات,4654922806626448,798.1,791.1,791.1,TSETMC
2015-01-19,1393/10/29,1393,10,29,real_estate,انبوه سازی، املاک و مستغلات,4654922806626448,793.9,788.4,789.0,TSETMC
2015-01-20,1393/10/30,1393,10,30,real_estate,انبوه سازی، املاک و مستغلات,4654922806626448,790.9,785.4,785.4,TSETMC
2015-01-21,1393/11/01,1393,11,1,real_estate,انبوه سازی، املاک و مستغلات,4654922806626448,781.4,775.1,775.1,TSETMC
2015-01-24,1393/11/04,1393,11,4,real_estate,انبوه سازی، املاک و مستغلات,4654922806626448,774.8,769.2,769.3,TSETMC
2015-01-25,1393/11/05,1393,11,5,real_estate,انبوه سازی، املاک و مستغلات,4654922806626448,774.0,763.0,763.0,TSETMC
2015-01-26,1393/11/06,1393,11,6,real_estate,انبوه سازی، املاک و مستغلات,4654922806626448,759.3,755.5,756.2,TSETMC
2015-01-27,1393/11/07,1393,11,7,real_estate,انبوه سازی، املاک و مستغلات,4654922806626448,770.8,756.4,770.8,TSETMC
2015-01-28,1393/11/08,1393,11,8,real_estate,انبوه سازی، املاک و مستغلات,4654922806626448,788.8,774.7,788.4,TSETMC
2015-01-31,1393/11/11,1393,11,11,real_estate,انبوه سازی، املاک و مستغلات,4654922806626448,811.5,795.6,811.5,TSETMC
2015-02-01,1393/11/12,1393,11,12,real_estate,انبوه سازی، املاک و مستغلات,4654922806626448,813.9,806.3,806.3,TSETMC
2015-02-02,1393/11/13,1393,11,13,real_estate,انبوه سازی، املاک و مستغلات,4654922806626448,817.8,805.8,817.1,TSETMC
2015-02-03,1393/11/14,1393,11,14,real_estate,انبوه سازی، املاک و مستغلات,4654922806626448,839.0,832.1,838.6,TSETMC
2015-02-04,1393/11/15,1393,11,15,real_estate,انبوه سازی، املاک و مستغلات,4654922806626448,862.7,857.2,859.4,TSETMC
2015-02-07,1393/11/18,1393,11,18,real_estate,انبوه سازی، املاک و مستغلات,4654922806626448,865.9,855.6,855.5,TSETMC
2015-02-08,1393/11/19,1393,11,19,real_estate,انبوه سازی، املاک و مستغلات,4654922806626448,848.0,835.5,835.5,TSETMC
2015-02-09,1393/11/20,1393,11,20,real_estate,انبوه سازی، املاک و مستغلات,4654922806626448,833.8,812.1,812.3,TSETMC
2015-02-10,1393/11/21,1393,11,21,real_estate,انبوه سازی، املاک و مستغلات,4654922806626448,813.4,804.9,813.4,TSETMC
2015-02-14,1393/11/25,1393,11,25,real_estate,انبوه سازی، املاک و مستغلات,4654922806626448,825.7,819.8,823.0,TSETMC
2015-02-15,1393/11/26,1393,11,26,real_estate,انبوه سازی، املاک و مستغلات,4654922806626448,833.3,820.1,833.3,TSETMC
2015-02-16,1393/11/27,1393,11,27,real_estate,انبوه سازی، املاک و مستغلات,4654922806626448,844.6,840.9,844.6,TSETMC
2015-02-17,1393/11/28,1393,11,28,real_estate,انبوه سازی، املاک و مستغلات,4654922806626448,842.3,832.3,837.7,TSETMC
2015-02-18,1393/11/29,1393,11,29,real_estate,انبوه سازی، املاک و مستغلات,4654922806626448,849.1,845.6,846.6,TSETMC
2015-02-21,1393/12/02,1393,12,2,real_estate,انبوه سازی، املاک و مستغلات,4654922806626448,847.9,833.2,833.2,TSETMC
2015-02-22,1393/12/03,1393,12,3,real_estate,انبوه سازی، املاک و مستغلات,4654922806626448,834.4,825.7,833.3,TSETMC
2015-02-23,1393/12/04,1393,12,4,real_estate,انبوه سازی، املاک و مستغلات,4654922806626448,833.7,818.1,818.1,TSETMC
2015-02-24,1393/12/05,1393,12,5,real_estate,انبوه سازی، املاک و مستغلات,4654922806626448,816.6,810.1,810.1,TSETMC
2015-02-25,1393/12/06,1393,12,6,real_estate,انبوه سازی، املاک و مستغلات,4654922806626448,807.8,805.0,807.6,TSETMC
2015-02-28,1393/12/09,1393,12,9,real_estate,انبوه سازی، املاک و مستغلات,4654922806626448,828.9,819.1,827.4,TSETMC
2015-03-01,1393/12/10,1393,12,10,real_estate,انبوه سازی، املاک و مستغلات,4654922806626448,834.5,832.6,833.2,TSETMC
2015-03-02,1393/12/11,1393,12,11,real_estate,انبوه سازی، املاک و مستغلات,4654922806626448,834.7,827.6,827.5,TSETMC
2015-03-03,1393/12/12,1393,12,12,real_estate,انبوه سازی، املاک و مستغلات,4654922806626448,829.0,822.1,822.1,TSETMC
2015-03-04,1393/12/13,1393,12,13,real_estate,انبوه سازی، املاک و مستغلات,4654922806626448,821.1,816.8,820.4,TSETMC
2015-03-07,1393/12/16,1393,12,16,real_estate,انبوه سازی، املاک و مستغلات,4654922806626448,829.5,822.7,829.4,TSETMC
2015-03-08,1393/12/17,1393,12,17,real_estate,انبوه سازی، املاک و مستغلات,4654922806626448,833.0,827.3,827.3,TSETMC
2015-03-09,1393/12/18,1393,12,18,real_estate,انبوه سازی، املاک و مستغلات,4654922806626448,831.6,822.8,822.8,TSETMC
2015-03-10,1393/12/19,1393,12,19,real_estate,انبوه سازی، املاک و مستغلات,4654922806626448,822.0,807.6,807.6,TSETMC
2015-03-11,1393/12/20,1393,12,20,real_estate,انبوه سازی، املاک و مستغلات,4654922806626448,809.4,806.7,806.7,TSETMC
2015-03-14,1393/12/23,1393,12,23,real_estate,انبوه سازی، املاک و مستغلات,4654922806626448,822.2,806.8,822.2,TSETMC
2015-03-15,1393/12/24,1393,12,24,real_estate,انبوه سازی، املاک و مستغلات,4654922806626448,833.3,830.5,831.8,TSETMC
2015-03-16,1393/12/25,1393,12,25,real_estate,انبوه سازی، املاک و مستغلات,4654922806626448,837.8,831.6,831.6,TSETMC
2015-03-17,1393/12/26,1393,12,26,real_estate,انبوه سازی، املاک و مستغلات,4654922806626448,833.1,825.0,825.0,TSETMC
2015-03-18,1393/12/27,1393,12,27,real_estate,انبوه سازی، املاک و مستغلات,4654922806626448,842.0,836.2,841.2,TSETMC
2015-03-25,1394/01/05,1394,1,5,real_estate,انبوه سازی، املاک و مستغلات,4654922806626448,843.2,838.0,838.0,TSETMC
2015-03-28,1394/01/08,1394,1,8,real_estate,انبوه سازی، املاک و مستغلات,4654922806626448,849.7,840.9,849.6,TSETMC
2015-03-29,1394/01/09,1394,1,9,real_estate,انبوه سازی، املاک و مستغلات,4654922806626448,869.9,859.6,869.7,TSETMC
2015-03-30,1394/01/10,1394,1,10,real_estate,انبوه سازی، املاک و مستغلات,4654922806626448,868.6,846.7,846.7,TSETMC
2015-03-31,1394/01/11,1394,1,11,real_estate,انبوه سازی، املاک و مستغلات,4654922806626448,845.2,842.4,843.2,TSETMC
2015-04-04,1394/01/15,1394,1,15,real_estate,انبوه سازی، املاک و مستغلات,4654922806626448,870.6,846.6,870.6,TSETMC
2015-04-05,1394/01/16,1394,1,16,real_estate,انبوه سازی، املاک و مستغلات,4654922806626448,901.7,888.4,901.7,TSETMC
2015-04-06,1394/01/17,1394,1,17,real_estate,انبوه سازی، املاک و مستغلات,4654922806626448,907.5,894.3,895.0,TSETMC
2015-04-07,1394/01/18,1394,1,18,real_estate,انبوه سازی، املاک و مستغلات,4654922806626448,915.5,905.4,909.1,TSETMC
2015-04-08,1394/01/19,1394,1,19,real_estate,انبوه سازی، املاک و مستغلات,4654922806626448,915.9,904.9,913.5,TSETMC
2015-04-11,1394/01/22,1394,1,22,real_estate,انبوه سازی، املاک و مستغلات,4654922806626448,923.6,917.5,917.5,TSETMC
2015-04-12,1394/01/23,1394,1,23,real_estate,انبوه سازی، املاک و مستغلات,4654922806626448,914.6,890.8,890.8,TSETMC
2015-04-13,1394/01/24,1394,1,24,real_estate,انبوه سازی، املاک و مستغلات,4654922806626448,886.5,869.3,869.3,TSETMC
2015-04-14,1394/01/25,1394,1,25,real_estate,انبوه سازی، املاک و مستغلات,4654922806626448,885.1,866.4,885.1,TSETMC
2015-04-15,1394/01/26,1394,1,26,real_estate,انبوه سازی، املاک و مستغلات,4654922806626448,909.5,892.9,903.3,TSETMC
2015-04-18,1394/01/29,1394,1,29,real_estate,انبوه سازی، املاک و مستغلات,4654922806626448,903.0,877.8,877.8,TSETMC
2015-04-19,1394/01/30,1394,1,30,real_estate,انبوه سازی، املاک و مستغلات,4654922806626448,882.4,870.7,870.7,TSETMC
2015-04-20,1394/01/31,1394,1,31,real_estate,انبوه سازی، املاک و مستغلات,4654922806626448,869.8,852.1,852.1,TSETMC
2015-04-21,1394/02/01,1394,2,1,real_estate,انبوه سازی، املاک و مستغلات,4654922806626448,848.1,845.6,846.8,TSETMC
2015-04-22,1394/02/02,1394,2,2,real_estate,انبوه سازی، املاک و مستغلات,4654922806626448,856.9,848.7,850.2,TSETMC
2015-04-25,1394/02/05,1394,2,5,real_estate,انبوه سازی، املاک و مستغلات,4654922806626448,850.1,840.6,840.6,TSETMC
2015-04-26,1394/02/06,1394,2,6,real_estate,انبوه سازی، املاک و مستغلات,4654922806626448,863.5,840.1,862.4,TSETMC
2015-04-27,1394/02/07,1394,2,7,real_estate,انبوه سازی، املاک و مستغلات,4654922806626448,859.9,841.0,841.0,TSETMC
2015-04-28,1394/02/08,1394,2,8,real_estate,انبوه سازی، املاک و مستغلات,4654922806626448,843.4,835.4,835.4,TSETMC
2015-04-29,1394/02/09,1394,2,9,real_estate,انبوه سازی، املاک و مستغلات,4654922806626448,836.0,828.3,828.2,TSETMC
2015-05-03,1394/02/13,1394,2,13,real_estate,انبوه سازی، املاک و مستغلات,4654922806626448,827.7,816.3,818.4,TSETMC
2015-05-04,1394/02/14,1394,2,14,real_estate,انبوه سازی، املاک و مستغلات,4654922806626448,817.3,805.0,805.0,TSETMC
2015-05-05,1394/02/15,1394,2,15,real_estate,انبوه سازی، املاک و مستغلات,4654922806626448,806.2,798.2,798.2,TSETMC
2015-05-06,1394/02/16,1394,2,16,real_estate,انبوه سازی، املاک و مستغلات,4654922806626448,796.8,793.4,793.4,TSETMC
2015-05-09,1394/02/19,1394,2,19,real_estate,انبوه سازی، املاک و مستغلات,4654922806626448,793.3,779.3,779.3,TSETMC
2015-05-10,1394/02/20,1394,2,20,real_estate,انبوه سازی، املاک و مستغلات,4654922806626448,778.6,768.4,768.4,TSETMC
2015-05-11,1394/02/21,1394,2,21,real_estate,انبوه سازی، املاک و مستغلات,4654922806626448,779.3,768.0,777.6,TSETMC
2015-05-12,1394/02/22,1394,2,22,real_estate,انبوه سازی، املاک و مستغلات,4654922806626448,787.7,778.1,785.1,TSETMC
2015-05-13,1394/02/23,1394,2,23,real_estate,انبوه سازی، املاک و مستغلات,4654922806626448,786.1,779.1,779.1,TSETMC
2015-05-17,1394/02/27,1394,2,27,real_estate,انبوه سازی، املاک و مستغلات,4654922806626448,779.3,775.9,776.4,TSETMC
2015-05-18,1394/02/28,1394,2,28,real_estate,انبوه سازی، املاک و مستغلات,4654922806626448,794.2,780.7,794.2,TSETMC
2015-05-19,1394/02/29,1394,2,29,real_estate,انبوه سازی، املاک و مستغلات,4654922806626448,800.8,799.0,800.2,TSETMC
2015-05-20,1394/02/30,1394,2,30,real_estate,انبوه سازی، املاک و مستغلات,4654922806626448,814.1,811.8,812.7,TSETMC
2015-05-23,1394/03/02,1394,3,2,real_estate,انبوه سازی، املاک و مستغلات,4654922806626448,811.2,798.1,798.3,TSETMC
2015-05-24,1394/03/03,1394,3,3,real_estate,انبوه سازی، املاک و مستغلات,4654922806626448,799.6,796.9,797.6,TSETMC
2015-05-25,1394/03/04,1394,3,4,real_estate,انبوه سازی، املاک و مستغلات,4654922806626448,806.1,800.6,803.7,TSETMC
2015-05-26,1394/03/05,1394,3,5,real_estate,انبوه سازی، املاک و مستغلات,4654922806626448,801.7,793.6,793.6,TSETMC
2015-05-27,1394/03/06,1394,3,6,real_estate,انبوه سازی، املاک و مستغلات,4654922806626448,792.9,788.6,788.6,TSETMC
2015-05-30,1394/03/09,1394,3,9,real_estate,انبوه سازی، املاک و مستغلات,4654922806626448,784.7,776.4,776.4,TSETMC
2015-05-31,1394/03/10,1394,3,10,real_estate,انبوه سازی، املاک و مستغلات,4654922806626448,775.3,773.2,774.9,TSETMC
2015-06-01,1394/03/11,1394,3,11,real_estate,انبوه سازی، املاک و مستغلات,4654922806626448,781.4,773.2,781.4,TSETMC
2015-06-02,1394/03/12,1394,3,12,real_estate,انبوه سازی، املاک و مستغلات,4654922806626448,781.7,779.6,779.6,TSETMC
2015-06-06,1394/03/16,1394,3,16,real_estate,انبوه سازی، املاک و مستغلات,4654922806626448,783.0,781.0,781.0,TSETMC
2015-06-07,1394/03/17,1394,3,17,real_estate,انبوه سازی، املاک و مستغلات,4654922806626448,778.2,768.9,768.9,TSETMC
2015-06-08,1394/03/18,1394,3,18,real_estate,انبوه سازی، املاک و مستغلات,4654922806626448,768.0,750.6,750.6,TSETMC
2015-06-09,1394/03/19,1394,3,19,real_estate,انبوه سازی، املاک و مستغلات,4654922806626448,750.0,730.0,730.0,TSETMC
2015-06-10,1394/03/20,1394,3,20,real_estate,انبوه سازی، املاک و مستغلات,4654922806626448,734.2,725.3,734.2,TSETMC
2015-06-13,1394/03/23,1394,3,23,real_estate,انبوه سازی، املاک و مستغلات,4654922806626448,739.9,737.1,739.4,TSETMC
2015-06-14,1394/03/24,1394,3,24,real_estate,انبوه سازی، املاک و مستغلات,4654922806626448,742.3,737.8,741.3,TSETMC
2015-06-15,1394/03/25,1394,3,25,real_estate,انبوه سازی، املاک و مستغلات,4654922806626448,740.5,733.7,733.6,TSETMC
2015-06-16,1394/03/26,1394,3,26,real_estate,انبوه سازی، املاک و مستغلات,4654922806626448,739.1,732.0,739.1,TSETMC
2015-06-17,1394/03/27,1394,3,27,real_estate,انبوه سازی، املاک و مستغلات,4654922806626448,758.3,745.1,758.3,TSETMC
2015-06-20,1394/03/30,1394,3,30,real_estate,انبوه سازی، املاک و مستغلات,4654922806626448,767.9,764.4,764.4,TSETMC
2015-06-21,1394/03/31,1394,3,31,real_estate,انبوه سازی، املاک و مستغلات,4654922806626448,767.9,765.2,765.2,TSETMC
2015-06-22,1394/04/01,1394,4,1,real_estate,انبوه سازی، املاک و مستغلات,4654922806626448,770.2,764.8,768.8,TSETMC
2015-06-23,1394/04/02,1394,4,2,real_estate,انبوه سازی، املاک و مستغلات,4654922806626448,775.8,769.9,775.1,TSETMC
2015-06-24,1394/04/03,1394,4,3,real_estate,انبوه سازی، املاک و مستغلات,4654922806626448,775.0,773.1,773.4,TSETMC
2015-06-27,1394/04/06,1394,4,6,real_estate,انبوه سازی، املاک و مستغلات,4654922806626448,773.4,768.4,768.4,TSETMC
2015-06-28,1394/04/07,1394,4,7,real_estate,انبوه سازی، املاک و مستغلات,4654922806626448,767.9,763.5,763.5,TSETMC
2015-06-29,1394/04/08,1394,4,8,real_estate,انبوه سازی، املاک و مستغلات,4654922806626448,767.0,765.5,766.4,TSETMC
2015-06-30,1394/04/09,1394,4,9,real_estate,انبوه سازی، املاک و مستغلات,4654922806626448,780.8,766.8,780.8,TSETMC
2015-07-01,1394/04/10,1394,4,10,real_estate,انبوه سازی، املاک و مستغلات,4654922806626448,783.9,782.5,783.6,TSETMC
2015-07-04,1394/04/13,1394,4,13,real_estate,انبوه سازی، املاک و مستغلات,4654922806626448,801.0,788.2,800.6,TSETMC
2015-07-05,1394/04/14,1394,4,14,real_estate,انبوه سازی، املاک و مستغلات,4654922806626448,804.6,802.4,803.9,TSETMC
2015-07-06,1394/04/15,1394,4,15,real_estate,انبوه سازی، املاک و مستغلات,4654922806626448,817.4,807.5,816.9,TSETMC
2015-07-07,1394/04/16,1394,4,16,real_estate,انبوه سازی، املاک و مستغلات,4654922806626448,824.6,820.2,820.3,TSETMC
2015-07-11,1394/04/20,1394,4,20,real_estate,انبوه سازی، املاک و مستغلات,4654922806626448,817.2,813.4,813.4,TSETMC
2015-07-12,1394/04/21,1394,4,21,real_estate,انبوه سازی، املاک و مستغلات,4654922806626448,819.1,814.3,814.5,TSETMC
2015-07-13,1394/04/22,1394,4,22,real_estate,انبوه سازی، املاک و مستغلات,4654922806626448,832.9,819.2,830.7,TSETMC
2015-07-14,1394/04/23,1394,4,23,real_estate,انبوه سازی، املاک و مستغلات,4654922806626448,830.9,826.1,826.6,TSETMC
2015-07-15,1394/04/24,1394,4,24,real_estate,انبوه سازی، املاک و مستغلات,4654922806626448,825.5,816.4,816.4,TSETMC
2015-07-19,1394/04/28,1394,4,28,real_estate,انبوه سازی، املاک و مستغلات,4654922806626448,825.5,816.4,816.4,TSETMC
2015-07-20,1394/04/29,1394,4,29,real_estate,انبوه سازی، املاک و مستغلات,4654922806626448,816.3,809.0,809.0,TSETMC
2015-07-21,1394/04/30,1394,4,30,real_estate,انبوه سازی، املاک و مستغلات,4654922806626448,814.9,809.4,813.3,TSETMC
2015-07-22,1394/04/31,1394,4,31,real_estate,انبوه سازی، املاک و مستغلات,4654922806626448,819.9,817.9,817.9,TSETMC
2015-07-25,1394/05/03,1394,5,3,real_estate,انبوه سازی، املاک و مستغلات,4654922806626448,816.1,804.1,804.7,TSETMC
2015-07-26,1394/05/04,1394,5,4,real_estate,انبوه سازی، املاک و مستغلات,4654922806626448,804.8,797.2,798.5,TSETMC
2015-07-27,1394/05/05,1394,5,5,real_estate,انبوه سازی، املاک و مستغلات,4654922806626448,799.2,770.6,770.6,TSETMC
2015-07-28,1394/05/06,1394,5,6,real_estate,انبوه سازی، املاک و مستغلات,4654922806626448,770.5,767.5,768.0,TSETMC
2015-07-29,1394/05/07,1394,5,7,real_estate,انبوه سازی، املاک و مستغلات,4654922806626448,778.7,768.4,778.7,TSETMC
2015-08-01,1394/05/10,1394,5,10,real_estate,انبوه سازی، املاک و مستغلات,4654922806626448,782.7,779.6,779.6,TSETMC
2015-08-02,1394/05/11,1394,5,11,real_estate,انبوه سازی، املاک و مستغلات,4654922806626448,777.8,767.8,767.8,TSETMC
2015-08-03,1394/05/12,1394,5,12,real_estate,انبوه سازی، املاک و مستغلات,4654922806626448,782.7,767.8,782.7,TSETMC
2015-08-04,1394/05/13,1394,5,13,real_estate,انبوه سازی، املاک و مستغلات,4654922806626448,784.5,780.4,780.4,TSETMC
2015-08-05,1394/05/14,1394,5,14,real_estate,انبوه سازی، املاک و مستغلات,4654922806626448,780.4,777.5,777.5,TSETMC
2015-08-08,1394/05/17,1394,5,17,real_estate,انبوه سازی، املاک و مستغلات,4654922806626448,777.5,773.7,773.9,TSETMC
2015-08-09,1394/05/18,1394,5,18,real_estate,انبوه سازی، املاک و مستغلات,4654922806626448,780.0,773.2,776.4,TSETMC
2015-08-10,1394/05/19,1394,5,19,real_estate,انبوه سازی، املاک و مستغلات,4654922806626448,779.6,774.9,774.9,TSETMC
2015-08-12,1394/05/21,1394,5,21,real_estate,انبوه سازی، املاک و مستغلات,4654922806626448,774.9,766.4,766.4,TSETMC
2015-08-15,1394/05/24,1394,5,24,real_estate,انبوه سازی، املاک و مستغلات,4654922806626448,766.4,759.7,759.7,TSETMC
2015-08-16,1394/05/25,1394,5,25,real_estate,انبوه سازی، املاک و مستغلات,4654922806626448,760.4,758.0,758.0,TSETMC
2015-08-17,1394/05/26,1394,5,26,real_estate,انبوه سازی، املاک و مستغلات,4654922806626448,761.6,755.2,755.2,TSETMC
2015-08-18,1394/05/27,1394,5,27,real_estate,انبوه سازی، املاک و مستغلات,4654922806626448,755.0,752.3,752.7,TSETMC
2015-08-19,1394/05/28,1394,5,28,real_estate,انبوه سازی، املاک و مستغلات,4654922806626448,761.9,753.9,761.9,TSETMC
2015-08-22,1394/05/31,1394,5,31,real_estate,انبوه سازی، املاک و مستغلات,4654922806626448,779.9,776.9,779.9,TSETMC
2015-08-23,1394/06/01,1394,6,1,real_estate,انبوه سازی، املاک و مستغلات,4654922806626448,781.1,775.7,775.7,TSETMC
2015-08-24,1394/06/02,1394,6,2,real_estate,انبوه سازی، املاک و مستغلات,4654922806626448,778.6,772.8,772.8,TSETMC
2015-08-25,1394/06/03,1394,6,3,real_estate,انبوه سازی، املاک و مستغلات,4654922806626448,775.3,765.5,765.5,TSETMC
2015-08-26,1394/06/04,1394,6,4,real_estate,انبوه سازی، املاک و مستغلات,4654922806626448,765.9,756.9,756.9,TSETMC
2015-08-29,1394/06/07,1394,6,7,real_estate,انبوه سازی، املاک و مستغلات,4654922806626448,760.8,756.9,759.7,TSETMC
2015-08-30,1394/06/08,1394,6,8,real_estate,انبوه سازی، املاک و مستغلات,4654922806626448,759.7,756.9,757.5,TSETMC
2015-08-31,1394/06/09,1394,6,9,real_estate,انبوه سازی، املاک و مستغلات,4654922806626448,757.7,752.8,753.2,TSETMC
2015-09-01,1394/06/10,1394,6,10,real_estate,انبوه سازی، املاک و مستغلات,4654922806626448,757.7,753.1,757.7,TSETMC
2015-09-02,1394/06/11,1394,6,11,real_estate,انبوه سازی، املاک و مستغلات,4654922806626448,761.2,760.2,761.1,TSETMC
2015-09-05,1394/06/14,1394,6,14,real_estate,انبوه سازی، املاک و مستغلات,4654922806626448,769.4,764.2,769.4,TSETMC
2015-09-06,1394/06/15,1394,6,15,real_estate,انبوه سازی، املاک و مستغلات,4654922806626448,775.0,768.0,768.0,TSETMC
2015-09-07,1394/06/16,1394,6,16,real_estate,انبوه سازی، املاک و مستغلات,4654922806626448,766.9,758.1,758.1,TSETMC
2015-09-08,1394/06/17,1394,6,17,real_estate,انبوه سازی، املاک و مستغلات,4654922806626448,760.8,758.3,760.8,TSETMC
2015-09-09,1394/06/18,1394,6,18,real_estate,انبوه سازی، املاک و مستغلات,4654922806626448,764.0,763.0,764.0,TSETMC
2015-09-12,1394/06/21,1394,6,21,real_estate,انبوه سازی، املاک و مستغلات,4654922806626448,763.6,758.1,758.2,TSETMC
2015-09-13,1394/06/22,1394,6,22,real_estate,انبوه سازی، املاک و مستغلات,4654922806626448,757.4,746.0,746.0,TSETMC
2015-09-14,1394/06/23,1394,6,23,real_estate,انبوه سازی، املاک و مستغلات,4654922806626448,747.5,740.7,740.7,TSETMC
2015-09-15,1394/06/24,1394,6,24,real_estate,انبوه سازی، املاک و مستغلات,4654922806626448,740.4,734.7,734.7,TSETMC
2015-09-16,1394/06/25,1394,6,25,real_estate,انبوه سازی، املاک و مستغلات,4654922806626448,743.7,734.4,743.7,TSETMC
2015-09-19,1394/06/28,1394,6,28,real_estate,انبوه سازی، املاک و مستغلات,4654922806626448,752.3,746.9,752.3,TSETMC
2015-09-20,1394/06/29,1394,6,29,real_estate,انبوه سازی، املاک و مستغلات,4654922806626448,752.7,738.8,738.8,TSETMC
2015-09-21,1394/06/30,1394,6,30,real_estate,انبوه سازی، املاک و مستغلات,4654922806626448,741.5,733.8,741.2,TSETMC
2015-09-22,1394/06/31,1394,6,31,real_estate,انبوه سازی، املاک و مستغلات,4654922806626448,746.2,741.6,746.2,TSETMC
2015-09-23,1394/07/01,1394,7,1,real_estate,انبوه سازی، املاک و مستغلات,4654922806626448,747.3,745.9,745.9,TSETMC
2015-09-26,1394/07/04,1394,7,4,real_estate,انبوه سازی، املاک و مستغلات,4654922806626448,743.6,741.1,741.1,TSETMC
2015-09-27,1394/07/05,1394,7,5,real_estate,انبوه سازی، املاک و مستغلات,4654922806626448,741.9,739.9,739.9,TSETMC
2015-09-28,1394/07/06,1394,7,6,real_estate,انبوه سازی، املاک و مستغلات,4654922806626448,752.4,739.3,752.4,TSETMC
2015-09-29,1394/07/07,1394,7,7,real_estate,انبوه سازی، املاک و مستغلات,4654922806626448,754.2,750.9,750.9,TSETMC
2015-09-30,1394/07/08,1394,7,8,real_estate,انبوه سازی، املاک و مستغلات,4654922806626448,749.6,740.5,740.4,TSETMC
2015-10-03,1394/07/11,1394,7,11,real_estate,انبوه سازی، املاک و مستغلات,4654922806626448,740.6,732.9,732.9,TSETMC
2015-10-04,1394/07/12,1394,7,12,real_estate,انبوه سازی، املاک و مستغلات,4654922806626448,730.6,730.0,730.2,TSETMC
2015-10-05,1394/07/13,1394,7,13,real_estate,انبوه سازی، املاک و مستغلات,4654922806626448,729.7,728.7,729.0,TSETMC
2015-10-06,1394/07/14,1394,7,14,real_estate,انبوه سازی، املاک و مستغلات,4654922806626448,727.9,725.1,725.1,TSETMC
2015-10-07,1394/07/15,1394,7,15,real_estate,انبوه سازی، املاک و مستغلات,4654922806626448,725.1,720.4,720.4,TSETMC
2015-10-10,1394/07/18,1394,7,18,real_estate,انبوه سازی، املاک و مستغلات,4654922806626448,720.4,718.8,718.8,TSETMC
2015-10-11,1394/07/19,1394,7,19,real_estate,انبوه سازی، املاک و مستغلات,4654922806626448,720.6,718.7,720.3,TSETMC
2015-10-12,1394/07/20,1394,7,20,real_estate,انبوه سازی، املاک و مستغلات,4654922806626448,726.5,720.8,726.4,TSETMC
2015-10-13,1394/07/21,1394,7,21,real_estate,انبوه سازی، املاک و مستغلات,4654922806626448,739.3,726.4,739.3,TSETMC
2015-10-14,1394/07/22,1394,7,22,real_estate,انبوه سازی، املاک و مستغلات,4654922806626448,749.6,743.0,746.2,TSETMC
2015-10-17,1394/07/25,1394,7,25,real_estate,انبوه سازی، املاک و مستغلات,4654922806626448,752.0,742.6,752.0,TSETMC
2015-10-18,1394/07/26,1394,7,26,real_estate,انبوه سازی، املاک و مستغلات,4654922806626448,754.3,744.7,744.7,TSETMC
2015-10-19,1394/07/27,1394,7,27,real_estate,انبوه سازی، املاک و مستغلات,4654922806626448,744.4,739.0,739.0,TSETMC
2015-10-20,1394/07/28,1394,7,28,real_estate,انبوه سازی، املاک و مستغلات,4654922806626448,745.4,738.7,745.2,TSETMC
2015-10-21,1394/07/29,1394,7,29,real_estate,انبوه سازی، املاک و مستغلات,4654922806626448,745.6,739.2,739.2,TSETMC
2015-10-25,1394/08/03,1394,8,3,real_estate,انبوه سازی، املاک و مستغلات,4654922806626448,737.9,729.8,729.8,TSETMC
2015-10-26,1394/08/04,1394,8,4,real_estate,انبوه سازی، املاک و مستغلات,4654922806626448,731.2,730.0,730.5,TSETMC
2015-10-27,1394/08/05,1394,8,5,real_estate,انبوه سازی، املاک و مستغلات,4654922806626448,732.5,730.7,730.6,TSETMC
2015-10-28,1394/08/06,1394,8,6,real_estate,انبوه سازی، املاک و مستغلات,4654922806626448,730.7,726.9,726.9,TSETMC
2015-10-31,1394/08/09,1394,8,9,real_estate,انبوه سازی، املاک و مستغلات,4654922806626448,727.2,725.5,725.5,TSETMC
2015-11-01,1394/08/10,1394,8,10,real_estate,انبوه سازی، املاک و مستغلات,4654922806626448,734.4,727.3,733.6,TSETMC
2015-11-02,1394/08/11,1394,8,11,real_estate,انبوه سازی، املاک و مستغلات,4654922806626448,736.8,733.8,735.8,TSETMC
2015-11-03,1394/08/12,1394,8,12,real_estate,انبوه سازی، املاک و مستغلات,4654922806626448,736.3,734.2,734.2,TSETMC
2015-11-04,1394/08/13,1394,8,13,real_estate,انبوه سازی، املاک و مستغلات,4654922806626448,742.2,734.1,742.1,TSETMC
2015-11-07,1394/08/16,1394,8,16,real_estate,انبوه سازی، املاک و مستغلات,4654922806626448,744.0,739.1,739.1,TSETMC
2015-11-08,1394/08/17,1394,8,17,real_estate,انبوه سازی، املاک و مستغلات,4654922806626448,738.9,734.5,734.5,TSETMC
2015-11-09,1394/08/18,1394,8,18,real_estate,انبوه سازی، املاک و مستغلات,4654922806626448,736.0,734.8,734.8,TSETMC
2015-11-10,1394/08/19,1394,8,19,real_estate,انبوه سازی، املاک و مستغلات,4654922806626448,735.0,730.2,730.2,TSETMC
2015-11-11,1394/08/20,1394,8,20,real_estate,انبوه سازی، املاک و مستغلات,4654922806626448,730.3,726.2,726.2,TSETMC
2015-11-14,1394/08/23,1394,8,23,real_estate,انبوه سازی، املاک و مستغلات,4654922806626448,726.0,722.3,722.3,TSETMC
2015-11-15,1394/08/24,1394,8,24,real_estate,انبوه سازی، املاک و مستغلات,4654922806626448,724.9,723.2,723.4,TSETMC
2015-11-16,1394/08/25,1394,8,25,real_estate,انبوه سازی، املاک و مستغلات,4654922806626448,723.8,721.3,721.3,TSETMC
2015-11-17,1394/08/26,1394,8,26,real_estate,انبوه سازی، املاک و مستغلات,4654922806626448,722.5,721.4,722.5,TSETMC
2015-11-18,1394/08/27,1394,8,27,real_estate,انبوه سازی، املاک و مستغلات,4654922806626448,726.0,723.6,725.0,TSETMC
2015-11-21,1394/08/30,1394,8,30,real_estate,انبوه سازی، املاک و مستغلات,4654922806626448,724.7,724.5,724.6,TSETMC
2015-11-22,1394/09/01,1394,9,1,real_estate,انبوه سازی، املاک و مستغلات,4654922806626448,725.8,716.4,716.4,TSETMC
2015-11-23,1394/09/02,1394,9,2,real_estate,انبوه سازی، املاک و مستغلات,4654922806626448,716.4,709.9,709.9,TSETMC
2015-11-24,1394/09/03,1394,9,3,real_estate,انبوه سازی، املاک و مستغلات,4654922806626448,709.9,708.0,708.0,TSETMC
2015-11-25,1394/09/04,1394,9,4,real_estate,انبوه سازی، املاک و مستغلات,4654922806626448,710.5,704.7,710.4,TSETMC
2015-11-28,1394/09/07,1394,9,7,real_estate,انبوه سازی، املاک و مستغلات,4654922806626448,710.3,706.7,706.7,TSETMC
2015-11-29,1394/09/08,1394,9,8,real_estate,انبوه سازی، املاک و مستغلات,4654922806626448,707.1,705.4,705.4,TSETMC
2015-11-30,1394/09/09,1394,9,9,real_estate,انبوه سازی، املاک و مستغلات,4654922806626448,705.4,702.8,702.8,TSETMC
2015-12-01,1394/09/10,1394,9,10,real_estate,انبوه سازی، املاک و مستغلات,4654922806626448,702.6,694.3,694.3,TSETMC
2015-12-05,1394/09/14,1394,9,14,real_estate,انبوه سازی، املاک و مستغلات,4654922806626448,695.2,694.2,695.2,TSETMC
2015-12-06,1394/09/15,1394,9,15,real_estate,انبوه سازی، املاک و مستغلات,4654922806626448,695.0,686.3,686.3,TSETMC
2015-12-07,1394/09/16,1394,9,16,real_estate,انبوه سازی، املاک و مستغلات,4654922806626448,685.8,673.1,673.1,TSETMC
2015-12-08,1394/09/17,1394,9,17,real_estate,انبوه سازی، املاک و مستغلات,4654922806626448,673.0,668.1,669.4,TSETMC
2015-12-09,1394/09/18,1394,9,18,real_estate,انبوه سازی، املاک و مستغلات,4654922806626448,675.1,671.9,675.1,TSETMC
2015-12-13,1394/09/22,1394,9,22,real_estate,انبوه سازی، املاک و مستغلات,4654922806626448,679.3,676.1,676.1,TSETMC
2015-12-14,1394/09/23,1394,9,23,real_estate,انبوه سازی، املاک و مستغلات,4654922806626448,675.8,671.9,673.1,TSETMC
2015-12-15,1394/09/24,1394,9,24,real_estate,انبوه سازی، املاک و مستغلات,4654922806626448,675.8,674.3,675.0,TSETMC
2015-12-16,1394/09/25,1394,9,25,real_estate,انبوه سازی، املاک و مستغلات,4654922806626448,676.8,675.4,675.4,TSETMC
2015-12-19,1394/09/28,1394,9,28,real_estate,انبوه سازی، املاک و مستغلات,4654922806626448,675.4,668.6,668.6,TSETMC
2015-12-20,1394/09/29,1394,9,29,real_estate,انبوه سازی، املاک و مستغلات,4654922806626448,666.5,655.3,655.3,TSETMC
2015-12-21,1394/09/30,1394,9,30,real_estate,انبوه سازی، املاک و مستغلات,4654922806626448,655.0,648.7,648.7,TSETMC
2015-12-22,1394/10/01,1394,10,1,real_estate,انبوه سازی، املاک و مستغلات,4654922806626448,648.8,642.1,642.1,TSETMC
2015-12-23,1394/10/02,1394,10,2,real_estate,انبوه سازی، املاک و مستغلات,4654922806626448,642.4,641.2,641.2,TSETMC
2015-12-26,1394/10/05,1394,10,5,real_estate,انبوه سازی، املاک و مستغلات,4654922806626448,641.2,638.1,638.1,TSETMC
2015-12-27,1394/10/06,1394,10,6,real_estate,انبوه سازی، املاک و مستغلات,4654922806626448,644.4,637.8,644.4,TSETMC
2015-12-28,1394/10/07,1394,10,7,real_estate,انبوه سازی، املاک و مستغلات,4654922806626448,653.2,644.7,653.1,TSETMC
2015-12-30,1394/10/09,1394,10,9,real_estate,انبوه سازی، املاک و مستغلات,4654922806626448,657.8,652.3,656.8,TSETMC
2016-01-02,1394/10/12,1394,10,12,real_estate,انبوه سازی، املاک و مستغلات,4654922806626448,656.6,653.7,653.7,TSETMC
2016-01-03,1394/10/13,1394,10,13,real_estate,انبوه سازی، املاک و مستغلات,4654922806626448,654.4,652.2,654.4,TSETMC
2016-01-04,1394/10/14,1394,10,14,real_estate,انبوه سازی، املاک و مستغلات,4654922806626448,662.3,656.0,662.3,TSETMC
2016-01-05,1394/10/15,1394,10,15,real_estate,انبوه سازی، املاک و مستغلات,4654922806626448,684.3,663.7,684.3,TSETMC
2016-01-06,1394/10/16,1394,10,16,real_estate,انبوه سازی، املاک و مستغلات,4654922806626448,697.1,694.8,695.9,TSETMC
2016-01-09,1394/10/19,1394,10,19,real_estate,انبوه سازی، املاک و مستغلات,4654922806626448,699.7,696.5,699.4,TSETMC
2016-01-10,1394/10/20,1394,10,20,real_estate,انبوه سازی، املاک و مستغلات,4654922806626448,706.2,702.2,702.2,TSETMC
2016-01-11,1394/10/21,1394,10,21,real_estate,انبوه سازی، املاک و مستغلات,4654922806626448,712.3,702.8,712.3,TSETMC
2016-01-12,1394/10/22,1394,10,22,real_estate,انبوه سازی، املاک و مستغلات,4654922806626448,717.3,715.7,716.7,TSETMC
2016-01-13,1394/10/23,1394,10,23,real_estate,انبوه سازی، املاک و مستغلات,4654922806626448,742.6,719.5,742.6,TSETMC
2016-01-16,1394/10/26,1394,10,26,real_estate,انبوه سازی، املاک و مستغلات,4654922806626448,761.0,752.5,758.2,TSETMC
2016-01-17,1394/10/27,1394,10,27,real_estate,انبوه سازی، املاک و مستغلات,4654922806626448,770.8,746.0,746.0,TSETMC
2016-01-18,1394/10/28,1394,10,28,real_estate,انبوه سازی، املاک و مستغلات,4654922806626448,742.9,721.0,724.7,TSETMC
2016-01-19,1394/10/29,1394,10,29,real_estate,انبوه سازی، املاک و مستغلات,4654922806626448,747.5,737.7,744.9,TSETMC
2016-01-20,1394/10/30,1394,10,30,real_estate,انبوه سازی، املاک و مستغلات,4654922806626448,751.4,747.0,751.4,TSETMC
2016-01-23,1394/11/03,1394,11,3,real_estate,انبوه سازی، املاک و مستغلات,4654922806626448,789.8,761.1,789.8,TSETMC
2016-01-24,1394/11/04,1394,11,4,real_estate,انبوه سازی، املاک و مستغلات,4654922806626448,793.7,785.3,785.3,TSETMC
2016-01-25,1394/11/05,1394,11,5,real_estate,انبوه سازی، املاک و مستغلات,4654922806626448,780.6,770.5,772.0,TSETMC
2016-01-26,1394/11/06,1394,11,6,real_estate,انبوه سازی، املاک و مستغلات,4654922806626448,799.1,774.4,799.1,TSETMC
2016-01-27,1394/11/07,1394,11,7,real_estate,انبوه سازی، املاک و مستغلات,4654922806626448,815.0,796.9,798.4,TSETMC
2016-01-30,1394/11/10,1394,11,10,real_estate,انبوه سازی، املاک و مستغلات,4654922806626448,804.3,797.9,798.3,TSETMC
2016-01-31,1394/11/11,1394,11,11,real_estate,انبوه سازی، املاک و مستغلات,4654922806626448,794.7,789.2,791.0,TSETMC
2016-02-01,1394/11/12,1394,11,12,real_estate,انبوه سازی، املاک و مستغلات,4654922806626448,808.4,792.1,808.2,TSETMC
2016-02-02,1394/11/13,1394,11,13,real_estate,انبوه سازی، املاک و مستغلات,4654922806626448,820.0,812.0,811.9,TSETMC
2016-02-03,1394/11/14,1394,11,14,real_estate,انبوه سازی، املاک و مستغلات,4654922806626448,821.1,804.4,821.0,TSETMC
2016-02-06,1394/11/17,1394,11,17,real_estate,انبوه سازی، املاک و مستغلات,4654922806626448,856.2,843.4,855.9,TSETMC
2016-02-07,1394/11/18,1394,11,18,real_estate,انبوه سازی، املاک و مستغلات,4654922806626448,872.2,857.2,857.2,TSETMC
2016-02-08,1394/11/19,1394,11,19,real_estate,انبوه سازی، املاک و مستغلات,4654922806626448,869.0,857.5,866.7,TSETMC
2016-02-09,1394/11/20,1394,11,20,real_estate,انبوه سازی، املاک و مستغلات,4654922806626448,890.3,878.5,878.5,TSETMC
2016-02-10,1394/11/21,1394,11,21,real_estate,انبوه سازی، املاک و مستغلات,4654922806626448,876.4,869.0,872.7,TSETMC
2016-02-13,1394/11/24,1394,11,24,real_estate,انبوه سازی، املاک و مستغلات,4654922806626448,872.0,852.6,852.6,TSETMC
2016-02-14,1394/11/25,1394,11,25,real_estate,انبوه سازی، املاک و مستغلات,4654922806626448,846.9,839.8,839.8,TSETMC
2016-02-15,1394/11/26,1394,11,26,real_estate,انبوه سازی، املاک و مستغلات,4654922806626448,854.7,846.2,853.7,TSETMC
2016-02-16,1394/11/27,1394,11,27,real_estate,انبوه سازی، املاک و مستغلات,4654922806626448,861.3,848.7,848.7,TSETMC
2016-02-17,1394/11/28,1394,11,28,real_estate,انبوه سازی، املاک و مستغلات,4654922806626448,859.4,848.0,858.2,TSETMC
2016-02-20,1394/12/01,1394,12,1,real_estate,انبوه سازی، املاک و مستغلات,4654922806626448,863.7,843.9,843.9,TSETMC
2016-02-21,1394/12/02,1394,12,2,real_estate,انبوه سازی، املاک و مستغلات,4654922806626448,841.8,838.2,838.2,TSETMC
2016-02-22,1394/12/03,1394,12,3,real_estate,انبوه سازی، املاک و مستغلات,4654922806626448,857.8,848.3,857.5,TSETMC
2016-02-23,1394/12/04,1394,12,4,real_estate,انبوه سازی، املاک و مستغلات,4654922806626448,862.4,854.9,854.9,TSETMC
2016-02-24,1394/12/05,1394,12,5,real_estate,انبوه سازی، املاک و مستغلات,4654922806626448,855.1,842.3,843.0,TSETMC
2016-02-27,1394/12/08,1394,12,8,real_estate,انبوه سازی، املاک و مستغلات,4654922806626448,865.0,845.4,865.0,TSETMC
2016-02-28,1394/12/09,1394,12,9,real_estate,انبوه سازی، املاک و مستغلات,4654922806626448,888.2,881.5,881.5,TSETMC
2016-02-29,1394/12/10,1394,12,10,real_estate,انبوه سازی، املاک و مستغلات,4654922806626448,896.1,888.1,888.1,TSETMC
2016-03-01,1394/12/11,1394,12,11,real_estate,انبوه سازی، املاک و مستغلات,4654922806626448,883.5,875.1,875.1,TSETMC
2016-03-02,1394/12/12,1394,12,12,real_estate,انبوه سازی، املاک و مستغلات,4654922806626448,877.4,874.4,877.4,TSETMC
2016-03-05,1394/12/15,1394,12,15,real_estate,انبوه سازی، املاک و مستغلات,4654922806626448,882.9,879.3,879.3,TSETMC
2016-03-06,1394/12/16,1394,12,16,real_estate,انبوه سازی، املاک و مستغلات,4654922806626448,895.2,880.2,894.9,TSETMC
2016-03-07,1394/12/17,1394,12,17,real_estate,انبوه سازی، املاک و مستغلات,4654922806626448,904.4,901.4,902.3,TSETMC
2016-03-08,1394/12/18,1394,12,18,real_estate,انبوه سازی، املاک و مستغلات,4654922806626448,908.9,901.2,901.1,TSETMC
2016-03-09,1394/12/19,1394,12,19,real_estate,انبوه سازی، املاک و مستغلات,4654922806626448,904.0,896.5,900.2,TSETMC
2016-03-12,1394/12/22,1394,12,22,real_estate,انبوه سازی، املاک و مستغلات,4654922806626448,909.9,902.1,906.1,TSETMC
2016-03-14,1394/12/24,1394,12,24,real_estate,انبوه سازی، املاک و مستغلات,4654922806626448,913.7,912.1,912.6,TSETMC
2016-03-15,1394/12/25,1394,12,25,real_estate,انبوه سازی، املاک و مستغلات,4654922806626448,921.4,912.5,912.5,TSETMC
2016-03-16,1394/12/26,1394,12,26,real_estate,انبوه سازی، املاک و مستغلات,4654922806626448,911.2,909.3,909.3,TSETMC
2016-03-26,1395/01/07,1395,1,7,real_estate,انبوه سازی، املاک و مستغلات,4654922806626448,931.5,909.4,931.5,TSETMC
2016-03-27,1395/01/08,1395,1,8,real_estate,انبوه سازی، املاک و مستغلات,4654922806626448,941.8,937.0,940.0,TSETMC
2016-03-28,1395/01/09,1395,1,9,real_estate,انبوه سازی، املاک و مستغلات,4654922806626448,942.1,931.0,931.3,TSETMC
2016-03-29,1395/01/10,1395,1,10,real_estate,انبوه سازی، املاک و مستغلات,4654922806626448,933.0,928.6,928.6,TSETMC
2016-03-30,1395/01/11,1395,1,11,real_estate,انبوه سازی، املاک و مستغلات,4654922806626448,934.5,932.3,932.6,TSETMC
2016-04-02,1395/01/14,1395,1,14,real_estate,انبوه سازی، املاک و مستغلات,4654922806626448,932.6,920.4,920.4,TSETMC
2016-04-03,1395/01/15,1395,1,15,real_estate,انبوه سازی، املاک و مستغلات,4654922806626448,923.3,905.4,905.4,TSETMC
2016-04-04,1395/01/16,1395,1,16,real_estate,انبوه سازی، املاک و مستغلات,4654922806626448,913.5,907.5,913.0,TSETMC
2016-04-05,1395/01/17,1395,1,17,real_estate,انبوه سازی، املاک و مستغلات,4654922806626448,930.7,922.6,929.6,TSETMC
2016-04-06,1395/01/18,1395,1,18,real_estate,انبوه سازی، املاک و مستغلات,4654922806626448,943.7,938.7,938.7,TSETMC
2016-04-09,1395/01/21,1395,1,21,real_estate,انبوه سازی، املاک و مستغلات,4654922806626448,938.6,930.2,930.2,TSETMC
2016-04-10,1395/01/22,1395,1,22,real_estate,انبوه سازی، املاک و مستغلات,4654922806626448,938.9,926.5,938.9,TSETMC
2016-04-11,1395/01/23,1395,1,23,real_estate,انبوه سازی، املاک و مستغلات,4654922806626448,949.5,941.9,943.3,TSETMC
2016-04-12,1395/01/24,1395,1,24,real_estate,انبوه سازی، املاک و مستغلات,4654922806626448,942.4,922.8,922.8,TSETMC
2016-04-13,1395/01/25,1395,1,25,real_estate,انبوه سازی، املاک و مستغلات,4654922806626448,918.4,899.1,899.1,TSETMC
2016-04-16,1395/01/28,1395,1,28,real_estate,انبوه سازی، املاک و مستغلات,4654922806626448,891.4,871.0,871.0,TSETMC
2016-04-17,1395/01/29,1395,1,29,real_estate,انبوه سازی، املاک و مستغلات,4654922806626448,868.4,862.9,867.9,TSETMC
2016-04-18,1395/01/30,1395,1,30,real_estate,انبوه سازی، املاک و مستغلات,4654922806626448,891.5,874.3,890.5,TSETMC
2016-04-19,1395/01/31,1395,1,31,real_estate,انبوه سازی، املاک و مستغلات,4654922806626448,892.3,877.6,877.6,TSETMC
2016-04-20,1395/02/01,1395,2,1,real_estate,انبوه سازی، املاک و مستغلات,4654922806626448,877.4,862.5,862.5,TSETMC
2016-04-23,1395/02/04,1395,2,4,real_estate,انبوه سازی، املاک و مستغلات,4654922806626448,866.7,860.3,860.3,TSETMC
2016-04-24,1395/02/05,1395,2,5,real_estate,انبوه سازی، املاک و مستغلات,4654922806626448,866.2,859.5,866.1,TSETMC
2016-04-25,1395/02/06,1395,2,6,real_estate,انبوه سازی، املاک و مستغلات,4654922806626448,876.4,866.3,876.4,TSETMC
2016-04-26,1395/02/07,1395,2,7,real_estate,انبوه سازی، املاک و مستغلات,4654922806626448,876.4,872.4,876.4,TSETMC
2016-04-27,1395/02/08,1395,2,8,real_estate,انبوه سازی، املاک و مستغلات,4654922806626448,888.3,881.2,886.8,TSETMC
2016-04-30,1395/02/11,1395,2,11,real_estate,انبوه سازی، املاک و مستغلات,4654922806626448,886.2,879.1,879.1,TSETMC
2016-05-01,1395/02/12,1395,2,12,real_estate,انبوه سازی، املاک و مستغلات,4654922806626448,880.3,870.6,870.6,TSETMC
2016-05-02,1395/02/13,1395,2,13,real_estate,انبوه سازی، املاک و مستغلات,4654922806626448,870.1,861.0,861.0,TSETMC
2016-05-03,1395/02/14,1395,2,14,real_estate,انبوه سازی، املاک و مستغلات,4654922806626448,863.2,859.5,862.7,TSETMC
2016-05-04,1395/02/15,1395,2,15,real_estate,انبوه سازی، املاک و مستغلات,4654922806626448,866.3,862.8,866.3,TSETMC
2016-05-07,1395/02/18,1395,2,18,real_estate,انبوه سازی، املاک و مستغلات,4654922806626448,867.8,858.3,858.3,TSETMC
2016-05-08,1395/02/19,1395,2,19,real_estate,انبوه سازی، املاک و مستغلات,4654922806626448,857.1,847.1,847.1,TSETMC
2016-05-09,1395/02/20,1395,2,20,real_estate,انبوه سازی، املاک و مستغلات,4654922806626448,847.3,844.0,844.0,TSETMC
2016-05-10,1395/02/21,1395,2,21,real_estate,انبوه سازی، املاک و مستغلات,4654922806626448,845.8,841.5,841.7,TSETMC
2016-05-11,1395/02/22,1395,2,22,real_estate,انبوه سازی، املاک و مستغلات,4654922806626448,842.0,827.7,831.1,TSETMC
2016-05-14,1395/02/25,1395,2,25,real_estate,انبوه سازی، املاک و مستغلات,4654922806626448,839.2,830.8,834.8,TSETMC
2016-05-15,1395/02/26,1395,2,26,real_estate,انبوه سازی، املاک و مستغلات,4654922806626448,835.5,825.6,825.6,TSETMC
2016-05-16,1395/02/27,1395,2,27,real_estate,انبوه سازی، املاک و مستغلات,4654922806626448,827.1,824.3,824.3,TSETMC
2016-05-17,1395/02/28,1395,2,28,real_estate,انبوه سازی، املاک و مستغلات,4654922806626448,835.1,823.5,835.1,TSETMC
2016-05-18,1395/02/29,1395,2,29,real_estate,انبوه سازی، املاک و مستغلات,4654922806626448,836.0,833.8,833.8,TSETMC
2016-05-21,1395/03/01,1395,3,1,real_estate,انبوه سازی، املاک و مستغلات,4654922806626448,835.2,833.3,835.2,TSETMC
2016-05-23,1395/03/03,1395,3,3,real_estate,انبوه سازی، املاک و مستغلات,4654922806626448,840.7,834.2,834.9,TSETMC
2016-05-24,1395/03/04,1395,3,4,real_estate,انبوه سازی، املاک و مستغلات,4654922806626448,835.1,832.6,832.6,TSETMC
2016-05-25,1395/03/05,1395,3,5,real_estate,انبوه سازی، املاک و مستغلات,4654922806626448,832.5,831.5,831.5,TSETMC
2016-05-28,1395/03/08,1395,3,8,real_estate,انبوه سازی، املاک و مستغلات,4654922806626448,831.1,827.9,827.9,TSETMC
2016-05-29,1395/03/09,1395,3,9,real_estate,انبوه سازی، املاک و مستغلات,4654922806626448,827.8,821.4,821.4,TSETMC
2016-05-30,1395/03/10,1395,3,10,real_estate,انبوه سازی، املاک و مستغلات,4654922806626448,823.3,815.1,815.2,TSETMC
2016-05-31,1395/03/11,1395,3,11,real_estate,انبوه سازی، املاک و مستغلات,4654922806626448,816.7,806.2,806.2,TSETMC
2016-06-01,1395/03/12,1395,3,12,real_estate,انبوه سازی، املاک و مستغلات,4654922806626448,809.4,806.6,807.3,TSETMC
2016-06-05,1395/03/16,1395,3,16,real_estate,انبوه سازی، املاک و مستغلات,4654922806626448,813.8,810.5,812.8,TSETMC
2016-06-06,1395/03/17,1395,3,17,real_estate,انبوه سازی، املاک و مستغلات,4654922806626448,817.4,812.2,814.4,TSETMC
2016-06-07,1395/03/18,1395,3,18,real_estate,انبوه سازی، املاک و مستغلات,4654922806626448,818.2,810.0,809.9,TSETMC
2016-06-08,1395/03/19,1395,3,19,real_estate,انبوه سازی، املاک و مستغلات,4654922806626448,812.5,804.0,804.0,TSETMC
2016-06-11,1395/03/22,1395,3,22,real_estate,انبوه سازی، املاک و مستغلات,4654922806626448,804.0,787.3,787.3,TSETMC
2016-06-12,1395/03/23,1395,3,23,real_estate,انبوه سازی، املاک و مستغلات,4654922806626448,787.2,780.4,780.4,TSETMC
2016-06-13,1395/03/24,1395,3,24,real_estate,انبوه سازی، املاک و مستغلات,4654922806626448,788.4,783.5,788.4,TSETMC
2016-06-14,1395/03/25,1395,3,25,real_estate,انبوه سازی، املاک و مستغلات,4654922806626448,789.4,784.8,786.4,TSETMC
2016-06-15,1395/03/26,1395,3,26,real_estate,انبوه سازی، املاک و مستغلات,4654922806626448,796.8,786.0,796.8,TSETMC
2016-06-18,1395/03/29,1395,3,29,real_estate,انبوه سازی، املاک و مستغلات,4654922806626448,802.4,797.6,801.3,TSETMC
2016-06-19,1395/03/30,1395,3,30,real_estate,انبوه سازی، املاک و مستغلات,4654922806626448,801.8,791.0,791.0,TSETMC
2016-06-20,1395/03/31,1395,3,31,real_estate,انبوه سازی، املاک و مستغلات,4654922806626448,792.2,790.4,790.6,TSETMC
2016-06-21,1395/04/01,1395,4,1,real_estate,انبوه سازی، املاک و مستغلات,4654922806626448,799.0,791.7,799.0,TSETMC
2016-06-22,1395/04/02,1395,4,2,real_estate,انبوه سازی، املاک و مستغلات,4654922806626448,818.9,799.2,818.9,TSETMC
2016-06-25,1395/04/05,1395,4,5,real_estate,انبوه سازی، املاک و مستغلات,4654922806626448,823.4,819.2,822.8,TSETMC
2016-06-26,1395/04/06,1395,4,6,real_estate,انبوه سازی، املاک و مستغلات,4654922806626448,845.5,825.2,845.5,TSETMC
2016-06-28,1395/04/08,1395,4,8,real_estate,انبوه سازی، املاک و مستغلات,4654922806626448,855.5,852.3,854.8,TSETMC
2016-06-29,1395/04/09,1395,4,9,real_estate,انبوه سازی، املاک و مستغلات,4654922806626448,858.2,847.1,847.1,TSETMC
2016-07-02,1395/04/12,1395,4,12,real_estate,انبوه سازی، املاک و مستغلات,4654922806626448,844.5,842.2,843.3,TSETMC
2016-07-03,1395/04/13,1395,4,13,real_estate,انبوه سازی، املاک و مستغلات,4654922806626448,849.6,846.5,846.5,TSETMC
2016-07-04,1395/04/14,1395,4,14,real_estate,انبوه سازی، املاک و مستغلات,4654922806626448,849.9,839.9,839.9,TSETMC
2016-07-05,1395/04/15,1395,4,15,real_estate,انبوه سازی، املاک و مستغلات,4654922806626448,837.0,831.4,831.4,TSETMC
2016-07-09,1395/04/19,1395,4,19,real_estate,انبوه سازی، املاک و مستغلات,4654922806626448,834.8,831.8,834.4,TSETMC
2016-07-10,1395/04/20,1395,4,20,real_estate,انبوه سازی، املاک و مستغلات,4654922806626448,838.0,832.4,832.4,TSETMC
2016-07-11,1395/04/21,1395,4,21,real_estate,انبوه سازی، املاک و مستغلات,4654922806626448,837.2,835.0,835.0,TSETMC
2016-07-12,1395/04/22,1395,4,22,real_estate,انبوه سازی، املاک و مستغلات,4654922806626448,835.9,826.9,826.9,TSETMC
2016-07-13,1395/04/23,1395,4,23,real_estate,انبوه سازی، املاک و مستغلات,4654922806626448,830.0,823.0,823.0,TSETMC
2016-07-16,1395/04/26,1395,4,26,real_estate,انبوه سازی، املاک و مستغلات,4654922806626448,823.5,818.0,818.0,TSETMC
2016-07-17,1395/04/27,1395,4,27,real_estate,انبوه سازی، املاک و مستغلات,4654922806626448,821.3,818.0,821.2,TSETMC
2016-07-18,1395/04/28,1395,4,28,real_estate,انبوه سازی، املاک و مستغلات,4654922806626448,821.3,816.6,816.6,TSETMC
2016-07-19,1395/04/29,1395,4,29,real_estate,انبوه سازی، املاک و مستغلات,4654922806626448,823.2,816.2,819.2,TSETMC
2016-07-20,1395/04/30,1395,4,30,real_estate,انبوه سازی، املاک و مستغلات,4654922806626448,822.2,818.5,818.5,TSETMC
2016-07-23,1395/05/02,1395,5,2,real_estate,انبوه سازی، املاک و مستغلات,4654922806626448,818.5,816.4,818.0,TSETMC
2016-07-24,1395/05/03,1395,5,3,real_estate,انبوه سازی، املاک و مستغلات,4654922806626448,819.7,818.4,818.5,TSETMC
2016-07-25,1395/05/04,1395,5,4,real_estate,انبوه سازی، املاک و مستغلات,4654922806626448,830.2,818.7,829.3,TSETMC
2016-07-26,1395/05/05,1395,5,5,real_estate,انبوه سازی، املاک و مستغلات,4654922806626448,829.0,823.3,823.3,TSETMC
2016-07-27,1395/05/06,1395,5,6,real_estate,انبوه سازی، املاک و مستغلات,4654922806626448,834.4,830.1,830.7,TSETMC
2016-07-31,1395/05/10,1395,5,10,real_estate,انبوه سازی، املاک و مستغلات,4654922806626448,832.7,829.2,829.2,TSETMC
2016-08-01,1395/05/11,1395,5,11,real_estate,انبوه سازی، املاک و مستغلات,4654922806626448,831.0,823.8,823.8,TSETMC
2016-08-02,1395/05/12,1395,5,12,real_estate,انبوه سازی، املاک و مستغلات,4654922806626448,823.7,812.7,812.9,TSETMC
2016-08-03,1395/05/13,1395,5,13,real_estate,انبوه سازی، املاک و مستغلات,4654922806626448,817.8,816.8,816.1,TSETMC
2016-08-06,1395/05/16,1395,5,16,real_estate,انبوه سازی، املاک و مستغلات,4654922806626448,823.3,823.3,823.3,TSETMC
2016-08-07,1395/05/17,1395,5,17,real_estate,انبوه سازی، املاک و مستغلات,4654922806626448,826.0,813.0,813.0,TSETMC
2016-08-08,1395/05/18,1395,5,18,real_estate,انبوه سازی، املاک و مستغلات,4654922806626448,826.2,811.9,826.2,TSETMC
2016-08-09,1395/05/19,1395,5,19,real_estate,انبوه سازی، املاک و مستغلات,4654922806626448,828.8,823.1,823.1,TSETMC
2016-08-10,1395/05/20,1395,5,20,real_estate,انبوه سازی، املاک و مستغلات,4654922806626448,825.0,819.1,819.1,TSETMC
2016-08-13,1395/05/23,1395,5,23,real_estate,انبوه سازی، املاک و مستغلات,4654922806626448,819.3,815.3,815.6,TSETMC
2016-08-14,1395/05/24,1395,5,24,real_estate,انبوه سازی، املاک و مستغلات,4654922806626448,823.2,816.1,822.5,TSETMC
2016-08-15,1395/05/25,1395,5,25,real_estate,انبوه سازی، املاک و مستغلات,4654922806626448,823.6,817.0,817.0,TSETMC
2016-08-16,1395/05/26,1395,5,26,real_estate,انبوه سازی، املاک و مستغلات,4654922806626448,816.6,806.6,806.6,TSETMC
2016-08-17,1395/05/27,1395,5,27,real_estate,انبوه سازی، املاک و مستغلات,4654922806626448,806.7,803.9,806.4,TSETMC
2016-08-20,1395/05/30,1395,5,30,real_estate,انبوه سازی، املاک و مستغلات,4654922806626448,811.6,810.2,811.2,TSETMC
2016-08-21,1395/05/31,1395,5,31,real_estate,انبوه سازی، املاک و مستغلات,4654922806626448,812.0,804.9,804.9,TSETMC
2016-08-22,1395/06/01,1395,6,1,real_estate,انبوه سازی، املاک و مستغلات,4654922806626448,804.1,800.5,802.8,TSETMC
2016-08-23,1395/06/02,1395,6,2,real_estate,انبوه سازی، املاک و مستغلات,4654922806626448,802.8,796.2,796.2,TSETMC
2016-08-24,1395/06/03,1395,6,3,real_estate,انبوه سازی، املاک و مستغلات,4654922806626448,796.2,790.8,790.8,TSETMC
2016-08-27,1395/06/06,1395,6,6,real_estate,انبوه سازی، املاک و مستغلات,4654922806626448,791.0,789.6,789.6,TSETMC
2016-08-28,1395/06/07,1395,6,7,real_estate,انبوه سازی، املاک و مستغلات,4654922806626448,789.7,780.7,780.7,TSETMC
2016-08-29,1395/06/08,1395,6,8,real_estate,انبوه سازی، املاک و مستغلات,4654922806626448,780.7,776.1,776.1,TSETMC
2016-08-30,1395/06/09,1395,6,9,real_estate,انبوه سازی، املاک و مستغلات,4654922806626448,774.5,768.5,768.5,TSETMC
2016-08-31,1395/06/10,1395,6,10,real_estate,انبوه سازی، املاک و مستغلات,4654922806626448,768.5,762.2,762.2,TSETMC
2016-09-03,1395/06/13,1395,6,13,real_estate,انبوه سازی، املاک و مستغلات,4654922806626448,762.0,758.9,760.8,TSETMC
2016-09-04,1395/06/14,1395,6,14,real_estate,انبوه سازی، املاک و مستغلات,4654922806626448,760.6,755.7,755.6,TSETMC
2016-09-05,1395/06/15,1395,6,15,real_estate,انبوه سازی، املاک و مستغلات,4654922806626448,755.2,752.3,753.7,TSETMC
2016-09-06,1395/06/16,1395,6,16,real_estate,انبوه سازی، املاک و مستغلات,4654922806626448,752.9,751.1,752.9,TSETMC
2016-09-07,1395/06/17,1395,6,17,real_estate,انبوه سازی، املاک و مستغلات,4654922806626448,760.6,753.9,758.7,TSETMC
2016-09-10,1395/06/20,1395,6,20,real_estate,انبوه سازی، املاک و مستغلات,4654922806626448,761.5,758.6,758.6,TSETMC
2016-09-11,1395/06/21,1395,6,21,real_estate,انبوه سازی، املاک و مستغلات,4654922806626448,759.6,758.9,758.8,TSETMC
2016-09-13,1395/06/23,1395,6,23,real_estate,انبوه سازی، املاک و مستغلات,4654922806626448,785.7,755.3,785.7,TSETMC
2016-09-14,1395/06/24,1395,6,24,real_estate,انبوه سازی، املاک و مستغلات,4654922806626448,805.3,797.7,797.7,TSETMC
2016-09-17,1395/06/27,1395,6,27,real_estate,انبوه سازی، املاک و مستغلات,4654922806626448,797.4,786.0,786.0,TSETMC
2016-09-18,1395/06/28,1395,6,28,real_estate,انبوه سازی، املاک و مستغلات,4654922806626448,795.6,788.6,793.6,TSETMC
2016-09-19,1395/06/29,1395,6,29,real_estate,انبوه سازی، املاک و مستغلات,4654922806626448,794.2,783.5,783.5,TSETMC
2016-09-21,1395/06/31,1395,6,31,real_estate,انبوه سازی، املاک و مستغلات,4654922806626448,784.4,780.1,780.1,TSETMC
2016-09-24,1395/07/03,1395,7,3,real_estate,انبوه سازی، املاک و مستغلات,4654922806626448,782.4,779.2,782.4,TSETMC
2016-09-25,1395/07/04,1395,7,4,real_estate,انبوه سازی، املاک و مستغلات,4654922806626448,798.5,792.1,798.5,TSETMC
2016-09-26,1395/07/05,1395,7,5,real_estate,انبوه سازی، املاک و مستغلات,4654922806626448,820.0,803.7,819.6,TSETMC
2016-09-27,1395/07/06,1395,7,6,real_estate,انبوه سازی، املاک و مستغلات,4654922806626448,829.5,821.6,821.6,TSETMC
2016-09-28,1395/07/07,1395,7,7,real_estate,انبوه سازی، املاک و مستغلات,4654922806626448,829.3,816.0,816.0,TSETMC
2016-10-01,1395/07/10,1395,7,10,real_estate,انبوه سازی، املاک و مستغلات,4654922806626448,809.0,806.3,806.3,TSETMC
2016-10-02,1395/07/11,1395,7,11,real_estate,انبوه سازی، املاک و مستغلات,4654922806626448,813.4,801.9,801.9,TSETMC
2016-10-03,1395/07/12,1395,7,12,real_estate,انبوه سازی، املاک و مستغلات,4654922806626448,801.0,786.4,786.4,TSETMC
2016-10-04,1395/07/13,1395,7,13,real_estate,انبوه سازی، املاک و مستغلات,4654922806626448,791.3,786.0,788.4,TSETMC
2016-10-05,1395/07/14,1395,7,14,real_estate,انبوه سازی، املاک و مستغلات,4654922806626448,788.5,783.2,783.2,TSETMC
2016-10-08,1395/07/17,1395,7,17,real_estate,انبوه سازی، املاک و مستغلات,4654922806626448,787.8,784.9,784.9,TSETMC
2016-10-09,1395/07/18,1395,7,18,real_estate,انبوه سازی، املاک و مستغلات,4654922806626448,797.5,781.8,797.5,TSETMC
2016-10-10,1395/07/19,1395,7,19,real_estate,انبوه سازی، املاک و مستغلات,4654922806626448,804.4,797.0,799.3,TSETMC
2016-10-15,1395/07/24,1395,7,24,real_estate,انبوه سازی، املاک و مستغلات,4654922806626448,804.0,800.6,800.6,TSETMC
2016-10-16,1395/07/25,1395,7,25,real_estate,انبوه سازی، املاک و مستغلات,4654922806626448,802.7,792.8,792.8,TSETMC
2016-10-17,1395/07/26,1395,7,26,real_estate,انبوه سازی، املاک و مستغلات,4654922806626448,790.8,789.1,789.1,TSETMC
2016-10-18,1395/07/27,1395,7,27,real_estate,انبوه سازی، املاک و مستغلات,4654922806626448,789.7,784.0,784.0,TSETMC
2016-10-19,1395/07/28,1395,7,28,real_estate,انبوه سازی، املاک و مستغلات,4654922806626448,792.2,784.4,792.2,TSETMC
2016-10-22,1395/08/01,1395,8,1,real_estate,انبوه سازی، املاک و مستغلات,4654922806626448,805.2,792.5,805.2,TSETMC
2016-10-23,1395/08/02,1395,8,2,real_estate,انبوه سازی، املاک و مستغلات,4654922806626448,805.0,795.7,795.7,TSETMC
2016-10-24,1395/08/03,1395,8,3,real_estate,انبوه سازی، املاک و مستغلات,4654922806626448,815.9,797.4,815.9,TSETMC
2016-10-25,1395/08/04,1395,8,4,real_estate,انبوه سازی، املاک و مستغلات,4654922806626448,819.7,811.2,811.2,TSETMC
2016-10-26,1395/08/05,1395,8,5,real_estate,انبوه سازی، املاک و مستغلات,4654922806626448,822.0,811.6,820.4,TSETMC
2016-10-29,1395/08/08,1395,8,8,real_estate,انبوه سازی، املاک و مستغلات,4654922806626448,824.9,820.4,823.1,TSETMC
2016-10-30,1395/08/09,1395,8,9,real_estate,انبوه سازی، املاک و مستغلات,4654922806626448,822.1,809.9,809.9,TSETMC
2016-10-31,1395/08/10,1395,8,10,real_estate,انبوه سازی، املاک و مستغلات,4654922806626448,811.7,808.9,808.9,TSETMC
2016-11-01,1395/08/11,1395,8,11,real_estate,انبوه سازی، املاک و مستغلات,4654922806626448,810.1,803.4,803.4,TSETMC
2016-11-02,1395/08/12,1395,8,12,real_estate,انبوه سازی، املاک و مستغلات,4654922806626448,804.8,802.9,804.8,TSETMC
2016-11-05,1395/08/15,1395,8,15,real_estate,انبوه سازی، املاک و مستغلات,4654922806626448,808.9,805.3,805.3,TSETMC
2016-11-06,1395/08/16,1395,8,16,real_estate,انبوه سازی، املاک و مستغلات,4654922806626448,805.6,802.3,802.4,TSETMC
2016-11-07,1395/08/17,1395,8,17,real_estate,انبوه سازی، املاک و مستغلات,4654922806626448,807.8,804.0,804.1,TSETMC
2016-11-08,1395/08/18,1395,8,18,real_estate,انبوه سازی، املاک و مستغلات,4654922806626448,804.5,803.7,804.4,TSETMC
2016-11-09,1395/08/19,1395,8,19,real_estate,انبوه سازی، املاک و مستغلات,4654922806626448,790.1,773.9,774.6,TSETMC
2016-11-12,1395/08/22,1395,8,22,real_estate,انبوه سازی، املاک و مستغلات,4654922806626448,778.1,776.6,776.6,TSETMC
2016-11-13,1395/08/23,1395,8,23,real_estate,انبوه سازی، املاک و مستغلات,4654922806626448,800.6,779.3,800.6,TSETMC
2016-11-14,1395/08/24,1395,8,24,real_estate,انبوه سازی، املاک و مستغلات,4654922806626448,819.7,812.3,819.3,TSETMC
2016-11-15,1395/08/25,1395,8,25,real_estate,انبوه سازی، املاک و مستغلات,4654922806626448,819.8,814.6,814.6,TSETMC
2016-11-16,1395/08/26,1395,8,26,real_estate,انبوه سازی، املاک و مستغلات,4654922806626448,816.8,810.7,810.7,TSETMC
2016-11-19,1395/08/29,1395,8,29,real_estate,انبوه سازی، املاک و مستغلات,4654922806626448,810.3,805.9,805.9,TSETMC
2016-11-21,1395/09/01,1395,9,1,real_estate,انبوه سازی، املاک و مستغلات,4654922806626448,807.9,802.7,802.6,TSETMC
2016-11-22,1395/09/02,1395,9,2,real_estate,انبوه سازی، املاک و مستغلات,4654922806626448,803.4,795.7,795.7,TSETMC
2016-11-23,1395/09/03,1395,9,3,real_estate,انبوه سازی، املاک و مستغلات,4654922806626448,796.5,794.9,795.0,TSETMC
2016-11-26,1395/09/06,1395,9,6,real_estate,انبوه سازی، املاک و مستغلات,4654922806626448,797.9,797.2,797.3,TSETMC
2016-11-27,1395/09/07,1395,9,7,real_estate,انبوه سازی، املاک و مستغلات,4654922806626448,800.9,798.5,800.9,TSETMC
2016-11-29,1395/09/09,1395,9,9,real_estate,انبوه سازی، املاک و مستغلات,4654922806626448,802.4,801.6,801.7,TSETMC
2016-12-03,1395/09/13,1395,9,13,real_estate,انبوه سازی، املاک و مستغلات,4654922806626448,802.2,793.8,793.8,TSETMC
2016-12-04,1395/09/14,1395,9,14,real_estate,انبوه سازی، املاک و مستغلات,4654922806626448,795.8,791.6,795.8,TSETMC
2016-12-05,1395/09/15,1395,9,15,real_estate,انبوه سازی، املاک و مستغلات,4654922806626448,814.5,800.6,814.5,TSETMC
2016-12-06,1395/09/16,1395,9,16,real_estate,انبوه سازی، املاک و مستغلات,4654922806626448,818.9,813.4,813.4,TSETMC
2016-12-07,1395/09/17,1395,9,17,real_estate,انبوه سازی، املاک و مستغلات,4654922806626448,813.3,803.5,803.5,TSETMC
2016-12-10,1395/09/20,1395,9,20,real_estate,انبوه سازی، املاک و مستغلات,4654922806626448,805.3,802.6,802.6,TSETMC
2016-12-11,1395/09/21,1395,9,21,real_estate,انبوه سازی، املاک و مستغلات,4654922806626448,802.9,797.2,797.2,TSETMC
2016-12-12,1395/09/22,1395,9,22,real_estate,انبوه سازی، املاک و مستغلات,4654922806626448,799.7,798.3,798.3,TSETMC
2016-12-13,1395/09/23,1395,9,23,real_estate,انبوه سازی، املاک و مستغلات,4654922806626448,798.6,797.3,797.3,TSETMC
2016-12-14,1395/09/24,1395,9,24,real_estate,انبوه سازی، املاک و مستغلات,4654922806626448,797.2,791.8,791.8,TSETMC
2016-12-18,1395/09/28,1395,9,28,real_estate,انبوه سازی، املاک و مستغلات,4654922806626448,792.3,789.6,789.6,TSETMC
2016-12-19,1395/09/29,1395,9,29,real_estate,انبوه سازی، املاک و مستغلات,4654922806626448,789.4,785.5,785.5,TSETMC
2016-12-20,1395/09/30,1395,9,30,real_estate,انبوه سازی، املاک و مستغلات,4654922806626448,787.3,785.0,785.0,TSETMC
2016-12-21,1395/10/01,1395,10,1,real_estate,انبوه سازی، املاک و مستغلات,4654922806626448,787.9,786.3,786.3,TSETMC
2016-12-24,1395/10/04,1395,10,4,real_estate,انبوه سازی، املاک و مستغلات,4654922806626448,786.5,781.9,781.9,TSETMC
2016-12-25,1395/10/05,1395,10,5,real_estate,انبوه سازی، املاک و مستغلات,4654922806626448,781.8,756.7,756.7,TSETMC
2016-12-26,1395/10/06,1395,10,6,real_estate,انبوه سازی، املاک و مستغلات,4654922806626448,752.5,746.2,746.2,TSETMC
2016-12-27,1395/10/07,1395,10,7,real_estate,انبوه سازی، املاک و مستغلات,4654922806626448,746.0,728.7,728.7,TSETMC
2016-12-28,1395/10/08,1395,10,8,real_estate,انبوه سازی، املاک و مستغلات,4654922806626448,728.5,726.2,726.5,TSETMC
2016-12-31,1395/10/11,1395,10,11,real_estate,انبوه سازی، املاک و مستغلات,4654922806626448,725.7,720.5,720.5,TSETMC
2017-01-01,1395/10/12,1395,10,12,real_estate,انبوه سازی، املاک و مستغلات,4654922806626448,721.5,714.7,714.7,TSETMC
2017-01-02,1395/10/13,1395,10,13,real_estate,انبوه سازی، املاک و مستغلات,4654922806626448,720.5,716.5,716.5,TSETMC
2017-01-03,1395/10/14,1395,10,14,real_estate,انبوه سازی، املاک و مستغلات,4654922806626448,717.6,705.0,705.0,TSETMC
2017-01-04,1395/10/15,1395,10,15,real_estate,انبوه سازی، املاک و مستغلات,4654922806626448,702.6,694.5,696.1,TSETMC
2017-01-07,1395/10/18,1395,10,18,real_estate,انبوه سازی، املاک و مستغلات,4654922806626448,698.5,695.7,696.6,TSETMC
2017-01-08,1395/10/19,1395,10,19,real_estate,انبوه سازی، املاک و مستغلات,4654922806626448,697.6,695.5,696.2,TSETMC
2017-01-09,1395/10/20,1395,10,20,real_estate,انبوه سازی، املاک و مستغلات,4654922806626448,698.3,688.0,687.9,TSETMC
2017-01-11,1395/10/22,1395,10,22,real_estate,انبوه سازی، املاک و مستغلات,4654922806626448,688.2,682.0,682.0,TSETMC
2017-01-14,1395/10/25,1395,10,25,real_estate,انبوه سازی، املاک و مستغلات,4654922806626448,692.0,683.8,692.0,TSETMC
2017-01-15,1395/10/26,1395,10,26,real_estate,انبوه سازی، املاک و مستغلات,4654922806626448,692.2,689.4,690.5,TSETMC
2017-01-16,1395/10/27,1395,10,27,real_estate,انبوه سازی، املاک و مستغلات,4654922806626448,697.0,688.5,696.2,TSETMC
2017-01-17,1395/10/28,1395,10,28,real_estate,انبوه سازی، املاک و مستغلات,4654922806626448,702.9,698.9,702.9,TSETMC
2017-01-18,1395/10/29,1395,10,29,real_estate,انبوه سازی، املاک و مستغلات,4654922806626448,712.6,704.7,712.6,TSETMC
2017-01-21,1395/11/02,1395,11,2,real_estate,انبوه سازی، املاک و مستغلات,4654922806626448,713.1,709.9,709.9,TSETMC
2017-01-22,1395/11/03,1395,11,3,real_estate,انبوه سازی، املاک و مستغلات,4654922806626448,709.6,706.2,706.2,TSETMC
2017-01-23,1395/11/04,1395,11,4,real_estate,انبوه سازی، املاک و مستغلات,4654922806626448,709.8,707.3,708.7,TSETMC
2017-01-24,1395/11/05,1395,11,5,real_estate,انبوه سازی، املاک و مستغلات,4654922806626448,723.9,708.8,723.0,TSETMC
2017-01-25,1395/11/06,1395,11,6,real_estate,انبوه سازی، املاک و مستغلات,4654922806626448,723.0,719.6,719.6,TSETMC
2017-01-28,1395/11/09,1395,11,9,real_estate,انبوه سازی، املاک و مستغلات,4654922806626448,717.8,711.6,711.6,TSETMC
2017-01-29,1395/11/10,1395,11,10,real_estate,انبوه سازی، املاک و مستغلات,4654922806626448,715.3,710.4,715.1,TSETMC
2017-01-30,1395/11/11,1395,11,11,real_estate,انبوه سازی، املاک و مستغلات,4654922806626448,717.5,715.5,716.8,TSETMC
2017-01-31,1395/11/12,1395,11,12,real_estate,انبوه سازی، املاک و مستغلات,4654922806626448,718.1,715.6,716.2,TSETMC
2017-02-01,1395/11/13,1395,11,13,real_estate,انبوه سازی، املاک و مستغلات,4654922806626448,717.6,711.2,711.2,TSETMC
2017-02-04,1395/11/16,1395,11,16,real_estate,انبوه سازی، املاک و مستغلات,4654922806626448,711.0,701.8,701.8,TSETMC
2017-02-05,1395/11/17,1395,11,17,real_estate,انبوه سازی، املاک و مستغلات,4654922806626448,701.7,694.8,694.8,TSETMC
2017-02-06,1395/11/18,1395,11,18,real_estate,انبوه سازی، املاک و مستغلات,4654922806626448,696.1,693.9,695.3,TSETMC
2017-02-07,1395/11/19,1395,11,19,real_estate,انبوه سازی، املاک و مستغلات,4654922806626448,704.9,696.0,704.7,TSETMC
2017-02-08,1395/11/20,1395,11,20,real_estate,انبوه سازی، املاک و مستغلات,4654922806626448,713.1,709.2,713.1,TSETMC
2017-02-11,1395/11/23,1395,11,23,real_estate,انبوه سازی، املاک و مستغلات,4654922806626448,719.8,717.4,717.3,TSETMC
2017-02-12,1395/11/24,1395,11,24,real_estate,انبوه سازی، املاک و مستغلات,4654922806626448,739.0,723.9,739.0,TSETMC
2017-02-13,1395/11/25,1395,11,25,real_estate,انبوه سازی، املاک و مستغلات,4654922806626448,745.0,738.8,738.8,TSETMC
2017-02-14,1395/11/26,1395,11,26,real_estate,انبوه سازی، املاک و مستغلات,4654922806626448,748.1,739.5,747.0,TSETMC
2017-02-15,1395/11/27,1395,11,27,real_estate,انبوه سازی، املاک و مستغلات,4654922806626448,755.4,748.7,748.7,TSETMC
2017-02-18,1395/11/30,1395,11,30,real_estate,انبوه سازی، املاک و مستغلات,4654922806626448,749.9,742.8,742.8,TSETMC
2017-02-19,1395/12/01,1395,12,1,real_estate,انبوه سازی، املاک و مستغلات,4654922806626448,755.5,741.3,753.7,TSETMC
2017-02-20,1395/12/02,1395,12,2,real_estate,انبوه سازی، املاک و مستغلات,4654922806626448,761.7,754.8,756.9,TSETMC
2017-02-21,1395/12/03,1395,12,3,real_estate,انبوه سازی، املاک و مستغلات,4654922806626448,761.1,754.5,754.5,TSETMC
2017-02-22,1395/12/04,1395,12,4,real_estate,انبوه سازی، املاک و مستغلات,4654922806626448,758.7,751.0,751.0,TSETMC
2017-02-25,1395/12/07,1395,12,7,real_estate,انبوه سازی، املاک و مستغلات,4654922806626448,749.8,747.1,747.8,TSETMC
2017-02-26,1395/12/08,1395,12,8,real_estate,انبوه سازی، املاک و مستغلات,4654922806626448,750.1,744.6,744.6,TSETMC
2017-02-27,1395/12/09,1395,12,9,real_estate,انبوه سازی، املاک و مستغلات,4654922806626448,756.2,747.7,753.4,TSETMC
2017-02-28,1395/12/10,1395,12,10,real_estate,انبوه سازی، املاک و مستغلات,4654922806626448,752.7,739.9,739.9,TSETMC
2017-03-01,1395/12/11,1395,12,11,real_estate,انبوه سازی، املاک و مستغلات,4654922806626448,744.2,740.8,740.8,TSETMC
2017-03-04,1395/12/14,1395,12,14,real_estate,انبوه سازی، املاک و مستغلات,4654922806626448,742.2,735.4,735.4,TSETMC
2017-03-05,1395/12/15,1395,12,15,real_estate,انبوه سازی، املاک و مستغلات,4654922806626448,734.1,723.3,723.3,TSETMC
2017-03-06,1395/12/16,1395,12,16,real_estate,انبوه سازی، املاک و مستغلات,4654922806626448,722.9,721.1,721.3,TSETMC
2017-03-07,1395/12/17,1395,12,17,real_estate,انبوه سازی، املاک و مستغلات,4654922806626448,723.0,713.1,713.1,TSETMC
2017-03-08,1395/12/18,1395,12,18,real_estate,انبوه سازی، املاک و مستغلات,4654922806626448,716.9,710.9,710.9,TSETMC
2017-03-11,1395/12/21,1395,12,21,real_estate,انبوه سازی، املاک و مستغلات,4654922806626448,712.6,703.0,703.0,TSETMC
2017-03-12,1395/12/22,1395,12,22,real_estate,انبوه سازی، املاک و مستغلات,4654922806626448,705.1,702.0,702.0,TSETMC
2017-03-13,1395/12/23,1395,12,23,real_estate,انبوه سازی، املاک و مستغلات,4654922806626448,707.7,702.7,707.7,TSETMC
2017-03-14,1395/12/24,1395,12,24,real_estate,انبوه سازی، املاک و مستغلات,4654922806626448,715.1,711.4,713.8,TSETMC
2017-03-15,1395/12/25,1395,12,25,real_estate,انبوه سازی، املاک و مستغلات,4654922806626448,726.2,719.1,724.7,TSETMC
2017-03-18,1395/12/28,1395,12,28,real_estate,انبوه سازی، املاک و مستغلات,4654922806626448,734.8,724.2,734.8,TSETMC
2017-03-25,1396/01/05,1396,1,5,real_estate,انبوه سازی، املاک و مستغلات,4654922806626448,748.8,738.6,747.9,TSETMC
2017-03-26,1396/01/06,1396,1,6,real_estate,انبوه سازی، املاک و مستغلات,4654922806626448,765.5,751.5,765.4,TSETMC
2017-03-27,1396/01/07,1396,1,7,real_estate,انبوه سازی، املاک و مستغلات,4654922806626448,772.9,768.8,772.8,TSETMC
2017-03-28,1396/01/08,1396,1,8,real_estate,انبوه سازی، املاک و مستغلات,4654922806626448,773.4,770.8,771.2,TSETMC
2017-03-29,1396/01/09,1396,1,9,real_estate,انبوه سازی، املاک و مستغلات,4654922806626448,771.0,770.0,770.0,TSETMC
2017-04-03,1396/01/14,1396,1,14,real_estate,انبوه سازی، املاک و مستغلات,4654922806626448,784.4,770.8,784.4,TSETMC
2017-04-04,1396/01/15,1396,1,15,real_estate,انبوه سازی، املاک و مستغلات,4654922806626448,788.1,784.8,784.7,TSETMC
2017-04-05,1396/01/16,1396,1,16,real_estate,انبوه سازی، املاک و مستغلات,4654922806626448,784.1,780.1,780.1,TSETMC
2017-04-08,1396/01/19,1396,1,19,real_estate,انبوه سازی، املاک و مستغلات,4654922806626448,786.8,783.5,785.9,TSETMC
2017-04-09,1396/01/20,1396,1,20,real_estate,انبوه سازی، املاک و مستغلات,4654922806626448,798.1,786.8,798.1,TSETMC
2017-04-10,1396/01/21,1396,1,21,real_estate,انبوه سازی، املاک و مستغلات,4654922806626448,832.0,816.6,829.4,TSETMC
2017-04-12,1396/01/23,1396,1,23,real_estate,انبوه سازی، املاک و مستغلات,4654922806626448,831.5,815.9,815.9,TSETMC
2017-04-15,1396/01/26,1396,1,26,real_estate,انبوه سازی، املاک و مستغلات,4654922806626448,822.2,817.5,817.8,TSETMC
2017-04-16,1396/01/27,1396,1,27,real_estate,انبوه سازی، املاک و مستغلات,4654922806626448,816.4,812.4,814.1,TSETMC
2017-04-17,1396/01/28,1396,1,28,real_estate,انبوه سازی، املاک و مستغلات,4654922806626448,825.7,819.8,821.0,TSETMC
2017-04-18,1396/01/29,1396,1,29,real_estate,انبوه سازی، املاک و مستغلات,4654922806626448,822.9,806.9,806.9,TSETMC
2017-04-19,1396/01/30,1396,1,30,real_estate,انبوه سازی، املاک و مستغلات,4654922806626448,808.2,800.8,800.8,TSETMC
2017-04-22,1396/02/02,1396,2,2,real_estate,انبوه سازی، املاک و مستغلات,4654922806626448,804.3,799.3,803.7,TSETMC
2017-04-23,1396/02/03,1396,2,3,real_estate,انبوه سازی، املاک و مستغلات,4654922806626448,806.0,801.6,801.6,TSETMC
2017-04-24,1396/02/04,1396,2,4,real_estate,انبوه سازی، املاک و مستغلات,4654922806626448,814.1,802.8,814.0,TSETMC
2017-04-26,1396/02/06,1396,2,6,real_estate,انبوه سازی، املاک و مستغلات,4654922806626448,823.0,816.6,816.6,TSETMC
2017-04-29,1396/02/09,1396,2,9,real_estate,انبوه سازی، املاک و مستغلات,4654922806626448,815.8,803.6,803.6,TSETMC
2017-04-30,1396/02/10,1396,2,10,real_estate,انبوه سازی، املاک و مستغلات,4654922806626448,806.0,798.1,805.6,TSETMC
2017-05-01,1396/02/11,1396,2,11,real_estate,انبوه سازی، املاک و مستغلات,4654922806626448,811.1,807.6,808.1,TSETMC
2017-05-02,1396/02/12,1396,2,12,real_estate,انبوه سازی، املاک و مستغلات,4654922806626448,806.9,799.0,799.0,TSETMC
2017-05-03,1396/02/13,1396,2,13,real_estate,انبوه سازی، املاک و مستغلات,4654922806626448,812.1,797.1,812.0,TSETMC
2017-05-06,1396/02/16,1396,2,16,real_estate,انبوه سازی، املاک و مستغلات,4654922806626448,824.7,819.4,821.2,TSETMC
2017-05-07,1396/02/17,1396,2,17,real_estate,انبوه سازی، املاک و مستغلات,4654922806626448,824.2,818.5,818.4,TSETMC
2017-05-08,1396/02/18,1396,2,18,real_estate,انبوه سازی، املاک و مستغلات,4654922806626448,818.2,804.2,804.2,TSETMC
2017-05-09,1396/02/19,1396,2,19,real_estate,انبوه سازی، املاک و مستغلات,4654922806626448,804.3,790.1,790.1,TSETMC
2017-05-10,1396/02/20,1396,2,20,real_estate,انبوه سازی، املاک و مستغلات,4654922806626448,793.1,790.5,791.6,TSETMC
2017-05-13,1396/02/23,1396,2,23,real_estate,انبوه سازی، املاک و مستغلات,4654922806626448,792.1,786.4,786.4,TSETMC
2017-05-14,1396/02/24,1396,2,24,real_estate,انبوه سازی، املاک و مستغلات,4654922806626448,786.5,783.5,784.6,TSETMC
2017-05-15,1396/02/25,1396,2,25,real_estate,انبوه سازی، املاک و مستغلات,4654922806626448,785.8,781.7,781.7,TSETMC
2017-05-16,1396/02/26,1396,2,26,real_estate,انبوه سازی، املاک و مستغلات,4654922806626448,787.7,782.6,787.2,TSETMC
2017-05-17,1396/02/27,1396,2,27,real_estate,انبوه سازی، املاک و مستغلات,4654922806626448,787.7,779.4,779.4,TSETMC
2017-05-20,1396/02/30,1396,2,30,real_estate,انبوه سازی، املاک و مستغلات,4654922806626448,788.6,782.0,788.6,TSETMC
2017-05-21,1396/02/31,1396,2,31,real_estate,انبوه سازی، املاک و مستغلات,4654922806626448,788.4,782.1,782.3,TSETMC
2017-05-22,1396/03/01,1396,3,1,real_estate,انبوه سازی، املاک و مستغلات,4654922806626448,785.3,781.2,784.0,TSETMC
2017-05-23,1396/03/02,1396,3,2,real_estate,انبوه سازی، املاک و مستغلات,4654922806626448,792.5,784.7,791.7,TSETMC
2017-05-24,1396/03/03,1396,3,3,real_estate,انبوه سازی، املاک و مستغلات,4654922806626448,794.3,791.9,793.5,TSETMC
2017-05-27,1396/03/06,1396,3,6,real_estate,انبوه سازی، املاک و مستغلات,4654922806626448,793.7,776.6,776.7,TSETMC
2017-05-28,1396/03/07,1396,3,7,real_estate,انبوه سازی، املاک و مستغلات,4654922806626448,776.7,771.4,771.4,TSETMC
2017-05-29,1396/03/08,1396,3,8,real_estate,انبوه سازی، املاک و مستغلات,4654922806626448,771.2,769.3,770.4,TSETMC
2017-05-30,1396/03/09,1396,3,9,real_estate,انبوه سازی، املاک و مستغلات,4654922806626448,770.6,768.8,769.7,TSETMC
2017-05-31,1396/03/10,1396,3,10,real_estate,انبوه سازی، املاک و مستغلات,4654922806626448,773.0,768.9,768.9,TSETMC
2017-06-03,1396/03/13,1396,3,13,real_estate,انبوه سازی، املاک و مستغلات,4654922806626448,771.9,769.7,769.7,TSETMC
2017-06-06,1396/03/16,1396,3,16,real_estate,انبوه سازی، املاک و مستغلات,4654922806626448,770.5,760.4,760.3,TSETMC
2017-06-07,1396/03/17,1396,3,17,real_estate,انبوه سازی، املاک و مستغلات,4654922806626448,769.6,753.2,753.2,TSETMC
2017-06-10,1396/03/20,1396,3,20,real_estate,انبوه سازی، املاک و مستغلات,4654922806626448,756.6,753.1,753.1,TSETMC
2017-06-11,1396/03/21,1396,3,21,real_estate,انبوه سازی، املاک و مستغلات,4654922806626448,754.4,745.8,745.7,TSETMC
2017-06-12,1396/03/22,1396,3,22,real_estate,انبوه سازی، املاک و مستغلات,4654922806626448,749.7,744.2,744.3,TSETMC
2017-06-13,1396/03/23,1396,3,23,real_estate,انبوه سازی، املاک و مستغلات,4654922806626448,754.2,744.5,753.1,TSETMC
2017-06-14,1396/03/24,1396,3,24,real_estate,انبوه سازی، املاک و مستغلات,4654922806626448,756.4,754.2,754.7,TSETMC
2017-06-17,1396/03/27,1396,3,27,real_estate,انبوه سازی، املاک و مستغلات,4654922806626448,756.9,743.4,744.2,TSETMC
2017-06-18,1396/03/28,1396,3,28,real_estate,انبوه سازی، املاک و مستغلات,4654922806626448,744.0,732.7,732.7,TSETMC
2017-06-19,1396/03/29,1396,3,29,real_estate,انبوه سازی، املاک و مستغلات,4654922806626448,733.3,729.9,733.3,TSETMC
2017-06-20,1396/03/30,1396,3,30,real_estate,انبوه سازی، املاک و مستغلات,4654922806626448,741.4,735.5,741.4,TSETMC
2017-06-21,1396/03/31,1396,3,31,real_estate,انبوه سازی، املاک و مستغلات,4654922806626448,748.0,743.3,746.9,TSETMC
2017-06-24,1396/04/03,1396,4,3,real_estate,انبوه سازی، املاک و مستغلات,4654922806626448,752.4,750.1,752.4,TSETMC
2017-06-25,1396/04/04,1396,4,4,real_estate,انبوه سازی، املاک و مستغلات,4654922806626448,765.3,758.0,765.3,TSETMC
2017-06-28,1396/04/07,1396,4,7,real_estate,انبوه سازی، املاک و مستغلات,4654922806626448,768.7,762.4,762.4,TSETMC
2017-07-01,1396/04/10,1396,4,10,real_estate,انبوه سازی، املاک و مستغلات,4654922806626448,766.0,761.8,761.8,TSETMC
2017-07-02,1396/04/11,1396,4,11,real_estate,انبوه سازی، املاک و مستغلات,4654922806626448,761.9,757.5,757.5,TSETMC
2017-07-03,1396/04/12,1396,4,12,real_estate,انبوه سازی، املاک و مستغلات,4654922806626448,758.0,753.3,753.3,TSETMC
2017-07-04,1396/04/13,1396,4,13,real_estate,انبوه سازی، املاک و مستغلات,4654922806626448,756.2,752.1,755.4,TSETMC
2017-07-05,1396/04/14,1396,4,14,real_estate,انبوه سازی، املاک و مستغلات,4654922806626448,768.8,762.9,767.7,TSETMC
2017-07-08,1396/04/17,1396,4,17,real_estate,انبوه سازی، املاک و مستغلات,4654922806626448,773.6,770.8,770.8,TSETMC
2017-07-09,1396/04/18,1396,4,18,real_estate,انبوه سازی، املاک و مستغلات,4654922806626448,770.9,765.2,765.2,TSETMC
2017-07-10,1396/04/19,1396,4,19,real_estate,انبوه سازی، املاک و مستغلات,4654922806626448,765.5,761.0,762.5,TSETMC
2017-07-11,1396/04/20,1396,4,20,real_estate,انبوه سازی، املاک و مستغلات,4654922806626448,768.6,764.8,764.8,TSETMC
2017-07-12,1396/04/21,1396,4,21,real_estate,انبوه سازی، املاک و مستغلات,4654922806626448,763.7,755.0,755.0,TSETMC
2017-07-15,1396/04/24,1396,4,24,real_estate,انبوه سازی، املاک و مستغلات,4654922806626448,770.5,756.6,770.3,TSETMC
2017-07-16,1396/04/25,1396,4,25,real_estate,انبوه سازی، املاک و مستغلات,4654922806626448,781.0,776.9,776.9,TSETMC
2017-07-17,1396/04/26,1396,4,26,real_estate,انبوه سازی، املاک و مستغلات,4654922806626448,778.5,772.3,772.6,TSETMC
2017-07-18,1396/04/27,1396,4,27,real_estate,انبوه سازی، املاک و مستغلات,4654922806626448,773.6,770.7,771.2,TSETMC
2017-07-19,1396/04/28,1396,4,28,real_estate,انبوه سازی، املاک و مستغلات,4654922806626448,784.1,770.9,784.1,TSETMC
2017-07-22,1396/04/31,1396,4,31,real_estate,انبوه سازی، املاک و مستغلات,4654922806626448,801.1,793.6,800.9,TSETMC
2017-07-23,1396/05/01,1396,5,1,real_estate,انبوه سازی، املاک و مستغلات,4654922806626448,812.0,804.7,804.7,TSETMC
2017-07-24,1396/05/02,1396,5,2,real_estate,انبوه سازی، املاک و مستغلات,4654922806626448,805.0,798.1,798.0,TSETMC
2017-07-25,1396/05/03,1396,5,3,real_estate,انبوه سازی، املاک و مستغلات,4654922806626448,803.9,796.6,801.6,TSETMC
2017-07-26,1396/05/04,1396,5,4,real_estate,انبوه سازی، املاک و مستغلات,4654922806626448,809.0,798.7,802.8,TSETMC
2017-07-29,1396/05/07,1396,5,7,real_estate,انبوه سازی، املاک و مستغلات,4654922806626448,798.5,790.3,791.9,TSETMC
2017-07-30,1396/05/08,1396,5,8,real_estate,انبوه سازی، املاک و مستغلات,4654922806626448,801.7,796.0,800.0,TSETMC
2017-07-31,1396/05/09,1396,5,9,real_estate,انبوه سازی، املاک و مستغلات,4654922806626448,801.3,781.3,781.3,TSETMC
2017-08-01,1396/05/10,1396,5,10,real_estate,انبوه سازی، املاک و مستغلات,4654922806626448,780.6,775.7,777.0,TSETMC
2017-08-02,1396/05/11,1396,5,11,real_estate,انبوه سازی، املاک و مستغلات,4654922806626448,779.3,776.6,779.3,TSETMC
2017-08-06,1396/05/15,1396,5,15,real_estate,انبوه سازی، املاک و مستغلات,4654922806626448,783.1,778.6,782.5,TSETMC
2017-08-07,1396/05/16,1396,5,16,real_estate,انبوه سازی، املاک و مستغلات,4654922806626448,787.1,784.1,784.1,TSETMC
2017-08-08,1396/05/17,1396,5,17,real_estate,انبوه سازی، املاک و مستغلات,4654922806626448,783.7,778.2,782.2,TSETMC
2017-08-09,1396/05/18,1396,5,18,real_estate,انبوه سازی، املاک و مستغلات,4654922806626448,783.1,778.1,778.5,TSETMC
2017-08-12,1396/05/21,1396,5,21,real_estate,انبوه سازی، املاک و مستغلات,4654922806626448,779.0,768.0,768.0,TSETMC
2017-08-13,1396/05/22,1396,5,22,real_estate,انبوه سازی، املاک و مستغلات,4654922806626448,767.4,756.4,756.4,TSETMC
2017-08-14,1396/05/23,1396,5,23,real_estate,انبوه سازی، املاک و مستغلات,4654922806626448,755.5,751.9,751.9,TSETMC
2017-08-15,1396/05/24,1396,5,24,real_estate,انبوه سازی، املاک و مستغلات,4654922806626448,753.0,750.1,753.0,TSETMC
2017-08-16,1396/05/25,1396,5,25,real_estate,انبوه سازی، املاک و مستغلات,4654922806626448,757.9,753.5,755.2,TSETMC
2017-08-19,1396/05/28,1396,5,28,real_estate,انبوه سازی، املاک و مستغلات,4654922806626448,755.5,753.5,753.5,TSETMC
2017-08-20,1396/05/29,1396,5,29,real_estate,انبوه سازی، املاک و مستغلات,4654922806626448,754.6,743.0,743.5,TSETMC
2017-08-21,1396/05/30,1396,5,30,real_estate,انبوه سازی، املاک و مستغلات,4654922806626448,744.0,739.0,739.0,TSETMC
2017-08-22,1396/05/31,1396,5,31,real_estate,انبوه سازی، املاک و مستغلات,4654922806626448,739.5,734.5,734.5,TSETMC
2017-08-23,1396/06/01,1396,6,1,real_estate,انبوه سازی، املاک و مستغلات,4654922806626448,738.6,737.8,737.8,TSETMC
2017-08-26,1396/06/04,1396,6,4,real_estate,انبوه سازی، املاک و مستغلات,4654922806626448,741.2,736.8,741.2,TSETMC
2017-08-27,1396/06/05,1396,6,5,real_estate,انبوه سازی، املاک و مستغلات,4654922806626448,743.7,738.3,738.3,TSETMC
2017-08-28,1396/06/06,1396,6,6,real_estate,انبوه سازی، املاک و مستغلات,4654922806626448,740.6,729.6,729.6,TSETMC
2017-08-29,1396/06/07,1396,6,7,real_estate,انبوه سازی، املاک و مستغلات,4654922806626448,729.8,722.9,722.9,TSETMC
2017-08-30,1396/06/08,1396,6,8,real_estate,انبوه سازی، املاک و مستغلات,4654922806626448,726.0,721.4,726.0,TSETMC
2017-09-02,1396/06/11,1396,6,11,real_estate,انبوه سازی، املاک و مستغلات,4654922806626448,727.9,725.1,725.9,TSETMC
2017-09-03,1396/06/12,1396,6,12,real_estate,انبوه سازی، املاک و مستغلات,4654922806626448,728.7,723.3,723.3,TSETMC
2017-09-04,1396/06/13,1396,6,13,real_estate,انبوه سازی، املاک و مستغلات,4654922806626448,727.2,726.0,726.1,TSETMC
2017-09-05,1396/06/14,1396,6,14,real_estate,انبوه سازی، املاک و مستغلات,4654922806626448,726.1,722.9,722.9,TSETMC
2017-09-06,1396/06/15,1396,6,15,real_estate,انبوه سازی، املاک و مستغلات,4654922806626448,724.2,720.8,720.8,TSETMC
2017-09-10,1396/06/19,1396,6,19,real_estate,انبوه سازی، املاک و مستغلات,4654922806626448,720.8,712.0,712.0,TSETMC
2017-09-11,1396/06/20,1396,6,20,real_estate,انبوه سازی، املاک و مستغلات,4654922806626448,711.8,710.1,710.1,TSETMC
2017-09-12,1396/06/21,1396,6,21,real_estate,انبوه سازی، املاک و مستغلات,4654922806626448,710.1,700.2,700.2,TSETMC
2017-09-13,1396/06/22,1396,6,22,real_estate,انبوه سازی، املاک و مستغلات,4654922806626448,700.2,696.1,696.2,TSETMC
2017-09-16,1396/06/25,1396,6,25,real_estate,انبوه سازی، املاک و مستغلات,4654922806626448,701.6,696.7,700.7,TSETMC
2017-09-17,1396/06/26,1396,6,26,real_estate,انبوه سازی، املاک و مستغلات,4654922806626448,705.8,702.0,702.0,TSETMC
2017-09-18,1396/06/27,1396,6,27,real_estate,انبوه سازی، املاک و مستغلات,4654922806626448,702.9,701.9,702.7,TSETMC
2017-09-19,1396/06/28,1396,6,28,real_estate,انبوه سازی، املاک و مستغلات,4654922806626448,702.8,700.0,700.0,TSETMC
2017-09-20,1396/06/29,1396,6,29,real_estate,انبوه سازی، املاک و مستغلات,4654922806626448,700.6,695.9,695.9,TSETMC
2017-09-23,1396/07/01,1396,7,1,real_estate,انبوه سازی، املاک و مستغلات,4654922806626448,699.3,695.6,697.6,TSETMC
2017-09-24,1396/07/02,1396,7,2,real_estate,انبوه سازی، املاک و مستغلات,4654922806626448,699.2,696.0,696.0,TSETMC
2017-09-25,1396/07/03,1396,7,3,real_estate,انبوه سازی، املاک و مستغلات,4654922806626448,695.8,694.1,695.1,TSETMC
2017-09-26,1396/07/04,1396,7,4,real_estate,انبوه سازی، املاک و مستغلات,4654922806626448,697.0,694.9,697.0,TSETMC
2017-09-27,1396/07/05,1396,7,5,real_estate,انبوه سازی، املاک و مستغلات,4654922806626448,697.5,696.6,697.5,TSETMC
2017-10-02,1396/07/10,1396,7,10,real_estate,انبوه سازی، املاک و مستغلات,4654922806626448,701.8,696.4,696.4,TSETMC
2017-10-03,1396/07/11,1396,7,11,real_estate,انبوه سازی، املاک و مستغلات,4654922806626448,697.8,691.1,691.1,TSETMC
2017-10-04,1396/07/12,1396,7,12,real_estate,انبوه سازی، املاک و مستغلات,4654922806626448,690.9,687.5,688.2,TSETMC
2017-10-07,1396/07/15,1396,7,15,real_estate,انبوه سازی، املاک و مستغلات,4654922806626448,690.9,685.4,685.4,TSETMC
2017-10-08,1396/07/16,1396,7,16,real_estate,انبوه سازی، املاک و مستغلات,4654922806626448,688.1,665.4,665.4,TSETMC
2017-10-09,1396/07/17,1396,7,17,real_estate,انبوه سازی، املاک و مستغلات,4654922806626448,665.8,664.2,664.2,TSETMC
2017-10-10,1396/07/18,1396,7,18,real_estate,انبوه سازی، املاک و مستغلات,4654922806626448,670.9,664.2,670.9,TSETMC
2017-10-11,1396/07/19,1396,7,19,real_estate,انبوه سازی، املاک و مستغلات,4654922806626448,676.7,673.0,676.3,TSETMC
2017-10-14,1396/07/22,1396,7,22,real_estate,انبوه سازی، املاک و مستغلات,4654922806626448,679.3,677.4,679.3,TSETMC
2017-10-15,1396/07/23,1396,7,23,real_estate,انبوه سازی، املاک و مستغلات,4654922806626448,683.6,679.4,683.6,TSETMC
2017-10-16,1396/07/24,1396,7,24,real_estate,انبوه سازی، املاک و مستغلات,4654922806626448,691.7,689.1,690.1,TSETMC
2017-10-17,1396/07/25,1396,7,25,real_estate,انبوه سازی، املاک و مستغلات,4654922806626448,690.4,687.7,688.3,TSETMC
2017-10-18,1396/07/26,1396,7,26,real_estate,انبوه سازی، املاک و مستغلات,4654922806626448,688.5,687.1,687.1,TSETMC
2017-10-21,1396/07/29,1396,7,29,real_estate,انبوه سازی، املاک و مستغلات,4654922806626448,689.6,684.7,684.7,TSETMC
2017-10-22,1396/07/30,1396,7,30,real_estate,انبوه سازی، املاک و مستغلات,4654922806626448,689.7,686.5,689.3,TSETMC
2017-10-23,1396/08/01,1396,8,1,real_estate,انبوه سازی، املاک و مستغلات,4654922806626448,696.9,694.6,695.6,TSETMC
2017-10-24,1396/08/02,1396,8,2,real_estate,انبوه سازی، املاک و مستغلات,4654922806626448,694.8,689.4,689.4,TSETMC
2017-10-25,1396/08/03,1396,8,3,real_estate,انبوه سازی، املاک و مستغلات,4654922806626448,689.3,686.4,686.4,TSETMC
2017-10-28,1396/08/06,1396,8,6,real_estate,انبوه سازی، املاک و مستغلات,4654922806626448,688.7,686.4,686.4,TSETMC
2017-10-29,1396/08/07,1396,8,7,real_estate,انبوه سازی، املاک و مستغلات,4654922806626448,686.4,672.1,672.1,TSETMC
2017-10-30,1396/08/08,1396,8,8,real_estate,انبوه سازی، املاک و مستغلات,4654922806626448,672.3,667.3,667.3,TSETMC
2017-10-31,1396/08/09,1396,8,9,real_estate,انبوه سازی، املاک و مستغلات,4654922806626448,666.1,663.2,663.2,TSETMC
2017-11-01,1396/08/10,1396,8,10,real_estate,انبوه سازی، املاک و مستغلات,4654922806626448,661.3,658.5,659.5,TSETMC
2017-11-04,1396/08/13,1396,8,13,real_estate,انبوه سازی، املاک و مستغلات,4654922806626448,666.2,661.2,665.5,TSETMC
2017-11-05,1396/08/14,1396,8,14,real_estate,انبوه سازی، املاک و مستغلات,4654922806626448,666.2,662.5,662.5,TSETMC
2017-11-06,1396/08/15,1396,8,15,real_estate,انبوه سازی، املاک و مستغلات,4654922806626448,662.5,656.2,656.2,TSETMC
2017-11-07,1396/08/16,1396,8,16,real_estate,انبوه سازی، املاک و مستغلات,4654922806626448,661.5,656.5,661.5,TSETMC
2017-11-08,1396/08/17,1396,8,17,real_estate,انبوه سازی، املاک و مستغلات,4654922806626448,665.7,664.1,664.1,TSETMC
2017-11-11,1396/08/20,1396,8,20,real_estate,انبوه سازی، املاک و مستغلات,4654922806626448,670.4,664.0,670.4,TSETMC
2017-11-12,1396/08/21,1396,8,21,real_estate,انبوه سازی، املاک و مستغلات,4654922806626448,670.4,668.2,668.2,TSETMC
2017-11-13,1396/08/22,1396,8,22,real_estate,انبوه سازی، املاک و مستغلات,4654922806626448,668.3,664.9,664.9,TSETMC
2017-11-14,1396/08/23,1396,8,23,real_estate,انبوه سازی، املاک و مستغلات,4654922806626448,665.5,664.9,665.2,TSETMC
2017-11-15,1396/08/24,1396,8,24,real_estate,انبوه سازی، املاک و مستغلات,4654922806626448,666.6,665.7,666.4,TSETMC
2017-11-18,1396/08/27,1396,8,27,real_estate,انبوه سازی، املاک و مستغلات,4654922806626448,666.4,664.9,664.9,TSETMC
2017-11-20,1396/08/29,1396,8,29,real_estate,انبوه سازی، املاک و مستغلات,4654922806626448,667.0,665.3,666.6,TSETMC
2017-11-21,1396/08/30,1396,8,30,real_estate,انبوه سازی، املاک و مستغلات,4654922806626448,666.6,661.5,661.5,TSETMC
2017-11-22,1396/09/01,1396,9,1,real_estate,انبوه سازی، املاک و مستغلات,4654922806626448,663.5,661.4,662.1,TSETMC
2017-11-25,1396/09/04,1396,9,4,real_estate,انبوه سازی، املاک و مستغلات,4654922806626448,662.8,660.9,660.9,TSETMC
2017-11-26,1396/09/05,1396,9,5,real_estate,انبوه سازی، املاک و مستغلات,4654922806626448,661.9,661.0,661.0,TSETMC
2017-11-28,1396/09/07,1396,9,7,real_estate,انبوه سازی، املاک و مستغلات,4654922806626448,662.0,660.4,661.0,TSETMC
2017-11-29,1396/09/08,1396,9,8,real_estate,انبوه سازی، املاک و مستغلات,4654922806626448,660.6,659.6,659.6,TSETMC
2017-12-02,1396/09/11,1396,9,11,real_estate,انبوه سازی، املاک و مستغلات,4654922806626448,664.0,659.6,664.0,TSETMC
2017-12-03,1396/09/12,1396,9,12,real_estate,انبوه سازی، املاک و مستغلات,4654922806626448,668.5,664.3,668.5,TSETMC
2017-12-04,1396/09/13,1396,9,13,real_estate,انبوه سازی، املاک و مستغلات,4654922806626448,672.2,668.5,672.0,TSETMC
2017-12-05,1396/09/14,1396,9,14,real_estate,انبوه سازی، املاک و مستغلات,4654922806626448,673.1,671.3,671.8,TSETMC
2017-12-09,1396/09/18,1396,9,18,real_estate,انبوه سازی، املاک و مستغلات,4654922806626448,676.7,673.9,676.7,TSETMC
2017-12-10,1396/09/19,1396,9,19,real_estate,انبوه سازی، املاک و مستغلات,4654922806626448,680.1,678.7,679.8,TSETMC
2017-12-11,1396/09/20,1396,9,20,real_estate,انبوه سازی، املاک و مستغلات,4654922806626448,680.0,676.6,676.9,TSETMC
2017-12-12,1396/09/21,1396,9,21,real_estate,انبوه سازی، املاک و مستغلات,4654922806626448,683.4,676.2,682.9,TSETMC
2017-12-13,1396/09/22,1396,9,22,real_estate,انبوه سازی، املاک و مستغلات,4654922806626448,687.1,683.2,685.7,TSETMC
2017-12-14,1396/09/23,1396,9,23,real_estate,انبوه سازی، املاک و مستغلات,4654922806626448,685.7,685.7,685.7,TSETMC
2017-12-15,1396/09/24,1396,9,24,real_estate,انبوه سازی، املاک و مستغلات,4654922806626448,685.7,685.7,685.7,TSETMC
2017-12-16,1396/09/25,1396,9,25,real_estate,انبوه سازی، املاک و مستغلات,4654922806626448,690.6,689.3,689.8,TSETMC
2017-12-17,1396/09/26,1396,9,26,real_estate,انبوه سازی، املاک و مستغلات,4654922806626448,690.2,688.2,689.8,TSETMC
2017-12-18,1396/09/27,1396,9,27,real_estate,انبوه سازی، املاک و مستغلات,4654922806626448,689.9,685.7,685.7,TSETMC
2017-12-19,1396/09/28,1396,9,28,real_estate,انبوه سازی، املاک و مستغلات,4654922806626448,695.2,684.8,695.2,TSETMC
2017-12-20,1396/09/29,1396,9,29,real_estate,انبوه سازی، املاک و مستغلات,4654922806626448,702.7,696.6,700.6,TSETMC
2017-12-23,1396/10/02,1396,10,2,real_estate,انبوه سازی، املاک و مستغلات,4654922806626448,700.6,693.9,693.9,TSETMC
2017-12-24,1396/10/03,1396,10,3,real_estate,انبوه سازی، املاک و مستغلات,4654922806626448,693.8,690.1,690.1,TSETMC
2017-12-25,1396/10/04,1396,10,4,real_estate,انبوه سازی، املاک و مستغلات,4654922806626448,690.5,685.6,685.6,TSETMC
2017-12-26,1396/10/05,1396,10,5,real_estate,انبوه سازی، املاک و مستغلات,4654922806626448,688.3,684.7,686.7,TSETMC
2017-12-27,1396/10/06,1396,10,6,real_estate,انبوه سازی، املاک و مستغلات,4654922806626448,696.4,686.8,696.4,TSETMC
2017-12-30,1396/10/09,1396,10,9,real_estate,انبوه سازی، املاک و مستغلات,4654922806626448,696.4,688.3,689.8,TSETMC
2017-12-31,1396/10/10,1396,10,10,real_estate,انبوه سازی، املاک و مستغلات,4654922806626448,688.2,665.3,665.3,TSETMC
2018-01-01,1396/10/11,1396,10,11,real_estate,انبوه سازی، املاک و مستغلات,4654922806626448,667.4,664.2,666.6,TSETMC
2018-01-02,1396/10/12,1396,10,12,real_estate,انبوه سازی، املاک و مستغلات,4654922806626448,666.6,662.7,662.7,TSETMC
2018-01-03,1396/10/13,1396,10,13,real_estate,انبوه سازی، املاک و مستغلات,4654922806626448,662.7,655.7,655.8,TSETMC
2018-01-06,1396/10/16,1396,10,16,real_estate,انبوه سازی، املاک و مستغلات,4654922806626448,672.4,655.8,672.4,TSETMC
2018-01-07,1396/10/17,1396,10,17,real_estate,انبوه سازی، املاک و مستغلات,4654922806626448,697.5,673.2,697.5,TSETMC
2018-01-08,1396/10/18,1396,10,18,real_estate,انبوه سازی، املاک و مستغلات,4654922806626448,701.0,697.8,698.5,TSETMC
2018-01-09,1396/10/19,1396,10,19,real_estate,انبوه سازی، املاک و مستغلات,4654922806626448,698.4,688.8,688.8,TSETMC
2018-01-10,1396/10/20,1396,10,20,real_estate,انبوه سازی، املاک و مستغلات,4654922806626448,689.5,687.5,688.3,TSETMC
2018-01-13,1396/10/23,1396,10,23,real_estate,انبوه سازی، املاک و مستغلات,4654922806626448,690.7,689.4,689.4,TSETMC
2018-01-14,1396/10/24,1396,10,24,real_estate,انبوه سازی، املاک و مستغلات,4654922806626448,689.4,681.1,681.1,TSETMC
2018-01-15,1396/10/25,1396,10,25,real_estate,انبوه سازی، املاک و مستغلات,4654922806626448,681.9,676.7,676.7,TSETMC
2018-01-16,1396/10/26,1396,10,26,real_estate,انبوه سازی، املاک و مستغلات,4654922806626448,676.7,672.0,672.0,TSETMC
2018-01-17,1396/10/27,1396,10,27,real_estate,انبوه سازی، املاک و مستغلات,4654922806626448,672.9,671.9,672.7,TSETMC
2018-01-20,1396/10/30,1396,10,30,real_estate,انبوه سازی، املاک و مستغلات,4654922806626448,672.8,667.6,668.4,TSETMC
2018-01-21,1396/11/01,1396,11,1,real_estate,انبوه سازی، املاک و مستغلات,4654922806626448,668.4,662.9,663.2,TSETMC
2018-01-22,1396/11/02,1396,11,2,real_estate,انبوه سازی، املاک و مستغلات,4654922806626448,663.1,652.2,652.2,TSETMC
2018-01-23,1396/11/03,1396,11,3,real_estate,انبوه سازی، املاک و مستغلات,4654922806626448,654.6,652.3,654.6,TSETMC
2018-01-24,1396/11/04,1396,11,4,real_estate,انبوه سازی، املاک و مستغلات,4654922806626448,655.0,652.0,654.3,TSETMC
2018-01-27,1396/11/07,1396,11,7,real_estate,انبوه سازی، املاک و مستغلات,4654922806626448,661.6,654.3,661.6,TSETMC
2018-01-28,1396/11/08,1396,11,8,real_estate,انبوه سازی، املاک و مستغلات,4654922806626448,662.2,661.0,661.0,TSETMC
2018-01-29,1396/11/09,1396,11,9,real_estate,انبوه سازی، املاک و مستغلات,4654922806626448,666.8,660.5,662.1,TSETMC
2018-01-30,1396/11/10,1396,11,10,real_estate,انبوه سازی، املاک و مستغلات,4654922806626448,662.0,657.7,657.7,TSETMC
2018-01-31,1396/11/11,1396,11,11,real_estate,انبوه سازی، املاک و مستغلات,4654922806626448,657.7,655.3,655.3,TSETMC
2018-02-03,1396/11/14,1396,11,14,real_estate,انبوه سازی، املاک و مستغلات,4654922806626448,655.5,653.7,653.9,TSETMC
2018-02-04,1396/11/15,1396,11,15,real_estate,انبوه سازی، املاک و مستغلات,4654922806626448,653.9,650.0,650.0,TSETMC
2018-02-05,1396/11/16,1396,11,16,real_estate,انبوه سازی، املاک و مستغلات,4654922806626448,661.5,652.3,661.5,TSETMC
2018-02-06,1396/11/17,1396,11,17,real_estate,انبوه سازی، املاک و مستغلات,4654922806626448,662.7,661.5,662.4,TSETMC
2018-02-07,1396/11/18,1396,11,18,real_estate,انبوه سازی، املاک و مستغلات,4654922806626448,662.7,661.6,661.6,TSETMC
2018-02-10,1396/11/21,1396,11,21,real_estate,انبوه سازی، املاک و مستغلات,4654922806626448,661.6,660.5,661.4,TSETMC
2018-02-12,1396/11/23,1396,11,23,real_estate,انبوه سازی، املاک و مستغلات,4654922806626448,666.9,662.3,666.9,TSETMC
2018-02-13,1396/11/24,1396,11,24,real_estate,انبوه سازی، املاک و مستغلات,4654922806626448,677.6,667.6,677.6,TSETMC
2018-02-14,1396/11/25,1396,11,25,real_estate,انبوه سازی، املاک و مستغلات,4654922806626448,686.3,679.4,686.2,TSETMC
2018-02-17,1396/11/28,1396,11,28,real_estate,انبوه سازی، املاک و مستغلات,4654922806626448,697.0,687.7,694.8,TSETMC
2018-02-18,1396/11/29,1396,11,29,real_estate,انبوه سازی، املاک و مستغلات,4654922806626448,686.9,686.9,686.9,TSETMC
2018-02-19,1396/11/30,1396,11,30,real_estate,انبوه سازی، املاک و مستغلات,4654922806626448,692.2,688.3,691.3,TSETMC
2018-02-21,1396/12/02,1396,12,2,real_estate,انبوه سازی، املاک و مستغلات,4654922806626448,691.9,686.1,686.1,TSETMC
2018-02-24,1396/12/05,1396,12,5,real_estate,انبوه سازی، املاک و مستغلات,4654922806626448,687.9,679.7,679.7,TSETMC
2018-02-25,1396/12/06,1396,12,6,real_estate,انبوه سازی، املاک و مستغلات,4654922806626448,679.3,672.8,672.8,TSETMC
2018-02-26,1396/12/07,1396,12,7,real_estate,انبوه سازی، املاک و مستغلات,4654922806626448,674.3,667.5,668.0,TSETMC
2018-02-27,1396/12/08,1396,12,8,real_estate,انبوه سازی، املاک و مستغلات,4654922806626448,668.5,665.7,665.7,TSETMC
2018-02-28,1396/12/09,1396,12,9,real_estate,انبوه سازی، املاک و مستغلات,4654922806626448,666.2,662.5,662.5,TSETMC
2018-03-03,1396/12/12,1396,12,12,real_estate,انبوه سازی، املاک و مستغلات,4654922806626448,666.9,662.6,666.5,TSETMC
2018-03-04,1396/12/13,1396,12,13,real_estate,انبوه سازی، املاک و مستغلات,4654922806626448,666.8,661.3,661.3,TSETMC
2018-03-05,1396/12/14,1396,12,14,real_estate,انبوه سازی، املاک و مستغلات,4654922806626448,661.9,658.8,658.8,TSETMC
2018-03-06,1396/12/15,1396,12,15,real_estate,انبوه سازی، املاک و مستغلات,4654922806626448,658.8,657.0,657.3,TSETMC
2018-03-07,1396/12/16,1396,12,16,real_estate,انبوه سازی، املاک و مستغلات,4654922806626448,657.1,653.2,653.2,TSETMC
2018-03-10,1396/12/19,1396,12,19,real_estate,انبوه سازی، املاک و مستغلات,4654922806626448,653.3,650.0,650.0,TSETMC
2018-03-11,1396/12/20,1396,12,20,real_estate,انبوه سازی، املاک و مستغلات,4654922806626448,650.0,647.6,647.6,TSETMC
2018-03-12,1396/12/21,1396,12,21,real_estate,انبوه سازی، املاک و مستغلات,4654922806626448,647.7,646.3,646.3,TSETMC
2018-03-13,1396/12/22,1396,12,22,real_estate,انبوه سازی، املاک و مستغلات,4654922806626448,646.3,644.4,644.4,TSETMC
2018-03-14,1396/12/23,1396,12,23,real_estate,انبوه سازی، املاک و مستغلات,4654922806626448,644.6,641.2,641.2,TSETMC
2018-03-17,1396/12/26,1396,12,26,real_estate,انبوه سازی، املاک و مستغلات,4654922806626448,641.8,632.5,632.5,TSETMC
2018-03-18,1396/12/27,1396,12,27,real_estate,انبوه سازی، املاک و مستغلات,4654922806626448,633.2,630.4,630.5,TSETMC
2018-03-19,1396/12/28,1396,12,28,real_estate,انبوه سازی، املاک و مستغلات,4654922806626448,631.6,629.5,630.0,TSETMC
2018-03-25,1397/01/05,1397,1,5,real_estate,انبوه سازی، املاک و مستغلات,4654922806626448,632.6,630.0,631.9,TSETMC
2018-03-26,1397/01/06,1397,1,6,real_estate,انبوه سازی، املاک و مستغلات,4654922806626448,631.9,628.9,628.9,TSETMC
2018-03-27,1397/01/07,1397,1,7,real_estate,انبوه سازی، املاک و مستغلات,4654922806626448,629.3,628.0,628.4,TSETMC
2018-03-28,1397/01/08,1397,1,8,real_estate,انبوه سازی، املاک و مستغلات,4654922806626448,628.5,627.7,628.2,TSETMC
2018-04-03,1397/01/14,1397,1,14,real_estate,انبوه سازی، املاک و مستغلات,4654922806626448,629.8,628.2,629.6,TSETMC
2018-04-04,1397/01/15,1397,1,15,real_estate,انبوه سازی، املاک و مستغلات,4654922806626448,633.0,629.8,633.0,TSETMC
2018-04-07,1397/01/18,1397,1,18,real_estate,انبوه سازی، املاک و مستغلات,4654922806626448,635.9,634.2,634.7,TSETMC
2018-04-08,1397/01/19,1397,1,19,real_estate,انبوه سازی، املاک و مستغلات,4654922806626448,634.5,625.6,625.6,TSETMC
2018-04-09,1397/01/20,1397,1,20,real_estate,انبوه سازی، املاک و مستغلات,4654922806626448,625.6,611.0,611.0,TSETMC
2018-04-10,1397/01/21,1397,1,21,real_estate,انبوه سازی، املاک و مستغلات,4654922806626448,611.5,609.5,609.5,TSETMC
2018-04-11,1397/01/22,1397,1,22,real_estate,انبوه سازی، املاک و مستغلات,4654922806626448,609.7,600.7,600.7,TSETMC
2018-04-15,1397/01/26,1397,1,26,real_estate,انبوه سازی، املاک و مستغلات,4654922806626448,601.1,599.0,599.0,TSETMC
2018-04-16,1397/01/27,1397,1,27,real_estate,انبوه سازی، املاک و مستغلات,4654922806626448,603.8,599.5,603.8,TSETMC
2018-04-17,1397/01/28,1397,1,28,real_estate,انبوه سازی، املاک و مستغلات,4654922806626448,606.0,605.1,605.1,TSETMC
2018-04-18,1397/01/29,1397,1,29,real_estate,انبوه سازی، املاک و مستغلات,4654922806626448,607.1,605.0,605.9,TSETMC
2018-04-21,1397/02/01,1397,2,1,real_estate,انبوه سازی، املاک و مستغلات,4654922806626448,605.3,602.4,602.4,TSETMC
2018-04-22,1397/02/02,1397,2,2,real_estate,انبوه سازی، املاک و مستغلات,4654922806626448,602.6,597.1,597.1,TSETMC
2018-04-23,1397/02/03,1397,2,3,real_estate,انبوه سازی، املاک و مستغلات,4654922806626448,597.1,592.8,593.0,TSETMC
2018-04-24,1397/02/04,1397,2,4,real_estate,انبوه سازی، املاک و مستغلات,4654922806626448,595.4,593.2,595.4,TSETMC
2018-04-25,1397/02/05,1397,2,5,real_estate,انبوه سازی، املاک و مستغلات,4654922806626448,596.8,595.9,596.5,TSETMC
2018-04-28,1397/02/08,1397,2,8,real_estate,انبوه سازی، املاک و مستغلات,4654922806626448,597.0,592.1,592.1,TSETMC
2018-04-29,1397/02/09,1397,2,9,real_estate,انبوه سازی، املاک و مستغلات,4654922806626448,591.9,584.2,584.2,TSETMC
2018-04-30,1397/02/10,1397,2,10,real_estate,انبوه سازی، املاک و مستغلات,4654922806626448,583.8,582.0,582.0,TSETMC
2018-05-01,1397/02/11,1397,2,11,real_estate,انبوه سازی، املاک و مستغلات,4654922806626448,582.1,578.9,578.9,TSETMC
2018-05-05,1397/02/15,1397,2,15,real_estate,انبوه سازی، املاک و مستغلات,4654922806626448,579.0,575.1,575.1,TSETMC
2018-05-06,1397/02/16,1397,2,16,real_estate,انبوه سازی، املاک و مستغلات,4654922806626448,575.1,570.9,570.9,TSETMC
2018-05-07,1397/02/17,1397,2,17,real_estate,انبوه سازی، املاک و مستغلات,4654922806626448,574.8,570.9,574.8,TSETMC
2018-05-08,1397/02/18,1397,2,18,real_estate,انبوه سازی، املاک و مستغلات,4654922806626448,581.9,575.1,581.9,TSETMC
2018-05-09,1397/02/19,1397,2,19,real_estate,انبوه سازی، املاک و مستغلات,4654922806626448,580.9,576.6,576.6,TSETMC
2018-05-12,1397/02/22,1397,2,22,real_estate,انبوه سازی، املاک و مستغلات,4654922806626448,598.4,577.0,598.4,TSETMC
2018-05-13,1397/02/23,1397,2,23,real_estate,انبوه سازی، املاک و مستغلات,4654922806626448,617.4,601.4,617.4,TSETMC
2018-05-14,1397/02/24,1397,2,24,real_estate,انبوه سازی، املاک و مستغلات,4654922806626448,631.3,624.0,629.5,TSETMC
2018-05-15,1397/02/25,1397,2,25,real_estate,انبوه سازی، املاک و مستغلات,4654922806626448,631.0,617.5,617.5,TSETMC
2018-05-16,1397/02/26,1397,2,26,real_estate,انبوه سازی، املاک و مستغلات,4654922806626448,628.0,615.2,628.0,TSETMC
2018-05-19,1397/02/29,1397,2,29,real_estate,انبوه سازی، املاک و مستغلات,4654922806626448,655.0,635.5,654.5,TSETMC
2018-05-20,1397/02/30,1397,2,30,real_estate,انبوه سازی، املاک و مستغلات,4654922806626448,666.5,662.4,664.2,TSETMC
2018-05-21,1397/02/31,1397,2,31,real_estate,انبوه سازی، املاک و مستغلات,4654922806626448,663.7,660.0,660.1,TSETMC
2018-05-22,1397/03/01,1397,3,1,real_estate,انبوه سازی، املاک و مستغلات,4654922806626448,661.0,647.8,647.8,TSETMC
2018-05-23,1397/03/02,1397,3,2,real_estate,انبوه سازی، املاک و مستغلات,4654922806626448,653.2,646.8,650.2,TSETMC
2018-05-26,1397/03/05,1397,3,5,real_estate,انبوه سازی، املاک و مستغلات,4654922806626448,661.6,650.9,657.6,TSETMC
2018-05-27,1397/03/06,1397,3,6,real_estate,انبوه سازی، املاک و مستغلات,4654922806626448,656.2,644.7,644.7,TSETMC
2018-05-28,1397/03/07,1397,3,7,real_estate,انبوه سازی، املاک و مستغلات,4654922806626448,646.8,643.5,646.6,TSETMC
2018-05-29,1397/03/08,1397,3,8,real_estate,انبوه سازی، املاک و مستغلات,4654922806626448,646.8,643.5,643.5,TSETMC
2018-05-30,1397/03/09,1397,3,9,real_estate,انبوه سازی، املاک و مستغلات,4654922806626448,657.5,643.6,655.2,TSETMC
2018-06-02,1397/03/12,1397,3,12,real_estate,انبوه سازی، املاک و مستغلات,4654922806626448,683.0,662.1,683.0,TSETMC
2018-06-03,1397/03/13,1397,3,13,real_estate,انبوه سازی، املاک و مستغلات,4654922806626448,693.1,690.1,690.3,TSETMC
2018-06-09,1397/03/19,1397,3,19,real_estate,انبوه سازی، املاک و مستغلات,4654922806626448,704.6,689.8,704.2,TSETMC
2018-06-10,1397/03/20,1397,3,20,real_estate,انبوه سازی، املاک و مستغلات,4654922806626448,706.4,694.9,694.9,TSETMC
2018-06-11,1397/03/21,1397,3,21,real_estate,انبوه سازی، املاک و مستغلات,4654922806626448,694.8,683.0,683.0,TSETMC
2018-06-12,1397/03/22,1397,3,22,real_estate,انبوه سازی، املاک و مستغلات,4654922806626448,688.0,680.9,680.9,TSETMC
2018-06-13,1397/03/23,1397,3,23,real_estate,انبوه سازی، املاک و مستغلات,4654922806626448,688.8,678.7,687.4,TSETMC
2018-06-17,1397/03/27,1397,3,27,real_estate,انبوه سازی، املاک و مستغلات,4654922806626448,702.8,689.4,702.8,TSETMC
2018-06-18,1397/03/28,1397,3,28,real_estate,انبوه سازی، املاک و مستغلات,4654922806626448,703.8,684.0,684.0,TSETMC
2018-06-19,1397/03/29,1397,3,29,real_estate,انبوه سازی، املاک و مستغلات,4654922806626448,683.8,673.9,674.3,TSETMC
2018-06-20,1397/03/30,1397,3,30,real_estate,انبوه سازی، املاک و مستغلات,4654922806626448,683.7,673.0,682.0,TSETMC
2018-06-23,1397/04/02,1397,4,2,real_estate,انبوه سازی، املاک و مستغلات,4654922806626448,692.6,682.0,691.5,TSETMC
2018-06-24,1397/04/03,1397,4,3,real_estate,انبوه سازی، املاک و مستغلات,4654922806626448,694.4,687.7,687.7,TSETMC
2018-06-25,1397/04/04,1397,4,4,real_estate,انبوه سازی، املاک و مستغلات,4654922806626448,687.6,669.9,669.9,TSETMC
2018-06-26,1397/04/05,1397,4,5,real_estate,انبوه سازی، املاک و مستغلات,4654922806626448,669.8,659.1,659.1,TSETMC
2018-06-27,1397/04/06,1397,4,6,real_estate,انبوه سازی، املاک و مستغلات,4654922806626448,663.2,659.3,661.2,TSETMC
2018-06-30,1397/04/09,1397,4,9,real_estate,انبوه سازی، املاک و مستغلات,4654922806626448,665.7,661.2,663.7,TSETMC
2018-07-01,1397/04/10,1397,4,10,real_estate,انبوه سازی، املاک و مستغلات,4654922806626448,667.0,661.3,661.3,TSETMC
2018-07-02,1397/04/11,1397,4,11,real_estate,انبوه سازی، املاک و مستغلات,4654922806626448,666.5,661.1,665.7,TSETMC
2018-07-03,1397/04/12,1397,4,12,real_estate,انبوه سازی، املاک و مستغلات,4654922806626448,670.3,666.6,666.6,TSETMC
2018-07-04,1397/04/13,1397,4,13,real_estate,انبوه سازی، املاک و مستغلات,4654922806626448,670.6,662.8,662.8,TSETMC
2018-07-07,1397/04/16,1397,4,16,real_estate,انبوه سازی، املاک و مستغلات,4654922806626448,662.2,655.2,655.2,TSETMC
2018-07-08,1397/04/17,1397,4,17,real_estate,انبوه سازی، املاک و مستغلات,4654922806626448,655.1,644.6,644.6,TSETMC
2018-07-10,1397/04/19,1397,4,19,real_estate,انبوه سازی، املاک و مستغلات,4654922806626448,644.7,640.9,640.9,TSETMC
2018-07-11,1397/04/20,1397,4,20,real_estate,انبوه سازی، املاک و مستغلات,4654922806626448,643.4,634.4,634.4,TSETMC
2018-07-14,1397/04/23,1397,4,23,real_estate,انبوه سازی، املاک و مستغلات,4654922806626448,637.8,635.2,637.8,TSETMC
2018-07-15,1397/04/24,1397,4,24,real_estate,انبوه سازی، املاک و مستغلات,4654922806626448,642.9,638.4,642.8,TSETMC
2018-07-16,1397/04/25,1397,4,25,real_estate,انبوه سازی، املاک و مستغلات,4654922806626448,649.0,644.5,648.1,TSETMC
2018-07-17,1397/04/26,1397,4,26,real_estate,انبوه سازی، املاک و مستغلات,4654922806626448,648.2,641.5,641.5,TSETMC
2018-07-18,1397/04/27,1397,4,27,real_estate,انبوه سازی، املاک و مستغلات,4654922806626448,641.3,633.9,633.9,TSETMC
2018-07-21,1397/04/30,1397,4,30,real_estate,انبوه سازی، املاک و مستغلات,4654922806626448,640.8,634.1,640.8,TSETMC
2018-07-22,1397/04/31,1397,4,31,real_estate,انبوه سازی، املاک و مستغلات,4654922806626448,645.2,639.1,639.1,TSETMC
2018-07-23,1397/05/01,1397,5,1,real_estate,انبوه سازی، املاک و مستغلات,4654922806626448,638.9,626.9,626.9,TSETMC
2018-07-24,1397/05/02,1397,5,2,real_estate,انبوه سازی، املاک و مستغلات,4654922806626448,626.9,622.6,622.8,TSETMC
2018-07-25,1397/05/03,1397,5,3,real_estate,انبوه سازی، املاک و مستغلات,4654922806626448,629.6,626.6,626.6,TSETMC
2018-07-26,1397/05/04,1397,5,4,real_estate,انبوه سازی، املاک و مستغلات,4654922806626448,626.6,626.6,626.6,TSETMC
2018-07-27,1397/05/05,1397,5,5,real_estate,انبوه سازی، املاک و مستغلات,4654922806626448,626.6,626.6,626.6,TSETMC
2018-07-28,1397/05/06,1397,5,6,real_estate,انبوه سازی، املاک و مستغلات,4654922806626448,627.2,614.8,614.8,TSETMC
2018-07-29,1397/05/07,1397,5,7,real_estate,انبوه سازی، املاک و مستغلات,4654922806626448,614.4,607.2,607.2,TSETMC
2018-07-30,1397/05/08,1397,5,8,real_estate,انبوه سازی، املاک و مستغلات,4654922806626448,605.7,591.1,591.1,TSETMC
2018-07-31,1397/05/09,1397,5,9,real_estate,انبوه سازی، املاک و مستغلات,4654922806626448,607.6,590.5,607.6,TSETMC
2018-08-01,1397/05/10,1397,5,10,real_estate,انبوه سازی، املاک و مستغلات,4654922806626448,612.9,602.7,602.8,TSETMC
2018-08-04,1397/05/13,1397,5,13,real_estate,انبوه سازی، املاک و مستغلات,4654922806626448,605.6,599.4,600.4,TSETMC
2018-08-05,1397/05/14,1397,5,14,real_estate,انبوه سازی، املاک و مستغلات,4654922806626448,600.2,589.9,589.9,TSETMC
2018-08-06,1397/05/15,1397,5,15,real_estate,انبوه سازی، املاک و مستغلات,4654922806626448,589.8,570.5,570.5,TSETMC
2018-08-07,1397/05/16,1397,5,16,real_estate,انبوه سازی، املاک و مستغلات,4654922806626448,590.3,570.5,590.3,TSETMC
2018-08-08,1397/05/17,1397,5,17,real_estate,انبوه سازی، املاک و مستغلات,4654922806626448,598.8,592.2,598.7,TSETMC
2018-08-11,1397/05/20,1397,5,20,real_estate,انبوه سازی، املاک و مستغلات,4654922806626448,601.9,599.1,600.1,TSETMC
2018-08-12,1397/05/21,1397,5,21,real_estate,انبوه سازی، املاک و مستغلات,4654922806626448,600.1,594.9,595.0,TSETMC
2018-08-13,1397/05/22,1397,5,22,real_estate,انبوه سازی، املاک و مستغلات,4654922806626448,602.0,594.9,600.6,TSETMC
2018-08-14,1397/05/23,1397,5,23,real_estate,انبوه سازی، املاک و مستغلات,4654922806626448,600.6,595.9,595.9,TSETMC
2018-08-15,1397/05/24,1397,5,24,real_estate,انبوه سازی، املاک و مستغلات,4654922806626448,603.3,595.9,603.3,TSETMC
2018-08-18,1397/05/27,1397,5,27,real_estate,انبوه سازی، املاک و مستغلات,4654922806626448,627.6,604.6,627.6,TSETMC
2018-08-19,1397/05/28,1397,5,28,real_estate,انبوه سازی، املاک و مستغلات,4654922806626448,648.6,637.4,643.6,TSETMC
2018-08-20,1397/05/29,1397,5,29,real_estate,انبوه سازی، املاک و مستغلات,4654922806626448,643.5,625.2,625.2,TSETMC
2018-08-21,1397/05/30,1397,5,30,real_estate,انبوه سازی، املاک و مستغلات,4654922806626448,630.9,625.5,629.5,TSETMC
2018-08-25,1397/06/03,1397,6,3,real_estate,انبوه سازی، املاک و مستغلات,4654922806626448,640.4,629.6,640.4,TSETMC
2018-08-26,1397/06/04,1397,6,4,real_estate,انبوه سازی، املاک و مستغلات,4654922806626448,657.2,641.2,657.2,TSETMC
2018-08-27,1397/06/05,1397,6,5,real_estate,انبوه سازی، املاک و مستغلات,4654922806626448,665.4,657.8,661.3,TSETMC
2018-08-28,1397/06/06,1397,6,6,real_estate,انبوه سازی، املاک و مستغلات,4654922806626448,662.8,655.1,655.4,TSETMC
2018-08-29,1397/06/07,1397,6,7,real_estate,انبوه سازی، املاک و مستغلات,4654922806626448,659.9,655.5,658.1,TSETMC
2018-09-01,1397/06/10,1397,6,10,real_estate,انبوه سازی، املاک و مستغلات,4654922806626448,672.8,658.6,672.8,TSETMC
2018-09-02,1397/06/11,1397,6,11,real_estate,انبوه سازی، املاک و مستغلات,4654922806626448,676.7,666.1,666.1,TSETMC
2018-09-03,1397/06/12,1397,6,12,real_estate,انبوه سازی، املاک و مستغلات,4654922806626448,665.8,655.1,655.7,TSETMC
2018-09-04,1397/06/13,1397,6,13,real_estate,انبوه سازی، املاک و مستغلات,4654922806626448,662.2,655.6,661.3,TSETMC
2018-09-05,1397/06/14,1397,6,14,real_estate,انبوه سازی، املاک و مستغلات,4654922806626448,666.2,661.5,666.2,TSETMC
2018-09-08,1397/06/17,1397,6,17,real_estate,انبوه سازی، املاک و مستغلات,4654922806626448,695.1,667.8,695.1,TSETMC
2018-09-09,1397/06/18,1397,6,18,real_estate,انبوه سازی، املاک و مستغلات,4654922806626448,719.5,709.7,717.2,TSETMC
2018-09-10,1397/06/19,1397,6,19,real_estate,انبوه سازی، املاک و مستغلات,4654922806626448,728.3,719.6,728.2,TSETMC
2018-09-11,1397/06/20,1397,6,20,real_estate,انبوه سازی، املاک و مستغلات,4654922806626448,745.9,730.4,745.9,TSETMC
2018-09-12,1397/06/21,1397,6,21,real_estate,انبوه سازی، املاک و مستغلات,4654922806626448,772.6,754.6,772.6,TSETMC
2018-09-15,1397/06/24,1397,6,24,real_estate,انبوه سازی، املاک و مستغلات,4654922806626448,802.9,784.3,802.2,TSETMC
2018-09-16,1397/06/25,1397,6,25,real_estate,انبوه سازی، املاک و مستغلات,4654922806626448,803.4,786.9,803.4,TSETMC
2018-09-17,1397/06/26,1397,6,26,real_estate,انبوه سازی، املاک و مستغلات,4654922806626448,838.5,813.0,838.5,TSETMC
2018-09-18,1397/06/27,1397,6,27,real_estate,انبوه سازی، املاک و مستغلات,4654922806626448,888.5,855.2,878.2,TSETMC
2018-09-22,1397/06/31,1397,6,31,real_estate,انبوه سازی، املاک و مستغلات,4654922806626448,931.3,894.1,931.3,TSETMC
2018-09-23,1397/07/01,1397,7,1,real_estate,انبوه سازی، املاک و مستغلات,4654922806626448,957.8,948.4,956.7,TSETMC
2018-09-24,1397/07/02,1397,7,2,real_estate,انبوه سازی، املاک و مستغلات,4654922806626448,977.2,956.3,977.2,TSETMC
2018-09-25,1397/07/03,1397,7,3,real_estate,انبوه سازی، املاک و مستغلات,4654922806626448,1016.4,995.8,1013.0,TSETMC
2018-09-26,1397/07/04,1397,7,4,real_estate,انبوه سازی، املاک و مستغلات,4654922806626448,1052.7,1021.6,1052.7,TSETMC
2018-09-29,1397/07/07,1397,7,7,real_estate,انبوه سازی، املاک و مستغلات,4654922806626448,1086.2,1067.8,1086.2,TSETMC
2018-09-30,1397/07/08,1397,7,8,real_estate,انبوه سازی، املاک و مستغلات,4654922806626448,1156.8,1099.3,1156.8,TSETMC
2018-10-01,1397/07/09,1397,7,9,real_estate,انبوه سازی، املاک و مستغلات,4654922806626448,1191.2,1147.5,1147.6,TSETMC
2018-10-02,1397/07/10,1397,7,10,real_estate,انبوه سازی، املاک و مستغلات,4654922806626448,1125.5,1117.9,1118.1,TSETMC
2018-10-03,1397/07/11,1397,7,11,real_estate,انبوه سازی، املاک و مستغلات,4654922806626448,1107.4,1093.3,1093.3,TSETMC
2018-10-06,1397/07/14,1397,7,14,real_estate,انبوه سازی، املاک و مستغلات,4654922806626448,1093.0,1068.4,1068.4,TSETMC
2018-10-07,1397/07/15,1397,7,15,real_estate,انبوه سازی، املاک و مستغلات,4654922806626448,1057.2,1045.2,1045.2,TSETMC
2018-10-08,1397/07/16,1397,7,16,real_estate,انبوه سازی، املاک و مستغلات,4654922806626448,1039.7,1031.9,1031.9,TSETMC
2018-10-09,1397/07/17,1397,7,17,real_estate,انبوه سازی، املاک و مستغلات,4654922806626448,1015.6,1012.3,1012.3,TSETMC
2018-10-10,1397/07/18,1397,7,18,real_estate,انبوه سازی، املاک و مستغلات,4654922806626448,1003.2,995.1,995.1,TSETMC
2018-10-13,1397/07/21,1397,7,21,real_estate,انبوه سازی، املاک و مستغلات,4654922806626448,987.7,980.7,980.7,TSETMC
2018-10-14,1397/07/22,1397,7,22,real_estate,انبوه سازی، املاک و مستغلات,4654922806626448,976.9,968.0,968.0,TSETMC
2018-10-15,1397/07/23,1397,7,23,real_estate,انبوه سازی، املاک و مستغلات,4654922806626448,975.9,961.6,961.6,TSETMC
2018-10-16,1397/07/24,1397,7,24,real_estate,انبوه سازی، املاک و مستغلات,4654922806626448,966.9,958.0,958.0,TSETMC
2018-10-17,1397/07/25,1397,7,25,real_estate,انبوه سازی، املاک و مستغلات,4654922806626448,956.9,897.6,897.7,TSETMC
2018-10-20,1397/07/28,1397,7,28,real_estate,انبوه سازی، املاک و مستغلات,4654922806626448,911.3,897.3,906.5,TSETMC
2018-10-21,1397/07/29,1397,7,29,real_estate,انبوه سازی، املاک و مستغلات,4654922806626448,907.4,864.2,864.2,TSETMC
2018-10-22,1397/07/30,1397,7,30,real_estate,انبوه سازی، املاک و مستغلات,4654922806626448,864.1,857.2,857.2,TSETMC
2018-10-23,1397/08/01,1397,8,1,real_estate,انبوه سازی، املاک و مستغلات,4654922806626448,850.2,829.5,829.5,TSETMC
2018-10-24,1397/08/02,1397,8,2,real_estate,انبوه سازی، املاک و مستغلات,4654922806626448,813.9,797.7,800.0,TSETMC
2018-10-27,1397/08/05,1397,8,5,real_estate,انبوه سازی، املاک و مستغلات,4654922806626448,797.3,778.9,778.9,TSETMC
2018-10-28,1397/08/06,1397,8,6,real_estate,انبوه سازی، املاک و مستغلات,4654922806626448,788.5,776.4,786.6,TSETMC
2018-10-29,1397/08/07,1397,8,7,real_estate,انبوه سازی، املاک و مستغلات,4654922806626448,820.6,793.1,820.6,TSETMC
2018-10-31,1397/08/09,1397,8,9,real_estate,انبوه سازی، املاک و مستغلات,4654922806626448,848.5,826.8,847.9,TSETMC
2018-11-03,1397/08/12,1397,8,12,real_estate,انبوه سازی، املاک و مستغلات,4654922806626448,853.7,835.4,835.4,TSETMC
2018-11-04,1397/08/13,1397,8,13,real_estate,انبوه سازی، املاک و مستغلات,4654922806626448,836.5,815.3,815.6,TSETMC
2018-11-05,1397/08/14,1397,8,14,real_estate,انبوه سازی، املاک و مستغلات,4654922806626448,831.4,817.5,831.2,TSETMC
2018-11-06,1397/08/15,1397,8,15,real_estate,انبوه سازی، املاک و مستغلات,4654922806626448,840.5,838.1,838.2,TSETMC
2018-11-10,1397/08/19,1397,8,19,real_estate,انبوه سازی، املاک و مستغلات,4654922806626448,841.9,832.2,832.2,TSETMC
2018-11-11,1397/08/20,1397,8,20,real_estate,انبوه سازی، املاک و مستغلات,4654922806626448,831.4,813.2,813.5,TSETMC
2018-11-12,1397/08/21,1397,8,21,real_estate,انبوه سازی، املاک و مستغلات,4654922806626448,838.4,812.2,838.4,TSETMC
2018-11-13,1397/08/22,1397,8,22,real_estate,انبوه سازی، املاک و مستغلات,4654922806626448,847.8,840.6,840.7,TSETMC
2018-11-14,1397/08/23,1397,8,23,real_estate,انبوه سازی، املاک و مستغلات,4654922806626448,840.4,835.7,835.8,TSETMC
2018-11-17,1397/08/26,1397,8,26,real_estate,انبوه سازی، املاک و مستغلات,4654922806626448,837.8,828.9,828.9,TSETMC
2018-11-18,1397/08/27,1397,8,27,real_estate,انبوه سازی، املاک و مستغلات,4654922806626448,827.4,807.4,807.4,TSETMC
2018-11-19,1397/08/28,1397,8,28,real_estate,انبوه سازی، املاک و مستغلات,4654922806626448,804.6,789.7,789.7,TSETMC
2018-11-20,1397/08/29,1397,8,29,real_estate,انبوه سازی، املاک و مستغلات,4654922806626448,810.2,788.6,810.2,TSETMC
2018-11-21,1397/08/30,1397,8,30,real_estate,انبوه سازی، املاک و مستغلات,4654922806626448,822.3,814.8,819.8,TSETMC
2018-11-24,1397/09/03,1397,9,3,real_estate,انبوه سازی، املاک و مستغلات,4654922806626448,818.8,806.6,806.6,TSETMC
2018-11-26,1397/09/05,1397,9,5,real_estate,انبوه سازی، املاک و مستغلات,4654922806626448,807.5,788.2,788.2,TSETMC
2018-11-27,1397/09/06,1397,9,6,real_estate,انبوه سازی، املاک و مستغلات,4654922806626448,787.0,780.8,780.8,TSETMC
2018-11-28,1397/09/07,1397,9,7,real_estate,انبوه سازی، املاک و مستغلات,4654922806626448,779.7,767.2,767.2,TSETMC
2018-12-01,1397/09/10,1397,9,10,real_estate,انبوه سازی، املاک و مستغلات,4654922806626448,767.2,739.4,739.8,TSETMC
2018-12-02,1397/09/11,1397,9,11,real_estate,انبوه سازی، املاک و مستغلات,4654922806626448,748.5,739.5,748.5,TSETMC
2018-12-03,1397/09/12,1397,9,12,real_estate,انبوه سازی، املاک و مستغلات,4654922806626448,757.7,748.5,757.7,TSETMC
2018-12-04,1397/09/13,1397,9,13,real_estate,انبوه سازی، املاک و مستغلات,4654922806626448,757.9,754.2,757.9,TSETMC
2018-12-05,1397/09/14,1397,9,14,real_estate,انبوه سازی، املاک و مستغلات,4654922806626448,767.1,758.3,767.1,TSETMC
2018-12-08,1397/09/17,1397,9,17,real_estate,انبوه سازی، املاک و مستغلات,4654922806626448,782.7,768.5,782.7,TSETMC
2018-12-09,1397/09/18,1397,9,18,real_estate,انبوه سازی، املاک و مستغلات,4654922806626448,789.2,778.6,778.9,TSETMC
2018-12-10,1397/09/19,1397,9,19,real_estate,انبوه سازی، املاک و مستغلات,4654922806626448,797.7,778.8,797.7,TSETMC
2018-12-11,1397/09/20,1397,9,20,real_estate,انبوه سازی، املاک و مستغلات,4654922806626448,803.7,798.3,798.3,TSETMC
2018-12-12,1397/09/21,1397,9,21,real_estate,انبوه سازی، املاک و مستغلات,4654922806626448,803.5,794.2,794.2,TSETMC
2018-12-15,1397/09/24,1397,9,24,real_estate,انبوه سازی، املاک و مستغلات,4654922806626448,794.5,786.4,786.4,TSETMC
2018-12-16,1397/09/25,1397,9,25,real_estate,انبوه سازی، املاک و مستغلات,4654922806626448,786.0,776.7,776.7,TSETMC
2018-12-17,1397/09/26,1397,9,26,real_estate,انبوه سازی، املاک و مستغلات,4654922806626448,776.5,770.5,771.6,TSETMC
2018-12-18,1397/09/27,1397,9,27,real_estate,انبوه سازی، املاک و مستغلات,4654922806626448,771.5,763.0,763.0,TSETMC
2018-12-19,1397/09/28,1397,9,28,real_estate,انبوه سازی، املاک و مستغلات,4654922806626448,760.7,746.2,746.7,TSETMC
2018-12-22,1397/10/01,1397,10,1,real_estate,انبوه سازی، املاک و مستغلات,4654922806626448,754.2,747.1,754.2,TSETMC
2018-12-23,1397/10/02,1397,10,2,real_estate,انبوه سازی، املاک و مستغلات,4654922806626448,767.4,754.2,767.2,TSETMC
2018-12-24,1397/10/03,1397,10,3,real_estate,انبوه سازی، املاک و مستغلات,4654922806626448,767.7,760.2,760.2,TSETMC
2018-12-25,1397/10/04,1397,10,4,real_estate,انبوه سازی، املاک و مستغلات,4654922806626448,759.7,748.6,748.6,TSETMC
2018-12-26,1397/10/05,1397,10,5,real_estate,انبوه سازی، املاک و مستغلات,4654922806626448,752.0,748.5,751.1,TSETMC
2018-12-29,1397/10/08,1397,10,8,real_estate,انبوه سازی، املاک و مستغلات,4654922806626448,758.5,751.0,758.4,TSETMC
2018-12-30,1397/10/09,1397,10,9,real_estate,انبوه سازی، املاک و مستغلات,4654922806626448,758.7,755.8,755.8,TSETMC
2018-12-31,1397/10/10,1397,10,10,real_estate,انبوه سازی، املاک و مستغلات,4654922806626448,757.8,752.9,757.8,TSETMC
2019-01-01,1397/10/11,1397,10,11,real_estate,انبوه سازی، املاک و مستغلات,4654922806626448,766.6,758.8,766.5,TSETMC
2019-01-02,1397/10/12,1397,10,12,real_estate,انبوه سازی، املاک و مستغلات,4654922806626448,769.6,760.3,760.3,TSETMC
2019-01-05,1397/10/15,1397,10,15,real_estate,انبوه سازی، املاک و مستغلات,4654922806626448,762.9,759.2,759.2,TSETMC
2019-01-06,1397/10/16,1397,10,16,real_estate,انبوه سازی، املاک و مستغلات,4654922806626448,758.7,749.9,749.9,TSETMC
2019-01-07,1397/10/17,1397,10,17,real_estate,انبوه سازی، املاک و مستغلات,4654922806626448,749.7,743.0,743.0,TSETMC
2019-01-08,1397/10/18,1397,10,18,real_estate,انبوه سازی، املاک و مستغلات,4654922806626448,744.7,742.0,744.6,TSETMC
2019-01-09,1397/10/19,1397,10,19,real_estate,انبوه سازی، املاک و مستغلات,4654922806626448,747.7,744.9,747.2,TSETMC
2019-01-12,1397/10/22,1397,10,22,real_estate,انبوه سازی، املاک و مستغلات,4654922806626448,756.2,750.1,755.8,TSETMC
2019-01-13,1397/10/23,1397,10,23,real_estate,انبوه سازی، املاک و مستغلات,4654922806626448,765.9,756.8,765.9,TSETMC
2019-01-14,1397/10/24,1397,10,24,real_estate,انبوه سازی، املاک و مستغلات,4654922806626448,773.6,766.4,770.0,TSETMC
2019-01-15,1397/10/25,1397,10,25,real_estate,انبوه سازی، املاک و مستغلات,4654922806626448,770.8,768.1,768.4,TSETMC
2019-01-16,1397/10/26,1397,10,26,real_estate,انبوه سازی، املاک و مستغلات,4654922806626448,770.2,768.5,769.7,TSETMC
2019-01-19,1397/10/29,1397,10,29,real_estate,انبوه سازی، املاک و مستغلات,4654922806626448,777.4,769.2,777.2,TSETMC
2019-01-20,1397/10/30,1397,10,30,real_estate,انبوه سازی، املاک و مستغلات,4654922806626448,777.5,774.2,774.2,TSETMC
2019-01-21,1397/11/01,1397,11,1,real_estate,انبوه سازی، املاک و مستغلات,4654922806626448,774.0,745.9,745.9,TSETMC
2019-01-22,1397/11/02,1397,11,2,real_estate,انبوه سازی، املاک و مستغلات,4654922806626448,748.4,745.6,748.4,TSETMC
2019-01-23,1397/11/03,1397,11,3,real_estate,انبوه سازی، املاک و مستغلات,4654922806626448,764.8,748.9,763.6,TSETMC
2019-01-26,1397/11/06,1397,11,6,real_estate,انبوه سازی، املاک و مستغلات,4654922806626448,785.9,766.3,785.9,TSETMC
2019-01-27,1397/11/07,1397,11,7,real_estate,انبوه سازی، املاک و مستغلات,4654922806626448,802.2,792.6,801.3,TSETMC
2019-01-28,1397/11/08,1397,11,8,real_estate,انبوه سازی، املاک و مستغلات,4654922806626448,802.3,785.7,785.9,TSETMC
2019-01-29,1397/11/09,1397,11,9,real_estate,انبوه سازی، املاک و مستغلات,4654922806626448,813.0,785.9,813.0,TSETMC
2019-01-30,1397/11/10,1397,11,10,real_estate,انبوه سازی، املاک و مستغلات,4654922806626448,844.4,815.3,844.4,TSETMC
2019-02-02,1397/11/13,1397,11,13,real_estate,انبوه سازی، املاک و مستغلات,4654922806626448,863.5,850.0,850.0,TSETMC
2019-02-03,1397/11/14,1397,11,14,real_estate,انبوه سازی، املاک و مستغلات,4654922806626448,847.8,822.3,822.3,TSETMC
2019-02-04,1397/11/15,1397,11,15,real_estate,انبوه سازی، املاک و مستغلات,4654922806626448,818.0,803.8,803.8,TSETMC
2019-02-05,1397/11/16,1397,11,16,real_estate,انبوه سازی، املاک و مستغلات,4654922806626448,806.6,798.9,802.1,TSETMC
2019-02-06,1397/11/17,1397,11,17,real_estate,انبوه سازی، املاک و مستغلات,4654922806626448,810.7,802.5,810.7,TSETMC
2019-02-10,1397/11/21,1397,11,21,real_estate,انبوه سازی، املاک و مستغلات,4654922806626448,815.7,811.4,813.2,TSETMC
2019-02-12,1397/11/23,1397,11,23,real_estate,انبوه سازی، املاک و مستغلات,4654922806626448,813.8,804.3,804.5,TSETMC
2019-02-13,1397/11/24,1397,11,24,real_estate,انبوه سازی، املاک و مستغلات,4654922806626448,825.2,804.5,823.7,TSETMC
2019-02-16,1397/11/27,1397,11,27,real_estate,انبوه سازی، املاک و مستغلات,4654922806626448,829.0,822.8,822.8,TSETMC
2019-02-17,1397/11/28,1397,11,28,real_estate,انبوه سازی، املاک و مستغلات,4654922806626448,822.6,797.6,797.6,TSETMC
2019-02-18,1397/11/29,1397,11,29,real_estate,انبوه سازی، املاک و مستغلات,4654922806626448,797.6,795.1,795.8,TSETMC
2019-02-19,1397/11/30,1397,11,30,real_estate,انبوه سازی، املاک و مستغلات,4654922806626448,795.9,786.6,786.6,TSETMC
2019-02-20,1397/12/01,1397,12,1,real_estate,انبوه سازی، املاک و مستغلات,4654922806626448,790.5,786.3,790.0,TSETMC
2019-02-23,1397/12/04,1397,12,4,real_estate,انبوه سازی، املاک و مستغلات,4654922806626448,790.6,784.8,784.8,TSETMC
2019-02-24,1397/12/05,1397,12,5,real_estate,انبوه سازی، املاک و مستغلات,4654922806626448,785.4,784.5,784.8,TSETMC
2019-02-25,1397/12/06,1397,12,6,real_estate,انبوه سازی، املاک و مستغلات,4654922806626448,789.0,784.8,787.0,TSETMC
2019-02-26,1397/12/07,1397,12,7,real_estate,انبوه سازی، املاک و مستغلات,4654922806626448,801.8,791.8,801.2,TSETMC
2019-02-27,1397/12/08,1397,12,8,real_estate,انبوه سازی، املاک و مستغلات,4654922806626448,824.5,806.9,824.5,TSETMC
2019-03-02,1397/12/11,1397,12,11,real_estate,انبوه سازی، املاک و مستغلات,4654922806626448,849.8,831.8,849.8,TSETMC
2019-03-03,1397/12/12,1397,12,12,real_estate,انبوه سازی، املاک و مستغلات,4654922806626448,862.9,845.5,845.5,TSETMC
2019-03-04,1397/12/13,1397,12,13,real_estate,انبوه سازی، املاک و مستغلات,4654922806626448,842.9,833.4,840.8,TSETMC
2019-03-05,1397/12/14,1397,12,14,real_estate,انبوه سازی، املاک و مستغلات,4654922806626448,843.2,840.5,840.5,TSETMC
2019-03-06,1397/12/15,1397,12,15,real_estate,انبوه سازی، املاک و مستغلات,4654922806626448,839.8,834.2,834.2,TSETMC
2019-03-09,1397/12/18,1397,12,18,real_estate,انبوه سازی، املاک و مستغلات,4654922806626448,833.6,826.1,826.1,TSETMC
2019-03-10,1397/12/19,1397,12,19,real_estate,انبوه سازی، املاک و مستغلات,4654922806626448,825.2,820.0,821.6,TSETMC
2019-03-11,1397/12/20,1397,12,20,real_estate,انبوه سازی، املاک و مستغلات,4654922806626448,825.8,823.9,823.9,TSETMC
2019-03-12,1397/12/21,1397,12,21,real_estate,انبوه سازی، املاک و مستغلات,4654922806626448,825.5,823.3,823.3,TSETMC
2019-03-13,1397/12/22,1397,12,22,real_estate,انبوه سازی، املاک و مستغلات,4654922806626448,823.9,818.6,819.5,TSETMC
2019-03-16,1397/12/25,1397,12,25,real_estate,انبوه سازی، املاک و مستغلات,4654922806626448,833.0,816.6,833.0,TSETMC
2019-03-17,1397/12/26,1397,12,26,real_estate,انبوه سازی، املاک و مستغلات,4654922806626448,843.2,833.4,842.1,TSETMC
2019-03-18,1397/12/27,1397,12,27,real_estate,انبوه سازی، املاک و مستغلات,4654922806626448,846.8,843.6,846.8,TSETMC
2019-03-19,1397/12/28,1397,12,28,real_estate,انبوه سازی، املاک و مستغلات,4654922806626448,857.8,847.7,857.8,TSETMC
2019-03-25,1398/01/05,1398,1,5,real_estate,انبوه سازی، املاک و مستغلات,4654922806626448,860.0,855.1,855.1,TSETMC
2019-03-26,1398/01/06,1398,1,6,real_estate,انبوه سازی، املاک و مستغلات,4654922806626448,882.1,855.2,882.1,TSETMC
2019-03-27,1398/01/07,1398,1,7,real_estate,انبوه سازی، املاک و مستغلات,4654922806626448,897.9,891.1,897.9,TSETMC
2019-03-30,1398/01/10,1398,1,10,real_estate,انبوه سازی، املاک و مستغلات,4654922806626448,937.2,905.8,937.2,TSETMC
2019-03-31,1398/01/11,1398,1,11,real_estate,انبوه سازی، املاک و مستغلات,4654922806626448,957.9,947.9,947.9,TSETMC
2019-04-06,1398/01/17,1398,1,17,real_estate,انبوه سازی، املاک و مستغلات,4654922806626448,975.7,950.6,975.2,TSETMC
2019-04-07,1398/01/18,1398,1,18,real_estate,انبوه سازی، املاک و مستغلات,4654922806626448,1000.3,986.9,986.9,TSETMC
2019-04-08,1398/01/19,1398,1,19,real_estate,انبوه سازی، املاک و مستغلات,4654922806626448,974.8,961.7,965.0,TSETMC
2019-04-09,1398/01/20,1398,1,20,real_estate,انبوه سازی، املاک و مستغلات,4654922806626448,975.4,964.8,975.4,TSETMC
2019-04-10,1398/01/21,1398,1,21,real_estate,انبوه سازی، املاک و مستغلات,4654922806626448,1000.8,978.8,999.0,TSETMC
2019-04-13,1398/01/24,1398,1,24,real_estate,انبوه سازی، املاک و مستغلات,4654922806626448,1004.0,986.5,987.1,TSETMC
2019-04-14,1398/01/25,1398,1,25,real_estate,انبوه سازی، املاک و مستغلات,4654922806626448,986.0,974.1,975.5,TSETMC
2019-04-15,1398/01/26,1398,1,26,real_estate,انبوه سازی، املاک و مستغلات,4654922806626448,994.3,977.1,988.9,TSETMC
2019-04-16,1398/01/27,1398,1,27,real_estate,انبوه سازی، املاک و مستغلات,4654922806626448,998.1,984.7,997.4,TSETMC
2019-04-17,1398/01/28,1398,1,28,real_estate,انبوه سازی، املاک و مستغلات,4654922806626448,1028.9,997.3,1019.8,TSETMC
2019-04-20,1398/01/31,1398,1,31,real_estate,انبوه سازی، املاک و مستغلات,4654922806626448,1062.8,1046.5,1062.5,TSETMC
2019-04-22,1398/02/02,1398,2,2,real_estate,انبوه سازی، املاک و مستغلات,4654922806626448,1076.3,1056.3,1056.3,TSETMC
2019-04-23,1398/02/03,1398,2,3,real_estate,انبوه سازی، املاک و مستغلات,4654922806626448,1061.6,1052.5,1058.9,TSETMC
2019-04-24,1398/02/04,1398,2,4,real_estate,انبوه سازی، املاک و مستغلات,4654922806626448,1088.4,1064.7,1088.4,TSETMC
2019-04-27,1398/02/07,1398,2,7,real_estate,انبوه سازی، املاک و مستغلات,4654922806626448,1111.8,1093.2,1109.6,TSETMC
2019-04-28,1398/02/08,1398,2,8,real_estate,انبوه سازی، املاک و مستغلات,4654922806626448,1109.5,1099.7,1106.2,TSETMC
2019-04-29,1398/02/09,1398,2,9,real_estate,انبوه سازی، املاک و مستغلات,4654922806626448,1117.6,1114.2,1114.7,TSETMC
2019-04-30,1398/02/10,1398,2,10,real_estate,انبوه سازی، املاک و مستغلات,4654922806626448,1124.3,1099.3,1099.3,TSETMC
2019-05-01,1398/02/11,1398,2,11,real_estate,انبوه سازی، املاک و مستغلات,4654922806626448,1119.4,1107.2,1118.1,TSETMC
2019-05-04,1398/02/14,1398,2,14,real_estate,انبوه سازی، املاک و مستغلات,4654922806626448,1163.4,1134.3,1162.8,TSETMC
2019-05-05,1398/02/15,1398,2,15,real_estate,انبوه سازی، املاک و مستغلات,4654922806626448,1165.1,1150.9,1150.9,TSETMC
2019-05-06,1398/02/16,1398,2,16,real_estate,انبوه سازی، املاک و مستغلات,4654922806626448,1146.7,1110.5,1110.5,TSETMC
2019-05-07,1398/02/17,1398,2,17,real_estate,انبوه سازی، املاک و مستغلات,4654922806626448,1097.8,1068.1,1068.6,TSETMC
2019-05-08,1398/02/18,1398,2,18,real_estate,انبوه سازی، املاک و مستغلات,4654922806626448,1071.2,1065.2,1071.2,TSETMC
2019-05-11,1398/02/21,1398,2,21,real_estate,انبوه سازی، املاک و مستغلات,4654922806626448,1115.4,1083.9,1109.6,TSETMC
2019-05-12,1398/02/22,1398,2,22,real_estate,انبوه سازی، املاک و مستغلات,4654922806626448,1118.5,1084.8,1084.8,TSETMC
2019-05-13,1398/02/23,1398,2,23,real_estate,انبوه سازی، املاک و مستغلات,4654922806626448,1105.9,1093.6,1100.8,TSETMC
2019-05-14,1398/02/24,1398,2,24,real_estate,انبوه سازی، املاک و مستغلات,4654922806626448,1132.6,1104.9,1132.6,TSETMC
2019-05-15,1398/02/25,1398,2,25,real_estate,انبوه سازی، املاک و مستغلات,4654922806626448,1140.8,1125.2,1127.7,TSETMC
2019-05-18,1398/02/28,1398,2,28,real_estate,انبوه سازی، املاک و مستغلات,4654922806626448,1179.8,1132.5,1179.8,TSETMC
2019-05-19,1398/02/29,1398,2,29,real_estate,انبوه سازی، املاک و مستغلات,4654922806626448,1200.6,1196.2,1196.2,TSETMC
2019-05-20,1398/02/30,1398,2,30,real_estate,انبوه سازی، املاک و مستغلات,4654922806626448,1201.9,1175.1,1175.2,TSETMC
2019-05-21,1398/02/31,1398,2,31,real_estate,انبوه سازی، املاک و مستغلات,4654922806626448,1195.4,1180.9,1190.6,TSETMC
2019-05-22,1398/03/01,1398,3,1,real_estate,انبوه سازی، املاک و مستغلات,4654922806626448,1182.0,1177.0,1181.5,TSETMC
2019-05-25,1398/03/04,1398,3,4,real_estate,انبوه سازی، املاک و مستغلات,4654922806626448,1199.9,1192.0,1199.9,TSETMC
2019-05-26,1398/03/05,1398,3,5,real_estate,انبوه سازی، املاک و مستغلات,4654922806626448,1248.3,1224.5,1248.3,TSETMC
2019-05-28,1398/03/07,1398,3,7,real_estate,انبوه سازی، املاک و مستغلات,4654922806626448,1294.3,1273.8,1288.1,TSETMC
2019-05-29,1398/03/08,1398,3,8,real_estate,انبوه سازی، املاک و مستغلات,4654922806626448,1300.0,1269.9,1269.9,TSETMC
2019-06-01,1398/03/11,1398,3,11,real_estate,انبوه سازی، املاک و مستغلات,4654922806626448,1271.3,1244.4,1244.4,TSETMC
2019-06-02,1398/03/12,1398,3,12,real_estate,انبوه سازی، املاک و مستغلات,4654922806626448,1278.8,1248.3,1278.8,TSETMC
2019-06-03,1398/03/13,1398,3,13,real_estate,انبوه سازی، املاک و مستغلات,4654922806626448,1306.2,1282.0,1300.2,TSETMC
2019-06-08,1398/03/18,1398,3,18,real_estate,انبوه سازی، املاک و مستغلات,4654922806626448,1315.7,1297.4,1315.7,TSETMC
2019-06-09,1398/03/19,1398,3,19,real_estate,انبوه سازی، املاک و مستغلات,4654922806626448,1364.5,1338.4,1361.7,TSETMC
2019-06-10,1398/03/20,1398,3,20,real_estate,انبوه سازی، املاک و مستغلات,4654922806626448,1376.2,1364.1,1366.1,TSETMC
2019-06-11,1398/03/21,1398,3,21,real_estate,انبوه سازی، املاک و مستغلات,4654922806626448,1376.8,1343.7,1376.8,TSETMC
2019-06-12,1398/03/22,1398,3,22,real_estate,انبوه سازی، املاک و مستغلات,4654922806626448,1420.1,1397.3,1408.3,TSETMC
2019-06-15,1398/03/25,1398,3,25,real_estate,انبوه سازی، املاک و مستغلات,4654922806626448,1394.3,1385.3,1390.2,TSETMC
2019-06-16,1398/03/26,1398,3,26,real_estate,انبوه سازی، املاک و مستغلات,4654922806626448,1398.3,1365.5,1365.5,TSETMC
2019-06-17,1398/03/27,1398,3,27,real_estate,انبوه سازی، املاک و مستغلات,4654922806626448,1356.4,1311.9,1311.9,TSETMC
2019-06-18,1398/03/28,1398,3,28,real_estate,انبوه سازی، املاک و مستغلات,4654922806626448,1311.6,1290.5,1290.5,TSETMC
2019-06-19,1398/03/29,1398,3,29,real_estate,انبوه سازی، املاک و مستغلات,4654922806626448,1289.4,1269.8,1269.8,TSETMC
2019-06-22,1398/04/01,1398,4,1,real_estate,انبوه سازی، املاک و مستغلات,4654922806626448,1264.6,1240.0,1240.0,TSETMC
2019-06-23,1398/04/02,1398,4,2,real_estate,انبوه سازی، املاک و مستغلات,4654922806626448,1274.6,1249.5,1274.6,TSETMC
2019-06-24,1398/04/03,1398,4,3,real_estate,انبوه سازی، املاک و مستغلات,4654922806626448,1302.4,1281.3,1302.4,TSETMC
2019-06-25,1398/04/04,1398,4,4,real_estate,انبوه سازی، املاک و مستغلات,4654922806626448,1308.0,1298.0,1308.0,TSETMC
2019-06-26,1398/04/05,1398,4,5,real_estate,انبوه سازی، املاک و مستغلات,4654922806626448,1315.4,1304.3,1304.3,TSETMC
2019-06-30,1398/04/09,1398,4,9,real_estate,انبوه سازی، املاک و مستغلات,4654922806626448,1311.2,1301.6,1302.2,TSETMC
2019-07-01,1398/04/10,1398,4,10,real_estate,انبوه سازی، املاک و مستغلات,4654922806626448,1325.4,1301.7,1325.4,TSETMC
2019-07-02,1398/04/11,1398,4,11,real_estate,انبوه سازی، املاک و مستغلات,4654922806626448,1355.7,1333.3,1351.7,TSETMC
2019-07-03,1398/04/12,1398,4,12,real_estate,انبوه سازی، املاک و مستغلات,4654922806626448,1371.8,1360.2,1370.9,TSETMC
2019-07-06,1398/04/15,1398,4,15,real_estate,انبوه سازی، املاک و مستغلات,4654922806626448,1387.4,1383.5,1384.0,TSETMC
2019-07-07,1398/04/16,1398,4,16,real_estate,انبوه سازی، املاک و مستغلات,4654922806626448,1414.1,1385.6,1414.1,TSETMC
2019-07-08,1398/04/17,1398,4,17,real_estate,انبوه سازی، املاک و مستغلات,4654922806626448,1464.2,1429.9,1462.9,TSETMC
2019-07-09,1398/04/18,1398,4,18,real_estate,انبوه سازی، املاک و مستغلات,4654922806626448,1479.4,1463.8,1463.8,TSETMC
2019-07-10,1398/04/19,1398,4,19,real_estate,انبوه سازی، املاک و مستغلات,4654922806626448,1478.8,1469.5,1472.8,TSETMC
2019-07-13,1398/04/22,1398,4,22,real_estate,انبوه سازی، املاک و مستغلات,4654922806626448,1468.7,1441.7,1441.7,TSETMC
2019-07-14,1398/04/23,1398,4,23,real_estate,انبوه سازی، املاک و مستغلات,4654922806626448,1456.8,1440.0,1456.8,TSETMC
2019-07-15,1398/04/24,1398,4,24,real_estate,انبوه سازی، املاک و مستغلات,4654922806626448,1483.2,1452.9,1452.9,TSETMC
2019-07-16,1398/04/25,1398,4,25,real_estate,انبوه سازی، املاک و مستغلات,4654922806626448,1450.6,1399.3,1399.3,TSETMC
2019-07-17,1398/04/26,1398,4,26,real_estate,انبوه سازی، املاک و مستغلات,4654922806626448,1377.3,1350.6,1350.6,TSETMC
2019-07-20,1398/04/29,1398,4,29,real_estate,انبوه سازی، املاک و مستغلات,4654922806626448,1336.5,1326.1,1333.6,TSETMC
2019-07-21,1398/04/30,1398,4,30,real_estate,انبوه سازی، املاک و مستغلات,4654922806626448,1349.9,1338.0,1345.3,TSETMC
2019-07-22,1398/04/31,1398,4,31,real_estate,انبوه سازی، املاک و مستغلات,4654922806626448,1352.7,1338.1,1338.1,TSETMC
2019-07-23,1398/05/01,1398,5,1,real_estate,انبوه سازی، املاک و مستغلات,4654922806626448,1337.7,1310.7,1310.7,TSETMC
2019-07-24,1398/05/02,1398,5,2,real_estate,انبوه سازی، املاک و مستغلات,4654922806626448,1319.7,1310.6,1317.0,TSETMC
2019-07-27,1398/05/05,1398,5,5,real_estate,انبوه سازی، املاک و مستغلات,4654922806626448,1329.2,1323.0,1328.9,TSETMC
2019-07-28,1398/05/06,1398,5,6,real_estate,انبوه سازی، املاک و مستغلات,4654922806626448,1332.2,1323.2,1323.2,TSETMC
2019-07-29,1398/05/07,1398,5,7,real_estate,انبوه سازی، املاک و مستغلات,4654922806626448,1335.8,1325.8,1335.0,TSETMC
2019-07-30,1398/05/08,1398,5,8,real_estate,انبوه سازی، املاک و مستغلات,4654922806626448,1383.1,1335.6,1383.1,TSETMC
2019-07-31,1398/05/09,1398,5,9,real_estate,انبوه سازی، املاک و مستغلات,4654922806626448,1427.5,1385.8,1425.8,TSETMC
2019-08-03,1398/05/12,1398,5,12,real_estate,انبوه سازی، املاک و مستغلات,4654922806626448,1428.7,1413.1,1413.1,TSETMC
2019-08-04,1398/05/13,1398,5,13,real_estate,انبوه سازی، املاک و مستغلات,4654922806626448,1409.5,1405.6,1408.0,TSETMC
2019-08-05,1398/05/14,1398,5,14,real_estate,انبوه سازی، املاک و مستغلات,4654922806626448,1440.6,1424.2,1440.6,TSETMC
2019-08-06,1398/05/15,1398,5,15,real_estate,انبوه سازی، املاک و مستغلات,4654922806626448,1456.9,1435.2,1456.1,TSETMC
2019-08-07,1398/05/16,1398,5,16,real_estate,انبوه سازی، املاک و مستغلات,4654922806626448,1496.5,1475.4,1496.5,TSETMC
2019-08-10,1398/05/19,1398,5,19,real_estate,انبوه سازی، املاک و مستغلات,4654922806626448,1541.0,1515.2,1540.1,TSETMC
2019-08-11,1398/05/20,1398,5,20,real_estate,انبوه سازی، املاک و مستغلات,4654922806626448,1554.8,1547.6,1552.5,TSETMC
2019-08-13,1398/05/22,1398,5,22,real_estate,انبوه سازی، املاک و مستغلات,4654922806626448,1653.6,1565.2,1653.6,TSETMC
2019-08-14,1398/05/23,1398,5,23,real_estate,انبوه سازی، املاک و مستغلات,4654922806626448,1701.5,1692.5,1701.1,TSETMC
2019-08-17,1398/05/26,1398,5,26,real_estate,انبوه سازی، املاک و مستغلات,4654922806626448,1718.3,1708.4,1709.2,TSETMC
2019-08-18,1398/05/27,1398,5,27,real_estate,انبوه سازی، املاک و مستغلات,4654922806626448,1713.2,1690.5,1713.2,TSETMC
2019-08-19,1398/05/28,1398,5,28,real_estate,انبوه سازی، املاک و مستغلات,4654922806626448,1758.0,1746.1,1758.0,TSETMC
2019-08-21,1398/05/30,1398,5,30,real_estate,انبوه سازی، املاک و مستغلات,4654922806626448,1814.8,1792.3,1814.8,TSETMC
2019-08-24,1398/06/02,1398,6,2,real_estate,انبوه سازی، املاک و مستغلات,4654922806626448,1889.2,1837.0,1888.9,TSETMC
2019-08-25,1398/06/03,1398,6,3,real_estate,انبوه سازی، املاک و مستغلات,4654922806626448,1912.1,1865.2,1884.0,TSETMC
2019-08-26,1398/06/04,1398,6,4,real_estate,انبوه سازی، املاک و مستغلات,4654922806626448,1944.8,1917.7,1944.8,TSETMC
2019-08-27,1398/06/05,1398,6,5,real_estate,انبوه سازی، املاک و مستغلات,4654922806626448,2005.6,1980.7,1980.7,TSETMC
2019-08-28,1398/06/06,1398,6,6,real_estate,انبوه سازی، املاک و مستغلات,4654922806626448,1987.8,1919.2,1987.8,TSETMC
2019-08-31,1398/06/09,1398,6,9,real_estate,انبوه سازی، املاک و مستغلات,4654922806626448,2039.4,1973.3,1973.3,TSETMC
2019-09-01,1398/06/10,1398,6,10,real_estate,انبوه سازی، املاک و مستغلات,4654922806626448,1989.3,1963.3,1986.0,TSETMC
2019-09-02,1398/06/11,1398,6,11,real_estate,انبوه سازی، املاک و مستغلات,4654922806626448,2002.8,1952.7,1952.9,TSETMC
2019-09-03,1398/06/12,1398,6,12,real_estate,انبوه سازی، املاک و مستغلات,4654922806626448,1939.5,1919.9,1926.4,TSETMC
2019-09-04,1398/06/13,1398,6,13,real_estate,انبوه سازی، املاک و مستغلات,4654922806626448,1963.5,1932.4,1963.5,TSETMC
2019-09-07,1398/06/16,1398,6,16,real_estate,انبوه سازی، املاک و مستغلات,4654922806626448,2029.8,2010.0,2029.8,TSETMC
2019-09-08,1398/06/17,1398,6,17,real_estate,انبوه سازی، املاک و مستغلات,4654922806626448,2104.4,2091.8,2101.5,TSETMC
2019-09-11,1398/06/20,1398,6,20,real_estate,انبوه سازی، املاک و مستغلات,4654922806626448,2173.8,2140.8,2173.5,TSETMC
2019-09-14,1398/06/23,1398,6,23,real_estate,انبوه سازی، املاک و مستغلات,4654922806626448,2199.3,2173.2,2173.2,TSETMC
2019-09-15,1398/06/24,1398,6,24,real_estate,انبوه سازی، املاک و مستغلات,4654922806626448,2131.7,2096.4,2103.9,TSETMC
2019-09-16,1398/06/25,1398,6,25,real_estate,انبوه سازی، املاک و مستغلات,4654922806626448,2135.8,2111.6,2111.6,TSETMC
2019-09-17,1398/06/26,1398,6,26,real_estate,انبوه سازی، املاک و مستغلات,4654922806626448,2095.6,2065.9,2071.5,TSETMC
2019-09-18,1398/06/27,1398,6,27,real_estate,انبوه سازی، املاک و مستغلات,4654922806626448,2037.5,1992.7,1996.7,TSETMC
2019-09-21,1398/06/30,1398,6,30,real_estate,انبوه سازی، املاک و مستغلات,4654922806626448,2051.9,2021.7,2051.3,TSETMC
2019-09-22,1398/06/31,1398,6,31,real_estate,انبوه سازی، املاک و مستغلات,4654922806626448,2119.4,2089.8,2119.4,TSETMC
2019-09-23,1398/07/01,1398,7,1,real_estate,انبوه سازی، املاک و مستغلات,4654922806626448,2187.9,2163.8,2180.3,TSETMC
2019-09-24,1398/07/02,1398,7,2,real_estate,انبوه سازی، املاک و مستغلات,4654922806626448,2224.1,2174.9,2174.9,TSETMC
2019-09-25,1398/07/03,1398,7,3,real_estate,انبوه سازی، املاک و مستغلات,4654922806626448,2222.5,2193.1,2222.5,TSETMC
2019-09-28,1398/07/06,1398,7,6,real_estate,انبوه سازی، املاک و مستغلات,4654922806626448,2307.8,2264.1,2307.8,TSETMC
2019-09-29,1398/07/07,1398,7,7,real_estate,انبوه سازی، املاک و مستغلات,4654922806626448,2362.1,2348.4,2362.1,TSETMC
2019-09-30,1398/07/08,1398,7,8,real_estate,انبوه سازی، املاک و مستغلات,4654922806626448,2420.9,2388.3,2420.1,TSETMC
2019-10-01,1398/07/09,1398,7,9,real_estate,انبوه سازی، املاک و مستغلات,4654922806626448,2506.4,2452.4,2485.1,TSETMC
2019-10-02,1398/07/10,1398,7,10,real_estate,انبوه سازی، املاک و مستغلات,4654922806626448,2515.4,2439.0,2513.4,TSETMC
2019-10-05,1398/07/13,1398,7,13,real_estate,انبوه سازی، املاک و مستغلات,4654922806626448,2578.5,2549.0,2549.0,TSETMC
2019-10-06,1398/07/14,1398,7,14,real_estate,انبوه سازی، املاک و مستغلات,4654922806626448,2494.4,2464.7,2494.4,TSETMC
2019-10-07,1398/07/15,1398,7,15,real_estate,انبوه سازی، املاک و مستغلات,4654922806626448,2582.4,2534.2,2534.2,TSETMC
2019-10-08,1398/07/16,1398,7,16,real_estate,انبوه سازی، املاک و مستغلات,4654922806626448,2496.6,2438.1,2438.1,TSETMC
2019-10-09,1398/07/17,1398,7,17,real_estate,انبوه سازی، املاک و مستغلات,4654922806626448,2346.6,2320.8,2328.7,TSETMC
2019-10-12,1398/07/20,1398,7,20,real_estate,انبوه سازی، املاک و مستغلات,4654922806626448,2385.3,2368.5,2368.9,TSETMC
2019-10-13,1398/07/21,1398,7,21,real_estate,انبوه سازی، املاک و مستغلات,4654922806626448,2346.7,2299.2,2299.2,TSETMC
2019-10-14,1398/07/22,1398,7,22,real_estate,انبوه سازی، املاک و مستغلات,4654922806626448,2255.7,2239.5,2243.5,TSETMC
2019-10-15,1398/07/23,1398,7,23,real_estate,انبوه سازی، املاک و مستغلات,4654922806626448,2240.1,2140.2,2140.2,TSETMC
2019-10-16,1398/07/24,1398,7,24,real_estate,انبوه سازی، املاک و مستغلات,4654922806626448,2105.5,2089.4,2089.4,TSETMC
2019-10-20,1398/07/28,1398,7,28,real_estate,انبوه سازی، املاک و مستغلات,4654922806626448,2063.7,2041.9,2041.9,TSETMC
2019-10-21,1398/07/29,1398,7,29,real_estate,انبوه سازی، املاک و مستغلات,4654922806626448,2021.8,1971.2,1971.2,TSETMC
2019-10-22,1398/07/30,1398,7,30,real_estate,انبوه سازی، املاک و مستغلات,4654922806626448,1989.4,1934.0,1934.0,TSETMC
2019-10-23,1398/08/01,1398,8,1,real_estate,انبوه سازی، املاک و مستغلات,4654922806626448,1892.0,1854.0,1854.0,TSETMC
2019-10-26,1398/08/04,1398,8,4,real_estate,انبوه سازی، املاک و مستغلات,4654922806626448,1804.7,1791.1,1804.6,TSETMC
2019-10-28,1398/08/06,1398,8,6,real_estate,انبوه سازی، املاک و مستغلات,4654922806626448,1868.9,1839.0,1868.9,TSETMC
2019-10-30,1398/08/08,1398,8,8,real_estate,انبوه سازی، املاک و مستغلات,4654922806626448,1950.6,1894.3,1950.6,TSETMC
2019-11-02,1398/08/11,1398,8,11,real_estate,انبوه سازی، املاک و مستغلات,4654922806626448,1999.6,1972.1,1972.1,TSETMC
2019-11-03,1398/08/12,1398,8,12,real_estate,انبوه سازی، املاک و مستغلات,4654922806626448,1991.0,1969.7,1987.6,TSETMC
2019-11-04,1398/08/13,1398,8,13,real_estate,انبوه سازی، املاک و مستغلات,4654922806626448,2021.0,1982.0,1997.9,TSETMC
2019-11-05,1398/08/14,1398,8,14,real_estate,انبوه سازی، املاک و مستغلات,4654922806626448,1990.1,1975.3,1980.3,TSETMC
2019-11-09,1398/08/18,1398,8,18,real_estate,انبوه سازی، املاک و مستغلات,4654922806626448,1992.9,1963.6,1963.6,TSETMC
2019-11-10,1398/08/19,1398,8,19,real_estate,انبوه سازی، املاک و مستغلات,4654922806626448,1975.1,1955.7,1975.1,TSETMC
2019-11-11,1398/08/20,1398,8,20,real_estate,انبوه سازی، املاک و مستغلات,4654922806626448,2007.9,2000.1,2002.6,TSETMC
2019-11-12,1398/08/21,1398,8,21,real_estate,انبوه سازی، املاک و مستغلات,4654922806626448,2046.3,2016.3,2042.7,TSETMC
2019-11-13,1398/08/22,1398,8,22,real_estate,انبوه سازی، املاک و مستغلات,4654922806626448,2038.4,2021.1,2024.2,TSETMC
2019-11-16,1398/08/25,1398,8,25,real_estate,انبوه سازی، املاک و مستغلات,4654922806626448,2009.3,1970.5,1970.5,TSETMC
2019-11-17,1398/08/26,1398,8,26,real_estate,انبوه سازی، املاک و مستغلات,4654922806626448,1926.9,1880.1,1880.5,TSETMC
2019-11-18,1398/08/27,1398,8,27,real_estate,انبوه سازی، املاک و مستغلات,4654922806626448,1853.4,1828.8,1850.5,TSETMC
2019-11-19,1398/08/28,1398,8,28,real_estate,انبوه سازی، املاک و مستغلات,4654922806626448,1936.9,1871.2,1936.2,TSETMC
2019-11-20,1398/08/29,1398,8,29,real_estate,انبوه سازی، املاک و مستغلات,4654922806626448,1986.3,1964.5,1982.1,TSETMC
2019-11-23,1398/09/02,1398,9,2,real_estate,انبوه سازی، املاک و مستغلات,4654922806626448,1991.5,1981.7,1981.7,TSETMC
2019-11-24,1398/09/03,1398,9,3,real_estate,انبوه سازی، املاک و مستغلات,4654922806626448,2015.7,1985.9,2015.7,TSETMC
2019-11-25,1398/09/04,1398,9,4,real_estate,انبوه سازی، املاک و مستغلات,4654922806626448,2069.6,2054.9,2066.6,TSETMC
2019-11-26,1398/09/05,1398,9,5,real_estate,انبوه سازی، املاک و مستغلات,4654922806626448,2095.4,2074.5,2093.4,TSETMC
2019-11-27,1398/09/06,1398,9,6,real_estate,انبوه سازی، املاک و مستغلات,4654922806626448,2091.0,2084.3,2084.9,TSETMC
2019-11-30,1398/09/09,1398,9,9,real_estate,انبوه سازی، املاک و مستغلات,4654922806626448,2115.8,2096.6,2115.8,TSETMC
2019-12-01,1398/09/10,1398,9,10,real_estate,انبوه سازی، املاک و مستغلات,4654922806626448,2141.2,2136.4,2141.2,TSETMC
2019-12-02,1398/09/11,1398,9,11,real_estate,انبوه سازی، املاک و مستغلات,4654922806626448,2195.4,2165.7,2165.7,TSETMC
2019-12-03,1398/09/12,1398,9,12,real_estate,انبوه سازی، املاک و مستغلات,4654922806626448,2177.4,2160.5,2176.5,TSETMC
2019-12-04,1398/09/13,1398,9,13,real_estate,انبوه سازی، املاک و مستغلات,4654922806626448,2200.3,2181.7,2200.3,TSETMC
2019-12-07,1398/09/16,1398,9,16,real_estate,انبوه سازی، املاک و مستغلات,4654922806626448,2252.6,2231.6,2245.1,TSETMC
2019-12-08,1398/09/17,1398,9,17,real_estate,انبوه سازی، املاک و مستغلات,4654922806626448,2295.9,2256.0,2295.9,TSETMC
2019-12-09,1398/09/18,1398,9,18,real_estate,انبوه سازی، املاک و مستغلات,4654922806626448,2376.0,2369.1,2369.1,TSETMC
2019-12-10,1398/09/19,1398,9,19,real_estate,انبوه سازی، املاک و مستغلات,4654922806626448,2384.3,2349.4,2349.4,TSETMC
2019-12-11,1398/09/20,1398,9,20,real_estate,انبوه سازی، املاک و مستغلات,4654922806626448,2346.7,2308.6,2346.7,TSETMC
2019-12-14,1398/09/23,1398,9,23,real_estate,انبوه سازی، املاک و مستغلات,4654922806626448,2414.3,2355.1,2414.3,TSETMC
2019-12-15,1398/09/24,1398,9,24,real_estate,انبوه سازی، املاک و مستغلات,4654922806626448,2471.2,2426.0,2426.0,TSETMC
2019-12-16,1398/09/25,1398,9,25,real_estate,انبوه سازی، املاک و مستغلات,4654922806626448,2462.2,2426.7,2462.2,TSETMC
2019-12-17,1398/09/26,1398,9,26,real_estate,انبوه سازی، املاک و مستغلات,4654922806626448,2595.3,2536.5,2585.6,TSETMC
2019-12-18,1398/09/27,1398,9,27,real_estate,انبوه سازی، املاک و مستغلات,4654922806626448,2595.4,2575.3,2581.0,TSETMC
2019-12-21,1398/09/30,1398,9,30,real_estate,انبوه سازی، املاک و مستغلات,4654922806626448,2592.4,2565.8,2578.0,TSETMC
2019-12-22,1398/10/01,1398,10,1,real_estate,انبوه سازی، املاک و مستغلات,4654922806626448,2587.0,2572.4,2579.7,TSETMC
2019-12-23,1398/10/02,1398,10,2,real_estate,انبوه سازی، املاک و مستغلات,4654922806626448,2585.1,2532.0,2532.0,TSETMC
2019-12-24,1398/10/03,1398,10,3,real_estate,انبوه سازی، املاک و مستغلات,4654922806626448,2527.6,2519.2,2519.2,TSETMC
2019-12-25,1398/10/04,1398,10,4,real_estate,انبوه سازی، املاک و مستغلات,4654922806626448,2545.1,2521.0,2543.6,TSETMC
2019-12-28,1398/10/07,1398,10,7,real_estate,انبوه سازی، املاک و مستغلات,4654922806626448,2615.2,2583.4,2610.8,TSETMC
2019-12-29,1398/10/08,1398,10,8,real_estate,انبوه سازی، املاک و مستغلات,4654922806626448,2609.7,2573.5,2609.7,TSETMC
2019-12-30,1398/10/09,1398,10,9,real_estate,انبوه سازی، املاک و مستغلات,4654922806626448,2680.4,2657.9,2671.0,TSETMC
2019-12-31,1398/10/10,1398,10,10,real_estate,انبوه سازی، املاک و مستغلات,4654922806626448,2676.9,2617.2,2619.2,TSETMC
2020-01-01,1398/10/11,1398,10,11,real_estate,انبوه سازی، املاک و مستغلات,4654922806626448,2671.8,2617.3,2650.4,TSETMC
2020-01-04,1398/10/14,1398,10,14,real_estate,انبوه سازی، املاک و مستغلات,4654922806626448,2607.1,2544.9,2544.9,TSETMC
2020-01-05,1398/10/15,1398,10,15,real_estate,انبوه سازی، املاک و مستغلات,4654922806626448,2493.7,2460.5,2461.5,TSETMC
2020-01-07,1398/10/17,1398,10,17,real_estate,انبوه سازی، املاک و مستغلات,4654922806626448,2416.7,2384.9,2384.9,TSETMC
2020-01-08,1398/10/18,1398,10,18,real_estate,انبوه سازی، املاک و مستغلات,4654922806626448,2383.5,2366.6,2366.8,TSETMC
2020-01-11,1398/10/21,1398,10,21,real_estate,انبوه سازی، املاک و مستغلات,4654922806626448,2421.1,2381.1,2421.1,TSETMC
2020-01-12,1398/10/22,1398,10,22,real_estate,انبوه سازی، املاک و مستغلات,4654922806626448,2520.9,2505.2,2520.9,TSETMC
2020-01-13,1398/10/23,1398,10,23,real_estate,انبوه سازی، املاک و مستغلات,4654922806626448,2584.8,2542.6,2584.8,TSETMC
2020-01-14,1398/10/24,1398,10,24,real_estate,انبوه سازی، املاک و مستغلات,4654922806626448,2603.9,2576.8,2587.0,TSETMC
2020-01-15,1398/10/25,1398,10,25,real_estate,انبوه سازی، املاک و مستغلات,4654922806626448,2650.2,2587.0,2650.2,TSETMC
2020-01-18,1398/10/28,1398,10,28,real_estate,انبوه سازی، املاک و مستغلات,4654922806626448,2731.5,2683.1,2729.8,TSETMC
2020-01-19,1398/10/29,1398,10,29,real_estate,انبوه سازی، املاک و مستغلات,4654922806626448,2767.1,2715.1,2767.1,TSETMC
2020-01-20,1398/10/30,1398,10,30,real_estate,انبوه سازی، املاک و مستغلات,4654922806626448,2880.0,2805.3,2880.0,TSETMC
2020-01-21,1398/11/01,1398,11,1,real_estate,انبوه سازی، املاک و مستغلات,4654922806626448,2967.5,2942.8,2942.8,TSETMC
2020-01-22,1398/11/02,1398,11,2,real_estate,انبوه سازی، املاک و مستغلات,4654922806626448,3052.9,2916.8,3052.8,TSETMC
2020-01-25,1398/11/05,1398,11,5,real_estate,انبوه سازی، املاک و مستغلات,4654922806626448,3177.6,3162.6,3177.6,TSETMC
2020-01-26,1398/11/06,1398,11,6,real_estate,انبوه سازی، املاک و مستغلات,4654922806626448,3294.8,3244.6,3244.6,TSETMC
2020-01-27,1398/11/07,1398,11,7,real_estate,انبوه سازی، املاک و مستغلات,4654922806626448,3235.7,3169.1,3222.9,TSETMC
2020-01-28,1398/11/08,1398,11,8,real_estate,انبوه سازی، املاک و مستغلات,4654922806626448,3263.7,3237.4,3250.0,TSETMC
2020-02-01,1398/11/12,1398,11,12,real_estate,انبوه سازی، املاک و مستغلات,4654922806626448,3290.1,3263.9,3263.9,TSETMC
2020-02-02,1398/11/13,1398,11,13,real_estate,انبوه سازی، املاک و مستغلات,4654922806626448,3303.6,3256.3,3303.6,TSETMC
2020-02-03,1398/11/14,1398,11,14,real_estate,انبوه سازی، املاک و مستغلات,4654922806626448,3452.6,3379.3,3451.7,TSETMC
2020-02-04,1398/11/15,1398,11,15,real_estate,انبوه سازی، املاک و مستغلات,4654922806626448,3562.4,3494.4,3494.4,TSETMC
2020-02-05,1398/11/16,1398,11,16,real_estate,انبوه سازی، املاک و مستغلات,4654922806626448,3541.2,3507.4,3523.0,TSETMC
2020-02-08,1398/11/19,1398,11,19,real_estate,انبوه سازی، املاک و مستغلات,4654922806626448,3559.2,3480.4,3480.4,TSETMC
2020-02-09,1398/11/20,1398,11,20,real_estate,انبوه سازی، املاک و مستغلات,4654922806626448,3476.0,3427.9,3467.2,TSETMC
2020-02-10,1398/11/21,1398,11,21,real_estate,انبوه سازی، املاک و مستغلات,4654922806626448,3463.2,3379.2,3379.2,TSETMC
2020-02-12,1398/11/23,1398,11,23,real_estate,انبوه سازی، املاک و مستغلات,4654922806626448,3506.3,3435.7,3499.5,TSETMC
2020-02-15,1398/11/26,1398,11,26,real_estate,انبوه سازی، املاک و مستغلات,4654922806626448,3565.3,3474.8,3474.8,TSETMC
2020-02-16,1398/11/27,1398,11,27,real_estate,انبوه سازی، املاک و مستغلات,4654922806626448,3526.4,3487.3,3517.8,TSETMC
2020-02-17,1398/11/28,1398,11,28,real_estate,انبوه سازی، املاک و مستغلات,4654922806626448,3552.7,3475.2,3475.2,TSETMC
2020-02-18,1398/11/29,1398,11,29,real_estate,انبوه سازی، املاک و مستغلات,4654922806626448,3464.2,3438.1,3462.4,TSETMC
2020-02-19,1398/11/30,1398,11,30,real_estate,انبوه سازی، املاک و مستغلات,4654922806626448,3614.2,3536.8,3612.2,TSETMC
2020-02-22,1398/12/03,1398,12,3,real_estate,انبوه سازی، املاک و مستغلات,4654922806626448,3659.5,3469.3,3659.5,TSETMC
2020-02-23,1398/12/04,1398,12,4,real_estate,انبوه سازی، املاک و مستغلات,4654922806626448,3816.1,3775.2,3815.1,TSETMC
2020-02-24,1398/12/05,1398,12,5,real_estate,انبوه سازی، املاک و مستغلات,4654922806626448,3915.0,3898.6,3911.2,TSETMC
2020-02-25,1398/12/06,1398,12,6,real_estate,انبوه سازی، املاک و مستغلات,4654922806626448,4065.4,3999.1,4065.4,TSETMC
2020-02-26,1398/12/07,1398,12,7,real_estate,انبوه سازی، املاک و مستغلات,4654922806626448,4231.1,4196.8,4204.4,TSETMC
2020-02-29,1398/12/10,1398,12,10,real_estate,انبوه سازی، املاک و مستغلات,4654922806626448,4141.6,4068.3,4141.6,TSETMC
2020-03-01,1398/12/11,1398,12,11,real_estate,انبوه سازی، املاک و مستغلات,4654922806626448,4291.8,4242.9,4291.8,TSETMC
2020-03-02,1398/12/12,1398,12,12,real_estate,انبوه سازی، املاک و مستغلات,4654922806626448,4392.4,4339.2,4392.4,TSETMC
2020-03-03,1398/12/13,1398,12,13,real_estate,انبوه سازی، املاک و مستغلات,4654922806626448,4595.8,4457.1,4595.8,TSETMC
2020-03-04,1398/12/14,1398,12,14,real_estate,انبوه سازی، املاک و مستغلات,4654922806626448,4760.6,4694.1,4759.1,TSETMC
2020-03-07,1398/12/17,1398,12,17,real_estate,انبوه سازی، املاک و مستغلات,4654922806626448,4756.1,4705.9,4705.9,TSETMC
2020-03-09,1398/12/19,1398,12,19,real_estate,انبوه سازی، املاک و مستغلات,4654922806626448,4654.3,4600.2,4600.2,TSETMC
2020-03-10,1398/12/20,1398,12,20,real_estate,انبوه سازی، املاک و مستغلات,4654922806626448,4552.3,4472.5,4472.5,TSETMC
2020-03-11,1398/12/21,1398,12,21,real_estate,انبوه سازی، املاک و مستغلات,4654922806626448,4498.6,4425.2,4425.2,TSETMC
2020-03-14,1398/12/24,1398,12,24,real_estate,انبوه سازی، املاک و مستغلات,4654922806626448,4365.3,4199.4,4199.4,TSETMC
2020-03-15,1398/12/25,1398,12,25,real_estate,انبوه سازی، املاک و مستغلات,4654922806626448,4133.9,4066.9,4068.0,TSETMC
2020-03-16,1398/12/26,1398,12,26,real_estate,انبوه سازی، املاک و مستغلات,4654922806626448,4196.2,4091.9,4187.3,TSETMC
2020-03-17,1398/12/27,1398,12,27,real_estate,انبوه سازی، املاک و مستغلات,4654922806626448,4170.6,4073.4,4090.3,TSETMC
2020-03-18,1398/12/28,1398,12,28,real_estate,انبوه سازی، املاک و مستغلات,4654922806626448,4195.3,4096.1,4195.3,TSETMC
2020-03-24,1399/01/05,1399,1,5,real_estate,انبوه سازی، املاک و مستغلات,4654922806626448,4283.5,4220.7,4283.5,TSETMC
2020-03-25,1399/01/06,1399,1,6,real_estate,انبوه سازی، املاک و مستغلات,4654922806626448,4437.8,4306.1,4437.8,TSETMC
2020-03-28,1399/01/09,1399,1,9,real_estate,انبوه سازی، املاک و مستغلات,4654922806626448,4620.6,4548.8,4620.6,TSETMC
2020-03-29,1399/01/10,1399,1,10,real_estate,انبوه سازی، املاک و مستغلات,4654922806626448,4821.4,4712.0,4818.8,TSETMC
2020-03-30,1399/01/11,1399,1,11,real_estate,انبوه سازی، املاک و مستغلات,4654922806626448,4918.5,4870.9,4918.5,TSETMC
2020-04-04,1399/01/16,1399,1,16,real_estate,انبوه سازی، املاک و مستغلات,4654922806626448,5127.5,5020.4,5127.5,TSETMC
2020-04-05,1399/01/17,1399,1,17,real_estate,انبوه سازی، املاک و مستغلات,4654922806626448,5309.0,5225.6,5308.8,TSETMC
2020-04-06,1399/01/18,1399,1,18,real_estate,انبوه سازی، املاک و مستغلات,4654922806626448,5431.1,5382.1,5413.0,TSETMC
2020-04-07,1399/01/19,1399,1,19,real_estate,انبوه سازی، املاک و مستغلات,4654922806626448,5525.9,5457.7,5525.9,TSETMC
2020-04-08,1399/01/20,1399,1,20,real_estate,انبوه سازی، املاک و مستغلات,4654922806626448,5724.8,5594.8,5712.2,TSETMC
2020-04-11,1399/01/23,1399,1,23,real_estate,انبوه سازی، املاک و مستغلات,4654922806626448,5711.9,5652.1,5699.5,TSETMC
2020-04-12,1399/01/24,1399,1,24,real_estate,انبوه سازی، املاک و مستغلات,4654922806626448,5889.6,5661.3,5773.0,TSETMC
2020-04-13,1399/01/25,1399,1,25,real_estate,انبوه سازی، املاک و مستغلات,4654922806626448,5946.0,5668.2,5668.2,TSETMC
2020-04-14,1399/01/26,1399,1,26,real_estate,انبوه سازی، املاک و مستغلات,4654922806626448,5612.3,5505.3,5562.3,TSETMC
2020-04-15,1399/01/27,1399,1,27,real_estate,انبوه سازی، املاک و مستغلات,4654922806626448,5760.7,5684.0,5759.9,TSETMC
2020-04-18,1399/01/30,1399,1,30,real_estate,انبوه سازی، املاک و مستغلات,4654922806626448,6066.6,5864.2,6066.6,TSETMC
2020-04-19,1399/01/31,1399,1,31,real_estate,انبوه سازی، املاک و مستغلات,4654922806626448,6306.6,6220.5,6220.5,TSETMC
2020-04-20,1399/02/01,1399,2,1,real_estate,انبوه سازی، املاک و مستغلات,4654922806626448,6441.3,6264.1,6441.3,TSETMC
2020-04-21,1399/02/02,1399,2,2,real_estate,انبوه سازی، املاک و مستغلات,4654922806626448,6675.0,6581.1,6675.0,TSETMC
2020-04-22,1399/02/03,1399,2,3,real_estate,انبوه سازی، املاک و مستغلات,4654922806626448,6939.9,6774.6,6939.9,TSETMC
2020-04-25,1399/02/06,1399,2,6,real_estate,انبوه سازی، املاک و مستغلات,4654922806626448,7271.8,7136.6,7271.8,TSETMC
2020-04-26,1399/02/07,1399,2,7,real_estate,انبوه سازی، املاک و مستغلات,4654922806626448,7490.1,7392.5,7435.2,TSETMC
2020-04-27,1399/02/08,1399,2,8,real_estate,انبوه سازی، املاک و مستغلات,4654922806626448,7623.6,7462.6,7609.8,TSETMC
2020-04-28,1399/02/09,1399,2,9,real_estate,انبوه سازی، املاک و مستغلات,4654922806626448,7650.6,7608.3,7644.2,TSETMC
2020-04-29,1399/02/10,1399,2,10,real_estate,انبوه سازی، املاک و مستغلات,4654922806626448,7958.1,7789.7,7958.1,TSETMC
2020-05-02,1399/02/13,1399,2,13,real_estate,انبوه سازی، املاک و مستغلات,4654922806626448,8939.5,8199.9,8272.9,TSETMC
2020-05-03,1399/02/14,1399,2,14,real_estate,انبوه سازی، املاک و مستغلات,4654922806626448,9277.8,8489.0,8668.6,TSETMC
2020-05-04,1399/02/15,1399,2,15,real_estate,انبوه سازی، املاک و مستغلات,4654922806626448,8665.4,8537.2,8665.4,TSETMC
2020-05-05,1399/02/16,1399,2,16,real_estate,انبوه سازی، املاک و مستغلات,4654922806626448,8772.2,8682.7,8701.7,TSETMC
2020-05-06,1399/02/17,1399,2,17,real_estate,انبوه سازی، املاک و مستغلات,4654922806626448,8605.9,8533.8,8595.4,TSETMC
2020-05-09,1399/02/20,1399,2,20,real_estate,انبوه سازی، املاک و مستغلات,4654922806626448,8934.4,8702.6,8934.4,TSETMC
2020-05-10,1399/02/21,1399,2,21,real_estate,انبوه سازی، املاک و مستغلات,4654922806626448,9031.7,8941.7,8948.6,TSETMC
2020-05-11,1399/02/22,1399,2,22,real_estate,انبوه سازی، املاک و مستغلات,4654922806626448,8844.0,8761.2,8778.2,TSETMC
2020-05-12,1399/02/23,1399,2,23,real_estate,انبوه سازی، املاک و مستغلات,4654922806626448,8786.3,8580.1,8580.1,TSETMC
2020-05-13,1399/02/24,1399,2,24,real_estate,انبوه سازی، املاک و مستغلات,4654922806626448,8601.8,8534.9,8586.4,TSETMC
2020-05-16,1399/02/27,1399,2,27,real_estate,انبوه سازی، املاک و مستغلات,4654922806626448,8555.7,8422.4,8430.8,TSETMC
2020-05-17,1399/02/28,1399,2,28,real_estate,انبوه سازی، املاک و مستغلات,4654922806626448,8356.9,8255.6,8275.4,TSETMC
2020-05-18,1399/02/29,1399,2,29,real_estate,انبوه سازی، املاک و مستغلات,4654922806626448,8583.1,8366.1,8583.1,TSETMC
2020-05-19,1399/02/30,1399,2,30,real_estate,انبوه سازی، املاک و مستغلات,4654922806626448,8907.9,8737.0,8897.9,TSETMC
2020-05-20,1399/02/31,1399,2,31,real_estate,انبوه سازی، املاک و مستغلات,4654922806626448,9041.3,8889.3,8889.3,TSETMC
2020-05-23,1399/03/03,1399,3,3,real_estate,انبوه سازی، املاک و مستغلات,4654922806626448,8913.7,8784.8,8784.8,TSETMC
2020-05-26,1399/03/06,1399,3,6,real_estate,انبوه سازی، املاک و مستغلات,4654922806626448,8906.4,8749.5,8749.5,TSETMC
2020-05-27,1399/03/07,1399,3,7,real_estate,انبوه سازی، املاک و مستغلات,4654922806626448,8941.3,8804.7,8915.1,TSETMC
2020-05-30,1399/03/10,1399,3,10,real_estate,انبوه سازی، املاک و مستغلات,4654922806626448,9207.0,8918.9,9038.5,TSETMC
2020-05-31,1399/03/11,1399,3,11,real_estate,انبوه سازی، املاک و مستغلات,4654922806626448,9159.8,9008.8,9008.8,TSETMC
2020-06-01,1399/03/12,1399,3,12,real_estate,انبوه سازی، املاک و مستغلات,4654922806626448,8965.5,8932.5,8956.8,TSETMC
2020-06-02,1399/03/13,1399,3,13,real_estate,انبوه سازی، املاک و مستغلات,4654922806626448,9112.4,9021.0,9098.4,TSETMC
2020-06-06,1399/03/17,1399,3,17,real_estate,انبوه سازی، املاک و مستغلات,4654922806626448,9453.0,9252.3,9453.0,TSETMC
2020-06-07,1399/03/18,1399,3,18,real_estate,انبوه سازی، املاک و مستغلات,4654922806626448,9847.9,9732.8,9831.4,TSETMC
2020-06-08,1399/03/19,1399,3,19,real_estate,انبوه سازی، املاک و مستغلات,4654922806626448,10081.7,10022.2,10040.8,TSETMC
2020-06-09,1399/03/20,1399,3,20,real_estate,انبوه سازی، املاک و مستغلات,4654922806626448,10289.1,10063.2,10286.8,TSETMC
2020-06-10,1399/03/21,1399,3,21,real_estate,انبوه سازی، املاک و مستغلات,4654922806626448,10600.1,10456.5,10590.8,TSETMC
2020-06-13,1399/03/24,1399,3,24,real_estate,انبوه سازی، املاک و مستغلات,4654922806626448,10834.0,10740.3,10808.1,TSETMC
2020-06-14,1399/03/25,1399,3,25,real_estate,انبوه سازی، املاک و مستغلات,4654922806626448,10792.3,10739.0,10755.5,TSETMC
2020-06-15,1399/03/26,1399,3,26,real_estate,انبوه سازی، املاک و مستغلات,4654922806626448,10910.3,10776.4,10827.3,TSETMC
2020-06-16,1399/03/27,1399,3,27,real_estate,انبوه سازی، املاک و مستغلات,4654922806626448,10987.8,10846.2,10987.7,TSETMC
2020-06-20,1399/03/31,1399,3,31,real_estate,انبوه سازی، املاک و مستغلات,4654922806626448,11396.3,11277.6,11395.4,TSETMC
2020-06-21,1399/04/01,1399,4,1,real_estate,انبوه سازی، املاک و مستغلات,4654922806626448,11641.5,11555.3,11555.3,TSETMC
2020-06-22,1399/04/02,1399,4,2,real_estate,انبوه سازی، املاک و مستغلات,4654922806626448,11748.0,11621.1,11748.0,TSETMC
2020-06-23,1399/04/03,1399,4,3,real_estate,انبوه سازی، املاک و مستغلات,4654922806626448,12093.2,11982.9,12044.3,TSETMC
2020-06-24,1399/04/04,1399,4,4,real_estate,انبوه سازی، املاک و مستغلات,4654922806626448,12096.6,11861.5,12096.6,TSETMC
2020-06-27,1399/04/07,1399,4,7,real_estate,انبوه سازی، املاک و مستغلات,4654922806626448,12441.5,12271.9,12417.2,TSETMC
2020-06-28,1399/04/08,1399,4,8,real_estate,انبوه سازی، املاک و مستغلات,4654922806626448,12626.0,12401.9,12427.9,TSETMC
2020-06-29,1399/04/09,1399,4,9,real_estate,انبوه سازی، املاک و مستغلات,4654922806626448,12284.5,12136.1,12283.7,TSETMC
2020-06-30,1399/04/10,1399,4,10,real_estate,انبوه سازی، املاک و مستغلات,4654922806626448,12769.3,12525.9,12768.4,TSETMC
2020-07-01,1399/04/11,1399,4,11,real_estate,انبوه سازی، املاک و مستغلات,4654922806626448,13121.9,13022.5,13121.9,TSETMC
2020-07-04,1399/04/14,1399,4,14,real_estate,انبوه سازی، املاک و مستغلات,4654922806626448,13345.6,13224.3,13224.3,TSETMC
2020-07-05,1399/04/15,1399,4,15,real_estate,انبوه سازی، املاک و مستغلات,4654922806626448,13376.0,13187.8,13376.0,TSETMC
2020-07-06,1399/04/16,1399,4,16,real_estate,انبوه سازی، املاک و مستغلات,4654922806626448,13800.2,13610.9,13798.6,TSETMC
2020-07-07,1399/04/17,1399,4,17,real_estate,انبوه سازی، املاک و مستغلات,4654922806626448,13928.6,13814.9,13926.6,TSETMC
2020-07-08,1399/04/18,1399,4,18,real_estate,انبوه سازی، املاک و مستغلات,4654922806626448,14183.8,13991.8,14080.1,TSETMC
2020-07-11,1399/04/21,1399,4,21,real_estate,انبوه سازی، املاک و مستغلات,4654922806626448,14127.0,13987.5,14127.0,TSETMC
2020-07-12,1399/04/22,1399,4,22,real_estate,انبوه سازی، املاک و مستغلات,4654922806626448,14612.1,14374.4,14612.1,TSETMC
2020-07-13,1399/04/23,1399,4,23,real_estate,انبوه سازی، املاک و مستغلات,4654922806626448,14623.5,14504.7,14623.0,TSETMC
2020-07-14,1399/04/24,1399,4,24,real_estate,انبوه سازی، املاک و مستغلات,4654922806626448,14715.0,14618.4,14693.1,TSETMC
2020-07-15,1399/04/25,1399,4,25,real_estate,انبوه سازی، املاک و مستغلات,4654922806626448,14971.9,14635.7,14969.6,TSETMC
2020-07-18,1399/04/28,1399,4,28,real_estate,انبوه سازی، املاک و مستغلات,4654922806626448,15449.3,14973.2,15448.7,TSETMC
2020-07-19,1399/04/29,1399,4,29,real_estate,انبوه سازی، املاک و مستغلات,4654922806626448,15880.8,15749.6,15791.4,TSETMC
2020-07-20,1399/04/30,1399,4,30,real_estate,انبوه سازی، املاک و مستغلات,4654922806626448,16113.3,15911.2,16041.1,TSETMC
2020-07-21,1399/04/31,1399,4,31,real_estate,انبوه سازی، املاک و مستغلات,4654922806626448,15875.1,15740.6,15873.6,TSETMC
2020-07-22,1399/05/01,1399,5,1,real_estate,انبوه سازی، املاک و مستغلات,4654922806626448,15975.3,15846.9,15972.9,TSETMC
2020-07-25,1399/05/04,1399,5,4,real_estate,انبوه سازی، املاک و مستغلات,4654922806626448,16377.6,16315.2,16376.9,TSETMC
2020-07-26,1399/05/05,1399,5,5,real_estate,انبوه سازی، املاک و مستغلات,4654922806626448,16863.3,16647.1,16860.4,TSETMC
2020-07-27,1399/05/06,1399,5,6,real_estate,انبوه سازی، املاک و مستغلات,4654922806626448,17390.1,17128.9,17390.1,TSETMC
2020-07-28,1399/05/07,1399,5,7,real_estate,انبوه سازی، املاک و مستغلات,4654922806626448,18010.7,17731.7,18010.7,TSETMC
2020-07-29,1399/05/08,1399,5,8,real_estate,انبوه سازی، املاک و مستغلات,4654922806626448,18496.1,18304.3,18495.9,TSETMC
2020-08-01,1399/05/11,1399,5,11,real_estate,انبوه سازی، املاک و مستغلات,4654922806626448,18669.1,18451.9,18465.6,TSETMC
2020-08-02,1399/05/12,1399,5,12,real_estate,انبوه سازی، املاک و مستغلات,4654922806626448,18791.0,18379.4,18791.0,TSETMC
2020-08-03,1399/05/13,1399,5,13,real_estate,انبوه سازی، املاک و مستغلات,4654922806626448,19043.8,18797.9,19043.8,TSETMC
2020-08-04,1399/05/14,1399,5,14,real_estate,انبوه سازی، املاک و مستغلات,4654922806626448,19646.0,19298.6,19471.0,TSETMC
2020-08-05,1399/05/15,1399,5,15,real_estate,انبوه سازی، املاک و مستغلات,4654922806626448,19659.4,19150.8,19657.8,TSETMC
2020-08-09,1399/05/19,1399,5,19,real_estate,انبوه سازی، املاک و مستغلات,4654922806626448,20146.0,20075.3,20083.1,TSETMC
2020-08-10,1399/05/20,1399,5,20,real_estate,انبوه سازی، املاک و مستغلات,4654922806626448,20402.2,20258.9,20259.2,TSETMC
2020-08-11,1399/05/21,1399,5,21,real_estate,انبوه سازی، املاک و مستغلات,4654922806626448,20423.0,20212.2,20421.9,TSETMC
2020-08-12,1399/05/22,1399,5,22,real_estate,انبوه سازی، املاک و مستغلات,4654922806626448,21163.2,20885.3,21163.2,TSETMC
2020-08-15,1399/05/25,1399,5,25,real_estate,انبوه سازی، املاک و مستغلات,4654922806626448,21280.7,21044.6,21105.5,TSETMC
2020-08-16,1399/05/26,1399,5,26,real_estate,انبوه سازی، املاک و مستغلات,4654922806626448,21131.6,20660.9,20667.6,TSETMC
2020-08-17,1399/05/27,1399,5,27,real_estate,انبوه سازی، املاک و مستغلات,4654922806626448,20268.4,20208.3,20268.4,TSETMC
2020-08-18,1399/05/28,1399,5,28,real_estate,انبوه سازی، املاک و مستغلات,4654922806626448,20585.6,19983.9,20548.9,TSETMC
2020-08-19,1399/05/29,1399,5,29,real_estate,انبوه سازی، املاک و مستغلات,4654922806626448,20047.5,19880.6,19925.1,TSETMC
2020-08-22,1399/06/01,1399,6,1,real_estate,انبوه سازی، املاک و مستغلات,4654922806626448,19582.5,19363.5,19400.2,TSETMC
2020-08-23,1399/06/02,1399,6,2,real_estate,انبوه سازی، املاک و مستغلات,4654922806626448,19230.5,19105.2,19105.4,TSETMC
2020-08-24,1399/06/03,1399,6,3,real_estate,انبوه سازی، املاک و مستغلات,4654922806626448,18969.8,18854.0,18855.3,TSETMC
2020-08-25,1399/06/04,1399,6,4,real_estate,انبوه سازی، املاک و مستغلات,4654922806626448,18507.5,18284.3,18398.3,TSETMC
2020-08-26,1399/06/05,1399,6,5,real_estate,انبوه سازی، املاک و مستغلات,4654922806626448,19024.5,18664.6,19024.5,TSETMC
2020-08-31,1399/06/10,1399,6,10,real_estate,انبوه سازی، املاک و مستغلات,4654922806626448,18999.2,18474.5,18474.6,TSETMC
2020-09-01,1399/06/11,1399,6,11,real_estate,انبوه سازی، املاک و مستغلات,4654922806626448,18366.7,18205.5,18205.5,TSETMC
2020-09-02,1399/06/12,1399,6,12,real_estate,انبوه سازی، املاک و مستغلات,4654922806626448,18143.7,18089.0,18105.3,TSETMC
2020-09-05,1399/06/15,1399,6,15,real_estate,انبوه سازی، املاک و مستغلات,4654922806626448,17949.0,17846.1,17847.5,TSETMC
2020-09-06,1399/06/16,1399,6,16,real_estate,انبوه سازی، املاک و مستغلات,4654922806626448,17730.8,17530.1,17530.1,TSETMC
2020-09-07,1399/06/17,1399,6,17,real_estate,انبوه سازی، املاک و مستغلات,4654922806626448,17546.7,17508.9,17514.9,TSETMC
2020-09-08,1399/06/18,1399,6,18,real_estate,انبوه سازی، املاک و مستغلات,4654922806626448,17403.2,17333.7,17390.8,TSETMC
2020-09-09,1399/06/19,1399,6,19,real_estate,انبوه سازی، املاک و مستغلات,4654922806626448,17284.6,17162.4,17162.4,TSETMC
2020-09-12,1399/06/22,1399,6,22,real_estate,انبوه سازی، املاک و مستغلات,4654922806626448,16976.6,16866.5,16921.1,TSETMC
2020-09-13,1399/06/23,1399,6,23,real_estate,انبوه سازی، املاک و مستغلات,4654922806626448,16916.8,16795.7,16891.7,TSETMC
2020-09-14,1399/06/24,1399,6,24,real_estate,انبوه سازی، املاک و مستغلات,4654922806626448,16980.4,16866.7,16965.1,TSETMC
2020-09-15,1399/06/25,1399,6,25,real_estate,انبوه سازی، املاک و مستغلات,4654922806626448,16939.4,16775.7,16857.0,TSETMC
2020-09-16,1399/06/26,1399,6,26,real_estate,انبوه سازی، املاک و مستغلات,4654922806626448,16848.9,16673.5,16701.3,TSETMC
2020-09-19,1399/06/29,1399,6,29,real_estate,انبوه سازی، املاک و مستغلات,4654922806626448,16533.8,16441.8,16530.0,TSETMC
2020-09-20,1399/06/30,1399,6,30,real_estate,انبوه سازی، املاک و مستغلات,4654922806626448,16470.3,16370.4,16371.7,TSETMC
2020-09-21,1399/06/31,1399,6,31,real_estate,انبوه سازی، املاک و مستغلات,4654922806626448,16328.4,16303.2,16328.4,TSETMC
2020-09-22,1399/07/01,1399,7,1,real_estate,انبوه سازی، املاک و مستغلات,4654922806626448,16216.7,16103.9,16107.7,TSETMC
2020-09-23,1399/07/02,1399,7,2,real_estate,انبوه سازی، املاک و مستغلات,4654922806626448,16139.9,15873.5,15873.5,TSETMC
2020-09-26,1399/07/05,1399,7,5,real_estate,انبوه سازی، املاک و مستغلات,4654922806626448,15876.9,15771.8,15853.0,TSETMC
2020-09-27,1399/07/06,1399,7,6,real_estate,انبوه سازی، املاک و مستغلات,4654922806626448,15758.8,15645.3,15645.7,TSETMC
2020-09-28,1399/07/07,1399,7,7,real_estate,انبوه سازی، املاک و مستغلات,4654922806626448,15516.1,15397.0,15401.0,TSETMC
2020-09-29,1399/07/08,1399,7,8,real_estate,انبوه سازی، املاک و مستغلات,4654922806626448,15337.3,15221.7,15225.3,TSETMC
2020-09-30,1399/07/09,1399,7,9,real_estate,انبوه سازی، املاک و مستغلات,4654922806626448,15191.3,15134.1,15134.1,TSETMC
2020-10-03,1399/07/12,1399,7,12,real_estate,انبوه سازی، املاک و مستغلات,4654922806626448,15124.4,14988.4,15124.4,TSETMC
2020-10-04,1399/07/13,1399,7,13,real_estate,انبوه سازی، املاک و مستغلات,4654922806626448,15235.6,15126.1,15151.9,TSETMC
2020-10-05,1399/07/14,1399,7,14,real_estate,انبوه سازی، املاک و مستغلات,4654922806626448,15136.1,14932.0,15136.1,TSETMC
2020-10-06,1399/07/15,1399,7,15,real_estate,انبوه سازی، املاک و مستغلات,4654922806626448,15337.9,15168.6,15251.6,TSETMC
2020-10-07,1399/07/16,1399,7,16,real_estate,انبوه سازی، املاک و مستغلات,4654922806626448,15429.8,15296.5,15429.8,TSETMC
2020-10-10,1399/07/19,1399,7,19,real_estate,انبوه سازی، املاک و مستغلات,4654922806626448,15435.0,15189.3,15434.6,TSETMC
2020-10-11,1399/07/20,1399,7,20,real_estate,انبوه سازی، املاک و مستغلات,4654922806626448,15999.1,15553.9,15881.1,TSETMC
2020-10-12,1399/07/21,1399,7,21,real_estate,انبوه سازی، املاک و مستغلات,4654922806626448,15696.5,15670.4,15675.0,TSETMC
2020-10-13,1399/07/22,1399,7,22,real_estate,انبوه سازی، املاک و مستغلات,4654922806626448,15896.8,15798.8,15809.7,TSETMC
2020-10-14,1399/07/23,1399,7,23,real_estate,انبوه سازی، املاک و مستغلات,4654922806626448,16229.9,15994.3,16229.9,TSETMC
2020-10-18,1399/07/27,1399,7,27,real_estate,انبوه سازی، املاک و مستغلات,4654922806626448,16209.6,15985.8,15986.1,TSETMC
2020-10-19,1399/07/28,1399,7,28,real_estate,انبوه سازی، املاک و مستغلات,4654922806626448,15783.2,15602.1,15602.7,TSETMC
2020-10-20,1399/07/29,1399,7,29,real_estate,انبوه سازی، املاک و مستغلات,4654922806626448,15581.1,15399.5,15401.8,TSETMC
2020-10-21,1399/07/30,1399,7,30,real_estate,انبوه سازی، املاک و مستغلات,4654922806626448,15482.4,15018.5,15313.0,TSETMC
2020-10-24,1399/08/03,1399,8,3,real_estate,انبوه سازی، املاک و مستغلات,4654922806626448,15177.3,14840.0,14991.4,TSETMC
2020-10-26,1399/08/05,1399,8,5,real_estate,انبوه سازی، املاک و مستغلات,4654922806626448,14932.2,14705.0,14706.7,TSETMC
2020-10-27,1399/08/06,1399,8,6,real_estate,انبوه سازی، املاک و مستغلات,4654922806626448,14588.4,14398.3,14398.3,TSETMC
2020-10-28,1399/08/07,1399,8,7,real_estate,انبوه سازی، املاک و مستغلات,4654922806626448,14363.0,14149.1,14153.3,TSETMC
2020-10-31,1399/08/10,1399,8,10,real_estate,انبوه سازی، املاک و مستغلات,4654922806626448,14182.5,13572.7,13578.8,TSETMC
2020-11-01,1399/08/11,1399,8,11,real_estate,انبوه سازی، املاک و مستغلات,4654922806626448,13397.5,13327.3,13327.3,TSETMC
2020-11-02,1399/08/12,1399,8,12,real_estate,انبوه سازی، املاک و مستغلات,4654922806626448,13197.0,13013.6,13020.1,TSETMC
2020-11-04,1399/08/14,1399,8,14,real_estate,انبوه سازی، املاک و مستغلات,4654922806626448,12975.5,12888.4,12903.2,TSETMC
2020-11-07,1399/08/17,1399,8,17,real_estate,انبوه سازی، املاک و مستغلات,4654922806626448,12813.0,12740.7,12743.8,TSETMC
2020-11-08,1399/08/18,1399,8,18,real_estate,انبوه سازی، املاک و مستغلات,4654922806626448,12719.5,12616.1,12616.1,TSETMC
2020-11-09,1399/08/19,1399,8,19,real_estate,انبوه سازی، املاک و مستغلات,4654922806626448,12485.0,12298.9,12298.9,TSETMC
2020-11-10,1399/08/20,1399,8,20,real_estate,انبوه سازی، املاک و مستغلات,4654922806626448,12318.9,12262.9,12307.9,TSETMC
2020-11-11,1399/08/21,1399,8,21,real_estate,انبوه سازی، املاک و مستغلات,4654922806626448,12450.9,12413.6,12419.6,TSETMC
2020-11-14,1399/08/24,1399,8,24,real_estate,انبوه سازی، املاک و مستغلات,4654922806626448,12691.3,12552.5,12691.3,TSETMC
2020-11-15,1399/08/25,1399,8,25,real_estate,انبوه سازی، املاک و مستغلات,4654922806626448,12882.8,12534.1,12536.6,TSETMC
2020-11-16,1399/08/26,1399,8,26,real_estate,انبوه سازی، املاک و مستغلات,4654922806626448,12490.5,12287.8,12483.2,TSETMC
2020-11-17,1399/08/27,1399,8,27,real_estate,انبوه سازی، املاک و مستغلات,4654922806626448,12893.4,12690.7,12891.7,TSETMC
2020-11-18,1399/08/28,1399,8,28,real_estate,انبوه سازی، املاک و مستغلات,4654922806626448,13123.0,13047.3,13110.3,TSETMC
2020-11-21,1399/09/01,1399,9,1,real_estate,انبوه سازی، املاک و مستغلات,4654922806626448,13069.9,12783.3,12783.3,TSETMC
2020-11-22,1399/09/02,1399,9,2,real_estate,انبوه سازی، املاک و مستغلات,4654922806626448,12409.7,12326.9,12370.1,TSETMC
2020-11-23,1399/09/03,1399,9,3,real_estate,انبوه سازی، املاک و مستغلات,4654922806626448,12554.8,12337.7,12360.9,TSETMC
2020-11-24,1399/09/04,1399,9,4,real_estate,انبوه سازی، املاک و مستغلات,4654922806626448,12524.4,12401.8,12409.3,TSETMC
2020-11-25,1399/09/05,1399,9,5,real_estate,انبوه سازی، املاک و مستغلات,4654922806626448,12602.7,12366.6,12599.3,TSETMC
2020-11-28,1399/09/08,1399,9,8,real_estate,انبوه سازی، املاک و مستغلات,4654922806626448,12933.5,12621.4,12933.5,TSETMC
2020-11-29,1399/09/09,1399,9,9,real_estate,انبوه سازی، املاک و مستغلات,4654922806626448,13308.4,13173.0,13306.5,TSETMC
2020-11-30,1399/09/10,1399,9,10,real_estate,انبوه سازی، املاک و مستغلات,4654922806626448,13531.7,13465.6,13474.7,TSETMC
2020-12-01,1399/09/11,1399,9,11,real_estate,انبوه سازی، املاک و مستغلات,4654922806626448,13181.4,13121.2,13172.0,TSETMC
2020-12-02,1399/09/12,1399,9,12,real_estate,انبوه سازی، املاک و مستغلات,4654922806626448,13181.4,13047.8,13093.6,TSETMC
2020-12-05,1399/09/15,1399,9,15,real_estate,انبوه سازی، املاک و مستغلات,4654922806626448,13489.5,13173.1,13483.2,TSETMC
2020-12-06,1399/09/16,1399,9,16,real_estate,انبوه سازی، املاک و مستغلات,4654922806626448,13821.5,13729.7,13734.1,TSETMC
2020-12-07,1399/09/17,1399,9,17,real_estate,انبوه سازی، املاک و مستغلات,4654922806626448,13719.6,13584.4,13584.4,TSETMC
2020-12-08,1399/09/18,1399,9,18,real_estate,انبوه سازی، املاک و مستغلات,4654922806626448,13813.0,13626.8,13813.0,TSETMC
2020-12-09,1399/09/19,1399,9,19,real_estate,انبوه سازی، املاک و مستغلات,4654922806626448,14274.3,14123.8,14274.2,TSETMC
2020-12-12,1399/09/22,1399,9,22,real_estate,انبوه سازی، املاک و مستغلات,4654922806626448,14722.0,14639.7,14639.7,TSETMC
2020-12-13,1399/09/23,1399,9,23,real_estate,انبوه سازی، املاک و مستغلات,4654922806626448,14477.9,14326.4,14477.9,TSETMC
2020-12-14,1399/09/24,1399,9,24,real_estate,انبوه سازی، املاک و مستغلات,4654922806626448,14395.0,14176.3,14179.7,TSETMC
2020-12-15,1399/09/25,1399,9,25,real_estate,انبوه سازی، املاک و مستغلات,4654922806626448,13885.9,13701.7,13702.5,TSETMC
2020-12-16,1399/09/26,1399,9,26,real_estate,انبوه سازی، املاک و مستغلات,4654922806626448,13395.1,13241.3,13272.7,TSETMC
2020-12-19,1399/09/29,1399,9,29,real_estate,انبوه سازی، املاک و مستغلات,4654922806626448,13490.1,13362.0,13428.3,TSETMC
2020-12-20,1399/09/30,1399,9,30,real_estate,انبوه سازی، املاک و مستغلات,4654922806626448,13504.9,13191.8,13196.4,TSETMC
2020-12-21,1399/10/01,1399,10,1,real_estate,انبوه سازی، املاک و مستغلات,4654922806626448,13149.1,13054.2,13083.7,TSETMC
2020-12-22,1399/10/02,1399,10,2,real_estate,انبوه سازی، املاک و مستغلات,4654922806626448,13374.2,13230.1,13368.6,TSETMC
2020-12-23,1399/10/03,1399,10,3,real_estate,انبوه سازی، املاک و مستغلات,4654922806626448,13809.8,13694.4,13702.2,TSETMC
2020-12-26,1399/10/06,1399,10,6,real_estate,انبوه سازی، املاک و مستغلات,4654922806626448,13710.7,13477.5,13477.5,TSETMC
2020-12-27,1399/10/07,1399,10,7,real_estate,انبوه سازی، املاک و مستغلات,4654922806626448,13444.9,13367.1,13416.0,TSETMC
2020-12-28,1399/10/08,1399,10,8,real_estate,انبوه سازی، املاک و مستغلات,4654922806626448,13534.6,13421.3,13421.3,TSETMC
2020-12-29,1399/10/09,1399,10,9,real_estate,انبوه سازی، املاک و مستغلات,4654922806626448,13408.1,13057.0,13060.2,TSETMC
2020-12-30,1399/10/10,1399,10,10,real_estate,انبوه سازی، املاک و مستغلات,4654922806626448,13251.9,13176.5,13176.5,TSETMC
2021-01-02,1399/10/13,1399,10,13,real_estate,انبوه سازی، املاک و مستغلات,4654922806626448,12973.8,12811.1,12856.5,TSETMC
2021-01-03,1399/10/14,1399,10,14,real_estate,انبوه سازی، املاک و مستغلات,4654922806626448,12816.4,12757.8,12772.9,TSETMC
2021-01-04,1399/10/15,1399,10,15,real_estate,انبوه سازی، املاک و مستغلات,4654922806626448,12985.1,12836.0,12985.1,TSETMC
2021-01-05,1399/10/16,1399,10,16,real_estate,انبوه سازی، املاک و مستغلات,4654922806626448,13131.3,13013.5,13130.5,TSETMC
2021-01-06,1399/10/17,1399,10,17,real_estate,انبوه سازی، املاک و مستغلات,4654922806626448,13174.3,12954.3,12989.1,TSETMC
2021-01-09,1399/10/20,1399,10,20,real_estate,انبوه سازی، املاک و مستغلات,4654922806626448,13276.9,13067.3,13276.9,TSETMC
2021-01-10,1399/10/21,1399,10,21,real_estate,انبوه سازی، املاک و مستغلات,4654922806626448,13692.6,13536.6,13665.1,TSETMC
2021-01-11,1399/10/22,1399,10,22,real_estate,انبوه سازی، املاک و مستغلات,4654922806626448,13712.5,13521.6,13521.6,TSETMC
2021-01-12,1399/10/23,1399,10,23,real_estate,انبوه سازی، املاک و مستغلات,4654922806626448,13294.2,13117.0,13127.7,TSETMC
2021-01-13,1399/10/24,1399,10,24,real_estate,انبوه سازی، املاک و مستغلات,4654922806626448,12920.6,12805.6,12809.7,TSETMC
2021-01-16,1399/10/27,1399,10,27,real_estate,انبوه سازی، املاک و مستغلات,4654922806626448,12792.6,12559.6,12559.6,TSETMC
2021-01-18,1399/10/29,1399,10,29,real_estate,انبوه سازی، املاک و مستغلات,4654922806626448,12379.8,12331.5,12331.5,TSETMC
2021-01-19,1399/10/30,1399,10,30,real_estate,انبوه سازی، املاک و مستغلات,4654922806626448,12309.3,12092.8,12093.9,TSETMC
2021-01-20,1399/11/01,1399,11,1,real_estate,انبوه سازی، املاک و مستغلات,4654922806626448,12081.7,12033.0,12040.5,TSETMC
2021-01-23,1399/11/04,1399,11,4,real_estate,انبوه سازی، املاک و مستغلات,4654922806626448,12401.1,12057.6,12401.1,TSETMC
2021-01-24,1399/11/05,1399,11,5,real_estate,انبوه سازی، املاک و مستغلات,4654922806626448,12538.3,12139.9,12210.3,TSETMC
2021-01-25,1399/11/06,1399,11,6,real_estate,انبوه سازی، املاک و مستغلات,4654922806626448,12019.1,11735.4,11735.4,TSETMC
2021-01-26,1399/11/07,1399,11,7,real_estate,انبوه سازی، املاک و مستغلات,4654922806626448,11604.6,11347.0,11347.0,TSETMC
2021-01-27,1399/11/08,1399,11,8,real_estate,انبوه سازی، املاک و مستغلات,4654922806626448,11039.4,10965.6,10965.6,TSETMC
2021-01-30,1399/11/11,1399,11,11,real_estate,انبوه سازی، املاک و مستغلات,4654922806626448,11233.9,11003.6,11233.9,TSETMC
2021-01-31,1399/11/12,1399,11,12,real_estate,انبوه سازی، املاک و مستغلات,4654922806626448,11453.6,11217.4,11217.4,TSETMC
2021-02-01,1399/11/13,1399,11,13,real_estate,انبوه سازی، املاک و مستغلات,4654922806626448,11227.8,11135.9,11225.6,TSETMC
2021-02-02,1399/11/14,1399,11,14,real_estate,انبوه سازی، املاک و مستغلات,4654922806626448,11175.7,11046.1,11071.7,TSETMC
2021-02-03,1399/11/15,1399,11,15,real_estate,انبوه سازی، املاک و مستغلات,4654922806626448,11025.1,10796.9,10798.3,TSETMC
2021-02-06,1399/11/18,1399,11,18,real_estate,انبوه سازی، املاک و مستغلات,4654922806626448,10656.4,10495.1,10498.2,TSETMC
2021-02-07,1399/11/19,1399,11,19,real_estate,انبوه سازی، املاک و مستغلات,4654922806626448,10843.5,10545.8,10843.5,TSETMC
2021-02-08,1399/11/20,1399,11,20,real_estate,انبوه سازی، املاک و مستغلات,4654922806626448,10945.3,10735.6,10735.6,TSETMC
2021-02-09,1399/11/21,1399,11,21,real_estate,انبوه سازی، املاک و مستغلات,4654922806626448,10738.1,10646.2,10737.5,TSETMC
2021-02-13,1399/11/25,1399,11,25,real_estate,انبوه سازی، املاک و مستغلات,4654922806626448,11133.6,10981.7,11133.6,TSETMC
2021-02-14,1399/11/26,1399,11,26,real_estate,انبوه سازی، املاک و مستغلات,4654922806626448,11155.4,11019.3,11019.9,TSETMC
2021-02-15,1399/11/27,1399,11,27,real_estate,انبوه سازی، املاک و مستغلات,4654922806626448,10967.2,10933.6,10942.4,TSETMC
2021-02-16,1399/11/28,1399,11,28,real_estate,انبوه سازی، املاک و مستغلات,4654922806626448,10911.4,10891.1,10891.6,TSETMC
2021-02-17,1399/11/29,1399,11,29,real_estate,انبوه سازی، املاک و مستغلات,4654922806626448,10880.6,10838.6,10838.6,TSETMC
2021-02-20,1399/12/02,1399,12,2,real_estate,انبوه سازی، املاک و مستغلات,4654922806626448,10833.2,10775.2,10811.1,TSETMC
2021-02-21,1399/12/03,1399,12,3,real_estate,انبوه سازی، املاک و مستغلات,4654922806626448,10810.3,10726.6,10743.5,TSETMC
2021-02-22,1399/12/04,1399,12,4,real_estate,انبوه سازی، املاک و مستغلات,4654922806626448,10727.0,10634.3,10639.8,TSETMC
2021-02-23,1399/12/05,1399,12,5,real_estate,انبوه سازی، املاک و مستغلات,4654922806626448,10643.9,10559.2,10561.2,TSETMC
2021-02-24,1399/12/06,1399,12,6,real_estate,انبوه سازی، املاک و مستغلات,4654922806626448,10527.5,10453.8,10453.8,TSETMC
2021-02-27,1399/12/09,1399,12,9,real_estate,انبوه سازی، املاک و مستغلات,4654922806626448,10445.7,10385.1,10389.6,TSETMC
2021-02-28,1399/12/10,1399,12,10,real_estate,انبوه سازی، املاک و مستغلات,4654922806626448,10381.2,10333.5,10333.5,TSETMC
2021-03-01,1399/12/11,1399,12,11,real_estate,انبوه سازی، املاک و مستغلات,4654922806626448,10328.7,10280.9,10280.9,TSETMC
2021-03-02,1399/12/12,1399,12,12,real_estate,انبوه سازی، املاک و مستغلات,4654922806626448,10255.1,10214.7,10220.0,TSETMC
2021-03-03,1399/12/13,1399,12,13,real_estate,انبوه سازی، املاک و مستغلات,4654922806626448,10214.0,10202.7,10210.0,TSETMC
2021-03-06,1399/12/16,1399,12,16,real_estate,انبوه سازی، املاک و مستغلات,4654922806626448,10278.3,10206.5,10268.5,TSETMC
2021-03-07,1399/12/17,1399,12,17,real_estate,انبوه سازی، املاک و مستغلات,4654922806626448,10294.8,10229.1,10234.9,TSETMC
2021-03-08,1399/12/18,1399,12,18,real_estate,انبوه سازی، املاک و مستغلات,4654922806626448,10229.3,10191.6,10226.8,TSETMC
2021-03-09,1399/12/19,1399,12,19,real_estate,انبوه سازی، املاک و مستغلات,4654922806626448,10233.4,10193.1,10193.1,TSETMC
2021-03-10,1399/12/20,1399,12,20,real_estate,انبوه سازی، املاک و مستغلات,4654922806626448,10176.4,10137.4,10141.8,TSETMC
2021-03-13,1399/12/23,1399,12,23,real_estate,انبوه سازی، املاک و مستغلات,4654922806626448,10144.0,10130.0,10135.6,TSETMC
2021-03-14,1399/12/24,1399,12,24,real_estate,انبوه سازی، املاک و مستغلات,4654922806626448,10152.1,10132.0,10133.3,TSETMC
2021-03-15,1399/12/25,1399,12,25,real_estate,انبوه سازی، املاک و مستغلات,4654922806626448,10134.6,10125.0,10133.3,TSETMC
2021-03-16,1399/12/26,1399,12,26,real_estate,انبوه سازی، املاک و مستغلات,4654922806626448,10216.3,10128.4,10216.3,TSETMC
2021-03-17,1399/12/27,1399,12,27,real_estate,انبوه سازی، املاک و مستغلات,4654922806626448,10260.4,10211.0,10254.6,TSETMC
2021-03-27,1400/01/07,1400,1,7,real_estate,انبوه سازی، املاک و مستغلات,4654922806626448,10315.3,10240.9,10311.7,TSETMC
2021-03-28,1400/01/08,1400,1,8,real_estate,انبوه سازی، املاک و مستغلات,4654922806626448,10369.8,10312.7,10368.1,TSETMC
2021-03-30,1400/01/10,1400,1,10,real_estate,انبوه سازی، املاک و مستغلات,4654922806626448,10386.5,10331.8,10334.8,TSETMC
2021-03-31,1400/01/11,1400,1,11,real_estate,انبوه سازی، املاک و مستغلات,4654922806626448,10328.2,10249.1,10249.1,TSETMC
2021-04-03,1400/01/14,1400,1,14,real_estate,انبوه سازی، املاک و مستغلات,4654922806626448,10235.2,10207.7,10211.6,TSETMC
2021-04-04,1400/01/15,1400,1,15,real_estate,انبوه سازی، املاک و مستغلات,4654922806626448,10253.1,10199.8,10253.1,TSETMC
2021-04-05,1400/01/16,1400,1,16,real_estate,انبوه سازی، املاک و مستغلات,4654922806626448,10251.6,10224.5,10224.5,TSETMC
2021-04-06,1400/01/17,1400,1,17,real_estate,انبوه سازی، املاک و مستغلات,4654922806626448,10216.3,10199.5,10199.5,TSETMC
2021-04-07,1400/01/18,1400,1,18,real_estate,انبوه سازی، املاک و مستغلات,4654922806626448,10191.4,10181.7,10182.7,TSETMC
2021-04-10,1400/01/21,1400,1,21,real_estate,انبوه سازی، املاک و مستغلات,4654922806626448,10182.1,10176.6,10177.1,TSETMC
2021-04-11,1400/01/22,1400,1,22,real_estate,انبوه سازی، املاک و مستغلات,4654922806626448,10180.0,10169.0,10176.0,TSETMC
2021-04-12,1400/01/23,1400,1,23,real_estate,انبوه سازی، املاک و مستغلات,4654922806626448,10173.2,10136.1,10169.0,TSETMC
2021-04-13,1400/01/24,1400,1,24,real_estate,انبوه سازی، املاک و مستغلات,4654922806626448,10127.8,10066.1,10093.4,TSETMC
2021-04-14,1400/01/25,1400,1,25,real_estate,انبوه سازی، املاک و مستغلات,4654922806626448,10084.4,10057.6,10060.9,TSETMC
2021-04-17,1400/01/28,1400,1,28,real_estate,انبوه سازی، املاک و مستغلات,4654922806626448,10056.0,10028.4,10029.5,TSETMC
2021-04-18,1400/01/29,1400,1,29,real_estate,انبوه سازی، املاک و مستغلات,4654922806626448,10029.3,10000.1,10001.9,TSETMC
2021-04-19,1400/01/30,1400,1,30,real_estate,انبوه سازی، املاک و مستغلات,4654922806626448,9999.0,9973.6,9976.1,TSETMC
2021-04-20,1400/01/31,1400,1,31,real_estate,انبوه سازی، املاک و مستغلات,4654922806626448,9975.7,9964.5,9965.5,TSETMC
2021-04-21,1400/02/01,1400,2,1,real_estate,انبوه سازی، املاک و مستغلات,4654922806626448,9961.3,9905.4,9906.8,TSETMC
2021-04-24,1400/02/04,1400,2,4,real_estate,انبوه سازی، املاک و مستغلات,4654922806626448,9901.8,9864.7,9867.8,TSETMC
2021-04-25,1400/02/05,1400,2,5,real_estate,انبوه سازی، املاک و مستغلات,4654922806626448,9882.2,9859.3,9882.2,TSETMC
2021-04-26,1400/02/06,1400,2,6,real_estate,انبوه سازی، املاک و مستغلات,4654922806626448,9881.9,9877.0,9879.6,TSETMC
2021-04-27,1400/02/07,1400,2,7,real_estate,انبوه سازی، املاک و مستغلات,4654922806626448,9878.7,9873.5,9877.2,TSETMC
2021-04-28,1400/02/08,1400,2,8,real_estate,انبوه سازی، املاک و مستغلات,4654922806626448,9876.2,9851.8,9854.9,TSETMC
2021-05-01,1400/02/11,1400,2,11,real_estate,انبوه سازی، املاک و مستغلات,4654922806626448,9781.3,9717.0,9717.0,TSETMC
2021-05-02,1400/02/12,1400,2,12,real_estate,انبوه سازی، املاک و مستغلات,4654922806626448,9791.3,9707.6,9767.3,TSETMC
2021-05-03,1400/02/13,1400,2,13,real_estate,انبوه سازی، املاک و مستغلات,4654922806626448,9795.9,9768.0,9792.7,TSETMC
2021-05-05,1400/02/15,1400,2,15,real_estate,انبوه سازی، املاک و مستغلات,4654922806626448,9771.5,9744.3,9749.7,TSETMC
2021-05-08,1400/02/18,1400,2,18,real_estate,انبوه سازی، املاک و مستغلات,4654922806626448,9747.9,9679.0,9679.9,TSETMC
2021-05-09,1400/02/19,1400,2,19,real_estate,انبوه سازی، املاک و مستغلات,4654922806626448,9673.9,9634.7,9634.9,TSETMC
2021-05-10,1400/02/20,1400,2,20,real_estate,انبوه سازی، املاک و مستغلات,4654922806626448,9627.7,9556.9,9557.1,TSETMC
2021-05-11,1400/02/21,1400,2,21,real_estate,انبوه سازی، املاک و مستغلات,4654922806626448,9558.1,9543.7,9546.4,TSETMC
2021-05-12,1400/02/22,1400,2,22,real_estate,انبوه سازی، املاک و مستغلات,4654922806626448,9553.1,9541.1,9541.5,TSETMC
2021-05-15,1400/02/25,1400,2,25,real_estate,انبوه سازی، املاک و مستغلات,4654922806626448,9527.2,9465.1,9465.1,TSETMC
2021-05-16,1400/02/26,1400,2,26,real_estate,انبوه سازی، املاک و مستغلات,4654922806626448,9455.4,9407.1,9407.3,TSETMC
2021-05-17,1400/02/27,1400,2,27,real_estate,انبوه سازی، املاک و مستغلات,4654922806626448,9400.6,9289.0,9289.0,TSETMC
2021-05-18,1400/02/28,1400,2,28,real_estate,انبوه سازی، املاک و مستغلات,4654922806626448,9326.3,9282.6,9301.0,TSETMC
2021-05-19,1400/02/29,1400,2,29,real_estate,انبوه سازی، املاک و مستغلات,4654922806626448,9311.8,9199.8,9200.1,TSETMC
2021-05-22,1400/03/01,1400,3,1,real_estate,انبوه سازی، املاک و مستغلات,4654922806626448,9203.0,9133.3,9133.3,TSETMC
2021-05-23,1400/03/02,1400,3,2,real_estate,انبوه سازی، املاک و مستغلات,4654922806626448,9141.1,8916.3,9041.2,TSETMC
2021-05-24,1400/03/03,1400,3,3,real_estate,انبوه سازی، املاک و مستغلات,4654922806626448,9014.3,8987.4,8988.0,TSETMC
2021-05-25,1400/03/04,1400,3,4,real_estate,انبوه سازی، املاک و مستغلات,4654922806626448,8981.4,8950.9,8964.2,TSETMC
2021-05-26,1400/03/05,1400,3,5,real_estate,انبوه سازی، املاک و مستغلات,4654922806626448,9060.0,9011.3,9053.6,TSETMC
2021-05-29,1400/03/08,1400,3,8,real_estate,انبوه سازی، املاک و مستغلات,4654922806626448,9142.7,9047.3,9083.4,TSETMC
2021-05-30,1400/03/09,1400,3,9,real_estate,انبوه سازی، املاک و مستغلات,4654922806626448,9181.9,9121.1,9122.8,TSETMC
2021-05-31,1400/03/10,1400,3,10,real_estate,انبوه سازی، املاک و مستغلات,4654922806626448,9055.7,9033.1,9045.3,TSETMC
2021-06-01,1400/03/11,1400,3,11,real_estate,انبوه سازی، املاک و مستغلات,4654922806626448,9126.1,9002.3,9124.0,TSETMC
2021-06-02,1400/03/12,1400,3,12,real_estate,انبوه سازی، املاک و مستغلات,4654922806626448,9205.2,9172.9,9201.1,TSETMC
2021-06-07,1400/03/17,1400,3,17,real_estate,انبوه سازی، املاک و مستغلات,4654922806626448,9304.6,9247.6,9270.8,TSETMC
2021-06-08,1400/03/18,1400,3,18,real_estate,انبوه سازی، املاک و مستغلات,4654922806626448,9378.4,9224.6,9225.4,TSETMC
2021-06-09,1400/03/19,1400,3,19,real_estate,انبوه سازی، املاک و مستغلات,4654922806626448,9029.0,8981.2,8981.2,TSETMC
2021-06-12,1400/03/22,1400,3,22,real_estate,انبوه سازی، املاک و مستغلات,4654922806626448,9010.7,8956.3,8958.0,TSETMC
2021-06-13,1400/03/23,1400,3,23,real_estate,انبوه سازی، املاک و مستغلات,4654922806626448,8957.5,8901.5,8902.3,TSETMC
2021-06-14,1400/03/24,1400,3,24,real_estate,انبوه سازی، املاک و مستغلات,4654922806626448,8984.9,8903.8,8980.7,TSETMC
2021-06-15,1400/03/25,1400,3,25,real_estate,انبوه سازی، املاک و مستغلات,4654922806626448,9012.2,8894.1,8894.1,TSETMC
2021-06-16,1400/03/26,1400,3,26,real_estate,انبوه سازی، املاک و مستغلات,4654922806626448,8909.0,8790.1,8790.3,TSETMC
2021-06-19,1400/03/29,1400,3,29,real_estate,انبوه سازی، املاک و مستغلات,4654922806626448,8808.3,8728.0,8808.2,TSETMC
2021-06-20,1400/03/30,1400,3,30,real_estate,انبوه سازی، املاک و مستغلات,4654922806626448,9003.3,8892.7,9002.7,TSETMC
2021-06-21,1400/03/31,1400,3,31,real_estate,انبوه سازی، املاک و مستغلات,4654922806626448,9119.3,9044.4,9112.9,TSETMC
2021-06-22,1400/04/01,1400,4,1,real_estate,انبوه سازی، املاک و مستغلات,4654922806626448,9197.9,9172.7,9197.1,TSETMC
2021-06-23,1400/04/02,1400,4,2,real_estate,انبوه سازی، املاک و مستغلات,4654922806626448,9149.4,9056.5,9056.7,TSETMC
2021-06-26,1400/04/05,1400,4,5,real_estate,انبوه سازی، املاک و مستغلات,4654922806626448,9076.3,9011.0,9011.1,TSETMC
2021-06-27,1400/04/06,1400,4,6,real_estate,انبوه سازی، املاک و مستغلات,4654922806626448,9075.6,8994.5,9057.6,TSETMC
2021-06-28,1400/04/07,1400,4,7,real_estate,انبوه سازی، املاک و مستغلات,4654922806626448,9101.5,9071.5,9071.8,TSETMC
2021-06-29,1400/04/08,1400,4,8,real_estate,انبوه سازی، املاک و مستغلات,4654922806626448,9131.1,9054.9,9079.6,TSETMC
2021-06-30,1400/04/09,1400,4,9,real_estate,انبوه سازی، املاک و مستغلات,4654922806626448,9186.4,9126.2,9163.5,TSETMC
2021-07-03,1400/04/12,1400,4,12,real_estate,انبوه سازی، املاک و مستغلات,4654922806626448,9113.2,9017.8,9017.8,TSETMC
2021-07-04,1400/04/13,1400,4,13,real_estate,انبوه سازی، املاک و مستغلات,4654922806626448,8975.5,8865.2,8866.4,TSETMC
2021-07-05,1400/04/14,1400,4,14,real_estate,انبوه سازی، املاک و مستغلات,4654922806626448,9007.8,8897.6,9007.8,TSETMC
2021-07-06,1400/04/15,1400,4,15,real_estate,انبوه سازی، املاک و مستغلات,4654922806626448,9069.4,9034.4,9069.3,TSETMC
2021-07-07,1400/04/16,1400,4,16,real_estate,انبوه سازی، املاک و مستغلات,4654922806626448,9191.7,9047.4,9176.5,TSETMC
2021-07-10,1400/04/19,1400,4,19,real_estate,انبوه سازی، املاک و مستغلات,4654922806626448,9262.9,9197.0,9197.0,TSETMC
2021-07-11,1400/04/20,1400,4,20,real_estate,انبوه سازی، املاک و مستغلات,4654922806626448,9306.3,9208.1,9306.0,TSETMC
2021-07-12,1400/04/21,1400,4,21,real_estate,انبوه سازی، املاک و مستغلات,4654922806626448,9369.6,9256.0,9256.0,TSETMC
2021-07-13,1400/04/22,1400,4,22,real_estate,انبوه سازی، املاک و مستغلات,4654922806626448,9222.7,9175.1,9175.7,TSETMC
2021-07-14,1400/04/23,1400,4,23,real_estate,انبوه سازی، املاک و مستغلات,4654922806626448,9197.0,9148.9,9179.7,TSETMC
2021-07-17,1400/04/26,1400,4,26,real_estate,انبوه سازی، املاک و مستغلات,4654922806626448,9247.4,9167.1,9167.1,TSETMC
2021-07-18,1400/04/27,1400,4,27,real_estate,انبوه سازی، املاک و مستغلات,4654922806626448,9116.5,9023.1,9065.6,TSETMC
2021-07-19,1400/04/28,1400,4,28,real_estate,انبوه سازی، املاک و مستغلات,4654922806626448,9209.4,9083.2,9209.4,TSETMC
2021-07-26,1400/05/04,1400,5,4,real_estate,انبوه سازی، املاک و مستغلات,4654922806626448,9314.1,9233.4,9301.5,TSETMC
2021-07-27,1400/05/05,1400,5,5,real_estate,انبوه سازی، املاک و مستغلات,4654922806626448,9265.3,9058.6,9121.4,TSETMC
2021-07-28,1400/05/06,1400,5,6,real_estate,انبوه سازی، املاک و مستغلات,4654922806626448,9081.0,9026.5,9026.5,TSETMC
2021-07-31,1400/05/09,1400,5,9,real_estate,انبوه سازی، املاک و مستغلات,4654922806626448,9028.5,8958.2,9025.6,TSETMC
2021-08-01,1400/05/10,1400,5,10,real_estate,انبوه سازی، املاک و مستغلات,4654922806626448,9009.6,8958.0,8960.2,TSETMC
2021-08-02,1400/05/11,1400,5,11,real_estate,انبوه سازی، املاک و مستغلات,4654922806626448,8926.6,8824.9,8824.9,TSETMC
2021-08-03,1400/05/12,1400,5,12,real_estate,انبوه سازی، املاک و مستغلات,4654922806626448,8860.0,8844.7,8859.6,TSETMC
2021-08-04,1400/05/13,1400,5,13,real_estate,انبوه سازی، املاک و مستغلات,4654922806626448,8875.9,8813.7,8822.8,TSETMC
2021-08-07,1400/05/16,1400,5,16,real_estate,انبوه سازی، املاک و مستغلات,4654922806626448,8948.0,8857.0,8948.0,TSETMC
2021-08-08,1400/05/17,1400,5,17,real_estate,انبوه سازی، املاک و مستغلات,4654922806626448,9176.7,9085.0,9176.3,TSETMC
2021-08-09,1400/05/18,1400,5,18,real_estate,انبوه سازی، املاک و مستغلات,4654922806626448,9327.4,9206.9,9316.2,TSETMC
2021-08-10,1400/05/19,1400,5,19,real_estate,انبوه سازی، املاک و مستغلات,4654922806626448,9421.7,9358.7,9416.2,TSETMC
2021-08-11,1400/05/20,1400,5,20,real_estate,انبوه سازی، املاک و مستغلات,4654922806626448,9531.4,9459.6,9460.3,TSETMC
2021-08-14,1400/05/23,1400,5,23,real_estate,انبوه سازی، املاک و مستغلات,4654922806626448,9432.5,9398.5,9410.4,TSETMC
2021-08-15,1400/05/24,1400,5,24,real_estate,انبوه سازی، املاک و مستغلات,4654922806626448,9534.0,9479.0,9530.2,TSETMC
2021-08-22,1400/05/31,1400,5,31,real_estate,انبوه سازی، املاک و مستغلات,4654922806626448,9770.1,9702.5,9735.2,TSETMC
2021-08-23,1400/06/01,1400,6,1,real_estate,انبوه سازی، املاک و مستغلات,4654922806626448,9967.2,9846.5,9967.2,TSETMC
2021-08-24,1400/06/02,1400,6,2,real_estate,انبوه سازی، املاک و مستغلات,4654922806626448,10395.9,10182.2,10374.7,TSETMC
2021-08-25,1400/06/03,1400,6,3,real_estate,انبوه سازی، املاک و مستغلات,4654922806626448,10447.7,10404.1,10443.9,TSETMC
2021-08-28,1400/06/06,1400,6,6,real_estate,انبوه سازی، املاک و مستغلات,4654922806626448,10697.6,10529.6,10697.6,TSETMC
2021-08-29,1400/06/07,1400,6,7,real_estate,انبوه سازی، املاک و مستغلات,4654922806626448,10662.7,10530.8,10535.4,TSETMC
2021-08-30,1400/06/08,1400,6,8,real_estate,انبوه سازی، املاک و مستغلات,4654922806626448,10211.0,10115.5,10115.5,TSETMC
2021-08-31,1400/06/09,1400,6,9,real_estate,انبوه سازی، املاک و مستغلات,4654922806626448,9924.9,9784.4,9917.1,TSETMC
2021-09-01,1400/06/10,1400,6,10,real_estate,انبوه سازی، املاک و مستغلات,4654922806626448,10325.9,10088.8,10325.9,TSETMC
2021-09-04,1400/06/13,1400,6,13,real_estate,انبوه سازی، املاک و مستغلات,4654922806626448,10617.2,10526.0,10549.6,TSETMC
2021-09-05,1400/06/14,1400,6,14,real_estate,انبوه سازی، املاک و مستغلات,4654922806626448,10604.2,10474.3,10604.2,TSETMC
2021-09-06,1400/06/15,1400,6,15,real_estate,انبوه سازی، املاک و مستغلات,4654922806626448,10812.6,10715.2,10715.2,TSETMC
2021-09-07,1400/06/16,1400,6,16,real_estate,انبوه سازی، املاک و مستغلات,4654922806626448,10580.3,10438.7,10439.0,TSETMC
2021-09-08,1400/06/17,1400,6,17,real_estate,انبوه سازی، املاک و مستغلات,4654922806626448,10461.5,10385.8,10461.5,TSETMC
2021-09-11,1400/06/20,1400,6,20,real_estate,انبوه سازی، املاک و مستغلات,4654922806626448,10571.4,10449.8,10449.9,TSETMC
2021-09-12,1400/06/21,1400,6,21,real_estate,انبوه سازی، املاک و مستغلات,4654922806626448,10345.2,10048.1,10051.9,TSETMC
2021-09-13,1400/06/22,1400,6,22,real_estate,انبوه سازی، املاک و مستغلات,4654922806626448,9953.6,9820.0,9841.6,TSETMC
2021-09-14,1400/06/23,1400,6,23,real_estate,انبوه سازی، املاک و مستغلات,4654922806626448,10112.9,9899.7,10095.2,TSETMC
2021-09-15,1400/06/24,1400,6,24,real_estate,انبوه سازی، املاک و مستغلات,4654922806626448,10033.8,9874.7,9876.5,TSETMC
2021-09-18,1400/06/27,1400,6,27,real_estate,انبوه سازی، املاک و مستغلات,4654922806626448,9855.0,9500.7,9501.5,TSETMC
2021-09-19,1400/06/28,1400,6,28,real_estate,انبوه سازی، املاک و مستغلات,4654922806626448,9393.6,9245.3,9245.3,TSETMC
2021-09-20,1400/06/29,1400,6,29,real_estate,انبوه سازی، املاک و مستغلات,4654922806626448,9256.2,9145.7,9251.8,TSETMC
2021-09-21,1400/06/30,1400,6,30,real_estate,انبوه سازی، املاک و مستغلات,4654922806626448,9219.1,8957.4,8958.2,TSETMC
2021-09-22,1400/06/31,1400,6,31,real_estate,انبوه سازی، املاک و مستغلات,4654922806626448,8871.7,8732.5,8750.3,TSETMC
2021-09-25,1400/07/03,1400,7,3,real_estate,انبوه سازی، املاک و مستغلات,4654922806626448,8988.2,8852.6,8988.2,TSETMC
2021-09-26,1400/07/04,1400,7,4,real_estate,انبوه سازی، املاک و مستغلات,4654922806626448,9040.5,8911.4,8912.2,TSETMC
2021-09-28,1400/07/06,1400,7,6,real_estate,انبوه سازی، املاک و مستغلات,4654922806626448,8875.7,8728.1,8728.3,TSETMC
2021-09-29,1400/07/07,1400,7,7,real_estate,انبوه سازی، املاک و مستغلات,4654922806626448,8784.0,8720.4,8782.6,TSETMC
2021-10-02,1400/07/10,1400,7,10,real_estate,انبوه سازی، املاک و مستغلات,4654922806626448,8845.3,8804.4,8832.7,TSETMC
2021-10-03,1400/07/11,1400,7,11,real_estate,انبوه سازی، املاک و مستغلات,4654922806626448,8843.1,8670.3,8673.5,TSETMC
2021-10-04,1400/07/12,1400,7,12,real_estate,انبوه سازی، املاک و مستغلات,4654922806626448,8679.4,8652.9,8679.3,TSETMC
2021-10-06,1400/07/14,1400,7,14,real_estate,انبوه سازی، املاک و مستغلات,4654922806626448,8823.7,8694.6,8823.7,TSETMC
2021-10-09,1400/07/17,1400,7,17,real_estate,انبوه سازی، املاک و مستغلات,4654922806626448,8848.2,8721.6,8721.6,TSETMC
2021-10-10,1400/07/18,1400,7,18,real_estate,انبوه سازی، املاک و مستغلات,4654922806626448,8703.5,8552.8,8556.0,TSETMC
2021-10-11,1400/07/19,1400,7,19,real_estate,انبوه سازی، املاک و مستغلات,4654922806626448,8621.1,8545.0,8608.6,TSETMC
2021-10-12,1400/07/20,1400,7,20,real_estate,انبوه سازی، املاک و مستغلات,4654922806626448,8554.3,8245.7,8245.7,TSETMC
2021-10-13,1400/07/21,1400,7,21,real_estate,انبوه سازی، املاک و مستغلات,4654922806626448,8163.4,7896.1,7896.1,TSETMC
2021-10-16,1400/07/24,1400,7,24,real_estate,انبوه سازی، املاک و مستغلات,4654922806626448,8161.7,8018.7,8156.0,TSETMC
2021-10-17,1400/07/25,1400,7,25,real_estate,انبوه سازی، املاک و مستغلات,4654922806626448,8140.7,7927.1,7927.2,TSETMC
2021-10-18,1400/07/26,1400,7,26,real_estate,انبوه سازی، املاک و مستغلات,4654922806626448,7841.0,7730.5,7730.5,TSETMC
2021-10-19,1400/07/27,1400,7,27,real_estate,انبوه سازی، املاک و مستغلات,4654922806626448,7900.2,7755.1,7900.2,TSETMC
2021-10-20,1400/07/28,1400,7,28,real_estate,انبوه سازی، املاک و مستغلات,4654922806626448,7947.9,7911.9,7917.5,TSETMC
2021-10-23,1400/08/01,1400,8,1,real_estate,انبوه سازی، املاک و مستغلات,4654922806626448,7901.0,7671.3,7671.3,TSETMC
2021-10-25,1400/08/03,1400,8,3,real_estate,انبوه سازی، املاک و مستغلات,4654922806626448,7621.4,7425.2,7471.9,TSETMC
2021-10-26,1400/08/04,1400,8,4,real_estate,انبوه سازی، املاک و مستغلات,4654922806626448,7406.1,7292.6,7292.6,TSETMC
2021-10-27,1400/08/05,1400,8,5,real_estate,انبوه سازی، املاک و مستغلات,4654922806626448,7387.6,7232.4,7384.7,TSETMC
2021-10-30,1400/08/08,1400,8,8,real_estate,انبوه سازی، املاک و مستغلات,4654922806626448,7454.0,7340.3,7340.3,TSETMC
2021-10-31,1400/08/09,1400,8,9,real_estate,انبوه سازی، املاک و مستغلات,4654922806626448,7240.3,7034.1,7034.7,TSETMC
2021-11-01,1400/08/10,1400,8,10,real_estate,انبوه سازی، املاک و مستغلات,4654922806626448,7166.5,7102.6,7154.6,TSETMC
2021-11-02,1400/08/11,1400,8,11,real_estate,انبوه سازی، املاک و مستغلات,4654922806626448,7282.8,7151.8,7282.5,TSETMC
2021-11-03,1400/08/12,1400,8,12,real_estate,انبوه سازی، املاک و مستغلات,4654922806626448,7522.4,7350.2,7522.4,TSETMC
2021-11-06,1400/08/15,1400,8,15,real_estate,انبوه سازی، املاک و مستغلات,4654922806626448,7821.8,7617.3,7821.8,TSETMC
2021-11-07,1400/08/16,1400,8,16,real_estate,انبوه سازی، املاک و مستغلات,4654922806626448,7773.3,7614.8,7615.6,TSETMC
2021-11-08,1400/08/17,1400,8,17,real_estate,انبوه سازی، املاک و مستغلات,4654922806626448,7577.1,7520.9,7523.2,TSETMC
2021-11-09,1400/08/18,1400,8,18,real_estate,انبوه سازی، املاک و مستغلات,4654922806626448,7590.9,7541.5,7541.7,TSETMC
2021-11-10,1400/08/19,1400,8,19,real_estate,انبوه سازی، املاک و مستغلات,4654922806626448,7663.0,7550.2,7663.0,TSETMC
2021-11-13,1400/08/22,1400,8,22,real_estate,انبوه سازی، املاک و مستغلات,4654922806626448,7556.3,7510.3,7538.7,TSETMC
2021-11-14,1400/08/23,1400,8,23,real_estate,انبوه سازی، املاک و مستغلات,4654922806626448,7676.0,7631.1,7631.1,TSETMC
2021-11-15,1400/08/24,1400,8,24,real_estate,انبوه سازی، املاک و مستغلات,4654922806626448,7665.0,7531.6,7531.7,TSETMC
2021-11-16,1400/08/25,1400,8,25,real_estate,انبوه سازی، املاک و مستغلات,4654922806626448,7548.3,7473.7,7473.8,TSETMC
2021-11-17,1400/08/26,1400,8,26,real_estate,انبوه سازی، املاک و مستغلات,4654922806626448,7547.7,7511.9,7541.8,TSETMC
2021-11-20,1400/08/29,1400,8,29,real_estate,انبوه سازی، املاک و مستغلات,4654922806626448,7719.2,7660.6,7683.1,TSETMC
2021-11-21,1400/08/30,1400,8,30,real_estate,انبوه سازی، املاک و مستغلات,4654922806626448,7719.2,7631.3,7632.1,TSETMC
2021-11-22,1400/09/01,1400,9,1,real_estate,انبوه سازی، املاک و مستغلات,4654922806626448,7675.5,7638.4,7664.1,TSETMC
2021-11-23,1400/09/02,1400,9,2,real_estate,انبوه سازی، املاک و مستغلات,4654922806626448,7635.1,7498.2,7498.2,TSETMC
2021-11-24,1400/09/03,1400,9,3,real_estate,انبوه سازی، املاک و مستغلات,4654922806626448,7480.2,7385.9,7386.3,TSETMC
2021-11-27,1400/09/06,1400,9,6,real_estate,انبوه سازی، املاک و مستغلات,4654922806626448,7318.8,7191.3,7192.1,TSETMC
2021-11-28,1400/09/07,1400,9,7,real_estate,انبوه سازی، املاک و مستغلات,4654922806626448,7184.1,7142.9,7142.9,TSETMC
2021-11-29,1400/09/08,1400,9,8,real_estate,انبوه سازی، املاک و مستغلات,4654922806626448,7161.0,7136.7,7137.2,TSETMC
2021-11-30,1400/09/09,1400,9,9,real_estate,انبوه سازی، املاک و مستغلات,4654922806626448,7107.0,7008.6,7008.6,TSETMC
2021-12-01,1400/09/10,1400,9,10,real_estate,انبوه سازی، املاک و مستغلات,4654922806626448,6979.7,6803.4,6804.0,TSETMC
2021-12-04,1400/09/13,1400,9,13,real_estate,انبوه سازی، املاک و مستغلات,4654922806626448,6812.6,6659.7,6659.7,TSETMC
2021-12-05,1400/09/14,1400,9,14,real_estate,انبوه سازی، املاک و مستغلات,4654922806626448,6702.0,6650.0,6698.5,TSETMC
2021-12-06,1400/09/15,1400,9,15,real_estate,انبوه سازی، املاک و مستغلات,4654922806626448,6749.9,6718.4,6726.2,TSETMC
2021-12-07,1400/09/16,1400,9,16,real_estate,انبوه سازی، املاک و مستغلات,4654922806626448,6753.8,6687.1,6753.7,TSETMC
2021-12-08,1400/09/17,1400,9,17,real_estate,انبوه سازی، املاک و مستغلات,4654922806626448,6805.8,6766.3,6805.2,TSETMC
2021-12-11,1400/09/20,1400,9,20,real_estate,انبوه سازی، املاک و مستغلات,4654922806626448,6836.4,6798.8,6798.9,TSETMC
2021-12-12,1400/09/21,1400,9,21,real_estate,انبوه سازی، املاک و مستغلات,4654922806626448,6794.8,6631.9,6631.9,TSETMC
2021-12-13,1400/09/22,1400,9,22,real_estate,انبوه سازی، املاک و مستغلات,4654922806626448,6625.9,6504.0,6504.4,TSETMC
2021-12-14,1400/09/23,1400,9,23,real_estate,انبوه سازی، املاک و مستغلات,4654922806626448,6449.9,6408.3,6408.3,TSETMC
2021-12-15,1400/09/24,1400,9,24,real_estate,انبوه سازی، املاک و مستغلات,4654922806626448,6428.2,6413.1,6428.2,TSETMC
2021-12-18,1400/09/27,1400,9,27,real_estate,انبوه سازی، املاک و مستغلات,4654922806626448,6524.9,6446.4,6524.8,TSETMC
2021-12-19,1400/09/28,1400,9,28,real_estate,انبوه سازی، املاک و مستغلات,4654922806626448,6521.9,6483.8,6484.2,TSETMC
2021-12-20,1400/09/29,1400,9,29,real_estate,انبوه سازی، املاک و مستغلات,4654922806626448,6504.0,6485.8,6503.9,TSETMC
2021-12-21,1400/09/30,1400,9,30,real_estate,انبوه سازی، املاک و مستغلات,4654922806626448,6599.8,6512.0,6599.7,TSETMC
2021-12-22,1400/10/01,1400,10,1,real_estate,انبوه سازی، املاک و مستغلات,4654922806626448,6823.5,6649.4,6823.5,TSETMC
2021-12-25,1400/10/04,1400,10,4,real_estate,انبوه سازی، املاک و مستغلات,4654922806626448,6965.2,6900.0,6933.5,TSETMC
2021-12-26,1400/10/05,1400,10,5,real_estate,انبوه سازی، املاک و مستغلات,4654922806626448,6872.2,6785.0,6785.0,TSETMC
2021-12-27,1400/10/06,1400,10,6,real_estate,انبوه سازی، املاک و مستغلات,4654922806626448,6881.9,6851.4,6853.5,TSETMC
2021-12-28,1400/10/07,1400,10,7,real_estate,انبوه سازی، املاک و مستغلات,4654922806626448,6840.1,6789.4,6794.2,TSETMC
2021-12-29,1400/10/08,1400,10,8,real_estate,انبوه سازی، املاک و مستغلات,4654922806626448,6798.2,6712.3,6712.3,TSETMC
2022-01-01,1400/10/11,1400,10,11,real_estate,انبوه سازی، املاک و مستغلات,4654922806626448,6693.7,6565.7,6566.1,TSETMC
2022-01-02,1400/10/12,1400,10,12,real_estate,انبوه سازی، املاک و مستغلات,4654922806626448,6630.2,6579.0,6612.9,TSETMC
2022-01-03,1400/10/13,1400,10,13,real_estate,انبوه سازی، املاک و مستغلات,4654922806626448,6618.4,6570.7,6570.7,TSETMC
2022-01-04,1400/10/14,1400,10,14,real_estate,انبوه سازی، املاک و مستغلات,4654922806626448,6567.5,6459.9,6459.9,TSETMC
2022-01-05,1400/10/15,1400,10,15,real_estate,انبوه سازی، املاک و مستغلات,4654922806626448,6458.2,6420.2,6420.2,TSETMC
2022-01-08,1400/10/18,1400,10,18,real_estate,انبوه سازی، املاک و مستغلات,4654922806626448,6487.0,6428.4,6428.4,TSETMC
2022-01-09,1400/10/19,1400,10,19,real_estate,انبوه سازی، املاک و مستغلات,4654922806626448,6451.0,6289.4,6289.8,TSETMC
2022-01-10,1400/10/20,1400,10,20,real_estate,انبوه سازی، املاک و مستغلات,4654922806626448,6274.9,6188.6,6201.1,TSETMC
2022-01-11,1400/10/21,1400,10,21,real_estate,انبوه سازی، املاک و مستغلات,4654922806626448,6261.0,6222.9,6261.0,TSETMC
2022-01-12,1400/10/22,1400,10,22,real_estate,انبوه سازی، املاک و مستغلات,4654922806626448,6327.5,6282.4,6327.5,TSETMC
2022-01-15,1400/10/25,1400,10,25,real_estate,انبوه سازی، املاک و مستغلات,4654922806626448,6348.2,6282.2,6282.8,TSETMC
2022-01-16,1400/10/26,1400,10,26,real_estate,انبوه سازی، املاک و مستغلات,4654922806626448,6273.6,6136.2,6136.2,TSETMC
2022-01-17,1400/10/27,1400,10,27,real_estate,انبوه سازی، املاک و مستغلات,4654922806626448,6140.0,6063.6,6063.6,TSETMC
2022-01-18,1400/10/28,1400,10,28,real_estate,انبوه سازی، املاک و مستغلات,4654922806626448,6053.4,5868.5,5872.1,TSETMC
2022-01-19,1400/10/29,1400,10,29,real_estate,انبوه سازی، املاک و مستغلات,4654922806626448,5864.2,5829.5,5829.7,TSETMC
2022-01-22,1400/11/02,1400,11,2,real_estate,انبوه سازی، املاک و مستغلات,4654922806626448,5831.9,5782.0,5782.0,TSETMC
2022-01-23,1400/11/03,1400,11,3,real_estate,انبوه سازی، املاک و مستغلات,4654922806626448,5772.2,5663.3,5663.3,TSETMC
2022-01-24,1400/11/04,1400,11,4,real_estate,انبوه سازی، املاک و مستغلات,4654922806626448,5652.3,5551.9,5551.9,TSETMC
2022-01-25,1400/11/05,1400,11,5,real_estate,انبوه سازی، املاک و مستغلات,4654922806626448,5529.1,5422.6,5422.6,TSETMC
2022-01-26,1400/11/06,1400,11,6,real_estate,انبوه سازی، املاک و مستغلات,4654922806626448,5448.5,5402.3,5447.8,TSETMC
2022-01-29,1400/11/09,1400,11,9,real_estate,انبوه سازی، املاک و مستغلات,4654922806626448,5627.4,5447.4,5627.0,TSETMC
2022-01-30,1400/11/10,1400,11,10,real_estate,انبوه سازی، املاک و مستغلات,4654922806626448,5657.7,5628.8,5630.4,TSETMC
2022-01-31,1400/11/11,1400,11,11,real_estate,انبوه سازی، املاک و مستغلات,4654922806626448,5666.8,5592.1,5666.8,TSETMC
2022-02-01,1400/11/12,1400,11,12,real_estate,انبوه سازی، املاک و مستغلات,4654922806626448,5730.6,5687.7,5727.3,TSETMC
2022-02-02,1400/11/13,1400,11,13,real_estate,انبوه سازی، املاک و مستغلات,4654922806626448,5723.8,5700.3,5700.3,TSETMC
2022-02-05,1400/11/16,1400,11,16,real_estate,انبوه سازی، املاک و مستغلات,4654922806626448,5725.3,5695.9,5697.8,TSETMC
2022-02-06,1400/11/17,1400,11,17,real_estate,انبوه سازی، املاک و مستغلات,4654922806626448,5679.4,5543.4,5543.4,TSETMC
2022-02-07,1400/11/18,1400,11,18,real_estate,انبوه سازی، املاک و مستغلات,4654922806626448,5510.9,5501.6,5502.2,TSETMC
2022-02-08,1400/11/19,1400,11,19,real_estate,انبوه سازی، املاک و مستغلات,4654922806626448,5576.3,5550.6,5567.8,TSETMC
2022-02-09,1400/11/20,1400,11,20,real_estate,انبوه سازی، املاک و مستغلات,4654922806626448,5605.4,5582.7,5593.6,TSETMC
2022-02-12,1400/11/23,1400,11,23,real_estate,انبوه سازی، املاک و مستغلات,4654922806626448,5625.5,5597.1,5608.6,TSETMC
2022-02-13,1400/11/24,1400,11,24,real_estate,انبوه سازی، املاک و مستغلات,4654922806626448,5604.4,5532.4,5532.4,TSETMC
2022-02-14,1400/11/25,1400,11,25,real_estate,انبوه سازی، املاک و مستغلات,4654922806626448,5529.1,5504.8,5521.7,TSETMC
2022-02-16,1400/11/27,1400,11,27,real_estate,انبوه سازی، املاک و مستغلات,4654922806626448,5524.0,5487.9,5490.4,TSETMC
2022-02-19,1400/11/30,1400,11,30,real_estate,انبوه سازی، املاک و مستغلات,4654922806626448,5494.8,5471.3,5471.3,TSETMC
2022-02-20,1400/12/01,1400,12,1,real_estate,انبوه سازی، املاک و مستغلات,4654922806626448,5466.6,5457.8,5457.8,TSETMC
2022-02-21,1400/12/02,1400,12,2,real_estate,انبوه سازی، املاک و مستغلات,4654922806626448,5545.6,5469.0,5545.3,TSETMC
2022-02-22,1400/12/03,1400,12,3,real_estate,انبوه سازی، املاک و مستغلات,4654922806626448,5583.7,5561.9,5583.3,TSETMC
2022-02-23,1400/12/04,1400,12,4,real_estate,انبوه سازی، املاک و مستغلات,4654922806626448,5651.9,5598.3,5651.6,TSETMC
2022-02-26,1400/12/07,1400,12,7,real_estate,انبوه سازی، املاک و مستغلات,4654922806626448,5679.5,5652.2,5652.2,TSETMC
2022-02-27,1400/12/08,1400,12,8,real_estate,انبوه سازی، املاک و مستغلات,4654922806626448,5689.4,5651.1,5687.5,TSETMC
2022-02-28,1400/12/09,1400,12,9,real_estate,انبوه سازی، املاک و مستغلات,4654922806626448,5873.7,5710.6,5873.7,TSETMC
2022-03-02,1400/12/11,1400,12,11,real_estate,انبوه سازی، املاک و مستغلات,4654922806626448,5903.5,5851.8,5851.8,TSETMC
2022-03-05,1400/12/14,1400,12,14,real_estate,انبوه سازی، املاک و مستغلات,4654922806626448,5863.3,5806.0,5806.5,TSETMC
2022-03-06,1400/12/15,1400,12,15,real_estate,انبوه سازی، املاک و مستغلات,4654922806626448,5861.4,5817.3,5861.4,TSETMC
2022-03-07,1400/12/16,1400,12,16,real_estate,انبوه سازی، املاک و مستغلات,4654922806626448,5875.6,5857.5,5857.5,TSETMC
2022-03-08,1400/12/17,1400,12,17,real_estate,انبوه سازی، املاک و مستغلات,4654922806626448,5848.3,5778.5,5778.5,TSETMC
2022-03-09,1400/12/18,1400,12,18,real_estate,انبوه سازی، املاک و مستغلات,4654922806626448,5847.3,5817.0,5834.6,TSETMC
2022-03-12,1400/12/21,1400,12,21,real_estate,انبوه سازی، املاک و مستغلات,4654922806626448,5819.7,5793.4,5793.4,TSETMC
2022-03-13,1400/12/22,1400,12,22,real_estate,انبوه سازی، املاک و مستغلات,4654922806626448,5803.5,5770.1,5800.0,TSETMC
2022-03-14,1400/12/23,1400,12,23,real_estate,انبوه سازی، املاک و مستغلات,4654922806626448,5851.4,5786.2,5849.9,TSETMC
2022-03-15,1400/12/24,1400,12,24,real_estate,انبوه سازی، املاک و مستغلات,4654922806626448,5909.0,5851.4,5909.0,TSETMC
2022-03-16,1400/12/25,1400,12,25,real_estate,انبوه سازی، املاک و مستغلات,4654922806626448,5939.9,5910.0,5939.9,TSETMC
2022-03-19,1400/12/28,1400,12,28,real_estate,انبوه سازی، املاک و مستغلات,4654922806626448,6040.1,6012.0,6038.0,TSETMC
2022-03-26,1401/01/06,1401,1,6,real_estate,انبوه سازی، املاک و مستغلات,4654922806626448,6046.1,6035.9,6039.3,TSETMC
2022-03-27,1401/01/07,1401,1,7,real_estate,انبوه سازی، املاک و مستغلات,4654922806626448,6106.6,6040.6,6104.0,TSETMC
2022-03-28,1401/01/08,1401,1,8,real_estate,انبوه سازی، املاک و مستغلات,4654922806626448,6216.3,6124.7,6214.3,TSETMC
2022-03-29,1401/01/09,1401,1,9,real_estate,انبوه سازی، املاک و مستغلات,4654922806626448,6237.1,6218.9,6227.5,TSETMC
2022-03-30,1401/01/10,1401,1,10,real_estate,انبوه سازی، املاک و مستغلات,4654922806626448,6261.6,6232.7,6260.3,TSETMC
2022-04-03,1401/01/14,1401,1,14,real_estate,انبوه سازی، املاک و مستغلات,4654922806626448,6427.6,6322.3,6427.6,TSETMC
2022-04-04,1401/01/15,1401,1,15,real_estate,انبوه سازی، املاک و مستغلات,4654922806626448,6476.0,6415.2,6415.3,TSETMC
2022-04-05,1401/01/16,1401,1,16,real_estate,انبوه سازی، املاک و مستغلات,4654922806626448,6446.5,6404.6,6445.9,TSETMC
2022-04-06,1401/01/17,1401,1,17,real_estate,انبوه سازی، املاک و مستغلات,4654922806626448,6522.9,6477.6,6492.0,TSETMC
2022-04-09,1401/01/20,1401,1,20,real_estate,انبوه سازی، املاک و مستغلات,4654922806626448,6554.0,6483.6,6553.6,TSETMC
2022-04-10,1401/01/21,1401,1,21,real_estate,انبوه سازی، املاک و مستغلات,4654922806626448,6684.8,6624.5,6684.3,TSETMC
2022-04-11,1401/01/22,1401,1,22,real_estate,انبوه سازی، املاک و مستغلات,4654922806626448,6720.2,6693.5,6707.4,TSETMC
2022-04-12,1401/01/23,1401,1,23,real_estate,انبوه سازی، املاک و مستغلات,4654922806626448,6715.5,6582.7,6582.7,TSETMC
2022-04-13,1401/01/24,1401,1,24,real_estate,انبوه سازی، املاک و مستغلات,4654922806626448,6653.5,6555.7,6653.4,TSETMC
2022-04-16,1401/01/27,1401,1,27,real_estate,انبوه سازی، املاک و مستغلات,4654922806626448,6725.7,6664.2,6725.7,TSETMC
2022-04-17,1401/01/28,1401,1,28,real_estate,انبوه سازی، املاک و مستغلات,4654922806626448,6752.2,6710.7,6751.9,TSETMC
2022-04-18,1401/01/29,1401,1,29,real_estate,انبوه سازی، املاک و مستغلات,4654922806626448,6824.1,6783.2,6800.1,TSETMC
2022-04-19,1401/01/30,1401,1,30,real_estate,انبوه سازی، املاک و مستغلات,4654922806626448,6813.7,6792.7,6792.7,TSETMC
2022-04-20,1401/01/31,1401,1,31,real_estate,انبوه سازی، املاک و مستغلات,4654922806626448,6876.7,6792.4,6825.4,TSETMC
2022-04-24,1401/02/04,1401,2,4,real_estate,انبوه سازی، املاک و مستغلات,4654922806626448,6964.8,6865.8,6964.0,TSETMC
2022-04-25,1401/02/05,1401,2,5,real_estate,انبوه سازی، املاک و مستغلات,4654922806626448,7123.7,6994.7,7121.8,TSETMC
2022-04-26,1401/02/06,1401,2,6,real_estate,انبوه سازی، املاک و مستغلات,4654922806626448,7381.6,7188.5,7381.6,TSETMC
2022-04-27,1401/02/07,1401,2,7,real_estate,انبوه سازی، املاک و مستغلات,4654922806626448,7551.3,7493.6,7519.7,TSETMC
2022-04-30,1401/02/10,1401,2,10,real_estate,انبوه سازی، املاک و مستغلات,4654922806626448,7497.4,7465.6,7479.6,TSETMC
2022-05-01,1401/02/11,1401,2,11,real_estate,انبوه سازی، املاک و مستغلات,4654922806626448,7499.2,7460.9,7494.9,TSETMC
2022-05-02,1401/02/12,1401,2,12,real_estate,انبوه سازی، املاک و مستغلات,4654922806626448,7635.6,7510.8,7616.9,TSETMC
2022-05-07,1401/02/17,1401,2,17,real_estate,انبوه سازی، املاک و مستغلات,4654922806626448,7704.3,7652.1,7656.1,TSETMC
2022-05-08,1401/02/18,1401,2,18,real_estate,انبوه سازی، املاک و مستغلات,4654922806626448,7679.9,7602.0,7678.7,TSETMC
2022-05-09,1401/02/19,1401,2,19,real_estate,انبوه سازی، املاک و مستغلات,4654922806626448,7748.5,7615.4,7615.9,TSETMC
2022-05-10,1401/02/20,1401,2,20,real_estate,انبوه سازی، املاک و مستغلات,4654922806626448,7559.2,7502.0,7545.3,TSETMC
2022-05-11,1401/02/21,1401,2,21,real_estate,انبوه سازی، املاک و مستغلات,4654922806626448,7721.9,7606.5,7721.2,TSETMC
2022-05-14,1401/02/24,1401,2,24,real_estate,انبوه سازی، املاک و مستغلات,4654922806626448,7839.3,7795.6,7821.8,TSETMC
2022-05-15,1401/02/25,1401,2,25,real_estate,انبوه سازی، املاک و مستغلات,4654922806626448,7861.5,7758.3,7758.3,TSETMC
2022-05-16,1401/02/26,1401,2,26,real_estate,انبوه سازی، املاک و مستغلات,4654922806626448,7963.7,7785.5,7963.7,TSETMC
2022-05-17,1401/02/27,1401,2,27,real_estate,انبوه سازی، املاک و مستغلات,4654922806626448,8091.5,8021.5,8021.5,TSETMC
2022-05-18,1401/02/28,1401,2,28,real_estate,انبوه سازی، املاک و مستغلات,4654922806626448,7959.9,7764.0,7764.0,TSETMC
2022-05-21,1401/02/31,1401,2,31,real_estate,انبوه سازی، املاک و مستغلات,4654922806626448,7749.3,7665.1,7670.9,TSETMC
2022-05-22,1401/03/01,1401,3,1,real_estate,انبوه سازی، املاک و مستغلات,4654922806626448,7671.1,7642.8,7655.1,TSETMC
2022-05-23,1401/03/02,1401,3,2,real_estate,انبوه سازی، املاک و مستغلات,4654922806626448,7650.8,7458.2,7458.2,TSETMC
2022-05-24,1401/03/03,1401,3,3,real_estate,انبوه سازی، املاک و مستغلات,4654922806626448,7527.1,7422.7,7527.1,TSETMC
2022-05-25,1401/03/04,1401,3,4,real_estate,انبوه سازی، املاک و مستغلات,4654922806626448,7726.7,7636.0,7726.7,TSETMC
2022-05-28,1401/03/07,1401,3,7,real_estate,انبوه سازی، املاک و مستغلات,4654922806626448,7763.0,7615.7,7615.7,TSETMC
2022-05-29,1401/03/08,1401,3,8,real_estate,انبوه سازی، املاک و مستغلات,4654922806626448,7580.9,7432.7,7432.9,TSETMC
2022-05-30,1401/03/09,1401,3,9,real_estate,انبوه سازی، املاک و مستغلات,4654922806626448,7454.4,7374.9,7374.9,TSETMC
2022-05-31,1401/03/10,1401,3,10,real_estate,انبوه سازی، املاک و مستغلات,4654922806626448,7434.0,7363.6,7418.3,TSETMC
2022-06-01,1401/03/11,1401,3,11,real_estate,انبوه سازی، املاک و مستغلات,4654922806626448,7421.3,7356.6,7356.7,TSETMC
2022-06-06,1401/03/16,1401,3,16,real_estate,انبوه سازی، املاک و مستغلات,4654922806626448,7328.0,7201.5,7201.5,TSETMC
2022-06-07,1401/03/17,1401,3,17,real_estate,انبوه سازی، املاک و مستغلات,4654922806626448,7149.8,7129.0,7129.0,TSETMC
2022-06-08,1401/03/18,1401,3,18,real_estate,انبوه سازی، املاک و مستغلات,4654922806626448,7150.8,7128.1,7141.6,TSETMC
2022-06-11,1401/03/21,1401,3,21,real_estate,انبوه سازی، املاک و مستغلات,4654922806626448,7115.8,7052.6,7052.6,TSETMC
2022-06-12,1401/03/22,1401,3,22,real_estate,انبوه سازی، املاک و مستغلات,4654922806626448,7118.2,7018.2,7117.6,TSETMC
2022-06-13,1401/03/23,1401,3,23,real_estate,انبوه سازی، املاک و مستغلات,4654922806626448,7252.0,7164.8,7237.1,TSETMC
2022-06-14,1401/03/24,1401,3,24,real_estate,انبوه سازی، املاک و مستغلات,4654922806626448,7250.9,7222.5,7222.5,TSETMC
2022-06-15,1401/03/25,1401,3,25,real_estate,انبوه سازی، املاک و مستغلات,4654922806626448,7372.9,7257.2,7372.9,TSETMC
2022-06-18,1401/03/28,1401,3,28,real_estate,انبوه سازی، املاک و مستغلات,4654922806626448,7386.6,7334.4,7334.4,TSETMC
2022-06-19,1401/03/29,1401,3,29,real_estate,انبوه سازی، املاک و مستغلات,4654922806626448,7323.0,7235.3,7235.3,TSETMC
2022-06-20,1401/03/30,1401,3,30,real_estate,انبوه سازی، املاک و مستغلات,4654922806626448,7262.6,7188.5,7188.5,TSETMC
2022-06-21,1401/03/31,1401,3,31,real_estate,انبوه سازی، املاک و مستغلات,4654922806626448,7174.0,7116.2,7116.3,TSETMC
2022-06-22,1401/04/01,1401,4,1,real_estate,انبوه سازی، املاک و مستغلات,4654922806626448,7152.8,7108.8,7142.7,TSETMC
2022-06-25,1401/04/04,1401,4,4,real_estate,انبوه سازی، املاک و مستغلات,4654922806626448,7213.4,7188.4,7188.4,TSETMC
2022-06-26,1401/04/05,1401,4,5,real_estate,انبوه سازی، املاک و مستغلات,4654922806626448,7188.0,7083.9,7083.9,TSETMC
2022-06-27,1401/04/06,1401,4,6,real_estate,انبوه سازی، املاک و مستغلات,4654922806626448,7108.9,7065.8,7102.7,TSETMC
2022-06-28,1401/04/07,1401,4,7,real_estate,انبوه سازی، املاک و مستغلات,4654922806626448,7194.1,7120.1,7194.1,TSETMC
2022-06-29,1401/04/08,1401,4,8,real_estate,انبوه سازی، املاک و مستغلات,4654922806626448,7242.2,7194.7,7242.2,TSETMC
2022-07-02,1401/04/11,1401,4,11,real_estate,انبوه سازی، املاک و مستغلات,4654922806626448,7270.7,7248.0,7248.0,TSETMC
2022-07-03,1401/04/12,1401,4,12,real_estate,انبوه سازی، املاک و مستغلات,4654922806626448,7287.2,7263.4,7264.7,TSETMC
2022-07-04,1401/04/13,1401,4,13,real_estate,انبوه سازی، املاک و مستغلات,4654922806626448,7299.8,7250.1,7250.1,TSETMC
2022-07-05,1401/04/14,1401,4,14,real_estate,انبوه سازی، املاک و مستغلات,4654922806626448,7244.3,7208.5,7208.5,TSETMC
2022-07-06,1401/04/15,1401,4,15,real_estate,انبوه سازی، املاک و مستغلات,4654922806626448,7182.0,7135.4,7135.4,TSETMC
2022-07-09,1401/04/18,1401,4,18,real_estate,انبوه سازی، املاک و مستغلات,4654922806626448,7174.3,7122.5,7122.5,TSETMC
2022-07-11,1401/04/20,1401,4,20,real_estate,انبوه سازی، املاک و مستغلات,4654922806626448,7123.1,6899.0,6899.0,TSETMC
2022-07-12,1401/04/21,1401,4,21,real_estate,انبوه سازی، املاک و مستغلات,4654922806626448,6848.4,6775.2,6799.4,TSETMC
2022-07-13,1401/04/22,1401,4,22,real_estate,انبوه سازی، املاک و مستغلات,4654922806626448,6820.4,6739.9,6769.2,TSETMC
2022-07-16,1401/04/25,1401,4,25,real_estate,انبوه سازی، املاک و مستغلات,4654922806626448,6758.1,6692.8,6692.8,TSETMC
2022-07-17,1401/04/26,1401,4,26,real_estate,انبوه سازی، املاک و مستغلات,4654922806626448,6675.1,6594.2,6594.2,TSETMC
2022-07-19,1401/04/28,1401,4,28,real_estate,انبوه سازی، املاک و مستغلات,4654922806626448,6618.4,6567.8,6608.4,TSETMC
2022-07-20,1401/04/29,1401,4,29,real_estate,انبوه سازی، املاک و مستغلات,4654922806626448,6687.2,6624.2,6683.6,TSETMC
2022-07-23,1401/05/01,1401,5,1,real_estate,انبوه سازی، املاک و مستغلات,4654922806626448,6709.8,6675.1,6675.1,TSETMC
2022-07-24,1401/05/02,1401,5,2,real_estate,انبوه سازی، املاک و مستغلات,4654922806626448,6663.7,6471.0,6471.6,TSETMC
2022-07-25,1401/05/03,1401,5,3,real_estate,انبوه سازی، املاک و مستغلات,4654922806626448,6450.7,6220.3,6220.3,TSETMC
2022-07-26,1401/05/04,1401,5,4,real_estate,انبوه سازی، املاک و مستغلات,4654922806626448,6212.8,6056.3,6056.3,TSETMC
2022-07-27,1401/05/05,1401,5,5,real_estate,انبوه سازی، املاک و مستغلات,4654922806626448,6108.3,6089.0,6102.8,TSETMC
2022-07-30,1401/05/08,1401,5,8,real_estate,انبوه سازی، املاک و مستغلات,4654922806626448,6121.9,6036.8,6036.8,TSETMC
2022-07-31,1401/05/09,1401,5,9,real_estate,انبوه سازی، املاک و مستغلات,4654922806626448,6014.8,5893.4,5896.0,TSETMC
2022-08-01,1401/05/10,1401,5,10,real_estate,انبوه سازی، املاک و مستغلات,4654922806626448,5923.1,5911.8,5920.9,TSETMC
2022-08-02,1401/05/11,1401,5,11,real_estate,انبوه سازی، املاک و مستغلات,4654922806626448,5963.5,5928.0,5963.5,TSETMC
2022-08-03,1401/05/12,1401,5,12,real_estate,انبوه سازی، املاک و مستغلات,4654922806626448,6104.3,5974.4,6104.3,TSETMC
2022-08-06,1401/05/15,1401,5,15,real_estate,انبوه سازی، املاک و مستغلات,4654922806626448,6285.1,6156.7,6285.1,TSETMC
2022-08-09,1401/05/18,1401,5,18,real_estate,انبوه سازی، املاک و مستغلات,4654922806626448,6339.0,6273.2,6335.8,TSETMC
2022-08-10,1401/05/19,1401,5,19,real_estate,انبوه سازی، املاک و مستغلات,4654922806626448,6341.9,6324.0,6324.0,TSETMC
2022-08-13,1401/05/22,1401,5,22,real_estate,انبوه سازی، املاک و مستغلات,4654922806626448,6455.6,6372.5,6455.6,TSETMC
2022-08-14,1401/05/23,1401,5,23,real_estate,انبوه سازی، املاک و مستغلات,4654922806626448,6483.6,6435.8,6435.8,TSETMC
2022-08-15,1401/05/24,1401,5,24,real_estate,انبوه سازی، املاک و مستغلات,4654922806626448,6452.8,6440.6,6450.3,TSETMC
2022-08-16,1401/05/25,1401,5,25,real_estate,انبوه سازی، املاک و مستغلات,4654922806626448,6509.5,6474.7,6474.7,TSETMC
2022-08-17,1401/05/26,1401,5,26,real_estate,انبوه سازی، املاک و مستغلات,4654922806626448,6503.3,6472.2,6472.2,TSETMC
2022-08-20,1401/05/29,1401,5,29,real_estate,انبوه سازی، املاک و مستغلات,4654922806626448,6471.4,6458.2,6460.4,TSETMC
2022-08-21,1401/05/30,1401,5,30,real_estate,انبوه سازی، املاک و مستغلات,4654922806626448,6478.2,6445.0,6445.0,TSETMC
2022-08-22,1401/05/31,1401,5,31,real_estate,انبوه سازی، املاک و مستغلات,4654922806626448,6456.8,6420.3,6420.3,TSETMC
2022-08-23,1401/06/01,1401,6,1,real_estate,انبوه سازی، املاک و مستغلات,4654922806626448,6551.6,6445.5,6551.6,TSETMC
2022-08-24,1401/06/02,1401,6,2,real_estate,انبوه سازی، املاک و مستغلات,4654922806626448,6758.1,6584.1,6758.1,TSETMC
2022-08-27,1401/06/05,1401,6,5,real_estate,انبوه سازی، املاک و مستغلات,4654922806626448,6787.8,6769.7,6769.7,TSETMC
2022-08-28,1401/06/06,1401,6,6,real_estate,انبوه سازی، املاک و مستغلات,4654922806626448,6756.0,6714.4,6714.4,TSETMC
2022-08-29,1401/06/07,1401,6,7,real_estate,انبوه سازی، املاک و مستغلات,4654922806626448,6829.1,6731.8,6822.6,TSETMC
2022-08-30,1401/06/08,1401,6,8,real_estate,انبوه سازی، املاک و مستغلات,4654922806626448,6819.7,6801.4,6801.4,TSETMC
2022-08-31,1401/06/09,1401,6,9,real_estate,انبوه سازی، املاک و مستغلات,4654922806626448,6848.1,6808.8,6840.7,TSETMC
2022-09-03,1401/06/12,1401,6,12,real_estate,انبوه سازی، املاک و مستغلات,4654922806626448,6854.3,6774.7,6781.0,TSETMC
2022-09-04,1401/06/13,1401,6,13,real_estate,انبوه سازی، املاک و مستغلات,4654922806626448,6846.3,6812.7,6812.7,TSETMC
2022-09-05,1401/06/14,1401,6,14,real_estate,انبوه سازی، املاک و مستغلات,4654922806626448,6873.1,6826.9,6873.1,TSETMC
2022-09-06,1401/06/15,1401,6,15,real_estate,انبوه سازی، املاک و مستغلات,4654922806626448,6954.9,6879.6,6954.9,TSETMC
2022-09-07,1401/06/16,1401,6,16,real_estate,انبوه سازی، املاک و مستغلات,4654922806626448,6932.7,6868.4,6868.5,TSETMC
2022-09-10,1401/06/19,1401,6,19,real_estate,انبوه سازی، املاک و مستغلات,4654922806626448,6829.1,6708.7,6708.7,TSETMC
2022-09-11,1401/06/20,1401,6,20,real_estate,انبوه سازی، املاک و مستغلات,4654922806626448,6743.0,6644.7,6644.7,TSETMC
2022-09-12,1401/06/21,1401,6,21,real_estate,انبوه سازی، املاک و مستغلات,4654922806626448,6690.7,6647.6,6690.7,TSETMC
2022-09-13,1401/06/22,1401,6,22,real_estate,انبوه سازی، املاک و مستغلات,4654922806626448,6763.1,6738.0,6758.9,TSETMC
2022-09-14,1401/06/23,1401,6,23,real_estate,انبوه سازی، املاک و مستغلات,4654922806626448,6774.5,6728.4,6728.4,TSETMC
2022-09-18,1401/06/27,1401,6,27,real_estate,انبوه سازی، املاک و مستغلات,4654922806626448,6710.1,6617.9,6618.0,TSETMC
2022-09-19,1401/06/28,1401,6,28,real_estate,انبوه سازی، املاک و مستغلات,4654922806626448,6613.4,6568.5,6568.5,TSETMC
2022-09-20,1401/06/29,1401,6,29,real_estate,انبوه سازی، املاک و مستغلات,4654922806626448,6549.7,6455.3,6455.3,TSETMC
2022-09-21,1401/06/30,1401,6,30,real_estate,انبوه سازی، املاک و مستغلات,4654922806626448,6433.2,6340.9,6340.9,TSETMC
2022-09-24,1401/07/02,1401,7,2,real_estate,انبوه سازی، املاک و مستغلات,4654922806626448,6324.5,6121.1,6121.1,TSETMC
2022-09-26,1401/07/04,1401,7,4,real_estate,انبوه سازی، املاک و مستغلات,4654922806626448,6138.6,6071.5,6138.6,TSETMC
2022-09-28,1401/07/06,1401,7,6,real_estate,انبوه سازی، املاک و مستغلات,4654922806626448,6244.1,6147.7,6244.1,TSETMC
2022-10-01,1401/07/09,1401,7,9,real_estate,انبوه سازی، املاک و مستغلات,4654922806626448,6238.1,6076.3,6076.3,TSETMC
2022-10-02,1401/07/10,1401,7,10,real_estate,انبوه سازی، املاک و مستغلات,4654922806626448,6035.2,5987.7,5988.3,TSETMC
2022-10-03,1401/07/11,1401,7,11,real_estate,انبوه سازی، املاک و مستغلات,4654922806626448,6016.8,5981.3,5981.3,TSETMC
2022-10-04,1401/07/12,1401,7,12,real_estate,انبوه سازی، املاک و مستغلات,4654922806626448,5962.7,5924.5,5924.5,TSETMC
2022-10-08,1401/07/16,1401,7,16,real_estate,انبوه سازی، املاک و مستغلات,4654922806626448,5968.1,5924.8,5959.0,TSETMC
2022-10-09,1401/07/17,1401,7,17,real_estate,انبوه سازی، املاک و مستغلات,4654922806626448,5941.8,5846.2,5846.2,TSETMC
2022-10-10,1401/07/18,1401,7,18,real_estate,انبوه سازی، املاک و مستغلات,4654922806626448,5858.9,5843.3,5858.9,TSETMC
2022-10-11,1401/07/19,1401,7,19,real_estate,انبوه سازی، املاک و مستغلات,4654922806626448,5899.1,5860.9,5899.1,TSETMC
2022-10-12,1401/07/20,1401,7,20,real_estate,انبوه سازی، املاک و مستغلات,4654922806626448,5958.9,5900.7,5958.3,TSETMC
2022-10-15,1401/07/23,1401,7,23,real_estate,انبوه سازی، املاک و مستغلات,4654922806626448,5996.1,5965.5,5965.6,TSETMC
2022-10-16,1401/07/24,1401,7,24,real_estate,انبوه سازی، املاک و مستغلات,4654922806626448,5952.5,5895.9,5895.9,TSETMC
2022-10-17,1401/07/25,1401,7,25,real_estate,انبوه سازی، املاک و مستغلات,4654922806626448,5876.1,5861.5,5869.3,TSETMC
2022-10-18,1401/07/26,1401,7,26,real_estate,انبوه سازی، املاک و مستغلات,4654922806626448,5912.6,5867.4,5912.6,TSETMC
2022-10-19,1401/07/27,1401,7,27,real_estate,انبوه سازی، املاک و مستغلات,4654922806626448,6053.3,5955.0,6047.3,TSETMC
2022-10-22,1401/07/30,1401,7,30,real_estate,انبوه سازی، املاک و مستغلات,4654922806626448,6113.7,6062.2,6107.6,TSETMC
2022-10-23,1401/08/01,1401,8,1,real_estate,انبوه سازی، املاک و مستغلات,4654922806626448,6166.2,6098.6,6098.6,TSETMC
2022-10-24,1401/08/02,1401,8,2,real_estate,انبوه سازی، املاک و مستغلات,4654922806626448,6133.5,6069.8,6069.8,TSETMC
2022-10-25,1401/08/03,1401,8,3,real_estate,انبوه سازی، املاک و مستغلات,4654922806626448,6076.1,6014.0,6014.0,TSETMC
2022-10-26,1401/08/04,1401,8,4,real_estate,انبوه سازی، املاک و مستغلات,4654922806626448,6018.6,5805.7,5805.7,TSETMC
2022-10-29,1401/08/07,1401,8,7,real_estate,انبوه سازی، املاک و مستغلات,4654922806626448,5786.9,5671.5,5671.5,TSETMC
2022-10-30,1401/08/08,1401,8,8,real_estate,انبوه سازی، املاک و مستغلات,4654922806626448,5649.5,5607.0,5611.1,TSETMC
2022-10-31,1401/08/09,1401,8,9,real_estate,انبوه سازی، املاک و مستغلات,4654922806626448,5740.9,5625.4,5740.9,TSETMC
2022-11-01,1401/08/10,1401,8,10,real_estate,انبوه سازی، املاک و مستغلات,4654922806626448,5877.4,5779.2,5877.0,TSETMC
2022-11-02,1401/08/11,1401,8,11,real_estate,انبوه سازی، املاک و مستغلات,4654922806626448,5891.2,5861.7,5891.2,TSETMC
2022-11-05,1401/08/14,1401,8,14,real_estate,انبوه سازی، املاک و مستغلات,4654922806626448,6078.8,5895.1,6078.4,TSETMC
2022-11-06,1401/08/15,1401,8,15,real_estate,انبوه سازی، املاک و مستغلات,4654922806626448,6126.9,6092.3,6126.9,TSETMC
2022-11-07,1401/08/16,1401,8,16,real_estate,انبوه سازی، املاک و مستغلات,4654922806626448,6367.4,6160.6,6367.4,TSETMC
2022-11-08,1401/08/17,1401,8,17,real_estate,انبوه سازی، املاک و مستغلات,4654922806626448,6456.7,6409.8,6409.9,TSETMC
2022-11-09,1401/08/18,1401,8,18,real_estate,انبوه سازی، املاک و مستغلات,4654922806626448,6482.0,6422.4,6482.0,TSETMC
2022-11-12,1401/08/21,1401,8,21,real_estate,انبوه سازی، املاک و مستغلات,4654922806626448,6594.0,6523.6,6562.9,TSETMC
2022-11-13,1401/08/22,1401,8,22,real_estate,انبوه سازی، املاک و مستغلات,4654922806626448,6574.4,6520.5,6520.5,TSETMC
2022-11-14,1401/08/23,1401,8,23,real_estate,انبوه سازی، املاک و مستغلات,4654922806626448,6531.6,6458.0,6458.1,TSETMC
2022-11-15,1401/08/24,1401,8,24,real_estate,انبوه سازی، املاک و مستغلات,4654922806626448,6495.0,6435.3,6435.3,TSETMC
2022-11-16,1401/08/25,1401,8,25,real_estate,انبوه سازی، املاک و مستغلات,4654922806626448,6529.3,6448.1,6528.0,TSETMC
2022-11-19,1401/08/28,1401,8,28,real_estate,انبوه سازی، املاک و مستغلات,4654922806626448,6530.6,6441.9,6441.9,TSETMC
2022-11-20,1401/08/29,1401,8,29,real_estate,انبوه سازی، املاک و مستغلات,4654922806626448,6575.7,6471.6,6575.7,TSETMC
2022-11-21,1401/08/30,1401,8,30,real_estate,انبوه سازی، املاک و مستغلات,4654922806626448,6679.4,6604.6,6675.0,TSETMC
2022-11-22,1401/09/01,1401,9,1,real_estate,انبوه سازی، املاک و مستغلات,4654922806626448,6680.9,6654.7,6680.9,TSETMC
2022-11-23,1401/09/02,1401,9,2,real_estate,انبوه سازی، املاک و مستغلات,4654922806626448,6839.6,6722.2,6833.7,TSETMC
2022-11-26,1401/09/05,1401,9,5,real_estate,انبوه سازی، املاک و مستغلات,4654922806626448,6884.5,6837.9,6862.1,TSETMC
2022-11-27,1401/09/06,1401,9,6,real_estate,انبوه سازی، املاک و مستغلات,4654922806626448,6857.0,6798.6,6805.7,TSETMC
2022-11-28,1401/09/07,1401,9,7,real_estate,انبوه سازی، املاک و مستغلات,4654922806626448,6806.8,6770.9,6803.2,TSETMC
2022-11-29,1401/09/08,1401,9,8,real_estate,انبوه سازی، املاک و مستغلات,4654922806626448,7055.8,6876.8,7055.8,TSETMC
2022-11-30,1401/09/09,1401,9,9,real_estate,انبوه سازی، املاک و مستغلات,4654922806626448,7090.9,7030.6,7030.6,TSETMC
2022-12-03,1401/09/12,1401,9,12,real_estate,انبوه سازی، املاک و مستغلات,4654922806626448,7007.4,6963.0,6984.0,TSETMC
2022-12-04,1401/09/13,1401,9,13,real_estate,انبوه سازی، املاک و مستغلات,4654922806626448,7037.1,6995.1,6995.1,TSETMC
2022-12-05,1401/09/14,1401,9,14,real_estate,انبوه سازی، املاک و مستغلات,4654922806626448,6999.7,6950.1,6950.1,TSETMC
2022-12-06,1401/09/15,1401,9,15,real_estate,انبوه سازی، املاک و مستغلات,4654922806626448,6994.3,6945.3,6978.2,TSETMC
2022-12-07,1401/09/16,1401,9,16,real_estate,انبوه سازی، املاک و مستغلات,4654922806626448,6984.7,6930.2,6930.2,TSETMC
2022-12-10,1401/09/19,1401,9,19,real_estate,انبوه سازی، املاک و مستغلات,4654922806626448,6884.9,6730.2,6730.2,TSETMC
2022-12-11,1401/09/20,1401,9,20,real_estate,انبوه سازی، املاک و مستغلات,4654922806626448,6729.3,6716.1,6728.7,TSETMC
2022-12-12,1401/09/21,1401,9,21,real_estate,انبوه سازی، املاک و مستغلات,4654922806626448,6862.2,6748.1,6862.2,TSETMC
2022-12-13,1401/09/22,1401,9,22,real_estate,انبوه سازی، املاک و مستغلات,4654922806626448,7072.6,6934.9,7050.3,TSETMC
2022-12-14,1401/09/23,1401,9,23,real_estate,انبوه سازی، املاک و مستغلات,4654922806626448,7162.2,7081.4,7152.6,TSETMC
2022-12-17,1401/09/26,1401,9,26,real_estate,انبوه سازی، املاک و مستغلات,4654922806626448,7261.2,7158.6,7261.2,TSETMC
2022-12-18,1401/09/27,1401,9,27,real_estate,انبوه سازی، املاک و مستغلات,4654922806626448,7414.4,7278.5,7385.0,TSETMC
2022-12-19,1401/09/28,1401,9,28,real_estate,انبوه سازی، املاک و مستغلات,4654922806626448,7351.6,7288.1,7288.1,TSETMC
2022-12-20,1401/09/29,1401,9,29,real_estate,انبوه سازی، املاک و مستغلات,4654922806626448,7292.8,7201.6,7201.6,TSETMC
2022-12-21,1401/09/30,1401,9,30,real_estate,انبوه سازی، املاک و مستغلات,4654922806626448,7295.0,7226.8,7295.0,TSETMC
2022-12-24,1401/10/03,1401,10,3,real_estate,انبوه سازی، املاک و مستغلات,4654922806626448,7440.7,7324.1,7440.7,TSETMC
2022-12-25,1401/10/04,1401,10,4,real_estate,انبوه سازی، املاک و مستغلات,4654922806626448,7484.0,7447.9,7478.7,TSETMC
2022-12-26,1401/10/05,1401,10,5,real_estate,انبوه سازی، املاک و مستغلات,4654922806626448,7574.5,7468.4,7574.5,TSETMC
2022-12-28,1401/10/07,1401,10,7,real_estate,انبوه سازی، املاک و مستغلات,4654922806626448,7779.0,7669.0,7767.5,TSETMC
2022-12-31,1401/10/10,1401,10,10,real_estate,انبوه سازی، املاک و مستغلات,4654922806626448,7579.5,7477.1,7477.1,TSETMC
2023-01-01,1401/10/11,1401,10,11,real_estate,انبوه سازی، املاک و مستغلات,4654922806626448,7488.9,7259.6,7259.6,TSETMC
2023-01-02,1401/10/12,1401,10,12,real_estate,انبوه سازی، املاک و مستغلات,4654922806626448,7408.8,7320.0,7408.8,TSETMC
2023-01-03,1401/10/13,1401,10,13,real_estate,انبوه سازی، املاک و مستغلات,4654922806626448,7530.2,7457.6,7481.1,TSETMC
2023-01-04,1401/10/14,1401,10,14,real_estate,انبوه سازی، املاک و مستغلات,4654922806626448,7461.3,7341.0,7341.0,TSETMC
2023-01-07,1401/10/17,1401,10,17,real_estate,انبوه سازی، املاک و مستغلات,4654922806626448,7547.9,7388.5,7547.9,TSETMC
2023-01-08,1401/10/18,1401,10,18,real_estate,انبوه سازی، املاک و مستغلات,4654922806626448,7813.4,7680.9,7800.8,TSETMC
2023-01-09,1401/10/19,1401,10,19,real_estate,انبوه سازی، املاک و مستغلات,4654922806626448,7849.3,7770.9,7798.4,TSETMC
2023-01-10,1401/10/20,1401,10,20,real_estate,انبوه سازی، املاک و مستغلات,4654922806626448,7971.0,7861.2,7929.5,TSETMC
2023-01-11,1401/10/21,1401,10,21,real_estate,انبوه سازی، املاک و مستغلات,4654922806626448,7974.1,7910.8,7943.2,TSETMC
2023-01-14,1401/10/24,1401,10,24,real_estate,انبوه سازی، املاک و مستغلات,4654922806626448,8104.7,7907.2,8104.7,TSETMC
2023-01-15,1401/10/25,1401,10,25,real_estate,انبوه سازی، املاک و مستغلات,4654922806626448,8104.7,8104.7,8104.7,TSETMC
2023-01-16,1401/10/26,1401,10,26,real_estate,انبوه سازی، املاک و مستغلات,4654922806626448,8641.1,8340.9,8641.1,TSETMC
2023-01-17,1401/10/27,1401,10,27,real_estate,انبوه سازی، املاک و مستغلات,4654922806626448,8856.7,8830.6,8831.6,TSETMC
2023-01-18,1401/10/28,1401,10,28,real_estate,انبوه سازی، املاک و مستغلات,4654922806626448,9033.7,8953.3,9024.8,TSETMC
2023-01-21,1401/11/01,1401,11,1,real_estate,انبوه سازی، املاک و مستغلات,4654922806626448,9191.6,9049.5,9050.7,TSETMC
2023-01-22,1401/11/02,1401,11,2,real_estate,انبوه سازی، املاک و مستغلات,4654922806626448,9080.0,8809.4,8880.5,TSETMC
2023-01-23,1401/11/03,1401,11,3,real_estate,انبوه سازی، املاک و مستغلات,4654922806626448,9235.9,9132.1,9183.3,TSETMC
2023-01-24,1401/11/04,1401,11,4,real_estate,انبوه سازی، املاک و مستغلات,4654922806626448,9407.6,9340.7,9391.9,TSETMC
2023-01-25,1401/11/05,1401,11,5,real_estate,انبوه سازی، املاک و مستغلات,4654922806626448,9468.4,9250.2,9250.2,TSETMC
2023-01-28,1401/11/08,1401,11,8,real_estate,انبوه سازی، املاک و مستغلات,4654922806626448,9238.4,9058.5,9060.5,TSETMC
2023-01-29,1401/11/09,1401,11,9,real_estate,انبوه سازی، املاک و مستغلات,4654922806626448,8956.3,8703.5,8705.4,TSETMC
2023-01-30,1401/11/10,1401,11,10,real_estate,انبوه سازی، املاک و مستغلات,4654922806626448,8659.2,8534.9,8567.2,TSETMC
2023-01-31,1401/11/11,1401,11,11,real_estate,انبوه سازی، املاک و مستغلات,4654922806626448,8742.7,8641.3,8643.4,TSETMC
2023-02-01,1401/11/12,1401,11,12,real_estate,انبوه سازی، املاک و مستغلات,4654922806626448,8611.1,8550.6,8611.1,TSETMC
2023-02-05,1401/11/16,1401,11,16,real_estate,انبوه سازی، املاک و مستغلات,4654922806626448,8529.9,8319.6,8325.1,TSETMC
2023-02-06,1401/11/17,1401,11,17,real_estate,انبوه سازی، املاک و مستغلات,4654922806626448,8292.8,8265.5,8291.5,TSETMC
2023-02-07,1401/11/18,1401,11,18,real_estate,انبوه سازی، املاک و مستغلات,4654922806626448,8441.6,8360.2,8441.6,TSETMC
2023-02-08,1401/11/19,1401,11,19,real_estate,انبوه سازی، املاک و مستغلات,4654922806626448,8507.2,8407.2,8407.2,TSETMC
2023-02-12,1401/11/23,1401,11,23,real_estate,انبوه سازی، املاک و مستغلات,4654922806626448,8338.8,8238.7,8238.8,TSETMC
2023-02-13,1401/11/24,1401,11,24,real_estate,انبوه سازی، املاک و مستغلات,4654922806626448,8414.5,8324.1,8405.8,TSETMC
2023-02-14,1401/11/25,1401,11,25,real_estate,انبوه سازی، املاک و مستغلات,4654922806626448,8528.7,8462.3,8462.3,TSETMC
2023-02-15,1401/11/26,1401,11,26,real_estate,انبوه سازی، املاک و مستغلات,4654922806626448,8427.6,8285.8,8285.8,TSETMC
2023-02-19,1401/11/30,1401,11,30,real_estate,انبوه سازی، املاک و مستغلات,4654922806626448,8436.7,8267.2,8436.7,TSETMC
2023-02-20,1401/12/01,1401,12,1,real_estate,انبوه سازی، املاک و مستغلات,4654922806626448,8771.2,8535.5,8771.2,TSETMC
2023-02-21,1401/12/02,1401,12,2,real_estate,انبوه سازی، املاک و مستغلات,4654922806626448,8986.1,8846.5,8924.0,TSETMC
2023-02-22,1401/12/03,1401,12,3,real_estate,انبوه سازی، املاک و مستغلات,4654922806626448,8940.0,8761.2,8762.3,TSETMC
2023-02-25,1401/12/06,1401,12,6,real_estate,انبوه سازی، املاک و مستغلات,4654922806626448,9087.5,8990.8,9020.9,TSETMC
2023-02-26,1401/12/07,1401,12,7,real_estate,انبوه سازی، املاک و مستغلات,4654922806626448,9377.9,9238.0,9304.4,TSETMC
2023-02-27,1401/12/08,1401,12,8,real_estate,انبوه سازی، املاک و مستغلات,4654922806626448,9228.9,9138.2,9206.8,TSETMC
2023-02-28,1401/12/09,1401,12,9,real_estate,انبوه سازی، املاک و مستغلات,4654922806626448,9302.6,9226.5,9298.9,TSETMC
2023-03-01,1401/12/10,1401,12,10,real_estate,انبوه سازی، املاک و مستغلات,4654922806626448,9293.6,9217.4,9217.8,TSETMC
2023-03-04,1401/12/13,1401,12,13,real_estate,انبوه سازی، املاک و مستغلات,4654922806626448,9179.6,9044.0,9044.0,TSETMC
2023-03-05,1401/12/14,1401,12,14,real_estate,انبوه سازی، املاک و مستغلات,4654922806626448,9163.1,9099.2,9109.2,TSETMC
2023-03-06,1401/12/15,1401,12,15,real_estate,انبوه سازی، املاک و مستغلات,4654922806626448,9290.0,9209.6,9272.0,TSETMC
2023-03-07,1401/12/16,1401,12,16,real_estate,انبوه سازی، املاک و مستغلات,4654922806626448,9412.8,9333.8,9411.0,TSETMC
2023-03-11,1401/12/20,1401,12,20,real_estate,انبوه سازی، املاک و مستغلات,4654922806626448,9494.0,9387.5,9387.5,TSETMC
2023-03-12,1401/12/21,1401,12,21,real_estate,انبوه سازی، املاک و مستغلات,4654922806626448,9310.7,9218.8,9246.5,TSETMC
2023-03-13,1401/12/22,1401,12,22,real_estate,انبوه سازی، املاک و مستغلات,4654922806626448,9330.8,9294.6,9311.8,TSETMC
2023-03-14,1401/12/23,1401,12,23,real_estate,انبوه سازی، املاک و مستغلات,4654922806626448,9458.3,9385.6,9441.0,TSETMC
2023-03-15,1401/12/24,1401,12,24,real_estate,انبوه سازی، املاک و مستغلات,4654922806626448,9715.0,9587.8,9700.3,TSETMC
2023-03-18,1401/12/27,1401,12,27,real_estate,انبوه سازی، املاک و مستغلات,4654922806626448,10066.6,9874.3,10066.6,TSETMC
2023-03-19,1401/12/28,1401,12,28,real_estate,انبوه سازی، املاک و مستغلات,4654922806626448,10330.0,10248.3,10322.6,TSETMC
2023-03-25,1402/01/05,1402,1,5,real_estate,انبوه سازی، املاک و مستغلات,4654922806626448,10662.0,10509.0,10661.5,TSETMC
2023-03-26,1402/01/06,1402,1,6,real_estate,انبوه سازی، املاک و مستغلات,4654922806626448,10968.0,10916.2,10916.2,TSETMC
2023-03-27,1402/01/07,1402,1,7,real_estate,انبوه سازی، املاک و مستغلات,4654922806626448,11157.1,11015.4,11157.1,TSETMC
2023-03-28,1402/01/08,1402,1,8,real_estate,انبوه سازی، املاک و مستغلات,4654922806626448,11535.9,11402.5,11535.9,TSETMC
2023-03-29,1402/01/09,1402,1,9,real_estate,انبوه سازی، املاک و مستغلات,4654922806626448,11827.2,11759.1,11826.1,TSETMC
2023-04-03,1402/01/14,1402,1,14,real_estate,انبوه سازی، املاک و مستغلات,4654922806626448,11910.0,11735.8,11910.0,TSETMC
2023-04-04,1402/01/15,1402,1,15,real_estate,انبوه سازی، املاک و مستغلات,4654922806626448,12020.5,11880.9,11880.9,TSETMC
2023-04-05,1402/01/16,1402,1,16,real_estate,انبوه سازی، املاک و مستغلات,4654922806626448,12213.4,11854.4,12213.4,TSETMC
2023-04-08,1402/01/19,1402,1,19,real_estate,انبوه سازی، املاک و مستغلات,4654922806626448,12889.4,12605.2,12862.6,TSETMC
2023-04-09,1402/01/20,1402,1,20,real_estate,انبوه سازی، املاک و مستغلات,4654922806626448,13080.9,12917.3,13051.8,TSETMC
2023-04-10,1402/01/21,1402,1,21,real_estate,انبوه سازی، املاک و مستغلات,4654922806626448,13360.3,13031.8,13031.8,TSETMC
2023-04-11,1402/01/22,1402,1,22,real_estate,انبوه سازی، املاک و مستغلات,4654922806626448,13122.9,13021.0,13120.8,TSETMC
2023-04-15,1402/01/26,1402,1,26,real_estate,انبوه سازی، املاک و مستغلات,4654922806626448,13623.6,13520.3,13613.4,TSETMC
2023-04-16,1402/01/27,1402,1,27,real_estate,انبوه سازی، املاک و مستغلات,4654922806626448,14161.3,13731.5,14161.3,TSETMC
2023-04-17,1402/01/28,1402,1,28,real_estate,انبوه سازی، املاک و مستغلات,4654922806626448,14570.7,14220.8,14570.7,TSETMC
2023-04-18,1402/01/29,1402,1,29,real_estate,انبوه سازی، املاک و مستغلات,4654922806626448,15111.9,14828.5,15061.0,TSETMC
2023-04-19,1402/01/30,1402,1,30,real_estate,انبوه سازی، املاک و مستغلات,4654922806626448,15314.5,15215.0,15274.6,TSETMC
2023-04-24,1402/02/04,1402,2,4,real_estate,انبوه سازی، املاک و مستغلات,4654922806626448,15786.4,15553.4,15786.4,TSETMC
2023-04-25,1402/02/05,1402,2,5,real_estate,انبوه سازی، املاک و مستغلات,4654922806626448,16402.6,16190.0,16190.0,TSETMC
2023-04-26,1402/02/06,1402,2,6,real_estate,انبوه سازی، املاک و مستغلات,4654922806626448,16706.9,16149.1,16706.9,TSETMC
2023-04-29,1402/02/09,1402,2,9,real_estate,انبوه سازی، املاک و مستغلات,4654922806626448,17287.8,17236.0,17253.3,TSETMC
2023-04-30,1402/02/10,1402,2,10,real_estate,انبوه سازی، املاک و مستغلات,4654922806626448,17990.0,17591.4,17977.2,TSETMC
2023-05-01,1402/02/11,1402,2,11,real_estate,انبوه سازی، املاک و مستغلات,4654922806626448,18651.2,18572.6,18579.5,TSETMC
2023-05-02,1402/02/12,1402,2,12,real_estate,انبوه سازی، املاک و مستغلات,4654922806626448,19639.7,19535.4,19639.7,TSETMC
2023-05-03,1402/02/13,1402,2,13,real_estate,انبوه سازی، املاک و مستغلات,4654922806626448,20258.8,20236.7,20258.8,TSETMC
2023-05-06,1402/02/16,1402,2,16,real_estate,انبوه سازی، املاک و مستغلات,4654922806626448,21023.0,20537.0,20759.0,TSETMC
2023-05-07,1402/02/17,1402,2,17,real_estate,انبوه سازی، املاک و مستغلات,4654922806626448,20029.3,19820.4,19820.5,TSETMC
2023-05-08,1402/02/18,1402,2,18,real_estate,انبوه سازی، املاک و مستغلات,4654922806626448,19340.4,18768.6,18768.6,TSETMC
2023-05-09,1402/02/19,1402,2,19,real_estate,انبوه سازی، املاک و مستغلات,4654922806626448,18058.9,17765.9,17787.2,TSETMC
2023-05-10,1402/02/20,1402,2,20,real_estate,انبوه سازی، املاک و مستغلات,4654922806626448,17830.4,17235.0,17235.0,TSETMC
2023-05-13,1402/02/23,1402,2,23,real_estate,انبوه سازی، املاک و مستغلات,4654922806626448,16644.7,16441.9,16488.9,TSETMC
2023-05-14,1402/02/24,1402,2,24,real_estate,انبوه سازی، املاک و مستغلات,4654922806626448,16561.6,16438.4,16561.6,TSETMC
2023-05-15,1402/02/25,1402,2,25,real_estate,انبوه سازی، املاک و مستغلات,4654922806626448,16822.2,16596.5,16676.2,TSETMC
2023-05-17,1402/02/27,1402,2,27,real_estate,انبوه سازی، املاک و مستغلات,4654922806626448,16908.4,16640.8,16878.2,TSETMC
2023-05-20,1402/02/30,1402,2,30,real_estate,انبوه سازی، املاک و مستغلات,4654922806626448,17149.6,16496.5,16496.5,TSETMC
2023-05-21,1402/02/31,1402,2,31,real_estate,انبوه سازی، املاک و مستغلات,4654922806626448,16559.4,16181.6,16559.4,TSETMC
2023-05-22,1402/03/01,1402,3,1,real_estate,انبوه سازی، املاک و مستغلات,4654922806626448,17082.8,16982.4,17082.8,TSETMC
2023-05-23,1402/03/02,1402,3,2,real_estate,انبوه سازی، املاک و مستغلات,4654922806626448,17703.6,17558.9,17678.9,TSETMC
2023-05-24,1402/03/03,1402,3,3,real_estate,انبوه سازی، املاک و مستغلات,4654922806626448,17610.8,17481.7,17481.7,TSETMC
2023-05-27,1402/03/06,1402,3,6,real_estate,انبوه سازی، املاک و مستغلات,4654922806626448,17041.0,16716.5,16716.5,TSETMC
2023-05-28,1402/03/07,1402,3,7,real_estate,انبوه سازی، املاک و مستغلات,4654922806626448,16172.8,15870.7,15872.1,TSETMC
2023-05-29,1402/03/08,1402,3,8,real_estate,انبوه سازی، املاک و مستغلات,4654922806626448,15927.3,15768.9,15927.3,TSETMC
2023-05-30,1402/03/09,1402,3,9,real_estate,انبوه سازی، املاک و مستغلات,4654922806626448,16296.4,16105.8,16268.9,TSETMC
2023-05-31,1402/03/10,1402,3,10,real_estate,انبوه سازی، املاک و مستغلات,4654922806626448,16169.4,15741.1,15980.2,TSETMC
2023-06-03,1402/03/13,1402,3,13,real_estate,انبوه سازی، املاک و مستغلات,4654922806626448,16252.5,15960.9,16250.3,TSETMC
2023-06-06,1402/03/16,1402,3,16,real_estate,انبوه سازی، املاک و مستغلات,4654922806626448,16519.4,16453.9,16460.4,TSETMC
2023-06-07,1402/03/17,1402,3,17,real_estate,انبوه سازی، املاک و مستغلات,4654922806626448,16448.7,16321.9,16321.9,TSETMC
2023-06-10,1402/03/20,1402,3,20,real_estate,انبوه سازی، املاک و مستغلات,4654922806626448,15672.0,15550.4,15596.2,TSETMC
2023-06-11,1402/03/21,1402,3,21,real_estate,انبوه سازی، املاک و مستغلات,4654922806626448,15658.3,15565.6,15658.3,TSETMC
2023-06-12,1402/03/22,1402,3,22,real_estate,انبوه سازی، املاک و مستغلات,4654922806626448,16076.0,15419.3,15419.3,TSETMC
2023-06-13,1402/03/23,1402,3,23,real_estate,انبوه سازی، املاک و مستغلات,4654922806626448,15441.7,15291.1,15427.7,TSETMC
2023-06-14,1402/03/24,1402,3,24,real_estate,انبوه سازی، املاک و مستغلات,4654922806626448,15957.8,15782.0,15859.1,TSETMC
2023-06-17,1402/03/27,1402,3,27,real_estate,انبوه سازی، املاک و مستغلات,4654922806626448,16253.4,16000.2,16154.7,TSETMC
2023-06-18,1402/03/28,1402,3,28,real_estate,انبوه سازی، املاک و مستغلات,4654922806626448,15907.2,15701.6,15701.6,TSETMC
2023-06-19,1402/03/29,1402,3,29,real_estate,انبوه سازی، املاک و مستغلات,4654922806626448,15954.7,15834.7,15835.0,TSETMC
2023-06-20,1402/03/30,1402,3,30,real_estate,انبوه سازی، املاک و مستغلات,4654922806626448,15600.0,15475.0,15599.4,TSETMC
2023-06-21,1402/03/31,1402,3,31,real_estate,انبوه سازی، املاک و مستغلات,4654922806626448,15759.1,15667.6,15667.6,TSETMC
2023-06-24,1402/04/03,1402,4,3,real_estate,انبوه سازی، املاک و مستغلات,4654922806626448,15690.5,15539.8,15583.1,TSETMC
2023-06-25,1402/04/04,1402,4,4,real_estate,انبوه سازی، املاک و مستغلات,4654922806626448,16067.2,15799.3,16059.5,TSETMC
2023-06-26,1402/04/05,1402,4,5,real_estate,انبوه سازی، املاک و مستغلات,4654922806626448,16311.0,16245.9,16286.4,TSETMC
2023-06-27,1402/04/06,1402,4,6,real_estate,انبوه سازی، املاک و مستغلات,4654922806626448,16329.6,16034.8,16034.8,TSETMC
2023-06-28,1402/04/07,1402,4,7,real_estate,انبوه سازی، املاک و مستغلات,4654922806626448,15861.3,15738.9,15738.9,TSETMC
2023-07-01,1402/04/10,1402,4,10,real_estate,انبوه سازی، املاک و مستغلات,4654922806626448,15835.6,15658.0,15658.0,TSETMC
2023-07-02,1402/04/11,1402,4,11,real_estate,انبوه سازی، املاک و مستغلات,4654922806626448,15844.4,15613.7,15841.5,TSETMC
2023-07-03,1402/04/12,1402,4,12,real_estate,انبوه سازی، املاک و مستغلات,4654922806626448,16071.6,15887.0,16071.6,TSETMC
2023-07-04,1402/04/13,1402,4,13,real_estate,انبوه سازی، املاک و مستغلات,4654922806626448,16598.1,16272.5,16554.3,TSETMC
2023-07-05,1402/04/14,1402,4,14,real_estate,انبوه سازی، املاک و مستغلات,4654922806626448,16781.0,16653.4,16653.4,TSETMC
2023-07-08,1402/04/17,1402,4,17,real_estate,انبوه سازی، املاک و مستغلات,4654922806626448,16667.6,16471.8,16471.8,TSETMC
2023-07-09,1402/04/18,1402,4,18,real_estate,انبوه سازی، املاک و مستغلات,4654922806626448,16258.9,16100.3,16100.3,TSETMC
2023-07-10,1402/04/19,1402,4,19,real_estate,انبوه سازی، املاک و مستغلات,4654922806626448,16078.5,15681.0,15681.0,TSETMC
2023-07-11,1402/04/20,1402,4,20,real_estate,انبوه سازی، املاک و مستغلات,4654922806626448,15610.2,15215.8,15216.9,TSETMC
2023-07-12,1402/04/21,1402,4,21,real_estate,انبوه سازی، املاک و مستغلات,4654922806626448,14963.3,14456.2,14471.9,TSETMC
2023-07-15,1402/04/24,1402,4,24,real_estate,انبوه سازی، املاک و مستغلات,4654922806626448,14828.4,14628.5,14634.6,TSETMC
2023-07-16,1402/04/25,1402,4,25,real_estate,انبوه سازی، املاک و مستغلات,4654922806626448,14473.5,13868.9,13868.9,TSETMC
2023-07-17,1402/04/26,1402,4,26,real_estate,انبوه سازی، املاک و مستغلات,4654922806626448,13552.3,13163.1,13185.9,TSETMC
2023-07-18,1402/04/27,1402,4,27,real_estate,انبوه سازی، املاک و مستغلات,4654922806626448,13748.0,13526.5,13709.4,TSETMC
2023-07-19,1402/04/28,1402,4,28,real_estate,انبوه سازی، املاک و مستغلات,4654922806626448,14289.0,13868.6,14079.1,TSETMC
2023-07-22,1402/04/31,1402,4,31,real_estate,انبوه سازی، املاک و مستغلات,4654922806626448,13723.2,13449.0,13449.0,TSETMC
2023-07-23,1402/05/01,1402,5,1,real_estate,انبوه سازی، املاک و مستغلات,4654922806626448,13793.7,13463.2,13793.7,TSETMC
2023-07-24,1402/05/02,1402,5,2,real_estate,انبوه سازی، املاک و مستغلات,4654922806626448,14181.3,14025.8,14137.0,TSETMC
2023-07-25,1402/05/03,1402,5,3,real_estate,انبوه سازی، املاک و مستغلات,4654922806626448,14303.5,14060.6,14060.6,TSETMC
2023-07-26,1402/05/04,1402,5,4,real_estate,انبوه سازی، املاک و مستغلات,4654922806626448,14090.6,13901.2,14090.6,TSETMC
2023-07-29,1402/05/07,1402,5,7,real_estate,انبوه سازی، املاک و مستغلات,4654922806626448,14418.3,14278.2,14278.2,TSETMC
2023-07-30,1402/05/08,1402,5,8,real_estate,انبوه سازی، املاک و مستغلات,4654922806626448,14377.7,13837.5,13870.8,TSETMC
2023-07-31,1402/05/09,1402,5,9,real_estate,انبوه سازی، املاک و مستغلات,4654922806626448,14139.4,14013.2,14139.4,TSETMC
2023-08-01,1402/05/10,1402,5,10,real_estate,انبوه سازی، املاک و مستغلات,4654922806626448,14468.0,14323.4,14396.7,TSETMC
2023-08-05,1402/05/14,1402,5,14,real_estate,انبوه سازی، املاک و مستغلات,4654922806626448,14660.0,14490.7,14619.5,TSETMC
2023-08-06,1402/05/15,1402,5,15,real_estate,انبوه سازی، املاک و مستغلات,4654922806626448,14561.7,14456.4,14456.4,TSETMC
2023-08-07,1402/05/16,1402,5,16,real_estate,انبوه سازی، املاک و مستغلات,4654922806626448,14600.2,14463.6,14463.6,TSETMC
2023-08-08,1402/05/17,1402,5,17,real_estate,انبوه سازی، املاک و مستغلات,4654922806626448,14390.3,14293.7,14293.7,TSETMC
2023-08-09,1402/05/18,1402,5,18,real_estate,انبوه سازی، املاک و مستغلات,4654922806626448,14442.7,14292.1,14292.1,TSETMC
2023-08-12,1402/05/21,1402,5,21,real_estate,انبوه سازی، املاک و مستغلات,4654922806626448,13908.1,13583.7,13583.7,TSETMC
2023-08-13,1402/05/22,1402,5,22,real_estate,انبوه سازی، املاک و مستغلات,4654922806626448,13442.0,13249.7,13370.3,TSETMC
2023-08-14,1402/05/23,1402,5,23,real_estate,انبوه سازی، املاک و مستغلات,4654922806626448,13631.0,13482.2,13482.2,TSETMC
2023-08-15,1402/05/24,1402,5,24,real_estate,انبوه سازی، املاک و مستغلات,4654922806626448,13338.3,12993.6,12993.6,TSETMC
2023-08-16,1402/05/25,1402,5,25,real_estate,انبوه سازی، املاک و مستغلات,4654922806626448,13029.7,12900.4,12925.6,TSETMC
2023-08-19,1402/05/28,1402,5,28,real_estate,انبوه سازی، املاک و مستغلات,4654922806626448,13005.3,12711.2,12711.2,TSETMC
2023-08-20,1402/05/29,1402,5,29,real_estate,انبوه سازی، املاک و مستغلات,4654922806626448,12595.8,12428.9,12446.1,TSETMC
2023-08-21,1402/05/30,1402,5,30,real_estate,انبوه سازی، املاک و مستغلات,4654922806626448,12560.6,12469.4,12469.4,TSETMC
2023-08-22,1402/05/31,1402,5,31,real_estate,انبوه سازی، املاک و مستغلات,4654922806626448,12410.9,12149.6,12149.6,TSETMC
2023-08-23,1402/06/01,1402,6,1,real_estate,انبوه سازی، املاک و مستغلات,4654922806626448,12461.6,12221.5,12461.6,TSETMC
2023-08-26,1402/06/04,1402,6,4,real_estate,انبوه سازی، املاک و مستغلات,4654922806626448,13002.5,12715.2,13002.5,TSETMC
2023-08-27,1402/06/05,1402,6,5,real_estate,انبوه سازی، املاک و مستغلات,4654922806626448,13411.0,13112.8,13352.3,TSETMC
2023-08-28,1402/06/06,1402,6,6,real_estate,انبوه سازی، املاک و مستغلات,4654922806626448,13505.6,13447.6,13447.6,TSETMC
2023-08-29,1402/06/07,1402,6,7,real_estate,انبوه سازی، املاک و مستغلات,4654922806626448,13667.8,13597.9,13597.9,TSETMC
2023-08-30,1402/06/08,1402,6,8,real_estate,انبوه سازی، املاک و مستغلات,4654922806626448,14003.6,13610.4,14001.6,TSETMC
2023-09-02,1402/06/11,1402,6,11,real_estate,انبوه سازی، املاک و مستغلات,4654922806626448,14310.3,14148.2,14148.2,TSETMC
2023-09-03,1402/06/12,1402,6,12,real_estate,انبوه سازی، املاک و مستغلات,4654922806626448,14226.0,14067.4,14175.3,TSETMC
2023-09-04,1402/06/13,1402,6,13,real_estate,انبوه سازی، املاک و مستغلات,4654922806626448,14390.3,14204.1,14386.8,TSETMC
2023-09-05,1402/06/14,1402,6,14,real_estate,انبوه سازی، املاک و مستغلات,4654922806626448,14720.8,14504.3,14504.3,TSETMC
2023-09-09,1402/06/18,1402,6,18,real_estate,انبوه سازی، املاک و مستغلات,4654922806626448,14263.3,13939.8,13939.8,TSETMC
2023-09-10,1402/06/19,1402,6,19,real_estate,انبوه سازی، املاک و مستغلات,4654922806626448,14104.4,13906.2,14104.4,TSETMC
2023-09-11,1402/06/20,1402,6,20,real_estate,انبوه سازی، املاک و مستغلات,4654922806626448,14348.7,14258.0,14291.2,TSETMC
2023-09-12,1402/06/21,1402,6,21,real_estate,انبوه سازی، املاک و مستغلات,4654922806626448,14317.1,14235.8,14235.8,TSETMC
2023-09-13,1402/06/22,1402,6,22,real_estate,انبوه سازی، املاک و مستغلات,4654922806626448,14313.5,14247.3,14247.4,TSETMC
2023-09-17,1402/06/26,1402,6,26,real_estate,انبوه سازی، املاک و مستغلات,4654922806626448,14583.4,14374.2,14583.4,TSETMC
2023-09-18,1402/06/27,1402,6,27,real_estate,انبوه سازی، املاک و مستغلات,4654922806626448,14672.3,14577.8,14578.4,TSETMC
2023-09-19,1402/06/28,1402,6,28,real_estate,انبوه سازی، املاک و مستغلات,4654922806626448,14490.0,14421.8,14421.8,TSETMC
2023-09-20,1402/06/29,1402,6,29,real_estate,انبوه سازی، املاک و مستغلات,4654922806626448,14409.4,14294.6,14294.6,TSETMC
2023-09-23,1402/07/01,1402,7,1,real_estate,انبوه سازی، املاک و مستغلات,4654922806626448,14352.9,14295.8,14295.8,TSETMC
2023-09-25,1402/07/03,1402,7,3,real_estate,انبوه سازی، املاک و مستغلات,4654922806626448,14263.3,14087.5,14184.6,TSETMC
2023-09-26,1402/07/04,1402,7,4,real_estate,انبوه سازی، املاک و مستغلات,4654922806626448,14413.0,14378.7,14399.1,TSETMC
2023-09-27,1402/07/05,1402,7,5,real_estate,انبوه سازی، املاک و مستغلات,4654922806626448,14647.9,14525.0,14629.0,TSETMC
2023-09-30,1402/07/08,1402,7,8,real_estate,انبوه سازی، املاک و مستغلات,4654922806626448,14779.4,14498.4,14498.4,TSETMC
2023-10-01,1402/07/09,1402,7,9,real_estate,انبوه سازی، املاک و مستغلات,4654922806626448,14480.4,14218.9,14218.9,TSETMC
2023-10-02,1402/07/10,1402,7,10,real_estate,انبوه سازی، املاک و مستغلات,4654922806626448,14548.4,14337.6,14548.4,TSETMC
2023-10-04,1402/07/12,1402,7,12,real_estate,انبوه سازی، املاک و مستغلات,4654922806626448,14741.8,14652.9,14652.9,TSETMC
2023-10-07,1402/07/15,1402,7,15,real_estate,انبوه سازی، املاک و مستغلات,4654922806626448,14559.6,14271.6,14271.7,TSETMC
2023-10-08,1402/07/16,1402,7,16,real_estate,انبوه سازی، املاک و مستغلات,4654922806626448,13936.2,13718.2,13718.2,TSETMC
2023-10-09,1402/07/17,1402,7,17,real_estate,انبوه سازی، املاک و مستغلات,4654922806626448,13775.5,13656.4,13718.3,TSETMC
2023-10-10,1402/07/18,1402,7,18,real_estate,انبوه سازی، املاک و مستغلات,4654922806626448,13916.7,13839.4,13916.7,TSETMC
2023-10-11,1402/07/19,1402,7,19,real_estate,انبوه سازی، املاک و مستغلات,4654922806626448,14141.0,14052.6,14052.6,TSETMC
2023-10-14,1402/07/22,1402,7,22,real_estate,انبوه سازی، املاک و مستغلات,4654922806626448,13897.3,13650.0,13650.3,TSETMC
2023-10-15,1402/07/23,1402,7,23,real_estate,انبوه سازی، املاک و مستغلات,4654922806626448,13738.2,13686.3,13715.1,TSETMC
2023-10-16,1402/07/24,1402,7,24,real_estate,انبوه سازی، املاک و مستغلات,4654922806626448,14037.3,13834.7,14037.3,TSETMC
2023-10-17,1402/07/25,1402,7,25,real_estate,انبوه سازی، املاک و مستغلات,4654922806626448,14234.7,14159.8,14159.8,TSETMC
2023-10-18,1402/07/26,1402,7,26,real_estate,انبوه سازی، املاک و مستغلات,4654922806626448,14156.6,14038.1,14111.6,TSETMC
2023-10-21,1402/07/29,1402,7,29,real_estate,انبوه سازی، املاک و مستغلات,4654922806626448,14259.5,14127.9,14247.8,TSETMC
2023-10-22,1402/07/30,1402,7,30,real_estate,انبوه سازی، املاک و مستغلات,4654922806626448,14747.1,14261.9,14747.1,TSETMC
2023-10-23,1402/08/01,1402,8,1,real_estate,انبوه سازی، املاک و مستغلات,4654922806626448,14931.4,14795.7,14920.6,TSETMC
2023-10-24,1402/08/02,1402,8,2,real_estate,انبوه سازی، املاک و مستغلات,4654922806626448,14820.8,14506.2,14506.2,TSETMC
2023-10-25,1402/08/03,1402,8,3,real_estate,انبوه سازی، املاک و مستغلات,4654922806626448,14448.1,14343.4,14448.1,TSETMC
2023-10-28,1402/08/06,1402,8,6,real_estate,انبوه سازی، املاک و مستغلات,4654922806626448,14007.2,13714.1,13714.1,TSETMC
2023-10-29,1402/08/07,1402,8,7,real_estate,انبوه سازی، املاک و مستغلات,4654922806626448,13877.6,13681.9,13877.6,TSETMC
2023-10-30,1402/08/08,1402,8,8,real_estate,انبوه سازی، املاک و مستغلات,4654922806626448,14282.4,14054.7,14282.4,TSETMC
2023-10-31,1402/08/09,1402,8,9,real_estate,انبوه سازی، املاک و مستغلات,4654922806626448,14381.1,14208.3,14208.3,TSETMC
2023-11-01,1402/08/10,1402,8,10,real_estate,انبوه سازی، املاک و مستغلات,4654922806626448,13786.9,13728.5,13732.4,TSETMC
2023-11-04,1402/08/13,1402,8,13,real_estate,انبوه سازی، املاک و مستغلات,4654922806626448,14327.2,14198.3,14322.6,TSETMC
2023-11-05,1402/08/14,1402,8,14,real_estate,انبوه سازی، املاک و مستغلات,4654922806626448,14545.3,14384.4,14490.8,TSETMC
2023-11-06,1402/08/15,1402,8,15,real_estate,انبوه سازی، املاک و مستغلات,4654922806626448,14596.8,14476.1,14582.2,TSETMC
2023-11-07,1402/08/16,1402,8,16,real_estate,انبوه سازی، املاک و مستغلات,4654922806626448,14986.5,14748.1,14976.7,TSETMC
2023-11-08,1402/08/17,1402,8,17,real_estate,انبوه سازی، املاک و مستغلات,4654922806626448,15154.9,15018.4,15018.4,TSETMC
2023-11-11,1402/08/20,1402,8,20,real_estate,انبوه سازی، املاک و مستغلات,4654922806626448,15249.4,15090.4,15175.9,TSETMC
2023-11-12,1402/08/21,1402,8,21,real_estate,انبوه سازی، املاک و مستغلات,4654922806626448,15489.8,15246.1,15489.8,TSETMC
2023-11-13,1402/08/22,1402,8,22,real_estate,انبوه سازی، املاک و مستغلات,4654922806626448,15861.6,15628.1,15736.9,TSETMC
2023-11-14,1402/08/23,1402,8,23,real_estate,انبوه سازی، املاک و مستغلات,4654922806626448,15762.0,15592.4,15662.8,TSETMC
2023-11-15,1402/08/24,1402,8,24,real_estate,انبوه سازی، املاک و مستغلات,4654922806626448,15818.4,15742.4,15746.0,TSETMC
2023-11-18,1402/08/27,1402,8,27,real_estate,انبوه سازی، املاک و مستغلات,4654922806626448,15888.8,15806.0,15806.0,TSETMC
2023-11-19,1402/08/28,1402,8,28,real_estate,انبوه سازی، املاک و مستغلات,4654922806626448,16076.2,15958.8,16000.3,TSETMC
2023-11-20,1402/08/29,1402,8,29,real_estate,انبوه سازی، املاک و مستغلات,4654922806626448,16022.4,15907.8,15908.2,TSETMC
2023-11-21,1402/08/30,1402,8,30,real_estate,انبوه سازی، املاک و مستغلات,4654922806626448,16164.0,16045.0,16164.0,TSETMC
2023-11-22,1402/09/01,1402,9,1,real_estate,انبوه سازی، املاک و مستغلات,4654922806626448,16564.3,16378.1,16470.5,TSETMC
2023-11-25,1402/09/04,1402,9,4,real_estate,انبوه سازی، املاک و مستغلات,4654922806626448,16711.4,16509.3,16509.3,TSETMC
2023-11-26,1402/09/05,1402,9,5,real_estate,انبوه سازی، املاک و مستغلات,4654922806626448,16488.5,16285.8,16285.8,TSETMC
2023-11-27,1402/09/06,1402,9,6,real_estate,انبوه سازی، املاک و مستغلات,4654922806626448,16261.7,16056.3,16056.3,TSETMC
2023-11-28,1402/09/07,1402,9,7,real_estate,انبوه سازی، املاک و مستغلات,4654922806626448,16096.5,15995.4,15998.7,TSETMC
2023-11-29,1402/09/08,1402,9,8,real_estate,انبوه سازی، املاک و مستغلات,4654922806626448,16360.0,16253.2,16310.7,TSETMC
2023-12-02,1402/09/11,1402,9,11,real_estate,انبوه سازی، املاک و مستغلات,4654922806626448,16514.6,16408.4,16408.4,TSETMC
2023-12-03,1402/09/12,1402,9,12,real_estate,انبوه سازی، املاک و مستغلات,4654922806626448,16394.4,16328.2,16393.9,TSETMC
2023-12-04,1402/09/13,1402,9,13,real_estate,انبوه سازی، املاک و مستغلات,4654922806626448,16897.3,16760.4,16850.8,TSETMC
2023-12-05,1402/09/14,1402,9,14,real_estate,انبوه سازی، املاک و مستغلات,4654922806626448,17195.9,17055.2,17195.9,TSETMC
2023-12-06,1402/09/15,1402,9,15,real_estate,انبوه سازی، املاک و مستغلات,4654922806626448,17471.6,17373.6,17373.6,TSETMC
2023-12-09,1402/09/18,1402,9,18,real_estate,انبوه سازی، املاک و مستغلات,4654922806626448,17422.3,17055.3,17055.3,TSETMC
2023-12-10,1402/09/19,1402,9,19,real_estate,انبوه سازی، املاک و مستغلات,4654922806626448,17075.9,16990.5,16991.2,TSETMC
2023-12-11,1402/09/20,1402,9,20,real_estate,انبوه سازی، املاک و مستغلات,4654922806626448,17182.7,17019.6,17179.2,TSETMC
2023-12-12,1402/09/21,1402,9,21,real_estate,انبوه سازی، املاک و مستغلات,4654922806626448,17564.0,17283.3,17512.1,TSETMC
2023-12-13,1402/09/22,1402,9,22,real_estate,انبوه سازی، املاک و مستغلات,4654922806626448,17541.4,17372.2,17372.2,TSETMC
2023-12-16,1402/09/25,1402,9,25,real_estate,انبوه سازی، املاک و مستغلات,4654922806626448,17579.9,17419.6,17565.0,TSETMC
2023-12-18,1402/09/27,1402,9,27,real_estate,انبوه سازی، املاک و مستغلات,4654922806626448,17902.4,17659.1,17843.5,TSETMC
2023-12-19,1402/09/28,1402,9,28,real_estate,انبوه سازی، املاک و مستغلات,4654922806626448,17828.4,17589.8,17589.8,TSETMC
2023-12-20,1402/09/29,1402,9,29,real_estate,انبوه سازی، املاک و مستغلات,4654922806626448,17582.2,17487.1,17489.8,TSETMC
2023-12-23,1402/10/02,1402,10,2,real_estate,انبوه سازی، املاک و مستغلات,4654922806626448,17463.7,17395.9,17408.2,TSETMC
2023-12-24,1402/10/03,1402,10,3,real_estate,انبوه سازی، املاک و مستغلات,4654922806626448,17506.8,17437.8,17437.8,TSETMC
2023-12-25,1402/10/04,1402,10,4,real_estate,انبوه سازی، املاک و مستغلات,4654922806626448,17510.0,17398.7,17398.7,TSETMC
2023-12-26,1402/10/05,1402,10,5,real_estate,انبوه سازی، املاک و مستغلات,4654922806626448,17278.7,17184.3,17184.3,TSETMC
2023-12-27,1402/10/06,1402,10,6,real_estate,انبوه سازی، املاک و مستغلات,4654922806626448,17204.0,17171.5,17178.1,TSETMC
2023-12-30,1402/10/09,1402,10,9,real_estate,انبوه سازی، املاک و مستغلات,4654922806626448,17415.5,17285.2,17400.9,TSETMC
2023-12-31,1402/10/10,1402,10,10,real_estate,انبوه سازی، املاک و مستغلات,4654922806626448,17386.6,17362.4,17368.7,TSETMC
2024-01-01,1402/10/11,1402,10,11,real_estate,انبوه سازی، املاک و مستغلات,4654922806626448,17534.6,17441.1,17533.0,TSETMC
2024-01-02,1402/10/12,1402,10,12,real_estate,انبوه سازی، املاک و مستغلات,4654922806626448,17530.8,17360.8,17365.9,TSETMC
2024-01-03,1402/10/13,1402,10,13,real_estate,انبوه سازی، املاک و مستغلات,4654922806626448,18496.5,17561.2,17722.0,TSETMC
2024-01-06,1402/10/16,1402,10,16,real_estate,انبوه سازی، املاک و مستغلات,4654922806626448,17653.9,17524.6,17574.9,TSETMC
2024-01-07,1402/10/17,1402,10,17,real_estate,انبوه سازی، املاک و مستغلات,4654922806626448,17743.5,17685.9,17687.1,TSETMC
2024-01-08,1402/10/18,1402,10,18,real_estate,انبوه سازی، املاک و مستغلات,4654922806626448,17968.0,17748.6,17942.4,TSETMC
2024-01-09,1402/10/19,1402,10,19,real_estate,انبوه سازی، املاک و مستغلات,4654922806626448,18146.8,18052.5,18112.9,TSETMC
2024-01-10,1402/10/20,1402,10,20,real_estate,انبوه سازی، املاک و مستغلات,4654922806626448,18420.1,18285.6,18387.3,TSETMC
2024-01-13,1402/10/23,1402,10,23,real_estate,انبوه سازی، املاک و مستغلات,4654922806626448,18525.6,18347.0,18347.0,TSETMC
2024-01-14,1402/10/24,1402,10,24,real_estate,انبوه سازی، املاک و مستغلات,4654922806626448,18692.1,18481.7,18636.4,TSETMC
2024-01-15,1402/10/25,1402,10,25,real_estate,انبوه سازی، املاک و مستغلات,4654922806626448,18738.2,18620.0,18620.0,TSETMC
2024-01-16,1402/10/26,1402,10,26,real_estate,انبوه سازی، املاک و مستغلات,4654922806626448,18562.2,18387.1,18387.3,TSETMC
2024-01-17,1402/10/27,1402,10,27,real_estate,انبوه سازی، املاک و مستغلات,4654922806626448,18547.0,18457.5,18457.5,TSETMC
2024-01-20,1402/10/30,1402,10,30,real_estate,انبوه سازی، املاک و مستغلات,4654922806626448,18538.2,18207.8,18207.8,TSETMC
2024-01-21,1402/11/01,1402,11,1,real_estate,انبوه سازی، املاک و مستغلات,4654922806626448,18009.8,17905.9,17906.1,TSETMC
2024-01-22,1402/11/02,1402,11,2,real_estate,انبوه سازی، املاک و مستغلات,4654922806626448,18224.6,18086.9,18114.9,TSETMC
2024-01-23,1402/11/03,1402,11,3,real_estate,انبوه سازی، املاک و مستغلات,4654922806626448,18140.2,17545.2,17545.2,TSETMC
2024-01-24,1402/11/04,1402,11,4,real_estate,انبوه سازی، املاک و مستغلات,4654922806626448,17754.4,17533.5,17533.5,TSETMC
2024-01-27,1402/11/07,1402,11,7,real_estate,انبوه سازی، املاک و مستغلات,4654922806626448,17963.5,17600.7,17963.4,TSETMC
2024-01-28,1402/11/08,1402,11,8,real_estate,انبوه سازی، املاک و مستغلات,4654922806626448,18563.4,18406.9,18406.9,TSETMC
2024-01-29,1402/11/09,1402,11,9,real_estate,انبوه سازی، املاک و مستغلات,4654922806626448,18399.0,18244.0,18391.5,TSETMC
2024-01-30,1402/11/10,1402,11,10,real_estate,انبوه سازی، املاک و مستغلات,4654922806626448,18661.0,18505.8,18505.8,TSETMC
2024-01-31,1402/11/11,1402,11,11,real_estate,انبوه سازی، املاک و مستغلات,4654922806626448,18478.6,18366.7,18438.5,TSETMC
2024-02-03,1402/11/14,1402,11,14,real_estate,انبوه سازی، املاک و مستغلات,4654922806626448,18696.8,18657.2,18676.3,TSETMC
2024-02-04,1402/11/15,1402,11,15,real_estate,انبوه سازی، املاک و مستغلات,4654922806626448,18923.4,18757.2,18758.1,TSETMC
2024-02-05,1402/11/16,1402,11,16,real_estate,انبوه سازی، املاک و مستغلات,4654922806626448,18872.2,18762.6,18762.6,TSETMC
2024-02-06,1402/11/17,1402,11,17,real_estate,انبوه سازی، املاک و مستغلات,4654922806626448,18789.1,18718.8,18758.6,TSETMC
2024-02-07,1402/11/18,1402,11,18,real_estate,انبوه سازی، املاک و مستغلات,4654922806626448,18878.1,18801.7,18824.4,TSETMC
2024-02-10,1402/11/21,1402,11,21,real_estate,انبوه سازی، املاک و مستغلات,4654922806626448,18988.0,18904.6,18904.6,TSETMC
2024-02-12,1402/11/23,1402,11,23,real_estate,انبوه سازی، املاک و مستغلات,4654922806626448,18860.9,18514.2,18514.2,TSETMC
2024-02-13,1402/11/24,1402,11,24,real_estate,انبوه سازی، املاک و مستغلات,4654922806626448,18637.4,18472.9,18472.9,TSETMC
2024-02-14,1402/11/25,1402,11,25,real_estate,انبوه سازی، املاک و مستغلات,4654922806626448,18475.3,18055.1,18055.1,TSETMC
2024-02-17,1402/11/28,1402,11,28,real_estate,انبوه سازی، املاک و مستغلات,4654922806626448,17937.0,17615.9,17615.9,TSETMC
2024-02-18,1402/11/29,1402,11,29,real_estate,انبوه سازی، املاک و مستغلات,4654922806626448,17581.0,17455.4,17575.5,TSETMC
2024-02-19,1402/11/30,1402,11,30,real_estate,انبوه سازی، املاک و مستغلات,4654922806626448,17841.0,17678.1,17678.1,TSETMC
2024-02-20,1402/12/01,1402,12,1,real_estate,انبوه سازی، املاک و مستغلات,4654922806626448,17725.8,17316.8,17316.8,TSETMC
2024-02-21,1402/12/02,1402,12,2,real_estate,انبوه سازی، املاک و مستغلات,4654922806626448,17255.6,17145.6,17145.6,TSETMC
2024-02-24,1402/12/05,1402,12,5,real_estate,انبوه سازی، املاک و مستغلات,4654922806626448,17175.6,16932.6,16932.6,TSETMC
2024-02-26,1402/12/07,1402,12,7,real_estate,انبوه سازی، املاک و مستغلات,4654922806626448,16873.5,16253.3,16253.3,TSETMC
2024-02-27,1402/12/08,1402,12,8,real_estate,انبوه سازی، املاک و مستغلات,4654922806626448,16210.9,16077.5,16153.9,TSETMC
2024-02-28,1402/12/09,1402,12,9,real_estate,انبوه سازی، املاک و مستغلات,4654922806626448,16808.4,16469.5,16779.8,TSETMC
2024-03-02,1402/12/12,1402,12,12,real_estate,انبوه سازی، املاک و مستغلات,4654922806626448,17164.5,16853.0,17125.1,TSETMC
2024-03-03,1402/12/13,1402,12,13,real_estate,انبوه سازی، املاک و مستغلات,4654922806626448,17626.8,17440.3,17440.3,TSETMC
2024-03-04,1402/12/14,1402,12,14,real_estate,انبوه سازی، املاک و مستغلات,4654922806626448,17386.7,17025.8,17025.8,TSETMC
2024-03-05,1402/12/15,1402,12,15,real_estate,انبوه سازی، املاک و مستغلات,4654922806626448,17261.4,17060.1,17108.7,TSETMC
2024-03-06,1402/12/16,1402,12,16,real_estate,انبوه سازی، املاک و مستغلات,4654922806626448,17104.1,16886.1,16886.1,TSETMC
2024-03-09,1402/12/19,1402,12,19,real_estate,انبوه سازی، املاک و مستغلات,4654922806626448,17029.3,16813.6,16813.6,TSETMC
2024-03-10,1402/12/20,1402,12,20,real_estate,انبوه سازی، املاک و مستغلات,4654922806626448,16846.4,16691.7,16692.0,TSETMC
2024-03-11,1402/12/21,1402,12,21,real_estate,انبوه سازی، املاک و مستغلات,4654922806626448,16604.8,16400.0,16400.0,TSETMC
2024-03-12,1402/12/22,1402,12,22,real_estate,انبوه سازی، املاک و مستغلات,4654922806626448,16502.4,16393.8,16468.3,TSETMC
2024-03-13,1402/12/23,1402,12,23,real_estate,انبوه سازی، املاک و مستغلات,4654922806626448,16688.5,16605.3,16646.7,TSETMC
2024-03-16,1402/12/26,1402,12,26,real_estate,انبوه سازی، املاک و مستغلات,4654922806626448,16690.5,16442.3,16442.3,TSETMC
2024-03-17,1402/12/27,1402,12,27,real_estate,انبوه سازی، املاک و مستغلات,4654922806626448,16604.3,16566.0,16603.8,TSETMC
2024-03-18,1402/12/28,1402,12,28,real_estate,انبوه سازی، املاک و مستغلات,4654922806626448,17074.4,16808.7,17074.2,TSETMC
2024-03-24,1403/01/05,1403,1,5,real_estate,انبوه سازی، املاک و مستغلات,4654922806626448,17511.8,17223.5,17511.8,TSETMC
2024-03-25,1403/01/06,1403,1,6,real_estate,انبوه سازی، املاک و مستغلات,4654922806626448,17871.7,17671.9,17671.9,TSETMC
2024-03-26,1403/01/07,1403,1,7,real_estate,انبوه سازی، املاک و مستغلات,4654922806626448,17804.8,17638.2,17726.1,TSETMC
2024-03-27,1403/01/08,1403,1,8,real_estate,انبوه سازی، املاک و مستغلات,4654922806626448,18052.6,17970.8,18036.3,TSETMC
2024-03-30,1403/01/11,1403,1,11,real_estate,انبوه سازی، املاک و مستغلات,4654922806626448,18200.7,17962.5,17962.5,TSETMC
2024-04-02,1403/01/14,1403,1,14,real_estate,انبوه سازی، املاک و مستغلات,4654922806626448,17646.5,17550.3,17550.3,TSETMC
2024-04-03,1403/01/15,1403,1,15,real_estate,انبوه سازی، املاک و مستغلات,4654922806626448,17798.7,17597.7,17598.0,TSETMC
2024-04-06,1403/01/18,1403,1,18,real_estate,انبوه سازی، املاک و مستغلات,4654922806626448,17654.5,17097.0,17103.1,TSETMC
2024-04-07,1403/01/19,1403,1,19,real_estate,انبوه سازی، املاک و مستغلات,4654922806626448,17216.2,17152.6,17177.4,TSETMC
2024-04-08,1403/01/20,1403,1,20,real_estate,انبوه سازی، املاک و مستغلات,4654922806626448,17600.4,17404.5,17598.3,TSETMC
2024-04-09,1403/01/21,1403,1,21,real_estate,انبوه سازی، املاک و مستغلات,4654922806626448,17628.5,17583.7,17583.7,TSETMC
2024-04-13,1403/01/25,1403,1,25,real_estate,انبوه سازی، املاک و مستغلات,4654922806626448,17110.7,16739.2,16739.2,TSETMC
2024-04-14,1403/01/26,1403,1,26,real_estate,انبوه سازی، املاک و مستغلات,4654922806626448,16715.7,16674.9,16674.9,TSETMC
2024-04-15,1403/01/27,1403,1,27,real_estate,انبوه سازی، املاک و مستغلات,4654922806626448,16752.0,16716.5,16752.0,TSETMC
2024-04-16,1403/01/28,1403,1,28,real_estate,انبوه سازی، املاک و مستغلات,4654922806626448,16706.0,16670.9,16670.9,TSETMC
2024-04-17,1403/01/29,1403,1,29,real_estate,انبوه سازی، املاک و مستغلات,4654922806626448,16678.8,16648.6,16657.2,TSETMC
2024-04-20,1403/02/01,1403,2,1,real_estate,انبوه سازی، املاک و مستغلات,4654922806626448,17397.5,17043.0,17393.0,TSETMC
2024-04-21,1403/02/02,1403,2,2,real_estate,انبوه سازی، املاک و مستغلات,4654922806626448,17869.3,17719.6,17791.5,TSETMC
2024-04-22,1403/02/03,1403,2,3,real_estate,انبوه سازی، املاک و مستغلات,4654922806626448,17965.1,17814.9,17900.0,TSETMC
2024-04-23,1403/02/04,1403,2,4,real_estate,انبوه سازی، املاک و مستغلات,4654922806626448,17959.6,17776.8,17776.8,TSETMC
2024-04-24,1403/02/05,1403,2,5,real_estate,انبوه سازی، املاک و مستغلات,4654922806626448,17840.2,17787.4,17787.4,TSETMC
2024-04-27,1403/02/08,1403,2,8,real_estate,انبوه سازی، املاک و مستغلات,4654922806626448,17955.8,17705.7,17705.7,TSETMC
2024-04-28,1403/02/09,1403,2,9,real_estate,انبوه سازی، املاک و مستغلات,4654922806626448,17683.8,17229.6,17229.6,TSETMC
2024-04-29,1403/02/10,1403,2,10,real_estate,انبوه سازی، املاک و مستغلات,4654922806626448,17419.7,17289.9,17289.9,TSETMC
2024-04-30,1403/02/11,1403,2,11,real_estate,انبوه سازی، املاک و مستغلات,4654922806626448,17316.0,17133.8,17133.8,TSETMC
2024-05-01,1403/02/12,1403,2,12,real_estate,انبوه سازی، املاک و مستغلات,4654922806626448,17338.5,17302.6,17310.8,TSETMC
2024-05-05,1403/02/16,1403,2,16,real_estate,انبوه سازی، املاک و مستغلات,4654922806626448,17554.0,17398.9,17443.1,TSETMC
2024-05-06,1403/02/17,1403,2,17,real_estate,انبوه سازی، املاک و مستغلات,4654922806626448,17245.8,17075.2,17075.2,TSETMC
2024-05-07,1403/02/18,1403,2,18,real_estate,انبوه سازی، املاک و مستغلات,4654922806626448,17165.8,16815.8,16815.8,TSETMC
2024-05-08,1403/02/19,1403,2,19,real_estate,انبوه سازی، املاک و مستغلات,4654922806626448,16771.0,16668.6,16763.9,TSETMC
2024-05-11,1403/02/22,1403,2,22,real_estate,انبوه سازی، املاک و مستغلات,4654922806626448,17037.5,16930.9,16930.9,TSETMC
2024-05-12,1403/02/23,1403,2,23,real_estate,انبوه سازی، املاک و مستغلات,4654922806626448,17113.5,16853.2,16853.2,TSETMC
2024-05-13,1403/02/24,1403,2,24,real_estate,انبوه سازی، املاک و مستغلات,4654922806626448,16810.0,16507.7,16507.7,TSETMC
2024-05-14,1403/02/25,1403,2,25,real_estate,انبوه سازی، املاک و مستغلات,4654922806626448,16951.7,16661.8,16894.0,TSETMC
2024-05-15,1403/02/26,1403,2,26,real_estate,انبوه سازی، املاک و مستغلات,4654922806626448,17185.5,17044.3,17097.2,TSETMC
2024-05-18,1403/02/29,1403,2,29,real_estate,انبوه سازی، املاک و مستغلات,4654922806626448,17277.4,17179.1,17257.0,TSETMC
2024-05-19,1403/02/30,1403,2,30,real_estate,انبوه سازی، املاک و مستغلات,4654922806626448,17053.9,16575.0,16575.1,TSETMC
2024-05-20,1403/02/31,1403,2,31,real_estate,انبوه سازی، املاک و مستغلات,4654922806626448,16575.1,16575.1,16575.1,TSETMC
2024-05-21,1403/03/01,1403,3,1,real_estate,انبوه سازی، املاک و مستغلات,4654922806626448,16519.0,16496.2,16503.5,TSETMC
2024-05-25,1403/03/05,1403,3,5,real_estate,انبوه سازی، املاک و مستغلات,4654922806626448,16461.3,16297.9,16297.9,TSETMC
2024-05-26,1403/03/06,1403,3,6,real_estate,انبوه سازی، املاک و مستغلات,4654922806626448,16224.0,16144.1,16144.1,TSETMC
2024-05-27,1403/03/07,1403,3,7,real_estate,انبوه سازی، املاک و مستغلات,4654922806626448,16037.2,15913.0,15913.0,TSETMC
2024-05-28,1403/03/08,1403,3,8,real_estate,انبوه سازی، املاک و مستغلات,4654922806626448,15943.8,15909.5,15942.5,TSETMC
2024-05-29,1403/03/09,1403,3,9,real_estate,انبوه سازی، املاک و مستغلات,4654922806626448,16114.0,16082.9,16110.6,TSETMC
2024-06-01,1403/03/12,1403,3,12,real_estate,انبوه سازی، املاک و مستغلات,4654922806626448,16202.1,15977.0,15977.0,TSETMC
2024-06-02,1403/03/13,1403,3,13,real_estate,انبوه سازی، املاک و مستغلات,4654922806626448,15970.9,15795.1,15795.9,TSETMC
2024-06-05,1403/03/16,1403,3,16,real_estate,انبوه سازی، املاک و مستغلات,4654922806626448,15846.2,15695.1,15695.1,TSETMC
2024-06-08,1403/03/19,1403,3,19,real_estate,انبوه سازی، املاک و مستغلات,4654922806626448,15743.5,15641.0,15641.0,TSETMC
2024-06-09,1403/03/20,1403,3,20,real_estate,انبوه سازی، املاک و مستغلات,4654922806626448,15600.1,15491.3,15491.3,TSETMC
2024-06-10,1403/03/21,1403,3,21,real_estate,انبوه سازی، املاک و مستغلات,4654922806626448,15694.6,15590.8,15694.6,TSETMC
2024-06-11,1403/03/22,1403,3,22,real_estate,انبوه سازی، املاک و مستغلات,4654922806626448,15787.3,15688.5,15689.0,TSETMC
2024-06-12,1403/03/23,1403,3,23,real_estate,انبوه سازی، املاک و مستغلات,4654922806626448,15712.1,15553.7,15553.7,TSETMC
2024-06-15,1403/03/26,1403,3,26,real_estate,انبوه سازی، املاک و مستغلات,4654922806626448,15483.9,15434.6,15434.6,TSETMC
2024-06-16,1403/03/27,1403,3,27,real_estate,انبوه سازی، املاک و مستغلات,4654922806626448,15407.0,15345.0,15345.0,TSETMC
2024-06-18,1403/03/29,1403,3,29,real_estate,انبوه سازی، املاک و مستغلات,4654922806626448,15325.2,15289.6,15289.6,TSETMC
2024-06-19,1403/03/30,1403,3,30,real_estate,انبوه سازی، املاک و مستغلات,4654922806626448,15288.6,15246.7,15283.6,TSETMC
2024-06-22,1403/04/02,1403,4,2,real_estate,انبوه سازی، املاک و مستغلات,4654922806626448,15363.2,15310.8,15310.8,TSETMC
2024-06-23,1403/04/03,1403,4,3,real_estate,انبوه سازی، املاک و مستغلات,4654922806626448,15353.4,15303.9,15306.9,TSETMC
2024-06-24,1403/04/04,1403,4,4,real_estate,انبوه سازی، املاک و مستغلات,4654922806626448,15407.8,15343.8,15407.8,TSETMC
2024-06-26,1403/04/06,1403,4,6,real_estate,انبوه سازی، املاک و مستغلات,4654922806626448,15640.3,15514.2,15634.9,TSETMC
2024-06-29,1403/04/09,1403,4,9,real_estate,انبوه سازی، املاک و مستغلات,4654922806626448,15985.9,15872.4,15925.0,TSETMC
2024-06-30,1403/04/10,1403,4,10,real_estate,انبوه سازی، املاک و مستغلات,4654922806626448,15775.5,15490.1,15490.1,TSETMC
2024-07-01,1403/04/11,1403,4,11,real_estate,انبوه سازی، املاک و مستغلات,4654922806626448,15496.0,15418.5,15452.3,TSETMC
2024-07-02,1403/04/12,1403,4,12,real_estate,انبوه سازی، املاک و مستغلات,4654922806626448,15694.7,15553.7,15694.2,TSETMC
2024-07-03,1403/04/13,1403,4,13,real_estate,انبوه سازی، املاک و مستغلات,4654922806626448,15771.3,15660.2,15690.3,TSETMC
2024-07-06,1403/04/16,1403,4,16,real_estate,انبوه سازی، املاک و مستغلات,4654922806626448,16520.6,16082.8,16520.6,TSETMC
2024-07-07,1403/04/17,1403,4,17,real_estate,انبوه سازی، املاک و مستغلات,4654922806626448,17039.6,16876.6,16876.6,TSETMC
2024-07-08,1403/04/18,1403,4,18,real_estate,انبوه سازی، املاک و مستغلات,4654922806626448,16915.1,16837.3,16837.3,TSETMC
2024-07-09,1403/04/19,1403,4,19,real_estate,انبوه سازی، املاک و مستغلات,4654922806626448,16801.6,16443.1,16443.1,TSETMC
2024-07-10,1403/04/20,1403,4,20,real_estate,انبوه سازی، املاک و مستغلات,4654922806626448,16360.2,16039.6,16039.6,TSETMC
2024-07-13,1403/04/23,1403,4,23,real_estate,انبوه سازی، املاک و مستغلات,4654922806626448,16096.1,15918.7,15918.7,TSETMC
2024-07-14,1403/04/24,1403,4,24,real_estate,انبوه سازی، املاک و مستغلات,4654922806626448,16203.9,15958.7,16203.8,TSETMC
2024-07-17,1403/04/27,1403,4,27,real_estate,انبوه سازی، املاک و مستغلات,4654922806626448,16344.9,16256.1,16307.2,TSETMC
2024-07-20,1403/04/30,1403,4,30,real_estate,انبوه سازی، املاک و مستغلات,4654922806626448,16455.4,16310.0,16310.0,TSETMC
2024-07-21,1403/04/31,1403,4,31,real_estate,انبوه سازی، املاک و مستغلات,4654922806626448,16277.2,15950.9,15950.9,TSETMC
2024-07-22,1403/05/01,1403,5,1,real_estate,انبوه سازی، املاک و مستغلات,4654922806626448,15889.7,15765.8,15766.7,TSETMC
2024-07-23,1403/05/02,1403,5,2,real_estate,انبوه سازی، املاک و مستغلات,4654922806626448,16108.6,15949.1,16014.8,TSETMC
2024-07-24,1403/05/03,1403,5,3,real_estate,انبوه سازی، املاک و مستغلات,4654922806626448,16113.2,15919.9,15919.9,TSETMC
2024-07-27,1403/05/06,1403,5,6,real_estate,انبوه سازی، املاک و مستغلات,4654922806626448,15931.8,15739.9,15739.9,TSETMC
2024-07-29,1403/05/08,1403,5,8,real_estate,انبوه سازی، املاک و مستغلات,4654922806626448,15838.9,15642.8,15643.3,TSETMC
2024-07-30,1403/05/09,1403,5,9,real_estate,انبوه سازی، املاک و مستغلات,4654922806626448,15615.2,15514.2,15553.5,TSETMC
2024-07-31,1403/05/10,1403,5,10,real_estate,انبوه سازی، املاک و مستغلات,4654922806626448,15102.3,14878.0,14878.0,TSETMC
2024-08-03,1403/05/13,1403,5,13,real_estate,انبوه سازی، املاک و مستغلات,4654922806626448,14490.0,14228.3,14228.3,TSETMC
2024-08-04,1403/05/14,1403,5,14,real_estate,انبوه سازی، املاک و مستغلات,4654922806626448,14220.1,14164.1,14168.1,TSETMC
2024-08-05,1403/05/15,1403,5,15,real_estate,انبوه سازی، املاک و مستغلات,4654922806626448,14163.5,14142.0,14142.0,TSETMC
2024-08-06,1403/05/16,1403,5,16,real_estate,انبوه سازی، املاک و مستغلات,4654922806626448,14131.3,14079.2,14079.2,TSETMC
2024-08-07,1403/05/17,1403,5,17,real_estate,انبوه سازی، املاک و مستغلات,4654922806626448,14079.2,14079.2,14079.2,TSETMC
2024-08-10,1403/05/20,1403,5,20,real_estate,انبوه سازی، املاک و مستغلات,4654922806626448,14044.6,14020.6,14021.1,TSETMC
2024-08-11,1403/05/21,1403,5,21,real_estate,انبوه سازی، املاک و مستغلات,4654922806626448,14012.7,13992.8,13992.8,TSETMC
2024-08-12,1403/05/22,1403,5,22,real_estate,انبوه سازی، املاک و مستغلات,4654922806626448,13987.6,13948.1,13948.1,TSETMC
2024-08-13,1403/05/23,1403,5,23,real_estate,انبوه سازی، املاک و مستغلات,4654922806626448,13945.4,13919.5,13919.5,TSETMC
2024-08-14,1403/05/24,1403,5,24,real_estate,انبوه سازی، املاک و مستغلات,4654922806626448,13920.8,13877.6,13920.8,TSETMC
2024-08-17,1403/05/27,1403,5,27,real_estate,انبوه سازی، املاک و مستغلات,4654922806626448,13994.6,13939.7,13985.5,TSETMC
2024-08-18,1403/05/28,1403,5,28,real_estate,انبوه سازی، املاک و مستغلات,4654922806626448,14015.1,13942.3,14015.1,TSETMC
2024-08-19,1403/05/29,1403,5,29,real_estate,انبوه سازی، املاک و مستغلات,4654922806626448,14014.9,13978.7,13978.7,TSETMC
2024-08-20,1403/05/30,1403,5,30,real_estate,انبوه سازی، املاک و مستغلات,4654922806626448,13973.3,13914.9,13914.9,TSETMC
2024-08-21,1403/05/31,1403,5,31,real_estate,انبوه سازی، املاک و مستغلات,4654922806626448,13911.6,13847.6,13858.5,TSETMC
2024-08-24,1403/06/03,1403,6,3,real_estate,انبوه سازی، املاک و مستغلات,4654922806626448,14044.6,13910.8,14005.5,TSETMC
2024-08-26,1403/06/05,1403,6,5,real_estate,انبوه سازی، املاک و مستغلات,4654922806626448,14035.8,13957.3,13957.3,TSETMC
2024-08-27,1403/06/06,1403,6,6,real_estate,انبوه سازی، املاک و مستغلات,4654922806626448,13938.0,13909.3,13918.3,TSETMC
2024-08-28,1403/06/07,1403,6,7,real_estate,انبوه سازی، املاک و مستغلات,4654922806626448,14019.0,13919.9,14008.9,TSETMC
2024-08-31,1403/06/10,1403,6,10,real_estate,انبوه سازی، املاک و مستغلات,4654922806626448,14151.4,14061.4,14151.4,TSETMC
2024-09-01,1403/06/11,1403,6,11,real_estate,انبوه سازی، املاک و مستغلات,4654922806626448,14215.1,14190.1,14193.0,TSETMC
2024-09-03,1403/06/13,1403,6,13,real_estate,انبوه سازی، املاک و مستغلات,4654922806626448,14277.0,14173.6,14260.3,TSETMC
2024-09-07,1403/06/17,1403,6,17,real_estate,انبوه سازی، املاک و مستغلات,4654922806626448,14389.9,14333.7,14333.7,TSETMC
2024-09-08,1403/06/18,1403,6,18,real_estate,انبوه سازی، املاک و مستغلات,4654922806626448,14393.2,14307.5,14307.5,TSETMC
2024-09-09,1403/06/19,1403,6,19,real_estate,انبوه سازی، املاک و مستغلات,4654922806626448,14517.2,14427.6,14513.7,TSETMC
2024-09-10,1403/06/20,1403,6,20,real_estate,انبوه سازی، املاک و مستغلات,4654922806626448,14562.2,14541.1,14552.3,TSETMC
2024-09-11,1403/06/21,1403,6,21,real_estate,انبوه سازی، املاک و مستغلات,4654922806626448,14801.4,14580.0,14801.4,TSETMC
2024-09-14,1403/06/24,1403,6,24,real_estate,انبوه سازی، املاک و مستغلات,4654922806626448,14991.9,14891.6,14956.5,TSETMC
2024-09-15,1403/06/25,1403,6,25,real_estate,انبوه سازی، املاک و مستغلات,4654922806626448,14925.6,14850.8,14851.1,TSETMC
2024-09-16,1403/06/26,1403,6,26,real_estate,انبوه سازی، املاک و مستغلات,4654922806626448,14953.4,14798.3,14899.6,TSETMC
2024-09-17,1403/06/27,1403,6,27,real_estate,انبوه سازی، املاک و مستغلات,4654922806626448,15098.8,14999.0,15092.2,TSETMC
2024-09-18,1403/06/28,1403,6,28,real_estate,انبوه سازی، املاک و مستغلات,4654922806626448,15265.8,15160.8,15265.8,TSETMC
2024-09-22,1403/07/01,1403,7,1,real_estate,انبوه سازی، املاک و مستغلات,4654922806626448,15390.8,15334.7,15371.6,TSETMC
2024-09-23,1403/07/02,1403,7,2,real_estate,انبوه سازی، املاک و مستغلات,4654922806626448,15474.3,15349.1,15474.3,TSETMC
2024-09-24,1403/07/03,1403,7,3,real_estate,انبوه سازی، املاک و مستغلات,4654922806626448,15727.7,15618.8,15701.4,TSETMC
2024-09-25,1403/07/04,1403,7,4,real_estate,انبوه سازی، املاک و مستغلات,4654922806626448,15703.4,15621.9,15622.1,TSETMC
2024-09-28,1403/07/07,1403,7,7,real_estate,انبوه سازی، املاک و مستغلات,4654922806626448,15607.4,15598.6,15598.6,TSETMC
2024-09-29,1403/07/08,1403,7,8,real_estate,انبوه سازی، املاک و مستغلات,4654922806626448,15587.3,15560.7,15560.7,TSETMC
2024-09-30,1403/07/09,1403,7,9,real_estate,انبوه سازی، املاک و مستغلات,4654922806626448,15517.8,15495.8,15495.8,TSETMC
2024-10-01,1403/07/10,1403,7,10,real_estate,انبوه سازی، املاک و مستغلات,4654922806626448,15493.8,15478.2,15478.2,TSETMC
2024-10-02,1403/07/11,1403,7,11,real_estate,انبوه سازی، املاک و مستغلات,4654922806626448,15469.0,15465.5,15465.5,TSETMC
2024-10-05,1403/07/14,1403,7,14,real_estate,انبوه سازی، املاک و مستغلات,4654922806626448,15457.1,15446.5,15446.5,TSETMC
2024-10-06,1403/07/15,1403,7,15,real_estate,انبوه سازی، املاک و مستغلات,4654922806626448,15444.7,15443.5,15443.5,TSETMC
2024-10-07,1403/07/16,1403,7,16,real_estate,انبوه سازی، املاک و مستغلات,4654922806626448,15437.3,15428.1,15429.8,TSETMC
2024-10-08,1403/07/17,1403,7,17,real_estate,انبوه سازی، املاک و مستغلات,4654922806626448,15413.0,15389.7,15389.7,TSETMC
2024-10-09,1403/07/18,1403,7,18,real_estate,انبوه سازی، املاک و مستغلات,4654922806626448,15371.7,15367.0,15367.0,TSETMC
2024-10-12,1403/07/21,1403,7,21,real_estate,انبوه سازی، املاک و مستغلات,4654922806626448,15228.9,15097.2,15097.2,TSETMC
2024-10-13,1403/07/22,1403,7,22,real_estate,انبوه سازی، املاک و مستغلات,4654922806626448,15068.5,14899.7,14899.7,TSETMC
2024-10-14,1403/07/23,1403,7,23,real_estate,انبوه سازی، املاک و مستغلات,4654922806626448,14871.3,14759.3,14759.3,TSETMC
2024-10-15,1403/07/24,1403,7,24,real_estate,انبوه سازی، املاک و مستغلات,4654922806626448,14726.1,14673.8,14673.8,TSETMC
2024-10-16,1403/07/25,1403,7,25,real_estate,انبوه سازی، املاک و مستغلات,4654922806626448,14600.7,14528.6,14528.6,TSETMC
2024-10-19,1403/07/28,1403,7,28,real_estate,انبوه سازی، املاک و مستغلات,4654922806626448,14476.0,14420.1,14420.1,TSETMC
2024-10-20,1403/07/29,1403,7,29,real_estate,انبوه سازی، املاک و مستغلات,4654922806626448,14379.4,14366.0,14366.0,TSETMC
2024-10-21,1403/07/30,1403,7,30,real_estate,انبوه سازی، املاک و مستغلات,4654922806626448,14348.5,14300.0,14300.0,TSETMC
2024-10-22,1403/08/01,1403,8,1,real_estate,انبوه سازی، املاک و مستغلات,4654922806626448,14274.3,14243.6,14243.6,TSETMC
2024-10-23,1403/08/02,1403,8,2,real_estate,انبوه سازی، املاک و مستغلات,4654922806626448,14189.1,14148.1,14148.1,TSETMC
2024-10-26,1403/08/05,1403,8,5,real_estate,انبوه سازی، املاک و مستغلات,4654922806626448,13989.6,13937.2,13989.6,TSETMC
2024-10-27,1403/08/06,1403,8,6,real_estate,انبوه سازی، املاک و مستغلات,4654922806626448,14110.9,13991.9,14110.9,TSETMC
2024-10-28,1403/08/07,1403,8,7,real_estate,انبوه سازی، املاک و مستغلات,4654922806626448,14121.8,14020.2,14020.2,TSETMC
2024-10-29,1403/08/08,1403,8,8,real_estate,انبوه سازی، املاک و مستغلات,4654922806626448,13986.4,13920.3,13920.3,TSETMC
2024-10-30,1403/08/09,1403,8,9,real_estate,انبوه سازی، املاک و مستغلات,4654922806626448,13928.5,13792.2,13792.2,TSETMC
2024-11-02,1403/08/12,1403,8,12,real_estate,انبوه سازی، املاک و مستغلات,4654922806626448,13850.2,13728.5,13728.5,TSETMC
2024-11-03,1403/08/13,1403,8,13,real_estate,انبوه سازی، املاک و مستغلات,4654922806626448,13715.6,13669.7,13669.7,TSETMC
2024-11-04,1403/08/14,1403,8,14,real_estate,انبوه سازی، املاک و مستغلات,4654922806626448,13610.9,13471.1,13471.1,TSETMC
2024-11-05,1403/08/15,1403,8,15,real_estate,انبوه سازی، املاک و مستغلات,4654922806626448,13484.4,13423.2,13429.4,TSETMC
2024-11-06,1403/08/16,1403,8,16,real_estate,انبوه سازی، املاک و مستغلات,4654922806626448,13377.1,13238.8,13281.5,TSETMC
2024-11-09,1403/08/19,1403,8,19,real_estate,انبوه سازی، املاک و مستغلات,4654922806626448,13438.2,13345.3,13432.0,TSETMC
2024-11-10,1403/08/20,1403,8,20,real_estate,انبوه سازی، املاک و مستغلات,4654922806626448,13776.3,13608.5,13776.3,TSETMC
2024-11-11,1403/08/21,1403,8,21,real_estate,انبوه سازی، املاک و مستغلات,4654922806626448,14089.0,14019.9,14071.5,TSETMC
2024-11-12,1403/08/22,1403,8,22,real_estate,انبوه سازی، املاک و مستغلات,4654922806626448,14188.2,14108.3,14109.7,TSETMC
2024-11-13,1403/08/23,1403,8,23,real_estate,انبوه سازی، املاک و مستغلات,4654922806626448,14291.8,14181.9,14291.7,TSETMC
2024-11-16,1403/08/26,1403,8,26,real_estate,انبوه سازی، املاک و مستغلات,4654922806626448,14673.6,14431.4,14673.6,TSETMC
2024-11-17,1403/08/27,1403,8,27,real_estate,انبوه سازی، املاک و مستغلات,4654922806626448,14842.3,14710.7,14710.7,TSETMC
2024-11-18,1403/08/28,1403,8,28,real_estate,انبوه سازی، املاک و مستغلات,4654922806626448,14920.9,14700.6,14920.9,TSETMC
2024-11-19,1403/08/29,1403,8,29,real_estate,انبوه سازی، املاک و مستغلات,4654922806626448,15077.9,14859.8,14859.8,TSETMC
2024-11-20,1403/08/30,1403,8,30,real_estate,انبوه سازی، املاک و مستغلات,4654922806626448,14787.9,14649.0,14649.0,TSETMC
2024-11-23,1403/09/03,1403,9,3,real_estate,انبوه سازی، املاک و مستغلات,4654922806626448,14825.5,14741.9,14825.5,TSETMC
2024-11-24,1403/09/04,1403,9,4,real_estate,انبوه سازی، املاک و مستغلات,4654922806626448,15130.0,15001.1,15126.3,TSETMC
2024-11-25,1403/09/05,1403,9,5,real_estate,انبوه سازی، املاک و مستغلات,4654922806626448,15431.4,15354.7,15430.1,TSETMC
2024-11-26,1403/09/06,1403,9,6,real_estate,انبوه سازی، املاک و مستغلات,4654922806626448,15689.8,15581.3,15581.3,TSETMC
2024-11-27,1403/09/07,1403,9,7,real_estate,انبوه سازی، املاک و مستغلات,4654922806626448,15710.9,15613.8,15698.9,TSETMC
2024-11-30,1403/09/10,1403,9,10,real_estate,انبوه سازی، املاک و مستغلات,4654922806626448,15827.6,15701.1,15701.1,TSETMC
2024-12-01,1403/09/11,1403,9,11,real_estate,انبوه سازی، املاک و مستغلات,4654922806626448,15811.6,15678.1,15811.6,TSETMC
2024-12-02,1403/09/12,1403,9,12,real_estate,انبوه سازی، املاک و مستغلات,4654922806626448,16110.8,15963.9,16094.0,TSETMC
2024-12-03,1403/09/13,1403,9,13,real_estate,انبوه سازی، املاک و مستغلات,4654922806626448,16339.7,16329.7,16335.2,TSETMC
2024-12-04,1403/09/14,1403,9,14,real_estate,انبوه سازی، املاک و مستغلات,4654922806626448,16670.8,16562.2,16670.8,TSETMC
2024-12-07,1403/09/17,1403,9,17,real_estate,انبوه سازی، املاک و مستغلات,4654922806626448,16776.7,16710.7,16760.6,TSETMC
2024-12-08,1403/09/18,1403,9,18,real_estate,انبوه سازی، املاک و مستغلات,4654922806626448,16899.2,16645.4,16899.2,TSETMC
2024-12-09,1403/09/19,1403,9,19,real_estate,انبوه سازی، املاک و مستغلات,4654922806626448,17423.7,17168.8,17423.7,TSETMC
2024-12-10,1403/09/20,1403,9,20,real_estate,انبوه سازی، املاک و مستغلات,4654922806626448,17725.7,17677.0,17712.2,TSETMC
2024-12-11,1403/09/21,1403,9,21,real_estate,انبوه سازی، املاک و مستغلات,4654922806626448,17901.3,17712.9,17901.3,TSETMC
2024-12-14,1403/09/24,1403,9,24,real_estate,انبوه سازی، املاک و مستغلات,4654922806626448,18327.8,18222.8,18327.8,TSETMC
2024-12-15,1403/09/25,1403,9,25,real_estate,انبوه سازی، املاک و مستغلات,4654922806626448,18590.1,18364.5,18364.5,TSETMC
2024-12-16,1403/09/26,1403,9,26,real_estate,انبوه سازی، املاک و مستغلات,4654922806626448,18397.5,18272.7,18343.8,TSETMC
2024-12-17,1403/09/27,1403,9,27,real_estate,انبوه سازی، املاک و مستغلات,4654922806626448,18147.5,18016.2,18016.2,TSETMC
2024-12-18,1403/09/28,1403,9,28,real_estate,انبوه سازی، املاک و مستغلات,4654922806626448,17814.0,17705.5,17785.5,TSETMC
2024-12-21,1403/10/01,1403,10,1,real_estate,انبوه سازی، املاک و مستغلات,4654922806626448,18215.8,18103.8,18204.6,TSETMC
2024-12-22,1403/10/02,1403,10,2,real_estate,انبوه سازی، املاک و مستغلات,4654922806626448,18163.2,17999.7,17999.7,TSETMC
2024-12-23,1403/10/03,1403,10,3,real_estate,انبوه سازی، املاک و مستغلات,4654922806626448,17961.1,17845.3,17946.6,TSETMC
2024-12-24,1403/10/04,1403,10,4,real_estate,انبوه سازی، املاک و مستغلات,4654922806626448,18197.0,18028.4,18028.4,TSETMC
2024-12-25,1403/10/05,1403,10,5,real_estate,انبوه سازی، املاک و مستغلات,4654922806626448,17951.8,17749.0,17781.8,TSETMC
2024-12-28,1403/10/08,1403,10,8,real_estate,انبوه سازی، املاک و مستغلات,4654922806626448,18093.0,17998.2,18086.2,TSETMC
2024-12-29,1403/10/09,1403,10,9,real_estate,انبوه سازی، املاک و مستغلات,4654922806626448,18263.6,18054.5,18067.1,TSETMC
2024-12-30,1403/10/10,1403,10,10,real_estate,انبوه سازی، املاک و مستغلات,4654922806626448,18006.7,17849.7,17849.7,TSETMC
2024-12-31,1403/10/11,1403,10,11,real_estate,انبوه سازی، املاک و مستغلات,4654922806626448,17860.3,17736.2,17736.2,TSETMC
2025-01-01,1403/10/12,1403,10,12,real_estate,انبوه سازی، املاک و مستغلات,4654922806626448,17891.6,17778.0,17891.6,TSETMC
2025-01-04,1403/10/15,1403,10,15,real_estate,انبوه سازی، املاک و مستغلات,4654922806626448,18137.0,18000.1,18128.7,TSETMC
2025-01-05,1403/10/16,1403,10,16,real_estate,انبوه سازی، املاک و مستغلات,4654922806626448,18244.4,18155.1,18155.1,TSETMC
2025-01-06,1403/10/17,1403,10,17,real_estate,انبوه سازی، املاک و مستغلات,4654922806626448,18196.3,17992.3,18196.3,TSETMC
2025-01-07,1403/10/18,1403,10,18,real_estate,انبوه سازی، املاک و مستغلات,4654922806626448,18518.2,18388.8,18483.0,TSETMC
2025-01-08,1403/10/19,1403,10,19,real_estate,انبوه سازی، املاک و مستغلات,4654922806626448,18697.3,18647.9,18697.1,TSETMC
2025-01-11,1403/10/22,1403,10,22,real_estate,انبوه سازی، املاک و مستغلات,4654922806626448,18840.7,18502.1,18502.1,TSETMC
2025-01-12,1403/10/23,1403,10,23,real_estate,انبوه سازی، املاک و مستغلات,4654922806626448,18319.0,18162.1,18165.4,TSETMC
2025-01-13,1403/10/24,1403,10,24,real_estate,انبوه سازی، املاک و مستغلات,4654922806626448,17951.3,17844.3,17898.1,TSETMC
2025-01-15,1403/10/26,1403,10,26,real_estate,انبوه سازی، املاک و مستغلات,4654922806626448,17923.9,17737.9,17737.9,TSETMC
2025-01-18,1403/10/29,1403,10,29,real_estate,انبوه سازی، املاک و مستغلات,4654922806626448,17584.8,17482.9,17482.9,TSETMC
2025-01-19,1403/10/30,1403,10,30,real_estate,انبوه سازی، املاک و مستغلات,4654922806626448,17419.4,17335.9,17360.0,TSETMC
2025-01-20,1403/11/01,1403,11,1,real_estate,انبوه سازی، املاک و مستغلات,4654922806626448,17428.1,17119.2,17119.3,TSETMC
2025-01-21,1403/11/02,1403,11,2,real_estate,انبوه سازی، املاک و مستغلات,4654922806626448,17027.8,16872.4,17027.8,TSETMC
2025-01-22,1403/11/03,1403,11,3,real_estate,انبوه سازی، املاک و مستغلات,4654922806626448,17287.2,17247.3,17255.8,TSETMC
2025-01-25,1403/11/06,1403,11,6,real_estate,انبوه سازی، املاک و مستغلات,4654922806626448,17414.2,17185.0,17193.6,TSETMC
2025-01-26,1403/11/07,1403,11,7,real_estate,انبوه سازی، املاک و مستغلات,4654922806626448,17374.1,17239.4,17239.4,TSETMC
2025-01-27,1403/11/08,1403,11,8,real_estate,انبوه سازی، املاک و مستغلات,4654922806626448,17169.5,17082.6,17082.6,TSETMC
2025-01-29,1403/11/10,1403,11,10,real_estate,انبوه سازی، املاک و مستغلات,4654922806626448,17193.3,17111.2,17111.2,TSETMC
2025-02-01,1403/11/13,1403,11,13,real_estate,انبوه سازی، املاک و مستغلات,4654922806626448,17070.7,16908.6,16909.7,TSETMC
2025-02-02,1403/11/14,1403,11,14,real_estate,انبوه سازی، املاک و مستغلات,4654922806626448,16957.4,16907.0,16907.0,TSETMC
2025-02-03,1403/11/15,1403,11,15,real_estate,انبوه سازی، املاک و مستغلات,4654922806626448,16927.7,16837.4,16905.1,TSETMC
2025-02-04,1403/11/16,1403,11,16,real_estate,انبوه سازی، املاک و مستغلات,4654922806626448,17226.7,17115.8,17222.0,TSETMC
2025-02-05,1403/11/17,1403,11,17,real_estate,انبوه سازی، املاک و مستغلات,4654922806626448,17083.3,16985.5,17059.1,TSETMC
2025-02-08,1403/11/20,1403,11,20,real_estate,انبوه سازی، املاک و مستغلات,4654922806626448,17059.1,17059.1,17059.1,TSETMC
2025-02-09,1403/11/21,1403,11,21,real_estate,انبوه سازی، املاک و مستغلات,4654922806626448,16953.8,16837.9,16841.9,TSETMC
2025-02-11,1403/11/23,1403,11,23,real_estate,انبوه سازی، املاک و مستغلات,4654922806626448,16633.0,16573.2,16573.2,TSETMC
2025-02-15,1403/11/27,1403,11,27,real_estate,انبوه سازی، املاک و مستغلات,4654922806626448,16502.5,16442.4,16442.4,TSETMC
2025-02-16,1403/11/28,1403,11,28,real_estate,انبوه سازی، املاک و مستغلات,4654922806626448,16374.3,16291.8,16291.8,TSETMC
2025-02-17,1403/11/29,1403,11,29,real_estate,انبوه سازی، املاک و مستغلات,4654922806626448,16207.8,16089.5,16089.5,TSETMC
2025-02-18,1403/11/30,1403,11,30,real_estate,انبوه سازی، املاک و مستغلات,4654922806626448,16115.7,15983.1,16089.4,TSETMC
2025-02-19,1403/12/01,1403,12,1,real_estate,انبوه سازی، املاک و مستغلات,4654922806626448,16078.9,15967.2,16078.9,TSETMC
2025-02-22,1403/12/04,1403,12,4,real_estate,انبوه سازی، املاک و مستغلات,4654922806626448,16089.1,15915.6,15915.6,TSETMC
2025-02-23,1403/12/05,1403,12,5,real_estate,انبوه سازی، املاک و مستغلات,4654922806626448,15939.8,15848.0,15939.8,TSETMC
2025-02-24,1403/12/06,1403,12,6,real_estate,انبوه سازی، املاک و مستغلات,4654922806626448,16322.4,16172.6,16284.1,TSETMC
2025-02-25,1403/12/07,1403,12,7,real_estate,انبوه سازی، املاک و مستغلات,4654922806626448,16442.3,16359.4,16359.4,TSETMC
2025-02-26,1403/12/08,1403,12,8,real_estate,انبوه سازی، املاک و مستغلات,4654922806626448,16262.1,16078.5,16078.5,TSETMC
2025-03-01,1403/12/11,1403,12,11,real_estate,انبوه سازی، املاک و مستغلات,4654922806626448,16119.8,15970.7,16010.7,TSETMC
2025-03-02,1403/12/12,1403,12,12,real_estate,انبوه سازی، املاک و مستغلات,4654922806626448,16052.4,15922.7,15922.7,TSETMC
2025-03-03,1403/12/13,1403,12,13,real_estate,انبوه سازی، املاک و مستغلات,4654922806626448,15768.8,15688.7,15688.7,TSETMC
2025-03-04,1403/12/14,1403,12,14,real_estate,انبوه سازی، املاک و مستغلات,4654922806626448,15734.6,15551.9,15551.9,TSETMC
2025-03-05,1403/12/15,1403,12,15,real_estate,انبوه سازی، املاک و مستغلات,4654922806626448,15517.4,15452.3,15517.4,TSETMC
2025-03-08,1403/12/18,1403,12,18,real_estate,انبوه سازی، املاک و مستغلات,4654922806626448,15507.7,15259.3,15259.3,TSETMC
2025-03-09,1403/12/19,1403,12,19,real_estate,انبوه سازی، املاک و مستغلات,4654922806626448,15143.6,14977.7,14977.7,TSETMC
2025-03-10,1403/12/20,1403,12,20,real_estate,انبوه سازی، املاک و مستغلات,4654922806626448,14942.2,14814.1,14814.1,TSETMC
2025-03-11,1403/12/21,1403,12,21,real_estate,انبوه سازی، املاک و مستغلات,4654922806626448,14729.8,14588.2,14588.2,TSETMC
2025-03-12,1403/12/22,1403,12,22,real_estate,انبوه سازی، املاک و مستغلات,4654922806626448,14626.0,14490.7,14576.5,TSETMC
2025-03-15,1403/12/25,1403,12,25,real_estate,انبوه سازی، املاک و مستغلات,4654922806626448,14708.4,14577.5,14708.4,TSETMC
2025-03-16,1403/12/26,1403,12,26,real_estate,انبوه سازی، املاک و مستغلات,4654922806626448,14925.8,14861.1,14910.1,TSETMC
2025-03-17,1403/12/27,1403,12,27,real_estate,انبوه سازی، املاک و مستغلات,4654922806626448,15109.6,14961.1,15042.2,TSETMC
2025-03-18,1403/12/28,1403,12,28,real_estate,انبوه سازی، املاک و مستغلات,4654922806626448,14960.7,14761.7,14770.9,TSETMC
2025-03-25,1404/01/05,1404,1,5,real_estate,انبوه سازی، املاک و مستغلات,4654922806626448,15022.8,14833.1,15022.8,TSETMC
2025-03-26,1404/01/06,1404,1,6,real_estate,انبوه سازی، املاک و مستغلات,4654922806626448,15214.1,15078.2,15078.2,TSETMC
2025-03-29,1404/01/09,1404,1,9,real_estate,انبوه سازی، املاک و مستغلات,4654922806626448,15029.7,14874.0,14874.0,TSETMC
2025-03-30,1404/01/10,1404,1,10,real_estate,انبوه سازی، املاک و مستغلات,4654922806626448,14862.6,14826.3,14826.3,TSETMC
2025-04-05,1404/01/16,1404,1,16,real_estate,انبوه سازی، املاک و مستغلات,4654922806626448,14885.2,14840.1,14856.0,TSETMC
2025-04-06,1404/01/17,1404,1,17,real_estate,انبوه سازی، املاک و مستغلات,4654922806626448,14973.3,14886.6,14886.6,TSETMC
2025-04-07,1404/01/18,1404,1,18,real_estate,انبوه سازی، املاک و مستغلات,4654922806626448,14862.7,14733.2,14733.2,TSETMC
2025-04-08,1404/01/19,1404,1,19,real_estate,انبوه سازی، املاک و مستغلات,4654922806626448,15135.8,15052.2,15135.8,TSETMC
2025-04-09,1404/01/20,1404,1,20,real_estate,انبوه سازی، املاک و مستغلات,4654922806626448,15291.8,15092.8,15092.8,TSETMC
2025-04-12,1404/01/23,1404,1,23,real_estate,انبوه سازی، املاک و مستغلات,4654922806626448,15084.6,15020.8,15054.1,TSETMC
2025-04-13,1404/01/24,1404,1,24,real_estate,انبوه سازی، املاک و مستغلات,4654922806626448,15465.1,15285.7,15465.1,TSETMC
2025-04-14,1404/01/25,1404,1,25,real_estate,انبوه سازی، املاک و مستغلات,4654922806626448,15848.2,15799.6,15848.2,TSETMC
2025-04-15,1404/01/26,1404,1,26,real_estate,انبوه سازی، املاک و مستغلات,4654922806626448,15776.8,15667.4,15691.4,TSETMC
2025-04-16,1404/01/27,1404,1,27,real_estate,انبوه سازی، املاک و مستغلات,4654922806626448,15758.8,15671.8,15739.2,TSETMC
2025-04-19,1404/01/30,1404,1,30,real_estate,انبوه سازی، املاک و مستغلات,4654922806626448,15984.2,15883.7,15939.8,TSETMC
2025-04-20,1404/01/31,1404,1,31,real_estate,انبوه سازی، املاک و مستغلات,4654922806626448,16617.3,16079.1,16368.7,TSETMC
2025-04-21,1404/02/01,1404,2,1,real_estate,انبوه سازی، املاک و مستغلات,4654922806626448,16989.4,16628.2,16652.2,TSETMC
2025-04-22,1404/02/02,1404,2,2,real_estate,انبوه سازی، املاک و مستغلات,4654922806626448,16573.8,16536.0,16536.0,TSETMC
2025-04-23,1404/02/03,1404,2,3,real_estate,انبوه سازی، املاک و مستغلات,4654922806626448,16639.9,16539.4,16639.9,TSETMC
2025-04-26,1404/02/06,1404,2,6,real_estate,انبوه سازی، املاک و مستغلات,4654922806626448,16857.5,16806.6,16857.4,TSETMC
2025-04-27,1404/02/07,1404,2,7,real_estate,انبوه سازی، املاک و مستغلات,4654922806626448,16757.5,16630.7,16757.5,TSETMC
2025-04-28,1404/02/08,1404,2,8,real_estate,انبوه سازی، املاک و مستغلات,4654922806626448,16904.2,16824.1,16904.2,TSETMC
2025-04-29,1404/02/09,1404,2,9,real_estate,انبوه سازی، املاک و مستغلات,4654922806626448,17175.8,17016.6,17175.8,TSETMC
2025-04-30,1404/02/10,1404,2,10,real_estate,انبوه سازی، املاک و مستغلات,4654922806626448,17627.7,17539.5,17627.0,TSETMC
2025-05-03,1404/02/13,1404,2,13,real_estate,انبوه سازی، املاک و مستغلات,4654922806626448,17363.7,17322.6,17322.6,TSETMC
2025-05-04,1404/02/14,1404,2,14,real_estate,انبوه سازی، املاک و مستغلات,4654922806626448,17192.5,17123.9,17147.6,TSETMC
2025-05-05,1404/02/15,1404,2,15,real_estate,انبوه سازی، املاک و مستغلات,4654922806626448,17341.7,17263.4,17263.4,TSETMC
2025-05-06,1404/02/16,1404,2,16,real_estate,انبوه سازی، املاک و مستغلات,4654922806626448,17429.2,17352.9,17429.2,TSETMC
2025-05-07,1404/02/17,1404,2,17,real_estate,انبوه سازی، املاک و مستغلات,4654922806626448,17641.0,17615.1,17632.1,TSETMC
2025-05-10,1404/02/20,1404,2,20,real_estate,انبوه سازی، املاک و مستغلات,4654922806626448,17650.7,17587.6,17588.3,TSETMC
2025-05-11,1404/02/21,1404,2,21,real_estate,انبوه سازی، املاک و مستغلات,4654922806626448,17549.3,17442.3,17442.3,TSETMC
2025-05-12,1404/02/22,1404,2,22,real_estate,انبوه سازی، املاک و مستغلات,4654922806626448,17952.5,17810.1,17952.5,TSETMC
2025-05-13,1404/02/23,1404,2,23,real_estate,انبوه سازی، املاک و مستغلات,4654922806626448,17993.4,17850.4,17850.4,TSETMC
2025-05-14,1404/02/24,1404,2,24,real_estate,انبوه سازی، املاک و مستغلات,4654922806626448,17774.3,17720.0,17747.4,TSETMC
2025-05-17,1404/02/27,1404,2,27,real_estate,انبوه سازی، املاک و مستغلات,4654922806626448,17887.1,17672.7,17672.7,TSETMC
2025-05-18,1404/02/28,1404,2,28,real_estate,انبوه سازی، املاک و مستغلات,4654922806626448,17990.1,17803.7,17990.1,TSETMC
2025-05-19,1404/02/29,1404,2,29,real_estate,انبوه سازی، املاک و مستغلات,4654922806626448,18259.0,18173.0,18173.0,TSETMC
2025-05-20,1404/02/30,1404,2,30,real_estate,انبوه سازی، املاک و مستغلات,4654922806626448,18171.8,18051.8,18051.8,TSETMC
2025-05-21,1404/02/31,1404,2,31,real_estate,انبوه سازی، املاک و مستغلات,4654922806626448,17964.0,17744.4,17744.4,TSETMC
2025-05-24,1404/03/03,1404,3,3,real_estate,انبوه سازی، املاک و مستغلات,4654922806626448,17775.3,17647.6,17649.7,TSETMC
2025-05-25,1404/03/04,1404,3,4,real_estate,انبوه سازی، املاک و مستغلات,4654922806626448,17505.2,17377.1,17377.1,TSETMC
2025-05-26,1404/03/05,1404,3,5,real_estate,انبوه سازی، املاک و مستغلات,4654922806626448,17344.5,17227.6,17264.6,TSETMC
2025-05-27,1404/03/06,1404,3,6,real_estate,انبوه سازی، املاک و مستغلات,4654922806626448,17406.8,17320.4,17391.4,TSETMC
2025-05-28,1404/03/07,1404,3,7,real_estate,انبوه سازی، املاک و مستغلات,4654922806626448,17430.4,17352.8,17387.6,TSETMC
2025-05-31,1404/03/10,1404,3,10,real_estate,انبوه سازی، املاک و مستغلات,4654922806626448,17558.6,17489.4,17489.4,TSETMC
2025-06-01,1404/03/11,1404,3,11,real_estate,انبوه سازی، املاک و مستغلات,4654922806626448,17418.8,17169.8,17169.8,TSETMC
2025-06-02,1404/03/12,1404,3,12,real_estate,انبوه سازی، املاک و مستغلات,4654922806626448,17148.2,17099.1,17143.9,TSETMC
2025-06-03,1404/03/13,1404,3,13,real_estate,انبوه سازی، املاک و مستغلات,4654922806626448,17004.0,16907.7,16907.7,TSETMC
2025-06-07,1404/03/17,1404,3,17,real_estate,انبوه سازی، املاک و مستغلات,4654922806626448,16820.6,16741.0,16741.0,TSETMC
2025-06-08,1404/03/18,1404,3,18,real_estate,انبوه سازی، املاک و مستغلات,4654922806626448,16646.0,16526.1,16527.5,TSETMC
2025-06-09,1404/03/19,1404,3,19,real_estate,انبوه سازی، املاک و مستغلات,4654922806626448,16521.8,16283.9,16283.9,TSETMC
2025-06-10,1404/03/20,1404,3,20,real_estate,انبوه سازی، املاک و مستغلات,4654922806626448,16276.6,16209.4,16221.5,TSETMC
2025-06-11,1404/03/21,1404,3,21,real_estate,انبوه سازی، املاک و مستغلات,4654922806626448,16221.8,16069.0,16069.0,TSETMC
2025-06-15,1404/03/25,1404,3,25,real_estate,انبوه سازی، املاک و مستغلات,4654922806626448,16069.0,16069.0,16069.0,TSETMC
2025-06-16,1404/03/26,1404,3,26,real_estate,انبوه سازی، املاک و مستغلات,4654922806626448,16069.0,16069.0,16069.0,TSETMC
2025-06-18,1404/03/28,1404,3,28,real_estate,انبوه سازی، املاک و مستغلات,4654922806626448,16069.0,16069.0,16069.0,TSETMC
2025-06-21,1404/03/31,1404,3,31,real_estate,انبوه سازی، املاک و مستغلات,4654922806626448,16069.0,16069.0,16069.0,TSETMC
2025-06-22,1404/04/01,1404,4,1,real_estate,انبوه سازی، املاک و مستغلات,4654922806626448,16069.0,16069.0,16069.0,TSETMC
2025-06-23,1404/04/02,1404,4,2,real_estate,انبوه سازی، املاک و مستغلات,4654922806626448,16069.0,16069.0,16069.0,TSETMC
2025-06-24,1404/04/03,1404,4,3,real_estate,انبوه سازی، املاک و مستغلات,4654922806626448,16069.0,16069.0,16069.0,TSETMC
2025-06-25,1404/04/04,1404,4,4,real_estate,انبوه سازی، املاک و مستغلات,4654922806626448,16069.0,16069.0,16069.0,TSETMC
2025-06-28,1404/04/07,1404,4,7,real_estate,انبوه سازی، املاک و مستغلات,4654922806626448,16048.0,15786.2,15826.7,TSETMC
2025-06-29,1404/04/08,1404,4,8,real_estate,انبوه سازی، املاک و مستغلات,4654922806626448,15819.8,15534.1,15534.1,TSETMC
2025-06-30,1404/04/09,1404,4,9,real_estate,انبوه سازی، املاک و مستغلات,4654922806626448,15521.1,15469.6,15469.6,TSETMC
2025-07-01,1404/04/10,1404,4,10,real_estate,انبوه سازی، املاک و مستغلات,4654922806626448,15409.0,15372.3,15372.3,TSETMC
2025-07-02,1404/04/11,1404,4,11,real_estate,انبوه سازی، املاک و مستغلات,4654922806626448,15133.6,15103.0,15103.0,TSETMC
2025-07-07,1404/04/16,1404,4,16,real_estate,انبوه سازی، املاک و مستغلات,4654922806626448,15103.4,14944.5,14944.5,TSETMC
2025-07-08,1404/04/17,1404,4,17,real_estate,انبوه سازی، املاک و مستغلات,4654922806626448,14886.8,14753.7,14753.7,TSETMC
2025-07-09,1404/04/18,1404,4,18,real_estate,انبوه سازی، املاک و مستغلات,4654922806626448,14704.1,14611.4,14611.4,TSETMC
2025-07-12,1404/04/21,1404,4,21,real_estate,انبوه سازی، املاک و مستغلات,4654922806626448,14557.5,14518.1,14524.4,TSETMC
2025-07-13,1404/04/22,1404,4,22,real_estate,انبوه سازی، املاک و مستغلات,4654922806626448,14515.9,14417.3,14424.3,TSETMC
2025-07-14,1404/04/23,1404,4,23,real_estate,انبوه سازی، املاک و مستغلات,4654922806626448,14350.4,14257.9,14350.4,TSETMC
2025-07-15,1404/04/24,1404,4,24,real_estate,انبوه سازی، املاک و مستغلات,4654922806626448,14358.8,14268.0,14268.0,TSETMC
2025-07-16,1404/04/25,1404,4,25,real_estate,انبوه سازی، املاک و مستغلات,4654922806626448,14398.1,14262.9,14398.1,TSETMC
2025-07-19,1404/04/28,1404,4,28,real_estate,انبوه سازی، املاک و مستغلات,4654922806626448,14488.8,14395.0,14488.8,TSETMC
2025-07-20,1404/04/29,1404,4,29,real_estate,انبوه سازی، املاک و مستغلات,4654922806626448,14503.9,14400.9,14400.9,TSETMC
2025-07-21,1404/04/30,1404,4,30,real_estate,انبوه سازی، املاک و مستغلات,4654922806626448,14526.7,14399.0,14526.7,TSETMC
2025-07-22,1404/04/31,1404,4,31,real_estate,انبوه سازی، املاک و مستغلات,4654922806626448,14607.7,14517.4,14517.4,TSETMC
2025-07-23,1404/05/01,1404,5,1,real_estate,انبوه سازی، املاک و مستغلات,4654922806626448,14447.2,14327.0,14327.0,TSETMC
2025-07-26,1404/05/04,1404,5,4,real_estate,انبوه سازی، املاک و مستغلات,4654922806626448,14262.6,14156.3,14156.3,TSETMC
2025-07-27,1404/05/05,1404,5,5,real_estate,انبوه سازی، املاک و مستغلات,4654922806626448,14096.5,14021.9,14021.9,TSETMC
2025-07-28,1404/05/06,1404,5,6,real_estate,انبوه سازی، املاک و مستغلات,4654922806626448,13947.5,13893.7,13893.7,TSETMC
2025-07-29,1404/05/07,1404,5,7,real_estate,انبوه سازی، املاک و مستغلات,4654922806626448,13881.6,13837.0,13837.0,TSETMC
2025-07-30,1404/05/08,1404,5,8,real_estate,انبوه سازی، املاک و مستغلات,4654922806626448,13806.3,13743.0,13743.0,TSETMC
2025-08-02,1404/05/11,1404,5,11,real_estate,انبوه سازی، املاک و مستغلات,4654922806626448,13690.1,13539.1,13539.1,TSETMC
2025-08-03,1404/05/12,1404,5,12,real_estate,انبوه سازی، املاک و مستغلات,4654922806626448,13479.5,13333.0,13333.0,TSETMC
2025-08-04,1404/05/13,1404,5,13,real_estate,انبوه سازی، املاک و مستغلات,4654922806626448,13316.0,13267.3,13301.4,TSETMC
2025-08-05,1404/05/14,1404,5,14,real_estate,انبوه سازی، املاک و مستغلات,4654922806626448,13305.5,13203.7,13203.7,TSETMC
2025-08-06,1404/05/15,1404,5,15,real_estate,انبوه سازی، املاک و مستغلات,4654922806626448,13158.5,13100.9,13100.9,TSETMC
2025-08-09,1404/05/18,1404,5,18,real_estate,انبوه سازی، املاک و مستغلات,4654922806626448,13196.2,13142.9,13183.4,TSETMC
2025-08-10,1404/05/19,1404,5,19,real_estate,انبوه سازی، املاک و مستغلات,4654922806626448,13192.2,13146.0,13146.0,TSETMC
2025-08-11,1404/05/20,1404,5,20,real_estate,انبوه سازی، املاک و مستغلات,4654922806626448,13155.6,13071.7,13071.7,TSETMC
2025-08-12,1404/05/21,1404,5,21,real_estate,انبوه سازی، املاک و مستغلات,4654922806626448,13041.3,12894.7,12894.7,TSETMC
2025-08-13,1404/05/22,1404,5,22,real_estate,انبوه سازی، املاک و مستغلات,4654922806626448,12839.7,12748.6,12748.8,TSETMC
2025-08-16,1404/05/25,1404,5,25,real_estate,انبوه سازی، املاک و مستغلات,4654922806626448,12718.2,12688.0,12711.1,TSETMC
2025-08-17,1404/05/26,1404,5,26,real_estate,انبوه سازی، املاک و مستغلات,4654922806626448,12832.1,12719.1,12832.1,TSETMC
2025-08-18,1404/05/27,1404,5,27,real_estate,انبوه سازی، املاک و مستغلات,4654922806626448,12968.8,12926.7,12926.7,TSETMC
2025-08-19,1404/05/28,1404,5,28,real_estate,انبوه سازی، املاک و مستغلات,4654922806626448,12907.5,12839.7,12839.7,TSETMC
2025-08-20,1404/05/29,1404,5,29,real_estate,انبوه سازی، املاک و مستغلات,4654922806626448,12834.2,12751.1,12751.1,TSETMC
2025-08-23,1404/06/01,1404,6,1,real_estate,انبوه سازی، املاک و مستغلات,4654922806626448,12770.0,12691.4,12691.4,TSETMC
2025-08-25,1404/06/03,1404,6,3,real_estate,انبوه سازی، املاک و مستغلات,4654922806626448,12700.4,12540.5,12540.5,TSETMC
2025-08-26,1404/06/04,1404,6,4,real_estate,انبوه سازی، املاک و مستغلات,4654922806626448,12466.0,12439.6,12441.6,TSETMC
2025-08-27,1404/06/05,1404,6,5,real_estate,انبوه سازی، املاک و مستغلات,4654922806626448,12522.6,12440.2,12486.8,TSETMC
2025-08-30,1404/06/08,1404,6,8,real_estate,انبوه سازی، املاک و مستغلات,4654922806626448,12452.0,12355.2,12355.2,TSETMC
2025-08-31,1404/06/09,1404,6,9,real_estate,انبوه سازی، املاک و مستغلات,4654922806626448,12389.3,12330.0,12342.0,TSETMC
2025-09-02,1404/06/11,1404,6,11,real_estate,انبوه سازی، املاک و مستغلات,4654922806626448,12474.8,12364.6,12474.8,TSETMC
2025-09-03,1404/06/12,1404,6,12,real_estate,انبوه سازی، املاک و مستغلات,4654922806626448,12624.7,12563.4,12624.7,TSETMC
2025-09-06,1404/06/15,1404,6,15,real_estate,انبوه سازی، املاک و مستغلات,4654922806626448,12701.5,12660.7,12660.7,TSETMC
2025-09-07,1404/06/16,1404,6,16,real_estate,انبوه سازی، املاک و مستغلات,4654922806626448,12688.8,12649.6,12688.8,TSETMC
2025-09-08,1404/06/17,1404,6,17,real_estate,انبوه سازی، املاک و مستغلات,4654922806626448,12816.8,12724.4,12792.8,TSETMC
2025-09-09,1404/06/18,1404,6,18,real_estate,انبوه سازی، املاک و مستغلات,4654922806626448,12824.4,12781.6,12781.6,TSETMC
2025-09-13,1404/06/22,1404,6,22,real_estate,انبوه سازی، املاک و مستغلات,4654922806626448,12795.8,12755.5,12795.3,TSETMC
2025-09-14,1404/06/23,1404,6,23,real_estate,انبوه سازی، املاک و مستغلات,4654922806626448,12937.2,12824.0,12879.8,TSETMC
2025-09-15,1404/06/24,1404,6,24,real_estate,انبوه سازی، املاک و مستغلات,4654922806626448,12888.7,12741.6,12741.6,TSETMC
2025-09-16,1404/06/25,1404,6,25,real_estate,انبوه سازی، املاک و مستغلات,4654922806626448,12694.2,12607.8,12607.8,TSETMC
2025-09-17,1404/06/26,1404,6,26,real_estate,انبوه سازی، املاک و مستغلات,4654922806626448,12552.6,12503.9,12523.2,TSETMC
2025-09-20,1404/06/29,1404,6,29,real_estate,انبوه سازی، املاک و مستغلات,4654922806626448,12468.3,12416.1,12416.1,TSETMC
2025-09-21,1404/06/30,1404,6,30,real_estate,انبوه سازی، املاک و مستغلات,4654922806626448,12355.8,12299.0,12304.5,TSETMC
2025-09-22,1404/06/31,1404,6,31,real_estate,انبوه سازی، املاک و مستغلات,4654922806626448,12385.9,12322.4,12324.7,TSETMC
2025-09-23,1404/07/01,1404,7,1,real_estate,انبوه سازی، املاک و مستغلات,4654922806626448,12313.1,12244.8,12244.8,TSETMC
2025-09-24,1404/07/02,1404,7,2,real_estate,انبوه سازی، املاک و مستغلات,4654922806626448,12207.8,12150.2,12150.3,TSETMC
2025-09-27,1404/07/05,1404,7,5,real_estate,انبوه سازی، املاک و مستغلات,4654922806626448,12271.7,12161.6,12271.2,TSETMC
2025-09-28,1404/07/06,1404,7,6,real_estate,انبوه سازی، املاک و مستغلات,4654922806626448,12377.9,12308.6,12377.9,TSETMC
2025-09-29,1404/07/07,1404,7,7,real_estate,انبوه سازی، املاک و مستغلات,4654922806626448,12491.3,12406.4,12491.3,TSETMC
2025-09-30,1404/07/08,1404,7,8,real_estate,انبوه سازی، املاک و مستغلات,4654922806626448,12493.0,12382.7,12382.7,TSETMC
2025-10-01,1404/07/09,1404,7,9,real_estate,انبوه سازی، املاک و مستغلات,4654922806626448,12305.2,12214.7,12218.5,TSETMC
2025-10-04,1404/07/12,1404,7,12,real_estate,انبوه سازی، املاک و مستغلات,4654922806626448,12349.3,12235.0,12349.3,TSETMC
2025-10-05,1404/07/13,1404,7,13,real_estate,انبوه سازی، املاک و مستغلات,4654922806626448,12481.3,12410.7,12410.9,TSETMC
2025-10-06,1404/07/14,1404,7,14,real_estate,انبوه سازی، املاک و مستغلات,4654922806626448,12501.1,12416.1,12420.0,TSETMC
2025-10-07,1404/07/15,1404,7,15,real_estate,انبوه سازی، املاک و مستغلات,4654922806626448,12482.7,12455.3,12455.4,TSETMC
2025-10-08,1404/07/16,1404,7,16,real_estate,انبوه سازی، املاک و مستغلات,4654922806626448,12448.6,12418.0,12418.7,TSETMC
2025-10-11,1404/07/19,1404,7,19,real_estate,انبوه سازی، املاک و مستغلات,4654922806626448,12589.0,12418.4,12589.0,TSETMC
2025-10-12,1404/07/20,1404,7,20,real_estate,انبوه سازی، املاک و مستغلات,4654922806626448,12792.6,12712.9,12792.6,TSETMC
2025-10-13,1404/07/21,1404,7,21,real_estate,انبوه سازی، املاک و مستغلات,4654922806626448,13004.8,12935.3,12992.3,TSETMC
2025-10-14,1404/07/22,1404,7,22,real_estate,انبوه سازی، املاک و مستغلات,4654922806626448,13471.6,13133.1,13365.7,TSETMC
2025-10-15,1404/07/23,1404,7,23,real_estate,انبوه سازی، املاک و مستغلات,4654922806626448,13415.7,13270.8,13415.7,TSETMC
2025-10-18,1404/07/26,1404,7,26,real_estate,انبوه سازی، املاک و مستغلات,4654922806626448,13738.9,13639.9,13724.0,TSETMC
2025-10-19,1404/07/27,1404,7,27,real_estate,انبوه سازی، املاک و مستغلات,4654922806626448,13881.5,13819.8,13832.7,TSETMC
2025-10-20,1404/07/28,1404,7,28,real_estate,انبوه سازی، املاک و مستغلات,4654922806626448,13955.9,13894.9,13929.8,TSETMC
2025-10-21,1404/07/29,1404,7,29,real_estate,انبوه سازی، املاک و مستغلات,4654922806626448,14031.5,13974.5,13988.4,TSETMC
2025-10-22,1404/07/30,1404,7,30,real_estate,انبوه سازی، املاک و مستغلات,4654922806626448,14048.3,13979.2,13979.2,TSETMC
2025-10-25,1404/08/03,1404,8,3,real_estate,انبوه سازی، املاک و مستغلات,4654922806626448,14109.6,14004.0,14086.4,TSETMC
2025-10-26,1404/08/04,1404,8,4,real_estate,انبوه سازی، املاک و مستغلات,4654922806626448,14348.2,14236.8,14347.6,TSETMC
2025-10-27,1404/08/05,1404,8,5,real_estate,انبوه سازی، املاک و مستغلات,4654922806626448,14518.2,14456.0,14515.1,TSETMC
2025-10-28,1404/08/06,1404,8,6,real_estate,انبوه سازی، املاک و مستغلات,4654922806626448,14621.8,14480.0,14480.0,TSETMC
2025-10-29,1404/08/07,1404,8,7,real_estate,انبوه سازی، املاک و مستغلات,4654922806626448,14474.0,14344.3,14344.3,TSETMC
2025-11-01,1404/08/10,1404,8,10,real_estate,انبوه سازی، املاک و مستغلات,4654922806626448,14430.5,14280.3,14280.3,TSETMC
2025-11-02,1404/08/11,1404,8,11,real_estate,انبوه سازی، املاک و مستغلات,4654922806626448,14186.0,14128.0,14159.2,TSETMC
2025-11-03,1404/08/12,1404,8,12,real_estate,انبوه سازی، املاک و مستغلات,4654922806626448,14304.1,14271.7,14287.3,TSETMC
2025-11-04,1404/08/13,1404,8,13,real_estate,انبوه سازی، املاک و مستغلات,4654922806626448,14303.3,14082.1,14082.1,TSETMC
2025-11-05,1404/08/14,1404,8,14,real_estate,انبوه سازی، املاک و مستغلات,4654922806626448,14033.5,13904.2,13904.2,TSETMC
2025-11-08,1404/08/17,1404,8,17,real_estate,انبوه سازی، املاک و مستغلات,4654922806626448,14083.6,14041.4,14060.5,TSETMC
2025-11-09,1404/08/18,1404,8,18,real_estate,انبوه سازی، املاک و مستغلات,4654922806626448,14033.1,13811.3,13811.3,TSETMC
2025-11-10,1404/08/19,1404,8,19,real_estate,انبوه سازی، املاک و مستغلات,4654922806626448,13768.2,13672.4,13677.5,TSETMC
2025-11-11,1404/08/20,1404,8,20,real_estate,انبوه سازی، املاک و مستغلات,4654922806626448,13735.1,13619.7,13619.7,TSETMC
2025-11-12,1404/08/21,1404,8,21,real_estate,انبوه سازی، املاک و مستغلات,4654922806626448,13607.5,13566.1,13588.0,TSETMC
2025-11-15,1404/08/24,1404,8,24,real_estate,انبوه سازی، املاک و مستغلات,4654922806626448,13645.4,13609.3,13613.3,TSETMC
2025-11-16,1404/08/25,1404,8,25,real_estate,انبوه سازی، املاک و مستغلات,4654922806626448,13711.5,13586.8,13711.5,TSETMC
2025-11-17,1404/08/26,1404,8,26,real_estate,انبوه سازی، املاک و مستغلات,4654922806626448,13928.3,13826.8,13871.0,TSETMC
2025-11-18,1404/08/27,1404,8,27,real_estate,انبوه سازی، املاک و مستغلات,4654922806626448,13893.0,13793.9,13793.9,TSETMC
2025-11-19,1404/08/28,1404,8,28,real_estate,انبوه سازی، املاک و مستغلات,4654922806626448,13808.5,13703.4,13703.4,TSETMC
2025-11-22,1404/09/01,1404,9,1,real_estate,انبوه سازی، املاک و مستغلات,4654922806626448,13763.6,13698.5,13698.5,TSETMC
2025-11-23,1404/09/02,1404,9,2,real_estate,انبوه سازی، املاک و مستغلات,4654922806626448,13728.5,13653.8,13728.5,TSETMC
2025-11-25,1404/09/04,1404,9,4,real_estate,انبوه سازی، املاک و مستغلات,4654922806626448,13822.0,13686.7,13817.4,TSETMC
2025-11-26,1404/09/05,1404,9,5,real_estate,انبوه سازی، املاک و مستغلات,4654922806626448,13819.2,13730.3,13730.5,TSETMC
2025-11-29,1404/09/08,1404,9,8,real_estate,انبوه سازی، املاک و مستغلات,4654922806626448,13672.4,13469.7,13470.0,TSETMC
2025-11-30,1404/09/09,1404,9,9,real_estate,انبوه سازی، املاک و مستغلات,4654922806626448,13436.4,13374.7,13417.4,TSETMC
2025-12-01,1404/09/10,1404,9,10,real_estate,انبوه سازی، املاک و مستغلات,4654922806626448,13480.9,13416.3,13416.3,TSETMC
2025-12-02,1404/09/11,1404,9,11,real_estate,انبوه سازی، املاک و مستغلات,4654922806626448,13575.7,13467.2,13575.7,TSETMC
2025-12-03,1404/09/12,1404,9,12,real_estate,انبوه سازی، املاک و مستغلات,4654922806626448,13839.0,13720.3,13839.0,TSETMC
2025-12-06,1404/09/15,1404,9,15,real_estate,انبوه سازی، املاک و مستغلات,4654922806626448,14141.4,14040.2,14141.4,TSETMC
2025-12-07,1404/09/16,1404,9,16,real_estate,انبوه سازی، املاک و مستغلات,4654922806626448,14324.9,14238.0,14271.1,TSETMC
2025-12-08,1404/09/17,1404,9,17,real_estate,انبوه سازی، املاک و مستغلات,4654922806626448,14399.0,14295.1,14398.3,TSETMC
2025-12-09,1404/09/18,1404,9,18,real_estate,انبوه سازی، املاک و مستغلات,4654922806626448,14563.1,14489.5,14536.0,TSETMC
2025-12-10,1404/09/19,1404,9,19,real_estate,انبوه سازی، املاک و مستغلات,4654922806626448,14840.4,14600.8,14840.4,TSETMC
2025-12-13,1404/09/22,1404,9,22,real_estate,انبوه سازی، املاک و مستغلات,4654922806626448,15109.0,14989.5,15105.7,TSETMC
2025-12-14,1404/09/23,1404,9,23,real_estate,انبوه سازی، املاک و مستغلات,4654922806626448,15244.3,15148.7,15192.6,TSETMC
2025-12-15,1404/09/24,1404,9,24,real_estate,انبوه سازی، املاک و مستغلات,4654922806626448,15335.3,15229.1,15323.9,TSETMC
2025-12-16,1404/09/25,1404,9,25,real_estate,انبوه سازی، املاک و مستغلات,4654922806626448,15394.0,15148.6,15148.6,TSETMC
2025-12-17,1404/09/26,1404,9,26,real_estate,انبوه سازی، املاک و مستغلات,4654922806626448,15303.8,15157.7,15303.8,TSETMC
2025-12-20,1404/09/29,1404,9,29,real_estate,انبوه سازی، املاک و مستغلات,4654922806626448,15623.5,15571.3,15623.5,TSETMC
2025-12-21,1404/09/30,1404,9,30,real_estate,انبوه سازی، املاک و مستغلات,4654922806626448,15785.2,15697.4,15745.6,TSETMC
2025-12-22,1404/10/01,1404,10,1,real_estate,انبوه سازی، املاک و مستغلات,4654922806626448,15815.5,15706.7,15706.7,TSETMC
2025-12-23,1404/10/02,1404,10,2,real_estate,انبوه سازی، املاک و مستغلات,4654922806626448,15802.5,15726.4,15802.5,TSETMC
2025-12-24,1404/10/03,1404,10,3,real_estate,انبوه سازی، املاک و مستغلات,4654922806626448,15971.9,15883.4,15971.9,TSETMC
2025-12-27,1404/10/06,1404,10,6,real_estate,انبوه سازی، املاک و مستغلات,4654922806626448,16242.6,16041.8,16041.8,TSETMC
2025-12-28,1404/10/07,1404,10,7,real_estate,انبوه سازی، املاک و مستغلات,4654922806626448,16152.8,16031.3,16095.8,TSETMC
2025-12-29,1404/10/08,1404,10,8,real_estate,انبوه سازی، املاک و مستغلات,4654922806626448,16125.6,15751.2,15751.2,TSETMC
2025-12-30,1404/10/09,1404,10,9,real_estate,انبوه سازی، املاک و مستغلات,4654922806626448,15381.4,15379.4,15379.4,TSETMC
2025-12-31,1404/10/10,1404,10,10,real_estate,انبوه سازی، املاک و مستغلات,4654922806626448,15163.4,15099.1,15152.4,TSETMC
2026-01-04,1404/10/14,1404,10,14,real_estate,انبوه سازی، املاک و مستغلات,4654922806626448,14844.5,14762.8,14767.0,TSETMC
2026-01-05,1404/10/15,1404,10,15,real_estate,انبوه سازی، املاک و مستغلات,4654922806626448,14882.0,14831.8,14831.8,TSETMC
2026-01-06,1404/10/16,1404,10,16,real_estate,انبوه سازی، املاک و مستغلات,4654922806626448,15252.5,14973.2,15252.5,TSETMC
2026-01-07,1404/10/17,1404,10,17,real_estate,انبوه سازی، املاک و مستغلات,4654922806626448,15219.4,14984.7,14984.7,TSETMC
2026-01-10,1404/10/20,1404,10,20,real_estate,انبوه سازی، املاک و مستغلات,4654922806626448,14591.1,14563.8,14563.8,TSETMC
2026-01-11,1404/10/21,1404,10,21,real_estate,انبوه سازی، املاک و مستغلات,4654922806626448,14271.0,14219.7,14269.8,TSETMC
2026-01-12,1404/10/22,1404,10,22,real_estate,انبوه سازی، املاک و مستغلات,4654922806626448,14300.4,14226.6,14226.6,TSETMC
2026-01-13,1404/10/23,1404,10,23,real_estate,انبوه سازی، املاک و مستغلات,4654922806626448,14190.1,13963.3,13963.3,TSETMC
2026-01-14,1404/10/24,1404,10,24,real_estate,انبوه سازی، املاک و مستغلات,4654922806626448,13661.2,13616.6,13661.2,TSETMC
2026-01-18,1404/10/28,1404,10,28,real_estate,انبوه سازی، املاک و مستغلات,4654922806626448,13757.2,13725.4,13757.2,TSETMC
2026-01-19,1404/10/29,1404,10,29,real_estate,انبوه سازی، املاک و مستغلات,4654922806626448,13951.3,13838.9,13838.9,TSETMC
2026-01-20,1404/10/30,1404,10,30,real_estate,انبوه سازی، املاک و مستغلات,4654922806626448,13791.9,13722.3,13788.3,TSETMC
2026-01-21,1404/11/01,1404,11,1,real_estate,انبوه سازی، املاک و مستغلات,4654922806626448,13921.6,13870.3,13899.9,TSETMC
2026-01-24,1404/11/04,1404,11,4,real_estate,انبوه سازی، املاک و مستغلات,4654922806626448,13613.5,13583.5,13583.5,TSETMC
2026-01-25,1404/11/05,1404,11,5,real_estate,انبوه سازی، املاک و مستغلات,4654922806626448,13230.2,13230.0,13230.0,TSETMC
2026-01-26,1404/11/06,1404,11,6,real_estate,انبوه سازی، املاک و مستغلات,4654922806626448,12886.5,12855.8,12855.8,TSETMC
2026-01-27,1404/11/07,1404,11,7,real_estate,انبوه سازی، املاک و مستغلات,4654922806626448,12538.8,12481.4,12481.4,TSETMC
2026-01-28,1404/11/08,1404,11,8,real_estate,انبوه سازی، املاک و مستغلات,4654922806626448,12193.9,12180.7,12190.4,TSETMC
2026-01-31,1404/11/11,1404,11,11,real_estate,انبوه سازی، املاک و مستغلات,4654922806626448,12060.7,11920.6,11920.6,TSETMC
2026-02-01,1404/11/12,1404,11,12,real_estate,انبوه سازی، املاک و مستغلات,4654922806626448,11814.3,11769.7,11814.3,TSETMC
2026-02-02,1404/11/13,1404,11,13,real_estate,انبوه سازی، املاک و مستغلات,4654922806626448,11996.2,11929.8,11937.1,TSETMC
2026-02-03,1404/11/14,1404,11,14,real_estate,انبوه سازی، املاک و مستغلات,4654922806626448,12001.7,11950.1,11996.4,TSETMC
2026-02-07,1404/11/18,1404,11,18,real_estate,انبوه سازی، املاک و مستغلات,4654922806626448,12265.6,12221.6,12262.2,TSETMC
2026-02-08,1404/11/19,1404,11,19,real_estate,انبوه سازی، املاک و مستغلات,4654922806626448,12462.8,12198.4,12198.4,TSETMC
2026-02-09,1404/11/20,1404,11,20,real_estate,انبوه سازی، املاک و مستغلات,4654922806626448,11979.6,11920.4,11920.4,TSETMC
2026-02-10,1404/11/21,1404,11,21,real_estate,انبوه سازی، املاک و مستغلات,4654922806626448,11950.2,11914.4,11918.4,TSETMC
2026-02-14,1404/11/25,1404,11,25,real_estate,انبوه سازی، املاک و مستغلات,4654922806626448,12013.9,11951.3,11951.3,TSETMC
2026-02-15,1404/11/26,1404,11,26,real_estate,انبوه سازی، املاک و مستغلات,4654922806626448,11893.7,11849.7,11849.7,TSETMC
2026-02-16,1404/11/27,1404,11,27,real_estate,انبوه سازی، املاک و مستغلات,4654922806626448,11860.2,11827.3,11860.2,TSETMC
2026-02-17,1404/11/28,1404,11,28,real_estate,انبوه سازی، املاک و مستغلات,4654922806626448,12000.9,11948.5,12000.9,TSETMC
2026-02-18,1404/11/29,1404,11,29,real_estate,انبوه سازی، املاک و مستغلات,4654922806626448,12144.3,12013.2,12013.2,TSETMC
2026-02-21,1404/12/02,1404,12,2,real_estate,انبوه سازی، املاک و مستغلات,4654922806626448,11823.0,11735.2,11740.3,TSETMC
2026-02-22,1404/12/03,1404,12,3,real_estate,انبوه سازی، املاک و مستغلات,4654922806626448,11507.1,11457.0,11507.1,TSETMC
2026-02-23,1404/12/04,1404,12,4,real_estate,انبوه سازی، املاک و مستغلات,4654922806626448,11570.8,11524.9,11546.2,TSETMC
2026-02-24,1404/12/05,1404,12,5,real_estate,انبوه سازی، املاک و مستغلات,4654922806626448,11494.4,11432.0,11494.4,TSETMC
2026-02-25,1404/12/06,1404,12,6,real_estate,انبوه سازی، املاک و مستغلات,4654922806626448,11491.8,11451.1,11469.0,TSETMC
2026-02-28,1404/12/09,1404,12,9,real_estate,انبوه سازی، املاک و مستغلات,4654922806626448,11491.8,11451.1,11469.0,TSETMC
2026-03-02,1404/12/11,1404,12,11,real_estate,انبوه سازی، املاک و مستغلات,4654922806626448,11469.0,11469.0,11469.0,TSETMC
2026-03-03,1404/12/12,1404,12,12,real_estate,انبوه سازی، املاک و مستغلات,4654922806626448,11469.0,11469.0,11469.0,TSETMC
2026-03-04,1404/12/13,1404,12,13,real_estate,انبوه سازی، املاک و مستغلات,4654922806626448,11469.0,11469.0,11469.0,TSETMC
2026-03-07,1404/12/16,1404,12,16,real_estate,انبوه سازی، املاک و مستغلات,4654922806626448,11469.0,11469.0,11469.0,TSETMC
2026-03-08,1404/12/17,1404,12,17,real_estate,انبوه سازی، املاک و مستغلات,4654922806626448,11469.0,11469.0,11469.0,TSETMC
2026-03-09,1404/12/18,1404,12,18,real_estate,انبوه سازی، املاک و مستغلات,4654922806626448,11469.0,11469.0,11469.0,TSETMC
2026-03-10,1404/12/19,1404,12,19,real_estate,انبوه سازی، املاک و مستغلات,4654922806626448,11469.0,11469.0,11469.0,TSETMC
2026-03-14,1404/12/23,1404,12,23,real_estate,انبوه سازی، املاک و مستغلات,4654922806626448,11469.0,11469.0,11469.0,TSETMC
2026-03-15,1404/12/24,1404,12,24,real_estate,انبوه سازی، املاک و مستغلات,4654922806626448,11469.0,11469.0,11469.0,TSETMC
2026-03-16,1404/12/25,1404,12,25,real_estate,انبوه سازی، املاک و مستغلات,4654922806626448,11469.0,11469.0,11469.0,TSETMC
2026-03-17,1404/12/26,1404,12,26,real_estate,انبوه سازی، املاک و مستغلات,4654922806626448,11469.0,11469.0,11469.0,TSETMC
2026-03-18,1404/12/27,1404,12,27,real_estate,انبوه سازی، املاک و مستغلات,4654922806626448,11469.0,11469.0,11469.0,TSETMC
2026-03-25,1405/01/05,1405,1,5,real_estate,انبوه سازی، املاک و مستغلات,4654922806626448,11469.0,11469.0,11469.0,TSETMC
2026-03-28,1405/01/08,1405,1,8,real_estate,انبوه سازی، املاک و مستغلات,4654922806626448,11469.0,11469.0,11469.0,TSETMC
2026-03-29,1405/01/09,1405,1,9,real_estate,انبوه سازی، املاک و مستغلات,4654922806626448,11469.0,11469.0,11469.0,TSETMC
2026-03-30,1405/01/10,1405,1,10,real_estate,انبوه سازی، املاک و مستغلات,4654922806626448,11469.0,11469.0,11469.0,TSETMC
2026-03-31,1405/01/11,1405,1,11,real_estate,انبوه سازی، املاک و مستغلات,4654922806626448,11469.0,11469.0,11469.0,TSETMC
2026-04-04,1405/01/15,1405,1,15,real_estate,انبوه سازی، املاک و مستغلات,4654922806626448,11469.0,11469.0,11469.0,TSETMC
2026-04-05,1405/01/16,1405,1,16,real_estate,انبوه سازی، املاک و مستغلات,4654922806626448,11469.0,11469.0,11469.0,TSETMC
2026-04-06,1405/01/17,1405,1,17,real_estate,انبوه سازی، املاک و مستغلات,4654922806626448,11469.0,11469.0,11469.0,TSETMC
2026-04-07,1405/01/18,1405,1,18,real_estate,انبوه سازی، املاک و مستغلات,4654922806626448,11469.0,11469.0,11469.0,TSETMC
2026-04-08,1405/01/19,1405,1,19,real_estate,انبوه سازی، املاک و مستغلات,4654922806626448,11469.0,11469.0,11469.0,TSETMC
2026-04-11,1405/01/22,1405,1,22,real_estate,انبوه سازی، املاک و مستغلات,4654922806626448,11469.0,11469.0,11469.0,TSETMC
2026-04-12,1405/01/23,1405,1,23,real_estate,انبوه سازی، املاک و مستغلات,4654922806626448,11469.0,11469.0,11469.0,TSETMC
2026-04-13,1405/01/24,1405,1,24,real_estate,انبوه سازی، املاک و مستغلات,4654922806626448,11469.0,11469.0,11469.0,TSETMC
2026-04-15,1405/01/26,1405,1,26,real_estate,انبوه سازی، املاک و مستغلات,4654922806626448,11469.0,11469.0,11469.0,TSETMC
2026-04-18,1405/01/29,1405,1,29,real_estate,انبوه سازی، املاک و مستغلات,4654922806626448,11469.0,11469.0,11469.0,TSETMC
2026-04-19,1405/01/30,1405,1,30,real_estate,انبوه سازی، املاک و مستغلات,4654922806626448,11469.0,11469.0,11469.0,TSETMC
2026-04-20,1405/01/31,1405,1,31,real_estate,انبوه سازی، املاک و مستغلات,4654922806626448,11469.0,11469.0,11469.0,TSETMC
2026-04-21,1405/02/01,1405,2,1,real_estate,انبوه سازی، املاک و مستغلات,4654922806626448,11469.0,11469.0,11469.0,TSETMC
2026-04-22,1405/02/02,1405,2,2,real_estate,انبوه سازی، املاک و مستغلات,4654922806626448,11469.0,11469.0,11469.0,TSETMC
2026-04-25,1405/02/05,1405,2,5,real_estate,انبوه سازی، املاک و مستغلات,4654922806626448,11469.0,11469.0,11469.0,TSETMC
2026-04-26,1405/02/06,1405,2,6,real_estate,انبوه سازی، املاک و مستغلات,4654922806626448,11469.0,11469.0,11469.0,TSETMC
2026-04-27,1405/02/07,1405,2,7,real_estate,انبوه سازی، املاک و مستغلات,4654922806626448,11469.0,11469.0,11469.0,TSETMC
2026-04-28,1405/02/08,1405,2,8,real_estate,انبوه سازی، املاک و مستغلات,4654922806626448,11469.0,11469.0,11469.0,TSETMC
2026-04-29,1405/02/09,1405,2,9,real_estate,انبوه سازی، املاک و مستغلات,4654922806626448,11469.0,11469.0,11469.0,TSETMC
2026-05-02,1405/02/12,1405,2,12,real_estate,انبوه سازی، املاک و مستغلات,4654922806626448,11469.0,11469.0,11469.0,TSETMC
2026-05-03,1405/02/13,1405,2,13,real_estate,انبوه سازی، املاک و مستغلات,4654922806626448,11469.0,11469.0,11469.0,TSETMC
2026-05-04,1405/02/14,1405,2,14,real_estate,انبوه سازی، املاک و مستغلات,4654922806626448,11469.0,11469.0,11469.0,TSETMC
2026-05-05,1405/02/15,1405,2,15,real_estate,انبوه سازی، املاک و مستغلات,4654922806626448,11469.0,11469.0,11469.0,TSETMC
2026-05-06,1405/02/16,1405,2,16,real_estate,انبوه سازی، املاک و مستغلات,4654922806626448,11469.0,11469.0,11469.0,TSETMC
2026-05-09,1405/02/19,1405,2,19,real_estate,انبوه سازی، املاک و مستغلات,4654922806626448,11469.0,11469.0,11469.0,TSETMC
2026-05-10,1405/02/20,1405,2,20,real_estate,انبوه سازی، املاک و مستغلات,4654922806626448,11469.0,11469.0,11469.0,TSETMC
2026-05-11,1405/02/21,1405,2,21,real_estate,انبوه سازی، املاک و مستغلات,4654922806626448,11469.0,11469.0,11469.0,TSETMC
2026-05-12,1405/02/22,1405,2,22,real_estate,انبوه سازی، املاک و مستغلات,4654922806626448,11469.0,11469.0,11469.0,TSETMC
2026-05-13,1405/02/23,1405,2,23,real_estate,انبوه سازی، املاک و مستغلات,4654922806626448,11469.0,11469.0,11469.0,TSETMC
2026-05-16,1405/02/26,1405,2,26,real_estate,انبوه سازی، املاک و مستغلات,4654922806626448,11469.0,11469.0,11469.0,TSETMC
2026-05-17,1405/02/27,1405,2,27,real_estate,انبوه سازی، املاک و مستغلات,4654922806626448,11469.0,11469.0,11469.0,TSETMC
2026-05-18,1405/02/28,1405,2,28,real_estate,انبوه سازی، املاک و مستغلات,4654922806626448,11469.0,11469.0,11469.0,TSETMC
2026-05-19,1405/02/29,1405,2,29,real_estate,انبوه سازی، املاک و مستغلات,4654922806626448,11592.0,11518.8,11590.4,TSETMC
2026-05-20,1405/02/30,1405,2,30,real_estate,انبوه سازی، املاک و مستغلات,4654922806626448,12019.7,11696.5,12019.7,TSETMC
2026-05-23,1405/03/02,1405,3,2,real_estate,انبوه سازی، املاک و مستغلات,4654922806626448,12501.9,12266.1,12501.9,TSETMC
2026-05-24,1405/03/03,1405,3,3,real_estate,انبوه سازی، املاک و مستغلات,4654922806626448,13281.6,12837.2,12871.4,TSETMC
2026-05-25,1405/03/04,1405,3,4,real_estate,انبوه سازی، املاک و مستغلات,4654922806626448,13170.4,13143.8,13148.1,TSETMC
2026-05-26,1405/03/05,1405,3,5,real_estate,انبوه سازی، املاک و مستغلات,4654922806626448,13291.0,13165.0,13291.0,TSETMC
2026-05-30,1405/03/09,1405,3,9,real_estate,انبوه سازی، املاک و مستغلات,4654922806626448,13675.2,13643.8,13675.2,TSETMC
2026-05-31,1405/03/10,1405,3,10,real_estate,انبوه سازی، املاک و مستغلات,4654922806626448,14078.1,14078.0,14078.1,TSETMC
2026-06-01,1405/03/11,1405,3,11,real_estate,انبوه سازی، املاک و مستغلات,4654922806626448,14435.2,14278.8,14278.8,TSETMC
2026-06-02,1405/03/12,1405,3,12,real_estate,انبوه سازی، املاک و مستغلات,4654922806626448,14220.1,14147.5,14213.2,TSETMC
2026-06-03,1405/03/13,1405,3,13,real_estate,انبوه سازی، املاک و مستغلات,4654922806626448,14060.1,14010.8,14038.5,TSETMC
2026-06-06,1405/03/16,1405,3,16,real_estate,انبوه سازی، املاک و مستغلات,4654922806626448,14015.5,13913.8,14015.5,TSETMC
2026-06-07,1405/03/17,1405,3,17,real_estate,انبوه سازی، املاک و مستغلات,4654922806626448,14415.8,14403.4,14415.8,TSETMC
2026-06-08,1405/03/18,1405,3,18,real_estate,انبوه سازی، املاک و مستغلات,4654922806626448,14100.9,14021.7,14021.7,TSETMC
2026-06-09,1405/03/19,1405,3,19,real_estate,انبوه سازی، املاک و مستغلات,4654922806626448,14387.3,14350.8,14387.3,TSETMC
2026-06-10,1405/03/20,1405,3,20,real_estate,انبوه سازی، املاک و مستغلات,4654922806626448,14411.0,14374.0,14377.2,TSETMC
2026-06-13,1405/03/23,1405,3,23,real_estate,انبوه سازی، املاک و مستغلات,4654922806626448,14799.3,14756.6,14799.3,TSETMC
2026-06-14,1405/03/24,1405,3,24,real_estate,انبوه سازی، املاک و مستغلات,4654922806626448,15226.8,15183.0,15209.2,TSETMC
2026-06-15,1405/03/25,1405,3,25,real_estate,انبوه سازی، املاک و مستغلات,4654922806626448,15654.7,15641.3,15654.7,TSETMC
2026-06-16,1405/03/26,1405,3,26,real_estate,انبوه سازی، املاک و مستغلات,4654922806626448,15929.9,15528.4,15528.4,TSETMC
2026-06-17,1405/03/27,1405,3,27,real_estate,انبوه سازی، املاک و مستغلات,4654922806626448,15284.3,15161.9,15284.3,TSETMC
2026-06-20,1405/03/30,1405,3,30,real_estate,انبوه سازی، املاک و مستغلات,4654922806626448,15318.7,14995.1,14995.1,TSETMC
2026-06-21,1405/03/31,1405,3,31,real_estate,انبوه سازی، املاک و مستغلات,4654922806626448,14734.9,14608.8,14608.8,TSETMC
2026-06-22,1405/04/01,1405,4,1,real_estate,انبوه سازی، املاک و مستغلات,4654922806626448,14249.3,14190.4,14249.3,TSETMC
2026-06-23,1405/04/02,1405,4,2,real_estate,انبوه سازی، املاک و مستغلات,4654922806626448,14433.3,14329.8,14346.5,TSETMC
2026-06-27,1405/04/06,1405,4,6,real_estate,انبوه سازی، املاک و مستغلات,4654922806626448,14414.5,14381.1,14413.7,TSETMC
2026-06-28,1405/04/07,1405,4,7,real_estate,انبوه سازی، املاک و مستغلات,4654922806626448,14188.8,14134.1,14188.8,TSETMC
2026-06-29,1405/04/08,1405,4,8,real_estate,انبوه سازی، املاک و مستغلات,4654922806626448,14328.7,14224.2,14328.7,TSETMC
2026-06-30,1405/04/09,1405,4,9,real_estate,انبوه سازی، املاک و مستغلات,4654922806626448,14712.7,14672.2,14672.3,TSETMC
2026-07-01,1405/04/10,1405,4,10,real_estate,انبوه سازی، املاک و مستغلات,4654922806626448,14986.4,14877.9,14986.4,TSETMC
2026-07-07,1405/04/16,1405,4,16,real_estate,انبوه سازی، املاک و مستغلات,4654922806626448,15338.2,15303.2,15338.2,TSETMC
2026-07-08,1405/04/17,1405,4,17,real_estate,انبوه سازی، املاک و مستغلات,4654922806626448,15224.1,15169.9,15169.9,TSETMC
2026-07-11,1405/04/20,1405,4,20,real_estate,انبوه سازی، املاک و مستغلات,4654922806626448,14920.5,14881.4,14898.8,TSETMC
2026-07-12,1405/04/21,1405,4,21,real_estate,انبوه سازی، املاک و مستغلات,4654922806626448,14528.9,14509.8,14528.9,TSETMC
2026-07-13,1405/04/22,1405,4,22,real_estate,انبوه سازی، املاک و مستغلات,4654922806626448,14264.5,14210.2,14264.5,TSETMC
2026-07-14,1405/04/23,1405,4,23,real_estate,انبوه سازی، املاک و مستغلات,4654922806626448,14030.1,13983.8,14014.6,TSETMC
2026-07-15,1405/04/24,1405,4,24,real_estate,انبوه سازی، املاک و مستغلات,4654922806626448,14065.2,13867.2,13867.2,TSETMC
2026-07-18,1405/04/27,1405,4,27,real_estate,انبوه سازی، املاک و مستغلات,4654922806626448,13525.3,13510.1,13510.1,TSETMC
2026-07-19,1405/04/28,1405,4,28,real_estate,انبوه سازی، املاک و مستغلات,4654922806626448,13396.1,13278.3,13396.1,TSETMC
2026-07-20,1405/04/29,1405,4,29,real_estate,انبوه سازی، املاک و مستغلات,4654922806626448,13638.8,13582.2,13627.8,TSETMC
2026-07-21,1405/04/30,1405,4,30,real_estate,انبوه سازی، املاک و مستغلات,4654922806626448,14000.0,13899.1,14000.0,TSETMC
2026-07-22,1405/04/31,1405,4,31,real_estate,انبوه سازی، املاک و مستغلات,4654922806626448,14159.6,14078.2,14154.6,TSETMC
