solar_hijri_period,solar_hijri_year,quarter,season_fa,input_group_fa,measure,value,unit,base_year,source_missing_marker,source_sheet,source_file
1390-Q1,1390,1,بهار,شاخص کل,price_index,4.3098,index points,1402,,جدول 1,ts_building_140404-14050319105758.xlsx
1390-Q2,1390,2,تابستان,شاخص کل,price_index,4.37241,index points,1402,,جدول 1,ts_building_140404-14050319105758.xlsx
1390-Q3,1390,3,پاییز,شاخص کل,price_index,4.42678,index points,1402,,جدول 1,ts_building_140404-14050319105758.xlsx
1390-Q4,1390,4,زمستان,شاخص کل,price_index,4.85541,index points,1402,,جدول 1,ts_building_140404-14050319105758.xlsx
1391-Q1,1391,1,بهار,شاخص کل,price_index,5.25168,index points,1402,,جدول 1,ts_building_140404-14050319105758.xlsx
1391-Q2,1391,2,تابستان,شاخص کل,price_index,5.91036,index points,1402,,جدول 1,ts_building_140404-14050319105758.xlsx
1391-Q3,1391,3,پاییز,شاخص کل,price_index,6.52855,index points,1402,,جدول 1,ts_building_140404-14050319105758.xlsx
1391-Q4,1391,4,زمستان,شاخص کل,price_index,6.86785,index points,1402,,جدول 1,ts_building_140404-14050319105758.xlsx
1392-Q1,1392,1,بهار,شاخص کل,price_index,7.63857,index points,1402,,جدول 1,ts_building_140404-14050319105758.xlsx
1392-Q2,1392,2,تابستان,شاخص کل,price_index,7.63225,index points,1402,,جدول 1,ts_building_140404-14050319105758.xlsx
1392-Q3,1392,3,پاییز,شاخص کل,price_index,7.50075,index points,1402,,جدول 1,ts_building_140404-14050319105758.xlsx
1392-Q4,1392,4,زمستان,شاخص کل,price_index,7.63478,index points,1402,,جدول 1,ts_building_140404-14050319105758.xlsx
1393-Q1,1393,1,بهار,شاخص کل,price_index,7.99783,index points,1402,,جدول 1,ts_building_140404-14050319105758.xlsx
1393-Q2,1393,2,تابستان,شاخص کل,price_index,8.28155,index points,1402,,جدول 1,ts_building_140404-14050319105758.xlsx
1393-Q3,1393,3,پاییز,شاخص کل,price_index,8.29449,index points,1402,,جدول 1,ts_building_140404-14050319105758.xlsx
1393-Q4,1393,4,زمستان,شاخص کل,price_index,7.85584,index points,1402,,جدول 1,ts_building_140404-14050319105758.xlsx
1394-Q1,1394,1,بهار,شاخص کل,price_index,8.00883,index points,1402,,جدول 1,ts_building_140404-14050319105758.xlsx
1394-Q2,1394,2,تابستان,شاخص کل,price_index,8.02361,index points,1402,,جدول 1,ts_building_140404-14050319105758.xlsx
1394-Q3,1394,3,پاییز,شاخص کل,price_index,7.90976,index points,1402,,جدول 1,ts_building_140404-14050319105758.xlsx
1394-Q4,1394,4,زمستان,شاخص کل,price_index,7.8916,index points,1402,,جدول 1,ts_building_140404-14050319105758.xlsx
1395-Q1,1395,1,بهار,شاخص کل,price_index,8.26047,index points,1402,,جدول 1,ts_building_140404-14050319105758.xlsx
1395-Q2,1395,2,تابستان,شاخص کل,price_index,8.37812,index points,1402,,جدول 1,ts_building_140404-14050319105758.xlsx
1395-Q3,1395,3,پاییز,شاخص کل,price_index,8.69104,index points,1402,,جدول 1,ts_building_140404-14050319105758.xlsx
1395-Q4,1395,4,زمستان,شاخص کل,price_index,8.60631,index points,1402,,جدول 1,ts_building_140404-14050319105758.xlsx
1396-Q1,1396,1,بهار,شاخص کل,price_index,8.85347,index points,1402,,جدول 1,ts_building_140404-14050319105758.xlsx
1396-Q2,1396,2,تابستان,شاخص کل,price_index,9.50122,index points,1402,,جدول 1,ts_building_140404-14050319105758.xlsx
1396-Q3,1396,3,پاییز,شاخص کل,price_index,9.73088,index points,1402,,جدول 1,ts_building_140404-14050319105758.xlsx
1396-Q4,1396,4,زمستان,شاخص کل,price_index,10.02162,index points,1402,,جدول 1,ts_building_140404-14050319105758.xlsx
1397-Q1,1397,1,بهار,شاخص کل,price_index,11.26582,index points,1402,,جدول 1,ts_building_140404-14050319105758.xlsx
1397-Q2,1397,2,تابستان,شاخص کل,price_index,14.1654,index points,1402,,جدول 1,ts_building_140404-14050319105758.xlsx
1397-Q3,1397,3,پاییز,شاخص کل,price_index,14.86565,index points,1402,,جدول 1,ts_building_140404-14050319105758.xlsx
1397-Q4,1397,4,زمستان,شاخص کل,price_index,16.00768,index points,1402,,جدول 1,ts_building_140404-14050319105758.xlsx
1398-Q1,1398,1,بهار,شاخص کل,price_index,18.27228,index points,1402,,جدول 1,ts_building_140404-14050319105758.xlsx
1398-Q2,1398,2,تابستان,شاخص کل,price_index,18.31054,index points,1402,,جدول 1,ts_building_140404-14050319105758.xlsx
1398-Q3,1398,3,پاییز,شاخص کل,price_index,18.94129,index points,1402,,جدول 1,ts_building_140404-14050319105758.xlsx
1398-Q4,1398,4,زمستان,شاخص کل,price_index,20.54047,index points,1402,,جدول 1,ts_building_140404-14050319105758.xlsx
1399-Q1,1399,1,بهار,شاخص کل,price_index,24.09443,index points,1402,,جدول 1,ts_building_140404-14050319105758.xlsx
1399-Q2,1399,2,تابستان,شاخص کل,price_index,31.38529,index points,1402,,جدول 1,ts_building_140404-14050319105758.xlsx
1399-Q3,1399,3,پاییز,شاخص کل,price_index,38.17713,index points,1402,,جدول 1,ts_building_140404-14050319105758.xlsx
1399-Q4,1399,4,زمستان,شاخص کل,price_index,40.50882,index points,1402,,جدول 1,ts_building_140404-14050319105758.xlsx
1400-Q1,1400,1,بهار,شاخص کل,price_index,48.3476,index points,1402,,جدول 1,ts_building_140404-14050319105758.xlsx
1400-Q2,1400,2,تابستان,شاخص کل,price_index,51.83509,index points,1402,,جدول 1,ts_building_140404-14050319105758.xlsx
1400-Q3,1400,3,پاییز,شاخص کل,price_index,53.27745,index points,1402,,جدول 1,ts_building_140404-14050319105758.xlsx
1400-Q4,1400,4,زمستان,شاخص کل,price_index,54.9017,index points,1402,,جدول 1,ts_building_140404-14050319105758.xlsx
1401-Q1,1401,1,بهار,شاخص کل,price_index,69.35142,index points,1402,,جدول 1,ts_building_140404-14050319105758.xlsx
1401-Q2,1401,2,تابستان,شاخص کل,price_index,66.99905,index points,1402,,جدول 1,ts_building_140404-14050319105758.xlsx
1401-Q3,1401,3,پاییز,شاخص کل,price_index,70.10832,index points,1402,,جدول 1,ts_building_140404-14050319105758.xlsx
1401-Q4,1401,4,زمستان,شاخص کل,price_index,85.2292,index points,1402,,جدول 1,ts_building_140404-14050319105758.xlsx
1402-Q1,1402,1,بهار,شاخص کل,price_index,97.40281,index points,1402,,جدول 1,ts_building_140404-14050319105758.xlsx
1402-Q2,1402,2,تابستان,شاخص کل,price_index,98.43572,index points,1402,,جدول 1,ts_building_140404-14050319105758.xlsx
1402-Q3,1402,3,پاییز,شاخص کل,price_index,98.2226,index points,1402,,جدول 1,ts_building_140404-14050319105758.xlsx
1402-Q4,1402,4,زمستان,شاخص کل,price_index,105.93887,index points,1402,,جدول 1,ts_building_140404-14050319105758.xlsx
1403-Q1,1403,1,بهار,شاخص کل,price_index,117.29126,index points,1402,,جدول 1,ts_building_140404-14050319105758.xlsx
1403-Q2,1403,2,تابستان,شاخص کل,price_index,120.43525,index points,1402,,جدول 1,ts_building_140404-14050319105758.xlsx
1403-Q3,1403,3,پاییز,شاخص کل,price_index,126.93848,index points,1402,,جدول 1,ts_building_140404-14050319105758.xlsx
1403-Q4,1403,4,زمستان,شاخص کل,price_index,141.54561,index points,1402,,جدول 1,ts_building_140404-14050319105758.xlsx
1404-Q1,1404,1,بهار,شاخص کل,price_index,162.68307,index points,1402,,جدول 1,ts_building_140404-14050319105758.xlsx
1404-Q2,1404,2,تابستان,شاخص کل,price_index,172.98781,index points,1402,,جدول 1,ts_building_140404-14050319105758.xlsx
1404-Q3,1404,3,پاییز,شاخص کل,price_index,204.7935,index points,1402,,جدول 1,ts_building_140404-14050319105758.xlsx
1404-Q4,1404,4,زمستان,شاخص کل,price_index,278.6214,index points,1402,,جدول 1,ts_building_140404-14050319105758.xlsx
1390-Q1,1390,1,بهار,گروه سیمان بتن شن ماسه,price_index,3.78292,index points,1402,,جدول 1,ts_building_140404-14050319105758.xlsx
1390-Q2,1390,2,تابستان,گروه سیمان بتن شن ماسه,price_index,3.93787,index points,1402,,جدول 1,ts_building_140404-14050319105758.xlsx
1390-Q3,1390,3,پاییز,گروه سیمان بتن شن ماسه,price_index,3.96912,index points,1402,,جدول 1,ts_building_140404-14050319105758.xlsx
1390-Q4,1390,4,زمستان,گروه سیمان بتن شن ماسه,price_index,4.2355,index points,1402,,جدول 1,ts_building_140404-14050319105758.xlsx
1391-Q1,1391,1,بهار,گروه سیمان بتن شن ماسه,price_index,4.49451,index points,1402,,جدول 1,ts_building_140404-14050319105758.xlsx
1391-Q2,1391,2,تابستان,گروه سیمان بتن شن ماسه,price_index,4.53643,index points,1402,,جدول 1,ts_building_140404-14050319105758.xlsx
1391-Q3,1391,3,پاییز,گروه سیمان بتن شن ماسه,price_index,5.2451,index points,1402,,جدول 1,ts_building_140404-14050319105758.xlsx
1391-Q4,1391,4,زمستان,گروه سیمان بتن شن ماسه,price_index,5.32536,index points,1402,,جدول 1,ts_building_140404-14050319105758.xlsx
1392-Q1,1392,1,بهار,گروه سیمان بتن شن ماسه,price_index,6.21158,index points,1402,,جدول 1,ts_building_140404-14050319105758.xlsx
1392-Q2,1392,2,تابستان,گروه سیمان بتن شن ماسه,price_index,6.17661,index points,1402,,جدول 1,ts_building_140404-14050319105758.xlsx
1392-Q3,1392,3,پاییز,گروه سیمان بتن شن ماسه,price_index,6.15003,index points,1402,,جدول 1,ts_building_140404-14050319105758.xlsx
1392-Q4,1392,4,زمستان,گروه سیمان بتن شن ماسه,price_index,6.61977,index points,1402,,جدول 1,ts_building_140404-14050319105758.xlsx
1393-Q1,1393,1,بهار,گروه سیمان بتن شن ماسه,price_index,6.91665,index points,1402,,جدول 1,ts_building_140404-14050319105758.xlsx
1393-Q2,1393,2,تابستان,گروه سیمان بتن شن ماسه,price_index,7.36987,index points,1402,,جدول 1,ts_building_140404-14050319105758.xlsx
1393-Q3,1393,3,پاییز,گروه سیمان بتن شن ماسه,price_index,7.27751,index points,1402,,جدول 1,ts_building_140404-14050319105758.xlsx
1393-Q4,1393,4,زمستان,گروه سیمان بتن شن ماسه,price_index,7.1273,index points,1402,,جدول 1,ts_building_140404-14050319105758.xlsx
1394-Q1,1394,1,بهار,گروه سیمان بتن شن ماسه,price_index,7.19319,index points,1402,,جدول 1,ts_building_140404-14050319105758.xlsx
1394-Q2,1394,2,تابستان,گروه سیمان بتن شن ماسه,price_index,7.20272,index points,1402,,جدول 1,ts_building_140404-14050319105758.xlsx
1394-Q3,1394,3,پاییز,گروه سیمان بتن شن ماسه,price_index,7.02377,index points,1402,,جدول 1,ts_building_140404-14050319105758.xlsx
1394-Q4,1394,4,زمستان,گروه سیمان بتن شن ماسه,price_index,7.09717,index points,1402,,جدول 1,ts_building_140404-14050319105758.xlsx
1395-Q1,1395,1,بهار,گروه سیمان بتن شن ماسه,price_index,7.07454,index points,1402,,جدول 1,ts_building_140404-14050319105758.xlsx
1395-Q2,1395,2,تابستان,گروه سیمان بتن شن ماسه,price_index,7.29211,index points,1402,,جدول 1,ts_building_140404-14050319105758.xlsx
1395-Q3,1395,3,پاییز,گروه سیمان بتن شن ماسه,price_index,7.52567,index points,1402,,جدول 1,ts_building_140404-14050319105758.xlsx
1395-Q4,1395,4,زمستان,گروه سیمان بتن شن ماسه,price_index,7.51353,index points,1402,,جدول 1,ts_building_140404-14050319105758.xlsx
1396-Q1,1396,1,بهار,گروه سیمان بتن شن ماسه,price_index,7.6186,index points,1402,,جدول 1,ts_building_140404-14050319105758.xlsx
1396-Q2,1396,2,تابستان,گروه سیمان بتن شن ماسه,price_index,8.56913,index points,1402,,جدول 1,ts_building_140404-14050319105758.xlsx
1396-Q3,1396,3,پاییز,گروه سیمان بتن شن ماسه,price_index,8.69533,index points,1402,,جدول 1,ts_building_140404-14050319105758.xlsx
1396-Q4,1396,4,زمستان,گروه سیمان بتن شن ماسه,price_index,8.90602,index points,1402,,جدول 1,ts_building_140404-14050319105758.xlsx
1397-Q1,1397,1,بهار,گروه سیمان بتن شن ماسه,price_index,9.07407,index points,1402,,جدول 1,ts_building_140404-14050319105758.xlsx
1397-Q2,1397,2,تابستان,گروه سیمان بتن شن ماسه,price_index,10.00804,index points,1402,,جدول 1,ts_building_140404-14050319105758.xlsx
1397-Q3,1397,3,پاییز,گروه سیمان بتن شن ماسه,price_index,10.95814,index points,1402,,جدول 1,ts_building_140404-14050319105758.xlsx
1397-Q4,1397,4,زمستان,گروه سیمان بتن شن ماسه,price_index,12.03539,index points,1402,,جدول 1,ts_building_140404-14050319105758.xlsx
1398-Q1,1398,1,بهار,گروه سیمان بتن شن ماسه,price_index,14.25339,index points,1402,,جدول 1,ts_building_140404-14050319105758.xlsx
1398-Q2,1398,2,تابستان,گروه سیمان بتن شن ماسه,price_index,16.10012,index points,1402,,جدول 1,ts_building_140404-14050319105758.xlsx
1398-Q3,1398,3,پاییز,گروه سیمان بتن شن ماسه,price_index,16.07951,index points,1402,,جدول 1,ts_building_140404-14050319105758.xlsx
1398-Q4,1398,4,زمستان,گروه سیمان بتن شن ماسه,price_index,16.07951,index points,1402,,جدول 1,ts_building_140404-14050319105758.xlsx
1399-Q1,1399,1,بهار,گروه سیمان بتن شن ماسه,price_index,19.15757,index points,1402,,جدول 1,ts_building_140404-14050319105758.xlsx
1399-Q2,1399,2,تابستان,گروه سیمان بتن شن ماسه,price_index,22.55147,index points,1402,,جدول 1,ts_building_140404-14050319105758.xlsx
1399-Q3,1399,3,پاییز,گروه سیمان بتن شن ماسه,price_index,33.41982,index points,1402,,جدول 1,ts_building_140404-14050319105758.xlsx
1399-Q4,1399,4,زمستان,گروه سیمان بتن شن ماسه,price_index,37.57315,index points,1402,,جدول 1,ts_building_140404-14050319105758.xlsx
1400-Q1,1400,1,بهار,گروه سیمان بتن شن ماسه,price_index,46.56417,index points,1402,,جدول 1,ts_building_140404-14050319105758.xlsx
1400-Q2,1400,2,تابستان,گروه سیمان بتن شن ماسه,price_index,55.02516,index points,1402,,جدول 1,ts_building_140404-14050319105758.xlsx
1400-Q3,1400,3,پاییز,گروه سیمان بتن شن ماسه,price_index,51.37399,index points,1402,,جدول 1,ts_building_140404-14050319105758.xlsx
1400-Q4,1400,4,زمستان,گروه سیمان بتن شن ماسه,price_index,50.7075,index points,1402,,جدول 1,ts_building_140404-14050319105758.xlsx
1401-Q1,1401,1,بهار,گروه سیمان بتن شن ماسه,price_index,79.00537,index points,1402,,جدول 1,ts_building_140404-14050319105758.xlsx
1401-Q2,1401,2,تابستان,گروه سیمان بتن شن ماسه,price_index,66.82234,index points,1402,,جدول 1,ts_building_140404-14050319105758.xlsx
1401-Q3,1401,3,پاییز,گروه سیمان بتن شن ماسه,price_index,65.34667,index points,1402,,جدول 1,ts_building_140404-14050319105758.xlsx
1401-Q4,1401,4,زمستان,گروه سیمان بتن شن ماسه,price_index,75.49218,index points,1402,,جدول 1,ts_building_140404-14050319105758.xlsx
1402-Q1,1402,1,بهار,گروه سیمان بتن شن ماسه,price_index,92.38521,index points,1402,,جدول 1,ts_building_140404-14050319105758.xlsx
1402-Q2,1402,2,تابستان,گروه سیمان بتن شن ماسه,price_index,99.10909,index points,1402,,جدول 1,ts_building_140404-14050319105758.xlsx
1402-Q3,1402,3,پاییز,گروه سیمان بتن شن ماسه,price_index,100.97776,index points,1402,,جدول 1,ts_building_140404-14050319105758.xlsx
1402-Q4,1402,4,زمستان,گروه سیمان بتن شن ماسه,price_index,107.52794,index points,1402,,جدول 1,ts_building_140404-14050319105758.xlsx
1403-Q1,1403,1,بهار,گروه سیمان بتن شن ماسه,price_index,131.63724,index points,1402,,جدول 1,ts_building_140404-14050319105758.xlsx
1403-Q2,1403,2,تابستان,گروه سیمان بتن شن ماسه,price_index,138.83279,index points,1402,,جدول 1,ts_building_140404-14050319105758.xlsx
1403-Q3,1403,3,پاییز,گروه سیمان بتن شن ماسه,price_index,151.27288,index points,1402,,جدول 1,ts_building_140404-14050319105758.xlsx
1403-Q4,1403,4,زمستان,گروه سیمان بتن شن ماسه,price_index,164.20935,index points,1402,,جدول 1,ts_building_140404-14050319105758.xlsx
1404-Q1,1404,1,بهار,گروه سیمان بتن شن ماسه,price_index,192.81319,index points,1402,,جدول 1,ts_building_140404-14050319105758.xlsx
1404-Q2,1404,2,تابستان,گروه سیمان بتن شن ماسه,price_index,202.23084,index points,1402,,جدول 1,ts_building_140404-14050319105758.xlsx
1404-Q3,1404,3,پاییز,گروه سیمان بتن شن ماسه,price_index,198.6027,index points,1402,,جدول 1,ts_building_140404-14050319105758.xlsx
1404-Q4,1404,4,زمستان,گروه سیمان بتن شن ماسه,price_index,221.6253,index points,1402,,جدول 1,ts_building_140404-14050319105758.xlsx
1390-Q1,1390,1,بهار,گروه گچ و گچ کاری,price_index,4.62603,index points,1402,,جدول 1,ts_building_140404-14050319105758.xlsx
1390-Q2,1390,2,تابستان,گروه گچ و گچ کاری,price_index,4.56544,index points,1402,,جدول 1,ts_building_140404-14050319105758.xlsx
1390-Q3,1390,3,پاییز,گروه گچ و گچ کاری,price_index,4.57721,index points,1402,,جدول 1,ts_building_140404-14050319105758.xlsx
1390-Q4,1390,4,زمستان,گروه گچ و گچ کاری,price_index,4.62788,index points,1402,,جدول 1,ts_building_140404-14050319105758.xlsx
1391-Q1,1391,1,بهار,گروه گچ و گچ کاری,price_index,5.56227,index points,1402,,جدول 1,ts_building_140404-14050319105758.xlsx
1391-Q2,1391,2,تابستان,گروه گچ و گچ کاری,price_index,5.65116,index points,1402,,جدول 1,ts_building_140404-14050319105758.xlsx
1391-Q3,1391,3,پاییز,گروه گچ و گچ کاری,price_index,6.55552,index points,1402,,جدول 1,ts_building_140404-14050319105758.xlsx
1391-Q4,1391,4,زمستان,گروه گچ و گچ کاری,price_index,6.88506,index points,1402,,جدول 1,ts_building_140404-14050319105758.xlsx
1392-Q1,1392,1,بهار,گروه گچ و گچ کاری,price_index,7.85933,index points,1402,,جدول 1,ts_building_140404-14050319105758.xlsx
1392-Q2,1392,2,تابستان,گروه گچ و گچ کاری,price_index,7.9469,index points,1402,,جدول 1,ts_building_140404-14050319105758.xlsx
1392-Q3,1392,3,پاییز,گروه گچ و گچ کاری,price_index,7.86846,index points,1402,,جدول 1,ts_building_140404-14050319105758.xlsx
1392-Q4,1392,4,زمستان,گروه گچ و گچ کاری,price_index,8.09157,index points,1402,,جدول 1,ts_building_140404-14050319105758.xlsx
1393-Q1,1393,1,بهار,گروه گچ و گچ کاری,price_index,9.15225,index points,1402,,جدول 1,ts_building_140404-14050319105758.xlsx
1393-Q2,1393,2,تابستان,گروه گچ و گچ کاری,price_index,9.17701,index points,1402,,جدول 1,ts_building_140404-14050319105758.xlsx
1393-Q3,1393,3,پاییز,گروه گچ و گچ کاری,price_index,8.91677,index points,1402,,جدول 1,ts_building_140404-14050319105758.xlsx
1393-Q4,1393,4,زمستان,گروه گچ و گچ کاری,price_index,8.98625,index points,1402,,جدول 1,ts_building_140404-14050319105758.xlsx
1394-Q1,1394,1,بهار,گروه گچ و گچ کاری,price_index,9.0319,index points,1402,,جدول 1,ts_building_140404-14050319105758.xlsx
1394-Q2,1394,2,تابستان,گروه گچ و گچ کاری,price_index,8.9293,index points,1402,,جدول 1,ts_building_140404-14050319105758.xlsx
1394-Q3,1394,3,پاییز,گروه گچ و گچ کاری,price_index,9.04709,index points,1402,,جدول 1,ts_building_140404-14050319105758.xlsx
1394-Q4,1394,4,زمستان,گروه گچ و گچ کاری,price_index,8.98393,index points,1402,,جدول 1,ts_building_140404-14050319105758.xlsx
1395-Q1,1395,1,بهار,گروه گچ و گچ کاری,price_index,8.92539,index points,1402,,جدول 1,ts_building_140404-14050319105758.xlsx
1395-Q2,1395,2,تابستان,گروه گچ و گچ کاری,price_index,8.9884,index points,1402,,جدول 1,ts_building_140404-14050319105758.xlsx
1395-Q3,1395,3,پاییز,گروه گچ و گچ کاری,price_index,9.08716,index points,1402,,جدول 1,ts_building_140404-14050319105758.xlsx
1395-Q4,1395,4,زمستان,گروه گچ و گچ کاری,price_index,8.97908,index points,1402,,جدول 1,ts_building_140404-14050319105758.xlsx
1396-Q1,1396,1,بهار,گروه گچ و گچ کاری,price_index,9.26027,index points,1402,,جدول 1,ts_building_140404-14050319105758.xlsx
1396-Q2,1396,2,تابستان,گروه گچ و گچ کاری,price_index,9.26027,index points,1402,,جدول 1,ts_building_140404-14050319105758.xlsx
1396-Q3,1396,3,پاییز,گروه گچ و گچ کاری,price_index,9.29843,index points,1402,,جدول 1,ts_building_140404-14050319105758.xlsx
1396-Q4,1396,4,زمستان,گروه گچ و گچ کاری,price_index,9.46486,index points,1402,,جدول 1,ts_building_140404-14050319105758.xlsx
1397-Q1,1397,1,بهار,گروه گچ و گچ کاری,price_index,10.38444,index points,1402,,جدول 1,ts_building_140404-14050319105758.xlsx
1397-Q2,1397,2,تابستان,گروه گچ و گچ کاری,price_index,12.4679,index points,1402,,جدول 1,ts_building_140404-14050319105758.xlsx
1397-Q3,1397,3,پاییز,گروه گچ و گچ کاری,price_index,15.60418,index points,1402,,جدول 1,ts_building_140404-14050319105758.xlsx
1397-Q4,1397,4,زمستان,گروه گچ و گچ کاری,price_index,15.49154,index points,1402,,جدول 1,ts_building_140404-14050319105758.xlsx
1398-Q1,1398,1,بهار,گروه گچ و گچ کاری,price_index,18.54395,index points,1402,,جدول 1,ts_building_140404-14050319105758.xlsx
1398-Q2,1398,2,تابستان,گروه گچ و گچ کاری,price_index,18.70208,index points,1402,,جدول 1,ts_building_140404-14050319105758.xlsx
1398-Q3,1398,3,پاییز,گروه گچ و گچ کاری,price_index,19.94106,index points,1402,,جدول 1,ts_building_140404-14050319105758.xlsx
1398-Q4,1398,4,زمستان,گروه گچ و گچ کاری,price_index,20.1619,index points,1402,,جدول 1,ts_building_140404-14050319105758.xlsx
1399-Q1,1399,1,بهار,گروه گچ و گچ کاری,price_index,24.11951,index points,1402,,جدول 1,ts_building_140404-14050319105758.xlsx
1399-Q2,1399,2,تابستان,گروه گچ و گچ کاری,price_index,27.38318,index points,1402,,جدول 1,ts_building_140404-14050319105758.xlsx
1399-Q3,1399,3,پاییز,گروه گچ و گچ کاری,price_index,35.9807,index points,1402,,جدول 1,ts_building_140404-14050319105758.xlsx
1399-Q4,1399,4,زمستان,گروه گچ و گچ کاری,price_index,37.77724,index points,1402,,جدول 1,ts_building_140404-14050319105758.xlsx
1400-Q1,1400,1,بهار,گروه گچ و گچ کاری,price_index,45.07098,index points,1402,,جدول 1,ts_building_140404-14050319105758.xlsx
1400-Q2,1400,2,تابستان,گروه گچ و گچ کاری,price_index,47.60648,index points,1402,,جدول 1,ts_building_140404-14050319105758.xlsx
1400-Q3,1400,3,پاییز,گروه گچ و گچ کاری,price_index,48.83227,index points,1402,,جدول 1,ts_building_140404-14050319105758.xlsx
1400-Q4,1400,4,زمستان,گروه گچ و گچ کاری,price_index,51.16828,index points,1402,,جدول 1,ts_building_140404-14050319105758.xlsx
1401-Q1,1401,1,بهار,گروه گچ و گچ کاری,price_index,64.49635,index points,1402,,جدول 1,ts_building_140404-14050319105758.xlsx
1401-Q2,1401,2,تابستان,گروه گچ و گچ کاری,price_index,66.06211,index points,1402,,جدول 1,ts_building_140404-14050319105758.xlsx
1401-Q3,1401,3,پاییز,گروه گچ و گچ کاری,price_index,66.06211,index points,1402,,جدول 1,ts_building_140404-14050319105758.xlsx
1401-Q4,1401,4,زمستان,گروه گچ و گچ کاری,price_index,69.43036,index points,1402,,جدول 1,ts_building_140404-14050319105758.xlsx
1402-Q1,1402,1,بهار,گروه گچ و گچ کاری,price_index,80.96605,index points,1402,,جدول 1,ts_building_140404-14050319105758.xlsx
1402-Q2,1402,2,تابستان,گروه گچ و گچ کاری,price_index,97.61274,index points,1402,,جدول 1,ts_building_140404-14050319105758.xlsx
1402-Q3,1402,3,پاییز,گروه گچ و گچ کاری,price_index,99.5844,index points,1402,,جدول 1,ts_building_140404-14050319105758.xlsx
1402-Q4,1402,4,زمستان,گروه گچ و گچ کاری,price_index,121.83681,index points,1402,,جدول 1,ts_building_140404-14050319105758.xlsx
1403-Q1,1403,1,بهار,گروه گچ و گچ کاری,price_index,128.6758,index points,1402,,جدول 1,ts_building_140404-14050319105758.xlsx
1403-Q2,1403,2,تابستان,گروه گچ و گچ کاری,price_index,145.7395,index points,1402,,جدول 1,ts_building_140404-14050319105758.xlsx
1403-Q3,1403,3,پاییز,گروه گچ و گچ کاری,price_index,150.62997,index points,1402,,جدول 1,ts_building_140404-14050319105758.xlsx
1403-Q4,1403,4,زمستان,گروه گچ و گچ کاری,price_index,185.74447,index points,1402,,جدول 1,ts_building_140404-14050319105758.xlsx
1404-Q1,1404,1,بهار,گروه گچ و گچ کاری,price_index,223.45688,index points,1402,,جدول 1,ts_building_140404-14050319105758.xlsx
1404-Q2,1404,2,تابستان,گروه گچ و گچ کاری,price_index,236.0422,index points,1402,,جدول 1,ts_building_140404-14050319105758.xlsx
1404-Q3,1404,3,پاییز,گروه گچ و گچ کاری,price_index,245.7363,index points,1402,,جدول 1,ts_building_140404-14050319105758.xlsx
1404-Q4,1404,4,زمستان,گروه گچ و گچ کاری,price_index,298.1355,index points,1402,,جدول 1,ts_building_140404-14050319105758.xlsx
1390-Q1,1390,1,بهار,گروه انواع بلوک سفال آجر,price_index,4.95738,index points,1402,,جدول 1,ts_building_140404-14050319105758.xlsx
1390-Q2,1390,2,تابستان,گروه انواع بلوک سفال آجر,price_index,5.02369,index points,1402,,جدول 1,ts_building_140404-14050319105758.xlsx
1390-Q3,1390,3,پاییز,گروه انواع بلوک سفال آجر,price_index,5.10817,index points,1402,,جدول 1,ts_building_140404-14050319105758.xlsx
1390-Q4,1390,4,زمستان,گروه انواع بلوک سفال آجر,price_index,5.20494,index points,1402,,جدول 1,ts_building_140404-14050319105758.xlsx
1391-Q1,1391,1,بهار,گروه انواع بلوک سفال آجر,price_index,5.82375,index points,1402,,جدول 1,ts_building_140404-14050319105758.xlsx
1391-Q2,1391,2,تابستان,گروه انواع بلوک سفال آجر,price_index,6.14055,index points,1402,,جدول 1,ts_building_140404-14050319105758.xlsx
1391-Q3,1391,3,پاییز,گروه انواع بلوک سفال آجر,price_index,6.45188,index points,1402,,جدول 1,ts_building_140404-14050319105758.xlsx
1391-Q4,1391,4,زمستان,گروه انواع بلوک سفال آجر,price_index,6.77383,index points,1402,,جدول 1,ts_building_140404-14050319105758.xlsx
1392-Q1,1392,1,بهار,گروه انواع بلوک سفال آجر,price_index,7.40279,index points,1402,,جدول 1,ts_building_140404-14050319105758.xlsx
1392-Q2,1392,2,تابستان,گروه انواع بلوک سفال آجر,price_index,7.37245,index points,1402,,جدول 1,ts_building_140404-14050319105758.xlsx
1392-Q3,1392,3,پاییز,گروه انواع بلوک سفال آجر,price_index,7.32675,index points,1402,,جدول 1,ts_building_140404-14050319105758.xlsx
1392-Q4,1392,4,زمستان,گروه انواع بلوک سفال آجر,price_index,7.35751,index points,1402,,جدول 1,ts_building_140404-14050319105758.xlsx
1393-Q1,1393,1,بهار,گروه انواع بلوک سفال آجر,price_index,7.64061,index points,1402,,جدول 1,ts_building_140404-14050319105758.xlsx
1393-Q2,1393,2,تابستان,گروه انواع بلوک سفال آجر,price_index,8.43293,index points,1402,,جدول 1,ts_building_140404-14050319105758.xlsx
1393-Q3,1393,3,پاییز,گروه انواع بلوک سفال آجر,price_index,8.52546,index points,1402,,جدول 1,ts_building_140404-14050319105758.xlsx
1393-Q4,1393,4,زمستان,گروه انواع بلوک سفال آجر,price_index,8.56479,index points,1402,,جدول 1,ts_building_140404-14050319105758.xlsx
1394-Q1,1394,1,بهار,گروه انواع بلوک سفال آجر,price_index,8.51282,index points,1402,,جدول 1,ts_building_140404-14050319105758.xlsx
1394-Q2,1394,2,تابستان,گروه انواع بلوک سفال آجر,price_index,8.46744,index points,1402,,جدول 1,ts_building_140404-14050319105758.xlsx
1394-Q3,1394,3,پاییز,گروه انواع بلوک سفال آجر,price_index,8.44179,index points,1402,,جدول 1,ts_building_140404-14050319105758.xlsx
1394-Q4,1394,4,زمستان,گروه انواع بلوک سفال آجر,price_index,8.48723,index points,1402,,جدول 1,ts_building_140404-14050319105758.xlsx
1395-Q1,1395,1,بهار,گروه انواع بلوک سفال آجر,price_index,8.54295,index points,1402,,جدول 1,ts_building_140404-14050319105758.xlsx
1395-Q2,1395,2,تابستان,گروه انواع بلوک سفال آجر,price_index,8.59377,index points,1402,,جدول 1,ts_building_140404-14050319105758.xlsx
1395-Q3,1395,3,پاییز,گروه انواع بلوک سفال آجر,price_index,8.77926,index points,1402,,جدول 1,ts_building_140404-14050319105758.xlsx
1395-Q4,1395,4,زمستان,گروه انواع بلوک سفال آجر,price_index,8.72642,index points,1402,,جدول 1,ts_building_140404-14050319105758.xlsx
1396-Q1,1396,1,بهار,گروه انواع بلوک سفال آجر,price_index,8.95103,index points,1402,,جدول 1,ts_building_140404-14050319105758.xlsx
1396-Q2,1396,2,تابستان,گروه انواع بلوک سفال آجر,price_index,9.07664,index points,1402,,جدول 1,ts_building_140404-14050319105758.xlsx
1396-Q3,1396,3,پاییز,گروه انواع بلوک سفال آجر,price_index,9.20205,index points,1402,,جدول 1,ts_building_140404-14050319105758.xlsx
1396-Q4,1396,4,زمستان,گروه انواع بلوک سفال آجر,price_index,9.30293,index points,1402,,جدول 1,ts_building_140404-14050319105758.xlsx
1397-Q1,1397,1,بهار,گروه انواع بلوک سفال آجر,price_index,9.91297,index points,1402,,جدول 1,ts_building_140404-14050319105758.xlsx
1397-Q2,1397,2,تابستان,گروه انواع بلوک سفال آجر,price_index,10.9553,index points,1402,,جدول 1,ts_building_140404-14050319105758.xlsx
1397-Q3,1397,3,پاییز,گروه انواع بلوک سفال آجر,price_index,12.42051,index points,1402,,جدول 1,ts_building_140404-14050319105758.xlsx
1397-Q4,1397,4,زمستان,گروه انواع بلوک سفال آجر,price_index,13.45699,index points,1402,,جدول 1,ts_building_140404-14050319105758.xlsx
1398-Q1,1398,1,بهار,گروه انواع بلوک سفال آجر,price_index,16.73626,index points,1402,,جدول 1,ts_building_140404-14050319105758.xlsx
1398-Q2,1398,2,تابستان,گروه انواع بلوک سفال آجر,price_index,17.61463,index points,1402,,جدول 1,ts_building_140404-14050319105758.xlsx
1398-Q3,1398,3,پاییز,گروه انواع بلوک سفال آجر,price_index,18.55123,index points,1402,,جدول 1,ts_building_140404-14050319105758.xlsx
1398-Q4,1398,4,زمستان,گروه انواع بلوک سفال آجر,price_index,19.04016,index points,1402,,جدول 1,ts_building_140404-14050319105758.xlsx
1399-Q1,1399,1,بهار,گروه انواع بلوک سفال آجر,price_index,22.69095,index points,1402,,جدول 1,ts_building_140404-14050319105758.xlsx
1399-Q2,1399,2,تابستان,گروه انواع بلوک سفال آجر,price_index,29.49178,index points,1402,,جدول 1,ts_building_140404-14050319105758.xlsx
1399-Q3,1399,3,پاییز,گروه انواع بلوک سفال آجر,price_index,36.52216,index points,1402,,جدول 1,ts_building_140404-14050319105758.xlsx
1399-Q4,1399,4,زمستان,گروه انواع بلوک سفال آجر,price_index,39.52846,index points,1402,,جدول 1,ts_building_140404-14050319105758.xlsx
1400-Q1,1400,1,بهار,گروه انواع بلوک سفال آجر,price_index,45.59313,index points,1402,,جدول 1,ts_building_140404-14050319105758.xlsx
1400-Q2,1400,2,تابستان,گروه انواع بلوک سفال آجر,price_index,48.35454,index points,1402,,جدول 1,ts_building_140404-14050319105758.xlsx
1400-Q3,1400,3,پاییز,گروه انواع بلوک سفال آجر,price_index,52.9345,index points,1402,,جدول 1,ts_building_140404-14050319105758.xlsx
1400-Q4,1400,4,زمستان,گروه انواع بلوک سفال آجر,price_index,55.58557,index points,1402,,جدول 1,ts_building_140404-14050319105758.xlsx
1401-Q1,1401,1,بهار,گروه انواع بلوک سفال آجر,price_index,64.53809,index points,1402,,جدول 1,ts_building_140404-14050319105758.xlsx
1401-Q2,1401,2,تابستان,گروه انواع بلوک سفال آجر,price_index,69.95492,index points,1402,,جدول 1,ts_building_140404-14050319105758.xlsx
1401-Q3,1401,3,پاییز,گروه انواع بلوک سفال آجر,price_index,70.58118,index points,1402,,جدول 1,ts_building_140404-14050319105758.xlsx
1401-Q4,1401,4,زمستان,گروه انواع بلوک سفال آجر,price_index,74.4805,index points,1402,,جدول 1,ts_building_140404-14050319105758.xlsx
1402-Q1,1402,1,بهار,گروه انواع بلوک سفال آجر,price_index,87.0686,index points,1402,,جدول 1,ts_building_140404-14050319105758.xlsx
1402-Q2,1402,2,تابستان,گروه انواع بلوک سفال آجر,price_index,96.56216,index points,1402,,جدول 1,ts_building_140404-14050319105758.xlsx
1402-Q3,1402,3,پاییز,گروه انواع بلوک سفال آجر,price_index,97.62852,index points,1402,,جدول 1,ts_building_140404-14050319105758.xlsx
1402-Q4,1402,4,زمستان,گروه انواع بلوک سفال آجر,price_index,118.74072,index points,1402,,جدول 1,ts_building_140404-14050319105758.xlsx
1403-Q1,1403,1,بهار,گروه انواع بلوک سفال آجر,price_index,128.59134,index points,1402,,جدول 1,ts_building_140404-14050319105758.xlsx
1403-Q2,1403,2,تابستان,گروه انواع بلوک سفال آجر,price_index,134.25393,index points,1402,,جدول 1,ts_building_140404-14050319105758.xlsx
1403-Q3,1403,3,پاییز,گروه انواع بلوک سفال آجر,price_index,144.84083,index points,1402,,جدول 1,ts_building_140404-14050319105758.xlsx
1403-Q4,1403,4,زمستان,گروه انواع بلوک سفال آجر,price_index,174.9261,index points,1402,,جدول 1,ts_building_140404-14050319105758.xlsx
1404-Q1,1404,1,بهار,گروه انواع بلوک سفال آجر,price_index,207.98098,index points,1402,,جدول 1,ts_building_140404-14050319105758.xlsx
1404-Q2,1404,2,تابستان,گروه انواع بلوک سفال آجر,price_index,215.21441,index points,1402,,جدول 1,ts_building_140404-14050319105758.xlsx
1404-Q3,1404,3,پاییز,گروه انواع بلوک سفال آجر,price_index,222.1032,index points,1402,,جدول 1,ts_building_140404-14050319105758.xlsx
1404-Q4,1404,4,زمستان,گروه انواع بلوک سفال آجر,price_index,238.6004,index points,1402,,جدول 1,ts_building_140404-14050319105758.xlsx
1390-Q1,1390,1,بهار,گروه موزاییک کاشی سرامیک,price_index,4.58134,index points,1402,,جدول 1,ts_building_140404-14050319105758.xlsx
1390-Q2,1390,2,تابستان,گروه موزاییک کاشی سرامیک,price_index,4.82315,index points,1402,,جدول 1,ts_building_140404-14050319105758.xlsx
1390-Q3,1390,3,پاییز,گروه موزاییک کاشی سرامیک,price_index,4.87037,index points,1402,,جدول 1,ts_building_140404-14050319105758.xlsx
1390-Q4,1390,4,زمستان,گروه موزاییک کاشی سرامیک,price_index,5.00438,index points,1402,,جدول 1,ts_building_140404-14050319105758.xlsx
1391-Q1,1391,1,بهار,گروه موزاییک کاشی سرامیک,price_index,5.24967,index points,1402,,جدول 1,ts_building_140404-14050319105758.xlsx
1391-Q2,1391,2,تابستان,گروه موزاییک کاشی سرامیک,price_index,5.45385,index points,1402,,جدول 1,ts_building_140404-14050319105758.xlsx
1391-Q3,1391,3,پاییز,گروه موزاییک کاشی سرامیک,price_index,6.20632,index points,1402,,جدول 1,ts_building_140404-14050319105758.xlsx
1391-Q4,1391,4,زمستان,گروه موزاییک کاشی سرامیک,price_index,6.2936,index points,1402,,جدول 1,ts_building_140404-14050319105758.xlsx
1392-Q1,1392,1,بهار,گروه موزاییک کاشی سرامیک,price_index,7.19742,index points,1402,,جدول 1,ts_building_140404-14050319105758.xlsx
1392-Q2,1392,2,تابستان,گروه موزاییک کاشی سرامیک,price_index,7.37107,index points,1402,,جدول 1,ts_building_140404-14050319105758.xlsx
1392-Q3,1392,3,پاییز,گروه موزاییک کاشی سرامیک,price_index,7.58796,index points,1402,,جدول 1,ts_building_140404-14050319105758.xlsx
1392-Q4,1392,4,زمستان,گروه موزاییک کاشی سرامیک,price_index,7.65241,index points,1402,,جدول 1,ts_building_140404-14050319105758.xlsx
1393-Q1,1393,1,بهار,گروه موزاییک کاشی سرامیک,price_index,8.06214,index points,1402,,جدول 1,ts_building_140404-14050319105758.xlsx
1393-Q2,1393,2,تابستان,گروه موزاییک کاشی سرامیک,price_index,8.13768,index points,1402,,جدول 1,ts_building_140404-14050319105758.xlsx
1393-Q3,1393,3,پاییز,گروه موزاییک کاشی سرامیک,price_index,8.47487,index points,1402,,جدول 1,ts_building_140404-14050319105758.xlsx
1393-Q4,1393,4,زمستان,گروه موزاییک کاشی سرامیک,price_index,8.49023,index points,1402,,جدول 1,ts_building_140404-14050319105758.xlsx
1394-Q1,1394,1,بهار,گروه موزاییک کاشی سرامیک,price_index,8.51838,index points,1402,,جدول 1,ts_building_140404-14050319105758.xlsx
1394-Q2,1394,2,تابستان,گروه موزاییک کاشی سرامیک,price_index,8.56901,index points,1402,,جدول 1,ts_building_140404-14050319105758.xlsx
1394-Q3,1394,3,پاییز,گروه موزاییک کاشی سرامیک,price_index,8.58131,index points,1402,,جدول 1,ts_building_140404-14050319105758.xlsx
1394-Q4,1394,4,زمستان,گروه موزاییک کاشی سرامیک,price_index,8.5805,index points,1402,,جدول 1,ts_building_140404-14050319105758.xlsx
1395-Q1,1395,1,بهار,گروه موزاییک کاشی سرامیک,price_index,8.55252,index points,1402,,جدول 1,ts_building_140404-14050319105758.xlsx
1395-Q2,1395,2,تابستان,گروه موزاییک کاشی سرامیک,price_index,8.59973,index points,1402,,جدول 1,ts_building_140404-14050319105758.xlsx
1395-Q3,1395,3,پاییز,گروه موزاییک کاشی سرامیک,price_index,8.6593,index points,1402,,جدول 1,ts_building_140404-14050319105758.xlsx
1395-Q4,1395,4,زمستان,گروه موزاییک کاشی سرامیک,price_index,8.68055,index points,1402,,جدول 1,ts_building_140404-14050319105758.xlsx
1396-Q1,1396,1,بهار,گروه موزاییک کاشی سرامیک,price_index,8.89586,index points,1402,,جدول 1,ts_building_140404-14050319105758.xlsx
1396-Q2,1396,2,تابستان,گروه موزاییک کاشی سرامیک,price_index,9.16452,index points,1402,,جدول 1,ts_building_140404-14050319105758.xlsx
1396-Q3,1396,3,پاییز,گروه موزاییک کاشی سرامیک,price_index,9.27319,index points,1402,,جدول 1,ts_building_140404-14050319105758.xlsx
1396-Q4,1396,4,زمستان,گروه موزاییک کاشی سرامیک,price_index,9.33182,index points,1402,,جدول 1,ts_building_140404-14050319105758.xlsx
1397-Q1,1397,1,بهار,گروه موزاییک کاشی سرامیک,price_index,10.01134,index points,1402,,جدول 1,ts_building_140404-14050319105758.xlsx
1397-Q2,1397,2,تابستان,گروه موزاییک کاشی سرامیک,price_index,11.8791,index points,1402,,جدول 1,ts_building_140404-14050319105758.xlsx
1397-Q3,1397,3,پاییز,گروه موزاییک کاشی سرامیک,price_index,14.05379,index points,1402,,جدول 1,ts_building_140404-14050319105758.xlsx
1397-Q4,1397,4,زمستان,گروه موزاییک کاشی سرامیک,price_index,14.66332,index points,1402,,جدول 1,ts_building_140404-14050319105758.xlsx
1398-Q1,1398,1,بهار,گروه موزاییک کاشی سرامیک,price_index,17.48006,index points,1402,,جدول 1,ts_building_140404-14050319105758.xlsx
1398-Q2,1398,2,تابستان,گروه موزاییک کاشی سرامیک,price_index,18.31306,index points,1402,,جدول 1,ts_building_140404-14050319105758.xlsx
1398-Q3,1398,3,پاییز,گروه موزاییک کاشی سرامیک,price_index,18.5561,index points,1402,,جدول 1,ts_building_140404-14050319105758.xlsx
1398-Q4,1398,4,زمستان,گروه موزاییک کاشی سرامیک,price_index,19.19982,index points,1402,,جدول 1,ts_building_140404-14050319105758.xlsx
1399-Q1,1399,1,بهار,گروه موزاییک کاشی سرامیک,price_index,22.56333,index points,1402,,جدول 1,ts_building_140404-14050319105758.xlsx
1399-Q2,1399,2,تابستان,گروه موزاییک کاشی سرامیک,price_index,28.70503,index points,1402,,جدول 1,ts_building_140404-14050319105758.xlsx
1399-Q3,1399,3,پاییز,گروه موزاییک کاشی سرامیک,price_index,37.46303,index points,1402,,جدول 1,ts_building_140404-14050319105758.xlsx
1399-Q4,1399,4,زمستان,گروه موزاییک کاشی سرامیک,price_index,40.45072,index points,1402,,جدول 1,ts_building_140404-14050319105758.xlsx
1400-Q1,1400,1,بهار,گروه موزاییک کاشی سرامیک,price_index,46.48126,index points,1402,,جدول 1,ts_building_140404-14050319105758.xlsx
1400-Q2,1400,2,تابستان,گروه موزاییک کاشی سرامیک,price_index,50.80895,index points,1402,,جدول 1,ts_building_140404-14050319105758.xlsx
1400-Q3,1400,3,پاییز,گروه موزاییک کاشی سرامیک,price_index,54.25384,index points,1402,,جدول 1,ts_building_140404-14050319105758.xlsx
1400-Q4,1400,4,زمستان,گروه موزاییک کاشی سرامیک,price_index,56.62745,index points,1402,,جدول 1,ts_building_140404-14050319105758.xlsx
1401-Q1,1401,1,بهار,گروه موزاییک کاشی سرامیک,price_index,68.01295,index points,1402,,جدول 1,ts_building_140404-14050319105758.xlsx
1401-Q2,1401,2,تابستان,گروه موزاییک کاشی سرامیک,price_index,69.4949,index points,1402,,جدول 1,ts_building_140404-14050319105758.xlsx
1401-Q3,1401,3,پاییز,گروه موزاییک کاشی سرامیک,price_index,71.34133,index points,1402,,جدول 1,ts_building_140404-14050319105758.xlsx
1401-Q4,1401,4,زمستان,گروه موزاییک کاشی سرامیک,price_index,78.37501,index points,1402,,جدول 1,ts_building_140404-14050319105758.xlsx
1402-Q1,1402,1,بهار,گروه موزاییک کاشی سرامیک,price_index,90.51443,index points,1402,,جدول 1,ts_building_140404-14050319105758.xlsx
1402-Q2,1402,2,تابستان,گروه موزاییک کاشی سرامیک,price_index,96.53857,index points,1402,,جدول 1,ts_building_140404-14050319105758.xlsx
1402-Q3,1402,3,پاییز,گروه موزاییک کاشی سرامیک,price_index,99.6449,index points,1402,,جدول 1,ts_building_140404-14050319105758.xlsx
1402-Q4,1402,4,زمستان,گروه موزاییک کاشی سرامیک,price_index,113.3021,index points,1402,,جدول 1,ts_building_140404-14050319105758.xlsx
1403-Q1,1403,1,بهار,گروه موزاییک کاشی سرامیک,price_index,125.64898,index points,1402,,جدول 1,ts_building_140404-14050319105758.xlsx
1403-Q2,1403,2,تابستان,گروه موزاییک کاشی سرامیک,price_index,131.60098,index points,1402,,جدول 1,ts_building_140404-14050319105758.xlsx
1403-Q3,1403,3,پاییز,گروه موزاییک کاشی سرامیک,price_index,136.16249,index points,1402,,جدول 1,ts_building_140404-14050319105758.xlsx
1403-Q4,1403,4,زمستان,گروه موزاییک کاشی سرامیک,price_index,158.83161,index points,1402,,جدول 1,ts_building_140404-14050319105758.xlsx
1404-Q1,1404,1,بهار,گروه موزاییک کاشی سرامیک,price_index,181.38536,index points,1402,,جدول 1,ts_building_140404-14050319105758.xlsx
1404-Q2,1404,2,تابستان,گروه موزاییک کاشی سرامیک,price_index,196.35875,index points,1402,,جدول 1,ts_building_140404-14050319105758.xlsx
1404-Q3,1404,3,پاییز,گروه موزاییک کاشی سرامیک,price_index,220.4179,index points,1402,,جدول 1,ts_building_140404-14050319105758.xlsx
1404-Q4,1404,4,زمستان,گروه موزاییک کاشی سرامیک,price_index,270.9029,index points,1402,,جدول 1,ts_building_140404-14050319105758.xlsx
1390-Q1,1390,1,بهار,گروه سنگ,price_index,4.50863,index points,1402,,جدول 1,ts_building_140404-14050319105758.xlsx
1390-Q2,1390,2,تابستان,گروه سنگ,price_index,4.52777,index points,1402,,جدول 1,ts_building_140404-14050319105758.xlsx
1390-Q3,1390,3,پاییز,گروه سنگ,price_index,4.65121,index points,1402,,جدول 1,ts_building_140404-14050319105758.xlsx
1390-Q4,1390,4,زمستان,گروه سنگ,price_index,4.83925,index points,1402,,جدول 1,ts_building_140404-14050319105758.xlsx
1391-Q1,1391,1,بهار,گروه سنگ,price_index,5.41544,index points,1402,,جدول 1,ts_building_140404-14050319105758.xlsx
1391-Q2,1391,2,تابستان,گروه سنگ,price_index,5.66459,index points,1402,,جدول 1,ts_building_140404-14050319105758.xlsx
1391-Q3,1391,3,پاییز,گروه سنگ,price_index,6.8038,index points,1402,,جدول 1,ts_building_140404-14050319105758.xlsx
1391-Q4,1391,4,زمستان,گروه سنگ,price_index,7.24488,index points,1402,,جدول 1,ts_building_140404-14050319105758.xlsx
1392-Q1,1392,1,بهار,گروه سنگ,price_index,8.30768,index points,1402,,جدول 1,ts_building_140404-14050319105758.xlsx
1392-Q2,1392,2,تابستان,گروه سنگ,price_index,8.72452,index points,1402,,جدول 1,ts_building_140404-14050319105758.xlsx
1392-Q3,1392,3,پاییز,گروه سنگ,price_index,8.81761,index points,1402,,جدول 1,ts_building_140404-14050319105758.xlsx
1392-Q4,1392,4,زمستان,گروه سنگ,price_index,8.81519,index points,1402,,جدول 1,ts_building_140404-14050319105758.xlsx
1393-Q1,1393,1,بهار,گروه سنگ,price_index,9.43301,index points,1402,,جدول 1,ts_building_140404-14050319105758.xlsx
1393-Q2,1393,2,تابستان,گروه سنگ,price_index,9.66519,index points,1402,,جدول 1,ts_building_140404-14050319105758.xlsx
1393-Q3,1393,3,پاییز,گروه سنگ,price_index,9.73844,index points,1402,,جدول 1,ts_building_140404-14050319105758.xlsx
1393-Q4,1393,4,زمستان,گروه سنگ,price_index,9.58798,index points,1402,,جدول 1,ts_building_140404-14050319105758.xlsx
1394-Q1,1394,1,بهار,گروه سنگ,price_index,9.60326,index points,1402,,جدول 1,ts_building_140404-14050319105758.xlsx
1394-Q2,1394,2,تابستان,گروه سنگ,price_index,9.6029,index points,1402,,جدول 1,ts_building_140404-14050319105758.xlsx
1394-Q3,1394,3,پاییز,گروه سنگ,price_index,9.54086,index points,1402,,جدول 1,ts_building_140404-14050319105758.xlsx
1394-Q4,1394,4,زمستان,گروه سنگ,price_index,9.55359,index points,1402,,جدول 1,ts_building_140404-14050319105758.xlsx
1395-Q1,1395,1,بهار,گروه سنگ,price_index,9.53943,index points,1402,,جدول 1,ts_building_140404-14050319105758.xlsx
1395-Q2,1395,2,تابستان,گروه سنگ,price_index,9.63473,index points,1402,,جدول 1,ts_building_140404-14050319105758.xlsx
1395-Q3,1395,3,پاییز,گروه سنگ,price_index,9.64011,index points,1402,,جدول 1,ts_building_140404-14050319105758.xlsx
1395-Q4,1395,4,زمستان,گروه سنگ,price_index,9.54831,index points,1402,,جدول 1,ts_building_140404-14050319105758.xlsx
1396-Q1,1396,1,بهار,گروه سنگ,price_index,9.53922,index points,1402,,جدول 1,ts_building_140404-14050319105758.xlsx
1396-Q2,1396,2,تابستان,گروه سنگ,price_index,9.49687,index points,1402,,جدول 1,ts_building_140404-14050319105758.xlsx
1396-Q3,1396,3,پاییز,گروه سنگ,price_index,9.58951,index points,1402,,جدول 1,ts_building_140404-14050319105758.xlsx
1396-Q4,1396,4,زمستان,گروه سنگ,price_index,9.57848,index points,1402,,جدول 1,ts_building_140404-14050319105758.xlsx
1397-Q1,1397,1,بهار,گروه سنگ,price_index,10.21817,index points,1402,,جدول 1,ts_building_140404-14050319105758.xlsx
1397-Q2,1397,2,تابستان,گروه سنگ,price_index,11.66695,index points,1402,,جدول 1,ts_building_140404-14050319105758.xlsx
1397-Q3,1397,3,پاییز,گروه سنگ,price_index,13.32303,index points,1402,,جدول 1,ts_building_140404-14050319105758.xlsx
1397-Q4,1397,4,زمستان,گروه سنگ,price_index,13.63187,index points,1402,,جدول 1,ts_building_140404-14050319105758.xlsx
1398-Q1,1398,1,بهار,گروه سنگ,price_index,15.1796,index points,1402,,جدول 1,ts_building_140404-14050319105758.xlsx
1398-Q2,1398,2,تابستان,گروه سنگ,price_index,15.77983,index points,1402,,جدول 1,ts_building_140404-14050319105758.xlsx
1398-Q3,1398,3,پاییز,گروه سنگ,price_index,17.34194,index points,1402,,جدول 1,ts_building_140404-14050319105758.xlsx
1398-Q4,1398,4,زمستان,گروه سنگ,price_index,17.45222,index points,1402,,جدول 1,ts_building_140404-14050319105758.xlsx
1399-Q1,1399,1,بهار,گروه سنگ,price_index,21.62531,index points,1402,,جدول 1,ts_building_140404-14050319105758.xlsx
1399-Q2,1399,2,تابستان,گروه سنگ,price_index,27.92763,index points,1402,,جدول 1,ts_building_140404-14050319105758.xlsx
1399-Q3,1399,3,پاییز,گروه سنگ,price_index,36.5754,index points,1402,,جدول 1,ts_building_140404-14050319105758.xlsx
1399-Q4,1399,4,زمستان,گروه سنگ,price_index,41.86527,index points,1402,,جدول 1,ts_building_140404-14050319105758.xlsx
1400-Q1,1400,1,بهار,گروه سنگ,price_index,52.70599,index points,1402,,جدول 1,ts_building_140404-14050319105758.xlsx
1400-Q2,1400,2,تابستان,گروه سنگ,price_index,56.10032,index points,1402,,جدول 1,ts_building_140404-14050319105758.xlsx
1400-Q3,1400,3,پاییز,گروه سنگ,price_index,60.99884,index points,1402,,جدول 1,ts_building_140404-14050319105758.xlsx
1400-Q4,1400,4,زمستان,گروه سنگ,price_index,63.06223,index points,1402,,جدول 1,ts_building_140404-14050319105758.xlsx
1401-Q1,1401,1,بهار,گروه سنگ,price_index,69.9115,index points,1402,,جدول 1,ts_building_140404-14050319105758.xlsx
1401-Q2,1401,2,تابستان,گروه سنگ,price_index,73.78584,index points,1402,,جدول 1,ts_building_140404-14050319105758.xlsx
1401-Q3,1401,3,پاییز,گروه سنگ,price_index,76.21928,index points,1402,,جدول 1,ts_building_140404-14050319105758.xlsx
1401-Q4,1401,4,زمستان,گروه سنگ,price_index,87.37723,index points,1402,,جدول 1,ts_building_140404-14050319105758.xlsx
1402-Q1,1402,1,بهار,گروه سنگ,price_index,95.29781,index points,1402,,جدول 1,ts_building_140404-14050319105758.xlsx
1402-Q2,1402,2,تابستان,گروه سنگ,price_index,98.5981,index points,1402,,جدول 1,ts_building_140404-14050319105758.xlsx
1402-Q3,1402,3,پاییز,گروه سنگ,price_index,98.80241,index points,1402,,جدول 1,ts_building_140404-14050319105758.xlsx
1402-Q4,1402,4,زمستان,گروه سنگ,price_index,107.30167,index points,1402,,جدول 1,ts_building_140404-14050319105758.xlsx
1403-Q1,1403,1,بهار,گروه سنگ,price_index,117.91855,index points,1402,,جدول 1,ts_building_140404-14050319105758.xlsx
1403-Q2,1403,2,تابستان,گروه سنگ,price_index,121.6914,index points,1402,,جدول 1,ts_building_140404-14050319105758.xlsx
1403-Q3,1403,3,پاییز,گروه سنگ,price_index,128.68336,index points,1402,,جدول 1,ts_building_140404-14050319105758.xlsx
1403-Q4,1403,4,زمستان,گروه سنگ,price_index,146.40556,index points,1402,,جدول 1,ts_building_140404-14050319105758.xlsx
1404-Q1,1404,1,بهار,گروه سنگ,price_index,169.31917,index points,1402,,جدول 1,ts_building_140404-14050319105758.xlsx
1404-Q2,1404,2,تابستان,گروه سنگ,price_index,181.82236,index points,1402,,جدول 1,ts_building_140404-14050319105758.xlsx
1404-Q3,1404,3,پاییز,گروه سنگ,price_index,198.2746,index points,1402,,جدول 1,ts_building_140404-14050319105758.xlsx
1404-Q4,1404,4,زمستان,گروه سنگ,price_index,231.1788,index points,1402,,جدول 1,ts_building_140404-14050319105758.xlsx
1390-Q1,1390,1,بهار,گروه آهن آلات میلگرد پروفیل درب و پنجره و نرده,price_index,4.13463,index points,1402,,جدول 1,ts_building_140404-14050319105758.xlsx
1390-Q2,1390,2,تابستان,گروه آهن آلات میلگرد پروفیل درب و پنجره و نرده,price_index,4.09977,index points,1402,,جدول 1,ts_building_140404-14050319105758.xlsx
1390-Q3,1390,3,پاییز,گروه آهن آلات میلگرد پروفیل درب و پنجره و نرده,price_index,4.11476,index points,1402,,جدول 1,ts_building_140404-14050319105758.xlsx
1390-Q4,1390,4,زمستان,گروه آهن آلات میلگرد پروفیل درب و پنجره و نرده,price_index,4.99812,index points,1402,,جدول 1,ts_building_140404-14050319105758.xlsx
1391-Q1,1391,1,بهار,گروه آهن آلات میلگرد پروفیل درب و پنجره و نرده,price_index,4.9681,index points,1402,,جدول 1,ts_building_140404-14050319105758.xlsx
1391-Q2,1391,2,تابستان,گروه آهن آلات میلگرد پروفیل درب و پنجره و نرده,price_index,6.73422,index points,1402,,جدول 1,ts_building_140404-14050319105758.xlsx
1391-Q3,1391,3,پاییز,گروه آهن آلات میلگرد پروفیل درب و پنجره و نرده,price_index,6.59529,index points,1402,,جدول 1,ts_building_140404-14050319105758.xlsx
1391-Q4,1391,4,زمستان,گروه آهن آلات میلگرد پروفیل درب و پنجره و نرده,price_index,7.07687,index points,1402,,جدول 1,ts_building_140404-14050319105758.xlsx
1392-Q1,1392,1,بهار,گروه آهن آلات میلگرد پروفیل درب و پنجره و نرده,price_index,7.5565,index points,1402,,جدول 1,ts_building_140404-14050319105758.xlsx
1392-Q2,1392,2,تابستان,گروه آهن آلات میلگرد پروفیل درب و پنجره و نرده,price_index,7.31469,index points,1402,,جدول 1,ts_building_140404-14050319105758.xlsx
1392-Q3,1392,3,پاییز,گروه آهن آلات میلگرد پروفیل درب و پنجره و نرده,price_index,6.74652,index points,1402,,جدول 1,ts_building_140404-14050319105758.xlsx
1392-Q4,1392,4,زمستان,گروه آهن آلات میلگرد پروفیل درب و پنجره و نرده,price_index,7.08467,index points,1402,,جدول 1,ts_building_140404-14050319105758.xlsx
1393-Q1,1393,1,بهار,گروه آهن آلات میلگرد پروفیل درب و پنجره و نرده,price_index,7.18458,index points,1402,,جدول 1,ts_building_140404-14050319105758.xlsx
1393-Q2,1393,2,تابستان,گروه آهن آلات میلگرد پروفیل درب و پنجره و نرده,price_index,7.17146,index points,1402,,جدول 1,ts_building_140404-14050319105758.xlsx
1393-Q3,1393,3,پاییز,گروه آهن آلات میلگرد پروفیل درب و پنجره و نرده,price_index,6.98741,index points,1402,,جدول 1,ts_building_140404-14050319105758.xlsx
1393-Q4,1393,4,زمستان,گروه آهن آلات میلگرد پروفیل درب و پنجره و نرده,price_index,5.98641,index points,1402,,جدول 1,ts_building_140404-14050319105758.xlsx
1394-Q1,1394,1,بهار,گروه آهن آلات میلگرد پروفیل درب و پنجره و نرده,price_index,5.77671,index points,1402,,جدول 1,ts_building_140404-14050319105758.xlsx
1394-Q2,1394,2,تابستان,گروه آهن آلات میلگرد پروفیل درب و پنجره و نرده,price_index,5.56186,index points,1402,,جدول 1,ts_building_140404-14050319105758.xlsx
1394-Q3,1394,3,پاییز,گروه آهن آلات میلگرد پروفیل درب و پنجره و نرده,price_index,5.13742,index points,1402,,جدول 1,ts_building_140404-14050319105758.xlsx
1394-Q4,1394,4,زمستان,گروه آهن آلات میلگرد پروفیل درب و پنجره و نرده,price_index,5.01631,index points,1402,,جدول 1,ts_building_140404-14050319105758.xlsx
1395-Q1,1395,1,بهار,گروه آهن آلات میلگرد پروفیل درب و پنجره و نرده,price_index,5.66257,index points,1402,,جدول 1,ts_building_140404-14050319105758.xlsx
1395-Q2,1395,2,تابستان,گروه آهن آلات میلگرد پروفیل درب و پنجره و نرده,price_index,5.82029,index points,1402,,جدول 1,ts_building_140404-14050319105758.xlsx
1395-Q3,1395,3,پاییز,گروه آهن آلات میلگرد پروفیل درب و پنجره و نرده,price_index,6.62388,index points,1402,,جدول 1,ts_building_140404-14050319105758.xlsx
1395-Q4,1395,4,زمستان,گروه آهن آلات میلگرد پروفیل درب و پنجره و نرده,price_index,6.25397,index points,1402,,جدول 1,ts_building_140404-14050319105758.xlsx
1396-Q1,1396,1,بهار,گروه آهن آلات میلگرد پروفیل درب و پنجره و نرده,price_index,6.45069,index points,1402,,جدول 1,ts_building_140404-14050319105758.xlsx
1396-Q2,1396,2,تابستان,گروه آهن آلات میلگرد پروفیل درب و پنجره و نرده,price_index,8.24361,index points,1402,,جدول 1,ts_building_140404-14050319105758.xlsx
1396-Q3,1396,3,پاییز,گروه آهن آلات میلگرد پروفیل درب و پنجره و نرده,price_index,8.53609,index points,1402,,جدول 1,ts_building_140404-14050319105758.xlsx
1396-Q4,1396,4,زمستان,گروه آهن آلات میلگرد پروفیل درب و پنجره و نرده,price_index,9.14157,index points,1402,,جدول 1,ts_building_140404-14050319105758.xlsx
1397-Q1,1397,1,بهار,گروه آهن آلات میلگرد پروفیل درب و پنجره و نرده,price_index,11.0779,index points,1402,,جدول 1,ts_building_140404-14050319105758.xlsx
1397-Q2,1397,2,تابستان,گروه آهن آلات میلگرد پروفیل درب و پنجره و نرده,price_index,16.06804,index points,1402,,جدول 1,ts_building_140404-14050319105758.xlsx
1397-Q3,1397,3,پاییز,گروه آهن آلات میلگرد پروفیل درب و پنجره و نرده,price_index,14.26199,index points,1402,,جدول 1,ts_building_140404-14050319105758.xlsx
1397-Q4,1397,4,زمستان,گروه آهن آلات میلگرد پروفیل درب و پنجره و نرده,price_index,17.17493,index points,1402,,جدول 1,ts_building_140404-14050319105758.xlsx
1398-Q1,1398,1,بهار,گروه آهن آلات میلگرد پروفیل درب و پنجره و نرده,price_index,17.58565,index points,1402,,جدول 1,ts_building_140404-14050319105758.xlsx
1398-Q2,1398,2,تابستان,گروه آهن آلات میلگرد پروفیل درب و پنجره و نرده,price_index,15.97063,index points,1402,,جدول 1,ts_building_140404-14050319105758.xlsx
1398-Q3,1398,3,پاییز,گروه آهن آلات میلگرد پروفیل درب و پنجره و نرده,price_index,17.77033,index points,1402,,جدول 1,ts_building_140404-14050319105758.xlsx
1398-Q4,1398,4,زمستان,گروه آهن آلات میلگرد پروفیل درب و پنجره و نرده,price_index,23.93637,index points,1402,,جدول 1,ts_building_140404-14050319105758.xlsx
1399-Q1,1399,1,بهار,گروه آهن آلات میلگرد پروفیل درب و پنجره و نرده,price_index,26.5255,index points,1402,,جدول 1,ts_building_140404-14050319105758.xlsx
1399-Q2,1399,2,تابستان,گروه آهن آلات میلگرد پروفیل درب و پنجره و نرده,price_index,43.47448,index points,1402,,جدول 1,ts_building_140404-14050319105758.xlsx
1399-Q3,1399,3,پاییز,گروه آهن آلات میلگرد پروفیل درب و پنجره و نرده,price_index,46.81721,index points,1402,,جدول 1,ts_building_140404-14050319105758.xlsx
1399-Q4,1399,4,زمستان,گروه آهن آلات میلگرد پروفیل درب و پنجره و نرده,price_index,48.45843,index points,1402,,جدول 1,ts_building_140404-14050319105758.xlsx
1400-Q1,1400,1,بهار,گروه آهن آلات میلگرد پروفیل درب و پنجره و نرده,price_index,58.42454,index points,1402,,جدول 1,ts_building_140404-14050319105758.xlsx
1400-Q2,1400,2,تابستان,گروه آهن آلات میلگرد پروفیل درب و پنجره و نرده,price_index,60.07554,index points,1402,,جدول 1,ts_building_140404-14050319105758.xlsx
1400-Q3,1400,3,پاییز,گروه آهن آلات میلگرد پروفیل درب و پنجره و نرده,price_index,61.32332,index points,1402,,جدول 1,ts_building_140404-14050319105758.xlsx
1400-Q4,1400,4,زمستان,گروه آهن آلات میلگرد پروفیل درب و پنجره و نرده,price_index,62.05775,index points,1402,,جدول 1,ts_building_140404-14050319105758.xlsx
1401-Q1,1401,1,بهار,گروه آهن آلات میلگرد پروفیل درب و پنجره و نرده,price_index,69.07218,index points,1402,,جدول 1,ts_building_140404-14050319105758.xlsx
1401-Q2,1401,2,تابستان,گروه آهن آلات میلگرد پروفیل درب و پنجره و نرده,price_index,59.84438,index points,1402,,جدول 1,ts_building_140404-14050319105758.xlsx
1401-Q3,1401,3,پاییز,گروه آهن آلات میلگرد پروفیل درب و پنجره و نرده,price_index,70.65789,index points,1402,,جدول 1,ts_building_140404-14050319105758.xlsx
1401-Q4,1401,4,زمستان,گروه آهن آلات میلگرد پروفیل درب و پنجره و نرده,price_index,105.9935,index points,1402,,جدول 1,ts_building_140404-14050319105758.xlsx
1402-Q1,1402,1,بهار,گروه آهن آلات میلگرد پروفیل درب و پنجره و نرده,price_index,101.8741,index points,1402,,جدول 1,ts_building_140404-14050319105758.xlsx
1402-Q2,1402,2,تابستان,گروه آهن آلات میلگرد پروفیل درب و پنجره و نرده,price_index,96.05762,index points,1402,,جدول 1,ts_building_140404-14050319105758.xlsx
1402-Q3,1402,3,پاییز,گروه آهن آلات میلگرد پروفیل درب و پنجره و نرده,price_index,92.44085,index points,1402,,جدول 1,ts_building_140404-14050319105758.xlsx
1402-Q4,1402,4,زمستان,گروه آهن آلات میلگرد پروفیل درب و پنجره و نرده,price_index,109.62743,index points,1402,,جدول 1,ts_building_140404-14050319105758.xlsx
1403-Q1,1403,1,بهار,گروه آهن آلات میلگرد پروفیل درب و پنجره و نرده,price_index,104.52093,index points,1402,,جدول 1,ts_building_140404-14050319105758.xlsx
1403-Q2,1403,2,تابستان,گروه آهن آلات میلگرد پروفیل درب و پنجره و نرده,price_index,105.94939,index points,1402,,جدول 1,ts_building_140404-14050319105758.xlsx
1403-Q3,1403,3,پاییز,گروه آهن آلات میلگرد پروفیل درب و پنجره و نرده,price_index,113.09595,index points,1402,,جدول 1,ts_building_140404-14050319105758.xlsx
1403-Q4,1403,4,زمستان,گروه آهن آلات میلگرد پروفیل درب و پنجره و نرده,price_index,128.46004,index points,1402,,جدول 1,ts_building_140404-14050319105758.xlsx
1404-Q1,1404,1,بهار,گروه آهن آلات میلگرد پروفیل درب و پنجره و نرده,price_index,130.7694,index points,1402,,جدول 1,ts_building_140404-14050319105758.xlsx
1404-Q2,1404,2,تابستان,گروه آهن آلات میلگرد پروفیل درب و پنجره و نرده,price_index,144.9108,index points,1402,,جدول 1,ts_building_140404-14050319105758.xlsx
1404-Q3,1404,3,پاییز,گروه آهن آلات میلگرد پروفیل درب و پنجره و نرده,price_index,175.7259,index points,1402,,جدول 1,ts_building_140404-14050319105758.xlsx
1404-Q4,1404,4,زمستان,گروه آهن آلات میلگرد پروفیل درب و پنجره و نرده,price_index,263.3365,index points,1402,,جدول 1,ts_building_140404-14050319105758.xlsx
1390-Q1,1390,1,بهار,گروه چوب,price_index,3.45916,index points,1402,,جدول 1,ts_building_140404-14050319105758.xlsx
1390-Q2,1390,2,تابستان,گروه چوب,price_index,3.51602,index points,1402,,جدول 1,ts_building_140404-14050319105758.xlsx
1390-Q3,1390,3,پاییز,گروه چوب,price_index,3.70132,index points,1402,,جدول 1,ts_building_140404-14050319105758.xlsx
1390-Q4,1390,4,زمستان,گروه چوب,price_index,4.04987,index points,1402,,جدول 1,ts_building_140404-14050319105758.xlsx
1391-Q1,1391,1,بهار,گروه چوب,price_index,4.39687,index points,1402,,جدول 1,ts_building_140404-14050319105758.xlsx
1391-Q2,1391,2,تابستان,گروه چوب,price_index,4.76591,index points,1402,,جدول 1,ts_building_140404-14050319105758.xlsx
1391-Q3,1391,3,پاییز,گروه چوب,price_index,5.72509,index points,1402,,جدول 1,ts_building_140404-14050319105758.xlsx
1391-Q4,1391,4,زمستان,گروه چوب,price_index,6.17504,index points,1402,,جدول 1,ts_building_140404-14050319105758.xlsx
1392-Q1,1392,1,بهار,گروه چوب,price_index,6.63091,index points,1402,,جدول 1,ts_building_140404-14050319105758.xlsx
1392-Q2,1392,2,تابستان,گروه چوب,price_index,6.66606,index points,1402,,جدول 1,ts_building_140404-14050319105758.xlsx
1392-Q3,1392,3,پاییز,گروه چوب,price_index,6.28364,index points,1402,,جدول 1,ts_building_140404-14050319105758.xlsx
1392-Q4,1392,4,زمستان,گروه چوب,price_index,6.24388,index points,1402,,جدول 1,ts_building_140404-14050319105758.xlsx
1393-Q1,1393,1,بهار,گروه چوب,price_index,6.43267,index points,1402,,جدول 1,ts_building_140404-14050319105758.xlsx
1393-Q2,1393,2,تابستان,گروه چوب,price_index,7.81565,index points,1402,,جدول 1,ts_building_140404-14050319105758.xlsx
1393-Q3,1393,3,پاییز,گروه چوب,price_index,7.88113,index points,1402,,جدول 1,ts_building_140404-14050319105758.xlsx
1393-Q4,1393,4,زمستان,گروه چوب,price_index,6.04647,index points,1402,,جدول 1,ts_building_140404-14050319105758.xlsx
1394-Q1,1394,1,بهار,گروه چوب,price_index,6.06865,index points,1402,,جدول 1,ts_building_140404-14050319105758.xlsx
1394-Q2,1394,2,تابستان,گروه چوب,price_index,6.09082,index points,1402,,جدول 1,ts_building_140404-14050319105758.xlsx
1394-Q3,1394,3,پاییز,گروه چوب,price_index,6.18929,index points,1402,,جدول 1,ts_building_140404-14050319105758.xlsx
1394-Q4,1394,4,زمستان,گروه چوب,price_index,6.21309,index points,1402,,جدول 1,ts_building_140404-14050319105758.xlsx
1395-Q1,1395,1,بهار,گروه چوب,price_index,6.35024,index points,1402,,جدول 1,ts_building_140404-14050319105758.xlsx
1395-Q2,1395,2,تابستان,گروه چوب,price_index,6.46685,index points,1402,,جدول 1,ts_building_140404-14050319105758.xlsx
1395-Q3,1395,3,پاییز,گروه چوب,price_index,6.7759,index points,1402,,جدول 1,ts_building_140404-14050319105758.xlsx
1395-Q4,1395,4,زمستان,گروه چوب,price_index,6.80115,index points,1402,,جدول 1,ts_building_140404-14050319105758.xlsx
1396-Q1,1396,1,بهار,گروه چوب,price_index,6.92628,index points,1402,,جدول 1,ts_building_140404-14050319105758.xlsx
1396-Q2,1396,2,تابستان,گروه چوب,price_index,7.20558,index points,1402,,جدول 1,ts_building_140404-14050319105758.xlsx
1396-Q3,1396,3,پاییز,گروه چوب,price_index,7.63847,index points,1402,,جدول 1,ts_building_140404-14050319105758.xlsx
1396-Q4,1396,4,زمستان,گروه چوب,price_index,7.92946,index points,1402,,جدول 1,ts_building_140404-14050319105758.xlsx
1397-Q1,1397,1,بهار,گروه چوب,price_index,9.12653,index points,1402,,جدول 1,ts_building_140404-14050319105758.xlsx
1397-Q2,1397,2,تابستان,گروه چوب,price_index,14.99608,index points,1402,,جدول 1,ts_building_140404-14050319105758.xlsx
1397-Q3,1397,3,پاییز,گروه چوب,price_index,16.32878,index points,1402,,جدول 1,ts_building_140404-14050319105758.xlsx
1397-Q4,1397,4,زمستان,گروه چوب,price_index,18.64799,index points,1402,,جدول 1,ts_building_140404-14050319105758.xlsx
1398-Q1,1398,1,بهار,گروه چوب,price_index,20.78362,index points,1402,,جدول 1,ts_building_140404-14050319105758.xlsx
1398-Q2,1398,2,تابستان,گروه چوب,price_index,20.25091,index points,1402,,جدول 1,ts_building_140404-14050319105758.xlsx
1398-Q3,1398,3,پاییز,گروه چوب,price_index,20.66446,index points,1402,,جدول 1,ts_building_140404-14050319105758.xlsx
1398-Q4,1398,4,زمستان,گروه چوب,price_index,22.24439,index points,1402,,جدول 1,ts_building_140404-14050319105758.xlsx
1399-Q1,1399,1,بهار,گروه چوب,price_index,24.24255,index points,1402,,جدول 1,ts_building_140404-14050319105758.xlsx
1399-Q2,1399,2,تابستان,گروه چوب,price_index,32.6327,index points,1402,,جدول 1,ts_building_140404-14050319105758.xlsx
1399-Q3,1399,3,پاییز,گروه چوب,price_index,42.91372,index points,1402,,جدول 1,ts_building_140404-14050319105758.xlsx
1399-Q4,1399,4,زمستان,گروه چوب,price_index,44.96821,index points,1402,,جدول 1,ts_building_140404-14050319105758.xlsx
1400-Q1,1400,1,بهار,گروه چوب,price_index,50.03019,index points,1402,,جدول 1,ts_building_140404-14050319105758.xlsx
1400-Q2,1400,2,تابستان,گروه چوب,price_index,53.24009,index points,1402,,جدول 1,ts_building_140404-14050319105758.xlsx
1400-Q3,1400,3,پاییز,گروه چوب,price_index,56.35002,index points,1402,,جدول 1,ts_building_140404-14050319105758.xlsx
1400-Q4,1400,4,زمستان,گروه چوب,price_index,60.0356,index points,1402,,جدول 1,ts_building_140404-14050319105758.xlsx
1401-Q1,1401,1,بهار,گروه چوب,price_index,68.73665,index points,1402,,جدول 1,ts_building_140404-14050319105758.xlsx
1401-Q2,1401,2,تابستان,گروه چوب,price_index,69.91933,index points,1402,,جدول 1,ts_building_140404-14050319105758.xlsx
1401-Q3,1401,3,پاییز,گروه چوب,price_index,72.70992,index points,1402,,جدول 1,ts_building_140404-14050319105758.xlsx
1401-Q4,1401,4,زمستان,گروه چوب,price_index,87.1715,index points,1402,,جدول 1,ts_building_140404-14050319105758.xlsx
1402-Q1,1402,1,بهار,گروه چوب,price_index,99.36035,index points,1402,,جدول 1,ts_building_140404-14050319105758.xlsx
1402-Q2,1402,2,تابستان,گروه چوب,price_index,99.9575,index points,1402,,جدول 1,ts_building_140404-14050319105758.xlsx
1402-Q3,1402,3,پاییز,گروه چوب,price_index,99.9575,index points,1402,,جدول 1,ts_building_140404-14050319105758.xlsx
1402-Q4,1402,4,زمستان,گروه چوب,price_index,100.72465,index points,1402,,جدول 1,ts_building_140404-14050319105758.xlsx
1403-Q1,1403,1,بهار,گروه چوب,price_index,111.40548,index points,1402,,جدول 1,ts_building_140404-14050319105758.xlsx
1403-Q2,1403,2,تابستان,گروه چوب,price_index,117.05773,index points,1402,,جدول 1,ts_building_140404-14050319105758.xlsx
1403-Q3,1403,3,پاییز,گروه چوب,price_index,127.97304,index points,1402,,جدول 1,ts_building_140404-14050319105758.xlsx
1403-Q4,1403,4,زمستان,گروه چوب,price_index,141.48837,index points,1402,,جدول 1,ts_building_140404-14050319105758.xlsx
1404-Q1,1404,1,بهار,گروه چوب,price_index,184.64209,index points,1402,,جدول 1,ts_building_140404-14050319105758.xlsx
1404-Q2,1404,2,تابستان,گروه چوب,price_index,202.31243,index points,1402,,جدول 1,ts_building_140404-14050319105758.xlsx
1404-Q3,1404,3,پاییز,گروه چوب,price_index,251.9326,index points,1402,,جدول 1,ts_building_140404-14050319105758.xlsx
1404-Q4,1404,4,زمستان,گروه چوب,price_index,436.5129,index points,1402,,جدول 1,ts_building_140404-14050319105758.xlsx
1390-Q1,1390,1,بهار,گروه ایزوگام و قیرگونی آسفالت,price_index,3.20465,index points,1402,,جدول 1,ts_building_140404-14050319105758.xlsx
1390-Q2,1390,2,تابستان,گروه ایزوگام و قیرگونی آسفالت,price_index,3.49854,index points,1402,,جدول 1,ts_building_140404-14050319105758.xlsx
1390-Q3,1390,3,پاییز,گروه ایزوگام و قیرگونی آسفالت,price_index,3.67902,index points,1402,,جدول 1,ts_building_140404-14050319105758.xlsx
1390-Q4,1390,4,زمستان,گروه ایزوگام و قیرگونی آسفالت,price_index,3.94979,index points,1402,,جدول 1,ts_building_140404-14050319105758.xlsx
1391-Q1,1391,1,بهار,گروه ایزوگام و قیرگونی آسفالت,price_index,4.38851,index points,1402,,جدول 1,ts_building_140404-14050319105758.xlsx
1391-Q2,1391,2,تابستان,گروه ایزوگام و قیرگونی آسفالت,price_index,4.85557,index points,1402,,جدول 1,ts_building_140404-14050319105758.xlsx
1391-Q3,1391,3,پاییز,گروه ایزوگام و قیرگونی آسفالت,price_index,5.6838,index points,1402,,جدول 1,ts_building_140404-14050319105758.xlsx
1391-Q4,1391,4,زمستان,گروه ایزوگام و قیرگونی آسفالت,price_index,7.15382,index points,1402,,جدول 1,ts_building_140404-14050319105758.xlsx
1392-Q1,1392,1,بهار,گروه ایزوگام و قیرگونی آسفالت,price_index,7.12674,index points,1402,,جدول 1,ts_building_140404-14050319105758.xlsx
1392-Q2,1392,2,تابستان,گروه ایزوگام و قیرگونی آسفالت,price_index,7.04987,index points,1402,,جدول 1,ts_building_140404-14050319105758.xlsx
1392-Q3,1392,3,پاییز,گروه ایزوگام و قیرگونی آسفالت,price_index,6.9766,index points,1402,,جدول 1,ts_building_140404-14050319105758.xlsx
1392-Q4,1392,4,زمستان,گروه ایزوگام و قیرگونی آسفالت,price_index,6.973,index points,1402,,جدول 1,ts_building_140404-14050319105758.xlsx
1393-Q1,1393,1,بهار,گروه ایزوگام و قیرگونی آسفالت,price_index,7.36255,index points,1402,,جدول 1,ts_building_140404-14050319105758.xlsx
1393-Q2,1393,2,تابستان,گروه ایزوگام و قیرگونی آسفالت,price_index,7.3598,index points,1402,,جدول 1,ts_building_140404-14050319105758.xlsx
1393-Q3,1393,3,پاییز,گروه ایزوگام و قیرگونی آسفالت,price_index,7.06221,index points,1402,,جدول 1,ts_building_140404-14050319105758.xlsx
1393-Q4,1393,4,زمستان,گروه ایزوگام و قیرگونی آسفالت,price_index,7.16402,index points,1402,,جدول 1,ts_building_140404-14050319105758.xlsx
1394-Q1,1394,1,بهار,گروه ایزوگام و قیرگونی آسفالت,price_index,7.2344,index points,1402,,جدول 1,ts_building_140404-14050319105758.xlsx
1394-Q2,1394,2,تابستان,گروه ایزوگام و قیرگونی آسفالت,price_index,7.0558,index points,1402,,جدول 1,ts_building_140404-14050319105758.xlsx
1394-Q3,1394,3,پاییز,گروه ایزوگام و قیرگونی آسفالت,price_index,7.09924,index points,1402,,جدول 1,ts_building_140404-14050319105758.xlsx
1394-Q4,1394,4,زمستان,گروه ایزوگام و قیرگونی آسفالت,price_index,6.57428,index points,1402,,جدول 1,ts_building_140404-14050319105758.xlsx
1395-Q1,1395,1,بهار,گروه ایزوگام و قیرگونی آسفالت,price_index,6.56523,index points,1402,,جدول 1,ts_building_140404-14050319105758.xlsx
1395-Q2,1395,2,تابستان,گروه ایزوگام و قیرگونی آسفالت,price_index,6.73448,index points,1402,,جدول 1,ts_building_140404-14050319105758.xlsx
1395-Q3,1395,3,پاییز,گروه ایزوگام و قیرگونی آسفالت,price_index,6.98731,index points,1402,,جدول 1,ts_building_140404-14050319105758.xlsx
1395-Q4,1395,4,زمستان,گروه ایزوگام و قیرگونی آسفالت,price_index,6.94837,index points,1402,,جدول 1,ts_building_140404-14050319105758.xlsx
1396-Q1,1396,1,بهار,گروه ایزوگام و قیرگونی آسفالت,price_index,7.04596,index points,1402,,جدول 1,ts_building_140404-14050319105758.xlsx
1396-Q2,1396,2,تابستان,گروه ایزوگام و قیرگونی آسفالت,price_index,6.79735,index points,1402,,جدول 1,ts_building_140404-14050319105758.xlsx
1396-Q3,1396,3,پاییز,گروه ایزوگام و قیرگونی آسفالت,price_index,7.54597,index points,1402,,جدول 1,ts_building_140404-14050319105758.xlsx
1396-Q4,1396,4,زمستان,گروه ایزوگام و قیرگونی آسفالت,price_index,8.14915,index points,1402,,جدول 1,ts_building_140404-14050319105758.xlsx
1397-Q1,1397,1,بهار,گروه ایزوگام و قیرگونی آسفالت,price_index,9.44977,index points,1402,,جدول 1,ts_building_140404-14050319105758.xlsx
1397-Q2,1397,2,تابستان,گروه ایزوگام و قیرگونی آسفالت,price_index,18.29747,index points,1402,,جدول 1,ts_building_140404-14050319105758.xlsx
1397-Q3,1397,3,پاییز,گروه ایزوگام و قیرگونی آسفالت,price_index,19.43385,index points,1402,,جدول 1,ts_building_140404-14050319105758.xlsx
1397-Q4,1397,4,زمستان,گروه ایزوگام و قیرگونی آسفالت,price_index,19.21443,index points,1402,,جدول 1,ts_building_140404-14050319105758.xlsx
1398-Q1,1398,1,بهار,گروه ایزوگام و قیرگونی آسفالت,price_index,20.40471,index points,1402,,جدول 1,ts_building_140404-14050319105758.xlsx
1398-Q2,1398,2,تابستان,گروه ایزوگام و قیرگونی آسفالت,price_index,19.93794,index points,1402,,جدول 1,ts_building_140404-14050319105758.xlsx
1398-Q3,1398,3,پاییز,گروه ایزوگام و قیرگونی آسفالت,price_index,18.88804,index points,1402,,جدول 1,ts_building_140404-14050319105758.xlsx
1398-Q4,1398,4,زمستان,گروه ایزوگام و قیرگونی آسفالت,price_index,20.05273,index points,1402,,جدول 1,ts_building_140404-14050319105758.xlsx
1399-Q1,1399,1,بهار,گروه ایزوگام و قیرگونی آسفالت,price_index,22.49885,index points,1402,,جدول 1,ts_building_140404-14050319105758.xlsx
1399-Q2,1399,2,تابستان,گروه ایزوگام و قیرگونی آسفالت,price_index,30.61836,index points,1402,,جدول 1,ts_building_140404-14050319105758.xlsx
1399-Q3,1399,3,پاییز,گروه ایزوگام و قیرگونی آسفالت,price_index,42.21334,index points,1402,,جدول 1,ts_building_140404-14050319105758.xlsx
1399-Q4,1399,4,زمستان,گروه ایزوگام و قیرگونی آسفالت,price_index,43.21629,index points,1402,,جدول 1,ts_building_140404-14050319105758.xlsx
1400-Q1,1400,1,بهار,گروه ایزوگام و قیرگونی آسفالت,price_index,43.69194,index points,1402,,جدول 1,ts_building_140404-14050319105758.xlsx
1400-Q2,1400,2,تابستان,گروه ایزوگام و قیرگونی آسفالت,price_index,46.55937,index points,1402,,جدول 1,ts_building_140404-14050319105758.xlsx
1400-Q3,1400,3,پاییز,گروه ایزوگام و قیرگونی آسفالت,price_index,53.03724,index points,1402,,جدول 1,ts_building_140404-14050319105758.xlsx
1400-Q4,1400,4,زمستان,گروه ایزوگام و قیرگونی آسفالت,price_index,54.9589,index points,1402,,جدول 1,ts_building_140404-14050319105758.xlsx
1401-Q1,1401,1,بهار,گروه ایزوگام و قیرگونی آسفالت,price_index,63.92257,index points,1402,,جدول 1,ts_building_140404-14050319105758.xlsx
1401-Q2,1401,2,تابستان,گروه ایزوگام و قیرگونی آسفالت,price_index,64.87383,index points,1402,,جدول 1,ts_building_140404-14050319105758.xlsx
1401-Q3,1401,3,پاییز,گروه ایزوگام و قیرگونی آسفالت,price_index,70.52848,index points,1402,,جدول 1,ts_building_140404-14050319105758.xlsx
1401-Q4,1401,4,زمستان,گروه ایزوگام و قیرگونی آسفالت,price_index,86.77487,index points,1402,,جدول 1,ts_building_140404-14050319105758.xlsx
1402-Q1,1402,1,بهار,گروه ایزوگام و قیرگونی آسفالت,price_index,94.15485,index points,1402,,جدول 1,ts_building_140404-14050319105758.xlsx
1402-Q2,1402,2,تابستان,گروه ایزوگام و قیرگونی آسفالت,price_index,101.2063,index points,1402,,جدول 1,ts_building_140404-14050319105758.xlsx
1402-Q3,1402,3,پاییز,گروه ایزوگام و قیرگونی آسفالت,price_index,102.94355,index points,1402,,جدول 1,ts_building_140404-14050319105758.xlsx
1402-Q4,1402,4,زمستان,گروه ایزوگام و قیرگونی آسفالت,price_index,101.69531,index points,1402,,جدول 1,ts_building_140404-14050319105758.xlsx
1403-Q1,1403,1,بهار,گروه ایزوگام و قیرگونی آسفالت,price_index,109.67386,index points,1402,,جدول 1,ts_building_140404-14050319105758.xlsx
1403-Q2,1403,2,تابستان,گروه ایزوگام و قیرگونی آسفالت,price_index,114.85716,index points,1402,,جدول 1,ts_building_140404-14050319105758.xlsx
1403-Q3,1403,3,پاییز,گروه ایزوگام و قیرگونی آسفالت,price_index,129.54802,index points,1402,,جدول 1,ts_building_140404-14050319105758.xlsx
1403-Q4,1403,4,زمستان,گروه ایزوگام و قیرگونی آسفالت,price_index,150.27001,index points,1402,,جدول 1,ts_building_140404-14050319105758.xlsx
1404-Q1,1404,1,بهار,گروه ایزوگام و قیرگونی آسفالت,price_index,177.15594,index points,1402,,جدول 1,ts_building_140404-14050319105758.xlsx
1404-Q2,1404,2,تابستان,گروه ایزوگام و قیرگونی آسفالت,price_index,192.66595,index points,1402,,جدول 1,ts_building_140404-14050319105758.xlsx
1404-Q3,1404,3,پاییز,گروه ایزوگام و قیرگونی آسفالت,price_index,212.9431,index points,1402,,جدول 1,ts_building_140404-14050319105758.xlsx
1404-Q4,1404,4,زمستان,گروه ایزوگام و قیرگونی آسفالت,price_index,274.1747,index points,1402,,جدول 1,ts_building_140404-14050319105758.xlsx
1390-Q1,1390,1,بهار,گروه شیرآلات بهداشتی,price_index,3.35062,index points,1402,,جدول 1,ts_building_140404-14050319105758.xlsx
1390-Q2,1390,2,تابستان,گروه شیرآلات بهداشتی,price_index,3.33834,index points,1402,,جدول 1,ts_building_140404-14050319105758.xlsx
1390-Q3,1390,3,پاییز,گروه شیرآلات بهداشتی,price_index,3.33076,index points,1402,,جدول 1,ts_building_140404-14050319105758.xlsx
1390-Q4,1390,4,زمستان,گروه شیرآلات بهداشتی,price_index,3.88422,index points,1402,,جدول 1,ts_building_140404-14050319105758.xlsx
1391-Q1,1391,1,بهار,گروه شیرآلات بهداشتی,price_index,4.1488,index points,1402,,جدول 1,ts_building_140404-14050319105758.xlsx
1391-Q2,1391,2,تابستان,گروه شیرآلات بهداشتی,price_index,4.35503,index points,1402,,جدول 1,ts_building_140404-14050319105758.xlsx
1391-Q3,1391,3,پاییز,گروه شیرآلات بهداشتی,price_index,6.58047,index points,1402,,جدول 1,ts_building_140404-14050319105758.xlsx
1391-Q4,1391,4,زمستان,گروه شیرآلات بهداشتی,price_index,6.7208,index points,1402,,جدول 1,ts_building_140404-14050319105758.xlsx
1392-Q1,1392,1,بهار,گروه شیرآلات بهداشتی,price_index,7.00479,index points,1402,,جدول 1,ts_building_140404-14050319105758.xlsx
1392-Q2,1392,2,تابستان,گروه شیرآلات بهداشتی,price_index,7.11819,index points,1402,,جدول 1,ts_building_140404-14050319105758.xlsx
1392-Q3,1392,3,پاییز,گروه شیرآلات بهداشتی,price_index,7.2487,index points,1402,,جدول 1,ts_building_140404-14050319105758.xlsx
1392-Q4,1392,4,زمستان,گروه شیرآلات بهداشتی,price_index,7.29431,index points,1402,,جدول 1,ts_building_140404-14050319105758.xlsx
1393-Q1,1393,1,بهار,گروه شیرآلات بهداشتی,price_index,7.64598,index points,1402,,جدول 1,ts_building_140404-14050319105758.xlsx
1393-Q2,1393,2,تابستان,گروه شیرآلات بهداشتی,price_index,7.8773,index points,1402,,جدول 1,ts_building_140404-14050319105758.xlsx
1393-Q3,1393,3,پاییز,گروه شیرآلات بهداشتی,price_index,7.90321,index points,1402,,جدول 1,ts_building_140404-14050319105758.xlsx
1393-Q4,1393,4,زمستان,گروه شیرآلات بهداشتی,price_index,7.92925,index points,1402,,جدول 1,ts_building_140404-14050319105758.xlsx
1394-Q1,1394,1,بهار,گروه شیرآلات بهداشتی,price_index,7.90972,index points,1402,,جدول 1,ts_building_140404-14050319105758.xlsx
1394-Q2,1394,2,تابستان,گروه شیرآلات بهداشتی,price_index,7.9122,index points,1402,,جدول 1,ts_building_140404-14050319105758.xlsx
1394-Q3,1394,3,پاییز,گروه شیرآلات بهداشتی,price_index,7.91486,index points,1402,,جدول 1,ts_building_140404-14050319105758.xlsx
1394-Q4,1394,4,زمستان,گروه شیرآلات بهداشتی,price_index,7.92763,index points,1402,,جدول 1,ts_building_140404-14050319105758.xlsx
1395-Q1,1395,1,بهار,گروه شیرآلات بهداشتی,price_index,7.88897,index points,1402,,جدول 1,ts_building_140404-14050319105758.xlsx
1395-Q2,1395,2,تابستان,گروه شیرآلات بهداشتی,price_index,7.89844,index points,1402,,جدول 1,ts_building_140404-14050319105758.xlsx
1395-Q3,1395,3,پاییز,گروه شیرآلات بهداشتی,price_index,8.49785,index points,1402,,جدول 1,ts_building_140404-14050319105758.xlsx
1395-Q4,1395,4,زمستان,گروه شیرآلات بهداشتی,price_index,8.91453,index points,1402,,جدول 1,ts_building_140404-14050319105758.xlsx
1396-Q1,1396,1,بهار,گروه شیرآلات بهداشتی,price_index,8.96654,index points,1402,,جدول 1,ts_building_140404-14050319105758.xlsx
1396-Q2,1396,2,تابستان,گروه شیرآلات بهداشتی,price_index,9.58894,index points,1402,,جدول 1,ts_building_140404-14050319105758.xlsx
1396-Q3,1396,3,پاییز,گروه شیرآلات بهداشتی,price_index,10.16137,index points,1402,,جدول 1,ts_building_140404-14050319105758.xlsx
1396-Q4,1396,4,زمستان,گروه شیرآلات بهداشتی,price_index,10.43865,index points,1402,,جدول 1,ts_building_140404-14050319105758.xlsx
1397-Q1,1397,1,بهار,گروه شیرآلات بهداشتی,price_index,11.68465,index points,1402,,جدول 1,ts_building_140404-14050319105758.xlsx
1397-Q2,1397,2,تابستان,گروه شیرآلات بهداشتی,price_index,14.66005,index points,1402,,جدول 1,ts_building_140404-14050319105758.xlsx
1397-Q3,1397,3,پاییز,گروه شیرآلات بهداشتی,price_index,17.70944,index points,1402,,جدول 1,ts_building_140404-14050319105758.xlsx
1397-Q4,1397,4,زمستان,گروه شیرآلات بهداشتی,price_index,17.13959,index points,1402,,جدول 1,ts_building_140404-14050319105758.xlsx
1398-Q1,1398,1,بهار,گروه شیرآلات بهداشتی,price_index,19.53456,index points,1402,,جدول 1,ts_building_140404-14050319105758.xlsx
1398-Q2,1398,2,تابستان,گروه شیرآلات بهداشتی,price_index,19.54341,index points,1402,,جدول 1,ts_building_140404-14050319105758.xlsx
1398-Q3,1398,3,پاییز,گروه شیرآلات بهداشتی,price_index,19.42814,index points,1402,,جدول 1,ts_building_140404-14050319105758.xlsx
1398-Q4,1398,4,زمستان,گروه شیرآلات بهداشتی,price_index,19.69274,index points,1402,,جدول 1,ts_building_140404-14050319105758.xlsx
1399-Q1,1399,1,بهار,گروه شیرآلات بهداشتی,price_index,22.56097,index points,1402,,جدول 1,ts_building_140404-14050319105758.xlsx
1399-Q2,1399,2,تابستان,گروه شیرآلات بهداشتی,price_index,29.53233,index points,1402,,جدول 1,ts_building_140404-14050319105758.xlsx
1399-Q3,1399,3,پاییز,گروه شیرآلات بهداشتی,price_index,35.49801,index points,1402,,جدول 1,ts_building_140404-14050319105758.xlsx
1399-Q4,1399,4,زمستان,گروه شیرآلات بهداشتی,price_index,37.64172,index points,1402,,جدول 1,ts_building_140404-14050319105758.xlsx
1400-Q1,1400,1,بهار,گروه شیرآلات بهداشتی,price_index,44.91695,index points,1402,,جدول 1,ts_building_140404-14050319105758.xlsx
1400-Q2,1400,2,تابستان,گروه شیرآلات بهداشتی,price_index,48.31436,index points,1402,,جدول 1,ts_building_140404-14050319105758.xlsx
1400-Q3,1400,3,پاییز,گروه شیرآلات بهداشتی,price_index,50.67705,index points,1402,,جدول 1,ts_building_140404-14050319105758.xlsx
1400-Q4,1400,4,زمستان,گروه شیرآلات بهداشتی,price_index,53.15069,index points,1402,,جدول 1,ts_building_140404-14050319105758.xlsx
1401-Q1,1401,1,بهار,گروه شیرآلات بهداشتی,price_index,61.54434,index points,1402,,جدول 1,ts_building_140404-14050319105758.xlsx
1401-Q2,1401,2,تابستان,گروه شیرآلات بهداشتی,price_index,62.1344,index points,1402,,جدول 1,ts_building_140404-14050319105758.xlsx
1401-Q3,1401,3,پاییز,گروه شیرآلات بهداشتی,price_index,63.61315,index points,1402,,جدول 1,ts_building_140404-14050319105758.xlsx
1401-Q4,1401,4,زمستان,گروه شیرآلات بهداشتی,price_index,75.68247,index points,1402,,جدول 1,ts_building_140404-14050319105758.xlsx
1402-Q1,1402,1,بهار,گروه شیرآلات بهداشتی,price_index,98.70974,index points,1402,,جدول 1,ts_building_140404-14050319105758.xlsx
1402-Q2,1402,2,تابستان,گروه شیرآلات بهداشتی,price_index,99.48131,index points,1402,,جدول 1,ts_building_140404-14050319105758.xlsx
1402-Q3,1402,3,پاییز,گروه شیرآلات بهداشتی,price_index,100.52518,index points,1402,,جدول 1,ts_building_140404-14050319105758.xlsx
1402-Q4,1402,4,زمستان,گروه شیرآلات بهداشتی,price_index,101.28377,index points,1402,,جدول 1,ts_building_140404-14050319105758.xlsx
1403-Q1,1403,1,بهار,گروه شیرآلات بهداشتی,price_index,116.10766,index points,1402,,جدول 1,ts_building_140404-14050319105758.xlsx
1403-Q2,1403,2,تابستان,گروه شیرآلات بهداشتی,price_index,118.44755,index points,1402,,جدول 1,ts_building_140404-14050319105758.xlsx
1403-Q3,1403,3,پاییز,گروه شیرآلات بهداشتی,price_index,124.32584,index points,1402,,جدول 1,ts_building_140404-14050319105758.xlsx
1403-Q4,1403,4,زمستان,گروه شیرآلات بهداشتی,price_index,147.62044,index points,1402,,جدول 1,ts_building_140404-14050319105758.xlsx
1404-Q1,1404,1,بهار,گروه شیرآلات بهداشتی,price_index,168.46645,index points,1402,,جدول 1,ts_building_140404-14050319105758.xlsx
1404-Q2,1404,2,تابستان,گروه شیرآلات بهداشتی,price_index,172.23862,index points,1402,,جدول 1,ts_building_140404-14050319105758.xlsx
1404-Q3,1404,3,پاییز,گروه شیرآلات بهداشتی,price_index,218.6691,index points,1402,,جدول 1,ts_building_140404-14050319105758.xlsx
1404-Q4,1404,4,زمستان,گروه شیرآلات بهداشتی,price_index,287.9561,index points,1402,,جدول 1,ts_building_140404-14050319105758.xlsx
1390-Q1,1390,1,بهار,گروه تاسیسات مکانیکی و انواع عایق حرارتی,price_index,2.80404,index points,1402,,جدول 1,ts_building_140404-14050319105758.xlsx
1390-Q2,1390,2,تابستان,گروه تاسیسات مکانیکی و انواع عایق حرارتی,price_index,2.92434,index points,1402,,جدول 1,ts_building_140404-14050319105758.xlsx
1390-Q3,1390,3,پاییز,گروه تاسیسات مکانیکی و انواع عایق حرارتی,price_index,2.9409,index points,1402,,جدول 1,ts_building_140404-14050319105758.xlsx
1390-Q4,1390,4,زمستان,گروه تاسیسات مکانیکی و انواع عایق حرارتی,price_index,3.28601,index points,1402,,جدول 1,ts_building_140404-14050319105758.xlsx
1391-Q1,1391,1,بهار,گروه تاسیسات مکانیکی و انواع عایق حرارتی,price_index,3.56901,index points,1402,,جدول 1,ts_building_140404-14050319105758.xlsx
1391-Q2,1391,2,تابستان,گروه تاسیسات مکانیکی و انواع عایق حرارتی,price_index,3.94091,index points,1402,,جدول 1,ts_building_140404-14050319105758.xlsx
1391-Q3,1391,3,پاییز,گروه تاسیسات مکانیکی و انواع عایق حرارتی,price_index,4.91947,index points,1402,,جدول 1,ts_building_140404-14050319105758.xlsx
1391-Q4,1391,4,زمستان,گروه تاسیسات مکانیکی و انواع عایق حرارتی,price_index,5.29883,index points,1402,,جدول 1,ts_building_140404-14050319105758.xlsx
1392-Q1,1392,1,بهار,گروه تاسیسات مکانیکی و انواع عایق حرارتی,price_index,5.55958,index points,1402,,جدول 1,ts_building_140404-14050319105758.xlsx
1392-Q2,1392,2,تابستان,گروه تاسیسات مکانیکی و انواع عایق حرارتی,price_index,5.49426,index points,1402,,جدول 1,ts_building_140404-14050319105758.xlsx
1392-Q3,1392,3,پاییز,گروه تاسیسات مکانیکی و انواع عایق حرارتی,price_index,5.60437,index points,1402,,جدول 1,ts_building_140404-14050319105758.xlsx
1392-Q4,1392,4,زمستان,گروه تاسیسات مکانیکی و انواع عایق حرارتی,price_index,5.53336,index points,1402,,جدول 1,ts_building_140404-14050319105758.xlsx
1393-Q1,1393,1,بهار,گروه تاسیسات مکانیکی و انواع عایق حرارتی,price_index,5.78784,index points,1402,,جدول 1,ts_building_140404-14050319105758.xlsx
1393-Q2,1393,2,تابستان,گروه تاسیسات مکانیکی و انواع عایق حرارتی,price_index,6.01657,index points,1402,,جدول 1,ts_building_140404-14050319105758.xlsx
1393-Q3,1393,3,پاییز,گروه تاسیسات مکانیکی و انواع عایق حرارتی,price_index,6.05592,index points,1402,,جدول 1,ts_building_140404-14050319105758.xlsx
1393-Q4,1393,4,زمستان,گروه تاسیسات مکانیکی و انواع عایق حرارتی,price_index,6.08616,index points,1402,,جدول 1,ts_building_140404-14050319105758.xlsx
1394-Q1,1394,1,بهار,گروه تاسیسات مکانیکی و انواع عایق حرارتی,price_index,6.19813,index points,1402,,جدول 1,ts_building_140404-14050319105758.xlsx
1394-Q2,1394,2,تابستان,گروه تاسیسات مکانیکی و انواع عایق حرارتی,price_index,6.16042,index points,1402,,جدول 1,ts_building_140404-14050319105758.xlsx
1394-Q3,1394,3,پاییز,گروه تاسیسات مکانیکی و انواع عایق حرارتی,price_index,6.0357,index points,1402,,جدول 1,ts_building_140404-14050319105758.xlsx
1394-Q4,1394,4,زمستان,گروه تاسیسات مکانیکی و انواع عایق حرارتی,price_index,6.00955,index points,1402,,جدول 1,ts_building_140404-14050319105758.xlsx
1395-Q1,1395,1,بهار,گروه تاسیسات مکانیکی و انواع عایق حرارتی,price_index,6.07507,index points,1402,,جدول 1,ts_building_140404-14050319105758.xlsx
1395-Q2,1395,2,تابستان,گروه تاسیسات مکانیکی و انواع عایق حرارتی,price_index,6.09516,index points,1402,,جدول 1,ts_building_140404-14050319105758.xlsx
1395-Q3,1395,3,پاییز,گروه تاسیسات مکانیکی و انواع عایق حرارتی,price_index,6.44304,index points,1402,,جدول 1,ts_building_140404-14050319105758.xlsx
1395-Q4,1395,4,زمستان,گروه تاسیسات مکانیکی و انواع عایق حرارتی,price_index,6.43974,index points,1402,,جدول 1,ts_building_140404-14050319105758.xlsx
1396-Q1,1396,1,بهار,گروه تاسیسات مکانیکی و انواع عایق حرارتی,price_index,6.55089,index points,1402,,جدول 1,ts_building_140404-14050319105758.xlsx
1396-Q2,1396,2,تابستان,گروه تاسیسات مکانیکی و انواع عایق حرارتی,price_index,6.75078,index points,1402,,جدول 1,ts_building_140404-14050319105758.xlsx
1396-Q3,1396,3,پاییز,گروه تاسیسات مکانیکی و انواع عایق حرارتی,price_index,7.23751,index points,1402,,جدول 1,ts_building_140404-14050319105758.xlsx
1396-Q4,1396,4,زمستان,گروه تاسیسات مکانیکی و انواع عایق حرارتی,price_index,7.74849,index points,1402,,جدول 1,ts_building_140404-14050319105758.xlsx
1397-Q1,1397,1,بهار,گروه تاسیسات مکانیکی و انواع عایق حرارتی,price_index,8.64703,index points,1402,,جدول 1,ts_building_140404-14050319105758.xlsx
1397-Q2,1397,2,تابستان,گروه تاسیسات مکانیکی و انواع عایق حرارتی,price_index,12.47688,index points,1402,,جدول 1,ts_building_140404-14050319105758.xlsx
1397-Q3,1397,3,پاییز,گروه تاسیسات مکانیکی و انواع عایق حرارتی,price_index,14.04346,index points,1402,,جدول 1,ts_building_140404-14050319105758.xlsx
1397-Q4,1397,4,زمستان,گروه تاسیسات مکانیکی و انواع عایق حرارتی,price_index,14.57376,index points,1402,,جدول 1,ts_building_140404-14050319105758.xlsx
1398-Q1,1398,1,بهار,گروه تاسیسات مکانیکی و انواع عایق حرارتی,price_index,16.91147,index points,1402,,جدول 1,ts_building_140404-14050319105758.xlsx
1398-Q2,1398,2,تابستان,گروه تاسیسات مکانیکی و انواع عایق حرارتی,price_index,16.24102,index points,1402,,جدول 1,ts_building_140404-14050319105758.xlsx
1398-Q3,1398,3,پاییز,گروه تاسیسات مکانیکی و انواع عایق حرارتی,price_index,16.89861,index points,1402,,جدول 1,ts_building_140404-14050319105758.xlsx
1398-Q4,1398,4,زمستان,گروه تاسیسات مکانیکی و انواع عایق حرارتی,price_index,19.19252,index points,1402,,جدول 1,ts_building_140404-14050319105758.xlsx
1399-Q1,1399,1,بهار,گروه تاسیسات مکانیکی و انواع عایق حرارتی,price_index,22.51238,index points,1402,,جدول 1,ts_building_140404-14050319105758.xlsx
1399-Q2,1399,2,تابستان,گروه تاسیسات مکانیکی و انواع عایق حرارتی,price_index,30.86416,index points,1402,,جدول 1,ts_building_140404-14050319105758.xlsx
1399-Q3,1399,3,پاییز,گروه تاسیسات مکانیکی و انواع عایق حرارتی,price_index,39.2636,index points,1402,,جدول 1,ts_building_140404-14050319105758.xlsx
1399-Q4,1399,4,زمستان,گروه تاسیسات مکانیکی و انواع عایق حرارتی,price_index,40.87578,index points,1402,,جدول 1,ts_building_140404-14050319105758.xlsx
1400-Q1,1400,1,بهار,گروه تاسیسات مکانیکی و انواع عایق حرارتی,price_index,45.34677,index points,1402,,جدول 1,ts_building_140404-14050319105758.xlsx
1400-Q2,1400,2,تابستان,گروه تاسیسات مکانیکی و انواع عایق حرارتی,price_index,48.62778,index points,1402,,جدول 1,ts_building_140404-14050319105758.xlsx
1400-Q3,1400,3,پاییز,گروه تاسیسات مکانیکی و انواع عایق حرارتی,price_index,52.06934,index points,1402,,جدول 1,ts_building_140404-14050319105758.xlsx
1400-Q4,1400,4,زمستان,گروه تاسیسات مکانیکی و انواع عایق حرارتی,price_index,55.49806,index points,1402,,جدول 1,ts_building_140404-14050319105758.xlsx
1401-Q1,1401,1,بهار,گروه تاسیسات مکانیکی و انواع عایق حرارتی,price_index,63.65332,index points,1402,,جدول 1,ts_building_140404-14050319105758.xlsx
1401-Q2,1401,2,تابستان,گروه تاسیسات مکانیکی و انواع عایق حرارتی,price_index,63.53151,index points,1402,,جدول 1,ts_building_140404-14050319105758.xlsx
1401-Q3,1401,3,پاییز,گروه تاسیسات مکانیکی و انواع عایق حرارتی,price_index,67.12658,index points,1402,,جدول 1,ts_building_140404-14050319105758.xlsx
1401-Q4,1401,4,زمستان,گروه تاسیسات مکانیکی و انواع عایق حرارتی,price_index,87.03068,index points,1402,,جدول 1,ts_building_140404-14050319105758.xlsx
1402-Q1,1402,1,بهار,گروه تاسیسات مکانیکی و انواع عایق حرارتی,price_index,97.56123,index points,1402,,جدول 1,ts_building_140404-14050319105758.xlsx
1402-Q2,1402,2,تابستان,گروه تاسیسات مکانیکی و انواع عایق حرارتی,price_index,98.68651,index points,1402,,جدول 1,ts_building_140404-14050319105758.xlsx
1402-Q3,1402,3,پاییز,گروه تاسیسات مکانیکی و انواع عایق حرارتی,price_index,99.5704,index points,1402,,جدول 1,ts_building_140404-14050319105758.xlsx
1402-Q4,1402,4,زمستان,گروه تاسیسات مکانیکی و انواع عایق حرارتی,price_index,104.18187,index points,1402,,جدول 1,ts_building_140404-14050319105758.xlsx
1403-Q1,1403,1,بهار,گروه تاسیسات مکانیکی و انواع عایق حرارتی,price_index,110.10286,index points,1402,,جدول 1,ts_building_140404-14050319105758.xlsx
1403-Q2,1403,2,تابستان,گروه تاسیسات مکانیکی و انواع عایق حرارتی,price_index,113.32805,index points,1402,,جدول 1,ts_building_140404-14050319105758.xlsx
1403-Q3,1403,3,پاییز,گروه تاسیسات مکانیکی و انواع عایق حرارتی,price_index,122.4039,index points,1402,,جدول 1,ts_building_140404-14050319105758.xlsx
1403-Q4,1403,4,زمستان,گروه تاسیسات مکانیکی و انواع عایق حرارتی,price_index,145.39595,index points,1402,,جدول 1,ts_building_140404-14050319105758.xlsx
1404-Q1,1404,1,بهار,گروه تاسیسات مکانیکی و انواع عایق حرارتی,price_index,148.56033,index points,1402,,جدول 1,ts_building_140404-14050319105758.xlsx
1404-Q2,1404,2,تابستان,گروه تاسیسات مکانیکی و انواع عایق حرارتی,price_index,157.05816,index points,1402,,جدول 1,ts_building_140404-14050319105758.xlsx
1404-Q3,1404,3,پاییز,گروه تاسیسات مکانیکی و انواع عایق حرارتی,price_index,214.2624,index points,1402,,جدول 1,ts_building_140404-14050319105758.xlsx
1404-Q4,1404,4,زمستان,گروه تاسیسات مکانیکی و انواع عایق حرارتی,price_index,360.5296,index points,1402,,جدول 1,ts_building_140404-14050319105758.xlsx
1390-Q1,1390,1,بهار,گروه نقاشی ساختمان,price_index,3.07766,index points,1402,,جدول 1,ts_building_140404-14050319105758.xlsx
1390-Q2,1390,2,تابستان,گروه نقاشی ساختمان,price_index,3.29772,index points,1402,,جدول 1,ts_building_140404-14050319105758.xlsx
1390-Q3,1390,3,پاییز,گروه نقاشی ساختمان,price_index,3.46978,index points,1402,,جدول 1,ts_building_140404-14050319105758.xlsx
1390-Q4,1390,4,زمستان,گروه نقاشی ساختمان,price_index,3.67371,index points,1402,,جدول 1,ts_building_140404-14050319105758.xlsx
1391-Q1,1391,1,بهار,گروه نقاشی ساختمان,price_index,3.87983,index points,1402,,جدول 1,ts_building_140404-14050319105758.xlsx
1391-Q2,1391,2,تابستان,گروه نقاشی ساختمان,price_index,4.43588,index points,1402,,جدول 1,ts_building_140404-14050319105758.xlsx
1391-Q3,1391,3,پاییز,گروه نقاشی ساختمان,price_index,5.83684,index points,1402,,جدول 1,ts_building_140404-14050319105758.xlsx
1391-Q4,1391,4,زمستان,گروه نقاشی ساختمان,price_index,6.28909,index points,1402,,جدول 1,ts_building_140404-14050319105758.xlsx
1392-Q1,1392,1,بهار,گروه نقاشی ساختمان,price_index,7.50937,index points,1402,,جدول 1,ts_building_140404-14050319105758.xlsx
1392-Q2,1392,2,تابستان,گروه نقاشی ساختمان,price_index,7.5624,index points,1402,,جدول 1,ts_building_140404-14050319105758.xlsx
1392-Q3,1392,3,پاییز,گروه نقاشی ساختمان,price_index,7.69403,index points,1402,,جدول 1,ts_building_140404-14050319105758.xlsx
1392-Q4,1392,4,زمستان,گروه نقاشی ساختمان,price_index,7.43172,index points,1402,,جدول 1,ts_building_140404-14050319105758.xlsx
1393-Q1,1393,1,بهار,گروه نقاشی ساختمان,price_index,7.5851,index points,1402,,جدول 1,ts_building_140404-14050319105758.xlsx
1393-Q2,1393,2,تابستان,گروه نقاشی ساختمان,price_index,7.61261,index points,1402,,جدول 1,ts_building_140404-14050319105758.xlsx
1393-Q3,1393,3,پاییز,گروه نقاشی ساختمان,price_index,7.77413,index points,1402,,جدول 1,ts_building_140404-14050319105758.xlsx
1393-Q4,1393,4,زمستان,گروه نقاشی ساختمان,price_index,7.83215,index points,1402,,جدول 1,ts_building_140404-14050319105758.xlsx
1394-Q1,1394,1,بهار,گروه نقاشی ساختمان,price_index,7.85522,index points,1402,,جدول 1,ts_building_140404-14050319105758.xlsx
1394-Q2,1394,2,تابستان,گروه نقاشی ساختمان,price_index,7.84097,index points,1402,,جدول 1,ts_building_140404-14050319105758.xlsx
1394-Q3,1394,3,پاییز,گروه نقاشی ساختمان,price_index,7.8113,index points,1402,,جدول 1,ts_building_140404-14050319105758.xlsx
1394-Q4,1394,4,زمستان,گروه نقاشی ساختمان,price_index,7.82811,index points,1402,,جدول 1,ts_building_140404-14050319105758.xlsx
1395-Q1,1395,1,بهار,گروه نقاشی ساختمان,price_index,7.75518,index points,1402,,جدول 1,ts_building_140404-14050319105758.xlsx
1395-Q2,1395,2,تابستان,گروه نقاشی ساختمان,price_index,7.77556,index points,1402,,جدول 1,ts_building_140404-14050319105758.xlsx
1395-Q3,1395,3,پاییز,گروه نقاشی ساختمان,price_index,7.85366,index points,1402,,جدول 1,ts_building_140404-14050319105758.xlsx
1395-Q4,1395,4,زمستان,گروه نقاشی ساختمان,price_index,7.91754,index points,1402,,جدول 1,ts_building_140404-14050319105758.xlsx
1396-Q1,1396,1,بهار,گروه نقاشی ساختمان,price_index,8.37345,index points,1402,,جدول 1,ts_building_140404-14050319105758.xlsx
1396-Q2,1396,2,تابستان,گروه نقاشی ساختمان,price_index,8.58022,index points,1402,,جدول 1,ts_building_140404-14050319105758.xlsx
1396-Q3,1396,3,پاییز,گروه نقاشی ساختمان,price_index,8.84898,index points,1402,,جدول 1,ts_building_140404-14050319105758.xlsx
1396-Q4,1396,4,زمستان,گروه نقاشی ساختمان,price_index,9.26933,index points,1402,,جدول 1,ts_building_140404-14050319105758.xlsx
1397-Q1,1397,1,بهار,گروه نقاشی ساختمان,price_index,10.45961,index points,1402,,جدول 1,ts_building_140404-14050319105758.xlsx
1397-Q2,1397,2,تابستان,گروه نقاشی ساختمان,price_index,14.62401,index points,1402,,جدول 1,ts_building_140404-14050319105758.xlsx
1397-Q3,1397,3,پاییز,گروه نقاشی ساختمان,price_index,17.86895,index points,1402,,جدول 1,ts_building_140404-14050319105758.xlsx
1397-Q4,1397,4,زمستان,گروه نقاشی ساختمان,price_index,18.84474,index points,1402,,جدول 1,ts_building_140404-14050319105758.xlsx
1398-Q1,1398,1,بهار,گروه نقاشی ساختمان,price_index,20.63637,index points,1402,,جدول 1,ts_building_140404-14050319105758.xlsx
1398-Q2,1398,2,تابستان,گروه نقاشی ساختمان,price_index,21.37032,index points,1402,,جدول 1,ts_building_140404-14050319105758.xlsx
1398-Q3,1398,3,پاییز,گروه نقاشی ساختمان,price_index,21.14863,index points,1402,,جدول 1,ts_building_140404-14050319105758.xlsx
1398-Q4,1398,4,زمستان,گروه نقاشی ساختمان,price_index,21.30242,index points,1402,,جدول 1,ts_building_140404-14050319105758.xlsx
1399-Q1,1399,1,بهار,گروه نقاشی ساختمان,price_index,23.03754,index points,1402,,جدول 1,ts_building_140404-14050319105758.xlsx
1399-Q2,1399,2,تابستان,گروه نقاشی ساختمان,price_index,29.78599,index points,1402,,جدول 1,ts_building_140404-14050319105758.xlsx
1399-Q3,1399,3,پاییز,گروه نقاشی ساختمان,price_index,37.66594,index points,1402,,جدول 1,ts_building_140404-14050319105758.xlsx
1399-Q4,1399,4,زمستان,گروه نقاشی ساختمان,price_index,39.16202,index points,1402,,جدول 1,ts_building_140404-14050319105758.xlsx
1400-Q1,1400,1,بهار,گروه نقاشی ساختمان,price_index,44.95935,index points,1402,,جدول 1,ts_building_140404-14050319105758.xlsx
1400-Q2,1400,2,تابستان,گروه نقاشی ساختمان,price_index,48.49874,index points,1402,,جدول 1,ts_building_140404-14050319105758.xlsx
1400-Q3,1400,3,پاییز,گروه نقاشی ساختمان,price_index,54.03923,index points,1402,,جدول 1,ts_building_140404-14050319105758.xlsx
1400-Q4,1400,4,زمستان,گروه نقاشی ساختمان,price_index,55.25265,index points,1402,,جدول 1,ts_building_140404-14050319105758.xlsx
1401-Q1,1401,1,بهار,گروه نقاشی ساختمان,price_index,69.19949,index points,1402,,جدول 1,ts_building_140404-14050319105758.xlsx
1401-Q2,1401,2,تابستان,گروه نقاشی ساختمان,price_index,76.02513,index points,1402,,جدول 1,ts_building_140404-14050319105758.xlsx
1401-Q3,1401,3,پاییز,گروه نقاشی ساختمان,price_index,76.68299,index points,1402,,جدول 1,ts_building_140404-14050319105758.xlsx
1401-Q4,1401,4,زمستان,گروه نقاشی ساختمان,price_index,81.52234,index points,1402,,جدول 1,ts_building_140404-14050319105758.xlsx
1402-Q1,1402,1,بهار,گروه نقاشی ساختمان,price_index,96.23145,index points,1402,,جدول 1,ts_building_140404-14050319105758.xlsx
1402-Q2,1402,2,تابستان,گروه نقاشی ساختمان,price_index,98.2372,index points,1402,,جدول 1,ts_building_140404-14050319105758.xlsx
1402-Q3,1402,3,پاییز,گروه نقاشی ساختمان,price_index,101.57488,index points,1402,,جدول 1,ts_building_140404-14050319105758.xlsx
1402-Q4,1402,4,زمستان,گروه نقاشی ساختمان,price_index,103.95647,index points,1402,,جدول 1,ts_building_140404-14050319105758.xlsx
1403-Q1,1403,1,بهار,گروه نقاشی ساختمان,price_index,111.23763,index points,1402,,جدول 1,ts_building_140404-14050319105758.xlsx
1403-Q2,1403,2,تابستان,گروه نقاشی ساختمان,price_index,119.62353,index points,1402,,جدول 1,ts_building_140404-14050319105758.xlsx
1403-Q3,1403,3,پاییز,گروه نقاشی ساختمان,price_index,126.06259,index points,1402,,جدول 1,ts_building_140404-14050319105758.xlsx
1403-Q4,1403,4,زمستان,گروه نقاشی ساختمان,price_index,146.07618,index points,1402,,جدول 1,ts_building_140404-14050319105758.xlsx
1404-Q1,1404,1,بهار,گروه نقاشی ساختمان,price_index,157.21087,index points,1402,,جدول 1,ts_building_140404-14050319105758.xlsx
1404-Q2,1404,2,تابستان,گروه نقاشی ساختمان,price_index,162.11453,index points,1402,,جدول 1,ts_building_140404-14050319105758.xlsx
1404-Q3,1404,3,پاییز,گروه نقاشی ساختمان,price_index,187.2443,index points,1402,,جدول 1,ts_building_140404-14050319105758.xlsx
1404-Q4,1404,4,زمستان,گروه نقاشی ساختمان,price_index,267.4377,index points,1402,,جدول 1,ts_building_140404-14050319105758.xlsx
1390-Q1,1390,1,بهار,گروه تاسیسات برقی,price_index,2.58495,index points,1402,,جدول 1,ts_building_140404-14050319105758.xlsx
1390-Q2,1390,2,تابستان,گروه تاسیسات برقی,price_index,2.61966,index points,1402,,جدول 1,ts_building_140404-14050319105758.xlsx
1390-Q3,1390,3,پاییز,گروه تاسیسات برقی,price_index,2.68234,index points,1402,,جدول 1,ts_building_140404-14050319105758.xlsx
1390-Q4,1390,4,زمستان,گروه تاسیسات برقی,price_index,3.07284,index points,1402,,جدول 1,ts_building_140404-14050319105758.xlsx
1391-Q1,1391,1,بهار,گروه تاسیسات برقی,price_index,3.35516,index points,1402,,جدول 1,ts_building_140404-14050319105758.xlsx
1391-Q2,1391,2,تابستان,گروه تاسیسات برقی,price_index,3.91397,index points,1402,,جدول 1,ts_building_140404-14050319105758.xlsx
1391-Q3,1391,3,پاییز,گروه تاسیسات برقی,price_index,4.82191,index points,1402,,جدول 1,ts_building_140404-14050319105758.xlsx
1391-Q4,1391,4,زمستان,گروه تاسیسات برقی,price_index,5.34478,index points,1402,,جدول 1,ts_building_140404-14050319105758.xlsx
1392-Q1,1392,1,بهار,گروه تاسیسات برقی,price_index,5.53813,index points,1402,,جدول 1,ts_building_140404-14050319105758.xlsx
1392-Q2,1392,2,تابستان,گروه تاسیسات برقی,price_index,5.53631,index points,1402,,جدول 1,ts_building_140404-14050319105758.xlsx
1392-Q3,1392,3,پاییز,گروه تاسیسات برقی,price_index,5.44691,index points,1402,,جدول 1,ts_building_140404-14050319105758.xlsx
1392-Q4,1392,4,زمستان,گروه تاسیسات برقی,price_index,5.55537,index points,1402,,جدول 1,ts_building_140404-14050319105758.xlsx
1393-Q1,1393,1,بهار,گروه تاسیسات برقی,price_index,5.85449,index points,1402,,جدول 1,ts_building_140404-14050319105758.xlsx
1393-Q2,1393,2,تابستان,گروه تاسیسات برقی,price_index,5.93118,index points,1402,,جدول 1,ts_building_140404-14050319105758.xlsx
1393-Q3,1393,3,پاییز,گروه تاسیسات برقی,price_index,5.94769,index points,1402,,جدول 1,ts_building_140404-14050319105758.xlsx
1393-Q4,1393,4,زمستان,گروه تاسیسات برقی,price_index,5.92679,index points,1402,,جدول 1,ts_building_140404-14050319105758.xlsx
1394-Q1,1394,1,بهار,گروه تاسیسات برقی,price_index,5.98188,index points,1402,,جدول 1,ts_building_140404-14050319105758.xlsx
1394-Q2,1394,2,تابستان,گروه تاسیسات برقی,price_index,5.95807,index points,1402,,جدول 1,ts_building_140404-14050319105758.xlsx
1394-Q3,1394,3,پاییز,گروه تاسیسات برقی,price_index,5.9074,index points,1402,,جدول 1,ts_building_140404-14050319105758.xlsx
1394-Q4,1394,4,زمستان,گروه تاسیسات برقی,price_index,5.87954,index points,1402,,جدول 1,ts_building_140404-14050319105758.xlsx
1395-Q1,1395,1,بهار,گروه تاسیسات برقی,price_index,5.95425,index points,1402,,جدول 1,ts_building_140404-14050319105758.xlsx
1395-Q2,1395,2,تابستان,گروه تاسیسات برقی,price_index,6.07762,index points,1402,,جدول 1,ts_building_140404-14050319105758.xlsx
1395-Q3,1395,3,پاییز,گروه تاسیسات برقی,price_index,6.37885,index points,1402,,جدول 1,ts_building_140404-14050319105758.xlsx
1395-Q4,1395,4,زمستان,گروه تاسیسات برقی,price_index,6.4174,index points,1402,,جدول 1,ts_building_140404-14050319105758.xlsx
1396-Q1,1396,1,بهار,گروه تاسیسات برقی,price_index,6.45922,index points,1402,,جدول 1,ts_building_140404-14050319105758.xlsx
1396-Q2,1396,2,تابستان,گروه تاسیسات برقی,price_index,6.7963,index points,1402,,جدول 1,ts_building_140404-14050319105758.xlsx
1396-Q3,1396,3,پاییز,گروه تاسیسات برقی,price_index,7.05323,index points,1402,,جدول 1,ts_building_140404-14050319105758.xlsx
1396-Q4,1396,4,زمستان,گروه تاسیسات برقی,price_index,7.38507,index points,1402,,جدول 1,ts_building_140404-14050319105758.xlsx
1397-Q1,1397,1,بهار,گروه تاسیسات برقی,price_index,8.43065,index points,1402,,جدول 1,ts_building_140404-14050319105758.xlsx
1397-Q2,1397,2,تابستان,گروه تاسیسات برقی,price_index,12.2949,index points,1402,,جدول 1,ts_building_140404-14050319105758.xlsx
1397-Q3,1397,3,پاییز,گروه تاسیسات برقی,price_index,13.81818,index points,1402,,جدول 1,ts_building_140404-14050319105758.xlsx
1397-Q4,1397,4,زمستان,گروه تاسیسات برقی,price_index,15.246,index points,1402,,جدول 1,ts_building_140404-14050319105758.xlsx
1398-Q1,1398,1,بهار,گروه تاسیسات برقی,price_index,17.86607,index points,1402,,جدول 1,ts_building_140404-14050319105758.xlsx
1398-Q2,1398,2,تابستان,گروه تاسیسات برقی,price_index,17.19281,index points,1402,,جدول 1,ts_building_140404-14050319105758.xlsx
1398-Q3,1398,3,پاییز,گروه تاسیسات برقی,price_index,17.71324,index points,1402,,جدول 1,ts_building_140404-14050319105758.xlsx
1398-Q4,1398,4,زمستان,گروه تاسیسات برقی,price_index,19.40238,index points,1402,,جدول 1,ts_building_140404-14050319105758.xlsx
1399-Q1,1399,1,بهار,گروه تاسیسات برقی,price_index,22.46677,index points,1402,,جدول 1,ts_building_140404-14050319105758.xlsx
1399-Q2,1399,2,تابستان,گروه تاسیسات برقی,price_index,27.36735,index points,1402,,جدول 1,ts_building_140404-14050319105758.xlsx
1399-Q3,1399,3,پاییز,گروه تاسیسات برقی,price_index,36.32183,index points,1402,,جدول 1,ts_building_140404-14050319105758.xlsx
1399-Q4,1399,4,زمستان,گروه تاسیسات برقی,price_index,38.21867,index points,1402,,جدول 1,ts_building_140404-14050319105758.xlsx
1400-Q1,1400,1,بهار,گروه تاسیسات برقی,price_index,40.89317,index points,1402,,جدول 1,ts_building_140404-14050319105758.xlsx
1400-Q2,1400,2,تابستان,گروه تاسیسات برقی,price_index,42.89787,index points,1402,,جدول 1,ts_building_140404-14050319105758.xlsx
1400-Q3,1400,3,پاییز,گروه تاسیسات برقی,price_index,45.1263,index points,1402,,جدول 1,ts_building_140404-14050319105758.xlsx
1400-Q4,1400,4,زمستان,گروه تاسیسات برقی,price_index,51.26199,index points,1402,,جدول 1,ts_building_140404-14050319105758.xlsx
1401-Q1,1401,1,بهار,گروه تاسیسات برقی,price_index,60.14816,index points,1402,,جدول 1,ts_building_140404-14050319105758.xlsx
1401-Q2,1401,2,تابستان,گروه تاسیسات برقی,price_index,59.8211,index points,1402,,جدول 1,ts_building_140404-14050319105758.xlsx
1401-Q3,1401,3,پاییز,گروه تاسیسات برقی,price_index,67.20573,index points,1402,,جدول 1,ts_building_140404-14050319105758.xlsx
1401-Q4,1401,4,زمستان,گروه تاسیسات برقی,price_index,87.90084,index points,1402,,جدول 1,ts_building_140404-14050319105758.xlsx
1402-Q1,1402,1,بهار,گروه تاسیسات برقی,price_index,96.17423,index points,1402,,جدول 1,ts_building_140404-14050319105758.xlsx
1402-Q2,1402,2,تابستان,گروه تاسیسات برقی,price_index,98.80442,index points,1402,,جدول 1,ts_building_140404-14050319105758.xlsx
1402-Q3,1402,3,پاییز,گروه تاسیسات برقی,price_index,98.85047,index points,1402,,جدول 1,ts_building_140404-14050319105758.xlsx
1402-Q4,1402,4,زمستان,گروه تاسیسات برقی,price_index,106.17087,index points,1402,,جدول 1,ts_building_140404-14050319105758.xlsx
1403-Q1,1403,1,بهار,گروه تاسیسات برقی,price_index,111.55673,index points,1402,,جدول 1,ts_building_140404-14050319105758.xlsx
1403-Q2,1403,2,تابستان,گروه تاسیسات برقی,price_index,114.55789,index points,1402,,جدول 1,ts_building_140404-14050319105758.xlsx
1403-Q3,1403,3,پاییز,گروه تاسیسات برقی,price_index,121.87575,index points,1402,,جدول 1,ts_building_140404-14050319105758.xlsx
1403-Q4,1403,4,زمستان,گروه تاسیسات برقی,price_index,131.48291,index points,1402,,جدول 1,ts_building_140404-14050319105758.xlsx
1404-Q1,1404,1,بهار,گروه تاسیسات برقی,price_index,135.95144,index points,1402,,جدول 1,ts_building_140404-14050319105758.xlsx
1404-Q2,1404,2,تابستان,گروه تاسیسات برقی,price_index,144.56441,index points,1402,,جدول 1,ts_building_140404-14050319105758.xlsx
1404-Q3,1404,3,پاییز,گروه تاسیسات برقی,price_index,178.8529,index points,1402,,جدول 1,ts_building_140404-14050319105758.xlsx
1404-Q4,1404,4,زمستان,گروه تاسیسات برقی,price_index,289.1642,index points,1402,,جدول 1,ts_building_140404-14050319105758.xlsx
1390-Q1,1390,1,بهار,گروه شیشه,price_index,3.56326,index points,1402,,جدول 1,ts_building_140404-14050319105758.xlsx
1390-Q2,1390,2,تابستان,گروه شیشه,price_index,3.52102,index points,1402,,جدول 1,ts_building_140404-14050319105758.xlsx
1390-Q3,1390,3,پاییز,گروه شیشه,price_index,3.56291,index points,1402,,جدول 1,ts_building_140404-14050319105758.xlsx
1390-Q4,1390,4,زمستان,گروه شیشه,price_index,3.77226,index points,1402,,جدول 1,ts_building_140404-14050319105758.xlsx
1391-Q1,1391,1,بهار,گروه شیشه,price_index,4.07951,index points,1402,,جدول 1,ts_building_140404-14050319105758.xlsx
1391-Q2,1391,2,تابستان,گروه شیشه,price_index,4.27074,index points,1402,,جدول 1,ts_building_140404-14050319105758.xlsx
1391-Q3,1391,3,پاییز,گروه شیشه,price_index,5.10919,index points,1402,,جدول 1,ts_building_140404-14050319105758.xlsx
1391-Q4,1391,4,زمستان,گروه شیشه,price_index,5.27875,index points,1402,,جدول 1,ts_building_140404-14050319105758.xlsx
1392-Q1,1392,1,بهار,گروه شیشه,price_index,5.73986,index points,1402,,جدول 1,ts_building_140404-14050319105758.xlsx
1392-Q2,1392,2,تابستان,گروه شیشه,price_index,5.86438,index points,1402,,جدول 1,ts_building_140404-14050319105758.xlsx
1392-Q3,1392,3,پاییز,گروه شیشه,price_index,5.42434,index points,1402,,جدول 1,ts_building_140404-14050319105758.xlsx
1392-Q4,1392,4,زمستان,گروه شیشه,price_index,5.4089,index points,1402,,جدول 1,ts_building_140404-14050319105758.xlsx
1393-Q1,1393,1,بهار,گروه شیشه,price_index,5.4935,index points,1402,,جدول 1,ts_building_140404-14050319105758.xlsx
1393-Q2,1393,2,تابستان,گروه شیشه,price_index,5.73278,index points,1402,,جدول 1,ts_building_140404-14050319105758.xlsx
1393-Q3,1393,3,پاییز,گروه شیشه,price_index,6.32296,index points,1402,,جدول 1,ts_building_140404-14050319105758.xlsx
1393-Q4,1393,4,زمستان,گروه شیشه,price_index,6.36639,index points,1402,,جدول 1,ts_building_140404-14050319105758.xlsx
1394-Q1,1394,1,بهار,گروه شیشه,price_index,6.64962,index points,1402,,جدول 1,ts_building_140404-14050319105758.xlsx
1394-Q2,1394,2,تابستان,گروه شیشه,price_index,6.75119,index points,1402,,جدول 1,ts_building_140404-14050319105758.xlsx
1394-Q3,1394,3,پاییز,گروه شیشه,price_index,6.75119,index points,1402,,جدول 1,ts_building_140404-14050319105758.xlsx
1394-Q4,1394,4,زمستان,گروه شیشه,price_index,6.82232,index points,1402,,جدول 1,ts_building_140404-14050319105758.xlsx
1395-Q1,1395,1,بهار,گروه شیشه,price_index,6.92284,index points,1402,,جدول 1,ts_building_140404-14050319105758.xlsx
1395-Q2,1395,2,تابستان,گروه شیشه,price_index,6.92357,index points,1402,,جدول 1,ts_building_140404-14050319105758.xlsx
1395-Q3,1395,3,پاییز,گروه شیشه,price_index,6.88915,index points,1402,,جدول 1,ts_building_140404-14050319105758.xlsx
1395-Q4,1395,4,زمستان,گروه شیشه,price_index,6.41255,index points,1402,,جدول 1,ts_building_140404-14050319105758.xlsx
1396-Q1,1396,1,بهار,گروه شیشه,price_index,6.46963,index points,1402,,جدول 1,ts_building_140404-14050319105758.xlsx
1396-Q2,1396,2,تابستان,گروه شیشه,price_index,6.61288,index points,1402,,جدول 1,ts_building_140404-14050319105758.xlsx
1396-Q3,1396,3,پاییز,گروه شیشه,price_index,6.87939,index points,1402,,جدول 1,ts_building_140404-14050319105758.xlsx
1396-Q4,1396,4,زمستان,گروه شیشه,price_index,7.57931,index points,1402,,جدول 1,ts_building_140404-14050319105758.xlsx
1397-Q1,1397,1,بهار,گروه شیشه,price_index,8.19763,index points,1402,,جدول 1,ts_building_140404-14050319105758.xlsx
1397-Q2,1397,2,تابستان,گروه شیشه,price_index,10.07293,index points,1402,,جدول 1,ts_building_140404-14050319105758.xlsx
1397-Q3,1397,3,پاییز,گروه شیشه,price_index,13.85715,index points,1402,,جدول 1,ts_building_140404-14050319105758.xlsx
1397-Q4,1397,4,زمستان,گروه شیشه,price_index,13.09616,index points,1402,,جدول 1,ts_building_140404-14050319105758.xlsx
1398-Q1,1398,1,بهار,گروه شیشه,price_index,14.57527,index points,1402,,جدول 1,ts_building_140404-14050319105758.xlsx
1398-Q2,1398,2,تابستان,گروه شیشه,price_index,14.5478,index points,1402,,جدول 1,ts_building_140404-14050319105758.xlsx
1398-Q3,1398,3,پاییز,گروه شیشه,price_index,14.57635,index points,1402,,جدول 1,ts_building_140404-14050319105758.xlsx
1398-Q4,1398,4,زمستان,گروه شیشه,price_index,14.57635,index points,1402,,جدول 1,ts_building_140404-14050319105758.xlsx
1399-Q1,1399,1,بهار,گروه شیشه,price_index,16.60991,index points,1402,,جدول 1,ts_building_140404-14050319105758.xlsx
1399-Q2,1399,2,تابستان,گروه شیشه,price_index,19.10849,index points,1402,,جدول 1,ts_building_140404-14050319105758.xlsx
1399-Q3,1399,3,پاییز,گروه شیشه,price_index,20.99116,index points,1402,,جدول 1,ts_building_140404-14050319105758.xlsx
1399-Q4,1399,4,زمستان,گروه شیشه,price_index,26.88469,index points,1402,,جدول 1,ts_building_140404-14050319105758.xlsx
1400-Q1,1400,1,بهار,گروه شیشه,price_index,32.04687,index points,1402,,جدول 1,ts_building_140404-14050319105758.xlsx
1400-Q2,1400,2,تابستان,گروه شیشه,price_index,35.76505,index points,1402,,جدول 1,ts_building_140404-14050319105758.xlsx
1400-Q3,1400,3,پاییز,گروه شیشه,price_index,41.72749,index points,1402,,جدول 1,ts_building_140404-14050319105758.xlsx
1400-Q4,1400,4,زمستان,گروه شیشه,price_index,45.44453,index points,1402,,جدول 1,ts_building_140404-14050319105758.xlsx
1401-Q1,1401,1,بهار,گروه شیشه,price_index,61.57086,index points,1402,,جدول 1,ts_building_140404-14050319105758.xlsx
1401-Q2,1401,2,تابستان,گروه شیشه,price_index,65.55944,index points,1402,,جدول 1,ts_building_140404-14050319105758.xlsx
1401-Q3,1401,3,پاییز,گروه شیشه,price_index,68.38196,index points,1402,,جدول 1,ts_building_140404-14050319105758.xlsx
1401-Q4,1401,4,زمستان,گروه شیشه,price_index,85.08907,index points,1402,,جدول 1,ts_building_140404-14050319105758.xlsx
1402-Q1,1402,1,بهار,گروه شیشه,price_index,96.39026,index points,1402,,جدول 1,ts_building_140404-14050319105758.xlsx
1402-Q2,1402,2,تابستان,گروه شیشه,price_index,99.4011,index points,1402,,جدول 1,ts_building_140404-14050319105758.xlsx
1402-Q3,1402,3,پاییز,گروه شیشه,price_index,101.28464,index points,1402,,جدول 1,ts_building_140404-14050319105758.xlsx
1402-Q4,1402,4,زمستان,گروه شیشه,price_index,102.924,index points,1402,,جدول 1,ts_building_140404-14050319105758.xlsx
1403-Q1,1403,1,بهار,گروه شیشه,price_index,104.34116,index points,1402,,جدول 1,ts_building_140404-14050319105758.xlsx
1403-Q2,1403,2,تابستان,گروه شیشه,price_index,108.88543,index points,1402,,جدول 1,ts_building_140404-14050319105758.xlsx
1403-Q3,1403,3,پاییز,گروه شیشه,price_index,118.43725,index points,1402,,جدول 1,ts_building_140404-14050319105758.xlsx
1403-Q4,1403,4,زمستان,گروه شیشه,price_index,121.77807,index points,1402,,جدول 1,ts_building_140404-14050319105758.xlsx
1404-Q1,1404,1,بهار,گروه شیشه,price_index,128.39716,index points,1402,,جدول 1,ts_building_140404-14050319105758.xlsx
1404-Q2,1404,2,تابستان,گروه شیشه,price_index,132.08572,index points,1402,,جدول 1,ts_building_140404-14050319105758.xlsx
1404-Q3,1404,3,پاییز,گروه شیشه,price_index,151.843,index points,1402,,جدول 1,ts_building_140404-14050319105758.xlsx
1404-Q4,1404,4,زمستان,گروه شیشه,price_index,174.3556,index points,1402,,جدول 1,ts_building_140404-14050319105758.xlsx
1390-Q1,1390,1,بهار,گروه خدمات,price_index,7.02442,index points,1402,,جدول 1,ts_building_140404-14050319105758.xlsx
1390-Q2,1390,2,تابستان,گروه خدمات,price_index,7.12969,index points,1402,,جدول 1,ts_building_140404-14050319105758.xlsx
1390-Q3,1390,3,پاییز,گروه خدمات,price_index,7.12781,index points,1402,,جدول 1,ts_building_140404-14050319105758.xlsx
1390-Q4,1390,4,زمستان,گروه خدمات,price_index,7.55278,index points,1402,,جدول 1,ts_building_140404-14050319105758.xlsx
1391-Q1,1391,1,بهار,گروه خدمات,price_index,8.62062,index points,1402,,جدول 1,ts_building_140404-14050319105758.xlsx
1391-Q2,1391,2,تابستان,گروه خدمات,price_index,9.14483,index points,1402,,جدول 1,ts_building_140404-14050319105758.xlsx
1391-Q3,1391,3,پاییز,گروه خدمات,price_index,9.48285,index points,1402,,جدول 1,ts_building_140404-14050319105758.xlsx
1391-Q4,1391,4,زمستان,گروه خدمات,price_index,9.62256,index points,1402,,جدول 1,ts_building_140404-14050319105758.xlsx
1392-Q1,1392,1,بهار,گروه خدمات,price_index,11.30881,index points,1402,,جدول 1,ts_building_140404-14050319105758.xlsx
1392-Q2,1392,2,تابستان,گروه خدمات,price_index,11.32957,index points,1402,,جدول 1,ts_building_140404-14050319105758.xlsx
1392-Q3,1392,3,پاییز,گروه خدمات,price_index,11.49528,index points,1402,,جدول 1,ts_building_140404-14050319105758.xlsx
1392-Q4,1392,4,زمستان,گروه خدمات,price_index,11.51103,index points,1402,,جدول 1,ts_building_140404-14050319105758.xlsx
1393-Q1,1393,1,بهار,گروه خدمات,price_index,12.38984,index points,1402,,جدول 1,ts_building_140404-14050319105758.xlsx
1393-Q2,1393,2,تابستان,گروه خدمات,price_index,12.52437,index points,1402,,جدول 1,ts_building_140404-14050319105758.xlsx
1393-Q3,1393,3,پاییز,گروه خدمات,price_index,12.71012,index points,1402,,جدول 1,ts_building_140404-14050319105758.xlsx
1393-Q4,1393,4,زمستان,گروه خدمات,price_index,12.7094,index points,1402,,جدول 1,ts_building_140404-14050319105758.xlsx
1394-Q1,1394,1,بهار,گروه خدمات,price_index,13.69277,index points,1402,,جدول 1,ts_building_140404-14050319105758.xlsx
1394-Q2,1394,2,تابستان,گروه خدمات,price_index,14.10855,index points,1402,,جدول 1,ts_building_140404-14050319105758.xlsx
1394-Q3,1394,3,پاییز,گروه خدمات,price_index,14.17386,index points,1402,,جدول 1,ts_building_140404-14050319105758.xlsx
1394-Q4,1394,4,زمستان,گروه خدمات,price_index,14.19747,index points,1402,,جدول 1,ts_building_140404-14050319105758.xlsx
1395-Q1,1395,1,بهار,گروه خدمات,price_index,15.24829,index points,1402,,جدول 1,ts_building_140404-14050319105758.xlsx
1395-Q2,1395,2,تابستان,گروه خدمات,price_index,15.28182,index points,1402,,جدول 1,ts_building_140404-14050319105758.xlsx
1395-Q3,1395,3,پاییز,گروه خدمات,price_index,15.33058,index points,1402,,جدول 1,ts_building_140404-14050319105758.xlsx
1395-Q4,1395,4,زمستان,گروه خدمات,price_index,15.33058,index points,1402,,جدول 1,ts_building_140404-14050319105758.xlsx
1396-Q1,1396,1,بهار,گروه خدمات,price_index,16.09495,index points,1402,,جدول 1,ts_building_140404-14050319105758.xlsx
1396-Q2,1396,2,تابستان,گروه خدمات,price_index,16.51312,index points,1402,,جدول 1,ts_building_140404-14050319105758.xlsx
1396-Q3,1396,3,پاییز,گروه خدمات,price_index,16.52648,index points,1402,,جدول 1,ts_building_140404-14050319105758.xlsx
1396-Q4,1396,4,زمستان,گروه خدمات,price_index,16.63538,index points,1402,,جدول 1,ts_building_140404-14050319105758.xlsx
1397-Q1,1397,1,بهار,گروه خدمات,price_index,19.04375,index points,1402,,جدول 1,ts_building_140404-14050319105758.xlsx
1397-Q2,1397,2,تابستان,گروه خدمات,price_index,19.81118,index points,1402,,جدول 1,ts_building_140404-14050319105758.xlsx
1397-Q3,1397,3,پاییز,گروه خدمات,price_index,20.25817,index points,1402,,جدول 1,ts_building_140404-14050319105758.xlsx
1397-Q4,1397,4,زمستان,گروه خدمات,price_index,20.25817,index points,1402,,جدول 1,ts_building_140404-14050319105758.xlsx
1398-Q1,1398,1,بهار,گروه خدمات,price_index,24.68765,index points,1402,,جدول 1,ts_building_140404-14050319105758.xlsx
1398-Q2,1398,2,تابستان,گروه خدمات,price_index,24.87015,index points,1402,,جدول 1,ts_building_140404-14050319105758.xlsx
1398-Q3,1398,3,پاییز,گروه خدمات,price_index,24.87746,index points,1402,,جدول 1,ts_building_140404-14050319105758.xlsx
1398-Q4,1398,4,زمستان,گروه خدمات,price_index,24.9331,index points,1402,,جدول 1,ts_building_140404-14050319105758.xlsx
1399-Q1,1399,1,بهار,گروه خدمات,price_index,31.3666,index points,1402,,جدول 1,ts_building_140404-14050319105758.xlsx
1399-Q2,1399,2,تابستان,گروه خدمات,price_index,33.0822,index points,1402,,جدول 1,ts_building_140404-14050319105758.xlsx
1399-Q3,1399,3,پاییز,گروه خدمات,price_index,34.91104,index points,1402,,جدول 1,ts_building_140404-14050319105758.xlsx
1399-Q4,1399,4,زمستان,گروه خدمات,price_index,34.96934,index points,1402,,جدول 1,ts_building_140404-14050319105758.xlsx
1400-Q1,1400,1,بهار,گروه خدمات,price_index,44.65236,index points,1402,,جدول 1,ts_building_140404-14050319105758.xlsx
1400-Q2,1400,2,تابستان,گروه خدمات,price_index,45.88962,index points,1402,,جدول 1,ts_building_140404-14050319105758.xlsx
1400-Q3,1400,3,پاییز,گروه خدمات,price_index,46.30523,index points,1402,,جدول 1,ts_building_140404-14050319105758.xlsx
1400-Q4,1400,4,زمستان,گروه خدمات,price_index,46.93023,index points,1402,,جدول 1,ts_building_140404-14050319105758.xlsx
1401-Q1,1401,1,بهار,گروه خدمات,price_index,71.73945,index points,1402,,جدول 1,ts_building_140404-14050319105758.xlsx
1401-Q2,1401,2,تابستان,گروه خدمات,price_index,74.04524,index points,1402,,جدول 1,ts_building_140404-14050319105758.xlsx
1401-Q3,1401,3,پاییز,گروه خدمات,price_index,74.04674,index points,1402,,جدول 1,ts_building_140404-14050319105758.xlsx
1401-Q4,1401,4,زمستان,گروه خدمات,price_index,77.00686,index points,1402,,جدول 1,ts_building_140404-14050319105758.xlsx
1402-Q1,1402,1,بهار,گروه خدمات,price_index,99.00542,index points,1402,,جدول 1,ts_building_140404-14050319105758.xlsx
1402-Q2,1402,2,تابستان,گروه خدمات,price_index,99.64708,index points,1402,,جدول 1,ts_building_140404-14050319105758.xlsx
1402-Q3,1402,3,پاییز,گروه خدمات,price_index,100.35233,index points,1402,,جدول 1,ts_building_140404-14050319105758.xlsx
1402-Q4,1402,4,زمستان,گروه خدمات,price_index,100.99517,index points,1402,,جدول 1,ts_building_140404-14050319105758.xlsx
1403-Q1,1403,1,بهار,گروه خدمات,price_index,134.0355,index points,1402,,جدول 1,ts_building_140404-14050319105758.xlsx
1403-Q2,1403,2,تابستان,گروه خدمات,price_index,134.0355,index points,1402,,جدول 1,ts_building_140404-14050319105758.xlsx
1403-Q3,1403,3,پاییز,گروه خدمات,price_index,137.312,index points,1402,,جدول 1,ts_building_140404-14050319105758.xlsx
1403-Q4,1403,4,زمستان,گروه خدمات,price_index,146.09535,index points,1402,,جدول 1,ts_building_140404-14050319105758.xlsx
1404-Q1,1404,1,بهار,گروه خدمات,price_index,202.23237,index points,1402,,جدول 1,ts_building_140404-14050319105758.xlsx
1404-Q2,1404,2,تابستان,گروه خدمات,price_index,211.71326,index points,1402,,جدول 1,ts_building_140404-14050319105758.xlsx
1404-Q3,1404,3,پاییز,گروه خدمات,price_index,241.0723,index points,1402,,جدول 1,ts_building_140404-14050319105758.xlsx
1404-Q4,1404,4,زمستان,گروه خدمات,price_index,260.2136,index points,1402,,جدول 1,ts_building_140404-14050319105758.xlsx
1390-Q1,1390,1,بهار,ماشین آلات,price_index,,index points,1402,-,جدول 1,ts_building_140404-14050319105758.xlsx
1390-Q2,1390,2,تابستان,ماشین آلات,price_index,,index points,1402,-,جدول 1,ts_building_140404-14050319105758.xlsx
1390-Q3,1390,3,پاییز,ماشین آلات,price_index,,index points,1402,-,جدول 1,ts_building_140404-14050319105758.xlsx
1390-Q4,1390,4,زمستان,ماشین آلات,price_index,,index points,1402,-,جدول 1,ts_building_140404-14050319105758.xlsx
1391-Q1,1391,1,بهار,ماشین آلات,price_index,,index points,1402,-,جدول 1,ts_building_140404-14050319105758.xlsx
1391-Q2,1391,2,تابستان,ماشین آلات,price_index,,index points,1402,-,جدول 1,ts_building_140404-14050319105758.xlsx
1391-Q3,1391,3,پاییز,ماشین آلات,price_index,,index points,1402,-,جدول 1,ts_building_140404-14050319105758.xlsx
1391-Q4,1391,4,زمستان,ماشین آلات,price_index,,index points,1402,-,جدول 1,ts_building_140404-14050319105758.xlsx
1392-Q1,1392,1,بهار,ماشین آلات,price_index,,index points,1402,-,جدول 1,ts_building_140404-14050319105758.xlsx
1392-Q2,1392,2,تابستان,ماشین آلات,price_index,,index points,1402,-,جدول 1,ts_building_140404-14050319105758.xlsx
1392-Q3,1392,3,پاییز,ماشین آلات,price_index,,index points,1402,-,جدول 1,ts_building_140404-14050319105758.xlsx
1392-Q4,1392,4,زمستان,ماشین آلات,price_index,,index points,1402,-,جدول 1,ts_building_140404-14050319105758.xlsx
1393-Q1,1393,1,بهار,ماشین آلات,price_index,,index points,1402,-,جدول 1,ts_building_140404-14050319105758.xlsx
1393-Q2,1393,2,تابستان,ماشین آلات,price_index,,index points,1402,-,جدول 1,ts_building_140404-14050319105758.xlsx
1393-Q3,1393,3,پاییز,ماشین آلات,price_index,,index points,1402,-,جدول 1,ts_building_140404-14050319105758.xlsx
1393-Q4,1393,4,زمستان,ماشین آلات,price_index,,index points,1402,-,جدول 1,ts_building_140404-14050319105758.xlsx
1394-Q1,1394,1,بهار,ماشین آلات,price_index,,index points,1402,-,جدول 1,ts_building_140404-14050319105758.xlsx
1394-Q2,1394,2,تابستان,ماشین آلات,price_index,,index points,1402,-,جدول 1,ts_building_140404-14050319105758.xlsx
1394-Q3,1394,3,پاییز,ماشین آلات,price_index,,index points,1402,-,جدول 1,ts_building_140404-14050319105758.xlsx
1394-Q4,1394,4,زمستان,ماشین آلات,price_index,,index points,1402,-,جدول 1,ts_building_140404-14050319105758.xlsx
1395-Q1,1395,1,بهار,ماشین آلات,price_index,,index points,1402,-,جدول 1,ts_building_140404-14050319105758.xlsx
1395-Q2,1395,2,تابستان,ماشین آلات,price_index,,index points,1402,-,جدول 1,ts_building_140404-14050319105758.xlsx
1395-Q3,1395,3,پاییز,ماشین آلات,price_index,,index points,1402,-,جدول 1,ts_building_140404-14050319105758.xlsx
1395-Q4,1395,4,زمستان,ماشین آلات,price_index,,index points,1402,-,جدول 1,ts_building_140404-14050319105758.xlsx
1396-Q1,1396,1,بهار,ماشین آلات,price_index,,index points,1402,-,جدول 1,ts_building_140404-14050319105758.xlsx
1396-Q2,1396,2,تابستان,ماشین آلات,price_index,,index points,1402,-,جدول 1,ts_building_140404-14050319105758.xlsx
1396-Q3,1396,3,پاییز,ماشین آلات,price_index,,index points,1402,-,جدول 1,ts_building_140404-14050319105758.xlsx
1396-Q4,1396,4,زمستان,ماشین آلات,price_index,,index points,1402,-,جدول 1,ts_building_140404-14050319105758.xlsx
1397-Q1,1397,1,بهار,ماشین آلات,price_index,,index points,1402,-,جدول 1,ts_building_140404-14050319105758.xlsx
1397-Q2,1397,2,تابستان,ماشین آلات,price_index,,index points,1402,-,جدول 1,ts_building_140404-14050319105758.xlsx
1397-Q3,1397,3,پاییز,ماشین آلات,price_index,,index points,1402,-,جدول 1,ts_building_140404-14050319105758.xlsx
1397-Q4,1397,4,زمستان,ماشین آلات,price_index,,index points,1402,-,جدول 1,ts_building_140404-14050319105758.xlsx
1398-Q1,1398,1,بهار,ماشین آلات,price_index,,index points,1402,-,جدول 1,ts_building_140404-14050319105758.xlsx
1398-Q2,1398,2,تابستان,ماشین آلات,price_index,,index points,1402,-,جدول 1,ts_building_140404-14050319105758.xlsx
1398-Q3,1398,3,پاییز,ماشین آلات,price_index,,index points,1402,-,جدول 1,ts_building_140404-14050319105758.xlsx
1398-Q4,1398,4,زمستان,ماشین آلات,price_index,,index points,1402,-,جدول 1,ts_building_140404-14050319105758.xlsx
1399-Q1,1399,1,بهار,ماشین آلات,price_index,,index points,1402,-,جدول 1,ts_building_140404-14050319105758.xlsx
1399-Q2,1399,2,تابستان,ماشین آلات,price_index,,index points,1402,-,جدول 1,ts_building_140404-14050319105758.xlsx
1399-Q3,1399,3,پاییز,ماشین آلات,price_index,,index points,1402,-,جدول 1,ts_building_140404-14050319105758.xlsx
1399-Q4,1399,4,زمستان,ماشین آلات,price_index,,index points,1402,-,جدول 1,ts_building_140404-14050319105758.xlsx
1400-Q1,1400,1,بهار,ماشین آلات,price_index,,index points,1402,-,جدول 1,ts_building_140404-14050319105758.xlsx
1400-Q2,1400,2,تابستان,ماشین آلات,price_index,,index points,1402,-,جدول 1,ts_building_140404-14050319105758.xlsx
1400-Q3,1400,3,پاییز,ماشین آلات,price_index,,index points,1402,-,جدول 1,ts_building_140404-14050319105758.xlsx
1400-Q4,1400,4,زمستان,ماشین آلات,price_index,,index points,1402,-,جدول 1,ts_building_140404-14050319105758.xlsx
1401-Q1,1401,1,بهار,ماشین آلات,price_index,,index points,1402,-,جدول 1,ts_building_140404-14050319105758.xlsx
1401-Q2,1401,2,تابستان,ماشین آلات,price_index,,index points,1402,-,جدول 1,ts_building_140404-14050319105758.xlsx
1401-Q3,1401,3,پاییز,ماشین آلات,price_index,,index points,1402,-,جدول 1,ts_building_140404-14050319105758.xlsx
1401-Q4,1401,4,زمستان,ماشین آلات,price_index,,index points,1402,-,جدول 1,ts_building_140404-14050319105758.xlsx
1402-Q1,1402,1,بهار,ماشین آلات,price_index,80.97872,index points,1402,,جدول 1,ts_building_140404-14050319105758.xlsx
1402-Q2,1402,2,تابستان,ماشین آلات,price_index,102.46645,index points,1402,,جدول 1,ts_building_140404-14050319105758.xlsx
1402-Q3,1402,3,پاییز,ماشین آلات,price_index,102.46645,index points,1402,,جدول 1,ts_building_140404-14050319105758.xlsx
1402-Q4,1402,4,زمستان,ماشین آلات,price_index,114.08838,index points,1402,,جدول 1,ts_building_140404-14050319105758.xlsx
1403-Q1,1403,1,بهار,ماشین آلات,price_index,114.08838,index points,1402,,جدول 1,ts_building_140404-14050319105758.xlsx
1403-Q2,1403,2,تابستان,ماشین آلات,price_index,138.58755,index points,1402,,جدول 1,ts_building_140404-14050319105758.xlsx
1403-Q3,1403,3,پاییز,ماشین آلات,price_index,138.58755,index points,1402,,جدول 1,ts_building_140404-14050319105758.xlsx
1403-Q4,1403,4,زمستان,ماشین آلات,price_index,160.42344,index points,1402,,جدول 1,ts_building_140404-14050319105758.xlsx
1404-Q1,1404,1,بهار,ماشین آلات,price_index,178.51022,index points,1402,,جدول 1,ts_building_140404-14050319105758.xlsx
1404-Q2,1404,2,تابستان,ماشین آلات,price_index,178.56929,index points,1402,,جدول 1,ts_building_140404-14050319105758.xlsx
1404-Q3,1404,3,پاییز,ماشین آلات,price_index,182.8835,index points,1402,,جدول 1,ts_building_140404-14050319105758.xlsx
1404-Q4,1404,4,زمستان,ماشین آلات,price_index,206.6612,index points,1402,,جدول 1,ts_building_140404-14050319105758.xlsx
1390-Q1,1390,1,بهار,شاخص کل,qoq_change,,percent,1402,-,جدول 2,ts_building_140404-14050319105758.xlsx
1390-Q2,1390,2,تابستان,شاخص کل,qoq_change,1.45271,percent,1402,,جدول 2,ts_building_140404-14050319105758.xlsx
1390-Q3,1390,3,پاییز,شاخص کل,qoq_change,1.24334,percent,1402,,جدول 2,ts_building_140404-14050319105758.xlsx
1390-Q4,1390,4,زمستان,شاخص کل,qoq_change,9.68281,percent,1402,,جدول 2,ts_building_140404-14050319105758.xlsx
1391-Q1,1391,1,بهار,شاخص کل,qoq_change,8.16134,percent,1402,,جدول 2,ts_building_140404-14050319105758.xlsx
1391-Q2,1391,2,تابستان,شاخص کل,qoq_change,12.54225,percent,1402,,جدول 2,ts_building_140404-14050319105758.xlsx
1391-Q3,1391,3,پاییز,شاخص کل,qoq_change,10.45943,percent,1402,,جدول 2,ts_building_140404-14050319105758.xlsx
1391-Q4,1391,4,زمستان,شاخص کل,qoq_change,5.19716,percent,1402,,جدول 2,ts_building_140404-14050319105758.xlsx
1392-Q1,1392,1,بهار,شاخص کل,qoq_change,11.22223,percent,1402,,جدول 2,ts_building_140404-14050319105758.xlsx
1392-Q2,1392,2,تابستان,شاخص کل,qoq_change,-0.08275,percent,1402,,جدول 2,ts_building_140404-14050319105758.xlsx
1392-Q3,1392,3,پاییز,شاخص کل,qoq_change,-1.72297,percent,1402,,جدول 2,ts_building_140404-14050319105758.xlsx
1392-Q4,1392,4,زمستان,شاخص کل,qoq_change,1.78696,percent,1402,,جدول 2,ts_building_140404-14050319105758.xlsx
1393-Q1,1393,1,بهار,شاخص کل,qoq_change,4.75516,percent,1402,,جدول 2,ts_building_140404-14050319105758.xlsx
1393-Q2,1393,2,تابستان,شاخص کل,qoq_change,3.54743,percent,1402,,جدول 2,ts_building_140404-14050319105758.xlsx
1393-Q3,1393,3,پاییز,شاخص کل,qoq_change,0.15626,percent,1402,,جدول 2,ts_building_140404-14050319105758.xlsx
1393-Q4,1393,4,زمستان,شاخص کل,qoq_change,-5.28841,percent,1402,,جدول 2,ts_building_140404-14050319105758.xlsx
1394-Q1,1394,1,بهار,شاخص کل,qoq_change,1.94743,percent,1402,,جدول 2,ts_building_140404-14050319105758.xlsx
1394-Q2,1394,2,تابستان,شاخص کل,qoq_change,0.18454,percent,1402,,جدول 2,ts_building_140404-14050319105758.xlsx
1394-Q3,1394,3,پاییز,شاخص کل,qoq_change,-1.41889,percent,1402,,جدول 2,ts_building_140404-14050319105758.xlsx
1394-Q4,1394,4,زمستان,شاخص کل,qoq_change,-0.22959,percent,1402,,جدول 2,ts_building_140404-14050319105758.xlsx
1395-Q1,1395,1,بهار,شاخص کل,qoq_change,4.67413,percent,1402,,جدول 2,ts_building_140404-14050319105758.xlsx
1395-Q2,1395,2,تابستان,شاخص کل,qoq_change,1.42427,percent,1402,,جدول 2,ts_building_140404-14050319105758.xlsx
1395-Q3,1395,3,پاییز,شاخص کل,qoq_change,3.73505,percent,1402,,جدول 2,ts_building_140404-14050319105758.xlsx
1395-Q4,1395,4,زمستان,شاخص کل,qoq_change,-0.97491,percent,1402,,جدول 2,ts_building_140404-14050319105758.xlsx
1396-Q1,1396,1,بهار,شاخص کل,qoq_change,2.87178,percent,1402,,جدول 2,ts_building_140404-14050319105758.xlsx
1396-Q2,1396,2,تابستان,شاخص کل,qoq_change,7.31633,percent,1402,,جدول 2,ts_building_140404-14050319105758.xlsx
1396-Q3,1396,3,پاییز,شاخص کل,qoq_change,2.4172,percent,1402,,جدول 2,ts_building_140404-14050319105758.xlsx
1396-Q4,1396,4,زمستان,شاخص کل,qoq_change,2.98775,percent,1402,,جدول 2,ts_building_140404-14050319105758.xlsx
1397-Q1,1397,1,بهار,شاخص کل,qoq_change,12.4152,percent,1402,,جدول 2,ts_building_140404-14050319105758.xlsx
1397-Q2,1397,2,تابستان,شاخص کل,qoq_change,25.7378,percent,1402,,جدول 2,ts_building_140404-14050319105758.xlsx
1397-Q3,1397,3,پاییز,شاخص کل,qoq_change,4.9434,percent,1402,,جدول 2,ts_building_140404-14050319105758.xlsx
1397-Q4,1397,4,زمستان,شاخص کل,qoq_change,7.68237,percent,1402,,جدول 2,ts_building_140404-14050319105758.xlsx
1398-Q1,1398,1,بهار,شاخص کل,qoq_change,14.14693,percent,1402,,جدول 2,ts_building_140404-14050319105758.xlsx
1398-Q2,1398,2,تابستان,شاخص کل,qoq_change,0.2094,percent,1402,,جدول 2,ts_building_140404-14050319105758.xlsx
1398-Q3,1398,3,پاییز,شاخص کل,qoq_change,3.44472,percent,1402,,جدول 2,ts_building_140404-14050319105758.xlsx
1398-Q4,1398,4,زمستان,شاخص کل,qoq_change,8.44286,percent,1402,,جدول 2,ts_building_140404-14050319105758.xlsx
1399-Q1,1399,1,بهار,شاخص کل,qoq_change,17.30223,percent,1402,,جدول 2,ts_building_140404-14050319105758.xlsx
1399-Q2,1399,2,تابستان,شاخص کل,qoq_change,30.25953,percent,1402,,جدول 2,ts_building_140404-14050319105758.xlsx
1399-Q3,1399,3,پاییز,شاخص کل,qoq_change,21.6402,percent,1402,,جدول 2,ts_building_140404-14050319105758.xlsx
1399-Q4,1399,4,زمستان,شاخص کل,qoq_change,6.10756,percent,1402,,جدول 2,ts_building_140404-14050319105758.xlsx
1400-Q1,1400,1,بهار,شاخص کل,qoq_change,19.35078,percent,1402,,جدول 2,ts_building_140404-14050319105758.xlsx
1400-Q2,1400,2,تابستان,شاخص کل,qoq_change,7.21337,percent,1402,,جدول 2,ts_building_140404-14050319105758.xlsx
1400-Q3,1400,3,پاییز,شاخص کل,qoq_change,2.78261,percent,1402,,جدول 2,ts_building_140404-14050319105758.xlsx
1400-Q4,1400,4,زمستان,شاخص کل,qoq_change,3.04866,percent,1402,,جدول 2,ts_building_140404-14050319105758.xlsx
1401-Q1,1401,1,بهار,شاخص کل,qoq_change,26.31926,percent,1402,,جدول 2,ts_building_140404-14050319105758.xlsx
1401-Q2,1401,2,تابستان,شاخص کل,qoq_change,-3.39195,percent,1402,,جدول 2,ts_building_140404-14050319105758.xlsx
1401-Q3,1401,3,پاییز,شاخص کل,qoq_change,4.64076,percent,1402,,جدول 2,ts_building_140404-14050319105758.xlsx
1401-Q4,1401,4,زمستان,شاخص کل,qoq_change,21.56788,percent,1402,,جدول 2,ts_building_140404-14050319105758.xlsx
1402-Q1,1402,1,بهار,شاخص کل,qoq_change,14.28337,percent,1402,,جدول 2,ts_building_140404-14050319105758.xlsx
1402-Q2,1402,2,تابستان,شاخص کل,qoq_change,1.06045,percent,1402,,جدول 2,ts_building_140404-14050319105758.xlsx
1402-Q3,1402,3,پاییز,شاخص کل,qoq_change,-0.2165,percent,1402,,جدول 2,ts_building_140404-14050319105758.xlsx
1402-Q4,1402,4,زمستان,شاخص کل,qoq_change,7.8559,percent,1402,,جدول 2,ts_building_140404-14050319105758.xlsx
1403-Q1,1403,1,بهار,شاخص کل,qoq_change,10.71598,percent,1402,,جدول 2,ts_building_140404-14050319105758.xlsx
1403-Q2,1403,2,تابستان,شاخص کل,qoq_change,2.6805,percent,1402,,جدول 2,ts_building_140404-14050319105758.xlsx
1403-Q3,1403,3,پاییز,شاخص کل,qoq_change,5.39977,percent,1402,,جدول 2,ts_building_140404-14050319105758.xlsx
1403-Q4,1403,4,زمستان,شاخص کل,qoq_change,11.50725,percent,1402,,جدول 2,ts_building_140404-14050319105758.xlsx
1404-Q1,1404,1,بهار,شاخص کل,qoq_change,14.93332,percent,1402,,جدول 2,ts_building_140404-14050319105758.xlsx
1404-Q2,1404,2,تابستان,شاخص کل,qoq_change,6.33424,percent,1402,,جدول 2,ts_building_140404-14050319105758.xlsx
1404-Q3,1404,3,پاییز,شاخص کل,qoq_change,18.38608,percent,1402,,جدول 2,ts_building_140404-14050319105758.xlsx
1404-Q4,1404,4,زمستان,شاخص کل,qoq_change,36.04992,percent,1402,,جدول 2,ts_building_140404-14050319105758.xlsx
1390-Q1,1390,1,بهار,گروه سیمان بتن شن ماسه,qoq_change,,percent,1402,-,جدول 2,ts_building_140404-14050319105758.xlsx
1390-Q2,1390,2,تابستان,گروه سیمان بتن شن ماسه,qoq_change,4.09607,percent,1402,,جدول 2,ts_building_140404-14050319105758.xlsx
1390-Q3,1390,3,پاییز,گروه سیمان بتن شن ماسه,qoq_change,0.79373,percent,1402,,جدول 2,ts_building_140404-14050319105758.xlsx
1390-Q4,1390,4,زمستان,گروه سیمان بتن شن ماسه,qoq_change,6.71114,percent,1402,,جدول 2,ts_building_140404-14050319105758.xlsx
1391-Q1,1391,1,بهار,گروه سیمان بتن شن ماسه,qoq_change,6.11522,percent,1402,,جدول 2,ts_building_140404-14050319105758.xlsx
1391-Q2,1391,2,تابستان,گروه سیمان بتن شن ماسه,qoq_change,0.93277,percent,1402,,جدول 2,ts_building_140404-14050319105758.xlsx
1391-Q3,1391,3,پاییز,گروه سیمان بتن شن ماسه,qoq_change,15.62181,percent,1402,,جدول 2,ts_building_140404-14050319105758.xlsx
1391-Q4,1391,4,زمستان,گروه سیمان بتن شن ماسه,qoq_change,1.5301,percent,1402,,جدول 2,ts_building_140404-14050319105758.xlsx
1392-Q1,1392,1,بهار,گروه سیمان بتن شن ماسه,qoq_change,16.64152,percent,1402,,جدول 2,ts_building_140404-14050319105758.xlsx
1392-Q2,1392,2,تابستان,گروه سیمان بتن شن ماسه,qoq_change,-0.56297,percent,1402,,جدول 2,ts_building_140404-14050319105758.xlsx
1392-Q3,1392,3,پاییز,گروه سیمان بتن شن ماسه,qoq_change,-0.4303,percent,1402,,جدول 2,ts_building_140404-14050319105758.xlsx
1392-Q4,1392,4,زمستان,گروه سیمان بتن شن ماسه,qoq_change,7.638,percent,1402,,جدول 2,ts_building_140404-14050319105758.xlsx
1393-Q1,1393,1,بهار,گروه سیمان بتن شن ماسه,qoq_change,4.48479,percent,1402,,جدول 2,ts_building_140404-14050319105758.xlsx
1393-Q2,1393,2,تابستان,گروه سیمان بتن شن ماسه,qoq_change,6.55249,percent,1402,,جدول 2,ts_building_140404-14050319105758.xlsx
1393-Q3,1393,3,پاییز,گروه سیمان بتن شن ماسه,qoq_change,-1.25315,percent,1402,,جدول 2,ts_building_140404-14050319105758.xlsx
1393-Q4,1393,4,زمستان,گروه سیمان بتن شن ماسه,qoq_change,-2.0641,percent,1402,,جدول 2,ts_building_140404-14050319105758.xlsx
1394-Q1,1394,1,بهار,گروه سیمان بتن شن ماسه,qoq_change,0.9246,percent,1402,,جدول 2,ts_building_140404-14050319105758.xlsx
1394-Q2,1394,2,تابستان,گروه سیمان بتن شن ماسه,qoq_change,0.13246,percent,1402,,جدول 2,ts_building_140404-14050319105758.xlsx
1394-Q3,1394,3,پاییز,گروه سیمان بتن شن ماسه,qoq_change,-2.48449,percent,1402,,جدول 2,ts_building_140404-14050319105758.xlsx
1394-Q4,1394,4,زمستان,گروه سیمان بتن شن ماسه,qoq_change,1.04504,percent,1402,,جدول 2,ts_building_140404-14050319105758.xlsx
1395-Q1,1395,1,بهار,گروه سیمان بتن شن ماسه,qoq_change,-0.31887,percent,1402,,جدول 2,ts_building_140404-14050319105758.xlsx
1395-Q2,1395,2,تابستان,گروه سیمان بتن شن ماسه,qoq_change,3.07543,percent,1402,,جدول 2,ts_building_140404-14050319105758.xlsx
1395-Q3,1395,3,پاییز,گروه سیمان بتن شن ماسه,qoq_change,3.20281,percent,1402,,جدول 2,ts_building_140404-14050319105758.xlsx
1395-Q4,1395,4,زمستان,گروه سیمان بتن شن ماسه,qoq_change,-0.16135,percent,1402,,جدول 2,ts_building_140404-14050319105758.xlsx
1396-Q1,1396,1,بهار,گروه سیمان بتن شن ماسه,qoq_change,1.39849,percent,1402,,جدول 2,ts_building_140404-14050319105758.xlsx
1396-Q2,1396,2,تابستان,گروه سیمان بتن شن ماسه,qoq_change,12.47643,percent,1402,,جدول 2,ts_building_140404-14050319105758.xlsx
1396-Q3,1396,3,پاییز,گروه سیمان بتن شن ماسه,qoq_change,1.47272,percent,1402,,جدول 2,ts_building_140404-14050319105758.xlsx
1396-Q4,1396,4,زمستان,گروه سیمان بتن شن ماسه,qoq_change,2.42299,percent,1402,,جدول 2,ts_building_140404-14050319105758.xlsx
1397-Q1,1397,1,بهار,گروه سیمان بتن شن ماسه,qoq_change,1.88699,percent,1402,,جدول 2,ts_building_140404-14050319105758.xlsx
1397-Q2,1397,2,تابستان,گروه سیمان بتن شن ماسه,qoq_change,10.29274,percent,1402,,جدول 2,ts_building_140404-14050319105758.xlsx
1397-Q3,1397,3,پاییز,گروه سیمان بتن شن ماسه,qoq_change,9.49333,percent,1402,,جدول 2,ts_building_140404-14050319105758.xlsx
1397-Q4,1397,4,زمستان,گروه سیمان بتن شن ماسه,qoq_change,9.83061,percent,1402,,جدول 2,ts_building_140404-14050319105758.xlsx
1398-Q1,1398,1,بهار,گروه سیمان بتن شن ماسه,qoq_change,18.42897,percent,1402,,جدول 2,ts_building_140404-14050319105758.xlsx
1398-Q2,1398,2,تابستان,گروه سیمان بتن شن ماسه,qoq_change,12.95639,percent,1402,,جدول 2,ts_building_140404-14050319105758.xlsx
1398-Q3,1398,3,پاییز,گروه سیمان بتن شن ماسه,qoq_change,-0.12798,percent,1402,,جدول 2,ts_building_140404-14050319105758.xlsx
1398-Q4,1398,4,زمستان,گروه سیمان بتن شن ماسه,qoq_change,0,percent,1402,,جدول 2,ts_building_140404-14050319105758.xlsx
1399-Q1,1399,1,بهار,گروه سیمان بتن شن ماسه,qoq_change,19.14272,percent,1402,,جدول 2,ts_building_140404-14050319105758.xlsx
1399-Q2,1399,2,تابستان,گروه سیمان بتن شن ماسه,qoq_change,17.71572,percent,1402,,جدول 2,ts_building_140404-14050319105758.xlsx
1399-Q3,1399,3,پاییز,گروه سیمان بتن شن ماسه,qoq_change,48.19354,percent,1402,,جدول 2,ts_building_140404-14050319105758.xlsx
1399-Q4,1399,4,زمستان,گروه سیمان بتن شن ماسه,qoq_change,12.42775,percent,1402,,جدول 2,ts_building_140404-14050319105758.xlsx
1400-Q1,1400,1,بهار,گروه سیمان بتن شن ماسه,qoq_change,23.92939,percent,1402,,جدول 2,ts_building_140404-14050319105758.xlsx
1400-Q2,1400,2,تابستان,گروه سیمان بتن شن ماسه,qoq_change,18.17061,percent,1402,,جدول 2,ts_building_140404-14050319105758.xlsx
1400-Q3,1400,3,پاییز,گروه سیمان بتن شن ماسه,qoq_change,-6.63547,percent,1402,,جدول 2,ts_building_140404-14050319105758.xlsx
1400-Q4,1400,4,زمستان,گروه سیمان بتن شن ماسه,qoq_change,-1.29733,percent,1402,,جدول 2,ts_building_140404-14050319105758.xlsx
1401-Q1,1401,1,بهار,گروه سیمان بتن شن ماسه,qoq_change,55.80608,percent,1402,,جدول 2,ts_building_140404-14050319105758.xlsx
1401-Q2,1401,2,تابستان,گروه سیمان بتن شن ماسه,qoq_change,-15.4205,percent,1402,,جدول 2,ts_building_140404-14050319105758.xlsx
1401-Q3,1401,3,پاییز,گروه سیمان بتن شن ماسه,qoq_change,-2.20835,percent,1402,,جدول 2,ts_building_140404-14050319105758.xlsx
1401-Q4,1401,4,زمستان,گروه سیمان بتن شن ماسه,qoq_change,15.52567,percent,1402,,جدول 2,ts_building_140404-14050319105758.xlsx
1402-Q1,1402,1,بهار,گروه سیمان بتن شن ماسه,qoq_change,22.37719,percent,1402,,جدول 2,ts_building_140404-14050319105758.xlsx
1402-Q2,1402,2,تابستان,گروه سیمان بتن شن ماسه,qoq_change,7.2781,percent,1402,,جدول 2,ts_building_140404-14050319105758.xlsx
1402-Q3,1402,3,پاییز,گروه سیمان بتن شن ماسه,qoq_change,1.88546,percent,1402,,جدول 2,ts_building_140404-14050319105758.xlsx
1402-Q4,1402,4,زمستان,گروه سیمان بتن شن ماسه,qoq_change,6.48676,percent,1402,,جدول 2,ts_building_140404-14050319105758.xlsx
1403-Q1,1403,1,بهار,گروه سیمان بتن شن ماسه,qoq_change,22.42142,percent,1402,,جدول 2,ts_building_140404-14050319105758.xlsx
1403-Q2,1403,2,تابستان,گروه سیمان بتن شن ماسه,qoq_change,5.46619,percent,1402,,جدول 2,ts_building_140404-14050319105758.xlsx
1403-Q3,1403,3,پاییز,گروه سیمان بتن شن ماسه,qoq_change,8.96049,percent,1402,,جدول 2,ts_building_140404-14050319105758.xlsx
1403-Q4,1403,4,زمستان,گروه سیمان بتن شن ماسه,qoq_change,8.55174,percent,1402,,جدول 2,ts_building_140404-14050319105758.xlsx
1404-Q1,1404,1,بهار,گروه سیمان بتن شن ماسه,qoq_change,17.41913,percent,1402,,جدول 2,ts_building_140404-14050319105758.xlsx
1404-Q2,1404,2,تابستان,گروه سیمان بتن شن ماسه,qoq_change,4.88434,percent,1402,,جدول 2,ts_building_140404-14050319105758.xlsx
1404-Q3,1404,3,پاییز,گروه سیمان بتن شن ماسه,qoq_change,-1.79407,percent,1402,,جدول 2,ts_building_140404-14050319105758.xlsx
1404-Q4,1404,4,زمستان,گروه سیمان بتن شن ماسه,qoq_change,11.59231,percent,1402,,جدول 2,ts_building_140404-14050319105758.xlsx
1390-Q1,1390,1,بهار,گروه گچ و گچ کاری,qoq_change,,percent,1402,-,جدول 2,ts_building_140404-14050319105758.xlsx
1390-Q2,1390,2,تابستان,گروه گچ و گچ کاری,qoq_change,-1.3096,percent,1402,,جدول 2,ts_building_140404-14050319105758.xlsx
1390-Q3,1390,3,پاییز,گروه گچ و گچ کاری,qoq_change,0.2578,percent,1402,,جدول 2,ts_building_140404-14050319105758.xlsx
1390-Q4,1390,4,زمستان,گروه گچ و گچ کاری,qoq_change,1.10692,percent,1402,,جدول 2,ts_building_140404-14050319105758.xlsx
1391-Q1,1391,1,بهار,گروه گچ و گچ کاری,qoq_change,20.19038,percent,1402,,جدول 2,ts_building_140404-14050319105758.xlsx
1391-Q2,1391,2,تابستان,گروه گچ و گچ کاری,qoq_change,1.59815,percent,1402,,جدول 2,ts_building_140404-14050319105758.xlsx
1391-Q3,1391,3,پاییز,گروه گچ و گچ کاری,qoq_change,16.00304,percent,1402,,جدول 2,ts_building_140404-14050319105758.xlsx
1391-Q4,1391,4,زمستان,گروه گچ و گچ کاری,qoq_change,5.02701,percent,1402,,جدول 2,ts_building_140404-14050319105758.xlsx
1392-Q1,1392,1,بهار,گروه گچ و گچ کاری,qoq_change,14.15046,percent,1402,,جدول 2,ts_building_140404-14050319105758.xlsx
1392-Q2,1392,2,تابستان,گروه گچ و گچ کاری,qoq_change,1.11416,percent,1402,,جدول 2,ts_building_140404-14050319105758.xlsx
1392-Q3,1392,3,پاییز,گروه گچ و گچ کاری,qoq_change,-0.98703,percent,1402,,جدول 2,ts_building_140404-14050319105758.xlsx
1392-Q4,1392,4,زمستان,گروه گچ و گچ کاری,qoq_change,2.83545,percent,1402,,جدول 2,ts_building_140404-14050319105758.xlsx
1393-Q1,1393,1,بهار,گروه گچ و گچ کاری,qoq_change,13.10853,percent,1402,,جدول 2,ts_building_140404-14050319105758.xlsx
1393-Q2,1393,2,تابستان,گروه گچ و گچ کاری,qoq_change,0.27052,percent,1402,,جدول 2,ts_building_140404-14050319105758.xlsx
1393-Q3,1393,3,پاییز,گروه گچ و گچ کاری,qoq_change,-2.83583,percent,1402,,جدول 2,ts_building_140404-14050319105758.xlsx
1393-Q4,1393,4,زمستان,گروه گچ و گچ کاری,qoq_change,0.77927,percent,1402,,جدول 2,ts_building_140404-14050319105758.xlsx
1394-Q1,1394,1,بهار,گروه گچ و گچ کاری,qoq_change,0.50796,percent,1402,,جدول 2,ts_building_140404-14050319105758.xlsx
1394-Q2,1394,2,تابستان,گروه گچ و گچ کاری,qoq_change,-1.13598,percent,1402,,جدول 2,ts_building_140404-14050319105758.xlsx
1394-Q3,1394,3,پاییز,گروه گچ و گچ کاری,qoq_change,1.31914,percent,1402,,جدول 2,ts_building_140404-14050319105758.xlsx
1394-Q4,1394,4,زمستان,گروه گچ و گچ کاری,qoq_change,-0.69806,percent,1402,,جدول 2,ts_building_140404-14050319105758.xlsx
1395-Q1,1395,1,بهار,گروه گچ و گچ کاری,qoq_change,-0.65166,percent,1402,,جدول 2,ts_building_140404-14050319105758.xlsx
1395-Q2,1395,2,تابستان,گروه گچ و گچ کاری,qoq_change,0.70599,percent,1402,,جدول 2,ts_building_140404-14050319105758.xlsx
1395-Q3,1395,3,پاییز,گروه گچ و گچ کاری,qoq_change,1.09879,percent,1402,,جدول 2,ts_building_140404-14050319105758.xlsx
1395-Q4,1395,4,زمستان,گروه گچ و گچ کاری,qoq_change,-1.18941,percent,1402,,جدول 2,ts_building_140404-14050319105758.xlsx
1396-Q1,1396,1,بهار,گروه گچ و گچ کاری,qoq_change,3.13162,percent,1402,,جدول 2,ts_building_140404-14050319105758.xlsx
1396-Q2,1396,2,تابستان,گروه گچ و گچ کاری,qoq_change,0,percent,1402,,جدول 2,ts_building_140404-14050319105758.xlsx
1396-Q3,1396,3,پاییز,گروه گچ و گچ کاری,qoq_change,0.41204,percent,1402,,جدول 2,ts_building_140404-14050319105758.xlsx
1396-Q4,1396,4,زمستان,گروه گچ و گچ کاری,qoq_change,1.78994,percent,1402,,جدول 2,ts_building_140404-14050319105758.xlsx
1397-Q1,1397,1,بهار,گروه گچ و گچ کاری,qoq_change,9.71571,percent,1402,,جدول 2,ts_building_140404-14050319105758.xlsx
1397-Q2,1397,2,تابستان,گروه گچ و گچ کاری,qoq_change,20.06323,percent,1402,,جدول 2,ts_building_140404-14050319105758.xlsx
1397-Q3,1397,3,پاییز,گروه گچ و گچ کاری,qoq_change,25.15487,percent,1402,,جدول 2,ts_building_140404-14050319105758.xlsx
1397-Q4,1397,4,زمستان,گروه گچ و گچ کاری,qoq_change,-0.72188,percent,1402,,جدول 2,ts_building_140404-14050319105758.xlsx
1398-Q1,1398,1,بهار,گروه گچ و گچ کاری,qoq_change,19.70378,percent,1402,,جدول 2,ts_building_140404-14050319105758.xlsx
1398-Q2,1398,2,تابستان,گروه گچ و گچ کاری,qoq_change,0.85269,percent,1402,,جدول 2,ts_building_140404-14050319105758.xlsx
1398-Q3,1398,3,پاییز,گروه گچ و گچ کاری,qoq_change,6.62486,percent,1402,,جدول 2,ts_building_140404-14050319105758.xlsx
1398-Q4,1398,4,زمستان,گروه گچ و گچ کاری,qoq_change,1.10743,percent,1402,,جدول 2,ts_building_140404-14050319105758.xlsx
1399-Q1,1399,1,بهار,گروه گچ و گچ کاری,qoq_change,19.62919,percent,1402,,جدول 2,ts_building_140404-14050319105758.xlsx
1399-Q2,1399,2,تابستان,گروه گچ و گچ کاری,qoq_change,13.53122,percent,1402,,جدول 2,ts_building_140404-14050319105758.xlsx
1399-Q3,1399,3,پاییز,گروه گچ و گچ کاری,qoq_change,31.39711,percent,1402,,جدول 2,ts_building_140404-14050319105758.xlsx
1399-Q4,1399,4,زمستان,گروه گچ و گچ کاری,qoq_change,4.99306,percent,1402,,جدول 2,ts_building_140404-14050319105758.xlsx
1400-Q1,1400,1,بهار,گروه گچ و گچ کاری,qoq_change,19.30723,percent,1402,,جدول 2,ts_building_140404-14050319105758.xlsx
1400-Q2,1400,2,تابستان,گروه گچ و گچ کاری,qoq_change,5.62556,percent,1402,,جدول 2,ts_building_140404-14050319105758.xlsx
1400-Q3,1400,3,پاییز,گروه گچ و گچ کاری,qoq_change,2.57486,percent,1402,,جدول 2,ts_building_140404-14050319105758.xlsx
1400-Q4,1400,4,زمستان,گروه گچ و گچ کاری,qoq_change,4.78372,percent,1402,,جدول 2,ts_building_140404-14050319105758.xlsx
1401-Q1,1401,1,بهار,گروه گچ و گچ کاری,qoq_change,26.04753,percent,1402,,جدول 2,ts_building_140404-14050319105758.xlsx
1401-Q2,1401,2,تابستان,گروه گچ و گچ کاری,qoq_change,2.42768,percent,1402,,جدول 2,ts_building_140404-14050319105758.xlsx
1401-Q3,1401,3,پاییز,گروه گچ و گچ کاری,qoq_change,0,percent,1402,,جدول 2,ts_building_140404-14050319105758.xlsx
1401-Q4,1401,4,زمستان,گروه گچ و گچ کاری,qoq_change,5.09861,percent,1402,,جدول 2,ts_building_140404-14050319105758.xlsx
1402-Q1,1402,1,بهار,گروه گچ و گچ کاری,qoq_change,16.61477,percent,1402,,جدول 2,ts_building_140404-14050319105758.xlsx
1402-Q2,1402,2,تابستان,گروه گچ و گچ کاری,qoq_change,20.56008,percent,1402,,جدول 2,ts_building_140404-14050319105758.xlsx
1402-Q3,1402,3,پاییز,گروه گچ و گچ کاری,qoq_change,2.01989,percent,1402,,جدول 2,ts_building_140404-14050319105758.xlsx
1402-Q4,1402,4,زمستان,گروه گچ و گچ کاری,qoq_change,22.34527,percent,1402,,جدول 2,ts_building_140404-14050319105758.xlsx
1403-Q1,1403,1,بهار,گروه گچ و گچ کاری,qoq_change,5.61324,percent,1402,,جدول 2,ts_building_140404-14050319105758.xlsx
1403-Q2,1403,2,تابستان,گروه گچ و گچ کاری,qoq_change,13.261,percent,1402,,جدول 2,ts_building_140404-14050319105758.xlsx
1403-Q3,1403,3,پاییز,گروه گچ و گچ کاری,qoq_change,3.35562,percent,1402,,جدول 2,ts_building_140404-14050319105758.xlsx
1403-Q4,1403,4,زمستان,گروه گچ و گچ کاری,qoq_change,23.31177,percent,1402,,جدول 2,ts_building_140404-14050319105758.xlsx
1404-Q1,1404,1,بهار,گروه گچ و گچ کاری,qoq_change,20.30338,percent,1402,,جدول 2,ts_building_140404-14050319105758.xlsx
1404-Q2,1404,2,تابستان,گروه گچ و گچ کاری,qoq_change,5.6321,percent,1402,,جدول 2,ts_building_140404-14050319105758.xlsx
1404-Q3,1404,3,پاییز,گروه گچ و گچ کاری,qoq_change,4.10694,percent,1402,,جدول 2,ts_building_140404-14050319105758.xlsx
1404-Q4,1404,4,زمستان,گروه گچ و گچ کاری,qoq_change,21.32336,percent,1402,,جدول 2,ts_building_140404-14050319105758.xlsx
1390-Q1,1390,1,بهار,گروه انواع بلوک سفال آجر,qoq_change,,percent,1402,-,جدول 2,ts_building_140404-14050319105758.xlsx
1390-Q2,1390,2,تابستان,گروه انواع بلوک سفال آجر,qoq_change,1.33763,percent,1402,,جدول 2,ts_building_140404-14050319105758.xlsx
1390-Q3,1390,3,پاییز,گروه انواع بلوک سفال آجر,qoq_change,1.68161,percent,1402,,جدول 2,ts_building_140404-14050319105758.xlsx
1390-Q4,1390,4,زمستان,گروه انواع بلوک سفال آجر,qoq_change,1.89442,percent,1402,,جدول 2,ts_building_140404-14050319105758.xlsx
1391-Q1,1391,1,بهار,گروه انواع بلوک سفال آجر,qoq_change,11.88899,percent,1402,,جدول 2,ts_building_140404-14050319105758.xlsx
1391-Q2,1391,2,تابستان,گروه انواع بلوک سفال آجر,qoq_change,5.43969,percent,1402,,جدول 2,ts_building_140404-14050319105758.xlsx
1391-Q3,1391,3,پاییز,گروه انواع بلوک سفال آجر,qoq_change,5.07017,percent,1402,,جدول 2,ts_building_140404-14050319105758.xlsx
1391-Q4,1391,4,زمستان,گروه انواع بلوک سفال آجر,qoq_change,4.99001,percent,1402,,جدول 2,ts_building_140404-14050319105758.xlsx
1392-Q1,1392,1,بهار,گروه انواع بلوک سفال آجر,qoq_change,9.28508,percent,1402,,جدول 2,ts_building_140404-14050319105758.xlsx
1392-Q2,1392,2,تابستان,گروه انواع بلوک سفال آجر,qoq_change,-0.40979,percent,1402,,جدول 2,ts_building_140404-14050319105758.xlsx
1392-Q3,1392,3,پاییز,گروه انواع بلوک سفال آجر,qoq_change,-0.61998,percent,1402,,جدول 2,ts_building_140404-14050319105758.xlsx
1392-Q4,1392,4,زمستان,گروه انواع بلوک سفال آجر,qoq_change,0.41982,percent,1402,,جدول 2,ts_building_140404-14050319105758.xlsx
1393-Q1,1393,1,بهار,گروه انواع بلوک سفال آجر,qoq_change,3.84787,percent,1402,,جدول 2,ts_building_140404-14050319105758.xlsx
1393-Q2,1393,2,تابستان,گروه انواع بلوک سفال آجر,qoq_change,10.36984,percent,1402,,جدول 2,ts_building_140404-14050319105758.xlsx
1393-Q3,1393,3,پاییز,گروه انواع بلوک سفال آجر,qoq_change,1.09724,percent,1402,,جدول 2,ts_building_140404-14050319105758.xlsx
1393-Q4,1393,4,زمستان,گروه انواع بلوک سفال آجر,qoq_change,0.46132,percent,1402,,جدول 2,ts_building_140404-14050319105758.xlsx
1394-Q1,1394,1,بهار,گروه انواع بلوک سفال آجر,qoq_change,-0.60681,percent,1402,,جدول 2,ts_building_140404-14050319105758.xlsx
1394-Q2,1394,2,تابستان,گروه انواع بلوک سفال آجر,qoq_change,-0.53304,percent,1402,,جدول 2,ts_building_140404-14050319105758.xlsx
1394-Q3,1394,3,پاییز,گروه انواع بلوک سفال آجر,qoq_change,-0.30294,percent,1402,,جدول 2,ts_building_140404-14050319105758.xlsx
1394-Q4,1394,4,زمستان,گروه انواع بلوک سفال آجر,qoq_change,0.53832,percent,1402,,جدول 2,ts_building_140404-14050319105758.xlsx
1395-Q1,1395,1,بهار,گروه انواع بلوک سفال آجر,qoq_change,0.65644,percent,1402,,جدول 2,ts_building_140404-14050319105758.xlsx
1395-Q2,1395,2,تابستان,گروه انواع بلوک سفال آجر,qoq_change,0.59494,percent,1402,,جدول 2,ts_building_140404-14050319105758.xlsx
1395-Q3,1395,3,پاییز,گروه انواع بلوک سفال آجر,qoq_change,2.15836,percent,1402,,جدول 2,ts_building_140404-14050319105758.xlsx
1395-Q4,1395,4,زمستان,گروه انواع بلوک سفال آجر,qoq_change,-0.6019,percent,1402,,جدول 2,ts_building_140404-14050319105758.xlsx
1396-Q1,1396,1,بهار,گروه انواع بلوک سفال آجر,qoq_change,2.57399,percent,1402,,جدول 2,ts_building_140404-14050319105758.xlsx
1396-Q2,1396,2,تابستان,گروه انواع بلوک سفال آجر,qoq_change,1.40332,percent,1402,,جدول 2,ts_building_140404-14050319105758.xlsx
1396-Q3,1396,3,پاییز,گروه انواع بلوک سفال آجر,qoq_change,1.38164,percent,1402,,جدول 2,ts_building_140404-14050319105758.xlsx
1396-Q4,1396,4,زمستان,گروه انواع بلوک سفال آجر,qoq_change,1.09628,percent,1402,,جدول 2,ts_building_140404-14050319105758.xlsx
1397-Q1,1397,1,بهار,گروه انواع بلوک سفال آجر,qoq_change,6.55745,percent,1402,,جدول 2,ts_building_140404-14050319105758.xlsx
1397-Q2,1397,2,تابستان,گروه انواع بلوک سفال آجر,qoq_change,10.51487,percent,1402,,جدول 2,ts_building_140404-14050319105758.xlsx
1397-Q3,1397,3,پاییز,گروه انواع بلوک سفال آجر,qoq_change,13.37442,percent,1402,,جدول 2,ts_building_140404-14050319105758.xlsx
1397-Q4,1397,4,زمستان,گروه انواع بلوک سفال آجر,qoq_change,8.34494,percent,1402,,جدول 2,ts_building_140404-14050319105758.xlsx
1398-Q1,1398,1,بهار,گروه انواع بلوک سفال آجر,qoq_change,24.36846,percent,1402,,جدول 2,ts_building_140404-14050319105758.xlsx
1398-Q2,1398,2,تابستان,گروه انواع بلوک سفال آجر,qoq_change,5.24831,percent,1402,,جدول 2,ts_building_140404-14050319105758.xlsx
1398-Q3,1398,3,پاییز,گروه انواع بلوک سفال آجر,qoq_change,5.31717,percent,1402,,جدول 2,ts_building_140404-14050319105758.xlsx
1398-Q4,1398,4,زمستان,گروه انواع بلوک سفال آجر,qoq_change,2.63559,percent,1402,,جدول 2,ts_building_140404-14050319105758.xlsx
1399-Q1,1399,1,بهار,گروه انواع بلوک سفال آجر,qoq_change,19.17416,percent,1402,,جدول 2,ts_building_140404-14050319105758.xlsx
1399-Q2,1399,2,تابستان,گروه انواع بلوک سفال آجر,qoq_change,29.97152,percent,1402,,جدول 2,ts_building_140404-14050319105758.xlsx
1399-Q3,1399,3,پاییز,گروه انواع بلوک سفال آجر,qoq_change,23.83847,percent,1402,,جدول 2,ts_building_140404-14050319105758.xlsx
1399-Q4,1399,4,زمستان,گروه انواع بلوک سفال آجر,qoq_change,8.23142,percent,1402,,جدول 2,ts_building_140404-14050319105758.xlsx
1400-Q1,1400,1,بهار,گروه انواع بلوک سفال آجر,qoq_change,15.34255,percent,1402,,جدول 2,ts_building_140404-14050319105758.xlsx
1400-Q2,1400,2,تابستان,گروه انواع بلوک سفال آجر,qoq_change,6.05665,percent,1402,,جدول 2,ts_building_140404-14050319105758.xlsx
1400-Q3,1400,3,پاییز,گروه انواع بلوک سفال آجر,qoq_change,9.47161,percent,1402,,جدول 2,ts_building_140404-14050319105758.xlsx
1400-Q4,1400,4,زمستان,گروه انواع بلوک سفال آجر,qoq_change,5.00822,percent,1402,,جدول 2,ts_building_140404-14050319105758.xlsx
1401-Q1,1401,1,بهار,گروه انواع بلوک سفال آجر,qoq_change,16.10583,percent,1402,,جدول 2,ts_building_140404-14050319105758.xlsx
1401-Q2,1401,2,تابستان,گروه انواع بلوک سفال آجر,qoq_change,8.39322,percent,1402,,جدول 2,ts_building_140404-14050319105758.xlsx
1401-Q3,1401,3,پاییز,گروه انواع بلوک سفال آجر,qoq_change,0.89524,percent,1402,,جدول 2,ts_building_140404-14050319105758.xlsx
1401-Q4,1401,4,زمستان,گروه انواع بلوک سفال آجر,qoq_change,5.52459,percent,1402,,جدول 2,ts_building_140404-14050319105758.xlsx
1402-Q1,1402,1,بهار,گروه انواع بلوک سفال آجر,qoq_change,16.9012,percent,1402,,جدول 2,ts_building_140404-14050319105758.xlsx
1402-Q2,1402,2,تابستان,گروه انواع بلوک سفال آجر,qoq_change,10.90354,percent,1402,,جدول 2,ts_building_140404-14050319105758.xlsx
1402-Q3,1402,3,پاییز,گروه انواع بلوک سفال آجر,qoq_change,1.10432,percent,1402,,جدول 2,ts_building_140404-14050319105758.xlsx
1402-Q4,1402,4,زمستان,گروه انواع بلوک سفال آجر,qoq_change,21.62504,percent,1402,,جدول 2,ts_building_140404-14050319105758.xlsx
1403-Q1,1403,1,بهار,گروه انواع بلوک سفال آجر,qoq_change,8.2959,percent,1402,,جدول 2,ts_building_140404-14050319105758.xlsx
1403-Q2,1403,2,تابستان,گروه انواع بلوک سفال آجر,qoq_change,4.40356,percent,1402,,جدول 2,ts_building_140404-14050319105758.xlsx
1403-Q3,1403,3,پاییز,گروه انواع بلوک سفال آجر,qoq_change,7.88572,percent,1402,,جدول 2,ts_building_140404-14050319105758.xlsx
1403-Q4,1403,4,زمستان,گروه انواع بلوک سفال آجر,qoq_change,20.77127,percent,1402,,جدول 2,ts_building_140404-14050319105758.xlsx
1404-Q1,1404,1,بهار,گروه انواع بلوک سفال آجر,qoq_change,18.89648,percent,1402,,جدول 2,ts_building_140404-14050319105758.xlsx
1404-Q2,1404,2,تابستان,گروه انواع بلوک سفال آجر,qoq_change,3.47793,percent,1402,,جدول 2,ts_building_140404-14050319105758.xlsx
1404-Q3,1404,3,پاییز,گروه انواع بلوک سفال آجر,qoq_change,3.20088,percent,1402,,جدول 2,ts_building_140404-14050319105758.xlsx
1404-Q4,1404,4,زمستان,گروه انواع بلوک سفال آجر,qoq_change,7.42774,percent,1402,,جدول 2,ts_building_140404-14050319105758.xlsx
1390-Q1,1390,1,بهار,گروه موزاییک کاشی سرامیک,qoq_change,,percent,1402,-,جدول 2,ts_building_140404-14050319105758.xlsx
1390-Q2,1390,2,تابستان,گروه موزاییک کاشی سرامیک,qoq_change,5.27829,percent,1402,,جدول 2,ts_building_140404-14050319105758.xlsx
1390-Q3,1390,3,پاییز,گروه موزاییک کاشی سرامیک,qoq_change,0.97895,percent,1402,,جدول 2,ts_building_140404-14050319105758.xlsx
1390-Q4,1390,4,زمستان,گروه موزاییک کاشی سرامیک,qoq_change,2.75156,percent,1402,,جدول 2,ts_building_140404-14050319105758.xlsx
1391-Q1,1391,1,بهار,گروه موزاییک کاشی سرامیک,qoq_change,4.90137,percent,1402,,جدول 2,ts_building_140404-14050319105758.xlsx
1391-Q2,1391,2,تابستان,گروه موزاییک کاشی سرامیک,qoq_change,3.88951,percent,1402,,جدول 2,ts_building_140404-14050319105758.xlsx
1391-Q3,1391,3,پاییز,گروه موزاییک کاشی سرامیک,qoq_change,13.79698,percent,1402,,جدول 2,ts_building_140404-14050319105758.xlsx
1391-Q4,1391,4,زمستان,گروه موزاییک کاشی سرامیک,qoq_change,1.40634,percent,1402,,جدول 2,ts_building_140404-14050319105758.xlsx
1392-Q1,1392,1,بهار,گروه موزاییک کاشی سرامیک,qoq_change,14.36096,percent,1402,,جدول 2,ts_building_140404-14050319105758.xlsx
1392-Q2,1392,2,تابستان,گروه موزاییک کاشی سرامیک,qoq_change,2.4127,percent,1402,,جدول 2,ts_building_140404-14050319105758.xlsx
1392-Q3,1392,3,پاییز,گروه موزاییک کاشی سرامیک,qoq_change,2.94233,percent,1402,,جدول 2,ts_building_140404-14050319105758.xlsx
1392-Q4,1392,4,زمستان,گروه موزاییک کاشی سرامیک,qoq_change,0.84941,percent,1402,,جدول 2,ts_building_140404-14050319105758.xlsx
1393-Q1,1393,1,بهار,گروه موزاییک کاشی سرامیک,qoq_change,5.35432,percent,1402,,جدول 2,ts_building_140404-14050319105758.xlsx
1393-Q2,1393,2,تابستان,گروه موزاییک کاشی سرامیک,qoq_change,0.93692,percent,1402,,جدول 2,ts_building_140404-14050319105758.xlsx
1393-Q3,1393,3,پاییز,گروه موزاییک کاشی سرامیک,qoq_change,4.14359,percent,1402,,جدول 2,ts_building_140404-14050319105758.xlsx
1393-Q4,1393,4,زمستان,گروه موزاییک کاشی سرامیک,qoq_change,0.18122,percent,1402,,جدول 2,ts_building_140404-14050319105758.xlsx
1394-Q1,1394,1,بهار,گروه موزاییک کاشی سرامیک,qoq_change,0.33155,percent,1402,,جدول 2,ts_building_140404-14050319105758.xlsx
1394-Q2,1394,2,تابستان,گروه موزاییک کاشی سرامیک,qoq_change,0.59443,percent,1402,,جدول 2,ts_building_140404-14050319105758.xlsx
1394-Q3,1394,3,پاییز,گروه موزاییک کاشی سرامیک,qoq_change,0.14353,percent,1402,,جدول 2,ts_building_140404-14050319105758.xlsx
1394-Q4,1394,4,زمستان,گروه موزاییک کاشی سرامیک,qoq_change,-0.00945,percent,1402,,جدول 2,ts_building_140404-14050319105758.xlsx
1395-Q1,1395,1,بهار,گروه موزاییک کاشی سرامیک,qoq_change,-0.32607,percent,1402,,جدول 2,ts_building_140404-14050319105758.xlsx
1395-Q2,1395,2,تابستان,گروه موزاییک کاشی سرامیک,qoq_change,0.55198,percent,1402,,جدول 2,ts_building_140404-14050319105758.xlsx
1395-Q3,1395,3,پاییز,گروه موزاییک کاشی سرامیک,qoq_change,0.69267,percent,1402,,جدول 2,ts_building_140404-14050319105758.xlsx
1395-Q4,1395,4,زمستان,گروه موزاییک کاشی سرامیک,qoq_change,0.24539,percent,1402,,جدول 2,ts_building_140404-14050319105758.xlsx
1396-Q1,1396,1,بهار,گروه موزاییک کاشی سرامیک,qoq_change,2.48038,percent,1402,,جدول 2,ts_building_140404-14050319105758.xlsx
1396-Q2,1396,2,تابستان,گروه موزاییک کاشی سرامیک,qoq_change,3.02006,percent,1402,,جدول 2,ts_building_140404-14050319105758.xlsx
1396-Q3,1396,3,پاییز,گروه موزاییک کاشی سرامیک,qoq_change,1.18574,percent,1402,,جدول 2,ts_building_140404-14050319105758.xlsx
1396-Q4,1396,4,زمستان,گروه موزاییک کاشی سرامیک,qoq_change,0.63235,percent,1402,,جدول 2,ts_building_140404-14050319105758.xlsx
1397-Q1,1397,1,بهار,گروه موزاییک کاشی سرامیک,qoq_change,7.28165,percent,1402,,جدول 2,ts_building_140404-14050319105758.xlsx
1397-Q2,1397,2,تابستان,گروه موزاییک کاشی سرامیک,qoq_change,18.65648,percent,1402,,جدول 2,ts_building_140404-14050319105758.xlsx
1397-Q3,1397,3,پاییز,گروه موزاییک کاشی سرامیک,qoq_change,18.30686,percent,1402,,جدول 2,ts_building_140404-14050319105758.xlsx
1397-Q4,1397,4,زمستان,گروه موزاییک کاشی سرامیک,qoq_change,4.33714,percent,1402,,جدول 2,ts_building_140404-14050319105758.xlsx
1398-Q1,1398,1,بهار,گروه موزاییک کاشی سرامیک,qoq_change,19.20943,percent,1402,,جدول 2,ts_building_140404-14050319105758.xlsx
1398-Q2,1398,2,تابستان,گروه موزاییک کاشی سرامیک,qoq_change,4.76541,percent,1402,,جدول 2,ts_building_140404-14050319105758.xlsx
1398-Q3,1398,3,پاییز,گروه موزاییک کاشی سرامیک,qoq_change,1.32716,percent,1402,,جدول 2,ts_building_140404-14050319105758.xlsx
1398-Q4,1398,4,زمستان,گروه موزاییک کاشی سرامیک,qoq_change,3.46904,percent,1402,,جدول 2,ts_building_140404-14050319105758.xlsx
1399-Q1,1399,1,بهار,گروه موزاییک کاشی سرامیک,qoq_change,17.51844,percent,1402,,جدول 2,ts_building_140404-14050319105758.xlsx
1399-Q2,1399,2,تابستان,گروه موزاییک کاشی سرامیک,qoq_change,27.21983,percent,1402,,جدول 2,ts_building_140404-14050319105758.xlsx
1399-Q3,1399,3,پاییز,گروه موزاییک کاشی سرامیک,qoq_change,30.51031,percent,1402,,جدول 2,ts_building_140404-14050319105758.xlsx
1399-Q4,1399,4,زمستان,گروه موزاییک کاشی سرامیک,qoq_change,7.97505,percent,1402,,جدول 2,ts_building_140404-14050319105758.xlsx
1400-Q1,1400,1,بهار,گروه موزاییک کاشی سرامیک,qoq_change,14.90837,percent,1402,,جدول 2,ts_building_140404-14050319105758.xlsx
1400-Q2,1400,2,تابستان,گروه موزاییک کاشی سرامیک,qoq_change,9.31061,percent,1402,,جدول 2,ts_building_140404-14050319105758.xlsx
1400-Q3,1400,3,پاییز,گروه موزاییک کاشی سرامیک,qoq_change,6.78008,percent,1402,,جدول 2,ts_building_140404-14050319105758.xlsx
1400-Q4,1400,4,زمستان,گروه موزاییک کاشی سرامیک,qoq_change,4.37501,percent,1402,,جدول 2,ts_building_140404-14050319105758.xlsx
1401-Q1,1401,1,بهار,گروه موزاییک کاشی سرامیک,qoq_change,20.10598,percent,1402,,جدول 2,ts_building_140404-14050319105758.xlsx
1401-Q2,1401,2,تابستان,گروه موزاییک کاشی سرامیک,qoq_change,2.17893,percent,1402,,جدول 2,ts_building_140404-14050319105758.xlsx
1401-Q3,1401,3,پاییز,گروه موزاییک کاشی سرامیک,qoq_change,2.65693,percent,1402,,جدول 2,ts_building_140404-14050319105758.xlsx
1401-Q4,1401,4,زمستان,گروه موزاییک کاشی سرامیک,qoq_change,9.85918,percent,1402,,جدول 2,ts_building_140404-14050319105758.xlsx
1402-Q1,1402,1,بهار,گروه موزاییک کاشی سرامیک,qoq_change,15.48889,percent,1402,,جدول 2,ts_building_140404-14050319105758.xlsx
1402-Q2,1402,2,تابستان,گروه موزاییک کاشی سرامیک,qoq_change,6.65546,percent,1402,,جدول 2,ts_building_140404-14050319105758.xlsx
1402-Q3,1402,3,پاییز,گروه موزاییک کاشی سرامیک,qoq_change,3.2177,percent,1402,,جدول 2,ts_building_140404-14050319105758.xlsx
1402-Q4,1402,4,زمستان,گروه موزاییک کاشی سرامیک,qoq_change,13.70588,percent,1402,,جدول 2,ts_building_140404-14050319105758.xlsx
1403-Q1,1403,1,بهار,گروه موزاییک کاشی سرامیک,qoq_change,10.8973,percent,1402,,جدول 2,ts_building_140404-14050319105758.xlsx
1403-Q2,1403,2,تابستان,گروه موزاییک کاشی سرامیک,qoq_change,4.73701,percent,1402,,جدول 2,ts_building_140404-14050319105758.xlsx
1403-Q3,1403,3,پاییز,گروه موزاییک کاشی سرامیک,qoq_change,3.46617,percent,1402,,جدول 2,ts_building_140404-14050319105758.xlsx
1403-Q4,1403,4,زمستان,گروه موزاییک کاشی سرامیک,qoq_change,16.64858,percent,1402,,جدول 2,ts_building_140404-14050319105758.xlsx
1404-Q1,1404,1,بهار,گروه موزاییک کاشی سرامیک,qoq_change,14.19979,percent,1402,,جدول 2,ts_building_140404-14050319105758.xlsx
1404-Q2,1404,2,تابستان,گروه موزاییک کاشی سرامیک,qoq_change,8.25501,percent,1402,,جدول 2,ts_building_140404-14050319105758.xlsx
1404-Q3,1404,3,پاییز,گروه موزاییک کاشی سرامیک,qoq_change,12.25267,percent,1402,,جدول 2,ts_building_140404-14050319105758.xlsx
1404-Q4,1404,4,زمستان,گروه موزاییک کاشی سرامیک,qoq_change,22.90417,percent,1402,,جدول 2,ts_building_140404-14050319105758.xlsx
1390-Q1,1390,1,بهار,گروه سنگ,qoq_change,,percent,1402,-,جدول 2,ts_building_140404-14050319105758.xlsx
1390-Q2,1390,2,تابستان,گروه سنگ,qoq_change,0.42452,percent,1402,,جدول 2,ts_building_140404-14050319105758.xlsx
1390-Q3,1390,3,پاییز,گروه سنگ,qoq_change,2.72625,percent,1402,,جدول 2,ts_building_140404-14050319105758.xlsx
1390-Q4,1390,4,زمستان,گروه سنگ,qoq_change,4.04301,percent,1402,,جدول 2,ts_building_140404-14050319105758.xlsx
1391-Q1,1391,1,بهار,گروه سنگ,qoq_change,11.90642,percent,1402,,جدول 2,ts_building_140404-14050319105758.xlsx
1391-Q2,1391,2,تابستان,گروه سنگ,qoq_change,4.60076,percent,1402,,جدول 2,ts_building_140404-14050319105758.xlsx
1391-Q3,1391,3,پاییز,گروه سنگ,qoq_change,20.11116,percent,1402,,جدول 2,ts_building_140404-14050319105758.xlsx
1391-Q4,1391,4,زمستان,گروه سنگ,qoq_change,6.4828,percent,1402,,جدول 2,ts_building_140404-14050319105758.xlsx
1392-Q1,1392,1,بهار,گروه سنگ,qoq_change,14.66966,percent,1402,,جدول 2,ts_building_140404-14050319105758.xlsx
1392-Q2,1392,2,تابستان,گروه سنگ,qoq_change,5.01762,percent,1402,,جدول 2,ts_building_140404-14050319105758.xlsx
1392-Q3,1392,3,پاییز,گروه سنگ,qoq_change,1.06699,percent,1402,,جدول 2,ts_building_140404-14050319105758.xlsx
1392-Q4,1392,4,زمستان,گروه سنگ,qoq_change,-0.02751,percent,1402,,جدول 2,ts_building_140404-14050319105758.xlsx
1393-Q1,1393,1,بهار,گروه سنگ,qoq_change,7.0086,percent,1402,,جدول 2,ts_building_140404-14050319105758.xlsx
1393-Q2,1393,2,تابستان,گروه سنگ,qoq_change,2.46141,percent,1402,,جدول 2,ts_building_140404-14050319105758.xlsx
1393-Q3,1393,3,پاییز,گروه سنگ,qoq_change,0.75779,percent,1402,,جدول 2,ts_building_140404-14050319105758.xlsx
1393-Q4,1393,4,زمستان,گروه سنگ,qoq_change,-1.54493,percent,1402,,جدول 2,ts_building_140404-14050319105758.xlsx
1394-Q1,1394,1,بهار,گروه سنگ,qoq_change,0.15935,percent,1402,,جدول 2,ts_building_140404-14050319105758.xlsx
1394-Q2,1394,2,تابستان,گروه سنگ,qoq_change,-0.00377,percent,1402,,جدول 2,ts_building_140404-14050319105758.xlsx
1394-Q3,1394,3,پاییز,گروه سنگ,qoq_change,-0.64606,percent,1402,,جدول 2,ts_building_140404-14050319105758.xlsx
1394-Q4,1394,4,زمستان,گروه سنگ,qoq_change,0.13344,percent,1402,,جدول 2,ts_building_140404-14050319105758.xlsx
1395-Q1,1395,1,بهار,گروه سنگ,qoq_change,-0.14823,percent,1402,,جدول 2,ts_building_140404-14050319105758.xlsx
1395-Q2,1395,2,تابستان,گروه سنگ,qoq_change,0.99898,percent,1402,,جدول 2,ts_building_140404-14050319105758.xlsx
1395-Q3,1395,3,پاییز,گروه سنگ,qoq_change,0.05585,percent,1402,,جدول 2,ts_building_140404-14050319105758.xlsx
1395-Q4,1395,4,زمستان,گروه سنگ,qoq_change,-0.95226,percent,1402,,جدول 2,ts_building_140404-14050319105758.xlsx
1396-Q1,1396,1,بهار,گروه سنگ,qoq_change,-0.09525,percent,1402,,جدول 2,ts_building_140404-14050319105758.xlsx
1396-Q2,1396,2,تابستان,گروه سنگ,qoq_change,-0.44391,percent,1402,,جدول 2,ts_building_140404-14050319105758.xlsx
1396-Q3,1396,3,پاییز,گروه سنگ,qoq_change,0.97543,percent,1402,,جدول 2,ts_building_140404-14050319105758.xlsx
1396-Q4,1396,4,زمستان,گروه سنگ,qoq_change,-0.11502,percent,1402,,جدول 2,ts_building_140404-14050319105758.xlsx
1397-Q1,1397,1,بهار,گروه سنگ,qoq_change,6.67841,percent,1402,,جدول 2,ts_building_140404-14050319105758.xlsx
1397-Q2,1397,2,تابستان,گروه سنگ,qoq_change,14.17851,percent,1402,,جدول 2,ts_building_140404-14050319105758.xlsx
1397-Q3,1397,3,پاییز,گروه سنگ,qoq_change,14.19466,percent,1402,,جدول 2,ts_building_140404-14050319105758.xlsx
1397-Q4,1397,4,زمستان,گروه سنگ,qoq_change,2.31808,percent,1402,,جدول 2,ts_building_140404-14050319105758.xlsx
1398-Q1,1398,1,بهار,گروه سنگ,qoq_change,11.35373,percent,1402,,جدول 2,ts_building_140404-14050319105758.xlsx
1398-Q2,1398,2,تابستان,گروه سنگ,qoq_change,3.95417,percent,1402,,جدول 2,ts_building_140404-14050319105758.xlsx
1398-Q3,1398,3,پاییز,گروه سنگ,qoq_change,9.89943,percent,1402,,جدول 2,ts_building_140404-14050319105758.xlsx
1398-Q4,1398,4,زمستان,گروه سنگ,qoq_change,0.6359,percent,1402,,جدول 2,ts_building_140404-14050319105758.xlsx
1399-Q1,1399,1,بهار,گروه سنگ,qoq_change,23.91157,percent,1402,,جدول 2,ts_building_140404-14050319105758.xlsx
1399-Q2,1399,2,تابستان,گروه سنگ,qoq_change,29.14324,percent,1402,,جدول 2,ts_building_140404-14050319105758.xlsx
1399-Q3,1399,3,پاییز,گروه سنگ,qoq_change,30.96491,percent,1402,,جدول 2,ts_building_140404-14050319105758.xlsx
1399-Q4,1399,4,زمستان,گروه سنگ,qoq_change,14.46291,percent,1402,,جدول 2,ts_building_140404-14050319105758.xlsx
1400-Q1,1400,1,بهار,گروه سنگ,qoq_change,25.89431,percent,1402,,جدول 2,ts_building_140404-14050319105758.xlsx
1400-Q2,1400,2,تابستان,گروه سنگ,qoq_change,6.44012,percent,1402,,جدول 2,ts_building_140404-14050319105758.xlsx
1400-Q3,1400,3,پاییز,گروه سنگ,qoq_change,8.73172,percent,1402,,جدول 2,ts_building_140404-14050319105758.xlsx
1400-Q4,1400,4,زمستان,گروه سنگ,qoq_change,3.38267,percent,1402,,جدول 2,ts_building_140404-14050319105758.xlsx
1401-Q1,1401,1,بهار,گروه سنگ,qoq_change,10.86112,percent,1402,,جدول 2,ts_building_140404-14050319105758.xlsx
1401-Q2,1401,2,تابستان,گروه سنگ,qoq_change,5.54178,percent,1402,,جدول 2,ts_building_140404-14050319105758.xlsx
1401-Q3,1401,3,پاییز,گروه سنگ,qoq_change,3.29799,percent,1402,,جدول 2,ts_building_140404-14050319105758.xlsx
1401-Q4,1401,4,زمستان,گروه سنگ,qoq_change,14.63928,percent,1402,,جدول 2,ts_building_140404-14050319105758.xlsx
1402-Q1,1402,1,بهار,گروه سنگ,qoq_change,9.06481,percent,1402,,جدول 2,ts_building_140404-14050319105758.xlsx
1402-Q2,1402,2,تابستان,گروه سنگ,qoq_change,3.46313,percent,1402,,جدول 2,ts_building_140404-14050319105758.xlsx
1402-Q3,1402,3,پاییز,گروه سنگ,qoq_change,0.20722,percent,1402,,جدول 2,ts_building_140404-14050319105758.xlsx
1402-Q4,1402,4,زمستان,گروه سنگ,qoq_change,8.60228,percent,1402,,جدول 2,ts_building_140404-14050319105758.xlsx
1403-Q1,1403,1,بهار,گروه سنگ,qoq_change,9.89442,percent,1402,,جدول 2,ts_building_140404-14050319105758.xlsx
1403-Q2,1403,2,تابستان,گروه سنگ,qoq_change,3.19953,percent,1402,,جدول 2,ts_building_140404-14050319105758.xlsx
1403-Q3,1403,3,پاییز,گروه سنگ,qoq_change,5.74565,percent,1402,,جدول 2,ts_building_140404-14050319105758.xlsx
1403-Q4,1403,4,زمستان,گروه سنگ,qoq_change,13.77194,percent,1402,,جدول 2,ts_building_140404-14050319105758.xlsx
1404-Q1,1404,1,بهار,گروه سنگ,qoq_change,15.65078,percent,1402,,جدول 2,ts_building_140404-14050319105758.xlsx
1404-Q2,1404,2,تابستان,گروه سنگ,qoq_change,7.38439,percent,1402,,جدول 2,ts_building_140404-14050319105758.xlsx
1404-Q3,1404,3,پاییز,گروه سنگ,qoq_change,9.0485,percent,1402,,جدول 2,ts_building_140404-14050319105758.xlsx
1404-Q4,1404,4,زمستان,گروه سنگ,qoq_change,16.59529,percent,1402,,جدول 2,ts_building_140404-14050319105758.xlsx
1390-Q1,1390,1,بهار,گروه آهن آلات میلگرد پروفیل درب و پنجره و نرده,qoq_change,,percent,1402,-,جدول 2,ts_building_140404-14050319105758.xlsx
1390-Q2,1390,2,تابستان,گروه آهن آلات میلگرد پروفیل درب و پنجره و نرده,qoq_change,-0.8432,percent,1402,,جدول 2,ts_building_140404-14050319105758.xlsx
1390-Q3,1390,3,پاییز,گروه آهن آلات میلگرد پروفیل درب و پنجره و نرده,qoq_change,0.36563,percent,1402,,جدول 2,ts_building_140404-14050319105758.xlsx
1390-Q4,1390,4,زمستان,گروه آهن آلات میلگرد پروفیل درب و پنجره و نرده,qoq_change,21.4682,percent,1402,,جدول 2,ts_building_140404-14050319105758.xlsx
1391-Q1,1391,1,بهار,گروه آهن آلات میلگرد پروفیل درب و پنجره و نرده,qoq_change,-0.60072,percent,1402,,جدول 2,ts_building_140404-14050319105758.xlsx
1391-Q2,1391,2,تابستان,گروه آهن آلات میلگرد پروفیل درب و پنجره و نرده,qoq_change,35.54915,percent,1402,,جدول 2,ts_building_140404-14050319105758.xlsx
1391-Q3,1391,3,پاییز,گروه آهن آلات میلگرد پروفیل درب و پنجره و نرده,qoq_change,-2.06299,percent,1402,,جدول 2,ts_building_140404-14050319105758.xlsx
1391-Q4,1391,4,زمستان,گروه آهن آلات میلگرد پروفیل درب و پنجره و نرده,qoq_change,7.30186,percent,1402,,جدول 2,ts_building_140404-14050319105758.xlsx
1392-Q1,1392,1,بهار,گروه آهن آلات میلگرد پروفیل درب و پنجره و نرده,qoq_change,6.77745,percent,1402,,جدول 2,ts_building_140404-14050319105758.xlsx
1392-Q2,1392,2,تابستان,گروه آهن آلات میلگرد پروفیل درب و پنجره و نرده,qoq_change,-3.20004,percent,1402,,جدول 2,ts_building_140404-14050319105758.xlsx
1392-Q3,1392,3,پاییز,گروه آهن آلات میلگرد پروفیل درب و پنجره و نرده,qoq_change,-7.76753,percent,1402,,جدول 2,ts_building_140404-14050319105758.xlsx
1392-Q4,1392,4,زمستان,گروه آهن آلات میلگرد پروفیل درب و پنجره و نرده,qoq_change,5.01223,percent,1402,,جدول 2,ts_building_140404-14050319105758.xlsx
1393-Q1,1393,1,بهار,گروه آهن آلات میلگرد پروفیل درب و پنجره و نرده,qoq_change,1.41027,percent,1402,,جدول 2,ts_building_140404-14050319105758.xlsx
1393-Q2,1393,2,تابستان,گروه آهن آلات میلگرد پروفیل درب و پنجره و نرده,qoq_change,-0.18265,percent,1402,,جدول 2,ts_building_140404-14050319105758.xlsx
1393-Q3,1393,3,پاییز,گروه آهن آلات میلگرد پروفیل درب و پنجره و نرده,qoq_change,-2.56645,percent,1402,,جدول 2,ts_building_140404-14050319105758.xlsx
1393-Q4,1393,4,زمستان,گروه آهن آلات میلگرد پروفیل درب و پنجره و نرده,qoq_change,-14.32573,percent,1402,,جدول 2,ts_building_140404-14050319105758.xlsx
1394-Q1,1394,1,بهار,گروه آهن آلات میلگرد پروفیل درب و پنجره و نرده,qoq_change,-3.50286,percent,1402,,جدول 2,ts_building_140404-14050319105758.xlsx
1394-Q2,1394,2,تابستان,گروه آهن آلات میلگرد پروفیل درب و پنجره و نرده,qoq_change,-3.71933,percent,1402,,جدول 2,ts_building_140404-14050319105758.xlsx
1394-Q3,1394,3,پاییز,گروه آهن آلات میلگرد پروفیل درب و پنجره و نرده,qoq_change,-7.63132,percent,1402,,جدول 2,ts_building_140404-14050319105758.xlsx
1394-Q4,1394,4,زمستان,گروه آهن آلات میلگرد پروفیل درب و پنجره و نرده,qoq_change,-2.3573,percent,1402,,جدول 2,ts_building_140404-14050319105758.xlsx
1395-Q1,1395,1,بهار,گروه آهن آلات میلگرد پروفیل درب و پنجره و نرده,qoq_change,12.88309,percent,1402,,جدول 2,ts_building_140404-14050319105758.xlsx
1395-Q2,1395,2,تابستان,گروه آهن آلات میلگرد پروفیل درب و پنجره و نرده,qoq_change,2.78528,percent,1402,,جدول 2,ts_building_140404-14050319105758.xlsx
1395-Q3,1395,3,پاییز,گروه آهن آلات میلگرد پروفیل درب و پنجره و نرده,qoq_change,13.80683,percent,1402,,جدول 2,ts_building_140404-14050319105758.xlsx
1395-Q4,1395,4,زمستان,گروه آهن آلات میلگرد پروفیل درب و پنجره و نرده,qoq_change,-5.58446,percent,1402,,جدول 2,ts_building_140404-14050319105758.xlsx
1396-Q1,1396,1,بهار,گروه آهن آلات میلگرد پروفیل درب و پنجره و نرده,qoq_change,3.1455,percent,1402,,جدول 2,ts_building_140404-14050319105758.xlsx
1396-Q2,1396,2,تابستان,گروه آهن آلات میلگرد پروفیل درب و پنجره و نرده,qoq_change,27.79416,percent,1402,,جدول 2,ts_building_140404-14050319105758.xlsx
1396-Q3,1396,3,پاییز,گروه آهن آلات میلگرد پروفیل درب و پنجره و نرده,qoq_change,3.54801,percent,1402,,جدول 2,ts_building_140404-14050319105758.xlsx
1396-Q4,1396,4,زمستان,گروه آهن آلات میلگرد پروفیل درب و پنجره و نرده,qoq_change,7.09309,percent,1402,,جدول 2,ts_building_140404-14050319105758.xlsx
1397-Q1,1397,1,بهار,گروه آهن آلات میلگرد پروفیل درب و پنجره و نرده,qoq_change,21.18166,percent,1402,,جدول 2,ts_building_140404-14050319105758.xlsx
1397-Q2,1397,2,تابستان,گروه آهن آلات میلگرد پروفیل درب و پنجره و نرده,qoq_change,45.0459,percent,1402,,جدول 2,ts_building_140404-14050319105758.xlsx
1397-Q3,1397,3,پاییز,گروه آهن آلات میلگرد پروفیل درب و پنجره و نرده,qoq_change,-11.24004,percent,1402,,جدول 2,ts_building_140404-14050319105758.xlsx
1397-Q4,1397,4,زمستان,گروه آهن آلات میلگرد پروفیل درب و پنجره و نرده,qoq_change,20.42451,percent,1402,,جدول 2,ts_building_140404-14050319105758.xlsx
1398-Q1,1398,1,بهار,گروه آهن آلات میلگرد پروفیل درب و پنجره و نرده,qoq_change,2.39141,percent,1402,,جدول 2,ts_building_140404-14050319105758.xlsx
1398-Q2,1398,2,تابستان,گروه آهن آلات میلگرد پروفیل درب و پنجره و نرده,qoq_change,-9.18376,percent,1402,,جدول 2,ts_building_140404-14050319105758.xlsx
1398-Q3,1398,3,پاییز,گروه آهن آلات میلگرد پروفیل درب و پنجره و نرده,qoq_change,11.26882,percent,1402,,جدول 2,ts_building_140404-14050319105758.xlsx
1398-Q4,1398,4,زمستان,گروه آهن آلات میلگرد پروفیل درب و پنجره و نرده,qoq_change,34.69852,percent,1402,,جدول 2,ts_building_140404-14050319105758.xlsx
1399-Q1,1399,1,بهار,گروه آهن آلات میلگرد پروفیل درب و پنجره و نرده,qoq_change,10.81671,percent,1402,,جدول 2,ts_building_140404-14050319105758.xlsx
1399-Q2,1399,2,تابستان,گروه آهن آلات میلگرد پروفیل درب و پنجره و نرده,qoq_change,63.89693,percent,1402,,جدول 2,ts_building_140404-14050319105758.xlsx
1399-Q3,1399,3,پاییز,گروه آهن آلات میلگرد پروفیل درب و پنجره و نرده,qoq_change,7.68896,percent,1402,,جدول 2,ts_building_140404-14050319105758.xlsx
1399-Q4,1399,4,زمستان,گروه آهن آلات میلگرد پروفیل درب و پنجره و نرده,qoq_change,3.50558,percent,1402,,جدول 2,ts_building_140404-14050319105758.xlsx
1400-Q1,1400,1,بهار,گروه آهن آلات میلگرد پروفیل درب و پنجره و نرده,qoq_change,20.56631,percent,1402,,جدول 2,ts_building_140404-14050319105758.xlsx
1400-Q2,1400,2,تابستان,گروه آهن آلات میلگرد پروفیل درب و پنجره و نرده,qoq_change,2.82587,percent,1402,,جدول 2,ts_building_140404-14050319105758.xlsx
1400-Q3,1400,3,پاییز,گروه آهن آلات میلگرد پروفیل درب و پنجره و نرده,qoq_change,2.07702,percent,1402,,جدول 2,ts_building_140404-14050319105758.xlsx
1400-Q4,1400,4,زمستان,گروه آهن آلات میلگرد پروفیل درب و پنجره و نرده,qoq_change,1.19763,percent,1402,,جدول 2,ts_building_140404-14050319105758.xlsx
1401-Q1,1401,1,بهار,گروه آهن آلات میلگرد پروفیل درب و پنجره و نرده,qoq_change,11.30307,percent,1402,,جدول 2,ts_building_140404-14050319105758.xlsx
1401-Q2,1401,2,تابستان,گروه آهن آلات میلگرد پروفیل درب و پنجره و نرده,qoq_change,-13.35964,percent,1402,,جدول 2,ts_building_140404-14050319105758.xlsx
1401-Q3,1401,3,پاییز,گروه آهن آلات میلگرد پروفیل درب و پنجره و نرده,qoq_change,18.06938,percent,1402,,جدول 2,ts_building_140404-14050319105758.xlsx
1401-Q4,1401,4,زمستان,گروه آهن آلات میلگرد پروفیل درب و پنجره و نرده,qoq_change,50.00943,percent,1402,,جدول 2,ts_building_140404-14050319105758.xlsx
1402-Q1,1402,1,بهار,گروه آهن آلات میلگرد پروفیل درب و پنجره و نرده,qoq_change,-3.88647,percent,1402,,جدول 2,ts_building_140404-14050319105758.xlsx
1402-Q2,1402,2,تابستان,گروه آهن آلات میلگرد پروفیل درب و پنجره و نرده,qoq_change,-5.70948,percent,1402,,جدول 2,ts_building_140404-14050319105758.xlsx
1402-Q3,1402,3,پاییز,گروه آهن آلات میلگرد پروفیل درب و پنجره و نرده,qoq_change,-3.76521,percent,1402,,جدول 2,ts_building_140404-14050319105758.xlsx
1402-Q4,1402,4,زمستان,گروه آهن آلات میلگرد پروفیل درب و پنجره و نرده,qoq_change,18.59198,percent,1402,,جدول 2,ts_building_140404-14050319105758.xlsx
1403-Q1,1403,1,بهار,گروه آهن آلات میلگرد پروفیل درب و پنجره و نرده,qoq_change,-4.65805,percent,1402,,جدول 2,ts_building_140404-14050319105758.xlsx
1403-Q2,1403,2,تابستان,گروه آهن آلات میلگرد پروفیل درب و پنجره و نرده,qoq_change,1.36667,percent,1402,,جدول 2,ts_building_140404-14050319105758.xlsx
1403-Q3,1403,3,پاییز,گروه آهن آلات میلگرد پروفیل درب و پنجره و نرده,qoq_change,6.74526,percent,1402,,جدول 2,ts_building_140404-14050319105758.xlsx
1403-Q4,1403,4,زمستان,گروه آهن آلات میلگرد پروفیل درب و پنجره و نرده,qoq_change,13.585,percent,1402,,جدول 2,ts_building_140404-14050319105758.xlsx
1404-Q1,1404,1,بهار,گروه آهن آلات میلگرد پروفیل درب و پنجره و نرده,qoq_change,1.79773,percent,1402,,جدول 2,ts_building_140404-14050319105758.xlsx
1404-Q2,1404,2,تابستان,گروه آهن آلات میلگرد پروفیل درب و پنجره و نرده,qoq_change,10.814,percent,1402,,جدول 2,ts_building_140404-14050319105758.xlsx
1404-Q3,1404,3,پاییز,گروه آهن آلات میلگرد پروفیل درب و پنجره و نرده,qoq_change,21.26485,percent,1402,,جدول 2,ts_building_140404-14050319105758.xlsx
1404-Q4,1404,4,زمستان,گروه آهن آلات میلگرد پروفیل درب و پنجره و نرده,qoq_change,49.85642,percent,1402,,جدول 2,ts_building_140404-14050319105758.xlsx
1390-Q1,1390,1,بهار,گروه چوب,qoq_change,,percent,1402,-,جدول 2,ts_building_140404-14050319105758.xlsx
1390-Q2,1390,2,تابستان,گروه چوب,qoq_change,1.64375,percent,1402,,جدول 2,ts_building_140404-14050319105758.xlsx
1390-Q3,1390,3,پاییز,گروه چوب,qoq_change,5.27017,percent,1402,,جدول 2,ts_building_140404-14050319105758.xlsx
1390-Q4,1390,4,زمستان,گروه چوب,qoq_change,9.41692,percent,1402,,جدول 2,ts_building_140404-14050319105758.xlsx
1391-Q1,1391,1,بهار,گروه چوب,qoq_change,8.56811,percent,1402,,جدول 2,ts_building_140404-14050319105758.xlsx
1391-Q2,1391,2,تابستان,گروه چوب,qoq_change,8.39314,percent,1402,,جدول 2,ts_building_140404-14050319105758.xlsx
1391-Q3,1391,3,پاییز,گروه چوب,qoq_change,20.12597,percent,1402,,جدول 2,ts_building_140404-14050319105758.xlsx
1391-Q4,1391,4,زمستان,گروه چوب,qoq_change,7.85925,percent,1402,,جدول 2,ts_building_140404-14050319105758.xlsx
1392-Q1,1392,1,بهار,گروه چوب,qoq_change,7.38243,percent,1402,,جدول 2,ts_building_140404-14050319105758.xlsx
1392-Q2,1392,2,تابستان,گروه چوب,qoq_change,0.53019,percent,1402,,جدول 2,ts_building_140404-14050319105758.xlsx
1392-Q3,1392,3,پاییز,گروه چوب,qoq_change,-5.73684,percent,1402,,جدول 2,ts_building_140404-14050319105758.xlsx
1392-Q4,1392,4,زمستان,گروه چوب,qoq_change,-0.63281,percent,1402,,جدول 2,ts_building_140404-14050319105758.xlsx
1393-Q1,1393,1,بهار,گروه چوب,qoq_change,3.02357,percent,1402,,جدول 2,ts_building_140404-14050319105758.xlsx
1393-Q2,1393,2,تابستان,گروه چوب,qoq_change,21.49933,percent,1402,,جدول 2,ts_building_140404-14050319105758.xlsx
1393-Q3,1393,3,پاییز,گروه چوب,qoq_change,0.83778,percent,1402,,جدول 2,ts_building_140404-14050319105758.xlsx
1393-Q4,1393,4,زمستان,گروه چوب,qoq_change,-23.27911,percent,1402,,جدول 2,ts_building_140404-14050319105758.xlsx
1394-Q1,1394,1,بهار,گروه چوب,qoq_change,0.36684,percent,1402,,جدول 2,ts_building_140404-14050319105758.xlsx
1394-Q2,1394,2,تابستان,گروه چوب,qoq_change,0.36538,percent,1402,,جدول 2,ts_building_140404-14050319105758.xlsx
1394-Q3,1394,3,پاییز,گروه چوب,qoq_change,1.6166,percent,1402,,جدول 2,ts_building_140404-14050319105758.xlsx
1394-Q4,1394,4,زمستان,گروه چوب,qoq_change,0.3845,percent,1402,,جدول 2,ts_building_140404-14050319105758.xlsx
1395-Q1,1395,1,بهار,گروه چوب,qoq_change,2.2075,percent,1402,,جدول 2,ts_building_140404-14050319105758.xlsx
1395-Q2,1395,2,تابستان,گروه چوب,qoq_change,1.83625,percent,1402,,جدول 2,ts_building_140404-14050319105758.xlsx
1395-Q3,1395,3,پاییز,گروه چوب,qoq_change,4.77903,percent,1402,,جدول 2,ts_building_140404-14050319105758.xlsx
1395-Q4,1395,4,زمستان,گروه چوب,qoq_change,0.37267,percent,1402,,جدول 2,ts_building_140404-14050319105758.xlsx
1396-Q1,1396,1,بهار,گروه چوب,qoq_change,1.83978,percent,1402,,جدول 2,ts_building_140404-14050319105758.xlsx
1396-Q2,1396,2,تابستان,گروه چوب,qoq_change,4.03256,percent,1402,,جدول 2,ts_building_140404-14050319105758.xlsx
1396-Q3,1396,3,پاییز,گروه چوب,qoq_change,6.00763,percent,1402,,جدول 2,ts_building_140404-14050319105758.xlsx
1396-Q4,1396,4,زمستان,گروه چوب,qoq_change,3.80957,percent,1402,,جدول 2,ts_building_140404-14050319105758.xlsx
1397-Q1,1397,1,بهار,گروه چوب,qoq_change,15.09653,percent,1402,,جدول 2,ts_building_140404-14050319105758.xlsx
1397-Q2,1397,2,تابستان,گروه چوب,qoq_change,64.31296,percent,1402,,جدول 2,ts_building_140404-14050319105758.xlsx
1397-Q3,1397,3,پاییز,گروه چوب,qoq_change,8.887,percent,1402,,جدول 2,ts_building_140404-14050319105758.xlsx
1397-Q4,1397,4,زمستان,گروه چوب,qoq_change,14.20322,percent,1402,,جدول 2,ts_building_140404-14050319105758.xlsx
1398-Q1,1398,1,بهار,گروه چوب,qoq_change,11.45232,percent,1402,,جدول 2,ts_building_140404-14050319105758.xlsx
1398-Q2,1398,2,تابستان,گروه چوب,qoq_change,-2.56312,percent,1402,,جدول 2,ts_building_140404-14050319105758.xlsx
1398-Q3,1398,3,پاییز,گروه چوب,qoq_change,2.04214,percent,1402,,جدول 2,ts_building_140404-14050319105758.xlsx
1398-Q4,1398,4,زمستان,گروه چوب,qoq_change,7.64562,percent,1402,,جدول 2,ts_building_140404-14050319105758.xlsx
1399-Q1,1399,1,بهار,گروه چوب,qoq_change,8.98275,percent,1402,,جدول 2,ts_building_140404-14050319105758.xlsx
1399-Q2,1399,2,تابستان,گروه چوب,qoq_change,34.6092,percent,1402,,جدول 2,ts_building_140404-14050319105758.xlsx
1399-Q3,1399,3,پاییز,گروه چوب,qoq_change,31.50529,percent,1402,,جدول 2,ts_building_140404-14050319105758.xlsx
1399-Q4,1399,4,زمستان,گروه چوب,qoq_change,4.78748,percent,1402,,جدول 2,ts_building_140404-14050319105758.xlsx
1400-Q1,1400,1,بهار,گروه چوب,qoq_change,11.25681,percent,1402,,جدول 2,ts_building_140404-14050319105758.xlsx
1400-Q2,1400,2,تابستان,گروه چوب,qoq_change,6.41592,percent,1402,,جدول 2,ts_building_140404-14050319105758.xlsx
1400-Q3,1400,3,پاییز,گروه چوب,qoq_change,5.84133,percent,1402,,جدول 2,ts_building_140404-14050319105758.xlsx
1400-Q4,1400,4,زمستان,گروه چوب,qoq_change,6.54052,percent,1402,,جدول 2,ts_building_140404-14050319105758.xlsx
1401-Q1,1401,1,بهار,گروه چوب,qoq_change,14.49315,percent,1402,,جدول 2,ts_building_140404-14050319105758.xlsx
1401-Q2,1401,2,تابستان,گروه چوب,qoq_change,1.7206,percent,1402,,جدول 2,ts_building_140404-14050319105758.xlsx
1401-Q3,1401,3,پاییز,گروه چوب,qoq_change,3.99116,percent,1402,,جدول 2,ts_building_140404-14050319105758.xlsx
1401-Q4,1401,4,زمستان,گروه چوب,qoq_change,19.88942,percent,1402,,جدول 2,ts_building_140404-14050319105758.xlsx
1402-Q1,1402,1,بهار,گروه چوب,qoq_change,13.9826,percent,1402,,جدول 2,ts_building_140404-14050319105758.xlsx
1402-Q2,1402,2,تابستان,گروه چوب,qoq_change,0.601,percent,1402,,جدول 2,ts_building_140404-14050319105758.xlsx
1402-Q3,1402,3,پاییز,گروه چوب,qoq_change,0,percent,1402,,جدول 2,ts_building_140404-14050319105758.xlsx
1402-Q4,1402,4,زمستان,گروه چوب,qoq_change,0.76747,percent,1402,,جدول 2,ts_building_140404-14050319105758.xlsx
1403-Q1,1403,1,بهار,گروه چوب,qoq_change,10.604,percent,1402,,جدول 2,ts_building_140404-14050319105758.xlsx
1403-Q2,1403,2,تابستان,گروه چوب,qoq_change,5.07358,percent,1402,,جدول 2,ts_building_140404-14050319105758.xlsx
1403-Q3,1403,3,پاییز,گروه چوب,qoq_change,9.32472,percent,1402,,جدول 2,ts_building_140404-14050319105758.xlsx
1403-Q4,1403,4,زمستان,گروه چوب,qoq_change,10.56108,percent,1402,,جدول 2,ts_building_140404-14050319105758.xlsx
1404-Q1,1404,1,بهار,گروه چوب,qoq_change,30.49984,percent,1402,,جدول 2,ts_building_140404-14050319105758.xlsx
1404-Q2,1404,2,تابستان,گروه چوب,qoq_change,9.57005,percent,1402,,جدول 2,ts_building_140404-14050319105758.xlsx
1404-Q3,1404,3,پاییز,گروه چوب,qoq_change,24.52651,percent,1402,,جدول 2,ts_building_140404-14050319105758.xlsx
1404-Q4,1404,4,زمستان,گروه چوب,qoq_change,73.26572,percent,1402,,جدول 2,ts_building_140404-14050319105758.xlsx
1390-Q1,1390,1,بهار,گروه ایزوگام و قیرگونی آسفالت,qoq_change,,percent,1402,-,جدول 2,ts_building_140404-14050319105758.xlsx
1390-Q2,1390,2,تابستان,گروه ایزوگام و قیرگونی آسفالت,qoq_change,9.17051,percent,1402,,جدول 2,ts_building_140404-14050319105758.xlsx
1390-Q3,1390,3,پاییز,گروه ایزوگام و قیرگونی آسفالت,qoq_change,5.15883,percent,1402,,جدول 2,ts_building_140404-14050319105758.xlsx
1390-Q4,1390,4,زمستان,گروه ایزوگام و قیرگونی آسفالت,qoq_change,7.35978,percent,1402,,جدول 2,ts_building_140404-14050319105758.xlsx
1391-Q1,1391,1,بهار,گروه ایزوگام و قیرگونی آسفالت,qoq_change,11.10737,percent,1402,,جدول 2,ts_building_140404-14050319105758.xlsx
1391-Q2,1391,2,تابستان,گروه ایزوگام و قیرگونی آسفالت,qoq_change,10.64291,percent,1402,,جدول 2,ts_building_140404-14050319105758.xlsx
1391-Q3,1391,3,پاییز,گروه ایزوگام و قیرگونی آسفالت,qoq_change,17.0574,percent,1402,,جدول 2,ts_building_140404-14050319105758.xlsx
1391-Q4,1391,4,زمستان,گروه ایزوگام و قیرگونی آسفالت,qoq_change,25.86331,percent,1402,,جدول 2,ts_building_140404-14050319105758.xlsx
1392-Q1,1392,1,بهار,گروه ایزوگام و قیرگونی آسفالت,qoq_change,-0.37864,percent,1402,,جدول 2,ts_building_140404-14050319105758.xlsx
1392-Q2,1392,2,تابستان,گروه ایزوگام و قیرگونی آسفالت,qoq_change,-1.07861,percent,1402,,جدول 2,ts_building_140404-14050319105758.xlsx
1392-Q3,1392,3,پاییز,گروه ایزوگام و قیرگونی آسفالت,qoq_change,-1.03933,percent,1402,,جدول 2,ts_building_140404-14050319105758.xlsx
1392-Q4,1392,4,زمستان,گروه ایزوگام و قیرگونی آسفالت,qoq_change,-0.05148,percent,1402,,جدول 2,ts_building_140404-14050319105758.xlsx
1393-Q1,1393,1,بهار,گروه ایزوگام و قیرگونی آسفالت,qoq_change,5.58654,percent,1402,,جدول 2,ts_building_140404-14050319105758.xlsx
1393-Q2,1393,2,تابستان,گروه ایزوگام و قیرگونی آسفالت,qoq_change,-0.03742,percent,1402,,جدول 2,ts_building_140404-14050319105758.xlsx
1393-Q3,1393,3,پاییز,گروه ایزوگام و قیرگونی آسفالت,qoq_change,-4.04342,percent,1402,,جدول 2,ts_building_140404-14050319105758.xlsx
1393-Q4,1393,4,زمستان,گروه ایزوگام و قیرگونی آسفالت,qoq_change,1.44161,percent,1402,,جدول 2,ts_building_140404-14050319105758.xlsx
1394-Q1,1394,1,بهار,گروه ایزوگام و قیرگونی آسفالت,qoq_change,0.98239,percent,1402,,جدول 2,ts_building_140404-14050319105758.xlsx
1394-Q2,1394,2,تابستان,گروه ایزوگام و قیرگونی آسفالت,qoq_change,-2.46873,percent,1402,,جدول 2,ts_building_140404-14050319105758.xlsx
1394-Q3,1394,3,پاییز,گروه ایزوگام و قیرگونی آسفالت,qoq_change,0.61562,percent,1402,,جدول 2,ts_building_140404-14050319105758.xlsx
1394-Q4,1394,4,زمستان,گروه ایزوگام و قیرگونی آسفالت,qoq_change,-7.39454,percent,1402,,جدول 2,ts_building_140404-14050319105758.xlsx
1395-Q1,1395,1,بهار,گروه ایزوگام و قیرگونی آسفالت,qoq_change,-0.13775,percent,1402,,جدول 2,ts_building_140404-14050319105758.xlsx
1395-Q2,1395,2,تابستان,گروه ایزوگام و قیرگونی آسفالت,qoq_change,2.5781,percent,1402,,جدول 2,ts_building_140404-14050319105758.xlsx
1395-Q3,1395,3,پاییز,گروه ایزوگام و قیرگونی آسفالت,qoq_change,3.75421,percent,1402,,جدول 2,ts_building_140404-14050319105758.xlsx
1395-Q4,1395,4,زمستان,گروه ایزوگام و قیرگونی آسفالت,qoq_change,-0.55732,percent,1402,,جدول 2,ts_building_140404-14050319105758.xlsx
1396-Q1,1396,1,بهار,گروه ایزوگام و قیرگونی آسفالت,qoq_change,1.40444,percent,1402,,جدول 2,ts_building_140404-14050319105758.xlsx
1396-Q2,1396,2,تابستان,گروه ایزوگام و قیرگونی آسفالت,qoq_change,-3.52834,percent,1402,,جدول 2,ts_building_140404-14050319105758.xlsx
1396-Q3,1396,3,پاییز,گروه ایزوگام و قیرگونی آسفالت,qoq_change,11.01348,percent,1402,,جدول 2,ts_building_140404-14050319105758.xlsx
1396-Q4,1396,4,زمستان,گروه ایزوگام و قیرگونی آسفالت,qoq_change,7.9933,percent,1402,,جدول 2,ts_building_140404-14050319105758.xlsx
1397-Q1,1397,1,بهار,گروه ایزوگام و قیرگونی آسفالت,qoq_change,15.96029,percent,1402,,جدول 2,ts_building_140404-14050319105758.xlsx
1397-Q2,1397,2,تابستان,گروه ایزوگام و قیرگونی آسفالت,qoq_change,93.62864,percent,1402,,جدول 2,ts_building_140404-14050319105758.xlsx
1397-Q3,1397,3,پاییز,گروه ایزوگام و قیرگونی آسفالت,qoq_change,6.21058,percent,1402,,جدول 2,ts_building_140404-14050319105758.xlsx
1397-Q4,1397,4,زمستان,گروه ایزوگام و قیرگونی آسفالت,qoq_change,-1.12905,percent,1402,,جدول 2,ts_building_140404-14050319105758.xlsx
1398-Q1,1398,1,بهار,گروه ایزوگام و قیرگونی آسفالت,qoq_change,6.19473,percent,1402,,جدول 2,ts_building_140404-14050319105758.xlsx
1398-Q2,1398,2,تابستان,گروه ایزوگام و قیرگونی آسفالت,qoq_change,-2.28756,percent,1402,,جدول 2,ts_building_140404-14050319105758.xlsx
1398-Q3,1398,3,پاییز,گروه ایزوگام و قیرگونی آسفالت,qoq_change,-5.26584,percent,1402,,جدول 2,ts_building_140404-14050319105758.xlsx
1398-Q4,1398,4,زمستان,گروه ایزوگام و قیرگونی آسفالت,qoq_change,6.16626,percent,1402,,جدول 2,ts_building_140404-14050319105758.xlsx
1399-Q1,1399,1,بهار,گروه ایزوگام و قیرگونی آسفالت,qoq_change,12.19844,percent,1402,,جدول 2,ts_building_140404-14050319105758.xlsx
1399-Q2,1399,2,تابستان,گروه ایزوگام و قیرگونی آسفالت,qoq_change,36.08857,percent,1402,,جدول 2,ts_building_140404-14050319105758.xlsx
1399-Q3,1399,3,پاییز,گروه ایزوگام و قیرگونی آسفالت,qoq_change,37.86937,percent,1402,,جدول 2,ts_building_140404-14050319105758.xlsx
1399-Q4,1399,4,زمستان,گروه ایزوگام و قیرگونی آسفالت,qoq_change,2.37591,percent,1402,,جدول 2,ts_building_140404-14050319105758.xlsx
1400-Q1,1400,1,بهار,گروه ایزوگام و قیرگونی آسفالت,qoq_change,1.10062,percent,1402,,جدول 2,ts_building_140404-14050319105758.xlsx
1400-Q2,1400,2,تابستان,گروه ایزوگام و قیرگونی آسفالت,qoq_change,6.56285,percent,1402,,جدول 2,ts_building_140404-14050319105758.xlsx
1400-Q3,1400,3,پاییز,گروه ایزوگام و قیرگونی آسفالت,qoq_change,13.91314,percent,1402,,جدول 2,ts_building_140404-14050319105758.xlsx
1400-Q4,1400,4,زمستان,گروه ایزوگام و قیرگونی آسفالت,qoq_change,3.62323,percent,1402,,جدول 2,ts_building_140404-14050319105758.xlsx
1401-Q1,1401,1,بهار,گروه ایزوگام و قیرگونی آسفالت,qoq_change,16.30977,percent,1402,,جدول 2,ts_building_140404-14050319105758.xlsx
1401-Q2,1401,2,تابستان,گروه ایزوگام و قیرگونی آسفالت,qoq_change,1.48814,percent,1402,,جدول 2,ts_building_140404-14050319105758.xlsx
1401-Q3,1401,3,پاییز,گروه ایزوگام و قیرگونی آسفالت,qoq_change,8.71638,percent,1402,,جدول 2,ts_building_140404-14050319105758.xlsx
1401-Q4,1401,4,زمستان,گروه ایزوگام و قیرگونی آسفالت,qoq_change,23.03522,percent,1402,,جدول 2,ts_building_140404-14050319105758.xlsx
1402-Q1,1402,1,بهار,گروه ایزوگام و قیرگونی آسفالت,qoq_change,8.50474,percent,1402,,جدول 2,ts_building_140404-14050319105758.xlsx
1402-Q2,1402,2,تابستان,گروه ایزوگام و قیرگونی آسفالت,qoq_change,7.48921,percent,1402,,جدول 2,ts_building_140404-14050319105758.xlsx
1402-Q3,1402,3,پاییز,گروه ایزوگام و قیرگونی آسفالت,qoq_change,1.71654,percent,1402,,جدول 2,ts_building_140404-14050319105758.xlsx
1402-Q4,1402,4,زمستان,گروه ایزوگام و قیرگونی آسفالت,qoq_change,-1.21255,percent,1402,,جدول 2,ts_building_140404-14050319105758.xlsx
1403-Q1,1403,1,بهار,گروه ایزوگام و قیرگونی آسفالت,qoq_change,7.84555,percent,1402,,جدول 2,ts_building_140404-14050319105758.xlsx
1403-Q2,1403,2,تابستان,گروه ایزوگام و قیرگونی آسفالت,qoq_change,4.72611,percent,1402,,جدول 2,ts_building_140404-14050319105758.xlsx
1403-Q3,1403,3,پاییز,گروه ایزوگام و قیرگونی آسفالت,qoq_change,12.79055,percent,1402,,جدول 2,ts_building_140404-14050319105758.xlsx
1403-Q4,1403,4,زمستان,گروه ایزوگام و قیرگونی آسفالت,qoq_change,15.9956,percent,1402,,جدول 2,ts_building_140404-14050319105758.xlsx
1404-Q1,1404,1,بهار,گروه ایزوگام و قیرگونی آسفالت,qoq_change,17.89175,percent,1402,,جدول 2,ts_building_140404-14050319105758.xlsx
1404-Q2,1404,2,تابستان,گروه ایزوگام و قیرگونی آسفالت,qoq_change,8.755,percent,1402,,جدول 2,ts_building_140404-14050319105758.xlsx
1404-Q3,1404,3,پاییز,گروه ایزوگام و قیرگونی آسفالت,qoq_change,10.52451,percent,1402,,جدول 2,ts_building_140404-14050319105758.xlsx
1404-Q4,1404,4,زمستان,گروه ایزوگام و قیرگونی آسفالت,qoq_change,28.7549,percent,1402,,جدول 2,ts_building_140404-14050319105758.xlsx
1390-Q1,1390,1,بهار,گروه شیرآلات بهداشتی,qoq_change,,percent,1402,-,جدول 2,ts_building_140404-14050319105758.xlsx
1390-Q2,1390,2,تابستان,گروه شیرآلات بهداشتی,qoq_change,-0.36648,percent,1402,,جدول 2,ts_building_140404-14050319105758.xlsx
1390-Q3,1390,3,پاییز,گروه شیرآلات بهداشتی,qoq_change,-0.22686,percent,1402,,جدول 2,ts_building_140404-14050319105758.xlsx
1390-Q4,1390,4,زمستان,گروه شیرآلات بهداشتی,qoq_change,16.61652,percent,1402,,جدول 2,ts_building_140404-14050319105758.xlsx
1391-Q1,1391,1,بهار,گروه شیرآلات بهداشتی,qoq_change,6.81158,percent,1402,,جدول 2,ts_building_140404-14050319105758.xlsx
1391-Q2,1391,2,تابستان,گروه شیرآلات بهداشتی,qoq_change,4.97092,percent,1402,,جدول 2,ts_building_140404-14050319105758.xlsx
1391-Q3,1391,3,پاییز,گروه شیرآلات بهداشتی,qoq_change,51.10031,percent,1402,,جدول 2,ts_building_140404-14050319105758.xlsx
1391-Q4,1391,4,زمستان,گروه شیرآلات بهداشتی,qoq_change,2.13259,percent,1402,,جدول 2,ts_building_140404-14050319105758.xlsx
1392-Q1,1392,1,بهار,گروه شیرآلات بهداشتی,qoq_change,4.22558,percent,1402,,جدول 2,ts_building_140404-14050319105758.xlsx
1392-Q2,1392,2,تابستان,گروه شیرآلات بهداشتی,qoq_change,1.6188,percent,1402,,جدول 2,ts_building_140404-14050319105758.xlsx
1392-Q3,1392,3,پاییز,گروه شیرآلات بهداشتی,qoq_change,1.8335,percent,1402,,جدول 2,ts_building_140404-14050319105758.xlsx
1392-Q4,1392,4,زمستان,گروه شیرآلات بهداشتی,qoq_change,0.62922,percent,1402,,جدول 2,ts_building_140404-14050319105758.xlsx
1393-Q1,1393,1,بهار,گروه شیرآلات بهداشتی,qoq_change,4.82115,percent,1402,,جدول 2,ts_building_140404-14050319105758.xlsx
1393-Q2,1393,2,تابستان,گروه شیرآلات بهداشتی,qoq_change,3.02542,percent,1402,,جدول 2,ts_building_140404-14050319105758.xlsx
1393-Q3,1393,3,پاییز,گروه شیرآلات بهداشتی,qoq_change,0.32887,percent,1402,,جدول 2,ts_building_140404-14050319105758.xlsx
1393-Q4,1393,4,زمستان,گروه شیرآلات بهداشتی,qoq_change,0.32949,percent,1402,,جدول 2,ts_building_140404-14050319105758.xlsx
1394-Q1,1394,1,بهار,گروه شیرآلات بهداشتی,qoq_change,-0.24628,percent,1402,,جدول 2,ts_building_140404-14050319105758.xlsx
1394-Q2,1394,2,تابستان,گروه شیرآلات بهداشتی,qoq_change,0.03137,percent,1402,,جدول 2,ts_building_140404-14050319105758.xlsx
1394-Q3,1394,3,پاییز,گروه شیرآلات بهداشتی,qoq_change,0.03359,percent,1402,,جدول 2,ts_building_140404-14050319105758.xlsx
1394-Q4,1394,4,زمستان,گروه شیرآلات بهداشتی,qoq_change,0.16143,percent,1402,,جدول 2,ts_building_140404-14050319105758.xlsx
1395-Q1,1395,1,بهار,گروه شیرآلات بهداشتی,qoq_change,-0.48769,percent,1402,,جدول 2,ts_building_140404-14050319105758.xlsx
1395-Q2,1395,2,تابستان,گروه شیرآلات بهداشتی,qoq_change,0.11999,percent,1402,,جدول 2,ts_building_140404-14050319105758.xlsx
1395-Q3,1395,3,پاییز,گروه شیرآلات بهداشتی,qoq_change,7.58893,percent,1402,,جدول 2,ts_building_140404-14050319105758.xlsx
1395-Q4,1395,4,زمستان,گروه شیرآلات بهداشتی,qoq_change,4.9034,percent,1402,,جدول 2,ts_building_140404-14050319105758.xlsx
1396-Q1,1396,1,بهار,گروه شیرآلات بهداشتی,qoq_change,0.58345,percent,1402,,جدول 2,ts_building_140404-14050319105758.xlsx
1396-Q2,1396,2,تابستان,گروه شیرآلات بهداشتی,qoq_change,6.94136,percent,1402,,جدول 2,ts_building_140404-14050319105758.xlsx
1396-Q3,1396,3,پاییز,گروه شیرآلات بهداشتی,qoq_change,5.96969,percent,1402,,جدول 2,ts_building_140404-14050319105758.xlsx
1396-Q4,1396,4,زمستان,گروه شیرآلات بهداشتی,qoq_change,2.72874,percent,1402,,جدول 2,ts_building_140404-14050319105758.xlsx
1397-Q1,1397,1,بهار,گروه شیرآلات بهداشتی,qoq_change,11.93648,percent,1402,,جدول 2,ts_building_140404-14050319105758.xlsx
1397-Q2,1397,2,تابستان,گروه شیرآلات بهداشتی,qoq_change,25.46413,percent,1402,,جدول 2,ts_building_140404-14050319105758.xlsx
1397-Q3,1397,3,پاییز,گروه شیرآلات بهداشتی,qoq_change,20.8007,percent,1402,,جدول 2,ts_building_140404-14050319105758.xlsx
1397-Q4,1397,4,زمستان,گروه شیرآلات بهداشتی,qoq_change,-3.21779,percent,1402,,جدول 2,ts_building_140404-14050319105758.xlsx
1398-Q1,1398,1,بهار,گروه شیرآلات بهداشتی,qoq_change,13.97333,percent,1402,,جدول 2,ts_building_140404-14050319105758.xlsx
1398-Q2,1398,2,تابستان,گروه شیرآلات بهداشتی,qoq_change,0.04532,percent,1402,,جدول 2,ts_building_140404-14050319105758.xlsx
1398-Q3,1398,3,پاییز,گروه شیرآلات بهداشتی,qoq_change,-0.58984,percent,1402,,جدول 2,ts_building_140404-14050319105758.xlsx
1398-Q4,1398,4,زمستان,گروه شیرآلات بهداشتی,qoq_change,1.36193,percent,1402,,جدول 2,ts_building_140404-14050319105758.xlsx
1399-Q1,1399,1,بهار,گروه شیرآلات بهداشتی,qoq_change,14.56493,percent,1402,,جدول 2,ts_building_140404-14050319105758.xlsx
1399-Q2,1399,2,تابستان,گروه شیرآلات بهداشتی,qoq_change,30.9001,percent,1402,,جدول 2,ts_building_140404-14050319105758.xlsx
1399-Q3,1399,3,پاییز,گروه شیرآلات بهداشتی,qoq_change,20.20048,percent,1402,,جدول 2,ts_building_140404-14050319105758.xlsx
1399-Q4,1399,4,زمستان,گروه شیرآلات بهداشتی,qoq_change,6.03896,percent,1402,,جدول 2,ts_building_140404-14050319105758.xlsx
1400-Q1,1400,1,بهار,گروه شیرآلات بهداشتی,qoq_change,19.32757,percent,1402,,جدول 2,ts_building_140404-14050319105758.xlsx
1400-Q2,1400,2,تابستان,گروه شیرآلات بهداشتی,qoq_change,7.56376,percent,1402,,جدول 2,ts_building_140404-14050319105758.xlsx
1400-Q3,1400,3,پاییز,گروه شیرآلات بهداشتی,qoq_change,4.89024,percent,1402,,جدول 2,ts_building_140404-14050319105758.xlsx
1400-Q4,1400,4,زمستان,گروه شیرآلات بهداشتی,qoq_change,4.8812,percent,1402,,جدول 2,ts_building_140404-14050319105758.xlsx
1401-Q1,1401,1,بهار,گروه شیرآلات بهداشتی,qoq_change,15.79216,percent,1402,,جدول 2,ts_building_140404-14050319105758.xlsx
1401-Q2,1401,2,تابستان,گروه شیرآلات بهداشتی,qoq_change,0.95876,percent,1402,,جدول 2,ts_building_140404-14050319105758.xlsx
1401-Q3,1401,3,پاییز,گروه شیرآلات بهداشتی,qoq_change,2.37993,percent,1402,,جدول 2,ts_building_140404-14050319105758.xlsx
1401-Q4,1401,4,زمستان,گروه شیرآلات بهداشتی,qoq_change,18.97298,percent,1402,,جدول 2,ts_building_140404-14050319105758.xlsx
1402-Q1,1402,1,بهار,گروه شیرآلات بهداشتی,qoq_change,30.42617,percent,1402,,جدول 2,ts_building_140404-14050319105758.xlsx
1402-Q2,1402,2,تابستان,گروه شیرآلات بهداشتی,qoq_change,0.78165,percent,1402,,جدول 2,ts_building_140404-14050319105758.xlsx
1402-Q3,1402,3,پاییز,گروه شیرآلات بهداشتی,qoq_change,1.04931,percent,1402,,جدول 2,ts_building_140404-14050319105758.xlsx
1402-Q4,1402,4,زمستان,گروه شیرآلات بهداشتی,qoq_change,0.75463,percent,1402,,جدول 2,ts_building_140404-14050319105758.xlsx
1403-Q1,1403,1,بهار,گروه شیرآلات بهداشتی,qoq_change,14.63599,percent,1402,,جدول 2,ts_building_140404-14050319105758.xlsx
1403-Q2,1403,2,تابستان,گروه شیرآلات بهداشتی,qoq_change,2.01528,percent,1402,,جدول 2,ts_building_140404-14050319105758.xlsx
1403-Q3,1403,3,پاییز,گروه شیرآلات بهداشتی,qoq_change,4.96278,percent,1402,,جدول 2,ts_building_140404-14050319105758.xlsx
1403-Q4,1403,4,زمستان,گروه شیرآلات بهداشتی,qoq_change,18.73673,percent,1402,,جدول 2,ts_building_140404-14050319105758.xlsx
1404-Q1,1404,1,بهار,گروه شیرآلات بهداشتی,qoq_change,14.12136,percent,1402,,جدول 2,ts_building_140404-14050319105758.xlsx
1404-Q2,1404,2,تابستان,گروه شیرآلات بهداشتی,qoq_change,2.23912,percent,1402,,جدول 2,ts_building_140404-14050319105758.xlsx
1404-Q3,1404,3,پاییز,گروه شیرآلات بهداشتی,qoq_change,26.95708,percent,1402,,جدول 2,ts_building_140404-14050319105758.xlsx
1404-Q4,1404,4,زمستان,گروه شیرآلات بهداشتی,qoq_change,31.68576,percent,1402,,جدول 2,ts_building_140404-14050319105758.xlsx
1390-Q1,1390,1,بهار,گروه تاسیسات مکانیکی و انواع عایق حرارتی,qoq_change,,percent,1402,-,جدول 2,ts_building_140404-14050319105758.xlsx
1390-Q2,1390,2,تابستان,گروه تاسیسات مکانیکی و انواع عایق حرارتی,qoq_change,4.29006,percent,1402,,جدول 2,ts_building_140404-14050319105758.xlsx
1390-Q3,1390,3,پاییز,گروه تاسیسات مکانیکی و انواع عایق حرارتی,qoq_change,0.5663,percent,1402,,جدول 2,ts_building_140404-14050319105758.xlsx
1390-Q4,1390,4,زمستان,گروه تاسیسات مکانیکی و انواع عایق حرارتی,qoq_change,11.73512,percent,1402,,جدول 2,ts_building_140404-14050319105758.xlsx
1391-Q1,1391,1,بهار,گروه تاسیسات مکانیکی و انواع عایق حرارتی,qoq_change,8.61206,percent,1402,,جدول 2,ts_building_140404-14050319105758.xlsx
1391-Q2,1391,2,تابستان,گروه تاسیسات مکانیکی و انواع عایق حرارتی,qoq_change,10.42032,percent,1402,,جدول 2,ts_building_140404-14050319105758.xlsx
1391-Q3,1391,3,پاییز,گروه تاسیسات مکانیکی و انواع عایق حرارتی,qoq_change,24.83068,percent,1402,,جدول 2,ts_building_140404-14050319105758.xlsx
1391-Q4,1391,4,زمستان,گروه تاسیسات مکانیکی و انواع عایق حرارتی,qoq_change,7.71159,percent,1402,,جدول 2,ts_building_140404-14050319105758.xlsx
1392-Q1,1392,1,بهار,گروه تاسیسات مکانیکی و انواع عایق حرارتی,qoq_change,4.92084,percent,1402,,جدول 2,ts_building_140404-14050319105758.xlsx
1392-Q2,1392,2,تابستان,گروه تاسیسات مکانیکی و انواع عایق حرارتی,qoq_change,-1.17486,percent,1402,,جدول 2,ts_building_140404-14050319105758.xlsx
1392-Q3,1392,3,پاییز,گروه تاسیسات مکانیکی و انواع عایق حرارتی,qoq_change,2.00398,percent,1402,,جدول 2,ts_building_140404-14050319105758.xlsx
1392-Q4,1392,4,زمستان,گروه تاسیسات مکانیکی و انواع عایق حرارتی,qoq_change,-1.26699,percent,1402,,جدول 2,ts_building_140404-14050319105758.xlsx
1393-Q1,1393,1,بهار,گروه تاسیسات مکانیکی و انواع عایق حرارتی,qoq_change,4.59903,percent,1402,,جدول 2,ts_building_140404-14050319105758.xlsx
1393-Q2,1393,2,تابستان,گروه تاسیسات مکانیکی و انواع عایق حرارتی,qoq_change,3.9519,percent,1402,,جدول 2,ts_building_140404-14050319105758.xlsx
1393-Q3,1393,3,پاییز,گروه تاسیسات مکانیکی و انواع عایق حرارتی,qoq_change,0.65402,percent,1402,,جدول 2,ts_building_140404-14050319105758.xlsx
1393-Q4,1393,4,زمستان,گروه تاسیسات مکانیکی و انواع عایق حرارتی,qoq_change,0.4993,percent,1402,,جدول 2,ts_building_140404-14050319105758.xlsx
1394-Q1,1394,1,بهار,گروه تاسیسات مکانیکی و انواع عایق حرارتی,qoq_change,1.83971,percent,1402,,جدول 2,ts_building_140404-14050319105758.xlsx
1394-Q2,1394,2,تابستان,گروه تاسیسات مکانیکی و انواع عایق حرارتی,qoq_change,-0.6083,percent,1402,,جدول 2,ts_building_140404-14050319105758.xlsx
1394-Q3,1394,3,پاییز,گروه تاسیسات مکانیکی و انواع عایق حرارتی,qoq_change,-2.02457,percent,1402,,جدول 2,ts_building_140404-14050319105758.xlsx
1394-Q4,1394,4,زمستان,گروه تاسیسات مکانیکی و انواع عایق حرارتی,qoq_change,-0.43336,percent,1402,,جدول 2,ts_building_140404-14050319105758.xlsx
1395-Q1,1395,1,بهار,گروه تاسیسات مکانیکی و انواع عایق حرارتی,qoq_change,1.0904,percent,1402,,جدول 2,ts_building_140404-14050319105758.xlsx
1395-Q2,1395,2,تابستان,گروه تاسیسات مکانیکی و انواع عایق حرارتی,qoq_change,0.33071,percent,1402,,جدول 2,ts_building_140404-14050319105758.xlsx
1395-Q3,1395,3,پاییز,گروه تاسیسات مکانیکی و انواع عایق حرارتی,qoq_change,5.70741,percent,1402,,جدول 2,ts_building_140404-14050319105758.xlsx
1395-Q4,1395,4,زمستان,گروه تاسیسات مکانیکی و انواع عایق حرارتی,qoq_change,-0.05125,percent,1402,,جدول 2,ts_building_140404-14050319105758.xlsx
1396-Q1,1396,1,بهار,گروه تاسیسات مکانیکی و انواع عایق حرارتی,qoq_change,1.72609,percent,1402,,جدول 2,ts_building_140404-14050319105758.xlsx
1396-Q2,1396,2,تابستان,گروه تاسیسات مکانیکی و انواع عایق حرارتی,qoq_change,3.05121,percent,1402,,جدول 2,ts_building_140404-14050319105758.xlsx
1396-Q3,1396,3,پاییز,گروه تاسیسات مکانیکی و انواع عایق حرارتی,qoq_change,7.20999,percent,1402,,جدول 2,ts_building_140404-14050319105758.xlsx
1396-Q4,1396,4,زمستان,گروه تاسیسات مکانیکی و انواع عایق حرارتی,qoq_change,7.0602,percent,1402,,جدول 2,ts_building_140404-14050319105758.xlsx
1397-Q1,1397,1,بهار,گروه تاسیسات مکانیکی و انواع عایق حرارتی,qoq_change,11.5964,percent,1402,,جدول 2,ts_building_140404-14050319105758.xlsx
1397-Q2,1397,2,تابستان,گروه تاسیسات مکانیکی و انواع عایق حرارتی,qoq_change,44.29089,percent,1402,,جدول 2,ts_building_140404-14050319105758.xlsx
1397-Q3,1397,3,پاییز,گروه تاسیسات مکانیکی و انواع عایق حرارتی,qoq_change,12.55581,percent,1402,,جدول 2,ts_building_140404-14050319105758.xlsx
1397-Q4,1397,4,زمستان,گروه تاسیسات مکانیکی و انواع عایق حرارتی,qoq_change,3.77619,percent,1402,,جدول 2,ts_building_140404-14050319105758.xlsx
1398-Q1,1398,1,بهار,گروه تاسیسات مکانیکی و انواع عایق حرارتی,qoq_change,16.04052,percent,1402,,جدول 2,ts_building_140404-14050319105758.xlsx
1398-Q2,1398,2,تابستان,گروه تاسیسات مکانیکی و انواع عایق حرارتی,qoq_change,-3.96445,percent,1402,,جدول 2,ts_building_140404-14050319105758.xlsx
1398-Q3,1398,3,پاییز,گروه تاسیسات مکانیکی و انواع عایق حرارتی,qoq_change,4.04892,percent,1402,,جدول 2,ts_building_140404-14050319105758.xlsx
1398-Q4,1398,4,زمستان,گروه تاسیسات مکانیکی و انواع عایق حرارتی,qoq_change,13.57458,percent,1402,,جدول 2,ts_building_140404-14050319105758.xlsx
1399-Q1,1399,1,بهار,گروه تاسیسات مکانیکی و انواع عایق حرارتی,qoq_change,17.29763,percent,1402,,جدول 2,ts_building_140404-14050319105758.xlsx
1399-Q2,1399,2,تابستان,گروه تاسیسات مکانیکی و انواع عایق حرارتی,qoq_change,37.09861,percent,1402,,جدول 2,ts_building_140404-14050319105758.xlsx
1399-Q3,1399,3,پاییز,گروه تاسیسات مکانیکی و انواع عایق حرارتی,qoq_change,27.21423,percent,1402,,جدول 2,ts_building_140404-14050319105758.xlsx
1399-Q4,1399,4,زمستان,گروه تاسیسات مکانیکی و انواع عایق حرارتی,qoq_change,4.10604,percent,1402,,جدول 2,ts_building_140404-14050319105758.xlsx
1400-Q1,1400,1,بهار,گروه تاسیسات مکانیکی و انواع عایق حرارتی,qoq_change,10.93799,percent,1402,,جدول 2,ts_building_140404-14050319105758.xlsx
1400-Q2,1400,2,تابستان,گروه تاسیسات مکانیکی و انواع عایق حرارتی,qoq_change,7.23538,percent,1402,,جدول 2,ts_building_140404-14050319105758.xlsx
1400-Q3,1400,3,پاییز,گروه تاسیسات مکانیکی و انواع عایق حرارتی,qoq_change,7.07737,percent,1402,,جدول 2,ts_building_140404-14050319105758.xlsx
1400-Q4,1400,4,زمستان,گروه تاسیسات مکانیکی و انواع عایق حرارتی,qoq_change,6.58491,percent,1402,,جدول 2,ts_building_140404-14050319105758.xlsx
1401-Q1,1401,1,بهار,گروه تاسیسات مکانیکی و انواع عایق حرارتی,qoq_change,14.69468,percent,1402,,جدول 2,ts_building_140404-14050319105758.xlsx
1401-Q2,1401,2,تابستان,گروه تاسیسات مکانیکی و انواع عایق حرارتی,qoq_change,-0.19136,percent,1402,,جدول 2,ts_building_140404-14050319105758.xlsx
1401-Q3,1401,3,پاییز,گروه تاسیسات مکانیکی و انواع عایق حرارتی,qoq_change,5.65872,percent,1402,,جدول 2,ts_building_140404-14050319105758.xlsx
1401-Q4,1401,4,زمستان,گروه تاسیسات مکانیکی و انواع عایق حرارتی,qoq_change,29.6516,percent,1402,,جدول 2,ts_building_140404-14050319105758.xlsx
1402-Q1,1402,1,بهار,گروه تاسیسات مکانیکی و انواع عایق حرارتی,qoq_change,12.09981,percent,1402,,جدول 2,ts_building_140404-14050319105758.xlsx
1402-Q2,1402,2,تابستان,گروه تاسیسات مکانیکی و انواع عایق حرارتی,qoq_change,1.15341,percent,1402,,جدول 2,ts_building_140404-14050319105758.xlsx
1402-Q3,1402,3,پاییز,گروه تاسیسات مکانیکی و انواع عایق حرارتی,qoq_change,0.89565,percent,1402,,جدول 2,ts_building_140404-14050319105758.xlsx
1402-Q4,1402,4,زمستان,گروه تاسیسات مکانیکی و انواع عایق حرارتی,qoq_change,4.63136,percent,1402,,جدول 2,ts_building_140404-14050319105758.xlsx
1403-Q1,1403,1,بهار,گروه تاسیسات مکانیکی و انواع عایق حرارتی,qoq_change,5.68333,percent,1402,,جدول 2,ts_building_140404-14050319105758.xlsx
1403-Q2,1403,2,تابستان,گروه تاسیسات مکانیکی و انواع عایق حرارتی,qoq_change,2.92925,percent,1402,,جدول 2,ts_building_140404-14050319105758.xlsx
1403-Q3,1403,3,پاییز,گروه تاسیسات مکانیکی و انواع عایق حرارتی,qoq_change,8.00848,percent,1402,,جدول 2,ts_building_140404-14050319105758.xlsx
1403-Q4,1403,4,زمستان,گروه تاسیسات مکانیکی و انواع عایق حرارتی,qoq_change,18.78376,percent,1402,,جدول 2,ts_building_140404-14050319105758.xlsx
1404-Q1,1404,1,بهار,گروه تاسیسات مکانیکی و انواع عایق حرارتی,qoq_change,2.17639,percent,1402,,جدول 2,ts_building_140404-14050319105758.xlsx
1404-Q2,1404,2,تابستان,گروه تاسیسات مکانیکی و انواع عایق حرارتی,qoq_change,5.72012,percent,1402,,جدول 2,ts_building_140404-14050319105758.xlsx
1404-Q3,1404,3,پاییز,گروه تاسیسات مکانیکی و انواع عایق حرارتی,qoq_change,36.42235,percent,1402,,جدول 2,ts_building_140404-14050319105758.xlsx
1404-Q4,1404,4,زمستان,گروه تاسیسات مکانیکی و انواع عایق حرارتی,qoq_change,68.26544,percent,1402,,جدول 2,ts_building_140404-14050319105758.xlsx
1390-Q1,1390,1,بهار,گروه نقاشی ساختمان,qoq_change,,percent,1402,-,جدول 2,ts_building_140404-14050319105758.xlsx
1390-Q2,1390,2,تابستان,گروه نقاشی ساختمان,qoq_change,7.1505,percent,1402,,جدول 2,ts_building_140404-14050319105758.xlsx
1390-Q3,1390,3,پاییز,گروه نقاشی ساختمان,qoq_change,5.21734,percent,1402,,جدول 2,ts_building_140404-14050319105758.xlsx
1390-Q4,1390,4,زمستان,گروه نقاشی ساختمان,qoq_change,5.87744,percent,1402,,جدول 2,ts_building_140404-14050319105758.xlsx
1391-Q1,1391,1,بهار,گروه نقاشی ساختمان,qoq_change,5.61054,percent,1402,,جدول 2,ts_building_140404-14050319105758.xlsx
1391-Q2,1391,2,تابستان,گروه نقاشی ساختمان,qoq_change,14.33181,percent,1402,,جدول 2,ts_building_140404-14050319105758.xlsx
1391-Q3,1391,3,پاییز,گروه نقاشی ساختمان,qoq_change,31.58255,percent,1402,,جدول 2,ts_building_140404-14050319105758.xlsx
1391-Q4,1391,4,زمستان,گروه نقاشی ساختمان,qoq_change,7.74819,percent,1402,,جدول 2,ts_building_140404-14050319105758.xlsx
1392-Q1,1392,1,بهار,گروه نقاشی ساختمان,qoq_change,19.40317,percent,1402,,جدول 2,ts_building_140404-14050319105758.xlsx
1392-Q2,1392,2,تابستان,گروه نقاشی ساختمان,qoq_change,0.7061,percent,1402,,جدول 2,ts_building_140404-14050319105758.xlsx
1392-Q3,1392,3,پاییز,گروه نقاشی ساختمان,qoq_change,1.74063,percent,1402,,جدول 2,ts_building_140404-14050319105758.xlsx
1392-Q4,1392,4,زمستان,گروه نقاشی ساختمان,qoq_change,-3.40931,percent,1402,,جدول 2,ts_building_140404-14050319105758.xlsx
1393-Q1,1393,1,بهار,گروه نقاشی ساختمان,qoq_change,2.06394,percent,1402,,جدول 2,ts_building_140404-14050319105758.xlsx
1393-Q2,1393,2,تابستان,گروه نقاشی ساختمان,qoq_change,0.36272,percent,1402,,جدول 2,ts_building_140404-14050319105758.xlsx
1393-Q3,1393,3,پاییز,گروه نقاشی ساختمان,qoq_change,2.12163,percent,1402,,جدول 2,ts_building_140404-14050319105758.xlsx
1393-Q4,1393,4,زمستان,گروه نقاشی ساختمان,qoq_change,0.74635,percent,1402,,جدول 2,ts_building_140404-14050319105758.xlsx
1394-Q1,1394,1,بهار,گروه نقاشی ساختمان,qoq_change,0.29458,percent,1402,,جدول 2,ts_building_140404-14050319105758.xlsx
1394-Q2,1394,2,تابستان,گروه نقاشی ساختمان,qoq_change,-0.18141,percent,1402,,جدول 2,ts_building_140404-14050319105758.xlsx
1394-Q3,1394,3,پاییز,گروه نقاشی ساختمان,qoq_change,-0.37834,percent,1402,,جدول 2,ts_building_140404-14050319105758.xlsx
1394-Q4,1394,4,زمستان,گروه نقاشی ساختمان,qoq_change,0.21518,percent,1402,,جدول 2,ts_building_140404-14050319105758.xlsx
1395-Q1,1395,1,بهار,گروه نقاشی ساختمان,qoq_change,-0.93165,percent,1402,,جدول 2,ts_building_140404-14050319105758.xlsx
1395-Q2,1395,2,تابستان,گروه نقاشی ساختمان,qoq_change,0.2627,percent,1402,,جدول 2,ts_building_140404-14050319105758.xlsx
1395-Q3,1395,3,پاییز,گروه نقاشی ساختمان,qoq_change,1.00448,percent,1402,,جدول 2,ts_building_140404-14050319105758.xlsx
1395-Q4,1395,4,زمستان,گروه نقاشی ساختمان,qoq_change,0.81335,percent,1402,,جدول 2,ts_building_140404-14050319105758.xlsx
1396-Q1,1396,1,بهار,گروه نقاشی ساختمان,qoq_change,5.75827,percent,1402,,جدول 2,ts_building_140404-14050319105758.xlsx
1396-Q2,1396,2,تابستان,گروه نقاشی ساختمان,qoq_change,2.46933,percent,1402,,جدول 2,ts_building_140404-14050319105758.xlsx
1396-Q3,1396,3,پاییز,گروه نقاشی ساختمان,qoq_change,3.13235,percent,1402,,جدول 2,ts_building_140404-14050319105758.xlsx
1396-Q4,1396,4,زمستان,گروه نقاشی ساختمان,qoq_change,4.7502,percent,1402,,جدول 2,ts_building_140404-14050319105758.xlsx
1397-Q1,1397,1,بهار,گروه نقاشی ساختمان,qoq_change,12.84115,percent,1402,,جدول 2,ts_building_140404-14050319105758.xlsx
1397-Q2,1397,2,تابستان,گروه نقاشی ساختمان,qoq_change,39.81409,percent,1402,,جدول 2,ts_building_140404-14050319105758.xlsx
1397-Q3,1397,3,پاییز,گروه نقاشی ساختمان,qoq_change,22.18908,percent,1402,,جدول 2,ts_building_140404-14050319105758.xlsx
1397-Q4,1397,4,زمستان,گروه نقاشی ساختمان,qoq_change,5.46082,percent,1402,,جدول 2,ts_building_140404-14050319105758.xlsx
1398-Q1,1398,1,بهار,گروه نقاشی ساختمان,qoq_change,9.50735,percent,1402,,جدول 2,ts_building_140404-14050319105758.xlsx
1398-Q2,1398,2,تابستان,گروه نقاشی ساختمان,qoq_change,3.55656,percent,1402,,جدول 2,ts_building_140404-14050319105758.xlsx
1398-Q3,1398,3,پاییز,گروه نقاشی ساختمان,qoq_change,-1.03736,percent,1402,,جدول 2,ts_building_140404-14050319105758.xlsx
1398-Q4,1398,4,زمستان,گروه نقاشی ساختمان,qoq_change,0.72719,percent,1402,,جدول 2,ts_building_140404-14050319105758.xlsx
1399-Q1,1399,1,بهار,گروه نقاشی ساختمان,qoq_change,8.14519,percent,1402,,جدول 2,ts_building_140404-14050319105758.xlsx
1399-Q2,1399,2,تابستان,گروه نقاشی ساختمان,qoq_change,29.29326,percent,1402,,جدول 2,ts_building_140404-14050319105758.xlsx
1399-Q3,1399,3,پاییز,گروه نقاشی ساختمان,qoq_change,26.45521,percent,1402,,جدول 2,ts_building_140404-14050319105758.xlsx
1399-Q4,1399,4,زمستان,گروه نقاشی ساختمان,qoq_change,3.97198,percent,1402,,جدول 2,ts_building_140404-14050319105758.xlsx
1400-Q1,1400,1,بهار,گروه نقاشی ساختمان,qoq_change,14.80345,percent,1402,,جدول 2,ts_building_140404-14050319105758.xlsx
1400-Q2,1400,2,تابستان,گروه نقاشی ساختمان,qoq_change,7.87243,percent,1402,,جدول 2,ts_building_140404-14050319105758.xlsx
1400-Q3,1400,3,پاییز,گروه نقاشی ساختمان,qoq_change,11.42398,percent,1402,,جدول 2,ts_building_140404-14050319105758.xlsx
1400-Q4,1400,4,زمستان,گروه نقاشی ساختمان,qoq_change,2.24544,percent,1402,,جدول 2,ts_building_140404-14050319105758.xlsx
1401-Q1,1401,1,بهار,گروه نقاشی ساختمان,qoq_change,25.24195,percent,1402,,جدول 2,ts_building_140404-14050319105758.xlsx
1401-Q2,1401,2,تابستان,گروه نقاشی ساختمان,qoq_change,9.86372,percent,1402,,جدول 2,ts_building_140404-14050319105758.xlsx
1401-Q3,1401,3,پاییز,گروه نقاشی ساختمان,qoq_change,0.86531,percent,1402,,جدول 2,ts_building_140404-14050319105758.xlsx
1401-Q4,1401,4,زمستان,گروه نقاشی ساختمان,qoq_change,6.31085,percent,1402,,جدول 2,ts_building_140404-14050319105758.xlsx
1402-Q1,1402,1,بهار,گروه نقاشی ساختمان,qoq_change,18.04305,percent,1402,,جدول 2,ts_building_140404-14050319105758.xlsx
1402-Q2,1402,2,تابستان,گروه نقاشی ساختمان,qoq_change,2.0843,percent,1402,,جدول 2,ts_building_140404-14050319105758.xlsx
1402-Q3,1402,3,پاییز,گروه نقاشی ساختمان,qoq_change,3.39757,percent,1402,,جدول 2,ts_building_140404-14050319105758.xlsx
1402-Q4,1402,4,زمستان,گروه نقاشی ساختمان,qoq_change,2.34466,percent,1402,,جدول 2,ts_building_140404-14050319105758.xlsx
1403-Q1,1403,1,بهار,گروه نقاشی ساختمان,qoq_change,7.00405,percent,1402,,جدول 2,ts_building_140404-14050319105758.xlsx
1403-Q2,1403,2,تابستان,گروه نقاشی ساختمان,qoq_change,7.53873,percent,1402,,جدول 2,ts_building_140404-14050319105758.xlsx
1403-Q3,1403,3,پاییز,گروه نقاشی ساختمان,qoq_change,5.38277,percent,1402,,جدول 2,ts_building_140404-14050319105758.xlsx
1403-Q4,1403,4,زمستان,گروه نقاشی ساختمان,qoq_change,15.87591,percent,1402,,جدول 2,ts_building_140404-14050319105758.xlsx
1404-Q1,1404,1,بهار,گروه نقاشی ساختمان,qoq_change,7.62252,percent,1402,,جدول 2,ts_building_140404-14050319105758.xlsx
1404-Q2,1404,2,تابستان,گروه نقاشی ساختمان,qoq_change,3.11917,percent,1402,,جدول 2,ts_building_140404-14050319105758.xlsx
1404-Q3,1404,3,پاییز,گروه نقاشی ساختمان,qoq_change,15.50126,percent,1402,,جدول 2,ts_building_140404-14050319105758.xlsx
1404-Q4,1404,4,زمستان,گروه نقاشی ساختمان,qoq_change,42.82818,percent,1402,,جدول 2,ts_building_140404-14050319105758.xlsx
1390-Q1,1390,1,بهار,گروه تاسیسات برقی,qoq_change,,percent,1402,-,جدول 2,ts_building_140404-14050319105758.xlsx
1390-Q2,1390,2,تابستان,گروه تاسیسات برقی,qoq_change,1.34309,percent,1402,,جدول 2,ts_building_140404-14050319105758.xlsx
1390-Q3,1390,3,پاییز,گروه تاسیسات برقی,qoq_change,2.39237,percent,1402,,جدول 2,ts_building_140404-14050319105758.xlsx
1390-Q4,1390,4,زمستان,گروه تاسیسات برقی,qoq_change,14.55824,percent,1402,,جدول 2,ts_building_140404-14050319105758.xlsx
1391-Q1,1391,1,بهار,گروه تاسیسات برقی,qoq_change,9.18781,percent,1402,,جدول 2,ts_building_140404-14050319105758.xlsx
1391-Q2,1391,2,تابستان,گروه تاسیسات برقی,qoq_change,16.65517,percent,1402,,جدول 2,ts_building_140404-14050319105758.xlsx
1391-Q3,1391,3,پاییز,گروه تاسیسات برقی,qoq_change,23.19747,percent,1402,,جدول 2,ts_building_140404-14050319105758.xlsx
1391-Q4,1391,4,زمستان,گروه تاسیسات برقی,qoq_change,10.84352,percent,1402,,جدول 2,ts_building_140404-14050319105758.xlsx
1392-Q1,1392,1,بهار,گروه تاسیسات برقی,qoq_change,3.61758,percent,1402,,جدول 2,ts_building_140404-14050319105758.xlsx
1392-Q2,1392,2,تابستان,گروه تاسیسات برقی,qoq_change,-0.03282,percent,1402,,جدول 2,ts_building_140404-14050319105758.xlsx
1392-Q3,1392,3,پاییز,گروه تاسیسات برقی,qoq_change,-1.61495,percent,1402,,جدول 2,ts_building_140404-14050319105758.xlsx
1392-Q4,1392,4,زمستان,گروه تاسیسات برقی,qoq_change,1.99137,percent,1402,,جدول 2,ts_building_140404-14050319105758.xlsx
1393-Q1,1393,1,بهار,گروه تاسیسات برقی,qoq_change,5.38428,percent,1402,,جدول 2,ts_building_140404-14050319105758.xlsx
1393-Q2,1393,2,تابستان,گروه تاسیسات برقی,qoq_change,1.30997,percent,1402,,جدول 2,ts_building_140404-14050319105758.xlsx
1393-Q3,1393,3,پاییز,گروه تاسیسات برقی,qoq_change,0.27825,percent,1402,,جدول 2,ts_building_140404-14050319105758.xlsx
1393-Q4,1393,4,زمستان,گروه تاسیسات برقی,qoq_change,-0.35141,percent,1402,,جدول 2,ts_building_140404-14050319105758.xlsx
1394-Q1,1394,1,بهار,گروه تاسیسات برقی,qoq_change,0.92958,percent,1402,,جدول 2,ts_building_140404-14050319105758.xlsx
1394-Q2,1394,2,تابستان,گروه تاسیسات برقی,qoq_change,-0.39796,percent,1402,,جدول 2,ts_building_140404-14050319105758.xlsx
1394-Q3,1394,3,پاییز,گروه تاسیسات برقی,qoq_change,-0.85044,percent,1402,,جدول 2,ts_building_140404-14050319105758.xlsx
1394-Q4,1394,4,زمستان,گروه تاسیسات برقی,qoq_change,-0.47171,percent,1402,,جدول 2,ts_building_140404-14050319105758.xlsx
1395-Q1,1395,1,بهار,گروه تاسیسات برقی,qoq_change,1.2707,percent,1402,,جدول 2,ts_building_140404-14050319105758.xlsx
1395-Q2,1395,2,تابستان,گروه تاسیسات برقی,qoq_change,2.07204,percent,1402,,جدول 2,ts_building_140404-14050319105758.xlsx
1395-Q3,1395,3,پاییز,گروه تاسیسات برقی,qoq_change,4.95636,percent,1402,,جدول 2,ts_building_140404-14050319105758.xlsx
1395-Q4,1395,4,زمستان,گروه تاسیسات برقی,qoq_change,0.60423,percent,1402,,جدول 2,ts_building_140404-14050319105758.xlsx
1396-Q1,1396,1,بهار,گروه تاسیسات برقی,qoq_change,0.65168,percent,1402,,جدول 2,ts_building_140404-14050319105758.xlsx
1396-Q2,1396,2,تابستان,گروه تاسیسات برقی,qoq_change,5.21863,percent,1402,,جدول 2,ts_building_140404-14050319105758.xlsx
1396-Q3,1396,3,پاییز,گروه تاسیسات برقی,qoq_change,3.78047,percent,1402,,جدول 2,ts_building_140404-14050319105758.xlsx
1396-Q4,1396,4,زمستان,گروه تاسیسات برقی,qoq_change,4.7048,percent,1402,,جدول 2,ts_building_140404-14050319105758.xlsx
1397-Q1,1397,1,بهار,گروه تاسیسات برقی,qoq_change,14.15801,percent,1402,,جدول 2,ts_building_140404-14050319105758.xlsx
1397-Q2,1397,2,تابستان,گروه تاسیسات برقی,qoq_change,45.83569,percent,1402,,جدول 2,ts_building_140404-14050319105758.xlsx
1397-Q3,1397,3,پاییز,گروه تاسیسات برقی,qoq_change,12.38953,percent,1402,,جدول 2,ts_building_140404-14050319105758.xlsx
1397-Q4,1397,4,زمستان,گروه تاسیسات برقی,qoq_change,10.3329,percent,1402,,جدول 2,ts_building_140404-14050319105758.xlsx
1398-Q1,1398,1,بهار,گروه تاسیسات برقی,qoq_change,17.18529,percent,1402,,جدول 2,ts_building_140404-14050319105758.xlsx
1398-Q2,1398,2,تابستان,گروه تاسیسات برقی,qoq_change,-3.76838,percent,1402,,جدول 2,ts_building_140404-14050319105758.xlsx
1398-Q3,1398,3,پاییز,گروه تاسیسات برقی,qoq_change,3.02704,percent,1402,,جدول 2,ts_building_140404-14050319105758.xlsx
1398-Q4,1398,4,زمستان,گروه تاسیسات برقی,qoq_change,9.53601,percent,1402,,جدول 2,ts_building_140404-14050319105758.xlsx
1399-Q1,1399,1,بهار,گروه تاسیسات برقی,qoq_change,15.79392,percent,1402,,جدول 2,ts_building_140404-14050319105758.xlsx
1399-Q2,1399,2,تابستان,گروه تاسیسات برقی,qoq_change,21.81255,percent,1402,,جدول 2,ts_building_140404-14050319105758.xlsx
1399-Q3,1399,3,پاییز,گروه تاسیسات برقی,qoq_change,32.71957,percent,1402,,جدول 2,ts_building_140404-14050319105758.xlsx
1399-Q4,1399,4,زمستان,گروه تاسیسات برقی,qoq_change,5.22234,percent,1402,,جدول 2,ts_building_140404-14050319105758.xlsx
1400-Q1,1400,1,بهار,گروه تاسیسات برقی,qoq_change,6.99787,percent,1402,,جدول 2,ts_building_140404-14050319105758.xlsx
1400-Q2,1400,2,تابستان,گروه تاسیسات برقی,qoq_change,4.9023,percent,1402,,جدول 2,ts_building_140404-14050319105758.xlsx
1400-Q3,1400,3,پاییز,گروه تاسیسات برقی,qoq_change,5.19472,percent,1402,,جدول 2,ts_building_140404-14050319105758.xlsx
1400-Q4,1400,4,زمستان,گروه تاسیسات برقی,qoq_change,13.59672,percent,1402,,جدول 2,ts_building_140404-14050319105758.xlsx
1401-Q1,1401,1,بهار,گروه تاسیسات برقی,qoq_change,17.33481,percent,1402,,جدول 2,ts_building_140404-14050319105758.xlsx
1401-Q2,1401,2,تابستان,گروه تاسیسات برقی,qoq_change,-0.54375,percent,1402,,جدول 2,ts_building_140404-14050319105758.xlsx
1401-Q3,1401,3,پاییز,گروه تاسیسات برقی,qoq_change,12.34452,percent,1402,,جدول 2,ts_building_140404-14050319105758.xlsx
1401-Q4,1401,4,زمستان,گروه تاسیسات برقی,qoq_change,30.79367,percent,1402,,جدول 2,ts_building_140404-14050319105758.xlsx
1402-Q1,1402,1,بهار,گروه تاسیسات برقی,qoq_change,9.41219,percent,1402,,جدول 2,ts_building_140404-14050319105758.xlsx
1402-Q2,1402,2,تابستان,گروه تاسیسات برقی,qoq_change,2.73482,percent,1402,,جدول 2,ts_building_140404-14050319105758.xlsx
1402-Q3,1402,3,پاییز,گروه تاسیسات برقی,qoq_change,0.0466,percent,1402,,جدول 2,ts_building_140404-14050319105758.xlsx
1402-Q4,1402,4,زمستان,گروه تاسیسات برقی,qoq_change,7.40553,percent,1402,,جدول 2,ts_building_140404-14050319105758.xlsx
1403-Q1,1403,1,بهار,گروه تاسیسات برقی,qoq_change,5.07282,percent,1402,,جدول 2,ts_building_140404-14050319105758.xlsx
1403-Q2,1403,2,تابستان,گروه تاسیسات برقی,qoq_change,2.69025,percent,1402,,جدول 2,ts_building_140404-14050319105758.xlsx
1403-Q3,1403,3,پاییز,گروه تاسیسات برقی,qoq_change,6.38791,percent,1402,,جدول 2,ts_building_140404-14050319105758.xlsx
1403-Q4,1403,4,زمستان,گروه تاسیسات برقی,qoq_change,7.88275,percent,1402,,جدول 2,ts_building_140404-14050319105758.xlsx
1404-Q1,1404,1,بهار,گروه تاسیسات برقی,qoq_change,3.39856,percent,1402,,جدول 2,ts_building_140404-14050319105758.xlsx
1404-Q2,1404,2,تابستان,گروه تاسیسات برقی,qoq_change,6.33533,percent,1402,,جدول 2,ts_building_140404-14050319105758.xlsx
1404-Q3,1404,3,پاییز,گروه تاسیسات برقی,qoq_change,23.71846,percent,1402,,جدول 2,ts_building_140404-14050319105758.xlsx
1404-Q4,1404,4,زمستان,گروه تاسیسات برقی,qoq_change,61.67717,percent,1402,,جدول 2,ts_building_140404-14050319105758.xlsx
1390-Q1,1390,1,بهار,گروه شیشه,qoq_change,,percent,1402,-,جدول 2,ts_building_140404-14050319105758.xlsx
1390-Q2,1390,2,تابستان,گروه شیشه,qoq_change,-1.1855,percent,1402,,جدول 2,ts_building_140404-14050319105758.xlsx
1390-Q3,1390,3,پاییز,گروه شیشه,qoq_change,1.18969,percent,1402,,جدول 2,ts_building_140404-14050319105758.xlsx
1390-Q4,1390,4,زمستان,گروه شیشه,qoq_change,5.87571,percent,1402,,جدول 2,ts_building_140404-14050319105758.xlsx
1391-Q1,1391,1,بهار,گروه شیشه,qoq_change,8.1451,percent,1402,,جدول 2,ts_building_140404-14050319105758.xlsx
1391-Q2,1391,2,تابستان,گروه شیشه,qoq_change,4.6876,percent,1402,,جدول 2,ts_building_140404-14050319105758.xlsx
1391-Q3,1391,3,پاییز,گروه شیشه,qoq_change,19.63228,percent,1402,,جدول 2,ts_building_140404-14050319105758.xlsx
1391-Q4,1391,4,زمستان,گروه شیشه,qoq_change,3.31883,percent,1402,,جدول 2,ts_building_140404-14050319105758.xlsx
1392-Q1,1392,1,بهار,گروه شیشه,qoq_change,8.73523,percent,1402,,جدول 2,ts_building_140404-14050319105758.xlsx
1392-Q2,1392,2,تابستان,گروه شیشه,qoq_change,2.16929,percent,1402,,جدول 2,ts_building_140404-14050319105758.xlsx
1392-Q3,1392,3,پاییز,گروه شیشه,qoq_change,-7.50363,percent,1402,,جدول 2,ts_building_140404-14050319105758.xlsx
1392-Q4,1392,4,زمستان,گروه شیشه,qoq_change,-0.28456,percent,1402,,جدول 2,ts_building_140404-14050319105758.xlsx
1393-Q1,1393,1,بهار,گروه شیشه,qoq_change,1.56412,percent,1402,,جدول 2,ts_building_140404-14050319105758.xlsx
1393-Q2,1393,2,تابستان,گروه شیشه,qoq_change,4.35561,percent,1402,,جدول 2,ts_building_140404-14050319105758.xlsx
1393-Q3,1393,3,پاییز,گروه شیشه,qoq_change,10.29486,percent,1402,,جدول 2,ts_building_140404-14050319105758.xlsx
1393-Q4,1393,4,زمستان,گروه شیشه,qoq_change,0.68689,percent,1402,,جدول 2,ts_building_140404-14050319105758.xlsx
1394-Q1,1394,1,بهار,گروه شیشه,qoq_change,4.44887,percent,1402,,جدول 2,ts_building_140404-14050319105758.xlsx
1394-Q2,1394,2,تابستان,گروه شیشه,qoq_change,1.52748,percent,1402,,جدول 2,ts_building_140404-14050319105758.xlsx
1394-Q3,1394,3,پاییز,گروه شیشه,qoq_change,0,percent,1402,,جدول 2,ts_building_140404-14050319105758.xlsx
1394-Q4,1394,4,زمستان,گروه شیشه,qoq_change,1.05358,percent,1402,,جدول 2,ts_building_140404-14050319105758.xlsx
1395-Q1,1395,1,بهار,گروه شیشه,qoq_change,1.47327,percent,1402,,جدول 2,ts_building_140404-14050319105758.xlsx
1395-Q2,1395,2,تابستان,گروه شیشه,qoq_change,0.01065,percent,1402,,جدول 2,ts_building_140404-14050319105758.xlsx
1395-Q3,1395,3,پاییز,گروه شیشه,qoq_change,-0.49722,percent,1402,,جدول 2,ts_building_140404-14050319105758.xlsx
1395-Q4,1395,4,زمستان,گروه شیشه,qoq_change,-6.91808,percent,1402,,جدول 2,ts_building_140404-14050319105758.xlsx
1396-Q1,1396,1,بهار,گروه شیشه,qoq_change,0.89018,percent,1402,,جدول 2,ts_building_140404-14050319105758.xlsx
1396-Q2,1396,2,تابستان,گروه شیشه,qoq_change,2.2141,percent,1402,,جدول 2,ts_building_140404-14050319105758.xlsx
1396-Q3,1396,3,پاییز,گروه شیشه,qoq_change,4.03018,percent,1402,,جدول 2,ts_building_140404-14050319105758.xlsx
1396-Q4,1396,4,زمستان,گروه شیشه,qoq_change,10.17411,percent,1402,,جدول 2,ts_building_140404-14050319105758.xlsx
1397-Q1,1397,1,بهار,گروه شیشه,qoq_change,8.15812,percent,1402,,جدول 2,ts_building_140404-14050319105758.xlsx
1397-Q2,1397,2,تابستان,گروه شیشه,qoq_change,22.87603,percent,1402,,جدول 2,ts_building_140404-14050319105758.xlsx
1397-Q3,1397,3,پاییز,گروه شیشه,qoq_change,37.56829,percent,1402,,جدول 2,ts_building_140404-14050319105758.xlsx
1397-Q4,1397,4,زمستان,گروه شیشه,qoq_change,-5.49172,percent,1402,,جدول 2,ts_building_140404-14050319105758.xlsx
1398-Q1,1398,1,بهار,گروه شیشه,qoq_change,11.29428,percent,1402,,جدول 2,ts_building_140404-14050319105758.xlsx
1398-Q2,1398,2,تابستان,گروه شیشه,qoq_change,-0.18852,percent,1402,,جدول 2,ts_building_140404-14050319105758.xlsx
1398-Q3,1398,3,پاییز,گروه شیشه,qoq_change,0.1963,percent,1402,,جدول 2,ts_building_140404-14050319105758.xlsx
1398-Q4,1398,4,زمستان,گروه شیشه,qoq_change,0,percent,1402,,جدول 2,ts_building_140404-14050319105758.xlsx
1399-Q1,1399,1,بهار,گروه شیشه,qoq_change,13.95103,percent,1402,,جدول 2,ts_building_140404-14050319105758.xlsx
1399-Q2,1399,2,تابستان,گروه شیشه,qoq_change,15.04276,percent,1402,,جدول 2,ts_building_140404-14050319105758.xlsx
1399-Q3,1399,3,پاییز,گروه شیشه,qoq_change,9.85253,percent,1402,,جدول 2,ts_building_140404-14050319105758.xlsx
1399-Q4,1399,4,زمستان,گروه شیشه,qoq_change,28.07621,percent,1402,,جدول 2,ts_building_140404-14050319105758.xlsx
1400-Q1,1400,1,بهار,گروه شیشه,qoq_change,19.20121,percent,1402,,جدول 2,ts_building_140404-14050319105758.xlsx
1400-Q2,1400,2,تابستان,گروه شیشه,qoq_change,11.60231,percent,1402,,جدول 2,ts_building_140404-14050319105758.xlsx
1400-Q3,1400,3,پاییز,گروه شیشه,qoq_change,16.67113,percent,1402,,جدول 2,ts_building_140404-14050319105758.xlsx
1400-Q4,1400,4,زمستان,گروه شیشه,qoq_change,8.90788,percent,1402,,جدول 2,ts_building_140404-14050319105758.xlsx
1401-Q1,1401,1,بهار,گروه شیشه,qoq_change,35.48575,percent,1402,,جدول 2,ts_building_140404-14050319105758.xlsx
1401-Q2,1401,2,تابستان,گروه شیشه,qoq_change,6.47804,percent,1402,,جدول 2,ts_building_140404-14050319105758.xlsx
1401-Q3,1401,3,پاییز,گروه شیشه,qoq_change,4.30528,percent,1402,,جدول 2,ts_building_140404-14050319105758.xlsx
1401-Q4,1401,4,زمستان,گروه شیشه,qoq_change,24.43204,percent,1402,,جدول 2,ts_building_140404-14050319105758.xlsx
1402-Q1,1402,1,بهار,گروه شیشه,qoq_change,13.2816,percent,1402,,جدول 2,ts_building_140404-14050319105758.xlsx
1402-Q2,1402,2,تابستان,گروه شیشه,qoq_change,3.1236,percent,1402,,جدول 2,ts_building_140404-14050319105758.xlsx
1402-Q3,1402,3,پاییز,گروه شیشه,qoq_change,1.89488,percent,1402,,جدول 2,ts_building_140404-14050319105758.xlsx
1402-Q4,1402,4,زمستان,گروه شیشه,qoq_change,1.61857,percent,1402,,جدول 2,ts_building_140404-14050319105758.xlsx
1403-Q1,1403,1,بهار,گروه شیشه,qoq_change,1.37689,percent,1402,,جدول 2,ts_building_140404-14050319105758.xlsx
1403-Q2,1403,2,تابستان,گروه شیشه,qoq_change,4.35521,percent,1402,,جدول 2,ts_building_140404-14050319105758.xlsx
1403-Q3,1403,3,پاییز,گروه شیشه,qoq_change,8.77236,percent,1402,,جدول 2,ts_building_140404-14050319105758.xlsx
1403-Q4,1403,4,زمستان,گروه شیشه,qoq_change,2.82075,percent,1402,,جدول 2,ts_building_140404-14050319105758.xlsx
1404-Q1,1404,1,بهار,گروه شیشه,qoq_change,5.43537,percent,1402,,جدول 2,ts_building_140404-14050319105758.xlsx
1404-Q2,1404,2,تابستان,گروه شیشه,qoq_change,2.87277,percent,1402,,جدول 2,ts_building_140404-14050319105758.xlsx
1404-Q3,1404,3,پاییز,گروه شیشه,qoq_change,14.95792,percent,1402,,جدول 2,ts_building_140404-14050319105758.xlsx
1404-Q4,1404,4,زمستان,گروه شیشه,qoq_change,14.82624,percent,1402,,جدول 2,ts_building_140404-14050319105758.xlsx
1390-Q1,1390,1,بهار,گروه خدمات,qoq_change,,percent,1402,-,جدول 2,ts_building_140404-14050319105758.xlsx
1390-Q2,1390,2,تابستان,گروه خدمات,qoq_change,1.49871,percent,1402,,جدول 2,ts_building_140404-14050319105758.xlsx
1390-Q3,1390,3,پاییز,گروه خدمات,qoq_change,-0.02634,percent,1402,,جدول 2,ts_building_140404-14050319105758.xlsx
1390-Q4,1390,4,زمستان,گروه خدمات,qoq_change,5.96213,percent,1402,,جدول 2,ts_building_140404-14050319105758.xlsx
1391-Q1,1391,1,بهار,گروه خدمات,qoq_change,14.13827,percent,1402,,جدول 2,ts_building_140404-14050319105758.xlsx
1391-Q2,1391,2,تابستان,گروه خدمات,qoq_change,6.0809,percent,1402,,جدول 2,ts_building_140404-14050319105758.xlsx
1391-Q3,1391,3,پاییز,گروه خدمات,qoq_change,3.69637,percent,1402,,جدول 2,ts_building_140404-14050319105758.xlsx
1391-Q4,1391,4,زمستان,گروه خدمات,qoq_change,1.47325,percent,1402,,جدول 2,ts_building_140404-14050319105758.xlsx
1392-Q1,1392,1,بهار,گروه خدمات,qoq_change,17.52392,percent,1402,,جدول 2,ts_building_140404-14050319105758.xlsx
1392-Q2,1392,2,تابستان,گروه خدمات,qoq_change,0.18358,percent,1402,,جدول 2,ts_building_140404-14050319105758.xlsx
1392-Q3,1392,3,پاییز,گروه خدمات,qoq_change,1.46264,percent,1402,,جدول 2,ts_building_140404-14050319105758.xlsx
1392-Q4,1392,4,زمستان,گروه خدمات,qoq_change,0.13704,percent,1402,,جدول 2,ts_building_140404-14050319105758.xlsx
1393-Q1,1393,1,بهار,گروه خدمات,qoq_change,7.63445,percent,1402,,جدول 2,ts_building_140404-14050319105758.xlsx
1393-Q2,1393,2,تابستان,گروه خدمات,qoq_change,1.08581,percent,1402,,جدول 2,ts_building_140404-14050319105758.xlsx
1393-Q3,1393,3,پاییز,گروه خدمات,qoq_change,1.48312,percent,1402,,جدول 2,ts_building_140404-14050319105758.xlsx
1393-Q4,1393,4,زمستان,گروه خدمات,qoq_change,-0.00567,percent,1402,,جدول 2,ts_building_140404-14050319105758.xlsx
1394-Q1,1394,1,بهار,گروه خدمات,qoq_change,7.73737,percent,1402,,جدول 2,ts_building_140404-14050319105758.xlsx
1394-Q2,1394,2,تابستان,گروه خدمات,qoq_change,3.0365,percent,1402,,جدول 2,ts_building_140404-14050319105758.xlsx
1394-Q3,1394,3,پاییز,گروه خدمات,qoq_change,0.4629,percent,1402,,جدول 2,ts_building_140404-14050319105758.xlsx
1394-Q4,1394,4,زمستان,گروه خدمات,qoq_change,0.16659,percent,1402,,جدول 2,ts_building_140404-14050319105758.xlsx
1395-Q1,1395,1,بهار,گروه خدمات,qoq_change,7.40143,percent,1402,,جدول 2,ts_building_140404-14050319105758.xlsx
1395-Q2,1395,2,تابستان,گروه خدمات,qoq_change,0.21993,percent,1402,,جدول 2,ts_building_140404-14050319105758.xlsx
1395-Q3,1395,3,پاییز,گروه خدمات,qoq_change,0.31903,percent,1402,,جدول 2,ts_building_140404-14050319105758.xlsx
1395-Q4,1395,4,زمستان,گروه خدمات,qoq_change,0,percent,1402,,جدول 2,ts_building_140404-14050319105758.xlsx
1396-Q1,1396,1,بهار,گروه خدمات,qoq_change,4.98593,percent,1402,,جدول 2,ts_building_140404-14050319105758.xlsx
1396-Q2,1396,2,تابستان,گروه خدمات,qoq_change,2.59814,percent,1402,,جدول 2,ts_building_140404-14050319105758.xlsx
1396-Q3,1396,3,پاییز,گروه خدمات,qoq_change,0.08091,percent,1402,,جدول 2,ts_building_140404-14050319105758.xlsx
1396-Q4,1396,4,زمستان,گروه خدمات,qoq_change,0.65892,percent,1402,,جدول 2,ts_building_140404-14050319105758.xlsx
1397-Q1,1397,1,بهار,گروه خدمات,qoq_change,14.47745,percent,1402,,جدول 2,ts_building_140404-14050319105758.xlsx
1397-Q2,1397,2,تابستان,گروه خدمات,qoq_change,4.0298,percent,1402,,جدول 2,ts_building_140404-14050319105758.xlsx
1397-Q3,1397,3,پاییز,گروه خدمات,qoq_change,2.25628,percent,1402,,جدول 2,ts_building_140404-14050319105758.xlsx
1397-Q4,1397,4,زمستان,گروه خدمات,qoq_change,0,percent,1402,,جدول 2,ts_building_140404-14050319105758.xlsx
1398-Q1,1398,1,بهار,گروه خدمات,qoq_change,21.86515,percent,1402,,جدول 2,ts_building_140404-14050319105758.xlsx
1398-Q2,1398,2,تابستان,گروه خدمات,qoq_change,0.73924,percent,1402,,جدول 2,ts_building_140404-14050319105758.xlsx
1398-Q3,1398,3,پاییز,گروه خدمات,qoq_change,0.02939,percent,1402,,جدول 2,ts_building_140404-14050319105758.xlsx
1398-Q4,1398,4,زمستان,گروه خدمات,qoq_change,0.22365,percent,1402,,جدول 2,ts_building_140404-14050319105758.xlsx
1399-Q1,1399,1,بهار,گروه خدمات,qoq_change,25.80301,percent,1402,,جدول 2,ts_building_140404-14050319105758.xlsx
1399-Q2,1399,2,تابستان,گروه خدمات,qoq_change,5.46953,percent,1402,,جدول 2,ts_building_140404-14050319105758.xlsx
1399-Q3,1399,3,پاییز,گروه خدمات,qoq_change,5.52816,percent,1402,,جدول 2,ts_building_140404-14050319105758.xlsx
1399-Q4,1399,4,زمستان,گروه خدمات,qoq_change,0.167,percent,1402,,جدول 2,ts_building_140404-14050319105758.xlsx
1400-Q1,1400,1,بهار,گروه خدمات,qoq_change,27.69003,percent,1402,,جدول 2,ts_building_140404-14050319105758.xlsx
1400-Q2,1400,2,تابستان,گروه خدمات,qoq_change,2.77086,percent,1402,,جدول 2,ts_building_140404-14050319105758.xlsx
1400-Q3,1400,3,پاییز,گروه خدمات,qoq_change,0.90569,percent,1402,,جدول 2,ts_building_140404-14050319105758.xlsx
1400-Q4,1400,4,زمستان,گروه خدمات,qoq_change,1.34973,percent,1402,,جدول 2,ts_building_140404-14050319105758.xlsx
1401-Q1,1401,1,بهار,گروه خدمات,qoq_change,52.86404,percent,1402,,جدول 2,ts_building_140404-14050319105758.xlsx
1401-Q2,1401,2,تابستان,گروه خدمات,qoq_change,3.21412,percent,1402,,جدول 2,ts_building_140404-14050319105758.xlsx
1401-Q3,1401,3,پاییز,گروه خدمات,qoq_change,0.00202,percent,1402,,جدول 2,ts_building_140404-14050319105758.xlsx
1401-Q4,1401,4,زمستان,گروه خدمات,qoq_change,3.99764,percent,1402,,جدول 2,ts_building_140404-14050319105758.xlsx
1402-Q1,1402,1,بهار,گروه خدمات,qoq_change,28.56702,percent,1402,,جدول 2,ts_building_140404-14050319105758.xlsx
1402-Q2,1402,2,تابستان,گروه خدمات,qoq_change,0.6481,percent,1402,,جدول 2,ts_building_140404-14050319105758.xlsx
1402-Q3,1402,3,پاییز,گروه خدمات,qoq_change,0.70776,percent,1402,,جدول 2,ts_building_140404-14050319105758.xlsx
1402-Q4,1402,4,زمستان,گروه خدمات,qoq_change,0.64058,percent,1402,,جدول 2,ts_building_140404-14050319105758.xlsx
1403-Q1,1403,1,بهار,گروه خدمات,qoq_change,32.71476,percent,1402,,جدول 2,ts_building_140404-14050319105758.xlsx
1403-Q2,1403,2,تابستان,گروه خدمات,qoq_change,0,percent,1402,,جدول 2,ts_building_140404-14050319105758.xlsx
1403-Q3,1403,3,پاییز,گروه خدمات,qoq_change,2.44451,percent,1402,,جدول 2,ts_building_140404-14050319105758.xlsx
1403-Q4,1403,4,زمستان,گروه خدمات,qoq_change,6.39664,percent,1402,,جدول 2,ts_building_140404-14050319105758.xlsx
1404-Q1,1404,1,بهار,گروه خدمات,qoq_change,38.42492,percent,1402,,جدول 2,ts_building_140404-14050319105758.xlsx
1404-Q2,1404,2,تابستان,گروه خدمات,qoq_change,4.68812,percent,1402,,جدول 2,ts_building_140404-14050319105758.xlsx
1404-Q3,1404,3,پاییز,گروه خدمات,qoq_change,13.86736,percent,1402,,جدول 2,ts_building_140404-14050319105758.xlsx
1404-Q4,1404,4,زمستان,گروه خدمات,qoq_change,7.94008,percent,1402,,جدول 2,ts_building_140404-14050319105758.xlsx
1390-Q1,1390,1,بهار,ماشین آلات,qoq_change,,percent,1402,-,جدول 2,ts_building_140404-14050319105758.xlsx
1390-Q2,1390,2,تابستان,ماشین آلات,qoq_change,,percent,1402,-,جدول 2,ts_building_140404-14050319105758.xlsx
1390-Q3,1390,3,پاییز,ماشین آلات,qoq_change,,percent,1402,-,جدول 2,ts_building_140404-14050319105758.xlsx
1390-Q4,1390,4,زمستان,ماشین آلات,qoq_change,,percent,1402,-,جدول 2,ts_building_140404-14050319105758.xlsx
1391-Q1,1391,1,بهار,ماشین آلات,qoq_change,,percent,1402,-,جدول 2,ts_building_140404-14050319105758.xlsx
1391-Q2,1391,2,تابستان,ماشین آلات,qoq_change,,percent,1402,-,جدول 2,ts_building_140404-14050319105758.xlsx
1391-Q3,1391,3,پاییز,ماشین آلات,qoq_change,,percent,1402,-,جدول 2,ts_building_140404-14050319105758.xlsx
1391-Q4,1391,4,زمستان,ماشین آلات,qoq_change,,percent,1402,-,جدول 2,ts_building_140404-14050319105758.xlsx
1392-Q1,1392,1,بهار,ماشین آلات,qoq_change,,percent,1402,-,جدول 2,ts_building_140404-14050319105758.xlsx
1392-Q2,1392,2,تابستان,ماشین آلات,qoq_change,,percent,1402,-,جدول 2,ts_building_140404-14050319105758.xlsx
1392-Q3,1392,3,پاییز,ماشین آلات,qoq_change,,percent,1402,-,جدول 2,ts_building_140404-14050319105758.xlsx
1392-Q4,1392,4,زمستان,ماشین آلات,qoq_change,,percent,1402,-,جدول 2,ts_building_140404-14050319105758.xlsx
1393-Q1,1393,1,بهار,ماشین آلات,qoq_change,,percent,1402,-,جدول 2,ts_building_140404-14050319105758.xlsx
1393-Q2,1393,2,تابستان,ماشین آلات,qoq_change,,percent,1402,-,جدول 2,ts_building_140404-14050319105758.xlsx
1393-Q3,1393,3,پاییز,ماشین آلات,qoq_change,,percent,1402,-,جدول 2,ts_building_140404-14050319105758.xlsx
1393-Q4,1393,4,زمستان,ماشین آلات,qoq_change,,percent,1402,-,جدول 2,ts_building_140404-14050319105758.xlsx
1394-Q1,1394,1,بهار,ماشین آلات,qoq_change,,percent,1402,-,جدول 2,ts_building_140404-14050319105758.xlsx
1394-Q2,1394,2,تابستان,ماشین آلات,qoq_change,,percent,1402,-,جدول 2,ts_building_140404-14050319105758.xlsx
1394-Q3,1394,3,پاییز,ماشین آلات,qoq_change,,percent,1402,-,جدول 2,ts_building_140404-14050319105758.xlsx
1394-Q4,1394,4,زمستان,ماشین آلات,qoq_change,,percent,1402,-,جدول 2,ts_building_140404-14050319105758.xlsx
1395-Q1,1395,1,بهار,ماشین آلات,qoq_change,,percent,1402,-,جدول 2,ts_building_140404-14050319105758.xlsx
1395-Q2,1395,2,تابستان,ماشین آلات,qoq_change,,percent,1402,-,جدول 2,ts_building_140404-14050319105758.xlsx
1395-Q3,1395,3,پاییز,ماشین آلات,qoq_change,,percent,1402,-,جدول 2,ts_building_140404-14050319105758.xlsx
1395-Q4,1395,4,زمستان,ماشین آلات,qoq_change,,percent,1402,-,جدول 2,ts_building_140404-14050319105758.xlsx
1396-Q1,1396,1,بهار,ماشین آلات,qoq_change,,percent,1402,-,جدول 2,ts_building_140404-14050319105758.xlsx
1396-Q2,1396,2,تابستان,ماشین آلات,qoq_change,,percent,1402,-,جدول 2,ts_building_140404-14050319105758.xlsx
1396-Q3,1396,3,پاییز,ماشین آلات,qoq_change,,percent,1402,-,جدول 2,ts_building_140404-14050319105758.xlsx
1396-Q4,1396,4,زمستان,ماشین آلات,qoq_change,,percent,1402,-,جدول 2,ts_building_140404-14050319105758.xlsx
1397-Q1,1397,1,بهار,ماشین آلات,qoq_change,,percent,1402,-,جدول 2,ts_building_140404-14050319105758.xlsx
1397-Q2,1397,2,تابستان,ماشین آلات,qoq_change,,percent,1402,-,جدول 2,ts_building_140404-14050319105758.xlsx
1397-Q3,1397,3,پاییز,ماشین آلات,qoq_change,,percent,1402,-,جدول 2,ts_building_140404-14050319105758.xlsx
1397-Q4,1397,4,زمستان,ماشین آلات,qoq_change,,percent,1402,-,جدول 2,ts_building_140404-14050319105758.xlsx
1398-Q1,1398,1,بهار,ماشین آلات,qoq_change,,percent,1402,-,جدول 2,ts_building_140404-14050319105758.xlsx
1398-Q2,1398,2,تابستان,ماشین آلات,qoq_change,,percent,1402,-,جدول 2,ts_building_140404-14050319105758.xlsx
1398-Q3,1398,3,پاییز,ماشین آلات,qoq_change,,percent,1402,-,جدول 2,ts_building_140404-14050319105758.xlsx
1398-Q4,1398,4,زمستان,ماشین آلات,qoq_change,,percent,1402,-,جدول 2,ts_building_140404-14050319105758.xlsx
1399-Q1,1399,1,بهار,ماشین آلات,qoq_change,,percent,1402,-,جدول 2,ts_building_140404-14050319105758.xlsx
1399-Q2,1399,2,تابستان,ماشین آلات,qoq_change,,percent,1402,-,جدول 2,ts_building_140404-14050319105758.xlsx
1399-Q3,1399,3,پاییز,ماشین آلات,qoq_change,,percent,1402,-,جدول 2,ts_building_140404-14050319105758.xlsx
1399-Q4,1399,4,زمستان,ماشین آلات,qoq_change,,percent,1402,-,جدول 2,ts_building_140404-14050319105758.xlsx
1400-Q1,1400,1,بهار,ماشین آلات,qoq_change,,percent,1402,-,جدول 2,ts_building_140404-14050319105758.xlsx
1400-Q2,1400,2,تابستان,ماشین آلات,qoq_change,,percent,1402,-,جدول 2,ts_building_140404-14050319105758.xlsx
1400-Q3,1400,3,پاییز,ماشین آلات,qoq_change,,percent,1402,-,جدول 2,ts_building_140404-14050319105758.xlsx
1400-Q4,1400,4,زمستان,ماشین آلات,qoq_change,,percent,1402,-,جدول 2,ts_building_140404-14050319105758.xlsx
1401-Q1,1401,1,بهار,ماشین آلات,qoq_change,,percent,1402,-,جدول 2,ts_building_140404-14050319105758.xlsx
1401-Q2,1401,2,تابستان,ماشین آلات,qoq_change,,percent,1402,-,جدول 2,ts_building_140404-14050319105758.xlsx
1401-Q3,1401,3,پاییز,ماشین آلات,qoq_change,,percent,1402,-,جدول 2,ts_building_140404-14050319105758.xlsx
1401-Q4,1401,4,زمستان,ماشین آلات,qoq_change,,percent,1402,-,جدول 2,ts_building_140404-14050319105758.xlsx
1402-Q1,1402,1,بهار,ماشین آلات,qoq_change,,percent,1402,-,جدول 2,ts_building_140404-14050319105758.xlsx
1402-Q2,1402,2,تابستان,ماشین آلات,qoq_change,26.53504,percent,1402,,جدول 2,ts_building_140404-14050319105758.xlsx
1402-Q3,1402,3,پاییز,ماشین آلات,qoq_change,0,percent,1402,,جدول 2,ts_building_140404-14050319105758.xlsx
1402-Q4,1402,4,زمستان,ماشین آلات,qoq_change,11.34218,percent,1402,,جدول 2,ts_building_140404-14050319105758.xlsx
1403-Q1,1403,1,بهار,ماشین آلات,qoq_change,0,percent,1402,,جدول 2,ts_building_140404-14050319105758.xlsx
1403-Q2,1403,2,تابستان,ماشین آلات,qoq_change,21.47385,percent,1402,,جدول 2,ts_building_140404-14050319105758.xlsx
1403-Q3,1403,3,پاییز,ماشین آلات,qoq_change,0,percent,1402,,جدول 2,ts_building_140404-14050319105758.xlsx
1403-Q4,1403,4,زمستان,ماشین آلات,qoq_change,15.75603,percent,1402,,جدول 2,ts_building_140404-14050319105758.xlsx
1404-Q1,1404,1,بهار,ماشین آلات,qoq_change,11.2744,percent,1402,,جدول 2,ts_building_140404-14050319105758.xlsx
1404-Q2,1404,2,تابستان,ماشین آلات,qoq_change,0.03309,percent,1402,,جدول 2,ts_building_140404-14050319105758.xlsx
1404-Q3,1404,3,پاییز,ماشین آلات,qoq_change,2.41596,percent,1402,,جدول 2,ts_building_140404-14050319105758.xlsx
1404-Q4,1404,4,زمستان,ماشین آلات,qoq_change,13.00161,percent,1402,,جدول 2,ts_building_140404-14050319105758.xlsx
1391-Q1,1391,1,بهار,شاخص کل,yoy_change,21.85427,percent,1402,,جدول 3,ts_building_140404-14050319105758.xlsx
1391-Q2,1391,2,تابستان,شاخص کل,yoy_change,35.17385,percent,1402,,جدول 3,ts_building_140404-14050319105758.xlsx
1391-Q3,1391,3,پاییز,شاخص کل,yoy_change,47.4786,percent,1402,,جدول 3,ts_building_140404-14050319105758.xlsx
1391-Q4,1391,4,زمستان,شاخص کل,yoy_change,41.44723,percent,1402,,جدول 3,ts_building_140404-14050319105758.xlsx
1392-Q1,1392,1,بهار,شاخص کل,yoy_change,45.45008,percent,1402,,جدول 3,ts_building_140404-14050319105758.xlsx
1392-Q2,1392,2,تابستان,شاخص کل,yoy_change,29.13349,percent,1402,,جدول 3,ts_building_140404-14050319105758.xlsx
1392-Q3,1392,3,پاییز,شاخص کل,yoy_change,14.89156,percent,1402,,جدول 3,ts_building_140404-14050319105758.xlsx
1392-Q4,1392,4,زمستان,شاخص کل,yoy_change,11.16709,percent,1402,,جدول 3,ts_building_140404-14050319105758.xlsx
1393-Q1,1393,1,بهار,شاخص کل,yoy_change,4.70322,percent,1402,,جدول 3,ts_building_140404-14050319105758.xlsx
1393-Q2,1393,2,تابستان,شاخص کل,yoy_change,8.50728,percent,1402,,جدول 3,ts_building_140404-14050319105758.xlsx
1393-Q3,1393,3,پاییز,شاخص کل,yoy_change,10.58213,percent,1402,,جدول 3,ts_building_140404-14050319105758.xlsx
1393-Q4,1393,4,زمستان,شاخص کل,yoy_change,2.89539,percent,1402,,جدول 3,ts_building_140404-14050319105758.xlsx
1394-Q1,1394,1,بهار,شاخص کل,yoy_change,0.13751,percent,1402,,جدول 3,ts_building_140404-14050319105758.xlsx
1394-Q2,1394,2,تابستان,شاخص کل,yoy_change,-3.11463,percent,1402,,جدول 3,ts_building_140404-14050319105758.xlsx
1394-Q3,1394,3,پاییز,شاخص کل,yoy_change,-4.63834,percent,1402,,جدول 3,ts_building_140404-14050319105758.xlsx
1394-Q4,1394,4,زمستان,شاخص کل,yoy_change,0.45521,percent,1402,,جدول 3,ts_building_140404-14050319105758.xlsx
1395-Q1,1395,1,بهار,شاخص کل,yoy_change,3.142,percent,1402,,جدول 3,ts_building_140404-14050319105758.xlsx
1395-Q2,1395,2,تابستان,شاخص کل,yoy_change,4.41833,percent,1402,,جدول 3,ts_building_140404-14050319105758.xlsx
1395-Q3,1395,3,پاییز,شاخص کل,yoy_change,9.87745,percent,1402,,جدول 3,ts_building_140404-14050319105758.xlsx
1395-Q4,1395,4,زمستان,شاخص کل,yoy_change,9.05662,percent,1402,,جدول 3,ts_building_140404-14050319105758.xlsx
1396-Q1,1396,1,بهار,شاخص کل,yoy_change,7.17881,percent,1402,,جدول 3,ts_building_140404-14050319105758.xlsx
1396-Q2,1396,2,تابستان,شاخص کل,yoy_change,13.40517,percent,1402,,جدول 3,ts_building_140404-14050319105758.xlsx
1396-Q3,1396,3,پاییز,شاخص کل,yoy_change,11.96447,percent,1402,,جدول 3,ts_building_140404-14050319105758.xlsx
1396-Q4,1396,4,زمستان,شاخص کل,yoy_change,16.44493,percent,1402,,جدول 3,ts_building_140404-14050319105758.xlsx
1397-Q1,1397,1,بهار,شاخص کل,yoy_change,27.24753,percent,1402,,جدول 3,ts_building_140404-14050319105758.xlsx
1397-Q2,1397,2,تابستان,شاخص کل,yoy_change,49.09031,percent,1402,,جدول 3,ts_building_140404-14050319105758.xlsx
1397-Q3,1397,3,پاییز,شاخص کل,yoy_change,52.76774,percent,1402,,جدول 3,ts_building_140404-14050319105758.xlsx
1397-Q4,1397,4,زمستان,شاخص کل,yoy_change,59.73153,percent,1402,,جدول 3,ts_building_140404-14050319105758.xlsx
1398-Q1,1398,1,بهار,شاخص کل,yoy_change,62.19216,percent,1402,,جدول 3,ts_building_140404-14050319105758.xlsx
1398-Q2,1398,2,تابستان,شاخص کل,yoy_change,29.26246,percent,1402,,جدول 3,ts_building_140404-14050319105758.xlsx
1398-Q3,1398,3,پاییز,شاخص کل,yoy_change,27.41648,percent,1402,,جدول 3,ts_building_140404-14050319105758.xlsx
1398-Q4,1398,4,زمستان,شاخص کل,yoy_change,28.31634,percent,1402,,جدول 3,ts_building_140404-14050319105758.xlsx
1399-Q1,1399,1,بهار,شاخص کل,yoy_change,31.86331,percent,1402,,جدول 3,ts_building_140404-14050319105758.xlsx
1399-Q2,1399,2,تابستان,شاخص کل,yoy_change,71.40561,percent,1402,,جدول 3,ts_building_140404-14050319105758.xlsx
1399-Q3,1399,3,پاییز,شاخص کل,yoy_change,101.55512,percent,1402,,جدول 3,ts_building_140404-14050319105758.xlsx
1399-Q4,1399,4,زمستان,شاخص کل,yoy_change,97.21468,percent,1402,,جدول 3,ts_building_140404-14050319105758.xlsx
1400-Q1,1400,1,بهار,شاخص کل,yoy_change,100.65881,percent,1402,,جدول 3,ts_building_140404-14050319105758.xlsx
1400-Q2,1400,2,تابستان,شاخص کل,yoy_change,65.15725,percent,1402,,جدول 3,ts_building_140404-14050319105758.xlsx
1400-Q3,1400,3,پاییز,شاخص کل,yoy_change,39.55332,percent,1402,,جدول 3,ts_building_140404-14050319105758.xlsx
1400-Q4,1400,4,زمستان,شاخص کل,yoy_change,35.53023,percent,1402,,جدول 3,ts_building_140404-14050319105758.xlsx
1401-Q1,1401,1,بهار,شاخص کل,yoy_change,43.44337,percent,1402,,جدول 3,ts_building_140404-14050319105758.xlsx
1401-Q2,1401,2,تابستان,شاخص کل,yoy_change,29.25426,percent,1402,,جدول 3,ts_building_140404-14050319105758.xlsx
1401-Q3,1401,3,پاییز,شاخص کل,yoy_change,31.59098,percent,1402,,جدول 3,ts_building_140404-14050319105758.xlsx
1401-Q4,1401,4,زمستان,شاخص کل,yoy_change,55.23964,percent,1402,,جدول 3,ts_building_140404-14050319105758.xlsx
1402-Q1,1402,1,بهار,شاخص کل,yoy_change,40.44817,percent,1402,,جدول 3,ts_building_140404-14050319105758.xlsx
1402-Q2,1402,2,تابستان,شاخص کل,yoy_change,46.92105,percent,1402,,جدول 3,ts_building_140404-14050319105758.xlsx
1402-Q3,1402,3,پاییز,شاخص کل,yoy_change,40.10121,percent,1402,,جدول 3,ts_building_140404-14050319105758.xlsx
1402-Q4,1402,4,زمستان,شاخص کل,yoy_change,24.2988,percent,1402,,جدول 3,ts_building_140404-14050319105758.xlsx
1403-Q1,1403,1,بهار,شاخص کل,yoy_change,20.41877,percent,1402,,جدول 3,ts_building_140404-14050319105758.xlsx
1403-Q2,1403,2,تابستان,شاخص کل,yoy_change,22.34914,percent,1402,,جدول 3,ts_building_140404-14050319105758.xlsx
1403-Q3,1403,3,پاییز,شاخص کل,yoy_change,29.23551,percent,1402,,جدول 3,ts_building_140404-14050319105758.xlsx
1403-Q4,1403,4,زمستان,شاخص کل,yoy_change,33.61064,percent,1402,,جدول 3,ts_building_140404-14050319105758.xlsx
1404-Q1,1404,1,بهار,شاخص کل,yoy_change,38.70008,percent,1402,,جدول 3,ts_building_140404-14050319105758.xlsx
1404-Q2,1404,2,تابستان,شاخص کل,yoy_change,43.63553,percent,1402,,جدول 3,ts_building_140404-14050319105758.xlsx
1404-Q3,1404,3,پاییز,شاخص کل,yoy_change,61.33286,percent,1402,,جدول 3,ts_building_140404-14050319105758.xlsx
1404-Q4,1404,4,زمستان,شاخص کل,yoy_change,96.84211,percent,1402,,جدول 3,ts_building_140404-14050319105758.xlsx
1391-Q1,1391,1,بهار,گروه سیمان بتن شن ماسه,yoy_change,18.81063,percent,1402,,جدول 3,ts_building_140404-14050319105758.xlsx
1391-Q2,1391,2,تابستان,گروه سیمان بتن شن ماسه,yoy_change,15.20018,percent,1402,,جدول 3,ts_building_140404-14050319105758.xlsx
1391-Q3,1391,3,پاییز,گروه سیمان بتن شن ماسه,yoy_change,32.14764,percent,1402,,جدول 3,ts_building_140404-14050319105758.xlsx
1391-Q4,1391,4,زمستان,گروه سیمان بتن شن ماسه,yoy_change,25.7316,percent,1402,,جدول 3,ts_building_140404-14050319105758.xlsx
1392-Q1,1392,1,بهار,گروه سیمان بتن شن ماسه,yoy_change,38.20377,percent,1402,,جدول 3,ts_building_140404-14050319105758.xlsx
1392-Q2,1392,2,تابستان,گروه سیمان بتن شن ماسه,yoy_change,36.15571,percent,1402,,جدول 3,ts_building_140404-14050319105758.xlsx
1392-Q3,1392,3,پاییز,گروه سیمان بتن شن ماسه,yoy_change,17.25283,percent,1402,,جدول 3,ts_building_140404-14050319105758.xlsx
1392-Q4,1392,4,زمستان,گروه سیمان بتن شن ماسه,yoy_change,24.30659,percent,1402,,جدول 3,ts_building_140404-14050319105758.xlsx
1393-Q1,1393,1,بهار,گروه سیمان بتن شن ماسه,yoy_change,11.35098,percent,1402,,جدول 3,ts_building_140404-14050319105758.xlsx
1393-Q2,1393,2,تابستان,گروه سیمان بتن شن ماسه,yoy_change,19.31897,percent,1402,,جدول 3,ts_building_140404-14050319105758.xlsx
1393-Q3,1393,3,پاییز,گروه سیمان بتن شن ماسه,yoy_change,18.33291,percent,1402,,جدول 3,ts_building_140404-14050319105758.xlsx
1393-Q4,1393,4,زمستان,گروه سیمان بتن شن ماسه,yoy_change,7.6668,percent,1402,,جدول 3,ts_building_140404-14050319105758.xlsx
1394-Q1,1394,1,بهار,گروه سیمان بتن شن ماسه,yoy_change,3.9982,percent,1402,,جدول 3,ts_building_140404-14050319105758.xlsx
1394-Q2,1394,2,تابستان,گروه سیمان بتن شن ماسه,yoy_change,-2.26793,percent,1402,,جدول 3,ts_building_140404-14050319105758.xlsx
1394-Q3,1394,3,پاییز,گروه سیمان بتن شن ماسه,yoy_change,-3.48662,percent,1402,,جدول 3,ts_building_140404-14050319105758.xlsx
1394-Q4,1394,4,زمستان,گروه سیمان بتن شن ماسه,yoy_change,-0.42264,percent,1402,,جدول 3,ts_building_140404-14050319105758.xlsx
1395-Q1,1395,1,بهار,گروه سیمان بتن شن ماسه,yoy_change,-1.64951,percent,1402,,جدول 3,ts_building_140404-14050319105758.xlsx
1395-Q2,1395,2,تابستان,گروه سیمان بتن شن ماسه,yoy_change,1.24109,percent,1402,,جدول 3,ts_building_140404-14050319105758.xlsx
1395-Q3,1395,3,پاییز,گروه سیمان بتن شن ماسه,yoy_change,7.14566,percent,1402,,جدول 3,ts_building_140404-14050319105758.xlsx
1395-Q4,1395,4,زمستان,گروه سیمان بتن شن ماسه,yoy_change,5.86644,percent,1402,,جدول 3,ts_building_140404-14050319105758.xlsx
1396-Q1,1396,1,بهار,گروه سیمان بتن شن ماسه,yoy_change,7.69037,percent,1402,,جدول 3,ts_building_140404-14050319105758.xlsx
1396-Q2,1396,2,تابستان,گروه سیمان بتن شن ماسه,yoy_change,17.51228,percent,1402,,جدول 3,ts_building_140404-14050319105758.xlsx
1396-Q3,1396,3,پاییز,گروه سیمان بتن شن ماسه,yoy_change,15.54231,percent,1402,,جدول 3,ts_building_140404-14050319105758.xlsx
1396-Q4,1396,4,زمستان,گروه سیمان بتن شن ماسه,yoy_change,18.53313,percent,1402,,جدول 3,ts_building_140404-14050319105758.xlsx
1397-Q1,1397,1,بهار,گروه سیمان بتن شن ماسه,yoy_change,19.10419,percent,1402,,جدول 3,ts_building_140404-14050319105758.xlsx
1397-Q2,1397,2,تابستان,گروه سیمان بتن شن ماسه,yoy_change,16.79182,percent,1402,,جدول 3,ts_building_140404-14050319105758.xlsx
1397-Q3,1397,3,پاییز,گروه سیمان بتن شن ماسه,yoy_change,26.02328,percent,1402,,جدول 3,ts_building_140404-14050319105758.xlsx
1397-Q4,1397,4,زمستان,گروه سیمان بتن شن ماسه,yoy_change,35.13776,percent,1402,,جدول 3,ts_building_140404-14050319105758.xlsx
1398-Q1,1398,1,بهار,گروه سیمان بتن شن ماسه,yoy_change,57.0782,percent,1402,,جدول 3,ts_building_140404-14050319105758.xlsx
1398-Q2,1398,2,تابستان,گروه سیمان بتن شن ماسه,yoy_change,60.87176,percent,1402,,جدول 3,ts_building_140404-14050319105758.xlsx
1398-Q3,1398,3,پاییز,گروه سیمان بتن شن ماسه,yoy_change,46.73577,percent,1402,,جدول 3,ts_building_140404-14050319105758.xlsx
1398-Q4,1398,4,زمستان,گروه سیمان بتن شن ماسه,yoy_change,33.60189,percent,1402,,جدول 3,ts_building_140404-14050319105758.xlsx
1399-Q1,1399,1,بهار,گروه سیمان بتن شن ماسه,yoy_change,34.40709,percent,1402,,جدول 3,ts_building_140404-14050319105758.xlsx
1399-Q2,1399,2,تابستان,گروه سیمان بتن شن ماسه,yoy_change,40.07022,percent,1402,,جدول 3,ts_building_140404-14050319105758.xlsx
1399-Q3,1399,3,پاییز,گروه سیمان بتن شن ماسه,yoy_change,107.84102,percent,1402,,جدول 3,ts_building_140404-14050319105758.xlsx
1399-Q4,1399,4,زمستان,گروه سیمان بتن شن ماسه,yoy_change,133.67098,percent,1402,,جدول 3,ts_building_140404-14050319105758.xlsx
1400-Q1,1400,1,بهار,گروه سیمان بتن شن ماسه,yoy_change,143.05891,percent,1402,,جدول 3,ts_building_140404-14050319105758.xlsx
1400-Q2,1400,2,تابستان,گروه سیمان بتن شن ماسه,yoy_change,143.99816,percent,1402,,جدول 3,ts_building_140404-14050319105758.xlsx
1400-Q3,1400,3,پاییز,گروه سیمان بتن شن ماسه,yoy_change,53.72313,percent,1402,,جدول 3,ts_building_140404-14050319105758.xlsx
1400-Q4,1400,4,زمستان,گروه سیمان بتن شن ماسه,yoy_change,34.95675,percent,1402,,جدول 3,ts_building_140404-14050319105758.xlsx
1401-Q1,1401,1,بهار,گروه سیمان بتن شن ماسه,yoy_change,69.66986,percent,1402,,جدول 3,ts_building_140404-14050319105758.xlsx
1401-Q2,1401,2,تابستان,گروه سیمان بتن شن ماسه,yoy_change,21.4396,percent,1402,,جدول 3,ts_building_140404-14050319105758.xlsx
1401-Q3,1401,3,پاییز,گروه سیمان بتن شن ماسه,yoy_change,27.19797,percent,1402,,جدول 3,ts_building_140404-14050319105758.xlsx
1401-Q4,1401,4,زمستان,گروه سیمان بتن شن ماسه,yoy_change,48.87774,percent,1402,,جدول 3,ts_building_140404-14050319105758.xlsx
1402-Q1,1402,1,بهار,گروه سیمان بتن شن ماسه,yoy_change,16.93536,percent,1402,,جدول 3,ts_building_140404-14050319105758.xlsx
1402-Q2,1402,2,تابستان,گروه سیمان بتن شن ماسه,yoy_change,48.3173,percent,1402,,جدول 3,ts_building_140404-14050319105758.xlsx
1402-Q3,1402,3,پاییز,گروه سیمان بتن شن ماسه,yoy_change,54.52625,percent,1402,,جدول 3,ts_building_140404-14050319105758.xlsx
1402-Q4,1402,4,زمستان,گروه سیمان بتن شن ماسه,yoy_change,42.43587,percent,1402,,جدول 3,ts_building_140404-14050319105758.xlsx
1403-Q1,1403,1,بهار,گروه سیمان بتن شن ماسه,yoy_change,42.48736,percent,1402,,جدول 3,ts_building_140404-14050319105758.xlsx
1403-Q2,1403,2,تابستان,گروه سیمان بتن شن ماسه,yoy_change,40.08078,percent,1402,,جدول 3,ts_building_140404-14050319105758.xlsx
1403-Q3,1403,3,پاییز,گروه سیمان بتن شن ماسه,yoy_change,49.80812,percent,1402,,جدول 3,ts_building_140404-14050319105758.xlsx
1403-Q4,1403,4,زمستان,گروه سیمان بتن شن ماسه,yoy_change,52.71319,percent,1402,,جدول 3,ts_building_140404-14050319105758.xlsx
1404-Q1,1404,1,بهار,گروه سیمان بتن شن ماسه,yoy_change,46.47314,percent,1402,,جدول 3,ts_building_140404-14050319105758.xlsx
1404-Q2,1404,2,تابستان,گروه سیمان بتن شن ماسه,yoy_change,45.66504,percent,1402,,جدول 3,ts_building_140404-14050319105758.xlsx
1404-Q3,1404,3,پاییز,گروه سیمان بتن شن ماسه,yoy_change,31.28769,percent,1402,,جدول 3,ts_building_140404-14050319105758.xlsx
1404-Q4,1404,4,زمستان,گروه سیمان بتن شن ماسه,yoy_change,34.96509,percent,1402,,جدول 3,ts_building_140404-14050319105758.xlsx
1391-Q1,1391,1,بهار,گروه گچ و گچ کاری,yoy_change,20.23854,percent,1402,,جدول 3,ts_building_140404-14050319105758.xlsx
1391-Q2,1391,2,تابستان,گروه گچ و گچ کاری,yoy_change,23.78116,percent,1402,,جدول 3,ts_building_140404-14050319105758.xlsx
1391-Q3,1391,3,پاییز,گروه گچ و گچ کاری,yoy_change,43.22068,percent,1402,,جدول 3,ts_building_140404-14050319105758.xlsx
1391-Q4,1391,4,زمستان,گروه گچ و گچ کاری,yoy_change,48.7736,percent,1402,,جدول 3,ts_building_140404-14050319105758.xlsx
1392-Q1,1392,1,بهار,گروه گچ و گچ کاری,yoy_change,41.29729,percent,1402,,جدول 3,ts_building_140404-14050319105758.xlsx
1392-Q2,1392,2,تابستان,گروه گچ و گچ کاری,yoy_change,40.6242,percent,1402,,جدول 3,ts_building_140404-14050319105758.xlsx
1392-Q3,1392,3,پاییز,گروه گچ و گچ کاری,yoy_change,20.02806,percent,1402,,جدول 3,ts_building_140404-14050319105758.xlsx
1392-Q4,1392,4,زمستان,گروه گچ و گچ کاری,yoy_change,17.52347,percent,1402,,جدول 3,ts_building_140404-14050319105758.xlsx
1393-Q1,1393,1,بهار,گروه گچ و گچ کاری,yoy_change,16.45075,percent,1402,,جدول 3,ts_building_140404-14050319105758.xlsx
1393-Q2,1393,2,تابستان,گروه گچ و گچ کاری,yoy_change,15.47915,percent,1402,,جدول 3,ts_building_140404-14050319105758.xlsx
1393-Q3,1393,3,پاییز,گروه گچ و گچ کاری,yoy_change,13.32288,percent,1402,,جدول 3,ts_building_140404-14050319105758.xlsx
1393-Q4,1393,4,زمستان,گروه گچ و گچ کاری,yoy_change,11.05701,percent,1402,,جدول 3,ts_building_140404-14050319105758.xlsx
1394-Q1,1394,1,بهار,گروه گچ و گچ کاری,yoy_change,-1.31502,percent,1402,,جدول 3,ts_building_140404-14050319105758.xlsx
1394-Q2,1394,2,تابستان,گروه گچ و گچ کاری,yoy_change,-2.69927,percent,1402,,جدول 3,ts_building_140404-14050319105758.xlsx
1394-Q3,1394,3,پاییز,گروه گچ و گچ کاری,yoy_change,1.46154,percent,1402,,جدول 3,ts_building_140404-14050319105758.xlsx
1394-Q4,1394,4,زمستان,گروه گچ و گچ کاری,yoy_change,-0.0258,percent,1402,,جدول 3,ts_building_140404-14050319105758.xlsx
1395-Q1,1395,1,بهار,گروه گچ و گچ کاری,yoy_change,-1.17925,percent,1402,,جدول 3,ts_building_140404-14050319105758.xlsx
1395-Q2,1395,2,تابستان,گروه گچ و گچ کاری,yoy_change,0.6619,percent,1402,,جدول 3,ts_building_140404-14050319105758.xlsx
1395-Q3,1395,3,پاییز,گروه گچ و گچ کاری,yoy_change,0.44298,percent,1402,,جدول 3,ts_building_140404-14050319105758.xlsx
1395-Q4,1395,4,زمستان,گروه گچ و گچ کاری,yoy_change,-0.05402,percent,1402,,جدول 3,ts_building_140404-14050319105758.xlsx
1396-Q1,1396,1,بهار,گروه گچ و گچ کاری,yoy_change,3.75202,percent,1402,,جدول 3,ts_building_140404-14050319105758.xlsx
1396-Q2,1396,2,تابستان,گروه گچ و گچ کاری,yoy_change,3.02468,percent,1402,,جدول 3,ts_building_140404-14050319105758.xlsx
1396-Q3,1396,3,پاییز,گروه گچ و گچ کاری,yoy_change,2.32485,percent,1402,,جدول 3,ts_building_140404-14050319105758.xlsx
1396-Q4,1396,4,زمستان,گروه گچ و گچ کاری,yoy_change,5.41016,percent,1402,,جدول 3,ts_building_140404-14050319105758.xlsx
1397-Q1,1397,1,بهار,گروه گچ و گچ کاری,yoy_change,12.13972,percent,1402,,جدول 3,ts_building_140404-14050319105758.xlsx
1397-Q2,1397,2,تابستان,گروه گچ و گچ کاری,yoy_change,34.63857,percent,1402,,جدول 3,ts_building_140404-14050319105758.xlsx
1397-Q3,1397,3,پاییز,گروه گچ و گچ کاری,yoy_change,67.81526,percent,1402,,جدول 3,ts_building_140404-14050319105758.xlsx
1397-Q4,1397,4,زمستان,گروه گچ و گچ کاری,yoy_change,63.67417,percent,1402,,جدول 3,ts_building_140404-14050319105758.xlsx
1398-Q1,1398,1,بهار,گروه گچ و گچ کاری,yoy_change,78.5744,percent,1402,,جدول 3,ts_building_140404-14050319105758.xlsx
1398-Q2,1398,2,تابستان,گروه گچ و گچ کاری,yoy_change,50.00185,percent,1402,,جدول 3,ts_building_140404-14050319105758.xlsx
1398-Q3,1398,3,پاییز,گروه گچ و گچ کاری,yoy_change,27.79309,percent,1402,,جدول 3,ts_building_140404-14050319105758.xlsx
1398-Q4,1398,4,زمستان,گروه گچ و گچ کاری,yoy_change,30.14781,percent,1402,,جدول 3,ts_building_140404-14050319105758.xlsx
1399-Q1,1399,1,بهار,گروه گچ و گچ کاری,yoy_change,30.06672,percent,1402,,جدول 3,ts_building_140404-14050319105758.xlsx
1399-Q2,1399,2,تابستان,گروه گچ و گچ کاری,yoy_change,46.41784,percent,1402,,جدول 3,ts_building_140404-14050319105758.xlsx
1399-Q3,1399,3,پاییز,گروه گچ و گچ کاری,yoy_change,80.43523,percent,1402,,جدول 3,ts_building_140404-14050319105758.xlsx
1399-Q4,1399,4,زمستان,گروه گچ و گچ کاری,yoy_change,87.36949,percent,1402,,جدول 3,ts_building_140404-14050319105758.xlsx
1400-Q1,1400,1,بهار,گروه گچ و گچ کاری,yoy_change,86.86521,percent,1402,,جدول 3,ts_building_140404-14050319105758.xlsx
1400-Q2,1400,2,تابستان,گروه گچ و گچ کاری,yoy_change,73.853,percent,1402,,جدول 3,ts_building_140404-14050319105758.xlsx
1400-Q3,1400,3,پاییز,گروه گچ و گچ کاری,yoy_change,35.71795,percent,1402,,جدول 3,ts_building_140404-14050319105758.xlsx
1400-Q4,1400,4,زمستان,گروه گچ و گچ کاری,yoy_change,35.44735,percent,1402,,جدول 3,ts_building_140404-14050319105758.xlsx
1401-Q1,1401,1,بهار,گروه گچ و گچ کاری,yoy_change,43.09949,percent,1402,,جدول 3,ts_building_140404-14050319105758.xlsx
1401-Q2,1401,2,تابستان,گروه گچ و گچ کاری,yoy_change,38.76706,percent,1402,,جدول 3,ts_building_140404-14050319105758.xlsx
1401-Q3,1401,3,پاییز,گروه گچ و گچ کاری,yoy_change,35.2837,percent,1402,,جدول 3,ts_building_140404-14050319105758.xlsx
1401-Q4,1401,4,زمستان,گروه گچ و گچ کاری,yoy_change,35.69024,percent,1402,,جدول 3,ts_building_140404-14050319105758.xlsx
1402-Q1,1402,1,بهار,گروه گچ و گچ کاری,yoy_change,25.53587,percent,1402,,جدول 3,ts_building_140404-14050319105758.xlsx
1402-Q2,1402,2,تابستان,گروه گچ و گچ کاری,yoy_change,47.75904,percent,1402,,جدول 3,ts_building_140404-14050319105758.xlsx
1402-Q3,1402,3,پاییز,گروه گچ و گچ کاری,yoy_change,50.74361,percent,1402,,جدول 3,ts_building_140404-14050319105758.xlsx
1402-Q4,1402,4,زمستان,گروه گچ و گچ کاری,yoy_change,75.4806,percent,1402,,جدول 3,ts_building_140404-14050319105758.xlsx
1403-Q1,1403,1,بهار,گروه گچ و گچ کاری,yoy_change,58.92563,percent,1402,,جدول 3,ts_building_140404-14050319105758.xlsx
1403-Q2,1403,2,تابستان,گروه گچ و گچ کاری,yoy_change,49.30377,percent,1402,,جدول 3,ts_building_140404-14050319105758.xlsx
1403-Q3,1403,3,پاییز,گروه گچ و گچ کاری,yoy_change,51.25859,percent,1402,,جدول 3,ts_building_140404-14050319105758.xlsx
1403-Q4,1403,4,زمستان,گروه گچ و گچ کاری,yoy_change,52.45349,percent,1402,,جدول 3,ts_building_140404-14050319105758.xlsx
1404-Q1,1404,1,بهار,گروه گچ و گچ کاری,yoy_change,73.65882,percent,1402,,جدول 3,ts_building_140404-14050319105758.xlsx
1404-Q2,1404,2,تابستان,گروه گچ و گچ کاری,yoy_change,61.96172,percent,1402,,جدول 3,ts_building_140404-14050319105758.xlsx
1404-Q3,1404,3,پاییز,گروه گچ و گچ کاری,yoy_change,63.13906,percent,1402,,جدول 3,ts_building_140404-14050319105758.xlsx
1404-Q4,1404,4,زمستان,گروه گچ و گچ کاری,yoy_change,60.50844,percent,1402,,جدول 3,ts_building_140404-14050319105758.xlsx
1391-Q1,1391,1,بهار,گروه انواع بلوک سفال آجر,yoy_change,0,percent,1402,,جدول 3,ts_building_140404-14050319105758.xlsx
1391-Q2,1391,2,تابستان,گروه انواع بلوک سفال آجر,yoy_change,0,percent,1402,,جدول 3,ts_building_140404-14050319105758.xlsx
1391-Q3,1391,3,پاییز,گروه انواع بلوک سفال آجر,yoy_change,0,percent,1402,,جدول 3,ts_building_140404-14050319105758.xlsx
1391-Q4,1391,4,زمستان,گروه انواع بلوک سفال آجر,yoy_change,30.14242,percent,1402,,جدول 3,ts_building_140404-14050319105758.xlsx
1392-Q1,1392,1,بهار,گروه انواع بلوک سفال آجر,yoy_change,27.11371,percent,1402,,جدول 3,ts_building_140404-14050319105758.xlsx
1392-Q2,1392,2,تابستان,گروه انواع بلوک سفال آجر,yoy_change,20.06182,percent,1402,,جدول 3,ts_building_140404-14050319105758.xlsx
1392-Q3,1392,3,پاییز,گروه انواع بلوک سفال آجر,yoy_change,13.55978,percent,1402,,جدول 3,ts_building_140404-14050319105758.xlsx
1392-Q4,1392,4,زمستان,گروه انواع بلوک سفال آجر,yoy_change,8.61656,percent,1402,,جدول 3,ts_building_140404-14050319105758.xlsx
1393-Q1,1393,1,بهار,گروه انواع بلوک سفال آجر,yoy_change,3.21261,percent,1402,,جدول 3,ts_building_140404-14050319105758.xlsx
1393-Q2,1393,2,تابستان,گروه انواع بلوک سفال آجر,yoy_change,14.38433,percent,1402,,جدول 3,ts_building_140404-14050319105758.xlsx
1393-Q3,1393,3,پاییز,گروه انواع بلوک سفال آجر,yoy_change,16.36081,percent,1402,,جدول 3,ts_building_140404-14050319105758.xlsx
1393-Q4,1393,4,زمستان,گروه انواع بلوک سفال آجر,yoy_change,16.4089,percent,1402,,جدول 3,ts_building_140404-14050319105758.xlsx
1394-Q1,1394,1,بهار,گروه انواع بلوک سفال آجر,yoy_change,11.4154,percent,1402,,جدول 3,ts_building_140404-14050319105758.xlsx
1394-Q2,1394,2,تابستان,گروه انواع بلوک سفال آجر,yoy_change,0.40923,percent,1402,,جدول 3,ts_building_140404-14050319105758.xlsx
1394-Q3,1394,3,پاییز,گروه انواع بلوک سفال آجر,yoy_change,-0.98141,percent,1402,,جدول 3,ts_building_140404-14050319105758.xlsx
1394-Q4,1394,4,زمستان,گروه انواع بلوک سفال آجر,yoy_change,-0.90552,percent,1402,,جدول 3,ts_building_140404-14050319105758.xlsx
1395-Q1,1395,1,بهار,گروه انواع بلوک سفال آجر,yoy_change,0.35393,percent,1402,,جدول 3,ts_building_140404-14050319105758.xlsx
1395-Q2,1395,2,تابستان,گروه انواع بلوک سفال آجر,yoy_change,1.49197,percent,1402,,جدول 3,ts_building_140404-14050319105758.xlsx
1395-Q3,1395,3,پاییز,گروه انواع بلوک سفال آجر,yoy_change,3.99758,percent,1402,,جدول 3,ts_building_140404-14050319105758.xlsx
1395-Q4,1395,4,زمستان,گروه انواع بلوک سفال آجر,yoy_change,2.81813,percent,1402,,جدول 3,ts_building_140404-14050319105758.xlsx
1396-Q1,1396,1,بهار,گروه انواع بلوک سفال آجر,yoy_change,4.77686,percent,1402,,جدول 3,ts_building_140404-14050319105758.xlsx
1396-Q2,1396,2,تابستان,گروه انواع بلوک سفال آجر,yoy_change,5.61885,percent,1402,,جدول 3,ts_building_140404-14050319105758.xlsx
1396-Q3,1396,3,پاییز,گروه انواع بلوک سفال آجر,yoy_change,4.81581,percent,1402,,جدول 3,ts_building_140404-14050319105758.xlsx
1396-Q4,1396,4,زمستان,گروه انواع بلوک سفال آجر,yoy_change,6.60655,percent,1402,,جدول 3,ts_building_140404-14050319105758.xlsx
1397-Q1,1397,1,بهار,گروه انواع بلوک سفال آجر,yoy_change,10.74662,percent,1402,,جدول 3,ts_building_140404-14050319105758.xlsx
1397-Q2,1397,2,تابستان,گروه انواع بلوک سفال آجر,yoy_change,20.6977,percent,1402,,جدول 3,ts_building_140404-14050319105758.xlsx
1397-Q3,1397,3,پاییز,گروه انواع بلوک سفال آجر,yoy_change,34.97545,percent,1402,,جدول 3,ts_building_140404-14050319105758.xlsx
1397-Q4,1397,4,زمستان,گروه انواع بلوک سفال آجر,yoy_change,44.65327,percent,1402,,جدول 3,ts_building_140404-14050319105758.xlsx
1398-Q1,1398,1,بهار,گروه انواع بلوک سفال آجر,yoy_change,68.83198,percent,1402,,جدول 3,ts_building_140404-14050319105758.xlsx
1398-Q2,1398,2,تابستان,گروه انواع بلوک سفال آجر,yoy_change,60.78633,percent,1402,,جدول 3,ts_building_140404-14050319105758.xlsx
1398-Q3,1398,3,پاییز,گروه انواع بلوک سفال آجر,yoy_change,49.35963,percent,1402,,جدول 3,ts_building_140404-14050319105758.xlsx
1398-Q4,1398,4,زمستان,گروه انواع بلوک سفال آجر,yoy_change,41.48896,percent,1402,,جدول 3,ts_building_140404-14050319105758.xlsx
1399-Q1,1399,1,بهار,گروه انواع بلوک سفال آجر,yoy_change,35.57962,percent,1402,,جدول 3,ts_building_140404-14050319105758.xlsx
1399-Q2,1399,2,تابستان,گروه انواع بلوک سفال آجر,yoy_change,67.42776,percent,1402,,جدول 3,ts_building_140404-14050319105758.xlsx
1399-Q3,1399,3,پاییز,گروه انواع بلوک سفال آجر,yoy_change,96.87196,percent,1402,,جدول 3,ts_building_140404-14050319105758.xlsx
1399-Q4,1399,4,زمستان,گروه انواع بلوک سفال آجر,yoy_change,107.60569,percent,1402,,جدول 3,ts_building_140404-14050319105758.xlsx
1400-Q1,1400,1,بهار,گروه انواع بلوک سفال آجر,yoy_change,100.93087,percent,1402,,جدول 3,ts_building_140404-14050319105758.xlsx
1400-Q2,1400,2,تابستان,گروه انواع بلوک سفال آجر,yoy_change,63.95941,percent,1402,,جدول 3,ts_building_140404-14050319105758.xlsx
1400-Q3,1400,3,پاییز,گروه انواع بلوک سفال آجر,yoy_change,44.93801,percent,1402,,جدول 3,ts_building_140404-14050319105758.xlsx
1400-Q4,1400,4,زمستان,گروه انواع بلوک سفال آجر,yoy_change,40.62166,percent,1402,,جدول 3,ts_building_140404-14050319105758.xlsx
1401-Q1,1401,1,بهار,گروه انواع بلوک سفال آجر,yoy_change,41.55223,percent,1402,,جدول 3,ts_building_140404-14050319105758.xlsx
1401-Q2,1401,2,تابستان,گروه انواع بلوک سفال آجر,yoy_change,44.67083,percent,1402,,جدول 3,ts_building_140404-14050319105758.xlsx
1401-Q3,1401,3,پاییز,گروه انواع بلوک سفال آجر,yoy_change,33.33683,percent,1402,,جدول 3,ts_building_140404-14050319105758.xlsx
1401-Q4,1401,4,زمستان,گروه انواع بلوک سفال آجر,yoy_change,33.9925,percent,1402,,جدول 3,ts_building_140404-14050319105758.xlsx
1402-Q1,1402,1,بهار,گروه انواع بلوک سفال آجر,yoy_change,34.91041,percent,1402,,جدول 3,ts_building_140404-14050319105758.xlsx
1402-Q2,1402,2,تابستان,گروه انواع بلوک سفال آجر,yoy_change,38.03484,percent,1402,,جدول 3,ts_building_140404-14050319105758.xlsx
1402-Q3,1402,3,پاییز,گروه انواع بلوک سفال آجر,yoy_change,38.32089,percent,1402,,جدول 3,ts_building_140404-14050319105758.xlsx
1402-Q4,1402,4,زمستان,گروه انواع بلوک سفال آجر,yoy_change,59.42525,percent,1402,,جدول 3,ts_building_140404-14050319105758.xlsx
1403-Q1,1403,1,بهار,گروه انواع بلوک سفال آجر,yoy_change,47.68968,percent,1402,,جدول 3,ts_building_140404-14050319105758.xlsx
1403-Q2,1403,2,تابستان,گروه انواع بلوک سفال آجر,yoy_change,39.03369,percent,1402,,جدول 3,ts_building_140404-14050319105758.xlsx
1403-Q3,1403,3,پاییز,گروه انواع بلوک سفال آجر,yoy_change,48.35914,percent,1402,,جدول 3,ts_building_140404-14050319105758.xlsx
1403-Q4,1403,4,زمستان,گروه انواع بلوک سفال آجر,yoy_change,47.3177,percent,1402,,جدول 3,ts_building_140404-14050319105758.xlsx
1404-Q1,1404,1,بهار,گروه انواع بلوک سفال آجر,yoy_change,61.73794,percent,1402,,جدول 3,ts_building_140404-14050319105758.xlsx
1404-Q2,1404,2,تابستان,گروه انواع بلوک سفال آجر,yoy_change,60.30399,percent,1402,,جدول 3,ts_building_140404-14050319105758.xlsx
1404-Q3,1404,3,پاییز,گروه انواع بلوک سفال آجر,yoy_change,53.34293,percent,1402,,جدول 3,ts_building_140404-14050319105758.xlsx
1404-Q4,1404,4,زمستان,گروه انواع بلوک سفال آجر,yoy_change,36.40069,percent,1402,,جدول 3,ts_building_140404-14050319105758.xlsx
1391-Q1,1391,1,بهار,گروه موزاییک کاشی سرامیک,yoy_change,14.58804,percent,1402,,جدول 3,ts_building_140404-14050319105758.xlsx
1391-Q2,1391,2,تابستان,گروه موزاییک کاشی سرامیک,yoy_change,13.07644,percent,1402,,جدول 3,ts_building_140404-14050319105758.xlsx
1391-Q3,1391,3,پاییز,گروه موزاییک کاشی سرامیک,yoy_change,27.4301,percent,1402,,جدول 3,ts_building_140404-14050319105758.xlsx
1391-Q4,1391,4,زمستان,گروه موزاییک کاشی سرامیک,yoy_change,25.76178,percent,1402,,جدول 3,ts_building_140404-14050319105758.xlsx
1392-Q1,1392,1,بهار,گروه موزاییک کاشی سرامیک,yoy_change,37.10247,percent,1402,,جدول 3,ts_building_140404-14050319105758.xlsx
1392-Q2,1392,2,تابستان,گروه موزاییک کاشی سرامیک,yoy_change,35.15354,percent,1402,,جدول 3,ts_building_140404-14050319105758.xlsx
1392-Q3,1392,3,پاییز,گروه موزاییک کاشی سرامیک,yoy_change,22.26177,percent,1402,,جدول 3,ts_building_140404-14050319105758.xlsx
1392-Q4,1392,4,زمستان,گروه موزاییک کاشی سرامیک,yoy_change,21.59031,percent,1402,,جدول 3,ts_building_140404-14050319105758.xlsx
1393-Q1,1393,1,بهار,گروه موزاییک کاشی سرامیک,yoy_change,12.01431,percent,1402,,جدول 3,ts_building_140404-14050319105758.xlsx
1393-Q2,1393,2,تابستان,گروه موزاییک کاشی سرامیک,yoy_change,10.40017,percent,1402,,جدول 3,ts_building_140404-14050319105758.xlsx
1393-Q3,1393,3,پاییز,گروه موزاییک کاشی سرامیک,yoy_change,11.68846,percent,1402,,جدول 3,ts_building_140404-14050319105758.xlsx
1393-Q4,1393,4,زمستان,گروه موزاییک کاشی سرامیک,yoy_change,10.94845,percent,1402,,جدول 3,ts_building_140404-14050319105758.xlsx
1394-Q1,1394,1,بهار,گروه موزاییک کاشی سرامیک,yoy_change,5.65898,percent,1402,,جدول 3,ts_building_140404-14050319105758.xlsx
1394-Q2,1394,2,تابستان,گروه موزاییک کاشی سرامیک,yoy_change,5.30046,percent,1402,,جدول 3,ts_building_140404-14050319105758.xlsx
1394-Q3,1394,3,پاییز,گروه موزاییک کاشی سرامیک,yoy_change,1.25597,percent,1402,,جدول 3,ts_building_140404-14050319105758.xlsx
1394-Q4,1394,4,زمستان,گروه موزاییک کاشی سرامیک,yoy_change,1.06326,percent,1402,,جدول 3,ts_building_140404-14050319105758.xlsx
1395-Q1,1395,1,بهار,گروه موزاییک کاشی سرامیک,yoy_change,0.40084,percent,1402,,جدول 3,ts_building_140404-14050319105758.xlsx
1395-Q2,1395,2,تابستان,گروه موزاییک کاشی سرامیک,yoy_change,0.35848,percent,1402,,جدول 3,ts_building_140404-14050319105758.xlsx
1395-Q3,1395,3,پاییز,گروه موزاییک کاشی سرامیک,yoy_change,0.90879,percent,1402,,جدول 3,ts_building_140404-14050319105758.xlsx
1395-Q4,1395,4,زمستان,گروه موزاییک کاشی سرامیک,yoy_change,1.16597,percent,1402,,جدول 3,ts_building_140404-14050319105758.xlsx
1396-Q1,1396,1,بهار,گروه موزاییک کاشی سرامیک,yoy_change,4.01444,percent,1402,,جدول 3,ts_building_140404-14050319105758.xlsx
1396-Q2,1396,2,تابستان,گروه موزاییک کاشی سرامیک,yoy_change,6.5675,percent,1402,,جدول 3,ts_building_140404-14050319105758.xlsx
1396-Q3,1396,3,پاییز,گروه موزاییک کاشی سرامیک,yoy_change,7.08934,percent,1402,,جدول 3,ts_building_140404-14050319105758.xlsx
1396-Q4,1396,4,زمستان,گروه موزاییک کاشی سرامیک,yoy_change,7.50272,percent,1402,,جدول 3,ts_building_140404-14050319105758.xlsx
1397-Q1,1397,1,بهار,گروه موزاییک کاشی سرامیک,yoy_change,12.53929,percent,1402,,جدول 3,ts_building_140404-14050319105758.xlsx
1397-Q2,1397,2,تابستان,گروه موزاییک کاشی سرامیک,yoy_change,29.62054,percent,1402,,جدول 3,ts_building_140404-14050319105758.xlsx
1397-Q3,1397,3,پاییز,گروه موزاییک کاشی سرامیک,yoy_change,51.55296,percent,1402,,جدول 3,ts_building_140404-14050319105758.xlsx
1397-Q4,1397,4,زمستان,گروه موزاییک کاشی سرامیک,yoy_change,57.13241,percent,1402,,جدول 3,ts_building_140404-14050319105758.xlsx
1398-Q1,1398,1,بهار,گروه موزاییک کاشی سرامیک,yoy_change,74.60269,percent,1402,,جدول 3,ts_building_140404-14050319105758.xlsx
1398-Q2,1398,2,تابستان,گروه موزاییک کاشی سرامیک,yoy_change,54.16202,percent,1402,,جدول 3,ts_building_140404-14050319105758.xlsx
1398-Q3,1398,3,پاییز,گروه موزاییک کاشی سرامیک,yoy_change,32.03631,percent,1402,,جدول 3,ts_building_140404-14050319105758.xlsx
1398-Q4,1398,4,زمستان,گروه موزاییک کاشی سرامیک,yoy_change,30.93774,percent,1402,,جدول 3,ts_building_140404-14050319105758.xlsx
1399-Q1,1399,1,بهار,گروه موزاییک کاشی سرامیک,yoy_change,29.08038,percent,1402,,جدول 3,ts_building_140404-14050319105758.xlsx
1399-Q2,1399,2,تابستان,گروه موزاییک کاشی سرامیک,yoy_change,56.74625,percent,1402,,جدول 3,ts_building_140404-14050319105758.xlsx
1399-Q3,1399,3,پاییز,گروه موزاییک کاشی سرامیک,yoy_change,101.8906,percent,1402,,جدول 3,ts_building_140404-14050319105758.xlsx
1399-Q4,1399,4,زمستان,گروه موزاییک کاشی سرامیک,yoy_change,110.68281,percent,1402,,جدول 3,ts_building_140404-14050319105758.xlsx
1400-Q1,1400,1,بهار,گروه موزاییک کاشی سرامیک,yoy_change,106.00355,percent,1402,,جدول 3,ts_building_140404-14050319105758.xlsx
1400-Q2,1400,2,تابستان,گروه موزاییک کاشی سرامیک,yoy_change,77.00364,percent,1402,,جدول 3,ts_building_140404-14050319105758.xlsx
1400-Q3,1400,3,پاییز,گروه موزاییک کاشی سرامیک,yoy_change,44.81969,percent,1402,,جدول 3,ts_building_140404-14050319105758.xlsx
1400-Q4,1400,4,زمستان,گروه موزاییک کاشی سرامیک,yoy_change,39.9912,percent,1402,,جدول 3,ts_building_140404-14050319105758.xlsx
1401-Q1,1401,1,بهار,گروه موزاییک کاشی سرامیک,yoy_change,46.32337,percent,1402,,جدول 3,ts_building_140404-14050319105758.xlsx
1401-Q2,1401,2,تابستان,گروه موزاییک کاشی سرامیک,yoy_change,36.77689,percent,1402,,جدول 3,ts_building_140404-14050319105758.xlsx
1401-Q3,1401,3,پاییز,گروه موزاییک کاشی سرامیک,yoy_change,31.49547,percent,1402,,جدول 3,ts_building_140404-14050319105758.xlsx
1401-Q4,1401,4,زمستان,گروه موزاییک کاشی سرامیک,yoy_change,38.40463,percent,1402,,جدول 3,ts_building_140404-14050319105758.xlsx
1402-Q1,1402,1,بهار,گروه موزاییک کاشی سرامیک,yoy_change,33.08411,percent,1402,,جدول 3,ts_building_140404-14050319105758.xlsx
1402-Q2,1402,2,تابستان,گروه موزاییک کاشی سرامیک,yoy_change,38.91461,percent,1402,,جدول 3,ts_building_140404-14050319105758.xlsx
1402-Q3,1402,3,پاییز,گروه موزاییک کاشی سرامیک,yoy_change,39.67344,percent,1402,,جدول 3,ts_building_140404-14050319105758.xlsx
1402-Q4,1402,4,زمستان,گروه موزاییک کاشی سرامیک,yoy_change,44.56407,percent,1402,,جدول 3,ts_building_140404-14050319105758.xlsx
1403-Q1,1403,1,بهار,گروه موزاییک کاشی سرامیک,yoy_change,38.81652,percent,1402,,جدول 3,ts_building_140404-14050319105758.xlsx
1403-Q2,1403,2,تابستان,گروه موزاییک کاشی سرامیک,yoy_change,36.31958,percent,1402,,جدول 3,ts_building_140404-14050319105758.xlsx
1403-Q3,1403,3,پاییز,گروه موزاییک کاشی سرامیک,yoy_change,36.64773,percent,1402,,جدول 3,ts_building_140404-14050319105758.xlsx
1403-Q4,1403,4,زمستان,گروه موزاییک کاشی سرامیک,yoy_change,40.18417,percent,1402,,جدول 3,ts_building_140404-14050319105758.xlsx
1404-Q1,1404,1,بهار,گروه موزاییک کاشی سرامیک,yoy_change,44.3588,percent,1402,,جدول 3,ts_building_140404-14050319105758.xlsx
1404-Q2,1404,2,تابستان,گروه موزاییک کاشی سرامیک,yoy_change,49.20766,percent,1402,,جدول 3,ts_building_140404-14050319105758.xlsx
1404-Q3,1404,3,پاییز,گروه موزاییک کاشی سرامیک,yoy_change,61.8786,percent,1402,,جدول 3,ts_building_140404-14050319105758.xlsx
1404-Q4,1404,4,زمستان,گروه موزاییک کاشی سرامیک,yoy_change,70.55978,percent,1402,,جدول 3,ts_building_140404-14050319105758.xlsx
1391-Q1,1391,1,بهار,گروه سنگ,yoy_change,20.11275,percent,1402,,جدول 3,ts_building_140404-14050319105758.xlsx
1391-Q2,1391,2,تابستان,گروه سنگ,yoy_change,25.10774,percent,1402,,جدول 3,ts_building_140404-14050319105758.xlsx
1391-Q3,1391,3,پاییز,گروه سنگ,yoy_change,46.28038,percent,1402,,جدول 3,ts_building_140404-14050319105758.xlsx
1391-Q4,1391,4,زمستان,گروه سنگ,yoy_change,49.71064,percent,1402,,جدول 3,ts_building_140404-14050319105758.xlsx
1392-Q1,1392,1,بهار,گروه سنگ,yoy_change,53.40736,percent,1402,,جدول 3,ts_building_140404-14050319105758.xlsx
1392-Q2,1392,2,تابستان,گروه سنگ,yoy_change,54.01872,percent,1402,,جدول 3,ts_building_140404-14050319105758.xlsx
1392-Q3,1392,3,پاییز,گروه سنگ,yoy_change,29.59835,percent,1402,,جدول 3,ts_building_140404-14050319105758.xlsx
1392-Q4,1392,4,زمستان,گروه سنگ,yoy_change,21.67477,percent,1402,,جدول 3,ts_building_140404-14050319105758.xlsx
1393-Q1,1393,1,بهار,گروه سنگ,yoy_change,13.5457,percent,1402,,جدول 3,ts_building_140404-14050319105758.xlsx
1393-Q2,1393,2,تابستان,گروه سنگ,yoy_change,10.78191,percent,1402,,جدول 3,ts_building_140404-14050319105758.xlsx
1393-Q3,1393,3,پاییز,گروه سنگ,yoy_change,10.44299,percent,1402,,جدول 3,ts_building_140404-14050319105758.xlsx
1393-Q4,1393,4,زمستان,گروه سنگ,yoy_change,8.76665,percent,1402,,جدول 3,ts_building_140404-14050319105758.xlsx
1394-Q1,1394,1,بهار,گروه سنگ,yoy_change,1.80487,percent,1402,,جدول 3,ts_building_140404-14050319105758.xlsx
1394-Q2,1394,2,تابستان,گروه سنگ,yoy_change,-0.6445,percent,1402,,جدول 3,ts_building_140404-14050319105758.xlsx
1394-Q3,1394,3,پاییز,گروه سنگ,yoy_change,-2.02882,percent,1402,,جدول 3,ts_building_140404-14050319105758.xlsx
1394-Q4,1394,4,زمستان,گروه سنگ,yoy_change,-0.3587,percent,1402,,جدول 3,ts_building_140404-14050319105758.xlsx
1395-Q1,1395,1,بهار,گروه سنگ,yoy_change,-0.66469,percent,1402,,جدول 3,ts_building_140404-14050319105758.xlsx
1395-Q2,1395,2,تابستان,گروه سنگ,yoy_change,0.33143,percent,1402,,جدول 3,ts_building_140404-14050319105758.xlsx
1395-Q3,1395,3,پاییز,گروه سنگ,yoy_change,1.04025,percent,1402,,جدول 3,ts_building_140404-14050319105758.xlsx
1395-Q4,1395,4,زمستان,گروه سنگ,yoy_change,-0.05528,percent,1402,,جدول 3,ts_building_140404-14050319105758.xlsx
1396-Q1,1396,1,بهار,گروه سنگ,yoy_change,-0.00225,percent,1402,,جدول 3,ts_building_140404-14050319105758.xlsx
1396-Q2,1396,2,تابستان,گروه سنگ,yoy_change,-1.43084,percent,1402,,جدول 3,ts_building_140404-14050319105758.xlsx
1396-Q3,1396,3,پاییز,گروه سنگ,yoy_change,-0.52493,percent,1402,,جدول 3,ts_building_140404-14050319105758.xlsx
1396-Q4,1396,4,زمستان,گروه سنگ,yoy_change,0.31592,percent,1402,,جدول 3,ts_building_140404-14050319105758.xlsx
1397-Q1,1397,1,بهار,گروه سنگ,yoy_change,7.11746,percent,1402,,جدول 3,ts_building_140404-14050319105758.xlsx
1397-Q2,1397,2,تابستان,گروه سنگ,yoy_change,22.85046,percent,1402,,جدول 3,ts_building_140404-14050319105758.xlsx
1397-Q3,1397,3,پاییز,گروه سنگ,yoy_change,38.93347,percent,1402,,جدول 3,ts_building_140404-14050319105758.xlsx
1397-Q4,1397,4,زمستان,گروه سنگ,yoy_change,42.31775,percent,1402,,جدول 3,ts_building_140404-14050319105758.xlsx
1398-Q1,1398,1,بهار,گروه سنگ,yoy_change,48.55501,percent,1402,,جدول 3,ts_building_140404-14050319105758.xlsx
1398-Q2,1398,2,تابستان,گروه سنگ,yoy_change,35.25236,percent,1402,,جدول 3,ts_building_140404-14050319105758.xlsx
1398-Q3,1398,3,پاییز,گروه سنگ,yoy_change,30.16509,percent,1402,,جدول 3,ts_building_140404-14050319105758.xlsx
1398-Q4,1398,4,زمستان,گروه سنگ,yoy_change,28.02509,percent,1402,,جدول 3,ts_building_140404-14050319105758.xlsx
1399-Q1,1399,1,بهار,گروه سنگ,yoy_change,42.46303,percent,1402,,جدول 3,ts_building_140404-14050319105758.xlsx
1399-Q2,1399,2,تابستان,گروه سنگ,yoy_change,76.98315,percent,1402,,جدول 3,ts_building_140404-14050319105758.xlsx
1399-Q3,1399,3,پاییز,گروه سنگ,yoy_change,110.90721,percent,1402,,جدول 3,ts_building_140404-14050319105758.xlsx
1399-Q4,1399,4,زمستان,گروه سنگ,yoy_change,139.88511,percent,1402,,جدول 3,ts_building_140404-14050319105758.xlsx
1400-Q1,1400,1,بهار,گروه سنگ,yoy_change,143.72357,percent,1402,,جدول 3,ts_building_140404-14050319105758.xlsx
1400-Q2,1400,2,تابستان,گروه سنگ,yoy_change,100.87745,percent,1402,,جدول 3,ts_building_140404-14050319105758.xlsx
1400-Q3,1400,3,پاییز,گروه سنگ,yoy_change,66.7756,percent,1402,,جدول 3,ts_building_140404-14050319105758.xlsx
1400-Q4,1400,4,زمستان,گروه سنگ,yoy_change,50.63139,percent,1402,,جدول 3,ts_building_140404-14050319105758.xlsx
1401-Q1,1401,1,بهار,گروه سنگ,yoy_change,32.64432,percent,1402,,جدول 3,ts_building_140404-14050319105758.xlsx
1401-Q2,1401,2,تابستان,گروه سنگ,yoy_change,31.52481,percent,1402,,جدول 3,ts_building_140404-14050319105758.xlsx
1401-Q3,1401,3,پاییز,گروه سنگ,yoy_change,24.95202,percent,1402,,جدول 3,ts_building_140404-14050319105758.xlsx
1401-Q4,1401,4,زمستان,گروه سنگ,yoy_change,38.55716,percent,1402,,جدول 3,ts_building_140404-14050319105758.xlsx
1402-Q1,1402,1,بهار,گروه سنگ,yoy_change,36.31208,percent,1402,,جدول 3,ts_building_140404-14050319105758.xlsx
1402-Q2,1402,2,تابستان,گروه سنگ,yoy_change,33.62741,percent,1402,,جدول 3,ts_building_140404-14050319105758.xlsx
1402-Q3,1402,3,پاییز,گروه سنگ,yoy_change,29.62915,percent,1402,,جدول 3,ts_building_140404-14050319105758.xlsx
1402-Q4,1402,4,زمستان,گروه سنگ,yoy_change,22.80278,percent,1402,,جدول 3,ts_building_140404-14050319105758.xlsx
1403-Q1,1403,1,بهار,گروه سنگ,yoy_change,23.73689,percent,1402,,جدول 3,ts_building_140404-14050319105758.xlsx
1403-Q2,1403,2,تابستان,گروه سنگ,yoy_change,23.42164,percent,1402,,جدول 3,ts_building_140404-14050319105758.xlsx
1403-Q3,1403,3,پاییز,گروه سنگ,yoy_change,30.24314,percent,1402,,جدول 3,ts_building_140404-14050319105758.xlsx
1403-Q4,1403,4,زمستان,گروه سنگ,yoy_change,36.44294,percent,1402,,جدول 3,ts_building_140404-14050319105758.xlsx
1404-Q1,1404,1,بهار,گروه سنگ,yoy_change,43.58993,percent,1402,,جدول 3,ts_building_140404-14050319105758.xlsx
1404-Q2,1404,2,تابستان,گروه سنگ,yoy_change,49.41266,percent,1402,,جدول 3,ts_building_140404-14050319105758.xlsx
1404-Q3,1404,3,پاییز,گروه سنگ,yoy_change,54.07941,percent,1402,,جدول 3,ts_building_140404-14050319105758.xlsx
1404-Q4,1404,4,زمستان,گروه سنگ,yoy_change,57.90302,percent,1402,,جدول 3,ts_building_140404-14050319105758.xlsx
1391-Q1,1391,1,بهار,گروه آهن آلات میلگرد پروفیل درب و پنجره و نرده,yoy_change,20.15818,percent,1402,,جدول 3,ts_building_140404-14050319105758.xlsx
1391-Q2,1391,2,تابستان,گروه آهن آلات میلگرد پروفیل درب و پنجره و نرده,yoy_change,64.25842,percent,1402,,جدول 3,ts_building_140404-14050319105758.xlsx
1391-Q3,1391,3,پاییز,گروه آهن آلات میلگرد پروفیل درب و پنجره و نرده,yoy_change,60.28374,percent,1402,,جدول 3,ts_building_140404-14050319105758.xlsx
1391-Q4,1391,4,زمستان,گروه آهن آلات میلگرد پروفیل درب و پنجره و نرده,yoy_change,41.59051,percent,1402,,جدول 3,ts_building_140404-14050319105758.xlsx
1392-Q1,1392,1,بهار,گروه آهن آلات میلگرد پروفیل درب و پنجره و نرده,yoy_change,52.10043,percent,1402,,جدول 3,ts_building_140404-14050319105758.xlsx
1392-Q2,1392,2,تابستان,گروه آهن آلات میلگرد پروفیل درب و پنجره و نرده,yoy_change,8.61975,percent,1402,,جدول 3,ts_building_140404-14050319105758.xlsx
1392-Q3,1392,3,پاییز,گروه آهن آلات میلگرد پروفیل درب و پنجره و نرده,yoy_change,2.29298,percent,1402,,جدول 3,ts_building_140404-14050319105758.xlsx
1392-Q4,1392,4,زمستان,گروه آهن آلات میلگرد پروفیل درب و پنجره و نرده,yoy_change,0.11023,percent,1402,,جدول 3,ts_building_140404-14050319105758.xlsx
1393-Q1,1393,1,بهار,گروه آهن آلات میلگرد پروفیل درب و پنجره و نرده,yoy_change,-4.92183,percent,1402,,جدول 3,ts_building_140404-14050319105758.xlsx
1393-Q2,1393,2,تابستان,گروه آهن آلات میلگرد پروفیل درب و پنجره و نرده,yoy_change,-1.95811,percent,1402,,جدول 3,ts_building_140404-14050319105758.xlsx
1393-Q3,1393,3,پاییز,گروه آهن آلات میلگرد پروفیل درب و پنجره و نرده,yoy_change,3.57057,percent,1402,,جدول 3,ts_building_140404-14050319105758.xlsx
1393-Q4,1393,4,زمستان,گروه آهن آلات میلگرد پروفیل درب و پنجره و نرده,yoy_change,-15.50191,percent,1402,,جدول 3,ts_building_140404-14050319105758.xlsx
1394-Q1,1394,1,بهار,گروه آهن آلات میلگرد پروفیل درب و پنجره و نرده,yoy_change,-19.59567,percent,1402,,جدول 3,ts_building_140404-14050319105758.xlsx
1394-Q2,1394,2,تابستان,گروه آهن آلات میلگرد پروفیل درب و پنجره و نرده,yoy_change,-22.44452,percent,1402,,جدول 3,ts_building_140404-14050319105758.xlsx
1394-Q3,1394,3,پاییز,گروه آهن آلات میلگرد پروفیل درب و پنجره و نرده,yoy_change,-26.47607,percent,1402,,جدول 3,ts_building_140404-14050319105758.xlsx
1394-Q4,1394,4,زمستان,گروه آهن آلات میلگرد پروفیل درب و پنجره و نرده,yoy_change,-16.20501,percent,1402,,جدول 3,ts_building_140404-14050319105758.xlsx
1395-Q1,1395,1,بهار,گروه آهن آلات میلگرد پروفیل درب و پنجره و نرده,yoy_change,-1.97599,percent,1402,,جدول 3,ts_building_140404-14050319105758.xlsx
1395-Q2,1395,2,تابستان,گروه آهن آلات میلگرد پروفیل درب و پنجره و نرده,yoy_change,4.6464,percent,1402,,جدول 3,ts_building_140404-14050319105758.xlsx
1395-Q3,1395,3,پاییز,گروه آهن آلات میلگرد پروفیل درب و پنجره و نرده,yoy_change,28.93413,percent,1402,,جدول 3,ts_building_140404-14050319105758.xlsx
1395-Q4,1395,4,زمستان,گروه آهن آلات میلگرد پروفیل درب و پنجره و نرده,yoy_change,24.67277,percent,1402,,جدول 3,ts_building_140404-14050319105758.xlsx
1396-Q1,1396,1,بهار,گروه آهن آلات میلگرد پروفیل درب و پنجره و نرده,yoy_change,13.91817,percent,1402,,جدول 3,ts_building_140404-14050319105758.xlsx
1396-Q2,1396,2,تابستان,گروه آهن آلات میلگرد پروفیل درب و پنجره و نرده,yoy_change,41.63581,percent,1402,,جدول 3,ts_building_140404-14050319105758.xlsx
1396-Q3,1396,3,پاییز,گروه آهن آلات میلگرد پروفیل درب و پنجره و نرده,yoy_change,28.86843,percent,1402,,جدول 3,ts_building_140404-14050319105758.xlsx
1396-Q4,1396,4,زمستان,گروه آهن آلات میلگرد پروفیل درب و پنجره و نرده,yoy_change,46.17211,percent,1402,,جدول 3,ts_building_140404-14050319105758.xlsx
1397-Q1,1397,1,بهار,گروه آهن آلات میلگرد پروفیل درب و پنجره و نرده,yoy_change,71.73196,percent,1402,,جدول 3,ts_building_140404-14050319105758.xlsx
1397-Q2,1397,2,تابستان,گروه آهن آلات میلگرد پروفیل درب و پنجره و نرده,yoy_change,94.91515,percent,1402,,جدول 3,ts_building_140404-14050319105758.xlsx
1397-Q3,1397,3,پاییز,گروه آهن آلات میلگرد پروفیل درب و پنجره و نرده,yoy_change,67.07863,percent,1402,,جدول 3,ts_building_140404-14050319105758.xlsx
1397-Q4,1397,4,زمستان,گروه آهن آلات میلگرد پروفیل درب و پنجره و نرده,yoy_change,87.87731,percent,1402,,جدول 3,ts_building_140404-14050319105758.xlsx
1398-Q1,1398,1,بهار,گروه آهن آلات میلگرد پروفیل درب و پنجره و نرده,yoy_change,58.74533,percent,1402,,جدول 3,ts_building_140404-14050319105758.xlsx
1398-Q2,1398,2,تابستان,گروه آهن آلات میلگرد پروفیل درب و پنجره و نرده,yoy_change,-0.60627,percent,1402,,جدول 3,ts_building_140404-14050319105758.xlsx
1398-Q3,1398,3,پاییز,گروه آهن آلات میلگرد پروفیل درب و پنجره و نرده,yoy_change,24.59924,percent,1402,,جدول 3,ts_building_140404-14050319105758.xlsx
1398-Q4,1398,4,زمستان,گروه آهن آلات میلگرد پروفیل درب و پنجره و نرده,yoy_change,39.36809,percent,1402,,جدول 3,ts_building_140404-14050319105758.xlsx
1399-Q1,1399,1,بهار,گروه آهن آلات میلگرد پروفیل درب و پنجره و نرده,yoy_change,50.83603,percent,1402,,جدول 3,ts_building_140404-14050319105758.xlsx
1399-Q2,1399,2,تابستان,گروه آهن آلات میلگرد پروفیل درب و پنجره و نرده,yoy_change,172.21523,percent,1402,,جدول 3,ts_building_140404-14050319105758.xlsx
1399-Q3,1399,3,پاییز,گروه آهن آلات میلگرد پروفیل درب و پنجره و نرده,yoy_change,163.45721,percent,1402,,جدول 3,ts_building_140404-14050319105758.xlsx
1399-Q4,1399,4,زمستان,گروه آهن آلات میلگرد پروفیل درب و پنجره و نرده,yoy_change,102.44685,percent,1402,,جدول 3,ts_building_140404-14050319105758.xlsx
1400-Q1,1400,1,بهار,گروه آهن آلات میلگرد پروفیل درب و پنجره و نرده,yoy_change,120.25801,percent,1402,,جدول 3,ts_building_140404-14050319105758.xlsx
1400-Q2,1400,2,تابستان,گروه آهن آلات میلگرد پروفیل درب و پنجره و نرده,yoy_change,38.18576,percent,1402,,جدول 3,ts_building_140404-14050319105758.xlsx
1400-Q3,1400,3,پاییز,گروه آهن آلات میلگرد پروفیل درب و پنجره و نرده,yoy_change,30.98457,percent,1402,,جدول 3,ts_building_140404-14050319105758.xlsx
1400-Q4,1400,4,زمستان,گروه آهن آلات میلگرد پروفیل درب و پنجره و نرده,yoy_change,28.06389,percent,1402,,جدول 3,ts_building_140404-14050319105758.xlsx
1401-Q1,1401,1,بهار,گروه آهن آلات میلگرد پروفیل درب و پنجره و نرده,yoy_change,18.2246,percent,1402,,جدول 3,ts_building_140404-14050319105758.xlsx
1401-Q2,1401,2,تابستان,گروه آهن آلات میلگرد پروفیل درب و پنجره و نرده,yoy_change,-0.38478,percent,1402,,جدول 3,ts_building_140404-14050319105758.xlsx
1401-Q3,1401,3,پاییز,گروه آهن آلات میلگرد پروفیل درب و پنجره و نرده,yoy_change,15.22189,percent,1402,,جدول 3,ts_building_140404-14050319105758.xlsx
1401-Q4,1401,4,زمستان,گروه آهن آلات میلگرد پروفیل درب و پنجره و نرده,yoy_change,70.79818,percent,1402,,جدول 3,ts_building_140404-14050319105758.xlsx
1402-Q1,1402,1,بهار,گروه آهن آلات میلگرد پروفیل درب و پنجره و نرده,yoy_change,47.48933,percent,1402,,جدول 3,ts_building_140404-14050319105758.xlsx
1402-Q2,1402,2,تابستان,گروه آهن آلات میلگرد پروفیل درب و پنجره و نرده,yoy_change,60.51234,percent,1402,,جدول 3,ts_building_140404-14050319105758.xlsx
1402-Q3,1402,3,پاییز,گروه آهن آلات میلگرد پروفیل درب و پنجره و نرده,yoy_change,30.82876,percent,1402,,جدول 3,ts_building_140404-14050319105758.xlsx
1402-Q4,1402,4,زمستان,گروه آهن آلات میلگرد پروفیل درب و پنجره و نرده,yoy_change,3.42844,percent,1402,,جدول 3,ts_building_140404-14050319105758.xlsx
1403-Q1,1403,1,بهار,گروه آهن آلات میلگرد پروفیل درب و پنجره و نرده,yoy_change,2.59814,percent,1402,,جدول 3,ts_building_140404-14050319105758.xlsx
1403-Q2,1403,2,تابستان,گروه آهن آلات میلگرد پروفیل درب و پنجره و نرده,yoy_change,10.29775,percent,1402,,جدول 3,ts_building_140404-14050319105758.xlsx
1403-Q3,1403,3,پاییز,گروه آهن آلات میلگرد پروفیل درب و پنجره و نرده,yoy_change,22.34412,percent,1402,,جدول 3,ts_building_140404-14050319105758.xlsx
1403-Q4,1403,4,زمستان,گروه آهن آلات میلگرد پروفیل درب و پنجره و نرده,yoy_change,17.17873,percent,1402,,جدول 3,ts_building_140404-14050319105758.xlsx
1404-Q1,1404,1,بهار,گروه آهن آلات میلگرد پروفیل درب و پنجره و نرده,yoy_change,25.11311,percent,1402,,جدول 3,ts_building_140404-14050319105758.xlsx
1404-Q2,1404,2,تابستان,گروه آهن آلات میلگرد پروفیل درب و پنجره و نرده,yoy_change,36.77361,percent,1402,,جدول 3,ts_building_140404-14050319105758.xlsx
1404-Q3,1404,3,پاییز,گروه آهن آلات میلگرد پروفیل درب و پنجره و نرده,yoy_change,55.37769,percent,1402,,جدول 3,ts_building_140404-14050319105758.xlsx
1404-Q4,1404,4,زمستان,گروه آهن آلات میلگرد پروفیل درب و پنجره و نرده,yoy_change,104.99488,percent,1402,,جدول 3,ts_building_140404-14050319105758.xlsx
1391-Q1,1391,1,بهار,گروه چوب,yoy_change,27.10797,percent,1402,,جدول 3,ts_building_140404-14050319105758.xlsx
1391-Q2,1391,2,تابستان,گروه چوب,yoy_change,35.54823,percent,1402,,جدول 3,ts_building_140404-14050319105758.xlsx
1391-Q3,1391,3,پاییز,گروه چوب,yoy_change,54.67689,percent,1402,,جدول 3,ts_building_140404-14050319105758.xlsx
1391-Q4,1391,4,زمستان,گروه چوب,yoy_change,52.4749,percent,1402,,جدول 3,ts_building_140404-14050319105758.xlsx
1392-Q1,1392,1,بهار,گروه چوب,yoy_change,50.8097,percent,1402,,جدول 3,ts_building_140404-14050319105758.xlsx
1392-Q2,1392,2,تابستان,گروه چوب,yoy_change,39.86982,percent,1402,,جدول 3,ts_building_140404-14050319105758.xlsx
1392-Q3,1392,3,پاییز,گروه چوب,yoy_change,9.75621,percent,1402,,جدول 3,ts_building_140404-14050319105758.xlsx
1392-Q4,1392,4,زمستان,گروه چوب,yoy_change,1.1148,percent,1402,,جدول 3,ts_building_140404-14050319105758.xlsx
1393-Q1,1393,1,بهار,گروه چوب,yoy_change,-2.98965,percent,1402,,جدول 3,ts_building_140404-14050319105758.xlsx
1393-Q2,1393,2,تابستان,گروه چوب,yoy_change,17.24531,percent,1402,,جدول 3,ts_building_140404-14050319105758.xlsx
1393-Q3,1393,3,پاییز,گروه چوب,yoy_change,25.42288,percent,1402,,جدول 3,ts_building_140404-14050319105758.xlsx
1393-Q4,1393,4,زمستان,گروه چوب,yoy_change,-3.16165,percent,1402,,جدول 3,ts_building_140404-14050319105758.xlsx
1394-Q1,1394,1,بهار,گروه چوب,yoy_change,-5.65888,percent,1402,,جدول 3,ts_building_140404-14050319105758.xlsx
1394-Q2,1394,2,تابستان,گروه چوب,yoy_change,-22.06885,percent,1402,,جدول 3,ts_building_140404-14050319105758.xlsx
1394-Q3,1394,3,پاییز,گروه چوب,yoy_change,-21.46695,percent,1402,,جدول 3,ts_building_140404-14050319105758.xlsx
1394-Q4,1394,4,زمستان,گروه چوب,yoy_change,2.7556,percent,1402,,جدول 3,ts_building_140404-14050319105758.xlsx
1395-Q1,1395,1,بهار,گروه چوب,yoy_change,4.64006,percent,1402,,جدول 3,ts_building_140404-14050319105758.xlsx
1395-Q2,1395,2,تابستان,گروه چوب,yoy_change,6.17358,percent,1402,,جدول 3,ts_building_140404-14050319105758.xlsx
1395-Q3,1395,3,پاییز,گروه چوب,yoy_change,9.47783,percent,1402,,جدول 3,ts_building_140404-14050319105758.xlsx
1395-Q4,1395,4,زمستان,گروه چوب,yoy_change,9.46492,percent,1402,,جدول 3,ts_building_140404-14050319105758.xlsx
1396-Q1,1396,1,بهار,گروه چوب,yoy_change,9.0711,percent,1402,,جدول 3,ts_building_140404-14050319105758.xlsx
1396-Q2,1396,2,تابستان,گروه چوب,yoy_change,11.42344,percent,1402,,جدول 3,ts_building_140404-14050319105758.xlsx
1396-Q3,1396,3,پاییز,گروه چوب,yoy_change,12.72995,percent,1402,,جدول 3,ts_building_140404-14050319105758.xlsx
1396-Q4,1396,4,زمستان,گروه چوب,yoy_change,16.58999,percent,1402,,جدول 3,ts_building_140404-14050319105758.xlsx
1397-Q1,1397,1,بهار,گروه چوب,yoy_change,31.76681,percent,1402,,جدول 3,ts_building_140404-14050319105758.xlsx
1397-Q2,1397,2,تابستان,گروه چوب,yoy_change,108.11748,percent,1402,,جدول 3,ts_building_140404-14050319105758.xlsx
1397-Q3,1397,3,پاییز,گروه چوب,yoy_change,113.77036,percent,1402,,جدول 3,ts_building_140404-14050319105758.xlsx
1397-Q4,1397,4,زمستان,گروه چوب,yoy_change,135.17352,percent,1402,,جدول 3,ts_building_140404-14050319105758.xlsx
1398-Q1,1398,1,بهار,گروه چوب,yoy_change,127.7274,percent,1402,,جدول 3,ts_building_140404-14050319105758.xlsx
1398-Q2,1398,2,تابستان,گروه چوب,yoy_change,35.04138,percent,1402,,جدول 3,ts_building_140404-14050319105758.xlsx
1398-Q3,1398,3,پاییز,گروه چوب,yoy_change,26.5524,percent,1402,,جدول 3,ts_building_140404-14050319105758.xlsx
1398-Q4,1398,4,زمستان,گروه چوب,yoy_change,19.2857,percent,1402,,جدول 3,ts_building_140404-14050319105758.xlsx
1399-Q1,1399,1,بهار,گروه چوب,yoy_change,16.64257,percent,1402,,جدول 3,ts_building_140404-14050319105758.xlsx
1399-Q2,1399,2,تابستان,گروه چوب,yoy_change,61.14188,percent,1402,,جدول 3,ts_building_140404-14050319105758.xlsx
1399-Q3,1399,3,پاییز,گروه چوب,yoy_change,107.66919,percent,1402,,جدول 3,ts_building_140404-14050319105758.xlsx
1399-Q4,1399,4,زمستان,گروه چوب,yoy_change,102.15528,percent,1402,,جدول 3,ts_building_140404-14050319105758.xlsx
1400-Q1,1400,1,بهار,گروه چوب,yoy_change,106.3735,percent,1402,,جدول 3,ts_building_140404-14050319105758.xlsx
1400-Q2,1400,2,تابستان,گروه چوب,yoy_change,63.14952,percent,1402,,جدول 3,ts_building_140404-14050319105758.xlsx
1400-Q3,1400,3,پاییز,گروه چوب,yoy_change,31.31002,percent,1402,,جدول 3,ts_building_140404-14050319105758.xlsx
1400-Q4,1400,4,زمستان,گروه چوب,yoy_change,33.50677,percent,1402,,جدول 3,ts_building_140404-14050319105758.xlsx
1401-Q1,1401,1,بهار,گروه چوب,yoy_change,37.39034,percent,1402,,جدول 3,ts_building_140404-14050319105758.xlsx
1401-Q2,1401,2,تابستان,گروه چوب,yoy_change,31.32835,percent,1402,,جدول 3,ts_building_140404-14050319105758.xlsx
1401-Q3,1401,3,پاییز,گروه چوب,yoy_change,29.03265,percent,1402,,جدول 3,ts_building_140404-14050319105758.xlsx
1401-Q4,1401,4,زمستان,گروه چوب,yoy_change,45.19968,percent,1402,,جدول 3,ts_building_140404-14050319105758.xlsx
1402-Q1,1402,1,بهار,گروه چوب,yoy_change,44.55221,percent,1402,,جدول 3,ts_building_140404-14050319105758.xlsx
1402-Q2,1402,2,تابستان,گروه چوب,yoy_change,42.96118,percent,1402,,جدول 3,ts_building_140404-14050319105758.xlsx
1402-Q3,1402,3,پاییز,گروه چوب,yoy_change,37.47437,percent,1402,,جدول 3,ts_building_140404-14050319105758.xlsx
1402-Q4,1402,4,زمستان,گروه چوب,yoy_change,15.54768,percent,1402,,جدول 3,ts_building_140404-14050319105758.xlsx
1403-Q1,1403,1,بهار,گروه چوب,yoy_change,12.12268,percent,1402,,جدول 3,ts_building_140404-14050319105758.xlsx
1403-Q2,1403,2,تابستان,گروه چوب,yoy_change,17.1075,percent,1402,,جدول 3,ts_building_140404-14050319105758.xlsx
1403-Q3,1403,3,پاییز,گروه چوب,yoy_change,28.02744,percent,1402,,جدول 3,ts_building_140404-14050319105758.xlsx
1403-Q4,1403,4,زمستان,گروه چوب,yoy_change,40.47045,percent,1402,,جدول 3,ts_building_140404-14050319105758.xlsx
1404-Q1,1404,1,بهار,گروه چوب,yoy_change,65.73878,percent,1402,,جدول 3,ts_building_140404-14050319105758.xlsx
1404-Q2,1404,2,تابستان,گروه چوب,yoy_change,72.83133,percent,1402,,جدول 3,ts_building_140404-14050319105758.xlsx
1404-Q3,1404,3,پاییز,گروه چوب,yoy_change,96.86383,percent,1402,,جدول 3,ts_building_140404-14050319105758.xlsx
1404-Q4,1404,4,زمستان,گروه چوب,yoy_change,208.51503,percent,1402,,جدول 3,ts_building_140404-14050319105758.xlsx
1391-Q1,1391,1,بهار,گروه ایزوگام و قیرگونی آسفالت,yoy_change,36.94166,percent,1402,,جدول 3,ts_building_140404-14050319105758.xlsx
1391-Q2,1391,2,تابستان,گروه ایزوگام و قیرگونی آسفالت,yoy_change,38.78861,percent,1402,,جدول 3,ts_building_140404-14050319105758.xlsx
1391-Q3,1391,3,پاییز,گروه ایزوگام و قیرگونی آسفالت,yoy_change,54.49234,percent,1402,,جدول 3,ts_building_140404-14050319105758.xlsx
1391-Q4,1391,4,زمستان,گروه ایزوگام و قیرگونی آسفالت,yoy_change,81.11919,percent,1402,,جدول 3,ts_building_140404-14050319105758.xlsx
1392-Q1,1392,1,بهار,گروه ایزوگام و قیرگونی آسفالت,yoy_change,62.39553,percent,1402,,جدول 3,ts_building_140404-14050319105758.xlsx
1392-Q2,1392,2,تابستان,گروه ایزوگام و قیرگونی آسفالت,yoy_change,45.19133,percent,1402,,جدول 3,ts_building_140404-14050319105758.xlsx
1392-Q3,1392,3,پاییز,گروه ایزوگام و قیرگونی آسفالت,yoy_change,22.74518,percent,1402,,جدول 3,ts_building_140404-14050319105758.xlsx
1392-Q4,1392,4,زمستان,گروه ایزوگام و قیرگونی آسفالت,yoy_change,-2.5276,percent,1402,,جدول 3,ts_building_140404-14050319105758.xlsx
1393-Q1,1393,1,بهار,گروه ایزوگام و قیرگونی آسفالت,yoy_change,3.3089,percent,1402,,جدول 3,ts_building_140404-14050319105758.xlsx
1393-Q2,1393,2,تابستان,گروه ایزوگام و قیرگونی آسفالت,yoy_change,4.39627,percent,1402,,جدول 3,ts_building_140404-14050319105758.xlsx
1393-Q3,1393,3,پاییز,گروه ایزوگام و قیرگونی آسفالت,yoy_change,1.22717,percent,1402,,جدول 3,ts_building_140404-14050319105758.xlsx
1393-Q4,1393,4,زمستان,گروه ایزوگام و قیرگونی آسفالت,yoy_change,2.73937,percent,1402,,جدول 3,ts_building_140404-14050319105758.xlsx
1394-Q1,1394,1,بهار,گروه ایزوگام و قیرگونی آسفالت,yoy_change,-1.74063,percent,1402,,جدول 3,ts_building_140404-14050319105758.xlsx
1394-Q2,1394,2,تابستان,گروه ایزوگام و قیرگونی آسفالت,yoy_change,-4.13051,percent,1402,,جدول 3,ts_building_140404-14050319105758.xlsx
1394-Q3,1394,3,پاییز,گروه ایزوگام و قیرگونی آسفالت,yoy_change,0.5243,percent,1402,,جدول 3,ts_building_140404-14050319105758.xlsx
1394-Q4,1394,4,زمستان,گروه ایزوگام و قیرگونی آسفالت,yoy_change,-8.23194,percent,1402,,جدول 3,ts_building_140404-14050319105758.xlsx
1395-Q1,1395,1,بهار,گروه ایزوگام و قیرگونی آسفالت,yoy_change,-9.24987,percent,1402,,جدول 3,ts_building_140404-14050319105758.xlsx
1395-Q2,1395,2,تابستان,گروه ایزوگام و قیرگونی آسفالت,yoy_change,-4.55394,percent,1402,,جدول 3,ts_building_140404-14050319105758.xlsx
1395-Q3,1395,3,پاییز,گروه ایزوگام و قیرگونی آسفالت,yoy_change,-1.57661,percent,1402,,جدول 3,ts_building_140404-14050319105758.xlsx
1395-Q4,1395,4,زمستان,گروه ایزوگام و قیرگونی آسفالت,yoy_change,5.69016,percent,1402,,جدول 3,ts_building_140404-14050319105758.xlsx
1396-Q1,1396,1,بهار,گروه ایزوگام و قیرگونی آسفالت,yoy_change,7.32235,percent,1402,,جدول 3,ts_building_140404-14050319105758.xlsx
1396-Q2,1396,2,تابستان,گروه ایزوگام و قیرگونی آسفالت,yoy_change,0.93348,percent,1402,,جدول 3,ts_building_140404-14050319105758.xlsx
1396-Q3,1396,3,پاییز,گروه ایزوگام و قیرگونی آسفالت,yoy_change,7.9954,percent,1402,,جدول 3,ts_building_140404-14050319105758.xlsx
1396-Q4,1396,4,زمستان,گروه ایزوگام و قیرگونی آسفالت,yoy_change,17.28143,percent,1402,,جدول 3,ts_building_140404-14050319105758.xlsx
1397-Q1,1397,1,بهار,گروه ایزوگام و قیرگونی آسفالت,yoy_change,34.1163,percent,1402,,جدول 3,ts_building_140404-14050319105758.xlsx
1397-Q2,1397,2,تابستان,گروه ایزوگام و قیرگونی آسفالت,yoy_change,169.18536,percent,1402,,جدول 3,ts_building_140404-14050319105758.xlsx
1397-Q3,1397,3,پاییز,گروه ایزوگام و قیرگونی آسفالت,yoy_change,157.53927,percent,1402,,جدول 3,ts_building_140404-14050319105758.xlsx
1397-Q4,1397,4,زمستان,گروه ایزوگام و قیرگونی آسفالت,yoy_change,135.78455,percent,1402,,جدول 3,ts_building_140404-14050319105758.xlsx
1398-Q1,1398,1,بهار,گروه ایزوگام و قیرگونی آسفالت,yoy_change,115.92803,percent,1402,,جدول 3,ts_building_140404-14050319105758.xlsx
1398-Q2,1398,2,تابستان,گروه ایزوگام و قیرگونی آسفالت,yoy_change,8.96557,percent,1402,,جدول 3,ts_building_140404-14050319105758.xlsx
1398-Q3,1398,3,پاییز,گروه ایزوگام و قیرگونی آسفالت,yoy_change,-2.80853,percent,1402,,جدول 3,ts_building_140404-14050319105758.xlsx
1398-Q4,1398,4,زمستان,گروه ایزوگام و قیرگونی آسفالت,yoy_change,4.36286,percent,1402,,جدول 3,ts_building_140404-14050319105758.xlsx
1399-Q1,1399,1,بهار,گروه ایزوگام و قیرگونی آسفالت,yoy_change,10.263,percent,1402,,جدول 3,ts_building_140404-14050319105758.xlsx
1399-Q2,1399,2,تابستان,گروه ایزوگام و قیرگونی آسفالت,yoy_change,53.56831,percent,1402,,جدول 3,ts_building_140404-14050319105758.xlsx
1399-Q3,1399,3,پاییز,گروه ایزوگام و قیرگونی آسفالت,yoy_change,123.49241,percent,1402,,جدول 3,ts_building_140404-14050319105758.xlsx
1399-Q4,1399,4,زمستان,گروه ایزوگام و قیرگونی آسفالت,yoy_change,115.51328,percent,1402,,جدول 3,ts_building_140404-14050319105758.xlsx
1400-Q1,1400,1,بهار,گروه ایزوگام و قیرگونی آسفالت,yoy_change,94.19634,percent,1402,,جدول 3,ts_building_140404-14050319105758.xlsx
1400-Q2,1400,2,تابستان,گروه ایزوگام و قیرگونی آسفالت,yoy_change,52.06358,percent,1402,,جدول 3,ts_building_140404-14050319105758.xlsx
1400-Q3,1400,3,پاییز,گروه ایزوگام و قیرگونی آسفالت,yoy_change,25.64096,percent,1402,,جدول 3,ts_building_140404-14050319105758.xlsx
1400-Q4,1400,4,زمستان,گروه ایزوگام و قیرگونی آسفالت,yoy_change,27.17173,percent,1402,,جدول 3,ts_building_140404-14050319105758.xlsx
1401-Q1,1401,1,بهار,گروه ایزوگام و قیرگونی آسفالت,yoy_change,46.3029,percent,1402,,جدول 3,ts_building_140404-14050319105758.xlsx
1401-Q2,1401,2,تابستان,گروه ایزوگام و قیرگونی آسفالت,yoy_change,39.33571,percent,1402,,جدول 3,ts_building_140404-14050319105758.xlsx
1401-Q3,1401,3,پاییز,گروه ایزوگام و قیرگونی آسفالت,yoy_change,32.97916,percent,1402,,جدول 3,ts_building_140404-14050319105758.xlsx
1401-Q4,1401,4,زمستان,گروه ایزوگام و قیرگونی آسفالت,yoy_change,57.89047,percent,1402,,جدول 3,ts_building_140404-14050319105758.xlsx
1402-Q1,1402,1,بهار,گروه ایزوگام و قیرگونی آسفالت,yoy_change,47.29514,percent,1402,,جدول 3,ts_building_140404-14050319105758.xlsx
1402-Q2,1402,2,تابستان,گروه ایزوگام و قیرگونی آسفالت,yoy_change,56.00481,percent,1402,,جدول 3,ts_building_140404-14050319105758.xlsx
1402-Q3,1402,3,پاییز,گروه ایزوگام و قیرگونی آسفالت,yoy_change,45.96025,percent,1402,,جدول 3,ts_building_140404-14050319105758.xlsx
1402-Q4,1402,4,زمستان,گروه ایزوگام و قیرگونی آسفالت,yoy_change,17.19442,percent,1402,,جدول 3,ts_building_140404-14050319105758.xlsx
1403-Q1,1403,1,بهار,گروه ایزوگام و قیرگونی آسفالت,yoy_change,16.48244,percent,1402,,جدول 3,ts_building_140404-14050319105758.xlsx
1403-Q2,1403,2,تابستان,گروه ایزوگام و قیرگونی آسفالت,yoy_change,13.48816,percent,1402,,جدول 3,ts_building_140404-14050319105758.xlsx
1403-Q3,1403,3,پاییز,گروه ایزوگام و قیرگونی آسفالت,yoy_change,25.84375,percent,1402,,جدول 3,ts_building_140404-14050319105758.xlsx
1403-Q4,1403,4,زمستان,گروه ایزوگام و قیرگونی آسفالت,yoy_change,47.76494,percent,1402,,جدول 3,ts_building_140404-14050319105758.xlsx
1404-Q1,1404,1,بهار,گروه ایزوگام و قیرگونی آسفالت,yoy_change,61.52978,percent,1402,,جدول 3,ts_building_140404-14050319105758.xlsx
1404-Q2,1404,2,تابستان,گروه ایزوگام و قیرگونی آسفالت,yoy_change,67.74395,percent,1402,,جدول 3,ts_building_140404-14050319105758.xlsx
1404-Q3,1404,3,پاییز,گروه ایزوگام و قیرگونی آسفالت,yoy_change,64.37386,percent,1402,,جدول 3,ts_building_140404-14050319105758.xlsx
1404-Q4,1404,4,زمستان,گروه ایزوگام و قیرگونی آسفالت,yoy_change,82.45468,percent,1402,,جدول 3,ts_building_140404-14050319105758.xlsx
1391-Q1,1391,1,بهار,گروه شیرآلات بهداشتی,yoy_change,23.82192,percent,1402,,جدول 3,ts_building_140404-14050319105758.xlsx
1391-Q2,1391,2,تابستان,گروه شیرآلات بهداشتی,yoy_change,30.45509,percent,1402,,جدول 3,ts_building_140404-14050319105758.xlsx
1391-Q3,1391,3,پاییز,گروه شیرآلات بهداشتی,yoy_change,97.56626,percent,1402,,جدول 3,ts_building_140404-14050319105758.xlsx
1391-Q4,1391,4,زمستان,گروه شیرآلات بهداشتی,yoy_change,73.02825,percent,1402,,جدول 3,ts_building_140404-14050319105758.xlsx
1392-Q1,1392,1,بهار,گروه شیرآلات بهداشتی,yoy_change,68.83909,percent,1402,,جدول 3,ts_building_140404-14050319105758.xlsx
1392-Q2,1392,2,تابستان,گروه شیرآلات بهداشتی,yoy_change,63.44741,percent,1402,,جدول 3,ts_building_140404-14050319105758.xlsx
1392-Q3,1392,3,پاییز,گروه شیرآلات بهداشتی,yoy_change,10.15479,percent,1402,,جدول 3,ts_building_140404-14050319105758.xlsx
1392-Q4,1392,4,زمستان,گروه شیرآلات بهداشتی,yoy_change,8.53334,percent,1402,,جدول 3,ts_building_140404-14050319105758.xlsx
1393-Q1,1393,1,بهار,گروه شیرآلات بهداشتی,yoy_change,9.15353,percent,1402,,جدول 3,ts_building_140404-14050319105758.xlsx
1393-Q2,1393,2,تابستان,گروه شیرآلات بهداشتی,yoy_change,10.66444,percent,1402,,جدول 3,ts_building_140404-14050319105758.xlsx
1393-Q3,1393,3,پاییز,گروه شیرآلات بهداشتی,yoy_change,9.02933,percent,1402,,جدول 3,ts_building_140404-14050319105758.xlsx
1393-Q4,1393,4,زمستان,گروه شیرآلات بهداشتی,yoy_change,8.70458,percent,1402,,جدول 3,ts_building_140404-14050319105758.xlsx
1394-Q1,1394,1,بهار,گروه شیرآلات بهداشتی,yoy_change,3.4494,percent,1402,,جدول 3,ts_building_140404-14050319105758.xlsx
1394-Q2,1394,2,تابستان,گروه شیرآلات بهداشتی,yoy_change,0.44304,percent,1402,,جدول 3,ts_building_140404-14050319105758.xlsx
1394-Q3,1394,3,پاییز,گروه شیرآلات بهداشتی,yoy_change,0.14742,percent,1402,,جدول 3,ts_building_140404-14050319105758.xlsx
1394-Q4,1394,4,زمستان,گروه شیرآلات بهداشتی,yoy_change,-0.02034,percent,1402,,جدول 3,ts_building_140404-14050319105758.xlsx
1395-Q1,1395,1,بهار,گروه شیرآلات بهداشتی,yoy_change,-0.26229,percent,1402,,جدول 3,ts_building_140404-14050319105758.xlsx
1395-Q2,1395,2,تابستان,گروه شیرآلات بهداشتی,yoy_change,-0.17394,percent,1402,,جدول 3,ts_building_140404-14050319105758.xlsx
1395-Q3,1395,3,پاییز,گروه شیرآلات بهداشتی,yoy_change,7.36573,percent,1402,,جدول 3,ts_building_140404-14050319105758.xlsx
1395-Q4,1395,4,زمستان,گروه شیرآلات بهداشتی,yoy_change,12.44877,percent,1402,,جدول 3,ts_building_140404-14050319105758.xlsx
1396-Q1,1396,1,بهار,گروه شیرآلات بهداشتی,yoy_change,13.65916,percent,1402,,جدول 3,ts_building_140404-14050319105758.xlsx
1396-Q2,1396,2,تابستان,گروه شیرآلات بهداشتی,yoy_change,21.40299,percent,1402,,جدول 3,ts_building_140404-14050319105758.xlsx
1396-Q3,1396,3,پاییز,گروه شیرآلات بهداشتی,yoy_change,19.57585,percent,1402,,جدول 3,ts_building_140404-14050319105758.xlsx
1396-Q4,1396,4,زمستان,گروه شیرآلات بهداشتی,yoy_change,17.09702,percent,1402,,جدول 3,ts_building_140404-14050319105758.xlsx
1397-Q1,1397,1,بهار,گروه شیرآلات بهداشتی,yoy_change,30.31397,percent,1402,,جدول 3,ts_building_140404-14050319105758.xlsx
1397-Q2,1397,2,تابستان,گروه شیرآلات بهداشتی,yoy_change,52.88499,percent,1402,,جدول 3,ts_building_140404-14050319105758.xlsx
1397-Q3,1397,3,پاییز,گروه شیرآلات بهداشتی,yoy_change,74.28203,percent,1402,,جدول 3,ts_building_140404-14050319105758.xlsx
1397-Q4,1397,4,زمستان,گروه شیرآلات بهداشتی,yoy_change,64.19359,percent,1402,,جدول 3,ts_building_140404-14050319105758.xlsx
1398-Q1,1398,1,بهار,گروه شیرآلات بهداشتی,yoy_change,67.18135,percent,1402,,جدول 3,ts_building_140404-14050319105758.xlsx
1398-Q2,1398,2,تابستان,گروه شیرآلات بهداشتی,yoy_change,33.3107,percent,1402,,جدول 3,ts_building_140404-14050319105758.xlsx
1398-Q3,1398,3,پاییز,گروه شیرآلات بهداشتی,yoy_change,9.70498,percent,1402,,جدول 3,ts_building_140404-14050319105758.xlsx
1398-Q4,1398,4,زمستان,گروه شیرآلات بهداشتی,yoy_change,14.8962,percent,1402,,جدول 3,ts_building_140404-14050319105758.xlsx
1399-Q1,1399,1,بهار,گروه شیرآلات بهداشتی,yoy_change,15.49259,percent,1402,,جدول 3,ts_building_140404-14050319105758.xlsx
1399-Q2,1399,2,تابستان,گروه شیرآلات بهداشتی,yoy_change,51.11144,percent,1402,,جدول 3,ts_building_140404-14050319105758.xlsx
1399-Q3,1399,3,پاییز,گروه شیرآلات بهداشتی,yoy_change,82.71439,percent,1402,,جدول 3,ts_building_140404-14050319105758.xlsx
1399-Q4,1399,4,زمستان,گروه شیرآلات بهداشتی,yoy_change,91.14518,percent,1402,,جدول 3,ts_building_140404-14050319105758.xlsx
1400-Q1,1400,1,بهار,گروه شیرآلات بهداشتی,yoy_change,99.09138,percent,1402,,جدول 3,ts_building_140404-14050319105758.xlsx
1400-Q2,1400,2,تابستان,گروه شیرآلات بهداشتی,yoy_change,63.59817,percent,1402,,جدول 3,ts_building_140404-14050319105758.xlsx
1400-Q3,1400,3,پاییز,گروه شیرآلات بهداشتی,yoy_change,42.76026,percent,1402,,جدول 3,ts_building_140404-14050319105758.xlsx
1400-Q4,1400,4,زمستان,گروه شیرآلات بهداشتی,yoy_change,41.20156,percent,1402,,جدول 3,ts_building_140404-14050319105758.xlsx
1401-Q1,1401,1,بهار,گروه شیرآلات بهداشتی,yoy_change,37.01808,percent,1402,,جدول 3,ts_building_140404-14050319105758.xlsx
1401-Q2,1401,2,تابستان,گروه شیرآلات بهداشتی,yoy_change,28.60442,percent,1402,,جدول 3,ts_building_140404-14050319105758.xlsx
1401-Q3,1401,3,پاییز,گروه شیرآلات بهداشتی,yoy_change,25.52656,percent,1402,,جدول 3,ts_building_140404-14050319105758.xlsx
1401-Q4,1401,4,زمستان,گروه شیرآلات بهداشتی,yoy_change,42.39224,percent,1402,,جدول 3,ts_building_140404-14050319105758.xlsx
1402-Q1,1402,1,بهار,گروه شیرآلات بهداشتی,yoy_change,60.38802,percent,1402,,جدول 3,ts_building_140404-14050319105758.xlsx
1402-Q2,1402,2,تابستان,گروه شیرآلات بهداشتی,yoy_change,60.10666,percent,1402,,جدول 3,ts_building_140404-14050319105758.xlsx
1402-Q3,1402,3,پاییز,گروه شیرآلات بهداشتی,yoy_change,58.02577,percent,1402,,جدول 3,ts_building_140404-14050319105758.xlsx
1402-Q4,1402,4,زمستان,گروه شیرآلات بهداشتی,yoy_change,33.82726,percent,1402,,جدول 3,ts_building_140404-14050319105758.xlsx
1403-Q1,1403,1,بهار,گروه شیرآلات بهداشتی,yoy_change,17.62532,percent,1402,,جدول 3,ts_building_140404-14050319105758.xlsx
1403-Q2,1403,2,تابستان,گروه شیرآلات بهداشتی,yoy_change,19.06513,percent,1402,,جدول 3,ts_building_140404-14050319105758.xlsx
1403-Q3,1403,3,پاییز,گروه شیرآلات بهداشتی,yoy_change,23.67632,percent,1402,,جدول 3,ts_building_140404-14050319105758.xlsx
1403-Q4,1403,4,زمستان,گروه شیرآلات بهداشتی,yoy_change,45.74935,percent,1402,,جدول 3,ts_building_140404-14050319105758.xlsx
1404-Q1,1404,1,بهار,گروه شیرآلات بهداشتی,yoy_change,45.09504,percent,1402,,جدول 3,ts_building_140404-14050319105758.xlsx
1404-Q2,1404,2,تابستان,گروه شیرآلات بهداشتی,yoy_change,45.41341,percent,1402,,جدول 3,ts_building_140404-14050319105758.xlsx
1404-Q3,1404,3,پاییز,گروه شیرآلات بهداشتی,yoy_change,75.88388,percent,1402,,جدول 3,ts_building_140404-14050319105758.xlsx
1404-Q4,1404,4,زمستان,گروه شیرآلات بهداشتی,yoy_change,95.06518,percent,1402,,جدول 3,ts_building_140404-14050319105758.xlsx
1391-Q1,1391,1,بهار,گروه تاسیسات مکانیکی و انواع عایق حرارتی,yoy_change,27.28087,percent,1402,,جدول 3,ts_building_140404-14050319105758.xlsx
1391-Q2,1391,2,تابستان,گروه تاسیسات مکانیکی و انواع عایق حرارتی,yoy_change,34.76255,percent,1402,,جدول 3,ts_building_140404-14050319105758.xlsx
1391-Q3,1391,3,پاییز,گروه تاسیسات مکانیکی و انواع عایق حرارتی,yoy_change,67.27772,percent,1402,,جدول 3,ts_building_140404-14050319105758.xlsx
1391-Q4,1391,4,زمستان,گروه تاسیسات مکانیکی و انواع عایق حرارتی,yoy_change,61.25413,percent,1402,,جدول 3,ts_building_140404-14050319105758.xlsx
1392-Q1,1392,1,بهار,گروه تاسیسات مکانیکی و انواع عایق حرارتی,yoy_change,55.77384,percent,1402,,جدول 3,ts_building_140404-14050319105758.xlsx
1392-Q2,1392,2,تابستان,گروه تاسیسات مکانیکی و انواع عایق حرارتی,yoy_change,39.4161,percent,1402,,جدول 3,ts_building_140404-14050319105758.xlsx
1392-Q3,1392,3,پاییز,گروه تاسیسات مکانیکی و انواع عایق حرارتی,yoy_change,13.9223,percent,1402,,جدول 3,ts_building_140404-14050319105758.xlsx
1392-Q4,1392,4,زمستان,گروه تاسیسات مکانیکی و انواع عایق حرارتی,yoy_change,4.42601,percent,1402,,جدول 3,ts_building_140404-14050319105758.xlsx
1393-Q1,1393,1,بهار,گروه تاسیسات مکانیکی و انواع عایق حرارتی,yoy_change,4.10572,percent,1402,,جدول 3,ts_building_140404-14050319105758.xlsx
1393-Q2,1393,2,تابستان,گروه تاسیسات مکانیکی و انواع عایق حرارتی,yoy_change,9.50643,percent,1402,,جدول 3,ts_building_140404-14050319105758.xlsx
1393-Q3,1393,3,پاییز,گروه تاسیسات مکانیکی و انواع عایق حرارتی,yoy_change,8.05717,percent,1402,,جدول 3,ts_building_140404-14050319105758.xlsx
1393-Q4,1393,4,زمستان,گروه تاسیسات مکانیکی و انواع عایق حرارتی,yoy_change,9.99027,percent,1402,,جدول 3,ts_building_140404-14050319105758.xlsx
1394-Q1,1394,1,بهار,گروه تاسیسات مکانیکی و انواع عایق حرارتی,yoy_change,7.08873,percent,1402,,جدول 3,ts_building_140404-14050319105758.xlsx
1394-Q2,1394,2,تابستان,گروه تاسیسات مکانیکی و انواع عایق حرارتی,yoy_change,2.39092,percent,1402,,جدول 3,ts_building_140404-14050319105758.xlsx
1394-Q3,1394,3,پاییز,گروه تاسیسات مکانیکی و انواع عایق حرارتی,yoy_change,-0.33389,percent,1402,,جدول 3,ts_building_140404-14050319105758.xlsx
1394-Q4,1394,4,زمستان,گروه تاسیسات مکانیکی و انواع عایق حرارتی,yoy_change,-1.25882,percent,1402,,جدول 3,ts_building_140404-14050319105758.xlsx
1395-Q1,1395,1,بهار,گروه تاسیسات مکانیکی و انواع عایق حرارتی,yoy_change,-1.98534,percent,1402,,جدول 3,ts_building_140404-14050319105758.xlsx
1395-Q2,1395,2,تابستان,گروه تاسیسات مکانیکی و انواع عایق حرارتی,yoy_change,-1.05933,percent,1402,,جدول 3,ts_building_140404-14050319105758.xlsx
1395-Q3,1395,3,پاییز,گروه تاسیسات مکانیکی و انواع عایق حرارتی,yoy_change,6.74883,percent,1402,,جدول 3,ts_building_140404-14050319105758.xlsx
1395-Q4,1395,4,زمستان,گروه تاسیسات مکانیکی و انواع عایق حرارتی,yoy_change,7.1585,percent,1402,,جدول 3,ts_building_140404-14050319105758.xlsx
1396-Q1,1396,1,بهار,گروه تاسیسات مکانیکی و انواع عایق حرارتی,yoy_change,7.83235,percent,1402,,جدول 3,ts_building_140404-14050319105758.xlsx
1396-Q2,1396,2,تابستان,گروه تاسیسات مکانیکی و انواع عایق حرارتی,yoy_change,10.75626,percent,1402,,جدول 3,ts_building_140404-14050319105758.xlsx
1396-Q3,1396,3,پاییز,گروه تاسیسات مکانیکی و انواع عایق حرارتی,yoy_change,12.3306,percent,1402,,جدول 3,ts_building_140404-14050319105758.xlsx
1396-Q4,1396,4,زمستان,گروه تاسیسات مکانیکی و انواع عایق حرارتی,yoy_change,20.32303,percent,1402,,جدول 3,ts_building_140404-14050319105758.xlsx
1397-Q1,1397,1,بهار,گروه تاسیسات مکانیکی و انواع عایق حرارتی,yoy_change,31.99776,percent,1402,,جدول 3,ts_building_140404-14050319105758.xlsx
1397-Q2,1397,2,تابستان,گروه تاسیسات مکانیکی و انواع عایق حرارتی,yoy_change,84.82145,percent,1402,,جدول 3,ts_building_140404-14050319105758.xlsx
1397-Q3,1397,3,پاییز,گروه تاسیسات مکانیکی و انواع عایق حرارتی,yoy_change,94.03723,percent,1402,,جدول 3,ts_building_140404-14050319105758.xlsx
1397-Q4,1397,4,زمستان,گروه تاسیسات مکانیکی و انواع عایق حرارتی,yoy_change,88.08525,percent,1402,,جدول 3,ts_building_140404-14050319105758.xlsx
1398-Q1,1398,1,بهار,گروه تاسیسات مکانیکی و انواع عایق حرارتی,yoy_change,95.5754,percent,1402,,جدول 3,ts_building_140404-14050319105758.xlsx
1398-Q2,1398,2,تابستان,گروه تاسیسات مکانیکی و انواع عایق حرارتی,yoy_change,30.16893,percent,1402,,جدول 3,ts_building_140404-14050319105758.xlsx
1398-Q3,1398,3,پاییز,گروه تاسیسات مکانیکی و انواع عایق حرارتی,yoy_change,20.33085,percent,1402,,جدول 3,ts_building_140404-14050319105758.xlsx
1398-Q4,1398,4,زمستان,گروه تاسیسات مکانیکی و انواع عایق حرارتی,yoy_change,31.69231,percent,1402,,جدول 3,ts_building_140404-14050319105758.xlsx
1399-Q1,1399,1,بهار,گروه تاسیسات مکانیکی و انواع عایق حرارتی,yoy_change,33.11898,percent,1402,,جدول 3,ts_building_140404-14050319105758.xlsx
1399-Q2,1399,2,تابستان,گروه تاسیسات مکانیکی و انواع عایق حرارتی,yoy_change,90.03825,percent,1402,,جدول 3,ts_building_140404-14050319105758.xlsx
1399-Q3,1399,3,پاییز,گروه تاسیسات مکانیکی و انواع عایق حرارتی,yoy_change,132.3481,percent,1402,,جدول 3,ts_building_140404-14050319105758.xlsx
1399-Q4,1399,4,زمستان,گروه تاسیسات مکانیکی و انواع عایق حرارتی,yoy_change,112.9776,percent,1402,,جدول 3,ts_building_140404-14050319105758.xlsx
1400-Q1,1400,1,بهار,گروه تاسیسات مکانیکی و انواع عایق حرارتی,yoy_change,101.43038,percent,1402,,جدول 3,ts_building_140404-14050319105758.xlsx
1400-Q2,1400,2,تابستان,گروه تاسیسات مکانیکی و انواع عایق حرارتی,yoy_change,57.55422,percent,1402,,جدول 3,ts_building_140404-14050319105758.xlsx
1400-Q3,1400,3,پاییز,گروه تاسیسات مکانیکی و انواع عایق حرارتی,yoy_change,32.61481,percent,1402,,جدول 3,ts_building_140404-14050319105758.xlsx
1400-Q4,1400,4,زمستان,گروه تاسیسات مکانیکی و انواع عایق حرارتی,yoy_change,35.77249,percent,1402,,جدول 3,ts_building_140404-14050319105758.xlsx
1401-Q1,1401,1,بهار,گروه تاسیسات مکانیکی و انواع عایق حرارتی,yoy_change,40.37014,percent,1402,,جدول 3,ts_building_140404-14050319105758.xlsx
1401-Q2,1401,2,تابستان,گروه تاسیسات مکانیکی و انواع عایق حرارتی,yoy_change,30.6486,percent,1402,,جدول 3,ts_building_140404-14050319105758.xlsx
1401-Q3,1401,3,پاییز,گروه تاسیسات مکانیکی و انواع عایق حرارتی,yoy_change,28.91766,percent,1402,,جدول 3,ts_building_140404-14050319105758.xlsx
1401-Q4,1401,4,زمستان,گروه تاسیسات مکانیکی و انواع عایق حرارتی,yoy_change,56.81752,percent,1402,,جدول 3,ts_building_140404-14050319105758.xlsx
1402-Q1,1402,1,بهار,گروه تاسیسات مکانیکی و انواع عایق حرارتی,yoy_change,53.26966,percent,1402,,جدول 3,ts_building_140404-14050319105758.xlsx
1402-Q2,1402,2,تابستان,گروه تاسیسات مکانیکی و انواع عایق حرارتی,yoy_change,55.33474,percent,1402,,جدول 3,ts_building_140404-14050319105758.xlsx
1402-Q3,1402,3,پاییز,گروه تاسیسات مکانیکی و انواع عایق حرارتی,yoy_change,48.33229,percent,1402,,جدول 3,ts_building_140404-14050319105758.xlsx
1402-Q4,1402,4,زمستان,گروه تاسیسات مکانیکی و انواع عایق حرارتی,yoy_change,19.70705,percent,1402,,جدول 3,ts_building_140404-14050319105758.xlsx
1403-Q1,1403,1,بهار,گروه تاسیسات مکانیکی و انواع عایق حرارتی,yoy_change,12.85514,percent,1402,,جدول 3,ts_building_140404-14050319105758.xlsx
1403-Q2,1403,2,تابستان,گروه تاسیسات مکانیکی و انواع عایق حرارتی,yoy_change,14.83642,percent,1402,,جدول 3,ts_building_140404-14050319105758.xlsx
1403-Q3,1403,3,پاییز,گروه تاسیسات مکانیکی و انواع عایق حرارتی,yoy_change,22.93202,percent,1402,,جدول 3,ts_building_140404-14050319105758.xlsx
1403-Q4,1403,4,زمستان,گروه تاسیسات مکانیکی و انواع عایق حرارتی,yoy_change,39.55975,percent,1402,,جدول 3,ts_building_140404-14050319105758.xlsx
1404-Q1,1404,1,بهار,گروه تاسیسات مکانیکی و انواع عایق حرارتی,yoy_change,34.92867,percent,1402,,جدول 3,ts_building_140404-14050319105758.xlsx
1404-Q2,1404,2,تابستان,گروه تاسیسات مکانیکی و انواع عایق حرارتی,yoy_change,38.58719,percent,1402,,جدول 3,ts_building_140404-14050319105758.xlsx
1404-Q3,1404,3,پاییز,گروه تاسیسات مکانیکی و انواع عایق حرارتی,yoy_change,75.04543,percent,1402,,جدول 3,ts_building_140404-14050319105758.xlsx
1404-Q4,1404,4,زمستان,گروه تاسیسات مکانیکی و انواع عایق حرارتی,yoy_change,147.96401,percent,1402,,جدول 3,ts_building_140404-14050319105758.xlsx
1391-Q1,1391,1,بهار,گروه نقاشی ساختمان,yoy_change,26.06433,percent,1402,,جدول 3,ts_building_140404-14050319105758.xlsx
1391-Q2,1391,2,تابستان,گروه نقاشی ساختمان,yoy_change,34.51326,percent,1402,,جدول 3,ts_building_140404-14050319105758.xlsx
1391-Q3,1391,3,پاییز,گروه نقاشی ساختمان,yoy_change,68.2194,percent,1402,,جدول 3,ts_building_140404-14050319105758.xlsx
1391-Q4,1391,4,زمستان,گروه نقاشی ساختمان,yoy_change,71.19167,percent,1402,,جدول 3,ts_building_140404-14050319105758.xlsx
1392-Q1,1392,1,بهار,گروه نقاشی ساختمان,yoy_change,93.54912,percent,1402,,جدول 3,ts_building_140404-14050319105758.xlsx
1392-Q2,1392,2,تابستان,گروه نقاشی ساختمان,yoy_change,70.48254,percent,1402,,جدول 3,ts_building_140404-14050319105758.xlsx
1392-Q3,1392,3,پاییز,گروه نقاشی ساختمان,yoy_change,31.8184,percent,1402,,جدول 3,ts_building_140404-14050319105758.xlsx
1392-Q4,1392,4,زمستان,گروه نقاشی ساختمان,yoy_change,18.16839,percent,1402,,جدول 3,ts_building_140404-14050319105758.xlsx
1393-Q1,1393,1,بهار,گروه نقاشی ساختمان,yoy_change,1.00846,percent,1402,,جدول 3,ts_building_140404-14050319105758.xlsx
1393-Q2,1393,2,تابستان,گروه نقاشی ساختمان,yoy_change,0.66405,percent,1402,,جدول 3,ts_building_140404-14050319105758.xlsx
1393-Q3,1393,3,پاییز,گروه نقاشی ساختمان,yoy_change,1.04102,percent,1402,,جدول 3,ts_building_140404-14050319105758.xlsx
1393-Q4,1393,4,زمستان,گروه نقاشی ساختمان,yoy_change,5.38816,percent,1402,,جدول 3,ts_building_140404-14050319105758.xlsx
1394-Q1,1394,1,بهار,گروه نقاشی ساختمان,yoy_change,3.56117,percent,1402,,جدول 3,ts_building_140404-14050319105758.xlsx
1394-Q2,1394,2,تابستان,گروه نقاشی ساختمان,yoy_change,2.9997,percent,1402,,جدول 3,ts_building_140404-14050319105758.xlsx
1394-Q3,1394,3,پاییز,گروه نقاشی ساختمان,yoy_change,0.47824,percent,1402,,جدول 3,ts_building_140404-14050319105758.xlsx
1394-Q4,1394,4,زمستان,گروه نقاشی ساختمان,yoy_change,-0.05152,percent,1402,,جدول 3,ts_building_140404-14050319105758.xlsx
1395-Q1,1395,1,بهار,گروه نقاشی ساختمان,yoy_change,-1.27352,percent,1402,,جدول 3,ts_building_140404-14050319105758.xlsx
1395-Q2,1395,2,تابستان,گروه نقاشی ساختمان,yoy_change,-0.83427,percent,1402,,جدول 3,ts_building_140404-14050319105758.xlsx
1395-Q3,1395,3,پاییز,گروه نقاشی ساختمان,yoy_change,0.54222,percent,1402,,جدول 3,ts_building_140404-14050319105758.xlsx
1395-Q4,1395,4,زمستان,گروه نقاشی ساختمان,yoy_change,1.14234,percent,1402,,جدول 3,ts_building_140404-14050319105758.xlsx
1396-Q1,1396,1,بهار,گروه نقاشی ساختمان,yoy_change,7.97232,percent,1402,,جدول 3,ts_building_140404-14050319105758.xlsx
1396-Q2,1396,2,تابستان,گروه نقاشی ساختمان,yoy_change,10.34863,percent,1402,,جدول 3,ts_building_140404-14050319105758.xlsx
1396-Q3,1396,3,پاییز,گروه نقاشی ساختمان,yoy_change,12.67335,percent,1402,,جدول 3,ts_building_140404-14050319105758.xlsx
1396-Q4,1396,4,زمستان,گروه نقاشی ساختمان,yoy_change,17.07334,percent,1402,,جدول 3,ts_building_140404-14050319105758.xlsx
1397-Q1,1397,1,بهار,گروه نقاشی ساختمان,yoy_change,24.91401,percent,1402,,جدول 3,ts_building_140404-14050319105758.xlsx
1397-Q2,1397,2,تابستان,گروه نقاشی ساختمان,yoy_change,70.43869,percent,1402,,جدول 3,ts_building_140404-14050319105758.xlsx
1397-Q3,1397,3,پاییز,گروه نقاشی ساختمان,yoy_change,101.93225,percent,1402,,جدول 3,ts_building_140404-14050319105758.xlsx
1397-Q4,1397,4,زمستان,گروه نقاشی ساختمان,yoy_change,103.30214,percent,1402,,جدول 3,ts_building_140404-14050319105758.xlsx
1398-Q1,1398,1,بهار,گروه نقاشی ساختمان,yoy_change,97.29576,percent,1402,,جدول 3,ts_building_140404-14050319105758.xlsx
1398-Q2,1398,2,تابستان,گروه نقاشی ساختمان,yoy_change,46.1317,percent,1402,,جدول 3,ts_building_140404-14050319105758.xlsx
1398-Q3,1398,3,پاییز,گروه نقاشی ساختمان,yoy_change,18.3541,percent,1402,,جدول 3,ts_building_140404-14050319105758.xlsx
1398-Q4,1398,4,زمستان,گروه نقاشی ساختمان,yoy_change,13.04175,percent,1402,,جدول 3,ts_building_140404-14050319105758.xlsx
1399-Q1,1399,1,بهار,گروه نقاشی ساختمان,yoy_change,11.63562,percent,1402,,جدول 3,ts_building_140404-14050319105758.xlsx
1399-Q2,1399,2,تابستان,گروه نقاشی ساختمان,yoy_change,39.38019,percent,1402,,جدول 3,ts_building_140404-14050319105758.xlsx
1399-Q3,1399,3,پاییز,گروه نقاشی ساختمان,yoy_change,78.10106,percent,1402,,جدول 3,ts_building_140404-14050319105758.xlsx
1399-Q4,1399,4,زمستان,گروه نقاشی ساختمان,yoy_change,83.83835,percent,1402,,جدول 3,ts_building_140404-14050319105758.xlsx
1400-Q1,1400,1,بهار,گروه نقاشی ساختمان,yoy_change,95.15687,percent,1402,,جدول 3,ts_building_140404-14050319105758.xlsx
1400-Q2,1400,2,تابستان,گروه نقاشی ساختمان,yoy_change,62.82399,percent,1402,,جدول 3,ts_building_140404-14050319105758.xlsx
1400-Q3,1400,3,پاییز,گروه نقاشی ساختمان,yoy_change,43.46976,percent,1402,,جدول 3,ts_building_140404-14050319105758.xlsx
1400-Q4,1400,4,زمستان,گروه نقاشی ساختمان,yoy_change,41.08733,percent,1402,,جدول 3,ts_building_140404-14050319105758.xlsx
1401-Q1,1401,1,بهار,گروه نقاشی ساختمان,yoy_change,53.91569,percent,1402,,جدول 3,ts_building_140404-14050319105758.xlsx
1401-Q2,1401,2,تابستان,گروه نقاشی ساختمان,yoy_change,56.75693,percent,1402,,جدول 3,ts_building_140404-14050319105758.xlsx
1401-Q3,1401,3,پاییز,گروه نقاشی ساختمان,yoy_change,41.90245,percent,1402,,جدول 3,ts_building_140404-14050319105758.xlsx
1401-Q4,1401,4,زمستان,گروه نقاشی ساختمان,yoy_change,47.54468,percent,1402,,جدول 3,ts_building_140404-14050319105758.xlsx
1402-Q1,1402,1,بهار,گروه نقاشی ساختمان,yoy_change,39.06381,percent,1402,,جدول 3,ts_building_140404-14050319105758.xlsx
1402-Q2,1402,2,تابستان,گروه نقاشی ساختمان,yoy_change,29.21675,percent,1402,,جدول 3,ts_building_140404-14050319105758.xlsx
1402-Q3,1402,3,پاییز,گروه نقاشی ساختمان,yoy_change,32.46077,percent,1402,,جدول 3,ts_building_140404-14050319105758.xlsx
1402-Q4,1402,4,زمستان,گروه نقاشی ساختمان,yoy_change,27.519,percent,1402,,جدول 3,ts_building_140404-14050319105758.xlsx
1403-Q1,1403,1,بهار,گروه نقاشی ساختمان,yoy_change,15.59384,percent,1402,,جدول 3,ts_building_140404-14050319105758.xlsx
1403-Q2,1403,2,تابستان,گروه نقاشی ساختمان,yoy_change,21.77009,percent,1402,,جدول 3,ts_building_140404-14050319105758.xlsx
1403-Q3,1403,3,پاییز,گروه نقاشی ساختمان,yoy_change,24.10804,percent,1402,,جدول 3,ts_building_140404-14050319105758.xlsx
1403-Q4,1403,4,زمستان,گروه نقاشی ساختمان,yoy_change,40.51668,percent,1402,,جدول 3,ts_building_140404-14050319105758.xlsx
1404-Q1,1404,1,بهار,گروه نقاشی ساختمان,yoy_change,41.32886,percent,1402,,جدول 3,ts_building_140404-14050319105758.xlsx
1404-Q2,1404,2,تابستان,گروه نقاشی ساختمان,yoy_change,35.52061,percent,1402,,جدول 3,ts_building_140404-14050319105758.xlsx
1404-Q3,1404,3,پاییز,گروه نقاشی ساختمان,yoy_change,48.53283,percent,1402,,جدول 3,ts_building_140404-14050319105758.xlsx
1404-Q4,1404,4,زمستان,گروه نقاشی ساختمان,yoy_change,83.08096,percent,1402,,جدول 3,ts_building_140404-14050319105758.xlsx
1391-Q1,1391,1,بهار,گروه تاسیسات برقی,yoy_change,29.79627,percent,1402,,جدول 3,ts_building_140404-14050319105758.xlsx
1391-Q2,1391,2,تابستان,گروه تاسیسات برقی,yoy_change,49.40738,percent,1402,,جدول 3,ts_building_140404-14050319105758.xlsx
1391-Q3,1391,3,پاییز,گروه تاسیسات برقی,yoy_change,79.76547,percent,1402,,جدول 3,ts_building_140404-14050319105758.xlsx
1391-Q4,1391,4,زمستان,گروه تاسیسات برقی,yoy_change,73.93632,percent,1402,,جدول 3,ts_building_140404-14050319105758.xlsx
1392-Q1,1392,1,بهار,گروه تاسیسات برقی,yoy_change,65.06295,percent,1402,,جدول 3,ts_building_140404-14050319105758.xlsx
1392-Q2,1392,2,تابستان,گروه تاسیسات برقی,yoy_change,41.45003,percent,1402,,جدول 3,ts_building_140404-14050319105758.xlsx
1392-Q3,1392,3,پاییز,گروه تاسیسات برقی,yoy_change,12.96148,percent,1402,,جدول 3,ts_building_140404-14050319105758.xlsx
1392-Q4,1392,4,زمستان,گروه تاسیسات برقی,yoy_change,3.94018,percent,1402,,جدول 3,ts_building_140404-14050319105758.xlsx
1393-Q1,1393,1,بهار,گروه تاسیسات برقی,yoy_change,5.71237,percent,1402,,جدول 3,ts_building_140404-14050319105758.xlsx
1393-Q2,1393,2,تابستان,گروه تاسیسات برقی,yoy_change,7.13233,percent,1402,,جدول 3,ts_building_140404-14050319105758.xlsx
1393-Q3,1393,3,پاییز,گروه تاسیسات برقی,yoy_change,9.19385,percent,1402,,جدول 3,ts_building_140404-14050319105758.xlsx
1393-Q4,1393,4,زمستان,گروه تاسیسات برقی,yoy_change,6.68562,percent,1402,,جدول 3,ts_building_140404-14050319105758.xlsx
1394-Q1,1394,1,بهار,گروه تاسیسات برقی,yoy_change,2.17592,percent,1402,,جدول 3,ts_building_140404-14050319105758.xlsx
1394-Q2,1394,2,تابستان,گروه تاسیسات برقی,yoy_change,0.45339,percent,1402,,جدول 3,ts_building_140404-14050319105758.xlsx
1394-Q3,1394,3,پاییز,گروه تاسیسات برقی,yoy_change,-0.67727,percent,1402,,جدول 3,ts_building_140404-14050319105758.xlsx
1394-Q4,1394,4,زمستان,گروه تاسیسات برقی,yoy_change,-0.79718,percent,1402,,جدول 3,ts_building_140404-14050319105758.xlsx
1395-Q1,1395,1,بهار,گروه تاسیسات برقی,yoy_change,-0.46189,percent,1402,,جدول 3,ts_building_140404-14050319105758.xlsx
1395-Q2,1395,2,تابستان,گروه تاسیسات برقی,yoy_change,2.00653,percent,1402,,جدول 3,ts_building_140404-14050319105758.xlsx
1395-Q3,1395,3,پاییز,گروه تاسیسات برقی,yoy_change,7.98065,percent,1402,,جدول 3,ts_building_140404-14050319105758.xlsx
1395-Q4,1395,4,زمستان,گروه تاسیسات برقی,yoy_change,9.14796,percent,1402,,جدول 3,ts_building_140404-14050319105758.xlsx
1396-Q1,1396,1,بهار,گروه تاسیسات برقی,yoy_change,8.48079,percent,1402,,جدول 3,ts_building_140404-14050319105758.xlsx
1396-Q2,1396,2,تابستان,گروه تاسیسات برقی,yoy_change,11.82494,percent,1402,,جدول 3,ts_building_140404-14050319105758.xlsx
1396-Q3,1396,3,پاییز,گروه تاسیسات برقی,yoy_change,10.5721,percent,1402,,جدول 3,ts_building_140404-14050319105758.xlsx
1396-Q4,1396,4,زمستان,گروه تاسیسات برقی,yoy_change,15.07895,percent,1402,,جدول 3,ts_building_140404-14050319105758.xlsx
1397-Q1,1397,1,بهار,گروه تاسیسات برقی,yoy_change,30.52126,percent,1402,,جدول 3,ts_building_140404-14050319105758.xlsx
1397-Q2,1397,2,تابستان,گروه تاسیسات برقی,yoy_change,80.90578,percent,1402,,جدول 3,ts_building_140404-14050319105758.xlsx
1397-Q3,1397,3,پاییز,گروه تاسیسات برقی,yoy_change,95.91273,percent,1402,,جدول 3,ts_building_140404-14050319105758.xlsx
1397-Q4,1397,4,زمستان,گروه تاسیسات برقی,yoy_change,106.44344,percent,1402,,جدول 3,ts_building_140404-14050319105758.xlsx
1398-Q1,1398,1,بهار,گروه تاسیسات برقی,yoy_change,111.91798,percent,1402,,جدول 3,ts_building_140404-14050319105758.xlsx
1398-Q2,1398,2,تابستان,گروه تاسیسات برقی,yoy_change,39.8369,percent,1402,,جدول 3,ts_building_140404-14050319105758.xlsx
1398-Q3,1398,3,پاییز,گروه تاسیسات برقی,yoy_change,28.18794,percent,1402,,جدول 3,ts_building_140404-14050319105758.xlsx
1398-Q4,1398,4,زمستان,گروه تاسیسات برقی,yoy_change,27.26208,percent,1402,,جدول 3,ts_building_140404-14050319105758.xlsx
1399-Q1,1399,1,بهار,گروه تاسیسات برقی,yoy_change,25.75107,percent,1402,,جدول 3,ts_building_140404-14050319105758.xlsx
1399-Q2,1399,2,تابستان,گروه تاسیسات برقی,yoy_change,59.17905,percent,1402,,جدول 3,ts_building_140404-14050319105758.xlsx
1399-Q3,1399,3,پاییز,گروه تاسیسات برقی,yoy_change,105.05468,percent,1402,,جدول 3,ts_building_140404-14050319105758.xlsx
1399-Q4,1399,4,زمستان,گروه تاسیسات برقی,yoy_change,96.97935,percent,1402,,جدول 3,ts_building_140404-14050319105758.xlsx
1400-Q1,1400,1,بهار,گروه تاسیسات برقی,yoy_change,82.01622,percent,1402,,جدول 3,ts_building_140404-14050319105758.xlsx
1400-Q2,1400,2,تابستان,گروه تاسیسات برقی,yoy_change,56.74838,percent,1402,,جدول 3,ts_building_140404-14050319105758.xlsx
1400-Q3,1400,3,پاییز,گروه تاسیسات برقی,yoy_change,24.24016,percent,1402,,جدول 3,ts_building_140404-14050319105758.xlsx
1400-Q4,1400,4,زمستان,گروه تاسیسات برقی,yoy_change,34.12813,percent,1402,,جدول 3,ts_building_140404-14050319105758.xlsx
1401-Q1,1401,1,بهار,گروه تاسیسات برقی,yoy_change,47.08609,percent,1402,,جدول 3,ts_building_140404-14050319105758.xlsx
1401-Q2,1401,2,تابستان,گروه تاسیسات برقی,yoy_change,39.45004,percent,1402,,جدول 3,ts_building_140404-14050319105758.xlsx
1401-Q3,1401,3,پاییز,گروه تاسیسات برقی,yoy_change,48.92809,percent,1402,,جدول 3,ts_building_140404-14050319105758.xlsx
1401-Q4,1401,4,زمستان,گروه تاسیسات برقی,yoy_change,71.47372,percent,1402,,جدول 3,ts_building_140404-14050319105758.xlsx
1402-Q1,1402,1,بهار,گروه تاسیسات برقی,yoy_change,59.89555,percent,1402,,جدول 3,ts_building_140404-14050319105758.xlsx
1402-Q2,1402,2,تابستان,گروه تاسیسات برقی,yoy_change,65.1665,percent,1402,,جدول 3,ts_building_140404-14050319105758.xlsx
1402-Q3,1402,3,پاییز,گروه تاسیسات برقی,yoy_change,47.08637,percent,1402,,جدول 3,ts_building_140404-14050319105758.xlsx
1402-Q4,1402,4,زمستان,گروه تاسیسات برقی,yoy_change,20.78482,percent,1402,,جدول 3,ts_building_140404-14050319105758.xlsx
1403-Q1,1403,1,بهار,گروه تاسیسات برقی,yoy_change,15.9944,percent,1402,,جدول 3,ts_building_140404-14050319105758.xlsx
1403-Q2,1403,2,تابستان,گروه تاسیسات برقی,yoy_change,15.94409,percent,1402,,جدول 3,ts_building_140404-14050319105758.xlsx
1403-Q3,1403,3,پاییز,گروه تاسیسات برقی,yoy_change,23.29304,percent,1402,,جدول 3,ts_building_140404-14050319105758.xlsx
1403-Q4,1403,4,زمستان,گروه تاسیسات برقی,yoy_change,23.84085,percent,1402,,جدول 3,ts_building_140404-14050319105758.xlsx
1404-Q1,1404,1,بهار,گروه تاسیسات برقی,yoy_change,21.86754,percent,1402,,جدول 3,ts_building_140404-14050319105758.xlsx
1404-Q2,1404,2,تابستان,گروه تاسیسات برقی,yoy_change,26.19333,percent,1402,,جدول 3,ts_building_140404-14050319105758.xlsx
1404-Q3,1404,3,پاییز,گروه تاسیسات برقی,yoy_change,46.75017,percent,1402,,جدول 3,ts_building_140404-14050319105758.xlsx
1404-Q4,1404,4,زمستان,گروه تاسیسات برقی,yoy_change,119.92535,percent,1402,,جدول 3,ts_building_140404-14050319105758.xlsx
1391-Q1,1391,1,بهار,گروه شیشه,yoy_change,14.48805,percent,1402,,جدول 3,ts_building_140404-14050319105758.xlsx
1391-Q2,1391,2,تابستان,گروه شیشه,yoy_change,21.29271,percent,1402,,جدول 3,ts_building_140404-14050319105758.xlsx
1391-Q3,1391,3,پاییز,گروه شیشه,yoy_change,43.39923,percent,1402,,جدول 3,ts_building_140404-14050319105758.xlsx
1391-Q4,1391,4,زمستان,گروه شیشه,yoy_change,39.93616,percent,1402,,جدول 3,ts_building_140404-14050319105758.xlsx
1392-Q1,1392,1,بهار,گروه شیشه,yoy_change,40.69976,percent,1402,,جدول 3,ts_building_140404-14050319105758.xlsx
1392-Q2,1392,2,تابستان,گروه شیشه,yoy_change,37.31517,percent,1402,,جدول 3,ts_building_140404-14050319105758.xlsx
1392-Q3,1392,3,پاییز,گروه شیشه,yoy_change,6.16828,percent,1402,,جدول 3,ts_building_140404-14050319105758.xlsx
1392-Q4,1392,4,زمستان,گروه شیشه,yoy_change,2.46552,percent,1402,,جدول 3,ts_building_140404-14050319105758.xlsx
1393-Q1,1393,1,بهار,گروه شیشه,yoy_change,-4.29209,percent,1402,,جدول 3,ts_building_140404-14050319105758.xlsx
1393-Q2,1393,2,تابستان,گروه شیشه,yoy_change,-2.24405,percent,1402,,جدول 3,ts_building_140404-14050319105758.xlsx
1393-Q3,1393,3,پاییز,گروه شیشه,yoy_change,16.56652,percent,1402,,جدول 3,ts_building_140404-14050319105758.xlsx
1393-Q4,1393,4,زمستان,گروه شیشه,yoy_change,17.70213,percent,1402,,جدول 3,ts_building_140404-14050319105758.xlsx
1394-Q1,1394,1,بهار,گروه شیشه,yoy_change,21.04525,percent,1402,,جدول 3,ts_building_140404-14050319105758.xlsx
1394-Q2,1394,2,تابستان,گروه شیشه,yoy_change,17.76482,percent,1402,,جدول 3,ts_building_140404-14050319105758.xlsx
1394-Q3,1394,3,پاییز,گروه شیشه,yoy_change,6.77272,percent,1402,,جدول 3,ts_building_140404-14050319105758.xlsx
1394-Q4,1394,4,زمستان,گروه شیشه,yoy_change,7.16157,percent,1402,,جدول 3,ts_building_140404-14050319105758.xlsx
1395-Q1,1395,1,بهار,گروه شیشه,yoy_change,4.10869,percent,1402,,جدول 3,ts_building_140404-14050319105758.xlsx
1395-Q2,1395,2,تابستان,گروه شیشه,yoy_change,2.5533,percent,1402,,جدول 3,ts_building_140404-14050319105758.xlsx
1395-Q3,1395,3,پاییز,گروه شیشه,yoy_change,2.04339,percent,1402,,جدول 3,ts_building_140404-14050319105758.xlsx
1395-Q4,1395,4,زمستان,گروه شیشه,yoy_change,-6.00636,percent,1402,,جدول 3,ts_building_140404-14050319105758.xlsx
1396-Q1,1396,1,بهار,گروه شیشه,yoy_change,-6.54647,percent,1402,,جدول 3,ts_building_140404-14050319105758.xlsx
1396-Q2,1396,2,تابستان,گروه شیشه,yoy_change,-4.48749,percent,1402,,جدول 3,ts_building_140404-14050319105758.xlsx
1396-Q3,1396,3,پاییز,گروه شیشه,yoy_change,-0.14165,percent,1402,,جدول 3,ts_building_140404-14050319105758.xlsx
1396-Q4,1396,4,زمستان,گروه شیشه,yoy_change,18.19486,percent,1402,,جدول 3,ts_building_140404-14050319105758.xlsx
1397-Q1,1397,1,بهار,گروه شیشه,yoy_change,26.70939,percent,1402,,جدول 3,ts_building_140404-14050319105758.xlsx
1397-Q2,1397,2,تابستان,گروه شیشه,yoy_change,52.32289,percent,1402,,جدول 3,ts_building_140404-14050319105758.xlsx
1397-Q3,1397,3,پاییز,گروه شیشه,yoy_change,101.43,percent,1402,,جدول 3,ts_building_140404-14050319105758.xlsx
1397-Q4,1397,4,زمستان,گروه شیشه,yoy_change,72.78836,percent,1402,,جدول 3,ts_building_140404-14050319105758.xlsx
1398-Q1,1398,1,بهار,گروه شیشه,yoy_change,77.79855,percent,1402,,جدول 3,ts_building_140404-14050319105758.xlsx
1398-Q2,1398,2,تابستان,گروه شیشه,yoy_change,44.42472,percent,1402,,جدول 3,ts_building_140404-14050319105758.xlsx
1398-Q3,1398,3,پاییز,گروه شیشه,yoy_change,5.1901,percent,1402,,جدول 3,ts_building_140404-14050319105758.xlsx
1398-Q4,1398,4,زمستان,گروه شیشه,yoy_change,11.30252,percent,1402,,جدول 3,ts_building_140404-14050319105758.xlsx
1399-Q1,1399,1,بهار,گروه شیشه,yoy_change,13.95947,percent,1402,,جدول 3,ts_building_140404-14050319105758.xlsx
1399-Q2,1399,2,تابستان,گروه شیشه,yoy_change,31.34974,percent,1402,,جدول 3,ts_building_140404-14050319105758.xlsx
1399-Q3,1399,3,پاییز,گروه شیشه,yoy_change,44.00833,percent,1402,,جدول 3,ts_building_140404-14050319105758.xlsx
1399-Q4,1399,4,زمستان,گروه شیشه,yoy_change,84.44041,percent,1402,,جدول 3,ts_building_140404-14050319105758.xlsx
1400-Q1,1400,1,بهار,گروه شیشه,yoy_change,92.93832,percent,1402,,جدول 3,ts_building_140404-14050319105758.xlsx
1400-Q2,1400,2,تابستان,گروه شیشه,yoy_change,87.16834,percent,1402,,جدول 3,ts_building_140404-14050319105758.xlsx
1400-Q3,1400,3,پاییز,گروه شیشه,yoy_change,98.78598,percent,1402,,جدول 3,ts_building_140404-14050319105758.xlsx
1400-Q4,1400,4,زمستان,گروه شیشه,yoy_change,69.03499,percent,1402,,جدول 3,ts_building_140404-14050319105758.xlsx
1401-Q1,1401,1,بهار,گروه شیشه,yoy_change,92.12751,percent,1402,,جدول 3,ts_building_140404-14050319105758.xlsx
1401-Q2,1401,2,تابستان,گروه شیشه,yoy_change,83.30588,percent,1402,,جدول 3,ts_building_140404-14050319105758.xlsx
1401-Q3,1401,3,پاییز,گروه شیشه,yoy_change,63.87748,percent,1402,,جدول 3,ts_building_140404-14050319105758.xlsx
1401-Q4,1401,4,زمستان,گروه شیشه,yoy_change,87.23722,percent,1402,,جدول 3,ts_building_140404-14050319105758.xlsx
1402-Q1,1402,1,بهار,گروه شیشه,yoy_change,56.55175,percent,1402,,جدول 3,ts_building_140404-14050319105758.xlsx
1402-Q2,1402,2,تابستان,گروه شیشه,yoy_change,51.61981,percent,1402,,جدول 3,ts_building_140404-14050319105758.xlsx
1402-Q3,1402,3,پاییز,گروه شیشه,yoy_change,48.11602,percent,1402,,جدول 3,ts_building_140404-14050319105758.xlsx
1402-Q4,1402,4,زمستان,گروه شیشه,yoy_change,20.96031,percent,1402,,جدول 3,ts_building_140404-14050319105758.xlsx
1403-Q1,1403,1,بهار,گروه شیشه,yoy_change,8.24866,percent,1402,,جدول 3,ts_building_140404-14050319105758.xlsx
1403-Q2,1403,2,تابستان,گروه شیشه,yoy_change,9.54147,percent,1402,,جدول 3,ts_building_140404-14050319105758.xlsx
1403-Q3,1403,3,پاییز,گروه شیشه,yoy_change,16.93506,percent,1402,,جدول 3,ts_building_140404-14050319105758.xlsx
1403-Q4,1403,4,زمستان,گروه شیشه,yoy_change,18.31844,percent,1402,,جدول 3,ts_building_140404-14050319105758.xlsx
1404-Q1,1404,1,بهار,گروه شیشه,yoy_change,23.05515,percent,1402,,جدول 3,ts_building_140404-14050319105758.xlsx
1404-Q2,1404,2,تابستان,گروه شیشه,yoy_change,21.30707,percent,1402,,جدول 3,ts_building_140404-14050319105758.xlsx
1404-Q3,1404,3,پاییز,گروه شیشه,yoy_change,28.20543,percent,1402,,جدول 3,ts_building_140404-14050319105758.xlsx
1404-Q4,1404,4,زمستان,گروه شیشه,yoy_change,43.17487,percent,1402,,جدول 3,ts_building_140404-14050319105758.xlsx
1391-Q1,1391,1,بهار,گروه خدمات,yoy_change,22.7236,percent,1402,,جدول 3,ts_building_140404-14050319105758.xlsx
1391-Q2,1391,2,تابستان,گروه خدمات,yoy_change,28.26399,percent,1402,,جدول 3,ts_building_140404-14050319105758.xlsx
1391-Q3,1391,3,پاییز,گروه خدمات,yoy_change,33.04015,percent,1402,,جدول 3,ts_building_140404-14050319105758.xlsx
1391-Q4,1391,4,زمستان,گروه خدمات,yoy_change,27.40416,percent,1402,,جدول 3,ts_building_140404-14050319105758.xlsx
1392-Q1,1392,1,بهار,گروه خدمات,yoy_change,31.18331,percent,1402,,جدول 3,ts_building_140404-14050319105758.xlsx
1392-Q2,1392,2,تابستان,گروه خدمات,yoy_change,23.89048,percent,1402,,جدول 3,ts_building_140404-14050319105758.xlsx
1392-Q3,1392,3,پاییز,گروه خدمات,yoy_change,21.22175,percent,1402,,جدول 3,ts_building_140404-14050319105758.xlsx
1392-Q4,1392,4,زمستان,گروه خدمات,yoy_change,19.62548,percent,1402,,جدول 3,ts_building_140404-14050319105758.xlsx
1393-Q1,1393,1,بهار,گروه خدمات,yoy_change,9.55917,percent,1402,,جدول 3,ts_building_140404-14050319105758.xlsx
1393-Q2,1393,2,تابستان,گروه خدمات,yoy_change,10.54583,percent,1402,,جدول 3,ts_building_140404-14050319105758.xlsx
1393-Q3,1393,3,پاییز,گروه خدمات,yoy_change,10.56814,percent,1402,,جدول 3,ts_building_140404-14050319105758.xlsx
1393-Q4,1393,4,زمستان,گروه خدمات,yoy_change,10.41057,percent,1402,,جدول 3,ts_building_140404-14050319105758.xlsx
1394-Q1,1394,1,بهار,گروه خدمات,yoy_change,10.51614,percent,1402,,جدول 3,ts_building_140404-14050319105758.xlsx
1394-Q2,1394,2,تابستان,گروه خدمات,yoy_change,12.64881,percent,1402,,جدول 3,ts_building_140404-14050319105758.xlsx
1394-Q3,1394,3,پاییز,گروه خدمات,yoy_change,11.51634,percent,1402,,جدول 3,ts_building_140404-14050319105758.xlsx
1394-Q4,1394,4,زمستان,گروه خدمات,yoy_change,11.70845,percent,1402,,جدول 3,ts_building_140404-14050319105758.xlsx
1395-Q1,1395,1,بهار,گروه خدمات,yoy_change,11.36012,percent,1402,,جدول 3,ts_building_140404-14050319105758.xlsx
1395-Q2,1395,2,تابستان,گروه خدمات,yoy_change,8.31602,percent,1402,,جدول 3,ts_building_140404-14050319105758.xlsx
1395-Q3,1395,3,پاییز,گروه خدمات,yoy_change,8.1609,percent,1402,,جدول 3,ts_building_140404-14050319105758.xlsx
1395-Q4,1395,4,زمستان,گروه خدمات,yoy_change,7.98102,percent,1402,,جدول 3,ts_building_140404-14050319105758.xlsx
1396-Q1,1396,1,بهار,گروه خدمات,yoy_change,5.55249,percent,1402,,جدول 3,ts_building_140404-14050319105758.xlsx
1396-Q2,1396,2,تابستان,گروه خدمات,yoy_change,8.05725,percent,1402,,جدول 3,ts_building_140404-14050319105758.xlsx
1396-Q3,1396,3,پاییز,گروه خدمات,yoy_change,7.80076,percent,1402,,جدول 3,ts_building_140404-14050319105758.xlsx
1396-Q4,1396,4,زمستان,گروه خدمات,yoy_change,8.51109,percent,1402,,جدول 3,ts_building_140404-14050319105758.xlsx
1397-Q1,1397,1,بهار,گروه خدمات,yoy_change,18.32131,percent,1402,,جدول 3,ts_building_140404-14050319105758.xlsx
1397-Q2,1397,2,تابستان,گروه خدمات,yoy_change,19.97237,percent,1402,,جدول 3,ts_building_140404-14050319105758.xlsx
1397-Q3,1397,3,پاییز,گروه خدمات,yoy_change,22.5801,percent,1402,,جدول 3,ts_building_140404-14050319105758.xlsx
1397-Q4,1397,4,زمستان,گروه خدمات,yoy_change,21.77768,percent,1402,,جدول 3,ts_building_140404-14050319105758.xlsx
1398-Q1,1398,1,بهار,گروه خدمات,yoy_change,29.63649,percent,1402,,جدول 3,ts_building_140404-14050319105758.xlsx
1398-Q2,1398,2,تابستان,گروه خدمات,yoy_change,25.53596,percent,1402,,جدول 3,ts_building_140404-14050319105758.xlsx
1398-Q3,1398,3,پاییز,گروه خدمات,yoy_change,22.80211,percent,1402,,جدول 3,ts_building_140404-14050319105758.xlsx
1398-Q4,1398,4,زمستان,گروه خدمات,yoy_change,23.07676,percent,1402,,جدول 3,ts_building_140404-14050319105758.xlsx
1399-Q1,1399,1,بهار,گروه خدمات,yoy_change,27.05378,percent,1402,,جدول 3,ts_building_140404-14050319105758.xlsx
1399-Q2,1399,2,تابستان,گروه خدمات,yoy_change,33.01969,percent,1402,,جدول 3,ts_building_140404-14050319105758.xlsx
1399-Q3,1399,3,پاییز,گروه خدمات,yoy_change,40.33198,percent,1402,,جدول 3,ts_building_140404-14050319105758.xlsx
1399-Q4,1399,4,زمستان,گروه خدمات,yoy_change,40.25265,percent,1402,,جدول 3,ts_building_140404-14050319105758.xlsx
1400-Q1,1400,1,بهار,گروه خدمات,yoy_change,42.35641,percent,1402,,جدول 3,ts_building_140404-14050319105758.xlsx
1400-Q2,1400,2,تابستان,گروه خدمات,yoy_change,38.71391,percent,1402,,جدول 3,ts_building_140404-14050319105758.xlsx
1400-Q3,1400,3,پاییز,گروه خدمات,yoy_change,32.63779,percent,1402,,جدول 3,ts_building_140404-14050319105758.xlsx
1400-Q4,1400,4,زمستان,گروه خدمات,yoy_change,34.20393,percent,1402,,جدول 3,ts_building_140404-14050319105758.xlsx
1401-Q1,1401,1,بهار,گروه خدمات,yoy_change,60.66216,percent,1402,,جدول 3,ts_building_140404-14050319105758.xlsx
1401-Q2,1401,2,تابستان,گروه خدمات,yoy_change,61.35511,percent,1402,,جدول 3,ts_building_140404-14050319105758.xlsx
1401-Q3,1401,3,پاییز,گروه خدمات,yoy_change,59.91009,percent,1402,,جدول 3,ts_building_140404-14050319105758.xlsx
1401-Q4,1401,4,زمستان,گروه خدمات,yoy_change,64.08796,percent,1402,,جدول 3,ts_building_140404-14050319105758.xlsx
1402-Q1,1402,1,بهار,گروه خدمات,yoy_change,38.00695,percent,1402,,جدول 3,ts_building_140404-14050319105758.xlsx
1402-Q2,1402,2,تابستان,گروه خدمات,yoy_change,34.57594,percent,1402,,جدول 3,ts_building_140404-14050319105758.xlsx
1402-Q3,1402,3,پاییز,گروه خدمات,yoy_change,35.52567,percent,1402,,جدول 3,ts_building_140404-14050319105758.xlsx
1402-Q4,1402,4,زمستان,گروه خدمات,yoy_change,31.15088,percent,1402,,جدول 3,ts_building_140404-14050319105758.xlsx
1403-Q1,1403,1,بهار,گروه خدمات,yoy_change,35.38198,percent,1402,,جدول 3,ts_building_140404-14050319105758.xlsx
1403-Q2,1403,2,تابستان,گروه خدمات,yoy_change,34.51022,percent,1402,,جدول 3,ts_building_140404-14050319105758.xlsx
1403-Q3,1403,3,پاییز,گروه خدمات,yoy_change,36.82991,percent,1402,,جدول 3,ts_building_140404-14050319105758.xlsx
1403-Q4,1403,4,زمستان,گروه خدمات,yoy_change,44.65578,percent,1402,,جدول 3,ts_building_140404-14050319105758.xlsx
1404-Q1,1404,1,بهار,گروه خدمات,yoy_change,50.87971,percent,1402,,جدول 3,ts_building_140404-14050319105758.xlsx
1404-Q2,1404,2,تابستان,گروه خدمات,yoy_change,57.95313,percent,1402,,جدول 3,ts_building_140404-14050319105758.xlsx
1404-Q3,1404,3,پاییز,گروه خدمات,yoy_change,75.56536,percent,1402,,جدول 3,ts_building_140404-14050319105758.xlsx
1404-Q4,1404,4,زمستان,گروه خدمات,yoy_change,78.1122,percent,1402,,جدول 3,ts_building_140404-14050319105758.xlsx
1391-Q1,1391,1,بهار,ماشین آلات,yoy_change,,percent,1402,-,جدول 3,ts_building_140404-14050319105758.xlsx
1391-Q2,1391,2,تابستان,ماشین آلات,yoy_change,,percent,1402,-,جدول 3,ts_building_140404-14050319105758.xlsx
1391-Q3,1391,3,پاییز,ماشین آلات,yoy_change,,percent,1402,-,جدول 3,ts_building_140404-14050319105758.xlsx
1391-Q4,1391,4,زمستان,ماشین آلات,yoy_change,,percent,1402,-,جدول 3,ts_building_140404-14050319105758.xlsx
1392-Q1,1392,1,بهار,ماشین آلات,yoy_change,,percent,1402,-,جدول 3,ts_building_140404-14050319105758.xlsx
1392-Q2,1392,2,تابستان,ماشین آلات,yoy_change,,percent,1402,-,جدول 3,ts_building_140404-14050319105758.xlsx
1392-Q3,1392,3,پاییز,ماشین آلات,yoy_change,,percent,1402,-,جدول 3,ts_building_140404-14050319105758.xlsx
1392-Q4,1392,4,زمستان,ماشین آلات,yoy_change,,percent,1402,-,جدول 3,ts_building_140404-14050319105758.xlsx
1393-Q1,1393,1,بهار,ماشین آلات,yoy_change,,percent,1402,-,جدول 3,ts_building_140404-14050319105758.xlsx
1393-Q2,1393,2,تابستان,ماشین آلات,yoy_change,,percent,1402,-,جدول 3,ts_building_140404-14050319105758.xlsx
1393-Q3,1393,3,پاییز,ماشین آلات,yoy_change,,percent,1402,-,جدول 3,ts_building_140404-14050319105758.xlsx
1393-Q4,1393,4,زمستان,ماشین آلات,yoy_change,,percent,1402,-,جدول 3,ts_building_140404-14050319105758.xlsx
1394-Q1,1394,1,بهار,ماشین آلات,yoy_change,,percent,1402,-,جدول 3,ts_building_140404-14050319105758.xlsx
1394-Q2,1394,2,تابستان,ماشین آلات,yoy_change,,percent,1402,-,جدول 3,ts_building_140404-14050319105758.xlsx
1394-Q3,1394,3,پاییز,ماشین آلات,yoy_change,,percent,1402,-,جدول 3,ts_building_140404-14050319105758.xlsx
1394-Q4,1394,4,زمستان,ماشین آلات,yoy_change,,percent,1402,-,جدول 3,ts_building_140404-14050319105758.xlsx
1395-Q1,1395,1,بهار,ماشین آلات,yoy_change,,percent,1402,-,جدول 3,ts_building_140404-14050319105758.xlsx
1395-Q2,1395,2,تابستان,ماشین آلات,yoy_change,,percent,1402,-,جدول 3,ts_building_140404-14050319105758.xlsx
1395-Q3,1395,3,پاییز,ماشین آلات,yoy_change,,percent,1402,-,جدول 3,ts_building_140404-14050319105758.xlsx
1395-Q4,1395,4,زمستان,ماشین آلات,yoy_change,,percent,1402,-,جدول 3,ts_building_140404-14050319105758.xlsx
1396-Q1,1396,1,بهار,ماشین آلات,yoy_change,,percent,1402,-,جدول 3,ts_building_140404-14050319105758.xlsx
1396-Q2,1396,2,تابستان,ماشین آلات,yoy_change,,percent,1402,-,جدول 3,ts_building_140404-14050319105758.xlsx
1396-Q3,1396,3,پاییز,ماشین آلات,yoy_change,,percent,1402,-,جدول 3,ts_building_140404-14050319105758.xlsx
1396-Q4,1396,4,زمستان,ماشین آلات,yoy_change,,percent,1402,-,جدول 3,ts_building_140404-14050319105758.xlsx
1397-Q1,1397,1,بهار,ماشین آلات,yoy_change,,percent,1402,-,جدول 3,ts_building_140404-14050319105758.xlsx
1397-Q2,1397,2,تابستان,ماشین آلات,yoy_change,,percent,1402,-,جدول 3,ts_building_140404-14050319105758.xlsx
1397-Q3,1397,3,پاییز,ماشین آلات,yoy_change,,percent,1402,-,جدول 3,ts_building_140404-14050319105758.xlsx
1397-Q4,1397,4,زمستان,ماشین آلات,yoy_change,,percent,1402,-,جدول 3,ts_building_140404-14050319105758.xlsx
1398-Q1,1398,1,بهار,ماشین آلات,yoy_change,,percent,1402,-,جدول 3,ts_building_140404-14050319105758.xlsx
1398-Q2,1398,2,تابستان,ماشین آلات,yoy_change,,percent,1402,-,جدول 3,ts_building_140404-14050319105758.xlsx
1398-Q3,1398,3,پاییز,ماشین آلات,yoy_change,,percent,1402,-,جدول 3,ts_building_140404-14050319105758.xlsx
1398-Q4,1398,4,زمستان,ماشین آلات,yoy_change,,percent,1402,-,جدول 3,ts_building_140404-14050319105758.xlsx
1399-Q1,1399,1,بهار,ماشین آلات,yoy_change,,percent,1402,-,جدول 3,ts_building_140404-14050319105758.xlsx
1399-Q2,1399,2,تابستان,ماشین آلات,yoy_change,,percent,1402,-,جدول 3,ts_building_140404-14050319105758.xlsx
1399-Q3,1399,3,پاییز,ماشین آلات,yoy_change,,percent,1402,-,جدول 3,ts_building_140404-14050319105758.xlsx
1399-Q4,1399,4,زمستان,ماشین آلات,yoy_change,,percent,1402,-,جدول 3,ts_building_140404-14050319105758.xlsx
1400-Q1,1400,1,بهار,ماشین آلات,yoy_change,,percent,1402,-,جدول 3,ts_building_140404-14050319105758.xlsx
1400-Q2,1400,2,تابستان,ماشین آلات,yoy_change,,percent,1402,-,جدول 3,ts_building_140404-14050319105758.xlsx
1400-Q3,1400,3,پاییز,ماشین آلات,yoy_change,,percent,1402,-,جدول 3,ts_building_140404-14050319105758.xlsx
1400-Q4,1400,4,زمستان,ماشین آلات,yoy_change,,percent,1402,-,جدول 3,ts_building_140404-14050319105758.xlsx
1401-Q1,1401,1,بهار,ماشین آلات,yoy_change,,percent,1402,-,جدول 3,ts_building_140404-14050319105758.xlsx
1401-Q2,1401,2,تابستان,ماشین آلات,yoy_change,,percent,1402,-,جدول 3,ts_building_140404-14050319105758.xlsx
1401-Q3,1401,3,پاییز,ماشین آلات,yoy_change,,percent,1402,-,جدول 3,ts_building_140404-14050319105758.xlsx
1401-Q4,1401,4,زمستان,ماشین آلات,yoy_change,,percent,1402,-,جدول 3,ts_building_140404-14050319105758.xlsx
1402-Q1,1402,1,بهار,ماشین آلات,yoy_change,,percent,1402,-,جدول 3,ts_building_140404-14050319105758.xlsx
1402-Q2,1402,2,تابستان,ماشین آلات,yoy_change,,percent,1402,-,جدول 3,ts_building_140404-14050319105758.xlsx
1402-Q3,1402,3,پاییز,ماشین آلات,yoy_change,,percent,1402,-,جدول 3,ts_building_140404-14050319105758.xlsx
1402-Q4,1402,4,زمستان,ماشین آلات,yoy_change,,percent,1402,-,جدول 3,ts_building_140404-14050319105758.xlsx
1403-Q1,1403,1,بهار,ماشین آلات,yoy_change,40.88687,percent,1402,,جدول 3,ts_building_140404-14050319105758.xlsx
1403-Q2,1403,2,تابستان,ماشین آلات,yoy_change,35.25163,percent,1402,,جدول 3,ts_building_140404-14050319105758.xlsx
1403-Q3,1403,3,پاییز,ماشین آلات,yoy_change,35.25163,percent,1402,,جدول 3,ts_building_140404-14050319105758.xlsx
1403-Q4,1403,4,زمستان,ماشین آلات,yoy_change,40.6133,percent,1402,,جدول 3,ts_building_140404-14050319105758.xlsx
1404-Q1,1404,1,بهار,ماشین آلات,yoy_change,56.4666,percent,1402,,جدول 3,ts_building_140404-14050319105758.xlsx
1404-Q2,1404,2,تابستان,ماشین آلات,yoy_change,28.84945,percent,1402,,جدول 3,ts_building_140404-14050319105758.xlsx
1404-Q3,1404,3,پاییز,ماشین آلات,yoy_change,31.9624,percent,1402,,جدول 3,ts_building_140404-14050319105758.xlsx
1404-Q4,1404,4,زمستان,ماشین آلات,yoy_change,28.82234,percent,1402,,جدول 3,ts_building_140404-14050319105758.xlsx
1391-Q1,1391,1,بهار,شاخص کل,four_quarter_change,,percent,1402,×,جدول 4,ts_building_140404-14050319105758.xlsx
1391-Q2,1391,2,تابستان,شاخص کل,four_quarter_change,,percent,1402,×,جدول 4,ts_building_140404-14050319105758.xlsx
1391-Q3,1391,3,پاییز,شاخص کل,four_quarter_change,,percent,1402,×,جدول 4,ts_building_140404-14050319105758.xlsx
1391-Q4,1391,4,زمستان,شاخص کل,four_quarter_change,36.70607,percent,1402,,جدول 4,ts_building_140404-14050319105758.xlsx
1392-Q1,1392,1,بهار,شاخص کل,four_quarter_change,42.52049,percent,1402,,جدول 4,ts_building_140404-14050319105758.xlsx
1392-Q2,1392,2,تابستان,شاخص کل,four_quarter_change,40.22158,percent,1402,,جدول 4,ts_building_140404-14050319105758.xlsx
1392-Q3,1392,3,پاییز,شاخص کل,four_quarter_change,31.462,percent,1402,,جدول 4,ts_building_140404-14050319105758.xlsx
1392-Q4,1392,4,زمستان,شاخص کل,four_quarter_change,23.8123,percent,1402,,جدول 4,ts_building_140404-14050319105758.xlsx
1393-Q1,1393,1,بهار,شاخص کل,four_quarter_change,14.17795,percent,1402,,جدول 4,ts_building_140404-14050319105758.xlsx
1393-Q2,1393,2,تابستان,شاخص کل,four_quarter_change,9.58481,percent,1402,,جدول 4,ts_building_140404-14050319105758.xlsx
1393-Q3,1393,3,پاییز,شاخص کل,four_quarter_change,8.6683,percent,1402,,جدول 4,ts_building_140404-14050319105758.xlsx
1393-Q4,1393,4,زمستان,شاخص کل,four_quarter_change,6.65437,percent,1402,,جدول 4,ts_building_140404-14050319105758.xlsx
1394-Q1,1394,1,بهار,شاخص کل,four_quarter_change,5.44468,percent,1402,,جدول 4,ts_building_140404-14050319105758.xlsx
1394-Q2,1394,2,تابستان,شاخص کل,four_quarter_change,2.44423,percent,1402,,جدول 4,ts_building_140404-14050319105758.xlsx
1394-Q3,1394,3,پاییز,شاخص کل,four_quarter_change,-1.27485,percent,1402,,جدول 4,ts_building_140404-14050319105758.xlsx
1394-Q4,1394,4,زمستان,شاخص کل,four_quarter_change,-1.83754,percent,1402,,جدول 4,ts_building_140404-14050319105758.xlsx
1395-Q1,1395,1,بهار,شاخص کل,four_quarter_change,-1.09513,percent,1402,,جدول 4,ts_building_140404-14050319105758.xlsx
1395-Q2,1395,2,تابستان,شاخص کل,four_quarter_change,0.79913,percent,1402,,جدول 4,ts_building_140404-14050319105758.xlsx
1395-Q3,1395,3,پاییز,شاخص کل,four_quarter_change,4.47572,percent,1402,,جدول 4,ts_building_140404-14050319105758.xlsx
1395-Q4,1395,4,زمستان,شاخص کل,four_quarter_change,6.60349,percent,1402,,جدول 4,ts_building_140404-14050319105758.xlsx
1396-Q1,1396,1,بهار,شاخص کل,four_quarter_change,7.61563,percent,1402,,جدول 4,ts_building_140404-14050319105758.xlsx
1396-Q2,1396,2,تابستان,شاخص کل,four_quarter_change,9.90168,percent,1402,,جدول 4,ts_building_140404-14050319105758.xlsx
1396-Q3,1396,3,پاییز,شاخص کل,four_quarter_change,10.4471,percent,1402,,جدول 4,ts_building_140404-14050319105758.xlsx
1396-Q4,1396,4,زمستان,شاخص کل,four_quarter_change,12.29152,percent,1402,,جدول 4,ts_building_140404-14050319105758.xlsx
1397-Q1,1397,1,بهار,شاخص کل,four_quarter_change,17.34948,percent,1402,,جدول 4,ts_building_140404-14050319105758.xlsx
1397-Q2,1397,2,تابستان,شاخص کل,four_quarter_change,26.73527,percent,1402,,جدول 4,ts_building_140404-14050319105758.xlsx
1397-Q3,1397,3,پاییز,شاخص کل,four_quarter_change,37.13791,percent,1402,,جدول 4,ts_building_140404-14050319105758.xlsx
1397-Q4,1397,4,زمستان,شاخص کل,four_quarter_change,47.7531,percent,1402,,جدول 4,ts_building_140404-14050319105758.xlsx
1398-Q1,1398,1,بهار,شاخص کل,four_quarter_change,56.24809,percent,1402,,جدول 4,ts_building_140404-14050319105758.xlsx
1398-Q2,1398,2,تابستان,شاخص کل,four_quarter_change,49.29305,percent,1402,,جدول 4,ts_building_140404-14050319105758.xlsx
1398-Q3,1398,3,پاییز,شاخص کل,four_quarter_change,42.15808,percent,1402,,جدول 4,ts_building_140404-14050319105758.xlsx
1398-Q4,1398,4,زمستان,شاخص کل,four_quarter_change,35.09491,percent,1402,,جدول 4,ts_building_140404-14050319105758.xlsx
1399-Q1,1399,1,بهار,شاخص کل,four_quarter_change,29.34044,percent,1402,,جدول 4,ts_building_140404-14050319105758.xlsx
1399-Q2,1399,2,تابستان,شاخص کل,four_quarter_change,40.77513,percent,1402,,جدول 4,ts_building_140404-14050319105758.xlsx
1399-Q3,1399,3,پاییز,شاخص کل,four_quarter_change,59.64557,percent,1402,,جدول 4,ts_building_140404-14050319105758.xlsx
1399-Q4,1399,4,زمستان,شاخص کل,four_quarter_change,76.38392,percent,1402,,جدول 4,ts_building_140404-14050319105758.xlsx
1400-Q1,1400,1,بهار,شاخص کل,four_quarter_change,93.46096,percent,1402,,جدول 4,ts_building_140404-14050319105758.xlsx
1400-Q2,1400,2,تابستان,شاخص کل,four_quarter_change,88.35916,percent,1402,,جدول 4,ts_building_140404-14050319105758.xlsx
1400-Q3,1400,3,پاییز,شاخص کل,four_quarter_change,69.85421,percent,1402,,جدول 4,ts_building_140404-14050319105758.xlsx
1400-Q4,1400,4,زمستان,شاخص کل,four_quarter_change,55.30189,percent,1402,,جدول 4,ts_building_140404-14050319105758.xlsx
1401-Q1,1401,1,بهار,شاخص کل,four_quarter_change,44.78433,percent,1402,,جدول 4,ts_building_140404-14050319105758.xlsx
1401-Q2,1401,2,تابستان,شاخص کل,four_quarter_change,36.70906,percent,1402,,جدول 4,ts_building_140404-14050319105758.xlsx
1401-Q3,1401,3,پاییز,شاخص کل,four_quarter_change,34.74347,percent,1402,,جدول 4,ts_building_140404-14050319105758.xlsx
1401-Q4,1401,4,زمستان,شاخص کل,four_quarter_change,39.99109,percent,1402,,جدول 4,ts_building_140404-14050319105758.xlsx
1402-Q1,1402,1,بهار,شاخص کل,four_quarter_change,39.40159,percent,1402,,جدول 4,ts_building_140404-14050319105758.xlsx
1402-Q2,1402,2,تابستان,شاخص کل,four_quarter_change,43.61288,percent,1402,,جدول 4,ts_building_140404-14050319105758.xlsx
1402-Q3,1402,3,پاییز,شاخص کل,four_quarter_change,45.12152,percent,1402,,جدول 4,ts_building_140404-14050319105758.xlsx
1402-Q4,1402,4,زمستان,شاخص کل,four_quarter_change,37.13283,percent,1402,,جدول 4,ts_building_140404-14050319105758.xlsx
1403-Q1,1403,1,بهار,شاخص کل,four_quarter_change,31.3221,percent,1402,,جدول 4,ts_building_140404-14050319105758.xlsx
1403-Q2,1403,2,تابستان,شاخص کل,four_quarter_change,25.8309,percent,1402,,جدول 4,ts_building_140404-14050319105758.xlsx
1403-Q3,1403,3,پاییز,شاخص کل,four_quarter_change,24.07484,percent,1402,,جدول 4,ts_building_140404-14050319105758.xlsx
1403-Q4,1403,4,زمستان,شاخص کل,four_quarter_change,26.55265,percent,1402,,جدول 4,ts_building_140404-14050319105758.xlsx
1404-Q1,1404,1,بهار,شاخص کل,four_quarter_change,31.3688,percent,1402,,جدول 4,ts_building_140404-14050319105758.xlsx
1404-Q2,1404,2,تابستان,شاخص کل,four_quarter_change,36.72129,percent,1402,,جدول 4,ts_building_140404-14050319105758.xlsx
1404-Q3,1404,3,پاییز,شاخص کل,four_quarter_change,44.9223,percent,1402,,جدول 4,ts_building_140404-14050319105758.xlsx
1404-Q4,1404,4,زمستان,شاخص کل,four_quarter_change,61.8073,percent,1402,,جدول 4,ts_building_140404-14050319105758.xlsx
1391-Q1,1391,1,بهار,گروه سیمان بتن شن ماسه,four_quarter_change,,percent,1402,×,جدول 4,ts_building_140404-14050319105758.xlsx
1391-Q2,1391,2,تابستان,گروه سیمان بتن شن ماسه,four_quarter_change,,percent,1402,×,جدول 4,ts_building_140404-14050319105758.xlsx
1391-Q3,1391,3,پاییز,گروه سیمان بتن شن ماسه,four_quarter_change,,percent,1402,×,جدول 4,ts_building_140404-14050319105758.xlsx
1391-Q4,1391,4,زمستان,گروه سیمان بتن شن ماسه,four_quarter_change,23.08257,percent,1402,,جدول 4,ts_building_140404-14050319105758.xlsx
1392-Q1,1392,1,بهار,گروه سیمان بتن شن ماسه,four_quarter_change,28.13894,percent,1402,,جدول 4,ts_building_140404-14050319105758.xlsx
1392-Q2,1392,2,تابستان,گروه سیمان بتن شن ماسه,four_quarter_change,33.20513,percent,1402,,جدول 4,ts_building_140404-14050319105758.xlsx
1392-Q3,1392,3,پاییز,گروه سیمان بتن شن ماسه,four_quarter_change,28.91191,percent,1402,,جدول 4,ts_building_140404-14050319105758.xlsx
1392-Q4,1392,4,زمستان,گروه سیمان بتن شن ماسه,four_quarter_change,28.34793,percent,1402,,جدول 4,ts_building_140404-14050319105758.xlsx
1393-Q1,1393,1,بهار,گروه سیمان بتن شن ماسه,four_quarter_change,21.31764,percent,1402,,جدول 4,ts_building_140404-14050319105758.xlsx
1393-Q2,1393,2,تابستان,گروه سیمان بتن شن ماسه,four_quarter_change,17.84806,percent,1402,,جدول 4,ts_building_140404-14050319105758.xlsx
1393-Q3,1393,3,پاییز,گروه سیمان بتن شن ماسه,four_quarter_change,18.10384,percent,1402,,جدول 4,ts_building_140404-14050319105758.xlsx
1393-Q4,1393,4,زمستان,گروه سیمان بتن شن ماسه,four_quarter_change,14.04459,percent,1402,,جدول 4,ts_building_140404-14050319105758.xlsx
1394-Q1,1394,1,بهار,گروه سیمان بتن شن ماسه,four_quarter_change,12.00478,percent,1402,,جدول 4,ts_building_140404-14050319105758.xlsx
1394-Q2,1394,2,تابستان,گروه سیمان بتن شن ماسه,four_quarter_change,6.4473,percent,1402,,جدول 4,ts_building_140404-14050319105758.xlsx
1394-Q3,1394,3,پاییز,گروه سیمان بتن شن ماسه,four_quarter_change,1.28863,percent,1402,,جدول 4,ts_building_140404-14050319105758.xlsx
1394-Q4,1394,4,زمستان,گروه سیمان بتن شن ماسه,four_quarter_change,-0.60807,percent,1402,,جدول 4,ts_building_140404-14050319105758.xlsx
1395-Q1,1395,1,بهار,گروه سیمان بتن شن ماسه,four_quarter_change,-1.96652,percent,1402,,جدول 4,ts_building_140404-14050319105758.xlsx
1395-Q2,1395,2,تابستان,گروه سیمان بتن شن ماسه,four_quarter_change,-1.0872,percent,1402,,جدول 4,ts_building_140404-14050319105758.xlsx
1395-Q3,1395,3,پاییز,گروه سیمان بتن شن ماسه,four_quarter_change,1.55012,percent,1402,,جدول 4,ts_building_140404-14050319105758.xlsx
1395-Q4,1395,4,زمستان,گروه سیمان بتن شن ماسه,four_quarter_change,3.11741,percent,1402,,جدول 4,ts_building_140404-14050319105758.xlsx
1396-Q1,1396,1,بهار,گروه سیمان بتن شن ماسه,four_quarter_change,5.46407,percent,1402,,جدول 4,ts_building_140404-14050319105758.xlsx
1396-Q2,1396,2,تابستان,گروه سیمان بتن شن ماسه,four_quarter_change,9.61583,percent,1402,,جدول 4,ts_building_140404-14050319105758.xlsx
1396-Q3,1396,3,پاییز,گروه سیمان بتن شن ماسه,four_quarter_change,11.75283,percent,1402,,جدول 4,ts_building_140404-14050319105758.xlsx
1396-Q4,1396,4,زمستان,گروه سیمان بتن شن ماسه,four_quarter_change,14.90597,percent,1402,,جدول 4,ts_building_140404-14050319105758.xlsx
1397-Q1,1397,1,بهار,گروه سیمان بتن شن ماسه,four_quarter_change,17.67832,percent,1402,,جدول 4,ts_building_140404-14050319105758.xlsx
1397-Q2,1397,2,تابستان,گروه سیمان بتن شن ماسه,four_quarter_change,17.47383,percent,1402,,جدول 4,ts_building_140404-14050319105758.xlsx
1397-Q3,1397,3,پاییز,گروه سیمان بتن شن ماسه,four_quarter_change,20.21721,percent,1402,,جدول 4,ts_building_140404-14050319105758.xlsx
1397-Q4,1397,4,زمستان,گروه سیمان بتن شن ماسه,four_quarter_change,24.5244,percent,1402,,جدول 4,ts_building_140404-14050319105758.xlsx
1398-Q1,1398,1,بهار,گروه سیمان بتن شن ماسه,four_quarter_change,34.07737,percent,1402,,جدول 4,ts_building_140404-14050319105758.xlsx
1398-Q2,1398,2,تابستان,گروه سیمان بتن شن ماسه,four_quarter_change,45.4253,percent,1402,,جدول 4,ts_building_140404-14050319105758.xlsx
1398-Q3,1398,3,پاییز,گروه سیمان بتن شن ماسه,four_quarter_change,50.12581,percent,1402,,جدول 4,ts_building_140404-14050319105758.xlsx
1398-Q4,1398,4,زمستان,گروه سیمان بتن شن ماسه,four_quarter_change,48.57175,percent,1402,,جدول 4,ts_building_140404-14050319105758.xlsx
1399-Q1,1399,1,بهار,گروه سیمان بتن شن ماسه,four_quarter_change,42.66586,percent,1402,,جدول 4,ts_building_140404-14050319105758.xlsx
1399-Q2,1399,2,تابستان,گروه سیمان بتن شن ماسه,four_quarter_change,38.46703,percent,1402,,جدول 4,ts_building_140404-14050319105758.xlsx
1399-Q3,1399,3,پاییز,گروه سیمان بتن شن ماسه,four_quarter_change,55.99597,percent,1402,,جدول 4,ts_building_140404-14050319105758.xlsx
1399-Q4,1399,4,زمستان,گروه سیمان بتن شن ماسه,four_quarter_change,80.28707,percent,1402,,جدول 4,ts_building_140404-14050319105758.xlsx
1400-Q1,1400,1,بهار,گروه سیمان بتن شن ماسه,four_quarter_change,107.82477,percent,1402,,جدول 4,ts_building_140404-14050319105758.xlsx
1400-Q2,1400,2,تابستان,گروه سیمان بتن شن ماسه,four_quarter_change,133.63591,percent,1402,,جدول 4,ts_building_140404-14050319105758.xlsx
1400-Q3,1400,3,پاییز,گروه سیمان بتن شن ماسه,four_quarter_change,108.90242,percent,1402,,جدول 4,ts_building_140404-14050319105758.xlsx
1400-Q4,1400,4,زمستان,گروه سیمان بتن شن ماسه,four_quarter_change,80.71625,percent,1402,,جدول 4,ts_building_140404-14050319105758.xlsx
1401-Q1,1401,1,بهار,گروه سیمان بتن شن ماسه,four_quarter_change,68.52071,percent,1402,,جدول 4,ts_building_140404-14050319105758.xlsx
1401-Q2,1401,2,تابستان,گروه سیمان بتن شن ماسه,four_quarter_change,43.64694,percent,1402,,جدول 4,ts_building_140404-14050319105758.xlsx
1401-Q3,1401,3,پاییز,گروه سیمان بتن شن ماسه,four_quarter_change,37.44449,percent,1402,,جدول 4,ts_building_140404-14050319105758.xlsx
1401-Q4,1401,4,زمستان,گروه سیمان بتن شن ماسه,four_quarter_change,40.74994,percent,1402,,جدول 4,ts_building_140404-14050319105758.xlsx
1402-Q1,1402,1,بهار,گروه سیمان بتن شن ماسه,four_quarter_change,27.07799,percent,1402,,جدول 4,ts_building_140404-14050319105758.xlsx
1402-Q2,1402,2,تابستان,گروه سیمان بتن شن ماسه,four_quarter_change,34.05438,percent,1402,,جدول 4,ts_building_140404-14050319105758.xlsx
1402-Q3,1402,3,پاییز,گروه سیمان بتن شن ماسه,four_quarter_change,40.50771,percent,1402,,جدول 4,ts_building_140404-14050319105758.xlsx
1402-Q4,1402,4,زمستان,گروه سیمان بتن شن ماسه,four_quarter_change,39.53494,percent,1402,,جدول 4,ts_building_140404-14050319105758.xlsx
1403-Q1,1403,1,بهار,گروه سیمان بتن شن ماسه,four_quarter_change,46.3947,percent,1402,,جدول 4,ts_building_140404-14050319105758.xlsx
1403-Q2,1403,2,تابستان,گروه سیمان بتن شن ماسه,four_quarter_change,44.12517,percent,1402,,جدول 4,ts_building_140404-14050319105758.xlsx
1403-Q3,1403,3,پاییز,گروه سیمان بتن شن ماسه,four_quarter_change,43.83758,percent,1402,,جدول 4,ts_building_140404-14050319105758.xlsx
1403-Q4,1403,4,زمستان,گروه سیمان بتن شن ماسه,four_quarter_change,46.48806,percent,1402,,جدول 4,ts_building_140404-14050319105758.xlsx
1404-Q1,1404,1,بهار,گروه سیمان بتن شن ماسه,four_quarter_change,47.32503,percent,1402,,جدول 4,ts_building_140404-14050319105758.xlsx
1404-Q2,1404,2,تابستان,گروه سیمان بتن شن ماسه,four_quarter_change,48.34285,percent,1402,,جدول 4,ts_building_140404-14050319105758.xlsx
1404-Q3,1404,3,پاییز,گروه سیمان بتن شن ماسه,four_quarter_change,43.1887,percent,1402,,جدول 4,ts_building_140404-14050319105758.xlsx
1404-Q4,1404,4,زمستان,گروه سیمان بتن شن ماسه,four_quarter_change,39.13625,percent,1402,,جدول 4,ts_building_140404-14050319105758.xlsx
1391-Q1,1391,1,بهار,گروه گچ و گچ کاری,four_quarter_change,,percent,1402,×,جدول 4,ts_building_140404-14050319105758.xlsx
1391-Q2,1391,2,تابستان,گروه گچ و گچ کاری,four_quarter_change,,percent,1402,×,جدول 4,ts_building_140404-14050319105758.xlsx
1391-Q3,1391,3,پاییز,گروه گچ و گچ کاری,four_quarter_change,,percent,1402,×,جدول 4,ts_building_140404-14050319105758.xlsx
1391-Q4,1391,4,زمستان,گروه گچ و گچ کاری,four_quarter_change,34.01419,percent,1402,,جدول 4,ts_building_140404-14050319105758.xlsx
1392-Q1,1392,1,بهار,گروه گچ و گچ کاری,four_quarter_change,39.40591,percent,1402,,جدول 4,ts_building_140404-14050319105758.xlsx
1392-Q2,1392,2,تابستان,گروه گچ و گچ کاری,four_quarter_change,43.23668,percent,1402,,جدول 4,ts_building_140404-14050319105758.xlsx
1392-Q3,1392,3,پاییز,گروه گچ و گچ کاری,four_quarter_change,36.44682,percent,1402,,جدول 4,ts_building_140404-14050319105758.xlsx
1392-Q4,1392,4,زمستان,گروه گچ و گچ کاری,four_quarter_change,28.84825,percent,1402,,جدول 4,ts_building_140404-14050319105758.xlsx
1393-Q1,1393,1,بهار,گروه گچ و گچ کاری,four_quarter_change,22.66367,percent,1402,,جدول 4,ts_building_140404-14050319105758.xlsx
1393-Q2,1393,2,تابستان,گروه گچ و گچ کاری,four_quarter_change,17.24112,percent,1402,,جدول 4,ts_building_140404-14050319105758.xlsx
1393-Q3,1393,3,پاییز,گروه گچ و گچ کاری,four_quarter_change,15.63442,percent,1402,,جدول 4,ts_building_140404-14050319105758.xlsx
1393-Q4,1393,4,زمستان,گروه گچ و گچ کاری,four_quarter_change,14.05901,percent,1402,,جدول 4,ts_building_140404-14050319105758.xlsx
1394-Q1,1394,1,بهار,گروه گچ و گچ کاری,four_quarter_change,9.23419,percent,1402,,جدول 4,ts_building_140404-14050319105758.xlsx
1394-Q2,1394,2,تابستان,گروه گچ و گچ کاری,four_quarter_change,4.59305,percent,1402,,جدول 4,ts_building_140404-14050319105758.xlsx
1394-Q3,1394,3,پاییز,گروه گچ و گچ کاری,four_quarter_change,1.85904,percent,1402,,جدول 4,ts_building_140404-14050319105758.xlsx
1394-Q4,1394,4,زمستان,گروه گچ و گچ کاری,four_quarter_change,-0.66257,percent,1402,,جدول 4,ts_building_140404-14050319105758.xlsx
1395-Q1,1395,1,بهار,گروه گچ و گچ کاری,four_quarter_change,-0.62644,percent,1402,,جدول 4,ts_building_140404-14050319105758.xlsx
1395-Q2,1395,2,تابستان,گروه گچ و گچ کاری,four_quarter_change,0.22473,percent,1402,,جدول 4,ts_building_140404-14050319105758.xlsx
1395-Q3,1395,3,پاییز,گروه گچ و گچ کاری,four_quarter_change,-0.0268,percent,1402,,جدول 4,ts_building_140404-14050319105758.xlsx
1395-Q4,1395,4,زمستان,گروه گچ و گچ کاری,four_quarter_change,-0.03385,percent,1402,,جدول 4,ts_building_140404-14050319105758.xlsx
1396-Q1,1396,1,بهار,گروه گچ و گچ کاری,four_quarter_change,1.19604,percent,1402,,جدول 4,ts_building_140404-14050319105758.xlsx
1396-Q2,1396,2,تابستان,گروه گچ و گچ کاری,four_quarter_change,1.786,percent,1402,,جدول 4,ts_building_140404-14050319105758.xlsx
1396-Q3,1396,3,پاییز,گروه گچ و گچ کاری,four_quarter_change,2.25973,percent,1402,,جدول 4,ts_building_140404-14050319105758.xlsx
1396-Q4,1396,4,زمستان,گروه گچ و گچ کاری,four_quarter_change,3.62367,percent,1402,,جدول 4,ts_building_140404-14050319105758.xlsx
1397-Q1,1397,1,بهار,گروه گچ و گچ کاری,four_quarter_change,5.76371,percent,1402,,جدول 4,ts_building_140404-14050319105758.xlsx
1397-Q2,1397,2,تابستان,گروه گچ و گچ کاری,four_quarter_change,13.74497,percent,1402,,جدول 4,ts_building_140404-14050319105758.xlsx
1397-Q3,1397,3,پاییز,گروه گچ و گچ کاری,four_quarter_change,30.22805,percent,1402,,جدول 4,ts_building_140404-14050319105758.xlsx
1397-Q4,1397,4,زمستان,گروه گچ و گچ کاری,four_quarter_change,44.69557,percent,1402,,جدول 4,ts_building_140404-14050319105758.xlsx
1398-Q1,1398,1,بهار,گروه گچ و گچ کاری,four_quarter_change,61.70475,percent,1402,,جدول 4,ts_building_140404-14050319105758.xlsx
1398-Q2,1398,2,تابستان,گروه گچ و گچ کاری,four_quarter_change,64.22135,percent,1402,,جدول 4,ts_building_140404-14050319105758.xlsx
1398-Q3,1398,3,پاییز,گروه گچ و گچ کاری,four_quarter_change,51.66222,percent,1402,,جدول 4,ts_building_140404-14050319105758.xlsx
1398-Q4,1398,4,زمستان,گروه گچ و گچ کاری,four_quarter_change,43.37679,percent,1402,,جدول 4,ts_building_140404-14050319105758.xlsx
1399-Q1,1399,1,بهار,گروه گچ و گچ کاری,four_quarter_change,33.51762,percent,1402,,جدول 4,ts_building_140404-14050319105758.xlsx
1399-Q2,1399,2,تابستان,گروه گچ و گچ کاری,four_quarter_change,34.04054,percent,1402,,جدول 4,ts_building_140404-14050319105758.xlsx
1399-Q3,1399,3,پاییز,گروه گچ و گچ کاری,four_quarter_change,48.11133,percent,1402,,جدول 4,ts_building_140404-14050319105758.xlsx
1399-Q4,1399,4,زمستان,گروه گچ و گچ کاری,four_quarter_change,61.94217,percent,1402,,جدول 4,ts_building_140404-14050319105758.xlsx
1400-Q1,1400,1,بهار,گروه گچ و گچ کاری,four_quarter_change,76.31944,percent,1402,,جدول 4,ts_building_140404-14050319105758.xlsx
1400-Q2,1400,2,تابستان,گروه گچ و گچ کاری,four_quarter_change,81.68683,percent,1402,,جدول 4,ts_building_140404-14050319105758.xlsx
1400-Q3,1400,3,پاییز,گروه گچ و گچ کاری,four_quarter_change,66.55348,percent,1402,,جدول 4,ts_building_140404-14050319105758.xlsx
1400-Q4,1400,4,زمستان,گروه گچ و گچ کاری,four_quarter_change,53.82167,percent,1402,,جدول 4,ts_building_140404-14050319105758.xlsx
1401-Q1,1401,1,بهار,گروه گچ و گچ کاری,four_quarter_change,45.06553,percent,1402,,جدول 4,ts_building_140404-14050319105758.xlsx
1401-Q2,1401,2,تابستان,گروه گچ و گچ کاری,four_quarter_change,38.52762,percent,1402,,جدول 4,ts_building_140404-14050319105758.xlsx
1401-Q3,1401,3,پاییز,گروه گچ و گچ کاری,four_quarter_change,38.20794,percent,1402,,جدول 4,ts_building_140404-14050319105758.xlsx
1401-Q4,1401,4,زمستان,گروه گچ و گچ کاری,four_quarter_change,38.08058,percent,1402,,جدول 4,ts_building_140404-14050319105758.xlsx
1402-Q1,1402,1,بهار,گروه گچ و گچ کاری,four_quarter_change,33.1995,percent,1402,,جدول 4,ts_building_140404-14050319105758.xlsx
1402-Q2,1402,2,تابستان,گروه گچ و گچ کاری,four_quarter_change,36.22164,percent,1402,,جدول 4,ts_building_140404-14050319105758.xlsx
1402-Q3,1402,3,پاییز,گروه گچ و گچ کاری,four_quarter_change,40.27813,percent,1402,,جدول 4,ts_building_140404-14050319105758.xlsx
1402-Q4,1402,4,زمستان,گروه گچ و گچ کاری,four_quarter_change,50.34716,percent,1402,,جدول 4,ts_building_140404-14050319105758.xlsx
1403-Q1,1403,1,بهار,گروه گچ و گچ کاری,four_quarter_change,58.46976,percent,1402,,جدول 4,ts_building_140404-14050319105758.xlsx
1403-Q2,1403,2,تابستان,گروه گچ و گچ کاری,four_quarter_change,57.87389,percent,1402,,جدول 4,ts_building_140404-14050319105758.xlsx
1403-Q3,1403,3,پاییز,گروه گچ و گچ کاری,four_quarter_change,57.33378,percent,1402,,جدول 4,ts_building_140404-14050319105758.xlsx
1403-Q4,1403,4,زمستان,گروه گچ و گچ کاری,four_quarter_change,52.69743,percent,1402,,جدول 4,ts_building_140404-14050319105758.xlsx
1404-Q1,1404,1,بهار,گروه گچ و گچ کاری,four_quarter_change,57.59559,percent,1402,,جدول 4,ts_building_140404-14050319105758.xlsx
1404-Q2,1404,2,تابستان,گروه گچ و گچ کاری,four_quarter_change,60.51128,percent,1402,,جدول 4,ts_building_140404-14050319105758.xlsx
1404-Q3,1404,3,پاییز,گروه گچ و گچ کاری,four_quarter_change,62.91992,percent,1402,,جدول 4,ts_building_140404-14050319105758.xlsx
1404-Q4,1404,4,زمستان,گروه گچ و گچ کاری,four_quarter_change,64.27436,percent,1402,,جدول 4,ts_building_140404-14050319105758.xlsx
1391-Q1,1391,1,بهار,گروه انواع بلوک سفال آجر,four_quarter_change,,percent,1402,×,جدول 4,ts_building_140404-14050319105758.xlsx
1391-Q2,1391,2,تابستان,گروه انواع بلوک سفال آجر,four_quarter_change,,percent,1402,×,جدول 4,ts_building_140404-14050319105758.xlsx
1391-Q3,1391,3,پاییز,گروه انواع بلوک سفال آجر,four_quarter_change,,percent,1402,×,جدول 4,ts_building_140404-14050319105758.xlsx
1391-Q4,1391,4,زمستان,گروه انواع بلوک سفال آجر,four_quarter_change,24.12438,percent,1402,,جدول 4,ts_building_140404-14050319105758.xlsx
1392-Q1,1392,1,بهار,گروه انواع بلوک سفال آجر,four_quarter_change,26.50453,percent,1402,,جدول 4,ts_building_140404-14050319105758.xlsx
1392-Q2,1392,2,تابستان,گروه انواع بلوک سفال آجر,four_quarter_change,25.69217,percent,1402,,جدول 4,ts_building_140404-14050319105758.xlsx
1392-Q3,1392,3,پاییز,گروه انواع بلوک سفال آجر,four_quarter_change,22.24575,percent,1402,,جدول 4,ts_building_140404-14050319105758.xlsx
1392-Q4,1392,4,زمستان,گروه انواع بلوک سفال آجر,four_quarter_change,16.94907,percent,1402,,جدول 4,ts_building_140404-14050319105758.xlsx
1393-Q1,1393,1,بهار,گروه انواع بلوک سفال آجر,four_quarter_change,10.93898,percent,1402,,جدول 4,ts_building_140404-14050319105758.xlsx
1393-Q2,1393,2,تابستان,گروه انواع بلوک سفال آجر,four_quarter_change,9.8455,percent,1402,,جدول 4,ts_building_140404-14050319105758.xlsx
1393-Q3,1393,3,پاییز,گروه انواع بلوک سفال آجر,four_quarter_change,10.66874,percent,1402,,جدول 4,ts_building_140404-14050319105758.xlsx
1393-Q4,1393,4,زمستان,گروه انواع بلوک سفال آجر,four_quarter_change,12.57422,percent,1402,,جدول 4,ts_building_140404-14050319105758.xlsx
1394-Q1,1394,1,بهار,گروه انواع بلوک سفال آجر,four_quarter_change,14.60969,percent,1402,,جدول 4,ts_building_140404-14050319105758.xlsx
1394-Q2,1394,2,تابستان,گروه انواع بلوک سفال آجر,four_quarter_change,10.77033,percent,1402,,جدول 4,ts_building_140404-14050319105758.xlsx
1394-Q3,1394,3,پاییز,گروه انواع بلوک سفال آجر,four_quarter_change,6.35342,percent,1402,,جدول 4,ts_building_140404-14050319105758.xlsx
1394-Q4,1394,4,زمستان,گروه انواع بلوک سفال آجر,four_quarter_change,2.24791,percent,1402,,جدول 4,ts_building_140404-14050319105758.xlsx
1395-Q1,1395,1,بهار,گروه انواع بلوک سفال آجر,four_quarter_change,-0.28378,percent,1402,,جدول 4,ts_building_140404-14050319105758.xlsx
1395-Q2,1395,2,تابستان,گروه انواع بلوک سفال آجر,four_quarter_change,-0.01398,percent,1402,,جدول 4,ts_building_140404-14050319105758.xlsx
1395-Q3,1395,3,پاییز,گروه انواع بلوک سفال آجر,four_quarter_change,1.2251,percent,1402,,جدول 4,ts_building_140404-14050319105758.xlsx
1395-Q4,1395,4,زمستان,گروه انواع بلوک سفال آجر,four_quarter_change,2.16197,percent,1402,,جدول 4,ts_building_140404-14050319105758.xlsx
1396-Q1,1396,1,بهار,گروه انواع بلوک سفال آجر,four_quarter_change,3.27367,percent,1402,,جدول 4,ts_building_140404-14050319105758.xlsx
1396-Q2,1396,2,تابستان,گروه انواع بلوک سفال آجر,four_quarter_change,4.30815,percent,1402,,جدول 4,ts_building_140404-14050319105758.xlsx
1396-Q3,1396,3,پاییز,گروه انواع بلوک سفال آجر,four_quarter_change,4.51391,percent,1402,,جدول 4,ts_building_140404-14050319105758.xlsx
1396-Q4,1396,4,زمستان,گروه انواع بلوک سفال آجر,four_quarter_change,5.4565,percent,1402,,جدول 4,ts_building_140404-14050319105758.xlsx
1397-Q1,1397,1,بهار,گروه انواع بلوک سفال آجر,four_quarter_change,6.97312,percent,1402,,جدول 4,ts_building_140404-14050319105758.xlsx
1397-Q2,1397,2,تابستان,گروه انواع بلوک سفال آجر,four_quarter_change,10.80646,percent,1402,,جدول 4,ts_building_140404-14050319105758.xlsx
1397-Q3,1397,3,پاییز,گروه انواع بلوک سفال آجر,four_quarter_change,18.4546,percent,1402,,جدول 4,ts_building_140404-14050319105758.xlsx
1397-Q4,1397,4,زمستان,گروه انواع بلوک سفال آجر,four_quarter_change,27.95611,percent,1402,,جدول 4,ts_building_140404-14050319105758.xlsx
1398-Q1,1398,1,بهار,گروه انواع بلوک سفال آجر,four_quarter_change,42.87143,percent,1402,,جدول 4,ts_building_140404-14050319105758.xlsx
1398-Q2,1398,2,تابستان,گروه انواع بلوک سفال آجر,four_quarter_change,52.96778,percent,1402,,جدول 4,ts_building_140404-14050319105758.xlsx
1398-Q3,1398,3,پاییز,گروه انواع بلوک سفال آجر,four_quarter_change,55.80287,percent,1402,,جدول 4,ts_building_140404-14050319105758.xlsx
1398-Q4,1398,4,زمستان,گروه انواع بلوک سفال آجر,four_quarter_change,53.90113,percent,1402,,جدول 4,ts_building_140404-14050319105758.xlsx
1399-Q1,1399,1,بهار,گروه انواع بلوک سفال آجر,four_quarter_change,45.4141,percent,1402,,جدول 4,ts_building_140404-14050319105758.xlsx
1399-Q2,1399,2,تابستان,گروه انواع بلوک سفال آجر,four_quarter_change,49.05615,percent,1402,,جدول 4,ts_building_140404-14050319105758.xlsx
1399-Q3,1399,3,پاییز,گروه انواع بلوک سفال آجر,four_quarter_change,62.36665,percent,1402,,جدول 4,ts_building_140404-14050319105758.xlsx
1399-Q4,1399,4,زمستان,گروه انواع بلوک سفال آجر,four_quarter_change,78.24479,percent,1402,,جدول 4,ts_building_140404-14050319105758.xlsx
1400-Q1,1400,1,بهار,گروه انواع بلوک سفال آجر,four_quarter_change,94.01978,percent,1402,,جدول 4,ts_building_140404-14050319105758.xlsx
1400-Q2,1400,2,تابستان,گروه انواع بلوک سفال آجر,four_quarter_change,89.36226,percent,1402,,جدول 4,ts_building_140404-14050319105758.xlsx
1400-Q3,1400,3,پاییز,گروه انواع بلوک سفال آجر,four_quarter_change,73.01084,percent,1402,,جدول 4,ts_building_140404-14050319105758.xlsx
1400-Q4,1400,4,زمستان,گروه انواع بلوک سفال آجر,four_quarter_change,57.89008,percent,1402,,جدول 4,ts_building_140404-14050319105758.xlsx
1401-Q1,1401,1,بهار,گروه انواع بلوک سفال آجر,four_quarter_change,46.49944,percent,1402,,جدول 4,ts_building_140404-14050319105758.xlsx
1401-Q2,1401,2,تابستان,گروه انواع بلوک سفال آجر,four_quarter_change,42.95031,percent,1402,,جدول 4,ts_building_140404-14050319105758.xlsx
1401-Q3,1401,3,پاییز,گروه انواع بلوک سفال آجر,four_quarter_change,39.83096,percent,1402,,جدول 4,ts_building_140404-14050319105758.xlsx
1401-Q4,1401,4,زمستان,گروه انواع بلوک سفال آجر,four_quarter_change,38.07369,percent,1402,,جدول 4,ts_building_140404-14050319105758.xlsx
1402-Q1,1402,1,بهار,گروه انواع بلوک سفال آجر,four_quarter_change,36.43535,percent,1402,,جدول 4,ts_building_140404-14050319105758.xlsx
1402-Q2,1402,2,تابستان,گروه انواع بلوک سفال آجر,four_quarter_change,35.2571,percent,1402,,جدول 4,ts_building_140404-14050319105758.xlsx
1402-Q3,1402,3,پاییز,گروه انواع بلوک سفال آجر,four_quarter_change,36.47668,percent,1402,,جدول 4,ts_building_140404-14050319105758.xlsx
1402-Q4,1402,4,زمستان,گروه انواع بلوک سفال آجر,four_quarter_change,43.08471,percent,1402,,جدول 4,ts_building_140404-14050319105758.xlsx
1403-Q1,1403,1,بهار,گروه انواع بلوک سفال آجر,four_quarter_change,46.15835,percent,1402,,جدول 4,ts_building_140404-14050319105758.xlsx
1403-Q2,1403,2,تابستان,گروه انواع بلوک سفال آجر,four_quarter_change,45.7942,percent,1402,,جدول 4,ts_building_140404-14050319105758.xlsx
1403-Q3,1403,3,پاییز,گروه انواع بلوک سفال آجر,four_quarter_change,47.98087,percent,1402,,جدول 4,ts_building_140404-14050319105758.xlsx
1403-Q4,1403,4,زمستان,گروه انواع بلوک سفال آجر,four_quarter_change,45.65305,percent,1402,,جدول 4,ts_building_140404-14050319105758.xlsx
1404-Q1,1404,1,بهار,گروه انواع بلوک سفال آجر,four_quarter_change,49.93607,percent,1402,,جدول 4,ts_building_140404-14050319105758.xlsx
1404-Q2,1404,2,تابستان,گروه انواع بلوک سفال آجر,four_quarter_change,55.03752,percent,1402,,جدول 4,ts_building_140404-14050319105758.xlsx
1404-Q3,1404,3,پاییز,گروه انواع بلوک سفال آجر,four_quarter_change,55.80981,percent,1402,,جدول 4,ts_building_140404-14050319105758.xlsx
1404-Q4,1404,4,زمستان,گروه انواع بلوک سفال آجر,four_quarter_change,51.71309,percent,1402,,جدول 4,ts_building_140404-14050319105758.xlsx
1391-Q1,1391,1,بهار,گروه موزاییک کاشی سرامیک,four_quarter_change,,percent,1402,×,جدول 4,ts_building_140404-14050319105758.xlsx
1391-Q2,1391,2,تابستان,گروه موزاییک کاشی سرامیک,four_quarter_change,,percent,1402,×,جدول 4,ts_building_140404-14050319105758.xlsx
1391-Q3,1391,3,پاییز,گروه موزاییک کاشی سرامیک,four_quarter_change,,percent,1402,×,جدول 4,ts_building_140404-14050319105758.xlsx
1391-Q4,1391,4,زمستان,گروه موزاییک کاشی سرامیک,four_quarter_change,20.35448,percent,1402,,جدول 4,ts_building_140404-14050319105758.xlsx
1392-Q1,1392,1,بهار,گروه موزاییک کاشی سرامیک,four_quarter_change,26.08647,percent,1402,,جدول 4,ts_building_140404-14050319105758.xlsx
1392-Q2,1392,2,تابستان,گروه موزاییک کاشی سرامیک,four_quarter_change,31.53882,percent,1402,,جدول 4,ts_building_140404-14050319105758.xlsx
1392-Q3,1392,3,پاییز,گروه موزاییک کاشی سرامیک,four_quarter_change,29.82462,percent,1402,,جدول 4,ts_building_140404-14050319105758.xlsx
1392-Q4,1392,4,زمستان,گروه موزاییک کاشی سرامیک,four_quarter_change,28.46743,percent,1402,,جدول 4,ts_building_140404-14050319105758.xlsx
1393-Q1,1393,1,بهار,گروه موزاییک کاشی سرامیک,four_quarter_change,21.95676,percent,1402,,جدول 4,ts_building_140404-14050319105758.xlsx
1393-Q2,1393,2,تابستان,گروه موزاییک کاشی سرامیک,four_quarter_change,16.15081,percent,1402,,جدول 4,ts_building_140404-14050319105758.xlsx
1393-Q3,1393,3,پاییز,گروه موزاییک کاشی سرامیک,four_quarter_change,13.62756,percent,1402,,جدول 4,ts_building_140404-14050319105758.xlsx
1393-Q4,1393,4,زمستان,گروه موزاییک کاشی سرامیک,four_quarter_change,11.2586,percent,1402,,جدول 4,ts_building_140404-14050319105758.xlsx
1394-Q1,1394,1,بهار,گروه موزاییک کاشی سرامیک,four_quarter_change,9.60949,percent,1402,,جدول 4,ts_building_140404-14050319105758.xlsx
1394-Q2,1394,2,تابستان,گروه موزاییک کاشی سرامیک,four_quarter_change,8.30881,percent,1402,,جدول 4,ts_building_140404-14050319105758.xlsx
1394-Q3,1394,3,پاییز,گروه موزاییک کاشی سرامیک,four_quarter_change,5.66655,percent,1402,,جدول 4,ts_building_140404-14050319105758.xlsx
1394-Q4,1394,4,زمستان,گروه موزاییک کاشی سرامیک,four_quarter_change,3.26937,percent,1402,,جدول 4,ts_building_140404-14050319105758.xlsx
1395-Q1,1395,1,بهار,گروه موزاییک کاشی سرامیک,four_quarter_change,1.96958,percent,1402,,جدول 4,ts_building_140404-14050319105758.xlsx
1395-Q2,1395,2,تابستان,گروه موزاییک کاشی سرامیک,four_quarter_change,0.76816,percent,1402,,جدول 4,ts_building_140404-14050319105758.xlsx
1395-Q3,1395,3,پاییز,گروه موزاییک کاشی سرامیک,four_quarter_change,0.68246,percent,1402,,جدول 4,ts_building_140404-14050319105758.xlsx
1395-Q4,1395,4,زمستان,گروه موزاییک کاشی سرامیک,four_quarter_change,0.7092,percent,1402,,جدول 4,ts_building_140404-14050319105758.xlsx
1396-Q1,1396,1,بهار,گروه موزاییک کاشی سرامیک,four_quarter_change,1.61036,percent,1402,,جدول 4,ts_building_140404-14050319105758.xlsx
1396-Q2,1396,2,تابستان,گروه موزاییک کاشی سرامیک,four_quarter_change,3.16533,percent,1402,,جدول 4,ts_building_140404-14050319105758.xlsx
1396-Q3,1396,3,پاییز,گروه موزاییک کاشی سرامیک,four_quarter_change,4.71637,percent,1402,,جدول 4,ts_building_140404-14050319105758.xlsx
1396-Q4,1396,4,زمستان,گروه موزاییک کاشی سرامیک,four_quarter_change,6.30082,percent,1402,,جدول 4,ts_building_140404-14050319105758.xlsx
1397-Q1,1397,1,بهار,گروه موزاییک کاشی سرامیک,four_quarter_change,8.45526,percent,1402,,جدول 4,ts_building_140404-14050319105758.xlsx
1397-Q2,1397,2,تابستان,گروه موزاییک کاشی سرامیک,four_quarter_change,14.39319,percent,1402,,جدول 4,ts_building_140404-14050319105758.xlsx
1397-Q3,1397,3,پاییز,گروه موزاییک کاشی سرامیک,four_quarter_change,25.71752,percent,1402,,جدول 4,ts_building_140404-14050319105758.xlsx
1397-Q4,1397,4,زمستان,گروه موزاییک کاشی سرامیک,four_quarter_change,38.02538,percent,1402,,جدول 4,ts_building_140404-14050319105758.xlsx
1398-Q1,1398,1,بهار,گروه موزاییک کاشی سرامیک,four_quarter_change,53.71874,percent,1402,,جدول 4,ts_building_140404-14050319105758.xlsx
1398-Q2,1398,2,تابستان,گروه موزاییک کاشی سرامیک,four_quarter_change,59.30243,percent,1402,,جدول 4,ts_building_140404-14050319105758.xlsx
1398-Q3,1398,3,پاییز,گروه موزاییک کاشی سرامیک,four_quarter_change,52.42617,percent,1402,,جدول 4,ts_building_140404-14050319105758.xlsx
1398-Q4,1398,4,زمستان,گروه موزاییک کاشی سرامیک,four_quarter_change,45.33218,percent,1402,,جدول 4,ts_building_140404-14050319105758.xlsx
1399-Q1,1399,1,بهار,گروه موزاییک کاشی سرامیک,four_quarter_change,35.39491,percent,1402,,جدول 4,ts_building_140404-14050319105758.xlsx
1399-Q2,1399,2,تابستان,گروه موزاییک کاشی سرامیک,four_quarter_change,38.00026,percent,1402,,جدول 4,ts_building_140404-14050319105758.xlsx
1399-Q3,1399,3,پاییز,گروه موزاییک کاشی سرامیک,four_quarter_change,56.39361,percent,1402,,جدول 4,ts_building_140404-14050319105758.xlsx
1399-Q4,1399,4,زمستان,گروه موزاییک کاشی سرامیک,four_quarter_change,75.64078,percent,1402,,جدول 4,ts_building_140404-14050319105758.xlsx
1400-Q1,1400,1,بهار,گروه موزاییک کاشی سرامیک,four_quarter_change,94.70373,percent,1402,,جدول 4,ts_building_140404-14050319105758.xlsx
1400-Q2,1400,2,تابستان,گروه موزاییک کاشی سرامیک,four_quarter_change,96.80468,percent,1402,,جدول 4,ts_building_140404-14050319105758.xlsx
1400-Q3,1400,3,پاییز,گروه موزاییک کاشی سرامیک,four_quarter_change,77.88624,percent,1402,,جدول 4,ts_building_140404-14050319105758.xlsx
1400-Q4,1400,4,زمستان,گروه موزاییک کاشی سرامیک,four_quarter_change,61.14577,percent,1402,,جدول 4,ts_building_140404-14050319105758.xlsx
1401-Q1,1401,1,بهار,گروه موزاییک کاشی سرامیک,four_quarter_change,50.0347,percent,1402,,جدول 4,ts_building_140404-14050319105758.xlsx
1401-Q2,1401,2,تابستان,گروه موزاییک کاشی سرامیک,four_quarter_change,41.77142,percent,1402,,جدول 4,ts_building_140404-14050319105758.xlsx
1401-Q3,1401,3,پاییز,گروه موزاییک کاشی سرامیک,four_quarter_change,38.27285,percent,1402,,جدول 4,ts_building_140404-14050319105758.xlsx
1401-Q4,1401,4,زمستان,گروه موزاییک کاشی سرامیک,four_quarter_change,37.9748,percent,1402,,جدول 4,ts_building_140404-14050319105758.xlsx
1402-Q1,1402,1,بهار,گروه موزاییک کاشی سرامیک,four_quarter_change,34.83735,percent,1402,,جدول 4,ts_building_140404-14050319105758.xlsx
1402-Q2,1402,2,تابستان,گروه موزاییک کاشی سرامیک,four_quarter_change,35.58135,percent,1402,,جدول 4,ts_building_140404-14050319105758.xlsx
1402-Q3,1402,3,پاییز,گروه موزاییک کاشی سرامیک,four_quarter_change,37.51602,percent,1402,,جدول 4,ts_building_140404-14050319105758.xlsx
1402-Q4,1402,4,زمستان,گروه موزاییک کاشی سرامیک,four_quarter_change,39.26404,percent,1402,,جدول 4,ts_building_140404-14050319105758.xlsx
1403-Q1,1403,1,بهار,گروه موزاییک کاشی سرامیک,four_quarter_change,40.49031,percent,1402,,جدول 4,ts_building_140404-14050319105758.xlsx
1403-Q2,1403,2,تابستان,گروه موزاییک کاشی سرامیک,four_quarter_change,39.61988,percent,1402,,جدول 4,ts_building_140404-14050319105758.xlsx
1403-Q3,1403,3,پاییز,گروه موزاییک کاشی سرامیک,four_quarter_change,38.79818,percent,1402,,جدول 4,ts_building_140404-14050319105758.xlsx
1403-Q4,1403,4,زمستان,گروه موزاییک کاشی سرامیک,four_quarter_change,38.06102,percent,1402,,جدول 4,ts_building_140404-14050319105758.xlsx
1404-Q1,1404,1,بهار,گروه موزاییک کاشی سرامیک,four_quarter_change,39.7224,percent,1402,,جدول 4,ts_building_140404-14050319105758.xlsx
1404-Q2,1404,2,تابستان,گروه موزاییک کاشی سرامیک,four_quarter_change,43.07583,percent,1402,,جدول 4,ts_building_140404-14050319105758.xlsx
1404-Q3,1404,3,پاییز,گروه موزاییک کاشی سرامیک,four_quarter_change,49.39252,percent,1402,,جدول 4,ts_building_140404-14050319105758.xlsx
1404-Q4,1404,4,زمستان,گروه موزاییک کاشی سرامیک,four_quarter_change,57.36971,percent,1402,,جدول 4,ts_building_140404-14050319105758.xlsx
1391-Q1,1391,1,بهار,گروه سنگ,four_quarter_change,,percent,1402,×,جدول 4,ts_building_140404-14050319105758.xlsx
1391-Q2,1391,2,تابستان,گروه سنگ,four_quarter_change,,percent,1402,×,جدول 4,ts_building_140404-14050319105758.xlsx
1391-Q3,1391,3,پاییز,گروه سنگ,four_quarter_change,,percent,1402,×,جدول 4,ts_building_140404-14050319105758.xlsx
1391-Q4,1391,4,زمستان,گروه سنگ,four_quarter_change,35.63394,percent,1402,,جدول 4,ts_building_140404-14050319105758.xlsx
1392-Q1,1392,1,بهار,گروه سنگ,four_quarter_change,44.18766,percent,1402,,جدول 4,ts_building_140404-14050319105758.xlsx
1392-Q2,1392,2,تابستان,گروه سنگ,four_quarter_change,51.09457,percent,1402,,جدول 4,ts_building_140404-14050319105758.xlsx
1392-Q3,1392,3,پاییز,گروه سنگ,four_quarter_change,45.64354,percent,1402,,جدول 4,ts_building_140404-14050319105758.xlsx
1392-Q4,1392,4,زمستان,گروه سنگ,four_quarter_change,37.94984,percent,1402,,جدول 4,ts_building_140404-14050319105758.xlsx
1393-Q1,1393,1,بهار,گروه سنگ,four_quarter_change,27.7271,percent,1402,,جدول 4,ts_building_140404-14050319105758.xlsx
1393-Q2,1393,2,تابستان,گروه سنگ,four_quarter_change,18.17879,percent,1402,,جدول 4,ts_building_140404-14050319105758.xlsx
1393-Q3,1393,3,پاییز,گروه سنگ,four_quarter_change,13.76999,percent,1402,,جدول 4,ts_building_140404-14050319105758.xlsx
1393-Q4,1393,4,زمستان,گروه سنگ,four_quarter_change,10.84559,percent,1402,,جدول 4,ts_building_140404-14050319105758.xlsx
1394-Q1,1394,1,بهار,گروه سنگ,four_quarter_change,7.83603,percent,1402,,جدول 4,ts_building_140404-14050319105758.xlsx
1394-Q2,1394,2,تابستان,گروه سنگ,four_quarter_change,4.90479,percent,1402,,جدول 4,ts_building_140404-14050319105758.xlsx
1394-Q3,1394,3,پاییز,گروه سنگ,four_quarter_change,1.81447,percent,1402,,جدول 4,ts_building_140404-14050319105758.xlsx
1394-Q4,1394,4,زمستان,گروه سنگ,four_quarter_change,-0.32272,percent,1402,,جدول 4,ts_building_140404-14050319105758.xlsx
1395-Q1,1395,1,بهار,گروه سنگ,four_quarter_change,-0.92782,percent,1402,,جدول 4,ts_building_140404-14050319105758.xlsx
1395-Q2,1395,2,تابستان,گروه سنگ,four_quarter_change,-0.68506,percent,1402,,جدول 4,ts_building_140404-14050319105758.xlsx
1395-Q3,1395,3,پاییز,گروه سنگ,four_quarter_change,0.0857,percent,1402,,جدول 4,ts_building_140404-14050319105758.xlsx
1395-Q4,1395,4,زمستان,گروه سنگ,four_quarter_change,0.16178,percent,1402,,جدول 4,ts_building_140404-14050319105758.xlsx
1396-Q1,1396,1,بهار,گروه سنگ,four_quarter_change,0.32842,percent,1402,,جدول 4,ts_building_140404-14050319105758.xlsx
1396-Q2,1396,2,تابستان,گروه سنگ,four_quarter_change,-0.11525,percent,1402,,جدول 4,ts_building_140404-14050319105758.xlsx
1396-Q3,1396,3,پاییز,گروه سنگ,four_quarter_change,-0.50552,percent,1402,,جدول 4,ts_building_140404-14050319105758.xlsx
1396-Q4,1396,4,زمستان,گروه سنگ,four_quarter_change,-0.41319,percent,1402,,جدول 4,ts_building_140404-14050319105758.xlsx
1397-Q1,1397,1,بهار,گروه سنگ,four_quarter_change,1.3572,percent,1402,,جدول 4,ts_building_140404-14050319105758.xlsx
1397-Q2,1397,2,تابستان,گروه سنگ,four_quarter_change,7.39994,percent,1402,,جدول 4,ts_building_140404-14050319105758.xlsx
1397-Q3,1397,3,پاییز,گروه سنگ,four_quarter_change,17.32262,percent,1402,,جدول 4,ts_building_140404-14050319105758.xlsx
1397-Q4,1397,4,زمستان,گروه سنگ,four_quarter_change,27.83984,percent,1402,,جدول 4,ts_building_140404-14050319105758.xlsx
1398-Q1,1398,1,بهار,گروه سنگ,four_quarter_change,38.36748,percent,1402,,جدول 4,ts_building_140404-14050319105758.xlsx
1398-Q2,1398,2,تابستان,گروه سنگ,four_quarter_change,41.07176,percent,1402,,جدول 4,ts_building_140404-14050319105758.xlsx
1398-Q3,1398,3,پاییز,گروه سنگ,four_quarter_change,38.28511,percent,1402,,جدول 4,ts_building_140404-14050319105758.xlsx
1398-Q4,1398,4,زمستان,گروه سنگ,four_quarter_change,34.63053,percent,1402,,جدول 4,ts_building_140404-14050319105758.xlsx
1399-Q1,1399,1,بهار,گروه سنگ,four_quarter_change,34.19581,percent,1402,,جدول 4,ts_building_140404-14050319105758.xlsx
1399-Q2,1399,2,تابستان,گروه سنگ,four_quarter_change,45.64116,percent,1402,,جدول 4,ts_building_140404-14050319105758.xlsx
1399-Q3,1399,3,پاییز,گروه سنگ,four_quarter_change,67.24552,percent,1402,,جدول 4,ts_building_140404-14050319105758.xlsx
1399-Q4,1399,4,زمستان,گروه سنگ,four_quarter_change,94.6565,percent,1402,,جدول 4,ts_building_140404-14050319105758.xlsx
1400-Q1,1400,1,بهار,گروه سنگ,four_quarter_change,120.32665,percent,1402,,جدول 4,ts_building_140404-14050319105758.xlsx
1400-Q2,1400,2,تابستان,گروه سنگ,four_quarter_change,121.99574,percent,1402,,جدول 4,ts_building_140404-14050319105758.xlsx
1400-Q3,1400,3,پاییز,گروه سنگ,four_quarter_change,104.35341,percent,1402,,جدول 4,ts_building_140404-14050319105758.xlsx
1400-Q4,1400,4,زمستان,گروه سنگ,four_quarter_change,81.93672,percent,1402,,جدول 4,ts_building_140404-14050319105758.xlsx
1401-Q1,1401,1,بهار,گروه سنگ,four_quarter_change,57.2051,percent,1402,,جدول 4,ts_building_140404-14050319105758.xlsx
1401-Q2,1401,2,تابستان,گروه سنگ,four_quarter_change,42.99746,percent,1402,,جدول 4,ts_building_140404-14050319105758.xlsx
1401-Q3,1401,3,پاییز,گروه سنگ,four_quarter_change,33.68843,percent,1402,,جدول 4,ts_building_140404-14050319105758.xlsx
1401-Q4,1401,4,زمستان,گروه سنگ,four_quarter_change,31.96089,percent,1402,,جدول 4,ts_building_140404-14050319105758.xlsx
1402-Q1,1402,1,بهار,گروه سنگ,four_quarter_change,33.03329,percent,1402,,جدول 4,ts_building_140404-14050319105758.xlsx
1402-Q2,1402,2,تابستان,گروه سنگ,four_quarter_change,33.51306,percent,1402,,جدول 4,ts_building_140404-14050319105758.xlsx
1402-Q3,1402,3,پاییز,گروه سنگ,four_quarter_change,34.31236,percent,1402,,جدول 4,ts_building_140404-14050319105758.xlsx
1402-Q4,1402,4,زمستان,گروه سنگ,four_quarter_change,30.16857,percent,1402,,جدول 4,ts_building_140404-14050319105758.xlsx
1403-Q1,1403,1,بهار,گروه سنگ,four_quarter_change,27.03515,percent,1402,,جدول 4,ts_building_140404-14050319105758.xlsx
1403-Q2,1403,2,تابستان,گروه سنگ,four_quarter_change,24.67789,percent,1402,,جدول 4,ts_building_140404-14050319105758.xlsx
1403-Q3,1403,3,پاییز,گروه سنگ,four_quarter_change,25.13169,percent,1402,,جدول 4,ts_building_140404-14050319105758.xlsx
1403-Q4,1403,4,زمستان,گروه سنگ,four_quarter_change,28.67472,percent,1402,,جدول 4,ts_building_140404-14050319105758.xlsx
1404-Q1,1404,1,بهار,گروه سنگ,four_quarter_change,33.94976,percent,1402,,جدول 4,ts_building_140404-14050319105758.xlsx
1404-Q2,1404,2,تابستان,گروه سنگ,four_quarter_change,40.5005,percent,1402,,جدول 4,ts_building_140404-14050319105758.xlsx
1404-Q3,1404,3,پاییز,گروه سنگ,four_quarter_change,46.30551,percent,1402,,جدول 4,ts_building_140404-14050319105758.xlsx
1404-Q4,1404,4,زمستان,گروه سنگ,four_quarter_change,51.6605,percent,1402,,جدول 4,ts_building_140404-14050319105758.xlsx
1391-Q1,1391,1,بهار,گروه آهن آلات میلگرد پروفیل درب و پنجره و نرده,four_quarter_change,,percent,1402,×,جدول 4,ts_building_140404-14050319105758.xlsx
1391-Q2,1391,2,تابستان,گروه آهن آلات میلگرد پروفیل درب و پنجره و نرده,four_quarter_change,,percent,1402,×,جدول 4,ts_building_140404-14050319105758.xlsx
1391-Q3,1391,3,پاییز,گروه آهن آلات میلگرد پروفیل درب و پنجره و نرده,four_quarter_change,,percent,1402,×,جدول 4,ts_building_140404-14050319105758.xlsx
1391-Q4,1391,4,زمستان,گروه آهن آلات میلگرد پروفیل درب و پنجره و نرده,four_quarter_change,46.27346,percent,1402,,جدول 4,ts_building_140404-14050319105758.xlsx
1392-Q1,1392,1,بهار,گروه آهن آلات میلگرد پروفیل درب و پنجره و نرده,four_quarter_change,53.80484,percent,1402,,جدول 4,ts_building_140404-14050319105758.xlsx
1392-Q2,1392,2,تابستان,گروه آهن آلات میلگرد پروفیل درب و پنجره و نرده,four_quarter_change,37.12744,percent,1402,,جدول 4,ts_building_140404-14050319105758.xlsx
1392-Q3,1392,3,پاییز,گروه آهن آلات میلگرد پروفیل درب و پنجره و نرده,four_quarter_change,23.17527,percent,1402,,جدول 4,ts_building_140404-14050319105758.xlsx
1392-Q4,1392,4,زمستان,گروه آهن آلات میلگرد پروفیل درب و پنجره و نرده,four_quarter_change,13.11516,percent,1402,,جدول 4,ts_building_140404-14050319105758.xlsx
1393-Q1,1393,1,بهار,گروه آهن آلات میلگرد پروفیل درب و پنجره و نرده,four_quarter_change,1.31454,percent,1402,,جدول 4,ts_building_140404-14050319105758.xlsx
1393-Q2,1393,2,تابستان,گروه آهن آلات میلگرد پروفیل درب و پنجره و نرده,four_quarter_change,-1.24764,percent,1402,,جدول 4,ts_building_140404-14050319105758.xlsx
1393-Q3,1393,3,پاییز,گروه آهن آلات میلگرد پروفیل درب و پنجره و نرده,four_quarter_change,-0.9286,percent,1402,,جدول 4,ts_building_140404-14050319105758.xlsx
1393-Q4,1393,4,زمستان,گروه آهن آلات میلگرد پروفیل درب و پنجره و نرده,four_quarter_change,-4.78189,percent,1402,,جدول 4,ts_building_140404-14050319105758.xlsx
1394-Q1,1394,1,بهار,گروه آهن آلات میلگرد پروفیل درب و پنجره و نرده,four_quarter_change,-8.50133,percent,1402,,جدول 4,ts_building_140404-14050319105758.xlsx
1394-Q2,1394,2,تابستان,گروه آهن آلات میلگرد پروفیل درب و پنجره و نرده,four_quarter_change,-13.74678,percent,1402,,جدول 4,ts_building_140404-14050319105758.xlsx
1394-Q3,1394,3,پاییز,گروه آهن آلات میلگرد پروفیل درب و پنجره و نرده,four_quarter_change,-20.98527,percent,1402,,جدول 4,ts_building_140404-14050319105758.xlsx
1394-Q4,1394,4,زمستان,گروه آهن آلات میلگرد پروفیل درب و پنجره و نرده,four_quarter_change,-21.35963,percent,1402,,جدول 4,ts_building_140404-14050319105758.xlsx
1395-Q1,1395,1,بهار,گروه آهن آلات میلگرد پروفیل درب و پنجره و نرده,four_quarter_change,-17.52888,percent,1402,,جدول 4,ts_building_140404-14050319105758.xlsx
1395-Q2,1395,2,تابستان,گروه آهن آلات میلگرد پروفیل درب و پنجره و نرده,four_quarter_change,-11.00595,percent,1402,,جدول 4,ts_building_140404-14050319105758.xlsx
1395-Q3,1395,3,پاییز,گروه آهن آلات میلگرد پروفیل درب و پنجره و نرده,four_quarter_change,2.94113,percent,1402,,جدول 4,ts_building_140404-14050319105758.xlsx
1395-Q4,1395,4,زمستان,گروه آهن آلات میلگرد پروفیل درب و پنجره و نرده,four_quarter_change,13.34621,percent,1402,,جدول 4,ts_building_140404-14050319105758.xlsx
1396-Q1,1396,1,بهار,گروه آهن آلات میلگرد پروفیل درب و پنجره و نرده,four_quarter_change,17.63801,percent,1402,,جدول 4,ts_building_140404-14050319105758.xlsx
1396-Q2,1396,2,تابستان,گروه آهن آلات میلگرد پروفیل درب و پنجره و نرده,four_quarter_change,27.43307,percent,1402,,جدول 4,ts_building_140404-14050319105758.xlsx
1396-Q3,1396,3,پاییز,گروه آهن آلات میلگرد پروفیل درب و پنجره و نرده,four_quarter_change,27.51075,percent,1402,,جدول 4,ts_building_140404-14050319105758.xlsx
1396-Q4,1396,4,زمستان,گروه آهن آلات میلگرد پروفیل درب و پنجره و نرده,four_quarter_change,32.88595,percent,1402,,جدول 4,ts_building_140404-14050319105758.xlsx
1397-Q1,1397,1,بهار,گروه آهن آلات میلگرد پروفیل درب و پنجره و نرده,four_quarter_change,47.12081,percent,1402,,جدول 4,ts_building_140404-14050319105758.xlsx
1397-Q2,1397,2,تابستان,گروه آهن آلات میلگرد پروفیل درب و پنجره و نرده,four_quarter_change,62.56835,percent,1402,,جدول 4,ts_building_140404-14050319105758.xlsx
1397-Q3,1397,3,پاییز,گروه آهن آلات میلگرد پروفیل درب و پنجره و نرده,four_quarter_change,71.44507,percent,1402,,جدول 4,ts_building_140404-14050319105758.xlsx
1397-Q4,1397,4,زمستان,گروه آهن آلات میلگرد پروفیل درب و پنجره و نرده,four_quarter_change,80.9679,percent,1402,,جدول 4,ts_building_140404-14050319105758.xlsx
1398-Q1,1398,1,بهار,گروه آهن آلات میلگرد پروفیل درب و پنجره و نرده,four_quarter_change,75.92451,percent,1402,,جدول 4,ts_building_140404-14050319105758.xlsx
1398-Q2,1398,2,تابستان,گروه آهن آلات میلگرد پروفیل درب و پنجره و نرده,four_quarter_change,44.9977,percent,1402,,جدول 4,ts_building_140404-14050319105758.xlsx
1398-Q3,1398,3,پاییز,گروه آهن آلات میلگرد پروفیل درب و پنجره و نرده,four_quarter_change,35.51378,percent,1402,,جدول 4,ts_building_140404-14050319105758.xlsx
1398-Q4,1398,4,زمستان,گروه آهن آلات میلگرد پروفیل درب و پنجره و نرده,four_quarter_change,28.47269,percent,1402,,جدول 4,ts_building_140404-14050319105758.xlsx
1399-Q1,1399,1,بهار,گروه آهن آلات میلگرد پروفیل درب و پنجره و نرده,four_quarter_change,29.36248,percent,1402,,جدول 4,ts_building_140404-14050319105758.xlsx
1399-Q2,1399,2,تابستان,گروه آهن آلات میلگرد پروفیل درب و پنجره و نرده,four_quarter_change,71.87442,percent,1402,,جدول 4,ts_building_140404-14050319105758.xlsx
1399-Q3,1399,3,پاییز,گروه آهن آلات میلگرد پروفیل درب و پنجره و نرده,four_quarter_change,105.47504,percent,1402,,جدول 4,ts_building_140404-14050319105758.xlsx
1399-Q4,1399,4,زمستان,گروه آهن آلات میلگرد پروفیل درب و پنجره و نرده,four_quarter_change,119.5975,percent,1402,,جدول 4,ts_building_140404-14050319105758.xlsx
1400-Q1,1400,1,بهار,گروه آهن آلات میلگرد پروفیل درب و پنجره و نرده,four_quarter_change,134.16632,percent,1402,,جدول 4,ts_building_140404-14050319105758.xlsx
1400-Q2,1400,2,تابستان,گروه آهن آلات میلگرد پروفیل درب و پنجره و نرده,four_quarter_change,91.37237,percent,1402,,جدول 4,ts_building_140404-14050319105758.xlsx
1400-Q3,1400,3,پاییز,گروه آهن آلات میلگرد پروفیل درب و پنجره و نرده,four_quarter_change,62.18547,percent,1402,,جدول 4,ts_building_140404-14050319105758.xlsx
1400-Q4,1400,4,زمستان,گروه آهن آلات میلگرد پروفیل درب و پنجره و نرده,four_quarter_change,46.35017,percent,1402,,جدول 4,ts_building_140404-14050319105758.xlsx
1401-Q1,1401,1,بهار,گروه آهن آلات میلگرد پروفیل درب و پنجره و نرده,four_quarter_change,28.07365,percent,1402,,جدول 4,ts_building_140404-14050319105758.xlsx
1401-Q2,1401,2,تابستان,گروه آهن آلات میلگرد پروفیل درب و پنجره و نرده,four_quarter_change,18.01978,percent,1402,,جدول 4,ts_building_140404-14050319105758.xlsx
1401-Q3,1401,3,پاییز,گروه آهن آلات میلگرد پروفیل درب و پنجره و نرده,four_quarter_change,14.6093,percent,1402,,جدول 4,ts_building_140404-14050319105758.xlsx
1401-Q4,1401,4,زمستان,گروه آهن آلات میلگرد پروفیل درب و پنجره و نرده,four_quarter_change,26.32979,percent,1402,,جدول 4,ts_building_140404-14050319105758.xlsx
1402-Q1,1402,1,بهار,گروه آهن آلات میلگرد پروفیل درب و پنجره و نرده,four_quarter_change,33.99259,percent,1402,,جدول 4,ts_building_140404-14050319105758.xlsx
1402-Q2,1402,2,تابستان,گروه آهن آلات میلگرد پروفیل درب و پنجره و نرده,four_quarter_change,48.46874,percent,1402,,جدول 4,ts_building_140404-14050319105758.xlsx
1402-Q3,1402,3,پاییز,گروه آهن آلات میلگرد پروفیل درب و پنجره و نرده,four_quarter_change,51.49743,percent,1402,,جدول 4,ts_building_140404-14050319105758.xlsx
1402-Q4,1402,4,زمستان,گروه آهن آلات میلگرد پروفیل درب و پنجره و نرده,four_quarter_change,30.90378,percent,1402,,جدول 4,ts_building_140404-14050319105758.xlsx
1403-Q1,1403,1,بهار,گروه آهن آلات میلگرد پروفیل درب و پنجره و نرده,four_quarter_change,18.99606,percent,1402,,جدول 4,ts_building_140404-14050319105758.xlsx
1403-Q2,1403,2,تابستان,گروه آهن آلات میلگرد پروفیل درب و پنجره و نرده,four_quarter_change,10.13273,percent,1402,,جدول 4,ts_building_140404-14050319105758.xlsx
1403-Q3,1403,3,پاییز,گروه آهن آلات میلگرد پروفیل درب و پنجره و نرده,four_quarter_change,9.29132,percent,1402,,جدول 4,ts_building_140404-14050319105758.xlsx
1403-Q4,1403,4,زمستان,گروه آهن آلات میلگرد پروفیل درب و پنجره و نرده,four_quarter_change,13.00658,percent,1402,,جدول 4,ts_building_140404-14050319105758.xlsx
1404-Q1,1404,1,بهار,گروه آهن آلات میلگرد پروفیل درب و پنجره و نرده,four_quarter_change,18.7827,percent,1402,,جدول 4,ts_building_140404-14050319105758.xlsx
1404-Q2,1404,2,تابستان,گروه آهن آلات میلگرد پروفیل درب و پنجره و نرده,four_quarter_change,25.37885,percent,1402,,جدول 4,ts_building_140404-14050319105758.xlsx
1404-Q3,1404,3,پاییز,گروه آهن آلات میلگرد پروفیل درب و پنجره و نرده,four_quarter_change,33.85839,percent,1402,,جدول 4,ts_building_140404-14050319105758.xlsx
1404-Q4,1404,4,زمستان,گروه آهن آلات میلگرد پروفیل درب و پنجره و نرده,four_quarter_change,58.11968,percent,1402,,جدول 4,ts_building_140404-14050319105758.xlsx
1391-Q1,1391,1,بهار,گروه چوب,four_quarter_change,,percent,1402,×,جدول 4,ts_building_140404-14050319105758.xlsx
1391-Q2,1391,2,تابستان,گروه چوب,four_quarter_change,,percent,1402,×,جدول 4,ts_building_140404-14050319105758.xlsx
1391-Q3,1391,3,پاییز,گروه چوب,four_quarter_change,,percent,1402,×,جدول 4,ts_building_140404-14050319105758.xlsx
1391-Q4,1391,4,زمستان,گروه چوب,four_quarter_change,43.02841,percent,1402,,جدول 4,ts_building_140404-14050319105758.xlsx
1392-Q1,1392,1,بهار,گروه چوب,four_quarter_change,48.72837,percent,1402,,جدول 4,ts_building_140404-14050319105758.xlsx
1392-Q2,1392,2,تابستان,گروه چوب,four_quarter_change,48.97211,percent,1402,,جدول 4,ts_building_140404-14050319105758.xlsx
1392-Q3,1392,3,پاییز,گروه چوب,four_quarter_change,36.00173,percent,1402,,جدول 4,ts_building_140404-14050319105758.xlsx
1392-Q4,1392,4,زمستان,گروه چوب,four_quarter_change,22.6065,percent,1402,,جدول 4,ts_building_140404-14050319105758.xlsx
1393-Q1,1393,1,بهار,گروه چوب,four_quarter_change,9.99834,percent,1402,,جدول 4,ts_building_140404-14050319105758.xlsx
1393-Q2,1393,2,تابستان,گروه چوب,four_quarter_change,6.26554,percent,1402,,جدول 4,ts_building_140404-14050319105758.xlsx
1393-Q3,1393,3,پاییز,گروه چوب,four_quarter_change,10.16346,percent,1402,,جدول 4,ts_building_140404-14050319105758.xlsx
1393-Q4,1393,4,زمستان,گروه چوب,four_quarter_change,9.10537,percent,1402,,جدول 4,ts_building_140404-14050319105758.xlsx
1394-Q1,1394,1,بهار,گروه چوب,four_quarter_change,8.52891,percent,1402,,جدول 4,ts_building_140404-14050319105758.xlsx
1394-Q2,1394,2,تابستان,گروه چوب,four_quarter_change,-2.57234,percent,1402,,جدول 4,ts_building_140404-14050319105758.xlsx
1394-Q3,1394,3,پاییز,گروه چوب,four_quarter_change,-14.02052,percent,1402,,جدول 4,ts_building_140404-14050319105758.xlsx
1394-Q4,1394,4,زمستان,گروه چوب,four_quarter_change,-12.82678,percent,1402,,جدول 4,ts_building_140404-14050319105758.xlsx
1395-Q1,1395,1,بهار,گروه چوب,four_quarter_change,-10.67333,percent,1402,,جدول 4,ts_building_140404-14050319105758.xlsx
1395-Q2,1395,2,تابستان,گروه چوب,four_quarter_change,-3.32582,percent,1402,,جدول 4,ts_building_140404-14050319105758.xlsx
1395-Q3,1395,3,پاییز,گروه چوب,four_quarter_change,5.78325,percent,1402,,جدول 4,ts_building_140404-14050319105758.xlsx
1395-Q4,1395,4,زمستان,گروه چوب,four_quarter_change,7.45989,percent,1402,,جدول 4,ts_building_140404-14050319105758.xlsx
1396-Q1,1396,1,بهار,گروه چوب,four_quarter_change,8.56054,percent,1402,,جدول 4,ts_building_140404-14050319105758.xlsx
1396-Q2,1396,2,تابستان,گروه چوب,four_quarter_change,9.87114,percent,1402,,جدول 4,ts_building_140404-14050319105758.xlsx
1396-Q3,1396,3,پاییز,گروه چوب,four_quarter_change,10.7161,percent,1402,,جدول 4,ts_building_140404-14050319105758.xlsx
1396-Q4,1396,4,زمستان,گروه چوب,four_quarter_change,12.52419,percent,1402,,جدول 4,ts_building_140404-14050319105758.xlsx
1397-Q1,1397,1,بهار,گروه چوب,four_quarter_change,18.27898,percent,1402,,جدول 4,ts_building_140404-14050319105758.xlsx
1397-Q2,1397,2,تابستان,گروه چوب,four_quarter_change,43.24108,percent,1402,,جدول 4,ts_building_140404-14050319105758.xlsx
1397-Q3,1397,3,پاییز,گروه چوب,four_quarter_change,69.33269,percent,1402,,جدول 4,ts_building_140404-14050319105758.xlsx
1397-Q4,1397,4,زمستان,گروه چوب,four_quarter_change,98.98924,percent,1402,,جدول 4,ts_building_140404-14050319105758.xlsx
1398-Q1,1398,1,بهار,گروه چوب,four_quarter_change,121.8068,percent,1402,,جدول 4,ts_building_140404-14050319105758.xlsx
1398-Q2,1398,2,تابستان,گروه چوب,four_quarter_change,91.50987,percent,1402,,جدول 4,ts_building_140404-14050319105758.xlsx
1398-Q3,1398,3,پاییز,گروه چوب,four_quarter_change,66.07186,percent,1402,,جدول 4,ts_building_140404-14050319105758.xlsx
1398-Q4,1398,4,زمستان,گروه چوب,four_quarter_change,42.03766,percent,1402,,جدول 4,ts_building_140404-14050319105758.xlsx
1399-Q1,1399,1,بهار,گروه چوب,four_quarter_change,23.52554,percent,1402,,جدول 4,ts_building_140404-14050319105758.xlsx
1399-Q2,1399,2,تابستان,گروه چوب,four_quarter_change,31.27534,percent,1402,,جدول 4,ts_building_140404-14050319105758.xlsx
1399-Q3,1399,3,پاییز,گروه چوب,four_quarter_change,51.88293,percent,1402,,جدول 4,ts_building_140404-14050319105758.xlsx
1399-Q4,1399,4,زمستان,گروه چوب,four_quarter_change,72.4462,percent,1402,,جدول 4,ts_building_140404-14050319105758.xlsx
1400-Q1,1400,1,بهار,گروه چوب,four_quarter_change,95.12622,percent,1402,,جدول 4,ts_building_140404-14050319105758.xlsx
1400-Q2,1400,2,تابستان,گروه چوب,four_quarter_change,91.56581,percent,1402,,جدول 4,ts_building_140404-14050319105758.xlsx
1400-Q3,1400,3,پاییز,گروه چوب,four_quarter_change,67.64966,percent,1402,,جدول 4,ts_building_140404-14050319105758.xlsx
1400-Q4,1400,4,زمستان,گروه چوب,four_quarter_change,51.74094,percent,1402,,جدول 4,ts_building_140404-14050319105758.xlsx
1401-Q1,1401,1,بهار,گروه چوب,four_quarter_change,39.76523,percent,1402,,جدول 4,ts_building_140404-14050319105758.xlsx
1401-Q2,1401,2,تابستان,گروه چوب,four_quarter_change,33.42331,percent,1402,,جدول 4,ts_building_140404-14050319105758.xlsx
1401-Q3,1401,3,پاییز,گروه چوب,four_quarter_change,32.65726,percent,1402,,جدول 4,ts_building_140404-14050319105758.xlsx
1401-Q4,1401,4,زمستان,گروه چوب,four_quarter_change,35.9114,percent,1402,,جدول 4,ts_building_140404-14050319105758.xlsx
1402-Q1,1402,1,بهار,گروه چوب,four_quarter_change,38.09274,percent,1402,,جدول 4,ts_building_140404-14050319105758.xlsx
1402-Q2,1402,2,تابستان,گروه چوب,four_quarter_change,40.83948,percent,1402,,جدول 4,ts_building_140404-14050319105758.xlsx
1402-Q3,1402,3,پاییز,گروه چوب,four_quarter_change,42.38936,percent,1402,,جدول 4,ts_building_140404-14050319105758.xlsx
1402-Q4,1402,4,زمستان,گروه چوب,four_quarter_change,33.98656,percent,1402,,جدول 4,ts_building_140404-14050319105758.xlsx
1403-Q1,1403,1,بهار,گروه چوب,four_quarter_change,25.18039,percent,1402,,جدول 4,ts_building_140404-14050319105758.xlsx
1403-Q2,1403,2,تابستان,گروه چوب,four_quarter_change,19.47278,percent,1402,,جدول 4,ts_building_140404-14050319105758.xlsx
1403-Q3,1403,3,پاییز,گروه چوب,four_quarter_change,18.29851,percent,1402,,جدول 4,ts_building_140404-14050319105758.xlsx
1403-Q4,1403,4,زمستان,گروه چوب,four_quarter_change,24.48115,percent,1402,,جدول 4,ts_building_140404-14050319105758.xlsx
1404-Q1,1404,1,بهار,گروه چوب,four_quarter_change,38.61618,percent,1402,,جدول 4,ts_building_140404-14050319105758.xlsx
1404-Q2,1404,2,تابستان,گروه چوب,four_quarter_change,52.95888,percent,1402,,جدول 4,ts_building_140404-14050319105758.xlsx
1404-Q3,1404,3,پاییز,گروه چوب,four_quarter_change,70.70041,percent,1402,,جدول 4,ts_building_140404-14050319105758.xlsx
1404-Q4,1404,4,زمستان,گروه چوب,four_quarter_change,115.97647,percent,1402,,جدول 4,ts_building_140404-14050319105758.xlsx
1391-Q1,1391,1,بهار,گروه ایزوگام و قیرگونی آسفالت,four_quarter_change,,percent,1402,×,جدول 4,ts_building_140404-14050319105758.xlsx
1391-Q2,1391,2,تابستان,گروه ایزوگام و قیرگونی آسفالت,four_quarter_change,,percent,1402,×,جدول 4,ts_building_140404-14050319105758.xlsx
1391-Q3,1391,3,پاییز,گروه ایزوگام و قیرگونی آسفالت,four_quarter_change,,percent,1402,×,جدول 4,ts_building_140404-14050319105758.xlsx
1391-Q4,1391,4,زمستان,گروه ایزوگام و قیرگونی آسفالت,four_quarter_change,54.07275,percent,1402,,جدول 4,ts_building_140404-14050319105758.xlsx
1392-Q1,1392,1,بهار,گروه ایزوگام و قیرگونی آسفالت,four_quarter_change,59.96504,percent,1402,,جدول 4,ts_building_140404-14050319105758.xlsx
1392-Q2,1392,2,تابستان,گروه ایزوگام و قیرگونی آسفالت,four_quarter_change,60.10442,percent,1402,,جدول 4,ts_building_140404-14050319105758.xlsx
1392-Q3,1392,3,پاییز,گروه ایزوگام و قیرگونی آسفالت,four_quarter_change,49.94979,percent,1402,,جدول 4,ts_building_140404-14050319105758.xlsx
1392-Q4,1392,4,زمستان,گروه ایزوگام و قیرگونی آسفالت,four_quarter_change,27.37334,percent,1402,,جدول 4,ts_building_140404-14050319105758.xlsx
1393-Q1,1393,1,بهار,گروه ایزوگام و قیرگونی آسفالت,four_quarter_change,14.27113,percent,1402,,جدول 4,ts_building_140404-14050319105758.xlsx
1393-Q2,1393,2,تابستان,گروه ایزوگام و قیرگونی آسفالت,four_quarter_change,6.13647,percent,1402,,جدول 4,ts_building_140404-14050319105758.xlsx
1393-Q3,1393,3,پاییز,گروه ایزوگام و قیرگونی آسفالت,four_quarter_change,1.59163,percent,1402,,جدول 4,ts_building_140404-14050319105758.xlsx
1393-Q4,1393,4,زمستان,گروه ایزوگام و قیرگونی آسفالت,four_quarter_change,2.92389,percent,1402,,جدول 4,ts_building_140404-14050319105758.xlsx
1394-Q1,1394,1,بهار,گروه ایزوگام و قیرگونی آسفالت,four_quarter_change,1.61627,percent,1402,,جدول 4,ts_building_140404-14050319105758.xlsx
1394-Q2,1394,2,تابستان,گروه ایزوگام و قیرگونی آسفالت,four_quarter_change,-0.54241,percent,1402,,جدول 4,ts_building_140404-14050319105758.xlsx
1394-Q3,1394,3,پاییز,گروه ایزوگام و قیرگونی آسفالت,four_quarter_change,-0.70976,percent,1402,,جدول 4,ts_building_140404-14050319105758.xlsx
1394-Q4,1394,4,زمستان,گروه ایزوگام و قیرگونی آسفالت,four_quarter_change,-3.40211,percent,1402,,جدول 4,ts_building_140404-14050319105758.xlsx
1395-Q1,1395,1,بهار,گروه ایزوگام و قیرگونی آسفالت,four_quarter_change,-5.29444,percent,1402,,جدول 4,ts_building_140404-14050319105758.xlsx
1395-Q2,1395,2,تابستان,گروه ایزوگام و قیرگونی آسفالت,four_quarter_change,-5.41162,percent,1402,,جدول 4,ts_building_140404-14050319105758.xlsx
1395-Q3,1395,3,پاییز,گروه ایزوگام و قیرگونی آسفالت,four_quarter_change,-5.92627,percent,1402,,جدول 4,ts_building_140404-14050319105758.xlsx
1395-Q4,1395,4,زمستان,گروه ایزوگام و قیرگونی آسفالت,four_quarter_change,-2.60455,percent,1402,,جدول 4,ts_building_140404-14050319105758.xlsx
1396-Q1,1396,1,بهار,گروه ایزوگام و قیرگونی آسفالت,four_quarter_change,1.54453,percent,1402,,جدول 4,ts_building_140404-14050319105758.xlsx
1396-Q2,1396,2,تابستان,گروه ایزوگام و قیرگونی آسفالت,four_quarter_change,2.98724,percent,1402,,جدول 4,ts_building_140404-14050319105758.xlsx
1396-Q3,1396,3,پاییز,گروه ایزوگام و قیرگونی آسفالت,four_quarter_change,5.49618,percent,1402,,جدول 4,ts_building_140404-14050319105758.xlsx
1396-Q4,1396,4,زمستان,گروه ایزوگام و قیرگونی آسفالت,four_quarter_change,8.45604,percent,1402,,جدول 4,ts_building_140404-14050319105758.xlsx
1397-Q1,1397,1,بهار,گروه ایزوگام و قیرگونی آسفالت,four_quarter_change,15.2479,percent,1402,,جدول 4,ts_building_140404-14050319105758.xlsx
1397-Q2,1397,2,تابستان,گروه ایزوگام و قیرگونی آسفالت,four_quarter_change,56.38572,percent,1402,,جدول 4,ts_building_140404-14050319105758.xlsx
1397-Q3,1397,3,پاییز,گروه ایزوگام و قیرگونی آسفالت,four_quarter_change,95.25346,percent,1402,,جدول 4,ts_building_140404-14050319105758.xlsx
1397-Q4,1397,4,زمستان,گروه ایزوگام و قیرگونی آسفالت,four_quarter_change,124.77677,percent,1402,,جدول 4,ts_building_140404-14050319105758.xlsx
1398-Q1,1398,1,بهار,گروه ایزوگام و قیرگونی آسفالت,four_quarter_change,142.15724,percent,1402,,جدول 4,ts_building_140404-14050319105758.xlsx
1398-Q2,1398,2,تابستان,گروه ایزوگام و قیرگونی آسفالت,four_quarter_change,81.82926,percent,1402,,جدول 4,ts_building_140404-14050319105758.xlsx
1398-Q3,1398,3,پاییز,گروه ایزوگام و قیرگونی آسفالت,four_quarter_change,41.77623,percent,1402,,جدول 4,ts_building_140404-14050319105758.xlsx
1398-Q4,1398,4,زمستان,گروه ایزوگام و قیرگونی آسفالت,four_quarter_change,19.4108,percent,1402,,جدول 4,ts_building_140404-14050319105758.xlsx
1399-Q1,1399,1,بهار,گروه ایزوگام و قیرگونی آسفالت,four_quarter_change,5.2063,percent,1402,,جدول 4,ts_building_140404-14050319105758.xlsx
1399-Q2,1399,2,تابستان,گروه ایزوگام و قیرگونی آسفالت,four_quarter_change,16.54246,percent,1402,,جدول 4,ts_building_140404-14050319105758.xlsx
1399-Q3,1399,3,پاییز,گروه ایزوگام و قیرگونی آسفالت,four_quarter_change,47.08789,percent,1402,,جدول 4,ts_building_140404-14050319105758.xlsx
1399-Q4,1399,4,زمستان,گروه ایزوگام و قیرگونی آسفالت,four_quarter_change,74.74881,percent,1402,,جدول 4,ts_building_140404-14050319105758.xlsx
1400-Q1,1400,1,بهار,گروه ایزوگام و قیرگونی آسفالت,four_quarter_change,96.29482,percent,1402,,جدول 4,ts_building_140404-14050319105758.xlsx
1400-Q2,1400,2,تابستان,گروه ایزوگام و قیرگونی آسفالت,four_quarter_change,90.83728,percent,1402,,جدول 4,ts_building_140404-14050319105758.xlsx
1400-Q3,1400,3,پاییز,گروه ایزوگام و قیرگونی آسفالت,four_quarter_change,61.63941,percent,1402,,جدول 4,ts_building_140404-14050319105758.xlsx
1400-Q4,1400,4,زمستان,گروه ایزوگام و قیرگونی آسفالت,four_quarter_change,43.09057,percent,1402,,جدول 4,ts_building_140404-14050319105758.xlsx
1401-Q1,1401,1,بهار,گروه ایزوگام و قیرگونی آسفالت,four_quarter_change,36.77113,percent,1402,,جدول 4,ts_building_140404-14050319105758.xlsx
1401-Q2,1401,2,تابستان,گروه ایزوگام و قیرگونی آسفالت,four_quarter_change,34.78557,percent,1402,,جدول 4,ts_building_140404-14050319105758.xlsx
1401-Q3,1401,3,پاییز,گروه ایزوگام و قیرگونی آسفالت,four_quarter_change,36.34165,percent,1402,,جدول 4,ts_building_140404-14050319105758.xlsx
1401-Q4,1401,4,زمستان,گروه ایزوگام و قیرگونی آسفالت,four_quarter_change,44.31446,percent,1402,,جدول 4,ts_building_140404-14050319105758.xlsx
1402-Q1,1402,1,بهار,گروه ایزوگام و قیرگونی آسفالت,four_quarter_change,44.7889,percent,1402,,جدول 4,ts_building_140404-14050319105758.xlsx
1402-Q2,1402,2,تابستان,گروه ایزوگام و قیرگونی آسفالت,four_quarter_change,48.93395,percent,1402,,جدول 4,ts_building_140404-14050319105758.xlsx
1402-Q3,1402,3,پاییز,گروه ایزوگام و قیرگونی آسفالت,four_quarter_change,51.43693,percent,1402,,جدول 4,ts_building_140404-14050319105758.xlsx
1402-Q4,1402,4,زمستان,گروه ایزوگام و قیرگونی آسفالت,four_quarter_change,39.81137,percent,1402,,جدول 4,ts_building_140404-14050319105758.xlsx
1403-Q1,1403,1,بهار,گروه ایزوگام و قیرگونی آسفالت,four_quarter_change,31.35534,percent,1402,,جدول 4,ts_building_140404-14050319105758.xlsx
1403-Q2,1403,2,تابستان,گروه ایزوگام و قیرگونی آسفالت,four_quarter_change,21.69353,percent,1402,,جدول 4,ts_building_140404-14050319105758.xlsx
1403-Q3,1403,3,پاییز,گروه ایزوگام و قیرگونی آسفالت,four_quarter_change,18.35849,percent,1402,,جدول 4,ts_building_140404-14050319105758.xlsx
1403-Q4,1403,4,زمستان,گروه ایزوگام و قیرگونی آسفالت,four_quarter_change,26.08727,percent,1402,,جدول 4,ts_building_140404-14050319105758.xlsx
1404-Q1,1404,1,بهار,گروه ایزوگام و قیرگونی آسفالت,four_quarter_change,37.61853,percent,1402,,جدول 4,ts_building_140404-14050319105758.xlsx
1404-Q2,1404,2,تابستان,گروه ایزوگام و قیرگونی آسفالت,four_quarter_change,51.37128,percent,1402,,جدول 4,ts_building_140404-14050319105758.xlsx
1404-Q3,1404,3,پاییز,گروه ایزوگام و قیرگونی آسفالت,four_quarter_change,60.83287,percent,1402,,جدول 4,ts_building_140404-14050319105758.xlsx
1404-Q4,1404,4,زمستان,گروه ایزوگام و قیرگونی آسفالت,four_quarter_change,69.91003,percent,1402,,جدول 4,ts_building_140404-14050319105758.xlsx
1391-Q1,1391,1,بهار,گروه شیرآلات بهداشتی,four_quarter_change,,percent,1402,×,جدول 4,ts_building_140404-14050319105758.xlsx
1391-Q2,1391,2,تابستان,گروه شیرآلات بهداشتی,four_quarter_change,,percent,1402,×,جدول 4,ts_building_140404-14050319105758.xlsx
1391-Q3,1391,3,پاییز,گروه شیرآلات بهداشتی,four_quarter_change,,percent,1402,×,جدول 4,ts_building_140404-14050319105758.xlsx
1391-Q4,1391,4,زمستان,گروه شیرآلات بهداشتی,four_quarter_change,56.82674,percent,1402,,جدول 4,ts_building_140404-14050319105758.xlsx
1392-Q1,1392,1,بهار,گروه شیرآلات بهداشتی,four_quarter_change,67.73831,percent,1402,,جدول 4,ts_building_140404-14050319105758.xlsx
1392-Q2,1392,2,تابستان,گروه شیرآلات بهداشتی,four_quarter_change,74.46764,percent,1402,,جدول 4,ts_building_140404-14050319105758.xlsx
1392-Q3,1392,3,پاییز,گروه شیرآلات بهداشتی,four_quarter_change,48.10055,percent,1402,,جدول 4,ts_building_140404-14050319105758.xlsx
1392-Q4,1392,4,زمستان,گروه شیرآلات بهداشتی,four_quarter_change,31.46462,percent,1402,,جدول 4,ts_building_140404-14050319105758.xlsx
1393-Q1,1393,1,بهار,گروه شیرآلات بهداشتی,four_quarter_change,18.83972,percent,1402,,جدول 4,ts_building_140404-14050319105758.xlsx
1393-Q2,1393,2,تابستان,گروه شیرآلات بهداشتی,four_quarter_change,9.63396,percent,1402,,جدول 4,ts_building_140404-14050319105758.xlsx
1393-Q3,1393,3,پاییز,گروه شیرآلات بهداشتی,four_quarter_change,9.35595,percent,1402,,جدول 4,ts_building_140404-14050319105758.xlsx
1393-Q4,1393,4,زمستان,گروه شیرآلات بهداشتی,four_quarter_change,9.38307,percent,1402,,جدول 4,ts_building_140404-14050319105758.xlsx
1394-Q1,1394,1,بهار,گروه شیرآلات بهداشتی,four_quarter_change,7.88989,percent,1402,,جدول 4,ts_building_140404-14050319105758.xlsx
1394-Q2,1394,2,تابستان,گروه شیرآلات بهداشتی,four_quarter_change,5.28195,percent,1402,,جدول 4,ts_building_140404-14050319105758.xlsx
1394-Q3,1394,3,پاییز,گروه شیرآلات بهداشتی,four_quarter_change,3.07684,percent,1402,,جدول 4,ts_building_140404-14050319105758.xlsx
1394-Q4,1394,4,زمستان,گروه شیرآلات بهداشتی,four_quarter_change,0.98444,percent,1402,,جدول 4,ts_building_140404-14050319105758.xlsx
1395-Q1,1395,1,بهار,گروه شیرآلات بهداشتی,four_quarter_change,0.07651,percent,1402,,جدول 4,ts_building_140404-14050319105758.xlsx
1395-Q2,1395,2,تابستان,گروه شیرآلات بهداشتی,four_quarter_change,-0.07731,percent,1402,,جدول 4,ts_building_140404-14050319105758.xlsx
1395-Q3,1395,3,پاییز,گروه شیرآلات بهداشتی,four_quarter_change,1.72698,percent,1402,,جدول 4,ts_building_140404-14050319105758.xlsx
1395-Q4,1395,4,زمستان,گروه شیرآلات بهداشتی,four_quarter_change,4.84889,percent,1402,,جدول 4,ts_building_140404-14050319105758.xlsx
1396-Q1,1396,1,بهار,گروه شیرآلات بهداشتی,four_quarter_change,8.32295,percent,1402,,جدول 4,ts_building_140404-14050319105758.xlsx
1396-Q2,1396,2,تابستان,گروه شیرآلات بهداشتی,four_quarter_change,13.71471,percent,1402,,جدول 4,ts_building_140404-14050319105758.xlsx
1396-Q3,1396,3,پاییز,گروه شیرآلات بهداشتی,four_quarter_change,16.82087,percent,1402,,جدول 4,ts_building_140404-14050319105758.xlsx
1396-Q4,1396,4,زمستان,گروه شیرآلات بهداشتی,four_quarter_change,17.93901,percent,1402,,جدول 4,ts_building_140404-14050319105758.xlsx
1397-Q1,1397,1,بهار,گروه شیرآلات بهداشتی,four_quarter_change,22.16116,percent,1402,,جدول 4,ts_building_140404-14050319105758.xlsx
1397-Q2,1397,2,تابستان,گروه شیرآلات بهداشتی,four_quarter_change,30.51855,percent,1402,,جدول 4,ts_building_140404-14050319105758.xlsx
1397-Q3,1397,3,پاییز,گروه شیرآلات بهداشتی,four_quarter_change,44.8068,percent,1402,,جدول 4,ts_building_140404-14050319105758.xlsx
1397-Q4,1397,4,زمستان,گروه شیرآلات بهداشتی,four_quarter_change,56.28389,percent,1402,,جدول 4,ts_building_140404-14050319105758.xlsx
1398-Q1,1398,1,بهار,گروه شیرآلات بهداشتی,four_quarter_change,64.88581,percent,1402,,جدول 4,ts_building_140404-14050319105758.xlsx
1398-Q2,1398,2,تابستان,گروه شیرآلات بهداشتی,four_quarter_change,57.47672,percent,1402,,جدول 4,ts_building_140404-14050319105758.xlsx
1398-Q3,1398,3,پاییز,گروه شیرآلات بهداشتی,four_quarter_change,38.81782,percent,1402,,جدول 4,ts_building_140404-14050319105758.xlsx
1398-Q4,1398,4,زمستان,گروه شیرآلات بهداشتی,four_quarter_change,27.78898,percent,1402,,جدول 4,ts_building_140404-14050319105758.xlsx
1399-Q1,1399,1,بهار,گروه شیرآلات بهداشتی,four_quarter_change,17.64336,percent,1402,,جدول 4,ts_building_140404-14050319105758.xlsx
1399-Q2,1399,2,تابستان,گروه شیرآلات بهداشتی,four_quarter_change,23.38411,percent,1402,,جدول 4,ts_building_140404-14050319105758.xlsx
1399-Q3,1399,3,پاییز,گروه شیرآلات بهداشتی,four_quarter_change,41.82438,percent,1402,,جدول 4,ts_building_140404-14050319105758.xlsx
1399-Q4,1399,4,زمستان,گروه شیرآلات بهداشتی,four_quarter_change,60.14689,percent,1402,,جدول 4,ts_building_140404-14050319105758.xlsx
1400-Q1,1400,1,بهار,گروه شیرآلات بهداشتی,four_quarter_change,81.70333,percent,1402,,جدول 4,ts_building_140404-14050319105758.xlsx
1400-Q2,1400,2,تابستان,گروه شیرآلات بهداشتی,four_quarter_change,82.39601,percent,1402,,جدول 4,ts_building_140404-14050319105758.xlsx
1400-Q3,1400,3,پاییز,گروه شیرآلات بهداشتی,four_quarter_change,69.22373,percent,1402,,جدول 4,ts_building_140404-14050319105758.xlsx
1400-Q4,1400,4,زمستان,گروه شیرآلات بهداشتی,four_quarter_change,57.35389,percent,1402,,جدول 4,ts_building_140404-14050319105758.xlsx
1401-Q1,1401,1,بهار,گروه شیرآلات بهداشتی,four_quarter_change,44.78479,percent,1402,,جدول 4,ts_building_140404-14050319105758.xlsx
1401-Q2,1401,2,تابستان,گروه شیرآلات بهداشتی,four_quarter_change,36.74645,percent,1402,,جدول 4,ts_building_140404-14050319105758.xlsx
1401-Q3,1401,3,پاییز,گروه شیرآلات بهداشتی,four_quarter_change,32.43872,percent,1402,,جدول 4,ts_building_140404-14050319105758.xlsx
1401-Q4,1401,4,زمستان,گروه شیرآلات بهداشتی,four_quarter_change,33.44952,percent,1402,,جدول 4,ts_building_140404-14050319105758.xlsx
1402-Q1,1402,1,بهار,گروه شیرآلات بهداشتی,four_quarter_change,40.45803,percent,1402,,جدول 4,ts_building_140404-14050319105758.xlsx
1402-Q2,1402,2,تابستان,گروه شیرآلات بهداشتی,four_quarter_change,48.34156,percent,1402,,جدول 4,ts_building_140404-14050319105758.xlsx
1402-Q3,1402,3,پاییز,گروه شیرآلات بهداشتی,four_quarter_change,55.71231,percent,1402,,جدول 4,ts_building_140404-14050319105758.xlsx
1402-Q4,1402,4,زمستان,گروه شیرآلات بهداشتی,four_quarter_change,52.10608,percent,1402,,جدول 4,ts_building_140404-14050319105758.xlsx
1403-Q1,1403,1,بهار,گروه شیرآلات بهداشتی,four_quarter_change,39.06785,percent,1402,,جدول 4,ts_building_140404-14050319105758.xlsx
1403-Q2,1403,2,تابستان,گروه شیرآلات بهداشتی,four_quarter_change,29.29819,percent,1402,,جدول 4,ts_building_140404-14050319105758.xlsx
1403-Q3,1403,3,پاییز,گروه شیرآلات بهداشتی,four_quarter_change,22.9077,percent,1402,,جدول 4,ts_building_140404-14050319105758.xlsx
1403-Q4,1403,4,زمستان,گروه شیرآلات بهداشتی,four_quarter_change,26.62537,percent,1402,,جدول 4,ts_building_140404-14050319105758.xlsx
1404-Q1,1404,1,بهار,گروه شیرآلات بهداشتی,four_quarter_change,33.89149,percent,1402,,جدول 4,ts_building_140404-14050319105758.xlsx
1404-Q2,1404,2,تابستان,گروه شیرآلات بهداشتی,four_quarter_change,40.3991,percent,1402,,جدول 4,ts_building_140404-14050319105758.xlsx
1404-Q3,1404,3,پاییز,گروه شیرآلات بهداشتی,four_quarter_change,53.63943,percent,1402,,جدول 4,ts_building_140404-14050319105758.xlsx
1404-Q4,1404,4,زمستان,گروه شیرآلات بهداشتی,four_quarter_change,67.29078,percent,1402,,جدول 4,ts_building_140404-14050319105758.xlsx
1391-Q1,1391,1,بهار,گروه تاسیسات مکانیکی و انواع عایق حرارتی,four_quarter_change,,percent,1402,×,جدول 4,ts_building_140404-14050319105758.xlsx
1391-Q2,1391,2,تابستان,گروه تاسیسات مکانیکی و انواع عایق حرارتی,four_quarter_change,,percent,1402,×,جدول 4,ts_building_140404-14050319105758.xlsx
1391-Q3,1391,3,پاییز,گروه تاسیسات مکانیکی و انواع عایق حرارتی,four_quarter_change,,percent,1402,×,جدول 4,ts_building_140404-14050319105758.xlsx
1391-Q4,1391,4,زمستان,گروه تاسیسات مکانیکی و انواع عایق حرارتی,four_quarter_change,48.28765,percent,1402,,جدول 4,ts_building_140404-14050319105758.xlsx
1392-Q1,1392,1,بهار,گروه تاسیسات مکانیکی و انواع عایق حرارتی,four_quarter_change,55.01882,percent,1402,,جدول 4,ts_building_140404-14050319105758.xlsx
1392-Q2,1392,2,تابستان,گروه تاسیسات مکانیکی و انواع عایق حرارتی,four_quarter_change,54.85482,percent,1402,,جدول 4,ts_building_140404-14050319105758.xlsx
1392-Q3,1392,3,پاییز,گروه تاسیسات مکانیکی و انواع عایق حرارتی,four_quarter_change,39.71677,percent,1402,,جدول 4,ts_building_140404-14050319105758.xlsx
1392-Q4,1392,4,زمستان,گروه تاسیسات مکانیکی و انواع عایق حرارتی,four_quarter_change,25.17656,percent,1402,,جدول 4,ts_building_140404-14050319105758.xlsx
1393-Q1,1393,1,بهار,گروه تاسیسات مکانیکی و انواع عایق حرارتی,four_quarter_change,13.69782,percent,1402,,جدول 4,ts_building_140404-14050319105758.xlsx
1393-Q2,1393,2,تابستان,گروه تاسیسات مکانیکی و انواع عایق حرارتی,four_quarter_change,7.85064,percent,1402,,جدول 4,ts_building_140404-14050319105758.xlsx
1393-Q3,1393,3,پاییز,گروه تاسیسات مکانیکی و انواع عایق حرارتی,four_quarter_change,6.543,percent,1402,,جدول 4,ts_building_140404-14050319105758.xlsx
1393-Q4,1393,4,زمستان,گروه تاسیسات مکانیکی و انواع عایق حرارتی,four_quarter_change,7.90805,percent,1402,,جدول 4,ts_building_140404-14050319105758.xlsx
1394-Q1,1394,1,بهار,گروه تاسیسات مکانیکی و انواع عایق حرارتی,four_quarter_change,8.63942,percent,1402,,جدول 4,ts_building_140404-14050319105758.xlsx
1394-Q2,1394,2,تابستان,گروه تاسیسات مکانیکی و انواع عایق حرارتی,four_quarter_change,6.79312,percent,1402,,جدول 4,ts_building_140404-14050319105758.xlsx
1394-Q3,1394,3,پاییز,گروه تاسیسات مکانیکی و انواع عایق حرارتی,four_quarter_change,4.64533,percent,1402,,جدول 4,ts_building_140404-14050319105758.xlsx
1394-Q4,1394,4,زمستان,گروه تاسیسات مکانیکی و انواع عایق حرارتی,four_quarter_change,1.90968,percent,1402,,جدول 4,ts_building_140404-14050319105758.xlsx
1395-Q1,1395,1,بهار,گروه تاسیسات مکانیکی و انواع عایق حرارتی,four_quarter_change,-0.31218,percent,1402,,جدول 4,ts_building_140404-14050319105758.xlsx
1395-Q2,1395,2,تابستان,گروه تاسیسات مکانیکی و انواع عایق حرارتی,four_quarter_change,-1.16384,percent,1402,,جدول 4,ts_building_140404-14050319105758.xlsx
1395-Q3,1395,3,پاییز,گروه تاسیسات مکانیکی و انواع عایق حرارتی,four_quarter_change,0.58174,percent,1402,,جدول 4,ts_building_140404-14050319105758.xlsx
1395-Q4,1395,4,زمستان,گروه تاسیسات مکانیکی و انواع عایق حرارتی,four_quarter_change,2.66032,percent,1402,,جدول 4,ts_building_140404-14050319105758.xlsx
1396-Q1,1396,1,بهار,گروه تاسیسات مکانیکی و انواع عایق حرارتی,four_quarter_change,5.14026,percent,1402,,جدول 4,ts_building_140404-14050319105758.xlsx
1396-Q2,1396,2,تابستان,گروه تاسیسات مکانیکی و انواع عایق حرارتی,four_quarter_change,8.13101,percent,1402,,جدول 4,ts_building_140404-14050319105758.xlsx
1396-Q3,1396,3,پاییز,گروه تاسیسات مکانیکی و انواع عایق حرارتی,four_quarter_change,9.56873,percent,1402,,جدول 4,ts_building_140404-14050319105758.xlsx
1396-Q4,1396,4,زمستان,گروه تاسیسات مکانیکی و انواع عایق حرارتی,four_quarter_change,12.91121,percent,1402,,جدول 4,ts_building_140404-14050319105758.xlsx
1397-Q1,1397,1,بهار,گروه تاسیسات مکانیکی و انواع عایق حرارتی,four_quarter_change,19.01758,percent,1402,,جدول 4,ts_building_140404-14050319105758.xlsx
1397-Q2,1397,2,تابستان,گروه تاسیسات مکانیکی و انواع عایق حرارتی,four_quarter_change,37.90594,percent,1402,,جدول 4,ts_building_140404-14050319105758.xlsx
1397-Q3,1397,3,پاییز,گروه تاسیسات مکانیکی و انواع عایق حرارتی,four_quarter_change,59.07186,percent,1402,,جدول 4,ts_building_140404-14050319105758.xlsx
1397-Q4,1397,4,زمستان,گروه تاسیسات مکانیکی و انواع عایق حرارتی,four_quarter_change,75.84038,percent,1402,,جدول 4,ts_building_140404-14050319105758.xlsx
1398-Q1,1398,1,بهار,گروه تاسیسات مکانیکی و انواع عایق حرارتی,four_quarter_change,90.90952,percent,1402,,جدول 4,ts_building_140404-14050319105758.xlsx
1398-Q2,1398,2,تابستان,گروه تاسیسات مکانیکی و انواع عایق حرارتی,four_quarter_change,71.06028,percent,1402,,جدول 4,ts_building_140404-14050319105758.xlsx
1398-Q3,1398,3,پاییز,گروه تاسیسات مکانیکی و انواع عایق حرارتی,four_quarter_change,50.58505,percent,1402,,جدول 4,ts_building_140404-14050319105758.xlsx
1398-Q4,1398,4,زمستان,گروه تاسیسات مکانیکی و انواع عایق حرارتی,four_quarter_change,39.20798,percent,1402,,جدول 4,ts_building_140404-14050319105758.xlsx
1399-Q1,1399,1,بهار,گروه تاسیسات مکانیکی و انواع عایق حرارتی,four_quarter_change,29.02991,percent,1402,,جدول 4,ts_building_140404-14050319105758.xlsx
1399-Q2,1399,2,تابستان,گروه تاسیسات مکانیکی و انواع عایق حرارتی,four_quarter_change,44.84068,percent,1402,,جدول 4,ts_building_140404-14050319105758.xlsx
1399-Q3,1399,3,پاییز,گروه تاسیسات مکانیکی و انواع عایق حرارتی,four_quarter_change,73.04896,percent,1402,,جدول 4,ts_building_140404-14050319105758.xlsx
1399-Q4,1399,4,زمستان,گروه تاسیسات مکانیکی و انواع عایق حرارتی,four_quarter_change,92.8205,percent,1402,,جدول 4,ts_building_140404-14050319105758.xlsx
1400-Q1,1400,1,بهار,گروه تاسیسات مکانیکی و انواع عایق حرارتی,four_quarter_change,108.90009,percent,1402,,جدول 4,ts_building_140404-14050319105758.xlsx
1400-Q2,1400,2,تابستان,گروه تاسیسات مکانیکی و انواع عایق حرارتی,four_quarter_change,94.611,percent,1402,,جدول 4,ts_building_140404-14050319105758.xlsx
1400-Q3,1400,3,پاییز,گروه تاسیسات مکانیکی و انواع عایق حرارتی,four_quarter_change,67.1423,percent,1402,,جدول 4,ts_building_140404-14050319105758.xlsx
1400-Q4,1400,4,زمستان,گروه تاسیسات مکانیکی و انواع عایق حرارتی,four_quarter_change,50.94977,percent,1402,,جدول 4,ts_building_140404-14050319105758.xlsx
1401-Q1,1401,1,بهار,گروه تاسیسات مکانیکی و انواع عایق حرارتی,four_quarter_change,40.61278,percent,1402,,جدول 4,ts_building_140404-14050319105758.xlsx
1401-Q2,1401,2,تابستان,گروه تاسیسات مکانیکی و انواع عایق حرارتی,four_quarter_change,34.82681,percent,1402,,جدول 4,ts_building_140404-14050319105758.xlsx
1401-Q3,1401,3,پاییز,گروه تاسیسات مکانیکی و انواع عایق حرارتی,four_quarter_change,33.64537,percent,1402,,جدول 4,ts_building_140404-14050319105758.xlsx
1401-Q4,1401,4,زمستان,گروه تاسیسات مکانیکی و انواع عایق حرارتی,four_quarter_change,39.59481,percent,1402,,جدول 4,ts_building_140404-14050319105758.xlsx
1402-Q1,1402,1,بهار,گروه تاسیسات مکانیکی و انواع عایق حرارتی,four_quarter_change,43.3942,percent,1402,,جدول 4,ts_building_140404-14050319105758.xlsx
1402-Q2,1402,2,تابستان,گروه تاسیسات مکانیکی و انواع عایق حرارتی,four_quarter_change,49.26588,percent,1402,,جدول 4,ts_building_140404-14050319105758.xlsx
1402-Q3,1402,3,پاییز,گروه تاسیسات مکانیکی و انواع عایق حرارتی,four_quarter_change,53.25632,percent,1402,,جدول 4,ts_building_140404-14050319105758.xlsx
1402-Q4,1402,4,زمستان,گروه تاسیسات مکانیکی و انواع عایق حرارتی,four_quarter_change,42.17566,percent,1402,,جدول 4,ts_building_140404-14050319105758.xlsx
1403-Q1,1403,1,بهار,گروه تاسیسات مکانیکی و انواع عایق حرارتی,four_quarter_change,30.86174,percent,1402,,جدول 4,ts_building_140404-14050319105758.xlsx
1403-Q2,1403,2,تابستان,گروه تاسیسات مکانیکی و انواع عایق حرارتی,four_quarter_change,21.91127,percent,1402,,جدول 4,ts_building_140404-14050319105758.xlsx
1403-Q3,1403,3,پاییز,گروه تاسیسات مکانیکی و انواع عایق حرارتی,four_quarter_change,17.54423,percent,1402,,جدول 4,ts_building_140404-14050319105758.xlsx
1403-Q4,1403,4,زمستان,گروه تاسیسات مکانیکی و انواع عایق حرارتی,four_quarter_change,22.80769,percent,1402,,جدول 4,ts_building_140404-14050319105758.xlsx
1404-Q1,1404,1,بهار,گروه تاسیسات مکانیکی و انواع عایق حرارتی,four_quarter_change,28.39631,percent,1402,,جدول 4,ts_building_140404-14050319105758.xlsx
1404-Q2,1404,2,تابستان,گروه تاسیسات مکانیکی و انواع عایق حرارتی,four_quarter_change,34.23243,percent,1402,,جدول 4,ts_building_140404-14050319105758.xlsx
1404-Q3,1404,3,پاییز,گروه تاسیسات مکانیکی و انواع عایق حرارتی,four_quarter_change,47.83382,percent,1402,,جدول 4,ts_building_140404-14050319105758.xlsx
1404-Q4,1404,4,زمستان,گروه تاسیسات مکانیکی و انواع عایق حرارتی,four_quarter_change,79.22545,percent,1402,,جدول 4,ts_building_140404-14050319105758.xlsx
1391-Q1,1391,1,بهار,گروه نقاشی ساختمان,four_quarter_change,,percent,1402,×,جدول 4,ts_building_140404-14050319105758.xlsx
1391-Q2,1391,2,تابستان,گروه نقاشی ساختمان,four_quarter_change,,percent,1402,×,جدول 4,ts_building_140404-14050319105758.xlsx
1391-Q3,1391,3,پاییز,گروه نقاشی ساختمان,four_quarter_change,,percent,1402,×,جدول 4,ts_building_140404-14050319105758.xlsx
1391-Q4,1391,4,زمستان,گروه نقاشی ساختمان,four_quarter_change,51.20813,percent,1402,,جدول 4,ts_building_140404-14050319105758.xlsx
1392-Q1,1392,1,بهار,گروه نقاشی ساختمان,four_quarter_change,68.08258,percent,1402,,جدول 4,ts_building_140404-14050319105758.xlsx
1392-Q2,1392,2,تابستان,گروه نقاشی ساختمان,four_quarter_change,75.93217,percent,1402,,جدول 4,ts_building_140404-14050319105758.xlsx
1392-Q3,1392,3,پاییز,گروه نقاشی ساختمان,four_quarter_change,62.98927,percent,1402,,جدول 4,ts_building_140404-14050319105758.xlsx
1392-Q4,1392,4,زمستان,گروه نقاشی ساختمان,four_quarter_change,47.72553,percent,1402,,جدول 4,ts_building_140404-14050319105758.xlsx
1393-Q1,1393,1,بهار,گروه نقاشی ساختمان,four_quarter_change,25.76552,percent,1402,,جدول 4,ts_building_140404-14050319105758.xlsx
1393-Q2,1393,2,تابستان,گروه نقاشی ساختمان,four_quarter_change,11.49275,percent,1402,,جدول 4,ts_building_140404-14050319105758.xlsx
1393-Q3,1393,3,پاییز,گروه نقاشی ساختمان,four_quarter_change,4.6418,percent,1402,,جدول 4,ts_building_140404-14050319105758.xlsx
1393-Q4,1393,4,زمستان,گروه نقاشی ساختمان,four_quarter_change,2.00837,percent,1402,,جدول 4,ts_building_140404-14050319105758.xlsx
1394-Q1,1394,1,بهار,گروه نقاشی ساختمان,four_quarter_change,2.64546,percent,1402,,جدول 4,ts_building_140404-14050319105758.xlsx
1394-Q2,1394,2,تابستان,گروه نقاشی ساختمان,four_quarter_change,3.22853,percent,1402,,جدول 4,ts_building_140404-14050319105758.xlsx
1394-Q3,1394,3,پاییز,گروه نقاشی ساختمان,four_quarter_change,3.07887,percent,1402,,جدول 4,ts_building_140404-14050319105758.xlsx
1394-Q4,1394,4,زمستان,گروه نقاشی ساختمان,four_quarter_change,1.72581,percent,1402,,جدول 4,ts_building_140404-14050319105758.xlsx
1395-Q1,1395,1,بهار,گروه نقاشی ساختمان,four_quarter_change,0.5196,percent,1402,,جدول 4,ts_building_140404-14050319105758.xlsx
1395-Q2,1395,2,تابستان,گروه نقاشی ساختمان,four_quarter_change,-0.42268,percent,1402,,جدول 4,ts_building_140404-14050319105758.xlsx
1395-Q3,1395,3,پاییز,گروه نقاشی ساختمان,four_quarter_change,-0.40566,percent,1402,,جدول 4,ts_building_140404-14050319105758.xlsx
1395-Q4,1395,4,زمستان,گروه نقاشی ساختمان,four_quarter_change,-0.10746,percent,1402,,جدول 4,ts_building_140404-14050319105758.xlsx
1396-Q1,1396,1,بهار,گروه نقاشی ساختمان,four_quarter_change,2.19183,percent,1402,,جدول 4,ts_building_140404-14050319105758.xlsx
1396-Q2,1396,2,تابستان,گروه نقاشی ساختمان,four_quarter_change,4.98781,percent,1402,,جدول 4,ts_building_140404-14050319105758.xlsx
1396-Q3,1396,3,پاییز,گروه نقاشی ساختمان,four_quarter_change,8.0342,percent,1402,,جدول 4,ts_building_140404-14050319105758.xlsx
1396-Q4,1396,4,زمستان,گروه نقاشی ساختمان,four_quarter_change,12.04411,percent,1402,,جدول 4,ts_building_140404-14050319105758.xlsx
1397-Q1,1397,1,بهار,گروه نقاشی ساختمان,four_quarter_change,16.40947,percent,1402,,جدول 4,ts_building_140404-14050319105758.xlsx
1397-Q2,1397,2,تابستان,گروه نقاشی ساختمان,four_quarter_change,32.01561,percent,1402,,جدول 4,ts_building_140404-14050319105758.xlsx
1397-Q3,1397,3,پاییز,گروه نقاشی ساختمان,four_quarter_change,54.86835,percent,1402,,جدول 4,ts_building_140404-14050319105758.xlsx
1397-Q4,1397,4,زمستان,گروه نقاشی ساختمان,four_quarter_change,76.20139,percent,1402,,جدول 4,ts_building_140404-14050319105758.xlsx
1398-Q1,1398,1,بهار,گروه نقاشی ساختمان,four_quarter_change,93.69665,percent,1402,,جدول 4,ts_building_140404-14050319105758.xlsx
1398-Q2,1398,2,تابستان,گروه نقاشی ساختمان,four_quarter_change,82.21494,percent,1402,,جدول 4,ts_building_140404-14050319105758.xlsx
1398-Q3,1398,3,پاییز,گروه نقاشی ساختمان,four_quarter_change,57.02237,percent,1402,,جدول 4,ts_building_140404-14050319105758.xlsx
1398-Q4,1398,4,زمستان,گروه نقاشی ساختمان,four_quarter_change,36.66897,percent,1402,,جدول 4,ts_building_140404-14050319105758.xlsx
1399-Q1,1399,1,بهار,گروه نقاشی ساختمان,four_quarter_change,20.68084,percent,1402,,جدول 4,ts_building_140404-14050319105758.xlsx
1399-Q2,1399,2,تابستان,گروه نقاشی ساختمان,four_quarter_change,21.02913,percent,1402,,جدول 4,ts_building_140404-14050319105758.xlsx
1399-Q3,1399,3,پاییز,گروه نقاشی ساختمان,four_quarter_change,36.33148,percent,1402,,جدول 4,ts_building_140404-14050319105758.xlsx
1399-Q4,1399,4,زمستان,گروه نقاشی ساختمان,four_quarter_change,53.51048,percent,1402,,جدول 4,ts_building_140404-14050319105758.xlsx
1400-Q1,1400,1,بهار,گروه نقاشی ساختمان,four_quarter_change,74.50517,percent,1402,,جدول 4,ts_building_140404-14050319105758.xlsx
1400-Q2,1400,2,تابستان,گروه نقاشی ساختمان,four_quarter_change,78.73186,percent,1402,,جدول 4,ts_building_140404-14050319105758.xlsx
1400-Q3,1400,3,پاییز,گروه نقاشی ساختمان,four_quarter_change,66.97037,percent,1402,,جدول 4,ts_building_140404-14050319105758.xlsx
1400-Q4,1400,4,زمستان,گروه نقاشی ساختمان,four_quarter_change,56.38074,percent,1402,,جدول 4,ts_building_140404-14050319105758.xlsx
1401-Q1,1401,1,بهار,گروه نقاشی ساختمان,four_quarter_change,49.756,percent,1402,,جدول 4,ts_building_140404-14050319105758.xlsx
1401-Q2,1401,2,تابستان,گروه نقاشی ساختمان,four_quarter_change,49.4641,percent,1402,,جدول 4,ts_building_140404-14050319105758.xlsx
1401-Q3,1401,3,پاییز,گروه نقاشی ساختمان,four_quarter_change,48.48455,percent,1402,,جدول 4,ts_building_140404-14050319105758.xlsx
1401-Q4,1401,4,زمستان,گروه نقاشی ساختمان,four_quarter_change,49.65722,percent,1402,,جدول 4,ts_building_140404-14050319105758.xlsx
1402-Q1,1402,1,بهار,گروه نقاشی ساختمان,four_quarter_change,45.58428,percent,1402,,جدول 4,ts_building_140404-14050319105758.xlsx
1402-Q2,1402,2,تابستان,گروه نقاشی ساختمان,four_quarter_change,38.56626,percent,1402,,جدول 4,ts_building_140404-14050319105758.xlsx
1402-Q3,1402,3,پاییز,گروه نقاشی ساختمان,four_quarter_change,36.22655,percent,1402,,جدول 4,ts_building_140404-14050319105758.xlsx
1402-Q4,1402,4,زمستان,گروه نقاشی ساختمان,four_quarter_change,31.82614,percent,1402,,جدول 4,ts_building_140404-14050319105758.xlsx
1403-Q1,1403,1,بهار,گروه نقاشی ساختمان,four_quarter_change,25.58366,percent,1402,,جدول 4,ts_building_140404-14050319105758.xlsx
1403-Q2,1403,2,تابستان,گروه نقاشی ساختمان,four_quarter_change,23.73822,percent,1402,,جدول 4,ts_building_140404-14050319105758.xlsx
1403-Q3,1403,3,پاییز,گروه نقاشی ساختمان,four_quarter_change,22.06617,percent,1402,,جدول 4,ts_building_140404-14050319105758.xlsx
1403-Q4,1403,4,زمستان,گروه نقاشی ساختمان,four_quarter_change,25.74998,percent,1402,,جدول 4,ts_building_140404-14050319105758.xlsx
1404-Q1,1404,1,بهار,گروه نقاشی ساختمان,four_quarter_change,32.28072,percent,1402,,جدول 4,ts_building_140404-14050319105758.xlsx
1404-Q2,1404,2,تابستان,گروه نقاشی ساختمان,four_quarter_change,35.53491,percent,1402,,جدول 4,ts_building_140404-14050319105758.xlsx
1404-Q3,1404,3,پاییز,گروه نقاشی ساختمان,four_quarter_change,41.60858,percent,1402,,جدول 4,ts_building_140404-14050319105758.xlsx
1404-Q4,1404,4,زمستان,گروه نقاشی ساختمان,four_quarter_change,53.87823,percent,1402,,جدول 4,ts_building_140404-14050319105758.xlsx
1391-Q1,1391,1,بهار,گروه تاسیسات برقی,four_quarter_change,,percent,1402,×,جدول 4,ts_building_140404-14050319105758.xlsx
1391-Q2,1391,2,تابستان,گروه تاسیسات برقی,four_quarter_change,,percent,1402,×,جدول 4,ts_building_140404-14050319105758.xlsx
1391-Q3,1391,3,پاییز,گروه تاسیسات برقی,four_quarter_change,,percent,1402,×,جدول 4,ts_building_140404-14050319105758.xlsx
1391-Q4,1391,4,زمستان,گروه تاسیسات برقی,four_quarter_change,59.08918,percent,1402,,جدول 4,ts_building_140404-14050319105758.xlsx
1392-Q1,1392,1,بهار,گروه تاسیسات برقی,four_quarter_change,67.25316,percent,1402,,جدول 4,ts_building_140404-14050319105758.xlsx
1392-Q2,1392,2,تابستان,گروه تاسیسات برقی,four_quarter_change,63.08843,percent,1402,,جدول 4,ts_building_140404-14050319105758.xlsx
1392-Q3,1392,3,پاییز,گروه تاسیسات برقی,four_quarter_change,44.19873,percent,1402,,جدول 4,ts_building_140404-14050319105758.xlsx
1392-Q4,1392,4,زمستان,گروه تاسیسات برقی,four_quarter_change,26.61701,percent,1402,,جدول 4,ts_building_140404-14050319105758.xlsx
1393-Q1,1393,1,بهار,گروه تاسیسات برقی,four_quarter_change,14.14096,percent,1402,,جدول 4,ts_building_140404-14050319105758.xlsx
1393-Q2,1393,2,تابستان,گروه تاسیسات برقی,four_quarter_change,7.28215,percent,1402,,جدول 4,ts_building_140404-14050319105758.xlsx
1393-Q3,1393,3,پاییز,گروه تاسیسات برقی,four_quarter_change,6.50596,percent,1402,,جدول 4,ts_building_140404-14050319105758.xlsx
1393-Q4,1393,4,زمستان,گروه تاسیسات برقی,four_quarter_change,7.17234,percent,1402,,جدول 4,ts_building_140404-14050319105758.xlsx
1394-Q1,1394,1,بهار,گروه تاسیسات برقی,four_quarter_change,6.22714,percent,1402,,جدول 4,ts_building_140404-14050319105758.xlsx
1394-Q2,1394,2,تابستان,گروه تاسیسات برقی,four_quarter_change,4.50445,percent,1402,,جدول 4,ts_building_140404-14050319105758.xlsx
1394-Q3,1394,3,پاییز,گروه تاسیسات برقی,four_quarter_change,2.08431,percent,1402,,جدول 4,ts_building_140404-14050319105758.xlsx
1394-Q4,1394,4,زمستان,گروه تاسیسات برقی,four_quarter_change,0.28212,percent,1402,,جدول 4,ts_building_140404-14050319105758.xlsx
1395-Q1,1395,1,بهار,گروه تاسیسات برقی,four_quarter_change,-0.37107,percent,1402,,جدول 4,ts_building_140404-14050319105758.xlsx
1395-Q2,1395,2,تابستان,گروه تاسیسات برقی,four_quarter_change,0.01844,percent,1402,,جدول 4,ts_building_140404-14050319105758.xlsx
1395-Q3,1395,3,پاییز,گروه تاسیسات برقی,four_quarter_change,2.17094,percent,1402,,جدول 4,ts_building_140404-14050319105758.xlsx
1395-Q4,1395,4,زمستان,گروه تاسیسات برقی,four_quarter_change,4.64126,percent,1402,,جدول 4,ts_building_140404-14050319105758.xlsx
1396-Q1,1396,1,بهار,گروه تاسیسات برقی,four_quarter_change,6.89399,percent,1402,,جدول 4,ts_building_140404-14050319105758.xlsx
1396-Q2,1396,2,تابستان,گروه تاسیسات برقی,four_quarter_change,9.37473,percent,1402,,جدول 4,ts_building_140404-14050319105758.xlsx
1396-Q3,1396,3,پاییز,گروه تاسیسات برقی,four_quarter_change,10.02821,percent,1402,,جدول 4,ts_building_140404-14050319105758.xlsx
1396-Q4,1396,4,زمستان,گروه تاسیسات برقی,four_quarter_change,11.54214,percent,1402,,جدول 4,ts_building_140404-14050319105758.xlsx
1397-Q1,1397,1,بهار,گروه تاسیسات برقی,four_quarter_change,17.10081,percent,1402,,جدول 4,ts_building_140404-14050319105758.xlsx
1397-Q2,1397,2,تابستان,گروه تاسیسات برقی,four_quarter_change,34.97686,percent,1402,,جدول 4,ts_building_140404-14050319105758.xlsx
1397-Q3,1397,3,پاییز,گروه تاسیسات برقی,four_quarter_change,56.88309,percent,1402,,جدول 4,ts_building_140404-14050319105758.xlsx
1397-Q4,1397,4,زمستان,گروه تاسیسات برقی,four_quarter_change,79.78641,percent,1402,,جدول 4,ts_building_140404-14050319105758.xlsx
1398-Q1,1398,1,بهار,گروه تاسیسات برقی,four_quarter_change,99.64481,percent,1402,,جدول 4,ts_building_140404-14050319105758.xlsx
1398-Q2,1398,2,تابستان,گروه تاسیسات برقی,four_quarter_change,82.35501,percent,1402,,جدول 4,ts_building_140404-14050319105758.xlsx
1398-Q3,1398,3,پاییز,گروه تاسیسات برقی,four_quarter_change,62.22288,percent,1402,,جدول 4,ts_building_140404-14050319105758.xlsx
1398-Q4,1398,4,زمستان,گروه تاسیسات برقی,four_quarter_change,44.95859,percent,1402,,جدول 4,ts_building_140404-14050319105758.xlsx
1399-Q1,1399,1,بهار,گروه تاسیسات برقی,four_quarter_change,29.63276,percent,1402,,جدول 4,ts_building_140404-14050319105758.xlsx
1399-Q2,1399,2,تابستان,گروه تاسیسات برقی,four_quarter_change,35.59824,percent,1402,,جدول 4,ts_building_140404-14050319105758.xlsx
1399-Q3,1399,3,پاییز,گروه تاسیسات برقی,four_quarter_change,55.19149,percent,1402,,جدول 4,ts_building_140404-14050319105758.xlsx
1399-Q4,1399,4,زمستان,گروه تاسیسات برقی,four_quarter_change,72.3249,percent,1402,,جدول 4,ts_building_140404-14050319105758.xlsx
1400-Q1,1400,1,بهار,گروه تاسیسات برقی,four_quarter_change,85.9989,percent,1402,,جدول 4,ts_building_140404-14050319105758.xlsx
1400-Q2,1400,2,تابستان,گروه تاسیسات برقی,four_quarter_change,82.09549,percent,1402,,جدول 4,ts_building_140404-14050319105758.xlsx
1400-Q3,1400,3,پاییز,گروه تاسیسات برقی,four_quarter_change,58.33523,percent,1402,,جدول 4,ts_building_140404-14050319105758.xlsx
1400-Q4,1400,4,زمستان,گروه تاسیسات برقی,four_quarter_change,44.86825,percent,1402,,جدول 4,ts_building_140404-14050319105758.xlsx
1401-Q1,1401,1,بهار,گروه تاسیسات برقی,four_quarter_change,39.65889,percent,1402,,جدول 4,ts_building_140404-14050319105758.xlsx
1401-Q2,1401,2,تابستان,گروه تاسیسات برقی,four_quarter_change,36.64842,percent,1402,,جدول 4,ts_building_140404-14050319105758.xlsx
1401-Q3,1401,3,پاییز,گروه تاسیسات برقی,four_quarter_change,42.66045,percent,1402,,جدول 4,ts_building_140404-14050319105758.xlsx
1401-Q4,1401,4,زمستان,گروه تاسیسات برقی,four_quarter_change,52.66781,percent,1402,,جدول 4,ts_building_140404-14050319105758.xlsx
1402-Q1,1402,1,بهار,گروه تاسیسات برقی,four_quarter_change,55.99216,percent,1402,,جدول 4,ts_building_140404-14050319105758.xlsx
1402-Q2,1402,2,تابستان,گروه تاسیسات برقی,four_quarter_change,61.80865,percent,1402,,جدول 4,ts_building_140404-14050319105758.xlsx
1402-Q3,1402,3,پاییز,گروه تاسیسات برقی,four_quarter_change,60.09679,percent,1402,,جدول 4,ts_building_140404-14050319105758.xlsx
1402-Q4,1402,4,زمستان,گروه تاسیسات برقی,four_quarter_change,45.41444,percent,1402,,جدول 4,ts_building_140404-14050319105758.xlsx
1403-Q1,1403,1,بهار,گروه تاسیسات برقی,four_quarter_change,33.51975,percent,1402,,جدول 4,ts_building_140404-14050319105758.xlsx
1403-Q2,1403,2,تابستان,گروه تاسیسات برقی,four_quarter_change,23.15171,percent,1402,,جدول 4,ts_building_140404-14050319105758.xlsx
1403-Q3,1403,3,پاییز,گروه تاسیسات برقی,four_quarter_change,18.97448,percent,1402,,جدول 4,ts_building_140404-14050319105758.xlsx
1403-Q4,1403,4,زمستان,گروه تاسیسات برقی,four_quarter_change,19.86832,percent,1402,,جدول 4,ts_building_140404-14050319105758.xlsx
1404-Q1,1404,1,بهار,گروه تاسیسات برقی,four_quarter_change,21.30217,percent,1402,,جدول 4,ts_building_140404-14050319105758.xlsx
1404-Q2,1404,2,تابستان,گروه تاسیسات برقی,four_quarter_change,23.82973,percent,1402,,جدول 4,ts_building_140404-14050319105758.xlsx
1404-Q3,1404,3,پاییز,گروه تاسیسات برقی,four_quarter_change,30.09733,percent,1402,,جدول 4,ts_building_140404-14050319105758.xlsx
1404-Q4,1404,4,زمستان,گروه تاسیسات برقی,four_quarter_change,56.11568,percent,1402,,جدول 4,ts_building_140404-14050319105758.xlsx
1391-Q1,1391,1,بهار,گروه شیشه,four_quarter_change,,percent,1402,×,جدول 4,ts_building_140404-14050319105758.xlsx
1391-Q2,1391,2,تابستان,گروه شیشه,four_quarter_change,,percent,1402,×,جدول 4,ts_building_140404-14050319105758.xlsx
1391-Q3,1391,3,پاییز,گروه شیشه,four_quarter_change,,percent,1402,×,جدول 4,ts_building_140404-14050319105758.xlsx
1391-Q4,1391,4,زمستان,گروه شیشه,four_quarter_change,29.95078,percent,1402,,جدول 4,ts_building_140404-14050319105758.xlsx
1392-Q1,1392,1,بهار,گروه شیشه,four_quarter_change,36.57574,percent,1402,,جدول 4,ts_building_140404-14050319105758.xlsx
1392-Q2,1392,2,تابستان,گروه شیشه,four_quarter_change,40.20776,percent,1402,,جدول 4,ts_building_140404-14050319105758.xlsx
1392-Q3,1392,3,پاییز,گروه شیشه,four_quarter_change,29.45519,percent,1402,,جدول 4,ts_building_140404-14050319105758.xlsx
1392-Q4,1392,4,زمستان,گروه شیشه,four_quarter_change,19.74195,percent,1402,,جدول 4,ts_building_140404-14050319105758.xlsx
1393-Q1,1393,1,بهار,گروه شیشه,four_quarter_change,8.78775,percent,1402,,جدول 4,ts_building_140404-14050319105758.xlsx
1393-Q2,1393,2,تابستان,گروه شیشه,four_quarter_change,0.30619,percent,1402,,جدول 4,ts_building_140404-14050319105758.xlsx
1393-Q3,1393,3,پاییز,گروه شیشه,four_quarter_change,2.91748,percent,1402,,جدول 4,ts_building_140404-14050319105758.xlsx
1393-Q4,1393,4,زمستان,گروه شیشه,four_quarter_change,6.58788,percent,1402,,جدول 4,ts_building_140404-14050319105758.xlsx
1394-Q1,1394,1,بهار,گروه شیشه,four_quarter_change,12.98103,percent,1402,,جدول 4,ts_building_140404-14050319105758.xlsx
1394-Q2,1394,2,تابستان,گروه شیشه,four_quarter_change,18.27172,percent,1402,,جدول 4,ts_building_140404-14050319105758.xlsx
1394-Q3,1394,3,پاییز,گروه شیشه,four_quarter_change,15.50764,percent,1402,,جدول 4,ts_building_140404-14050319105758.xlsx
1394-Q4,1394,4,زمستان,گروه شیشه,four_quarter_change,12.78958,percent,1402,,جدول 4,ts_building_140404-14050319105758.xlsx
1395-Q1,1395,1,بهار,گروه شیشه,four_quarter_change,8.67829,percent,1402,,جدول 4,ts_building_140404-14050319105758.xlsx
1395-Q2,1395,2,تابستان,گروه شیشه,four_quarter_change,5.09679,percent,1402,,جدول 4,ts_building_140404-14050319105758.xlsx
1395-Q3,1395,3,پاییز,گروه شیشه,four_quarter_change,3.91983,percent,1402,,جدول 4,ts_building_140404-14050319105758.xlsx
1395-Q4,1395,4,زمستان,گروه شیشه,four_quarter_change,0.64421,percent,1402,,جدول 4,ts_building_140404-14050319105758.xlsx
1396-Q1,1396,1,بهار,گروه شیشه,four_quarter_change,-2.02823,percent,1402,,جدول 4,ts_building_140404-14050319105758.xlsx
1396-Q2,1396,2,تابستان,گروه شیشه,four_quarter_change,-3.77724,percent,1402,,جدول 4,ts_building_140404-14050319105758.xlsx
1396-Q3,1396,3,پاییز,گروه شیشه,four_quarter_change,-4.29433,percent,1402,,جدول 4,ts_building_140404-14050319105758.xlsx
1396-Q4,1396,4,زمستان,گروه شیشه,four_quarter_change,1.44798,percent,1402,,جدول 4,ts_building_140404-14050319105758.xlsx
1397-Q1,1397,1,بهار,گروه شیشه,four_quarter_change,9.64342,percent,1402,,جدول 4,ts_building_140404-14050319105758.xlsx
1397-Q2,1397,2,تابستان,گروه شیشه,four_quarter_change,24.04864,percent,1402,,جدول 4,ts_building_140404-14050319105758.xlsx
1397-Q3,1397,3,پاییز,گروه شیشه,four_quarter_change,50.55107,percent,1402,,جدول 4,ts_building_140404-14050319105758.xlsx
1397-Q4,1397,4,زمستان,گروه شیشه,four_quarter_change,64.2044,percent,1402,,جدول 4,ts_building_140404-14050319105758.xlsx
1398-Q1,1398,1,بهار,گروه شیشه,four_quarter_change,76.29966,percent,1402,,جدول 4,ts_building_140404-14050319105758.xlsx
1398-Q2,1398,2,تابستان,گروه شیشه,four_quarter_change,71.33412,percent,1402,,جدول 4,ts_building_140404-14050319105758.xlsx
1398-Q3,1398,3,پاییز,گروه شیشه,four_quarter_change,43.03663,percent,1402,,جدول 4,ts_building_140404-14050319105758.xlsx
1398-Q4,1398,4,زمستان,گروه شیشه,four_quarter_change,28.86065,percent,1402,,جدول 4,ts_building_140404-14050319105758.xlsx
1399-Q1,1399,1,بهار,گروه شیشه,four_quarter_change,16.87721,percent,1402,,جدول 4,ts_building_140404-14050319105758.xlsx
1399-Q2,1399,2,تابستان,گروه شیشه,four_quarter_change,15.68347,percent,1402,,جدول 4,ts_building_140404-14050319105758.xlsx
1399-Q3,1399,3,پاییز,گروه شیشه,four_quarter_change,25.51313,percent,1402,,جدول 4,ts_building_140404-14050319105758.xlsx
1399-Q4,1399,4,زمستان,گروه شیشه,four_quarter_change,43.44596,percent,1402,,جدول 4,ts_building_140404-14050319105758.xlsx
1400-Q1,1400,1,بهار,گروه شیشه,four_quarter_change,64.20253,percent,1402,,جدول 4,ts_building_140404-14050319105758.xlsx
1400-Q2,1400,2,تابستان,گروه شیشه,four_quarter_change,78.33482,percent,1402,,جدول 4,ts_building_140404-14050319105758.xlsx
1400-Q3,1400,3,پاییز,گروه شیشه,four_quarter_change,91.37595,percent,1402,,جدول 4,ts_building_140404-14050319105758.xlsx
1400-Q4,1400,4,زمستان,گروه شیشه,four_quarter_change,85.40024,percent,1402,,جدول 4,ts_building_140404-14050319105758.xlsx
1401-Q1,1401,1,بهار,گروه شیشه,four_quarter_change,86.31289,percent,1402,,جدول 4,ts_building_140404-14050319105758.xlsx
1401-Q2,1401,2,تابستان,گروه شیشه,four_quarter_change,85.24198,percent,1402,,جدول 4,ts_building_140404-14050319105758.xlsx
1401-Q3,1401,3,پاییز,گروه شیشه,four_quarter_change,76.62333,percent,1402,,جدول 4,ts_building_140404-14050319105758.xlsx
1401-Q4,1401,4,زمستان,گروه شیشه,four_quarter_change,81.05188,percent,1402,,جدول 4,ts_building_140404-14050319105758.xlsx
1402-Q1,1402,1,بهار,گروه شیشه,four_quarter_change,70.9524,percent,1402,,جدول 4,ts_building_140404-14050319105758.xlsx
1402-Q2,1402,2,تابستان,گروه شیشه,four_quarter_change,62.97649,percent,1402,,جدول 4,ts_building_140404-14050319105758.xlsx
1402-Q3,1402,3,پاییز,گروه شیشه,four_quarter_change,58.60316,percent,1402,,جدول 4,ts_building_140404-14050319105758.xlsx
1402-Q4,1402,4,زمستان,گروه شیشه,four_quarter_change,42.551,percent,1402,,جدول 4,ts_building_140404-14050319105758.xlsx
1403-Q1,1403,1,بهار,گروه شیشه,four_quarter_change,29.33548,percent,1402,,جدول 4,ts_building_140404-14050319105758.xlsx
1403-Q2,1403,2,تابستان,گروه شیشه,four_quarter_change,19.51909,percent,1402,,جدول 4,ts_building_140404-14050319105758.xlsx
1403-Q3,1403,3,پاییز,گروه شیشه,four_quarter_change,13.71731,percent,1402,,جدول 4,ts_building_140404-14050319105758.xlsx
1403-Q4,1403,4,زمستان,گروه شیشه,four_quarter_change,13.36048,percent,1402,,جدول 4,ts_building_140404-14050319105758.xlsx
1404-Q1,1404,1,بهار,گروه شیشه,four_quarter_change,17.04789,percent,1402,,جدول 4,ts_building_140404-14050319105758.xlsx
1404-Q2,1404,2,تابستان,گروه شیشه,four_quarter_change,19.94632,percent,1402,,جدول 4,ts_building_140404-14050319105758.xlsx
1404-Q3,1404,3,پاییز,گروه شیشه,four_quarter_change,22.89896,percent,1402,,جدول 4,ts_building_140404-14050319105758.xlsx
1404-Q4,1404,4,زمستان,گروه شیشه,four_quarter_change,29.38404,percent,1402,,جدول 4,ts_building_140404-14050319105758.xlsx
1391-Q1,1391,1,بهار,گروه خدمات,four_quarter_change,,percent,1402,×,جدول 4,ts_building_140404-14050319105758.xlsx
1391-Q2,1391,2,تابستان,گروه خدمات,four_quarter_change,,percent,1402,×,جدول 4,ts_building_140404-14050319105758.xlsx
1391-Q3,1391,3,پاییز,گروه خدمات,four_quarter_change,,percent,1402,×,جدول 4,ts_building_140404-14050319105758.xlsx
1391-Q4,1391,4,زمستان,گروه خدمات,four_quarter_change,27.86972,percent,1402,,جدول 4,ts_building_140404-14050319105758.xlsx
1392-Q1,1392,1,بهار,گروه خدمات,four_quarter_change,29.9963,percent,1402,,جدول 4,ts_building_140404-14050319105758.xlsx
1392-Q2,1392,2,تابستان,گروه خدمات,four_quarter_change,28.65605,percent,1402,,جدول 4,ts_building_140404-14050319105758.xlsx
1392-Q3,1392,3,پاییز,گروه خدمات,four_quarter_change,25.73236,percent,1402,,جدول 4,ts_building_140404-14050319105758.xlsx
1392-Q4,1392,4,زمستان,گروه خدمات,four_quarter_change,23.79613,percent,1402,,جدول 4,ts_building_140404-14050319105758.xlsx
1393-Q1,1393,1,بهار,گروه خدمات,four_quarter_change,18.11639,percent,1402,,جدول 4,ts_building_140404-14050319105758.xlsx
1393-Q2,1393,2,تابستان,گروه خدمات,four_quarter_change,14.79675,percent,1402,,جدول 4,ts_building_140404-14050319105758.xlsx
1393-Q3,1393,3,پاییز,گروه خدمات,four_quarter_change,12.29342,percent,1402,,جدول 4,ts_building_140404-14050319105758.xlsx
1393-Q4,1393,4,زمستان,گروه خدمات,four_quarter_change,10.27289,percent,1402,,جدول 4,ts_building_140404-14050319105758.xlsx
1394-Q1,1394,1,بهار,گروه خدمات,four_quarter_change,10.51013,percent,1402,,جدول 4,ts_building_140404-14050319105758.xlsx
1394-Q2,1394,2,تابستان,گروه خدمات,four_quarter_change,11.06065,percent,1402,,جدول 4,ts_building_140404-14050319105758.xlsx
1394-Q3,1394,3,پاییز,گروه خدمات,four_quarter_change,11.29374,percent,1402,,جدول 4,ts_building_140404-14050319105758.xlsx
1394-Q4,1394,4,زمستان,گروه خدمات,four_quarter_change,11.60044,percent,1402,,جدول 4,ts_building_140404-14050319105758.xlsx
1395-Q1,1395,1,بهار,گروه خدمات,four_quarter_change,11.79688,percent,1402,,جدول 4,ts_building_140404-14050319105758.xlsx
1395-Q2,1395,2,تابستان,گروه خدمات,four_quarter_change,10.67364,percent,1402,,جدول 4,ts_building_140404-14050319105758.xlsx
1395-Q3,1395,3,پاییز,گروه خدمات,four_quarter_change,9.82649,percent,1402,,جدول 4,ts_building_140404-14050319105758.xlsx
1395-Q4,1395,4,زمستان,گروه خدمات,four_quarter_change,8.93425,percent,1402,,جدول 4,ts_building_140404-14050319105758.xlsx
1396-Q1,1396,1,بهار,گروه خدمات,four_quarter_change,7.46559,percent,1402,,جدول 4,ts_building_140404-14050319105758.xlsx
1396-Q2,1396,2,تابستان,گروه خدمات,four_quarter_change,7.41539,percent,1402,,جدول 4,ts_building_140404-14050319105758.xlsx
1396-Q3,1396,3,پاییز,گروه خدمات,four_quarter_change,7.33782,percent,1402,,جدول 4,ts_building_140404-14050319105758.xlsx
1396-Q4,1396,4,زمستان,گروه خدمات,four_quarter_change,7.48253,percent,1402,,جدول 4,ts_building_140404-14050319105758.xlsx
1397-Q1,1397,1,بهار,گروه خدمات,four_quarter_change,10.7689,percent,1402,,جدول 4,ts_building_140404-14050319105758.xlsx
1397-Q2,1397,2,تابستان,گروه خدمات,four_quarter_change,13.82595,percent,1402,,جدول 4,ts_building_140404-14050319105758.xlsx
1397-Q3,1397,3,پاییز,گروه خدمات,four_quarter_change,17.50305,percent,1402,,جدول 4,ts_building_140404-14050319105758.xlsx
1397-Q4,1397,4,زمستان,گروه خدمات,four_quarter_change,20.68021,percent,1402,,جدول 4,ts_building_140404-14050319105758.xlsx
1398-Q1,1398,1,بهار,گروه خدمات,four_quarter_change,23.71472,percent,1402,,جدول 4,ts_building_140404-14050319105758.xlsx
1398-Q2,1398,2,تابستان,گروه خدمات,four_quarter_change,25.07383,percent,1402,,جدول 4,ts_building_140404-14050319105758.xlsx
1398-Q3,1398,3,پاییز,گروه خدمات,four_quarter_change,25.01035,percent,1402,,جدول 4,ts_building_140404-14050319105758.xlsx
1398-Q4,1398,4,زمستان,گروه خدمات,four_quarter_change,25.19437,percent,1402,,جدول 4,ts_building_140404-14050319105758.xlsx
1399-Q1,1399,1,بهار,گروه خدمات,four_quarter_change,24.73927,percent,1402,,جدول 4,ts_building_140404-14050319105758.xlsx
1399-Q2,1399,2,تابستان,گروه خدمات,four_quarter_change,26.85033,percent,1402,,جدول 4,ts_building_140404-14050319105758.xlsx
1399-Q3,1399,3,پاییز,گروه خدمات,four_quarter_change,31.25823,percent,1402,,جدول 4,ts_building_140404-14050319105758.xlsx
1399-Q4,1399,4,زمستان,گروه خدمات,four_quarter_change,35.18303,percent,1402,,جدول 4,ts_building_140404-14050319105758.xlsx
1400-Q1,1400,1,بهار,گروه خدمات,four_quarter_change,39.19724,percent,1402,,جدول 4,ts_building_140404-14050319105758.xlsx
1400-Q2,1400,2,تابستان,گروه خدمات,four_quarter_change,40.40193,percent,1402,,جدول 4,ts_building_140404-14050319105758.xlsx
1400-Q3,1400,3,پاییز,گروه خدمات,four_quarter_change,38.23516,percent,1402,,جدول 4,ts_building_140404-14050319105758.xlsx
1400-Q4,1400,4,زمستان,گروه خدمات,four_quarter_change,36.81126,percent,1402,,جدول 4,ts_building_140404-14050319105758.xlsx
1401-Q1,1401,1,بهار,گروه خدمات,four_quarter_change,42.84768,percent,1402,,جدول 4,ts_building_140404-14050319105758.xlsx
1401-Q2,1401,2,تابستان,گروه خدمات,four_quarter_change,48.99429,percent,1402,,جدول 4,ts_building_140404-14050319105758.xlsx
1401-Q3,1401,3,پاییز,گروه خدمات,four_quarter_change,55.25958,percent,1402,,جدول 4,ts_building_140404-14050319105758.xlsx
1401-Q4,1401,4,زمستان,گروه خدمات,four_quarter_change,61.52052,percent,1402,,جدول 4,ts_building_140404-14050319105758.xlsx
1402-Q1,1402,1,بهار,گروه خدمات,four_quarter_change,53.7026,percent,1402,,جدول 4,ts_building_140404-14050319105758.xlsx
1402-Q2,1402,2,تابستان,گروه خدمات,four_quarter_change,46.30821,percent,1402,,جدول 4,ts_building_140404-14050319105758.xlsx
1402-Q3,1402,3,پاییز,گروه خدمات,four_quarter_change,40.95418,percent,1402,,جدول 4,ts_building_140404-14050319105758.xlsx
1402-Q4,1402,4,زمستان,گروه خدمات,four_quarter_change,34.75351,percent,1402,,جدول 4,ts_building_140404-14050319105758.xlsx
1403-Q1,1403,1,بهار,گروه خدمات,four_quarter_change,34.22535,percent,1402,,جدول 4,ts_building_140404-14050319105758.xlsx
1403-Q2,1403,2,تابستان,گروه خدمات,four_quarter_change,34.23229,percent,1402,,جدول 4,ts_building_140404-14050319105758.xlsx
1403-Q3,1403,3,پاییز,گروه خدمات,four_quarter_change,34.67086,percent,1402,,جدول 4,ts_building_140404-14050319105758.xlsx
1403-Q4,1403,4,زمستان,گروه خدمات,four_quarter_change,37.86959,percent,1402,,جدول 4,ts_building_140404-14050319105758.xlsx
1404-Q1,1404,1,بهار,گروه خدمات,four_quarter_change,42.44422,percent,1402,,جدول 4,ts_building_140404-14050319105758.xlsx
1404-Q2,1404,2,تابستان,گروه خدمات,four_quarter_change,48.55678,percent,1402,,جدول 4,ts_building_140404-14050319105758.xlsx
1404-Q3,1404,3,پاییز,گروه خدمات,four_quarter_change,58.20455,percent,1402,,جدول 4,ts_building_140404-14050319105758.xlsx
1404-Q4,1404,4,زمستان,گروه خدمات,four_quarter_change,65.95966,percent,1402,,جدول 4,ts_building_140404-14050319105758.xlsx
1391-Q1,1391,1,بهار,ماشین آلات,four_quarter_change,,percent,1402,×,جدول 4,ts_building_140404-14050319105758.xlsx
1391-Q2,1391,2,تابستان,ماشین آلات,four_quarter_change,,percent,1402,×,جدول 4,ts_building_140404-14050319105758.xlsx
1391-Q3,1391,3,پاییز,ماشین آلات,four_quarter_change,,percent,1402,×,جدول 4,ts_building_140404-14050319105758.xlsx
1391-Q4,1391,4,زمستان,ماشین آلات,four_quarter_change,,percent,1402,×,جدول 4,ts_building_140404-14050319105758.xlsx
1392-Q1,1392,1,بهار,ماشین آلات,four_quarter_change,,percent,1402,×,جدول 4,ts_building_140404-14050319105758.xlsx
1392-Q2,1392,2,تابستان,ماشین آلات,four_quarter_change,,percent,1402,×,جدول 4,ts_building_140404-14050319105758.xlsx
1392-Q3,1392,3,پاییز,ماشین آلات,four_quarter_change,,percent,1402,×,جدول 4,ts_building_140404-14050319105758.xlsx
1392-Q4,1392,4,زمستان,ماشین آلات,four_quarter_change,,percent,1402,×,جدول 4,ts_building_140404-14050319105758.xlsx
1393-Q1,1393,1,بهار,ماشین آلات,four_quarter_change,,percent,1402,×,جدول 4,ts_building_140404-14050319105758.xlsx
1393-Q2,1393,2,تابستان,ماشین آلات,four_quarter_change,,percent,1402,×,جدول 4,ts_building_140404-14050319105758.xlsx
1393-Q3,1393,3,پاییز,ماشین آلات,four_quarter_change,,percent,1402,×,جدول 4,ts_building_140404-14050319105758.xlsx
1393-Q4,1393,4,زمستان,ماشین آلات,four_quarter_change,,percent,1402,×,جدول 4,ts_building_140404-14050319105758.xlsx
1394-Q1,1394,1,بهار,ماشین آلات,four_quarter_change,,percent,1402,×,جدول 4,ts_building_140404-14050319105758.xlsx
1394-Q2,1394,2,تابستان,ماشین آلات,four_quarter_change,,percent,1402,×,جدول 4,ts_building_140404-14050319105758.xlsx
1394-Q3,1394,3,پاییز,ماشین آلات,four_quarter_change,,percent,1402,×,جدول 4,ts_building_140404-14050319105758.xlsx
1394-Q4,1394,4,زمستان,ماشین آلات,four_quarter_change,,percent,1402,×,جدول 4,ts_building_140404-14050319105758.xlsx
1395-Q1,1395,1,بهار,ماشین آلات,four_quarter_change,,percent,1402,×,جدول 4,ts_building_140404-14050319105758.xlsx
1395-Q2,1395,2,تابستان,ماشین آلات,four_quarter_change,,percent,1402,×,جدول 4,ts_building_140404-14050319105758.xlsx
1395-Q3,1395,3,پاییز,ماشین آلات,four_quarter_change,,percent,1402,×,جدول 4,ts_building_140404-14050319105758.xlsx
1395-Q4,1395,4,زمستان,ماشین آلات,four_quarter_change,,percent,1402,×,جدول 4,ts_building_140404-14050319105758.xlsx
1396-Q1,1396,1,بهار,ماشین آلات,four_quarter_change,,percent,1402,×,جدول 4,ts_building_140404-14050319105758.xlsx
1396-Q2,1396,2,تابستان,ماشین آلات,four_quarter_change,,percent,1402,×,جدول 4,ts_building_140404-14050319105758.xlsx
1396-Q3,1396,3,پاییز,ماشین آلات,four_quarter_change,,percent,1402,×,جدول 4,ts_building_140404-14050319105758.xlsx
1396-Q4,1396,4,زمستان,ماشین آلات,four_quarter_change,,percent,1402,×,جدول 4,ts_building_140404-14050319105758.xlsx
1397-Q1,1397,1,بهار,ماشین آلات,four_quarter_change,,percent,1402,×,جدول 4,ts_building_140404-14050319105758.xlsx
1397-Q2,1397,2,تابستان,ماشین آلات,four_quarter_change,,percent,1402,×,جدول 4,ts_building_140404-14050319105758.xlsx
1397-Q3,1397,3,پاییز,ماشین آلات,four_quarter_change,,percent,1402,×,جدول 4,ts_building_140404-14050319105758.xlsx
1397-Q4,1397,4,زمستان,ماشین آلات,four_quarter_change,,percent,1402,×,جدول 4,ts_building_140404-14050319105758.xlsx
1398-Q1,1398,1,بهار,ماشین آلات,four_quarter_change,,percent,1402,×,جدول 4,ts_building_140404-14050319105758.xlsx
1398-Q2,1398,2,تابستان,ماشین آلات,four_quarter_change,,percent,1402,×,جدول 4,ts_building_140404-14050319105758.xlsx
1398-Q3,1398,3,پاییز,ماشین آلات,four_quarter_change,,percent,1402,×,جدول 4,ts_building_140404-14050319105758.xlsx
1398-Q4,1398,4,زمستان,ماشین آلات,four_quarter_change,,percent,1402,×,جدول 4,ts_building_140404-14050319105758.xlsx
1399-Q1,1399,1,بهار,ماشین آلات,four_quarter_change,,percent,1402,×,جدول 4,ts_building_140404-14050319105758.xlsx
1399-Q2,1399,2,تابستان,ماشین آلات,four_quarter_change,,percent,1402,×,جدول 4,ts_building_140404-14050319105758.xlsx
1399-Q3,1399,3,پاییز,ماشین آلات,four_quarter_change,,percent,1402,×,جدول 4,ts_building_140404-14050319105758.xlsx
1399-Q4,1399,4,زمستان,ماشین آلات,four_quarter_change,,percent,1402,×,جدول 4,ts_building_140404-14050319105758.xlsx
1400-Q1,1400,1,بهار,ماشین آلات,four_quarter_change,,percent,1402,×,جدول 4,ts_building_140404-14050319105758.xlsx
1400-Q2,1400,2,تابستان,ماشین آلات,four_quarter_change,,percent,1402,×,جدول 4,ts_building_140404-14050319105758.xlsx
1400-Q3,1400,3,پاییز,ماشین آلات,four_quarter_change,,percent,1402,×,جدول 4,ts_building_140404-14050319105758.xlsx
1400-Q4,1400,4,زمستان,ماشین آلات,four_quarter_change,,percent,1402,×,جدول 4,ts_building_140404-14050319105758.xlsx
1401-Q1,1401,1,بهار,ماشین آلات,four_quarter_change,,percent,1402,×,جدول 4,ts_building_140404-14050319105758.xlsx
1401-Q2,1401,2,تابستان,ماشین آلات,four_quarter_change,,percent,1402,×,جدول 4,ts_building_140404-14050319105758.xlsx
1401-Q3,1401,3,پاییز,ماشین آلات,four_quarter_change,,percent,1402,×,جدول 4,ts_building_140404-14050319105758.xlsx
1401-Q4,1401,4,زمستان,ماشین آلات,four_quarter_change,,percent,1402,×,جدول 4,ts_building_140404-14050319105758.xlsx
1402-Q1,1402,1,بهار,ماشین آلات,four_quarter_change,,percent,1402,×,جدول 4,ts_building_140404-14050319105758.xlsx
1402-Q2,1402,2,تابستان,ماشین آلات,four_quarter_change,,percent,1402,×,جدول 4,ts_building_140404-14050319105758.xlsx
1402-Q3,1402,3,پاییز,ماشین آلات,four_quarter_change,,percent,1402,×,جدول 4,ts_building_140404-14050319105758.xlsx
1402-Q4,1402,4,زمستان,ماشین آلات,four_quarter_change,,percent,1402,×,جدول 4,ts_building_140404-14050319105758.xlsx
1403-Q1,1403,1,بهار,ماشین آلات,four_quarter_change,,percent,1402,×,جدول 4,ts_building_140404-14050319105758.xlsx
1403-Q2,1403,2,تابستان,ماشین آلات,four_quarter_change,,percent,1402,×,جدول 4,ts_building_140404-14050319105758.xlsx
1403-Q3,1403,3,پاییز,ماشین آلات,four_quarter_change,,percent,1402,×,جدول 4,ts_building_140404-14050319105758.xlsx
1403-Q4,1403,4,زمستان,ماشین آلات,four_quarter_change,37.92173,percent,1402,,جدول 4,ts_building_140404-14050319105758.xlsx
1404-Q1,1404,1,بهار,ماشین آلات,four_quarter_change,42.25237,percent,1402,,جدول 4,ts_building_140404-14050319105758.xlsx
1404-Q2,1404,2,تابستان,ماشین آلات,four_quarter_change,39.82257,percent,1402,,جدول 4,ts_building_140404-14050319105758.xlsx
1404-Q3,1404,3,پاییز,ماشین آلات,four_quarter_change,38.59381,percent,1402,,جدول 4,ts_building_140404-14050319105758.xlsx
1404-Q4,1404,4,زمستان,ماشین آلات,four_quarter_change,35.33476,percent,1402,,جدول 4,ts_building_140404-14050319105758.xlsx
,1390,,,شاخص کل,annual_price_index,4.4911,index points,1402,,جدول 5,ts_building_140404-14050319105758.xlsx
,1391,,,شاخص کل,annual_price_index,6.13961,index points,1402,,جدول 5,ts_building_140404-14050319105758.xlsx
,1392,,,شاخص کل,annual_price_index,7.60159,index points,1402,,جدول 5,ts_building_140404-14050319105758.xlsx
,1393,,,شاخص کل,annual_price_index,8.10743,index points,1402,,جدول 5,ts_building_140404-14050319105758.xlsx
,1394,,,شاخص کل,annual_price_index,7.95845,index points,1402,,جدول 5,ts_building_140404-14050319105758.xlsx
,1395,,,شاخص کل,annual_price_index,8.48399,index points,1402,,جدول 5,ts_building_140404-14050319105758.xlsx
,1396,,,شاخص کل,annual_price_index,9.5268,index points,1402,,جدول 5,ts_building_140404-14050319105758.xlsx
,1397,,,شاخص کل,annual_price_index,14.07614,index points,1402,,جدول 5,ts_building_140404-14050319105758.xlsx
,1398,,,شاخص کل,annual_price_index,19.01614,index points,1402,,جدول 5,ts_building_140404-14050319105758.xlsx
,1399,,,شاخص کل,annual_price_index,33.54142,index points,1402,,جدول 5,ts_building_140404-14050319105758.xlsx
,1400,,,شاخص کل,annual_price_index,52.09046,index points,1402,,جدول 5,ts_building_140404-14050319105758.xlsx
,1401,,,شاخص کل,annual_price_index,72.922,index points,1402,,جدول 5,ts_building_140404-14050319105758.xlsx
,1402,,,شاخص کل,annual_price_index,100,index points,1402,,جدول 5,ts_building_140404-14050319105758.xlsx
,1403,,,شاخص کل,annual_price_index,126.55265,index points,1402,,جدول 5,ts_building_140404-14050319105758.xlsx
,1404,,,شاخص کل,annual_price_index,204.77143,index points,1402,,جدول 5,ts_building_140404-14050319105758.xlsx
,1390,,,گروه سیمان بتن شن ماسه,annual_price_index,3.98135,index points,1402,,جدول 5,ts_building_140404-14050319105758.xlsx
,1391,,,گروه سیمان بتن شن ماسه,annual_price_index,4.90035,index points,1402,,جدول 5,ts_building_140404-14050319105758.xlsx
,1392,,,گروه سیمان بتن شن ماسه,annual_price_index,6.2895,index points,1402,,جدول 5,ts_building_140404-14050319105758.xlsx
,1393,,,گروه سیمان بتن شن ماسه,annual_price_index,7.17283,index points,1402,,جدول 5,ts_building_140404-14050319105758.xlsx
,1394,,,گروه سیمان بتن شن ماسه,annual_price_index,7.12922,index points,1402,,جدول 5,ts_building_140404-14050319105758.xlsx
,1395,,,گروه سیمان بتن شن ماسه,annual_price_index,7.35146,index points,1402,,جدول 5,ts_building_140404-14050319105758.xlsx
,1396,,,گروه سیمان بتن شن ماسه,annual_price_index,8.44727,index points,1402,,جدول 5,ts_building_140404-14050319105758.xlsx
,1397,,,گروه سیمان بتن شن ماسه,annual_price_index,10.51891,index points,1402,,جدول 5,ts_building_140404-14050319105758.xlsx
,1398,,,گروه سیمان بتن شن ماسه,annual_price_index,15.62813,index points,1402,,جدول 5,ts_building_140404-14050319105758.xlsx
,1399,,,گروه سیمان بتن شن ماسه,annual_price_index,28.1755,index points,1402,,جدول 5,ts_building_140404-14050319105758.xlsx
,1400,,,گروه سیمان بتن شن ماسه,annual_price_index,50.91771,index points,1402,,جدول 5,ts_building_140404-14050319105758.xlsx
,1401,,,گروه سیمان بتن شن ماسه,annual_price_index,71.66664,index points,1402,,جدول 5,ts_building_140404-14050319105758.xlsx
,1402,,,گروه سیمان بتن شن ماسه,annual_price_index,100,index points,1402,,جدول 5,ts_building_140404-14050319105758.xlsx
,1403,,,گروه سیمان بتن شن ماسه,annual_price_index,146.48806,index points,1402,,جدول 5,ts_building_140404-14050319105758.xlsx
,1404,,,گروه سیمان بتن شن ماسه,annual_price_index,203.818,index points,1402,,جدول 5,ts_building_140404-14050319105758.xlsx
,1390,,,گروه گچ و گچ کاری,annual_price_index,4.59914,index points,1402,,جدول 5,ts_building_140404-14050319105758.xlsx
,1391,,,گروه گچ و گچ کاری,annual_price_index,6.1635,index points,1402,,جدول 5,ts_building_140404-14050319105758.xlsx
,1392,,,گروه گچ و گچ کاری,annual_price_index,7.94156,index points,1402,,جدول 5,ts_building_140404-14050319105758.xlsx
,1393,,,گروه گچ و گچ کاری,annual_price_index,9.05807,index points,1402,,جدول 5,ts_building_140404-14050319105758.xlsx
,1394,,,گروه گچ و گچ کاری,annual_price_index,8.99805,index points,1402,,جدول 5,ts_building_140404-14050319105758.xlsx
,1395,,,گروه گچ و گچ کاری,annual_price_index,8.99501,index points,1402,,جدول 5,ts_building_140404-14050319105758.xlsx
,1396,,,گروه گچ و گچ کاری,annual_price_index,9.32096,index points,1402,,جدول 5,ts_building_140404-14050319105758.xlsx
,1397,,,گروه گچ و گچ کاری,annual_price_index,13.48701,index points,1402,,جدول 5,ts_building_140404-14050319105758.xlsx
,1398,,,گروه گچ و گچ کاری,annual_price_index,19.33725,index points,1402,,جدول 5,ts_building_140404-14050319105758.xlsx
,1399,,,گروه گچ و گچ کاری,annual_price_index,31.31516,index points,1402,,جدول 5,ts_building_140404-14050319105758.xlsx
,1400,,,گروه گچ و گچ کاری,annual_price_index,48.1695,index points,1402,,جدول 5,ts_building_140404-14050319105758.xlsx
,1401,,,گروه گچ و گچ کاری,annual_price_index,66.51273,index points,1402,,جدول 5,ts_building_140404-14050319105758.xlsx
,1402,,,گروه گچ و گچ کاری,annual_price_index,100,index points,1402,,جدول 5,ts_building_140404-14050319105758.xlsx
,1403,,,گروه گچ و گچ کاری,annual_price_index,152.69743,index points,1402,,جدول 5,ts_building_140404-14050319105758.xlsx
,1404,,,گروه گچ و گچ کاری,annual_price_index,250.84273,index points,1402,,جدول 5,ts_building_140404-14050319105758.xlsx
,1390,,,گروه انواع بلوک سفال آجر,annual_price_index,5.07354,index points,1402,,جدول 5,ts_building_140404-14050319105758.xlsx
,1391,,,گروه انواع بلوک سفال آجر,annual_price_index,6.29751,index points,1402,,جدول 5,ts_building_140404-14050319105758.xlsx
,1392,,,گروه انواع بلوک سفال آجر,annual_price_index,7.36487,index points,1402,,جدول 5,ts_building_140404-14050319105758.xlsx
,1393,,,گروه انواع بلوک سفال آجر,annual_price_index,8.29095,index points,1402,,جدول 5,ts_building_140404-14050319105758.xlsx
,1394,,,گروه انواع بلوک سفال آجر,annual_price_index,8.47732,index points,1402,,جدول 5,ts_building_140404-14050319105758.xlsx
,1395,,,گروه انواع بلوک سفال آجر,annual_price_index,8.6606,index points,1402,,جدول 5,ts_building_140404-14050319105758.xlsx
,1396,,,گروه انواع بلوک سفال آجر,annual_price_index,9.13317,index points,1402,,جدول 5,ts_building_140404-14050319105758.xlsx
,1397,,,گروه انواع بلوک سفال آجر,annual_price_index,11.68644,index points,1402,,جدول 5,ts_building_140404-14050319105758.xlsx
,1398,,,گروه انواع بلوک سفال آجر,annual_price_index,17.98557,index points,1402,,جدول 5,ts_building_140404-14050319105758.xlsx
,1399,,,گروه انواع بلوک سفال آجر,annual_price_index,32.05834,index points,1402,,جدول 5,ts_building_140404-14050319105758.xlsx
,1400,,,گروه انواع بلوک سفال آجر,annual_price_index,50.61694,index points,1402,,جدول 5,ts_building_140404-14050319105758.xlsx
,1401,,,گروه انواع بلوک سفال آجر,annual_price_index,69.88867,index points,1402,,جدول 5,ts_building_140404-14050319105758.xlsx
,1402,,,گروه انواع بلوک سفال آجر,annual_price_index,100,index points,1402,,جدول 5,ts_building_140404-14050319105758.xlsx
,1403,,,گروه انواع بلوک سفال آجر,annual_price_index,145.65305,index points,1402,,جدول 5,ts_building_140404-14050319105758.xlsx
,1404,,,گروه انواع بلوک سفال آجر,annual_price_index,220.97474,index points,1402,,جدول 5,ts_building_140404-14050319105758.xlsx
,1390,,,گروه موزاییک کاشی سرامیک,annual_price_index,4.81981,index points,1402,,جدول 5,ts_building_140404-14050319105758.xlsx
,1391,,,گروه موزاییک کاشی سرامیک,annual_price_index,5.80086,index points,1402,,جدول 5,ts_building_140404-14050319105758.xlsx
,1392,,,گروه موزاییک کاشی سرامیک,annual_price_index,7.45221,index points,1402,,جدول 5,ts_building_140404-14050319105758.xlsx
,1393,,,گروه موزاییک کاشی سرامیک,annual_price_index,8.29123,index points,1402,,جدول 5,ts_building_140404-14050319105758.xlsx
,1394,,,گروه موزاییک کاشی سرامیک,annual_price_index,8.5623,index points,1402,,جدول 5,ts_building_140404-14050319105758.xlsx
,1395,,,گروه موزاییک کاشی سرامیک,annual_price_index,8.62302,index points,1402,,جدول 5,ts_building_140404-14050319105758.xlsx
,1396,,,گروه موزاییک کاشی سرامیک,annual_price_index,9.16635,index points,1402,,جدول 5,ts_building_140404-14050319105758.xlsx
,1397,,,گروه موزاییک کاشی سرامیک,annual_price_index,12.65188,index points,1402,,جدول 5,ts_building_140404-14050319105758.xlsx
,1398,,,گروه موزاییک کاشی سرامیک,annual_price_index,18.38726,index points,1402,,جدول 5,ts_building_140404-14050319105758.xlsx
,1399,,,گروه موزاییک کاشی سرامیک,annual_price_index,32.29553,index points,1402,,جدول 5,ts_building_140404-14050319105758.xlsx
,1400,,,گروه موزاییک کاشی سرامیک,annual_price_index,52.04287,index points,1402,,جدول 5,ts_building_140404-14050319105758.xlsx
,1401,,,گروه موزاییک کاشی سرامیک,annual_price_index,71.80605,index points,1402,,جدول 5,ts_building_140404-14050319105758.xlsx
,1402,,,گروه موزاییک کاشی سرامیک,annual_price_index,100,index points,1402,,جدول 5,ts_building_140404-14050319105758.xlsx
,1403,,,گروه موزاییک کاشی سرامیک,annual_price_index,138.06102,index points,1402,,جدول 5,ts_building_140404-14050319105758.xlsx
,1404,,,گروه موزاییک کاشی سرامیک,annual_price_index,217.26623,index points,1402,,جدول 5,ts_building_140404-14050319105758.xlsx
,1390,,,گروه سنگ,annual_price_index,4.63171,index points,1402,,جدول 5,ts_building_140404-14050319105758.xlsx
,1391,,,گروه سنگ,annual_price_index,6.28218,index points,1402,,جدول 5,ts_building_140404-14050319105758.xlsx
,1392,,,گروه سنگ,annual_price_index,8.66625,index points,1402,,جدول 5,ts_building_140404-14050319105758.xlsx
,1393,,,گروه سنگ,annual_price_index,9.60616,index points,1402,,جدول 5,ts_building_140404-14050319105758.xlsx
,1394,,,گروه سنگ,annual_price_index,9.57515,index points,1402,,جدول 5,ts_building_140404-14050319105758.xlsx
,1395,,,گروه سنگ,annual_price_index,9.59065,index points,1402,,جدول 5,ts_building_140404-14050319105758.xlsx
,1396,,,گروه سنگ,annual_price_index,9.55102,index points,1402,,جدول 5,ts_building_140404-14050319105758.xlsx
,1397,,,گروه سنگ,annual_price_index,12.21001,index points,1402,,جدول 5,ts_building_140404-14050319105758.xlsx
,1398,,,گروه سنگ,annual_price_index,16.43839,index points,1402,,جدول 5,ts_building_140404-14050319105758.xlsx
,1399,,,گروه سنگ,annual_price_index,31.9984,index points,1402,,جدول 5,ts_building_140404-14050319105758.xlsx
,1400,,,گروه سنگ,annual_price_index,58.21684,index points,1402,,جدول 5,ts_building_140404-14050319105758.xlsx
,1401,,,گروه سنگ,annual_price_index,76.82346,index points,1402,,جدول 5,ts_building_140404-14050319105758.xlsx
,1402,,,گروه سنگ,annual_price_index,100,index points,1402,,جدول 5,ts_building_140404-14050319105758.xlsx
,1403,,,گروه سنگ,annual_price_index,128.67472,index points,1402,,جدول 5,ts_building_140404-14050319105758.xlsx
,1404,,,گروه سنگ,annual_price_index,195.14872,index points,1402,,جدول 5,ts_building_140404-14050319105758.xlsx
,1390,,,گروه آهن آلات میلگرد پروفیل درب و پنجره و نرده,annual_price_index,4.33682,index points,1402,,جدول 5,ts_building_140404-14050319105758.xlsx
,1391,,,گروه آهن آلات میلگرد پروفیل درب و پنجره و نرده,annual_price_index,6.34362,index points,1402,,جدول 5,ts_building_140404-14050319105758.xlsx
,1392,,,گروه آهن آلات میلگرد پروفیل درب و پنجره و نرده,annual_price_index,7.17559,index points,1402,,جدول 5,ts_building_140404-14050319105758.xlsx
,1393,,,گروه آهن آلات میلگرد پروفیل درب و پنجره و نرده,annual_price_index,6.83246,index points,1402,,جدول 5,ts_building_140404-14050319105758.xlsx
,1394,,,گروه آهن آلات میلگرد پروفیل درب و پنجره و نرده,annual_price_index,5.37308,index points,1402,,جدول 5,ts_building_140404-14050319105758.xlsx
,1395,,,گروه آهن آلات میلگرد پروفیل درب و پنجره و نرده,annual_price_index,6.09018,index points,1402,,جدول 5,ts_building_140404-14050319105758.xlsx
,1396,,,گروه آهن آلات میلگرد پروفیل درب و پنجره و نرده,annual_price_index,8.09299,index points,1402,,جدول 5,ts_building_140404-14050319105758.xlsx
,1397,,,گروه آهن آلات میلگرد پروفیل درب و پنجره و نرده,annual_price_index,14.64572,index points,1402,,جدول 5,ts_building_140404-14050319105758.xlsx
,1398,,,گروه آهن آلات میلگرد پروفیل درب و پنجره و نرده,annual_price_index,18.81575,index points,1402,,جدول 5,ts_building_140404-14050319105758.xlsx
,1399,,,گروه آهن آلات میلگرد پروفیل درب و پنجره و نرده,annual_price_index,41.31891,index points,1402,,جدول 5,ts_building_140404-14050319105758.xlsx
,1400,,,گروه آهن آلات میلگرد پروفیل درب و پنجره و نرده,annual_price_index,60.47029,index points,1402,,جدول 5,ts_building_140404-14050319105758.xlsx
,1401,,,گروه آهن آلات میلگرد پروفیل درب و پنجره و نرده,annual_price_index,76.39199,index points,1402,,جدول 5,ts_building_140404-14050319105758.xlsx
,1402,,,گروه آهن آلات میلگرد پروفیل درب و پنجره و نرده,annual_price_index,100,index points,1402,,جدول 5,ts_building_140404-14050319105758.xlsx
,1403,,,گروه آهن آلات میلگرد پروفیل درب و پنجره و نرده,annual_price_index,113.00658,index points,1402,,جدول 5,ts_building_140404-14050319105758.xlsx
,1404,,,گروه آهن آلات میلگرد پروفیل درب و پنجره و نرده,annual_price_index,178.68564,index points,1402,,جدول 5,ts_building_140404-14050319105758.xlsx
,1390,,,گروه چوب,annual_price_index,3.6816,index points,1402,,جدول 5,ts_building_140404-14050319105758.xlsx
,1391,,,گروه چوب,annual_price_index,5.26573,index points,1402,,جدول 5,ts_building_140404-14050319105758.xlsx
,1392,,,گروه چوب,annual_price_index,6.45612,index points,1402,,جدول 5,ts_building_140404-14050319105758.xlsx
,1393,,,گروه چوب,annual_price_index,7.04398,index points,1402,,جدول 5,ts_building_140404-14050319105758.xlsx
,1394,,,گروه چوب,annual_price_index,6.14046,index points,1402,,جدول 5,ts_building_140404-14050319105758.xlsx
,1395,,,گروه چوب,annual_price_index,6.59853,index points,1402,,جدول 5,ts_building_140404-14050319105758.xlsx
,1396,,,گروه چوب,annual_price_index,7.42495,index points,1402,,جدول 5,ts_building_140404-14050319105758.xlsx
,1397,,,گروه چوب,annual_price_index,14.77485,index points,1402,,جدول 5,ts_building_140404-14050319105758.xlsx
,1398,,,گروه چوب,annual_price_index,20.98585,index points,1402,,جدول 5,ts_building_140404-14050319105758.xlsx
,1399,,,گروه چوب,annual_price_index,36.18929,index points,1402,,جدول 5,ts_building_140404-14050319105758.xlsx
,1400,,,گروه چوب,annual_price_index,54.91397,index points,1402,,جدول 5,ts_building_140404-14050319105758.xlsx
,1401,,,گروه چوب,annual_price_index,74.63435,index points,1402,,جدول 5,ts_building_140404-14050319105758.xlsx
,1402,,,گروه چوب,annual_price_index,100,index points,1402,,جدول 5,ts_building_140404-14050319105758.xlsx
,1403,,,گروه چوب,annual_price_index,124.48115,index points,1402,,جدول 5,ts_building_140404-14050319105758.xlsx
,1404,,,گروه چوب,annual_price_index,268.85,index points,1402,,جدول 5,ts_building_140404-14050319105758.xlsx
,1390,,,گروه ایزوگام و قیرگونی آسفالت,annual_price_index,3.583,index points,1402,,جدول 5,ts_building_140404-14050319105758.xlsx
,1391,,,گروه ایزوگام و قیرگونی آسفالت,annual_price_index,5.52043,index points,1402,,جدول 5,ts_building_140404-14050319105758.xlsx
,1392,,,گروه ایزوگام و قیرگونی آسفالت,annual_price_index,7.03155,index points,1402,,جدول 5,ts_building_140404-14050319105758.xlsx
,1393,,,گروه ایزوگام و قیرگونی آسفالت,annual_price_index,7.23715,index points,1402,,جدول 5,ts_building_140404-14050319105758.xlsx
,1394,,,گروه ایزوگام و قیرگونی آسفالت,annual_price_index,6.99093,index points,1402,,جدول 5,ts_building_140404-14050319105758.xlsx
,1395,,,گروه ایزوگام و قیرگونی آسفالت,annual_price_index,6.80885,index points,1402,,جدول 5,ts_building_140404-14050319105758.xlsx
,1396,,,گروه ایزوگام و قیرگونی آسفالت,annual_price_index,7.38461,index points,1402,,جدول 5,ts_building_140404-14050319105758.xlsx
,1397,,,گروه ایزوگام و قیرگونی آسفالت,annual_price_index,16.59888,index points,1402,,جدول 5,ts_building_140404-14050319105758.xlsx
,1398,,,گروه ایزوگام و قیرگونی آسفالت,annual_price_index,19.82086,index points,1402,,جدول 5,ts_building_140404-14050319105758.xlsx
,1399,,,گروه ایزوگام و قیرگونی آسفالت,annual_price_index,34.63671,index points,1402,,جدول 5,ts_building_140404-14050319105758.xlsx
,1400,,,گروه ایزوگام و قیرگونی آسفالت,annual_price_index,49.56187,index points,1402,,جدول 5,ts_building_140404-14050319105758.xlsx
,1401,,,گروه ایزوگام و قیرگونی آسفالت,annual_price_index,71.52494,index points,1402,,جدول 5,ts_building_140404-14050319105758.xlsx
,1402,,,گروه ایزوگام و قیرگونی آسفالت,annual_price_index,100,index points,1402,,جدول 5,ts_building_140404-14050319105758.xlsx
,1403,,,گروه ایزوگام و قیرگونی آسفالت,annual_price_index,126.08727,index points,1402,,جدول 5,ts_building_140404-14050319105758.xlsx
,1404,,,گروه ایزوگام و قیرگونی آسفالت,annual_price_index,214.23491,index points,1402,,جدول 5,ts_building_140404-14050319105758.xlsx
,1390,,,گروه شیرآلات بهداشتی,annual_price_index,3.47599,index points,1402,,جدول 5,ts_building_140404-14050319105758.xlsx
,1391,,,گروه شیرآلات بهداشتی,annual_price_index,5.45127,index points,1402,,جدول 5,ts_building_140404-14050319105758.xlsx
,1392,,,گروه شیرآلات بهداشتی,annual_price_index,7.1665,index points,1402,,جدول 5,ts_building_140404-14050319105758.xlsx
,1393,,,گروه شیرآلات بهداشتی,annual_price_index,7.83893,index points,1402,,جدول 5,ts_building_140404-14050319105758.xlsx
,1394,,,گروه شیرآلات بهداشتی,annual_price_index,7.9161,index points,1402,,جدول 5,ts_building_140404-14050319105758.xlsx
,1395,,,گروه شیرآلات بهداشتی,annual_price_index,8.29995,index points,1402,,جدول 5,ts_building_140404-14050319105758.xlsx
,1396,,,گروه شیرآلات بهداشتی,annual_price_index,9.78887,index points,1402,,جدول 5,ts_building_140404-14050319105758.xlsx
,1397,,,گروه شیرآلات بهداشتی,annual_price_index,15.29843,index points,1402,,جدول 5,ts_building_140404-14050319105758.xlsx
,1398,,,گروه شیرآلات بهداشتی,annual_price_index,19.54971,index points,1402,,جدول 5,ts_building_140404-14050319105758.xlsx
,1399,,,گروه شیرآلات بهداشتی,annual_price_index,31.30826,index points,1402,,جدول 5,ts_building_140404-14050319105758.xlsx
,1400,,,گروه شیرآلات بهداشتی,annual_price_index,49.26476,index points,1402,,جدول 5,ts_building_140404-14050319105758.xlsx
,1401,,,گروه شیرآلات بهداشتی,annual_price_index,65.74359,index points,1402,,جدول 5,ts_building_140404-14050319105758.xlsx
,1402,,,گروه شیرآلات بهداشتی,annual_price_index,100,index points,1402,,جدول 5,ts_building_140404-14050319105758.xlsx
,1403,,,گروه شیرآلات بهداشتی,annual_price_index,126.62537,index points,1402,,جدول 5,ts_building_140404-14050319105758.xlsx
,1404,,,گروه شیرآلات بهداشتی,annual_price_index,211.83256,index points,1402,,جدول 5,ts_building_140404-14050319105758.xlsx
,1390,,,گروه تاسیسات مکانیکی و انواع عایق حرارتی,annual_price_index,2.98882,index points,1402,,جدول 5,ts_building_140404-14050319105758.xlsx
,1391,,,گروه تاسیسات مکانیکی و انواع عایق حرارتی,annual_price_index,4.43205,index points,1402,,جدول 5,ts_building_140404-14050319105758.xlsx
,1392,,,گروه تاسیسات مکانیکی و انواع عایق حرارتی,annual_price_index,5.54789,index points,1402,,جدول 5,ts_building_140404-14050319105758.xlsx
,1393,,,گروه تاسیسات مکانیکی و انواع عایق حرارتی,annual_price_index,5.98662,index points,1402,,جدول 5,ts_building_140404-14050319105758.xlsx
,1394,,,گروه تاسیسات مکانیکی و انواع عایق حرارتی,annual_price_index,6.10095,index points,1402,,جدول 5,ts_building_140404-14050319105758.xlsx
,1395,,,گروه تاسیسات مکانیکی و انواع عایق حرارتی,annual_price_index,6.26325,index points,1402,,جدول 5,ts_building_140404-14050319105758.xlsx
,1396,,,گروه تاسیسات مکانیکی و انواع عایق حرارتی,annual_price_index,7.07192,index points,1402,,جدول 5,ts_building_140404-14050319105758.xlsx
,1397,,,گروه تاسیسات مکانیکی و انواع عایق حرارتی,annual_price_index,12.43528,index points,1402,,جدول 5,ts_building_140404-14050319105758.xlsx
,1398,,,گروه تاسیسات مکانیکی و انواع عایق حرارتی,annual_price_index,17.31091,index points,1402,,جدول 5,ts_building_140404-14050319105758.xlsx
,1399,,,گروه تاسیسات مکانیکی و انواع عایق حرارتی,annual_price_index,33.37898,index points,1402,,جدول 5,ts_building_140404-14050319105758.xlsx
,1400,,,گروه تاسیسات مکانیکی و انواع عایق حرارتی,annual_price_index,50.38549,index points,1402,,جدول 5,ts_building_140404-14050319105758.xlsx
,1401,,,گروه تاسیسات مکانیکی و انواع عایق حرارتی,annual_price_index,70.33552,index points,1402,,جدول 5,ts_building_140404-14050319105758.xlsx
,1402,,,گروه تاسیسات مکانیکی و انواع عایق حرارتی,annual_price_index,100,index points,1402,,جدول 5,ts_building_140404-14050319105758.xlsx
,1403,,,گروه تاسیسات مکانیکی و انواع عایق حرارتی,annual_price_index,122.80769,index points,1402,,جدول 5,ts_building_140404-14050319105758.xlsx
,1404,,,گروه تاسیسات مکانیکی و انواع عایق حرارتی,annual_price_index,220.10264,index points,1402,,جدول 5,ts_building_140404-14050319105758.xlsx
,1390,,,گروه نقاشی ساختمان,annual_price_index,3.37972,index points,1402,,جدول 5,ts_building_140404-14050319105758.xlsx
,1391,,,گروه نقاشی ساختمان,annual_price_index,5.11041,index points,1402,,جدول 5,ts_building_140404-14050319105758.xlsx
,1392,,,گروه نقاشی ساختمان,annual_price_index,7.54938,index points,1402,,جدول 5,ts_building_140404-14050319105758.xlsx
,1393,,,گروه نقاشی ساختمان,annual_price_index,7.701,index points,1402,,جدول 5,ts_building_140404-14050319105758.xlsx
,1394,,,گروه نقاشی ساختمان,annual_price_index,7.8339,index points,1402,,جدول 5,ts_building_140404-14050319105758.xlsx
,1395,,,گروه نقاشی ساختمان,annual_price_index,7.82548,index points,1402,,جدول 5,ts_building_140404-14050319105758.xlsx
,1396,,,گروه نقاشی ساختمان,annual_price_index,8.76799,index points,1402,,جدول 5,ts_building_140404-14050319105758.xlsx
,1397,,,گروه نقاشی ساختمان,annual_price_index,15.44933,index points,1402,,جدول 5,ts_building_140404-14050319105758.xlsx
,1398,,,گروه نقاشی ساختمان,annual_price_index,21.11444,index points,1402,,جدول 5,ts_building_140404-14050319105758.xlsx
,1399,,,گروه نقاشی ساختمان,annual_price_index,32.41287,index points,1402,,جدول 5,ts_building_140404-14050319105758.xlsx
,1400,,,گروه نقاشی ساختمان,annual_price_index,50.68749,index points,1402,,جدول 5,ts_building_140404-14050319105758.xlsx
,1401,,,گروه نقاشی ساختمان,annual_price_index,75.85749,index points,1402,,جدول 5,ts_building_140404-14050319105758.xlsx
,1402,,,گروه نقاشی ساختمان,annual_price_index,100,index points,1402,,جدول 5,ts_building_140404-14050319105758.xlsx
,1403,,,گروه نقاشی ساختمان,annual_price_index,125.74998,index points,1402,,جدول 5,ts_building_140404-14050319105758.xlsx
,1404,,,گروه نقاشی ساختمان,annual_price_index,193.50185,index points,1402,,جدول 5,ts_building_140404-14050319105758.xlsx
,1390,,,گروه تاسیسات برقی,annual_price_index,2.73995,index points,1402,,جدول 5,ts_building_140404-14050319105758.xlsx
,1391,,,گروه تاسیسات برقی,annual_price_index,4.35896,index points,1402,,جدول 5,ts_building_140404-14050319105758.xlsx
,1392,,,گروه تاسیسات برقی,annual_price_index,5.51918,index points,1402,,جدول 5,ts_building_140404-14050319105758.xlsx
,1393,,,گروه تاسیسات برقی,annual_price_index,5.91504,index points,1402,,جدول 5,ts_building_140404-14050319105758.xlsx
,1394,,,گروه تاسیسات برقی,annual_price_index,5.93172,index points,1402,,جدول 5,ts_building_140404-14050319105758.xlsx
,1395,,,گروه تاسیسات برقی,annual_price_index,6.20703,index points,1402,,جدول 5,ts_building_140404-14050319105758.xlsx
,1396,,,گروه تاسیسات برقی,annual_price_index,6.92346,index points,1402,,جدول 5,ts_building_140404-14050319105758.xlsx
,1397,,,گروه تاسیسات برقی,annual_price_index,12.44743,index points,1402,,جدول 5,ts_building_140404-14050319105758.xlsx
,1398,,,گروه تاسیسات برقی,annual_price_index,18.04362,index points,1402,,جدول 5,ts_building_140404-14050319105758.xlsx
,1399,,,گروه تاسیسات برقی,annual_price_index,31.09366,index points,1402,,جدول 5,ts_building_140404-14050319105758.xlsx
,1400,,,گروه تاسیسات برقی,annual_price_index,45.04483,index points,1402,,جدول 5,ts_building_140404-14050319105758.xlsx
,1401,,,گروه تاسیسات برقی,annual_price_index,68.76896,index points,1402,,جدول 5,ts_building_140404-14050319105758.xlsx
,1402,,,گروه تاسیسات برقی,annual_price_index,100,index points,1402,,جدول 5,ts_building_140404-14050319105758.xlsx
,1403,,,گروه تاسیسات برقی,annual_price_index,119.86832,index points,1402,,جدول 5,ts_building_140404-14050319105758.xlsx
,1404,,,گروه تاسیسات برقی,annual_price_index,187.13324,index points,1402,,جدول 5,ts_building_140404-14050319105758.xlsx
,1390,,,گروه شیشه,annual_price_index,3.60486,index points,1402,,جدول 5,ts_building_140404-14050319105758.xlsx
,1391,,,گروه شیشه,annual_price_index,4.68455,index points,1402,,جدول 5,ts_building_140404-14050319105758.xlsx
,1392,,,گروه شیشه,annual_price_index,5.60937,index points,1402,,جدول 5,ts_building_140404-14050319105758.xlsx
,1393,,,گروه شیشه,annual_price_index,5.97891,index points,1402,,جدول 5,ts_building_140404-14050319105758.xlsx
,1394,,,گروه شیشه,annual_price_index,6.74358,index points,1402,,جدول 5,ts_building_140404-14050319105758.xlsx
,1395,,,گروه شیشه,annual_price_index,6.78703,index points,1402,,جدول 5,ts_building_140404-14050319105758.xlsx
,1396,,,گروه شیشه,annual_price_index,6.8853,index points,1402,,جدول 5,ts_building_140404-14050319105758.xlsx
,1397,,,گروه شیشه,annual_price_index,11.30597,index points,1402,,جدول 5,ts_building_140404-14050319105758.xlsx
,1398,,,گروه شیشه,annual_price_index,14.56894,index points,1402,,جدول 5,ts_building_140404-14050319105758.xlsx
,1399,,,گروه شیشه,annual_price_index,20.89856,index points,1402,,جدول 5,ts_building_140404-14050319105758.xlsx
,1400,,,گروه شیشه,annual_price_index,38.74598,index points,1402,,جدول 5,ts_building_140404-14050319105758.xlsx
,1401,,,گروه شیشه,annual_price_index,70.15033,index points,1402,,جدول 5,ts_building_140404-14050319105758.xlsx
,1402,,,گروه شیشه,annual_price_index,100,index points,1402,,جدول 5,ts_building_140404-14050319105758.xlsx
,1403,,,گروه شیشه,annual_price_index,113.36048,index points,1402,,جدول 5,ts_building_140404-14050319105758.xlsx
,1404,,,گروه شیشه,annual_price_index,146.67037,index points,1402,,جدول 5,ts_building_140404-14050319105758.xlsx
,1390,,,گروه خدمات,annual_price_index,7.20868,index points,1402,,جدول 5,ts_building_140404-14050319105758.xlsx
,1391,,,گروه خدمات,annual_price_index,9.21772,index points,1402,,جدول 5,ts_building_140404-14050319105758.xlsx
,1392,,,گروه خدمات,annual_price_index,11.41117,index points,1402,,جدول 5,ts_building_140404-14050319105758.xlsx
,1393,,,گروه خدمات,annual_price_index,12.58343,index points,1402,,جدول 5,ts_building_140404-14050319105758.xlsx
,1394,,,گروه خدمات,annual_price_index,14.04316,index points,1402,,جدول 5,ts_building_140404-14050319105758.xlsx
,1395,,,گروه خدمات,annual_price_index,15.29782,index points,1402,,جدول 5,ts_building_140404-14050319105758.xlsx
,1396,,,گروه خدمات,annual_price_index,16.44248,index points,1402,,جدول 5,ts_building_140404-14050319105758.xlsx
,1397,,,گروه خدمات,annual_price_index,19.84282,index points,1402,,جدول 5,ts_building_140404-14050319105758.xlsx
,1398,,,گروه خدمات,annual_price_index,24.84209,index points,1402,,جدول 5,ts_building_140404-14050319105758.xlsx
,1399,,,گروه خدمات,annual_price_index,33.58229,index points,1402,,جدول 5,ts_building_140404-14050319105758.xlsx
,1400,,,گروه خدمات,annual_price_index,45.94436,index points,1402,,جدول 5,ts_building_140404-14050319105758.xlsx
,1401,,,گروه خدمات,annual_price_index,74.20957,index points,1402,,جدول 5,ts_building_140404-14050319105758.xlsx
,1402,,,گروه خدمات,annual_price_index,100,index points,1402,,جدول 5,ts_building_140404-14050319105758.xlsx
,1403,,,گروه خدمات,annual_price_index,137.86959,index points,1402,,جدول 5,ts_building_140404-14050319105758.xlsx
,1404,,,گروه خدمات,annual_price_index,228.80789,index points,1402,,جدول 5,ts_building_140404-14050319105758.xlsx
,1390,,,ماشین آلات,annual_price_index,,index points,1402,×,جدول 5,ts_building_140404-14050319105758.xlsx
,1391,,,ماشین آلات,annual_price_index,,index points,1402,×,جدول 5,ts_building_140404-14050319105758.xlsx
,1392,,,ماشین آلات,annual_price_index,,index points,1402,×,جدول 5,ts_building_140404-14050319105758.xlsx
,1393,,,ماشین آلات,annual_price_index,,index points,1402,×,جدول 5,ts_building_140404-14050319105758.xlsx
,1394,,,ماشین آلات,annual_price_index,,index points,1402,×,جدول 5,ts_building_140404-14050319105758.xlsx
,1395,,,ماشین آلات,annual_price_index,,index points,1402,×,جدول 5,ts_building_140404-14050319105758.xlsx
,1396,,,ماشین آلات,annual_price_index,,index points,1402,×,جدول 5,ts_building_140404-14050319105758.xlsx
,1397,,,ماشین آلات,annual_price_index,,index points,1402,×,جدول 5,ts_building_140404-14050319105758.xlsx
,1398,,,ماشین آلات,annual_price_index,,index points,1402,×,جدول 5,ts_building_140404-14050319105758.xlsx
,1399,,,ماشین آلات,annual_price_index,,index points,1402,×,جدول 5,ts_building_140404-14050319105758.xlsx
,1400,,,ماشین آلات,annual_price_index,,index points,1402,×,جدول 5,ts_building_140404-14050319105758.xlsx
,1401,,,ماشین آلات,annual_price_index,,index points,1402,×,جدول 5,ts_building_140404-14050319105758.xlsx
,1402,,,ماشین آلات,annual_price_index,100,index points,1402,,جدول 5,ts_building_140404-14050319105758.xlsx
,1403,,,ماشین آلات,annual_price_index,137.92173,index points,1402,,جدول 5,ts_building_140404-14050319105758.xlsx
,1404,,,ماشین آلات,annual_price_index,186.65605,index points,1402,,جدول 5,ts_building_140404-14050319105758.xlsx
,1391,,,شاخص کل,annual_inflation,36.70607,percent,1402,,جدول 6,ts_building_140404-14050319105758.xlsx
,1392,,,شاخص کل,annual_inflation,23.8123,percent,1402,,جدول 6,ts_building_140404-14050319105758.xlsx
,1393,,,شاخص کل,annual_inflation,6.65437,percent,1402,,جدول 6,ts_building_140404-14050319105758.xlsx
,1394,,,شاخص کل,annual_inflation,-1.83754,percent,1402,,جدول 6,ts_building_140404-14050319105758.xlsx
,1395,,,شاخص کل,annual_inflation,6.60349,percent,1402,,جدول 6,ts_building_140404-14050319105758.xlsx
,1396,,,شاخص کل,annual_inflation,12.29152,percent,1402,,جدول 6,ts_building_140404-14050319105758.xlsx
,1397,,,شاخص کل,annual_inflation,47.7531,percent,1402,,جدول 6,ts_building_140404-14050319105758.xlsx
,1398,,,شاخص کل,annual_inflation,35.09491,percent,1402,,جدول 6,ts_building_140404-14050319105758.xlsx
,1399,,,شاخص کل,annual_inflation,76.38392,percent,1402,,جدول 6,ts_building_140404-14050319105758.xlsx
,1400,,,شاخص کل,annual_inflation,55.30189,percent,1402,,جدول 6,ts_building_140404-14050319105758.xlsx
,1401,,,شاخص کل,annual_inflation,39.99109,percent,1402,,جدول 6,ts_building_140404-14050319105758.xlsx
,1402,,,شاخص کل,annual_inflation,37.13283,percent,1402,,جدول 6,ts_building_140404-14050319105758.xlsx
,1403,,,شاخص کل,annual_inflation,26.55265,percent,1402,,جدول 6,ts_building_140404-14050319105758.xlsx
,1404,,,شاخص کل,annual_inflation,61.8073,percent,1402,,جدول 6,ts_building_140404-14050319105758.xlsx
,1391,,,گروه سیمان بتن شن ماسه,annual_inflation,23.08257,percent,1402,,جدول 6,ts_building_140404-14050319105758.xlsx
,1392,,,گروه سیمان بتن شن ماسه,annual_inflation,28.34793,percent,1402,,جدول 6,ts_building_140404-14050319105758.xlsx
,1393,,,گروه سیمان بتن شن ماسه,annual_inflation,14.04459,percent,1402,,جدول 6,ts_building_140404-14050319105758.xlsx
,1394,,,گروه سیمان بتن شن ماسه,annual_inflation,-0.60807,percent,1402,,جدول 6,ts_building_140404-14050319105758.xlsx
,1395,,,گروه سیمان بتن شن ماسه,annual_inflation,3.11741,percent,1402,,جدول 6,ts_building_140404-14050319105758.xlsx
,1396,,,گروه سیمان بتن شن ماسه,annual_inflation,14.90597,percent,1402,,جدول 6,ts_building_140404-14050319105758.xlsx
,1397,,,گروه سیمان بتن شن ماسه,annual_inflation,24.5244,percent,1402,,جدول 6,ts_building_140404-14050319105758.xlsx
,1398,,,گروه سیمان بتن شن ماسه,annual_inflation,48.57175,percent,1402,,جدول 6,ts_building_140404-14050319105758.xlsx
,1399,,,گروه سیمان بتن شن ماسه,annual_inflation,80.28707,percent,1402,,جدول 6,ts_building_140404-14050319105758.xlsx
,1400,,,گروه سیمان بتن شن ماسه,annual_inflation,80.71625,percent,1402,,جدول 6,ts_building_140404-14050319105758.xlsx
,1401,,,گروه سیمان بتن شن ماسه,annual_inflation,40.74994,percent,1402,,جدول 6,ts_building_140404-14050319105758.xlsx
,1402,,,گروه سیمان بتن شن ماسه,annual_inflation,39.53494,percent,1402,,جدول 6,ts_building_140404-14050319105758.xlsx
,1403,,,گروه سیمان بتن شن ماسه,annual_inflation,46.48806,percent,1402,,جدول 6,ts_building_140404-14050319105758.xlsx
,1404,,,گروه سیمان بتن شن ماسه,annual_inflation,39.13625,percent,1402,,جدول 6,ts_building_140404-14050319105758.xlsx
,1391,,,گروه گچ و گچ کاری,annual_inflation,34.01419,percent,1402,,جدول 6,ts_building_140404-14050319105758.xlsx
,1392,,,گروه گچ و گچ کاری,annual_inflation,28.84825,percent,1402,,جدول 6,ts_building_140404-14050319105758.xlsx
,1393,,,گروه گچ و گچ کاری,annual_inflation,14.05901,percent,1402,,جدول 6,ts_building_140404-14050319105758.xlsx
,1394,,,گروه گچ و گچ کاری,annual_inflation,-0.66257,percent,1402,,جدول 6,ts_building_140404-14050319105758.xlsx
,1395,,,گروه گچ و گچ کاری,annual_inflation,-0.03385,percent,1402,,جدول 6,ts_building_140404-14050319105758.xlsx
,1396,,,گروه گچ و گچ کاری,annual_inflation,3.62367,percent,1402,,جدول 6,ts_building_140404-14050319105758.xlsx
,1397,,,گروه گچ و گچ کاری,annual_inflation,44.69557,percent,1402,,جدول 6,ts_building_140404-14050319105758.xlsx
,1398,,,گروه گچ و گچ کاری,annual_inflation,43.37679,percent,1402,,جدول 6,ts_building_140404-14050319105758.xlsx
,1399,,,گروه گچ و گچ کاری,annual_inflation,61.94217,percent,1402,,جدول 6,ts_building_140404-14050319105758.xlsx
,1400,,,گروه گچ و گچ کاری,annual_inflation,53.82167,percent,1402,,جدول 6,ts_building_140404-14050319105758.xlsx
,1401,,,گروه گچ و گچ کاری,annual_inflation,38.08058,percent,1402,,جدول 6,ts_building_140404-14050319105758.xlsx
,1402,,,گروه گچ و گچ کاری,annual_inflation,50.34716,percent,1402,,جدول 6,ts_building_140404-14050319105758.xlsx
,1403,,,گروه گچ و گچ کاری,annual_inflation,52.69743,percent,1402,,جدول 6,ts_building_140404-14050319105758.xlsx
,1404,,,گروه گچ و گچ کاری,annual_inflation,64.27436,percent,1402,,جدول 6,ts_building_140404-14050319105758.xlsx
,1391,,,گروه انواع بلوک سفال آجر,annual_inflation,24.12438,percent,1402,,جدول 6,ts_building_140404-14050319105758.xlsx
,1392,,,گروه انواع بلوک سفال آجر,annual_inflation,16.94907,percent,1402,,جدول 6,ts_building_140404-14050319105758.xlsx
,1393,,,گروه انواع بلوک سفال آجر,annual_inflation,12.57422,percent,1402,,جدول 6,ts_building_140404-14050319105758.xlsx
,1394,,,گروه انواع بلوک سفال آجر,annual_inflation,2.24791,percent,1402,,جدول 6,ts_building_140404-14050319105758.xlsx
,1395,,,گروه انواع بلوک سفال آجر,annual_inflation,2.16197,percent,1402,,جدول 6,ts_building_140404-14050319105758.xlsx
,1396,,,گروه انواع بلوک سفال آجر,annual_inflation,5.4565,percent,1402,,جدول 6,ts_building_140404-14050319105758.xlsx
,1397,,,گروه انواع بلوک سفال آجر,annual_inflation,27.95611,percent,1402,,جدول 6,ts_building_140404-14050319105758.xlsx
,1398,,,گروه انواع بلوک سفال آجر,annual_inflation,53.90113,percent,1402,,جدول 6,ts_building_140404-14050319105758.xlsx
,1399,,,گروه انواع بلوک سفال آجر,annual_inflation,78.24479,percent,1402,,جدول 6,ts_building_140404-14050319105758.xlsx
,1400,,,گروه انواع بلوک سفال آجر,annual_inflation,57.89008,percent,1402,,جدول 6,ts_building_140404-14050319105758.xlsx
,1401,,,گروه انواع بلوک سفال آجر,annual_inflation,38.07369,percent,1402,,جدول 6,ts_building_140404-14050319105758.xlsx
,1402,,,گروه انواع بلوک سفال آجر,annual_inflation,43.08471,percent,1402,,جدول 6,ts_building_140404-14050319105758.xlsx
,1403,,,گروه انواع بلوک سفال آجر,annual_inflation,45.65305,percent,1402,,جدول 6,ts_building_140404-14050319105758.xlsx
,1404,,,گروه انواع بلوک سفال آجر,annual_inflation,51.71309,percent,1402,,جدول 6,ts_building_140404-14050319105758.xlsx
,1391,,,گروه موزاییک کاشی سرامیک,annual_inflation,20.35448,percent,1402,,جدول 6,ts_building_140404-14050319105758.xlsx
,1392,,,گروه موزاییک کاشی سرامیک,annual_inflation,28.46743,percent,1402,,جدول 6,ts_building_140404-14050319105758.xlsx
,1393,,,گروه موزاییک کاشی سرامیک,annual_inflation,11.2586,percent,1402,,جدول 6,ts_building_140404-14050319105758.xlsx
,1394,,,گروه موزاییک کاشی سرامیک,annual_inflation,3.26937,percent,1402,,جدول 6,ts_building_140404-14050319105758.xlsx
,1395,,,گروه موزاییک کاشی سرامیک,annual_inflation,0.7092,percent,1402,,جدول 6,ts_building_140404-14050319105758.xlsx
,1396,,,گروه موزاییک کاشی سرامیک,annual_inflation,6.30082,percent,1402,,جدول 6,ts_building_140404-14050319105758.xlsx
,1397,,,گروه موزاییک کاشی سرامیک,annual_inflation,38.02538,percent,1402,,جدول 6,ts_building_140404-14050319105758.xlsx
,1398,,,گروه موزاییک کاشی سرامیک,annual_inflation,45.33218,percent,1402,,جدول 6,ts_building_140404-14050319105758.xlsx
,1399,,,گروه موزاییک کاشی سرامیک,annual_inflation,75.64078,percent,1402,,جدول 6,ts_building_140404-14050319105758.xlsx
,1400,,,گروه موزاییک کاشی سرامیک,annual_inflation,61.14577,percent,1402,,جدول 6,ts_building_140404-14050319105758.xlsx
,1401,,,گروه موزاییک کاشی سرامیک,annual_inflation,37.9748,percent,1402,,جدول 6,ts_building_140404-14050319105758.xlsx
,1402,,,گروه موزاییک کاشی سرامیک,annual_inflation,39.26404,percent,1402,,جدول 6,ts_building_140404-14050319105758.xlsx
,1403,,,گروه موزاییک کاشی سرامیک,annual_inflation,38.06102,percent,1402,,جدول 6,ts_building_140404-14050319105758.xlsx
,1404,,,گروه موزاییک کاشی سرامیک,annual_inflation,57.36971,percent,1402,,جدول 6,ts_building_140404-14050319105758.xlsx
,1391,,,گروه سنگ,annual_inflation,35.63394,percent,1402,,جدول 6,ts_building_140404-14050319105758.xlsx
,1392,,,گروه سنگ,annual_inflation,37.94984,percent,1402,,جدول 6,ts_building_140404-14050319105758.xlsx
,1393,,,گروه سنگ,annual_inflation,10.84559,percent,1402,,جدول 6,ts_building_140404-14050319105758.xlsx
,1394,,,گروه سنگ,annual_inflation,-0.32272,percent,1402,,جدول 6,ts_building_140404-14050319105758.xlsx
,1395,,,گروه سنگ,annual_inflation,0.16178,percent,1402,,جدول 6,ts_building_140404-14050319105758.xlsx
,1396,,,گروه سنگ,annual_inflation,-0.41319,percent,1402,,جدول 6,ts_building_140404-14050319105758.xlsx
,1397,,,گروه سنگ,annual_inflation,27.83984,percent,1402,,جدول 6,ts_building_140404-14050319105758.xlsx
,1398,,,گروه سنگ,annual_inflation,34.63053,percent,1402,,جدول 6,ts_building_140404-14050319105758.xlsx
,1399,,,گروه سنگ,annual_inflation,94.6565,percent,1402,,جدول 6,ts_building_140404-14050319105758.xlsx
,1400,,,گروه سنگ,annual_inflation,81.93672,percent,1402,,جدول 6,ts_building_140404-14050319105758.xlsx
,1401,,,گروه سنگ,annual_inflation,31.96089,percent,1402,,جدول 6,ts_building_140404-14050319105758.xlsx
,1402,,,گروه سنگ,annual_inflation,30.16857,percent,1402,,جدول 6,ts_building_140404-14050319105758.xlsx
,1403,,,گروه سنگ,annual_inflation,28.67472,percent,1402,,جدول 6,ts_building_140404-14050319105758.xlsx
,1404,,,گروه سنگ,annual_inflation,51.6605,percent,1402,,جدول 6,ts_building_140404-14050319105758.xlsx
,1391,,,گروه آهن آلات میلگرد پروفیل درب و پنجره و نرده,annual_inflation,46.27346,percent,1402,,جدول 6,ts_building_140404-14050319105758.xlsx
,1392,,,گروه آهن آلات میلگرد پروفیل درب و پنجره و نرده,annual_inflation,13.11516,percent,1402,,جدول 6,ts_building_140404-14050319105758.xlsx
,1393,,,گروه آهن آلات میلگرد پروفیل درب و پنجره و نرده,annual_inflation,-4.78189,percent,1402,,جدول 6,ts_building_140404-14050319105758.xlsx
,1394,,,گروه آهن آلات میلگرد پروفیل درب و پنجره و نرده,annual_inflation,-21.35963,percent,1402,,جدول 6,ts_building_140404-14050319105758.xlsx
,1395,,,گروه آهن آلات میلگرد پروفیل درب و پنجره و نرده,annual_inflation,13.34621,percent,1402,,جدول 6,ts_building_140404-14050319105758.xlsx
,1396,,,گروه آهن آلات میلگرد پروفیل درب و پنجره و نرده,annual_inflation,32.88595,percent,1402,,جدول 6,ts_building_140404-14050319105758.xlsx
,1397,,,گروه آهن آلات میلگرد پروفیل درب و پنجره و نرده,annual_inflation,80.9679,percent,1402,,جدول 6,ts_building_140404-14050319105758.xlsx
,1398,,,گروه آهن آلات میلگرد پروفیل درب و پنجره و نرده,annual_inflation,28.47269,percent,1402,,جدول 6,ts_building_140404-14050319105758.xlsx
,1399,,,گروه آهن آلات میلگرد پروفیل درب و پنجره و نرده,annual_inflation,119.5975,percent,1402,,جدول 6,ts_building_140404-14050319105758.xlsx
,1400,,,گروه آهن آلات میلگرد پروفیل درب و پنجره و نرده,annual_inflation,46.35017,percent,1402,,جدول 6,ts_building_140404-14050319105758.xlsx
,1401,,,گروه آهن آلات میلگرد پروفیل درب و پنجره و نرده,annual_inflation,26.32979,percent,1402,,جدول 6,ts_building_140404-14050319105758.xlsx
,1402,,,گروه آهن آلات میلگرد پروفیل درب و پنجره و نرده,annual_inflation,30.90378,percent,1402,,جدول 6,ts_building_140404-14050319105758.xlsx
,1403,,,گروه آهن آلات میلگرد پروفیل درب و پنجره و نرده,annual_inflation,13.00658,percent,1402,,جدول 6,ts_building_140404-14050319105758.xlsx
,1404,,,گروه آهن آلات میلگرد پروفیل درب و پنجره و نرده,annual_inflation,58.11968,percent,1402,,جدول 6,ts_building_140404-14050319105758.xlsx
,1391,,,گروه چوب,annual_inflation,43.02841,percent,1402,,جدول 6,ts_building_140404-14050319105758.xlsx
,1392,,,گروه چوب,annual_inflation,22.6065,percent,1402,,جدول 6,ts_building_140404-14050319105758.xlsx
,1393,,,گروه چوب,annual_inflation,9.10537,percent,1402,,جدول 6,ts_building_140404-14050319105758.xlsx
,1394,,,گروه چوب,annual_inflation,-12.82678,percent,1402,,جدول 6,ts_building_140404-14050319105758.xlsx
,1395,,,گروه چوب,annual_inflation,7.45989,percent,1402,,جدول 6,ts_building_140404-14050319105758.xlsx
,1396,,,گروه چوب,annual_inflation,12.52419,percent,1402,,جدول 6,ts_building_140404-14050319105758.xlsx
,1397,,,گروه چوب,annual_inflation,98.98924,percent,1402,,جدول 6,ts_building_140404-14050319105758.xlsx
,1398,,,گروه چوب,annual_inflation,42.03766,percent,1402,,جدول 6,ts_building_140404-14050319105758.xlsx
,1399,,,گروه چوب,annual_inflation,72.4462,percent,1402,,جدول 6,ts_building_140404-14050319105758.xlsx
,1400,,,گروه چوب,annual_inflation,51.74094,percent,1402,,جدول 6,ts_building_140404-14050319105758.xlsx
,1401,,,گروه چوب,annual_inflation,35.9114,percent,1402,,جدول 6,ts_building_140404-14050319105758.xlsx
,1402,,,گروه چوب,annual_inflation,33.98656,percent,1402,,جدول 6,ts_building_140404-14050319105758.xlsx
,1403,,,گروه چوب,annual_inflation,24.48115,percent,1402,,جدول 6,ts_building_140404-14050319105758.xlsx
,1404,,,گروه چوب,annual_inflation,115.97647,percent,1402,,جدول 6,ts_building_140404-14050319105758.xlsx
,1391,,,گروه ایزوگام و قیرگونی آسفالت,annual_inflation,54.07275,percent,1402,,جدول 6,ts_building_140404-14050319105758.xlsx
,1392,,,گروه ایزوگام و قیرگونی آسفالت,annual_inflation,27.37334,percent,1402,,جدول 6,ts_building_140404-14050319105758.xlsx
,1393,,,گروه ایزوگام و قیرگونی آسفالت,annual_inflation,2.92389,percent,1402,,جدول 6,ts_building_140404-14050319105758.xlsx
,1394,,,گروه ایزوگام و قیرگونی آسفالت,annual_inflation,-3.40211,percent,1402,,جدول 6,ts_building_140404-14050319105758.xlsx
,1395,,,گروه ایزوگام و قیرگونی آسفالت,annual_inflation,-2.60455,percent,1402,,جدول 6,ts_building_140404-14050319105758.xlsx
,1396,,,گروه ایزوگام و قیرگونی آسفالت,annual_inflation,8.45604,percent,1402,,جدول 6,ts_building_140404-14050319105758.xlsx
,1397,,,گروه ایزوگام و قیرگونی آسفالت,annual_inflation,124.77677,percent,1402,,جدول 6,ts_building_140404-14050319105758.xlsx
,1398,,,گروه ایزوگام و قیرگونی آسفالت,annual_inflation,19.4108,percent,1402,,جدول 6,ts_building_140404-14050319105758.xlsx
,1399,,,گروه ایزوگام و قیرگونی آسفالت,annual_inflation,74.74881,percent,1402,,جدول 6,ts_building_140404-14050319105758.xlsx
,1400,,,گروه ایزوگام و قیرگونی آسفالت,annual_inflation,43.09057,percent,1402,,جدول 6,ts_building_140404-14050319105758.xlsx
,1401,,,گروه ایزوگام و قیرگونی آسفالت,annual_inflation,44.31446,percent,1402,,جدول 6,ts_building_140404-14050319105758.xlsx
,1402,,,گروه ایزوگام و قیرگونی آسفالت,annual_inflation,39.81137,percent,1402,,جدول 6,ts_building_140404-14050319105758.xlsx
,1403,,,گروه ایزوگام و قیرگونی آسفالت,annual_inflation,26.08727,percent,1402,,جدول 6,ts_building_140404-14050319105758.xlsx
,1404,,,گروه ایزوگام و قیرگونی آسفالت,annual_inflation,69.91003,percent,1402,,جدول 6,ts_building_140404-14050319105758.xlsx
,1391,,,گروه شیرآلات بهداشتی,annual_inflation,56.82674,percent,1402,,جدول 6,ts_building_140404-14050319105758.xlsx
,1392,,,گروه شیرآلات بهداشتی,annual_inflation,31.46462,percent,1402,,جدول 6,ts_building_140404-14050319105758.xlsx
,1393,,,گروه شیرآلات بهداشتی,annual_inflation,9.38307,percent,1402,,جدول 6,ts_building_140404-14050319105758.xlsx
,1394,,,گروه شیرآلات بهداشتی,annual_inflation,0.98444,percent,1402,,جدول 6,ts_building_140404-14050319105758.xlsx
,1395,,,گروه شیرآلات بهداشتی,annual_inflation,4.84889,percent,1402,,جدول 6,ts_building_140404-14050319105758.xlsx
,1396,,,گروه شیرآلات بهداشتی,annual_inflation,17.93901,percent,1402,,جدول 6,ts_building_140404-14050319105758.xlsx
,1397,,,گروه شیرآلات بهداشتی,annual_inflation,56.28389,percent,1402,,جدول 6,ts_building_140404-14050319105758.xlsx
,1398,,,گروه شیرآلات بهداشتی,annual_inflation,27.78898,percent,1402,,جدول 6,ts_building_140404-14050319105758.xlsx
,1399,,,گروه شیرآلات بهداشتی,annual_inflation,60.14689,percent,1402,,جدول 6,ts_building_140404-14050319105758.xlsx
,1400,,,گروه شیرآلات بهداشتی,annual_inflation,57.35389,percent,1402,,جدول 6,ts_building_140404-14050319105758.xlsx
,1401,,,گروه شیرآلات بهداشتی,annual_inflation,33.44952,percent,1402,,جدول 6,ts_building_140404-14050319105758.xlsx
,1402,,,گروه شیرآلات بهداشتی,annual_inflation,52.10608,percent,1402,,جدول 6,ts_building_140404-14050319105758.xlsx
,1403,,,گروه شیرآلات بهداشتی,annual_inflation,26.62537,percent,1402,,جدول 6,ts_building_140404-14050319105758.xlsx
,1404,,,گروه شیرآلات بهداشتی,annual_inflation,67.29078,percent,1402,,جدول 6,ts_building_140404-14050319105758.xlsx
,1391,,,گروه تاسیسات مکانیکی و انواع عایق حرارتی,annual_inflation,48.28765,percent,1402,,جدول 6,ts_building_140404-14050319105758.xlsx
,1392,,,گروه تاسیسات مکانیکی و انواع عایق حرارتی,annual_inflation,25.17656,percent,1402,,جدول 6,ts_building_140404-14050319105758.xlsx
,1393,,,گروه تاسیسات مکانیکی و انواع عایق حرارتی,annual_inflation,7.90805,percent,1402,,جدول 6,ts_building_140404-14050319105758.xlsx
,1394,,,گروه تاسیسات مکانیکی و انواع عایق حرارتی,annual_inflation,1.90968,percent,1402,,جدول 6,ts_building_140404-14050319105758.xlsx
,1395,,,گروه تاسیسات مکانیکی و انواع عایق حرارتی,annual_inflation,2.66032,percent,1402,,جدول 6,ts_building_140404-14050319105758.xlsx
,1396,,,گروه تاسیسات مکانیکی و انواع عایق حرارتی,annual_inflation,12.91121,percent,1402,,جدول 6,ts_building_140404-14050319105758.xlsx
,1397,,,گروه تاسیسات مکانیکی و انواع عایق حرارتی,annual_inflation,75.84038,percent,1402,,جدول 6,ts_building_140404-14050319105758.xlsx
,1398,,,گروه تاسیسات مکانیکی و انواع عایق حرارتی,annual_inflation,39.20798,percent,1402,,جدول 6,ts_building_140404-14050319105758.xlsx
,1399,,,گروه تاسیسات مکانیکی و انواع عایق حرارتی,annual_inflation,92.8205,percent,1402,,جدول 6,ts_building_140404-14050319105758.xlsx
,1400,,,گروه تاسیسات مکانیکی و انواع عایق حرارتی,annual_inflation,50.94977,percent,1402,,جدول 6,ts_building_140404-14050319105758.xlsx
,1401,,,گروه تاسیسات مکانیکی و انواع عایق حرارتی,annual_inflation,39.59481,percent,1402,,جدول 6,ts_building_140404-14050319105758.xlsx
,1402,,,گروه تاسیسات مکانیکی و انواع عایق حرارتی,annual_inflation,42.17566,percent,1402,,جدول 6,ts_building_140404-14050319105758.xlsx
,1403,,,گروه تاسیسات مکانیکی و انواع عایق حرارتی,annual_inflation,22.80769,percent,1402,,جدول 6,ts_building_140404-14050319105758.xlsx
,1404,,,گروه تاسیسات مکانیکی و انواع عایق حرارتی,annual_inflation,79.22545,percent,1402,,جدول 6,ts_building_140404-14050319105758.xlsx
,1391,,,گروه نقاشی ساختمان,annual_inflation,51.20813,percent,1402,,جدول 6,ts_building_140404-14050319105758.xlsx
,1392,,,گروه نقاشی ساختمان,annual_inflation,47.72553,percent,1402,,جدول 6,ts_building_140404-14050319105758.xlsx
,1393,,,گروه نقاشی ساختمان,annual_inflation,2.00837,percent,1402,,جدول 6,ts_building_140404-14050319105758.xlsx
,1394,,,گروه نقاشی ساختمان,annual_inflation,1.72581,percent,1402,,جدول 6,ts_building_140404-14050319105758.xlsx
,1395,,,گروه نقاشی ساختمان,annual_inflation,-0.10746,percent,1402,,جدول 6,ts_building_140404-14050319105758.xlsx
,1396,,,گروه نقاشی ساختمان,annual_inflation,12.04411,percent,1402,,جدول 6,ts_building_140404-14050319105758.xlsx
,1397,,,گروه نقاشی ساختمان,annual_inflation,76.20139,percent,1402,,جدول 6,ts_building_140404-14050319105758.xlsx
,1398,,,گروه نقاشی ساختمان,annual_inflation,36.66897,percent,1402,,جدول 6,ts_building_140404-14050319105758.xlsx
,1399,,,گروه نقاشی ساختمان,annual_inflation,53.51048,percent,1402,,جدول 6,ts_building_140404-14050319105758.xlsx
,1400,,,گروه نقاشی ساختمان,annual_inflation,56.38074,percent,1402,,جدول 6,ts_building_140404-14050319105758.xlsx
,1401,,,گروه نقاشی ساختمان,annual_inflation,49.65722,percent,1402,,جدول 6,ts_building_140404-14050319105758.xlsx
,1402,,,گروه نقاشی ساختمان,annual_inflation,31.82614,percent,1402,,جدول 6,ts_building_140404-14050319105758.xlsx
,1403,,,گروه نقاشی ساختمان,annual_inflation,25.74998,percent,1402,,جدول 6,ts_building_140404-14050319105758.xlsx
,1404,,,گروه نقاشی ساختمان,annual_inflation,53.87823,percent,1402,,جدول 6,ts_building_140404-14050319105758.xlsx
,1391,,,گروه تاسیسات برقی,annual_inflation,59.08918,percent,1402,,جدول 6,ts_building_140404-14050319105758.xlsx
,1392,,,گروه تاسیسات برقی,annual_inflation,26.61701,percent,1402,,جدول 6,ts_building_140404-14050319105758.xlsx
,1393,,,گروه تاسیسات برقی,annual_inflation,7.17234,percent,1402,,جدول 6,ts_building_140404-14050319105758.xlsx
,1394,,,گروه تاسیسات برقی,annual_inflation,0.28212,percent,1402,,جدول 6,ts_building_140404-14050319105758.xlsx
,1395,,,گروه تاسیسات برقی,annual_inflation,4.64126,percent,1402,,جدول 6,ts_building_140404-14050319105758.xlsx
,1396,,,گروه تاسیسات برقی,annual_inflation,11.54214,percent,1402,,جدول 6,ts_building_140404-14050319105758.xlsx
,1397,,,گروه تاسیسات برقی,annual_inflation,79.78641,percent,1402,,جدول 6,ts_building_140404-14050319105758.xlsx
,1398,,,گروه تاسیسات برقی,annual_inflation,44.95859,percent,1402,,جدول 6,ts_building_140404-14050319105758.xlsx
,1399,,,گروه تاسیسات برقی,annual_inflation,72.3249,percent,1402,,جدول 6,ts_building_140404-14050319105758.xlsx
,1400,,,گروه تاسیسات برقی,annual_inflation,44.86825,percent,1402,,جدول 6,ts_building_140404-14050319105758.xlsx
,1401,,,گروه تاسیسات برقی,annual_inflation,52.66781,percent,1402,,جدول 6,ts_building_140404-14050319105758.xlsx
,1402,,,گروه تاسیسات برقی,annual_inflation,45.41444,percent,1402,,جدول 6,ts_building_140404-14050319105758.xlsx
,1403,,,گروه تاسیسات برقی,annual_inflation,19.86832,percent,1402,,جدول 6,ts_building_140404-14050319105758.xlsx
,1404,,,گروه تاسیسات برقی,annual_inflation,56.11568,percent,1402,,جدول 6,ts_building_140404-14050319105758.xlsx
,1391,,,گروه شیشه,annual_inflation,29.95078,percent,1402,,جدول 6,ts_building_140404-14050319105758.xlsx
,1392,,,گروه شیشه,annual_inflation,19.74195,percent,1402,,جدول 6,ts_building_140404-14050319105758.xlsx
,1393,,,گروه شیشه,annual_inflation,6.58788,percent,1402,,جدول 6,ts_building_140404-14050319105758.xlsx
,1394,,,گروه شیشه,annual_inflation,12.78958,percent,1402,,جدول 6,ts_building_140404-14050319105758.xlsx
,1395,,,گروه شیشه,annual_inflation,0.64421,percent,1402,,جدول 6,ts_building_140404-14050319105758.xlsx
,1396,,,گروه شیشه,annual_inflation,1.44798,percent,1402,,جدول 6,ts_building_140404-14050319105758.xlsx
,1397,,,گروه شیشه,annual_inflation,64.2044,percent,1402,,جدول 6,ts_building_140404-14050319105758.xlsx
,1398,,,گروه شیشه,annual_inflation,28.86065,percent,1402,,جدول 6,ts_building_140404-14050319105758.xlsx
,1399,,,گروه شیشه,annual_inflation,43.44596,percent,1402,,جدول 6,ts_building_140404-14050319105758.xlsx
,1400,,,گروه شیشه,annual_inflation,85.40024,percent,1402,,جدول 6,ts_building_140404-14050319105758.xlsx
,1401,,,گروه شیشه,annual_inflation,81.05188,percent,1402,,جدول 6,ts_building_140404-14050319105758.xlsx
,1402,,,گروه شیشه,annual_inflation,42.551,percent,1402,,جدول 6,ts_building_140404-14050319105758.xlsx
,1403,,,گروه شیشه,annual_inflation,13.36048,percent,1402,,جدول 6,ts_building_140404-14050319105758.xlsx
,1404,,,گروه شیشه,annual_inflation,29.38404,percent,1402,,جدول 6,ts_building_140404-14050319105758.xlsx
,1391,,,گروه خدمات,annual_inflation,27.86972,percent,1402,,جدول 6,ts_building_140404-14050319105758.xlsx
,1392,,,گروه خدمات,annual_inflation,23.79613,percent,1402,,جدول 6,ts_building_140404-14050319105758.xlsx
,1393,,,گروه خدمات,annual_inflation,10.27289,percent,1402,,جدول 6,ts_building_140404-14050319105758.xlsx
,1394,,,گروه خدمات,annual_inflation,11.60044,percent,1402,,جدول 6,ts_building_140404-14050319105758.xlsx
,1395,,,گروه خدمات,annual_inflation,8.93425,percent,1402,,جدول 6,ts_building_140404-14050319105758.xlsx
,1396,,,گروه خدمات,annual_inflation,7.48253,percent,1402,,جدول 6,ts_building_140404-14050319105758.xlsx
,1397,,,گروه خدمات,annual_inflation,20.68021,percent,1402,,جدول 6,ts_building_140404-14050319105758.xlsx
,1398,,,گروه خدمات,annual_inflation,25.19437,percent,1402,,جدول 6,ts_building_140404-14050319105758.xlsx
,1399,,,گروه خدمات,annual_inflation,35.18303,percent,1402,,جدول 6,ts_building_140404-14050319105758.xlsx
,1400,,,گروه خدمات,annual_inflation,36.81126,percent,1402,,جدول 6,ts_building_140404-14050319105758.xlsx
,1401,,,گروه خدمات,annual_inflation,61.52052,percent,1402,,جدول 6,ts_building_140404-14050319105758.xlsx
,1402,,,گروه خدمات,annual_inflation,34.75351,percent,1402,,جدول 6,ts_building_140404-14050319105758.xlsx
,1403,,,گروه خدمات,annual_inflation,37.86959,percent,1402,,جدول 6,ts_building_140404-14050319105758.xlsx
,1404,,,گروه خدمات,annual_inflation,65.95966,percent,1402,,جدول 6,ts_building_140404-14050319105758.xlsx
,1391,,,ماشین آلات,annual_inflation,,percent,1402,×,جدول 6,ts_building_140404-14050319105758.xlsx
,1392,,,ماشین آلات,annual_inflation,,percent,1402,×,جدول 6,ts_building_140404-14050319105758.xlsx
,1393,,,ماشین آلات,annual_inflation,,percent,1402,×,جدول 6,ts_building_140404-14050319105758.xlsx
,1394,,,ماشین آلات,annual_inflation,,percent,1402,×,جدول 6,ts_building_140404-14050319105758.xlsx
,1395,,,ماشین آلات,annual_inflation,,percent,1402,×,جدول 6,ts_building_140404-14050319105758.xlsx
,1396,,,ماشین آلات,annual_inflation,,percent,1402,×,جدول 6,ts_building_140404-14050319105758.xlsx
,1397,,,ماشین آلات,annual_inflation,,percent,1402,×,جدول 6,ts_building_140404-14050319105758.xlsx
,1398,,,ماشین آلات,annual_inflation,,percent,1402,×,جدول 6,ts_building_140404-14050319105758.xlsx
,1399,,,ماشین آلات,annual_inflation,,percent,1402,×,جدول 6,ts_building_140404-14050319105758.xlsx
,1400,,,ماشین آلات,annual_inflation,,percent,1402,×,جدول 6,ts_building_140404-14050319105758.xlsx
,1401,,,ماشین آلات,annual_inflation,,percent,1402,×,جدول 6,ts_building_140404-14050319105758.xlsx
,1402,,,ماشین آلات,annual_inflation,,percent,1402,×,جدول 6,ts_building_140404-14050319105758.xlsx
,1403,,,ماشین آلات,annual_inflation,37.92173,percent,1402,,جدول 6,ts_building_140404-14050319105758.xlsx
,1404,,,ماشین آلات,annual_inflation,35.33476,percent,1402,,جدول 6,ts_building_140404-14050319105758.xlsx
