solar_hijri_period,solar_hijri_year,quarter,season_fa,input_group_fa,measure,value,unit,base_year,source_missing_marker,source_sheet,source_file
1390-Q1,1390,1,بهار,شاخص کل,price_index,96,index points,1390,,جدول7,ts_building_140404-14050319105758.xlsx
1390-Q2,1390,2,تابستان,شاخص کل,price_index,97.4,index points,1390,,جدول7,ts_building_140404-14050319105758.xlsx
1390-Q3,1390,3,پاییز,شاخص کل,price_index,98.6,index points,1390,,جدول7,ts_building_140404-14050319105758.xlsx
1390-Q4,1390,4,زمستان,شاخص کل,price_index,108.1,index points,1390,,جدول7,ts_building_140404-14050319105758.xlsx
1391-Q1,1391,1,بهار,شاخص کل,price_index,116.94,index points,1390,,جدول7,ts_building_140404-14050319105758.xlsx
1391-Q2,1391,2,تابستان,شاخص کل,price_index,131.6,index points,1390,,جدول7,ts_building_140404-14050319105758.xlsx
1391-Q3,1391,3,پاییز,شاخص کل,price_index,145.37,index points,1390,,جدول7,ts_building_140404-14050319105758.xlsx
1391-Q4,1391,4,زمستان,شاخص کل,price_index,152.9,index points,1390,,جدول7,ts_building_140404-14050319105758.xlsx
1392-Q1,1392,1,بهار,شاخص کل,price_index,170.08,index points,1390,,جدول7,ts_building_140404-14050319105758.xlsx
1392-Q2,1392,2,تابستان,شاخص کل,price_index,170,index points,1390,,جدول7,ts_building_140404-14050319105758.xlsx
1392-Q3,1392,3,پاییز,شاخص کل,price_index,167,index points,1390,,جدول7,ts_building_140404-14050319105758.xlsx
1392-Q4,1392,4,زمستان,شاخص کل,price_index,170,index points,1390,,جدول7,ts_building_140404-14050319105758.xlsx
1393-Q1,1393,1,بهار,شاخص کل,price_index,178.081742113284,index points,1390,,جدول7,ts_building_140404-14050319105758.xlsx
1393-Q2,1393,2,تابستان,شاخص کل,price_index,184.399060538818,index points,1390,,جدول7,ts_building_140404-14050319105758.xlsx
1393-Q3,1393,3,پاییز,شاخص کل,price_index,184.687200764074,index points,1390,,جدول7,ts_building_140404-14050319105758.xlsx
1393-Q4,1393,4,زمستان,شاخص کل,price_index,174.920177933276,index points,1390,,جدول7,ts_building_140404-14050319105758.xlsx
1394-Q1,1394,1,بهار,شاخص کل,price_index,178.326620781168,index points,1390,,جدول7,ts_building_140404-14050319105758.xlsx
1394-Q2,1394,2,تابستان,شاخص کل,price_index,178.655712298677,index points,1390,,جدول7,ts_building_140404-14050319105758.xlsx
1394-Q3,1394,3,پاییز,شاخص کل,price_index,176.120776877773,index points,1390,,جدول7,ts_building_140404-14050319105758.xlsx
1394-Q4,1394,4,زمستان,شاخص کل,price_index,175.716428706602,index points,1390,,جدول7,ts_building_140404-14050319105758.xlsx
1395-Q1,1395,1,بهار,شاخص کل,price_index,183.929648033043,index points,1390,,جدول7,ts_building_140404-14050319105758.xlsx
1395-Q2,1395,2,تابستان,شاخص کل,price_index,186.6,index points,1390,,جدول7,ts_building_140404-14050319105758.xlsx
1395-Q3,1395,3,پاییز,شاخص کل,price_index,193.51701149964,index points,1390,,جدول7,ts_building_140404-14050319105758.xlsx
1395-Q4,1395,4,زمستان,شاخص کل,price_index,191.63039705454,index points,1390,,جدول7,ts_building_140404-14050319105758.xlsx
1396-Q1,1396,1,بهار,شاخص کل,price_index,197.1,index points,1390,,جدول7,ts_building_140404-14050319105758.xlsx
1396-Q2,1396,2,تابستان,شاخص کل,price_index,211.6,index points,1390,,جدول7,ts_building_140404-14050319105758.xlsx
1396-Q3,1396,3,پاییز,شاخص کل,price_index,216.7,index points,1390,,جدول7,ts_building_140404-14050319105758.xlsx
1396-Q4,1396,4,زمستان,شاخص کل,price_index,223.1,index points,1390,,جدول7,ts_building_140404-14050319105758.xlsx
1397-Q1,1397,1,بهار,شاخص کل,price_index,250.84,index points,1390,,جدول7,ts_building_140404-14050319105758.xlsx
1397-Q2,1397,2,تابستان,شاخص کل,price_index,315.41,index points,1390,,جدول7,ts_building_140404-14050319105758.xlsx
1397-Q3,1397,3,پاییز,شاخص کل,price_index,331.002321522632,index points,1390,,جدول7,ts_building_140404-14050319105758.xlsx
1397-Q4,1397,4,زمستان,شاخص کل,price_index,356.43,index points,1390,,جدول7,ts_building_140404-14050319105758.xlsx
1398-Q1,1398,1,بهار,شاخص کل,price_index,406.86,index points,1390,,جدول7,ts_building_140404-14050319105758.xlsx
1398-Q2,1398,2,تابستان,شاخص کل,price_index,407.707157398943,index points,1390,,جدول7,ts_building_140404-14050319105758.xlsx
1398-Q3,1398,3,پاییز,شاخص کل,price_index,421.751515261522,index points,1390,,جدول7,ts_building_140404-14050319105758.xlsx
1398-Q4,1398,4,زمستان,شاخص کل,price_index,457.359386911224,index points,1390,,جدول7,ts_building_140404-14050319105758.xlsx
1399-Q1,1399,1,بهار,شاخص کل,price_index,536.5,index points,1390,,جدول7,ts_building_140404-14050319105758.xlsx
1399-Q2,1399,2,تابستان,شاخص کل,price_index,698.83295108413,index points,1390,,جدول7,ts_building_140404-14050319105758.xlsx
1399-Q3,1399,3,پاییز,شاخص کل,price_index,850.1,index points,1390,,جدول7,ts_building_140404-14050319105758.xlsx
1399-Q4,1399,4,زمستان,شاخص کل,price_index,902,index points,1390,,جدول7,ts_building_140404-14050319105758.xlsx
1400-Q1,1400,1,بهار,شاخص کل,price_index,1076.51997771217,index points,1390,,جدول7,ts_building_140404-14050319105758.xlsx
1400-Q2,1400,2,تابستان,شاخص کل,price_index,1154.2,index points,1390,,جدول7,ts_building_140404-14050319105758.xlsx
1400-Q3,1400,3,پاییز,شاخص کل,price_index,1186.3,index points,1390,,جدول7,ts_building_140404-14050319105758.xlsx
1400-Q4,1400,4,زمستان,شاخص کل,price_index,1222.5,index points,1390,,جدول7,ts_building_140404-14050319105758.xlsx
1401-Q1,1401,1,بهار,شاخص کل,price_index,1544.2,index points,1390,,جدول7,ts_building_140404-14050319105758.xlsx
1401-Q2,1401,2,تابستان,شاخص کل,price_index,1491.8,index points,1390,,جدول7,ts_building_140404-14050319105758.xlsx
1401-Q3,1401,3,پاییز,شاخص کل,price_index,1561,index points,1390,,جدول7,ts_building_140404-14050319105758.xlsx
1401-Q4,1401,4,زمستان,شاخص کل,price_index,1897.7,index points,1390,,جدول7,ts_building_140404-14050319105758.xlsx
1402-Q1,1402,1,بهار,شاخص کل,price_index,2156.7,index points,1390,,جدول7,ts_building_140404-14050319105758.xlsx
1402-Q2,1402,2,تابستان,شاخص کل,price_index,2197.2,index points,1390,,جدول7,ts_building_140404-14050319105758.xlsx
1402-Q3,1402,3,پاییز,شاخص کل,price_index,2203.9,index points,1390,,جدول7,ts_building_140404-14050319105758.xlsx
1402-Q4,1402,4,زمستان,شاخص کل,price_index,2348.7,index points,1390,,جدول7,ts_building_140404-14050319105758.xlsx
1403-Q1,1403,1,بهار,شاخص کل,price_index,2647,index points,1390,,جدول7,ts_building_140404-14050319105758.xlsx
1403-Q2,1403,2,تابستان,شاخص کل,price_index,2791.9,index points,1390,,جدول7,ts_building_140404-14050319105758.xlsx
1403-Q3,1403,3,پاییز,شاخص کل,price_index,2900.8,index points,1390,,جدول7,ts_building_140404-14050319105758.xlsx
1403-Q4,1403,4,زمستان,شاخص کل,price_index,3239.8,index points,1390,,جدول7,ts_building_140404-14050319105758.xlsx
1404-Q1,1404,1,بهار,شاخص کل,price_index,3963.7,index points,1390,,جدول7,ts_building_140404-14050319105758.xlsx
1390-Q1,1390,1,بهار,گروه سیمان، بتن، شن و ماسه,price_index,95.0159022839739,index points,1390,,جدول7,ts_building_140404-14050319105758.xlsx
1390-Q2,1390,2,تابستان,گروه سیمان، بتن، شن و ماسه,price_index,98.9078175554991,index points,1390,,جدول7,ts_building_140404-14050319105758.xlsx
1390-Q3,1390,3,پاییز,گروه سیمان، بتن، شن و ماسه,price_index,99.6928749359882,index points,1390,,جدول7,ts_building_140404-14050319105758.xlsx
1390-Q4,1390,4,زمستان,گروه سیمان، بتن، شن و ماسه,price_index,106.383405224539,index points,1390,,جدول7,ts_building_140404-14050319105758.xlsx
1391-Q1,1391,1,بهار,گروه سیمان، بتن، شن و ماسه,price_index,112.888988664085,index points,1390,,جدول7,ts_building_140404-14050319105758.xlsx
1391-Q2,1391,2,تابستان,گروه سیمان، بتن، شن و ماسه,price_index,113.9419800209,index points,1390,,جدول7,ts_building_140404-14050319105758.xlsx
1391-Q3,1391,3,پاییز,گروه سیمان، بتن، شن و ماسه,price_index,131.741777103094,index points,1390,,جدول7,ts_building_140404-14050319105758.xlsx
1391-Q4,1391,4,زمستان,گروه سیمان، بتن، شن و ماسه,price_index,133.757552980433,index points,1390,,جدول7,ts_building_140404-14050319105758.xlsx
1392-Q1,1392,1,بهار,گروه سیمان، بتن، شن و ماسه,price_index,156.016838422139,index points,1390,,جدول7,ts_building_140404-14050319105758.xlsx
1392-Q2,1392,2,تابستان,گروه سیمان، بتن، شن و ماسه,price_index,155.138515002625,index points,1390,,جدول7,ts_building_140404-14050319105758.xlsx
1392-Q3,1392,3,پاییز,گروه سیمان، بتن، شن و ماسه,price_index,154.470955599431,index points,1390,,جدول7,ts_building_140404-14050319105758.xlsx
1392-Q4,1392,4,زمستان,گروه سیمان، بتن، شن و ماسه,price_index,166.26945326953,index points,1390,,جدول7,ts_building_140404-14050319105758.xlsx
1393-Q1,1393,1,بهار,گروه سیمان، بتن، شن و ماسه,price_index,173.726281671412,index points,1390,,جدول7,ts_building_140404-14050319105758.xlsx
1393-Q2,1393,2,تابستان,گروه سیمان، بتن، شن و ماسه,price_index,185.109673557984,index points,1390,,جدول7,ts_building_140404-14050319105758.xlsx
1393-Q3,1393,3,پاییز,گروه سیمان، بتن، شن و ماسه,price_index,182.789977448029,index points,1390,,جدول7,ts_building_140404-14050319105758.xlsx
1393-Q4,1393,4,زمستان,گروه سیمان، بتن، شن و ماسه,price_index,179.017007517443,index points,1390,,جدول7,ts_building_140404-14050319105758.xlsx
1394-Q1,1394,1,بهار,گروه سیمان، بتن، شن و ماسه,price_index,180.672198560693,index points,1390,,جدول7,ts_building_140404-14050319105758.xlsx
1394-Q2,1394,2,تابستان,گروه سیمان، بتن، شن و ماسه,price_index,180.911508981561,index points,1390,,جدول7,ts_building_140404-14050319105758.xlsx
1394-Q3,1394,3,پاییز,گروه سیمان، بتن، شن و ماسه,price_index,176.416788167113,index points,1390,,جدول7,ts_building_140404-14050319105758.xlsx
1394-Q4,1394,4,زمستان,گروه سیمان، بتن، شن و ماسه,price_index,178.260418742264,index points,1390,,جدول7,ts_building_140404-14050319105758.xlsx
1395-Q1,1395,1,بهار,گروه سیمان، بتن، شن و ماسه,price_index,177.69199481276,index points,1390,,جدول7,ts_building_140404-14050319105758.xlsx
1395-Q2,1395,2,تابستان,گروه سیمان، بتن، شن و ماسه,price_index,183.156779718121,index points,1390,,جدول7,ts_building_140404-14050319105758.xlsx
1395-Q3,1395,3,پاییز,گروه سیمان، بتن، شن و ماسه,price_index,189.022939323033,index points,1390,,جدول7,ts_building_140404-14050319105758.xlsx
1395-Q4,1395,4,زمستان,گروه سیمان، بتن، شن و ماسه,price_index,188.71796024807,index points,1390,,جدول7,ts_building_140404-14050319105758.xlsx
1396-Q1,1396,1,بهار,گروه سیمان، بتن، شن و ماسه,price_index,191.4,index points,1390,,جدول7,ts_building_140404-14050319105758.xlsx
1396-Q2,1396,2,تابستان,گروه سیمان، بتن، شن و ماسه,price_index,215.2,index points,1390,,جدول7,ts_building_140404-14050319105758.xlsx
1396-Q3,1396,3,پاییز,گروه سیمان، بتن، شن و ماسه,price_index,218.4,index points,1390,,جدول7,ts_building_140404-14050319105758.xlsx
1396-Q4,1396,4,زمستان,گروه سیمان، بتن، شن و ماسه,price_index,223.7,index points,1390,,جدول7,ts_building_140404-14050319105758.xlsx
1397-Q1,1397,1,بهار,گروه سیمان، بتن، شن و ماسه,price_index,227.9,index points,1390,,جدول7,ts_building_140404-14050319105758.xlsx
1397-Q2,1397,2,تابستان,گروه سیمان، بتن، شن و ماسه,price_index,251.37,index points,1390,,جدول7,ts_building_140404-14050319105758.xlsx
1397-Q3,1397,3,پاییز,گروه سیمان، بتن، شن و ماسه,price_index,275.236683164928,index points,1390,,جدول7,ts_building_140404-14050319105758.xlsx
1397-Q4,1397,4,زمستان,گروه سیمان، بتن، شن و ماسه,price_index,302.29,index points,1390,,جدول7,ts_building_140404-14050319105758.xlsx
1398-Q1,1398,1,بهار,گروه سیمان، بتن، شن و ماسه,price_index,358,index points,1390,,جدول7,ts_building_140404-14050319105758.xlsx
1398-Q2,1398,2,تابستان,گروه سیمان، بتن، شن و ماسه,price_index,404.388207371084,index points,1390,,جدول7,ts_building_140404-14050319105758.xlsx
1398-Q3,1398,3,پاییز,گروه سیمان، بتن، شن و ماسه,price_index,403.870663719014,index points,1390,,جدول7,ts_building_140404-14050319105758.xlsx
1398-Q4,1398,4,زمستان,گروه سیمان، بتن، شن و ماسه,price_index,403.870663719014,index points,1390,,جدول7,ts_building_140404-14050319105758.xlsx
1399-Q1,1399,1,بهار,گروه سیمان، بتن، شن و ماسه,price_index,481.2,index points,1390,,جدول7,ts_building_140404-14050319105758.xlsx
1399-Q2,1399,2,تابستان,گروه سیمان، بتن، شن و ماسه,price_index,566.427468423079,index points,1390,,جدول7,ts_building_140404-14050319105758.xlsx
1399-Q3,1399,3,پاییز,گروه سیمان، بتن، شن و ماسه,price_index,839.4,index points,1390,,جدول7,ts_building_140404-14050319105758.xlsx
1399-Q4,1399,4,زمستان,گروه سیمان، بتن، شن و ماسه,price_index,943.7,index points,1390,,جدول7,ts_building_140404-14050319105758.xlsx
1400-Q1,1400,1,بهار,گروه سیمان، بتن، شن و ماسه,price_index,1169.55698602153,index points,1390,,جدول7,ts_building_140404-14050319105758.xlsx
1400-Q2,1400,2,تابستان,گروه سیمان، بتن، شن و ماسه,price_index,1382.1,index points,1390,,جدول7,ts_building_140404-14050319105758.xlsx
1400-Q3,1400,3,پاییز,گروه سیمان، بتن، شن و ماسه,price_index,1290.4,index points,1390,,جدول7,ts_building_140404-14050319105758.xlsx
1400-Q4,1400,4,زمستان,گروه سیمان، بتن، شن و ماسه,price_index,1273.6,index points,1390,,جدول7,ts_building_140404-14050319105758.xlsx
1401-Q1,1401,1,بهار,گروه سیمان، بتن، شن و ماسه,price_index,1984.4,index points,1390,,جدول7,ts_building_140404-14050319105758.xlsx
1401-Q2,1401,2,تابستان,گروه سیمان، بتن، شن و ماسه,price_index,1678.4,index points,1390,,جدول7,ts_building_140404-14050319105758.xlsx
1401-Q3,1401,3,پاییز,گروه سیمان، بتن، شن و ماسه,price_index,1641.3,index points,1390,,جدول7,ts_building_140404-14050319105758.xlsx
1401-Q4,1401,4,زمستان,گروه سیمان، بتن، شن و ماسه,price_index,1896.1,index points,1390,,جدول7,ts_building_140404-14050319105758.xlsx
1402-Q1,1402,1,بهار,گروه سیمان، بتن، شن و ماسه,price_index,2368.9,index points,1390,,جدول7,ts_building_140404-14050319105758.xlsx
1402-Q2,1402,2,تابستان,گروه سیمان، بتن، شن و ماسه,price_index,2513.3,index points,1390,,جدول7,ts_building_140404-14050319105758.xlsx
1402-Q3,1402,3,پاییز,گروه سیمان، بتن، شن و ماسه,price_index,2578.4,index points,1390,,جدول7,ts_building_140404-14050319105758.xlsx
1402-Q4,1402,4,زمستان,گروه سیمان، بتن، شن و ماسه,price_index,2586.2,index points,1390,,جدول7,ts_building_140404-14050319105758.xlsx
1403-Q1,1403,1,بهار,گروه سیمان، بتن، شن و ماسه,price_index,3161.5,index points,1390,,جدول7,ts_building_140404-14050319105758.xlsx
1403-Q2,1403,2,تابستان,گروه سیمان، بتن، شن و ماسه,price_index,3608.1,index points,1390,,جدول7,ts_building_140404-14050319105758.xlsx
1403-Q3,1403,3,پاییز,گروه سیمان، بتن، شن و ماسه,price_index,3556,index points,1390,,جدول7,ts_building_140404-14050319105758.xlsx
1403-Q4,1403,4,زمستان,گروه سیمان، بتن، شن و ماسه,price_index,3812,index points,1390,,جدول7,ts_building_140404-14050319105758.xlsx
1404-Q1,1404,1,بهار,گروه سیمان، بتن، شن و ماسه,price_index,5265.4,index points,1390,,جدول7,ts_building_140404-14050319105758.xlsx
1390-Q1,1390,1,بهار,گروه گچ و گچ کاری,price_index,100.584575314803,index points,1390,,جدول7,ts_building_140404-14050319105758.xlsx
1390-Q2,1390,2,تابستان,گروه گچ و گچ کاری,price_index,99.2673171318945,index points,1390,,جدول7,ts_building_140404-14050319105758.xlsx
1390-Q3,1390,3,پاییز,گروه گچ و گچ کاری,price_index,99.5232316213866,index points,1390,,جدول7,ts_building_140404-14050319105758.xlsx
1390-Q4,1390,4,زمستان,گروه گچ و گچ کاری,price_index,100.624875931915,index points,1390,,جدول7,ts_building_140404-14050319105758.xlsx
1391-Q1,1391,1,بهار,گروه گچ و گچ کاری,price_index,120.941421111826,index points,1390,,جدول7,ts_building_140404-14050319105758.xlsx
1391-Q2,1391,2,تابستان,گروه گچ و گچ کاری,price_index,122.874240410033,index points,1390,,جدول7,ts_building_140404-14050319105758.xlsx
1391-Q3,1391,3,پاییز,گروه گچ و گچ کاری,price_index,142.53785322312,index points,1390,,جدول7,ts_building_140404-14050319105758.xlsx
1391-Q4,1391,4,زمستان,گروه گچ و گچ کاری,price_index,149.703251663677,index points,1390,,جدول7,ts_building_140404-14050319105758.xlsx
1392-Q1,1392,1,بهار,گروه گچ و گچ کاری,price_index,170.886955769975,index points,1390,,جدول7,ts_building_140404-14050319105758.xlsx
1392-Q2,1392,2,تابستان,گروه گچ و گچ کاری,price_index,172.790913597464,index points,1390,,جدول7,ts_building_140404-14050319105758.xlsx
1392-Q3,1392,3,پاییز,گروه گچ و گچ کاری,price_index,171.085419579646,index points,1390,,جدول7,ts_building_140404-14050319105758.xlsx
1392-Q4,1392,4,زمستان,گروه گچ و گچ کاری,price_index,175.936462596961,index points,1390,,جدول7,ts_building_140404-14050319105758.xlsx
1393-Q1,1393,1,بهار,گروه گچ و گچ کاری,price_index,198.999141016469,index points,1390,,جدول7,ts_building_140404-14050319105758.xlsx
1393-Q2,1393,2,تابستان,گروه گچ و گچ کاری,price_index,199.537473084691,index points,1390,,جدول7,ts_building_140404-14050319105758.xlsx
1393-Q3,1393,3,پاییز,گروه گچ و گچ کاری,price_index,193.878921153818,index points,1390,,جدول7,ts_building_140404-14050319105758.xlsx
1393-Q4,1393,4,زمستان,گروه گچ و گچ کاری,price_index,195.389767564011,index points,1390,,جدول7,ts_building_140404-14050319105758.xlsx
1394-Q1,1394,1,بهار,گروه گچ و گچ کاری,price_index,196.382263512135,index points,1390,,جدول7,ts_building_140404-14050319105758.xlsx
1394-Q2,1394,2,تابستان,گروه گچ و گچ کاری,price_index,194.151409410317,index points,1390,,جدول7,ts_building_140404-14050319105758.xlsx
1394-Q3,1394,3,پاییز,گروه گچ و گچ کاری,price_index,196.712530412379,index points,1390,,جدول7,ts_building_140404-14050319105758.xlsx
1394-Q4,1394,4,زمستان,گروه گچ و گچ کاری,price_index,195.339359008513,index points,1390,,جدول7,ts_building_140404-14050319105758.xlsx
1395-Q1,1395,1,بهار,گروه گچ و گچ کاری,price_index,194.066416520284,index points,1390,,جدول7,ts_building_140404-14050319105758.xlsx
1395-Q2,1395,2,تابستان,گروه گچ و گچ کاری,price_index,195.436498461896,index points,1390,,جدول7,ts_building_140404-14050319105758.xlsx
1395-Q3,1395,3,پاییز,گروه گچ و گچ کاری,price_index,197.583926352532,index points,1390,,جدول7,ts_building_140404-14050319105758.xlsx
1395-Q4,1395,4,زمستان,گروه گچ و گچ کاری,price_index,195.233838753915,index points,1390,,جدول7,ts_building_140404-14050319105758.xlsx
1396-Q1,1396,1,بهار,گروه گچ و گچ کاری,price_index,201.3,index points,1390,,جدول7,ts_building_140404-14050319105758.xlsx
1396-Q2,1396,2,تابستان,گروه گچ و گچ کاری,price_index,201.3,index points,1390,,جدول7,ts_building_140404-14050319105758.xlsx
1396-Q3,1396,3,پاییز,گروه گچ و گچ کاری,price_index,202.2,index points,1390,,جدول7,ts_building_140404-14050319105758.xlsx
1396-Q4,1396,4,زمستان,گروه گچ و گچ کاری,price_index,205.8,index points,1390,,جدول7,ts_building_140404-14050319105758.xlsx
1397-Q1,1397,1,بهار,گروه گچ و گچ کاری,price_index,225.78,index points,1390,,جدول7,ts_building_140404-14050319105758.xlsx
1397-Q2,1397,2,تابستان,گروه گچ و گچ کاری,price_index,271.08,index points,1390,,جدول7,ts_building_140404-14050319105758.xlsx
1397-Q3,1397,3,پاییز,گروه گچ و گچ کاری,price_index,339.284615101912,index points,1390,,جدول7,ts_building_140404-14050319105758.xlsx
1397-Q4,1397,4,زمستان,گروه گچ و گچ کاری,price_index,336.83,index points,1390,,جدول7,ts_building_140404-14050319105758.xlsx
1398-Q1,1398,1,بهار,گروه گچ و گچ کاری,price_index,403.2,index points,1390,,جدول7,ts_building_140404-14050319105758.xlsx
1398-Q2,1398,2,تابستان,گروه گچ و گچ کاری,price_index,406.642762857517,index points,1390,,جدول7,ts_building_140404-14050319105758.xlsx
1398-Q3,1398,3,پاییز,گروه گچ و گچ کاری,price_index,433.582291788987,index points,1390,,جدول7,ts_building_140404-14050319105758.xlsx
1398-Q4,1398,4,زمستان,گروه گچ و گچ کاری,price_index,438.383895769121,index points,1390,,جدول7,ts_building_140404-14050319105758.xlsx
1399-Q1,1399,1,بهار,گروه گچ و گچ کاری,price_index,524.4,index points,1390,,جدول7,ts_building_140404-14050319105758.xlsx
1399-Q2,1399,2,تابستان,گروه گچ و گچ کاری,price_index,595.397567890004,index points,1390,,جدول7,ts_building_140404-14050319105758.xlsx
1399-Q3,1399,3,پاییز,گروه گچ و گچ کاری,price_index,782.3,index points,1390,,جدول7,ts_building_140404-14050319105758.xlsx
1399-Q4,1399,4,زمستان,گروه گچ و گچ کاری,price_index,821.4,index points,1390,,جدول7,ts_building_140404-14050319105758.xlsx
1400-Q1,1400,1,بهار,گروه گچ و گچ کاری,price_index,979.986799134859,index points,1390,,جدول7,ts_building_140404-14050319105758.xlsx
1400-Q2,1400,2,تابستان,گروه گچ و گچ کاری,price_index,1035.1,index points,1390,,جدول7,ts_building_140404-14050319105758.xlsx
1400-Q3,1400,3,پاییز,گروه گچ و گچ کاری,price_index,1061.8,index points,1390,,جدول7,ts_building_140404-14050319105758.xlsx
1400-Q4,1400,4,زمستان,گروه گچ و گچ کاری,price_index,1112.6,index points,1390,,جدول7,ts_building_140404-14050319105758.xlsx
1401-Q1,1401,1,بهار,گروه گچ و گچ کاری,price_index,1402.4,index points,1390,,جدول7,ts_building_140404-14050319105758.xlsx
1401-Q2,1401,2,تابستان,گروه گچ و گچ کاری,price_index,1436.4,index points,1390,,جدول7,ts_building_140404-14050319105758.xlsx
1401-Q3,1401,3,پاییز,گروه گچ و گچ کاری,price_index,1436.4,index points,1390,,جدول7,ts_building_140404-14050319105758.xlsx
1401-Q4,1401,4,زمستان,گروه گچ و گچ کاری,price_index,1509.6,index points,1390,,جدول7,ts_building_140404-14050319105758.xlsx
1402-Q1,1402,1,بهار,گروه گچ و گچ کاری,price_index,1760.5,index points,1390,,جدول7,ts_building_140404-14050319105758.xlsx
1402-Q2,1402,2,تابستان,گروه گچ و گچ کاری,price_index,2122.4,index points,1390,,جدول7,ts_building_140404-14050319105758.xlsx
1402-Q3,1402,3,پاییز,گروه گچ و گچ کاری,price_index,2165.3,index points,1390,,جدول7,ts_building_140404-14050319105758.xlsx
1402-Q4,1402,4,زمستان,گروه گچ و گچ کاری,price_index,2649.1,index points,1390,,جدول7,ts_building_140404-14050319105758.xlsx
1403-Q1,1403,1,بهار,گروه گچ و گچ کاری,price_index,2797.8,index points,1390,,جدول7,ts_building_140404-14050319105758.xlsx
1403-Q2,1403,2,تابستان,گروه گچ و گچ کاری,price_index,3168.8,index points,1390,,جدول7,ts_building_140404-14050319105758.xlsx
1403-Q3,1403,3,پاییز,گروه گچ و گچ کاری,price_index,3275.2,index points,1390,,جدول7,ts_building_140404-14050319105758.xlsx
1403-Q4,1403,4,زمستان,گروه گچ و گچ کاری,price_index,4038.7,index points,1390,,جدول7,ts_building_140404-14050319105758.xlsx
1404-Q1,1404,1,بهار,گروه گچ و گچ کاری,price_index,4858.7,index points,1390,,جدول7,ts_building_140404-14050319105758.xlsx
1390-Q1,1390,1,بهار,گروه انواع بلوک سفالی و آجر,price_index,97.7103645906379,index points,1390,,جدول7,ts_building_140404-14050319105758.xlsx
1390-Q2,1390,2,تابستان,گروه انواع بلوک سفالی و آجر,price_index,99.0173673000236,index points,1390,,جدول7,ts_building_140404-14050319105758.xlsx
1390-Q3,1390,3,پاییز,گروه انواع بلوک سفالی و آجر,price_index,100.682458120516,index points,1390,,جدول7,ts_building_140404-14050319105758.xlsx
1390-Q4,1390,4,زمستان,گروه انواع بلوک سفالی و آجر,price_index,102.589809988823,index points,1390,,جدول7,ts_building_140404-14050319105758.xlsx
1391-Q1,1391,1,بهار,گروه انواع بلوک سفالی و آجر,price_index,114.786707226137,index points,1390,,جدول7,ts_building_140404-14050319105758.xlsx
1391-Q2,1391,2,تابستان,گروه انواع بلوک سفالی و آجر,price_index,121.030747480649,index points,1390,,جدول7,ts_building_140404-14050319105758.xlsx
1391-Q3,1391,3,پاییز,گروه انواع بلوک سفالی و آجر,price_index,127.167207164865,index points,1390,,جدول7,ts_building_140404-14050319105758.xlsx
1391-Q4,1391,4,زمستان,گروه انواع بلوک سفالی و آجر,price_index,133.51286182395,index points,1390,,جدول7,ts_building_140404-14050319105758.xlsx
1392-Q1,1392,1,بهار,گروه انواع بلوک سفالی و آجر,price_index,145.909639128747,index points,1390,,جدول7,ts_building_140404-14050319105758.xlsx
1392-Q2,1392,2,تابستان,گروه انواع بلوک سفالی و آجر,price_index,145.311712763255,index points,1390,,جدول7,ts_building_140404-14050319105758.xlsx
1392-Q3,1392,3,پاییز,گروه انواع بلوک سفالی و آجر,price_index,144.410805533571,index points,1390,,جدول7,ts_building_140404-14050319105758.xlsx
1392-Q4,1392,4,زمستان,گروه انواع بلوک سفالی و آجر,price_index,145.017076304962,index points,1390,,جدول7,ts_building_140404-14050319105758.xlsx
1393-Q1,1393,1,بهار,گروه انواع بلوک سفالی و آجر,price_index,150.597144410772,index points,1390,,جدول7,ts_building_140404-14050319105758.xlsx
1393-Q2,1393,2,تابستان,گروه انواع بلوک سفالی و آجر,price_index,166.213822368586,index points,1390,,جدول7,ts_building_140404-14050319105758.xlsx
1393-Q3,1393,3,پاییز,گروه انواع بلوک سفالی و آجر,price_index,168.037584598961,index points,1390,,جدول7,ts_building_140404-14050319105758.xlsx
1393-Q4,1393,4,زمستان,گروه انواع بلوک سفالی و آجر,price_index,168.81277660185,index points,1390,,جدول7,ts_building_140404-14050319105758.xlsx
1394-Q1,1394,1,بهار,گروه انواع بلوک سفالی و آجر,price_index,167.78840969041,index points,1390,,جدول7,ts_building_140404-14050319105758.xlsx
1394-Q2,1394,2,تابستان,گروه انواع بلوک سفالی و آجر,price_index,166.894025965254,index points,1390,,جدول7,ts_building_140404-14050319105758.xlsx
1394-Q3,1394,3,پاییز,گروه انواع بلوک سفالی و آجر,price_index,166.388444501994,index points,1390,,جدول7,ts_building_140404-14050319105758.xlsx
1394-Q4,1394,4,زمستان,گروه انواع بلوک سفالی و آجر,price_index,167.284145946113,index points,1390,,جدول7,ts_building_140404-14050319105758.xlsx
1395-Q1,1395,1,بهار,گروه انواع بلوک سفالی و آجر,price_index,168.382263925635,index points,1390,,جدول7,ts_building_140404-14050319105758.xlsx
1395-Q2,1395,2,تابستان,گروه انواع بلوک سفالی و آجر,price_index,169.384039702853,index points,1390,,جدول7,ts_building_140404-14050319105758.xlsx
1395-Q3,1395,3,پاییز,گروه انواع بلوک سفالی و آجر,price_index,173.039954298861,index points,1390,,جدول7,ts_building_140404-14050319105758.xlsx
1395-Q4,1395,4,زمستان,گروه انواع بلوک سفالی و آجر,price_index,171.99842938565,index points,1390,,جدول7,ts_building_140404-14050319105758.xlsx
1396-Q1,1396,1,بهار,گروه انواع بلوک سفالی و آجر,price_index,176.4,index points,1390,,جدول7,ts_building_140404-14050319105758.xlsx
1396-Q2,1396,2,تابستان,گروه انواع بلوک سفالی و آجر,price_index,178.9,index points,1390,,جدول7,ts_building_140404-14050319105758.xlsx
1396-Q3,1396,3,پاییز,گروه انواع بلوک سفالی و آجر,price_index,181.4,index points,1390,,جدول7,ts_building_140404-14050319105758.xlsx
1396-Q4,1396,4,زمستان,گروه انواع بلوک سفالی و آجر,price_index,183.4,index points,1390,,جدول7,ts_building_140404-14050319105758.xlsx
1397-Q1,1397,1,بهار,گروه انواع بلوک سفالی و آجر,price_index,195.38,index points,1390,,جدول7,ts_building_140404-14050319105758.xlsx
1397-Q2,1397,2,تابستان,گروه انواع بلوک سفالی و آجر,price_index,215.93,index points,1390,,جدول7,ts_building_140404-14050319105758.xlsx
1397-Q3,1397,3,پاییز,گروه انواع بلوک سفالی و آجر,price_index,244.809345060751,index points,1390,,جدول7,ts_building_140404-14050319105758.xlsx
1397-Q4,1397,4,زمستان,گروه انواع بلوک سفالی و آجر,price_index,265.24,index points,1390,,جدول7,ts_building_140404-14050319105758.xlsx
1398-Q1,1398,1,بهار,گروه انواع بلوک سفالی و آجر,price_index,329.87,index points,1390,,جدول7,ts_building_140404-14050319105758.xlsx
1398-Q2,1398,2,تابستان,گروه انواع بلوک سفالی و آجر,price_index,347.185857777054,index points,1390,,جدول7,ts_building_140404-14050319105758.xlsx
1398-Q3,1398,3,پاییز,گروه انواع بلوک سفالی و آجر,price_index,365.646325900237,index points,1390,,جدول7,ts_building_140404-14050319105758.xlsx
1398-Q4,1398,4,زمستان,گروه انواع بلوک سفالی و آجر,price_index,375.283251094073,index points,1390,,جدول7,ts_building_140404-14050319105758.xlsx
1399-Q1,1399,1,بهار,گروه انواع بلوک سفالی و آجر,price_index,447.2,index points,1390,,جدول7,ts_building_140404-14050319105758.xlsx
1399-Q2,1399,2,تابستان,گروه انواع بلوک سفالی و آجر,price_index,581.285501098739,index points,1390,,جدول7,ts_building_140404-14050319105758.xlsx
1399-Q3,1399,3,پاییز,گروه انواع بلوک سفالی و آجر,price_index,719.9,index points,1390,,جدول7,ts_building_140404-14050319105758.xlsx
1399-Q4,1399,4,زمستان,گروه انواع بلوک سفالی و آجر,price_index,779.1,index points,1390,,جدول7,ts_building_140404-14050319105758.xlsx
1400-Q1,1400,1,بهار,گروه انواع بلوک سفالی و آجر,price_index,898.644582771802,index points,1390,,جدول7,ts_building_140404-14050319105758.xlsx
1400-Q2,1400,2,تابستان,گروه انواع بلوک سفالی و آجر,price_index,953.1,index points,1390,,جدول7,ts_building_140404-14050319105758.xlsx
1400-Q3,1400,3,پاییز,گروه انواع بلوک سفالی و آجر,price_index,1043.3,index points,1390,,جدول7,ts_building_140404-14050319105758.xlsx
1400-Q4,1400,4,زمستان,گروه انواع بلوک سفالی و آجر,price_index,1095.6,index points,1390,,جدول7,ts_building_140404-14050319105758.xlsx
1401-Q1,1401,1,بهار,گروه انواع بلوک سفالی و آجر,price_index,1272.1,index points,1390,,جدول7,ts_building_140404-14050319105758.xlsx
1401-Q2,1401,2,تابستان,گروه انواع بلوک سفالی و آجر,price_index,1378.8,index points,1390,,جدول7,ts_building_140404-14050319105758.xlsx
1401-Q3,1401,3,پاییز,گروه انواع بلوک سفالی و آجر,price_index,1391.2,index points,1390,,جدول7,ts_building_140404-14050319105758.xlsx
1401-Q4,1401,4,زمستان,گروه انواع بلوک سفالی و آجر,price_index,1468,index points,1390,,جدول7,ts_building_140404-14050319105758.xlsx
1402-Q1,1402,1,بهار,گروه انواع بلوک سفالی و آجر,price_index,1751.9,index points,1390,,جدول7,ts_building_140404-14050319105758.xlsx
1402-Q2,1402,2,تابستان,گروه انواع بلوک سفالی و آجر,price_index,1890.6,index points,1390,,جدول7,ts_building_140404-14050319105758.xlsx
1402-Q3,1402,3,پاییز,گروه انواع بلوک سفالی و آجر,price_index,1947.3,index points,1390,,جدول7,ts_building_140404-14050319105758.xlsx
1402-Q4,1402,4,زمستان,گروه انواع بلوک سفالی و آجر,price_index,2294.3,index points,1390,,جدول7,ts_building_140404-14050319105758.xlsx
1403-Q1,1403,1,بهار,گروه انواع بلوک سفالی و آجر,price_index,2513.6,index points,1390,,جدول7,ts_building_140404-14050319105758.xlsx
1403-Q2,1403,2,تابستان,گروه انواع بلوک سفالی و آجر,price_index,2619.8,index points,1390,,جدول7,ts_building_140404-14050319105758.xlsx
1403-Q3,1403,3,پاییز,گروه انواع بلوک سفالی و آجر,price_index,2745.9,index points,1390,,جدول7,ts_building_140404-14050319105758.xlsx
1403-Q4,1403,4,زمستان,گروه انواع بلوک سفالی و آجر,price_index,3197.2,index points,1390,,جدول7,ts_building_140404-14050319105758.xlsx
1404-Q1,1404,1,بهار,گروه انواع بلوک سفالی و آجر,price_index,3739.9,index points,1390,,جدول7,ts_building_140404-14050319105758.xlsx
1390-Q1,1390,1,بهار,گروه موزاییک، کاشی و سرامیک,price_index,95.0522277719274,index points,1390,,جدول7,ts_building_140404-14050319105758.xlsx
1390-Q2,1390,2,تابستان,گروه موزاییک، کاشی و سرامیک,price_index,100.069362539194,index points,1390,,جدول7,ts_building_140404-14050319105758.xlsx
1390-Q3,1390,3,پاییز,گروه موزاییک، کاشی و سرامیک,price_index,101.048990884165,index points,1390,,جدول7,ts_building_140404-14050319105758.xlsx
1390-Q4,1390,4,زمستان,گروه موزاییک، کاشی و سرامیک,price_index,103.829418804713,index points,1390,,جدول7,ts_building_140404-14050319105758.xlsx
1391-Q1,1391,1,بهار,گروه موزاییک، کاشی و سرامیک,price_index,108.918486548231,index points,1390,,جدول7,ts_building_140404-14050319105758.xlsx
1391-Q2,1391,2,تابستان,گروه موزاییک، کاشی و سرامیک,price_index,113.154877669761,index points,1390,,جدول7,ts_building_140404-14050319105758.xlsx
1391-Q3,1391,3,پاییز,گروه موزاییک، کاشی و سرامیک,price_index,128.766830795372,index points,1390,,جدول7,ts_building_140404-14050319105758.xlsx
1391-Q4,1391,4,زمستان,گروه موزاییک، کاشی و سرامیک,price_index,130.577725738648,index points,1390,,جدول7,ts_building_140404-14050319105758.xlsx
1392-Q1,1392,1,بهار,گروه موزاییک، کاشی و سرامیک,price_index,149.329936227933,index points,1390,,جدول7,ts_building_140404-14050319105758.xlsx
1392-Q2,1392,2,تابستان,گروه موزاییک، کاشی و سرامیک,price_index,152.932826359206,index points,1390,,جدول7,ts_building_140404-14050319105758.xlsx
1392-Q3,1392,3,پاییز,گروه موزاییک، کاشی و سرامیک,price_index,157.43261111266,index points,1390,,جدول7,ts_building_140404-14050319105758.xlsx
1392-Q4,1392,4,زمستان,گروه موزاییک، کاشی و سرامیک,price_index,158.769856673763,index points,1390,,جدول7,ts_building_140404-14050319105758.xlsx
1393-Q1,1393,1,بهار,گروه موزاییک، کاشی و سرامیک,price_index,167.270898316619,index points,1390,,جدول7,ts_building_140404-14050319105758.xlsx
1393-Q2,1393,2,تابستان,گروه موزاییک، کاشی و سرامیک,price_index,168.838095453989,index points,1390,,جدول7,ts_building_140404-14050319105758.xlsx
1393-Q3,1393,3,پاییز,گروه موزاییک، کاشی و سرامیک,price_index,175.834054057568,index points,1390,,جدول7,ts_building_140404-14050319105758.xlsx
1393-Q4,1393,4,زمستان,گروه موزاییک، کاشی و سرامیک,price_index,176.152694266505,index points,1390,,جدول7,ts_building_140404-14050319105758.xlsx
1394-Q1,1394,1,بهار,گروه موزاییک، کاشی و سرامیک,price_index,176.736731672642,index points,1390,,جدول7,ts_building_140404-14050319105758.xlsx
1394-Q2,1394,2,تابستان,گروه موزاییک، کاشی و سرامیک,price_index,177.787299535698,index points,1390,,جدول7,ts_building_140404-14050319105758.xlsx
1394-Q3,1394,3,پاییز,گروه موزاییک، کاشی و سرامیک,price_index,178.042481559789,index points,1390,,جدول7,ts_building_140404-14050319105758.xlsx
1394-Q4,1394,4,زمستان,گروه موزاییک، کاشی و سرامیک,price_index,178.025650538918,index points,1390,,جدول7,ts_building_140404-14050319105758.xlsx
1395-Q1,1395,1,بهار,گروه موزاییک، کاشی و سرامیک,price_index,177.445157792608,index points,1390,,جدول7,ts_building_140404-14050319105758.xlsx
1395-Q2,1395,2,تابستان,گروه موزاییک، کاشی و سرامیک,price_index,178.424626520919,index points,1390,,جدول7,ts_building_140404-14050319105758.xlsx
1395-Q3,1395,3,پاییز,گروه موزاییک، کاشی و سرامیک,price_index,179.660513676593,index points,1390,,جدول7,ts_building_140404-14050319105758.xlsx
1395-Q4,1395,4,زمستان,گروه موزاییک، کاشی و سرامیک,price_index,180.101377193616,index points,1390,,جدول7,ts_building_140404-14050319105758.xlsx
1396-Q1,1396,1,بهار,گروه موزاییک، کاشی و سرامیک,price_index,184.6,index points,1390,,جدول7,ts_building_140404-14050319105758.xlsx
1396-Q2,1396,2,تابستان,گروه موزاییک، کاشی و سرامیک,price_index,190.1,index points,1390,,جدول7,ts_building_140404-14050319105758.xlsx
1396-Q3,1396,3,پاییز,گروه موزاییک، کاشی و سرامیک,price_index,192.4,index points,1390,,جدول7,ts_building_140404-14050319105758.xlsx
1396-Q4,1396,4,زمستان,گروه موزاییک، کاشی و سرامیک,price_index,193.6,index points,1390,,جدول7,ts_building_140404-14050319105758.xlsx
1397-Q1,1397,1,بهار,گروه موزاییک، کاشی و سرامیک,price_index,207.71,index points,1390,,جدول7,ts_building_140404-14050319105758.xlsx
1397-Q2,1397,2,تابستان,گروه موزاییک، کاشی و سرامیک,price_index,246.46,index points,1390,,جدول7,ts_building_140404-14050319105758.xlsx
1397-Q3,1397,3,پاییز,گروه موزاییک، کاشی و سرامیک,price_index,291.583733347707,index points,1390,,جدول7,ts_building_140404-14050319105758.xlsx
1397-Q4,1397,4,زمستان,گروه موزاییک، کاشی و سرامیک,price_index,304.23,index points,1390,,جدول7,ts_building_140404-14050319105758.xlsx
1398-Q1,1398,1,بهار,گروه موزاییک، کاشی و سرامیک,price_index,362.67,index points,1390,,جدول7,ts_building_140404-14050319105758.xlsx
1398-Q2,1398,2,تابستان,گروه موزاییک، کاشی و سرامیک,price_index,379.953788346423,index points,1390,,جدول7,ts_building_140404-14050319105758.xlsx
1398-Q3,1398,3,پاییز,گروه موزاییک، کاشی و سرامیک,price_index,384.996398540136,index points,1390,,جدول7,ts_building_140404-14050319105758.xlsx
1398-Q4,1398,4,زمستان,گروه موزاییک، کاشی و سرامیک,price_index,398.352067253567,index points,1390,,جدول7,ts_building_140404-14050319105758.xlsx
1399-Q1,1399,1,بهار,گروه موزاییک، کاشی و سرامیک,price_index,468.1,index points,1390,,جدول7,ts_building_140404-14050319105758.xlsx
1399-Q2,1399,2,تابستان,گروه موزاییک، کاشی و سرامیک,price_index,595.563312489155,index points,1390,,جدول7,ts_building_140404-14050319105758.xlsx
1399-Q3,1399,3,پاییز,گروه موزاییک، کاشی و سرامیک,price_index,777.3,index points,1390,,جدول7,ts_building_140404-14050319105758.xlsx
1399-Q4,1399,4,زمستان,گروه موزاییک، کاشی و سرامیک,price_index,839.3,index points,1390,,جدول7,ts_building_140404-14050319105758.xlsx
1400-Q1,1400,1,بهار,گروه موزاییک، کاشی و سرامیک,price_index,964.379172576185,index points,1390,,جدول7,ts_building_140404-14050319105758.xlsx
1400-Q2,1400,2,تابستان,گروه موزاییک، کاشی و سرامیک,price_index,1054.2,index points,1390,,جدول7,ts_building_140404-14050319105758.xlsx
1400-Q3,1400,3,پاییز,گروه موزاییک، کاشی و سرامیک,price_index,1125.6,index points,1390,,جدول7,ts_building_140404-14050319105758.xlsx
1400-Q4,1400,4,زمستان,گروه موزاییک، کاشی و سرامیک,price_index,1174.9,index points,1390,,جدول7,ts_building_140404-14050319105758.xlsx
1401-Q1,1401,1,بهار,گروه موزاییک، کاشی و سرامیک,price_index,1411.1,index points,1390,,جدول7,ts_building_140404-14050319105758.xlsx
1401-Q2,1401,2,تابستان,گروه موزاییک، کاشی و سرامیک,price_index,1441.9,index points,1390,,جدول7,ts_building_140404-14050319105758.xlsx
1401-Q3,1401,3,پاییز,گروه موزاییک، کاشی و سرامیک,price_index,1480.2,index points,1390,,جدول7,ts_building_140404-14050319105758.xlsx
1401-Q4,1401,4,زمستان,گروه موزاییک، کاشی و سرامیک,price_index,1626.1,index points,1390,,جدول7,ts_building_140404-14050319105758.xlsx
1402-Q1,1402,1,بهار,گروه موزاییک، کاشی و سرامیک,price_index,1882.9,index points,1390,,جدول7,ts_building_140404-14050319105758.xlsx
1402-Q2,1402,2,تابستان,گروه موزاییک، کاشی و سرامیک,price_index,2006.2,index points,1390,,جدول7,ts_building_140404-14050319105758.xlsx
1402-Q3,1402,3,پاییز,گروه موزاییک، کاشی و سرامیک,price_index,2084.4,index points,1390,,جدول7,ts_building_140404-14050319105758.xlsx
1402-Q4,1402,4,زمستان,گروه موزاییک، کاشی و سرامیک,price_index,2325.6,index points,1390,,جدول7,ts_building_140404-14050319105758.xlsx
1403-Q1,1403,1,بهار,گروه موزاییک، کاشی و سرامیک,price_index,2611.7,index points,1390,,جدول7,ts_building_140404-14050319105758.xlsx
1403-Q2,1403,2,تابستان,گروه موزاییک، کاشی و سرامیک,price_index,2762.8,index points,1390,,جدول7,ts_building_140404-14050319105758.xlsx
1403-Q3,1403,3,پاییز,گروه موزاییک، کاشی و سرامیک,price_index,2860.8,index points,1390,,جدول7,ts_building_140404-14050319105758.xlsx
1403-Q4,1403,4,زمستان,گروه موزاییک، کاشی و سرامیک,price_index,3319.3,index points,1390,,جدول7,ts_building_140404-14050319105758.xlsx
1404-Q1,1404,1,بهار,گروه موزاییک، کاشی و سرامیک,price_index,3856.8,index points,1390,,جدول7,ts_building_140404-14050319105758.xlsx
1390-Q1,1390,1,بهار,گروه سنگ,price_index,97.3425313090803,index points,1390,,جدول7,ts_building_140404-14050319105758.xlsx
1390-Q2,1390,2,تابستان,گروه سنگ,price_index,97.7557693742235,index points,1390,,جدول7,ts_building_140404-14050319105758.xlsx
1390-Q3,1390,3,پاییز,گروه سنگ,price_index,100.420839599183,index points,1390,,جدول7,ts_building_140404-14050319105758.xlsx
1390-Q4,1390,4,زمستان,گروه سنگ,price_index,104.480859717513,index points,1390,,جدول7,ts_building_140404-14050319105758.xlsx
1391-Q1,1391,1,بهار,گروه سنگ,price_index,116.92078798117,index points,1390,,جدول7,ts_building_140404-14050319105758.xlsx
1391-Q2,1391,2,تابستان,گروه سنگ,price_index,122.300036891897,index points,1390,,جدول7,ts_building_140404-14050319105758.xlsx
1391-Q3,1391,3,پاییز,گروه سنگ,price_index,146.895988422804,index points,1390,,جدول7,ts_building_140404-14050319105758.xlsx
1391-Q4,1391,4,زمستان,گروه سنگ,price_index,156.418966148325,index points,1390,,جدول7,ts_building_140404-14050319105758.xlsx
1392-Q1,1392,1,بهار,گروه سنگ,price_index,179.365095572229,index points,1390,,جدول7,ts_building_140404-14050319105758.xlsx
1392-Q2,1392,2,تابستان,گروه سنگ,price_index,188.364953705361,index points,1390,,جدول7,ts_building_140404-14050319105758.xlsx
1392-Q3,1392,3,پاییز,گروه سنگ,price_index,190.374780611595,index points,1390,,جدول7,ts_building_140404-14050319105758.xlsx
1392-Q4,1392,4,زمستان,گروه سنگ,price_index,190.322414345412,index points,1390,,جدول7,ts_building_140404-14050319105758.xlsx
1393-Q1,1393,1,بهار,گروه سنگ,price_index,203.66135703777,index points,1390,,جدول7,ts_building_140404-14050319105758.xlsx
1393-Q2,1393,2,تابستان,گروه سنگ,price_index,208.674289849126,index points,1390,,جدول7,ts_building_140404-14050319105758.xlsx
1393-Q3,1393,3,پاییز,گروه سنگ,price_index,210.255603226159,index points,1390,,جدول7,ts_building_140404-14050319105758.xlsx
1393-Q4,1393,4,زمستان,گروه سنگ,price_index,207.007309188607,index points,1390,,جدول7,ts_building_140404-14050319105758.xlsx
1394-Q1,1394,1,بهار,گروه سنگ,price_index,207.3371838628,index points,1390,,جدول7,ts_building_140404-14050319105758.xlsx
1394-Q2,1394,2,تابستان,گروه سنگ,price_index,207.329374031739,index points,1390,,جدول7,ts_building_140404-14050319105758.xlsx
1394-Q3,1394,3,پاییز,گروه سنگ,price_index,205.989903832181,index points,1390,,جدول7,ts_building_140404-14050319105758.xlsx
1394-Q4,1394,4,زمستان,گروه سنگ,price_index,206.264778498317,index points,1390,,جدول7,ts_building_140404-14050319105758.xlsx
1395-Q1,1395,1,بهار,گروه سنگ,price_index,205.959032352657,index points,1390,,جدول7,ts_building_140404-14050319105758.xlsx
1395-Q2,1395,2,تابستان,گروه سنگ,price_index,208.016521862001,index points,1390,,جدول7,ts_building_140404-14050319105758.xlsx
1395-Q3,1395,3,پاییز,گروه سنگ,price_index,208.132709024634,index points,1390,,جدول7,ts_building_140404-14050319105758.xlsx
1395-Q4,1395,4,زمستان,گروه سنگ,price_index,206.150749721199,index points,1390,,جدول7,ts_building_140404-14050319105758.xlsx
1396-Q1,1396,1,بهار,گروه سنگ,price_index,205.9,index points,1390,,جدول7,ts_building_140404-14050319105758.xlsx
1396-Q2,1396,2,تابستان,گروه سنگ,price_index,205,index points,1390,,جدول7,ts_building_140404-14050319105758.xlsx
1396-Q3,1396,3,پاییز,گروه سنگ,price_index,207,index points,1390,,جدول7,ts_building_140404-14050319105758.xlsx
1396-Q4,1396,4,زمستان,گروه سنگ,price_index,206.8,index points,1390,,جدول7,ts_building_140404-14050319105758.xlsx
1397-Q1,1397,1,بهار,گروه سنگ,price_index,220.61,index points,1390,,جدول7,ts_building_140404-14050319105758.xlsx
1397-Q2,1397,2,تابستان,گروه سنگ,price_index,251.88,index points,1390,,جدول7,ts_building_140404-14050319105758.xlsx
1397-Q3,1397,3,پاییز,گروه سنگ,price_index,287.648071106987,index points,1390,,جدول7,ts_building_140404-14050319105758.xlsx
1397-Q4,1397,4,زمستان,گروه سنگ,price_index,294.31,index points,1390,,جدول7,ts_building_140404-14050319105758.xlsx
1398-Q1,1398,1,بهار,گروه سنگ,price_index,327.73,index points,1390,,جدول7,ts_building_140404-14050319105758.xlsx
1398-Q2,1398,2,تابستان,گروه سنگ,price_index,340.6909029155,index points,1390,,جدول7,ts_building_140404-14050319105758.xlsx
1398-Q3,1398,3,پاییز,گروه سنگ,price_index,374.417371194086,index points,1390,,جدول7,ts_building_140404-14050319105758.xlsx
1398-Q4,1398,4,زمستان,گروه سنگ,price_index,376.798275489638,index points,1390,,جدول7,ts_building_140404-14050319105758.xlsx
1399-Q1,1399,1,بهار,گروه سنگ,price_index,466.9,index points,1390,,جدول7,ts_building_140404-14050319105758.xlsx
1399-Q2,1399,2,تابستان,گروه سنگ,price_index,602.965498020126,index points,1390,,جدول7,ts_building_140404-14050319105758.xlsx
1399-Q3,1399,3,پاییز,گروه سنگ,price_index,789.7,index points,1390,,جدول7,ts_building_140404-14050319105758.xlsx
1399-Q4,1399,4,زمستان,گروه سنگ,price_index,903.9,index points,1390,,جدول7,ts_building_140404-14050319105758.xlsx
1400-Q1,1400,1,بهار,گروه سنگ,price_index,1137.93720391958,index points,1390,,جدول7,ts_building_140404-14050319105758.xlsx
1400-Q2,1400,2,تابستان,گروه سنگ,price_index,1211.2,index points,1390,,جدول7,ts_building_140404-14050319105758.xlsx
1400-Q3,1400,3,پاییز,گروه سنگ,price_index,1317,index points,1390,,جدول7,ts_building_140404-14050319105758.xlsx
1400-Q4,1400,4,زمستان,گروه سنگ,price_index,1361.5,index points,1390,,جدول7,ts_building_140404-14050319105758.xlsx
1401-Q1,1401,1,بهار,گروه سنگ,price_index,1509.4,index points,1390,,جدول7,ts_building_140404-14050319105758.xlsx
1401-Q2,1401,2,تابستان,گروه سنگ,price_index,1593.1,index points,1390,,جدول7,ts_building_140404-14050319105758.xlsx
1401-Q3,1401,3,پاییز,گروه سنگ,price_index,1645.6,index points,1390,,جدول7,ts_building_140404-14050319105758.xlsx
1401-Q4,1401,4,زمستان,گروه سنگ,price_index,1886.5,index points,1390,,جدول7,ts_building_140404-14050319105758.xlsx
1402-Q1,1402,1,بهار,گروه سنگ,price_index,2080.2,index points,1390,,جدول7,ts_building_140404-14050319105758.xlsx
1402-Q2,1402,2,تابستان,گروه سنگ,price_index,2128.2,index points,1390,,جدول7,ts_building_140404-14050319105758.xlsx
1402-Q3,1402,3,پاییز,گروه سنگ,price_index,2140.1,index points,1390,,جدول7,ts_building_140404-14050319105758.xlsx
1402-Q4,1402,4,زمستان,گروه سنگ,price_index,2287.6,index points,1390,,جدول7,ts_building_140404-14050319105758.xlsx
1403-Q1,1403,1,بهار,گروه سنگ,price_index,2496.3,index points,1390,,جدول7,ts_building_140404-14050319105758.xlsx
1403-Q2,1403,2,تابستان,گروه سنگ,price_index,2683.2,index points,1390,,جدول7,ts_building_140404-14050319105758.xlsx
1403-Q3,1403,3,پاییز,گروه سنگ,price_index,2830.7,index points,1390,,جدول7,ts_building_140404-14050319105758.xlsx
1403-Q4,1403,4,زمستان,گروه سنگ,price_index,3266.6,index points,1390,,جدول7,ts_building_140404-14050319105758.xlsx
1404-Q1,1404,1,بهار,گروه سنگ,price_index,3999.1,index points,1390,,جدول7,ts_building_140404-14050319105758.xlsx
1390-Q1,1390,1,بهار,گروه آهن‌آلات میلگرد، پروفیل درب و پنجره و نرده,price_index,95.3378610904867,index points,1390,,جدول7,ts_building_140404-14050319105758.xlsx
1390-Q2,1390,2,تابستان,گروه آهن‌آلات میلگرد، پروفیل درب و پنجره و نرده,price_index,94.5339714456036,index points,1390,,جدول7,ts_building_140404-14050319105758.xlsx
1390-Q3,1390,3,پاییز,گروه آهن‌آلات میلگرد، پروفیل درب و پنجره و نرده,price_index,94.8796115087857,index points,1390,,جدول7,ts_building_140404-14050319105758.xlsx
1390-Q4,1390,4,زمستان,گروه آهن‌آلات میلگرد، پروفیل درب و پنجره و نرده,price_index,115.248555955124,index points,1390,,جدول7,ts_building_140404-14050319105758.xlsx
1391-Q1,1391,1,بهار,گروه آهن‌آلات میلگرد، پروفیل درب و پنجره و نرده,price_index,114.556236405775,index points,1390,,جدول7,ts_building_140404-14050319105758.xlsx
1391-Q2,1391,2,تابستان,گروه آهن‌آلات میلگرد، پروفیل درب و پنجره و نرده,price_index,155.280006777334,index points,1390,,جدول7,ts_building_140404-14050319105758.xlsx
1391-Q3,1391,3,پاییز,گروه آهن‌آلات میلگرد، پروفیل درب و پنجره و نرده,price_index,152.076591727871,index points,1390,,جدول7,ts_building_140404-14050319105758.xlsx
1391-Q4,1391,4,زمستان,گروه آهن‌آلات میلگرد، پروفیل درب و پنجره و نرده,price_index,163.181015528149,index points,1390,,جدول7,ts_building_140404-14050319105758.xlsx
1392-Q1,1392,1,بهار,گروه آهن‌آلات میلگرد، پروفیل درب و پنجره و نرده,price_index,174.240529974003,index points,1390,,جدول7,ts_building_140404-14050319105758.xlsx
1392-Q2,1392,2,تابستان,گروه آهن‌آلات میلگرد، پروفیل درب و پنجره و نرده,price_index,168.664759435332,index points,1390,,جدول7,ts_building_140404-14050319105758.xlsx
1392-Q3,1392,3,پاییز,گروه آهن‌آلات میلگرد، پروفیل درب و پنجره و نرده,price_index,155.563677029152,index points,1390,,جدول7,ts_building_140404-14050319105758.xlsx
1392-Q4,1392,4,زمستان,گروه آهن‌آلات میلگرد، پروفیل درب و پنجره و نرده,price_index,163.360883525445,index points,1390,,جدول7,ts_building_140404-14050319105758.xlsx
1393-Q1,1393,1,بهار,گروه آهن‌آلات میلگرد، پروفیل درب و پنجره و نرده,price_index,165.664714993407,index points,1390,,جدول7,ts_building_140404-14050319105758.xlsx
1393-Q2,1393,2,تابستان,گروه آهن‌آلات میلگرد، پروفیل درب و پنجره و نرده,price_index,165.362121857644,index points,1390,,جدول7,ts_building_140404-14050319105758.xlsx
1393-Q3,1393,3,پاییز,گروه آهن‌آلات میلگرد، پروفیل درب و پنجره و نرده,price_index,161.118188165172,index points,1390,,جدول7,ts_building_140404-14050319105758.xlsx
1393-Q4,1393,4,زمستان,گروه آهن‌آلات میلگرد، پروفیل درب و پنجره و نرده,price_index,138.036834408961,index points,1390,,جدول7,ts_building_140404-14050319105758.xlsx
1394-Q1,1394,1,بهار,گروه آهن‌آلات میلگرد، پروفیل درب و پنجره و نرده,price_index,133.201598612403,index points,1390,,جدول7,ts_building_140404-14050319105758.xlsx
1394-Q2,1394,2,تابستان,گروه آهن‌آلات میلگرد، پروفیل درب و پنجره و نرده,price_index,128.24738933298,index points,1390,,جدول7,ts_building_140404-14050319105758.xlsx
1394-Q3,1394,3,پاییز,گروه آهن‌آلات میلگرد، پروفیل درب و پنجره و نرده,price_index,118.460425191214,index points,1390,,جدول7,ts_building_140404-14050319105758.xlsx
1394-Q4,1394,4,زمستان,گروه آهن‌آلات میلگرد، پروفیل درب و پنجره و نرده,price_index,115.667953171079,index points,1390,,جدول7,ts_building_140404-14050319105758.xlsx
1395-Q1,1395,1,بهار,گروه آهن‌آلات میلگرد، پروفیل درب و پنجره و نرده,price_index,130.569554817065,index points,1390,,جدول7,ts_building_140404-14050319105758.xlsx
1395-Q2,1395,2,تابستان,گروه آهن‌آلات میلگرد، پروفیل درب و پنجره و نرده,price_index,134.206280044281,index points,1390,,جدول7,ts_building_140404-14050319105758.xlsx
1395-Q3,1395,3,پاییز,گروه آهن‌آلات میلگرد، پروفیل درب و پنجره و نرده,price_index,152.735914064066,index points,1390,,جدول7,ts_building_140404-14050319105758.xlsx
1395-Q4,1395,4,زمستان,گروه آهن‌آلات میلگرد، پروفیل درب و پنجره و نرده,price_index,144.206437917884,index points,1390,,جدول7,ts_building_140404-14050319105758.xlsx
1396-Q1,1396,1,بهار,گروه آهن‌آلات میلگرد، پروفیل درب و پنجره و نرده,price_index,148.7,index points,1390,,جدول7,ts_building_140404-14050319105758.xlsx
1396-Q2,1396,2,تابستان,گروه آهن‌آلات میلگرد، پروفیل درب و پنجره و نرده,price_index,190.1,index points,1390,,جدول7,ts_building_140404-14050319105758.xlsx
1396-Q3,1396,3,پاییز,گروه آهن‌آلات میلگرد، پروفیل درب و پنجره و نرده,price_index,196.8,index points,1390,,جدول7,ts_building_140404-14050319105758.xlsx
1396-Q4,1396,4,زمستان,گروه آهن‌آلات میلگرد، پروفیل درب و پنجره و نرده,price_index,210.8,index points,1390,,جدول7,ts_building_140404-14050319105758.xlsx
1397-Q1,1397,1,بهار,گروه آهن‌آلات میلگرد، پروفیل درب و پنجره و نرده,price_index,255.43,index points,1390,,جدول7,ts_building_140404-14050319105758.xlsx
1397-Q2,1397,2,تابستان,گروه آهن‌آلات میلگرد، پروفیل درب و پنجره و نرده,price_index,370.5,index points,1390,,جدول7,ts_building_140404-14050319105758.xlsx
1397-Q3,1397,3,پاییز,گروه آهن‌آلات میلگرد، پروفیل درب و پنجره و نرده,price_index,328.858143403347,index points,1390,,جدول7,ts_building_140404-14050319105758.xlsx
1397-Q4,1397,4,زمستان,گروه آهن‌آلات میلگرد، پروفیل درب و پنجره و نرده,price_index,396.02,index points,1390,,جدول7,ts_building_140404-14050319105758.xlsx
1398-Q1,1398,1,بهار,گروه آهن‌آلات میلگرد، پروفیل درب و پنجره و نرده,price_index,405.5,index points,1390,,جدول7,ts_building_140404-14050319105758.xlsx
1398-Q2,1398,2,تابستان,گروه آهن‌آلات میلگرد، پروفیل درب و پنجره و نرده,price_index,368.256566138211,index points,1390,,جدول7,ts_building_140404-14050319105758.xlsx
1398-Q3,1398,3,پاییز,گروه آهن‌آلات میلگرد، پروفیل درب و پنجره و نرده,price_index,409.754752823961,index points,1390,,جدول7,ts_building_140404-14050319105758.xlsx
1398-Q4,1398,4,زمستان,گروه آهن‌آلات میلگرد، پروفیل درب و پنجره و نرده,price_index,551.933602431388,index points,1390,,جدول7,ts_building_140404-14050319105758.xlsx
1399-Q1,1399,1,بهار,گروه آهن‌آلات میلگرد، پروفیل درب و پنجره و نرده,price_index,611.6,index points,1390,,جدول7,ts_building_140404-14050319105758.xlsx
1399-Q2,1399,2,تابستان,گروه آهن‌آلات میلگرد، پروفیل درب و پنجره و نرده,price_index,1002.45044418827,index points,1390,,جدول7,ts_building_140404-14050319105758.xlsx
1399-Q3,1399,3,پاییز,گروه آهن‌آلات میلگرد، پروفیل درب و پنجره و نرده,price_index,1079.5,index points,1390,,جدول7,ts_building_140404-14050319105758.xlsx
1399-Q4,1399,4,زمستان,گروه آهن‌آلات میلگرد، پروفیل درب و پنجره و نرده,price_index,1117.4,index points,1390,,جدول7,ts_building_140404-14050319105758.xlsx
1400-Q1,1400,1,بهار,گروه آهن‌آلات میلگرد، پروفیل درب و پنجره و نرده,price_index,1347.17440791546,index points,1390,,جدول7,ts_building_140404-14050319105758.xlsx
1400-Q2,1400,2,تابستان,گروه آهن‌آلات میلگرد، پروفیل درب و پنجره و نرده,price_index,1385.2,index points,1390,,جدول7,ts_building_140404-14050319105758.xlsx
1400-Q3,1400,3,پاییز,گروه آهن‌آلات میلگرد، پروفیل درب و پنجره و نرده,price_index,1414,index points,1390,,جدول7,ts_building_140404-14050319105758.xlsx
1400-Q4,1400,4,زمستان,گروه آهن‌آلات میلگرد، پروفیل درب و پنجره و نرده,price_index,1431,index points,1390,,جدول7,ts_building_140404-14050319105758.xlsx
1401-Q1,1401,1,بهار,گروه آهن‌آلات میلگرد، پروفیل درب و پنجره و نرده,price_index,1592.7,index points,1390,,جدول7,ts_building_140404-14050319105758.xlsx
1401-Q2,1401,2,تابستان,گروه آهن‌آلات میلگرد، پروفیل درب و پنجره و نرده,price_index,1379.9,index points,1390,,جدول7,ts_building_140404-14050319105758.xlsx
1401-Q3,1401,3,پاییز,گروه آهن‌آلات میلگرد، پروفیل درب و پنجره و نرده,price_index,1629.3,index points,1390,,جدول7,ts_building_140404-14050319105758.xlsx
1401-Q4,1401,4,زمستان,گروه آهن‌آلات میلگرد، پروفیل درب و پنجره و نرده,price_index,2444,index points,1390,,جدول7,ts_building_140404-14050319105758.xlsx
1402-Q1,1402,1,بهار,گروه آهن‌آلات میلگرد، پروفیل درب و پنجره و نرده,price_index,2371.3,index points,1390,,جدول7,ts_building_140404-14050319105758.xlsx
1402-Q2,1402,2,تابستان,گروه آهن‌آلات میلگرد، پروفیل درب و پنجره و نرده,price_index,2216.6,index points,1390,,جدول7,ts_building_140404-14050319105758.xlsx
1402-Q3,1402,3,پاییز,گروه آهن‌آلات میلگرد، پروفیل درب و پنجره و نرده,price_index,2111.1,index points,1390,,جدول7,ts_building_140404-14050319105758.xlsx
1402-Q4,1402,4,زمستان,گروه آهن‌آلات میلگرد، پروفیل درب و پنجره و نرده,price_index,2524.3,index points,1390,,جدول7,ts_building_140404-14050319105758.xlsx
1403-Q1,1403,1,بهار,گروه آهن‌آلات میلگرد، پروفیل درب و پنجره و نرده,price_index,2390.6,index points,1390,,جدول7,ts_building_140404-14050319105758.xlsx
1403-Q2,1403,2,تابستان,گروه آهن‌آلات میلگرد، پروفیل درب و پنجره و نرده,price_index,2453.8,index points,1390,,جدول7,ts_building_140404-14050319105758.xlsx
1403-Q3,1403,3,پاییز,گروه آهن‌آلات میلگرد، پروفیل درب و پنجره و نرده,price_index,2613.2,index points,1390,,جدول7,ts_building_140404-14050319105758.xlsx
1403-Q4,1403,4,زمستان,گروه آهن‌آلات میلگرد، پروفیل درب و پنجره و نرده,price_index,3023.8,index points,1390,,جدول7,ts_building_140404-14050319105758.xlsx
1404-Q1,1404,1,بهار,گروه آهن‌آلات میلگرد، پروفیل درب و پنجره و نرده,price_index,3115.5,index points,1390,,جدول7,ts_building_140404-14050319105758.xlsx
1390-Q1,1390,1,بهار,گروه چوب,price_index,93.9582471523889,index points,1390,,جدول7,ts_building_140404-14050319105758.xlsx
1390-Q2,1390,2,تابستان,گروه چوب,price_index,95.502689574321,index points,1390,,جدول7,ts_building_140404-14050319105758.xlsx
1390-Q3,1390,3,پاییز,گروه چوب,price_index,100.535843631607,index points,1390,,جدول7,ts_building_140404-14050319105758.xlsx
1390-Q4,1390,4,زمستان,گروه چوب,price_index,110.003219641684,index points,1390,,جدول7,ts_building_140404-14050319105758.xlsx
1391-Q1,1391,1,بهار,گروه چوب,price_index,119.428416215146,index points,1390,,جدول7,ts_building_140404-14050319105758.xlsx
1391-Q2,1391,2,تابستان,گروه چوب,price_index,129.452207495553,index points,1390,,جدول7,ts_building_140404-14050319105758.xlsx
1391-Q3,1391,3,پاییز,گروه چوب,price_index,155.505715510256,index points,1390,,جدول7,ts_building_140404-14050319105758.xlsx
1391-Q4,1391,4,زمستان,گروه چوب,price_index,167.727293930449,index points,1390,,جدول7,ts_building_140404-14050319105758.xlsx
1392-Q1,1392,1,بهار,گروه چوب,price_index,180.109640762704,index points,1390,,جدول7,ts_building_140404-14050319105758.xlsx
1392-Q2,1392,2,تابستان,گروه چوب,price_index,181.064564718188,index points,1390,,جدول7,ts_building_140404-14050319105758.xlsx
1392-Q3,1392,3,پاییز,گروه چوب,price_index,170.67717461167,index points,1390,,جدول7,ts_building_140404-14050319105758.xlsx
1392-Q4,1392,4,زمستان,گروه چوب,price_index,169.597113592281,index points,1390,,جدول7,ts_building_140404-14050319105758.xlsx
1393-Q1,1393,1,بهار,گروه چوب,price_index,174.725001515499,index points,1390,,جدول7,ts_building_140404-14050319105758.xlsx
1393-Q2,1393,2,تابستان,گروه چوب,price_index,212.28971425568,index points,1390,,جدول7,ts_building_140404-14050319105758.xlsx
1393-Q3,1393,3,پاییز,گروه چوب,price_index,214.068229454361,index points,1390,,جدول7,ts_building_140404-14050319105758.xlsx
1393-Q4,1393,4,زمستان,گروه چوب,price_index,164.235049317172,index points,1390,,جدول7,ts_building_140404-14050319105758.xlsx
1394-Q1,1394,1,بهار,گروه چوب,price_index,164.83753141527,index points,1390,,جدول7,ts_building_140404-14050319105758.xlsx
1394-Q2,1394,2,تابستان,گروه چوب,price_index,165.439812713268,index points,1390,,جدول7,ts_building_140404-14050319105758.xlsx
1394-Q3,1394,3,پاییز,گروه چوب,price_index,168.114307970862,index points,1390,,جدول7,ts_building_140404-14050319105758.xlsx
1394-Q4,1394,4,زمستان,گروه چوب,price_index,168.760713305849,index points,1390,,جدول7,ts_building_140404-14050319105758.xlsx
1395-Q1,1395,1,بهار,گروه چوب,price_index,172.486099044095,index points,1390,,جدول7,ts_building_140404-14050319105758.xlsx
1395-Q2,1395,2,تابستان,گروه چوب,price_index,175.653377937699,index points,1390,,جدول7,ts_building_140404-14050319105758.xlsx
1395-Q3,1395,3,پاییز,گروه چوب,price_index,184.047902337363,index points,1390,,جدول7,ts_building_140404-14050319105758.xlsx
1395-Q4,1395,4,زمستان,گروه چوب,price_index,184.733785884344,index points,1390,,جدول7,ts_building_140404-14050319105758.xlsx
1396-Q1,1396,1,بهار,گروه چوب,price_index,188.1,index points,1390,,جدول7,ts_building_140404-14050319105758.xlsx
1396-Q2,1396,2,تابستان,گروه چوب,price_index,195.7,index points,1390,,جدول7,ts_building_140404-14050319105758.xlsx
1396-Q3,1396,3,پاییز,گروه چوب,price_index,207.5,index points,1390,,جدول7,ts_building_140404-14050319105758.xlsx
1396-Q4,1396,4,زمستان,گروه چوب,price_index,215.4,index points,1390,,جدول7,ts_building_140404-14050319105758.xlsx
1397-Q1,1397,1,بهار,گروه چوب,price_index,247.9,index points,1390,,جدول7,ts_building_140404-14050319105758.xlsx
1397-Q2,1397,2,تابستان,گروه چوب,price_index,407.32,index points,1390,,جدول7,ts_building_140404-14050319105758.xlsx
1397-Q3,1397,3,پاییز,گروه چوب,price_index,443.524560587044,index points,1390,,جدول7,ts_building_140404-14050319105758.xlsx
1397-Q4,1397,4,زمستان,گروه چوب,price_index,506.51,index points,1390,,جدول7,ts_building_140404-14050319105758.xlsx
1398-Q1,1398,1,بهار,گروه چوب,price_index,564.53,index points,1390,,جدول7,ts_building_140404-14050319105758.xlsx
1398-Q2,1398,2,تابستان,گروه چوب,price_index,550.058008964085,index points,1390,,جدول7,ts_building_140404-14050319105758.xlsx
1398-Q3,1398,3,پاییز,گروه چوب,price_index,561.290978118992,index points,1390,,جدول7,ts_building_140404-14050319105758.xlsx
1398-Q4,1398,4,زمستان,گروه چوب,price_index,604.205136005766,index points,1390,,جدول7,ts_building_140404-14050319105758.xlsx
1399-Q1,1399,1,بهار,گروه چوب,price_index,658.5,index points,1390,,جدول7,ts_building_140404-14050319105758.xlsx
1399-Q2,1399,2,تابستان,گروه چوب,price_index,886.373792285175,index points,1390,,جدول7,ts_building_140404-14050319105758.xlsx
1399-Q3,1399,3,پاییز,گروه چوب,price_index,1165.6,index points,1390,,جدول7,ts_building_140404-14050319105758.xlsx
1399-Q4,1399,4,زمستان,گروه چوب,price_index,1221.4,index points,1390,,جدول7,ts_building_140404-14050319105758.xlsx
1400-Q1,1400,1,بهار,گروه چوب,price_index,1358.92694300513,index points,1390,,جدول7,ts_building_140404-14050319105758.xlsx
1400-Q2,1400,2,تابستان,گروه چوب,price_index,1446.1,index points,1390,,جدول7,ts_building_140404-14050319105758.xlsx
1400-Q3,1400,3,پاییز,گروه چوب,price_index,1530.6,index points,1390,,جدول7,ts_building_140404-14050319105758.xlsx
1400-Q4,1400,4,زمستان,گروه چوب,price_index,1630.7,index points,1390,,جدول7,ts_building_140404-14050319105758.xlsx
1401-Q1,1401,1,بهار,گروه چوب,price_index,1867,index points,1390,,جدول7,ts_building_140404-14050319105758.xlsx
1401-Q2,1401,2,تابستان,گروه چوب,price_index,1899.2,index points,1390,,جدول7,ts_building_140404-14050319105758.xlsx
1401-Q3,1401,3,پاییز,گروه چوب,price_index,1975,index points,1390,,جدول7,ts_building_140404-14050319105758.xlsx
1401-Q4,1401,4,زمستان,گروه چوب,price_index,2367.8,index points,1390,,جدول7,ts_building_140404-14050319105758.xlsx
1402-Q1,1402,1,بهار,گروه چوب,price_index,2607.2,index points,1390,,جدول7,ts_building_140404-14050319105758.xlsx
1402-Q2,1402,2,تابستان,گروه چوب,price_index,2749.3,index points,1390,,جدول7,ts_building_140404-14050319105758.xlsx
1402-Q3,1402,3,پاییز,گروه چوب,price_index,2749.8,index points,1390,,جدول7,ts_building_140404-14050319105758.xlsx
1402-Q4,1402,4,زمستان,گروه چوب,price_index,2758.5,index points,1390,,جدول7,ts_building_140404-14050319105758.xlsx
1403-Q1,1403,1,بهار,گروه چوب,price_index,2943.8,index points,1390,,جدول7,ts_building_140404-14050319105758.xlsx
1403-Q2,1403,2,تابستان,گروه چوب,price_index,3102.1,index points,1390,,جدول7,ts_building_140404-14050319105758.xlsx
1403-Q3,1403,3,پاییز,گروه چوب,price_index,3344.6,index points,1390,,جدول7,ts_building_140404-14050319105758.xlsx
1403-Q4,1403,4,زمستان,گروه چوب,price_index,3627.6,index points,1390,,جدول7,ts_building_140404-14050319105758.xlsx
1404-Q1,1404,1,بهار,گروه چوب,price_index,4624.1,index points,1390,,جدول7,ts_building_140404-14050319105758.xlsx
1390-Q1,1390,1,بهار,گروه ایزوگام و قیرگونی آسفالت,price_index,89.4405182779931,index points,1390,,جدول7,ts_building_140404-14050319105758.xlsx
1390-Q2,1390,2,تابستان,گروه ایزوگام و قیرگونی آسفالت,price_index,97.6426740995424,index points,1390,,جدول7,ts_building_140404-14050319105758.xlsx
1390-Q3,1390,3,پاییز,گروه ایزوگام و قیرگونی آسفالت,price_index,102.679894362098,index points,1390,,جدول7,ts_building_140404-14050319105758.xlsx
1390-Q4,1390,4,زمستان,گروه ایزوگام و قیرگونی آسفالت,price_index,110.236913260367,index points,1390,,جدول7,ts_building_140404-14050319105758.xlsx
1391-Q1,1391,1,بهار,گروه ایزوگام و قیرگونی آسفالت,price_index,122.481332185902,index points,1390,,جدول7,ts_building_140404-14050319105758.xlsx
1391-Q2,1391,2,تابستان,گروه ایزوگام و قیرگونی آسفالت,price_index,135.516909807406,index points,1390,,جدول7,ts_building_140404-14050319105758.xlsx
1391-Q3,1391,3,پاییز,گروه ایزوگام و قیرگونی آسفالت,price_index,158.632574666673,index points,1390,,جدول7,ts_building_140404-14050319105758.xlsx
1391-Q4,1391,4,زمستان,گروه ایزوگام و قیرگونی آسفالت,price_index,199.66020326825,index points,1390,,جدول7,ts_building_140404-14050319105758.xlsx
1392-Q1,1392,1,بهار,گروه ایزوگام و قیرگونی آسفالت,price_index,198.904208799331,index points,1390,,جدول7,ts_building_140404-14050319105758.xlsx
1392-Q2,1392,2,تابستان,گروه ایزوگام و قیرگونی آسفالت,price_index,196.758804119069,index points,1390,,جدول7,ts_building_140404-14050319105758.xlsx
1392-Q3,1392,3,پاییز,گروه ایزوگام و قیرگونی آسفالت,price_index,194.713833454772,index points,1390,,جدول7,ts_building_140404-14050319105758.xlsx
1392-Q4,1392,4,زمستان,گروه ایزوگام و قیرگونی آسفالت,price_index,194.613597617191,index points,1390,,جدول7,ts_building_140404-14050319105758.xlsx
1393-Q1,1393,1,بهار,گروه ایزوگام و قیرگونی آسفالت,price_index,205.485757708377,index points,1390,,جدول7,ts_building_140404-14050319105758.xlsx
1393-Q2,1393,2,تابستان,گروه ایزوگام و قیرگونی آسفالت,price_index,205.408859588445,index points,1390,,جدول7,ts_building_140404-14050319105758.xlsx
1393-Q3,1393,3,پاییز,گروه ایزوگام و قیرگونی آسفالت,price_index,197.103312103474,index points,1390,,جدول7,ts_building_140404-14050319105758.xlsx
1393-Q4,1393,4,زمستان,گروه ایزوگام و قیرگونی آسفالت,price_index,199.944778913486,index points,1390,,جدول7,ts_building_140404-14050319105758.xlsx
1394-Q1,1394,1,بهار,گروه ایزوگام و قیرگونی آسفالت,price_index,201.909012427914,index points,1390,,جدول7,ts_building_140404-14050319105758.xlsx
1394-Q2,1394,2,تابستان,گروه ایزوگام و قیرگونی آسفالت,price_index,196.924421054415,index points,1390,,جدول7,ts_building_140404-14050319105758.xlsx
1394-Q3,1394,3,پاییز,گروه ایزوگام و قیرگونی آسفالت,price_index,198.136732572014,index points,1390,,جدول7,ts_building_140404-14050319105758.xlsx
1394-Q4,1394,4,زمستان,گروه ایزوگام و قیرگونی آسفالت,price_index,183.485435692798,index points,1390,,جدول7,ts_building_140404-14050319105758.xlsx
1395-Q1,1395,1,بهار,گروه ایزوگام و قیرگونی آسفالت,price_index,183.232681250876,index points,1390,,جدول7,ts_building_140404-14050319105758.xlsx
1395-Q2,1395,2,تابستان,گروه ایزوگام و قیرگونی آسفالت,price_index,187.956610234156,index points,1390,,جدول7,ts_building_140404-14050319105758.xlsx
1395-Q3,1395,3,پاییز,گروه ایزوگام و قیرگونی آسفالت,price_index,195.012892791473,index points,1390,,جدول7,ts_building_140404-14050319105758.xlsx
1395-Q4,1395,4,زمستان,گروه ایزوگام و قیرگونی آسفالت,price_index,193.926048441736,index points,1390,,جدول7,ts_building_140404-14050319105758.xlsx
1396-Q1,1396,1,بهار,گروه ایزوگام و قیرگونی آسفالت,price_index,196.7,index points,1390,,جدول7,ts_building_140404-14050319105758.xlsx
1396-Q2,1396,2,تابستان,گروه ایزوگام و قیرگونی آسفالت,price_index,189.7,index points,1390,,جدول7,ts_building_140404-14050319105758.xlsx
1396-Q3,1396,3,پاییز,گروه ایزوگام و قیرگونی آسفالت,price_index,210.6,index points,1390,,جدول7,ts_building_140404-14050319105758.xlsx
1396-Q4,1396,4,زمستان,گروه ایزوگام و قیرگونی آسفالت,price_index,227.4,index points,1390,,جدول7,ts_building_140404-14050319105758.xlsx
1397-Q1,1397,1,بهار,گروه ایزوگام و قیرگونی آسفالت,price_index,263.74,index points,1390,,جدول7,ts_building_140404-14050319105758.xlsx
1397-Q2,1397,2,تابستان,گروه ایزوگام و قیرگونی آسفالت,price_index,510.67,index points,1390,,جدول7,ts_building_140404-14050319105758.xlsx
1397-Q3,1397,3,پاییز,گروه ایزوگام و قیرگونی آسفالت,price_index,542.390468490364,index points,1390,,جدول7,ts_building_140404-14050319105758.xlsx
1397-Q4,1397,4,زمستان,گروه ایزوگام و قیرگونی آسفالت,price_index,536.26,index points,1390,,جدول7,ts_building_140404-14050319105758.xlsx
1398-Q1,1398,1,بهار,گروه ایزوگام و قیرگونی آسفالت,price_index,569.49,index points,1390,,جدول7,ts_building_140404-14050319105758.xlsx
1398-Q2,1398,2,تابستان,گروه ایزوگام و قیرگونی آسفالت,price_index,556.45950896725,index points,1390,,جدول7,ts_building_140404-14050319105758.xlsx
1398-Q3,1398,3,پاییز,گروه ایزوگام و قیرگونی آسفالت,price_index,527.157246528006,index points,1390,,جدول7,ts_building_140404-14050319105758.xlsx
1398-Q4,1398,4,زمستان,گروه ایزوگام و قیرگونی آسفالت,price_index,559.663133215417,index points,1390,,جدول7,ts_building_140404-14050319105758.xlsx
1399-Q1,1399,1,بهار,گروه ایزوگام و قیرگونی آسفالت,price_index,627.9,index points,1390,,جدول7,ts_building_140404-14050319105758.xlsx
1399-Q2,1399,2,تابستان,گروه ایزوگام و قیرگونی آسفالت,price_index,854.545470857632,index points,1390,,جدول7,ts_building_140404-14050319105758.xlsx
1399-Q3,1399,3,پاییز,گروه ایزوگام و قیرگونی آسفالت,price_index,1178.2,index points,1390,,جدول7,ts_building_140404-14050319105758.xlsx
1399-Q4,1399,4,زمستان,گروه ایزوگام و قیرگونی آسفالت,price_index,1206.1,index points,1390,,جدول7,ts_building_140404-14050319105758.xlsx
1400-Q1,1400,1,بهار,گروه ایزوگام و قیرگونی آسفالت,price_index,1219.42353600768,index points,1390,,جدول7,ts_building_140404-14050319105758.xlsx
1400-Q2,1400,2,تابستان,گروه ایزوگام و قیرگونی آسفالت,price_index,1299.5,index points,1390,,جدول7,ts_building_140404-14050319105758.xlsx
1400-Q3,1400,3,پاییز,گروه ایزوگام و قیرگونی آسفالت,price_index,1480.2,index points,1390,,جدول7,ts_building_140404-14050319105758.xlsx
1400-Q4,1400,4,زمستان,گروه ایزوگام و قیرگونی آسفالت,price_index,1533.9,index points,1390,,جدول7,ts_building_140404-14050319105758.xlsx
1401-Q1,1401,1,بهار,گروه ایزوگام و قیرگونی آسفالت,price_index,1784.1,index points,1390,,جدول7,ts_building_140404-14050319105758.xlsx
1401-Q2,1401,2,تابستان,گروه ایزوگام و قیرگونی آسفالت,price_index,1810.6,index points,1390,,جدول7,ts_building_140404-14050319105758.xlsx
1401-Q3,1401,3,پاییز,گروه ایزوگام و قیرگونی آسفالت,price_index,1968.4,index points,1390,,جدول7,ts_building_140404-14050319105758.xlsx
1401-Q4,1401,4,زمستان,گروه ایزوگام و قیرگونی آسفالت,price_index,2421.8,index points,1390,,جدول7,ts_building_140404-14050319105758.xlsx
1402-Q1,1402,1,بهار,گروه ایزوگام و قیرگونی آسفالت,price_index,2612.9,index points,1390,,جدول7,ts_building_140404-14050319105758.xlsx
1402-Q2,1402,2,تابستان,گروه ایزوگام و قیرگونی آسفالت,price_index,2818.6,index points,1390,,جدول7,ts_building_140404-14050319105758.xlsx
1402-Q3,1402,3,پاییز,گروه ایزوگام و قیرگونی آسفالت,price_index,2885.5,index points,1390,,جدول7,ts_building_140404-14050319105758.xlsx
1402-Q4,1402,4,زمستان,گروه ایزوگام و قیرگونی آسفالت,price_index,2846.8,index points,1390,,جدول7,ts_building_140404-14050319105758.xlsx
1403-Q1,1403,1,بهار,گروه ایزوگام و قیرگونی آسفالت,price_index,2976.4,index points,1390,,جدول7,ts_building_140404-14050319105758.xlsx
1403-Q2,1403,2,تابستان,گروه ایزوگام و قیرگونی آسفالت,price_index,3123.7,index points,1390,,جدول7,ts_building_140404-14050319105758.xlsx
1403-Q3,1403,3,پاییز,گروه ایزوگام و قیرگونی آسفالت,price_index,3518.9,index points,1390,,جدول7,ts_building_140404-14050319105758.xlsx
1403-Q4,1403,4,زمستان,گروه ایزوگام و قیرگونی آسفالت,price_index,4225.7,index points,1390,,جدول7,ts_building_140404-14050319105758.xlsx
1404-Q1,1404,1,بهار,گروه ایزوگام و قیرگونی آسفالت,price_index,4872.2,index points,1390,,جدول7,ts_building_140404-14050319105758.xlsx
1390-Q1,1390,1,بهار,گروه شیرآلات بهداشتی,price_index,96.3933080065854,index points,1390,,جدول7,ts_building_140404-14050319105758.xlsx
1390-Q2,1390,2,تابستان,گروه شیرآلات بهداشتی,price_index,96.0400455180139,index points,1390,,جدول7,ts_building_140404-14050319105758.xlsx
1390-Q3,1390,3,پاییز,گروه شیرآلات بهداشتی,price_index,95.822166964805,index points,1390,,جدول7,ts_building_140404-14050319105758.xlsx
1390-Q4,1390,4,زمستان,گروه شیرآلات بهداشتی,price_index,111.744479510596,index points,1390,,جدول7,ts_building_140404-14050319105758.xlsx
1391-Q1,1391,1,بهار,گروه شیرآلات بهداشتی,price_index,119.356040980814,index points,1390,,جدول7,ts_building_140404-14050319105758.xlsx
1391-Q2,1391,2,تابستان,گروه شیرآلات بهداشتی,price_index,125.289129612603,index points,1390,,جدول7,ts_building_140404-14050319105758.xlsx
1391-Q3,1391,3,پاییز,گروه شیرآلات بهداشتی,price_index,189.312266862173,index points,1390,,جدول7,ts_building_140404-14050319105758.xlsx
1391-Q4,1391,4,زمستان,گروه شیرآلات بهداشتی,price_index,193.349511967343,index points,1390,,جدول7,ts_building_140404-14050319105758.xlsx
1392-Q1,1392,1,بهار,گروه شیرآلات بهداشتی,price_index,201.519650946375,index points,1390,,جدول7,ts_building_140404-14050319105758.xlsx
1392-Q2,1392,2,تابستان,گروه شیرآلات بهداشتی,price_index,204.781843073977,index points,1390,,جدول7,ts_building_140404-14050319105758.xlsx
1392-Q3,1392,3,پاییز,گروه شیرآلات بهداشتی,price_index,208.536525001496,index points,1390,,جدول7,ts_building_140404-14050319105758.xlsx
1392-Q4,1392,4,زمستان,گروه شیرآلات بهداشتی,price_index,209.848673967304,index points,1390,,جدول7,ts_building_140404-14050319105758.xlsx
1393-Q1,1393,1,بهار,گروه شیرآلات بهداشتی,price_index,219.965802955463,index points,1390,,جدول7,ts_building_140404-14050319105758.xlsx
1393-Q2,1393,2,تابستان,گروه شیرآلات بهداشتی,price_index,226.620687204659,index points,1390,,جدول7,ts_building_140404-14050319105758.xlsx
1393-Q3,1393,3,پاییز,گروه شیرآلات بهداشتی,price_index,227.36597252135,index points,1390,,جدول7,ts_building_140404-14050319105758.xlsx
1393-Q4,1393,4,زمستان,گروه شیرآلات بهداشتی,price_index,228.115120776514,index points,1390,,جدول7,ts_building_140404-14050319105758.xlsx
1394-Q1,1394,1,بهار,گروه شیرآلات بهداشتی,price_index,227.553309763803,index points,1390,,جدول7,ts_building_140404-14050319105758.xlsx
1394-Q2,1394,2,تابستان,گروه شیرآلات بهداشتی,price_index,227.624699729977,index points,1390,,جدول7,ts_building_140404-14050319105758.xlsx
1394-Q3,1394,3,پاییز,گروه شیرآلات بهداشتی,price_index,227.701150347011,index points,1390,,جدول7,ts_building_140404-14050319105758.xlsx
1394-Q4,1394,4,زمستان,گروه شیرآلات بهداشتی,price_index,228.068721861057,index points,1390,,جدول7,ts_building_140404-14050319105758.xlsx
1395-Q1,1395,1,بهار,گروه شیرآلات بهداشتی,price_index,226.956452574588,index points,1390,,جدول7,ts_building_140404-14050319105758.xlsx
1395-Q2,1395,2,تابستان,گروه شیرآلات بهداشتی,price_index,227.228767543329,index points,1390,,جدول7,ts_building_140404-14050319105758.xlsx
1395-Q3,1395,3,پاییز,گروه شیرآلات بهداشتی,price_index,244.473000620895,index points,1390,,جدول7,ts_building_140404-14050319105758.xlsx
1395-Q4,1395,4,زمستان,گروه شیرآلات بهداشتی,price_index,256.460479872248,index points,1390,,جدول7,ts_building_140404-14050319105758.xlsx
1396-Q1,1396,1,بهار,گروه شیرآلات بهداشتی,price_index,258,index points,1390,,جدول7,ts_building_140404-14050319105758.xlsx
1396-Q2,1396,2,تابستان,گروه شیرآلات بهداشتی,price_index,275.9,index points,1390,,جدول7,ts_building_140404-14050319105758.xlsx
1396-Q3,1396,3,پاییز,گروه شیرآلات بهداشتی,price_index,292.3,index points,1390,,جدول7,ts_building_140404-14050319105758.xlsx
1396-Q4,1396,4,زمستان,گروه شیرآلات بهداشتی,price_index,300.3,index points,1390,,جدول7,ts_building_140404-14050319105758.xlsx
1397-Q1,1397,1,بهار,گروه شیرآلات بهداشتی,price_index,336.14,index points,1390,,جدول7,ts_building_140404-14050319105758.xlsx
1397-Q2,1397,2,تابستان,گروه شیرآلات بهداشتی,price_index,421.75,index points,1390,,جدول7,ts_building_140404-14050319105758.xlsx
1397-Q3,1397,3,پاییز,گروه شیرآلات بهداشتی,price_index,509.479815904916,index points,1390,,جدول7,ts_building_140404-14050319105758.xlsx
1397-Q4,1397,4,زمستان,گروه شیرآلات بهداشتی,price_index,493.08,index points,1390,,جدول7,ts_building_140404-14050319105758.xlsx
1398-Q1,1398,1,بهار,گروه شیرآلات بهداشتی,price_index,561.99,index points,1390,,جدول7,ts_building_140404-14050319105758.xlsx
1398-Q2,1398,2,تابستان,گروه شیرآلات بهداشتی,price_index,562.241013292956,index points,1390,,جدول7,ts_building_140404-14050319105758.xlsx
1398-Q3,1398,3,پاییز,گروه شیرآلات بهداشتی,price_index,558.924712366017,index points,1390,,جدول7,ts_building_140404-14050319105758.xlsx
1398-Q4,1398,4,زمستان,گروه شیرآلات بهداشتی,price_index,566.536852714689,index points,1390,,جدول7,ts_building_140404-14050319105758.xlsx
1399-Q1,1399,1,بهار,گروه شیرآلات بهداشتی,price_index,649.1,index points,1390,,جدول7,ts_building_140404-14050319105758.xlsx
1399-Q2,1399,2,تابستان,گروه شیرآلات بهداشتی,price_index,849.610487076935,index points,1390,,جدول7,ts_building_140404-14050319105758.xlsx
1399-Q3,1399,3,پاییز,گروه شیرآلات بهداشتی,price_index,1021.2,index points,1390,,جدول7,ts_building_140404-14050319105758.xlsx
1399-Q4,1399,4,زمستان,گروه شیرآلات بهداشتی,price_index,1082.9,index points,1390,,جدول7,ts_building_140404-14050319105758.xlsx
1400-Q1,1400,1,بهار,گروه شیرآلات بهداشتی,price_index,1292.20769378422,index points,1390,,جدول7,ts_building_140404-14050319105758.xlsx
1400-Q2,1400,2,تابستان,گروه شیرآلات بهداشتی,price_index,1389.9,index points,1390,,جدول7,ts_building_140404-14050319105758.xlsx
1400-Q3,1400,3,پاییز,گروه شیرآلات بهداشتی,price_index,1457.9,index points,1390,,جدول7,ts_building_140404-14050319105758.xlsx
1400-Q4,1400,4,زمستان,گروه شیرآلات بهداشتی,price_index,1529.1,index points,1390,,جدول7,ts_building_140404-14050319105758.xlsx
1401-Q1,1401,1,بهار,گروه شیرآلات بهداشتی,price_index,1770.6,index points,1390,,جدول7,ts_building_140404-14050319105758.xlsx
1401-Q2,1401,2,تابستان,گروه شیرآلات بهداشتی,price_index,1787.5,index points,1390,,جدول7,ts_building_140404-14050319105758.xlsx
1401-Q3,1401,3,پاییز,گروه شیرآلات بهداشتی,price_index,1830.1,index points,1390,,جدول7,ts_building_140404-14050319105758.xlsx
1401-Q4,1401,4,زمستان,گروه شیرآلات بهداشتی,price_index,2177.3,index points,1390,,جدول7,ts_building_140404-14050319105758.xlsx
1402-Q1,1402,1,بهار,گروه شیرآلات بهداشتی,price_index,2819.2,index points,1390,,جدول7,ts_building_140404-14050319105758.xlsx
1402-Q2,1402,2,تابستان,گروه شیرآلات بهداشتی,price_index,2859.2,index points,1390,,جدول7,ts_building_140404-14050319105758.xlsx
1402-Q3,1402,3,پاییز,گروه شیرآلات بهداشتی,price_index,2891.3,index points,1390,,جدول7,ts_building_140404-14050319105758.xlsx
1402-Q4,1402,4,زمستان,گروه شیرآلات بهداشتی,price_index,2937.9,index points,1390,,جدول7,ts_building_140404-14050319105758.xlsx
1403-Q1,1403,1,بهار,گروه شیرآلات بهداشتی,price_index,3360.2,index points,1390,,جدول7,ts_building_140404-14050319105758.xlsx
1403-Q2,1403,2,تابستان,گروه شیرآلات بهداشتی,price_index,3417.9,index points,1390,,جدول7,ts_building_140404-14050319105758.xlsx
1403-Q3,1403,3,پاییز,گروه شیرآلات بهداشتی,price_index,3584.6,index points,1390,,جدول7,ts_building_140404-14050319105758.xlsx
1403-Q4,1403,4,زمستان,گروه شیرآلات بهداشتی,price_index,4266,index points,1390,,جدول7,ts_building_140404-14050319105758.xlsx
1404-Q1,1404,1,بهار,گروه شیرآلات بهداشتی,price_index,4841.5,index points,1390,,جدول7,ts_building_140404-14050319105758.xlsx
1390-Q1,1390,1,بهار,گروه تاسیسات مکانیکی و انواع عایق حرارتی,price_index,93.8176000035963,index points,1390,,جدول7,ts_building_140404-14050319105758.xlsx
1390-Q2,1390,2,تابستان,گروه تاسیسات مکانیکی و انواع عایق حرارتی,price_index,97.8424294762701,index points,1390,,جدول7,ts_building_140404-14050319105758.xlsx
1390-Q3,1390,3,پاییز,گروه تاسیسات مکانیکی و انواع عایق حرارتی,price_index,98.3965129385883,index points,1390,,جدول7,ts_building_140404-14050319105758.xlsx
1390-Q4,1390,4,زمستان,گروه تاسیسات مکانیکی و انواع عایق حرارتی,price_index,109.943457581545,index points,1390,,جدول7,ts_building_140404-14050319105758.xlsx
1391-Q1,1391,1,بهار,گروه تاسیسات مکانیکی و انواع عایق حرارتی,price_index,119.4118559393,index points,1390,,جدول7,ts_building_140404-14050319105758.xlsx
1391-Q2,1391,2,تابستان,گروه تاسیسات مکانیکی و انواع عایق حرارتی,price_index,131.854956470104,index points,1390,,جدول7,ts_building_140404-14050319105758.xlsx
1391-Q3,1391,3,پاییز,گروه تاسیسات مکانیکی و انواع عایق حرارتی,price_index,164.595442315504,index points,1390,,جدول7,ts_building_140404-14050319105758.xlsx
1391-Q4,1391,4,زمستان,گروه تاسیسات مکانیکی و انواع عایق حرارتی,price_index,177.288360631808,index points,1390,,جدول7,ts_building_140404-14050319105758.xlsx
1392-Q1,1392,1,بهار,گروه تاسیسات مکانیکی و انواع عایق حرارتی,price_index,186.012430354919,index points,1390,,جدول7,ts_building_140404-14050319105758.xlsx
1392-Q2,1392,2,تابستان,گروه تاسیسات مکانیکی و انواع عایق حرارتی,price_index,183.827044293902,index points,1390,,جدول7,ts_building_140404-14050319105758.xlsx
1392-Q3,1392,3,پاییز,گروه تاسیسات مکانیکی و انواع عایق حرارتی,price_index,187.510910374412,index points,1390,,جدول7,ts_building_140404-14050319105758.xlsx
1392-Q4,1392,4,زمستان,گروه تاسیسات مکانیکی و انواع عایق حرارتی,price_index,185.135162823691,index points,1390,,جدول7,ts_building_140404-14050319105758.xlsx
1393-Q1,1393,1,بهار,گروه تاسیسات مکانیکی و انواع عایق حرارتی,price_index,193.649587533845,index points,1390,,جدول7,ts_building_140404-14050319105758.xlsx
1393-Q2,1393,2,تابستان,گروه تاسیسات مکانیکی و انواع عایق حرارتی,price_index,201.302429934522,index points,1390,,جدول7,ts_building_140404-14050319105758.xlsx
1393-Q3,1393,3,پاییز,گروه تاسیسات مکانیکی و انواع عایق حرارتی,price_index,202.618990071334,index points,1390,,جدول7,ts_building_140404-14050319105758.xlsx
1393-Q4,1393,4,زمستان,گروه تاسیسات مکانیکی و انواع عایق حرارتی,price_index,203.630672551218,index points,1390,,جدول7,ts_building_140404-14050319105758.xlsx
1394-Q1,1394,1,بهار,گروه تاسیسات مکانیکی و انواع عایق حرارتی,price_index,207.37688905085,index points,1390,,جدول7,ts_building_140404-14050319105758.xlsx
1394-Q2,1394,2,تابستان,گروه تاسیسات مکانیکی و انواع عایق حرارتی,price_index,206.115413918613,index points,1390,,جدول7,ts_building_140404-14050319105758.xlsx
1394-Q3,1394,3,پاییز,گروه تاسیسات مکانیکی و انواع عایق حرارتی,price_index,201.942456469598,index points,1390,,جدول7,ts_building_140404-14050319105758.xlsx
1394-Q4,1394,4,زمستان,گروه تاسیسات مکانیکی و انواع عایق حرارتی,price_index,201.067325320082,index points,1390,,جدول7,ts_building_140404-14050319105758.xlsx
1395-Q1,1395,1,بهار,گروه تاسیسات مکانیکی و انواع عایق حرارتی,price_index,203.259760231681,index points,1390,,جدول7,ts_building_140404-14050319105758.xlsx
1395-Q2,1395,2,تابستان,گروه تاسیسات مکانیکی و انواع عایق حرارتی,price_index,203.931968982891,index points,1390,,جدول7,ts_building_140404-14050319105758.xlsx
1395-Q3,1395,3,پاییز,گروه تاسیسات مکانیکی و انواع عایق حرارتی,price_index,215.571207484041,index points,1390,,جدول7,ts_building_140404-14050319105758.xlsx
1395-Q4,1395,4,زمستان,گروه تاسیسات مکانیکی و انواع عایق حرارتی,price_index,215.460722300385,index points,1390,,جدول7,ts_building_140404-14050319105758.xlsx
1396-Q1,1396,1,بهار,گروه تاسیسات مکانیکی و انواع عایق حرارتی,price_index,219.2,index points,1390,,جدول7,ts_building_140404-14050319105758.xlsx
1396-Q2,1396,2,تابستان,گروه تاسیسات مکانیکی و انواع عایق حرارتی,price_index,225.9,index points,1390,,جدول7,ts_building_140404-14050319105758.xlsx
1396-Q3,1396,3,پاییز,گروه تاسیسات مکانیکی و انواع عایق حرارتی,price_index,242.2,index points,1390,,جدول7,ts_building_140404-14050319105758.xlsx
1396-Q4,1396,4,زمستان,گروه تاسیسات مکانیکی و انواع عایق حرارتی,price_index,259.3,index points,1390,,جدول7,ts_building_140404-14050319105758.xlsx
1397-Q1,1397,1,بهار,گروه تاسیسات مکانیکی و انواع عایق حرارتی,price_index,289.31,index points,1390,,جدول7,ts_building_140404-14050319105758.xlsx
1397-Q2,1397,2,تابستان,گروه تاسیسات مکانیکی و انواع عایق حرارتی,price_index,417.44,index points,1390,,جدول7,ts_building_140404-14050319105758.xlsx
1397-Q3,1397,3,پاییز,گروه تاسیسات مکانیکی و انواع عایق حرارتی,price_index,469.865860774539,index points,1390,,جدول7,ts_building_140404-14050319105758.xlsx
1397-Q4,1397,4,زمستان,گروه تاسیسات مکانیکی و انواع عایق حرارتی,price_index,487.61,index points,1390,,جدول7,ts_building_140404-14050319105758.xlsx
1398-Q1,1398,1,بهار,گروه تاسیسات مکانیکی و انواع عایق حرارتی,price_index,565.82,index points,1390,,جدول7,ts_building_140404-14050319105758.xlsx
1398-Q2,1398,2,تابستان,گروه تاسیسات مکانیکی و انواع عایق حرارتی,price_index,543.392045942127,index points,1390,,جدول7,ts_building_140404-14050319105758.xlsx
1398-Q3,1398,3,پاییز,گروه تاسیسات مکانیکی و انواع عایق حرارتی,price_index,565.39357838908,index points,1390,,جدول7,ts_building_140404-14050319105758.xlsx
1398-Q4,1398,4,زمستان,گروه تاسیسات مکانیکی و انواع عایق حرارتی,price_index,642.143380735065,index points,1390,,جدول7,ts_building_140404-14050319105758.xlsx
1399-Q1,1399,1,بهار,گروه تاسیسات مکانیکی و انواع عایق حرارتی,price_index,753.2,index points,1390,,جدول7,ts_building_140404-14050319105758.xlsx
1399-Q2,1399,2,تابستان,گروه تاسیسات مکانیکی و انواع عایق حرارتی,price_index,1032.65274499133,index points,1390,,جدول7,ts_building_140404-14050319105758.xlsx
1399-Q3,1399,3,پاییز,گروه تاسیسات مکانیکی و انواع عایق حرارتی,price_index,1313.7,index points,1390,,جدول7,ts_building_140404-14050319105758.xlsx
1399-Q4,1399,4,زمستان,گروه تاسیسات مکانیکی و انواع عایق حرارتی,price_index,1367.6,index points,1390,,جدول7,ts_building_140404-14050319105758.xlsx
1400-Q1,1400,1,بهار,گروه تاسیسات مکانیکی و انواع عایق حرارتی,price_index,1517.21189256872,index points,1390,,جدول7,ts_building_140404-14050319105758.xlsx
1400-Q2,1400,2,تابستان,گروه تاسیسات مکانیکی و انواع عایق حرارتی,price_index,1627,index points,1390,,جدول7,ts_building_140404-14050319105758.xlsx
1400-Q3,1400,3,پاییز,گروه تاسیسات مکانیکی و انواع عایق حرارتی,price_index,1742.1,index points,1390,,جدول7,ts_building_140404-14050319105758.xlsx
1400-Q4,1400,4,زمستان,گروه تاسیسات مکانیکی و انواع عایق حرارتی,price_index,1856.9,index points,1390,,جدول7,ts_building_140404-14050319105758.xlsx
1401-Q1,1401,1,بهار,گروه تاسیسات مکانیکی و انواع عایق حرارتی,price_index,2129.7,index points,1390,,جدول7,ts_building_140404-14050319105758.xlsx
1401-Q2,1401,2,تابستان,گروه تاسیسات مکانیکی و انواع عایق حرارتی,price_index,2125.6,index points,1390,,جدول7,ts_building_140404-14050319105758.xlsx
1401-Q3,1401,3,پاییز,گروه تاسیسات مکانیکی و انواع عایق حرارتی,price_index,2245.9,index points,1390,,جدول7,ts_building_140404-14050319105758.xlsx
1401-Q4,1401,4,زمستان,گروه تاسیسات مکانیکی و انواع عایق حرارتی,price_index,2911.9,index points,1390,,جدول7,ts_building_140404-14050319105758.xlsx
1402-Q1,1402,1,بهار,گروه تاسیسات مکانیکی و انواع عایق حرارتی,price_index,3221.8,index points,1390,,جدول7,ts_building_140404-14050319105758.xlsx
1402-Q2,1402,2,تابستان,گروه تاسیسات مکانیکی و انواع عایق حرارتی,price_index,3261.3,index points,1390,,جدول7,ts_building_140404-14050319105758.xlsx
1402-Q3,1402,3,پاییز,گروه تاسیسات مکانیکی و انواع عایق حرارتی,price_index,3291,index points,1390,,جدول7,ts_building_140404-14050319105758.xlsx
1402-Q4,1402,4,زمستان,گروه تاسیسات مکانیکی و انواع عایق حرارتی,price_index,3609,index points,1390,,جدول7,ts_building_140404-14050319105758.xlsx
1403-Q1,1403,1,بهار,گروه تاسیسات مکانیکی و انواع عایق حرارتی,price_index,3859.4,index points,1390,,جدول7,ts_building_140404-14050319105758.xlsx
1403-Q2,1403,2,تابستان,گروه تاسیسات مکانیکی و انواع عایق حرارتی,price_index,3985.7,index points,1390,,جدول7,ts_building_140404-14050319105758.xlsx
1403-Q3,1403,3,پاییز,گروه تاسیسات مکانیکی و انواع عایق حرارتی,price_index,4204.5,index points,1390,,جدول7,ts_building_140404-14050319105758.xlsx
1403-Q4,1403,4,زمستان,گروه تاسیسات مکانیکی و انواع عایق حرارتی,price_index,4797.7,index points,1390,,جدول7,ts_building_140404-14050319105758.xlsx
1404-Q1,1404,1,بهار,گروه تاسیسات مکانیکی و انواع عایق حرارتی,price_index,5380.6,index points,1390,,جدول7,ts_building_140404-14050319105758.xlsx
1390-Q1,1390,1,بهار,گروه یراق‌آلات درب و پنجره,price_index,96.1525461731914,index points,1390,,جدول7,ts_building_140404-14050319105758.xlsx
1390-Q2,1390,2,تابستان,گروه یراق‌آلات درب و پنجره,price_index,98.1290969123706,index points,1390,,جدول7,ts_building_140404-14050319105758.xlsx
1390-Q3,1390,3,پاییز,گروه یراق‌آلات درب و پنجره,price_index,99.5422794261011,index points,1390,,جدول7,ts_building_140404-14050319105758.xlsx
1390-Q4,1390,4,زمستان,گروه یراق‌آلات درب و پنجره,price_index,106.176077488337,index points,1390,,جدول7,ts_building_140404-14050319105758.xlsx
1391-Q1,1391,1,بهار,گروه یراق‌آلات درب و پنجره,price_index,120.758045276976,index points,1390,,جدول7,ts_building_140404-14050319105758.xlsx
1391-Q2,1391,2,تابستان,گروه یراق‌آلات درب و پنجره,price_index,129.366757056447,index points,1390,,جدول7,ts_building_140404-14050319105758.xlsx
1391-Q3,1391,3,پاییز,گروه یراق‌آلات درب و پنجره,price_index,195.689512732309,index points,1390,,جدول7,ts_building_140404-14050319105758.xlsx
1391-Q4,1391,4,زمستان,گروه یراق‌آلات درب و پنجره,price_index,201.302508885157,index points,1390,,جدول7,ts_building_140404-14050319105758.xlsx
1392-Q1,1392,1,بهار,گروه یراق‌آلات درب و پنجره,price_index,210.747281318038,index points,1390,,جدول7,ts_building_140404-14050319105758.xlsx
1392-Q2,1392,2,تابستان,گروه یراق‌آلات درب و پنجره,price_index,213.796127982484,index points,1390,,جدول7,ts_building_140404-14050319105758.xlsx
1392-Q3,1392,3,پاییز,گروه یراق‌آلات درب و پنجره,price_index,218.684527014234,index points,1390,,جدول7,ts_building_140404-14050319105758.xlsx
1392-Q4,1392,4,زمستان,گروه یراق‌آلات درب و پنجره,price_index,219.277553911545,index points,1390,,جدول7,ts_building_140404-14050319105758.xlsx
1393-Q1,1393,1,بهار,گروه یراق‌آلات درب و پنجره,price_index,228.181342240898,index points,1390,,جدول7,ts_building_140404-14050319105758.xlsx
1393-Q2,1393,2,تابستان,گروه یراق‌آلات درب و پنجره,price_index,229.835372637555,index points,1390,,جدول7,ts_building_140404-14050319105758.xlsx
1393-Q3,1393,3,پاییز,گروه یراق‌آلات درب و پنجره,price_index,230.959938602318,index points,1390,,جدول7,ts_building_140404-14050319105758.xlsx
1393-Q4,1393,4,زمستان,گروه یراق‌آلات درب و پنجره,price_index,232.044765760626,index points,1390,,جدول7,ts_building_140404-14050319105758.xlsx
1394-Q1,1394,1,بهار,گروه یراق‌آلات درب و پنجره,price_index,233.62323784116,index points,1390,,جدول7,ts_building_140404-14050319105758.xlsx
1394-Q2,1394,2,تابستان,گروه یراق‌آلات درب و پنجره,price_index,234.332727605225,index points,1390,,جدول7,ts_building_140404-14050319105758.xlsx
1394-Q3,1394,3,پاییز,گروه یراق‌آلات درب و پنجره,price_index,234.332727605225,index points,1390,,جدول7,ts_building_140404-14050319105758.xlsx
1394-Q4,1394,4,زمستان,گروه یراق‌آلات درب و پنجره,price_index,236.548510246719,index points,1390,,جدول7,ts_building_140404-14050319105758.xlsx
1395-Q1,1395,1,بهار,گروه یراق‌آلات درب و پنجره,price_index,231.011555323813,index points,1390,,جدول7,ts_building_140404-14050319105758.xlsx
1395-Q2,1395,2,تابستان,گروه یراق‌آلات درب و پنجره,price_index,232.129297824348,index points,1390,,جدول7,ts_building_140404-14050319105758.xlsx
1395-Q3,1395,3,پاییز,گروه یراق‌آلات درب و پنجره,price_index,244.453155769953,index points,1390,,جدول7,ts_building_140404-14050319105758.xlsx
1395-Q4,1395,4,زمستان,گروه یراق‌آلات درب و پنجره,price_index,245.580592231349,index points,1390,,جدول7,ts_building_140404-14050319105758.xlsx
1396-Q1,1396,1,بهار,گروه یراق‌آلات درب و پنجره,price_index,249.2,index points,1390,,جدول7,ts_building_140404-14050319105758.xlsx
1396-Q2,1396,2,تابستان,گروه یراق‌آلات درب و پنجره,price_index,248.3,index points,1390,,جدول7,ts_building_140404-14050319105758.xlsx
1396-Q3,1396,3,پاییز,گروه یراق‌آلات درب و پنجره,price_index,266,index points,1390,,جدول7,ts_building_140404-14050319105758.xlsx
1396-Q4,1396,4,زمستان,گروه یراق‌آلات درب و پنجره,price_index,272.8,index points,1390,,جدول7,ts_building_140404-14050319105758.xlsx
1397-Q1,1397,1,بهار,گروه یراق‌آلات درب و پنجره,price_index,316.56,index points,1390,,جدول7,ts_building_140404-14050319105758.xlsx
1397-Q2,1397,2,تابستان,گروه یراق‌آلات درب و پنجره,price_index,445.06,index points,1390,,جدول7,ts_building_140404-14050319105758.xlsx
1397-Q3,1397,3,پاییز,گروه یراق‌آلات درب و پنجره,price_index,462.20740429706,index points,1390,,جدول7,ts_building_140404-14050319105758.xlsx
1397-Q4,1397,4,زمستان,گروه یراق‌آلات درب و پنجره,price_index,460.99,index points,1390,,جدول7,ts_building_140404-14050319105758.xlsx
1398-Q1,1398,1,بهار,گروه یراق‌آلات درب و پنجره,price_index,570.95,index points,1390,,جدول7,ts_building_140404-14050319105758.xlsx
1398-Q2,1398,2,تابستان,گروه یراق‌آلات درب و پنجره,price_index,572.273347225661,index points,1390,,جدول7,ts_building_140404-14050319105758.xlsx
1398-Q3,1398,3,پاییز,گروه یراق‌آلات درب و پنجره,price_index,575.500351679761,index points,1390,,جدول7,ts_building_140404-14050319105758.xlsx
1398-Q4,1398,4,زمستان,گروه یراق‌آلات درب و پنجره,price_index,580.649839596159,index points,1390,,جدول7,ts_building_140404-14050319105758.xlsx
1399-Q1,1399,1,بهار,گروه یراق‌آلات درب و پنجره,price_index,705.5,index points,1390,,جدول7,ts_building_140404-14050319105758.xlsx
1399-Q2,1399,2,تابستان,گروه یراق‌آلات درب و پنجره,price_index,916.865485224292,index points,1390,,جدول7,ts_building_140404-14050319105758.xlsx
1399-Q3,1399,3,پاییز,گروه یراق‌آلات درب و پنجره,price_index,1098.4,index points,1390,,جدول7,ts_building_140404-14050319105758.xlsx
1399-Q4,1399,4,زمستان,گروه یراق‌آلات درب و پنجره,price_index,1113.9,index points,1390,,جدول7,ts_building_140404-14050319105758.xlsx
1400-Q1,1400,1,بهار,گروه یراق‌آلات درب و پنجره,price_index,1270.02674352473,index points,1390,,جدول7,ts_building_140404-14050319105758.xlsx
1400-Q2,1400,2,تابستان,گروه یراق‌آلات درب و پنجره,price_index,1396.7,index points,1390,,جدول7,ts_building_140404-14050319105758.xlsx
1400-Q3,1400,3,پاییز,گروه یراق‌آلات درب و پنجره,price_index,1434.3,index points,1390,,جدول7,ts_building_140404-14050319105758.xlsx
1400-Q4,1400,4,زمستان,گروه یراق‌آلات درب و پنجره,price_index,1513.3,index points,1390,,جدول7,ts_building_140404-14050319105758.xlsx
1401-Q1,1401,1,بهار,گروه یراق‌آلات درب و پنجره,price_index,1722.3,index points,1390,,جدول7,ts_building_140404-14050319105758.xlsx
1401-Q2,1401,2,تابستان,گروه یراق‌آلات درب و پنجره,price_index,1814.4,index points,1390,,جدول7,ts_building_140404-14050319105758.xlsx
1401-Q3,1401,3,پاییز,گروه یراق‌آلات درب و پنجره,price_index,1869.5,index points,1390,,جدول7,ts_building_140404-14050319105758.xlsx
1401-Q4,1401,4,زمستان,گروه یراق‌آلات درب و پنجره,price_index,2399.7,index points,1390,,جدول7,ts_building_140404-14050319105758.xlsx
1402-Q1,1402,1,بهار,گروه یراق‌آلات درب و پنجره,price_index,3016.2,index points,1390,,جدول7,ts_building_140404-14050319105758.xlsx
1402-Q2,1402,2,تابستان,گروه یراق‌آلات درب و پنجره,price_index,3169.8,index points,1390,,جدول7,ts_building_140404-14050319105758.xlsx
1402-Q3,1402,3,پاییز,گروه یراق‌آلات درب و پنجره,price_index,3226,index points,1390,,جدول7,ts_building_140404-14050319105758.xlsx
1402-Q4,1402,4,زمستان,گروه یراق‌آلات درب و پنجره,price_index,3332.6,index points,1390,,جدول7,ts_building_140404-14050319105758.xlsx
1403-Q1,1403,1,بهار,گروه یراق‌آلات درب و پنجره,price_index,3665.7,index points,1390,,جدول7,ts_building_140404-14050319105758.xlsx
1403-Q2,1403,2,تابستان,گروه یراق‌آلات درب و پنجره,price_index,3811.8,index points,1390,,جدول7,ts_building_140404-14050319105758.xlsx
1403-Q3,1403,3,پاییز,گروه یراق‌آلات درب و پنجره,price_index,3902.1,index points,1390,,جدول7,ts_building_140404-14050319105758.xlsx
1403-Q4,1403,4,زمستان,گروه یراق‌آلات درب و پنجره,price_index,4437.3,index points,1390,,جدول7,ts_building_140404-14050319105758.xlsx
1404-Q1,1404,1,بهار,گروه یراق‌آلات درب و پنجره,price_index,5176.1,index points,1390,,جدول7,ts_building_140404-14050319105758.xlsx
1390-Q1,1390,1,بهار,گروه نقاشی ساختمان,price_index,91.0625344544181,index points,1390,,جدول7,ts_building_140404-14050319105758.xlsx
1390-Q2,1390,2,تابستان,گروه نقاشی ساختمان,price_index,97.5739584132303,index points,1390,,جدول7,ts_building_140404-14050319105758.xlsx
1390-Q3,1390,3,پاییز,گروه نقاشی ساختمان,price_index,102.66472314455,index points,1390,,جدول7,ts_building_140404-14050319105758.xlsx
1390-Q4,1390,4,زمستان,گروه نقاشی ساختمان,price_index,108.698783987801,index points,1390,,جدول7,ts_building_140404-14050319105758.xlsx
1391-Q1,1391,1,بهار,گروه نقاشی ساختمان,price_index,114.797373807944,index points,1390,,جدول7,ts_building_140404-14050319105758.xlsx
1391-Q2,1391,2,تابستان,گروه نقاشی ساختمان,price_index,131.24991083892,index points,1390,,جدول7,ts_building_140404-14050319105758.xlsx
1391-Q3,1391,3,پاییز,گروه نقاشی ساختمان,price_index,172.701976573228,index points,1390,,جدول7,ts_building_140404-14050319105758.xlsx
1391-Q4,1391,4,زمستان,گروه نقاشی ساختمان,price_index,186.083258430421,index points,1390,,جدول7,ts_building_140404-14050319105758.xlsx
1392-Q1,1392,1,بهار,گروه نقاشی ساختمان,price_index,222.18930968011,index points,1390,,جدول7,ts_building_140404-14050319105758.xlsx
1392-Q2,1392,2,تابستان,گروه نقاشی ساختمان,price_index,223.758182356773,index points,1390,,جدول7,ts_building_140404-14050319105758.xlsx
1392-Q3,1392,3,پاییز,گروه نقاشی ساختمان,price_index,227.652987892568,index points,1390,,جدول7,ts_building_140404-14050319105758.xlsx
1392-Q4,1392,4,زمستان,گروه نقاشی ساختمان,price_index,219.891582647896,index points,1390,,جدول7,ts_building_140404-14050319105758.xlsx
1393-Q1,1393,1,بهار,گروه نقاشی ساختمان,price_index,224.43000610225,index points,1390,,جدول7,ts_building_140404-14050319105758.xlsx
1393-Q2,1393,2,تابستان,گروه نقاشی ساختمان,price_index,225.244053063121,index points,1390,,جدول7,ts_building_140404-14050319105758.xlsx
1393-Q3,1393,3,پاییز,گروه نقاشی ساختمان,price_index,230.022907801709,index points,1390,,جدول7,ts_building_140404-14050319105758.xlsx
1393-Q4,1393,4,زمستان,گروه نقاشی ساختمان,price_index,231.739688123937,index points,1390,,جدول7,ts_building_140404-14050319105758.xlsx
1394-Q1,1394,1,بهار,گروه نقاشی ساختمان,price_index,232.422340964632,index points,1390,,جدول7,ts_building_140404-14050319105758.xlsx
1394-Q2,1394,2,تابستان,گروه نقاشی ساختمان,price_index,232.000706670289,index points,1390,,جدول7,ts_building_140404-14050319105758.xlsx
1394-Q3,1394,3,پاییز,گروه نقاشی ساختمان,price_index,231.122966506475,index points,1390,,جدول7,ts_building_140404-14050319105758.xlsx
1394-Q4,1394,4,زمستان,گروه نقاشی ساختمان,price_index,231.620302694571,index points,1390,,جدول7,ts_building_140404-14050319105758.xlsx
1395-Q1,1395,1,بهار,گروه نقاشی ساختمان,price_index,229.46240751722,index points,1390,,جدول7,ts_building_140404-14050319105758.xlsx
1395-Q2,1395,2,تابستان,گروه نقاشی ساختمان,price_index,230.065199585904,index points,1390,,جدول7,ts_building_140404-14050319105758.xlsx
1395-Q3,1395,3,پاییز,گروه نقاشی ساختمان,price_index,232.376156234137,index points,1390,,جدول7,ts_building_140404-14050319105758.xlsx
1395-Q4,1395,4,زمستان,گروه نقاشی ساختمان,price_index,234.2661941186,index points,1390,,جدول7,ts_building_140404-14050319105758.xlsx
1396-Q1,1396,1,بهار,گروه نقاشی ساختمان,price_index,247.8,index points,1390,,جدول7,ts_building_140404-14050319105758.xlsx
1396-Q2,1396,2,تابستان,گروه نقاشی ساختمان,price_index,253.9,index points,1390,,جدول7,ts_building_140404-14050319105758.xlsx
1396-Q3,1396,3,پاییز,گروه نقاشی ساختمان,price_index,261.8,index points,1390,,جدول7,ts_building_140404-14050319105758.xlsx
1396-Q4,1396,4,زمستان,گروه نقاشی ساختمان,price_index,274.3,index points,1390,,جدول7,ts_building_140404-14050319105758.xlsx
1397-Q1,1397,1,بهار,گروه نقاشی ساختمان,price_index,309.48,index points,1390,,جدول7,ts_building_140404-14050319105758.xlsx
1397-Q2,1397,2,تابستان,گروه نقاشی ساختمان,price_index,432.69,index points,1390,,جدول7,ts_building_140404-14050319105758.xlsx
1397-Q3,1397,3,پاییز,گروه نقاشی ساختمان,price_index,528.711132462029,index points,1390,,جدول7,ts_building_140404-14050319105758.xlsx
1397-Q4,1397,4,زمستان,گروه نقاشی ساختمان,price_index,557.58,index points,1390,,جدول7,ts_building_140404-14050319105758.xlsx
1398-Q1,1398,1,بهار,گروه نقاشی ساختمان,price_index,610.59,index points,1390,,جدول7,ts_building_140404-14050319105758.xlsx
1398-Q2,1398,2,تابستان,گروه نقاشی ساختمان,price_index,632.310649308683,index points,1390,,جدول7,ts_building_140404-14050319105758.xlsx
1398-Q3,1398,3,پاییز,گروه نقاشی ساختمان,price_index,625.75131354035,index points,1390,,جدول7,ts_building_140404-14050319105758.xlsx
1398-Q4,1398,4,زمستان,گروه نقاشی ساختمان,price_index,630.301687997849,index points,1390,,جدول7,ts_building_140404-14050319105758.xlsx
1399-Q1,1399,1,بهار,گروه نقاشی ساختمان,price_index,681.6,index points,1390,,جدول7,ts_building_140404-14050319105758.xlsx
1399-Q2,1399,2,تابستان,گروه نقاشی ساختمان,price_index,881.315809636663,index points,1390,,جدول7,ts_building_140404-14050319105758.xlsx
1399-Q3,1399,3,پاییز,گروه نقاشی ساختمان,price_index,1114.5,index points,1390,,جدول7,ts_building_140404-14050319105758.xlsx
1399-Q4,1399,4,زمستان,گروه نقاشی ساختمان,price_index,1158.7,index points,1390,,جدول7,ts_building_140404-14050319105758.xlsx
1400-Q1,1400,1,بهار,گروه نقاشی ساختمان,price_index,1330.26914588437,index points,1390,,جدول7,ts_building_140404-14050319105758.xlsx
1400-Q2,1400,2,تابستان,گروه نقاشی ساختمان,price_index,1435,index points,1390,,جدول7,ts_building_140404-14050319105758.xlsx
1400-Q3,1400,3,پاییز,گروه نقاشی ساختمان,price_index,1598.9,index points,1390,,جدول7,ts_building_140404-14050319105758.xlsx
1400-Q4,1400,4,زمستان,گروه نقاشی ساختمان,price_index,1634.8,index points,1390,,جدول7,ts_building_140404-14050319105758.xlsx
1401-Q1,1401,1,بهار,گروه نقاشی ساختمان,price_index,2047.5,index points,1390,,جدول7,ts_building_140404-14050319105758.xlsx
1401-Q2,1401,2,تابستان,گروه نقاشی ساختمان,price_index,2249.5,index points,1390,,جدول7,ts_building_140404-14050319105758.xlsx
1401-Q3,1401,3,پاییز,گروه نقاشی ساختمان,price_index,2268.9,index points,1390,,جدول7,ts_building_140404-14050319105758.xlsx
1401-Q4,1401,4,زمستان,گروه نقاشی ساختمان,price_index,2412.1,index points,1390,,جدول7,ts_building_140404-14050319105758.xlsx
1402-Q1,1402,1,بهار,گروه نقاشی ساختمان,price_index,2844.1,index points,1390,,جدول7,ts_building_140404-14050319105758.xlsx
1402-Q2,1402,2,تابستان,گروه نقاشی ساختمان,price_index,2915.2,index points,1390,,جدول7,ts_building_140404-14050319105758.xlsx
1402-Q3,1402,3,پاییز,گروه نقاشی ساختمان,price_index,3008.9,index points,1390,,جدول7,ts_building_140404-14050319105758.xlsx
1402-Q4,1402,4,زمستان,گروه نقاشی ساختمان,price_index,3067.1,index points,1390,,جدول7,ts_building_140404-14050319105758.xlsx
1403-Q1,1403,1,بهار,گروه نقاشی ساختمان,price_index,3323.3,index points,1390,,جدول7,ts_building_140404-14050319105758.xlsx
1403-Q2,1403,2,تابستان,گروه نقاشی ساختمان,price_index,3583.9,index points,1390,,جدول7,ts_building_140404-14050319105758.xlsx
1403-Q3,1403,3,پاییز,گروه نقاشی ساختمان,price_index,3771.5,index points,1390,,جدول7,ts_building_140404-14050319105758.xlsx
1403-Q4,1403,4,زمستان,گروه نقاشی ساختمان,price_index,4348.4,index points,1390,,جدول7,ts_building_140404-14050319105758.xlsx
1404-Q1,1404,1,بهار,گروه نقاشی ساختمان,price_index,4756.2,index points,1390,,جدول7,ts_building_140404-14050319105758.xlsx
1390-Q1,1390,1,بهار,گروه تاسیسات برقی,price_index,94.3429584473835,index points,1390,,جدول7,ts_building_140404-14050319105758.xlsx
1390-Q2,1390,2,تابستان,گروه تاسیسات برقی,price_index,95.6100718944467,index points,1390,,جدول7,ts_building_140404-14050319105758.xlsx
1390-Q3,1390,3,پاییز,گروه تاسیسات برقی,price_index,97.8974158608268,index points,1390,,جدول7,ts_building_140404-14050319105758.xlsx
1390-Q4,1390,4,زمستان,گروه تاسیسات برقی,price_index,112.149553797343,index points,1390,,جدول7,ts_building_140404-14050319105758.xlsx
1391-Q1,1391,1,بهار,گروه تاسیسات برقی,price_index,114.797373807944,index points,1390,,جدول7,ts_building_140404-14050319105758.xlsx
1391-Q2,1391,2,تابستان,گروه تاسیسات برقی,price_index,131.24991083892,index points,1390,,جدول7,ts_building_140404-14050319105758.xlsx
1391-Q3,1391,3,پاییز,گروه تاسیسات برقی,price_index,172.701976573228,index points,1390,,جدول7,ts_building_140404-14050319105758.xlsx
1391-Q4,1391,4,زمستان,گروه تاسیسات برقی,price_index,186.083258430421,index points,1390,,جدول7,ts_building_140404-14050319105758.xlsx
1392-Q1,1392,1,بهار,گروه تاسیسات برقی,price_index,202.125588469146,index points,1390,,جدول7,ts_building_140404-14050319105758.xlsx
1392-Q2,1392,2,تابستان,گروه تاسیسات برقی,price_index,202.059255655078,index points,1390,,جدول7,ts_building_140404-14050319105758.xlsx
1392-Q3,1392,3,پاییز,گروه تاسیسات برقی,price_index,198.796106558382,index points,1390,,جدول7,ts_building_140404-14050319105758.xlsx
1392-Q4,1392,4,زمستان,گروه تاسیسات برقی,price_index,202.754873745032,index points,1390,,جدول7,ts_building_140404-14050319105758.xlsx
1393-Q1,1393,1,بهار,گروه تاسیسات برقی,price_index,213.671756483786,index points,1390,,جدول7,ts_building_140404-14050319105758.xlsx
1393-Q2,1393,2,تابستان,گروه تاسیسات برقی,price_index,216.470787612807,index points,1390,,جدول7,ts_building_140404-14050319105758.xlsx
1393-Q3,1393,3,پاییز,گروه تاسیسات برقی,price_index,217.073122202249,index points,1390,,جدول7,ts_building_140404-14050319105758.xlsx
1393-Q4,1393,4,زمستان,گروه تاسیسات برقی,price_index,216.310300342817,index points,1390,,جدول7,ts_building_140404-14050319105758.xlsx
1394-Q1,1394,1,بهار,گروه تاسیسات برقی,price_index,218.321075981184,index points,1390,,جدول7,ts_building_140404-14050319105758.xlsx
1394-Q2,1394,2,تابستان,گروه تاسیسات برقی,price_index,217.45223625118,index points,1390,,جدول7,ts_building_140404-14050319105758.xlsx
1394-Q3,1394,3,پاییز,گروه تاسیسات برقی,price_index,215.602942724531,index points,1390,,جدول7,ts_building_140404-14050319105758.xlsx
1394-Q4,1394,4,زمستان,گروه تاسیسات برقی,price_index,214.585919232408,index points,1390,,جدول7,ts_building_140404-14050319105758.xlsx
1395-Q1,1395,1,بهار,گروه تاسیسات برقی,price_index,217.312670602681,index points,1390,,جدول7,ts_building_140404-14050319105758.xlsx
1395-Q2,1395,2,تابستان,گروه تاسیسات برقی,price_index,221.815480907461,index points,1390,,جدول7,ts_building_140404-14050319105758.xlsx
1395-Q3,1395,3,پاییز,گروه تاسیسات برقی,price_index,232.809458924485,index points,1390,,جدول7,ts_building_140404-14050319105758.xlsx
1395-Q4,1395,4,زمستان,گروه تاسیسات برقی,price_index,234.216161927309,index points,1390,,جدول7,ts_building_140404-14050319105758.xlsx
1396-Q1,1396,1,بهار,گروه تاسیسات برقی,price_index,235.7,index points,1390,,جدول7,ts_building_140404-14050319105758.xlsx
1396-Q2,1396,2,تابستان,گروه تاسیسات برقی,price_index,248.1,index points,1390,,جدول7,ts_building_140404-14050319105758.xlsx
1396-Q3,1396,3,پاییز,گروه تاسیسات برقی,price_index,257.4,index points,1390,,جدول7,ts_building_140404-14050319105758.xlsx
1396-Q4,1396,4,زمستان,گروه تاسیسات برقی,price_index,269.5,index points,1390,,جدول7,ts_building_140404-14050319105758.xlsx
1397-Q1,1397,1,بهار,گروه تاسیسات برقی,price_index,307.68,index points,1390,,جدول7,ts_building_140404-14050319105758.xlsx
1397-Q2,1397,2,تابستان,گروه تاسیسات برقی,price_index,448.73,index points,1390,,جدول7,ts_building_140404-14050319105758.xlsx
1397-Q3,1397,3,پاییز,گروه تاسیسات برقی,price_index,504.323051605608,index points,1390,,جدول7,ts_building_140404-14050319105758.xlsx
1397-Q4,1397,4,زمستان,گروه تاسیسات برقی,price_index,556.42,index points,1390,,جدول7,ts_building_140404-14050319105758.xlsx
1398-Q1,1398,1,بهار,گروه تاسیسات برقی,price_index,652.05,index points,1390,,جدول7,ts_building_140404-14050319105758.xlsx
1398-Q2,1398,2,تابستان,گروه تاسیسات برقی,price_index,627.487051375375,index points,1390,,جدول7,ts_building_140404-14050319105758.xlsx
1398-Q3,1398,3,پاییز,گروه تاسیسات برقی,price_index,646.481313313608,index points,1390,,جدول7,ts_building_140404-14050319105758.xlsx
1398-Q4,1398,4,زمستان,گروه تاسیسات برقی,price_index,708.129835937025,index points,1390,,جدول7,ts_building_140404-14050319105758.xlsx
1399-Q1,1399,1,بهار,گروه تاسیسات برقی,price_index,820,index points,1390,,جدول7,ts_building_140404-14050319105758.xlsx
1399-Q2,1399,2,تابستان,گروه تاسیسات برقی,price_index,998.827948595218,index points,1390,,جدول7,ts_building_140404-14050319105758.xlsx
1399-Q3,1399,3,پاییز,گروه تاسیسات برقی,price_index,1325.6,index points,1390,,جدول7,ts_building_140404-14050319105758.xlsx
1399-Q4,1399,4,زمستان,گروه تاسیسات برقی,price_index,1394.9,index points,1390,,جدول7,ts_building_140404-14050319105758.xlsx
1400-Q1,1400,1,بهار,گروه تاسیسات برقی,price_index,1492.48075353237,index points,1390,,جدول7,ts_building_140404-14050319105758.xlsx
1400-Q2,1400,2,تابستان,گروه تاسیسات برقی,price_index,1565.6,index points,1390,,جدول7,ts_building_140404-14050319105758.xlsx
1400-Q3,1400,3,پاییز,گروه تاسیسات برقی,price_index,1647,index points,1390,,جدول7,ts_building_140404-14050319105758.xlsx
1400-Q4,1400,4,زمستان,گروه تاسیسات برقی,price_index,1870.9,index points,1390,,جدول7,ts_building_140404-14050319105758.xlsx
1401-Q1,1401,1,بهار,گروه تاسیسات برقی,price_index,2195.2,index points,1390,,جدول7,ts_building_140404-14050319105758.xlsx
1401-Q2,1401,2,تابستان,گروه تاسیسات برقی,price_index,2183.3,index points,1390,,جدول7,ts_building_140404-14050319105758.xlsx
1401-Q3,1401,3,پاییز,گروه تاسیسات برقی,price_index,2452.8,index points,1390,,جدول7,ts_building_140404-14050319105758.xlsx
1401-Q4,1401,4,زمستان,گروه تاسیسات برقی,price_index,3208.1,index points,1390,,جدول7,ts_building_140404-14050319105758.xlsx
1402-Q1,1402,1,بهار,گروه تاسیسات برقی,price_index,3525.2,index points,1390,,جدول7,ts_building_140404-14050319105758.xlsx
1402-Q2,1402,2,تابستان,گروه تاسیسات برقی,price_index,3602.9,index points,1390,,جدول7,ts_building_140404-14050319105758.xlsx
1402-Q3,1402,3,پاییز,گروه تاسیسات برقی,price_index,3598,index points,1390,,جدول7,ts_building_140404-14050319105758.xlsx
1402-Q4,1402,4,زمستان,گروه تاسیسات برقی,price_index,3872.7,index points,1390,,جدول7,ts_building_140404-14050319105758.xlsx
1403-Q1,1403,1,بهار,گروه تاسیسات برقی,price_index,4138.7,index points,1390,,جدول7,ts_building_140404-14050319105758.xlsx
1403-Q2,1403,2,تابستان,گروه تاسیسات برقی,price_index,4254.4,index points,1390,,جدول7,ts_building_140404-14050319105758.xlsx
1403-Q3,1403,3,پاییز,گروه تاسیسات برقی,price_index,4574.4,index points,1390,,جدول7,ts_building_140404-14050319105758.xlsx
1403-Q4,1403,4,زمستان,گروه تاسیسات برقی,price_index,5171.7,index points,1390,,جدول7,ts_building_140404-14050319105758.xlsx
1404-Q1,1404,1,بهار,گروه تاسیسات برقی,price_index,5512.1,index points,1390,,جدول7,ts_building_140404-14050319105758.xlsx
1390-Q1,1390,1,بهار,گروه شیشه,price_index,98.8460186291901,index points,1390,,جدول7,ts_building_140404-14050319105758.xlsx
1390-Q2,1390,2,تابستان,گروه شیشه,price_index,97.674202272487,index points,1390,,جدول7,ts_building_140404-14050319105758.xlsx
1390-Q3,1390,3,پاییز,گروه شیشه,price_index,98.8362234168878,index points,1390,,جدول7,ts_building_140404-14050319105758.xlsx
1390-Q4,1390,4,زمستان,گروه شیشه,price_index,104.643555681436,index points,1390,,جدول7,ts_building_140404-14050319105758.xlsx
1391-Q1,1391,1,بهار,گروه شیشه,price_index,113.166876822724,index points,1390,,جدول7,ts_building_140404-14050319105758.xlsx
1391-Q2,1391,2,تابستان,گروه شیشه,price_index,118.471682533515,index points,1390,,جدول7,ts_building_140404-14050319105758.xlsx
1391-Q3,1391,3,پاییز,گروه شیشه,price_index,141.730380455604,index points,1390,,جدول7,ts_building_140404-14050319105758.xlsx
1391-Q4,1391,4,زمستان,گروه شیشه,price_index,146.434170576294,index points,1390,,جدول7,ts_building_140404-14050319105758.xlsx
1392-Q1,1392,1,بهار,گروه شیشه,price_index,159.225525315253,index points,1390,,جدول7,ts_building_140404-14050319105758.xlsx
1392-Q2,1392,2,تابستان,گروه شیشه,price_index,162.679596073069,index points,1390,,جدول7,ts_building_140404-14050319105758.xlsx
1392-Q3,1392,3,پاییز,گروه شیشه,price_index,150.472714085293,index points,1390,,جدول7,ts_building_140404-14050319105758.xlsx
1392-Q4,1392,4,زمستان,گروه شیشه,price_index,150.044533274005,index points,1390,,جدول7,ts_building_140404-14050319105758.xlsx
1393-Q1,1393,1,بهار,گروه شیشه,price_index,152.391417049666,index points,1390,,جدول7,ts_building_140404-14050319105758.xlsx
1393-Q2,1393,2,تابستان,گروه شیشه,price_index,159.028988042322,index points,1390,,جدول7,ts_building_140404-14050319105758.xlsx
1393-Q3,1393,3,پاییز,گروه شیشه,price_index,175.400800030889,index points,1390,,جدول7,ts_building_140404-14050319105758.xlsx
1393-Q4,1393,4,زمستان,گروه شیشه,price_index,176.605615370067,index points,1390,,جدول7,ts_building_140404-14050319105758.xlsx
1394-Q1,1394,1,بهار,گروه شیشه,price_index,184.462575793015,index points,1390,,جدول7,ts_building_140404-14050319105758.xlsx
1394-Q2,1394,2,تابستان,گروه شیشه,price_index,187.280204405366,index points,1390,,جدول7,ts_building_140404-14050319105758.xlsx
1394-Q3,1394,3,پاییز,گروه شیشه,price_index,187.280204405366,index points,1390,,جدول7,ts_building_140404-14050319105758.xlsx
1394-Q4,1394,4,زمستان,گروه شیشه,price_index,189.253351128847,index points,1390,,جدول7,ts_building_140404-14050319105758.xlsx
1395-Q1,1395,1,بهار,گروه شیشه,price_index,192.041568948617,index points,1390,,جدول7,ts_building_140404-14050319105758.xlsx
1395-Q2,1395,2,تابستان,گروه شیشه,price_index,192.062027900601,index points,1390,,جدول7,ts_building_140404-14050319105758.xlsx
1395-Q3,1395,3,پاییز,گروه شیشه,price_index,191.107065971521,index points,1390,,جدول7,ts_building_140404-14050319105758.xlsx
1395-Q4,1395,4,زمستان,گروه شیشه,price_index,177.886122912384,index points,1390,,جدول7,ts_building_140404-14050319105758.xlsx
1396-Q1,1396,1,بهار,گروه شیشه,price_index,179.5,index points,1390,,جدول7,ts_building_140404-14050319105758.xlsx
1396-Q2,1396,2,تابستان,گروه شیشه,price_index,183.4,index points,1390,,جدول7,ts_building_140404-14050319105758.xlsx
1396-Q3,1396,3,پاییز,گروه شیشه,price_index,190.8,index points,1390,,جدول7,ts_building_140404-14050319105758.xlsx
1396-Q4,1396,4,زمستان,گروه شیشه,price_index,210.3,index points,1390,,جدول7,ts_building_140404-14050319105758.xlsx
1397-Q1,1397,1,بهار,گروه شیشه,price_index,227.4,index points,1390,,جدول7,ts_building_140404-14050319105758.xlsx
1397-Q2,1397,2,تابستان,گروه شیشه,price_index,279.43,index points,1390,,جدول7,ts_building_140404-14050319105758.xlsx
1397-Q3,1397,3,پاییز,گروه شیشه,price_index,384.401682315038,index points,1390,,جدول7,ts_building_140404-14050319105758.xlsx
1397-Q4,1397,4,زمستان,گروه شیشه,price_index,363.29,index points,1390,,جدول7,ts_building_140404-14050319105758.xlsx
1398-Q1,1398,1,بهار,گروه شیشه,price_index,404.32,index points,1390,,جدول7,ts_building_140404-14050319105758.xlsx
1398-Q2,1398,2,تابستان,گروه شیشه,price_index,403.560328407896,index points,1390,,جدول7,ts_building_140404-14050319105758.xlsx
1398-Q3,1398,3,پاییز,گروه شیشه,price_index,404.35250108749,index points,1390,,جدول7,ts_building_140404-14050319105758.xlsx
1398-Q4,1398,4,زمستان,گروه شیشه,price_index,404.35250108749,index points,1390,,جدول7,ts_building_140404-14050319105758.xlsx
1399-Q1,1399,1,بهار,گروه شیشه,price_index,460.8,index points,1390,,جدول7,ts_building_140404-14050319105758.xlsx
1399-Q2,1399,2,تابستان,گروه شیشه,price_index,530.075454642782,index points,1390,,جدول7,ts_building_140404-14050319105758.xlsx
1399-Q3,1399,3,پاییز,گروه شیشه,price_index,582.3,index points,1390,,جدول7,ts_building_140404-14050319105758.xlsx
1399-Q4,1399,4,زمستان,گروه شیشه,price_index,745.8,index points,1390,,جدول7,ts_building_140404-14050319105758.xlsx
1400-Q1,1400,1,بهار,گروه شیشه,price_index,888.990023902368,index points,1390,,جدول7,ts_building_140404-14050319105758.xlsx
1400-Q2,1400,2,تابستان,گروه شیشه,price_index,992.1,index points,1390,,جدول7,ts_building_140404-14050319105758.xlsx
1400-Q3,1400,3,پاییز,گروه شیشه,price_index,1157.5,index points,1390,,جدول7,ts_building_140404-14050319105758.xlsx
1400-Q4,1400,4,زمستان,گروه شیشه,price_index,1260.6,index points,1390,,جدول7,ts_building_140404-14050319105758.xlsx
1401-Q1,1401,1,بهار,گروه شیشه,price_index,1708,index points,1390,,جدول7,ts_building_140404-14050319105758.xlsx
1401-Q2,1401,2,تابستان,گروه شیشه,price_index,1818.6,index points,1390,,جدول7,ts_building_140404-14050319105758.xlsx
1401-Q3,1401,3,پاییز,گروه شیشه,price_index,1896.9,index points,1390,,جدول7,ts_building_140404-14050319105758.xlsx
1401-Q4,1401,4,زمستان,گروه شیشه,price_index,2360.4,index points,1390,,جدول7,ts_building_140404-14050319105758.xlsx
1402-Q1,1402,1,بهار,گروه شیشه,price_index,2673.9,index points,1390,,جدول7,ts_building_140404-14050319105758.xlsx
1402-Q2,1402,2,تابستان,گروه شیشه,price_index,2757.4,index points,1390,,جدول7,ts_building_140404-14050319105758.xlsx
1402-Q3,1402,3,پاییز,گروه شیشه,price_index,2809.7,index points,1390,,جدول7,ts_building_140404-14050319105758.xlsx
1402-Q4,1402,4,زمستان,گروه شیشه,price_index,2855.1,index points,1390,,جدول7,ts_building_140404-14050319105758.xlsx
1403-Q1,1403,1,بهار,گروه شیشه,price_index,2894.5,index points,1390,,جدول7,ts_building_140404-14050319105758.xlsx
1403-Q2,1403,2,تابستان,گروه شیشه,price_index,3020.5,index points,1390,,جدول7,ts_building_140404-14050319105758.xlsx
1403-Q3,1403,3,پاییز,گروه شیشه,price_index,3285.5,index points,1390,,جدول7,ts_building_140404-14050319105758.xlsx
1403-Q4,1403,4,زمستان,گروه شیشه,price_index,3378.2,index points,1390,,جدول7,ts_building_140404-14050319105758.xlsx
1404-Q1,1404,1,بهار,گروه شیشه,price_index,3575.1,index points,1390,,جدول7,ts_building_140404-14050319105758.xlsx
1390-Q1,1390,1,بهار,گروه خدمات,price_index,97.4439108703677,index points,1390,,جدول7,ts_building_140404-14050319105758.xlsx
1390-Q2,1390,2,تابستان,گروه خدمات,price_index,98.9043159419737,index points,1390,,جدول7,ts_building_140404-14050319105758.xlsx
1390-Q3,1390,3,پاییز,گروه خدمات,price_index,98.8782601601604,index points,1390,,جدول7,ts_building_140404-14050319105758.xlsx
1390-Q4,1390,4,زمستان,گروه خدمات,price_index,104.773513027498,index points,1390,,جدول7,ts_building_140404-14050319105758.xlsx
1391-Q1,1391,1,بهار,گروه خدمات,price_index,119.586673624703,index points,1390,,جدول7,ts_building_140404-14050319105758.xlsx
1391-Q2,1391,2,تابستان,گروه خدمات,price_index,126.858622428342,index points,1390,,جدول7,ts_building_140404-14050319105758.xlsx
1391-Q3,1391,3,پاییز,گروه خدمات,price_index,131.547782454722,index points,1390,,جدول7,ts_building_140404-14050319105758.xlsx
1391-Q4,1391,4,زمستان,گروه خدمات,price_index,133.485810835092,index points,1390,,جدول7,ts_building_140404-14050319105758.xlsx
1392-Q1,1392,1,بهار,گروه خدمات,price_index,156.877755649933,index points,1390,,جدول7,ts_building_140404-14050319105758.xlsx
1392-Q2,1392,2,تابستان,گروه خدمات,price_index,157.165757545275,index points,1390,,جدول7,ts_building_140404-14050319105758.xlsx
1392-Q3,1392,3,پاییز,گروه خدمات,price_index,159.46451955965,index points,1390,,جدول7,ts_building_140404-14050319105758.xlsx
1392-Q4,1392,4,زمستان,گروه خدمات,price_index,159.683042324466,index points,1390,,جدول7,ts_building_140404-14050319105758.xlsx
1393-Q1,1393,1,بهار,گروه خدمات,price_index,171.873968412566,index points,1390,,جدول7,ts_building_140404-14050319105758.xlsx
1393-Q2,1393,2,تابستان,گروه خدمات,price_index,173.74019332333,index points,1390,,جدول7,ts_building_140404-14050319105758.xlsx
1393-Q3,1393,3,پاییز,گروه خدمات,price_index,176.316960593941,index points,1390,,جدول7,ts_building_140404-14050319105758.xlsx
1393-Q4,1393,4,زمستان,گروه خدمات,price_index,176.306956098867,index points,1390,,جدول7,ts_building_140404-14050319105758.xlsx
1394-Q1,1394,1,بهار,گروه خدمات,price_index,189.94848250787,index points,1390,,جدول7,ts_building_140404-14050319105758.xlsx
1394-Q2,1394,2,تابستان,گروه خدمات,price_index,195.716260255203,index points,1390,,جدول7,ts_building_140404-14050319105758.xlsx
1394-Q3,1394,3,پاییز,گروه خدمات,price_index,196.622226354715,index points,1390,,جدول7,ts_building_140404-14050319105758.xlsx
1394-Q4,1394,4,زمستان,گروه خدمات,price_index,196.949769544326,index points,1390,,جدول7,ts_building_140404-14050319105758.xlsx
1395-Q1,1395,1,بهار,گروه خدمات,price_index,211.526859057535,index points,1390,,جدول7,ts_building_140404-14050319105758.xlsx
1395-Q2,1395,2,تابستان,گروه خدمات,price_index,211.992060397366,index points,1390,,جدول7,ts_building_140404-14050319105758.xlsx
1395-Q3,1395,3,پاییز,گروه خدمات,price_index,212.668376646313,index points,1390,,جدول7,ts_building_140404-14050319105758.xlsx
1395-Q4,1395,4,زمستان,گروه خدمات,price_index,212.668376646313,index points,1390,,جدول7,ts_building_140404-14050319105758.xlsx
1396-Q1,1396,1,بهار,گروه خدمات,price_index,223.3,index points,1390,,جدول7,ts_building_140404-14050319105758.xlsx
1396-Q2,1396,2,تابستان,گروه خدمات,price_index,229.1,index points,1390,,جدول7,ts_building_140404-14050319105758.xlsx
1396-Q3,1396,3,پاییز,گروه خدمات,price_index,229.3,index points,1390,,جدول7,ts_building_140404-14050319105758.xlsx
1396-Q4,1396,4,زمستان,گروه خدمات,price_index,230.8,index points,1390,,جدول7,ts_building_140404-14050319105758.xlsx
1397-Q1,1397,1,بهار,گروه خدمات,price_index,264.18,index points,1390,,جدول7,ts_building_140404-14050319105758.xlsx
1397-Q2,1397,2,تابستان,گروه خدمات,price_index,274.81,index points,1390,,جدول7,ts_building_140404-14050319105758.xlsx
1397-Q3,1397,3,پاییز,گروه خدمات,price_index,281.024849813828,index points,1390,,جدول7,ts_building_140404-14050319105758.xlsx
1397-Q4,1397,4,زمستان,گروه خدمات,price_index,281.01,index points,1390,,جدول7,ts_building_140404-14050319105758.xlsx
1398-Q1,1398,1,بهار,گروه خدمات,price_index,342.47,index points,1390,,جدول7,ts_building_140404-14050319105758.xlsx
1398-Q2,1398,2,تابستان,گروه خدمات,price_index,345.003033077795,index points,1390,,جدول7,ts_building_140404-14050319105758.xlsx
1398-Q3,1398,3,پاییز,گروه خدمات,price_index,345.104434062364,index points,1390,,جدول7,ts_building_140404-14050319105758.xlsx
1398-Q4,1398,4,زمستان,گروه خدمات,price_index,345.876276406185,index points,1390,,جدول7,ts_building_140404-14050319105758.xlsx
1399-Q1,1399,1,بهار,گروه خدمات,price_index,435.1,index points,1390,,جدول7,ts_building_140404-14050319105758.xlsx
1399-Q2,1399,2,تابستان,گروه خدمات,price_index,458.92195919477,index points,1390,,جدول7,ts_building_140404-14050319105758.xlsx
1399-Q3,1399,3,پاییز,گروه خدمات,price_index,484.3,index points,1390,,جدول7,ts_building_140404-14050319105758.xlsx
1399-Q4,1399,4,زمستان,گروه خدمات,price_index,485.1,index points,1390,,جدول7,ts_building_140404-14050319105758.xlsx
1400-Q1,1400,1,بهار,گروه خدمات,price_index,619.425177559383,index points,1390,,جدول7,ts_building_140404-14050319105758.xlsx
1400-Q2,1400,2,تابستان,گروه خدمات,price_index,636.6,index points,1390,,جدول7,ts_building_140404-14050319105758.xlsx
1400-Q3,1400,3,پاییز,گروه خدمات,price_index,642.4,index points,1390,,جدول7,ts_building_140404-14050319105758.xlsx
1400-Q4,1400,4,زمستان,گروه خدمات,price_index,651,index points,1390,,جدول7,ts_building_140404-14050319105758.xlsx
1401-Q1,1401,1,بهار,گروه خدمات,price_index,995.2,index points,1390,,جدول7,ts_building_140404-14050319105758.xlsx
1401-Q2,1401,2,تابستان,گروه خدمات,price_index,1027.2,index points,1390,,جدول7,ts_building_140404-14050319105758.xlsx
1401-Q3,1401,3,پاییز,گروه خدمات,price_index,1027.2,index points,1390,,جدول7,ts_building_140404-14050319105758.xlsx
1401-Q4,1401,4,زمستان,گروه خدمات,price_index,1068.3,index points,1390,,جدول7,ts_building_140404-14050319105758.xlsx
1402-Q1,1402,1,بهار,گروه خدمات,price_index,1374.5,index points,1390,,جدول7,ts_building_140404-14050319105758.xlsx
1402-Q2,1402,2,تابستان,گروه خدمات,price_index,1382.3,index points,1390,,جدول7,ts_building_140404-14050319105758.xlsx
1402-Q3,1402,3,پاییز,گروه خدمات,price_index,1391.7,index points,1390,,جدول7,ts_building_140404-14050319105758.xlsx
1402-Q4,1402,4,زمستان,گروه خدمات,price_index,1400.4,index points,1390,,جدول7,ts_building_140404-14050319105758.xlsx
1403-Q1,1403,1,بهار,گروه خدمات,price_index,1944.5,index points,1390,,جدول7,ts_building_140404-14050319105758.xlsx
1403-Q2,1403,2,تابستان,گروه خدمات,price_index,1944.5,index points,1390,,جدول7,ts_building_140404-14050319105758.xlsx
1403-Q3,1403,3,پاییز,گروه خدمات,price_index,1989.7,index points,1390,,جدول7,ts_building_140404-14050319105758.xlsx
1403-Q4,1403,4,زمستان,گروه خدمات,price_index,2128.4,index points,1390,,جدول7,ts_building_140404-14050319105758.xlsx
1404-Q1,1404,1,بهار,گروه خدمات,price_index,2926.8,index points,1390,,جدول7,ts_building_140404-14050319105758.xlsx
