solar_hijri_year,consumption_group_fa,measure,value,unit,base_year,source_missing_marker,source_sheet,source_file
1381,شاخص کل,annual_cpi_index,3.1951060455336684,index points,1400,,جدول 5,sci_urban_household_cpi_inflation_national_provincial_1381_1405.xlsx
1382,شاخص کل,annual_cpi_index,3.639121121183072,index points,1400,,جدول 5,sci_urban_household_cpi_inflation_national_provincial_1381_1405.xlsx
1383,شاخص کل,annual_cpi_index,4.17085131806501,index points,1400,,جدول 5,sci_urban_household_cpi_inflation_national_provincial_1381_1405.xlsx
1384,شاخص کل,annual_cpi_index,4.675781153094391,index points,1400,,جدول 5,sci_urban_household_cpi_inflation_national_provincial_1381_1405.xlsx
1385,شاخص کل,annual_cpi_index,5.3163137009138355,index points,1400,,جدول 5,sci_urban_household_cpi_inflation_national_provincial_1381_1405.xlsx
1386,شاخص کل,annual_cpi_index,6.232269600201147,index points,1400,,جدول 5,sci_urban_household_cpi_inflation_national_provincial_1381_1405.xlsx
1387,شاخص کل,annual_cpi_index,7.824497232128764,index points,1400,,جدول 5,sci_urban_household_cpi_inflation_national_provincial_1381_1405.xlsx
1388,شاخص کل,annual_cpi_index,8.565144733133751,index points,1400,,جدول 5,sci_urban_household_cpi_inflation_national_provincial_1381_1405.xlsx
1389,شاخص کل,annual_cpi_index,9.75750855633694,index points,1400,,جدول 5,sci_urban_household_cpi_inflation_national_provincial_1381_1405.xlsx
1390,شاخص کل,annual_cpi_index,12.330015278434265,index points,1400,,جدول 5,sci_urban_household_cpi_inflation_national_provincial_1381_1405.xlsx
1391,شاخص کل,annual_cpi_index,15.851243049150135,index points,1400,,جدول 5,sci_urban_household_cpi_inflation_national_provincial_1381_1405.xlsx
1392,شاخص کل,annual_cpi_index,20.935204210983443,index points,1400,,جدول 5,sci_urban_household_cpi_inflation_national_provincial_1381_1405.xlsx
1393,شاخص کل,annual_cpi_index,24.03898354282344,index points,1400,,جدول 5,sci_urban_household_cpi_inflation_national_provincial_1381_1405.xlsx
1394,شاخص کل,annual_cpi_index,26.752301830041443,index points,1400,,جدول 5,sci_urban_household_cpi_inflation_national_provincial_1381_1405.xlsx
1395,شاخص کل,annual_cpi_index,28.558409828859766,index points,1400,,جدول 5,sci_urban_household_cpi_inflation_national_provincial_1381_1405.xlsx
1396,شاخص کل,annual_cpi_index,30.879931946648284,index points,1400,,جدول 5,sci_urban_household_cpi_inflation_national_provincial_1381_1405.xlsx
1397,شاخص کل,annual_cpi_index,39.10372858607505,index points,1400,,جدول 5,sci_urban_household_cpi_inflation_national_provincial_1381_1405.xlsx
1398,شاخص کل,annual_cpi_index,52.54628779644534,index points,1400,,جدول 5,sci_urban_household_cpi_inflation_national_provincial_1381_1405.xlsx
1399,شاخص کل,annual_cpi_index,71.56802063703525,index points,1400,,جدول 5,sci_urban_household_cpi_inflation_national_provincial_1381_1405.xlsx
1400,شاخص کل,annual_cpi_index,99.99999999999997,index points,1400,,جدول 5,sci_urban_household_cpi_inflation_national_provincial_1381_1405.xlsx
1401,شاخص کل,annual_cpi_index,144.9577563977919,index points,1400,,جدول 5,sci_urban_household_cpi_inflation_national_provincial_1381_1405.xlsx
1402,شاخص کل,annual_cpi_index,203.9602786158415,index points,1400,,جدول 5,sci_urban_household_cpi_inflation_national_provincial_1381_1405.xlsx
1403,شاخص کل,annual_cpi_index,270.8361344391956,index points,1400,,جدول 5,sci_urban_household_cpi_inflation_national_provincial_1381_1405.xlsx
1404,شاخص کل,annual_cpi_index,405.0818111987786,index points,1400,,جدول 5,sci_urban_household_cpi_inflation_national_provincial_1381_1405.xlsx
1405,شاخص کل,annual_cpi_index,,index points,1400,blank,جدول 5,sci_urban_household_cpi_inflation_national_provincial_1381_1405.xlsx
1381,خوراکی‌ها، آشامیدنی‌ها و دخانیات,annual_cpi_index,1.6291914858985592,index points,1400,,جدول 5,sci_urban_household_cpi_inflation_national_provincial_1381_1405.xlsx
1382,خوراکی‌ها، آشامیدنی‌ها و دخانیات,annual_cpi_index,1.8743198314904996,index points,1400,,جدول 5,sci_urban_household_cpi_inflation_national_provincial_1381_1405.xlsx
1383,خوراکی‌ها، آشامیدنی‌ها و دخانیات,annual_cpi_index,2.1553013489090205,index points,1400,,جدول 5,sci_urban_household_cpi_inflation_national_provincial_1381_1405.xlsx
1384,خوراکی‌ها، آشامیدنی‌ها و دخانیات,annual_cpi_index,2.379403581753132,index points,1400,,جدول 5,sci_urban_household_cpi_inflation_national_provincial_1381_1405.xlsx
1385,خوراکی‌ها، آشامیدنی‌ها و دخانیات,annual_cpi_index,2.686659902110147,index points,1400,,جدول 5,sci_urban_household_cpi_inflation_national_provincial_1381_1405.xlsx
1386,خوراکی‌ها، آشامیدنی‌ها و دخانیات,annual_cpi_index,3.2122354858549484,index points,1400,,جدول 5,sci_urban_household_cpi_inflation_national_provincial_1381_1405.xlsx
1387,خوراکی‌ها، آشامیدنی‌ها و دخانیات,annual_cpi_index,4.251252189852744,index points,1400,,جدول 5,sci_urban_household_cpi_inflation_national_provincial_1381_1405.xlsx
1388,خوراکی‌ها، آشامیدنی‌ها و دخانیات,annual_cpi_index,4.811086006908738,index points,1400,,جدول 5,sci_urban_household_cpi_inflation_national_provincial_1381_1405.xlsx
1389,خوراکی‌ها، آشامیدنی‌ها و دخانیات,annual_cpi_index,5.91134297105407,index points,1400,,جدول 5,sci_urban_household_cpi_inflation_national_provincial_1381_1405.xlsx
1390,خوراکی‌ها، آشامیدنی‌ها و دخانیات,annual_cpi_index,7.846507113618267,index points,1400,,جدول 5,sci_urban_household_cpi_inflation_national_provincial_1381_1405.xlsx
1391,خوراکی‌ها، آشامیدنی‌ها و دخانیات,annual_cpi_index,11.439650527480326,index points,1400,,جدول 5,sci_urban_household_cpi_inflation_national_provincial_1381_1405.xlsx
1392,خوراکی‌ها، آشامیدنی‌ها و دخانیات,annual_cpi_index,16.51573590038139,index points,1400,,جدول 5,sci_urban_household_cpi_inflation_national_provincial_1381_1405.xlsx
1393,خوراکی‌ها، آشامیدنی‌ها و دخانیات,annual_cpi_index,18.111309669931238,index points,1400,,جدول 5,sci_urban_household_cpi_inflation_national_provincial_1381_1405.xlsx
1394,خوراکی‌ها، آشامیدنی‌ها و دخانیات,annual_cpi_index,19.862076018042057,index points,1400,,جدول 5,sci_urban_household_cpi_inflation_national_provincial_1381_1405.xlsx
1395,خوراکی‌ها، آشامیدنی‌ها و دخانیات,annual_cpi_index,21.362929668445894,index points,1400,,جدول 5,sci_urban_household_cpi_inflation_national_provincial_1381_1405.xlsx
1396,خوراکی‌ها، آشامیدنی‌ها و دخانیات,annual_cpi_index,23.986334408357205,index points,1400,,جدول 5,sci_urban_household_cpi_inflation_national_provincial_1381_1405.xlsx
1397,خوراکی‌ها، آشامیدنی‌ها و دخانیات,annual_cpi_index,33.20109961398386,index points,1400,,جدول 5,sci_urban_household_cpi_inflation_national_provincial_1381_1405.xlsx
1398,خوراکی‌ها، آشامیدنی‌ها و دخانیات,annual_cpi_index,47.38805208096408,index points,1400,,جدول 5,sci_urban_household_cpi_inflation_national_provincial_1381_1405.xlsx
1399,خوراکی‌ها، آشامیدنی‌ها و دخانیات,annual_cpi_index,65.74759660034685,index points,1400,,جدول 5,sci_urban_household_cpi_inflation_national_provincial_1381_1405.xlsx
1400,خوراکی‌ها، آشامیدنی‌ها و دخانیات,annual_cpi_index,100.00000000000001,index points,1400,,جدول 5,sci_urban_household_cpi_inflation_national_provincial_1381_1405.xlsx
1401,خوراکی‌ها، آشامیدنی‌ها و دخانیات,annual_cpi_index,170.19809035178574,index points,1400,,جدول 5,sci_urban_household_cpi_inflation_national_provincial_1381_1405.xlsx
1402,خوراکی‌ها، آشامیدنی‌ها و دخانیات,annual_cpi_index,240.67235885120465,index points,1400,,جدول 5,sci_urban_household_cpi_inflation_national_provincial_1381_1405.xlsx
1403,خوراکی‌ها، آشامیدنی‌ها و دخانیات,annual_cpi_index,308.13203531764736,index points,1400,,جدول 5,sci_urban_household_cpi_inflation_national_provincial_1381_1405.xlsx
1404,خوراکی‌ها، آشامیدنی‌ها و دخانیات,annual_cpi_index,517.835730883726,index points,1400,,جدول 5,sci_urban_household_cpi_inflation_national_provincial_1381_1405.xlsx
1405,خوراکی‌ها، آشامیدنی‌ها و دخانیات,annual_cpi_index,,index points,1400,blank,جدول 5,sci_urban_household_cpi_inflation_national_provincial_1381_1405.xlsx
1381,01 - خوراکی‌ها و آشامیدنی‌ها,annual_cpi_index,,index points,1400,-,جدول 5,sci_urban_household_cpi_inflation_national_provincial_1381_1405.xlsx
1382,01 - خوراکی‌ها و آشامیدنی‌ها,annual_cpi_index,,index points,1400,-,جدول 5,sci_urban_household_cpi_inflation_national_provincial_1381_1405.xlsx
1383,01 - خوراکی‌ها و آشامیدنی‌ها,annual_cpi_index,,index points,1400,-,جدول 5,sci_urban_household_cpi_inflation_national_provincial_1381_1405.xlsx
1384,01 - خوراکی‌ها و آشامیدنی‌ها,annual_cpi_index,,index points,1400,-,جدول 5,sci_urban_household_cpi_inflation_national_provincial_1381_1405.xlsx
1385,01 - خوراکی‌ها و آشامیدنی‌ها,annual_cpi_index,,index points,1400,-,جدول 5,sci_urban_household_cpi_inflation_national_provincial_1381_1405.xlsx
1386,01 - خوراکی‌ها و آشامیدنی‌ها,annual_cpi_index,,index points,1400,-,جدول 5,sci_urban_household_cpi_inflation_national_provincial_1381_1405.xlsx
1387,01 - خوراکی‌ها و آشامیدنی‌ها,annual_cpi_index,,index points,1400,-,جدول 5,sci_urban_household_cpi_inflation_national_provincial_1381_1405.xlsx
1388,01 - خوراکی‌ها و آشامیدنی‌ها,annual_cpi_index,,index points,1400,-,جدول 5,sci_urban_household_cpi_inflation_national_provincial_1381_1405.xlsx
1389,01 - خوراکی‌ها و آشامیدنی‌ها,annual_cpi_index,,index points,1400,-,جدول 5,sci_urban_household_cpi_inflation_national_provincial_1381_1405.xlsx
1390,01 - خوراکی‌ها و آشامیدنی‌ها,annual_cpi_index,7.9011650931172275,index points,1400,,جدول 5,sci_urban_household_cpi_inflation_national_provincial_1381_1405.xlsx
1391,01 - خوراکی‌ها و آشامیدنی‌ها,annual_cpi_index,11.467894403490927,index points,1400,,جدول 5,sci_urban_household_cpi_inflation_national_provincial_1381_1405.xlsx
1392,01 - خوراکی‌ها و آشامیدنی‌ها,annual_cpi_index,16.525162749549384,index points,1400,,جدول 5,sci_urban_household_cpi_inflation_national_provincial_1381_1405.xlsx
1393,01 - خوراکی‌ها و آشامیدنی‌ها,annual_cpi_index,18.1485988308578,index points,1400,,جدول 5,sci_urban_household_cpi_inflation_national_provincial_1381_1405.xlsx
1394,01 - خوراکی‌ها و آشامیدنی‌ها,annual_cpi_index,19.930626588387934,index points,1400,,جدول 5,sci_urban_household_cpi_inflation_national_provincial_1381_1405.xlsx
1395,01 - خوراکی‌ها و آشامیدنی‌ها,annual_cpi_index,21.419000375696832,index points,1400,,جدول 5,sci_urban_household_cpi_inflation_national_provincial_1381_1405.xlsx
1396,01 - خوراکی‌ها و آشامیدنی‌ها,annual_cpi_index,24.072720086146994,index points,1400,,جدول 5,sci_urban_household_cpi_inflation_national_provincial_1381_1405.xlsx
1397,01 - خوراکی‌ها و آشامیدنی‌ها,annual_cpi_index,33.040592787244684,index points,1400,,جدول 5,sci_urban_household_cpi_inflation_national_provincial_1381_1405.xlsx
1398,01 - خوراکی‌ها و آشامیدنی‌ها,annual_cpi_index,47.28243477613219,index points,1400,,جدول 5,sci_urban_household_cpi_inflation_national_provincial_1381_1405.xlsx
1399,01 - خوراکی‌ها و آشامیدنی‌ها,annual_cpi_index,65.59266545977455,index points,1400,,جدول 5,sci_urban_household_cpi_inflation_national_provincial_1381_1405.xlsx
1400,01 - خوراکی‌ها و آشامیدنی‌ها,annual_cpi_index,100.00000000000003,index points,1400,,جدول 5,sci_urban_household_cpi_inflation_national_provincial_1381_1405.xlsx
1401,01 - خوراکی‌ها و آشامیدنی‌ها,annual_cpi_index,170.81477975787763,index points,1400,,جدول 5,sci_urban_household_cpi_inflation_national_provincial_1381_1405.xlsx
1402,01 - خوراکی‌ها و آشامیدنی‌ها,annual_cpi_index,241.523041619221,index points,1400,,جدول 5,sci_urban_household_cpi_inflation_national_provincial_1381_1405.xlsx
1403,01 - خوراکی‌ها و آشامیدنی‌ها,annual_cpi_index,309.2736524040387,index points,1400,,جدول 5,sci_urban_household_cpi_inflation_national_provincial_1381_1405.xlsx
1404,01 - خوراکی‌ها و آشامیدنی‌ها,annual_cpi_index,520.135575551507,index points,1400,,جدول 5,sci_urban_household_cpi_inflation_national_provincial_1381_1405.xlsx
1405,01 - خوراکی‌ها و آشامیدنی‌ها,annual_cpi_index,,index points,1400,blank,جدول 5,sci_urban_household_cpi_inflation_national_provincial_1381_1405.xlsx
1381,011 - خوراکیها,annual_cpi_index,1.58094691453882,index points,1400,,جدول 5,sci_urban_household_cpi_inflation_national_provincial_1381_1405.xlsx
1382,011 - خوراکیها,annual_cpi_index,1.823675838554826,index points,1400,,جدول 5,sci_urban_household_cpi_inflation_national_provincial_1381_1405.xlsx
1383,011 - خوراکیها,annual_cpi_index,2.1081425910505445,index points,1400,,جدول 5,sci_urban_household_cpi_inflation_national_provincial_1381_1405.xlsx
1384,011 - خوراکیها,annual_cpi_index,2.32666709071052,index points,1400,,جدول 5,sci_urban_household_cpi_inflation_national_provincial_1381_1405.xlsx
1385,011 - خوراکیها,annual_cpi_index,2.6399206169829497,index points,1400,,جدول 5,sci_urban_household_cpi_inflation_national_provincial_1381_1405.xlsx
1386,011 - خوراکیها,annual_cpi_index,3.1732057866565984,index points,1400,,جدول 5,sci_urban_household_cpi_inflation_national_provincial_1381_1405.xlsx
1387,011 - خوراکیها,annual_cpi_index,4.2353381096480005,index points,1400,,جدول 5,sci_urban_household_cpi_inflation_national_provincial_1381_1405.xlsx
1388,011 - خوراکیها,annual_cpi_index,4.7792848820927665,index points,1400,,جدول 5,sci_urban_household_cpi_inflation_national_provincial_1381_1405.xlsx
1389,011 - خوراکیها,annual_cpi_index,5.930709240383498,index points,1400,,جدول 5,sci_urban_household_cpi_inflation_national_provincial_1381_1405.xlsx
1390,011 - خوراکیها,annual_cpi_index,7.996362463655207,index points,1400,,جدول 5,sci_urban_household_cpi_inflation_national_provincial_1381_1405.xlsx
1391,011 - خوراکیها,annual_cpi_index,11.591160692788169,index points,1400,,جدول 5,sci_urban_household_cpi_inflation_national_provincial_1381_1405.xlsx
1392,011 - خوراکیها,annual_cpi_index,16.658621718423543,index points,1400,,جدول 5,sci_urban_household_cpi_inflation_national_provincial_1381_1405.xlsx
1393,011 - خوراکیها,annual_cpi_index,18.28606521666037,index points,1400,,جدول 5,sci_urban_household_cpi_inflation_national_provincial_1381_1405.xlsx
1394,011 - خوراکیها,annual_cpi_index,20.095577570381156,index points,1400,,جدول 5,sci_urban_household_cpi_inflation_national_provincial_1381_1405.xlsx
1395,011 - خوراکیها,annual_cpi_index,21.5883335005218,index points,1400,,جدول 5,sci_urban_household_cpi_inflation_national_provincial_1381_1405.xlsx
1396,011 - خوراکیها,annual_cpi_index,24.277742696977676,index points,1400,,جدول 5,sci_urban_household_cpi_inflation_national_provincial_1381_1405.xlsx
1397,011 - خوراکیها,annual_cpi_index,33.296061560596314,index points,1400,,جدول 5,sci_urban_household_cpi_inflation_national_provincial_1381_1405.xlsx
1398,011 - خوراکیها,annual_cpi_index,47.46237559381422,index points,1400,,جدول 5,sci_urban_household_cpi_inflation_national_provincial_1381_1405.xlsx
1399,011 - خوراکیها,annual_cpi_index,65.65970008949338,index points,1400,,جدول 5,sci_urban_household_cpi_inflation_national_provincial_1381_1405.xlsx
1400,011 - خوراکیها,annual_cpi_index,100,index points,1400,,جدول 5,sci_urban_household_cpi_inflation_national_provincial_1381_1405.xlsx
1401,011 - خوراکیها,annual_cpi_index,172.75406753547654,index points,1400,,جدول 5,sci_urban_household_cpi_inflation_national_provincial_1381_1405.xlsx
1402,011 - خوراکیها,annual_cpi_index,244.07027698743036,index points,1400,,جدول 5,sci_urban_household_cpi_inflation_national_provincial_1381_1405.xlsx
1403,011 - خوراکیها,annual_cpi_index,312.1773759350166,index points,1400,,جدول 5,sci_urban_household_cpi_inflation_national_provincial_1381_1405.xlsx
1404,011 - خوراکیها,annual_cpi_index,525.1528400825424,index points,1400,,جدول 5,sci_urban_household_cpi_inflation_national_provincial_1381_1405.xlsx
1405,011 - خوراکیها,annual_cpi_index,,index points,1400,blank,جدول 5,sci_urban_household_cpi_inflation_national_provincial_1381_1405.xlsx
1381,0111 - نان و غلات,annual_cpi_index,2.094473329477604,index points,1400,,جدول 5,sci_urban_household_cpi_inflation_national_provincial_1381_1405.xlsx
1382,0111 - نان و غلات,annual_cpi_index,2.356835609018061,index points,1400,,جدول 5,sci_urban_household_cpi_inflation_national_provincial_1381_1405.xlsx
1383,0111 - نان و غلات,annual_cpi_index,2.6071847357983957,index points,1400,,جدول 5,sci_urban_household_cpi_inflation_national_provincial_1381_1405.xlsx
1384,0111 - نان و غلات,annual_cpi_index,2.9332836548288834,index points,1400,,جدول 5,sci_urban_household_cpi_inflation_national_provincial_1381_1405.xlsx
1385,0111 - نان و غلات,annual_cpi_index,3.1955258847135024,index points,1400,,جدول 5,sci_urban_household_cpi_inflation_national_provincial_1381_1405.xlsx
1386,0111 - نان و غلات,annual_cpi_index,3.780636862052295,index points,1400,,جدول 5,sci_urban_household_cpi_inflation_national_provincial_1381_1405.xlsx
1387,0111 - نان و غلات,annual_cpi_index,5.721858252259233,index points,1400,,جدول 5,sci_urban_household_cpi_inflation_national_provincial_1381_1405.xlsx
1388,0111 - نان و غلات,annual_cpi_index,5.718816433066197,index points,1400,,جدول 5,sci_urban_household_cpi_inflation_national_provincial_1381_1405.xlsx
1389,0111 - نان و غلات,annual_cpi_index,6.795274362649566,index points,1400,,جدول 5,sci_urban_household_cpi_inflation_national_provincial_1381_1405.xlsx
1390,0111 - نان و غلات,annual_cpi_index,10.543049770378747,index points,1400,,جدول 5,sci_urban_household_cpi_inflation_national_provincial_1381_1405.xlsx
1391,0111 - نان و غلات,annual_cpi_index,14.141346701541464,index points,1400,,جدول 5,sci_urban_household_cpi_inflation_national_provincial_1381_1405.xlsx
1392,0111 - نان و غلات,annual_cpi_index,18.86773482746084,index points,1400,,جدول 5,sci_urban_household_cpi_inflation_national_provincial_1381_1405.xlsx
1393,0111 - نان و غلات,annual_cpi_index,21.096026613863128,index points,1400,,جدول 5,sci_urban_household_cpi_inflation_national_provincial_1381_1405.xlsx
1394,0111 - نان و غلات,annual_cpi_index,23.992994973551603,index points,1400,,جدول 5,sci_urban_household_cpi_inflation_national_provincial_1381_1405.xlsx
1395,0111 - نان و غلات,annual_cpi_index,26.089032766687197,index points,1400,,جدول 5,sci_urban_household_cpi_inflation_national_provincial_1381_1405.xlsx
1396,0111 - نان و غلات,annual_cpi_index,28.254626049689055,index points,1400,,جدول 5,sci_urban_household_cpi_inflation_national_provincial_1381_1405.xlsx
1397,0111 - نان و غلات,annual_cpi_index,33.83621793529322,index points,1400,,جدول 5,sci_urban_household_cpi_inflation_national_provincial_1381_1405.xlsx
1398,0111 - نان و غلات,annual_cpi_index,45.506967000808515,index points,1400,,جدول 5,sci_urban_household_cpi_inflation_national_provincial_1381_1405.xlsx
1399,0111 - نان و غلات,annual_cpi_index,66.83691758285657,index points,1400,,جدول 5,sci_urban_household_cpi_inflation_national_provincial_1381_1405.xlsx
1400,0111 - نان و غلات,annual_cpi_index,100.00000000000001,index points,1400,,جدول 5,sci_urban_household_cpi_inflation_national_provincial_1381_1405.xlsx
1401,0111 - نان و غلات,annual_cpi_index,178.34243951737065,index points,1400,,جدول 5,sci_urban_household_cpi_inflation_national_provincial_1381_1405.xlsx
1402,0111 - نان و غلات,annual_cpi_index,214.55039675452008,index points,1400,,جدول 5,sci_urban_household_cpi_inflation_national_provincial_1381_1405.xlsx
1403,0111 - نان و غلات,annual_cpi_index,257.26984022797035,index points,1400,,جدول 5,sci_urban_household_cpi_inflation_national_provincial_1381_1405.xlsx
1404,0111 - نان و غلات,annual_cpi_index,513.0922884796901,index points,1400,,جدول 5,sci_urban_household_cpi_inflation_national_provincial_1381_1405.xlsx
1405,0111 - نان و غلات,annual_cpi_index,,index points,1400,blank,جدول 5,sci_urban_household_cpi_inflation_national_provincial_1381_1405.xlsx
1381,گوشت قرمز و سفید و فرآورده هائ آنها,annual_cpi_index,1.880334330115589,index points,1400,,جدول 5,sci_urban_household_cpi_inflation_national_provincial_1381_1405.xlsx
1382,گوشت قرمز و سفید و فرآورده هائ آنها,annual_cpi_index,2.1727862298546037,index points,1400,,جدول 5,sci_urban_household_cpi_inflation_national_provincial_1381_1405.xlsx
1383,گوشت قرمز و سفید و فرآورده هائ آنها,annual_cpi_index,2.432625185675913,index points,1400,,جدول 5,sci_urban_household_cpi_inflation_national_provincial_1381_1405.xlsx
1384,گوشت قرمز و سفید و فرآورده هائ آنها,annual_cpi_index,2.5761187349095045,index points,1400,,جدول 5,sci_urban_household_cpi_inflation_national_provincial_1381_1405.xlsx
1385,گوشت قرمز و سفید و فرآورده هائ آنها,annual_cpi_index,2.903682319602632,index points,1400,,جدول 5,sci_urban_household_cpi_inflation_national_provincial_1381_1405.xlsx
1386,گوشت قرمز و سفید و فرآورده هائ آنها,annual_cpi_index,3.45699770763211,index points,1400,,جدول 5,sci_urban_household_cpi_inflation_national_provincial_1381_1405.xlsx
1387,گوشت قرمز و سفید و فرآورده هائ آنها,annual_cpi_index,4.392624605876402,index points,1400,,جدول 5,sci_urban_household_cpi_inflation_national_provincial_1381_1405.xlsx
1388,گوشت قرمز و سفید و فرآورده هائ آنها,annual_cpi_index,5.403991570274583,index points,1400,,جدول 5,sci_urban_household_cpi_inflation_national_provincial_1381_1405.xlsx
1389,گوشت قرمز و سفید و فرآورده هائ آنها,annual_cpi_index,7.109756309324632,index points,1400,,جدول 5,sci_urban_household_cpi_inflation_national_provincial_1381_1405.xlsx
1390,گوشت قرمز و سفید و فرآورده هائ آنها,annual_cpi_index,8.300846201007621,index points,1400,,جدول 5,sci_urban_household_cpi_inflation_national_provincial_1381_1405.xlsx
1391,گوشت قرمز و سفید و فرآورده هائ آنها,annual_cpi_index,12.67395331704686,index points,1400,,جدول 5,sci_urban_household_cpi_inflation_national_provincial_1381_1405.xlsx
1392,گوشت قرمز و سفید و فرآورده هائ آنها,annual_cpi_index,16.86072973776506,index points,1400,,جدول 5,sci_urban_household_cpi_inflation_national_provincial_1381_1405.xlsx
1393,گوشت قرمز و سفید و فرآورده هائ آنها,annual_cpi_index,18.024108288398985,index points,1400,,جدول 5,sci_urban_household_cpi_inflation_national_provincial_1381_1405.xlsx
1394,گوشت قرمز و سفید و فرآورده هائ آنها,annual_cpi_index,18.924975156782835,index points,1400,,جدول 5,sci_urban_household_cpi_inflation_national_provincial_1381_1405.xlsx
1395,گوشت قرمز و سفید و فرآورده هائ آنها,annual_cpi_index,20.949629062188034,index points,1400,,جدول 5,sci_urban_household_cpi_inflation_national_provincial_1381_1405.xlsx
1396,گوشت قرمز و سفید و فرآورده هائ آنها,annual_cpi_index,24.063526445125238,index points,1400,,جدول 5,sci_urban_household_cpi_inflation_national_provincial_1381_1405.xlsx
1397,گوشت قرمز و سفید و فرآورده هائ آنها,annual_cpi_index,35.8092668100462,index points,1400,,جدول 5,sci_urban_household_cpi_inflation_national_provincial_1381_1405.xlsx
1398,گوشت قرمز و سفید و فرآورده هائ آنها,annual_cpi_index,53.70778318429073,index points,1400,,جدول 5,sci_urban_household_cpi_inflation_national_provincial_1381_1405.xlsx
1399,گوشت قرمز و سفید و فرآورده هائ آنها,annual_cpi_index,67.96038064540426,index points,1400,,جدول 5,sci_urban_household_cpi_inflation_national_provincial_1381_1405.xlsx
1400,گوشت قرمز و سفید و فرآورده هائ آنها,annual_cpi_index,100.00000000000001,index points,1400,,جدول 5,sci_urban_household_cpi_inflation_national_provincial_1381_1405.xlsx
1401,گوشت قرمز و سفید و فرآورده هائ آنها,annual_cpi_index,163.77751310847958,index points,1400,,جدول 5,sci_urban_household_cpi_inflation_national_provincial_1381_1405.xlsx
1402,گوشت قرمز و سفید و فرآورده هائ آنها,annual_cpi_index,304.01085603614473,index points,1400,,جدول 5,sci_urban_household_cpi_inflation_national_provincial_1381_1405.xlsx
1403,گوشت قرمز و سفید و فرآورده هائ آنها,annual_cpi_index,387.82159115102826,index points,1400,,جدول 5,sci_urban_household_cpi_inflation_national_provincial_1381_1405.xlsx
1404,گوشت قرمز و سفید و فرآورده هائ آنها,annual_cpi_index,584.8224914544471,index points,1400,,جدول 5,sci_urban_household_cpi_inflation_national_provincial_1381_1405.xlsx
1405,گوشت قرمز و سفید و فرآورده هائ آنها,annual_cpi_index,,index points,1400,blank,جدول 5,sci_urban_household_cpi_inflation_national_provincial_1381_1405.xlsx
1381,0112 - گوشت قرمز و گوشت ماکیان,annual_cpi_index,2.0135687695423674,index points,1400,,جدول 5,sci_urban_household_cpi_inflation_national_provincial_1381_1405.xlsx
1382,0112 - گوشت قرمز و گوشت ماکیان,annual_cpi_index,2.3197325738970753,index points,1400,,جدول 5,sci_urban_household_cpi_inflation_national_provincial_1381_1405.xlsx
1383,0112 - گوشت قرمز و گوشت ماکیان,annual_cpi_index,2.592192195648907,index points,1400,,جدول 5,sci_urban_household_cpi_inflation_national_provincial_1381_1405.xlsx
1384,0112 - گوشت قرمز و گوشت ماکیان,annual_cpi_index,2.7114752657208667,index points,1400,,جدول 5,sci_urban_household_cpi_inflation_national_provincial_1381_1405.xlsx
1385,0112 - گوشت قرمز و گوشت ماکیان,annual_cpi_index,3.057242775706115,index points,1400,,جدول 5,sci_urban_household_cpi_inflation_national_provincial_1381_1405.xlsx
1386,0112 - گوشت قرمز و گوشت ماکیان,annual_cpi_index,3.64577037056801,index points,1400,,جدول 5,sci_urban_household_cpi_inflation_national_provincial_1381_1405.xlsx
1387,0112 - گوشت قرمز و گوشت ماکیان,annual_cpi_index,4.626090461229202,index points,1400,,جدول 5,sci_urban_household_cpi_inflation_national_provincial_1381_1405.xlsx
1388,0112 - گوشت قرمز و گوشت ماکیان,annual_cpi_index,5.721974306895335,index points,1400,,جدول 5,sci_urban_household_cpi_inflation_national_provincial_1381_1405.xlsx
1389,0112 - گوشت قرمز و گوشت ماکیان,annual_cpi_index,7.628345791117449,index points,1400,,جدول 5,sci_urban_household_cpi_inflation_national_provincial_1381_1405.xlsx
1390,0112 - گوشت قرمز و گوشت ماکیان,annual_cpi_index,8.851470722481487,index points,1400,,جدول 5,sci_urban_household_cpi_inflation_national_provincial_1381_1405.xlsx
1391,0112 - گوشت قرمز و گوشت ماکیان,annual_cpi_index,13.383145113826176,index points,1400,,جدول 5,sci_urban_household_cpi_inflation_national_provincial_1381_1405.xlsx
1392,0112 - گوشت قرمز و گوشت ماکیان,annual_cpi_index,17.569932366848327,index points,1400,,جدول 5,sci_urban_household_cpi_inflation_national_provincial_1381_1405.xlsx
1393,0112 - گوشت قرمز و گوشت ماکیان,annual_cpi_index,18.533117884070048,index points,1400,,جدول 5,sci_urban_household_cpi_inflation_national_provincial_1381_1405.xlsx
1394,0112 - گوشت قرمز و گوشت ماکیان,annual_cpi_index,19.171990503583366,index points,1400,,جدول 5,sci_urban_household_cpi_inflation_national_provincial_1381_1405.xlsx
1395,0112 - گوشت قرمز و گوشت ماکیان,annual_cpi_index,21.33075356619406,index points,1400,,جدول 5,sci_urban_household_cpi_inflation_national_provincial_1381_1405.xlsx
1396,0112 - گوشت قرمز و گوشت ماکیان,annual_cpi_index,24.83105568346606,index points,1400,,جدول 5,sci_urban_household_cpi_inflation_national_provincial_1381_1405.xlsx
1397,0112 - گوشت قرمز و گوشت ماکیان,annual_cpi_index,36.95357194492782,index points,1400,,جدول 5,sci_urban_household_cpi_inflation_national_provincial_1381_1405.xlsx
1398,0112 - گوشت قرمز و گوشت ماکیان,annual_cpi_index,55.10583621299748,index points,1400,,جدول 5,sci_urban_household_cpi_inflation_national_provincial_1381_1405.xlsx
1399,0112 - گوشت قرمز و گوشت ماکیان,annual_cpi_index,69.17151396349693,index points,1400,,جدول 5,sci_urban_household_cpi_inflation_national_provincial_1381_1405.xlsx
1400,0112 - گوشت قرمز و گوشت ماکیان,annual_cpi_index,100.00000000000003,index points,1400,,جدول 5,sci_urban_household_cpi_inflation_national_provincial_1381_1405.xlsx
1401,0112 - گوشت قرمز و گوشت ماکیان,annual_cpi_index,166.78098050801808,index points,1400,,جدول 5,sci_urban_household_cpi_inflation_national_provincial_1381_1405.xlsx
1402,0112 - گوشت قرمز و گوشت ماکیان,annual_cpi_index,313.1056286747408,index points,1400,,جدول 5,sci_urban_household_cpi_inflation_national_provincial_1381_1405.xlsx
1403,0112 - گوشت قرمز و گوشت ماکیان,annual_cpi_index,398.8290897197732,index points,1400,,جدول 5,sci_urban_household_cpi_inflation_national_provincial_1381_1405.xlsx
1404,0112 - گوشت قرمز و گوشت ماکیان,annual_cpi_index,602.4623100197251,index points,1400,,جدول 5,sci_urban_household_cpi_inflation_national_provincial_1381_1405.xlsx
1405,0112 - گوشت قرمز و گوشت ماکیان,annual_cpi_index,,index points,1400,blank,جدول 5,sci_urban_household_cpi_inflation_national_provincial_1381_1405.xlsx
1381,0113 - ماهی ها و صدف داران,annual_cpi_index,1.2357470354090403,index points,1400,,جدول 5,sci_urban_household_cpi_inflation_national_provincial_1381_1405.xlsx
1382,0113 - ماهی ها و صدف داران,annual_cpi_index,1.4658859264115849,index points,1400,,جدول 5,sci_urban_household_cpi_inflation_national_provincial_1381_1405.xlsx
1383,0113 - ماهی ها و صدف داران,annual_cpi_index,1.6679910173448993,index points,1400,,جدول 5,sci_urban_household_cpi_inflation_national_provincial_1381_1405.xlsx
1384,0113 - ماهی ها و صدف داران,annual_cpi_index,1.9483534432936613,index points,1400,,جدول 5,sci_urban_household_cpi_inflation_national_provincial_1381_1405.xlsx
1385,0113 - ماهی ها و صدف داران,annual_cpi_index,2.1907209520346536,index points,1400,,جدول 5,sci_urban_household_cpi_inflation_national_provincial_1381_1405.xlsx
1386,0113 - ماهی ها و صدف داران,annual_cpi_index,2.5759731223162547,index points,1400,,جدول 5,sci_urban_household_cpi_inflation_national_provincial_1381_1405.xlsx
1387,0113 - ماهی ها و صدف داران,annual_cpi_index,3.3077780353784743,index points,1400,,جدول 5,sci_urban_household_cpi_inflation_national_provincial_1381_1405.xlsx
1388,0113 - ماهی ها و صدف داران,annual_cpi_index,3.9028721660944456,index points,1400,,جدول 5,sci_urban_household_cpi_inflation_national_provincial_1381_1405.xlsx
1389,0113 - ماهی ها و صدف داران,annual_cpi_index,4.592317666964697,index points,1400,,جدول 5,sci_urban_household_cpi_inflation_national_provincial_1381_1405.xlsx
1390,0113 - ماهی ها و صدف داران,annual_cpi_index,5.658486728065354,index points,1400,,جدول 5,sci_urban_household_cpi_inflation_national_provincial_1381_1405.xlsx
1391,0113 - ماهی ها و صدف داران,annual_cpi_index,9.23263312003946,index points,1400,,جدول 5,sci_urban_household_cpi_inflation_national_provincial_1381_1405.xlsx
1392,0113 - ماهی ها و صدف داران,annual_cpi_index,13.339070332363614,index points,1400,,جدول 5,sci_urban_household_cpi_inflation_national_provincial_1381_1405.xlsx
1393,0113 - ماهی ها و صدف داران,annual_cpi_index,15.382957017906582,index points,1400,,جدول 5,sci_urban_household_cpi_inflation_national_provincial_1381_1405.xlsx
1394,0113 - ماهی ها و صدف داران,annual_cpi_index,17.448073614196566,index points,1400,,جدول 5,sci_urban_household_cpi_inflation_national_provincial_1381_1405.xlsx
1395,0113 - ماهی ها و صدف داران,annual_cpi_index,18.82910312630475,index points,1400,,جدول 5,sci_urban_household_cpi_inflation_national_provincial_1381_1405.xlsx
1396,0113 - ماهی ها و صدف داران,annual_cpi_index,19.793096075671148,index points,1400,,جدول 5,sci_urban_household_cpi_inflation_national_provincial_1381_1405.xlsx
1397,0113 - ماهی ها و صدف داران,annual_cpi_index,29.442505576970063,index points,1400,,جدول 5,sci_urban_household_cpi_inflation_national_provincial_1381_1405.xlsx
1398,0113 - ماهی ها و صدف داران,annual_cpi_index,45.92920249490531,index points,1400,,جدول 5,sci_urban_household_cpi_inflation_national_provincial_1381_1405.xlsx
1399,0113 - ماهی ها و صدف داران,annual_cpi_index,61.221796309228004,index points,1400,,جدول 5,sci_urban_household_cpi_inflation_national_provincial_1381_1405.xlsx
1400,0113 - ماهی ها و صدف داران,annual_cpi_index,100.00000000000001,index points,1400,,جدول 5,sci_urban_household_cpi_inflation_national_provincial_1381_1405.xlsx
1401,0113 - ماهی ها و صدف داران,annual_cpi_index,138.50379857458202,index points,1400,,جدول 5,sci_urban_household_cpi_inflation_national_provincial_1381_1405.xlsx
1402,0113 - ماهی ها و صدف داران,annual_cpi_index,227.47974820594106,index points,1400,,جدول 5,sci_urban_household_cpi_inflation_national_provincial_1381_1405.xlsx
1403,0113 - ماهی ها و صدف داران,annual_cpi_index,295.1951898784531,index points,1400,,جدول 5,sci_urban_household_cpi_inflation_national_provincial_1381_1405.xlsx
1404,0113 - ماهی ها و صدف داران,annual_cpi_index,436.38614121568753,index points,1400,,جدول 5,sci_urban_household_cpi_inflation_national_provincial_1381_1405.xlsx
1405,0113 - ماهی ها و صدف داران,annual_cpi_index,,index points,1400,blank,جدول 5,sci_urban_household_cpi_inflation_national_provincial_1381_1405.xlsx
1381,0114 - شیر، پنیر و تخم مرغ,annual_cpi_index,1.6271481253677185,index points,1400,,جدول 5,sci_urban_household_cpi_inflation_national_provincial_1381_1405.xlsx
1382,0114 - شیر، پنیر و تخم مرغ,annual_cpi_index,1.9205232718619896,index points,1400,,جدول 5,sci_urban_household_cpi_inflation_national_provincial_1381_1405.xlsx
1383,0114 - شیر، پنیر و تخم مرغ,annual_cpi_index,2.3379501622738847,index points,1400,,جدول 5,sci_urban_household_cpi_inflation_national_provincial_1381_1405.xlsx
1384,0114 - شیر، پنیر و تخم مرغ,annual_cpi_index,2.5256475279174673,index points,1400,,جدول 5,sci_urban_household_cpi_inflation_national_provincial_1381_1405.xlsx
1385,0114 - شیر، پنیر و تخم مرغ,annual_cpi_index,2.890803627133071,index points,1400,,جدول 5,sci_urban_household_cpi_inflation_national_provincial_1381_1405.xlsx
1386,0114 - شیر، پنیر و تخم مرغ,annual_cpi_index,3.5823260099738117,index points,1400,,جدول 5,sci_urban_household_cpi_inflation_national_provincial_1381_1405.xlsx
1387,0114 - شیر، پنیر و تخم مرغ,annual_cpi_index,4.670508864267619,index points,1400,,جدول 5,sci_urban_household_cpi_inflation_national_provincial_1381_1405.xlsx
1388,0114 - شیر، پنیر و تخم مرغ,annual_cpi_index,5.17872554916264,index points,1400,,جدول 5,sci_urban_household_cpi_inflation_national_provincial_1381_1405.xlsx
1389,0114 - شیر، پنیر و تخم مرغ,annual_cpi_index,5.538593996287135,index points,1400,,جدول 5,sci_urban_household_cpi_inflation_national_provincial_1381_1405.xlsx
1390,0114 - شیر، پنیر و تخم مرغ,annual_cpi_index,7.896824243691615,index points,1400,,جدول 5,sci_urban_household_cpi_inflation_national_provincial_1381_1405.xlsx
1391,0114 - شیر، پنیر و تخم مرغ,annual_cpi_index,11.767392991209997,index points,1400,,جدول 5,sci_urban_household_cpi_inflation_national_provincial_1381_1405.xlsx
1392,0114 - شیر، پنیر و تخم مرغ,annual_cpi_index,15.515527086830744,index points,1400,,جدول 5,sci_urban_household_cpi_inflation_national_provincial_1381_1405.xlsx
1393,0114 - شیر، پنیر و تخم مرغ,annual_cpi_index,17.732522846825795,index points,1400,,جدول 5,sci_urban_household_cpi_inflation_national_provincial_1381_1405.xlsx
1394,0114 - شیر، پنیر و تخم مرغ,annual_cpi_index,19.374950584989463,index points,1400,,جدول 5,sci_urban_household_cpi_inflation_national_provincial_1381_1405.xlsx
1395,0114 - شیر، پنیر و تخم مرغ,annual_cpi_index,20.476592130344184,index points,1400,,جدول 5,sci_urban_household_cpi_inflation_national_provincial_1381_1405.xlsx
1396,0114 - شیر، پنیر و تخم مرغ,annual_cpi_index,22.54084713872892,index points,1400,,جدول 5,sci_urban_household_cpi_inflation_national_provincial_1381_1405.xlsx
1397,0114 - شیر، پنیر و تخم مرغ,annual_cpi_index,30.374430414881502,index points,1400,,جدول 5,sci_urban_household_cpi_inflation_national_provincial_1381_1405.xlsx
1398,0114 - شیر، پنیر و تخم مرغ,annual_cpi_index,41.52124784316678,index points,1400,,جدول 5,sci_urban_household_cpi_inflation_national_provincial_1381_1405.xlsx
1399,0114 - شیر، پنیر و تخم مرغ,annual_cpi_index,62.1520932531508,index points,1400,,جدول 5,sci_urban_household_cpi_inflation_national_provincial_1381_1405.xlsx
1400,0114 - شیر، پنیر و تخم مرغ,annual_cpi_index,100.00000000000001,index points,1400,,جدول 5,sci_urban_household_cpi_inflation_national_provincial_1381_1405.xlsx
1401,0114 - شیر، پنیر و تخم مرغ,annual_cpi_index,185.54588298339533,index points,1400,,جدول 5,sci_urban_household_cpi_inflation_national_provincial_1381_1405.xlsx
1402,0114 - شیر، پنیر و تخم مرغ,annual_cpi_index,247.10427358554355,index points,1400,,جدول 5,sci_urban_household_cpi_inflation_national_provincial_1381_1405.xlsx
1403,0114 - شیر، پنیر و تخم مرغ,annual_cpi_index,297.47720170903705,index points,1400,,جدول 5,sci_urban_household_cpi_inflation_national_provincial_1381_1405.xlsx
1404,0114 - شیر، پنیر و تخم مرغ,annual_cpi_index,475.2563760093894,index points,1400,,جدول 5,sci_urban_household_cpi_inflation_national_provincial_1381_1405.xlsx
1405,0114 - شیر، پنیر و تخم مرغ,annual_cpi_index,,index points,1400,blank,جدول 5,sci_urban_household_cpi_inflation_national_provincial_1381_1405.xlsx
1381,0115 - روغنها و چربیها,annual_cpi_index,1.7753030695736811,index points,1400,,جدول 5,sci_urban_household_cpi_inflation_national_provincial_1381_1405.xlsx
1382,0115 - روغنها و چربیها,annual_cpi_index,2.014535055396646,index points,1400,,جدول 5,sci_urban_household_cpi_inflation_national_provincial_1381_1405.xlsx
1383,0115 - روغنها و چربیها,annual_cpi_index,2.2695975066488194,index points,1400,,جدول 5,sci_urban_household_cpi_inflation_national_provincial_1381_1405.xlsx
1384,0115 - روغنها و چربیها,annual_cpi_index,2.4308187941458557,index points,1400,,جدول 5,sci_urban_household_cpi_inflation_national_provincial_1381_1405.xlsx
1385,0115 - روغنها و چربیها,annual_cpi_index,2.5824394148135,index points,1400,,جدول 5,sci_urban_household_cpi_inflation_national_provincial_1381_1405.xlsx
1386,0115 - روغنها و چربیها,annual_cpi_index,3.45834439639899,index points,1400,,جدول 5,sci_urban_household_cpi_inflation_national_provincial_1381_1405.xlsx
1387,0115 - روغنها و چربیها,annual_cpi_index,4.913934824614948,index points,1400,,جدول 5,sci_urban_household_cpi_inflation_national_provincial_1381_1405.xlsx
1388,0115 - روغنها و چربیها,annual_cpi_index,5.074696883022092,index points,1400,,جدول 5,sci_urban_household_cpi_inflation_national_provincial_1381_1405.xlsx
1389,0115 - روغنها و چربیها,annual_cpi_index,6.201579933970781,index points,1400,,جدول 5,sci_urban_household_cpi_inflation_national_provincial_1381_1405.xlsx
1390,0115 - روغنها و چربیها,annual_cpi_index,8.962711836363644,index points,1400,,جدول 5,sci_urban_household_cpi_inflation_national_provincial_1381_1405.xlsx
1391,0115 - روغنها و چربیها,annual_cpi_index,12.971806339327562,index points,1400,,جدول 5,sci_urban_household_cpi_inflation_national_provincial_1381_1405.xlsx
1392,0115 - روغنها و چربیها,annual_cpi_index,19.45443870216435,index points,1400,,جدول 5,sci_urban_household_cpi_inflation_national_provincial_1381_1405.xlsx
1393,0115 - روغنها و چربیها,annual_cpi_index,21.256596421426284,index points,1400,,جدول 5,sci_urban_household_cpi_inflation_national_provincial_1381_1405.xlsx
1394,0115 - روغنها و چربیها,annual_cpi_index,22.01356465158604,index points,1400,,جدول 5,sci_urban_household_cpi_inflation_national_provincial_1381_1405.xlsx
1395,0115 - روغنها و چربیها,annual_cpi_index,23.148238709349922,index points,1400,,جدول 5,sci_urban_household_cpi_inflation_national_provincial_1381_1405.xlsx
1396,0115 - روغنها و چربیها,annual_cpi_index,25.520667463184342,index points,1400,,جدول 5,sci_urban_household_cpi_inflation_national_provincial_1381_1405.xlsx
1397,0115 - روغنها و چربیها,annual_cpi_index,33.20041000084509,index points,1400,,جدول 5,sci_urban_household_cpi_inflation_national_provincial_1381_1405.xlsx
1398,0115 - روغنها و چربیها,annual_cpi_index,42.648046566819964,index points,1400,,جدول 5,sci_urban_household_cpi_inflation_national_provincial_1381_1405.xlsx
1399,0115 - روغنها و چربیها,annual_cpi_index,61.168591143771806,index points,1400,,جدول 5,sci_urban_household_cpi_inflation_national_provincial_1381_1405.xlsx
1400,0115 - روغنها و چربیها,annual_cpi_index,100,index points,1400,,جدول 5,sci_urban_household_cpi_inflation_national_provincial_1381_1405.xlsx
1401,0115 - روغنها و چربیها,annual_cpi_index,323.21198360877344,index points,1400,,جدول 5,sci_urban_household_cpi_inflation_national_provincial_1381_1405.xlsx
1402,0115 - روغنها و چربیها,annual_cpi_index,371.8828345485062,index points,1400,,جدول 5,sci_urban_household_cpi_inflation_national_provincial_1381_1405.xlsx
1403,0115 - روغنها و چربیها,annual_cpi_index,398.5167614380065,index points,1400,,جدول 5,sci_urban_household_cpi_inflation_national_provincial_1381_1405.xlsx
1404,0115 - روغنها و چربیها,annual_cpi_index,711.5715180557904,index points,1400,,جدول 5,sci_urban_household_cpi_inflation_national_provincial_1381_1405.xlsx
1405,0115 - روغنها و چربیها,annual_cpi_index,,index points,1400,blank,جدول 5,sci_urban_household_cpi_inflation_national_provincial_1381_1405.xlsx
1381,0116 - میوه و خشکبار,annual_cpi_index,1.7341017958295224,index points,1400,,جدول 5,sci_urban_household_cpi_inflation_national_provincial_1381_1405.xlsx
1382,0116 - میوه و خشکبار,annual_cpi_index,1.9928293118382059,index points,1400,,جدول 5,sci_urban_household_cpi_inflation_national_provincial_1381_1405.xlsx
1383,0116 - میوه و خشکبار,annual_cpi_index,2.461633061903298,index points,1400,,جدول 5,sci_urban_household_cpi_inflation_national_provincial_1381_1405.xlsx
1384,0116 - میوه و خشکبار,annual_cpi_index,2.708298258891478,index points,1400,,جدول 5,sci_urban_household_cpi_inflation_national_provincial_1381_1405.xlsx
1385,0116 - میوه و خشکبار,annual_cpi_index,3.0323337506979007,index points,1400,,جدول 5,sci_urban_household_cpi_inflation_national_provincial_1381_1405.xlsx
1386,0116 - میوه و خشکبار,annual_cpi_index,3.695857715906061,index points,1400,,جدول 5,sci_urban_household_cpi_inflation_national_provincial_1381_1405.xlsx
1387,0116 - میوه و خشکبار,annual_cpi_index,4.684591006298101,index points,1400,,جدول 5,sci_urban_household_cpi_inflation_national_provincial_1381_1405.xlsx
1388,0116 - میوه و خشکبار,annual_cpi_index,5.40382542180775,index points,1400,,جدول 5,sci_urban_household_cpi_inflation_national_provincial_1381_1405.xlsx
1389,0116 - میوه و خشکبار,annual_cpi_index,5.786711839999174,index points,1400,,جدول 5,sci_urban_household_cpi_inflation_national_provincial_1381_1405.xlsx
1390,0116 - میوه و خشکبار,annual_cpi_index,7.04956686202971,index points,1400,,جدول 5,sci_urban_household_cpi_inflation_national_provincial_1381_1405.xlsx
1391,0116 - میوه و خشکبار,annual_cpi_index,9.998475897820128,index points,1400,,جدول 5,sci_urban_household_cpi_inflation_national_provincial_1381_1405.xlsx
1392,0116 - میوه و خشکبار,annual_cpi_index,15.705187318483986,index points,1400,,جدول 5,sci_urban_household_cpi_inflation_national_provincial_1381_1405.xlsx
1393,0116 - میوه و خشکبار,annual_cpi_index,17.238571253649127,index points,1400,,جدول 5,sci_urban_household_cpi_inflation_national_provincial_1381_1405.xlsx
1394,0116 - میوه و خشکبار,annual_cpi_index,19.90218364387198,index points,1400,,جدول 5,sci_urban_household_cpi_inflation_national_provincial_1381_1405.xlsx
1395,0116 - میوه و خشکبار,annual_cpi_index,19.782694585782608,index points,1400,,جدول 5,sci_urban_household_cpi_inflation_national_provincial_1381_1405.xlsx
1396,0116 - میوه و خشکبار,annual_cpi_index,22.033693796510825,index points,1400,,جدول 5,sci_urban_household_cpi_inflation_national_provincial_1381_1405.xlsx
1397,0116 - میوه و خشکبار,annual_cpi_index,34.080804823668025,index points,1400,,جدول 5,sci_urban_household_cpi_inflation_national_provincial_1381_1405.xlsx
1398,0116 - میوه و خشکبار,annual_cpi_index,46.058536995012226,index points,1400,,جدول 5,sci_urban_household_cpi_inflation_national_provincial_1381_1405.xlsx
1399,0116 - میوه و خشکبار,annual_cpi_index,68.49194455991879,index points,1400,,جدول 5,sci_urban_household_cpi_inflation_national_provincial_1381_1405.xlsx
1400,0116 - میوه و خشکبار,annual_cpi_index,99.99999999999999,index points,1400,,جدول 5,sci_urban_household_cpi_inflation_national_provincial_1381_1405.xlsx
1401,0116 - میوه و خشکبار,annual_cpi_index,143.70038715644773,index points,1400,,جدول 5,sci_urban_household_cpi_inflation_national_provincial_1381_1405.xlsx
1402,0116 - میوه و خشکبار,annual_cpi_index,212.08305264829735,index points,1400,,جدول 5,sci_urban_household_cpi_inflation_national_provincial_1381_1405.xlsx
1403,0116 - میوه و خشکبار,annual_cpi_index,281.8640303617633,index points,1400,,جدول 5,sci_urban_household_cpi_inflation_national_provincial_1381_1405.xlsx
1404,0116 - میوه و خشکبار,annual_cpi_index,524.6804590799394,index points,1400,,جدول 5,sci_urban_household_cpi_inflation_national_provincial_1381_1405.xlsx
1405,0116 - میوه و خشکبار,annual_cpi_index,,index points,1400,blank,جدول 5,sci_urban_household_cpi_inflation_national_provincial_1381_1405.xlsx
1381,0117 - سبزیجات (سبزی‌ها و حبوبات ),annual_cpi_index,0.5110622256784892,index points,1400,,جدول 5,sci_urban_household_cpi_inflation_national_provincial_1381_1405.xlsx
1382,0117 - سبزیجات (سبزی‌ها و حبوبات ),annual_cpi_index,0.6281470606427341,index points,1400,,جدول 5,sci_urban_household_cpi_inflation_national_provincial_1381_1405.xlsx
1383,0117 - سبزیجات (سبزی‌ها و حبوبات ),annual_cpi_index,0.7676253280904263,index points,1400,,جدول 5,sci_urban_household_cpi_inflation_national_provincial_1381_1405.xlsx
1384,0117 - سبزیجات (سبزی‌ها و حبوبات ),annual_cpi_index,0.9139188197210013,index points,1400,,جدول 5,sci_urban_household_cpi_inflation_national_provincial_1381_1405.xlsx
1385,0117 - سبزیجات (سبزی‌ها و حبوبات ),annual_cpi_index,1.169169525821922,index points,1400,,جدول 5,sci_urban_household_cpi_inflation_national_provincial_1381_1405.xlsx
1386,0117 - سبزیجات (سبزی‌ها و حبوبات ),annual_cpi_index,1.388053774110594,index points,1400,,جدول 5,sci_urban_household_cpi_inflation_national_provincial_1381_1405.xlsx
1387,0117 - سبزیجات (سبزی‌ها و حبوبات ),annual_cpi_index,1.7930961394224392,index points,1400,,جدول 5,sci_urban_household_cpi_inflation_national_provincial_1381_1405.xlsx
1388,0117 - سبزیجات (سبزی‌ها و حبوبات ),annual_cpi_index,2.1001297400925814,index points,1400,,جدول 5,sci_urban_household_cpi_inflation_national_provincial_1381_1405.xlsx
1389,0117 - سبزیجات (سبزی‌ها و حبوبات ),annual_cpi_index,3.1196609946143643,index points,1400,,جدول 5,sci_urban_household_cpi_inflation_national_provincial_1381_1405.xlsx
1390,0117 - سبزیجات (سبزی‌ها و حبوبات ),annual_cpi_index,4.608193662343885,index points,1400,,جدول 5,sci_urban_household_cpi_inflation_national_provincial_1381_1405.xlsx
1391,0117 - سبزیجات (سبزی‌ها و حبوبات ),annual_cpi_index,7.579094291498896,index points,1400,,جدول 5,sci_urban_household_cpi_inflation_national_provincial_1381_1405.xlsx
1392,0117 - سبزیجات (سبزی‌ها و حبوبات ),annual_cpi_index,13.903339578532902,index points,1400,,جدول 5,sci_urban_household_cpi_inflation_national_provincial_1381_1405.xlsx
1393,0117 - سبزیجات (سبزی‌ها و حبوبات ),annual_cpi_index,14.864680325596112,index points,1400,,جدول 5,sci_urban_household_cpi_inflation_national_provincial_1381_1405.xlsx
1394,0117 - سبزیجات (سبزی‌ها و حبوبات ),annual_cpi_index,16.321866140712192,index points,1400,,جدول 5,sci_urban_household_cpi_inflation_national_provincial_1381_1405.xlsx
1395,0117 - سبزیجات (سبزی‌ها و حبوبات ),annual_cpi_index,17.93432426686987,index points,1400,,جدول 5,sci_urban_household_cpi_inflation_national_provincial_1381_1405.xlsx
1396,0117 - سبزیجات (سبزی‌ها و حبوبات ),annual_cpi_index,22.681572279086115,index points,1400,,جدول 5,sci_urban_household_cpi_inflation_national_provincial_1381_1405.xlsx
1397,0117 - سبزیجات (سبزی‌ها و حبوبات ),annual_cpi_index,30.076959977480293,index points,1400,,جدول 5,sci_urban_household_cpi_inflation_national_provincial_1381_1405.xlsx
1398,0117 - سبزیجات (سبزی‌ها و حبوبات ),annual_cpi_index,46.671745622139454,index points,1400,,جدول 5,sci_urban_household_cpi_inflation_national_provincial_1381_1405.xlsx
1399,0117 - سبزیجات (سبزی‌ها و حبوبات ),annual_cpi_index,62.19234581722104,index points,1400,,جدول 5,sci_urban_household_cpi_inflation_national_provincial_1381_1405.xlsx
1400,0117 - سبزیجات (سبزی‌ها و حبوبات ),annual_cpi_index,100,index points,1400,,جدول 5,sci_urban_household_cpi_inflation_national_provincial_1381_1405.xlsx
1401,0117 - سبزیجات (سبزی‌ها و حبوبات ),annual_cpi_index,161.95559701201304,index points,1400,,جدول 5,sci_urban_household_cpi_inflation_national_provincial_1381_1405.xlsx
1402,0117 - سبزیجات (سبزی‌ها و حبوبات ),annual_cpi_index,210.7738538887577,index points,1400,,جدول 5,sci_urban_household_cpi_inflation_national_provincial_1381_1405.xlsx
1403,0117 - سبزیجات (سبزی‌ها و حبوبات ),annual_cpi_index,319.7466919573445,index points,1400,,جدول 5,sci_urban_household_cpi_inflation_national_provincial_1381_1405.xlsx
1404,0117 - سبزیجات (سبزی‌ها و حبوبات ),annual_cpi_index,510.4770703335578,index points,1400,,جدول 5,sci_urban_household_cpi_inflation_national_provincial_1381_1405.xlsx
1405,0117 - سبزیجات (سبزی‌ها و حبوبات ),annual_cpi_index,,index points,1400,blank,جدول 5,sci_urban_household_cpi_inflation_national_provincial_1381_1405.xlsx
1381,0118 - شکر، مربا، عسل ، شکلات و شیرینی(قند و شکر و شیرینی‌ها),annual_cpi_index,2.733014053254912,index points,1400,,جدول 5,sci_urban_household_cpi_inflation_national_provincial_1381_1405.xlsx
1382,0118 - شکر، مربا، عسل ، شکلات و شیرینی(قند و شکر و شیرینی‌ها),annual_cpi_index,3.0457098448195783,index points,1400,,جدول 5,sci_urban_household_cpi_inflation_national_provincial_1381_1405.xlsx
1383,0118 - شکر، مربا، عسل ، شکلات و شیرینی(قند و شکر و شیرینی‌ها),annual_cpi_index,3.501655564471175,index points,1400,,جدول 5,sci_urban_household_cpi_inflation_national_provincial_1381_1405.xlsx
1384,0118 - شکر، مربا، عسل ، شکلات و شیرینی(قند و شکر و شیرینی‌ها),annual_cpi_index,3.8332035507033586,index points,1400,,جدول 5,sci_urban_household_cpi_inflation_national_provincial_1381_1405.xlsx
1385,0118 - شکر، مربا، عسل ، شکلات و شیرینی(قند و شکر و شیرینی‌ها),annual_cpi_index,4.1893664542682085,index points,1400,,جدول 5,sci_urban_household_cpi_inflation_national_provincial_1381_1405.xlsx
1386,0118 - شکر، مربا، عسل ، شکلات و شیرینی(قند و شکر و شیرینی‌ها),annual_cpi_index,4.615941074147278,index points,1400,,جدول 5,sci_urban_household_cpi_inflation_national_provincial_1381_1405.xlsx
1387,0118 - شکر، مربا، عسل ، شکلات و شیرینی(قند و شکر و شیرینی‌ها),annual_cpi_index,5.460394512335939,index points,1400,,جدول 5,sci_urban_household_cpi_inflation_national_provincial_1381_1405.xlsx
1388,0118 - شکر، مربا، عسل ، شکلات و شیرینی(قند و شکر و شیرینی‌ها),annual_cpi_index,6.075097512729937,index points,1400,,جدول 5,sci_urban_household_cpi_inflation_national_provincial_1381_1405.xlsx
1389,0118 - شکر، مربا، عسل ، شکلات و شیرینی(قند و شکر و شیرینی‌ها),annual_cpi_index,7.250498802616054,index points,1400,,جدول 5,sci_urban_household_cpi_inflation_national_provincial_1381_1405.xlsx
1390,0118 - شکر، مربا، عسل ، شکلات و شیرینی(قند و شکر و شیرینی‌ها),annual_cpi_index,9.350923031173677,index points,1400,,جدول 5,sci_urban_household_cpi_inflation_national_provincial_1381_1405.xlsx
1391,0118 - شکر، مربا، عسل ، شکلات و شیرینی(قند و شکر و شیرینی‌ها),annual_cpi_index,11.968388627366146,index points,1400,,جدول 5,sci_urban_household_cpi_inflation_national_provincial_1381_1405.xlsx
1392,0118 - شکر، مربا، عسل ، شکلات و شیرینی(قند و شکر و شیرینی‌ها),annual_cpi_index,16.4467101657085,index points,1400,,جدول 5,sci_urban_household_cpi_inflation_national_provincial_1381_1405.xlsx
1393,0118 - شکر، مربا، عسل ، شکلات و شیرینی(قند و شکر و شیرینی‌ها),annual_cpi_index,18.50433790697791,index points,1400,,جدول 5,sci_urban_household_cpi_inflation_national_provincial_1381_1405.xlsx
1394,0118 - شکر، مربا، عسل ، شکلات و شیرینی(قند و شکر و شیرینی‌ها),annual_cpi_index,20.310617124944994,index points,1400,,جدول 5,sci_urban_household_cpi_inflation_national_provincial_1381_1405.xlsx
1395,0118 - شکر، مربا، عسل ، شکلات و شیرینی(قند و شکر و شیرینی‌ها),annual_cpi_index,22.01576750031079,index points,1400,,جدول 5,sci_urban_household_cpi_inflation_national_provincial_1381_1405.xlsx
1396,0118 - شکر، مربا، عسل ، شکلات و شیرینی(قند و شکر و شیرینی‌ها),annual_cpi_index,23.379369719903945,index points,1400,,جدول 5,sci_urban_household_cpi_inflation_national_provincial_1381_1405.xlsx
1397,0118 - شکر، مربا، عسل ، شکلات و شیرینی(قند و شکر و شیرینی‌ها),annual_cpi_index,29.244510311781013,index points,1400,,جدول 5,sci_urban_household_cpi_inflation_national_provincial_1381_1405.xlsx
1398,0118 - شکر، مربا، عسل ، شکلات و شیرینی(قند و شکر و شیرینی‌ها),annual_cpi_index,44.149541616125845,index points,1400,,جدول 5,sci_urban_household_cpi_inflation_national_provincial_1381_1405.xlsx
1399,0118 - شکر، مربا، عسل ، شکلات و شیرینی(قند و شکر و شیرینی‌ها),annual_cpi_index,62.42230581034237,index points,1400,,جدول 5,sci_urban_household_cpi_inflation_national_provincial_1381_1405.xlsx
1400,0118 - شکر، مربا، عسل ، شکلات و شیرینی(قند و شکر و شیرینی‌ها),annual_cpi_index,100,index points,1400,,جدول 5,sci_urban_household_cpi_inflation_national_provincial_1381_1405.xlsx
1401,0118 - شکر، مربا، عسل ، شکلات و شیرینی(قند و شکر و شیرینی‌ها),annual_cpi_index,159.0206273583667,index points,1400,,جدول 5,sci_urban_household_cpi_inflation_national_provincial_1381_1405.xlsx
1402,0118 - شکر، مربا، عسل ، شکلات و شیرینی(قند و شکر و شیرینی‌ها),annual_cpi_index,216.04072443014707,index points,1400,,جدول 5,sci_urban_household_cpi_inflation_national_provincial_1381_1405.xlsx
1403,0118 - شکر، مربا، عسل ، شکلات و شیرینی(قند و شکر و شیرینی‌ها),annual_cpi_index,286.89686937173957,index points,1400,,جدول 5,sci_urban_household_cpi_inflation_national_provincial_1381_1405.xlsx
1404,0118 - شکر، مربا، عسل ، شکلات و شیرینی(قند و شکر و شیرینی‌ها),annual_cpi_index,423.7224931522088,index points,1400,,جدول 5,sci_urban_household_cpi_inflation_national_provincial_1381_1405.xlsx
1405,0118 - شکر، مربا، عسل ، شکلات و شیرینی(قند و شکر و شیرینی‌ها),annual_cpi_index,,index points,1400,blank,جدول 5,sci_urban_household_cpi_inflation_national_provincial_1381_1405.xlsx
1381,0119 - محصولات خوراکی طبقه بندی نشده در جای دیگر,annual_cpi_index,2.4084441298886885,index points,1400,,جدول 5,sci_urban_household_cpi_inflation_national_provincial_1381_1405.xlsx
1382,0119 - محصولات خوراکی طبقه بندی نشده در جای دیگر,annual_cpi_index,2.6092904437540385,index points,1400,,جدول 5,sci_urban_household_cpi_inflation_national_provincial_1381_1405.xlsx
1383,0119 - محصولات خوراکی طبقه بندی نشده در جای دیگر,annual_cpi_index,2.973390121740024,index points,1400,,جدول 5,sci_urban_household_cpi_inflation_national_provincial_1381_1405.xlsx
1384,0119 - محصولات خوراکی طبقه بندی نشده در جای دیگر,annual_cpi_index,3.4550247103303025,index points,1400,,جدول 5,sci_urban_household_cpi_inflation_national_provincial_1381_1405.xlsx
1385,0119 - محصولات خوراکی طبقه بندی نشده در جای دیگر,annual_cpi_index,3.6739091099642773,index points,1400,,جدول 5,sci_urban_household_cpi_inflation_national_provincial_1381_1405.xlsx
1386,0119 - محصولات خوراکی طبقه بندی نشده در جای دیگر,annual_cpi_index,4.554383041252128,index points,1400,,جدول 5,sci_urban_household_cpi_inflation_national_provincial_1381_1405.xlsx
1387,0119 - محصولات خوراکی طبقه بندی نشده در جای دیگر,annual_cpi_index,6.1435478885075785,index points,1400,,جدول 5,sci_urban_household_cpi_inflation_national_provincial_1381_1405.xlsx
1388,0119 - محصولات خوراکی طبقه بندی نشده در جای دیگر,annual_cpi_index,7.365370379648347,index points,1400,,جدول 5,sci_urban_household_cpi_inflation_national_provincial_1381_1405.xlsx
1389,0119 - محصولات خوراکی طبقه بندی نشده در جای دیگر,annual_cpi_index,7.877948710572068,index points,1400,,جدول 5,sci_urban_household_cpi_inflation_national_provincial_1381_1405.xlsx
1390,0119 - محصولات خوراکی طبقه بندی نشده در جای دیگر,annual_cpi_index,8.726198097828844,index points,1400,,جدول 5,sci_urban_household_cpi_inflation_national_provincial_1381_1405.xlsx
1391,0119 - محصولات خوراکی طبقه بندی نشده در جای دیگر,annual_cpi_index,11.487253927151187,index points,1400,,جدول 5,sci_urban_household_cpi_inflation_national_provincial_1381_1405.xlsx
1392,0119 - محصولات خوراکی طبقه بندی نشده در جای دیگر,annual_cpi_index,16.898163035189082,index points,1400,,جدول 5,sci_urban_household_cpi_inflation_national_provincial_1381_1405.xlsx
1393,0119 - محصولات خوراکی طبقه بندی نشده در جای دیگر,annual_cpi_index,19.553329014471768,index points,1400,,جدول 5,sci_urban_household_cpi_inflation_national_provincial_1381_1405.xlsx
1394,0119 - محصولات خوراکی طبقه بندی نشده در جای دیگر,annual_cpi_index,21.163259326674105,index points,1400,,جدول 5,sci_urban_household_cpi_inflation_national_provincial_1381_1405.xlsx
1395,0119 - محصولات خوراکی طبقه بندی نشده در جای دیگر,annual_cpi_index,22.44878395334917,index points,1400,,جدول 5,sci_urban_household_cpi_inflation_national_provincial_1381_1405.xlsx
1396,0119 - محصولات خوراکی طبقه بندی نشده در جای دیگر,annual_cpi_index,23.82429238553834,index points,1400,,جدول 5,sci_urban_household_cpi_inflation_national_provincial_1381_1405.xlsx
1397,0119 - محصولات خوراکی طبقه بندی نشده در جای دیگر,annual_cpi_index,38.18041374471614,index points,1400,,جدول 5,sci_urban_household_cpi_inflation_national_provincial_1381_1405.xlsx
1398,0119 - محصولات خوراکی طبقه بندی نشده در جای دیگر,annual_cpi_index,56.76431452699649,index points,1400,,جدول 5,sci_urban_household_cpi_inflation_national_provincial_1381_1405.xlsx
1399,0119 - محصولات خوراکی طبقه بندی نشده در جای دیگر,annual_cpi_index,66.79964929114995,index points,1400,,جدول 5,sci_urban_household_cpi_inflation_national_provincial_1381_1405.xlsx
1400,0119 - محصولات خوراکی طبقه بندی نشده در جای دیگر,annual_cpi_index,100.00000000000001,index points,1400,,جدول 5,sci_urban_household_cpi_inflation_national_provincial_1381_1405.xlsx
1401,0119 - محصولات خوراکی طبقه بندی نشده در جای دیگر,annual_cpi_index,152.13941738211005,index points,1400,,جدول 5,sci_urban_household_cpi_inflation_national_provincial_1381_1405.xlsx
1402,0119 - محصولات خوراکی طبقه بندی نشده در جای دیگر,annual_cpi_index,191.5752396136865,index points,1400,,جدول 5,sci_urban_household_cpi_inflation_national_provincial_1381_1405.xlsx
1403,0119 - محصولات خوراکی طبقه بندی نشده در جای دیگر,annual_cpi_index,250.04656797015448,index points,1400,,جدول 5,sci_urban_household_cpi_inflation_national_provincial_1381_1405.xlsx
1404,0119 - محصولات خوراکی طبقه بندی نشده در جای دیگر,annual_cpi_index,384.5683535907425,index points,1400,,جدول 5,sci_urban_household_cpi_inflation_national_provincial_1381_1405.xlsx
1405,0119 - محصولات خوراکی طبقه بندی نشده در جای دیگر,annual_cpi_index,,index points,1400,blank,جدول 5,sci_urban_household_cpi_inflation_national_provincial_1381_1405.xlsx
1381,012 - چای، قهوه، کاکائو، نوشابه و آب میوه (نوشابه های غیر الکلی),annual_cpi_index,2.242282821188953,index points,1400,,جدول 5,sci_urban_household_cpi_inflation_national_provincial_1381_1405.xlsx
1382,012 - چای، قهوه، کاکائو، نوشابه و آب میوه (نوشابه های غیر الکلی),annual_cpi_index,2.504293849052175,index points,1400,,جدول 5,sci_urban_household_cpi_inflation_national_provincial_1381_1405.xlsx
1383,012 - چای، قهوه، کاکائو، نوشابه و آب میوه (نوشابه های غیر الکلی),annual_cpi_index,2.706272632811582,index points,1400,,جدول 5,sci_urban_household_cpi_inflation_national_provincial_1381_1405.xlsx
1384,012 - چای، قهوه، کاکائو، نوشابه و آب میوه (نوشابه های غیر الکلی),annual_cpi_index,2.9501443394001483,index points,1400,,جدول 5,sci_urban_household_cpi_inflation_national_provincial_1381_1405.xlsx
1385,012 - چای، قهوه، کاکائو، نوشابه و آب میوه (نوشابه های غیر الکلی),annual_cpi_index,3.120616245359454,index points,1400,,جدول 5,sci_urban_household_cpi_inflation_national_provincial_1381_1405.xlsx
1386,012 - چای، قهوه، کاکائو، نوشابه و آب میوه (نوشابه های غیر الکلی),annual_cpi_index,3.552244368688134,index points,1400,,جدول 5,sci_urban_household_cpi_inflation_national_provincial_1381_1405.xlsx
1387,012 - چای، قهوه، کاکائو، نوشابه و آب میوه (نوشابه های غیر الکلی),annual_cpi_index,4.381112895132326,index points,1400,,جدول 5,sci_urban_household_cpi_inflation_national_provincial_1381_1405.xlsx
1388,012 - چای، قهوه، کاکائو، نوشابه و آب میوه (نوشابه های غیر الکلی),annual_cpi_index,4.763837680534703,index points,1400,,جدول 5,sci_urban_household_cpi_inflation_national_provincial_1381_1405.xlsx
1389,012 - چای، قهوه، کاکائو، نوشابه و آب میوه (نوشابه های غیر الکلی),annual_cpi_index,5.284056491528432,index points,1400,,جدول 5,sci_urban_household_cpi_inflation_national_provincial_1381_1405.xlsx
1390,012 - چای، قهوه، کاکائو، نوشابه و آب میوه (نوشابه های غیر الکلی),annual_cpi_index,6.0193739432183735,index points,1400,,جدول 5,sci_urban_household_cpi_inflation_national_provincial_1381_1405.xlsx
1391,012 - چای، قهوه، کاکائو، نوشابه و آب میوه (نوشابه های غیر الکلی),annual_cpi_index,9.013005927281164,index points,1400,,جدول 5,sci_urban_household_cpi_inflation_national_provincial_1381_1405.xlsx
1392,012 - چای، قهوه، کاکائو، نوشابه و آب میوه (نوشابه های غیر الکلی),annual_cpi_index,13.806659610128126,index points,1400,,جدول 5,sci_urban_household_cpi_inflation_national_provincial_1381_1405.xlsx
1393,012 - چای، قهوه، کاکائو، نوشابه و آب میوه (نوشابه های غیر الکلی),annual_cpi_index,15.331835198165193,index points,1400,,جدول 5,sci_urban_household_cpi_inflation_national_provincial_1381_1405.xlsx
1394,012 - چای، قهوه، کاکائو، نوشابه و آب میوه (نوشابه های غیر الکلی),annual_cpi_index,16.577931962915606,index points,1400,,جدول 5,sci_urban_household_cpi_inflation_national_provincial_1381_1405.xlsx
1395,012 - چای، قهوه، کاکائو، نوشابه و آب میوه (نوشابه های غیر الکلی),annual_cpi_index,17.96308952433556,index points,1400,,جدول 5,sci_urban_household_cpi_inflation_national_provincial_1381_1405.xlsx
1396,012 - چای، قهوه، کاکائو، نوشابه و آب میوه (نوشابه های غیر الکلی),annual_cpi_index,19.888424389267986,index points,1400,,جدول 5,sci_urban_household_cpi_inflation_national_provincial_1381_1405.xlsx
1397,012 - چای، قهوه، کاکائو، نوشابه و آب میوه (نوشابه های غیر الکلی),annual_cpi_index,27.826744008853243,index points,1400,,جدول 5,sci_urban_household_cpi_inflation_national_provincial_1381_1405.xlsx
1398,012 - چای، قهوه، کاکائو، نوشابه و آب میوه (نوشابه های غیر الکلی),annual_cpi_index,43.61003207835538,index points,1400,,جدول 5,sci_urban_household_cpi_inflation_national_provincial_1381_1405.xlsx
1399,012 - چای، قهوه، کاکائو، نوشابه و آب میوه (نوشابه های غیر الکلی),annual_cpi_index,64.22455922242833,index points,1400,,جدول 5,sci_urban_household_cpi_inflation_national_provincial_1381_1405.xlsx
1400,012 - چای، قهوه، کاکائو، نوشابه و آب میوه (نوشابه های غیر الکلی),annual_cpi_index,100,index points,1400,,جدول 5,sci_urban_household_cpi_inflation_national_provincial_1381_1405.xlsx
1401,012 - چای، قهوه، کاکائو، نوشابه و آب میوه (نوشابه های غیر الکلی),annual_cpi_index,131.14085559377563,index points,1400,,جدول 5,sci_urban_household_cpi_inflation_national_provincial_1381_1405.xlsx
1402,012 - چای، قهوه، کاکائو، نوشابه و آب میوه (نوشابه های غیر الکلی),annual_cpi_index,189.41173354323104,index points,1400,,جدول 5,sci_urban_household_cpi_inflation_national_provincial_1381_1405.xlsx
1403,012 - چای، قهوه، کاکائو، نوشابه و آب میوه (نوشابه های غیر الکلی),annual_cpi_index,249.86931412466694,index points,1400,,جدول 5,sci_urban_household_cpi_inflation_national_provincial_1381_1405.xlsx
1404,012 - چای، قهوه، کاکائو، نوشابه و آب میوه (نوشابه های غیر الکلی),annual_cpi_index,417.4924429464053,index points,1400,,جدول 5,sci_urban_household_cpi_inflation_national_provincial_1381_1405.xlsx
1405,012 - چای، قهوه، کاکائو، نوشابه و آب میوه (نوشابه های غیر الکلی),annual_cpi_index,,index points,1400,blank,جدول 5,sci_urban_household_cpi_inflation_national_provincial_1381_1405.xlsx
1381,02 - دخانیات,annual_cpi_index,,index points,1400,-,جدول 5,sci_urban_household_cpi_inflation_national_provincial_1381_1405.xlsx
1382,02 - دخانیات,annual_cpi_index,,index points,1400,-,جدول 5,sci_urban_household_cpi_inflation_national_provincial_1381_1405.xlsx
1383,02 - دخانیات,annual_cpi_index,,index points,1400,-,جدول 5,sci_urban_household_cpi_inflation_national_provincial_1381_1405.xlsx
1384,02 - دخانیات,annual_cpi_index,,index points,1400,-,جدول 5,sci_urban_household_cpi_inflation_national_provincial_1381_1405.xlsx
1385,02 - دخانیات,annual_cpi_index,,index points,1400,-,جدول 5,sci_urban_household_cpi_inflation_national_provincial_1381_1405.xlsx
1386,02 - دخانیات,annual_cpi_index,,index points,1400,-,جدول 5,sci_urban_household_cpi_inflation_national_provincial_1381_1405.xlsx
1387,02 - دخانیات,annual_cpi_index,,index points,1400,-,جدول 5,sci_urban_household_cpi_inflation_national_provincial_1381_1405.xlsx
1388,02 - دخانیات,annual_cpi_index,,index points,1400,-,جدول 5,sci_urban_household_cpi_inflation_national_provincial_1381_1405.xlsx
1389,02 - دخانیات,annual_cpi_index,,index points,1400,-,جدول 5,sci_urban_household_cpi_inflation_national_provincial_1381_1405.xlsx
1390,02 - دخانیات,annual_cpi_index,5.616079995971789,index points,1400,,جدول 5,sci_urban_household_cpi_inflation_national_provincial_1381_1405.xlsx
1391,02 - دخانیات,annual_cpi_index,10.201651584596204,index points,1400,,جدول 5,sci_urban_household_cpi_inflation_national_provincial_1381_1405.xlsx
1392,02 - دخانیات,annual_cpi_index,15.95561174058868,index points,1400,,جدول 5,sci_urban_household_cpi_inflation_national_provincial_1381_1405.xlsx
1393,02 - دخانیات,annual_cpi_index,16.442027883270622,index points,1400,,جدول 5,sci_urban_household_cpi_inflation_national_provincial_1381_1405.xlsx
1394,02 - دخانیات,annual_cpi_index,16.948780132666723,index points,1400,,جدول 5,sci_urban_household_cpi_inflation_national_provincial_1381_1405.xlsx
1395,02 - دخانیات,annual_cpi_index,18.920803130397967,index points,1400,,جدول 5,sci_urban_household_cpi_inflation_national_provincial_1381_1405.xlsx
1396,02 - دخانیات,annual_cpi_index,20.223857233001887,index points,1400,,جدول 5,sci_urban_household_cpi_inflation_national_provincial_1381_1405.xlsx
1397,02 - دخانیات,annual_cpi_index,40.191879654681046,index points,1400,,جدول 5,sci_urban_household_cpi_inflation_national_provincial_1381_1405.xlsx
1398,02 - دخانیات,annual_cpi_index,51.98815141362886,index points,1400,,جدول 5,sci_urban_household_cpi_inflation_national_provincial_1381_1405.xlsx
1399,02 - دخانیات,annual_cpi_index,72.49553092313666,index points,1400,,جدول 5,sci_urban_household_cpi_inflation_national_provincial_1381_1405.xlsx
1400,02 - دخانیات,annual_cpi_index,99.99999999999999,index points,1400,,جدول 5,sci_urban_household_cpi_inflation_national_provincial_1381_1405.xlsx
1401,02 - دخانیات,annual_cpi_index,139.5701953582385,index points,1400,,جدول 5,sci_urban_household_cpi_inflation_national_provincial_1381_1405.xlsx
1402,02 - دخانیات,annual_cpi_index,198.42317760332432,index points,1400,,جدول 5,sci_urban_household_cpi_inflation_national_provincial_1381_1405.xlsx
1403,02 - دخانیات,annual_cpi_index,251.43359376922416,index points,1400,,جدول 5,sci_urban_household_cpi_inflation_national_provincial_1381_1405.xlsx
1404,02 - دخانیات,annual_cpi_index,403.6138871315201,index points,1400,,جدول 5,sci_urban_household_cpi_inflation_national_provincial_1381_1405.xlsx
1405,02 - دخانیات,annual_cpi_index,,index points,1400,blank,جدول 5,sci_urban_household_cpi_inflation_national_provincial_1381_1405.xlsx
1381,کالاهای غیر خوراکی و خدمات,annual_cpi_index,4.211901185311282,index points,1400,,جدول 5,sci_urban_household_cpi_inflation_national_provincial_1381_1405.xlsx
1382,کالاهای غیر خوراکی و خدمات,annual_cpi_index,4.779542192115334,index points,1400,,جدول 5,sci_urban_household_cpi_inflation_national_provincial_1381_1405.xlsx
1383,کالاهای غیر خوراکی و خدمات,annual_cpi_index,5.471188305305127,index points,1400,,جدول 5,sci_urban_household_cpi_inflation_national_provincial_1381_1405.xlsx
1384,کالاهای غیر خوراکی و خدمات,annual_cpi_index,6.168298385316945,index points,1400,,جدول 5,sci_urban_household_cpi_inflation_national_provincial_1381_1405.xlsx
1385,کالاهای غیر خوراکی و خدمات,annual_cpi_index,7.030939515822921,index points,1400,,جدول 5,sci_urban_household_cpi_inflation_national_provincial_1381_1405.xlsx
1386,کالاهای غیر خوراکی و خدمات,annual_cpi_index,8.183135487290974,index points,1400,,جدول 5,sci_urban_household_cpi_inflation_national_provincial_1381_1405.xlsx
1387,کالاهای غیر خوراکی و خدمات,annual_cpi_index,10.067652401595957,index points,1400,,جدول 5,sci_urban_household_cpi_inflation_national_provincial_1381_1405.xlsx
1388,کالاهای غیر خوراکی و خدمات,annual_cpi_index,10.872028356021964,index points,1400,,جدول 5,sci_urban_household_cpi_inflation_national_provincial_1381_1405.xlsx
1389,کالاهای غیر خوراکی و خدمات,annual_cpi_index,11.979150148670257,index points,1400,,جدول 5,sci_urban_household_cpi_inflation_national_provincial_1381_1405.xlsx
1390,کالاهای غیر خوراکی و خدمات,annual_cpi_index,14.781802857677073,index points,1400,,جدول 5,sci_urban_household_cpi_inflation_national_provincial_1381_1405.xlsx
1391,کالاهای غیر خوراکی و خدمات,annual_cpi_index,18.12909026992576,index points,1400,,جدول 5,sci_urban_household_cpi_inflation_national_provincial_1381_1405.xlsx
1392,کالاهای غیر خوراکی و خدمات,annual_cpi_index,23.034122361712082,index points,1400,,جدول 5,sci_urban_household_cpi_inflation_national_provincial_1381_1405.xlsx
1393,کالاهای غیر خوراکی و خدمات,annual_cpi_index,27.0004430863573,index points,1400,,جدول 5,sci_urban_household_cpi_inflation_national_provincial_1381_1405.xlsx
1394,کالاهای غیر خوراکی و خدمات,annual_cpi_index,30.237731888575485,index points,1400,,جدول 5,sci_urban_household_cpi_inflation_national_provincial_1381_1405.xlsx
1395,کالاهای غیر خوراکی و خدمات,annual_cpi_index,32.17577852002057,index points,1400,,جدول 5,sci_urban_household_cpi_inflation_national_provincial_1381_1405.xlsx
1396,کالاهای غیر خوراکی و خدمات,annual_cpi_index,34.345535818599345,index points,1400,,جدول 5,sci_urban_household_cpi_inflation_national_provincial_1381_1405.xlsx
1397,کالاهای غیر خوراکی و خدمات,annual_cpi_index,42.0711449034252,index points,1400,,جدول 5,sci_urban_household_cpi_inflation_national_provincial_1381_1405.xlsx
1398,کالاهای غیر خوراکی و خدمات,annual_cpi_index,55.139476848854066,index points,1400,,جدول 5,sci_urban_household_cpi_inflation_national_provincial_1381_1405.xlsx
1399,کالاهای غیر خوراکی و خدمات,annual_cpi_index,74.4941102391481,index points,1400,,جدول 5,sci_urban_household_cpi_inflation_national_provincial_1381_1405.xlsx
1400,کالاهای غیر خوراکی و خدمات,annual_cpi_index,100,index points,1400,,جدول 5,sci_urban_household_cpi_inflation_national_provincial_1381_1405.xlsx
1401,کالاهای غیر خوراکی و خدمات,annual_cpi_index,135.2927566050792,index points,1400,,جدول 5,sci_urban_household_cpi_inflation_national_provincial_1381_1405.xlsx
1402,کالاهای غیر خوراکی و خدمات,annual_cpi_index,189.90253086529353,index points,1400,,جدول 5,sci_urban_household_cpi_inflation_national_provincial_1381_1405.xlsx
1403,کالاهای غیر خوراکی و خدمات,annual_cpi_index,256.5548307561184,index points,1400,,جدول 5,sci_urban_household_cpi_inflation_national_provincial_1381_1405.xlsx
1404,کالاهای غیر خوراکی و خدمات,annual_cpi_index,361.90620930821314,index points,1400,,جدول 5,sci_urban_household_cpi_inflation_national_provincial_1381_1405.xlsx
1405,کالاهای غیر خوراکی و خدمات,annual_cpi_index,,index points,1400,blank,جدول 5,sci_urban_household_cpi_inflation_national_provincial_1381_1405.xlsx
1381,03 - پوشاک و کفش,annual_cpi_index,3.7470275577166716,index points,1400,,جدول 5,sci_urban_household_cpi_inflation_national_provincial_1381_1405.xlsx
1382,03 - پوشاک و کفش,annual_cpi_index,4.043848977850317,index points,1400,,جدول 5,sci_urban_household_cpi_inflation_national_provincial_1381_1405.xlsx
1383,03 - پوشاک و کفش,annual_cpi_index,4.469306095071864,index points,1400,,جدول 5,sci_urban_household_cpi_inflation_national_provincial_1381_1405.xlsx
1384,03 - پوشاک و کفش,annual_cpi_index,5.028554546655566,index points,1400,,جدول 5,sci_urban_household_cpi_inflation_national_provincial_1381_1405.xlsx
1385,03 - پوشاک و کفش,annual_cpi_index,5.483642983430562,index points,1400,,جدول 5,sci_urban_household_cpi_inflation_national_provincial_1381_1405.xlsx
1386,03 - پوشاک و کفش,annual_cpi_index,6.025785770954939,index points,1400,,جدول 5,sci_urban_household_cpi_inflation_national_provincial_1381_1405.xlsx
1387,03 - پوشاک و کفش,annual_cpi_index,6.988359229579581,index points,1400,,جدول 5,sci_urban_household_cpi_inflation_national_provincial_1381_1405.xlsx
1388,03 - پوشاک و کفش,annual_cpi_index,7.638397337779562,index points,1400,,جدول 5,sci_urban_household_cpi_inflation_national_provincial_1381_1405.xlsx
1389,03 - پوشاک و کفش,annual_cpi_index,8.283235125222058,index points,1400,,جدول 5,sci_urban_household_cpi_inflation_national_provincial_1381_1405.xlsx
1390,03 - پوشاک و کفش,annual_cpi_index,9.557983245549343,index points,1400,,جدول 5,sci_urban_household_cpi_inflation_national_provincial_1381_1405.xlsx
1391,03 - پوشاک و کفش,annual_cpi_index,12.94081916932527,index points,1400,,جدول 5,sci_urban_household_cpi_inflation_national_provincial_1381_1405.xlsx
1392,03 - پوشاک و کفش,annual_cpi_index,18.302462310930714,index points,1400,,جدول 5,sci_urban_household_cpi_inflation_national_provincial_1381_1405.xlsx
1393,03 - پوشاک و کفش,annual_cpi_index,21.1981012372845,index points,1400,,جدول 5,sci_urban_household_cpi_inflation_national_provincial_1381_1405.xlsx
1394,03 - پوشاک و کفش,annual_cpi_index,23.028831199726593,index points,1400,,جدول 5,sci_urban_household_cpi_inflation_national_provincial_1381_1405.xlsx
1395,03 - پوشاک و کفش,annual_cpi_index,24.384162132620403,index points,1400,,جدول 5,sci_urban_household_cpi_inflation_national_provincial_1381_1405.xlsx
1396,03 - پوشاک و کفش,annual_cpi_index,25.861798976231686,index points,1400,,جدول 5,sci_urban_household_cpi_inflation_national_provincial_1381_1405.xlsx
1397,03 - پوشاک و کفش,annual_cpi_index,33.42922355894497,index points,1400,,جدول 5,sci_urban_household_cpi_inflation_national_provincial_1381_1405.xlsx
1398,03 - پوشاک و کفش,annual_cpi_index,48.039836241297714,index points,1400,,جدول 5,sci_urban_household_cpi_inflation_national_provincial_1381_1405.xlsx
1399,03 - پوشاک و کفش,annual_cpi_index,66.30404356487286,index points,1400,,جدول 5,sci_urban_household_cpi_inflation_national_provincial_1381_1405.xlsx
1400,03 - پوشاک و کفش,annual_cpi_index,100,index points,1400,,جدول 5,sci_urban_household_cpi_inflation_national_provincial_1381_1405.xlsx
1401,03 - پوشاک و کفش,annual_cpi_index,147.23792151043853,index points,1400,,جدول 5,sci_urban_household_cpi_inflation_national_provincial_1381_1405.xlsx
1402,03 - پوشاک و کفش,annual_cpi_index,216.40815136509772,index points,1400,,جدول 5,sci_urban_household_cpi_inflation_national_provincial_1381_1405.xlsx
1403,03 - پوشاک و کفش,annual_cpi_index,284.13377364942926,index points,1400,,جدول 5,sci_urban_household_cpi_inflation_national_provincial_1381_1405.xlsx
1404,03 - پوشاک و کفش,annual_cpi_index,403.6237007502593,index points,1400,,جدول 5,sci_urban_household_cpi_inflation_national_provincial_1381_1405.xlsx
1405,03 - پوشاک و کفش,annual_cpi_index,,index points,1400,blank,جدول 5,sci_urban_household_cpi_inflation_national_provincial_1381_1405.xlsx
1381,04 - مسکن ، آب ، برق ، گاز و سایر سوخت‌ها,annual_cpi_index,4.369452795647248,index points,1400,,جدول 5,sci_urban_household_cpi_inflation_national_provincial_1381_1405.xlsx
1382,04 - مسکن ، آب ، برق ، گاز و سایر سوخت‌ها,annual_cpi_index,5.144499994080648,index points,1400,,جدول 5,sci_urban_household_cpi_inflation_national_provincial_1381_1405.xlsx
1383,04 - مسکن ، آب ، برق ، گاز و سایر سوخت‌ها,annual_cpi_index,6.044022826249382,index points,1400,,جدول 5,sci_urban_household_cpi_inflation_national_provincial_1381_1405.xlsx
1384,04 - مسکن ، آب ، برق ، گاز و سایر سوخت‌ها,annual_cpi_index,6.912624390864277,index points,1400,,جدول 5,sci_urban_household_cpi_inflation_national_provincial_1381_1405.xlsx
1385,04 - مسکن ، آب ، برق ، گاز و سایر سوخت‌ها,annual_cpi_index,8.2318988683362,index points,1400,,جدول 5,sci_urban_household_cpi_inflation_national_provincial_1381_1405.xlsx
1386,04 - مسکن ، آب ، برق ، گاز و سایر سوخت‌ها,annual_cpi_index,10.08277740524463,index points,1400,,جدول 5,sci_urban_household_cpi_inflation_national_provincial_1381_1405.xlsx
1387,04 - مسکن ، آب ، برق ، گاز و سایر سوخت‌ها,annual_cpi_index,13.150181837499845,index points,1400,,جدول 5,sci_urban_household_cpi_inflation_national_provincial_1381_1405.xlsx
1388,04 - مسکن ، آب ، برق ، گاز و سایر سوخت‌ها,annual_cpi_index,14.211815139624724,index points,1400,,جدول 5,sci_urban_household_cpi_inflation_national_provincial_1381_1405.xlsx
1389,04 - مسکن ، آب ، برق ، گاز و سایر سوخت‌ها,annual_cpi_index,15.519794107343936,index points,1400,,جدول 5,sci_urban_household_cpi_inflation_national_provincial_1381_1405.xlsx
1390,04 - مسکن ، آب ، برق ، گاز و سایر سوخت‌ها,annual_cpi_index,19.814400942118663,index points,1400,,جدول 5,sci_urban_household_cpi_inflation_national_provincial_1381_1405.xlsx
1391,04 - مسکن ، آب ، برق ، گاز و سایر سوخت‌ها,annual_cpi_index,23.42014584302211,index points,1400,,جدول 5,sci_urban_household_cpi_inflation_national_provincial_1381_1405.xlsx
1392,04 - مسکن ، آب ، برق ، گاز و سایر سوخت‌ها,annual_cpi_index,28.070514913916472,index points,1400,,جدول 5,sci_urban_household_cpi_inflation_national_provincial_1381_1405.xlsx
1393,04 - مسکن ، آب ، برق ، گاز و سایر سوخت‌ها,annual_cpi_index,33.10735580227633,index points,1400,,جدول 5,sci_urban_household_cpi_inflation_national_provincial_1381_1405.xlsx
1394,04 - مسکن ، آب ، برق ، گاز و سایر سوخت‌ها,annual_cpi_index,37.89523190053094,index points,1400,,جدول 5,sci_urban_household_cpi_inflation_national_provincial_1381_1405.xlsx
1395,04 - مسکن ، آب ، برق ، گاز و سایر سوخت‌ها,annual_cpi_index,40.17159455800841,index points,1400,,جدول 5,sci_urban_household_cpi_inflation_national_provincial_1381_1405.xlsx
1396,04 - مسکن ، آب ، برق ، گاز و سایر سوخت‌ها,annual_cpi_index,43.07455481582544,index points,1400,,جدول 5,sci_urban_household_cpi_inflation_national_provincial_1381_1405.xlsx
1397,04 - مسکن ، آب ، برق ، گاز و سایر سوخت‌ها,annual_cpi_index,50.58502927323907,index points,1400,,جدول 5,sci_urban_household_cpi_inflation_national_provincial_1381_1405.xlsx
1398,04 - مسکن ، آب ، برق ، گاز و سایر سوخت‌ها,annual_cpi_index,62.69620866555092,index points,1400,,جدول 5,sci_urban_household_cpi_inflation_national_provincial_1381_1405.xlsx
1399,04 - مسکن ، آب ، برق ، گاز و سایر سوخت‌ها,annual_cpi_index,78.85058464098633,index points,1400,,جدول 5,sci_urban_household_cpi_inflation_national_provincial_1381_1405.xlsx
1400,04 - مسکن ، آب ، برق ، گاز و سایر سوخت‌ها,annual_cpi_index,100.00000000000001,index points,1400,,جدول 5,sci_urban_household_cpi_inflation_national_provincial_1381_1405.xlsx
1401,04 - مسکن ، آب ، برق ، گاز و سایر سوخت‌ها,annual_cpi_index,132.43686360493257,index points,1400,,جدول 5,sci_urban_household_cpi_inflation_national_provincial_1381_1405.xlsx
1402,04 - مسکن ، آب ، برق ، گاز و سایر سوخت‌ها,annual_cpi_index,184.22294154034003,index points,1400,,جدول 5,sci_urban_household_cpi_inflation_national_provincial_1381_1405.xlsx
1403,04 - مسکن ، آب ، برق ، گاز و سایر سوخت‌ها,annual_cpi_index,257.44683792648846,index points,1400,,جدول 5,sci_urban_household_cpi_inflation_national_provincial_1381_1405.xlsx
1404,04 - مسکن ، آب ، برق ، گاز و سایر سوخت‌ها,annual_cpi_index,349.1008772334589,index points,1400,,جدول 5,sci_urban_household_cpi_inflation_national_provincial_1381_1405.xlsx
1405,04 - مسکن ، آب ، برق ، گاز و سایر سوخت‌ها,annual_cpi_index,,index points,1400,blank,جدول 5,sci_urban_household_cpi_inflation_national_provincial_1381_1405.xlsx
1381,مسکن,annual_cpi_index,4.894728062681748,index points,1400,,جدول 5,sci_urban_household_cpi_inflation_national_provincial_1381_1405.xlsx
1382,مسکن,annual_cpi_index,5.783838708167101,index points,1400,,جدول 5,sci_urban_household_cpi_inflation_national_provincial_1381_1405.xlsx
1383,مسکن,annual_cpi_index,6.84035100964644,index points,1400,,جدول 5,sci_urban_household_cpi_inflation_national_provincial_1381_1405.xlsx
1384,مسکن,annual_cpi_index,7.91598181978126,index points,1400,,جدول 5,sci_urban_household_cpi_inflation_national_provincial_1381_1405.xlsx
1385,مسکن,annual_cpi_index,9.569952518045971,index points,1400,,جدول 5,sci_urban_household_cpi_inflation_national_provincial_1381_1405.xlsx
1386,مسکن,annual_cpi_index,11.89493986895031,index points,1400,,جدول 5,sci_urban_household_cpi_inflation_national_provincial_1381_1405.xlsx
1387,مسکن,annual_cpi_index,15.747778986943668,index points,1400,,جدول 5,sci_urban_household_cpi_inflation_national_provincial_1381_1405.xlsx
1388,مسکن,annual_cpi_index,17.06311236156654,index points,1400,,جدول 5,sci_urban_household_cpi_inflation_national_provincial_1381_1405.xlsx
1389,مسکن,annual_cpi_index,18.128744542656964,index points,1400,,جدول 5,sci_urban_household_cpi_inflation_national_provincial_1381_1405.xlsx
1390,مسکن,annual_cpi_index,20.061197556708542,index points,1400,,جدول 5,sci_urban_household_cpi_inflation_national_provincial_1381_1405.xlsx
1391,مسکن,annual_cpi_index,23.67041714927046,index points,1400,,جدول 5,sci_urban_household_cpi_inflation_national_provincial_1381_1405.xlsx
1392,مسکن,annual_cpi_index,28.86101977272604,index points,1400,,جدول 5,sci_urban_household_cpi_inflation_national_provincial_1381_1405.xlsx
1393,مسکن,annual_cpi_index,33.75749161044144,index points,1400,,جدول 5,sci_urban_household_cpi_inflation_national_provincial_1381_1405.xlsx
1394,مسکن,annual_cpi_index,37.56142701110521,index points,1400,,جدول 5,sci_urban_household_cpi_inflation_national_provincial_1381_1405.xlsx
1395,مسکن,annual_cpi_index,39.39126702234887,index points,1400,,جدول 5,sci_urban_household_cpi_inflation_national_provincial_1381_1405.xlsx
1396,مسکن,annual_cpi_index,42.11475745981036,index points,1400,,جدول 5,sci_urban_household_cpi_inflation_national_provincial_1381_1405.xlsx
1397,مسکن,annual_cpi_index,50.050670532065745,index points,1400,,جدول 5,sci_urban_household_cpi_inflation_national_provincial_1381_1405.xlsx
1398,مسکن,annual_cpi_index,61.69776197499042,index points,1400,,جدول 5,sci_urban_household_cpi_inflation_national_provincial_1381_1405.xlsx
1399,مسکن,annual_cpi_index,78.71873762342665,index points,1400,,جدول 5,sci_urban_household_cpi_inflation_national_provincial_1381_1405.xlsx
1400,مسکن,annual_cpi_index,100.00000000000001,index points,1400,,جدول 5,sci_urban_household_cpi_inflation_national_provincial_1381_1405.xlsx
1401,مسکن,annual_cpi_index,132.9984430788751,index points,1400,,جدول 5,sci_urban_household_cpi_inflation_national_provincial_1381_1405.xlsx
1402,مسکن,annual_cpi_index,185.54572658691305,index points,1400,,جدول 5,sci_urban_household_cpi_inflation_national_provincial_1381_1405.xlsx
1403,مسکن,annual_cpi_index,260.061422648898,index points,1400,,جدول 5,sci_urban_household_cpi_inflation_national_provincial_1381_1405.xlsx
1404,مسکن,annual_cpi_index,349.258749441416,index points,1400,,جدول 5,sci_urban_household_cpi_inflation_national_provincial_1381_1405.xlsx
1405,مسکن,annual_cpi_index,,index points,1400,blank,جدول 5,sci_urban_household_cpi_inflation_national_provincial_1381_1405.xlsx
1381,اجاره,annual_cpi_index,4.910686155555306,index points,1400,,جدول 5,sci_urban_household_cpi_inflation_national_provincial_1381_1405.xlsx
1382,اجاره,annual_cpi_index,5.803300106533191,index points,1400,,جدول 5,sci_urban_household_cpi_inflation_national_provincial_1381_1405.xlsx
1383,اجاره,annual_cpi_index,6.863473270285084,index points,1400,,جدول 5,sci_urban_household_cpi_inflation_national_provincial_1381_1405.xlsx
1384,اجاره,annual_cpi_index,7.94770049325617,index points,1400,,جدول 5,sci_urban_household_cpi_inflation_national_provincial_1381_1405.xlsx
1385,اجاره,annual_cpi_index,9.643056537855578,index points,1400,,جدول 5,sci_urban_household_cpi_inflation_national_provincial_1381_1405.xlsx
1386,اجاره,annual_cpi_index,11.998019828556599,index points,1400,,جدول 5,sci_urban_household_cpi_inflation_national_provincial_1381_1405.xlsx
1387,اجاره,annual_cpi_index,15.907800388783114,index points,1400,,جدول 5,sci_urban_household_cpi_inflation_national_provincial_1381_1405.xlsx
1388,اجاره,annual_cpi_index,17.23504215202521,index points,1400,,جدول 5,sci_urban_household_cpi_inflation_national_provincial_1381_1405.xlsx
1389,اجاره,annual_cpi_index,18.294077818949585,index points,1400,,جدول 5,sci_urban_household_cpi_inflation_national_provincial_1381_1405.xlsx
1390,اجاره,annual_cpi_index,20.20789487651137,index points,1400,,جدول 5,sci_urban_household_cpi_inflation_national_provincial_1381_1405.xlsx
1391,اجاره,annual_cpi_index,23.801801193945547,index points,1400,,جدول 5,sci_urban_household_cpi_inflation_national_provincial_1381_1405.xlsx
1392,اجاره,annual_cpi_index,28.975745402650958,index points,1400,,جدول 5,sci_urban_household_cpi_inflation_national_provincial_1381_1405.xlsx
1393,اجاره,annual_cpi_index,33.88094286798221,index points,1400,,جدول 5,sci_urban_household_cpi_inflation_national_provincial_1381_1405.xlsx
1394,اجاره,annual_cpi_index,37.69471685348267,index points,1400,,جدول 5,sci_urban_household_cpi_inflation_national_provincial_1381_1405.xlsx
1395,اجاره,annual_cpi_index,39.50659392423831,index points,1400,,جدول 5,sci_urban_household_cpi_inflation_national_provincial_1381_1405.xlsx
1396,اجاره,annual_cpi_index,42.23990100701944,index points,1400,,جدول 5,sci_urban_household_cpi_inflation_national_provincial_1381_1405.xlsx
1397,اجاره,annual_cpi_index,50.18997771060365,index points,1400,,جدول 5,sci_urban_household_cpi_inflation_national_provincial_1381_1405.xlsx
1398,اجاره,annual_cpi_index,61.83232488939757,index points,1400,,جدول 5,sci_urban_household_cpi_inflation_national_provincial_1381_1405.xlsx
1399,اجاره,annual_cpi_index,78.82605026719195,index points,1400,,جدول 5,sci_urban_household_cpi_inflation_national_provincial_1381_1405.xlsx
1400,اجاره,annual_cpi_index,100.00000000000001,index points,1400,,جدول 5,sci_urban_household_cpi_inflation_national_provincial_1381_1405.xlsx
1401,اجاره,annual_cpi_index,132.8702609849272,index points,1400,,جدول 5,sci_urban_household_cpi_inflation_national_provincial_1381_1405.xlsx
1402,اجاره,annual_cpi_index,185.19801456855623,index points,1400,,جدول 5,sci_urban_household_cpi_inflation_national_provincial_1381_1405.xlsx
1403,اجاره,annual_cpi_index,259.5942263045997,index points,1400,,جدول 5,sci_urban_household_cpi_inflation_national_provincial_1381_1405.xlsx
1404,اجاره,annual_cpi_index,348.1268828026282,index points,1400,,جدول 5,sci_urban_household_cpi_inflation_national_provincial_1381_1405.xlsx
1405,اجاره,annual_cpi_index,,index points,1400,blank,جدول 5,sci_urban_household_cpi_inflation_national_provincial_1381_1405.xlsx
1381,043 - خدمات نگهداری و تعمیر واحد مسکونی (خدمت ),annual_cpi_index,3.361960506158074,index points,1400,,جدول 5,sci_urban_household_cpi_inflation_national_provincial_1381_1405.xlsx
1382,043 - خدمات نگهداری و تعمیر واحد مسکونی (خدمت ),annual_cpi_index,3.9624040183809743,index points,1400,,جدول 5,sci_urban_household_cpi_inflation_national_provincial_1381_1405.xlsx
1383,043 - خدمات نگهداری و تعمیر واحد مسکونی (خدمت ),annual_cpi_index,4.684406673336917,index points,1400,,جدول 5,sci_urban_household_cpi_inflation_national_provincial_1381_1405.xlsx
1384,043 - خدمات نگهداری و تعمیر واحد مسکونی (خدمت ),annual_cpi_index,5.336958927041305,index points,1400,,جدول 5,sci_urban_household_cpi_inflation_national_provincial_1381_1405.xlsx
1385,043 - خدمات نگهداری و تعمیر واحد مسکونی (خدمت ),annual_cpi_index,5.863054173803235,index points,1400,,جدول 5,sci_urban_household_cpi_inflation_national_provincial_1381_1405.xlsx
1386,043 - خدمات نگهداری و تعمیر واحد مسکونی (خدمت ),annual_cpi_index,7.080457096856712,index points,1400,,جدول 5,sci_urban_household_cpi_inflation_national_provincial_1381_1405.xlsx
1387,043 - خدمات نگهداری و تعمیر واحد مسکونی (خدمت ),annual_cpi_index,8.974722125780158,index points,1400,,جدول 5,sci_urban_household_cpi_inflation_national_provincial_1381_1405.xlsx
1388,043 - خدمات نگهداری و تعمیر واحد مسکونی (خدمت ),annual_cpi_index,9.749033105989326,index points,1400,,جدول 5,sci_urban_household_cpi_inflation_national_provincial_1381_1405.xlsx
1389,043 - خدمات نگهداری و تعمیر واحد مسکونی (خدمت ),annual_cpi_index,10.651626070661464,index points,1400,,جدول 5,sci_urban_household_cpi_inflation_national_provincial_1381_1405.xlsx
1390,043 - خدمات نگهداری و تعمیر واحد مسکونی (خدمت ),annual_cpi_index,12.40151004104659,index points,1400,,جدول 5,sci_urban_household_cpi_inflation_national_provincial_1381_1405.xlsx
1391,043 - خدمات نگهداری و تعمیر واحد مسکونی (خدمت ),annual_cpi_index,16.271040893875156,index points,1400,,جدول 5,sci_urban_household_cpi_inflation_national_provincial_1381_1405.xlsx
1392,043 - خدمات نگهداری و تعمیر واحد مسکونی (خدمت ),annual_cpi_index,21.62527531022437,index points,1400,,جدول 5,sci_urban_household_cpi_inflation_national_provincial_1381_1405.xlsx
1393,043 - خدمات نگهداری و تعمیر واحد مسکونی (خدمت ),annual_cpi_index,25.71600018935305,index points,1400,,جدول 5,sci_urban_household_cpi_inflation_national_provincial_1381_1405.xlsx
1394,043 - خدمات نگهداری و تعمیر واحد مسکونی (خدمت ),annual_cpi_index,28.773768018761633,index points,1400,,جدول 5,sci_urban_household_cpi_inflation_national_provincial_1381_1405.xlsx
1395,043 - خدمات نگهداری و تعمیر واحد مسکونی (خدمت ),annual_cpi_index,31.1362519358114,index points,1400,,جدول 5,sci_urban_household_cpi_inflation_national_provincial_1381_1405.xlsx
1396,043 - خدمات نگهداری و تعمیر واحد مسکونی (خدمت ),annual_cpi_index,33.15707409826316,index points,1400,,جدول 5,sci_urban_household_cpi_inflation_national_provincial_1381_1405.xlsx
1397,043 - خدمات نگهداری و تعمیر واحد مسکونی (خدمت ),annual_cpi_index,40.079164823919605,index points,1400,,جدول 5,sci_urban_household_cpi_inflation_national_provincial_1381_1405.xlsx
1398,043 - خدمات نگهداری و تعمیر واحد مسکونی (خدمت ),annual_cpi_index,52.06584721511587,index points,1400,,جدول 5,sci_urban_household_cpi_inflation_national_provincial_1381_1405.xlsx
1399,043 - خدمات نگهداری و تعمیر واحد مسکونی (خدمت ),annual_cpi_index,71.03737725784482,index points,1400,,جدول 5,sci_urban_household_cpi_inflation_national_provincial_1381_1405.xlsx
1400,043 - خدمات نگهداری و تعمیر واحد مسکونی (خدمت ),annual_cpi_index,100.00000000000001,index points,1400,,جدول 5,sci_urban_household_cpi_inflation_national_provincial_1381_1405.xlsx
1401,043 - خدمات نگهداری و تعمیر واحد مسکونی (خدمت ),annual_cpi_index,146.45410995494098,index points,1400,,جدول 5,sci_urban_household_cpi_inflation_national_provincial_1381_1405.xlsx
1402,043 - خدمات نگهداری و تعمیر واحد مسکونی (خدمت ),annual_cpi_index,222.04612179589824,index points,1400,,جدول 5,sci_urban_household_cpi_inflation_national_provincial_1381_1405.xlsx
1403,043 - خدمات نگهداری و تعمیر واحد مسکونی (خدمت ),annual_cpi_index,309.10445339504827,index points,1400,,جدول 5,sci_urban_household_cpi_inflation_national_provincial_1381_1405.xlsx
1404,043 - خدمات نگهداری و تعمیر واحد مسکونی (خدمت ),annual_cpi_index,468.0742561209428,index points,1400,,جدول 5,sci_urban_household_cpi_inflation_national_provincial_1381_1405.xlsx
1405,043 - خدمات نگهداری و تعمیر واحد مسکونی (خدمت ),annual_cpi_index,,index points,1400,blank,جدول 5,sci_urban_household_cpi_inflation_national_provincial_1381_1405.xlsx
1381,آب ، برق و سوخت,annual_cpi_index,2.5297400713861355,index points,1400,,جدول 5,sci_urban_household_cpi_inflation_national_provincial_1381_1405.xlsx
1382,آب ، برق و سوخت,annual_cpi_index,2.8943444988435374,index points,1400,,جدول 5,sci_urban_household_cpi_inflation_national_provincial_1381_1405.xlsx
1383,آب ، برق و سوخت,annual_cpi_index,3.2184257455465564,index points,1400,,جدول 5,sci_urban_household_cpi_inflation_national_provincial_1381_1405.xlsx
1384,آب ، برق و سوخت,annual_cpi_index,3.308152141652774,index points,1400,,جدول 5,sci_urban_household_cpi_inflation_national_provincial_1381_1405.xlsx
1385,آب ، برق و سوخت,annual_cpi_index,3.362895922047229,index points,1400,,جدول 5,sci_urban_household_cpi_inflation_national_provincial_1381_1405.xlsx
1386,آب ، برق و سوخت,annual_cpi_index,3.4213937632367686,index points,1400,,جدول 5,sci_urban_household_cpi_inflation_national_provincial_1381_1405.xlsx
1387,آب ، برق و سوخت,annual_cpi_index,3.5195136170491295,index points,1400,,جدول 5,sci_urban_household_cpi_inflation_national_provincial_1381_1405.xlsx
1388,آب ، برق و سوخت,annual_cpi_index,3.6265140390329984,index points,1400,,جدول 5,sci_urban_household_cpi_inflation_national_provincial_1381_1405.xlsx
1389,آب ، برق و سوخت,annual_cpi_index,5.99271592139656,index points,1400,,جدول 5,sci_urban_household_cpi_inflation_national_provincial_1381_1405.xlsx
1390,آب ، برق و سوخت,annual_cpi_index,20.069135618417896,index points,1400,,جدول 5,sci_urban_household_cpi_inflation_national_provincial_1381_1405.xlsx
1391,آب ، برق و سوخت,annual_cpi_index,23.971109166770024,index points,1400,,جدول 5,sci_urban_household_cpi_inflation_national_provincial_1381_1405.xlsx
1392,آب ، برق و سوخت,annual_cpi_index,25.772789360856272,index points,1400,,جدول 5,sci_urban_household_cpi_inflation_national_provincial_1381_1405.xlsx
1393,آب ، برق و سوخت,annual_cpi_index,32.09916501406432,index points,1400,,جدول 5,sci_urban_household_cpi_inflation_national_provincial_1381_1405.xlsx
1394,آب ، برق و سوخت,annual_cpi_index,43.24165257218221,index points,1400,,جدول 5,sci_urban_household_cpi_inflation_national_provincial_1381_1405.xlsx
1395,آب ، برق و سوخت,annual_cpi_index,48.410915774492054,index points,1400,,جدول 5,sci_urban_household_cpi_inflation_national_provincial_1381_1405.xlsx
1396,آب ، برق و سوخت,annual_cpi_index,53.208861703068465,index points,1400,,جدول 5,sci_urban_household_cpi_inflation_national_provincial_1381_1405.xlsx
1397,آب ، برق و سوخت,annual_cpi_index,56.22721555036634,index points,1400,,جدول 5,sci_urban_household_cpi_inflation_national_provincial_1381_1405.xlsx
1398,آب ، برق و سوخت,annual_cpi_index,73.23860608858931,index points,1400,,جدول 5,sci_urban_household_cpi_inflation_national_provincial_1381_1405.xlsx
1399,آب ، برق و سوخت,annual_cpi_index,80.2427307328086,index points,1400,,جدول 5,sci_urban_household_cpi_inflation_national_provincial_1381_1405.xlsx
1400,آب ، برق و سوخت,annual_cpi_index,100,index points,1400,,جدول 5,sci_urban_household_cpi_inflation_national_provincial_1381_1405.xlsx
1401,آب ، برق و سوخت,annual_cpi_index,122.01677055705075,index points,1400,,جدول 5,sci_urban_household_cpi_inflation_national_provincial_1381_1405.xlsx
1402,آب ، برق و سوخت,annual_cpi_index,159.67869819242887,index points,1400,,جدول 5,sci_urban_household_cpi_inflation_national_provincial_1381_1405.xlsx
1403,آب ، برق و سوخت,annual_cpi_index,208.93328400719702,index points,1400,,جدول 5,sci_urban_household_cpi_inflation_national_provincial_1381_1405.xlsx
1404,آب ، برق و سوخت,annual_cpi_index,346.1715623761348,index points,1400,,جدول 5,sci_urban_household_cpi_inflation_national_provincial_1381_1405.xlsx
1405,آب ، برق و سوخت,annual_cpi_index,,index points,1400,blank,جدول 5,sci_urban_household_cpi_inflation_national_provincial_1381_1405.xlsx
1381,05 - مبلمان و لوازم خانگی و نگهداری معمول آنها,annual_cpi_index,3.329592065551524,index points,1400,,جدول 5,sci_urban_household_cpi_inflation_national_provincial_1381_1405.xlsx
1382,05 - مبلمان و لوازم خانگی و نگهداری معمول آنها,annual_cpi_index,3.593685138232524,index points,1400,,جدول 5,sci_urban_household_cpi_inflation_national_provincial_1381_1405.xlsx
1383,05 - مبلمان و لوازم خانگی و نگهداری معمول آنها,annual_cpi_index,4.068964824804165,index points,1400,,جدول 5,sci_urban_household_cpi_inflation_national_provincial_1381_1405.xlsx
1384,05 - مبلمان و لوازم خانگی و نگهداری معمول آنها,annual_cpi_index,4.581905783625906,index points,1400,,جدول 5,sci_urban_household_cpi_inflation_national_provincial_1381_1405.xlsx
1385,05 - مبلمان و لوازم خانگی و نگهداری معمول آنها,annual_cpi_index,4.9677209800394255,index points,1400,,جدول 5,sci_urban_household_cpi_inflation_national_provincial_1381_1405.xlsx
1386,05 - مبلمان و لوازم خانگی و نگهداری معمول آنها,annual_cpi_index,5.493311709003734,index points,1400,,جدول 5,sci_urban_household_cpi_inflation_national_provincial_1381_1405.xlsx
1387,05 - مبلمان و لوازم خانگی و نگهداری معمول آنها,annual_cpi_index,6.725470171392486,index points,1400,,جدول 5,sci_urban_household_cpi_inflation_national_provincial_1381_1405.xlsx
1388,05 - مبلمان و لوازم خانگی و نگهداری معمول آنها,annual_cpi_index,7.167072450561498,index points,1400,,جدول 5,sci_urban_household_cpi_inflation_national_provincial_1381_1405.xlsx
1389,05 - مبلمان و لوازم خانگی و نگهداری معمول آنها,annual_cpi_index,7.643754859944604,index points,1400,,جدول 5,sci_urban_household_cpi_inflation_national_provincial_1381_1405.xlsx
1390,05 - مبلمان و لوازم خانگی و نگهداری معمول آنها,annual_cpi_index,8.583791790954404,index points,1400,,جدول 5,sci_urban_household_cpi_inflation_national_provincial_1381_1405.xlsx
1391,05 - مبلمان و لوازم خانگی و نگهداری معمول آنها,annual_cpi_index,11.847753447127813,index points,1400,,جدول 5,sci_urban_household_cpi_inflation_national_provincial_1381_1405.xlsx
1392,05 - مبلمان و لوازم خانگی و نگهداری معمول آنها,annual_cpi_index,17.138028114638278,index points,1400,,جدول 5,sci_urban_household_cpi_inflation_national_provincial_1381_1405.xlsx
1393,05 - مبلمان و لوازم خانگی و نگهداری معمول آنها,annual_cpi_index,18.992295898892333,index points,1400,,جدول 5,sci_urban_household_cpi_inflation_national_provincial_1381_1405.xlsx
1394,05 - مبلمان و لوازم خانگی و نگهداری معمول آنها,annual_cpi_index,20.1999373913243,index points,1400,,جدول 5,sci_urban_household_cpi_inflation_national_provincial_1381_1405.xlsx
1395,05 - مبلمان و لوازم خانگی و نگهداری معمول آنها,annual_cpi_index,21.085536964961037,index points,1400,,جدول 5,sci_urban_household_cpi_inflation_national_provincial_1381_1405.xlsx
1396,05 - مبلمان و لوازم خانگی و نگهداری معمول آنها,annual_cpi_index,22.22847096631347,index points,1400,,جدول 5,sci_urban_household_cpi_inflation_national_provincial_1381_1405.xlsx
1397,05 - مبلمان و لوازم خانگی و نگهداری معمول آنها,annual_cpi_index,31.54026798405871,index points,1400,,جدول 5,sci_urban_household_cpi_inflation_national_provincial_1381_1405.xlsx
1398,05 - مبلمان و لوازم خانگی و نگهداری معمول آنها,annual_cpi_index,46.787948075662904,index points,1400,,جدول 5,sci_urban_household_cpi_inflation_national_provincial_1381_1405.xlsx
1399,05 - مبلمان و لوازم خانگی و نگهداری معمول آنها,annual_cpi_index,68.2958095370801,index points,1400,,جدول 5,sci_urban_household_cpi_inflation_national_provincial_1381_1405.xlsx
1400,05 - مبلمان و لوازم خانگی و نگهداری معمول آنها,annual_cpi_index,100,index points,1400,,جدول 5,sci_urban_household_cpi_inflation_national_provincial_1381_1405.xlsx
1401,05 - مبلمان و لوازم خانگی و نگهداری معمول آنها,annual_cpi_index,134.80568672742658,index points,1400,,جدول 5,sci_urban_household_cpi_inflation_national_provincial_1381_1405.xlsx
1402,05 - مبلمان و لوازم خانگی و نگهداری معمول آنها,annual_cpi_index,184.26875548298543,index points,1400,,جدول 5,sci_urban_household_cpi_inflation_national_provincial_1381_1405.xlsx
1403,05 - مبلمان و لوازم خانگی و نگهداری معمول آنها,annual_cpi_index,234.05259237778628,index points,1400,,جدول 5,sci_urban_household_cpi_inflation_national_provincial_1381_1405.xlsx
1404,05 - مبلمان و لوازم خانگی و نگهداری معمول آنها,annual_cpi_index,350.96900777882007,index points,1400,,جدول 5,sci_urban_household_cpi_inflation_national_provincial_1381_1405.xlsx
1405,05 - مبلمان و لوازم خانگی و نگهداری معمول آنها,annual_cpi_index,,index points,1400,blank,جدول 5,sci_urban_household_cpi_inflation_national_provincial_1381_1405.xlsx
1381,06 - بهداشت و درمان,annual_cpi_index,4.329945873340948,index points,1400,,جدول 5,sci_urban_household_cpi_inflation_national_provincial_1381_1405.xlsx
1382,06 - بهداشت و درمان,annual_cpi_index,4.921599327102625,index points,1400,,جدول 5,sci_urban_household_cpi_inflation_national_provincial_1381_1405.xlsx
1383,06 - بهداشت و درمان,annual_cpi_index,5.656321005833149,index points,1400,,جدول 5,sci_urban_household_cpi_inflation_national_provincial_1381_1405.xlsx
1384,06 - بهداشت و درمان,annual_cpi_index,6.742749284159522,index points,1400,,جدول 5,sci_urban_household_cpi_inflation_national_provincial_1381_1405.xlsx
1385,06 - بهداشت و درمان,annual_cpi_index,7.844414861679956,index points,1400,,جدول 5,sci_urban_household_cpi_inflation_national_provincial_1381_1405.xlsx
1386,06 - بهداشت و درمان,annual_cpi_index,8.722668517329186,index points,1400,,جدول 5,sci_urban_household_cpi_inflation_national_provincial_1381_1405.xlsx
1387,06 - بهداشت و درمان,annual_cpi_index,10.017714472168304,index points,1400,,جدول 5,sci_urban_household_cpi_inflation_national_provincial_1381_1405.xlsx
1388,06 - بهداشت و درمان,annual_cpi_index,11.042770264050663,index points,1400,,جدول 5,sci_urban_household_cpi_inflation_national_provincial_1381_1405.xlsx
1389,06 - بهداشت و درمان,annual_cpi_index,12.378491042578164,index points,1400,,جدول 5,sci_urban_household_cpi_inflation_national_provincial_1381_1405.xlsx
1390,06 - بهداشت و درمان,annual_cpi_index,13.74741958998195,index points,1400,,جدول 5,sci_urban_household_cpi_inflation_national_provincial_1381_1405.xlsx
1391,06 - بهداشت و درمان,annual_cpi_index,16.6969226799756,index points,1400,,جدول 5,sci_urban_household_cpi_inflation_national_provincial_1381_1405.xlsx
1392,06 - بهداشت و درمان,annual_cpi_index,23.17629031476944,index points,1400,,جدول 5,sci_urban_household_cpi_inflation_national_provincial_1381_1405.xlsx
1393,06 - بهداشت و درمان,annual_cpi_index,28.010096055827614,index points,1400,,جدول 5,sci_urban_household_cpi_inflation_national_provincial_1381_1405.xlsx
1394,06 - بهداشت و درمان,annual_cpi_index,32.22062549785531,index points,1400,,جدول 5,sci_urban_household_cpi_inflation_national_provincial_1381_1405.xlsx
1395,06 - بهداشت و درمان,annual_cpi_index,35.16007359391461,index points,1400,,جدول 5,sci_urban_household_cpi_inflation_national_provincial_1381_1405.xlsx
1396,06 - بهداشت و درمان,annual_cpi_index,37.677914265959984,index points,1400,,جدول 5,sci_urban_household_cpi_inflation_national_provincial_1381_1405.xlsx
1397,06 - بهداشت و درمان,annual_cpi_index,44.18794389215737,index points,1400,,جدول 5,sci_urban_household_cpi_inflation_national_provincial_1381_1405.xlsx
1398,06 - بهداشت و درمان,annual_cpi_index,55.64070031204961,index points,1400,,جدول 5,sci_urban_household_cpi_inflation_national_provincial_1381_1405.xlsx
1399,06 - بهداشت و درمان,annual_cpi_index,72.16810851129453,index points,1400,,جدول 5,sci_urban_household_cpi_inflation_national_provincial_1381_1405.xlsx
1400,06 - بهداشت و درمان,annual_cpi_index,100.00000000000001,index points,1400,,جدول 5,sci_urban_household_cpi_inflation_national_provincial_1381_1405.xlsx
1401,06 - بهداشت و درمان,annual_cpi_index,143.51971730355066,index points,1400,,جدول 5,sci_urban_household_cpi_inflation_national_provincial_1381_1405.xlsx
1402,06 - بهداشت و درمان,annual_cpi_index,205.65948653700858,index points,1400,,جدول 5,sci_urban_household_cpi_inflation_national_provincial_1381_1405.xlsx
1403,06 - بهداشت و درمان,annual_cpi_index,265.72944331194554,index points,1400,,جدول 5,sci_urban_household_cpi_inflation_national_provincial_1381_1405.xlsx
1404,06 - بهداشت و درمان,annual_cpi_index,395.629038339827,index points,1400,,جدول 5,sci_urban_household_cpi_inflation_national_provincial_1381_1405.xlsx
1405,06 - بهداشت و درمان,annual_cpi_index,,index points,1400,blank,جدول 5,sci_urban_household_cpi_inflation_national_provincial_1381_1405.xlsx
1381,07 - حمل ونقل,annual_cpi_index,3.8100130670209205,index points,1400,,جدول 5,sci_urban_household_cpi_inflation_national_provincial_1381_1405.xlsx
1382,07 - حمل ونقل,annual_cpi_index,4.191388125463726,index points,1400,,جدول 5,sci_urban_household_cpi_inflation_national_provincial_1381_1405.xlsx
1383,07 - حمل ونقل,annual_cpi_index,4.6087816168850635,index points,1400,,جدول 5,sci_urban_household_cpi_inflation_national_provincial_1381_1405.xlsx
1384,07 - حمل ونقل,annual_cpi_index,4.910765460566412,index points,1400,,جدول 5,sci_urban_household_cpi_inflation_national_provincial_1381_1405.xlsx
1385,07 - حمل ونقل,annual_cpi_index,5.214837365962997,index points,1400,,جدول 5,sci_urban_household_cpi_inflation_national_provincial_1381_1405.xlsx
1386,07 - حمل ونقل,annual_cpi_index,5.791709704934456,index points,1400,,جدول 5,sci_urban_household_cpi_inflation_national_provincial_1381_1405.xlsx
1387,07 - حمل ونقل,annual_cpi_index,6.563698294047988,index points,1400,,جدول 5,sci_urban_household_cpi_inflation_national_provincial_1381_1405.xlsx
1388,07 - حمل ونقل,annual_cpi_index,6.879701515031683,index points,1400,,جدول 5,sci_urban_household_cpi_inflation_national_provincial_1381_1405.xlsx
1389,07 - حمل ونقل,annual_cpi_index,7.7459855641368796,index points,1400,,جدول 5,sci_urban_household_cpi_inflation_national_provincial_1381_1405.xlsx
1390,07 - حمل ونقل,annual_cpi_index,9.39545709427845,index points,1400,,جدول 5,sci_urban_household_cpi_inflation_national_provincial_1381_1405.xlsx
1391,07 - حمل ونقل,annual_cpi_index,11.50407606786282,index points,1400,,جدول 5,sci_urban_household_cpi_inflation_national_provincial_1381_1405.xlsx
1392,07 - حمل ونقل,annual_cpi_index,15.381258023570995,index points,1400,,جدول 5,sci_urban_household_cpi_inflation_national_provincial_1381_1405.xlsx
1393,07 - حمل ونقل,annual_cpi_index,19.002740591696462,index points,1400,,جدول 5,sci_urban_household_cpi_inflation_national_provincial_1381_1405.xlsx
1394,07 - حمل ونقل,annual_cpi_index,20.901816611386813,index points,1400,,جدول 5,sci_urban_household_cpi_inflation_national_provincial_1381_1405.xlsx
1395,07 - حمل ونقل,annual_cpi_index,22.0116536511605,index points,1400,,جدول 5,sci_urban_household_cpi_inflation_national_provincial_1381_1405.xlsx
1396,07 - حمل ونقل,annual_cpi_index,23.081575633414428,index points,1400,,جدول 5,sci_urban_household_cpi_inflation_national_provincial_1381_1405.xlsx
1397,07 - حمل ونقل,annual_cpi_index,29.568726905449395,index points,1400,,جدول 5,sci_urban_household_cpi_inflation_national_provincial_1381_1405.xlsx
1398,07 - حمل ونقل,annual_cpi_index,43.53187687516942,index points,1400,,جدول 5,sci_urban_household_cpi_inflation_national_provincial_1381_1405.xlsx
1399,07 - حمل ونقل,annual_cpi_index,72.60348026870277,index points,1400,,جدول 5,sci_urban_household_cpi_inflation_national_provincial_1381_1405.xlsx
1400,07 - حمل ونقل,annual_cpi_index,99.99999999999999,index points,1400,,جدول 5,sci_urban_household_cpi_inflation_national_provincial_1381_1405.xlsx
1401,07 - حمل ونقل,annual_cpi_index,135.72764184067717,index points,1400,,جدول 5,sci_urban_household_cpi_inflation_national_provincial_1381_1405.xlsx
1402,07 - حمل ونقل,annual_cpi_index,192.92633734709668,index points,1400,,جدول 5,sci_urban_household_cpi_inflation_national_provincial_1381_1405.xlsx
1403,07 - حمل ونقل,annual_cpi_index,246.54999709779244,index points,1400,,جدول 5,sci_urban_household_cpi_inflation_national_provincial_1381_1405.xlsx
1404,07 - حمل ونقل,annual_cpi_index,353.76888819374403,index points,1400,,جدول 5,sci_urban_household_cpi_inflation_national_provincial_1381_1405.xlsx
1405,07 - حمل ونقل,annual_cpi_index,,index points,1400,blank,جدول 5,sci_urban_household_cpi_inflation_national_provincial_1381_1405.xlsx
1381,071 - خرید وسایل نقلیه,annual_cpi_index,3.8845432111026414,index points,1400,,جدول 5,sci_urban_household_cpi_inflation_national_provincial_1381_1405.xlsx
1382,071 - خرید وسایل نقلیه,annual_cpi_index,3.951857793484588,index points,1400,,جدول 5,sci_urban_household_cpi_inflation_national_provincial_1381_1405.xlsx
1383,071 - خرید وسایل نقلیه,annual_cpi_index,4.074731844569224,index points,1400,,جدول 5,sci_urban_household_cpi_inflation_national_provincial_1381_1405.xlsx
1384,071 - خرید وسایل نقلیه,annual_cpi_index,4.254073476222127,index points,1400,,جدول 5,sci_urban_household_cpi_inflation_national_provincial_1381_1405.xlsx
1385,071 - خرید وسایل نقلیه,annual_cpi_index,4.369433702924836,index points,1400,,جدول 5,sci_urban_household_cpi_inflation_national_provincial_1381_1405.xlsx
1386,071 - خرید وسایل نقلیه,annual_cpi_index,4.668280278400888,index points,1400,,جدول 5,sci_urban_household_cpi_inflation_national_provincial_1381_1405.xlsx
1387,071 - خرید وسایل نقلیه,annual_cpi_index,5.1724444160764715,index points,1400,,جدول 5,sci_urban_household_cpi_inflation_national_provincial_1381_1405.xlsx
1388,071 - خرید وسایل نقلیه,annual_cpi_index,5.222653763465163,index points,1400,,جدول 5,sci_urban_household_cpi_inflation_national_provincial_1381_1405.xlsx
1389,071 - خرید وسایل نقلیه,annual_cpi_index,5.482057340093296,index points,1400,,جدول 5,sci_urban_household_cpi_inflation_national_provincial_1381_1405.xlsx
1390,071 - خرید وسایل نقلیه,annual_cpi_index,5.700815768256477,index points,1400,,جدول 5,sci_urban_household_cpi_inflation_national_provincial_1381_1405.xlsx
1391,071 - خرید وسایل نقلیه,annual_cpi_index,7.481046604561528,index points,1400,,جدول 5,sci_urban_household_cpi_inflation_national_provincial_1381_1405.xlsx
1392,071 - خرید وسایل نقلیه,annual_cpi_index,10.766119768556733,index points,1400,,جدول 5,sci_urban_household_cpi_inflation_national_provincial_1381_1405.xlsx
1393,071 - خرید وسایل نقلیه,annual_cpi_index,12.404746139019677,index points,1400,,جدول 5,sci_urban_household_cpi_inflation_national_provincial_1381_1405.xlsx
1394,071 - خرید وسایل نقلیه,annual_cpi_index,12.535755856475308,index points,1400,,جدول 5,sci_urban_household_cpi_inflation_national_provincial_1381_1405.xlsx
1395,071 - خرید وسایل نقلیه,annual_cpi_index,12.848613225046446,index points,1400,,جدول 5,sci_urban_household_cpi_inflation_national_provincial_1381_1405.xlsx
1396,071 - خرید وسایل نقلیه,annual_cpi_index,13.422158211532325,index points,1400,,جدول 5,sci_urban_household_cpi_inflation_national_provincial_1381_1405.xlsx
1397,071 - خرید وسایل نقلیه,annual_cpi_index,20.63811584094687,index points,1400,,جدول 5,sci_urban_household_cpi_inflation_national_provincial_1381_1405.xlsx
1398,071 - خرید وسایل نقلیه,annual_cpi_index,34.004753404823454,index points,1400,,جدول 5,sci_urban_household_cpi_inflation_national_provincial_1381_1405.xlsx
1399,071 - خرید وسایل نقلیه,annual_cpi_index,68.62581825951348,index points,1400,,جدول 5,sci_urban_household_cpi_inflation_national_provincial_1381_1405.xlsx
1400,071 - خرید وسایل نقلیه,annual_cpi_index,99.99999999999999,index points,1400,,جدول 5,sci_urban_household_cpi_inflation_national_provincial_1381_1405.xlsx
1401,071 - خرید وسایل نقلیه,annual_cpi_index,144.51046872452613,index points,1400,,جدول 5,sci_urban_household_cpi_inflation_national_provincial_1381_1405.xlsx
1402,071 - خرید وسایل نقلیه,annual_cpi_index,206.32268475395296,index points,1400,,جدول 5,sci_urban_household_cpi_inflation_national_provincial_1381_1405.xlsx
1403,071 - خرید وسایل نقلیه,annual_cpi_index,247.92442292187658,index points,1400,,جدول 5,sci_urban_household_cpi_inflation_national_provincial_1381_1405.xlsx
1404,071 - خرید وسایل نقلیه,annual_cpi_index,346.0535725578651,index points,1400,,جدول 5,sci_urban_household_cpi_inflation_national_provincial_1381_1405.xlsx
1405,071 - خرید وسایل نقلیه,annual_cpi_index,,index points,1400,blank,جدول 5,sci_urban_household_cpi_inflation_national_provincial_1381_1405.xlsx
1381,072 - استفاده از وسایل حمل ونقل شخصی,annual_cpi_index,4.002199665114348,index points,1400,,جدول 5,sci_urban_household_cpi_inflation_national_provincial_1381_1405.xlsx
1382,072 - استفاده از وسایل حمل ونقل شخصی,annual_cpi_index,4.829490362605032,index points,1400,,جدول 5,sci_urban_household_cpi_inflation_national_provincial_1381_1405.xlsx
1383,072 - استفاده از وسایل حمل ونقل شخصی,annual_cpi_index,5.783534421029253,index points,1400,,جدول 5,sci_urban_household_cpi_inflation_national_provincial_1381_1405.xlsx
1384,072 - استفاده از وسایل حمل ونقل شخصی,annual_cpi_index,6.221596145031435,index points,1400,,جدول 5,sci_urban_household_cpi_inflation_national_provincial_1381_1405.xlsx
1385,072 - استفاده از وسایل حمل ونقل شخصی,annual_cpi_index,6.642274949999075,index points,1400,,جدول 5,sci_urban_household_cpi_inflation_national_provincial_1381_1405.xlsx
1386,072 - استفاده از وسایل حمل ونقل شخصی,annual_cpi_index,7.670296460030364,index points,1400,,جدول 5,sci_urban_household_cpi_inflation_national_provincial_1381_1405.xlsx
1387,072 - استفاده از وسایل حمل ونقل شخصی,annual_cpi_index,8.69883906790558,index points,1400,,جدول 5,sci_urban_household_cpi_inflation_national_provincial_1381_1405.xlsx
1388,072 - استفاده از وسایل حمل ونقل شخصی,annual_cpi_index,9.217391502848647,index points,1400,,جدول 5,sci_urban_household_cpi_inflation_national_provincial_1381_1405.xlsx
1389,072 - استفاده از وسایل حمل ونقل شخصی,annual_cpi_index,11.06136066249672,index points,1400,,جدول 5,sci_urban_household_cpi_inflation_national_provincial_1381_1405.xlsx
1390,072 - استفاده از وسایل حمل ونقل شخصی,annual_cpi_index,16.118725673690214,index points,1400,,جدول 5,sci_urban_household_cpi_inflation_national_provincial_1381_1405.xlsx
1391,072 - استفاده از وسایل حمل ونقل شخصی,annual_cpi_index,18.238573733034436,index points,1400,,جدول 5,sci_urban_household_cpi_inflation_national_provincial_1381_1405.xlsx
1392,072 - استفاده از وسایل حمل ونقل شخصی,annual_cpi_index,21.810237091923725,index points,1400,,جدول 5,sci_urban_household_cpi_inflation_national_provincial_1381_1405.xlsx
1393,072 - استفاده از وسایل حمل ونقل شخصی,annual_cpi_index,28.869328706020937,index points,1400,,جدول 5,sci_urban_household_cpi_inflation_national_provincial_1381_1405.xlsx
1394,072 - استفاده از وسایل حمل ونقل شخصی,annual_cpi_index,33.05700063798511,index points,1400,,جدول 5,sci_urban_household_cpi_inflation_national_provincial_1381_1405.xlsx
1395,072 - استفاده از وسایل حمل ونقل شخصی,annual_cpi_index,34.50546370872718,index points,1400,,جدول 5,sci_urban_household_cpi_inflation_national_provincial_1381_1405.xlsx
1396,072 - استفاده از وسایل حمل ونقل شخصی,annual_cpi_index,35.67804168757583,index points,1400,,جدول 5,sci_urban_household_cpi_inflation_national_provincial_1381_1405.xlsx
1397,072 - استفاده از وسایل حمل ونقل شخصی,annual_cpi_index,40.966482511555725,index points,1400,,جدول 5,sci_urban_household_cpi_inflation_national_provincial_1381_1405.xlsx
1398,072 - استفاده از وسایل حمل ونقل شخصی,annual_cpi_index,57.04803434675315,index points,1400,,جدول 5,sci_urban_household_cpi_inflation_national_provincial_1381_1405.xlsx
1399,072 - استفاده از وسایل حمل ونقل شخصی,annual_cpi_index,82.31319210200841,index points,1400,,جدول 5,sci_urban_household_cpi_inflation_national_provincial_1381_1405.xlsx
1400,072 - استفاده از وسایل حمل ونقل شخصی,annual_cpi_index,100,index points,1400,,جدول 5,sci_urban_household_cpi_inflation_national_provincial_1381_1405.xlsx
1401,072 - استفاده از وسایل حمل ونقل شخصی,annual_cpi_index,124.22378263248505,index points,1400,,جدول 5,sci_urban_household_cpi_inflation_national_provincial_1381_1405.xlsx
1402,072 - استفاده از وسایل حمل ونقل شخصی,annual_cpi_index,166.48932569213642,index points,1400,,جدول 5,sci_urban_household_cpi_inflation_national_provincial_1381_1405.xlsx
1403,072 - استفاده از وسایل حمل ونقل شخصی,annual_cpi_index,203.05180473783042,index points,1400,,جدول 5,sci_urban_household_cpi_inflation_national_provincial_1381_1405.xlsx
1404,072 - استفاده از وسایل حمل ونقل شخصی,annual_cpi_index,277.90349728337765,index points,1400,,جدول 5,sci_urban_household_cpi_inflation_national_provincial_1381_1405.xlsx
1405,072 - استفاده از وسایل حمل ونقل شخصی,annual_cpi_index,,index points,1400,blank,جدول 5,sci_urban_household_cpi_inflation_national_provincial_1381_1405.xlsx
1381,073 - خدمات حمل ونقل عمومی,annual_cpi_index,2.4456206273997325,index points,1400,,جدول 5,sci_urban_household_cpi_inflation_national_provincial_1381_1405.xlsx
1382,073 - خدمات حمل ونقل عمومی,annual_cpi_index,3.0618872295219095,index points,1400,,جدول 5,sci_urban_household_cpi_inflation_national_provincial_1381_1405.xlsx
1383,073 - خدمات حمل ونقل عمومی,annual_cpi_index,3.6224119667669394,index points,1400,,جدول 5,sci_urban_household_cpi_inflation_national_provincial_1381_1405.xlsx
1384,073 - خدمات حمل ونقل عمومی,annual_cpi_index,3.98970718598772,index points,1400,,جدول 5,sci_urban_household_cpi_inflation_national_provincial_1381_1405.xlsx
1385,073 - خدمات حمل ونقل عمومی,annual_cpi_index,4.488510333552868,index points,1400,,جدول 5,sci_urban_household_cpi_inflation_national_provincial_1381_1405.xlsx
1386,073 - خدمات حمل ونقل عمومی,annual_cpi_index,5.173945180394411,index points,1400,,جدول 5,sci_urban_household_cpi_inflation_national_provincial_1381_1405.xlsx
1387,073 - خدمات حمل ونقل عمومی,annual_cpi_index,6.075473767907039,index points,1400,,جدول 5,sci_urban_household_cpi_inflation_national_provincial_1381_1405.xlsx
1388,073 - خدمات حمل ونقل عمومی,annual_cpi_index,6.679913601265675,index points,1400,,جدول 5,sci_urban_household_cpi_inflation_national_provincial_1381_1405.xlsx
1389,073 - خدمات حمل ونقل عمومی,annual_cpi_index,7.903506869430297,index points,1400,,جدول 5,sci_urban_household_cpi_inflation_national_provincial_1381_1405.xlsx
1390,073 - خدمات حمل ونقل عمومی,annual_cpi_index,9.959189941376435,index points,1400,,جدول 5,sci_urban_household_cpi_inflation_national_provincial_1381_1405.xlsx
1391,073 - خدمات حمل ونقل عمومی,annual_cpi_index,12.128585085619209,index points,1400,,جدول 5,sci_urban_household_cpi_inflation_national_provincial_1381_1405.xlsx
1392,073 - خدمات حمل ونقل عمومی,annual_cpi_index,16.438395707818756,index points,1400,,جدول 5,sci_urban_household_cpi_inflation_national_provincial_1381_1405.xlsx
1393,073 - خدمات حمل ونقل عمومی,annual_cpi_index,21.26396597884715,index points,1400,,جدول 5,sci_urban_household_cpi_inflation_national_provincial_1381_1405.xlsx
1394,073 - خدمات حمل ونقل عمومی,annual_cpi_index,25.763752312325863,index points,1400,,جدول 5,sci_urban_household_cpi_inflation_national_provincial_1381_1405.xlsx
1395,073 - خدمات حمل ونقل عمومی,annual_cpi_index,28.686021456028694,index points,1400,,جدول 5,sci_urban_household_cpi_inflation_national_provincial_1381_1405.xlsx
1396,073 - خدمات حمل ونقل عمومی,annual_cpi_index,31.120975165006875,index points,1400,,جدول 5,sci_urban_household_cpi_inflation_national_provincial_1381_1405.xlsx
1397,073 - خدمات حمل ونقل عمومی,annual_cpi_index,37.4355187194743,index points,1400,,جدول 5,sci_urban_household_cpi_inflation_national_provincial_1381_1405.xlsx
1398,073 - خدمات حمل ونقل عمومی,annual_cpi_index,49.55227368818253,index points,1400,,جدول 5,sci_urban_household_cpi_inflation_national_provincial_1381_1405.xlsx
1399,073 - خدمات حمل ونقل عمومی,annual_cpi_index,68.00972261441525,index points,1400,,جدول 5,sci_urban_household_cpi_inflation_national_provincial_1381_1405.xlsx
1400,073 - خدمات حمل ونقل عمومی,annual_cpi_index,100.00000000000001,index points,1400,,جدول 5,sci_urban_household_cpi_inflation_national_provincial_1381_1405.xlsx
1401,073 - خدمات حمل ونقل عمومی,annual_cpi_index,146.5684062005456,index points,1400,,جدول 5,sci_urban_household_cpi_inflation_national_provincial_1381_1405.xlsx
1402,073 - خدمات حمل ونقل عمومی,annual_cpi_index,235.02960076018402,index points,1400,,جدول 5,sci_urban_household_cpi_inflation_national_provincial_1381_1405.xlsx
1403,073 - خدمات حمل ونقل عمومی,annual_cpi_index,368.16721050371507,index points,1400,,جدول 5,sci_urban_household_cpi_inflation_national_provincial_1381_1405.xlsx
1404,073 - خدمات حمل ونقل عمومی,annual_cpi_index,591.4930969521822,index points,1400,,جدول 5,sci_urban_household_cpi_inflation_national_provincial_1381_1405.xlsx
1405,073 - خدمات حمل ونقل عمومی,annual_cpi_index,,index points,1400,blank,جدول 5,sci_urban_household_cpi_inflation_national_provincial_1381_1405.xlsx
1381,08 - ارتباطات,annual_cpi_index,31.39308798884636,index points,1400,,جدول 5,sci_urban_household_cpi_inflation_national_provincial_1381_1405.xlsx
1382,08 - ارتباطات,annual_cpi_index,34.778769075359406,index points,1400,,جدول 5,sci_urban_household_cpi_inflation_national_provincial_1381_1405.xlsx
1383,08 - ارتباطات,annual_cpi_index,37.52549854623729,index points,1400,,جدول 5,sci_urban_household_cpi_inflation_national_provincial_1381_1405.xlsx
1384,08 - ارتباطات,annual_cpi_index,39.057866159960675,index points,1400,,جدول 5,sci_urban_household_cpi_inflation_national_provincial_1381_1405.xlsx
1385,08 - ارتباطات,annual_cpi_index,39.161859732370424,index points,1400,,جدول 5,sci_urban_household_cpi_inflation_national_provincial_1381_1405.xlsx
1386,08 - ارتباطات,annual_cpi_index,39.2357684261023,index points,1400,,جدول 5,sci_urban_household_cpi_inflation_national_provincial_1381_1405.xlsx
1387,08 - ارتباطات,annual_cpi_index,39.42379776920736,index points,1400,,جدول 5,sci_urban_household_cpi_inflation_national_provincial_1381_1405.xlsx
1388,08 - ارتباطات,annual_cpi_index,39.864574737572966,index points,1400,,جدول 5,sci_urban_household_cpi_inflation_national_provincial_1381_1405.xlsx
1389,08 - ارتباطات,annual_cpi_index,40.013640127211325,index points,1400,,جدول 5,sci_urban_household_cpi_inflation_national_provincial_1381_1405.xlsx
1390,08 - ارتباطات,annual_cpi_index,41.50829209772569,index points,1400,,جدول 5,sci_urban_household_cpi_inflation_national_provincial_1381_1405.xlsx
1391,08 - ارتباطات,annual_cpi_index,44.71694722021421,index points,1400,,جدول 5,sci_urban_household_cpi_inflation_national_provincial_1381_1405.xlsx
1392,08 - ارتباطات,annual_cpi_index,49.57919121696789,index points,1400,,جدول 5,sci_urban_household_cpi_inflation_national_provincial_1381_1405.xlsx
1393,08 - ارتباطات,annual_cpi_index,52.07574851634571,index points,1400,,جدول 5,sci_urban_household_cpi_inflation_national_provincial_1381_1405.xlsx
1394,08 - ارتباطات,annual_cpi_index,53.72670014234951,index points,1400,,جدول 5,sci_urban_household_cpi_inflation_national_provincial_1381_1405.xlsx
1395,08 - ارتباطات,annual_cpi_index,54.40957698527489,index points,1400,,جدول 5,sci_urban_household_cpi_inflation_national_provincial_1381_1405.xlsx
1396,08 - ارتباطات,annual_cpi_index,56.04942082500075,index points,1400,,جدول 5,sci_urban_household_cpi_inflation_national_provincial_1381_1405.xlsx
1397,08 - ارتباطات,annual_cpi_index,69.18562233265652,index points,1400,,جدول 5,sci_urban_household_cpi_inflation_national_provincial_1381_1405.xlsx
1398,08 - ارتباطات,annual_cpi_index,80.03754073103703,index points,1400,,جدول 5,sci_urban_household_cpi_inflation_national_provincial_1381_1405.xlsx
1399,08 - ارتباطات,annual_cpi_index,93.74490372220787,index points,1400,,جدول 5,sci_urban_household_cpi_inflation_national_provincial_1381_1405.xlsx
1400,08 - ارتباطات,annual_cpi_index,100.00000000000001,index points,1400,,جدول 5,sci_urban_household_cpi_inflation_national_provincial_1381_1405.xlsx
1401,08 - ارتباطات,annual_cpi_index,111.87078674781912,index points,1400,,جدول 5,sci_urban_household_cpi_inflation_national_provincial_1381_1405.xlsx
1402,08 - ارتباطات,annual_cpi_index,134.03051539638358,index points,1400,,جدول 5,sci_urban_household_cpi_inflation_national_provincial_1381_1405.xlsx
1403,08 - ارتباطات,annual_cpi_index,162.6308561686684,index points,1400,,جدول 5,sci_urban_household_cpi_inflation_national_provincial_1381_1405.xlsx
1404,08 - ارتباطات,annual_cpi_index,221.19707785852137,index points,1400,,جدول 5,sci_urban_household_cpi_inflation_national_provincial_1381_1405.xlsx
1405,08 - ارتباطات,annual_cpi_index,,index points,1400,blank,جدول 5,sci_urban_household_cpi_inflation_national_provincial_1381_1405.xlsx
1381,09 - تفریح و فرهنگ,annual_cpi_index,4.256579165999193,index points,1400,,جدول 5,sci_urban_household_cpi_inflation_national_provincial_1381_1405.xlsx
1382,09 - تفریح و فرهنگ,annual_cpi_index,4.528339507149577,index points,1400,,جدول 5,sci_urban_household_cpi_inflation_national_provincial_1381_1405.xlsx
1383,09 - تفریح و فرهنگ,annual_cpi_index,5.02164805135505,index points,1400,,جدول 5,sci_urban_household_cpi_inflation_national_provincial_1381_1405.xlsx
1384,09 - تفریح و فرهنگ,annual_cpi_index,5.491856156020869,index points,1400,,جدول 5,sci_urban_household_cpi_inflation_national_provincial_1381_1405.xlsx
1385,09 - تفریح و فرهنگ,annual_cpi_index,5.753833456559008,index points,1400,,جدول 5,sci_urban_household_cpi_inflation_national_provincial_1381_1405.xlsx
1386,09 - تفریح و فرهنگ,annual_cpi_index,6.1694838129408085,index points,1400,,جدول 5,sci_urban_household_cpi_inflation_national_provincial_1381_1405.xlsx
1387,09 - تفریح و فرهنگ,annual_cpi_index,6.7331756978828805,index points,1400,,جدول 5,sci_urban_household_cpi_inflation_national_provincial_1381_1405.xlsx
1388,09 - تفریح و فرهنگ,annual_cpi_index,7.170921372073429,index points,1400,,جدول 5,sci_urban_household_cpi_inflation_national_provincial_1381_1405.xlsx
1389,09 - تفریح و فرهنگ,annual_cpi_index,7.85432429087634,index points,1400,,جدول 5,sci_urban_household_cpi_inflation_national_provincial_1381_1405.xlsx
1390,09 - تفریح و فرهنگ,annual_cpi_index,8.995759541017774,index points,1400,,جدول 5,sci_urban_household_cpi_inflation_national_provincial_1381_1405.xlsx
1391,09 - تفریح و فرهنگ,annual_cpi_index,11.909346398222594,index points,1400,,جدول 5,sci_urban_household_cpi_inflation_national_provincial_1381_1405.xlsx
1392,09 - تفریح و فرهنگ,annual_cpi_index,16.62000922374899,index points,1400,,جدول 5,sci_urban_household_cpi_inflation_national_provincial_1381_1405.xlsx
1393,09 - تفریح و فرهنگ,annual_cpi_index,19.161384568015038,index points,1400,,جدول 5,sci_urban_household_cpi_inflation_national_provincial_1381_1405.xlsx
1394,09 - تفریح و فرهنگ,annual_cpi_index,21.214557866672138,index points,1400,,جدول 5,sci_urban_household_cpi_inflation_national_provincial_1381_1405.xlsx
1395,09 - تفریح و فرهنگ,annual_cpi_index,22.32843499168882,index points,1400,,جدول 5,sci_urban_household_cpi_inflation_national_provincial_1381_1405.xlsx
1396,09 - تفریح و فرهنگ,annual_cpi_index,24.034021624598726,index points,1400,,جدول 5,sci_urban_household_cpi_inflation_national_provincial_1381_1405.xlsx
1397,09 - تفریح و فرهنگ,annual_cpi_index,34.54273828495635,index points,1400,,جدول 5,sci_urban_household_cpi_inflation_national_provincial_1381_1405.xlsx
1398,09 - تفریح و فرهنگ,annual_cpi_index,50.15919253402574,index points,1400,,جدول 5,sci_urban_household_cpi_inflation_national_provincial_1381_1405.xlsx
1399,09 - تفریح و فرهنگ,annual_cpi_index,71.26323941227494,index points,1400,,جدول 5,sci_urban_household_cpi_inflation_national_provincial_1381_1405.xlsx
1400,09 - تفریح و فرهنگ,annual_cpi_index,99.99999999999999,index points,1400,,جدول 5,sci_urban_household_cpi_inflation_national_provincial_1381_1405.xlsx
1401,09 - تفریح و فرهنگ,annual_cpi_index,136.89541483130589,index points,1400,,جدول 5,sci_urban_household_cpi_inflation_national_provincial_1381_1405.xlsx
1402,09 - تفریح و فرهنگ,annual_cpi_index,196.89135609601126,index points,1400,,جدول 5,sci_urban_household_cpi_inflation_national_provincial_1381_1405.xlsx
1403,09 - تفریح و فرهنگ,annual_cpi_index,254.53867623516206,index points,1400,,جدول 5,sci_urban_household_cpi_inflation_national_provincial_1381_1405.xlsx
1404,09 - تفریح و فرهنگ,annual_cpi_index,370.149168704932,index points,1400,,جدول 5,sci_urban_household_cpi_inflation_national_provincial_1381_1405.xlsx
1405,09 - تفریح و فرهنگ,annual_cpi_index,,index points,1400,blank,جدول 5,sci_urban_household_cpi_inflation_national_provincial_1381_1405.xlsx
1381,10- آموزش,annual_cpi_index,10.506829049054764,index points,1400,,جدول 5,sci_urban_household_cpi_inflation_national_provincial_1381_1405.xlsx
1382,10- آموزش,annual_cpi_index,11.197271901137803,index points,1400,,جدول 5,sci_urban_household_cpi_inflation_national_provincial_1381_1405.xlsx
1383,10- آموزش,annual_cpi_index,12.751824316562494,index points,1400,,جدول 5,sci_urban_household_cpi_inflation_national_provincial_1381_1405.xlsx
1384,10- آموزش,annual_cpi_index,14.078174823533198,index points,1400,,جدول 5,sci_urban_household_cpi_inflation_national_provincial_1381_1405.xlsx
1385,10- آموزش,annual_cpi_index,14.754668736599488,index points,1400,,جدول 5,sci_urban_household_cpi_inflation_national_provincial_1381_1405.xlsx
1386,10- آموزش,annual_cpi_index,15.253839567581084,index points,1400,,جدول 5,sci_urban_household_cpi_inflation_national_provincial_1381_1405.xlsx
1387,10- آموزش,annual_cpi_index,15.95504747782723,index points,1400,,جدول 5,sci_urban_household_cpi_inflation_national_provincial_1381_1405.xlsx
1388,10- آموزش,annual_cpi_index,17.297593022032625,index points,1400,,جدول 5,sci_urban_household_cpi_inflation_national_provincial_1381_1405.xlsx
1389,10- آموزش,annual_cpi_index,19.474373386728438,index points,1400,,جدول 5,sci_urban_household_cpi_inflation_national_provincial_1381_1405.xlsx
1390,10- آموزش,annual_cpi_index,21.60649189500144,index points,1400,,جدول 5,sci_urban_household_cpi_inflation_national_provincial_1381_1405.xlsx
1391,10- آموزش,annual_cpi_index,23.801182026672883,index points,1400,,جدول 5,sci_urban_household_cpi_inflation_national_provincial_1381_1405.xlsx
1392,10- آموزش,annual_cpi_index,26.968918091572494,index points,1400,,جدول 5,sci_urban_household_cpi_inflation_national_provincial_1381_1405.xlsx
1393,10- آموزش,annual_cpi_index,31.45517903039247,index points,1400,,جدول 5,sci_urban_household_cpi_inflation_national_provincial_1381_1405.xlsx
1394,10- آموزش,annual_cpi_index,36.641806329275276,index points,1400,,جدول 5,sci_urban_household_cpi_inflation_national_provincial_1381_1405.xlsx
1395,10- آموزش,annual_cpi_index,41.27361777420433,index points,1400,,جدول 5,sci_urban_household_cpi_inflation_national_provincial_1381_1405.xlsx
1396,10- آموزش,annual_cpi_index,45.81743403483445,index points,1400,,جدول 5,sci_urban_household_cpi_inflation_national_provincial_1381_1405.xlsx
1397,10- آموزش,annual_cpi_index,53.89093538545537,index points,1400,,جدول 5,sci_urban_household_cpi_inflation_national_provincial_1381_1405.xlsx
1398,10- آموزش,annual_cpi_index,65.75141496967336,index points,1400,,جدول 5,sci_urban_household_cpi_inflation_national_provincial_1381_1405.xlsx
1399,10- آموزش,annual_cpi_index,79.90268565042278,index points,1400,,جدول 5,sci_urban_household_cpi_inflation_national_provincial_1381_1405.xlsx
1400,10- آموزش,annual_cpi_index,99.99999999999999,index points,1400,,جدول 5,sci_urban_household_cpi_inflation_national_provincial_1381_1405.xlsx
1401,10- آموزش,annual_cpi_index,132.42704793128055,index points,1400,,جدول 5,sci_urban_household_cpi_inflation_national_provincial_1381_1405.xlsx
1402,10- آموزش,annual_cpi_index,181.40532389248804,index points,1400,,جدول 5,sci_urban_household_cpi_inflation_national_provincial_1381_1405.xlsx
1403,10- آموزش,annual_cpi_index,248.03947395000165,index points,1400,,جدول 5,sci_urban_household_cpi_inflation_national_provincial_1381_1405.xlsx
1404,10- آموزش,annual_cpi_index,350.5410645605728,index points,1400,,جدول 5,sci_urban_household_cpi_inflation_national_provincial_1381_1405.xlsx
1405,10- آموزش,annual_cpi_index,,index points,1400,blank,جدول 5,sci_urban_household_cpi_inflation_national_provincial_1381_1405.xlsx
1381,11- هتل و رستوران,annual_cpi_index,3.0029968829664093,index points,1400,,جدول 5,sci_urban_household_cpi_inflation_national_provincial_1381_1405.xlsx
1382,11- هتل و رستوران,annual_cpi_index,3.4460861070322983,index points,1400,,جدول 5,sci_urban_household_cpi_inflation_national_provincial_1381_1405.xlsx
1383,11- هتل و رستوران,annual_cpi_index,3.935381230863588,index points,1400,,جدول 5,sci_urban_household_cpi_inflation_national_provincial_1381_1405.xlsx
1384,11- هتل و رستوران,annual_cpi_index,4.3785671334670795,index points,1400,,جدول 5,sci_urban_household_cpi_inflation_national_provincial_1381_1405.xlsx
1385,11- هتل و رستوران,annual_cpi_index,4.845084971120342,index points,1400,,جدول 5,sci_urban_household_cpi_inflation_national_provincial_1381_1405.xlsx
1386,11- هتل و رستوران,annual_cpi_index,5.522924617247836,index points,1400,,جدول 5,sci_urban_household_cpi_inflation_national_provincial_1381_1405.xlsx
1387,11- هتل و رستوران,annual_cpi_index,6.766740224545389,index points,1400,,جدول 5,sci_urban_household_cpi_inflation_national_provincial_1381_1405.xlsx
1388,11- هتل و رستوران,annual_cpi_index,7.641834570657856,index points,1400,,جدول 5,sci_urban_household_cpi_inflation_national_provincial_1381_1405.xlsx
1389,11- هتل و رستوران,annual_cpi_index,8.735464636439184,index points,1400,,جدول 5,sci_urban_household_cpi_inflation_national_provincial_1381_1405.xlsx
1390,11- هتل و رستوران,annual_cpi_index,10.219672735468503,index points,1400,,جدول 5,sci_urban_household_cpi_inflation_national_provincial_1381_1405.xlsx
1391,11- هتل و رستوران,annual_cpi_index,13.357119088450693,index points,1400,,جدول 5,sci_urban_household_cpi_inflation_national_provincial_1381_1405.xlsx
1392,11- هتل و رستوران,annual_cpi_index,18.027967139902696,index points,1400,,جدول 5,sci_urban_household_cpi_inflation_national_provincial_1381_1405.xlsx
1393,11- هتل و رستوران,annual_cpi_index,21.300999516987858,index points,1400,,جدول 5,sci_urban_household_cpi_inflation_national_provincial_1381_1405.xlsx
1394,11- هتل و رستوران,annual_cpi_index,24.148669913528085,index points,1400,,جدول 5,sci_urban_household_cpi_inflation_national_provincial_1381_1405.xlsx
1395,11- هتل و رستوران,annual_cpi_index,26.18735051716039,index points,1400,,جدول 5,sci_urban_household_cpi_inflation_national_provincial_1381_1405.xlsx
1396,11- هتل و رستوران,annual_cpi_index,27.958413015162087,index points,1400,,جدول 5,sci_urban_household_cpi_inflation_national_provincial_1381_1405.xlsx
1397,11- هتل و رستوران,annual_cpi_index,33.99398194321103,index points,1400,,جدول 5,sci_urban_household_cpi_inflation_national_provincial_1381_1405.xlsx
1398,11- هتل و رستوران,annual_cpi_index,47.523487408458074,index points,1400,,جدول 5,sci_urban_household_cpi_inflation_national_provincial_1381_1405.xlsx
1399,11- هتل و رستوران,annual_cpi_index,61.57627740476109,index points,1400,,جدول 5,sci_urban_household_cpi_inflation_national_provincial_1381_1405.xlsx
1400,11- هتل و رستوران,annual_cpi_index,100,index points,1400,,جدول 5,sci_urban_household_cpi_inflation_national_provincial_1381_1405.xlsx
1401,11- هتل و رستوران,annual_cpi_index,182.43025182620957,index points,1400,,جدول 5,sci_urban_household_cpi_inflation_national_provincial_1381_1405.xlsx
1402,11- هتل و رستوران,annual_cpi_index,291.13274357298513,index points,1400,,جدول 5,sci_urban_household_cpi_inflation_national_provincial_1381_1405.xlsx
1403,11- هتل و رستوران,annual_cpi_index,388.73906187341765,index points,1400,,جدول 5,sci_urban_household_cpi_inflation_national_provincial_1381_1405.xlsx
1404,11- هتل و رستوران,annual_cpi_index,559.6992471876947,index points,1400,,جدول 5,sci_urban_household_cpi_inflation_national_provincial_1381_1405.xlsx
1405,11- هتل و رستوران,annual_cpi_index,,index points,1400,blank,جدول 5,sci_urban_household_cpi_inflation_national_provincial_1381_1405.xlsx
1381,12- کالاها و خدمات متفرقه,annual_cpi_index,2.0974752802435113,index points,1400,,جدول 5,sci_urban_household_cpi_inflation_national_provincial_1381_1405.xlsx
1382,12- کالاها و خدمات متفرقه,annual_cpi_index,2.4480148094975496,index points,1400,,جدول 5,sci_urban_household_cpi_inflation_national_provincial_1381_1405.xlsx
1383,12- کالاها و خدمات متفرقه,annual_cpi_index,2.8283665963096287,index points,1400,,جدول 5,sci_urban_household_cpi_inflation_national_provincial_1381_1405.xlsx
1384,12- کالاها و خدمات متفرقه,annual_cpi_index,3.2411142803252493,index points,1400,,جدول 5,sci_urban_household_cpi_inflation_national_provincial_1381_1405.xlsx
1385,12- کالاها و خدمات متفرقه,annual_cpi_index,3.850562512524562,index points,1400,,جدول 5,sci_urban_household_cpi_inflation_national_provincial_1381_1405.xlsx
1386,12- کالاها و خدمات متفرقه,annual_cpi_index,4.508191396133984,index points,1400,,جدول 5,sci_urban_household_cpi_inflation_national_provincial_1381_1405.xlsx
1387,12- کالاها و خدمات متفرقه,annual_cpi_index,5.393705462854259,index points,1400,,جدول 5,sci_urban_household_cpi_inflation_national_provincial_1381_1405.xlsx
1388,12- کالاها و خدمات متفرقه,annual_cpi_index,6.178140492293079,index points,1400,,جدول 5,sci_urban_household_cpi_inflation_national_provincial_1381_1405.xlsx
1389,12- کالاها و خدمات متفرقه,annual_cpi_index,7.649523455952817,index points,1400,,جدول 5,sci_urban_household_cpi_inflation_national_provincial_1381_1405.xlsx
1390,12- کالاها و خدمات متفرقه,annual_cpi_index,10.898721146976523,index points,1400,,جدول 5,sci_urban_household_cpi_inflation_national_provincial_1381_1405.xlsx
1391,12- کالاها و خدمات متفرقه,annual_cpi_index,15.969227633383355,index points,1400,,جدول 5,sci_urban_household_cpi_inflation_national_provincial_1381_1405.xlsx
1392,12- کالاها و خدمات متفرقه,annual_cpi_index,19.89237472665355,index points,1400,,جدول 5,sci_urban_household_cpi_inflation_national_provincial_1381_1405.xlsx
1393,12- کالاها و خدمات متفرقه,annual_cpi_index,21.874556393094664,index points,1400,,جدول 5,sci_urban_household_cpi_inflation_national_provincial_1381_1405.xlsx
1394,12- کالاها و خدمات متفرقه,annual_cpi_index,23.510809067252534,index points,1400,,جدول 5,sci_urban_household_cpi_inflation_national_provincial_1381_1405.xlsx
1395,12- کالاها و خدمات متفرقه,annual_cpi_index,25.912684555083565,index points,1400,,جدول 5,sci_urban_household_cpi_inflation_national_provincial_1381_1405.xlsx
1396,12- کالاها و خدمات متفرقه,annual_cpi_index,27.963835053327447,index points,1400,,جدول 5,sci_urban_household_cpi_inflation_national_provincial_1381_1405.xlsx
1397,12- کالاها و خدمات متفرقه,annual_cpi_index,37.76622487693924,index points,1400,,جدول 5,sci_urban_household_cpi_inflation_national_provincial_1381_1405.xlsx
1398,12- کالاها و خدمات متفرقه,annual_cpi_index,51.772334001868934,index points,1400,,جدول 5,sci_urban_household_cpi_inflation_national_provincial_1381_1405.xlsx
1399,12- کالاها و خدمات متفرقه,annual_cpi_index,71.14596846424406,index points,1400,,جدول 5,sci_urban_household_cpi_inflation_national_provincial_1381_1405.xlsx
1400,12- کالاها و خدمات متفرقه,annual_cpi_index,100,index points,1400,,جدول 5,sci_urban_household_cpi_inflation_national_provincial_1381_1405.xlsx
1401,12- کالاها و خدمات متفرقه,annual_cpi_index,133.72172160582528,index points,1400,,جدول 5,sci_urban_household_cpi_inflation_national_provincial_1381_1405.xlsx
1402,12- کالاها و خدمات متفرقه,annual_cpi_index,187.69210259822478,index points,1400,,جدول 5,sci_urban_household_cpi_inflation_national_provincial_1381_1405.xlsx
1403,12- کالاها و خدمات متفرقه,annual_cpi_index,259.1381832627081,index points,1400,,جدول 5,sci_urban_household_cpi_inflation_national_provincial_1381_1405.xlsx
1404,12- کالاها و خدمات متفرقه,annual_cpi_index,423.8248876948126,index points,1400,,جدول 5,sci_urban_household_cpi_inflation_national_provincial_1381_1405.xlsx
1405,12- کالاها و خدمات متفرقه,annual_cpi_index,,index points,1400,blank,جدول 5,sci_urban_household_cpi_inflation_national_provincial_1381_1405.xlsx
1381,شاخص کل* (بدون اجاره),annual_cpi_index,2.692899275716843,index points,1400,,جدول 5,sci_urban_household_cpi_inflation_national_provincial_1381_1405.xlsx
1382,شاخص کل* (بدون اجاره),annual_cpi_index,3.0380087320984925,index points,1400,,جدول 5,sci_urban_household_cpi_inflation_national_provincial_1381_1405.xlsx
1383,شاخص کل* (بدون اجاره),annual_cpi_index,3.452268240958283,index points,1400,,جدول 5,sci_urban_household_cpi_inflation_national_provincial_1381_1405.xlsx
1384,شاخص کل* (بدون اجاره),annual_cpi_index,3.8348797478087713,index points,1400,,جدول 5,sci_urban_household_cpi_inflation_national_provincial_1381_1405.xlsx
1385,شاخص کل* (بدون اجاره),annual_cpi_index,4.275129016386721,index points,1400,,جدول 5,sci_urban_household_cpi_inflation_national_provincial_1381_1405.xlsx
1386,شاخص کل* (بدون اجاره),annual_cpi_index,4.914898547729974,index points,1400,,جدول 5,sci_urban_household_cpi_inflation_national_provincial_1381_1405.xlsx
1387,شاخص کل* (بدون اجاره),annual_cpi_index,6.052903769017753,index points,1400,,جدول 5,sci_urban_household_cpi_inflation_national_provincial_1381_1405.xlsx
1388,شاخص کل* (بدون اجاره),annual_cpi_index,6.65036407895564,index points,1400,,جدول 5,sci_urban_household_cpi_inflation_national_provincial_1381_1405.xlsx
1389,شاخص کل* (بدون اجاره),annual_cpi_index,7.7629468061733915,index points,1400,,جدول 5,sci_urban_household_cpi_inflation_national_provincial_1381_1405.xlsx
1390,شاخص کل* (بدون اجاره),annual_cpi_index,10.126974709848014,index points,1400,,جدول 5,sci_urban_household_cpi_inflation_national_provincial_1381_1405.xlsx
1391,شاخص کل* (بدون اجاره),annual_cpi_index,13.488118459441626,index points,1400,,جدول 5,sci_urban_household_cpi_inflation_national_provincial_1381_1405.xlsx
1392,شاخص کل* (بدون اجاره),annual_cpi_index,18.344170882259842,index points,1400,,جدول 5,sci_urban_household_cpi_inflation_national_provincial_1381_1405.xlsx
1393,شاخص کل* (بدون اجاره),annual_cpi_index,20.932524812277357,index points,1400,,جدول 5,sci_urban_household_cpi_inflation_national_provincial_1381_1405.xlsx
1394,شاخص کل* (بدون اجاره),annual_cpi_index,23.297457599959856,index points,1400,,جدول 5,sci_urban_household_cpi_inflation_national_provincial_1381_1405.xlsx
1395,شاخص کل* (بدون اجاره),annual_cpi_index,25.028244082938556,index points,1400,,جدول 5,sci_urban_household_cpi_inflation_national_provincial_1381_1405.xlsx
1396,شاخص کل* (بدون اجاره),annual_cpi_index,27.21698900540059,index points,1400,,جدول 5,sci_urban_household_cpi_inflation_national_provincial_1381_1405.xlsx
1397,شاخص کل* (بدون اجاره),annual_cpi_index,35.52904473264221,index points,1400,,جدول 5,sci_urban_household_cpi_inflation_national_provincial_1381_1405.xlsx
1398,شاخص کل* (بدون اجاره),annual_cpi_index,49.55206978044292,index points,1400,,جدول 5,sci_urban_household_cpi_inflation_national_provincial_1381_1405.xlsx
1399,شاخص کل* (بدون اجاره),annual_cpi_index,69.22771950946506,index points,1400,,جدول 5,sci_urban_household_cpi_inflation_national_provincial_1381_1405.xlsx
1400,شاخص کل* (بدون اجاره),annual_cpi_index,100.00000000000003,index points,1400,,جدول 5,sci_urban_household_cpi_inflation_national_provincial_1381_1405.xlsx
1401,شاخص کل* (بدون اجاره),annual_cpi_index,151.88635729491526,index points,1400,,جدول 5,sci_urban_household_cpi_inflation_national_provincial_1381_1405.xlsx
1402,شاخص کل* (بدون اجاره),annual_cpi_index,214.71488369074646,index points,1400,,جدول 5,sci_urban_household_cpi_inflation_national_provincial_1381_1405.xlsx
1403,شاخص کل* (بدون اجاره),annual_cpi_index,277.28004131371983,index points,1400,,جدول 5,sci_urban_household_cpi_inflation_national_provincial_1381_1405.xlsx
1404,شاخص کل* (بدون اجاره),annual_cpi_index,437.7286048067554,index points,1400,,جدول 5,sci_urban_household_cpi_inflation_national_provincial_1381_1405.xlsx
1405,شاخص کل* (بدون اجاره),annual_cpi_index,,index points,1400,blank,جدول 5,sci_urban_household_cpi_inflation_national_provincial_1381_1405.xlsx
1381,کالاها,annual_cpi_index,2.1397946100400844,index points,1400,,جدول 5,sci_urban_household_cpi_inflation_national_provincial_1381_1405.xlsx
1382,کالاها,annual_cpi_index,2.387034667097834,index points,1400,,جدول 5,sci_urban_household_cpi_inflation_national_provincial_1381_1405.xlsx
1383,کالاها,annual_cpi_index,2.689134699379313,index points,1400,,جدول 5,sci_urban_household_cpi_inflation_national_provincial_1381_1405.xlsx
1384,کالاها,annual_cpi_index,2.9504354323243187,index points,1400,,جدول 5,sci_urban_household_cpi_inflation_national_provincial_1381_1405.xlsx
1385,کالاها,annual_cpi_index,3.249957359585001,index points,1400,,جدول 5,sci_urban_household_cpi_inflation_national_provincial_1381_1405.xlsx
1386,کالاها,annual_cpi_index,3.7289830724996604,index points,1400,,جدول 5,sci_urban_household_cpi_inflation_national_provincial_1381_1405.xlsx
1387,کالاها,annual_cpi_index,4.629257066574921,index points,1400,,جدول 5,sci_urban_household_cpi_inflation_national_provincial_1381_1405.xlsx
1388,کالاها,annual_cpi_index,5.108259137807648,index points,1400,,جدول 5,sci_urban_household_cpi_inflation_national_provincial_1381_1405.xlsx
1389,کالاها,annual_cpi_index,6.142923770340773,index points,1400,,جدول 5,sci_urban_household_cpi_inflation_national_provincial_1381_1405.xlsx
1390,کالاها,annual_cpi_index,8.58794105752239,index points,1400,,جدول 5,sci_urban_household_cpi_inflation_national_provincial_1381_1405.xlsx
1391,کالاها,annual_cpi_index,11.867311625205407,index points,1400,,جدول 5,sci_urban_household_cpi_inflation_national_provincial_1381_1405.xlsx
1392,کالاها,annual_cpi_index,16.50454428496549,index points,1400,,جدول 5,sci_urban_household_cpi_inflation_national_provincial_1381_1405.xlsx
1393,کالاها,annual_cpi_index,18.65641693322352,index points,1400,,جدول 5,sci_urban_household_cpi_inflation_national_provincial_1381_1405.xlsx
1394,کالاها,annual_cpi_index,20.64307077067569,index points,1400,,جدول 5,sci_urban_household_cpi_inflation_national_provincial_1381_1405.xlsx
1395,کالاها,annual_cpi_index,22.10781462484794,index points,1400,,جدول 5,sci_urban_household_cpi_inflation_national_provincial_1381_1405.xlsx
1396,کالاها,annual_cpi_index,24.165549530299167,index points,1400,,جدول 5,sci_urban_household_cpi_inflation_national_provincial_1381_1405.xlsx
1397,کالاها,annual_cpi_index,32.738963039337946,index points,1400,,جدول 5,sci_urban_household_cpi_inflation_national_provincial_1381_1405.xlsx
1398,کالاها,annual_cpi_index,47.283565980426275,index points,1400,,جدول 5,sci_urban_household_cpi_inflation_national_provincial_1381_1405.xlsx
1399,کالاها,annual_cpi_index,68.08353710376171,index points,1400,,جدول 5,sci_urban_household_cpi_inflation_national_provincial_1381_1405.xlsx
1400,کالاها,annual_cpi_index,100.00000000000001,index points,1400,,جدول 5,sci_urban_household_cpi_inflation_national_provincial_1381_1405.xlsx
1401,کالاها,annual_cpi_index,155.5003530724437,index points,1400,,جدول 5,sci_urban_household_cpi_inflation_national_provincial_1381_1405.xlsx
1402,کالاها,annual_cpi_index,219.57843056602167,index points,1400,,جدول 5,sci_urban_household_cpi_inflation_national_provincial_1381_1405.xlsx
1403,کالاها,annual_cpi_index,279.8109901593292,index points,1400,,جدول 5,sci_urban_household_cpi_inflation_national_provincial_1381_1405.xlsx
1404,کالاها,annual_cpi_index,451.5386057334952,index points,1400,,جدول 5,sci_urban_household_cpi_inflation_national_provincial_1381_1405.xlsx
1405,کالاها,annual_cpi_index,,index points,1400,blank,جدول 5,sci_urban_household_cpi_inflation_national_provincial_1381_1405.xlsx
1381,خدمات,annual_cpi_index,5.16597845490184,index points,1400,,جدول 5,sci_urban_household_cpi_inflation_national_provincial_1381_1405.xlsx
1382,خدمات,annual_cpi_index,6.031946517267587,index points,1400,,جدول 5,sci_urban_household_cpi_inflation_national_provincial_1381_1405.xlsx
1383,خدمات,annual_cpi_index,7.051209117481146,index points,1400,,جدول 5,sci_urban_household_cpi_inflation_national_provincial_1381_1405.xlsx
1384,خدمات,annual_cpi_index,8.094644771352435,index points,1400,,جدول 5,sci_urban_household_cpi_inflation_national_provincial_1381_1405.xlsx
1385,خدمات,annual_cpi_index,9.512697431976802,index points,1400,,جدول 5,sci_urban_household_cpi_inflation_national_provincial_1381_1405.xlsx
1386,خدمات,annual_cpi_index,11.390688944001452,index points,1400,,جدول 5,sci_urban_household_cpi_inflation_national_provincial_1381_1405.xlsx
1387,خدمات,annual_cpi_index,14.455626170752469,index points,1400,,جدول 5,sci_urban_household_cpi_inflation_national_provincial_1381_1405.xlsx
1388,خدمات,annual_cpi_index,15.703406337627829,index points,1400,,جدول 5,sci_urban_household_cpi_inflation_national_provincial_1381_1405.xlsx
1389,خدمات,annual_cpi_index,16.93371353340529,index points,1400,,جدول 5,sci_urban_household_cpi_inflation_national_provincial_1381_1405.xlsx
1390,خدمات,annual_cpi_index,18.959602442371747,index points,1400,,جدول 5,sci_urban_household_cpi_inflation_national_provincial_1381_1405.xlsx
1391,خدمات,annual_cpi_index,22.499168408040553,index points,1400,,جدول 5,sci_urban_household_cpi_inflation_national_provincial_1381_1405.xlsx
1392,خدمات,annual_cpi_index,27.83078368473204,index points,1400,,جدول 5,sci_urban_household_cpi_inflation_national_provincial_1381_1405.xlsx
1393,خدمات,annual_cpi_index,32.625919985864485,index points,1400,,جدول 5,sci_urban_household_cpi_inflation_national_provincial_1381_1405.xlsx
1394,خدمات,annual_cpi_index,36.57859937609821,index points,1400,,جدول 5,sci_urban_household_cpi_inflation_national_provincial_1381_1405.xlsx
1395,خدمات,annual_cpi_index,38.88690684276106,index points,1400,,جدول 5,sci_urban_household_cpi_inflation_national_provincial_1381_1405.xlsx
1396,خدمات,annual_cpi_index,41.63079702872977,index points,1400,,جدول 5,sci_urban_household_cpi_inflation_national_provincial_1381_1405.xlsx
1397,خدمات,annual_cpi_index,49.294797761020526,index points,1400,,جدول 5,sci_urban_household_cpi_inflation_national_provincial_1381_1405.xlsx
1398,خدمات,annual_cpi_index,60.9727980397079,index points,1400,,جدول 5,sci_urban_household_cpi_inflation_national_provincial_1381_1405.xlsx
1399,خدمات,annual_cpi_index,77.1472697807454,index points,1400,,جدول 5,sci_urban_household_cpi_inflation_national_provincial_1381_1405.xlsx
1400,خدمات,annual_cpi_index,100.00000000000001,index points,1400,,جدول 5,sci_urban_household_cpi_inflation_national_provincial_1381_1405.xlsx
1401,خدمات,annual_cpi_index,134.70630467182974,index points,1400,,جدول 5,sci_urban_household_cpi_inflation_national_provincial_1381_1405.xlsx
1402,خدمات,annual_cpi_index,188.77343843718106,index points,1400,,جدول 5,sci_urban_household_cpi_inflation_national_provincial_1381_1405.xlsx
1403,خدمات,annual_cpi_index,262.1091288444887,index points,1400,,جدول 5,sci_urban_household_cpi_inflation_national_provincial_1381_1405.xlsx
1404,خدمات,annual_cpi_index,359.907970141132,index points,1400,,جدول 5,sci_urban_household_cpi_inflation_national_provincial_1381_1405.xlsx
1405,خدمات,annual_cpi_index,,index points,1400,blank,جدول 5,sci_urban_household_cpi_inflation_national_provincial_1381_1405.xlsx
1381,کالاهای بادوام,annual_cpi_index,,index points,1400,-,جدول 5,sci_urban_household_cpi_inflation_national_provincial_1381_1405.xlsx
1382,کالاهای بادوام,annual_cpi_index,,index points,1400,-,جدول 5,sci_urban_household_cpi_inflation_national_provincial_1381_1405.xlsx
1383,کالاهای بادوام,annual_cpi_index,,index points,1400,-,جدول 5,sci_urban_household_cpi_inflation_national_provincial_1381_1405.xlsx
1384,کالاهای بادوام,annual_cpi_index,,index points,1400,-,جدول 5,sci_urban_household_cpi_inflation_national_provincial_1381_1405.xlsx
1385,کالاهای بادوام,annual_cpi_index,,index points,1400,-,جدول 5,sci_urban_household_cpi_inflation_national_provincial_1381_1405.xlsx
1386,کالاهای بادوام,annual_cpi_index,,index points,1400,-,جدول 5,sci_urban_household_cpi_inflation_national_provincial_1381_1405.xlsx
1387,کالاهای بادوام,annual_cpi_index,,index points,1400,-,جدول 5,sci_urban_household_cpi_inflation_national_provincial_1381_1405.xlsx
1388,کالاهای بادوام,annual_cpi_index,,index points,1400,-,جدول 5,sci_urban_household_cpi_inflation_national_provincial_1381_1405.xlsx
1389,کالاهای بادوام,annual_cpi_index,,index points,1400,-,جدول 5,sci_urban_household_cpi_inflation_national_provincial_1381_1405.xlsx
1390,کالاهای بادوام,annual_cpi_index,,index points,1400,-,جدول 5,sci_urban_household_cpi_inflation_national_provincial_1381_1405.xlsx
1391,کالاهای بادوام,annual_cpi_index,,index points,1400,-,جدول 5,sci_urban_household_cpi_inflation_national_provincial_1381_1405.xlsx
1392,کالاهای بادوام,annual_cpi_index,,index points,1400,-,جدول 5,sci_urban_household_cpi_inflation_national_provincial_1381_1405.xlsx
1393,کالاهای بادوام,annual_cpi_index,,index points,1400,-,جدول 5,sci_urban_household_cpi_inflation_national_provincial_1381_1405.xlsx
1394,کالاهای بادوام,annual_cpi_index,,index points,1400,-,جدول 5,sci_urban_household_cpi_inflation_national_provincial_1381_1405.xlsx
1395,کالاهای بادوام,annual_cpi_index,14.861081486415275,index points,1400,,جدول 5,sci_urban_household_cpi_inflation_national_provincial_1381_1405.xlsx
1396,کالاهای بادوام,annual_cpi_index,15.65409530718426,index points,1400,,جدول 5,sci_urban_household_cpi_inflation_national_provincial_1381_1405.xlsx
1397,کالاهای بادوام,annual_cpi_index,24.77431424096793,index points,1400,,جدول 5,sci_urban_household_cpi_inflation_national_provincial_1381_1405.xlsx
1398,کالاهای بادوام,annual_cpi_index,38.63935912064941,index points,1400,,جدول 5,sci_urban_household_cpi_inflation_national_provincial_1381_1405.xlsx
1399,کالاهای بادوام,annual_cpi_index,70.68449668897186,index points,1400,,جدول 5,sci_urban_household_cpi_inflation_national_provincial_1381_1405.xlsx
1400,کالاهای بادوام,annual_cpi_index,99.99999999999999,index points,1400,,جدول 5,sci_urban_household_cpi_inflation_national_provincial_1381_1405.xlsx
1401,کالاهای بادوام,annual_cpi_index,137.25576320744347,index points,1400,,جدول 5,sci_urban_household_cpi_inflation_national_provincial_1381_1405.xlsx
1402,کالاهای بادوام,annual_cpi_index,197.0132172007921,index points,1400,,جدول 5,sci_urban_household_cpi_inflation_national_provincial_1381_1405.xlsx
1403,کالاهای بادوام,annual_cpi_index,248.15212536881637,index points,1400,,جدول 5,sci_urban_household_cpi_inflation_national_provincial_1381_1405.xlsx
1404,کالاهای بادوام,annual_cpi_index,382.48977885362825,index points,1400,,جدول 5,sci_urban_household_cpi_inflation_national_provincial_1381_1405.xlsx
1405,کالاهای بادوام,annual_cpi_index,,index points,1400,blank,جدول 5,sci_urban_household_cpi_inflation_national_provincial_1381_1405.xlsx
1381,کالاهای بی دوام,annual_cpi_index,,index points,1400,-,جدول 5,sci_urban_household_cpi_inflation_national_provincial_1381_1405.xlsx
1382,کالاهای بی دوام,annual_cpi_index,,index points,1400,-,جدول 5,sci_urban_household_cpi_inflation_national_provincial_1381_1405.xlsx
1383,کالاهای بی دوام,annual_cpi_index,,index points,1400,-,جدول 5,sci_urban_household_cpi_inflation_national_provincial_1381_1405.xlsx
1384,کالاهای بی دوام,annual_cpi_index,,index points,1400,-,جدول 5,sci_urban_household_cpi_inflation_national_provincial_1381_1405.xlsx
1385,کالاهای بی دوام,annual_cpi_index,,index points,1400,-,جدول 5,sci_urban_household_cpi_inflation_national_provincial_1381_1405.xlsx
1386,کالاهای بی دوام,annual_cpi_index,,index points,1400,-,جدول 5,sci_urban_household_cpi_inflation_national_provincial_1381_1405.xlsx
1387,کالاهای بی دوام,annual_cpi_index,,index points,1400,-,جدول 5,sci_urban_household_cpi_inflation_national_provincial_1381_1405.xlsx
1388,کالاهای بی دوام,annual_cpi_index,,index points,1400,-,جدول 5,sci_urban_household_cpi_inflation_national_provincial_1381_1405.xlsx
1389,کالاهای بی دوام,annual_cpi_index,,index points,1400,-,جدول 5,sci_urban_household_cpi_inflation_national_provincial_1381_1405.xlsx
1390,کالاهای بی دوام,annual_cpi_index,,index points,1400,-,جدول 5,sci_urban_household_cpi_inflation_national_provincial_1381_1405.xlsx
1391,کالاهای بی دوام,annual_cpi_index,,index points,1400,-,جدول 5,sci_urban_household_cpi_inflation_national_provincial_1381_1405.xlsx
1392,کالاهای بی دوام,annual_cpi_index,,index points,1400,-,جدول 5,sci_urban_household_cpi_inflation_national_provincial_1381_1405.xlsx
1393,کالاهای بی دوام,annual_cpi_index,,index points,1400,-,جدول 5,sci_urban_household_cpi_inflation_national_provincial_1381_1405.xlsx
1394,کالاهای بی دوام,annual_cpi_index,,index points,1400,-,جدول 5,sci_urban_household_cpi_inflation_national_provincial_1381_1405.xlsx
1395,کالاهای بی دوام,annual_cpi_index,23.863599064716734,index points,1400,,جدول 5,sci_urban_household_cpi_inflation_national_provincial_1381_1405.xlsx
1396,کالاهای بی دوام,annual_cpi_index,26.32162625459703,index points,1400,,جدول 5,sci_urban_household_cpi_inflation_national_provincial_1381_1405.xlsx
1397,کالاهای بی دوام,annual_cpi_index,34.81281492866677,index points,1400,,جدول 5,sci_urban_household_cpi_inflation_national_provincial_1381_1405.xlsx
1398,کالاهای بی دوام,annual_cpi_index,49.445241118742906,index points,1400,,جدول 5,sci_urban_household_cpi_inflation_national_provincial_1381_1405.xlsx
1399,کالاهای بی دوام,annual_cpi_index,67.60511566186409,index points,1400,,جدول 5,sci_urban_household_cpi_inflation_national_provincial_1381_1405.xlsx
1400,کالاهای بی دوام,annual_cpi_index,100.0000000000002,index points,1400,,جدول 5,sci_urban_household_cpi_inflation_national_provincial_1381_1405.xlsx
1401,کالاهای بی دوام,annual_cpi_index,160.07136673653056,index points,1400,,جدول 5,sci_urban_household_cpi_inflation_national_provincial_1381_1405.xlsx
1402,کالاهای بی دوام,annual_cpi_index,223.6634590914145,index points,1400,,جدول 5,sci_urban_household_cpi_inflation_national_provincial_1381_1405.xlsx
1403,کالاهای بی دوام,annual_cpi_index,284.9249428445398,index points,1400,,جدول 5,sci_urban_household_cpi_inflation_national_provincial_1381_1405.xlsx
1404,کالاهای بی دوام,annual_cpi_index,470.23652624925086,index points,1400,,جدول 5,sci_urban_household_cpi_inflation_national_provincial_1381_1405.xlsx
1405,کالاهای بی دوام,annual_cpi_index,,index points,1400,blank,جدول 5,sci_urban_household_cpi_inflation_national_provincial_1381_1405.xlsx
1381,کالاهای کم دوام,annual_cpi_index,,index points,1400,-,جدول 5,sci_urban_household_cpi_inflation_national_provincial_1381_1405.xlsx
1382,کالاهای کم دوام,annual_cpi_index,,index points,1400,-,جدول 5,sci_urban_household_cpi_inflation_national_provincial_1381_1405.xlsx
1383,کالاهای کم دوام,annual_cpi_index,,index points,1400,-,جدول 5,sci_urban_household_cpi_inflation_national_provincial_1381_1405.xlsx
1384,کالاهای کم دوام,annual_cpi_index,,index points,1400,-,جدول 5,sci_urban_household_cpi_inflation_national_provincial_1381_1405.xlsx
1385,کالاهای کم دوام,annual_cpi_index,,index points,1400,-,جدول 5,sci_urban_household_cpi_inflation_national_provincial_1381_1405.xlsx
1386,کالاهای کم دوام,annual_cpi_index,,index points,1400,-,جدول 5,sci_urban_household_cpi_inflation_national_provincial_1381_1405.xlsx
1387,کالاهای کم دوام,annual_cpi_index,,index points,1400,-,جدول 5,sci_urban_household_cpi_inflation_national_provincial_1381_1405.xlsx
1388,کالاهای کم دوام,annual_cpi_index,,index points,1400,-,جدول 5,sci_urban_household_cpi_inflation_national_provincial_1381_1405.xlsx
1389,کالاهای کم دوام,annual_cpi_index,,index points,1400,-,جدول 5,sci_urban_household_cpi_inflation_national_provincial_1381_1405.xlsx
1390,کالاهای کم دوام,annual_cpi_index,,index points,1400,-,جدول 5,sci_urban_household_cpi_inflation_national_provincial_1381_1405.xlsx
1391,کالاهای کم دوام,annual_cpi_index,,index points,1400,-,جدول 5,sci_urban_household_cpi_inflation_national_provincial_1381_1405.xlsx
1392,کالاهای کم دوام,annual_cpi_index,,index points,1400,-,جدول 5,sci_urban_household_cpi_inflation_national_provincial_1381_1405.xlsx
1393,کالاهای کم دوام,annual_cpi_index,,index points,1400,-,جدول 5,sci_urban_household_cpi_inflation_national_provincial_1381_1405.xlsx
1394,کالاهای کم دوام,annual_cpi_index,,index points,1400,-,جدول 5,sci_urban_household_cpi_inflation_national_provincial_1381_1405.xlsx
1395,کالاهای کم دوام,annual_cpi_index,21.911715980312092,index points,1400,,جدول 5,sci_urban_household_cpi_inflation_national_provincial_1381_1405.xlsx
1396,کالاهای کم دوام,annual_cpi_index,23.264706577839547,index points,1400,,جدول 5,sci_urban_household_cpi_inflation_national_provincial_1381_1405.xlsx
1397,کالاهای کم دوام,annual_cpi_index,31.494777599153647,index points,1400,,جدول 5,sci_urban_household_cpi_inflation_national_provincial_1381_1405.xlsx
1398,کالاهای کم دوام,annual_cpi_index,46.574157602972235,index points,1400,,جدول 5,sci_urban_household_cpi_inflation_national_provincial_1381_1405.xlsx
1399,کالاهای کم دوام,annual_cpi_index,67.05515463732425,index points,1400,,جدول 5,sci_urban_household_cpi_inflation_national_provincial_1381_1405.xlsx
1400,کالاهای کم دوام,annual_cpi_index,99.99999999999999,index points,1400,,جدول 5,sci_urban_household_cpi_inflation_national_provincial_1381_1405.xlsx
1401,کالاهای کم دوام,annual_cpi_index,144.7892062033619,index points,1400,,جدول 5,sci_urban_household_cpi_inflation_national_provincial_1381_1405.xlsx
1402,کالاهای کم دوام,annual_cpi_index,217.88109917083383,index points,1400,,جدول 5,sci_urban_household_cpi_inflation_national_provincial_1381_1405.xlsx
1403,کالاهای کم دوام,annual_cpi_index,281.97562964159823,index points,1400,,جدول 5,sci_urban_household_cpi_inflation_national_provincial_1381_1405.xlsx
1404,کالاهای کم دوام,annual_cpi_index,400.7032545085006,index points,1400,,جدول 5,sci_urban_household_cpi_inflation_national_provincial_1381_1405.xlsx
1405,کالاهای کم دوام,annual_cpi_index,,index points,1400,blank,جدول 5,sci_urban_household_cpi_inflation_national_provincial_1381_1405.xlsx
1381,خوراکی های تازه,annual_cpi_index,,index points,1400,-,جدول 5,sci_urban_household_cpi_inflation_national_provincial_1381_1405.xlsx
1382,خوراکی های تازه,annual_cpi_index,,index points,1400,-,جدول 5,sci_urban_household_cpi_inflation_national_provincial_1381_1405.xlsx
1383,خوراکی های تازه,annual_cpi_index,,index points,1400,-,جدول 5,sci_urban_household_cpi_inflation_national_provincial_1381_1405.xlsx
1384,خوراکی های تازه,annual_cpi_index,,index points,1400,-,جدول 5,sci_urban_household_cpi_inflation_national_provincial_1381_1405.xlsx
1385,خوراکی های تازه,annual_cpi_index,,index points,1400,-,جدول 5,sci_urban_household_cpi_inflation_national_provincial_1381_1405.xlsx
1386,خوراکی های تازه,annual_cpi_index,,index points,1400,-,جدول 5,sci_urban_household_cpi_inflation_national_provincial_1381_1405.xlsx
1387,خوراکی های تازه,annual_cpi_index,,index points,1400,-,جدول 5,sci_urban_household_cpi_inflation_national_provincial_1381_1405.xlsx
1388,خوراکی های تازه,annual_cpi_index,,index points,1400,-,جدول 5,sci_urban_household_cpi_inflation_national_provincial_1381_1405.xlsx
1389,خوراکی های تازه,annual_cpi_index,,index points,1400,-,جدول 5,sci_urban_household_cpi_inflation_national_provincial_1381_1405.xlsx
1390,خوراکی های تازه,annual_cpi_index,,index points,1400,-,جدول 5,sci_urban_household_cpi_inflation_national_provincial_1381_1405.xlsx
1391,خوراکی های تازه,annual_cpi_index,,index points,1400,-,جدول 5,sci_urban_household_cpi_inflation_national_provincial_1381_1405.xlsx
1392,خوراکی های تازه,annual_cpi_index,,index points,1400,-,جدول 5,sci_urban_household_cpi_inflation_national_provincial_1381_1405.xlsx
1393,خوراکی های تازه,annual_cpi_index,,index points,1400,-,جدول 5,sci_urban_household_cpi_inflation_national_provincial_1381_1405.xlsx
1394,خوراکی های تازه,annual_cpi_index,,index points,1400,-,جدول 5,sci_urban_household_cpi_inflation_national_provincial_1381_1405.xlsx
1395,خوراکی های تازه,annual_cpi_index,19.880600604159344,index points,1400,,جدول 5,sci_urban_household_cpi_inflation_national_provincial_1381_1405.xlsx
1396,خوراکی های تازه,annual_cpi_index,23.21030202080305,index points,1400,,جدول 5,sci_urban_household_cpi_inflation_national_provincial_1381_1405.xlsx
1397,خوراکی های تازه,annual_cpi_index,33.52245564491223,index points,1400,,جدول 5,sci_urban_household_cpi_inflation_national_provincial_1381_1405.xlsx
1398,خوراکی های تازه,annual_cpi_index,48.32061292700116,index points,1400,,جدول 5,sci_urban_household_cpi_inflation_national_provincial_1381_1405.xlsx
1399,خوراکی های تازه,annual_cpi_index,65.39821228424704,index points,1400,,جدول 5,sci_urban_household_cpi_inflation_national_provincial_1381_1405.xlsx
1400,خوراکی های تازه,annual_cpi_index,100,index points,1400,,جدول 5,sci_urban_household_cpi_inflation_national_provincial_1381_1405.xlsx
1401,خوراکی های تازه,annual_cpi_index,165.69644963759626,index points,1400,,جدول 5,sci_urban_household_cpi_inflation_national_provincial_1381_1405.xlsx
1402,خوراکی های تازه,annual_cpi_index,258.5397806540506,index points,1400,,جدول 5,sci_urban_household_cpi_inflation_national_provincial_1381_1405.xlsx
1403,خوراکی های تازه,annual_cpi_index,341.21186793972055,index points,1400,,جدول 5,sci_urban_household_cpi_inflation_national_provincial_1381_1405.xlsx
1404,خوراکی های تازه,annual_cpi_index,541.6238826380697,index points,1400,,جدول 5,sci_urban_household_cpi_inflation_national_provincial_1381_1405.xlsx
1405,خوراکی های تازه,annual_cpi_index,,index points,1400,blank,جدول 5,sci_urban_household_cpi_inflation_national_provincial_1381_1405.xlsx
1381,سایر خوراکی ها,annual_cpi_index,,index points,1400,-,جدول 5,sci_urban_household_cpi_inflation_national_provincial_1381_1405.xlsx
1382,سایر خوراکی ها,annual_cpi_index,,index points,1400,-,جدول 5,sci_urban_household_cpi_inflation_national_provincial_1381_1405.xlsx
1383,سایر خوراکی ها,annual_cpi_index,,index points,1400,-,جدول 5,sci_urban_household_cpi_inflation_national_provincial_1381_1405.xlsx
1384,سایر خوراکی ها,annual_cpi_index,,index points,1400,-,جدول 5,sci_urban_household_cpi_inflation_national_provincial_1381_1405.xlsx
1385,سایر خوراکی ها,annual_cpi_index,,index points,1400,-,جدول 5,sci_urban_household_cpi_inflation_national_provincial_1381_1405.xlsx
1386,سایر خوراکی ها,annual_cpi_index,,index points,1400,-,جدول 5,sci_urban_household_cpi_inflation_national_provincial_1381_1405.xlsx
1387,سایر خوراکی ها,annual_cpi_index,,index points,1400,-,جدول 5,sci_urban_household_cpi_inflation_national_provincial_1381_1405.xlsx
1388,سایر خوراکی ها,annual_cpi_index,,index points,1400,-,جدول 5,sci_urban_household_cpi_inflation_national_provincial_1381_1405.xlsx
1389,سایر خوراکی ها,annual_cpi_index,,index points,1400,-,جدول 5,sci_urban_household_cpi_inflation_national_provincial_1381_1405.xlsx
1390,سایر خوراکی ها,annual_cpi_index,,index points,1400,-,جدول 5,sci_urban_household_cpi_inflation_national_provincial_1381_1405.xlsx
1391,سایر خوراکی ها,annual_cpi_index,,index points,1400,-,جدول 5,sci_urban_household_cpi_inflation_national_provincial_1381_1405.xlsx
1392,سایر خوراکی ها,annual_cpi_index,,index points,1400,-,جدول 5,sci_urban_household_cpi_inflation_national_provincial_1381_1405.xlsx
1393,سایر خوراکی ها,annual_cpi_index,,index points,1400,-,جدول 5,sci_urban_household_cpi_inflation_national_provincial_1381_1405.xlsx
1394,سایر خوراکی ها,annual_cpi_index,,index points,1400,-,جدول 5,sci_urban_household_cpi_inflation_national_provincial_1381_1405.xlsx
1395,سایر خوراکی ها,annual_cpi_index,23.823555003909068,index points,1400,,جدول 5,sci_urban_household_cpi_inflation_national_provincial_1381_1405.xlsx
1396,سایر خوراکی ها,annual_cpi_index,25.67489699321333,index points,1400,,جدول 5,sci_urban_household_cpi_inflation_national_provincial_1381_1405.xlsx
1397,سایر خوراکی ها,annual_cpi_index,32.99973833195763,index points,1400,,جدول 5,sci_urban_household_cpi_inflation_national_provincial_1381_1405.xlsx
1398,سایر خوراکی ها,annual_cpi_index,46.33904386773728,index points,1400,,جدول 5,sci_urban_household_cpi_inflation_national_provincial_1381_1405.xlsx
1399,سایر خوراکی ها,annual_cpi_index,66.00195687122145,index points,1400,,جدول 5,sci_urban_household_cpi_inflation_national_provincial_1381_1405.xlsx
1400,سایر خوراکی ها,annual_cpi_index,100.00000000000001,index points,1400,,جدول 5,sci_urban_household_cpi_inflation_national_provincial_1381_1405.xlsx
1401,سایر خوراکی ها,annual_cpi_index,181.04535237866875,index points,1400,,جدول 5,sci_urban_household_cpi_inflation_national_provincial_1381_1405.xlsx
1402,سایر خوراکی ها,annual_cpi_index,227.07151364043818,index points,1400,,جدول 5,sci_urban_household_cpi_inflation_national_provincial_1381_1405.xlsx
1403,سایر خوراکی ها,annual_cpi_index,278.0676739120874,index points,1400,,جدول 5,sci_urban_household_cpi_inflation_national_provincial_1381_1405.xlsx
1404,سایر خوراکی ها,annual_cpi_index,505.80267017135543,index points,1400,,جدول 5,sci_urban_household_cpi_inflation_national_provincial_1381_1405.xlsx
1405,سایر خوراکی ها,annual_cpi_index,,index points,1400,blank,جدول 5,sci_urban_household_cpi_inflation_national_provincial_1381_1405.xlsx
1381,کالاها و خدمات عمومی,annual_cpi_index,,index points,1400,-,جدول 5,sci_urban_household_cpi_inflation_national_provincial_1381_1405.xlsx
1382,کالاها و خدمات عمومی,annual_cpi_index,,index points,1400,-,جدول 5,sci_urban_household_cpi_inflation_national_provincial_1381_1405.xlsx
1383,کالاها و خدمات عمومی,annual_cpi_index,,index points,1400,-,جدول 5,sci_urban_household_cpi_inflation_national_provincial_1381_1405.xlsx
1384,کالاها و خدمات عمومی,annual_cpi_index,,index points,1400,-,جدول 5,sci_urban_household_cpi_inflation_national_provincial_1381_1405.xlsx
1385,کالاها و خدمات عمومی,annual_cpi_index,,index points,1400,-,جدول 5,sci_urban_household_cpi_inflation_national_provincial_1381_1405.xlsx
1386,کالاها و خدمات عمومی,annual_cpi_index,,index points,1400,-,جدول 5,sci_urban_household_cpi_inflation_national_provincial_1381_1405.xlsx
1387,کالاها و خدمات عمومی,annual_cpi_index,,index points,1400,-,جدول 5,sci_urban_household_cpi_inflation_national_provincial_1381_1405.xlsx
1388,کالاها و خدمات عمومی,annual_cpi_index,,index points,1400,-,جدول 5,sci_urban_household_cpi_inflation_national_provincial_1381_1405.xlsx
1389,کالاها و خدمات عمومی,annual_cpi_index,,index points,1400,-,جدول 5,sci_urban_household_cpi_inflation_national_provincial_1381_1405.xlsx
1390,کالاها و خدمات عمومی,annual_cpi_index,,index points,1400,-,جدول 5,sci_urban_household_cpi_inflation_national_provincial_1381_1405.xlsx
1391,کالاها و خدمات عمومی,annual_cpi_index,,index points,1400,-,جدول 5,sci_urban_household_cpi_inflation_national_provincial_1381_1405.xlsx
1392,کالاها و خدمات عمومی,annual_cpi_index,,index points,1400,-,جدول 5,sci_urban_household_cpi_inflation_national_provincial_1381_1405.xlsx
1393,کالاها و خدمات عمومی,annual_cpi_index,,index points,1400,-,جدول 5,sci_urban_household_cpi_inflation_national_provincial_1381_1405.xlsx
1394,کالاها و خدمات عمومی,annual_cpi_index,,index points,1400,-,جدول 5,sci_urban_household_cpi_inflation_national_provincial_1381_1405.xlsx
1395,کالاها و خدمات عمومی,annual_cpi_index,52.893781736287295,index points,1400,,جدول 5,sci_urban_household_cpi_inflation_national_provincial_1381_1405.xlsx
1396,کالاها و خدمات عمومی,annual_cpi_index,56.000384584716244,index points,1400,,جدول 5,sci_urban_household_cpi_inflation_national_provincial_1381_1405.xlsx
1397,کالاها و خدمات عمومی,annual_cpi_index,58.890282260987256,index points,1400,,جدول 5,sci_urban_household_cpi_inflation_national_provincial_1381_1405.xlsx
1398,کالاها و خدمات عمومی,annual_cpi_index,73.98042171439825,index points,1400,,جدول 5,sci_urban_household_cpi_inflation_national_provincial_1381_1405.xlsx
1399,کالاها و خدمات عمومی,annual_cpi_index,88.12574242646042,index points,1400,,جدول 5,sci_urban_household_cpi_inflation_national_provincial_1381_1405.xlsx
1400,کالاها و خدمات عمومی,annual_cpi_index,100.00000000000001,index points,1400,,جدول 5,sci_urban_household_cpi_inflation_national_provincial_1381_1405.xlsx
1401,کالاها و خدمات عمومی,annual_cpi_index,112.42820891056537,index points,1400,,جدول 5,sci_urban_household_cpi_inflation_national_provincial_1381_1405.xlsx
1402,کالاها و خدمات عمومی,annual_cpi_index,132.8814288081014,index points,1400,,جدول 5,sci_urban_household_cpi_inflation_national_provincial_1381_1405.xlsx
1403,کالاها و خدمات عمومی,annual_cpi_index,158.09411781071478,index points,1400,,جدول 5,sci_urban_household_cpi_inflation_national_provincial_1381_1405.xlsx
1404,کالاها و خدمات عمومی,annual_cpi_index,224.99124071758746,index points,1400,,جدول 5,sci_urban_household_cpi_inflation_national_provincial_1381_1405.xlsx
1405,کالاها و خدمات عمومی,annual_cpi_index,,index points,1400,blank,جدول 5,sci_urban_household_cpi_inflation_national_provincial_1381_1405.xlsx
1382,شاخص کل,annual_inflation,13.896724218905888,percent,1400,,جدول 6,sci_urban_household_cpi_inflation_national_provincial_1381_1405.xlsx
1383,شاخص کل,annual_inflation,14.61150039186036,percent,1400,,جدول 6,sci_urban_household_cpi_inflation_national_provincial_1381_1405.xlsx
1384,شاخص کل,annual_inflation,12.106157628837138,percent,1400,,جدول 6,sci_urban_household_cpi_inflation_national_provincial_1381_1405.xlsx
1385,شاخص کل,annual_inflation,13.698941991661556,percent,1400,,جدول 6,sci_urban_household_cpi_inflation_national_provincial_1381_1405.xlsx
1386,شاخص کل,annual_inflation,17.229154463361823,percent,1400,,جدول 6,sci_urban_household_cpi_inflation_national_provincial_1381_1405.xlsx
1387,شاخص کل,annual_inflation,25.548118648080106,percent,1400,,جدول 6,sci_urban_household_cpi_inflation_national_provincial_1381_1405.xlsx
1388,شاخص کل,annual_inflation,9.465751971433491,percent,1400,,جدول 6,sci_urban_household_cpi_inflation_national_provincial_1381_1405.xlsx
1389,شاخص کل,annual_inflation,13.921117043015059,percent,1400,,جدول 6,sci_urban_household_cpi_inflation_national_provincial_1381_1405.xlsx
1390,شاخص کل,annual_inflation,26.36438089953434,percent,1400,,جدول 6,sci_urban_household_cpi_inflation_national_provincial_1381_1405.xlsx
1391,شاخص کل,annual_inflation,28.558178487212814,percent,1400,,جدول 6,sci_urban_household_cpi_inflation_national_provincial_1381_1405.xlsx
1392,شاخص کل,annual_inflation,32.0729493962676,percent,1400,,جدول 6,sci_urban_household_cpi_inflation_national_provincial_1381_1405.xlsx
1393,شاخص کل,annual_inflation,14.825646315939139,percent,1400,,جدول 6,sci_urban_household_cpi_inflation_national_provincial_1381_1405.xlsx
1394,شاخص کل,annual_inflation,11.287158969864294,percent,1400,,جدول 6,sci_urban_household_cpi_inflation_national_provincial_1381_1405.xlsx
1395,شاخص کل,annual_inflation,6.7512246620594,percent,1400,,جدول 6,sci_urban_household_cpi_inflation_national_provincial_1381_1405.xlsx
1396,شاخص کل,annual_inflation,8.129031454134065,percent,1400,,جدول 6,sci_urban_household_cpi_inflation_national_provincial_1381_1405.xlsx
1397,شاخص کل,annual_inflation,26.63152449181281,percent,1400,,جدول 6,sci_urban_household_cpi_inflation_national_provincial_1381_1405.xlsx
1398,شاخص کل,annual_inflation,34.37666866161001,percent,1400,,جدول 6,sci_urban_household_cpi_inflation_national_provincial_1381_1405.xlsx
1399,شاخص کل,annual_inflation,36.19995557873963,percent,1400,,جدول 6,sci_urban_household_cpi_inflation_national_provincial_1381_1405.xlsx
1400,شاخص کل,annual_inflation,39.72721211218135,percent,1400,,جدول 6,sci_urban_household_cpi_inflation_national_provincial_1381_1405.xlsx
1401,شاخص کل,annual_inflation,44.95775639779197,percent,1400,,جدول 6,sci_urban_household_cpi_inflation_national_provincial_1381_1405.xlsx
1402,شاخص کل,annual_inflation,40.70325292296559,percent,1400,,جدول 6,sci_urban_household_cpi_inflation_national_provincial_1381_1405.xlsx
1403,شاخص کل,annual_inflation,32.78866663509248,percent,1400,,جدول 6,sci_urban_household_cpi_inflation_national_provincial_1381_1405.xlsx
1404,شاخص کل,annual_inflation,49.56712184567161,percent,1400,,جدول 6,sci_urban_household_cpi_inflation_national_provincial_1381_1405.xlsx
1405,شاخص کل,annual_inflation,,percent,1400,blank,جدول 6,sci_urban_household_cpi_inflation_national_provincial_1381_1405.xlsx
1382,خوراکی‌ها، آشامیدنی‌ها و دخانیات,annual_inflation,15.046011946026283,percent,1400,,جدول 6,sci_urban_household_cpi_inflation_national_provincial_1381_1405.xlsx
1383,خوراکی‌ها، آشامیدنی‌ها و دخانیات,annual_inflation,14.991119055443079,percent,1400,,جدول 6,sci_urban_household_cpi_inflation_national_provincial_1381_1405.xlsx
1384,خوراکی‌ها، آشامیدنی‌ها و دخانیات,annual_inflation,10.397721550981643,percent,1400,,جدول 6,sci_urban_household_cpi_inflation_national_provincial_1381_1405.xlsx
1385,خوراکی‌ها، آشامیدنی‌ها و دخانیات,annual_inflation,12.913165413100302,percent,1400,,جدول 6,sci_urban_household_cpi_inflation_national_provincial_1381_1405.xlsx
1386,خوراکی‌ها، آشامیدنی‌ها و دخانیات,annual_inflation,19.56241589536532,percent,1400,,جدول 6,sci_urban_household_cpi_inflation_national_provincial_1381_1405.xlsx
1387,خوراکی‌ها، آشامیدنی‌ها و دخانیات,annual_inflation,32.345595725254185,percent,1400,,جدول 6,sci_urban_household_cpi_inflation_national_provincial_1381_1405.xlsx
1388,خوراکی‌ها، آشامیدنی‌ها و دخانیات,annual_inflation,13.168680474714094,percent,1400,,جدول 6,sci_urban_household_cpi_inflation_national_provincial_1381_1405.xlsx
1389,خوراکی‌ها، آشامیدنی‌ها و دخانیات,annual_inflation,22.869201726291294,percent,1400,,جدول 6,sci_urban_household_cpi_inflation_national_provincial_1381_1405.xlsx
1390,خوراکی‌ها، آشامیدنی‌ها و دخانیات,annual_inflation,32.73645518522724,percent,1400,,جدول 6,sci_urban_household_cpi_inflation_national_provincial_1381_1405.xlsx
1391,خوراکی‌ها، آشامیدنی‌ها و دخانیات,annual_inflation,45.79290328592015,percent,1400,,جدول 6,sci_urban_household_cpi_inflation_national_provincial_1381_1405.xlsx
1392,خوراکی‌ها، آشامیدنی‌ها و دخانیات,annual_inflation,44.372731148624666,percent,1400,,جدول 6,sci_urban_household_cpi_inflation_national_provincial_1381_1405.xlsx
1393,خوراکی‌ها، آشامیدنی‌ها و دخانیات,annual_inflation,9.66093051604804,percent,1400,,جدول 6,sci_urban_household_cpi_inflation_national_provincial_1381_1405.xlsx
1394,خوراکی‌ها، آشامیدنی‌ها و دخانیات,annual_inflation,9.666702077417824,percent,1400,,جدول 6,sci_urban_household_cpi_inflation_national_provincial_1381_1405.xlsx
1395,خوراکی‌ها، آشامیدنی‌ها و دخانیات,annual_inflation,7.556378542910139,percent,1400,,جدول 6,sci_urban_household_cpi_inflation_national_provincial_1381_1405.xlsx
1396,خوراکی‌ها، آشامیدنی‌ها و دخانیات,annual_inflation,12.280173087805508,percent,1400,,جدول 6,sci_urban_household_cpi_inflation_national_provincial_1381_1405.xlsx
1397,خوراکی‌ها، آشامیدنی‌ها و دخانیات,annual_inflation,38.41672949584196,percent,1400,,جدول 6,sci_urban_household_cpi_inflation_national_provincial_1381_1405.xlsx
1398,خوراکی‌ها، آشامیدنی‌ها و دخانیات,annual_inflation,42.730369270675794,percent,1400,,جدول 6,sci_urban_household_cpi_inflation_national_provincial_1381_1405.xlsx
1399,خوراکی‌ها، آشامیدنی‌ها و دخانیات,annual_inflation,38.7429820664814,percent,1400,,جدول 6,sci_urban_household_cpi_inflation_national_provincial_1381_1405.xlsx
1400,خوراکی‌ها، آشامیدنی‌ها و دخانیات,annual_inflation,52.09681444001632,percent,1400,,جدول 6,sci_urban_household_cpi_inflation_national_provincial_1381_1405.xlsx
1401,خوراکی‌ها، آشامیدنی‌ها و دخانیات,annual_inflation,70.19809035178571,percent,1400,,جدول 6,sci_urban_household_cpi_inflation_national_provincial_1381_1405.xlsx
1402,خوراکی‌ها، آشامیدنی‌ها و دخانیات,annual_inflation,41.40720283861839,percent,1400,,جدول 6,sci_urban_household_cpi_inflation_national_provincial_1381_1405.xlsx
1403,خوراکی‌ها، آشامیدنی‌ها و دخانیات,annual_inflation,28.02967353145425,percent,1400,,جدول 6,sci_urban_household_cpi_inflation_national_provincial_1381_1405.xlsx
1404,خوراکی‌ها، آشامیدنی‌ها و دخانیات,annual_inflation,68.0564405936887,percent,1400,,جدول 6,sci_urban_household_cpi_inflation_national_provincial_1381_1405.xlsx
1405,خوراکی‌ها، آشامیدنی‌ها و دخانیات,annual_inflation,,percent,1400,blank,جدول 6,sci_urban_household_cpi_inflation_national_provincial_1381_1405.xlsx
1382,01 - خوراکی‌ها و آشامیدنی‌ها,annual_inflation,,percent,1400,-,جدول 6,sci_urban_household_cpi_inflation_national_provincial_1381_1405.xlsx
1383,01 - خوراکی‌ها و آشامیدنی‌ها,annual_inflation,,percent,1400,-,جدول 6,sci_urban_household_cpi_inflation_national_provincial_1381_1405.xlsx
1384,01 - خوراکی‌ها و آشامیدنی‌ها,annual_inflation,,percent,1400,-,جدول 6,sci_urban_household_cpi_inflation_national_provincial_1381_1405.xlsx
1385,01 - خوراکی‌ها و آشامیدنی‌ها,annual_inflation,,percent,1400,-,جدول 6,sci_urban_household_cpi_inflation_national_provincial_1381_1405.xlsx
1386,01 - خوراکی‌ها و آشامیدنی‌ها,annual_inflation,,percent,1400,-,جدول 6,sci_urban_household_cpi_inflation_national_provincial_1381_1405.xlsx
1387,01 - خوراکی‌ها و آشامیدنی‌ها,annual_inflation,,percent,1400,-,جدول 6,sci_urban_household_cpi_inflation_national_provincial_1381_1405.xlsx
1388,01 - خوراکی‌ها و آشامیدنی‌ها,annual_inflation,,percent,1400,-,جدول 6,sci_urban_household_cpi_inflation_national_provincial_1381_1405.xlsx
1389,01 - خوراکی‌ها و آشامیدنی‌ها,annual_inflation,,percent,1400,-,جدول 6,sci_urban_household_cpi_inflation_national_provincial_1381_1405.xlsx
1390,01 - خوراکی‌ها و آشامیدنی‌ها,annual_inflation,,percent,1400,-,جدول 6,sci_urban_household_cpi_inflation_national_provincial_1381_1405.xlsx
1391,01 - خوراکی‌ها و آشامیدنی‌ها,annual_inflation,45.141814761986296,percent,1400,,جدول 6,sci_urban_household_cpi_inflation_national_provincial_1381_1405.xlsx
1392,01 - خوراکی‌ها و آشامیدنی‌ها,annual_inflation,44.099362691367105,percent,1400,,جدول 6,sci_urban_household_cpi_inflation_national_provincial_1381_1405.xlsx
1393,01 - خوراکی‌ها و آشامیدنی‌ها,annual_inflation,9.82402476703406,percent,1400,,جدول 6,sci_urban_household_cpi_inflation_national_provincial_1381_1405.xlsx
1394,01 - خوراکی‌ها و آشامیدنی‌ها,annual_inflation,9.819092780320744,percent,1400,,جدول 6,sci_urban_household_cpi_inflation_national_provincial_1381_1405.xlsx
1395,01 - خوراکی‌ها و آشامیدنی‌ها,annual_inflation,7.46777217820167,percent,1400,,جدول 6,sci_urban_household_cpi_inflation_national_provincial_1381_1405.xlsx
1396,01 - خوراکی‌ها و آشامیدنی‌ها,annual_inflation,12.389559101279104,percent,1400,,جدول 6,sci_urban_household_cpi_inflation_national_provincial_1381_1405.xlsx
1397,01 - خوراکی‌ها و آشامیدنی‌ها,annual_inflation,37.25325874685174,percent,1400,,جدول 6,sci_urban_household_cpi_inflation_national_provincial_1381_1405.xlsx
1398,01 - خوراکی‌ها و آشامیدنی‌ها,annual_inflation,43.10407528277025,percent,1400,,جدول 6,sci_urban_household_cpi_inflation_national_provincial_1381_1405.xlsx
1399,01 - خوراکی‌ها و آشامیدنی‌ها,annual_inflation,38.72522802672003,percent,1400,,جدول 6,sci_urban_household_cpi_inflation_national_provincial_1381_1405.xlsx
1400,01 - خوراکی‌ها و آشامیدنی‌ها,annual_inflation,52.45607004845104,percent,1400,,جدول 6,sci_urban_household_cpi_inflation_national_provincial_1381_1405.xlsx
1401,01 - خوراکی‌ها و آشامیدنی‌ها,annual_inflation,70.81477975787763,percent,1400,,جدول 6,sci_urban_household_cpi_inflation_national_provincial_1381_1405.xlsx
1402,01 - خوراکی‌ها و آشامیدنی‌ها,annual_inflation,41.394697789950726,percent,1400,,جدول 6,sci_urban_household_cpi_inflation_national_provincial_1381_1405.xlsx
1403,01 - خوراکی‌ها و آشامیدنی‌ها,annual_inflation,28.051406743888066,percent,1400,,جدول 6,sci_urban_household_cpi_inflation_national_provincial_1381_1405.xlsx
1404,01 - خوراکی‌ها و آشامیدنی‌ها,annual_inflation,68.17972417255766,percent,1400,,جدول 6,sci_urban_household_cpi_inflation_national_provincial_1381_1405.xlsx
1405,01 - خوراکی‌ها و آشامیدنی‌ها,annual_inflation,,percent,1400,blank,جدول 6,sci_urban_household_cpi_inflation_national_provincial_1381_1405.xlsx
1382,011 - خوراکیها,annual_inflation,15.353388642199462,percent,1400,,جدول 6,sci_urban_household_cpi_inflation_national_provincial_1381_1405.xlsx
1383,011 - خوراکیها,annual_inflation,15.598537112886504,percent,1400,,جدول 6,sci_urban_household_cpi_inflation_national_provincial_1381_1405.xlsx
1384,011 - خوراکیها,annual_inflation,10.365736197715108,percent,1400,,جدول 6,sci_urban_household_cpi_inflation_national_provincial_1381_1405.xlsx
1385,011 - خوراکیها,annual_inflation,13.46361615390228,percent,1400,,جدول 6,sci_urban_household_cpi_inflation_national_provincial_1381_1405.xlsx
1386,011 - خوراکیها,annual_inflation,20.20080324548232,percent,1400,,جدول 6,sci_urban_household_cpi_inflation_national_provincial_1381_1405.xlsx
1387,011 - خوراکیها,annual_inflation,33.47190174232293,percent,1400,,جدول 6,sci_urban_household_cpi_inflation_national_provincial_1381_1405.xlsx
1388,011 - خوراکیها,annual_inflation,12.843054281915968,percent,1400,,جدول 6,sci_urban_household_cpi_inflation_national_provincial_1381_1405.xlsx
1389,011 - خوراکیها,annual_inflation,24.09198000740527,percent,1400,,جدول 6,sci_urban_household_cpi_inflation_national_provincial_1381_1405.xlsx
1390,011 - خوراکیها,annual_inflation,34.82978408730989,percent,1400,,جدول 6,sci_urban_household_cpi_inflation_national_provincial_1381_1405.xlsx
1391,011 - خوراکیها,annual_inflation,44.95541873535515,percent,1400,,جدول 6,sci_urban_household_cpi_inflation_national_provincial_1381_1405.xlsx
1392,011 - خوراکیها,annual_inflation,43.71832260757344,percent,1400,,جدول 6,sci_urban_household_cpi_inflation_national_provincial_1381_1405.xlsx
1393,011 - خوراکیها,annual_inflation,9.769376637185772,percent,1400,,جدول 6,sci_urban_household_cpi_inflation_national_provincial_1381_1405.xlsx
1394,011 - خوراکیها,annual_inflation,9.895580773014785,percent,1400,,جدول 6,sci_urban_household_cpi_inflation_national_provincial_1381_1405.xlsx
1395,011 - خوراکیها,annual_inflation,7.428280799158557,percent,1400,,جدول 6,sci_urban_household_cpi_inflation_national_provincial_1381_1405.xlsx
1396,011 - خوراکیها,annual_inflation,12.457697100106742,percent,1400,,جدول 6,sci_urban_household_cpi_inflation_national_provincial_1381_1405.xlsx
1397,011 - خوراکیها,annual_inflation,37.14644716430462,percent,1400,,جدول 6,sci_urban_household_cpi_inflation_national_provincial_1381_1405.xlsx
1398,011 - خوراکیها,annual_inflation,42.54651562148359,percent,1400,,جدول 6,sci_urban_household_cpi_inflation_national_provincial_1381_1405.xlsx
1399,011 - خوراکیها,annual_inflation,38.34052608620547,percent,1400,,جدول 6,sci_urban_household_cpi_inflation_national_provincial_1381_1405.xlsx
1400,011 - خوراکیها,annual_inflation,52.30042151228409,percent,1400,,جدول 6,sci_urban_household_cpi_inflation_national_provincial_1381_1405.xlsx
1401,011 - خوراکیها,annual_inflation,72.75406753547654,percent,1400,,جدول 6,sci_urban_household_cpi_inflation_national_provincial_1381_1405.xlsx
1402,011 - خوراکیها,annual_inflation,41.2819278118059,percent,1400,,جدول 6,sci_urban_household_cpi_inflation_national_provincial_1381_1405.xlsx
1403,011 - خوراکیها,annual_inflation,27.90470834393888,percent,1400,,جدول 6,sci_urban_household_cpi_inflation_national_provincial_1381_1405.xlsx
1404,011 - خوراکیها,annual_inflation,68.22258131603337,percent,1400,,جدول 6,sci_urban_household_cpi_inflation_national_provincial_1381_1405.xlsx
1405,011 - خوراکیها,annual_inflation,,percent,1400,blank,جدول 6,sci_urban_household_cpi_inflation_national_provincial_1381_1405.xlsx
1382,0111 - نان و غلات,annual_inflation,12.526408231032235,percent,1400,,جدول 6,sci_urban_household_cpi_inflation_national_provincial_1381_1405.xlsx
1383,0111 - نان و غلات,annual_inflation,10.622256631833494,percent,1400,,جدول 6,sci_urban_household_cpi_inflation_national_provincial_1381_1405.xlsx
1384,0111 - نان و غلات,annual_inflation,12.50770283182969,percent,1400,,جدول 6,sci_urban_household_cpi_inflation_national_provincial_1381_1405.xlsx
1385,0111 - نان و غلات,annual_inflation,8.940227429178421,percent,1400,,جدول 6,sci_urban_household_cpi_inflation_national_provincial_1381_1405.xlsx
1386,0111 - نان و غلات,annual_inflation,18.310318815998315,percent,1400,,جدول 6,sci_urban_household_cpi_inflation_national_provincial_1381_1405.xlsx
1387,0111 - نان و غلات,annual_inflation,51.34641228549938,percent,1400,,جدول 6,sci_urban_household_cpi_inflation_national_provincial_1381_1405.xlsx
1388,0111 - نان و غلات,annual_inflation,-0.05316138671970805,percent,1400,,جدول 6,sci_urban_household_cpi_inflation_national_provincial_1381_1405.xlsx
1389,0111 - نان و غلات,annual_inflation,18.823089395898222,percent,1400,,جدول 6,sci_urban_household_cpi_inflation_national_provincial_1381_1405.xlsx
1390,0111 - نان و غلات,annual_inflation,55.15267239729042,percent,1400,,جدول 6,sci_urban_household_cpi_inflation_national_provincial_1381_1405.xlsx
1391,0111 - نان و غلات,annual_inflation,34.12956411599535,percent,1400,,جدول 6,sci_urban_household_cpi_inflation_national_provincial_1381_1405.xlsx
1392,0111 - نان و غلات,annual_inflation,33.42247542381648,percent,1400,,جدول 6,sci_urban_household_cpi_inflation_national_provincial_1381_1405.xlsx
1393,0111 - نان و غلات,annual_inflation,11.810065208035184,percent,1400,,جدول 6,sci_urban_household_cpi_inflation_national_provincial_1381_1405.xlsx
1394,0111 - نان و غلات,annual_inflation,13.732293823448003,percent,1400,,جدول 6,sci_urban_household_cpi_inflation_national_provincial_1381_1405.xlsx
1395,0111 - نان و غلات,annual_inflation,8.736040646222506,percent,1400,,جدول 6,sci_urban_household_cpi_inflation_national_provincial_1381_1405.xlsx
1396,0111 - نان و غلات,annual_inflation,8.300780264138723,percent,1400,,جدول 6,sci_urban_household_cpi_inflation_national_provincial_1381_1405.xlsx
1397,0111 - نان و غلات,annual_inflation,19.75461248642361,percent,1400,,جدول 6,sci_urban_household_cpi_inflation_national_provincial_1381_1405.xlsx
1398,0111 - نان و غلات,annual_inflation,34.49188407473284,percent,1400,,جدول 6,sci_urban_household_cpi_inflation_national_provincial_1381_1405.xlsx
1399,0111 - نان و غلات,annual_inflation,46.87183521079109,percent,1400,,جدول 6,sci_urban_household_cpi_inflation_national_provincial_1381_1405.xlsx
1400,0111 - نان و غلات,annual_inflation,49.61791120308882,percent,1400,,جدول 6,sci_urban_household_cpi_inflation_national_provincial_1381_1405.xlsx
1401,0111 - نان و غلات,annual_inflation,78.34243951737062,percent,1400,,جدول 6,sci_urban_household_cpi_inflation_national_provincial_1381_1405.xlsx
1402,0111 - نان و غلات,annual_inflation,20.302490722418767,percent,1400,,جدول 6,sci_urban_household_cpi_inflation_national_provincial_1381_1405.xlsx
1403,0111 - نان و غلات,annual_inflation,19.911146341215186,percent,1400,,جدول 6,sci_urban_household_cpi_inflation_national_provincial_1381_1405.xlsx
1404,0111 - نان و غلات,annual_inflation,99.43740316588679,percent,1400,,جدول 6,sci_urban_household_cpi_inflation_national_provincial_1381_1405.xlsx
1405,0111 - نان و غلات,annual_inflation,,percent,1400,blank,جدول 6,sci_urban_household_cpi_inflation_national_provincial_1381_1405.xlsx
1382,گوشت قرمز و سفید و فرآورده هائ آنها,annual_inflation,15.553186210296815,percent,1400,,جدول 6,sci_urban_household_cpi_inflation_national_provincial_1381_1405.xlsx
1383,گوشت قرمز و سفید و فرآورده هائ آنها,annual_inflation,11.95879061874841,percent,1400,,جدول 6,sci_urban_household_cpi_inflation_national_provincial_1381_1405.xlsx
1384,گوشت قرمز و سفید و فرآورده هائ آنها,annual_inflation,5.898711814648962,percent,1400,,جدول 6,sci_urban_household_cpi_inflation_national_provincial_1381_1405.xlsx
1385,گوشت قرمز و سفید و فرآورده هائ آنها,annual_inflation,12.715391579365004,percent,1400,,جدول 6,sci_urban_household_cpi_inflation_national_provincial_1381_1405.xlsx
1386,گوشت قرمز و سفید و فرآورده هائ آنها,annual_inflation,19.05564476850894,percent,1400,,جدول 6,sci_urban_household_cpi_inflation_national_provincial_1381_1405.xlsx
1387,گوشت قرمز و سفید و فرآورده هائ آنها,annual_inflation,27.06472428890197,percent,1400,,جدول 6,sci_urban_household_cpi_inflation_national_provincial_1381_1405.xlsx
1388,گوشت قرمز و سفید و فرآورده هائ آنها,annual_inflation,23.024206599516518,percent,1400,,جدول 6,sci_urban_household_cpi_inflation_national_provincial_1381_1405.xlsx
1389,گوشت قرمز و سفید و فرآورده هائ آنها,annual_inflation,31.564903772849078,percent,1400,,جدول 6,sci_urban_household_cpi_inflation_national_provincial_1381_1405.xlsx
1390,گوشت قرمز و سفید و فرآورده هائ آنها,annual_inflation,16.752893346300013,percent,1400,,جدول 6,sci_urban_household_cpi_inflation_national_provincial_1381_1405.xlsx
1391,گوشت قرمز و سفید و فرآورده هائ آنها,annual_inflation,52.68266644319223,percent,1400,,جدول 6,sci_urban_household_cpi_inflation_national_provincial_1381_1405.xlsx
1392,گوشت قرمز و سفید و فرآورده هائ آنها,annual_inflation,33.03449457310887,percent,1400,,جدول 6,sci_urban_household_cpi_inflation_national_provincial_1381_1405.xlsx
1393,گوشت قرمز و سفید و فرآورده هائ آنها,annual_inflation,6.899930007348161,percent,1400,,جدول 6,sci_urban_household_cpi_inflation_national_provincial_1381_1405.xlsx
1394,گوشت قرمز و سفید و فرآورده هائ آنها,annual_inflation,4.998121704382356,percent,1400,,جدول 6,sci_urban_household_cpi_inflation_national_provincial_1381_1405.xlsx
1395,گوشت قرمز و سفید و فرآورده هائ آنها,annual_inflation,10.698317374961292,percent,1400,,جدول 6,sci_urban_household_cpi_inflation_national_provincial_1381_1405.xlsx
1396,گوشت قرمز و سفید و فرآورده هائ آنها,annual_inflation,14.863735170172902,percent,1400,,جدول 6,sci_urban_household_cpi_inflation_national_provincial_1381_1405.xlsx
1397,گوشت قرمز و سفید و فرآورده هائ آنها,annual_inflation,48.81138428195925,percent,1400,,جدول 6,sci_urban_household_cpi_inflation_national_provincial_1381_1405.xlsx
1398,گوشت قرمز و سفید و فرآورده هائ آنها,annual_inflation,49.98291774358009,percent,1400,,جدول 6,sci_urban_household_cpi_inflation_national_provincial_1381_1405.xlsx
1399,گوشت قرمز و سفید و فرآورده هائ آنها,annual_inflation,26.537303564006237,percent,1400,,جدول 6,sci_urban_household_cpi_inflation_national_provincial_1381_1405.xlsx
1400,گوشت قرمز و سفید و فرآورده هائ آنها,annual_inflation,47.14455547529721,percent,1400,,جدول 6,sci_urban_household_cpi_inflation_national_provincial_1381_1405.xlsx
1401,گوشت قرمز و سفید و فرآورده هائ آنها,annual_inflation,63.77751310847958,percent,1400,,جدول 6,sci_urban_household_cpi_inflation_national_provincial_1381_1405.xlsx
1402,گوشت قرمز و سفید و فرآورده هائ آنها,annual_inflation,85.62429619674359,percent,1400,,جدول 6,sci_urban_household_cpi_inflation_national_provincial_1381_1405.xlsx
1403,گوشت قرمز و سفید و فرآورده هائ آنها,annual_inflation,27.568336278398903,percent,1400,,جدول 6,sci_urban_household_cpi_inflation_national_provincial_1381_1405.xlsx
1404,گوشت قرمز و سفید و فرآورده هائ آنها,annual_inflation,50.79678511934665,percent,1400,,جدول 6,sci_urban_household_cpi_inflation_national_provincial_1381_1405.xlsx
1405,گوشت قرمز و سفید و فرآورده هائ آنها,annual_inflation,,percent,1400,blank,جدول 6,sci_urban_household_cpi_inflation_national_provincial_1381_1405.xlsx
1382,0112 - گوشت قرمز و گوشت ماکیان,annual_inflation,15.205033420551658,percent,1400,,جدول 6,sci_urban_household_cpi_inflation_national_provincial_1381_1405.xlsx
1383,0112 - گوشت قرمز و گوشت ماکیان,annual_inflation,11.745303093024575,percent,1400,,جدول 6,sci_urban_household_cpi_inflation_national_provincial_1381_1405.xlsx
1384,0112 - گوشت قرمز و گوشت ماکیان,annual_inflation,4.601629087232823,percent,1400,,جدول 6,sci_urban_household_cpi_inflation_national_provincial_1381_1405.xlsx
1385,0112 - گوشت قرمز و گوشت ماکیان,annual_inflation,12.75200678968109,percent,1400,,جدول 6,sci_urban_household_cpi_inflation_national_provincial_1381_1405.xlsx
1386,0112 - گوشت قرمز و گوشت ماکیان,annual_inflation,19.250273466619475,percent,1400,,جدول 6,sci_urban_household_cpi_inflation_national_provincial_1381_1405.xlsx
1387,0112 - گوشت قرمز و گوشت ماکیان,annual_inflation,26.88924400108226,percent,1400,,جدول 6,sci_urban_household_cpi_inflation_national_provincial_1381_1405.xlsx
1388,0112 - گوشت قرمز و گوشت ماکیان,annual_inflation,23.689200521490548,percent,1400,,جدول 6,sci_urban_household_cpi_inflation_national_provincial_1381_1405.xlsx
1389,0112 - گوشت قرمز و گوشت ماکیان,annual_inflation,33.31667326651254,percent,1400,,جدول 6,sci_urban_household_cpi_inflation_national_provincial_1381_1405.xlsx
1390,0112 - گوشت قرمز و گوشت ماکیان,annual_inflation,16.033947134230047,percent,1400,,جدول 6,sci_urban_household_cpi_inflation_national_provincial_1381_1405.xlsx
1391,0112 - گوشت قرمز و گوشت ماکیان,annual_inflation,51.19685229071453,percent,1400,,جدول 6,sci_urban_household_cpi_inflation_national_provincial_1381_1405.xlsx
1392,0112 - گوشت قرمز و گوشت ماکیان,annual_inflation,31.284030901650823,percent,1400,,جدول 6,sci_urban_household_cpi_inflation_national_provincial_1381_1405.xlsx
1393,0112 - گوشت قرمز و گوشت ماکیان,annual_inflation,5.482010386329634,percent,1400,,جدول 6,sci_urban_household_cpi_inflation_national_provincial_1381_1405.xlsx
1394,0112 - گوشت قرمز و گوشت ماکیان,annual_inflation,3.4471944953334344,percent,1400,,جدول 6,sci_urban_household_cpi_inflation_national_provincial_1381_1405.xlsx
1395,0112 - گوشت قرمز و گوشت ماکیان,annual_inflation,11.259983997004426,percent,1400,,جدول 6,sci_urban_household_cpi_inflation_national_provincial_1381_1405.xlsx
1396,0112 - گوشت قرمز و گوشت ماکیان,annual_inflation,16.40965053770738,percent,1400,,جدول 6,sci_urban_household_cpi_inflation_national_provincial_1381_1405.xlsx
1397,0112 - گوشت قرمز و گوشت ماکیان,annual_inflation,48.81997936774644,percent,1400,,جدول 6,sci_urban_household_cpi_inflation_national_provincial_1381_1405.xlsx
1398,0112 - گوشت قرمز و گوشت ماکیان,annual_inflation,49.121812351785934,percent,1400,,جدول 6,sci_urban_household_cpi_inflation_national_provincial_1381_1405.xlsx
1399,0112 - گوشت قرمز و گوشت ماکیان,annual_inflation,25.524842225662226,percent,1400,,جدول 6,sci_urban_household_cpi_inflation_national_provincial_1381_1405.xlsx
1400,0112 - گوشت قرمز و گوشت ماکیان,annual_inflation,44.56818171244862,percent,1400,,جدول 6,sci_urban_household_cpi_inflation_national_provincial_1381_1405.xlsx
1401,0112 - گوشت قرمز و گوشت ماکیان,annual_inflation,66.78098050801805,percent,1400,,جدول 6,sci_urban_household_cpi_inflation_national_provincial_1381_1405.xlsx
1402,0112 - گوشت قرمز و گوشت ماکیان,annual_inflation,87.73461321609639,percent,1400,,جدول 6,sci_urban_household_cpi_inflation_national_provincial_1381_1405.xlsx
1403,0112 - گوشت قرمز و گوشت ماکیان,annual_inflation,27.378447780663606,percent,1400,,جدول 6,sci_urban_household_cpi_inflation_national_provincial_1381_1405.xlsx
1404,0112 - گوشت قرمز و گوشت ماکیان,annual_inflation,51.0577652304724,percent,1400,,جدول 6,sci_urban_household_cpi_inflation_national_provincial_1381_1405.xlsx
1405,0112 - گوشت قرمز و گوشت ماکیان,annual_inflation,,percent,1400,blank,جدول 6,sci_urban_household_cpi_inflation_national_provincial_1381_1405.xlsx
1382,0113 - ماهی ها و صدف داران,annual_inflation,18.623462926323512,percent,1400,,جدول 6,sci_urban_household_cpi_inflation_national_provincial_1381_1405.xlsx
1383,0113 - ماهی ها و صدف داران,annual_inflation,13.78723182287844,percent,1400,,جدول 6,sci_urban_household_cpi_inflation_national_provincial_1381_1405.xlsx
1384,0113 - ماهی ها و صدف داران,annual_inflation,16.808389435756197,percent,1400,,جدول 6,sci_urban_household_cpi_inflation_national_provincial_1381_1405.xlsx
1385,0113 - ماهی ها و صدف داران,annual_inflation,12.439606867800833,percent,1400,,جدول 6,sci_urban_household_cpi_inflation_national_provincial_1381_1405.xlsx
1386,0113 - ماهی ها و صدف داران,annual_inflation,17.58563407739331,percent,1400,,جدول 6,sci_urban_household_cpi_inflation_national_provincial_1381_1405.xlsx
1387,0113 - ماهی ها و صدف داران,annual_inflation,28.408872232494332,percent,1400,,جدول 6,sci_urban_household_cpi_inflation_national_provincial_1381_1405.xlsx
1388,0113 - ماهی ها و صدف داران,annual_inflation,17.99075162695675,percent,1400,,جدول 6,sci_urban_household_cpi_inflation_national_provincial_1381_1405.xlsx
1389,0113 - ماهی ها و صدف داران,annual_inflation,17.66508026728866,percent,1400,,جدول 6,sci_urban_household_cpi_inflation_national_provincial_1381_1405.xlsx
1390,0113 - ماهی ها و صدف داران,annual_inflation,23.216361288990342,percent,1400,,جدول 6,sci_urban_household_cpi_inflation_national_provincial_1381_1405.xlsx
1391,0113 - ماهی ها و صدف داران,annual_inflation,63.164350536457135,percent,1400,,جدول 6,sci_urban_household_cpi_inflation_national_provincial_1381_1405.xlsx
1392,0113 - ماهی ها و صدف داران,annual_inflation,44.47742219292911,percent,1400,,جدول 6,sci_urban_household_cpi_inflation_national_provincial_1381_1405.xlsx
1393,0113 - ماهی ها و صدف داران,annual_inflation,15.322557229374794,percent,1400,,جدول 6,sci_urban_household_cpi_inflation_national_provincial_1381_1405.xlsx
1394,0113 - ماهی ها و صدف داران,annual_inflation,13.424704976332436,percent,1400,,جدول 6,sci_urban_household_cpi_inflation_national_provincial_1381_1405.xlsx
1395,0113 - ماهی ها و صدف داران,annual_inflation,7.915083020881596,percent,1400,,جدول 6,sci_urban_household_cpi_inflation_national_provincial_1381_1405.xlsx
1396,0113 - ماهی ها و صدف داران,annual_inflation,5.119696582996951,percent,1400,,جدول 6,sci_urban_household_cpi_inflation_national_provincial_1381_1405.xlsx
1397,0113 - ماهی ها و صدف داران,annual_inflation,48.7513902039791,percent,1400,,جدول 6,sci_urban_household_cpi_inflation_national_provincial_1381_1405.xlsx
1398,0113 - ماهی ها و صدف داران,annual_inflation,55.996242829384556,percent,1400,,جدول 6,sci_urban_household_cpi_inflation_national_provincial_1381_1405.xlsx
1399,0113 - ماهی ها و صدف داران,annual_inflation,33.296014264604366,percent,1400,,جدول 6,sci_urban_household_cpi_inflation_national_provincial_1381_1405.xlsx
1400,0113 - ماهی ها و صدف داران,annual_inflation,63.34051927340613,percent,1400,,جدول 6,sci_urban_household_cpi_inflation_national_provincial_1381_1405.xlsx
1401,0113 - ماهی ها و صدف داران,annual_inflation,38.50379857458202,percent,1400,,جدول 6,sci_urban_household_cpi_inflation_national_provincial_1381_1405.xlsx
1402,0113 - ماهی ها و صدف داران,annual_inflation,64.24080100839035,percent,1400,,جدول 6,sci_urban_household_cpi_inflation_national_provincial_1381_1405.xlsx
1403,0113 - ماهی ها و صدف داران,annual_inflation,29.76767919191127,percent,1400,,جدول 6,sci_urban_household_cpi_inflation_national_provincial_1381_1405.xlsx
1404,0113 - ماهی ها و صدف داران,annual_inflation,47.82969241313518,percent,1400,,جدول 6,sci_urban_household_cpi_inflation_national_provincial_1381_1405.xlsx
1405,0113 - ماهی ها و صدف داران,annual_inflation,,percent,1400,blank,جدول 6,sci_urban_household_cpi_inflation_national_provincial_1381_1405.xlsx
1382,0114 - شیر، پنیر و تخم مرغ,annual_inflation,18.03002086414051,percent,1400,,جدول 6,sci_urban_household_cpi_inflation_national_provincial_1381_1405.xlsx
1383,0114 - شیر، پنیر و تخم مرغ,annual_inflation,21.735060258196754,percent,1400,,جدول 6,sci_urban_household_cpi_inflation_national_provincial_1381_1405.xlsx
1384,0114 - شیر، پنیر و تخم مرغ,annual_inflation,8.028287714269695,percent,1400,,جدول 6,sci_urban_household_cpi_inflation_national_provincial_1381_1405.xlsx
1385,0114 - شیر، پنیر و تخم مرغ,annual_inflation,14.457920005832904,percent,1400,,جدول 6,sci_urban_household_cpi_inflation_national_provincial_1381_1405.xlsx
1386,0114 - شیر، پنیر و تخم مرغ,annual_inflation,23.921458252996317,percent,1400,,جدول 6,sci_urban_household_cpi_inflation_national_provincial_1381_1405.xlsx
1387,0114 - شیر، پنیر و تخم مرغ,annual_inflation,30.376432833419386,percent,1400,,جدول 6,sci_urban_household_cpi_inflation_national_provincial_1381_1405.xlsx
1388,0114 - شیر، پنیر و تخم مرغ,annual_inflation,10.881398572716634,percent,1400,,جدول 6,sci_urban_household_cpi_inflation_national_provincial_1381_1405.xlsx
1389,0114 - شیر، پنیر و تخم مرغ,annual_inflation,6.948976996525417,percent,1400,,جدول 6,sci_urban_household_cpi_inflation_national_provincial_1381_1405.xlsx
1390,0114 - شیر، پنیر و تخم مرغ,annual_inflation,42.57813894619011,percent,1400,,جدول 6,sci_urban_household_cpi_inflation_national_provincial_1381_1405.xlsx
1391,0114 - شیر، پنیر و تخم مرغ,annual_inflation,49.01424456306455,percent,1400,,جدول 6,sci_urban_household_cpi_inflation_national_provincial_1381_1405.xlsx
1392,0114 - شیر، پنیر و تخم مرغ,annual_inflation,31.85186471141509,percent,1400,,جدول 6,sci_urban_household_cpi_inflation_national_provincial_1381_1405.xlsx
1393,0114 - شیر، پنیر و تخم مرغ,annual_inflation,14.288884596623149,percent,1400,,جدول 6,sci_urban_household_cpi_inflation_national_provincial_1381_1405.xlsx
1394,0114 - شیر، پنیر و تخم مرغ,annual_inflation,9.262233875862023,percent,1400,,جدول 6,sci_urban_household_cpi_inflation_national_provincial_1381_1405.xlsx
1395,0114 - شیر، پنیر و تخم مرغ,annual_inflation,5.685906348624201,percent,1400,,جدول 6,sci_urban_household_cpi_inflation_national_provincial_1381_1405.xlsx
1396,0114 - شیر، پنیر و تخم مرغ,annual_inflation,10.081047643302526,percent,1400,,جدول 6,sci_urban_household_cpi_inflation_national_provincial_1381_1405.xlsx
1397,0114 - شیر، پنیر و تخم مرغ,annual_inflation,34.75283438967645,percent,1400,,جدول 6,sci_urban_household_cpi_inflation_national_provincial_1381_1405.xlsx
1398,0114 - شیر، پنیر و تخم مرغ,annual_inflation,36.69802948082298,percent,1400,,جدول 6,sci_urban_household_cpi_inflation_national_provincial_1381_1405.xlsx
1399,0114 - شیر، پنیر و تخم مرغ,annual_inflation,49.68744072410934,percent,1400,,جدول 6,sci_urban_household_cpi_inflation_national_provincial_1381_1405.xlsx
1400,0114 - شیر، پنیر و تخم مرغ,annual_inflation,60.895626785555635,percent,1400,,جدول 6,sci_urban_household_cpi_inflation_national_provincial_1381_1405.xlsx
1401,0114 - شیر، پنیر و تخم مرغ,annual_inflation,85.5458829833953,percent,1400,,جدول 6,sci_urban_household_cpi_inflation_national_provincial_1381_1405.xlsx
1402,0114 - شیر، پنیر و تخم مرغ,annual_inflation,33.176909997866744,percent,1400,,جدول 6,sci_urban_household_cpi_inflation_national_provincial_1381_1405.xlsx
1403,0114 - شیر، پنیر و تخم مرغ,annual_inflation,20.385292165355935,percent,1400,,جدول 6,sci_urban_household_cpi_inflation_national_provincial_1381_1405.xlsx
1404,0114 - شیر، پنیر و تخم مرغ,annual_inflation,59.76228540506389,percent,1400,,جدول 6,sci_urban_household_cpi_inflation_national_provincial_1381_1405.xlsx
1405,0114 - شیر، پنیر و تخم مرغ,annual_inflation,,percent,1400,blank,جدول 6,sci_urban_household_cpi_inflation_national_provincial_1381_1405.xlsx
1382,0115 - روغنها و چربیها,annual_inflation,13.475557493426365,percent,1400,,جدول 6,sci_urban_household_cpi_inflation_national_provincial_1381_1405.xlsx
1383,0115 - روغنها و چربیها,annual_inflation,12.661107612344509,percent,1400,,جدول 6,sci_urban_household_cpi_inflation_national_provincial_1381_1405.xlsx
1384,0115 - روغنها و چربیها,annual_inflation,7.103518884944847,percent,1400,,جدول 6,sci_urban_household_cpi_inflation_national_provincial_1381_1405.xlsx
1385,0115 - روغنها و چربیها,annual_inflation,6.237429998187949,percent,1400,,جدول 6,sci_urban_household_cpi_inflation_national_provincial_1381_1405.xlsx
1386,0115 - روغنها و چربیها,annual_inflation,33.917735942267825,percent,1400,,جدول 6,sci_urban_household_cpi_inflation_national_provincial_1381_1405.xlsx
1387,0115 - روغنها و چربیها,annual_inflation,42.08922713803739,percent,1400,,جدول 6,sci_urban_household_cpi_inflation_national_provincial_1381_1405.xlsx
1388,0115 - روغنها و چربیها,annual_inflation,3.2715545513923416,percent,1400,,جدول 6,sci_urban_household_cpi_inflation_national_provincial_1381_1405.xlsx
1389,0115 - روغنها و چربیها,annual_inflation,22.2059184405435,percent,1400,,جدول 6,sci_urban_household_cpi_inflation_national_provincial_1381_1405.xlsx
1390,0115 - روغنها و چربیها,annual_inflation,44.52303980261607,percent,1400,,جدول 6,sci_urban_household_cpi_inflation_national_provincial_1381_1405.xlsx
1391,0115 - روغنها و چربیها,annual_inflation,44.73082004821535,percent,1400,,جدول 6,sci_urban_household_cpi_inflation_national_provincial_1381_1405.xlsx
1392,0115 - روغنها و چربیها,annual_inflation,49.974785263197504,percent,1400,,جدول 6,sci_urban_household_cpi_inflation_national_provincial_1381_1405.xlsx
1393,0115 - روغنها و چربیها,annual_inflation,9.263478360141235,percent,1400,,جدول 6,sci_urban_household_cpi_inflation_national_provincial_1381_1405.xlsx
1394,0115 - روغنها و چربیها,annual_inflation,3.561098000603451,percent,1400,,جدول 6,sci_urban_household_cpi_inflation_national_provincial_1381_1405.xlsx
1395,0115 - روغنها و چربیها,annual_inflation,5.154431259646657,percent,1400,,جدول 6,sci_urban_household_cpi_inflation_national_provincial_1381_1405.xlsx
1396,0115 - روغنها و چربیها,annual_inflation,10.248852120555327,percent,1400,,جدول 6,sci_urban_household_cpi_inflation_national_provincial_1381_1405.xlsx
1397,0115 - روغنها و چربیها,annual_inflation,30.092247974075917,percent,1400,,جدول 6,sci_urban_household_cpi_inflation_national_provincial_1381_1405.xlsx
1398,0115 - روغنها و چربیها,annual_inflation,28.456385224563206,percent,1400,,جدول 6,sci_urban_household_cpi_inflation_national_provincial_1381_1405.xlsx
1399,0115 - روغنها و چربیها,annual_inflation,43.42647804028792,percent,1400,,جدول 6,sci_urban_household_cpi_inflation_national_provincial_1381_1405.xlsx
1400,0115 - روغنها و چربیها,annual_inflation,63.48259479273949,percent,1400,,جدول 6,sci_urban_household_cpi_inflation_national_provincial_1381_1405.xlsx
1401,0115 - روغنها و چربیها,annual_inflation,223.21198360877344,percent,1400,,جدول 6,sci_urban_household_cpi_inflation_national_provincial_1381_1405.xlsx
1402,0115 - روغنها و چربیها,annual_inflation,15.058492075790582,percent,1400,,جدول 6,sci_urban_household_cpi_inflation_national_provincial_1381_1405.xlsx
1403,0115 - روغنها و چربیها,annual_inflation,7.161913488649162,percent,1400,,جدول 6,sci_urban_household_cpi_inflation_national_provincial_1381_1405.xlsx
1404,0115 - روغنها و چربیها,annual_inflation,78.55497858814223,percent,1400,,جدول 6,sci_urban_household_cpi_inflation_national_provincial_1381_1405.xlsx
1405,0115 - روغنها و چربیها,annual_inflation,,percent,1400,blank,جدول 6,sci_urban_household_cpi_inflation_national_provincial_1381_1405.xlsx
1382,0116 - میوه و خشکبار,annual_inflation,14.919972785387657,percent,1400,,جدول 6,sci_urban_household_cpi_inflation_national_provincial_1381_1405.xlsx
1383,0116 - میوه و خشکبار,annual_inflation,23.524531041379703,percent,1400,,جدول 6,sci_urban_household_cpi_inflation_national_provincial_1381_1405.xlsx
1384,0116 - میوه و خشکبار,annual_inflation,10.020388530102935,percent,1400,,جدول 6,sci_urban_household_cpi_inflation_national_provincial_1381_1405.xlsx
1385,0116 - میوه و خشکبار,annual_inflation,11.964542337336653,percent,1400,,جدول 6,sci_urban_household_cpi_inflation_national_provincial_1381_1405.xlsx
1386,0116 - میوه و خشکبار,annual_inflation,21.881627147916944,percent,1400,,جدول 6,sci_urban_household_cpi_inflation_national_provincial_1381_1405.xlsx
1387,0116 - میوه و خشکبار,annual_inflation,26.7524717235941,percent,1400,,جدول 6,sci_urban_household_cpi_inflation_national_provincial_1381_1405.xlsx
1388,0116 - میوه و خشکبار,annual_inflation,15.35319549866125,percent,1400,,جدول 6,sci_urban_household_cpi_inflation_national_provincial_1381_1405.xlsx
1389,0116 - میوه و خشکبار,annual_inflation,7.085469797862871,percent,1400,,جدول 6,sci_urban_household_cpi_inflation_national_provincial_1381_1405.xlsx
1390,0116 - میوه و خشکبار,annual_inflation,21.823361123693275,percent,1400,,جدول 6,sci_urban_household_cpi_inflation_national_provincial_1381_1405.xlsx
1391,0116 - میوه و خشکبار,annual_inflation,41.831066979076354,percent,1400,,جدول 6,sci_urban_household_cpi_inflation_national_provincial_1381_1405.xlsx
1392,0116 - میوه و خشکبار,annual_inflation,57.07581314376159,percent,1400,,جدول 6,sci_urban_household_cpi_inflation_national_provincial_1381_1405.xlsx
1393,0116 - میوه و خشکبار,annual_inflation,9.763550756000512,percent,1400,,جدول 6,sci_urban_household_cpi_inflation_national_provincial_1381_1405.xlsx
1394,0116 - میوه و خشکبار,annual_inflation,15.451468402052228,percent,1400,,جدول 6,sci_urban_household_cpi_inflation_national_provincial_1381_1405.xlsx
1395,0116 - میوه و خشکبار,annual_inflation,-0.6003816477000896,percent,1400,,جدول 6,sci_urban_household_cpi_inflation_national_provincial_1381_1405.xlsx
1396,0116 - میوه و خشکبار,annual_inflation,11.378627926379451,percent,1400,,جدول 6,sci_urban_household_cpi_inflation_national_provincial_1381_1405.xlsx
1397,0116 - میوه و خشکبار,annual_inflation,54.67585752264986,percent,1400,,جدول 6,sci_urban_household_cpi_inflation_national_provincial_1381_1405.xlsx
1398,0116 - میوه و خشکبار,annual_inflation,35.14509775610125,percent,1400,,جدول 6,sci_urban_household_cpi_inflation_national_provincial_1381_1405.xlsx
1399,0116 - میوه و خشکبار,annual_inflation,48.70629644041,percent,1400,,جدول 6,sci_urban_household_cpi_inflation_national_provincial_1381_1405.xlsx
1400,0116 - میوه و خشکبار,annual_inflation,46.00257102135129,percent,1400,,جدول 6,sci_urban_household_cpi_inflation_national_provincial_1381_1405.xlsx
1401,0116 - میوه و خشکبار,annual_inflation,43.70038715644776,percent,1400,,جدول 6,sci_urban_household_cpi_inflation_national_provincial_1381_1405.xlsx
1402,0116 - میوه و خشکبار,annual_inflation,47.58697373403794,percent,1400,,جدول 6,sci_urban_household_cpi_inflation_national_provincial_1381_1405.xlsx
1403,0116 - میوه و خشکبار,annual_inflation,32.90266565013354,percent,1400,,جدول 6,sci_urban_household_cpi_inflation_national_provincial_1381_1405.xlsx
1404,0116 - میوه و خشکبار,annual_inflation,86.14665319534711,percent,1400,,جدول 6,sci_urban_household_cpi_inflation_national_provincial_1381_1405.xlsx
1405,0116 - میوه و خشکبار,annual_inflation,,percent,1400,blank,جدول 6,sci_urban_household_cpi_inflation_national_provincial_1381_1405.xlsx
1382,0117 - سبزیجات (سبزی‌ها و حبوبات ),annual_inflation,22.91009373835098,percent,1400,,جدول 6,sci_urban_household_cpi_inflation_national_provincial_1381_1405.xlsx
1383,0117 - سبزیجات (سبزی‌ها و حبوبات ),annual_inflation,22.20471545388989,percent,1400,,جدول 6,sci_urban_household_cpi_inflation_national_provincial_1381_1405.xlsx
1384,0117 - سبزیجات (سبزی‌ها و حبوبات ),annual_inflation,19.057929210660674,percent,1400,,جدول 6,sci_urban_household_cpi_inflation_national_provincial_1381_1405.xlsx
1385,0117 - سبزیجات (سبزی‌ها و حبوبات ),annual_inflation,27.929253735998444,percent,1400,,جدول 6,sci_urban_household_cpi_inflation_national_provincial_1381_1405.xlsx
1386,0117 - سبزیجات (سبزی‌ها و حبوبات ),annual_inflation,18.721343950082627,percent,1400,,جدول 6,sci_urban_household_cpi_inflation_national_provincial_1381_1405.xlsx
1387,0117 - سبزیجات (سبزی‌ها و حبوبات ),annual_inflation,29.180596088316463,percent,1400,,جدول 6,sci_urban_household_cpi_inflation_national_provincial_1381_1405.xlsx
1388,0117 - سبزیجات (سبزی‌ها و حبوبات ),annual_inflation,17.123097524990413,percent,1400,,جدول 6,sci_urban_household_cpi_inflation_national_provincial_1381_1405.xlsx
1389,0117 - سبزیجات (سبزی‌ها و حبوبات ),annual_inflation,48.54610813124518,percent,1400,,جدول 6,sci_urban_household_cpi_inflation_national_provincial_1381_1405.xlsx
1390,0117 - سبزیجات (سبزی‌ها و حبوبات ),annual_inflation,47.714564829295625,percent,1400,,جدول 6,sci_urban_household_cpi_inflation_national_provincial_1381_1405.xlsx
1391,0117 - سبزیجات (سبزی‌ها و حبوبات ),annual_inflation,64.46996039753913,percent,1400,,جدول 6,sci_urban_household_cpi_inflation_national_provincial_1381_1405.xlsx
1392,0117 - سبزیجات (سبزی‌ها و حبوبات ),annual_inflation,83.44328548765526,percent,1400,,جدول 6,sci_urban_household_cpi_inflation_national_provincial_1381_1405.xlsx
1393,0117 - سبزیجات (سبزی‌ها و حبوبات ),annual_inflation,6.914459232136892,percent,1400,,جدول 6,sci_urban_household_cpi_inflation_national_provincial_1381_1405.xlsx
1394,0117 - سبزیجات (سبزی‌ها و حبوبات ),annual_inflation,9.803008091649914,percent,1400,,جدول 6,sci_urban_household_cpi_inflation_national_provincial_1381_1405.xlsx
1395,0117 - سبزیجات (سبزی‌ها و حبوبات ),annual_inflation,9.879128478671092,percent,1400,,جدول 6,sci_urban_household_cpi_inflation_national_provincial_1381_1405.xlsx
1396,0117 - سبزیجات (سبزی‌ها و حبوبات ),annual_inflation,26.470180540818305,percent,1400,,جدول 6,sci_urban_household_cpi_inflation_national_provincial_1381_1405.xlsx
1397,0117 - سبزیجات (سبزی‌ها و حبوبات ),annual_inflation,32.605269191206844,percent,1400,,جدول 6,sci_urban_household_cpi_inflation_national_provincial_1381_1405.xlsx
1398,0117 - سبزیجات (سبزی‌ها و حبوبات ),annual_inflation,55.174411433483556,percent,1400,,جدول 6,sci_urban_household_cpi_inflation_national_provincial_1381_1405.xlsx
1399,0117 - سبزیجات (سبزی‌ها و حبوبات ),annual_inflation,33.25480971022253,percent,1400,,جدول 6,sci_urban_household_cpi_inflation_national_provincial_1381_1405.xlsx
1400,0117 - سبزیجات (سبزی‌ها و حبوبات ),annual_inflation,60.79149079517441,percent,1400,,جدول 6,sci_urban_household_cpi_inflation_national_provincial_1381_1405.xlsx
1401,0117 - سبزیجات (سبزی‌ها و حبوبات ),annual_inflation,61.95559701201307,percent,1400,,جدول 6,sci_urban_household_cpi_inflation_national_provincial_1381_1405.xlsx
1402,0117 - سبزیجات (سبزی‌ها و حبوبات ),annual_inflation,30.142988434739635,percent,1400,,جدول 6,sci_urban_household_cpi_inflation_national_provincial_1381_1405.xlsx
1403,0117 - سبزیجات (سبزی‌ها و حبوبات ),annual_inflation,51.701307376625806,percent,1400,,جدول 6,sci_urban_household_cpi_inflation_national_provincial_1381_1405.xlsx
1404,0117 - سبزیجات (سبزی‌ها و حبوبات ),annual_inflation,59.650461810456335,percent,1400,,جدول 6,sci_urban_household_cpi_inflation_national_provincial_1381_1405.xlsx
1405,0117 - سبزیجات (سبزی‌ها و حبوبات ),annual_inflation,,percent,1400,blank,جدول 6,sci_urban_household_cpi_inflation_national_provincial_1381_1405.xlsx
1382,0118 - شکر، مربا، عسل ، شکلات و شیرینی(قند و شکر و شیرینی‌ها),annual_inflation,11.441426405848816,percent,1400,,جدول 6,sci_urban_household_cpi_inflation_national_provincial_1381_1405.xlsx
1383,0118 - شکر، مربا، عسل ، شکلات و شیرینی(قند و شکر و شیرینی‌ها),annual_inflation,14.970097050679712,percent,1400,,جدول 6,sci_urban_household_cpi_inflation_national_provincial_1381_1405.xlsx
1384,0118 - شکر، مربا، عسل ، شکلات و شیرینی(قند و شکر و شیرینی‌ها),annual_inflation,9.468320916430685,percent,1400,,جدول 6,sci_urban_household_cpi_inflation_national_provincial_1381_1405.xlsx
1385,0118 - شکر، مربا، عسل ، شکلات و شیرینی(قند و شکر و شیرینی‌ها),annual_inflation,9.291520756822251,percent,1400,,جدول 6,sci_urban_household_cpi_inflation_national_provincial_1381_1405.xlsx
1386,0118 - شکر، مربا، عسل ، شکلات و شیرینی(قند و شکر و شیرینی‌ها),annual_inflation,10.182318126991902,percent,1400,,جدول 6,sci_urban_household_cpi_inflation_national_provincial_1381_1405.xlsx
1387,0118 - شکر، مربا، عسل ، شکلات و شیرینی(قند و شکر و شیرینی‌ها),annual_inflation,18.294285490736257,percent,1400,,جدول 6,sci_urban_household_cpi_inflation_national_provincial_1381_1405.xlsx
1388,0118 - شکر، مربا، عسل ، شکلات و شیرینی(قند و شکر و شیرینی‌ها),annual_inflation,11.25748330098277,percent,1400,,جدول 6,sci_urban_household_cpi_inflation_national_provincial_1381_1405.xlsx
1389,0118 - شکر، مربا، عسل ، شکلات و شیرینی(قند و شکر و شیرینی‌ها),annual_inflation,19.347858819107785,percent,1400,,جدول 6,sci_urban_household_cpi_inflation_national_provincial_1381_1405.xlsx
1390,0118 - شکر، مربا، عسل ، شکلات و شیرینی(قند و شکر و شیرینی‌ها),annual_inflation,28.969375566268184,percent,1400,,جدول 6,sci_urban_household_cpi_inflation_national_provincial_1381_1405.xlsx
1391,0118 - شکر، مربا، عسل ، شکلات و شیرینی(قند و شکر و شیرینی‌ها),annual_inflation,27.991521130764113,percent,1400,,جدول 6,sci_urban_household_cpi_inflation_national_provincial_1381_1405.xlsx
1392,0118 - شکر، مربا، عسل ، شکلات و شیرینی(قند و شکر و شیرینی‌ها),annual_inflation,37.41791545858155,percent,1400,,جدول 6,sci_urban_household_cpi_inflation_national_provincial_1381_1405.xlsx
1393,0118 - شکر، مربا، عسل ، شکلات و شیرینی(قند و شکر و شیرینی‌ها),annual_inflation,12.510877376313118,percent,1400,,جدول 6,sci_urban_household_cpi_inflation_national_provincial_1381_1405.xlsx
1394,0118 - شکر، مربا، عسل ، شکلات و شیرینی(قند و شکر و شیرینی‌ها),annual_inflation,9.76138258524746,percent,1400,,جدول 6,sci_urban_household_cpi_inflation_national_provincial_1381_1405.xlsx
1395,0118 - شکر، مربا، عسل ، شکلات و شیرینی(قند و شکر و شیرینی‌ها),annual_inflation,8.395364674919563,percent,1400,,جدول 6,sci_urban_household_cpi_inflation_national_provincial_1381_1405.xlsx
1396,0118 - شکر، مربا، عسل ، شکلات و شیرینی(قند و شکر و شیرینی‌ها),annual_inflation,6.19375281635719,percent,1400,,جدول 6,sci_urban_household_cpi_inflation_national_provincial_1381_1405.xlsx
1397,0118 - شکر، مربا، عسل ، شکلات و شیرینی(قند و شکر و شیرینی‌ها),annual_inflation,25.086820825985768,percent,1400,,جدول 6,sci_urban_household_cpi_inflation_national_provincial_1381_1405.xlsx
1398,0118 - شکر، مربا، عسل ، شکلات و شیرینی(قند و شکر و شیرینی‌ها),annual_inflation,50.966937539523116,percent,1400,,جدول 6,sci_urban_household_cpi_inflation_national_provincial_1381_1405.xlsx
1399,0118 - شکر، مربا، عسل ، شکلات و شیرینی(قند و شکر و شیرینی‌ها),annual_inflation,41.388344080886924,percent,1400,,جدول 6,sci_urban_household_cpi_inflation_national_provincial_1381_1405.xlsx
1400,0118 - شکر، مربا، عسل ، شکلات و شیرینی(قند و شکر و شیرینی‌ها),annual_inflation,60.199144683680714,percent,1400,,جدول 6,sci_urban_household_cpi_inflation_national_provincial_1381_1405.xlsx
1401,0118 - شکر، مربا، عسل ، شکلات و شیرینی(قند و شکر و شیرینی‌ها),annual_inflation,59.02062735836674,percent,1400,,جدول 6,sci_urban_household_cpi_inflation_national_provincial_1381_1405.xlsx
1402,0118 - شکر، مربا، عسل ، شکلات و شیرینی(قند و شکر و شیرینی‌ها),annual_inflation,35.857044472149255,percent,1400,,جدول 6,sci_urban_household_cpi_inflation_national_provincial_1381_1405.xlsx
1403,0118 - شکر، مربا، عسل ، شکلات و شیرینی(قند و شکر و شیرینی‌ها),annual_inflation,32.7975871810699,percent,1400,,جدول 6,sci_urban_household_cpi_inflation_national_provincial_1381_1405.xlsx
1404,0118 - شکر، مربا، عسل ، شکلات و شیرینی(قند و شکر و شیرینی‌ها),annual_inflation,47.69157087008182,percent,1400,,جدول 6,sci_urban_household_cpi_inflation_national_provincial_1381_1405.xlsx
1405,0118 - شکر، مربا، عسل ، شکلات و شیرینی(قند و شکر و شیرینی‌ها),annual_inflation,,percent,1400,blank,جدول 6,sci_urban_household_cpi_inflation_national_provincial_1381_1405.xlsx
1382,0119 - محصولات خوراکی طبقه بندی نشده در جای دیگر,annual_inflation,8.339255678504458,percent,1400,,جدول 6,sci_urban_household_cpi_inflation_national_provincial_1381_1405.xlsx
1383,0119 - محصولات خوراکی طبقه بندی نشده در جای دیگر,annual_inflation,13.953972769016403,percent,1400,,جدول 6,sci_urban_household_cpi_inflation_national_provincial_1381_1405.xlsx
1384,0119 - محصولات خوراکی طبقه بندی نشده در جای دیگر,annual_inflation,16.198163337827552,percent,1400,,جدول 6,sci_urban_household_cpi_inflation_national_provincial_1381_1405.xlsx
1385,0119 - محصولات خوراکی طبقه بندی نشده در جای دیگر,annual_inflation,6.335248456531289,percent,1400,,جدول 6,sci_urban_household_cpi_inflation_national_provincial_1381_1405.xlsx
1386,0119 - محصولات خوراکی طبقه بندی نشده در جای دیگر,annual_inflation,23.96558828578131,percent,1400,,جدول 6,sci_urban_household_cpi_inflation_national_provincial_1381_1405.xlsx
1387,0119 - محصولات خوراکی طبقه بندی نشده در جای دیگر,annual_inflation,34.893087227431465,percent,1400,,جدول 6,sci_urban_household_cpi_inflation_national_provincial_1381_1405.xlsx
1388,0119 - محصولات خوراکی طبقه بندی نشده در جای دیگر,annual_inflation,19.887897242998136,percent,1400,,جدول 6,sci_urban_household_cpi_inflation_national_provincial_1381_1405.xlsx
1389,0119 - محصولات خوراکی طبقه بندی نشده در جای دیگر,annual_inflation,6.9593014947361524,percent,1400,,جدول 6,sci_urban_household_cpi_inflation_national_provincial_1381_1405.xlsx
1390,0119 - محصولات خوراکی طبقه بندی نشده در جای دیگر,annual_inflation,10.767389055458537,percent,1400,,جدول 6,sci_urban_household_cpi_inflation_national_provincial_1381_1405.xlsx
1391,0119 - محصولات خوراکی طبقه بندی نشده در جای دیگر,annual_inflation,31.640994146228707,percent,1400,,جدول 6,sci_urban_household_cpi_inflation_national_provincial_1381_1405.xlsx
1392,0119 - محصولات خوراکی طبقه بندی نشده در جای دیگر,annual_inflation,47.103591009237704,percent,1400,,جدول 6,sci_urban_household_cpi_inflation_national_provincial_1381_1405.xlsx
1393,0119 - محصولات خوراکی طبقه بندی نشده در جای دیگر,annual_inflation,15.71274921276067,percent,1400,,جدول 6,sci_urban_household_cpi_inflation_national_provincial_1381_1405.xlsx
1394,0119 - محصولات خوراکی طبقه بندی نشده در جای دیگر,annual_inflation,8.233535634831284,percent,1400,,جدول 6,sci_urban_household_cpi_inflation_national_provincial_1381_1405.xlsx
1395,0119 - محصولات خوراکی طبقه بندی نشده در جای دیگر,annual_inflation,6.0743225173014395,percent,1400,,جدول 6,sci_urban_household_cpi_inflation_national_provincial_1381_1405.xlsx
1396,0119 - محصولات خوراکی طبقه بندی نشده در جای دیگر,annual_inflation,6.127318232682953,percent,1400,,جدول 6,sci_urban_household_cpi_inflation_national_provincial_1381_1405.xlsx
1397,0119 - محصولات خوراکی طبقه بندی نشده در جای دیگر,annual_inflation,60.25833265835908,percent,1400,,جدول 6,sci_urban_household_cpi_inflation_national_provincial_1381_1405.xlsx
1398,0119 - محصولات خوراکی طبقه بندی نشده در جای دیگر,annual_inflation,48.67391146292178,percent,1400,,جدول 6,sci_urban_household_cpi_inflation_national_provincial_1381_1405.xlsx
1399,0119 - محصولات خوراکی طبقه بندی نشده در جای دیگر,annual_inflation,17.678949966674494,percent,1400,,جدول 6,sci_urban_household_cpi_inflation_national_provincial_1381_1405.xlsx
1400,0119 - محصولات خوراکی طبقه بندی نشده در جای دیگر,annual_inflation,49.70138475449849,percent,1400,,جدول 6,sci_urban_household_cpi_inflation_national_provincial_1381_1405.xlsx
1401,0119 - محصولات خوراکی طبقه بندی نشده در جای دیگر,annual_inflation,52.139417382110025,percent,1400,,جدول 6,sci_urban_household_cpi_inflation_national_provincial_1381_1405.xlsx
1402,0119 - محصولات خوراکی طبقه بندی نشده در جای دیگر,annual_inflation,25.920844781816314,percent,1400,,جدول 6,sci_urban_household_cpi_inflation_national_provincial_1381_1405.xlsx
1403,0119 - محصولات خوراکی طبقه بندی نشده در جای دیگر,annual_inflation,30.521339017701877,percent,1400,,جدول 6,sci_urban_household_cpi_inflation_national_provincial_1381_1405.xlsx
1404,0119 - محصولات خوراکی طبقه بندی نشده در جای دیگر,annual_inflation,53.79869306450328,percent,1400,,جدول 6,sci_urban_household_cpi_inflation_national_provincial_1381_1405.xlsx
1405,0119 - محصولات خوراکی طبقه بندی نشده در جای دیگر,annual_inflation,,percent,1400,blank,جدول 6,sci_urban_household_cpi_inflation_national_provincial_1381_1405.xlsx
1382,012 - چای، قهوه، کاکائو، نوشابه و آب میوه (نوشابه های غیر الکلی),annual_inflation,11.685012496518723,percent,1400,,جدول 6,sci_urban_household_cpi_inflation_national_provincial_1381_1405.xlsx
1383,012 - چای، قهوه، کاکائو، نوشابه و آب میوه (نوشابه های غیر الکلی),annual_inflation,8.065298879995737,percent,1400,,جدول 6,sci_urban_household_cpi_inflation_national_provincial_1381_1405.xlsx
1384,012 - چای، قهوه، کاکائو، نوشابه و آب میوه (نوشابه های غیر الکلی),annual_inflation,9.011350284217471,percent,1400,,جدول 6,sci_urban_household_cpi_inflation_national_provincial_1381_1405.xlsx
1385,012 - چای، قهوه، کاکائو، نوشابه و آب میوه (نوشابه های غیر الکلی),annual_inflation,5.778425946235828,percent,1400,,جدول 6,sci_urban_household_cpi_inflation_national_provincial_1381_1405.xlsx
1386,012 - چای، قهوه، کاکائو، نوشابه و آب میوه (نوشابه های غیر الکلی),annual_inflation,13.83150279918388,percent,1400,,جدول 6,sci_urban_household_cpi_inflation_national_provincial_1381_1405.xlsx
1387,012 - چای، قهوه، کاکائو، نوشابه و آب میوه (نوشابه های غیر الکلی),annual_inflation,23.333657271734907,percent,1400,,جدول 6,sci_urban_household_cpi_inflation_national_provincial_1381_1405.xlsx
1388,012 - چای، قهوه، کاکائو، نوشابه و آب میوه (نوشابه های غیر الکلی),annual_inflation,8.735789160503174,percent,1400,,جدول 6,sci_urban_household_cpi_inflation_national_provincial_1381_1405.xlsx
1389,012 - چای، قهوه، کاکائو، نوشابه و آب میوه (نوشابه های غیر الکلی),annual_inflation,10.920162395947528,percent,1400,,جدول 6,sci_urban_household_cpi_inflation_national_provincial_1381_1405.xlsx
1390,012 - چای، قهوه، کاکائو، نوشابه و آب میوه (نوشابه های غیر الکلی),annual_inflation,13.91577574669813,percent,1400,,جدول 6,sci_urban_household_cpi_inflation_national_provincial_1381_1405.xlsx
1391,012 - چای، قهوه، کاکائو، نوشابه و آب میوه (نوشابه های غیر الکلی),annual_inflation,49.733278116663854,percent,1400,,جدول 6,sci_urban_household_cpi_inflation_national_provincial_1381_1405.xlsx
1392,012 - چای، قهوه، کاکائو، نوشابه و آب میوه (نوشابه های غیر الکلی),annual_inflation,53.185959506996596,percent,1400,,جدول 6,sci_urban_household_cpi_inflation_national_provincial_1381_1405.xlsx
1393,012 - چای، قهوه، کاکائو، نوشابه و آب میوه (نوشابه های غیر الکلی),annual_inflation,11.046666109724669,percent,1400,,جدول 6,sci_urban_household_cpi_inflation_national_provincial_1381_1405.xlsx
1394,012 - چای، قهوه، کاکائو، نوشابه و آب میوه (نوشابه های غیر الکلی),annual_inflation,8.127512125225152,percent,1400,,جدول 6,sci_urban_household_cpi_inflation_national_provincial_1381_1405.xlsx
1395,012 - چای، قهوه، کاکائو، نوشابه و آب میوه (نوشابه های غیر الکلی),annual_inflation,8.355430366818467,percent,1400,,جدول 6,sci_urban_household_cpi_inflation_national_provincial_1381_1405.xlsx
1396,012 - چای، قهوه، کاکائو، نوشابه و آب میوه (نوشابه های غیر الکلی),annual_inflation,10.718283524246047,percent,1400,,جدول 6,sci_urban_household_cpi_inflation_national_provincial_1381_1405.xlsx
1397,012 - چای، قهوه، کاکائو، نوشابه و آب میوه (نوشابه های غیر الکلی),annual_inflation,39.914271056428504,percent,1400,,جدول 6,sci_urban_household_cpi_inflation_national_provincial_1381_1405.xlsx
1398,012 - چای، قهوه، کاکائو، نوشابه و آب میوه (نوشابه های غیر الکلی),annual_inflation,56.719852184217416,percent,1400,,جدول 6,sci_urban_household_cpi_inflation_national_provincial_1381_1405.xlsx
1399,012 - چای، قهوه، کاکائو، نوشابه و آب میوه (نوشابه های غیر الکلی),annual_inflation,47.270149003867346,percent,1400,,جدول 6,sci_urban_household_cpi_inflation_national_provincial_1381_1405.xlsx
1400,012 - چای، قهوه، کاکائو، نوشابه و آب میوه (نوشابه های غیر الکلی),annual_inflation,55.70367661640296,percent,1400,,جدول 6,sci_urban_household_cpi_inflation_national_provincial_1381_1405.xlsx
1401,012 - چای، قهوه، کاکائو، نوشابه و آب میوه (نوشابه های غیر الکلی),annual_inflation,31.140855593775655,percent,1400,,جدول 6,sci_urban_household_cpi_inflation_national_provincial_1381_1405.xlsx
1402,012 - چای، قهوه، کاکائو، نوشابه و آب میوه (نوشابه های غیر الکلی),annual_inflation,44.433809498663294,percent,1400,,جدول 6,sci_urban_household_cpi_inflation_national_provincial_1381_1405.xlsx
1403,012 - چای، قهوه، کاکائو، نوشابه و آب میوه (نوشابه های غیر الکلی),annual_inflation,31.918603694969704,percent,1400,,جدول 6,sci_urban_household_cpi_inflation_national_provincial_1381_1405.xlsx
1404,012 - چای، قهوه، کاکائو، نوشابه و آب میوه (نوشابه های غیر الکلی),annual_inflation,67.0843194207138,percent,1400,,جدول 6,sci_urban_household_cpi_inflation_national_provincial_1381_1405.xlsx
1405,012 - چای، قهوه، کاکائو، نوشابه و آب میوه (نوشابه های غیر الکلی),annual_inflation,,percent,1400,blank,جدول 6,sci_urban_household_cpi_inflation_national_provincial_1381_1405.xlsx
1382,02 - دخانیات,annual_inflation,,percent,1400,-,جدول 6,sci_urban_household_cpi_inflation_national_provincial_1381_1405.xlsx
1383,02 - دخانیات,annual_inflation,,percent,1400,-,جدول 6,sci_urban_household_cpi_inflation_national_provincial_1381_1405.xlsx
1384,02 - دخانیات,annual_inflation,,percent,1400,-,جدول 6,sci_urban_household_cpi_inflation_national_provincial_1381_1405.xlsx
1385,02 - دخانیات,annual_inflation,,percent,1400,-,جدول 6,sci_urban_household_cpi_inflation_national_provincial_1381_1405.xlsx
1386,02 - دخانیات,annual_inflation,,percent,1400,-,جدول 6,sci_urban_household_cpi_inflation_national_provincial_1381_1405.xlsx
1387,02 - دخانیات,annual_inflation,,percent,1400,-,جدول 6,sci_urban_household_cpi_inflation_national_provincial_1381_1405.xlsx
1388,02 - دخانیات,annual_inflation,,percent,1400,-,جدول 6,sci_urban_household_cpi_inflation_national_provincial_1381_1405.xlsx
1389,02 - دخانیات,annual_inflation,,percent,1400,-,جدول 6,sci_urban_household_cpi_inflation_national_provincial_1381_1405.xlsx
1390,02 - دخانیات,annual_inflation,,percent,1400,-,جدول 6,sci_urban_household_cpi_inflation_national_provincial_1381_1405.xlsx
1391,02 - دخانیات,annual_inflation,81.65075269428999,percent,1400,,جدول 6,sci_urban_household_cpi_inflation_national_provincial_1381_1405.xlsx
1392,02 - دخانیات,annual_inflation,56.402241424129414,percent,1400,,جدول 6,sci_urban_household_cpi_inflation_national_provincial_1381_1405.xlsx
1393,02 - دخانیات,annual_inflation,3.0485584043422875,percent,1400,,جدول 6,sci_urban_household_cpi_inflation_national_provincial_1381_1405.xlsx
1394,02 - دخانیات,annual_inflation,3.082054433879833,percent,1400,,جدول 6,sci_urban_household_cpi_inflation_national_provincial_1381_1405.xlsx
1395,02 - دخانیات,annual_inflation,11.635191337047317,percent,1400,,جدول 6,sci_urban_household_cpi_inflation_national_provincial_1381_1405.xlsx
1396,02 - دخانیات,annual_inflation,6.886885792445298,percent,1400,,جدول 6,sci_urban_household_cpi_inflation_national_provincial_1381_1405.xlsx
1397,02 - دخانیات,annual_inflation,98.7349850803671,percent,1400,,جدول 6,sci_urban_household_cpi_inflation_national_provincial_1381_1405.xlsx
1398,02 - دخانیات,annual_inflation,29.34988823687408,percent,1400,,جدول 6,sci_urban_household_cpi_inflation_national_provincial_1381_1405.xlsx
1399,02 - دخانیات,annual_inflation,39.44625641013218,percent,1400,,جدول 6,sci_urban_household_cpi_inflation_national_provincial_1381_1405.xlsx
1400,02 - دخانیات,annual_inflation,37.93953741234745,percent,1400,,جدول 6,sci_urban_household_cpi_inflation_national_provincial_1381_1405.xlsx
1401,02 - دخانیات,annual_inflation,39.57019535823855,percent,1400,,جدول 6,sci_urban_household_cpi_inflation_national_provincial_1381_1405.xlsx
1402,02 - دخانیات,annual_inflation,42.167299468218346,percent,1400,,جدول 6,sci_urban_household_cpi_inflation_national_provincial_1381_1405.xlsx
1403,02 - دخانیات,annual_inflation,26.71583874736403,percent,1400,,جدول 6,sci_urban_household_cpi_inflation_national_provincial_1381_1405.xlsx
1404,02 - دخانیات,annual_inflation,60.52504404084249,percent,1400,,جدول 6,sci_urban_household_cpi_inflation_national_provincial_1381_1405.xlsx
1405,02 - دخانیات,annual_inflation,,percent,1400,blank,جدول 6,sci_urban_household_cpi_inflation_national_provincial_1381_1405.xlsx
1382,کالاهای غیر خوراکی و خدمات,annual_inflation,13.477073222507215,percent,1400,,جدول 6,sci_urban_household_cpi_inflation_national_provincial_1381_1405.xlsx
1383,کالاهای غیر خوراکی و خدمات,annual_inflation,14.470969925336803,percent,1400,,جدول 6,sci_urban_household_cpi_inflation_national_provincial_1381_1405.xlsx
1384,کالاهای غیر خوراکی و خدمات,annual_inflation,12.741474815185327,percent,1400,,جدول 6,sci_urban_household_cpi_inflation_national_provincial_1381_1405.xlsx
1385,کالاهای غیر خوراکی و خدمات,annual_inflation,13.985074596251906,percent,1400,,جدول 6,sci_urban_household_cpi_inflation_national_provincial_1381_1405.xlsx
1386,کالاهای غیر خوراکی و خدمات,annual_inflation,16.38751078536616,percent,1400,,جدول 6,sci_urban_household_cpi_inflation_national_provincial_1381_1405.xlsx
1387,کالاهای غیر خوراکی و خدمات,annual_inflation,23.029276702454467,percent,1400,,جدول 6,sci_urban_household_cpi_inflation_national_provincial_1381_1405.xlsx
1388,کالاهای غیر خوراکی و خدمات,annual_inflation,7.989707255869249,percent,1400,,جدول 6,sci_urban_household_cpi_inflation_national_provincial_1381_1405.xlsx
1389,کالاهای غیر خوراکی و خدمات,annual_inflation,10.183212887180005,percent,1400,,جدول 6,sci_urban_household_cpi_inflation_national_provincial_1381_1405.xlsx
1390,کالاهای غیر خوراکی و خدمات,annual_inflation,23.396089657645106,percent,1400,,جدول 6,sci_urban_household_cpi_inflation_national_provincial_1381_1405.xlsx
1391,کالاهای غیر خوراکی و خدمات,annual_inflation,22.644649265568034,percent,1400,,جدول 6,sci_urban_household_cpi_inflation_national_provincial_1381_1405.xlsx
1392,کالاهای غیر خوراکی و خدمات,annual_inflation,27.056140262720476,percent,1400,,جدول 6,sci_urban_household_cpi_inflation_national_provincial_1381_1405.xlsx
1393,کالاهای غیر خوراکی و خدمات,annual_inflation,17.219326451257103,percent,1400,,جدول 6,sci_urban_household_cpi_inflation_national_provincial_1381_1405.xlsx
1394,کالاهای غیر خوراکی و خدمات,annual_inflation,11.98976176747972,percent,1400,,جدول 6,sci_urban_household_cpi_inflation_national_provincial_1381_1405.xlsx
1395,کالاهای غیر خوراکی و خدمات,annual_inflation,6.409365089242456,percent,1400,,جدول 6,sci_urban_household_cpi_inflation_national_provincial_1381_1405.xlsx
1396,کالاهای غیر خوراکی و خدمات,annual_inflation,6.743449260221297,percent,1400,,جدول 6,sci_urban_household_cpi_inflation_national_provincial_1381_1405.xlsx
1397,کالاهای غیر خوراکی و خدمات,annual_inflation,22.493779470000746,percent,1400,,جدول 6,sci_urban_household_cpi_inflation_national_provincial_1381_1405.xlsx
1398,کالاهای غیر خوراکی و خدمات,annual_inflation,31.06245854594016,percent,1400,,جدول 6,sci_urban_household_cpi_inflation_national_provincial_1381_1405.xlsx
1399,کالاهای غیر خوراکی و خدمات,annual_inflation,35.101227825117235,percent,1400,,جدول 6,sci_urban_household_cpi_inflation_national_provincial_1381_1405.xlsx
1400,کالاهای غیر خوراکی و خدمات,annual_inflation,34.23880046217138,percent,1400,,جدول 6,sci_urban_household_cpi_inflation_national_provincial_1381_1405.xlsx
1401,کالاهای غیر خوراکی و خدمات,annual_inflation,35.292756605079234,percent,1400,,جدول 6,sci_urban_household_cpi_inflation_national_provincial_1381_1405.xlsx
1402,کالاهای غیر خوراکی و خدمات,annual_inflation,40.3641522506787,percent,1400,,جدول 6,sci_urban_household_cpi_inflation_national_provincial_1381_1405.xlsx
1403,کالاهای غیر خوراکی و خدمات,annual_inflation,35.09816303507,percent,1400,,جدول 6,sci_urban_household_cpi_inflation_national_provincial_1381_1405.xlsx
1404,کالاهای غیر خوراکی و خدمات,annual_inflation,41.063884176962546,percent,1400,,جدول 6,sci_urban_household_cpi_inflation_national_provincial_1381_1405.xlsx
1405,کالاهای غیر خوراکی و خدمات,annual_inflation,,percent,1400,blank,جدول 6,sci_urban_household_cpi_inflation_national_provincial_1381_1405.xlsx
1382,03 - پوشاک و کفش,annual_inflation,7.92151687068241,percent,1400,,جدول 6,sci_urban_household_cpi_inflation_national_provincial_1381_1405.xlsx
1383,03 - پوشاک و کفش,annual_inflation,10.52109313557294,percent,1400,,جدول 6,sci_urban_household_cpi_inflation_national_provincial_1381_1405.xlsx
1384,03 - پوشاک و کفش,annual_inflation,12.51309352475019,percent,1400,,جدول 6,sci_urban_household_cpi_inflation_national_provincial_1381_1405.xlsx
1385,03 - پوشاک و کفش,annual_inflation,9.050084523348147,percent,1400,,جدول 6,sci_urban_household_cpi_inflation_national_provincial_1381_1405.xlsx
1386,03 - پوشاک و کفش,annual_inflation,9.886544203598262,percent,1400,,جدول 6,sci_urban_household_cpi_inflation_national_provincial_1381_1405.xlsx
1387,03 - پوشاک و کفش,annual_inflation,15.974239629698928,percent,1400,,جدول 6,sci_urban_household_cpi_inflation_national_provincial_1381_1405.xlsx
1388,03 - پوشاک و کفش,annual_inflation,9.301727155761654,percent,1400,,جدول 6,sci_urban_household_cpi_inflation_national_provincial_1381_1405.xlsx
1389,03 - پوشاک و کفش,annual_inflation,8.442056087513606,percent,1400,,جدول 6,sci_urban_household_cpi_inflation_national_provincial_1381_1405.xlsx
1390,03 - پوشاک و کفش,annual_inflation,15.389495783425701,percent,1400,,جدول 6,sci_urban_household_cpi_inflation_national_provincial_1381_1405.xlsx
1391,03 - پوشاک و کفش,annual_inflation,35.392779385244665,percent,1400,,جدول 6,sci_urban_household_cpi_inflation_national_provincial_1381_1405.xlsx
1392,03 - پوشاک و کفش,annual_inflation,41.432022744855345,percent,1400,,جدول 6,sci_urban_household_cpi_inflation_national_provincial_1381_1405.xlsx
1393,03 - پوشاک و کفش,annual_inflation,15.821034772050496,percent,1400,,جدول 6,sci_urban_household_cpi_inflation_national_provincial_1381_1405.xlsx
1394,03 - پوشاک و کفش,annual_inflation,8.636292194048465,percent,1400,,جدول 6,sci_urban_household_cpi_inflation_national_provincial_1381_1405.xlsx
1395,03 - پوشاک و کفش,annual_inflation,5.885365701538021,percent,1400,,جدول 6,sci_urban_household_cpi_inflation_national_provincial_1381_1405.xlsx
1396,03 - پوشاک و کفش,annual_inflation,6.059822090973313,percent,1400,,جدول 6,sci_urban_household_cpi_inflation_national_provincial_1381_1405.xlsx
1397,03 - پوشاک و کفش,annual_inflation,29.261013859353454,percent,1400,,جدول 6,sci_urban_household_cpi_inflation_national_provincial_1381_1405.xlsx
1398,03 - پوشاک و کفش,annual_inflation,43.70610838923673,percent,1400,,جدول 6,sci_urban_household_cpi_inflation_national_provincial_1381_1405.xlsx
1399,03 - پوشاک و کفش,annual_inflation,38.018879231470436,percent,1400,,جدول 6,sci_urban_household_cpi_inflation_national_provincial_1381_1405.xlsx
1400,03 - پوشاک و کفش,annual_inflation,50.82036422433049,percent,1400,,جدول 6,sci_urban_household_cpi_inflation_national_provincial_1381_1405.xlsx
1401,03 - پوشاک و کفش,annual_inflation,47.2379215104385,percent,1400,,جدول 6,sci_urban_household_cpi_inflation_national_provincial_1381_1405.xlsx
1402,03 - پوشاک و کفش,annual_inflation,46.978542718531486,percent,1400,,جدول 6,sci_urban_household_cpi_inflation_national_provincial_1381_1405.xlsx
1403,03 - پوشاک و کفش,annual_inflation,31.29531944943841,percent,1400,,جدول 6,sci_urban_household_cpi_inflation_national_provincial_1381_1405.xlsx
1404,03 - پوشاک و کفش,annual_inflation,42.05410907900705,percent,1400,,جدول 6,sci_urban_household_cpi_inflation_national_provincial_1381_1405.xlsx
1405,03 - پوشاک و کفش,annual_inflation,,percent,1400,blank,جدول 6,sci_urban_household_cpi_inflation_national_provincial_1381_1405.xlsx
1382,04 - مسکن ، آب ، برق ، گاز و سایر سوخت‌ها,annual_inflation,17.737854937018298,percent,1400,,جدول 6,sci_urban_household_cpi_inflation_national_provincial_1381_1405.xlsx
1383,04 - مسکن ، آب ، برق ، گاز و سایر سوخت‌ها,annual_inflation,17.485136227111298,percent,1400,,جدول 6,sci_urban_household_cpi_inflation_national_provincial_1381_1405.xlsx
1384,04 - مسکن ، آب ، برق ، گاز و سایر سوخت‌ها,annual_inflation,14.371248911280247,percent,1400,,جدول 6,sci_urban_household_cpi_inflation_national_provincial_1381_1405.xlsx
1385,04 - مسکن ، آب ، برق ، گاز و سایر سوخت‌ها,annual_inflation,19.085001627102386,percent,1400,,جدول 6,sci_urban_household_cpi_inflation_national_provincial_1381_1405.xlsx
1386,04 - مسکن ، آب ، برق ، گاز و سایر سوخت‌ها,annual_inflation,22.48422346425791,percent,1400,,جدول 6,sci_urban_household_cpi_inflation_national_provincial_1381_1405.xlsx
1387,04 - مسکن ، آب ، برق ، گاز و سایر سوخت‌ها,annual_inflation,30.42221710319305,percent,1400,,جدول 6,sci_urban_household_cpi_inflation_national_provincial_1381_1405.xlsx
1388,04 - مسکن ، آب ، برق ، گاز و سایر سوخت‌ها,annual_inflation,8.073145415354332,percent,1400,,جدول 6,sci_urban_household_cpi_inflation_national_provincial_1381_1405.xlsx
1389,04 - مسکن ، آب ، برق ، گاز و سایر سوخت‌ها,annual_inflation,9.203461731446012,percent,1400,,جدول 6,sci_urban_household_cpi_inflation_national_provincial_1381_1405.xlsx
1390,04 - مسکن ، آب ، برق ، گاز و سایر سوخت‌ها,annual_inflation,27.671802892942594,percent,1400,,جدول 6,sci_urban_household_cpi_inflation_national_provincial_1381_1405.xlsx
1391,04 - مسکن ، آب ، برق ، گاز و سایر سوخت‌ها,annual_inflation,18.19759735071709,percent,1400,,جدول 6,sci_urban_household_cpi_inflation_national_provincial_1381_1405.xlsx
1392,04 - مسکن ، آب ، برق ، گاز و سایر سوخت‌ها,annual_inflation,19.856277164387976,percent,1400,,جدول 6,sci_urban_household_cpi_inflation_national_provincial_1381_1405.xlsx
1393,04 - مسکن ، آب ، برق ، گاز و سایر سوخت‌ها,annual_inflation,17.943528659186626,percent,1400,,جدول 6,sci_urban_household_cpi_inflation_national_provincial_1381_1405.xlsx
1394,04 - مسکن ، آب ، برق ، گاز و سایر سوخت‌ها,annual_inflation,14.461668660127216,percent,1400,,جدول 6,sci_urban_household_cpi_inflation_national_provincial_1381_1405.xlsx
1395,04 - مسکن ، آب ، برق ، گاز و سایر سوخت‌ها,annual_inflation,6.0069896483351215,percent,1400,,جدول 6,sci_urban_household_cpi_inflation_national_provincial_1381_1405.xlsx
1396,04 - مسکن ، آب ، برق ، گاز و سایر سوخت‌ها,annual_inflation,7.22640037010504,percent,1400,,جدول 6,sci_urban_household_cpi_inflation_national_provincial_1381_1405.xlsx
1397,04 - مسکن ، آب ، برق ، گاز و سایر سوخت‌ها,annual_inflation,17.43598857730808,percent,1400,,جدول 6,sci_urban_household_cpi_inflation_national_provincial_1381_1405.xlsx
1398,04 - مسکن ، آب ، برق ، گاز و سایر سوخت‌ها,annual_inflation,23.942220784122398,percent,1400,,جدول 6,sci_urban_household_cpi_inflation_national_provincial_1381_1405.xlsx
1399,04 - مسکن ، آب ، برق ، گاز و سایر سوخت‌ها,annual_inflation,25.76611300630624,percent,1400,,جدول 6,sci_urban_household_cpi_inflation_national_provincial_1381_1405.xlsx
1400,04 - مسکن ، آب ، برق ، گاز و سایر سوخت‌ها,annual_inflation,26.822141465797415,percent,1400,,جدول 6,sci_urban_household_cpi_inflation_national_provincial_1381_1405.xlsx
1401,04 - مسکن ، آب ، برق ، گاز و سایر سوخت‌ها,annual_inflation,32.43686360493251,percent,1400,,جدول 6,sci_urban_household_cpi_inflation_national_provincial_1381_1405.xlsx
1402,04 - مسکن ، آب ، برق ، گاز و سایر سوخت‌ها,annual_inflation,39.102464771355926,percent,1400,,جدول 6,sci_urban_household_cpi_inflation_national_provincial_1381_1405.xlsx
1403,04 - مسکن ، آب ، برق ، گاز و سایر سوخت‌ها,annual_inflation,39.74743632573811,percent,1400,,جدول 6,sci_urban_household_cpi_inflation_national_provincial_1381_1405.xlsx
1404,04 - مسکن ، آب ، برق ، گاز و سایر سوخت‌ها,annual_inflation,35.601151696080024,percent,1400,,جدول 6,sci_urban_household_cpi_inflation_national_provincial_1381_1405.xlsx
1405,04 - مسکن ، آب ، برق ، گاز و سایر سوخت‌ها,annual_inflation,,percent,1400,blank,جدول 6,sci_urban_household_cpi_inflation_national_provincial_1381_1405.xlsx
1382,مسکن,annual_inflation,18.164658671522233,percent,1400,,جدول 6,sci_urban_household_cpi_inflation_national_provincial_1381_1405.xlsx
1383,مسکن,annual_inflation,18.266628009309542,percent,1400,,جدول 6,sci_urban_household_cpi_inflation_national_provincial_1381_1405.xlsx
1384,مسکن,annual_inflation,15.724789687224188,percent,1400,,جدول 6,sci_urban_household_cpi_inflation_national_provincial_1381_1405.xlsx
1385,مسکن,annual_inflation,20.894068934463732,percent,1400,,جدول 6,sci_urban_household_cpi_inflation_national_provincial_1381_1405.xlsx
1386,مسکن,annual_inflation,24.2946592109013,percent,1400,,جدول 6,sci_urban_household_cpi_inflation_national_provincial_1381_1405.xlsx
1387,مسکن,annual_inflation,32.39057246561231,percent,1400,,جدول 6,sci_urban_household_cpi_inflation_national_provincial_1381_1405.xlsx
1388,مسکن,annual_inflation,8.352500855602571,percent,1400,,جدول 6,sci_urban_household_cpi_inflation_national_provincial_1381_1405.xlsx
1389,مسکن,annual_inflation,6.245239194993999,percent,1400,,جدول 6,sci_urban_household_cpi_inflation_national_provincial_1381_1405.xlsx
1390,مسکن,annual_inflation,10.659607506214911,percent,1400,,جدول 6,sci_urban_household_cpi_inflation_national_provincial_1381_1405.xlsx
1391,مسکن,annual_inflation,17.991047555159454,percent,1400,,جدول 6,sci_urban_household_cpi_inflation_national_provincial_1381_1405.xlsx
1392,مسکن,annual_inflation,21.928648704087394,percent,1400,,جدول 6,sci_urban_household_cpi_inflation_national_provincial_1381_1405.xlsx
1393,مسکن,annual_inflation,16.965692398515372,percent,1400,,جدول 6,sci_urban_household_cpi_inflation_national_provincial_1381_1405.xlsx
1394,مسکن,annual_inflation,11.268418413787558,percent,1400,,جدول 6,sci_urban_household_cpi_inflation_national_provincial_1381_1405.xlsx
1395,مسکن,annual_inflation,4.8715934320138246,percent,1400,,جدول 6,sci_urban_household_cpi_inflation_national_provincial_1381_1405.xlsx
1396,مسکن,annual_inflation,6.913944747997874,percent,1400,,جدول 6,sci_urban_household_cpi_inflation_national_provincial_1381_1405.xlsx
1397,مسکن,annual_inflation,18.843544521961306,percent,1400,,جدول 6,sci_urban_household_cpi_inflation_national_provincial_1381_1405.xlsx
1398,مسکن,annual_inflation,23.270600211964762,percent,1400,,جدول 6,sci_urban_household_cpi_inflation_national_provincial_1381_1405.xlsx
1399,مسکن,annual_inflation,27.587671097917266,percent,1400,,جدول 6,sci_urban_household_cpi_inflation_national_provincial_1381_1405.xlsx
1400,مسکن,annual_inflation,27.034557487924047,percent,1400,,جدول 6,sci_urban_household_cpi_inflation_national_provincial_1381_1405.xlsx
1401,مسکن,annual_inflation,32.998443078875084,percent,1400,,جدول 6,sci_urban_household_cpi_inflation_national_provincial_1381_1405.xlsx
1402,مسکن,annual_inflation,39.509698227726346,percent,1400,,جدول 6,sci_urban_household_cpi_inflation_national_provincial_1381_1405.xlsx
1403,مسکن,annual_inflation,40.16028686442442,percent,1400,,جدول 6,sci_urban_household_cpi_inflation_national_provincial_1381_1405.xlsx
1404,مسکن,annual_inflation,34.298561425983195,percent,1400,,جدول 6,sci_urban_household_cpi_inflation_national_provincial_1381_1405.xlsx
1405,مسکن,annual_inflation,,percent,1400,blank,جدول 6,sci_urban_household_cpi_inflation_national_provincial_1381_1405.xlsx
1382,اجاره,annual_inflation,18.17697003438306,percent,1400,,جدول 6,sci_urban_household_cpi_inflation_national_provincial_1381_1405.xlsx
1383,اجاره,annual_inflation,18.268453195422026,percent,1400,,جدول 6,sci_urban_household_cpi_inflation_national_provincial_1381_1405.xlsx
1384,اجاره,annual_inflation,15.797063385752082,percent,1400,,جدول 6,sci_urban_household_cpi_inflation_national_provincial_1381_1405.xlsx
1385,اجاره,annual_inflation,21.331403291278562,percent,1400,,جدول 6,sci_urban_household_cpi_inflation_national_provincial_1381_1405.xlsx
1386,اجاره,annual_inflation,24.421336548802557,percent,1400,,جدول 6,sci_urban_household_cpi_inflation_national_provincial_1381_1405.xlsx
1387,اجاره,annual_inflation,32.58688196964644,percent,1400,,جدول 6,sci_urban_household_cpi_inflation_national_provincial_1381_1405.xlsx
1388,اجاره,annual_inflation,8.343339310304373,percent,1400,,جدول 6,sci_urban_household_cpi_inflation_national_provincial_1381_1405.xlsx
1389,اجاره,annual_inflation,6.14466537176375,percent,1400,,جدول 6,sci_urban_household_cpi_inflation_national_provincial_1381_1405.xlsx
1390,اجاره,annual_inflation,10.461402189835425,percent,1400,,جدول 6,sci_urban_household_cpi_inflation_national_provincial_1381_1405.xlsx
1391,اجاره,annual_inflation,17.78466455509698,percent,1400,,جدول 6,sci_urban_household_cpi_inflation_national_provincial_1381_1405.xlsx
1392,اجاره,annual_inflation,21.737616269232205,percent,1400,,جدول 6,sci_urban_household_cpi_inflation_national_provincial_1381_1405.xlsx
1393,اجاره,annual_inflation,16.928632541347795,percent,1400,,جدول 6,sci_urban_household_cpi_inflation_national_provincial_1381_1405.xlsx
1394,اجاره,annual_inflation,11.256398620194545,percent,1400,,جدول 6,sci_urban_household_cpi_inflation_national_provincial_1381_1405.xlsx
1395,اجاره,annual_inflation,4.806713571555136,percent,1400,,جدول 6,sci_urban_household_cpi_inflation_national_provincial_1381_1405.xlsx
1396,اجاره,annual_inflation,6.918609809852995,percent,1400,,جدول 6,sci_urban_household_cpi_inflation_national_provincial_1381_1405.xlsx
1397,اجاره,annual_inflation,18.821248426370744,percent,1400,,جدول 6,sci_urban_household_cpi_inflation_national_provincial_1381_1405.xlsx
1398,اجاره,annual_inflation,23.196557778773894,percent,1400,,جدول 6,sci_urban_household_cpi_inflation_national_provincial_1381_1405.xlsx
1399,اجاره,annual_inflation,27.48356204977229,percent,1400,,جدول 6,sci_urban_household_cpi_inflation_national_provincial_1381_1405.xlsx
1400,اجاره,annual_inflation,26.861614480284118,percent,1400,,جدول 6,sci_urban_household_cpi_inflation_national_provincial_1381_1405.xlsx
1401,اجاره,annual_inflation,32.87026098492717,percent,1400,,جدول 6,sci_urban_household_cpi_inflation_national_provincial_1381_1405.xlsx
1402,اجاره,annual_inflation,39.3825926100688,percent,1400,,جدول 6,sci_urban_household_cpi_inflation_national_provincial_1381_1405.xlsx
1403,اجاره,annual_inflation,40.17117133213307,percent,1400,,جدول 6,sci_urban_household_cpi_inflation_national_provincial_1381_1405.xlsx
1404,اجاره,annual_inflation,34.104247139205256,percent,1400,,جدول 6,sci_urban_household_cpi_inflation_national_provincial_1381_1405.xlsx
1405,اجاره,annual_inflation,,percent,1400,blank,جدول 6,sci_urban_household_cpi_inflation_national_provincial_1381_1405.xlsx
1382,043 - خدمات نگهداری و تعمیر واحد مسکونی (خدمت ),annual_inflation,17.859921647594405,percent,1400,,جدول 6,sci_urban_household_cpi_inflation_national_provincial_1381_1405.xlsx
1383,043 - خدمات نگهداری و تعمیر واحد مسکونی (خدمت ),annual_inflation,18.221328557276962,percent,1400,,جدول 6,sci_urban_household_cpi_inflation_national_provincial_1381_1405.xlsx
1384,043 - خدمات نگهداری و تعمیر واحد مسکونی (خدمت ),annual_inflation,13.930307490565184,percent,1400,,جدول 6,sci_urban_household_cpi_inflation_national_provincial_1381_1405.xlsx
1385,043 - خدمات نگهداری و تعمیر واحد مسکونی (خدمت ),annual_inflation,9.857584702335089,percent,1400,,جدول 6,sci_urban_household_cpi_inflation_national_provincial_1381_1405.xlsx
1386,043 - خدمات نگهداری و تعمیر واحد مسکونی (خدمت ),annual_inflation,20.76397193280195,percent,1400,,جدول 6,sci_urban_household_cpi_inflation_national_provincial_1381_1405.xlsx
1387,043 - خدمات نگهداری و تعمیر واحد مسکونی (خدمت ),annual_inflation,26.753428528849966,percent,1400,,جدول 6,sci_urban_household_cpi_inflation_national_provincial_1381_1405.xlsx
1388,043 - خدمات نگهداری و تعمیر واحد مسکونی (خدمت ),annual_inflation,8.627687513409896,percent,1400,,جدول 6,sci_urban_household_cpi_inflation_national_provincial_1381_1405.xlsx
1389,043 - خدمات نگهداری و تعمیر واحد مسکونی (خدمت ),annual_inflation,9.258281871231205,percent,1400,,جدول 6,sci_urban_household_cpi_inflation_national_provincial_1381_1405.xlsx
1390,043 - خدمات نگهداری و تعمیر واحد مسکونی (خدمت ),annual_inflation,16.42832708148623,percent,1400,,جدول 6,sci_urban_household_cpi_inflation_national_provincial_1381_1405.xlsx
1391,043 - خدمات نگهداری و تعمیر واحد مسکونی (خدمت ),annual_inflation,31.202094261272777,percent,1400,,جدول 6,sci_urban_household_cpi_inflation_national_provincial_1381_1405.xlsx
1392,043 - خدمات نگهداری و تعمیر واحد مسکونی (خدمت ),annual_inflation,32.90652670146437,percent,1400,,جدول 6,sci_urban_household_cpi_inflation_national_provincial_1381_1405.xlsx
1393,043 - خدمات نگهداری و تعمیر واحد مسکونی (خدمت ),annual_inflation,18.916406013081357,percent,1400,,جدول 6,sci_urban_household_cpi_inflation_national_provincial_1381_1405.xlsx
1394,043 - خدمات نگهداری و تعمیر واحد مسکونی (خدمت ),annual_inflation,11.890526547260478,percent,1400,,جدول 6,sci_urban_household_cpi_inflation_national_provincial_1381_1405.xlsx
1395,043 - خدمات نگهداری و تعمیر واحد مسکونی (خدمت ),annual_inflation,8.210547591505346,percent,1400,,جدول 6,sci_urban_household_cpi_inflation_national_provincial_1381_1405.xlsx
1396,043 - خدمات نگهداری و تعمیر واحد مسکونی (خدمت ),annual_inflation,6.490255046168542,percent,1400,,جدول 6,sci_urban_household_cpi_inflation_national_provincial_1381_1405.xlsx
1397,043 - خدمات نگهداری و تعمیر واحد مسکونی (خدمت ),annual_inflation,20.87666331818778,percent,1400,,جدول 6,sci_urban_household_cpi_inflation_national_provincial_1381_1405.xlsx
1398,043 - خدمات نگهداری و تعمیر واحد مسکونی (خدمت ),annual_inflation,29.90751539823134,percent,1400,,جدول 6,sci_urban_household_cpi_inflation_national_provincial_1381_1405.xlsx
1399,043 - خدمات نگهداری و تعمیر واحد مسکونی (خدمت ),annual_inflation,36.43757099417962,percent,1400,,جدول 6,sci_urban_household_cpi_inflation_national_provincial_1381_1405.xlsx
1400,043 - خدمات نگهداری و تعمیر واحد مسکونی (خدمت ),annual_inflation,40.77096292143412,percent,1400,,جدول 6,sci_urban_household_cpi_inflation_national_provincial_1381_1405.xlsx
1401,043 - خدمات نگهداری و تعمیر واحد مسکونی (خدمت ),annual_inflation,46.45410995494095,percent,1400,,جدول 6,sci_urban_household_cpi_inflation_national_provincial_1381_1405.xlsx
1402,043 - خدمات نگهداری و تعمیر واحد مسکونی (خدمت ),annual_inflation,51.614810853867056,percent,1400,,جدول 6,sci_urban_household_cpi_inflation_national_provincial_1381_1405.xlsx
1403,043 - خدمات نگهداری و تعمیر واحد مسکونی (خدمت ),annual_inflation,39.207319134883534,percent,1400,,جدول 6,sci_urban_household_cpi_inflation_national_provincial_1381_1405.xlsx
1404,043 - خدمات نگهداری و تعمیر واحد مسکونی (خدمت ),annual_inflation,51.42915314866866,percent,1400,,جدول 6,sci_urban_household_cpi_inflation_national_provincial_1381_1405.xlsx
1405,043 - خدمات نگهداری و تعمیر واحد مسکونی (خدمت ),annual_inflation,,percent,1400,blank,جدول 6,sci_urban_household_cpi_inflation_national_provincial_1381_1405.xlsx
1382,آب ، برق و سوخت,annual_inflation,14.412722934717252,percent,1400,,جدول 6,sci_urban_household_cpi_inflation_national_provincial_1381_1405.xlsx
1383,آب ، برق و سوخت,annual_inflation,11.197051589142532,percent,1400,,جدول 6,sci_urban_household_cpi_inflation_national_provincial_1381_1405.xlsx
1384,آب ، برق و سوخت,annual_inflation,2.7878970403581604,percent,1400,,جدول 6,sci_urban_household_cpi_inflation_national_provincial_1381_1405.xlsx
1385,آب ، برق و سوخت,annual_inflation,1.6548144719579057,percent,1400,,جدول 6,sci_urban_household_cpi_inflation_national_provincial_1381_1405.xlsx
1386,آب ، برق و سوخت,annual_inflation,1.7395079284501662,percent,1400,,جدول 6,sci_urban_household_cpi_inflation_national_provincial_1381_1405.xlsx
1387,آب ، برق و سوخت,annual_inflation,2.86783283662551,percent,1400,,جدول 6,sci_urban_household_cpi_inflation_national_provincial_1381_1405.xlsx
1388,آب ، برق و سوخت,annual_inflation,3.0402048017527363,percent,1400,,جدول 6,sci_urban_household_cpi_inflation_national_provincial_1381_1405.xlsx
1389,آب ، برق و سوخت,annual_inflation,65.24728311804645,percent,1400,,جدول 6,sci_urban_household_cpi_inflation_national_provincial_1381_1405.xlsx
1390,آب ، برق و سوخت,annual_inflation,234.89215710630458,percent,1400,,جدول 6,sci_urban_household_cpi_inflation_national_provincial_1381_1405.xlsx
1391,آب ، برق و سوخت,annual_inflation,19.442658730011274,percent,1400,,جدول 6,sci_urban_household_cpi_inflation_national_provincial_1381_1405.xlsx
1392,آب ، برق و سوخت,annual_inflation,7.516048513031805,percent,1400,,جدول 6,sci_urban_household_cpi_inflation_national_provincial_1381_1405.xlsx
1393,آب ، برق و سوخت,annual_inflation,24.54672470499662,percent,1400,,جدول 6,sci_urban_household_cpi_inflation_national_provincial_1381_1405.xlsx
1394,آب ، برق و سوخت,annual_inflation,34.71270219407822,percent,1400,,جدول 6,sci_urban_household_cpi_inflation_national_provincial_1381_1405.xlsx
1395,آب ، برق و سوخت,annual_inflation,11.954360887759591,percent,1400,,جدول 6,sci_urban_household_cpi_inflation_national_provincial_1381_1405.xlsx
1396,آب ، برق و سوخت,annual_inflation,9.910876197686974,percent,1400,,جدول 6,sci_urban_household_cpi_inflation_national_provincial_1381_1405.xlsx
1397,آب ، برق و سوخت,annual_inflation,5.672652544498618,percent,1400,,جدول 6,sci_urban_household_cpi_inflation_national_provincial_1381_1405.xlsx
1398,آب ، برق و سوخت,annual_inflation,30.254726953328827,percent,1400,,جدول 6,sci_urban_household_cpi_inflation_national_provincial_1381_1405.xlsx
1399,آب ، برق و سوخت,annual_inflation,9.563432482244536,percent,1400,,جدول 6,sci_urban_household_cpi_inflation_national_provincial_1381_1405.xlsx
1400,آب ، برق و سوخت,annual_inflation,24.621880495292416,percent,1400,,جدول 6,sci_urban_household_cpi_inflation_national_provincial_1381_1405.xlsx
1401,آب ، برق و سوخت,annual_inflation,22.016770557050734,percent,1400,,جدول 6,sci_urban_household_cpi_inflation_national_provincial_1381_1405.xlsx
1402,آب ، برق و سوخت,annual_inflation,30.866189511030143,percent,1400,,جدول 6,sci_urban_household_cpi_inflation_national_provincial_1381_1405.xlsx
1403,آب ، برق و سوخت,annual_inflation,30.846059225389865,percent,1400,,جدول 6,sci_urban_household_cpi_inflation_national_provincial_1381_1405.xlsx
1404,آب ، برق و سوخت,annual_inflation,65.6852157477266,percent,1400,,جدول 6,sci_urban_household_cpi_inflation_national_provincial_1381_1405.xlsx
1405,آب ، برق و سوخت,annual_inflation,,percent,1400,blank,جدول 6,sci_urban_household_cpi_inflation_national_provincial_1381_1405.xlsx
1382,05 - مبلمان و لوازم خانگی و نگهداری معمول آنها,annual_inflation,7.931694558421981,percent,1400,,جدول 6,sci_urban_household_cpi_inflation_national_provincial_1381_1405.xlsx
1383,05 - مبلمان و لوازم خانگی و نگهداری معمول آنها,annual_inflation,13.225412585961749,percent,1400,,جدول 6,sci_urban_household_cpi_inflation_national_provincial_1381_1405.xlsx
1384,05 - مبلمان و لوازم خانگی و نگهداری معمول آنها,annual_inflation,12.606178251895514,percent,1400,,جدول 6,sci_urban_household_cpi_inflation_national_provincial_1381_1405.xlsx
1385,05 - مبلمان و لوازم خانگی و نگهداری معمول آنها,annual_inflation,8.420408769475003,percent,1400,,جدول 6,sci_urban_household_cpi_inflation_national_provincial_1381_1405.xlsx
1386,05 - مبلمان و لوازم خانگی و نگهداری معمول آنها,annual_inflation,10.580117745665689,percent,1400,,جدول 6,sci_urban_household_cpi_inflation_national_provincial_1381_1405.xlsx
1387,05 - مبلمان و لوازم خانگی و نگهداری معمول آنها,annual_inflation,22.430157392474186,percent,1400,,جدول 6,sci_urban_household_cpi_inflation_national_provincial_1381_1405.xlsx
1388,05 - مبلمان و لوازم خانگی و نگهداری معمول آنها,annual_inflation,6.5661175786254375,percent,1400,,جدول 6,sci_urban_household_cpi_inflation_national_provincial_1381_1405.xlsx
1389,05 - مبلمان و لوازم خانگی و نگهداری معمول آنها,annual_inflation,6.651005869848021,percent,1400,,جدول 6,sci_urban_household_cpi_inflation_national_provincial_1381_1405.xlsx
1390,05 - مبلمان و لوازم خانگی و نگهداری معمول آنها,annual_inflation,12.298104115502895,percent,1400,,جدول 6,sci_urban_household_cpi_inflation_national_provincial_1381_1405.xlsx
1391,05 - مبلمان و لوازم خانگی و نگهداری معمول آنها,annual_inflation,38.02470674571779,percent,1400,,جدول 6,sci_urban_household_cpi_inflation_national_provincial_1381_1405.xlsx
1392,05 - مبلمان و لوازم خانگی و نگهداری معمول آنها,annual_inflation,44.65213334425826,percent,1400,,جدول 6,sci_urban_household_cpi_inflation_national_provincial_1381_1405.xlsx
1393,05 - مبلمان و لوازم خانگی و نگهداری معمول آنها,annual_inflation,10.819609886567136,percent,1400,,جدول 6,sci_urban_household_cpi_inflation_national_provincial_1381_1405.xlsx
1394,05 - مبلمان و لوازم خانگی و نگهداری معمول آنها,annual_inflation,6.358586128085747,percent,1400,,جدول 6,sci_urban_household_cpi_inflation_national_provincial_1381_1405.xlsx
1395,05 - مبلمان و لوازم خانگی و نگهداری معمول آنها,annual_inflation,4.384169893601197,percent,1400,,جدول 6,sci_urban_household_cpi_inflation_national_provincial_1381_1405.xlsx
1396,05 - مبلمان و لوازم خانگی و نگهداری معمول آنها,annual_inflation,5.420464289108267,percent,1400,,جدول 6,sci_urban_household_cpi_inflation_national_provincial_1381_1405.xlsx
1397,05 - مبلمان و لوازم خانگی و نگهداری معمول آنها,annual_inflation,41.891307017279615,percent,1400,,جدول 6,sci_urban_household_cpi_inflation_national_provincial_1381_1405.xlsx
1398,05 - مبلمان و لوازم خانگی و نگهداری معمول آنها,annual_inflation,48.34353373062896,percent,1400,,جدول 6,sci_urban_household_cpi_inflation_national_provincial_1381_1405.xlsx
1399,05 - مبلمان و لوازم خانگی و نگهداری معمول آنها,annual_inflation,45.968806810326186,percent,1400,,جدول 6,sci_urban_household_cpi_inflation_national_provincial_1381_1405.xlsx
1400,05 - مبلمان و لوازم خانگی و نگهداری معمول آنها,annual_inflation,46.421867868345004,percent,1400,,جدول 6,sci_urban_household_cpi_inflation_national_provincial_1381_1405.xlsx
1401,05 - مبلمان و لوازم خانگی و نگهداری معمول آنها,annual_inflation,34.805686727426576,percent,1400,,جدول 6,sci_urban_household_cpi_inflation_national_provincial_1381_1405.xlsx
1402,05 - مبلمان و لوازم خانگی و نگهداری معمول آنها,annual_inflation,36.692123274867356,percent,1400,,جدول 6,sci_urban_household_cpi_inflation_national_provincial_1381_1405.xlsx
1403,05 - مبلمان و لوازم خانگی و نگهداری معمول آنها,annual_inflation,27.01697136028993,percent,1400,,جدول 6,sci_urban_household_cpi_inflation_national_provincial_1381_1405.xlsx
1404,05 - مبلمان و لوازم خانگی و نگهداری معمول آنها,annual_inflation,49.95305294987634,percent,1400,,جدول 6,sci_urban_household_cpi_inflation_national_provincial_1381_1405.xlsx
1405,05 - مبلمان و لوازم خانگی و نگهداری معمول آنها,annual_inflation,,percent,1400,blank,جدول 6,sci_urban_household_cpi_inflation_national_provincial_1381_1405.xlsx
1382,06 - بهداشت و درمان,annual_inflation,13.664222857944466,percent,1400,,جدول 6,sci_urban_household_cpi_inflation_national_provincial_1381_1405.xlsx
1383,06 - بهداشت و درمان,annual_inflation,14.928514694085408,percent,1400,,جدول 6,sci_urban_household_cpi_inflation_national_provincial_1381_1405.xlsx
1384,06 - بهداشت و درمان,annual_inflation,19.207330651955232,percent,1400,,جدول 6,sci_urban_household_cpi_inflation_national_provincial_1381_1405.xlsx
1385,06 - بهداشت و درمان,annual_inflation,16.338522034454627,percent,1400,,جدول 6,sci_urban_household_cpi_inflation_national_provincial_1381_1405.xlsx
1386,06 - بهداشت و درمان,annual_inflation,11.195910353231156,percent,1400,,جدول 6,sci_urban_household_cpi_inflation_national_provincial_1381_1405.xlsx
1387,06 - بهداشت و درمان,annual_inflation,14.846900948560318,percent,1400,,جدول 6,sci_urban_household_cpi_inflation_national_provincial_1381_1405.xlsx
1388,06 - بهداشت و درمان,annual_inflation,10.232431706156305,percent,1400,,جدول 6,sci_urban_household_cpi_inflation_national_provincial_1381_1405.xlsx
1389,06 - بهداشت و درمان,annual_inflation,12.095884878415802,percent,1400,,جدول 6,sci_urban_household_cpi_inflation_national_provincial_1381_1405.xlsx
1390,06 - بهداشت و درمان,annual_inflation,11.058929094791097,percent,1400,,جدول 6,sci_urban_household_cpi_inflation_national_provincial_1381_1405.xlsx
1391,06 - بهداشت و درمان,annual_inflation,21.45495793365481,percent,1400,,جدول 6,sci_urban_household_cpi_inflation_national_provincial_1381_1405.xlsx
1392,06 - بهداشت و درمان,annual_inflation,38.80575935447348,percent,1400,,جدول 6,sci_urban_household_cpi_inflation_national_provincial_1381_1405.xlsx
1393,06 - بهداشت و درمان,annual_inflation,20.856684462473112,percent,1400,,جدول 6,sci_urban_household_cpi_inflation_national_provincial_1381_1405.xlsx
1394,06 - بهداشت و درمان,annual_inflation,15.032184943727373,percent,1400,,جدول 6,sci_urban_household_cpi_inflation_national_provincial_1381_1405.xlsx
1395,06 - بهداشت و درمان,annual_inflation,9.122877196331757,percent,1400,,جدول 6,sci_urban_household_cpi_inflation_national_provincial_1381_1405.xlsx
1396,06 - بهداشت و درمان,annual_inflation,7.161079072602234,percent,1400,,جدول 6,sci_urban_household_cpi_inflation_national_provincial_1381_1405.xlsx
1397,06 - بهداشت و درمان,annual_inflation,17.27810509956717,percent,1400,,جدول 6,sci_urban_household_cpi_inflation_national_provincial_1381_1405.xlsx
1398,06 - بهداشت و درمان,annual_inflation,25.918283158508572,percent,1400,,جدول 6,sci_urban_household_cpi_inflation_national_provincial_1381_1405.xlsx
1399,06 - بهداشت و درمان,annual_inflation,29.703810531776753,percent,1400,,جدول 6,sci_urban_household_cpi_inflation_national_provincial_1381_1405.xlsx
1400,06 - بهداشت و درمان,annual_inflation,38.565360881461515,percent,1400,,جدول 6,sci_urban_household_cpi_inflation_national_provincial_1381_1405.xlsx
1401,06 - بهداشت و درمان,annual_inflation,43.519717303550635,percent,1400,,جدول 6,sci_urban_household_cpi_inflation_national_provincial_1381_1405.xlsx
1402,06 - بهداشت و درمان,annual_inflation,43.297025942456,percent,1400,,جدول 6,sci_urban_household_cpi_inflation_national_provincial_1381_1405.xlsx
1403,06 - بهداشت و درمان,annual_inflation,29.208454123086284,percent,1400,,جدول 6,sci_urban_household_cpi_inflation_national_provincial_1381_1405.xlsx
1404,06 - بهداشت و درمان,annual_inflation,48.88415578223655,percent,1400,,جدول 6,sci_urban_household_cpi_inflation_national_provincial_1381_1405.xlsx
1405,06 - بهداشت و درمان,annual_inflation,,percent,1400,blank,جدول 6,sci_urban_household_cpi_inflation_national_provincial_1381_1405.xlsx
1382,07 - حمل ونقل,annual_inflation,10.00980972333005,percent,1400,,جدول 6,sci_urban_household_cpi_inflation_national_provincial_1381_1405.xlsx
1383,07 - حمل ونقل,annual_inflation,9.9583593532073,percent,1400,,جدول 6,sci_urban_household_cpi_inflation_national_provincial_1381_1405.xlsx
1384,07 - حمل ونقل,annual_inflation,6.55235740775781,percent,1400,,جدول 6,sci_urban_household_cpi_inflation_national_provincial_1381_1405.xlsx
1385,07 - حمل ونقل,annual_inflation,6.191945183256877,percent,1400,,جدول 6,sci_urban_household_cpi_inflation_national_provincial_1381_1405.xlsx
1386,07 - حمل ونقل,annual_inflation,11.06213479900022,percent,1400,,جدول 6,sci_urban_household_cpi_inflation_national_provincial_1381_1405.xlsx
1387,07 - حمل ونقل,annual_inflation,13.329200330185898,percent,1400,,جدول 6,sci_urban_household_cpi_inflation_national_provincial_1381_1405.xlsx
1388,07 - حمل ونقل,annual_inflation,4.814408079515914,percent,1400,,جدول 6,sci_urban_household_cpi_inflation_national_provincial_1381_1405.xlsx
1389,07 - حمل ونقل,annual_inflation,12.591884214924505,percent,1400,,جدول 6,sci_urban_household_cpi_inflation_national_provincial_1381_1405.xlsx
1390,07 - حمل ونقل,annual_inflation,21.29453400711789,percent,1400,,جدول 6,sci_urban_household_cpi_inflation_national_provincial_1381_1405.xlsx
1391,07 - حمل ونقل,annual_inflation,22.442963151504955,percent,1400,,جدول 6,sci_urban_household_cpi_inflation_national_provincial_1381_1405.xlsx
1392,07 - حمل ونقل,annual_inflation,33.70268010083194,percent,1400,,جدول 6,sci_urban_household_cpi_inflation_national_provincial_1381_1405.xlsx
1393,07 - حمل ونقل,annual_inflation,23.544774832954047,percent,1400,,جدول 6,sci_urban_household_cpi_inflation_national_provincial_1381_1405.xlsx
1394,07 - حمل ونقل,annual_inflation,9.993695438436816,percent,1400,,جدول 6,sci_urban_household_cpi_inflation_national_provincial_1381_1405.xlsx
1395,07 - حمل ونقل,annual_inflation,5.309763550260357,percent,1400,,جدول 6,sci_urban_household_cpi_inflation_national_provincial_1381_1405.xlsx
1396,07 - حمل ونقل,annual_inflation,4.860706965546484,percent,1400,,جدول 6,sci_urban_household_cpi_inflation_national_provincial_1381_1405.xlsx
1397,07 - حمل ونقل,annual_inflation,28.105322509455277,percent,1400,,جدول 6,sci_urban_household_cpi_inflation_national_provincial_1381_1405.xlsx
1398,07 - حمل ونقل,annual_inflation,47.222695837968814,percent,1400,,جدول 6,sci_urban_household_cpi_inflation_national_provincial_1381_1405.xlsx
1399,07 - حمل ونقل,annual_inflation,66.78233395931477,percent,1400,,جدول 6,sci_urban_household_cpi_inflation_national_provincial_1381_1405.xlsx
1400,07 - حمل ونقل,annual_inflation,37.73444417527057,percent,1400,,جدول 6,sci_urban_household_cpi_inflation_national_provincial_1381_1405.xlsx
1401,07 - حمل ونقل,annual_inflation,35.72764184067714,percent,1400,,جدول 6,sci_urban_household_cpi_inflation_national_provincial_1381_1405.xlsx
1402,07 - حمل ونقل,annual_inflation,42.14225984531714,percent,1400,,جدول 6,sci_urban_household_cpi_inflation_national_provincial_1381_1405.xlsx
1403,07 - حمل ونقل,annual_inflation,27.794888187930837,percent,1400,,جدول 6,sci_urban_household_cpi_inflation_national_provincial_1381_1405.xlsx
1404,07 - حمل ونقل,annual_inflation,43.48768702415515,percent,1400,,جدول 6,sci_urban_household_cpi_inflation_national_provincial_1381_1405.xlsx
1405,07 - حمل ونقل,annual_inflation,,percent,1400,blank,جدول 6,sci_urban_household_cpi_inflation_national_provincial_1381_1405.xlsx
1382,071 - خرید وسایل نقلیه,annual_inflation,1.732882831359703,percent,1400,,جدول 6,sci_urban_household_cpi_inflation_national_provincial_1381_1405.xlsx
1383,071 - خرید وسایل نقلیه,annual_inflation,3.109273093966536,percent,1400,,جدول 6,sci_urban_household_cpi_inflation_national_provincial_1381_1405.xlsx
1384,071 - خرید وسایل نقلیه,annual_inflation,4.401311264002004,percent,1400,,جدول 6,sci_urban_household_cpi_inflation_national_provincial_1381_1405.xlsx
1385,071 - خرید وسایل نقلیه,annual_inflation,2.7117591491427646,percent,1400,,جدول 6,sci_urban_household_cpi_inflation_national_provincial_1381_1405.xlsx
1386,071 - خرید وسایل نقلیه,annual_inflation,6.839480715224241,percent,1400,,جدول 6,sci_urban_household_cpi_inflation_national_provincial_1381_1405.xlsx
1387,071 - خرید وسایل نقلیه,annual_inflation,10.799782952369867,percent,1400,,جدول 6,sci_urban_household_cpi_inflation_national_provincial_1381_1405.xlsx
1388,071 - خرید وسایل نقلیه,annual_inflation,0.970708302493037,percent,1400,,جدول 6,sci_urban_household_cpi_inflation_national_provincial_1381_1405.xlsx
1389,071 - خرید وسایل نقلیه,annual_inflation,4.96689208928187,percent,1400,,جدول 6,sci_urban_household_cpi_inflation_national_provincial_1381_1405.xlsx
1390,071 - خرید وسایل نقلیه,annual_inflation,3.990443999249706,percent,1400,,جدول 6,sci_urban_household_cpi_inflation_national_provincial_1381_1405.xlsx
1391,071 - خرید وسایل نقلیه,annual_inflation,31.227650720056744,percent,1400,,جدول 6,sci_urban_household_cpi_inflation_national_provincial_1381_1405.xlsx
1392,071 - خرید وسایل نقلیه,annual_inflation,43.91194625083807,percent,1400,,جدول 6,sci_urban_household_cpi_inflation_national_provincial_1381_1405.xlsx
1393,071 - خرید وسایل نقلیه,annual_inflation,15.220213091523263,percent,1400,,جدول 6,sci_urban_household_cpi_inflation_national_provincial_1381_1405.xlsx
1394,071 - خرید وسایل نقلیه,annual_inflation,1.0561257440290035,percent,1400,,جدول 6,sci_urban_household_cpi_inflation_national_provincial_1381_1405.xlsx
1395,071 - خرید وسایل نقلیه,annual_inflation,2.495720020022034,percent,1400,,جدول 6,sci_urban_household_cpi_inflation_national_provincial_1381_1405.xlsx
1396,071 - خرید وسایل نقلیه,annual_inflation,4.463866850376036,percent,1400,,جدول 6,sci_urban_household_cpi_inflation_national_provincial_1381_1405.xlsx
1397,071 - خرید وسایل نقلیه,annual_inflation,53.7615301182681,percent,1400,,جدول 6,sci_urban_household_cpi_inflation_national_provincial_1381_1405.xlsx
1398,071 - خرید وسایل نقلیه,annual_inflation,64.76675325834069,percent,1400,,جدول 6,sci_urban_household_cpi_inflation_national_provincial_1381_1405.xlsx
1399,071 - خرید وسایل نقلیه,annual_inflation,101.81242734664013,percent,1400,,جدول 6,sci_urban_household_cpi_inflation_national_provincial_1381_1405.xlsx
1400,071 - خرید وسایل نقلیه,annual_inflation,45.71775249636045,percent,1400,,جدول 6,sci_urban_household_cpi_inflation_national_provincial_1381_1405.xlsx
1401,071 - خرید وسایل نقلیه,annual_inflation,44.51046872452616,percent,1400,,جدول 6,sci_urban_household_cpi_inflation_national_provincial_1381_1405.xlsx
1402,071 - خرید وسایل نقلیه,annual_inflation,42.77352123689852,percent,1400,,جدول 6,sci_urban_household_cpi_inflation_national_provincial_1381_1405.xlsx
1403,071 - خرید وسایل نقلیه,annual_inflation,20.163433903322442,percent,1400,,جدول 6,sci_urban_household_cpi_inflation_national_provincial_1381_1405.xlsx
1404,071 - خرید وسایل نقلیه,annual_inflation,39.5802674377546,percent,1400,,جدول 6,sci_urban_household_cpi_inflation_national_provincial_1381_1405.xlsx
1405,071 - خرید وسایل نقلیه,annual_inflation,,percent,1400,blank,جدول 6,sci_urban_household_cpi_inflation_national_provincial_1381_1405.xlsx
1382,072 - استفاده از وسایل حمل ونقل شخصی,annual_inflation,20.670900172769052,percent,1400,,جدول 6,sci_urban_household_cpi_inflation_national_provincial_1381_1405.xlsx
1383,072 - استفاده از وسایل حمل ونقل شخصی,annual_inflation,19.754549378779757,percent,1400,,جدول 6,sci_urban_household_cpi_inflation_national_provincial_1381_1405.xlsx
1384,072 - استفاده از وسایل حمل ونقل شخصی,annual_inflation,7.574290945850777,percent,1400,,جدول 6,sci_urban_household_cpi_inflation_national_provincial_1381_1405.xlsx
1385,072 - استفاده از وسایل حمل ونقل شخصی,annual_inflation,6.761589713655638,percent,1400,,جدول 6,sci_urban_household_cpi_inflation_national_provincial_1381_1405.xlsx
1386,072 - استفاده از وسایل حمل ونقل شخصی,annual_inflation,15.476949053899531,percent,1400,,جدول 6,sci_urban_household_cpi_inflation_national_provincial_1381_1405.xlsx
1387,072 - استفاده از وسایل حمل ونقل شخصی,annual_inflation,13.409424436655272,percent,1400,,جدول 6,sci_urban_household_cpi_inflation_national_provincial_1381_1405.xlsx
1388,072 - استفاده از وسایل حمل ونقل شخصی,annual_inflation,5.9611682765378475,percent,1400,,جدول 6,sci_urban_household_cpi_inflation_national_provincial_1381_1405.xlsx
1389,072 - استفاده از وسایل حمل ونقل شخصی,annual_inflation,20.00532535781072,percent,1400,,جدول 6,sci_urban_household_cpi_inflation_national_provincial_1381_1405.xlsx
1390,072 - استفاده از وسایل حمل ونقل شخصی,annual_inflation,45.72100273649306,percent,1400,,جدول 6,sci_urban_household_cpi_inflation_national_provincial_1381_1405.xlsx
1391,072 - استفاده از وسایل حمل ونقل شخصی,annual_inflation,13.151461860315322,percent,1400,,جدول 6,sci_urban_household_cpi_inflation_national_provincial_1381_1405.xlsx
1392,072 - استفاده از وسایل حمل ونقل شخصی,annual_inflation,19.583018996820726,percent,1400,,جدول 6,sci_urban_household_cpi_inflation_national_provincial_1381_1405.xlsx
1393,072 - استفاده از وسایل حمل ونقل شخصی,annual_inflation,32.365955419673895,percent,1400,,جدول 6,sci_urban_household_cpi_inflation_national_provincial_1381_1405.xlsx
1394,072 - استفاده از وسایل حمل ونقل شخصی,annual_inflation,14.505608961703345,percent,1400,,جدول 6,sci_urban_household_cpi_inflation_national_provincial_1381_1405.xlsx
1395,072 - استفاده از وسایل حمل ونقل شخصی,annual_inflation,4.381713533555313,percent,1400,,جدول 6,sci_urban_household_cpi_inflation_national_provincial_1381_1405.xlsx
1396,072 - استفاده از وسایل حمل ونقل شخصی,annual_inflation,3.3982385767854026,percent,1400,,جدول 6,sci_urban_household_cpi_inflation_national_provincial_1381_1405.xlsx
1397,072 - استفاده از وسایل حمل ونقل شخصی,annual_inflation,14.822676845017241,percent,1400,,جدول 6,sci_urban_household_cpi_inflation_national_provincial_1381_1405.xlsx
1398,072 - استفاده از وسایل حمل ونقل شخصی,annual_inflation,39.25538842799398,percent,1400,,جدول 6,sci_urban_household_cpi_inflation_national_provincial_1381_1405.xlsx
1399,072 - استفاده از وسایل حمل ونقل شخصی,annual_inflation,44.28751672965086,percent,1400,,جدول 6,sci_urban_household_cpi_inflation_national_provincial_1381_1405.xlsx
1400,072 - استفاده از وسایل حمل ونقل شخصی,annual_inflation,21.487209335865415,percent,1400,,جدول 6,sci_urban_household_cpi_inflation_national_provincial_1381_1405.xlsx
1401,072 - استفاده از وسایل حمل ونقل شخصی,annual_inflation,24.223782632485083,percent,1400,,جدول 6,sci_urban_household_cpi_inflation_national_provincial_1381_1405.xlsx
1402,072 - استفاده از وسایل حمل ونقل شخصی,annual_inflation,34.023712822120046,percent,1400,,جدول 6,sci_urban_household_cpi_inflation_national_provincial_1381_1405.xlsx
1403,072 - استفاده از وسایل حمل ونقل شخصی,annual_inflation,21.96085478374961,percent,1400,,جدول 6,sci_urban_household_cpi_inflation_national_provincial_1381_1405.xlsx
1404,072 - استفاده از وسایل حمل ونقل شخصی,annual_inflation,36.86334757880715,percent,1400,,جدول 6,sci_urban_household_cpi_inflation_national_provincial_1381_1405.xlsx
1405,072 - استفاده از وسایل حمل ونقل شخصی,annual_inflation,,percent,1400,blank,جدول 6,sci_urban_household_cpi_inflation_national_provincial_1381_1405.xlsx
1382,073 - خدمات حمل ونقل عمومی,annual_inflation,25.19878165966456,percent,1400,,جدول 6,sci_urban_household_cpi_inflation_national_provincial_1381_1405.xlsx
1383,073 - خدمات حمل ونقل عمومی,annual_inflation,18.306511482219136,percent,1400,,جدول 6,sci_urban_household_cpi_inflation_national_provincial_1381_1405.xlsx
1384,073 - خدمات حمل ونقل عمومی,annual_inflation,10.139520921155693,percent,1400,,جدول 6,sci_urban_household_cpi_inflation_national_provincial_1381_1405.xlsx
1385,073 - خدمات حمل ونقل عمومی,annual_inflation,12.50224952139338,percent,1400,,جدول 6,sci_urban_household_cpi_inflation_national_provincial_1381_1405.xlsx
1386,073 - خدمات حمل ونقل عمومی,annual_inflation,15.270875990141477,percent,1400,,جدول 6,sci_urban_household_cpi_inflation_national_provincial_1381_1405.xlsx
1387,073 - خدمات حمل ونقل عمومی,annual_inflation,17.424393882810804,percent,1400,,جدول 6,sci_urban_household_cpi_inflation_national_provincial_1381_1405.xlsx
1388,073 - خدمات حمل ونقل عمومی,annual_inflation,9.948851010624324,percent,1400,,جدول 6,sci_urban_household_cpi_inflation_national_provincial_1381_1405.xlsx
1389,073 - خدمات حمل ونقل عمومی,annual_inflation,18.317501410988044,percent,1400,,جدول 6,sci_urban_household_cpi_inflation_national_provincial_1381_1405.xlsx
1390,073 - خدمات حمل ونقل عمومی,annual_inflation,26.009758780589465,percent,1400,,جدول 6,sci_urban_household_cpi_inflation_national_provincial_1381_1405.xlsx
1391,073 - خدمات حمل ونقل عمومی,annual_inflation,21.782847370244525,percent,1400,,جدول 6,sci_urban_household_cpi_inflation_national_provincial_1381_1405.xlsx
1392,073 - خدمات حمل ونقل عمومی,annual_inflation,35.53432318588972,percent,1400,,جدول 6,sci_urban_household_cpi_inflation_national_provincial_1381_1405.xlsx
1393,073 - خدمات حمل ونقل عمومی,annual_inflation,29.355481865746555,percent,1400,,جدول 6,sci_urban_household_cpi_inflation_national_provincial_1381_1405.xlsx
1394,073 - خدمات حمل ونقل عمومی,annual_inflation,21.16155724644682,percent,1400,,جدول 6,sci_urban_household_cpi_inflation_national_provincial_1381_1405.xlsx
1395,073 - خدمات حمل ونقل عمومی,annual_inflation,11.342560308285371,percent,1400,,جدول 6,sci_urban_household_cpi_inflation_national_provincial_1381_1405.xlsx
1396,073 - خدمات حمل ونقل عمومی,annual_inflation,8.488293549911049,percent,1400,,جدول 6,sci_urban_household_cpi_inflation_national_provincial_1381_1405.xlsx
1397,073 - خدمات حمل ونقل عمومی,annual_inflation,20.29031391525173,percent,1400,,جدول 6,sci_urban_household_cpi_inflation_national_provincial_1381_1405.xlsx
1398,073 - خدمات حمل ونقل عمومی,annual_inflation,32.367001668939025,percent,1400,,جدول 6,sci_urban_household_cpi_inflation_national_provincial_1381_1405.xlsx
1399,073 - خدمات حمل ونقل عمومی,annual_inflation,37.24843998557938,percent,1400,,جدول 6,sci_urban_household_cpi_inflation_national_provincial_1381_1405.xlsx
1400,073 - خدمات حمل ونقل عمومی,annual_inflation,47.03780012007303,percent,1400,,جدول 6,sci_urban_household_cpi_inflation_national_provincial_1381_1405.xlsx
1401,073 - خدمات حمل ونقل عمومی,annual_inflation,46.56840620054558,percent,1400,,جدول 6,sci_urban_household_cpi_inflation_national_provincial_1381_1405.xlsx
1402,073 - خدمات حمل ونقل عمومی,annual_inflation,60.35488605818594,percent,1400,,جدول 6,sci_urban_household_cpi_inflation_national_provincial_1381_1405.xlsx
1403,073 - خدمات حمل ونقل عمومی,annual_inflation,56.64716670279333,percent,1400,,جدول 6,sci_urban_household_cpi_inflation_national_provincial_1381_1405.xlsx
1404,073 - خدمات حمل ونقل عمومی,annual_inflation,60.65882025260194,percent,1400,,جدول 6,sci_urban_household_cpi_inflation_national_provincial_1381_1405.xlsx
1405,073 - خدمات حمل ونقل عمومی,annual_inflation,,percent,1400,blank,جدول 6,sci_urban_household_cpi_inflation_national_provincial_1381_1405.xlsx
1382,08 - ارتباطات,annual_inflation,10.784797875621337,percent,1400,,جدول 6,sci_urban_household_cpi_inflation_national_provincial_1381_1405.xlsx
1383,08 - ارتباطات,annual_inflation,7.897719050741017,percent,1400,,جدول 6,sci_urban_household_cpi_inflation_national_provincial_1381_1405.xlsx
1384,08 - ارتباطات,annual_inflation,4.083536989749177,percent,1400,,جدول 6,sci_urban_household_cpi_inflation_national_provincial_1381_1405.xlsx
1385,08 - ارتباطات,annual_inflation,0.2662551302312437,percent,1400,,جدول 6,sci_urban_household_cpi_inflation_national_provincial_1381_1405.xlsx
1386,08 - ارتباطات,annual_inflation,0.18872621023864156,percent,1400,,جدول 6,sci_urban_household_cpi_inflation_national_provincial_1381_1405.xlsx
1387,08 - ارتباطات,annual_inflation,0.4792294139955686,percent,1400,,جدول 6,sci_urban_household_cpi_inflation_national_provincial_1381_1405.xlsx
1388,08 - ارتباطات,annual_inflation,1.1180479641915326,percent,1400,,جدول 6,sci_urban_household_cpi_inflation_national_provincial_1381_1405.xlsx
1389,08 - ارتباطات,annual_inflation,0.3739294614821347,percent,1400,,جدول 6,sci_urban_household_cpi_inflation_national_provincial_1381_1405.xlsx
1390,08 - ارتباطات,annual_inflation,3.7353561579565877,percent,1400,,جدول 6,sci_urban_household_cpi_inflation_national_provincial_1381_1405.xlsx
1391,08 - ارتباطات,annual_inflation,7.7301545313745095,percent,1400,,جدول 6,sci_urban_household_cpi_inflation_national_provincial_1381_1405.xlsx
1392,08 - ارتباطات,annual_inflation,10.873380896976158,percent,1400,,جدول 6,sci_urban_household_cpi_inflation_national_provincial_1381_1405.xlsx
1393,08 - ارتباطات,annual_inflation,5.035494202502051,percent,1400,,جدول 6,sci_urban_household_cpi_inflation_national_provincial_1381_1405.xlsx
1394,08 - ارتباطات,annual_inflation,3.170288806286848,percent,1400,,جدول 6,sci_urban_household_cpi_inflation_national_provincial_1381_1405.xlsx
1395,08 - ارتباطات,annual_inflation,1.271019513791245,percent,1400,,جدول 6,sci_urban_household_cpi_inflation_national_provincial_1381_1405.xlsx
1396,08 - ارتباطات,annual_inflation,3.013888235465714,percent,1400,,جدول 6,sci_urban_household_cpi_inflation_national_provincial_1381_1405.xlsx
1397,08 - ارتباطات,annual_inflation,23.436819353887756,percent,1400,,جدول 6,sci_urban_household_cpi_inflation_national_provincial_1381_1405.xlsx
1398,08 - ارتباطات,annual_inflation,15.685221918222524,percent,1400,,جدول 6,sci_urban_household_cpi_inflation_national_provincial_1381_1405.xlsx
1399,08 - ارتباطات,annual_inflation,17.12616712854023,percent,1400,,جدول 6,sci_urban_household_cpi_inflation_national_provincial_1381_1405.xlsx
1400,08 - ارتباطات,annual_inflation,6.672465413509542,percent,1400,,جدول 6,sci_urban_household_cpi_inflation_national_provincial_1381_1405.xlsx
1401,08 - ارتباطات,annual_inflation,11.870786747819096,percent,1400,,جدول 6,sci_urban_household_cpi_inflation_national_provincial_1381_1405.xlsx
1402,08 - ارتباطات,annual_inflation,19.808324668813924,percent,1400,,جدول 6,sci_urban_household_cpi_inflation_national_provincial_1381_1405.xlsx
1403,08 - ارتباطات,annual_inflation,21.33867849996831,percent,1400,,جدول 6,sci_urban_household_cpi_inflation_national_provincial_1381_1405.xlsx
1404,08 - ارتباطات,annual_inflation,36.01175267079239,percent,1400,,جدول 6,sci_urban_household_cpi_inflation_national_provincial_1381_1405.xlsx
1405,08 - ارتباطات,annual_inflation,,percent,1400,blank,جدول 6,sci_urban_household_cpi_inflation_national_provincial_1381_1405.xlsx
1382,09 - تفریح و فرهنگ,annual_inflation,6.384477547631633,percent,1400,,جدول 6,sci_urban_household_cpi_inflation_national_provincial_1381_1405.xlsx
1383,09 - تفریح و فرهنگ,annual_inflation,10.893806513990654,percent,1400,,جدول 6,sci_urban_household_cpi_inflation_national_provincial_1381_1405.xlsx
1384,09 - تفریح و فرهنگ,annual_inflation,9.363621262524319,percent,1400,,جدول 6,sci_urban_household_cpi_inflation_national_provincial_1381_1405.xlsx
1385,09 - تفریح و فرهنگ,annual_inflation,4.770287004894058,percent,1400,,جدول 6,sci_urban_household_cpi_inflation_national_provincial_1381_1405.xlsx
1386,09 - تفریح و فرهنگ,annual_inflation,7.223885771458782,percent,1400,,جدول 6,sci_urban_household_cpi_inflation_national_provincial_1381_1405.xlsx
1387,09 - تفریح و فرهنگ,annual_inflation,9.136775491001359,percent,1400,,جدول 6,sci_urban_household_cpi_inflation_national_provincial_1381_1405.xlsx
1388,09 - تفریح و فرهنگ,annual_inflation,6.501325582936886,percent,1400,,جدول 6,sci_urban_household_cpi_inflation_national_provincial_1381_1405.xlsx
1389,09 - تفریح و فرهنگ,annual_inflation,9.530196795412778,percent,1400,,جدول 6,sci_urban_household_cpi_inflation_national_provincial_1381_1405.xlsx
1390,09 - تفریح و فرهنگ,annual_inflation,14.53257094906732,percent,1400,,جدول 6,sci_urban_household_cpi_inflation_national_provincial_1381_1405.xlsx
1391,09 - تفریح و فرهنگ,annual_inflation,32.388447511516944,percent,1400,,جدول 6,sci_urban_household_cpi_inflation_national_provincial_1381_1405.xlsx
1392,09 - تفریح و فرهنگ,annual_inflation,39.55433546067178,percent,1400,,جدول 6,sci_urban_household_cpi_inflation_national_provincial_1381_1405.xlsx
1393,09 - تفریح و فرهنگ,annual_inflation,15.291058567131088,percent,1400,,جدول 6,sci_urban_household_cpi_inflation_national_provincial_1381_1405.xlsx
1394,09 - تفریح و فرهنگ,annual_inflation,10.715161482037885,percent,1400,,جدول 6,sci_urban_household_cpi_inflation_national_provincial_1381_1405.xlsx
1395,09 - تفریح و فرهنگ,annual_inflation,5.250531884836377,percent,1400,,جدول 6,sci_urban_household_cpi_inflation_national_provincial_1381_1405.xlsx
1396,09 - تفریح و فرهنگ,annual_inflation,7.638630443847788,percent,1400,,جدول 6,sci_urban_household_cpi_inflation_national_provincial_1381_1405.xlsx
1397,09 - تفریح و فرهنگ,annual_inflation,43.724337210390104,percent,1400,,جدول 6,sci_urban_household_cpi_inflation_national_provincial_1381_1405.xlsx
1398,09 - تفریح و فرهنگ,annual_inflation,45.20908018421483,percent,1400,,جدول 6,sci_urban_household_cpi_inflation_national_provincial_1381_1405.xlsx
1399,09 - تفریح و فرهنگ,annual_inflation,42.0741359899946,percent,1400,,جدول 6,sci_urban_household_cpi_inflation_national_provincial_1381_1405.xlsx
1400,09 - تفریح و فرهنگ,annual_inflation,40.32480255560091,percent,1400,,جدول 6,sci_urban_household_cpi_inflation_national_provincial_1381_1405.xlsx
1401,09 - تفریح و فرهنگ,annual_inflation,36.895414831305914,percent,1400,,جدول 6,sci_urban_household_cpi_inflation_national_provincial_1381_1405.xlsx
1402,09 - تفریح و فرهنگ,annual_inflation,43.82611451131322,percent,1400,,جدول 6,sci_urban_household_cpi_inflation_national_provincial_1381_1405.xlsx
1403,09 - تفریح و فرهنگ,annual_inflation,29.278746046647115,percent,1400,,جدول 6,sci_urban_household_cpi_inflation_national_provincial_1381_1405.xlsx
1404,09 - تفریح و فرهنگ,annual_inflation,45.41961723842712,percent,1400,,جدول 6,sci_urban_household_cpi_inflation_national_provincial_1381_1405.xlsx
1405,09 - تفریح و فرهنگ,annual_inflation,,percent,1400,blank,جدول 6,sci_urban_household_cpi_inflation_national_provincial_1381_1405.xlsx
1382,10- آموزش,annual_inflation,6.571372284249307,percent,1400,,جدول 6,sci_urban_household_cpi_inflation_national_provincial_1381_1405.xlsx
1383,10- آموزش,annual_inflation,13.883313981745204,percent,1400,,جدول 6,sci_urban_household_cpi_inflation_national_provincial_1381_1405.xlsx
1384,10- آموزش,annual_inflation,10.401260823896365,percent,1400,,جدول 6,sci_urban_household_cpi_inflation_national_provincial_1381_1405.xlsx
1385,10- آموزش,annual_inflation,4.805267170964925,percent,1400,,جدول 6,sci_urban_household_cpi_inflation_national_provincial_1381_1405.xlsx
1386,10- آموزش,annual_inflation,3.3831381774324996,percent,1400,,جدول 6,sci_urban_household_cpi_inflation_national_provincial_1381_1405.xlsx
1387,10- آموزش,annual_inflation,4.596927266341666,percent,1400,,جدول 6,sci_urban_household_cpi_inflation_national_provincial_1381_1405.xlsx
1388,10- آموزش,annual_inflation,8.414550605826363,percent,1400,,جدول 6,sci_urban_household_cpi_inflation_national_provincial_1381_1405.xlsx
1389,10- آموزش,annual_inflation,12.584296334889842,percent,1400,,جدول 6,sci_urban_household_cpi_inflation_national_provincial_1381_1405.xlsx
1390,10- آموزش,annual_inflation,10.948329201318558,percent,1400,,جدول 6,sci_urban_household_cpi_inflation_national_provincial_1381_1405.xlsx
1391,10- آموزش,annual_inflation,10.157549602854203,percent,1400,,جدول 6,sci_urban_household_cpi_inflation_national_provincial_1381_1405.xlsx
1392,10- آموزش,annual_inflation,13.309154399767522,percent,1400,,جدول 6,sci_urban_household_cpi_inflation_national_provincial_1381_1405.xlsx
1393,10- آموزش,annual_inflation,16.634931084691473,percent,1400,,جدول 6,sci_urban_household_cpi_inflation_national_provincial_1381_1405.xlsx
1394,10- آموزش,annual_inflation,16.488945409820772,percent,1400,,جدول 6,sci_urban_household_cpi_inflation_national_provincial_1381_1405.xlsx
1395,10- آموزش,annual_inflation,12.640783599220114,percent,1400,,جدول 6,sci_urban_household_cpi_inflation_national_provincial_1381_1405.xlsx
1396,10- آموزش,annual_inflation,11.009008915787291,percent,1400,,جدول 6,sci_urban_household_cpi_inflation_national_provincial_1381_1405.xlsx
1397,10- آموزش,annual_inflation,17.621024661666397,percent,1400,,جدول 6,sci_urban_household_cpi_inflation_national_provincial_1381_1405.xlsx
1398,10- آموزش,annual_inflation,22.008301580564194,percent,1400,,جدول 6,sci_urban_household_cpi_inflation_national_provincial_1381_1405.xlsx
1399,10- آموزش,annual_inflation,21.52238197045105,percent,1400,,جدول 6,sci_urban_household_cpi_inflation_national_provincial_1381_1405.xlsx
1400,10- آموزش,annual_inflation,25.15223885903373,percent,1400,,جدول 6,sci_urban_household_cpi_inflation_national_provincial_1381_1405.xlsx
1401,10- آموزش,annual_inflation,32.42704793128058,percent,1400,,جدول 6,sci_urban_household_cpi_inflation_national_provincial_1381_1405.xlsx
1402,10- آموزش,annual_inflation,36.98509989184643,percent,1400,,جدول 6,sci_urban_household_cpi_inflation_national_provincial_1381_1405.xlsx
1403,10- آموزش,annual_inflation,36.732191000637414,percent,1400,,جدول 6,sci_urban_household_cpi_inflation_national_provincial_1381_1405.xlsx
1404,10- آموزش,annual_inflation,41.32470891759462,percent,1400,,جدول 6,sci_urban_household_cpi_inflation_national_provincial_1381_1405.xlsx
1405,10- آموزش,annual_inflation,,percent,1400,blank,جدول 6,sci_urban_household_cpi_inflation_national_provincial_1381_1405.xlsx
1382,11- هتل و رستوران,annual_inflation,14.754901231472402,percent,1400,,جدول 6,sci_urban_household_cpi_inflation_national_provincial_1381_1405.xlsx
1383,11- هتل و رستوران,annual_inflation,14.198575097494043,percent,1400,,جدول 6,sci_urban_household_cpi_inflation_national_provincial_1381_1405.xlsx
1384,11- هتل و رستوران,annual_inflation,11.26157484128261,percent,1400,,جدول 6,sci_urban_household_cpi_inflation_national_provincial_1381_1405.xlsx
1385,11- هتل و رستوران,annual_inflation,10.654577706197216,percent,1400,,جدول 6,sci_urban_household_cpi_inflation_national_provincial_1381_1405.xlsx
1386,11- هتل و رستوران,annual_inflation,13.990253012441073,percent,1400,,جدول 6,sci_urban_household_cpi_inflation_national_provincial_1381_1405.xlsx
1387,11- هتل و رستوران,annual_inflation,22.520959337615707,percent,1400,,جدول 6,sci_urban_household_cpi_inflation_national_provincial_1381_1405.xlsx
1388,11- هتل و رستوران,annual_inflation,12.932288178260293,percent,1400,,جدول 6,sci_urban_household_cpi_inflation_national_provincial_1381_1405.xlsx
1389,11- هتل و رستوران,annual_inflation,14.311093176244754,percent,1400,,جدول 6,sci_urban_household_cpi_inflation_national_provincial_1381_1405.xlsx
1390,11- هتل و رستوران,annual_inflation,16.990602799055267,percent,1400,,جدول 6,sci_urban_household_cpi_inflation_national_provincial_1381_1405.xlsx
1391,11- هتل و رستوران,annual_inflation,30.700066765282372,percent,1400,,جدول 6,sci_urban_household_cpi_inflation_national_provincial_1381_1405.xlsx
1392,11- هتل و رستوران,annual_inflation,34.96897811962069,percent,1400,,جدول 6,sci_urban_household_cpi_inflation_national_provincial_1381_1405.xlsx
1393,11- هتل و رستوران,annual_inflation,18.155304764455153,percent,1400,,جدول 6,sci_urban_household_cpi_inflation_national_provincial_1381_1405.xlsx
1394,11- هتل و رستوران,annual_inflation,13.368717248545849,percent,1400,,جدول 6,sci_urban_household_cpi_inflation_national_provincial_1381_1405.xlsx
1395,11- هتل و رستوران,annual_inflation,8.44220659329244,percent,1400,,جدول 6,sci_urban_household_cpi_inflation_national_provincial_1381_1405.xlsx
1396,11- هتل و رستوران,annual_inflation,6.763045756924285,percent,1400,,جدول 6,sci_urban_household_cpi_inflation_national_provincial_1381_1405.xlsx
1397,11- هتل و رستوران,annual_inflation,21.587666384267962,percent,1400,,جدول 6,sci_urban_household_cpi_inflation_national_provincial_1381_1405.xlsx
1398,11- هتل و رستوران,annual_inflation,39.799707747826915,percent,1400,,جدول 6,sci_urban_household_cpi_inflation_national_provincial_1381_1405.xlsx
1399,11- هتل و رستوران,annual_inflation,29.57019941638785,percent,1400,,جدول 6,sci_urban_household_cpi_inflation_national_provincial_1381_1405.xlsx
1400,11- هتل و رستوران,annual_inflation,62.400203803596554,percent,1400,,جدول 6,sci_urban_household_cpi_inflation_national_provincial_1381_1405.xlsx
1401,11- هتل و رستوران,annual_inflation,82.43025182620957,percent,1400,,جدول 6,sci_urban_household_cpi_inflation_national_provincial_1381_1405.xlsx
1402,11- هتل و رستوران,annual_inflation,59.585781776111304,percent,1400,,جدول 6,sci_urban_household_cpi_inflation_national_provincial_1381_1405.xlsx
1403,11- هتل و رستوران,annual_inflation,33.52639661981655,percent,1400,,جدول 6,sci_urban_household_cpi_inflation_national_provincial_1381_1405.xlsx
1404,11- هتل و رستوران,annual_inflation,43.97813394166846,percent,1400,,جدول 6,sci_urban_household_cpi_inflation_national_provincial_1381_1405.xlsx
1405,11- هتل و رستوران,annual_inflation,,percent,1400,blank,جدول 6,sci_urban_household_cpi_inflation_national_provincial_1381_1405.xlsx
1382,12- کالاها و خدمات متفرقه,annual_inflation,16.71245103843806,percent,1400,,جدول 6,sci_urban_household_cpi_inflation_national_provincial_1381_1405.xlsx
1383,12- کالاها و خدمات متفرقه,annual_inflation,15.537152199260817,percent,1400,,جدول 6,sci_urban_household_cpi_inflation_national_provincial_1381_1405.xlsx
1384,12- کالاها و خدمات متفرقه,annual_inflation,14.593146608157582,percent,1400,,جدول 6,sci_urban_household_cpi_inflation_national_provincial_1381_1405.xlsx
1385,12- کالاها و خدمات متفرقه,annual_inflation,18.803663786213477,percent,1400,,جدول 6,sci_urban_household_cpi_inflation_national_provincial_1381_1405.xlsx
1386,12- کالاها و خدمات متفرقه,annual_inflation,17.07877437310472,percent,1400,,جدول 6,sci_urban_household_cpi_inflation_national_provincial_1381_1405.xlsx
1387,12- کالاها و خدمات متفرقه,annual_inflation,19.642335227374105,percent,1400,,جدول 6,sci_urban_household_cpi_inflation_national_provincial_1381_1405.xlsx
1388,12- کالاها و خدمات متفرقه,annual_inflation,14.543527355008948,percent,1400,,جدول 6,sci_urban_household_cpi_inflation_national_provincial_1381_1405.xlsx
1389,12- کالاها و خدمات متفرقه,annual_inflation,23.81595183041263,percent,1400,,جدول 6,sci_urban_household_cpi_inflation_national_provincial_1381_1405.xlsx
1390,12- کالاها و خدمات متفرقه,annual_inflation,42.475818392258105,percent,1400,,جدول 6,sci_urban_household_cpi_inflation_national_provincial_1381_1405.xlsx
1391,12- کالاها و خدمات متفرقه,annual_inflation,46.52386658973717,percent,1400,,جدول 6,sci_urban_household_cpi_inflation_national_provincial_1381_1405.xlsx
1392,12- کالاها و خدمات متفرقه,annual_inflation,24.56691822132295,percent,1400,,جدول 6,sci_urban_household_cpi_inflation_national_provincial_1381_1405.xlsx
1393,12- کالاها و خدمات متفرقه,annual_inflation,9.964530095972975,percent,1400,,جدول 6,sci_urban_household_cpi_inflation_national_provincial_1381_1405.xlsx
1394,12- کالاها و خدمات متفرقه,annual_inflation,7.480163916258434,percent,1400,,جدول 6,sci_urban_household_cpi_inflation_national_provincial_1381_1405.xlsx
1395,12- کالاها و خدمات متفرقه,annual_inflation,10.2160477802379,percent,1400,,جدول 6,sci_urban_household_cpi_inflation_national_provincial_1381_1405.xlsx
1396,12- کالاها و خدمات متفرقه,annual_inflation,7.915623307510572,percent,1400,,جدول 6,sci_urban_household_cpi_inflation_national_provincial_1381_1405.xlsx
1397,12- کالاها و خدمات متفرقه,annual_inflation,35.05381076994084,percent,1400,,جدول 6,sci_urban_household_cpi_inflation_national_provincial_1381_1405.xlsx
1398,12- کالاها و خدمات متفرقه,annual_inflation,37.086336192109286,percent,1400,,جدول 6,sci_urban_household_cpi_inflation_national_provincial_1381_1405.xlsx
1399,12- کالاها و خدمات متفرقه,annual_inflation,37.42082491717636,percent,1400,,جدول 6,sci_urban_household_cpi_inflation_national_provincial_1381_1405.xlsx
1400,12- کالاها و خدمات متفرقه,annual_inflation,40.5561019950936,percent,1400,,جدول 6,sci_urban_household_cpi_inflation_national_provincial_1381_1405.xlsx
1401,12- کالاها و خدمات متفرقه,annual_inflation,33.72172160582531,percent,1400,,جدول 6,sci_urban_household_cpi_inflation_national_provincial_1381_1405.xlsx
1402,12- کالاها و خدمات متفرقه,annual_inflation,40.360219973452956,percent,1400,,جدول 6,sci_urban_household_cpi_inflation_national_provincial_1381_1405.xlsx
1403,12- کالاها و خدمات متفرقه,annual_inflation,38.06557637506006,percent,1400,,جدول 6,sci_urban_household_cpi_inflation_national_provincial_1381_1405.xlsx
1404,12- کالاها و خدمات متفرقه,annual_inflation,63.55169367886981,percent,1400,,جدول 6,sci_urban_household_cpi_inflation_national_provincial_1381_1405.xlsx
1405,12- کالاها و خدمات متفرقه,annual_inflation,,percent,1400,blank,جدول 6,sci_urban_household_cpi_inflation_national_provincial_1381_1405.xlsx
1382,شاخص کل* (بدون اجاره),annual_inflation,12.81553526690233,percent,1400,,جدول 6,sci_urban_household_cpi_inflation_national_provincial_1381_1405.xlsx
1383,شاخص کل* (بدون اجاره),annual_inflation,13.63588934037206,percent,1400,,جدول 6,sci_urban_household_cpi_inflation_national_provincial_1381_1405.xlsx
1384,شاخص کل* (بدون اجاره),annual_inflation,11.082902026879651,percent,1400,,جدول 6,sci_urban_household_cpi_inflation_national_provincial_1381_1405.xlsx
1385,شاخص کل* (بدون اجاره),annual_inflation,11.480132299572261,percent,1400,,جدول 6,sci_urban_household_cpi_inflation_national_provincial_1381_1405.xlsx
1386,شاخص کل* (بدون اجاره),annual_inflation,14.964917523915517,percent,1400,,جدول 6,sci_urban_household_cpi_inflation_national_provincial_1381_1405.xlsx
1387,شاخص کل* (بدون اجاره),annual_inflation,23.154195559405494,percent,1400,,جدول 6,sci_urban_household_cpi_inflation_national_provincial_1381_1405.xlsx
1388,شاخص کل* (بدون اجاره),annual_inflation,9.870639493659766,percent,1400,,جدول 6,sci_urban_household_cpi_inflation_national_provincial_1381_1405.xlsx
1389,شاخص کل* (بدون اجاره),annual_inflation,16.729651399663965,percent,1400,,جدول 6,sci_urban_household_cpi_inflation_national_provincial_1381_1405.xlsx
1390,شاخص کل* (بدون اجاره),annual_inflation,30.452712902716996,percent,1400,,جدول 6,sci_urban_household_cpi_inflation_national_provincial_1381_1405.xlsx
1391,شاخص کل* (بدون اجاره),annual_inflation,33.19000832820345,percent,1400,,جدول 6,sci_urban_household_cpi_inflation_national_provincial_1381_1405.xlsx
1392,شاخص کل* (بدون اجاره),annual_inflation,36.00244494753085,percent,1400,,جدول 6,sci_urban_household_cpi_inflation_national_provincial_1381_1405.xlsx
1393,شاخص کل* (بدون اجاره),annual_inflation,14.109953219639081,percent,1400,,جدول 6,sci_urban_household_cpi_inflation_national_provincial_1381_1405.xlsx
1394,شاخص کل* (بدون اجاره),annual_inflation,11.297885987912053,percent,1400,,جدول 6,sci_urban_household_cpi_inflation_national_provincial_1381_1405.xlsx
1395,شاخص کل* (بدون اجاره),annual_inflation,7.429078797772675,percent,1400,,جدول 6,sci_urban_household_cpi_inflation_national_provincial_1381_1405.xlsx
1396,شاخص کل* (بدون اجاره),annual_inflation,8.745099796889377,percent,1400,,جدول 6,sci_urban_household_cpi_inflation_national_provincial_1381_1405.xlsx
1397,شاخص کل* (بدون اجاره),annual_inflation,30.53995328282747,percent,1400,,جدول 6,sci_urban_household_cpi_inflation_national_provincial_1381_1405.xlsx
1398,شاخص کل* (بدون اجاره),annual_inflation,39.46918683945671,percent,1400,,جدول 6,sci_urban_household_cpi_inflation_national_provincial_1381_1405.xlsx
1399,شاخص کل* (بدون اجاره),annual_inflation,39.707018932209536,percent,1400,,جدول 6,sci_urban_household_cpi_inflation_national_provincial_1381_1405.xlsx
1400,شاخص کل* (بدون اجاره),annual_inflation,44.450807723527106,percent,1400,,جدول 6,sci_urban_household_cpi_inflation_national_provincial_1381_1405.xlsx
1401,شاخص کل* (بدون اجاره),annual_inflation,51.88635729491517,percent,1400,,جدول 6,sci_urban_household_cpi_inflation_national_provincial_1381_1405.xlsx
1402,شاخص کل* (بدون اجاره),annual_inflation,41.36548371743362,percent,1400,,جدول 6,sci_urban_household_cpi_inflation_national_provincial_1381_1405.xlsx
1403,شاخص کل* (بدون اجاره),annual_inflation,29.13871481451929,percent,1400,,جدول 6,sci_urban_household_cpi_inflation_national_provincial_1381_1405.xlsx
1404,شاخص کل* (بدون اجاره),annual_inflation,57.8651686334326,percent,1400,,جدول 6,sci_urban_household_cpi_inflation_national_provincial_1381_1405.xlsx
1405,شاخص کل* (بدون اجاره),annual_inflation,,percent,1400,blank,جدول 6,sci_urban_household_cpi_inflation_national_provincial_1381_1405.xlsx
1382,کالاها,annual_inflation,11.554382644842647,percent,1400,,جدول 6,sci_urban_household_cpi_inflation_national_provincial_1381_1405.xlsx
1383,کالاها,annual_inflation,12.65587117127096,percent,1400,,جدول 6,sci_urban_household_cpi_inflation_national_provincial_1381_1405.xlsx
1384,کالاها,annual_inflation,9.716907561577997,percent,1400,,جدول 6,sci_urban_household_cpi_inflation_national_provincial_1381_1405.xlsx
1385,کالاها,annual_inflation,10.15178722364793,percent,1400,,جدول 6,sci_urban_household_cpi_inflation_national_provincial_1381_1405.xlsx
1386,کالاها,annual_inflation,14.73944608848123,percent,1400,,جدول 6,sci_urban_household_cpi_inflation_national_provincial_1381_1405.xlsx
1387,کالاها,annual_inflation,24.14261412755023,percent,1400,,جدول 6,sci_urban_household_cpi_inflation_national_provincial_1381_1405.xlsx
1388,کالاها,annual_inflation,10.347277421496287,percent,1400,,جدول 6,sci_urban_household_cpi_inflation_national_provincial_1381_1405.xlsx
1389,کالاها,annual_inflation,20.254740502009454,percent,1400,,جدول 6,sci_urban_household_cpi_inflation_national_provincial_1381_1405.xlsx
1390,کالاها,annual_inflation,39.802175292922186,percent,1400,,جدول 6,sci_urban_household_cpi_inflation_national_provincial_1381_1405.xlsx
1391,کالاها,annual_inflation,38.18576007587447,percent,1400,,جدول 6,sci_urban_household_cpi_inflation_national_provincial_1381_1405.xlsx
1392,کالاها,annual_inflation,39.075679532261574,percent,1400,,جدول 6,sci_urban_household_cpi_inflation_national_provincial_1381_1405.xlsx
1393,کالاها,annual_inflation,13.038061585367359,percent,1400,,جدول 6,sci_urban_household_cpi_inflation_national_provincial_1381_1405.xlsx
1394,کالاها,annual_inflation,10.648635504678921,percent,1400,,جدول 6,sci_urban_household_cpi_inflation_national_provincial_1381_1405.xlsx
1395,کالاها,annual_inflation,7.09557153799507,percent,1400,,جدول 6,sci_urban_household_cpi_inflation_national_provincial_1381_1405.xlsx
1396,کالاها,annual_inflation,9.307726432346897,percent,1400,,جدول 6,sci_urban_household_cpi_inflation_national_provincial_1381_1405.xlsx
1397,کالاها,annual_inflation,35.47783384064695,percent,1400,,جدول 6,sci_urban_household_cpi_inflation_national_provincial_1381_1405.xlsx
1398,کالاها,annual_inflation,44.425973185565056,percent,1400,,جدول 6,sci_urban_household_cpi_inflation_national_provincial_1381_1405.xlsx
1399,کالاها,annual_inflation,43.98985290564988,percent,1400,,جدول 6,sci_urban_household_cpi_inflation_national_provincial_1381_1405.xlsx
1400,کالاها,annual_inflation,46.87838536883959,percent,1400,,جدول 6,sci_urban_household_cpi_inflation_national_provincial_1381_1405.xlsx
1401,کالاها,annual_inflation,55.50035307244369,percent,1400,,جدول 6,sci_urban_household_cpi_inflation_national_provincial_1381_1405.xlsx
1402,کالاها,annual_inflation,41.20767331230792,percent,1400,,جدول 6,sci_urban_household_cpi_inflation_national_provincial_1381_1405.xlsx
1403,کالاها,annual_inflation,27.431000138785095,percent,1400,,جدول 6,sci_urban_household_cpi_inflation_national_provincial_1381_1405.xlsx
1404,کالاها,annual_inflation,61.37272001946076,percent,1400,,جدول 6,sci_urban_household_cpi_inflation_national_provincial_1381_1405.xlsx
1405,کالاها,annual_inflation,,percent,1400,blank,جدول 6,sci_urban_household_cpi_inflation_national_provincial_1381_1405.xlsx
1382,خدمات,annual_inflation,16.762905031941358,percent,1400,,جدول 6,sci_urban_household_cpi_inflation_national_provincial_1381_1405.xlsx
1383,خدمات,annual_inflation,16.897739349905166,percent,1400,,جدول 6,sci_urban_household_cpi_inflation_national_provincial_1381_1405.xlsx
1384,خدمات,annual_inflation,14.797967788027066,percent,1400,,جدول 6,sci_urban_household_cpi_inflation_national_provincial_1381_1405.xlsx
1385,خدمات,annual_inflation,17.518405077428028,percent,1400,,جدول 6,sci_urban_household_cpi_inflation_national_provincial_1381_1405.xlsx
1386,خدمات,annual_inflation,19.74194517857582,percent,1400,,جدول 6,sci_urban_household_cpi_inflation_national_provincial_1381_1405.xlsx
1387,خدمات,annual_inflation,26.90739113164065,percent,1400,,جدول 6,sci_urban_household_cpi_inflation_national_provincial_1381_1405.xlsx
1388,خدمات,annual_inflation,8.631796036618226,percent,1400,,جدول 6,sci_urban_household_cpi_inflation_national_provincial_1381_1405.xlsx
1389,خدمات,annual_inflation,7.834651726673144,percent,1400,,جدول 6,sci_urban_household_cpi_inflation_national_provincial_1381_1405.xlsx
1390,خدمات,annual_inflation,11.963642262932865,percent,1400,,جدول 6,sci_urban_household_cpi_inflation_national_provincial_1381_1405.xlsx
1391,خدمات,annual_inflation,18.668988320970442,percent,1400,,جدول 6,sci_urban_household_cpi_inflation_national_provincial_1381_1405.xlsx
1392,خدمات,annual_inflation,23.69694372697846,percent,1400,,جدول 6,sci_urban_household_cpi_inflation_national_provincial_1381_1405.xlsx
1393,خدمات,annual_inflation,17.229612918744564,percent,1400,,جدول 6,sci_urban_household_cpi_inflation_national_provincial_1381_1405.xlsx
1394,خدمات,annual_inflation,12.11515075113978,percent,1400,,جدول 6,sci_urban_household_cpi_inflation_national_provincial_1381_1405.xlsx
1395,خدمات,annual_inflation,6.3105408791873145,percent,1400,,جدول 6,sci_urban_household_cpi_inflation_national_provincial_1381_1405.xlsx
1396,خدمات,annual_inflation,7.0560772474489255,percent,1400,,جدول 6,sci_urban_household_cpi_inflation_national_provincial_1381_1405.xlsx
1397,خدمات,annual_inflation,18.409449924779864,percent,1400,,جدول 6,sci_urban_household_cpi_inflation_national_provincial_1381_1405.xlsx
1398,خدمات,annual_inflation,23.690127171840558,percent,1400,,جدول 6,sci_urban_household_cpi_inflation_national_provincial_1381_1405.xlsx
1399,خدمات,annual_inflation,26.527356888729386,percent,1400,,جدول 6,sci_urban_household_cpi_inflation_national_provincial_1381_1405.xlsx
1400,خدمات,annual_inflation,29.622215127252957,percent,1400,,جدول 6,sci_urban_household_cpi_inflation_national_provincial_1381_1405.xlsx
1401,خدمات,annual_inflation,34.70630467182971,percent,1400,,جدول 6,sci_urban_household_cpi_inflation_national_provincial_1381_1405.xlsx
1402,خدمات,annual_inflation,40.13704770320081,percent,1400,,جدول 6,sci_urban_household_cpi_inflation_national_provincial_1381_1405.xlsx
1403,خدمات,annual_inflation,38.848521812411576,percent,1400,,جدول 6,sci_urban_household_cpi_inflation_national_provincial_1381_1405.xlsx
1404,خدمات,annual_inflation,37.31226063273368,percent,1400,,جدول 6,sci_urban_household_cpi_inflation_national_provincial_1381_1405.xlsx
1405,خدمات,annual_inflation,,percent,1400,blank,جدول 6,sci_urban_household_cpi_inflation_national_provincial_1381_1405.xlsx
1382,کالاهای بادوام,annual_inflation,,percent,1400,-,جدول 6,sci_urban_household_cpi_inflation_national_provincial_1381_1405.xlsx
1383,کالاهای بادوام,annual_inflation,,percent,1400,-,جدول 6,sci_urban_household_cpi_inflation_national_provincial_1381_1405.xlsx
1384,کالاهای بادوام,annual_inflation,,percent,1400,-,جدول 6,sci_urban_household_cpi_inflation_national_provincial_1381_1405.xlsx
1385,کالاهای بادوام,annual_inflation,,percent,1400,-,جدول 6,sci_urban_household_cpi_inflation_national_provincial_1381_1405.xlsx
1386,کالاهای بادوام,annual_inflation,,percent,1400,-,جدول 6,sci_urban_household_cpi_inflation_national_provincial_1381_1405.xlsx
1387,کالاهای بادوام,annual_inflation,,percent,1400,-,جدول 6,sci_urban_household_cpi_inflation_national_provincial_1381_1405.xlsx
1388,کالاهای بادوام,annual_inflation,,percent,1400,-,جدول 6,sci_urban_household_cpi_inflation_national_provincial_1381_1405.xlsx
1389,کالاهای بادوام,annual_inflation,,percent,1400,-,جدول 6,sci_urban_household_cpi_inflation_national_provincial_1381_1405.xlsx
1390,کالاهای بادوام,annual_inflation,,percent,1400,-,جدول 6,sci_urban_household_cpi_inflation_national_provincial_1381_1405.xlsx
1391,کالاهای بادوام,annual_inflation,,percent,1400,-,جدول 6,sci_urban_household_cpi_inflation_national_provincial_1381_1405.xlsx
1392,کالاهای بادوام,annual_inflation,,percent,1400,-,جدول 6,sci_urban_household_cpi_inflation_national_provincial_1381_1405.xlsx
1393,کالاهای بادوام,annual_inflation,,percent,1400,-,جدول 6,sci_urban_household_cpi_inflation_national_provincial_1381_1405.xlsx
1394,کالاهای بادوام,annual_inflation,,percent,1400,-,جدول 6,sci_urban_household_cpi_inflation_national_provincial_1381_1405.xlsx
1395,کالاهای بادوام,annual_inflation,,percent,1400,-,جدول 6,sci_urban_household_cpi_inflation_national_provincial_1381_1405.xlsx
1396,کالاهای بادوام,annual_inflation,5.336178403260178,percent,1400,,جدول 6,sci_urban_household_cpi_inflation_national_provincial_1381_1405.xlsx
1397,کالاهای بادوام,annual_inflation,58.26091354891682,percent,1400,,جدول 6,sci_urban_household_cpi_inflation_national_provincial_1381_1405.xlsx
1398,کالاهای بادوام,annual_inflation,55.96540329965467,percent,1400,,جدول 6,sci_urban_household_cpi_inflation_national_provincial_1381_1405.xlsx
1399,کالاهای بادوام,annual_inflation,82.93392617683736,percent,1400,,جدول 6,sci_urban_household_cpi_inflation_national_provincial_1381_1405.xlsx
1400,کالاهای بادوام,annual_inflation,41.47373849179846,percent,1400,,جدول 6,sci_urban_household_cpi_inflation_national_provincial_1381_1405.xlsx
1401,کالاهای بادوام,annual_inflation,37.25576320744349,percent,1400,,جدول 6,sci_urban_household_cpi_inflation_national_provincial_1381_1405.xlsx
1402,کالاهای بادوام,annual_inflation,43.53730043599944,percent,1400,,جدول 6,sci_urban_household_cpi_inflation_national_provincial_1381_1405.xlsx
1403,کالاهای بادوام,annual_inflation,25.957095109971462,percent,1400,,جدول 6,sci_urban_household_cpi_inflation_national_provincial_1381_1405.xlsx
1404,کالاهای بادوام,annual_inflation,54.13520165710949,percent,1400,,جدول 6,sci_urban_household_cpi_inflation_national_provincial_1381_1405.xlsx
1405,کالاهای بادوام,annual_inflation,,percent,1400,blank,جدول 6,sci_urban_household_cpi_inflation_national_provincial_1381_1405.xlsx
1382,کالاهای بی دوام,annual_inflation,,percent,1400,-,جدول 6,sci_urban_household_cpi_inflation_national_provincial_1381_1405.xlsx
1383,کالاهای بی دوام,annual_inflation,,percent,1400,-,جدول 6,sci_urban_household_cpi_inflation_national_provincial_1381_1405.xlsx
1384,کالاهای بی دوام,annual_inflation,,percent,1400,-,جدول 6,sci_urban_household_cpi_inflation_national_provincial_1381_1405.xlsx
1385,کالاهای بی دوام,annual_inflation,,percent,1400,-,جدول 6,sci_urban_household_cpi_inflation_national_provincial_1381_1405.xlsx
1386,کالاهای بی دوام,annual_inflation,,percent,1400,-,جدول 6,sci_urban_household_cpi_inflation_national_provincial_1381_1405.xlsx
1387,کالاهای بی دوام,annual_inflation,,percent,1400,-,جدول 6,sci_urban_household_cpi_inflation_national_provincial_1381_1405.xlsx
1388,کالاهای بی دوام,annual_inflation,,percent,1400,-,جدول 6,sci_urban_household_cpi_inflation_national_provincial_1381_1405.xlsx
1389,کالاهای بی دوام,annual_inflation,,percent,1400,-,جدول 6,sci_urban_household_cpi_inflation_national_provincial_1381_1405.xlsx
1390,کالاهای بی دوام,annual_inflation,,percent,1400,-,جدول 6,sci_urban_household_cpi_inflation_national_provincial_1381_1405.xlsx
1391,کالاهای بی دوام,annual_inflation,,percent,1400,-,جدول 6,sci_urban_household_cpi_inflation_national_provincial_1381_1405.xlsx
1392,کالاهای بی دوام,annual_inflation,,percent,1400,-,جدول 6,sci_urban_household_cpi_inflation_national_provincial_1381_1405.xlsx
1393,کالاهای بی دوام,annual_inflation,,percent,1400,-,جدول 6,sci_urban_household_cpi_inflation_national_provincial_1381_1405.xlsx
1394,کالاهای بی دوام,annual_inflation,,percent,1400,-,جدول 6,sci_urban_household_cpi_inflation_national_provincial_1381_1405.xlsx
1395,کالاهای بی دوام,annual_inflation,,percent,1400,-,جدول 6,sci_urban_household_cpi_inflation_national_provincial_1381_1405.xlsx
1396,کالاهای بی دوام,annual_inflation,10.300320514161626,percent,1400,,جدول 6,sci_urban_household_cpi_inflation_national_provincial_1381_1405.xlsx
1397,کالاهای بی دوام,annual_inflation,32.259361910006476,percent,1400,,جدول 6,sci_urban_household_cpi_inflation_national_provincial_1381_1405.xlsx
1398,کالاهای بی دوام,annual_inflation,42.03172372029874,percent,1400,,جدول 6,sci_urban_household_cpi_inflation_national_provincial_1381_1405.xlsx
1399,کالاهای بی دوام,annual_inflation,36.72724438639139,percent,1400,,جدول 6,sci_urban_household_cpi_inflation_national_provincial_1381_1405.xlsx
1400,کالاهای بی دوام,annual_inflation,47.91780033357742,percent,1400,,جدول 6,sci_urban_household_cpi_inflation_national_provincial_1381_1405.xlsx
1401,کالاهای بی دوام,annual_inflation,60.07136673653025,percent,1400,,جدول 6,sci_urban_household_cpi_inflation_national_provincial_1381_1405.xlsx
1402,کالاهای بی دوام,annual_inflation,39.727337656554994,percent,1400,,جدول 6,sci_urban_household_cpi_inflation_national_provincial_1381_1405.xlsx
1403,کالاهای بی دوام,annual_inflation,27.390027857919733,percent,1400,,جدول 6,sci_urban_household_cpi_inflation_national_provincial_1381_1405.xlsx
1404,کالاهای بی دوام,annual_inflation,65.03873671243318,percent,1400,,جدول 6,sci_urban_household_cpi_inflation_national_provincial_1381_1405.xlsx
1405,کالاهای بی دوام,annual_inflation,,percent,1400,blank,جدول 6,sci_urban_household_cpi_inflation_national_provincial_1381_1405.xlsx
1382,کالاهای کم دوام,annual_inflation,,percent,1400,-,جدول 6,sci_urban_household_cpi_inflation_national_provincial_1381_1405.xlsx
1383,کالاهای کم دوام,annual_inflation,,percent,1400,-,جدول 6,sci_urban_household_cpi_inflation_national_provincial_1381_1405.xlsx
1384,کالاهای کم دوام,annual_inflation,,percent,1400,-,جدول 6,sci_urban_household_cpi_inflation_national_provincial_1381_1405.xlsx
1385,کالاهای کم دوام,annual_inflation,,percent,1400,-,جدول 6,sci_urban_household_cpi_inflation_national_provincial_1381_1405.xlsx
1386,کالاهای کم دوام,annual_inflation,,percent,1400,-,جدول 6,sci_urban_household_cpi_inflation_national_provincial_1381_1405.xlsx
1387,کالاهای کم دوام,annual_inflation,,percent,1400,-,جدول 6,sci_urban_household_cpi_inflation_national_provincial_1381_1405.xlsx
1388,کالاهای کم دوام,annual_inflation,,percent,1400,-,جدول 6,sci_urban_household_cpi_inflation_national_provincial_1381_1405.xlsx
1389,کالاهای کم دوام,annual_inflation,,percent,1400,-,جدول 6,sci_urban_household_cpi_inflation_national_provincial_1381_1405.xlsx
1390,کالاهای کم دوام,annual_inflation,,percent,1400,-,جدول 6,sci_urban_household_cpi_inflation_national_provincial_1381_1405.xlsx
1391,کالاهای کم دوام,annual_inflation,,percent,1400,-,جدول 6,sci_urban_household_cpi_inflation_national_provincial_1381_1405.xlsx
1392,کالاهای کم دوام,annual_inflation,,percent,1400,-,جدول 6,sci_urban_household_cpi_inflation_national_provincial_1381_1405.xlsx
1393,کالاهای کم دوام,annual_inflation,,percent,1400,-,جدول 6,sci_urban_household_cpi_inflation_national_provincial_1381_1405.xlsx
1394,کالاهای کم دوام,annual_inflation,,percent,1400,-,جدول 6,sci_urban_household_cpi_inflation_national_provincial_1381_1405.xlsx
1395,کالاهای کم دوام,annual_inflation,,percent,1400,-,جدول 6,sci_urban_household_cpi_inflation_national_provincial_1381_1405.xlsx
1396,کالاهای کم دوام,annual_inflation,6.174735920925272,percent,1400,,جدول 6,sci_urban_household_cpi_inflation_national_provincial_1381_1405.xlsx
1397,کالاهای کم دوام,annual_inflation,35.37577830082557,percent,1400,,جدول 6,sci_urban_household_cpi_inflation_national_provincial_1381_1405.xlsx
1398,کالاهای کم دوام,annual_inflation,47.87898551226414,percent,1400,,جدول 6,sci_urban_household_cpi_inflation_national_provincial_1381_1405.xlsx
1399,کالاهای کم دوام,annual_inflation,43.975024108745174,percent,1400,,جدول 6,sci_urban_household_cpi_inflation_national_provincial_1381_1405.xlsx
1400,کالاهای کم دوام,annual_inflation,49.13096620366002,percent,1400,,جدول 6,sci_urban_household_cpi_inflation_national_provincial_1381_1405.xlsx
1401,کالاهای کم دوام,annual_inflation,44.78920620336194,percent,1400,,جدول 6,sci_urban_household_cpi_inflation_national_provincial_1381_1405.xlsx
1402,کالاهای کم دوام,annual_inflation,50.48158967375758,percent,1400,,جدول 6,sci_urban_household_cpi_inflation_national_provincial_1381_1405.xlsx
1403,کالاهای کم دوام,annual_inflation,29.417205399955236,percent,1400,,جدول 6,sci_urban_household_cpi_inflation_national_provincial_1381_1405.xlsx
1404,کالاهای کم دوام,annual_inflation,42.10563339030742,percent,1400,,جدول 6,sci_urban_household_cpi_inflation_national_provincial_1381_1405.xlsx
1405,کالاهای کم دوام,annual_inflation,,percent,1400,blank,جدول 6,sci_urban_household_cpi_inflation_national_provincial_1381_1405.xlsx
1382,خوراکی های تازه,annual_inflation,,percent,1400,-,جدول 6,sci_urban_household_cpi_inflation_national_provincial_1381_1405.xlsx
1383,خوراکی های تازه,annual_inflation,,percent,1400,-,جدول 6,sci_urban_household_cpi_inflation_national_provincial_1381_1405.xlsx
1384,خوراکی های تازه,annual_inflation,,percent,1400,-,جدول 6,sci_urban_household_cpi_inflation_national_provincial_1381_1405.xlsx
1385,خوراکی های تازه,annual_inflation,,percent,1400,-,جدول 6,sci_urban_household_cpi_inflation_national_provincial_1381_1405.xlsx
1386,خوراکی های تازه,annual_inflation,,percent,1400,-,جدول 6,sci_urban_household_cpi_inflation_national_provincial_1381_1405.xlsx
1387,خوراکی های تازه,annual_inflation,,percent,1400,-,جدول 6,sci_urban_household_cpi_inflation_national_provincial_1381_1405.xlsx
1388,خوراکی های تازه,annual_inflation,,percent,1400,-,جدول 6,sci_urban_household_cpi_inflation_national_provincial_1381_1405.xlsx
1389,خوراکی های تازه,annual_inflation,,percent,1400,-,جدول 6,sci_urban_household_cpi_inflation_national_provincial_1381_1405.xlsx
1390,خوراکی های تازه,annual_inflation,,percent,1400,-,جدول 6,sci_urban_household_cpi_inflation_national_provincial_1381_1405.xlsx
1391,خوراکی های تازه,annual_inflation,,percent,1400,-,جدول 6,sci_urban_household_cpi_inflation_national_provincial_1381_1405.xlsx
1392,خوراکی های تازه,annual_inflation,,percent,1400,-,جدول 6,sci_urban_household_cpi_inflation_national_provincial_1381_1405.xlsx
1393,خوراکی های تازه,annual_inflation,,percent,1400,-,جدول 6,sci_urban_household_cpi_inflation_national_provincial_1381_1405.xlsx
1394,خوراکی های تازه,annual_inflation,,percent,1400,-,جدول 6,sci_urban_household_cpi_inflation_national_provincial_1381_1405.xlsx
1395,خوراکی های تازه,annual_inflation,,percent,1400,-,جدول 6,sci_urban_household_cpi_inflation_national_provincial_1381_1405.xlsx
1396,خوراکی های تازه,annual_inflation,16.748495092985635,percent,1400,,جدول 6,sci_urban_household_cpi_inflation_national_provincial_1381_1405.xlsx
1397,خوراکی های تازه,annual_inflation,44.42920912819898,percent,1400,,جدول 6,sci_urban_household_cpi_inflation_national_provincial_1381_1405.xlsx
1398,خوراکی های تازه,annual_inflation,44.14401331107399,percent,1400,,جدول 6,sci_urban_household_cpi_inflation_national_provincial_1381_1405.xlsx
1399,خوراکی های تازه,annual_inflation,35.34226559386846,percent,1400,,جدول 6,sci_urban_household_cpi_inflation_national_provincial_1381_1405.xlsx
1400,خوراکی های تازه,annual_inflation,52.909378570410496,percent,1400,,جدول 6,sci_urban_household_cpi_inflation_national_provincial_1381_1405.xlsx
1401,خوراکی های تازه,annual_inflation,65.69644963759623,percent,1400,,جدول 6,sci_urban_household_cpi_inflation_national_provincial_1381_1405.xlsx
1402,خوراکی های تازه,annual_inflation,56.0321788544758,percent,1400,,جدول 6,sci_urban_household_cpi_inflation_national_provincial_1381_1405.xlsx
1403,خوراکی های تازه,annual_inflation,31.97654421943389,percent,1400,,جدول 6,sci_urban_household_cpi_inflation_national_provincial_1381_1405.xlsx
1404,خوراکی های تازه,annual_inflation,58.735358740146324,percent,1400,,جدول 6,sci_urban_household_cpi_inflation_national_provincial_1381_1405.xlsx
1405,خوراکی های تازه,annual_inflation,,percent,1400,blank,جدول 6,sci_urban_household_cpi_inflation_national_provincial_1381_1405.xlsx
1382,سایر خوراکی ها,annual_inflation,,percent,1400,-,جدول 6,sci_urban_household_cpi_inflation_national_provincial_1381_1405.xlsx
1383,سایر خوراکی ها,annual_inflation,,percent,1400,-,جدول 6,sci_urban_household_cpi_inflation_national_provincial_1381_1405.xlsx
1384,سایر خوراکی ها,annual_inflation,,percent,1400,-,جدول 6,sci_urban_household_cpi_inflation_national_provincial_1381_1405.xlsx
1385,سایر خوراکی ها,annual_inflation,,percent,1400,-,جدول 6,sci_urban_household_cpi_inflation_national_provincial_1381_1405.xlsx
1386,سایر خوراکی ها,annual_inflation,,percent,1400,-,جدول 6,sci_urban_household_cpi_inflation_national_provincial_1381_1405.xlsx
1387,سایر خوراکی ها,annual_inflation,,percent,1400,-,جدول 6,sci_urban_household_cpi_inflation_national_provincial_1381_1405.xlsx
1388,سایر خوراکی ها,annual_inflation,,percent,1400,-,جدول 6,sci_urban_household_cpi_inflation_national_provincial_1381_1405.xlsx
1389,سایر خوراکی ها,annual_inflation,,percent,1400,-,جدول 6,sci_urban_household_cpi_inflation_national_provincial_1381_1405.xlsx
1390,سایر خوراکی ها,annual_inflation,,percent,1400,-,جدول 6,sci_urban_household_cpi_inflation_national_provincial_1381_1405.xlsx
1391,سایر خوراکی ها,annual_inflation,,percent,1400,-,جدول 6,sci_urban_household_cpi_inflation_national_provincial_1381_1405.xlsx
1392,سایر خوراکی ها,annual_inflation,,percent,1400,-,جدول 6,sci_urban_household_cpi_inflation_national_provincial_1381_1405.xlsx
1393,سایر خوراکی ها,annual_inflation,,percent,1400,-,جدول 6,sci_urban_household_cpi_inflation_national_provincial_1381_1405.xlsx
1394,سایر خوراکی ها,annual_inflation,,percent,1400,-,جدول 6,sci_urban_household_cpi_inflation_national_provincial_1381_1405.xlsx
1395,سایر خوراکی ها,annual_inflation,,percent,1400,-,جدول 6,sci_urban_household_cpi_inflation_national_provincial_1381_1405.xlsx
1396,سایر خوراکی ها,annual_inflation,7.77105679232379,percent,1400,,جدول 6,sci_urban_household_cpi_inflation_national_provincial_1381_1405.xlsx
1397,سایر خوراکی ها,annual_inflation,28.529194647520825,percent,1400,,جدول 6,sci_urban_household_cpi_inflation_national_provincial_1381_1405.xlsx
1398,سایر خوراکی ها,annual_inflation,40.42245851041065,percent,1400,,جدول 6,sci_urban_household_cpi_inflation_national_provincial_1381_1405.xlsx
1399,سایر خوراکی ها,annual_inflation,42.4327119472012,percent,1400,,جدول 6,sci_urban_household_cpi_inflation_national_provincial_1381_1405.xlsx
1400,سایر خوراکی ها,annual_inflation,51.510659290168064,percent,1400,,جدول 6,sci_urban_household_cpi_inflation_national_provincial_1381_1405.xlsx
1401,سایر خوراکی ها,annual_inflation,81.04535237866867,percent,1400,,جدول 6,sci_urban_household_cpi_inflation_national_provincial_1381_1405.xlsx
1402,سایر خوراکی ها,annual_inflation,25.42244838492323,percent,1400,,جدول 6,sci_urban_household_cpi_inflation_national_provincial_1381_1405.xlsx
1403,سایر خوراکی ها,annual_inflation,22.458193656294696,percent,1400,,جدول 6,sci_urban_household_cpi_inflation_national_provincial_1381_1405.xlsx
1404,سایر خوراکی ها,annual_inflation,81.89912658861155,percent,1400,,جدول 6,sci_urban_household_cpi_inflation_national_provincial_1381_1405.xlsx
1405,سایر خوراکی ها,annual_inflation,,percent,1400,blank,جدول 6,sci_urban_household_cpi_inflation_national_provincial_1381_1405.xlsx
1382,کالاها و خدمات عمومی,annual_inflation,,percent,1400,-,جدول 6,sci_urban_household_cpi_inflation_national_provincial_1381_1405.xlsx
1383,کالاها و خدمات عمومی,annual_inflation,,percent,1400,-,جدول 6,sci_urban_household_cpi_inflation_national_provincial_1381_1405.xlsx
1384,کالاها و خدمات عمومی,annual_inflation,,percent,1400,-,جدول 6,sci_urban_household_cpi_inflation_national_provincial_1381_1405.xlsx
1385,کالاها و خدمات عمومی,annual_inflation,,percent,1400,-,جدول 6,sci_urban_household_cpi_inflation_national_provincial_1381_1405.xlsx
1386,کالاها و خدمات عمومی,annual_inflation,,percent,1400,-,جدول 6,sci_urban_household_cpi_inflation_national_provincial_1381_1405.xlsx
1387,کالاها و خدمات عمومی,annual_inflation,,percent,1400,-,جدول 6,sci_urban_household_cpi_inflation_national_provincial_1381_1405.xlsx
1388,کالاها و خدمات عمومی,annual_inflation,,percent,1400,-,جدول 6,sci_urban_household_cpi_inflation_national_provincial_1381_1405.xlsx
1389,کالاها و خدمات عمومی,annual_inflation,,percent,1400,-,جدول 6,sci_urban_household_cpi_inflation_national_provincial_1381_1405.xlsx
1390,کالاها و خدمات عمومی,annual_inflation,,percent,1400,-,جدول 6,sci_urban_household_cpi_inflation_national_provincial_1381_1405.xlsx
1391,کالاها و خدمات عمومی,annual_inflation,,percent,1400,-,جدول 6,sci_urban_household_cpi_inflation_national_provincial_1381_1405.xlsx
1392,کالاها و خدمات عمومی,annual_inflation,,percent,1400,-,جدول 6,sci_urban_household_cpi_inflation_national_provincial_1381_1405.xlsx
1393,کالاها و خدمات عمومی,annual_inflation,,percent,1400,-,جدول 6,sci_urban_household_cpi_inflation_national_provincial_1381_1405.xlsx
1394,کالاها و خدمات عمومی,annual_inflation,,percent,1400,-,جدول 6,sci_urban_household_cpi_inflation_national_provincial_1381_1405.xlsx
1395,کالاها و خدمات عمومی,annual_inflation,,percent,1400,-,جدول 6,sci_urban_household_cpi_inflation_national_provincial_1381_1405.xlsx
1396,کالاها و خدمات عمومی,annual_inflation,5.8732855667563655,percent,1400,,جدول 6,sci_urban_household_cpi_inflation_national_provincial_1381_1405.xlsx
1397,کالاها و خدمات عمومی,annual_inflation,5.160496124627926,percent,1400,,جدول 6,sci_urban_household_cpi_inflation_national_provincial_1381_1405.xlsx
1398,کالاها و خدمات عمومی,annual_inflation,25.62415881543103,percent,1400,,جدول 6,sci_urban_household_cpi_inflation_national_provincial_1381_1405.xlsx
1399,کالاها و خدمات عمومی,annual_inflation,19.120356959670033,percent,1400,,جدول 6,sci_urban_household_cpi_inflation_national_provincial_1381_1405.xlsx
1400,کالاها و خدمات عمومی,annual_inflation,13.474221318984618,percent,1400,,جدول 6,sci_urban_household_cpi_inflation_national_provincial_1381_1405.xlsx
1401,کالاها و خدمات عمومی,annual_inflation,12.42820891056536,percent,1400,,جدول 6,sci_urban_household_cpi_inflation_national_provincial_1381_1405.xlsx
1402,کالاها و خدمات عمومی,annual_inflation,18.192249165693113,percent,1400,,جدول 6,sci_urban_household_cpi_inflation_national_provincial_1381_1405.xlsx
1403,کالاها و خدمات عمومی,annual_inflation,18.97382443036784,percent,1400,,جدول 6,sci_urban_household_cpi_inflation_national_provincial_1381_1405.xlsx
1404,کالاها و خدمات عمومی,annual_inflation,42.31474506026103,percent,1400,,جدول 6,sci_urban_household_cpi_inflation_national_provincial_1381_1405.xlsx
1405,کالاها و خدمات عمومی,annual_inflation,,percent,1400,blank,جدول 6,sci_urban_household_cpi_inflation_national_provincial_1381_1405.xlsx
