gregorian_date,jalali_date,jalali_year,jalali_month,jalali_day,index_key,index_name_fa,ins_code,high_index_points,low_index_points,closing_index_points,source
2008-12-05,1387/09/15,1387,9,15,cement,سیمان، آهک و گچ,70077233737515808,183.2,183.2,183.2,TSETMC
2008-12-05,1387/09/15,1387,9,15,tile_ceramic,کاشی و سرامیک,57616105980228781,289.7,289.7,289.7,TSETMC
2008-12-06,1387/09/16,1387,9,16,cement,سیمان، آهک و گچ,70077233737515808,183.2,182.9,182.9,TSETMC
2008-12-06,1387/09/16,1387,9,16,tile_ceramic,کاشی و سرامیک,57616105980228781,289.5,287.7,287.9,TSETMC
2008-12-07,1387/09/17,1387,9,17,cement,سیمان، آهک و گچ,70077233737515808,182.9,182.8,182.8,TSETMC
2008-12-07,1387/09/17,1387,9,17,tile_ceramic,کاشی و سرامیک,57616105980228781,287.9,286.3,286.3,TSETMC
2008-12-08,1387/09/18,1387,9,18,cement,سیمان، آهک و گچ,70077233737515808,182.8,182.8,182.8,TSETMC
2008-12-08,1387/09/18,1387,9,18,tile_ceramic,کاشی و سرامیک,57616105980228781,286.3,285.3,285.3,TSETMC
2008-12-10,1387/09/20,1387,9,20,cement,سیمان، آهک و گچ,70077233737515808,182.8,182.3,182.3,TSETMC
2008-12-10,1387/09/20,1387,9,20,tile_ceramic,کاشی و سرامیک,57616105980228781,285.3,285.3,285.3,TSETMC
2008-12-13,1387/09/23,1387,9,23,cement,سیمان، آهک و گچ,70077233737515808,182.3,182.2,182.2,TSETMC
2008-12-13,1387/09/23,1387,9,23,tile_ceramic,کاشی و سرامیک,57616105980228781,285.3,284.9,284.9,TSETMC
2008-12-14,1387/09/24,1387,9,24,cement,سیمان، آهک و گچ,70077233737515808,182.2,182.2,182.2,TSETMC
2008-12-14,1387/09/24,1387,9,24,tile_ceramic,کاشی و سرامیک,57616105980228781,284.9,284.7,284.7,TSETMC
2008-12-15,1387/09/25,1387,9,25,cement,سیمان، آهک و گچ,70077233737515808,182.2,182.1,182.1,TSETMC
2008-12-15,1387/09/25,1387,9,25,tile_ceramic,کاشی و سرامیک,57616105980228781,284.5,284.4,284.4,TSETMC
2008-12-16,1387/09/26,1387,9,26,cement,سیمان، آهک و گچ,70077233737515808,182.0,181.9,181.9,TSETMC
2008-12-16,1387/09/26,1387,9,26,tile_ceramic,کاشی و سرامیک,57616105980228781,284.5,284.4,284.5,TSETMC
2008-12-20,1387/09/30,1387,9,30,cement,سیمان، آهک و گچ,70077233737515808,181.9,181.8,181.8,TSETMC
2008-12-20,1387/09/30,1387,9,30,tile_ceramic,کاشی و سرامیک,57616105980228781,284.5,284.4,284.4,TSETMC
2008-12-21,1387/10/01,1387,10,1,cement,سیمان، آهک و گچ,70077233737515808,181.8,181.8,181.8,TSETMC
2008-12-21,1387/10/01,1387,10,1,tile_ceramic,کاشی و سرامیک,57616105980228781,284.6,284.4,284.6,TSETMC
2008-12-22,1387/10/02,1387,10,2,cement,سیمان، آهک و گچ,70077233737515808,181.8,181.7,181.7,TSETMC
2008-12-22,1387/10/02,1387,10,2,tile_ceramic,کاشی و سرامیک,57616105980228781,284.9,284.8,284.9,TSETMC
2008-12-23,1387/10/03,1387,10,3,cement,سیمان، آهک و گچ,70077233737515808,181.7,181.7,181.7,TSETMC
2008-12-23,1387/10/03,1387,10,3,tile_ceramic,کاشی و سرامیک,57616105980228781,285.2,284.8,284.8,TSETMC
2008-12-24,1387/10/04,1387,10,4,cement,سیمان، آهک و گچ,70077233737515808,181.7,181.5,181.5,TSETMC
2008-12-24,1387/10/04,1387,10,4,tile_ceramic,کاشی و سرامیک,57616105980228781,284.8,284.8,284.8,TSETMC
2008-12-27,1387/10/07,1387,10,7,cement,سیمان، آهک و گچ,70077233737515808,181.5,181.3,181.3,TSETMC
2008-12-27,1387/10/07,1387,10,7,tile_ceramic,کاشی و سرامیک,57616105980228781,293.9,293.8,293.8,TSETMC
2008-12-28,1387/10/08,1387,10,8,cement,سیمان، آهک و گچ,70077233737515808,181.3,181.3,181.3,TSETMC
2008-12-28,1387/10/08,1387,10,8,tile_ceramic,کاشی و سرامیک,57616105980228781,293.9,293.8,293.9,TSETMC
2008-12-29,1387/10/09,1387,10,9,cement,سیمان، آهک و گچ,70077233737515808,181.3,181.3,181.3,TSETMC
2008-12-29,1387/10/09,1387,10,9,tile_ceramic,کاشی و سرامیک,57616105980228781,294.0,293.9,294.0,TSETMC
2008-12-30,1387/10/10,1387,10,10,cement,سیمان، آهک و گچ,70077233737515808,181.3,181.2,181.2,TSETMC
2008-12-30,1387/10/10,1387,10,10,tile_ceramic,کاشی و سرامیک,57616105980228781,294.1,294.0,294.0,TSETMC
2008-12-31,1387/10/11,1387,10,11,cement,سیمان، آهک و گچ,70077233737515808,181.2,181.1,181.1,TSETMC
2008-12-31,1387/10/11,1387,10,11,tile_ceramic,کاشی و سرامیک,57616105980228781,294.0,293.9,293.9,TSETMC
2009-01-03,1387/10/14,1387,10,14,cement,سیمان، آهک و گچ,70077233737515808,181.1,180.9,180.9,TSETMC
2009-01-03,1387/10/14,1387,10,14,tile_ceramic,کاشی و سرامیک,57616105980228781,293.9,293.9,293.9,TSETMC
2009-01-04,1387/10/15,1387,10,15,cement,سیمان، آهک و گچ,70077233737515808,180.8,180.8,180.8,TSETMC
2009-01-04,1387/10/15,1387,10,15,tile_ceramic,کاشی و سرامیک,57616105980228781,293.9,293.9,293.9,TSETMC
2009-01-05,1387/10/16,1387,10,16,cement,سیمان، آهک و گچ,70077233737515808,180.8,180.1,180.1,TSETMC
2009-01-05,1387/10/16,1387,10,16,tile_ceramic,کاشی و سرامیک,57616105980228781,293.8,293.4,293.4,TSETMC
2009-01-10,1387/10/21,1387,10,21,cement,سیمان، آهک و گچ,70077233737515808,180.1,179.8,179.8,TSETMC
2009-01-10,1387/10/21,1387,10,21,tile_ceramic,کاشی و سرامیک,57616105980228781,293.4,293.4,293.4,TSETMC
2009-01-11,1387/10/22,1387,10,22,cement,سیمان، آهک و گچ,70077233737515808,179.7,179.6,179.6,TSETMC
2009-01-11,1387/10/22,1387,10,22,tile_ceramic,کاشی و سرامیک,57616105980228781,293.4,293.2,293.2,TSETMC
2009-01-12,1387/10/23,1387,10,23,cement,سیمان، آهک و گچ,70077233737515808,179.7,179.6,179.7,TSETMC
2009-01-12,1387/10/23,1387,10,23,tile_ceramic,کاشی و سرامیک,57616105980228781,293.1,293.0,293.1,TSETMC
2009-01-13,1387/10/24,1387,10,24,cement,سیمان، آهک و گچ,70077233737515808,180.5,179.7,180.5,TSETMC
2009-01-13,1387/10/24,1387,10,24,tile_ceramic,کاشی و سرامیک,57616105980228781,293.3,293.1,293.1,TSETMC
2009-01-14,1387/10/25,1387,10,25,cement,سیمان، آهک و گچ,70077233737515808,180.3,180.3,180.3,TSETMC
2009-01-14,1387/10/25,1387,10,25,tile_ceramic,کاشی و سرامیک,57616105980228781,293.2,293.0,293.2,TSETMC
2009-01-17,1387/10/28,1387,10,28,cement,سیمان، آهک و گچ,70077233737515808,180.1,180.0,180.0,TSETMC
2009-01-17,1387/10/28,1387,10,28,tile_ceramic,کاشی و سرامیک,57616105980228781,293.4,293.2,293.4,TSETMC
2009-01-18,1387/10/29,1387,10,29,cement,سیمان، آهک و گچ,70077233737515808,180.0,180.0,180.0,TSETMC
2009-01-18,1387/10/29,1387,10,29,tile_ceramic,کاشی و سرامیک,57616105980228781,293.7,292.9,293.7,TSETMC
2009-01-19,1387/10/30,1387,10,30,cement,سیمان، آهک و گچ,70077233737515808,179.9,179.9,179.9,TSETMC
2009-01-19,1387/10/30,1387,10,30,tile_ceramic,کاشی و سرامیک,57616105980228781,293.9,293.8,293.8,TSETMC
2009-01-20,1387/11/01,1387,11,1,cement,سیمان، آهک و گچ,70077233737515808,179.9,179.9,179.9,TSETMC
2009-01-20,1387/11/01,1387,11,1,tile_ceramic,کاشی و سرامیک,57616105980228781,298.6,293.8,298.6,TSETMC
2009-01-21,1387/11/02,1387,11,2,cement,سیمان، آهک و گچ,70077233737515808,179.6,179.3,179.3,TSETMC
2009-01-21,1387/11/02,1387,11,2,tile_ceramic,کاشی و سرامیک,57616105980228781,299.6,299.5,299.6,TSETMC
2009-01-24,1387/11/05,1387,11,5,cement,سیمان، آهک و گچ,70077233737515808,179.3,177.8,177.9,TSETMC
2009-01-24,1387/11/05,1387,11,5,tile_ceramic,کاشی و سرامیک,57616105980228781,300.2,299.6,300.0,TSETMC
2009-01-25,1387/11/06,1387,11,6,cement,سیمان، آهک و گچ,70077233737515808,177.9,177.8,177.8,TSETMC
2009-01-25,1387/11/06,1387,11,6,tile_ceramic,کاشی و سرامیک,57616105980228781,300.0,296.6,296.6,TSETMC
2009-01-26,1387/11/07,1387,11,7,cement,سیمان، آهک و گچ,70077233737515808,177.8,177.3,177.3,TSETMC
2009-01-26,1387/11/07,1387,11,7,tile_ceramic,کاشی و سرامیک,57616105980228781,296.5,296.5,296.5,TSETMC
2009-01-27,1387/11/08,1387,11,8,cement,سیمان، آهک و گچ,70077233737515808,177.4,176.2,176.2,TSETMC
2009-01-27,1387/11/08,1387,11,8,tile_ceramic,کاشی و سرامیک,57616105980228781,296.2,293.6,293.6,TSETMC
2009-01-28,1387/11/09,1387,11,9,cement,سیمان، آهک و گچ,70077233737515808,176.2,174.8,174.8,TSETMC
2009-01-28,1387/11/09,1387,11,9,tile_ceramic,کاشی و سرامیک,57616105980228781,293.6,293.4,293.6,TSETMC
2009-01-31,1387/11/12,1387,11,12,cement,سیمان، آهک و گچ,70077233737515808,174.8,174.6,174.6,TSETMC
2009-01-31,1387/11/12,1387,11,12,tile_ceramic,کاشی و سرامیک,57616105980228781,293.7,293.2,293.3,TSETMC
2009-02-01,1387/11/13,1387,11,13,cement,سیمان، آهک و گچ,70077233737515808,174.6,174.5,174.5,TSETMC
2009-02-01,1387/11/13,1387,11,13,tile_ceramic,کاشی و سرامیک,57616105980228781,293.4,293.4,293.4,TSETMC
2009-02-02,1387/11/14,1387,11,14,cement,سیمان، آهک و گچ,70077233737515808,174.5,174.3,174.3,TSETMC
2009-02-02,1387/11/14,1387,11,14,tile_ceramic,کاشی و سرامیک,57616105980228781,293.4,293.4,293.4,TSETMC
2009-02-03,1387/11/15,1387,11,15,cement,سیمان، آهک و گچ,70077233737515808,174.3,174.1,174.1,TSETMC
2009-02-03,1387/11/15,1387,11,15,tile_ceramic,کاشی و سرامیک,57616105980228781,293.3,292.3,292.3,TSETMC
2009-02-04,1387/11/16,1387,11,16,cement,سیمان، آهک و گچ,70077233737515808,174.1,174.1,174.1,TSETMC
2009-02-04,1387/11/16,1387,11,16,tile_ceramic,کاشی و سرامیک,57616105980228781,292.3,292.3,292.3,TSETMC
2009-02-07,1387/11/19,1387,11,19,cement,سیمان، آهک و گچ,70077233737515808,174.1,172.7,172.7,TSETMC
2009-02-07,1387/11/19,1387,11,19,tile_ceramic,کاشی و سرامیک,57616105980228781,292.3,292.3,292.3,TSETMC
2009-02-08,1387/11/20,1387,11,20,cement,سیمان، آهک و گچ,70077233737515808,172.7,172.7,172.7,TSETMC
2009-02-08,1387/11/20,1387,11,20,tile_ceramic,کاشی و سرامیک,57616105980228781,292.3,292.3,292.3,TSETMC
2009-02-09,1387/11/21,1387,11,21,cement,سیمان، آهک و گچ,70077233737515808,172.7,172.6,172.6,TSETMC
2009-02-09,1387/11/21,1387,11,21,tile_ceramic,کاشی و سرامیک,57616105980228781,292.2,292.2,292.2,TSETMC
2009-02-11,1387/11/23,1387,11,23,cement,سیمان، آهک و گچ,70077233737515808,172.6,172.6,172.6,TSETMC
2009-02-11,1387/11/23,1387,11,23,tile_ceramic,کاشی و سرامیک,57616105980228781,292.2,292.2,292.2,TSETMC
2009-02-14,1387/11/26,1387,11,26,cement,سیمان، آهک و گچ,70077233737515808,172.6,172.6,172.6,TSETMC
2009-02-14,1387/11/26,1387,11,26,tile_ceramic,کاشی و سرامیک,57616105980228781,292.2,292.2,292.2,TSETMC
2009-02-15,1387/11/27,1387,11,27,cement,سیمان، آهک و گچ,70077233737515808,172.6,172.4,172.4,TSETMC
2009-02-15,1387/11/27,1387,11,27,tile_ceramic,کاشی و سرامیک,57616105980228781,292.2,291.2,291.2,TSETMC
2009-02-17,1387/11/29,1387,11,29,cement,سیمان، آهک و گچ,70077233737515808,172.4,172.4,172.4,TSETMC
2009-02-17,1387/11/29,1387,11,29,tile_ceramic,کاشی و سرامیک,57616105980228781,290.2,290.2,290.2,TSETMC
2009-02-18,1387/11/30,1387,11,30,cement,سیمان، آهک و گچ,70077233737515808,172.4,172.1,172.1,TSETMC
2009-02-18,1387/11/30,1387,11,30,tile_ceramic,کاشی و سرامیک,57616105980228781,293.0,289.2,289.2,TSETMC
2009-02-21,1387/12/03,1387,12,3,cement,سیمان، آهک و گچ,70077233737515808,172.1,171.9,171.9,TSETMC
2009-02-21,1387/12/03,1387,12,3,tile_ceramic,کاشی و سرامیک,57616105980228781,289.5,288.6,288.6,TSETMC
2009-02-22,1387/12/04,1387,12,4,cement,سیمان، آهک و گچ,70077233737515808,171.6,171.6,171.6,TSETMC
2009-02-22,1387/12/04,1387,12,4,tile_ceramic,کاشی و سرامیک,57616105980228781,286.0,285.3,286.0,TSETMC
2009-02-23,1387/12/05,1387,12,5,cement,سیمان، آهک و گچ,70077233737515808,171.6,171.3,171.3,TSETMC
2009-02-23,1387/12/05,1387,12,5,tile_ceramic,کاشی و سرامیک,57616105980228781,286.5,286.1,286.5,TSETMC
2009-02-25,1387/12/07,1387,12,7,cement,سیمان، آهک و گچ,70077233737515808,171.1,171.1,171.1,TSETMC
2009-02-25,1387/12/07,1387,12,7,tile_ceramic,کاشی و سرامیک,57616105980228781,287.3,287.1,287.2,TSETMC
2009-02-28,1387/12/10,1387,12,10,cement,سیمان، آهک و گچ,70077233737515808,170.9,170.6,170.6,TSETMC
2009-02-28,1387/12/10,1387,12,10,tile_ceramic,کاشی و سرامیک,57616105980228781,287.9,287.6,287.9,TSETMC
2009-03-01,1387/12/11,1387,12,11,cement,سیمان، آهک و گچ,70077233737515808,170.4,170.4,170.4,TSETMC
2009-03-01,1387/12/11,1387,12,11,tile_ceramic,کاشی و سرامیک,57616105980228781,287.9,286.1,286.1,TSETMC
2009-03-02,1387/12/12,1387,12,12,cement,سیمان، آهک و گچ,70077233737515808,170.4,170.4,170.4,TSETMC
2009-03-02,1387/12/12,1387,12,12,tile_ceramic,کاشی و سرامیک,57616105980228781,285.9,285.9,285.9,TSETMC
2009-03-03,1387/12/13,1387,12,13,cement,سیمان، آهک و گچ,70077233737515808,170.4,170.3,170.3,TSETMC
2009-03-03,1387/12/13,1387,12,13,tile_ceramic,کاشی و سرامیک,57616105980228781,285.8,285.6,285.6,TSETMC
2009-03-04,1387/12/14,1387,12,14,cement,سیمان، آهک و گچ,70077233737515808,170.3,169.9,170.1,TSETMC
2009-03-04,1387/12/14,1387,12,14,tile_ceramic,کاشی و سرامیک,57616105980228781,285.0,284.6,284.6,TSETMC
2009-03-07,1387/12/17,1387,12,17,cement,سیمان، آهک و گچ,70077233737515808,170.1,170.0,170.0,TSETMC
2009-03-07,1387/12/17,1387,12,17,tile_ceramic,کاشی و سرامیک,57616105980228781,284.6,283.8,283.8,TSETMC
2009-03-08,1387/12/18,1387,12,18,cement,سیمان، آهک و گچ,70077233737515808,169.8,168.6,168.7,TSETMC
2009-03-08,1387/12/18,1387,12,18,tile_ceramic,کاشی و سرامیک,57616105980228781,283.8,283.3,283.3,TSETMC
2009-03-09,1387/12/19,1387,12,19,cement,سیمان، آهک و گچ,70077233737515808,168.7,167.9,167.9,TSETMC
2009-03-09,1387/12/19,1387,12,19,tile_ceramic,کاشی و سرامیک,57616105980228781,283.4,282.9,283.0,TSETMC
2009-03-10,1387/12/20,1387,12,20,cement,سیمان، آهک و گچ,70077233737515808,168.2,166.3,166.3,TSETMC
2009-03-10,1387/12/20,1387,12,20,tile_ceramic,کاشی و سرامیک,57616105980228781,283.1,283.0,283.1,TSETMC
2009-03-11,1387/12/21,1387,12,21,cement,سیمان، آهک و گچ,70077233737515808,167.6,166.9,166.9,TSETMC
2009-03-11,1387/12/21,1387,12,21,tile_ceramic,کاشی و سرامیک,57616105980228781,283.7,283.1,283.7,TSETMC
2009-03-14,1387/12/24,1387,12,24,cement,سیمان، آهک و گچ,70077233737515808,166.9,166.4,166.4,TSETMC
2009-03-14,1387/12/24,1387,12,24,tile_ceramic,کاشی و سرامیک,57616105980228781,283.7,283.5,283.5,TSETMC
2009-03-16,1387/12/26,1387,12,26,cement,سیمان، آهک و گچ,70077233737515808,166.4,161.5,161.5,TSETMC
2009-03-16,1387/12/26,1387,12,26,tile_ceramic,کاشی و سرامیک,57616105980228781,283.5,283.5,283.5,TSETMC
2009-03-17,1387/12/27,1387,12,27,cement,سیمان، آهک و گچ,70077233737515808,161.5,158.8,159.4,TSETMC
2009-03-17,1387/12/27,1387,12,27,tile_ceramic,کاشی و سرامیک,57616105980228781,247.5,242.6,242.8,TSETMC
2009-03-18,1387/12/28,1387,12,28,cement,سیمان، آهک و گچ,70077233737515808,159.4,158.5,158.5,TSETMC
2009-03-18,1387/12/28,1387,12,28,tile_ceramic,کاشی و سرامیک,57616105980228781,242.8,242.7,242.7,TSETMC
2009-03-25,1388/01/05,1388,1,5,cement,سیمان، آهک و گچ,70077233737515808,157.7,157.7,157.7,TSETMC
2009-03-25,1388/01/05,1388,1,5,tile_ceramic,کاشی و سرامیک,57616105980228781,242.6,242.6,242.6,TSETMC
2009-03-28,1388/01/08,1388,1,8,cement,سیمان، آهک و گچ,70077233737515808,157.7,156.7,156.7,TSETMC
2009-03-28,1388/01/08,1388,1,8,tile_ceramic,کاشی و سرامیک,57616105980228781,242.4,242.3,242.3,TSETMC
2009-03-29,1388/01/09,1388,1,9,cement,سیمان، آهک و گچ,70077233737515808,156.0,156.0,156.0,TSETMC
2009-03-29,1388/01/09,1388,1,9,tile_ceramic,کاشی و سرامیک,57616105980228781,242.6,242.3,242.6,TSETMC
2009-03-30,1388/01/10,1388,1,10,cement,سیمان، آهک و گچ,70077233737515808,155.4,155.3,155.3,TSETMC
2009-03-30,1388/01/10,1388,1,10,tile_ceramic,کاشی و سرامیک,57616105980228781,243.3,242.6,243.3,TSETMC
2009-03-31,1388/01/11,1388,1,11,cement,سیمان، آهک و گچ,70077233737515808,155.3,155.3,155.3,TSETMC
2009-03-31,1388/01/11,1388,1,11,tile_ceramic,کاشی و سرامیک,57616105980228781,244.2,243.4,244.2,TSETMC
2009-04-04,1388/01/15,1388,1,15,cement,سیمان، آهک و گچ,70077233737515808,154.7,154.7,154.7,TSETMC
2009-04-04,1388/01/15,1388,1,15,tile_ceramic,کاشی و سرامیک,57616105980228781,244.5,244.2,244.5,TSETMC
2009-04-05,1388/01/16,1388,1,16,cement,سیمان، آهک و گچ,70077233737515808,154.7,153.4,153.6,TSETMC
2009-04-05,1388/01/16,1388,1,16,tile_ceramic,کاشی و سرامیک,57616105980228781,244.5,244.2,244.2,TSETMC
2009-04-06,1388/01/17,1388,1,17,cement,سیمان، آهک و گچ,70077233737515808,153.6,152.8,152.9,TSETMC
2009-04-06,1388/01/17,1388,1,17,tile_ceramic,کاشی و سرامیک,57616105980228781,244.8,244.2,244.6,TSETMC
2009-04-07,1388/01/18,1388,1,18,cement,سیمان، آهک و گچ,70077233737515808,152.9,152.5,152.8,TSETMC
2009-04-07,1388/01/18,1388,1,18,tile_ceramic,کاشی و سرامیک,57616105980228781,245.7,245.0,245.7,TSETMC
2009-04-08,1388/01/19,1388,1,19,cement,سیمان، آهک و گچ,70077233737515808,152.8,152.3,152.3,TSETMC
2009-04-08,1388/01/19,1388,1,19,tile_ceramic,کاشی و سرامیک,57616105980228781,246.6,246.1,246.5,TSETMC
2009-04-11,1388/01/22,1388,1,22,cement,سیمان، آهک و گچ,70077233737515808,152.3,151.9,152.3,TSETMC
2009-04-11,1388/01/22,1388,1,22,tile_ceramic,کاشی و سرامیک,57616105980228781,247.5,247.1,247.1,TSETMC
2009-04-12,1388/01/23,1388,1,23,cement,سیمان، آهک و گچ,70077233737515808,152.3,151.9,151.9,TSETMC
2009-04-12,1388/01/23,1388,1,23,tile_ceramic,کاشی و سرامیک,57616105980228781,246.7,246.2,246.2,TSETMC
2009-04-13,1388/01/24,1388,1,24,cement,سیمان، آهک و گچ,70077233737515808,152.0,151.9,152.0,TSETMC
2009-04-13,1388/01/24,1388,1,24,tile_ceramic,کاشی و سرامیک,57616105980228781,247.2,246.2,247.0,TSETMC
2009-04-14,1388/01/25,1388,1,25,cement,سیمان، آهک و گچ,70077233737515808,152.0,152.0,152.0,TSETMC
2009-04-14,1388/01/25,1388,1,25,tile_ceramic,کاشی و سرامیک,57616105980228781,246.6,246.1,246.4,TSETMC
2009-04-15,1388/01/26,1388,1,26,cement,سیمان، آهک و گچ,70077233737515808,148.7,147.9,148.7,TSETMC
2009-04-15,1388/01/26,1388,1,26,tile_ceramic,کاشی و سرامیک,57616105980228781,246.9,246.1,246.9,TSETMC
2009-04-18,1388/01/29,1388,1,29,cement,سیمان، آهک و گچ,70077233737515808,148.7,148.7,148.7,TSETMC
2009-04-18,1388/01/29,1388,1,29,tile_ceramic,کاشی و سرامیک,57616105980228781,248.1,247.0,248.1,TSETMC
2009-04-19,1388/01/30,1388,1,30,cement,سیمان، آهک و گچ,70077233737515808,148.7,148.3,148.3,TSETMC
2009-04-19,1388/01/30,1388,1,30,tile_ceramic,کاشی و سرامیک,57616105980228781,249.5,249.1,249.5,TSETMC
2009-04-20,1388/01/31,1388,1,31,cement,سیمان، آهک و گچ,70077233737515808,148.3,148.3,148.3,TSETMC
2009-04-20,1388/01/31,1388,1,31,tile_ceramic,کاشی و سرامیک,57616105980228781,250.2,242.6,243.7,TSETMC
2009-04-21,1388/02/01,1388,2,1,cement,سیمان، آهک و گچ,70077233737515808,148.2,148.2,148.2,TSETMC
2009-04-21,1388/02/01,1388,2,1,tile_ceramic,کاشی و سرامیک,57616105980228781,244.8,244.1,244.1,TSETMC
2009-04-22,1388/02/02,1388,2,2,cement,سیمان، آهک و گچ,70077233737515808,148.4,148.2,148.4,TSETMC
2009-04-22,1388/02/02,1388,2,2,tile_ceramic,کاشی و سرامیک,57616105980228781,243.5,243.1,243.2,TSETMC
2009-04-25,1388/02/05,1388,2,5,cement,سیمان، آهک و گچ,70077233737515808,148.5,146.5,146.5,TSETMC
2009-04-25,1388/02/05,1388,2,5,tile_ceramic,کاشی و سرامیک,57616105980228781,243.3,242.5,242.5,TSETMC
2009-04-26,1388/02/06,1388,2,6,cement,سیمان، آهک و گچ,70077233737515808,146.6,146.5,146.5,TSETMC
2009-04-26,1388/02/06,1388,2,6,tile_ceramic,کاشی و سرامیک,57616105980228781,242.2,241.9,242.0,TSETMC
2009-04-27,1388/02/07,1388,2,7,cement,سیمان، آهک و گچ,70077233737515808,146.6,146.4,146.4,TSETMC
2009-04-27,1388/02/07,1388,2,7,tile_ceramic,کاشی و سرامیک,57616105980228781,242.7,242.1,242.7,TSETMC
2009-04-28,1388/02/08,1388,2,8,cement,سیمان، آهک و گچ,70077233737515808,146.4,145.8,145.8,TSETMC
2009-04-28,1388/02/08,1388,2,8,tile_ceramic,کاشی و سرامیک,57616105980228781,243.7,242.7,243.6,TSETMC
2009-04-29,1388/02/09,1388,2,9,cement,سیمان، آهک و گچ,70077233737515808,145.8,145.8,145.8,TSETMC
2009-04-29,1388/02/09,1388,2,9,tile_ceramic,کاشی و سرامیک,57616105980228781,243.6,242.9,242.9,TSETMC
2009-05-02,1388/02/12,1388,2,12,cement,سیمان، آهک و گچ,70077233737515808,145.9,145.8,145.8,TSETMC
2009-05-02,1388/02/12,1388,2,12,tile_ceramic,کاشی و سرامیک,57616105980228781,242.8,242.6,242.6,TSETMC
2009-05-03,1388/02/13,1388,2,13,cement,سیمان، آهک و گچ,70077233737515808,145.9,145.8,145.9,TSETMC
2009-05-03,1388/02/13,1388,2,13,tile_ceramic,کاشی و سرامیک,57616105980228781,242.5,242.4,242.5,TSETMC
2009-05-04,1388/02/14,1388,2,14,cement,سیمان، آهک و گچ,70077233737515808,146.1,145.9,146.0,TSETMC
2009-05-04,1388/02/14,1388,2,14,tile_ceramic,کاشی و سرامیک,57616105980228781,242.7,242.5,242.7,TSETMC
2009-05-05,1388/02/15,1388,2,15,cement,سیمان، آهک و گچ,70077233737515808,146.1,146.0,146.0,TSETMC
2009-05-05,1388/02/15,1388,2,15,tile_ceramic,کاشی و سرامیک,57616105980228781,242.4,242.3,242.3,TSETMC
2009-05-06,1388/02/16,1388,2,16,cement,سیمان، آهک و گچ,70077233737515808,145.8,145.8,145.8,TSETMC
2009-05-06,1388/02/16,1388,2,16,tile_ceramic,کاشی و سرامیک,57616105980228781,243.3,242.4,243.3,TSETMC
2009-05-09,1388/02/19,1388,2,19,cement,سیمان، آهک و گچ,70077233737515808,146.3,145.8,146.3,TSETMC
2009-05-09,1388/02/19,1388,2,19,tile_ceramic,کاشی و سرامیک,57616105980228781,244.3,243.6,244.3,TSETMC
2009-05-10,1388/02/20,1388,2,20,cement,سیمان، آهک و گچ,70077233737515808,146.7,146.4,146.7,TSETMC
2009-05-10,1388/02/20,1388,2,20,tile_ceramic,کاشی و سرامیک,57616105980228781,245.3,244.4,245.3,TSETMC
2009-05-11,1388/02/21,1388,2,21,cement,سیمان، آهک و گچ,70077233737515808,147.1,147.0,147.1,TSETMC
2009-05-11,1388/02/21,1388,2,21,tile_ceramic,کاشی و سرامیک,57616105980228781,245.2,244.9,244.9,TSETMC
2009-05-12,1388/02/22,1388,2,22,cement,سیمان، آهک و گچ,70077233737515808,147.1,146.9,146.9,TSETMC
2009-05-12,1388/02/22,1388,2,22,tile_ceramic,کاشی و سرامیک,57616105980228781,245.5,245.3,245.5,TSETMC
2009-05-13,1388/02/23,1388,2,23,cement,سیمان، آهک و گچ,70077233737515808,146.9,146.8,146.8,TSETMC
2009-05-13,1388/02/23,1388,2,23,tile_ceramic,کاشی و سرامیک,57616105980228781,245.6,245.4,245.6,TSETMC
2009-05-16,1388/02/26,1388,2,26,cement,سیمان، آهک و گچ,70077233737515808,146.8,146.8,146.8,TSETMC
2009-05-16,1388/02/26,1388,2,26,tile_ceramic,کاشی و سرامیک,57616105980228781,245.6,245.6,245.6,TSETMC
2009-05-17,1388/02/27,1388,2,27,cement,سیمان، آهک و گچ,70077233737515808,146.7,146.7,146.7,TSETMC
2009-05-17,1388/02/27,1388,2,27,tile_ceramic,کاشی و سرامیک,57616105980228781,245.8,245.7,245.8,TSETMC
2009-05-18,1388/02/28,1388,2,28,cement,سیمان، آهک و گچ,70077233737515808,146.7,146.6,146.6,TSETMC
2009-05-18,1388/02/28,1388,2,28,tile_ceramic,کاشی و سرامیک,57616105980228781,246.0,213.8,246.0,TSETMC
2009-05-19,1388/02/29,1388,2,29,cement,سیمان، آهک و گچ,70077233737515808,146.6,146.1,146.1,TSETMC
2009-05-19,1388/02/29,1388,2,29,tile_ceramic,کاشی و سرامیک,57616105980228781,246.3,246.2,246.3,TSETMC
2009-05-20,1388/02/30,1388,2,30,cement,سیمان، آهک و گچ,70077233737515808,146.9,145.6,145.6,TSETMC
2009-05-20,1388/02/30,1388,2,30,tile_ceramic,کاشی و سرامیک,57616105980228781,246.5,246.3,246.5,TSETMC
2009-05-23,1388/03/02,1388,3,2,cement,سیمان، آهک و گچ,70077233737515808,145.6,145.5,145.5,TSETMC
2009-05-23,1388/03/02,1388,3,2,tile_ceramic,کاشی و سرامیک,57616105980228781,247.3,218.4,247.3,TSETMC
2009-05-24,1388/03/03,1388,3,3,cement,سیمان، آهک و گچ,70077233737515808,145.9,145.2,145.2,TSETMC
2009-05-24,1388/03/03,1388,3,3,tile_ceramic,کاشی و سرامیک,57616105980228781,247.3,237.5,239.5,TSETMC
2009-05-25,1388/03/04,1388,3,4,cement,سیمان، آهک و گچ,70077233737515808,145.2,145.0,145.0,TSETMC
2009-05-25,1388/03/04,1388,3,4,tile_ceramic,کاشی و سرامیک,57616105980228781,240.2,239.6,240.2,TSETMC
2009-05-26,1388/03/05,1388,3,5,cement,سیمان، آهک و گچ,70077233737515808,145.3,143.9,143.9,TSETMC
2009-05-26,1388/03/05,1388,3,5,tile_ceramic,کاشی و سرامیک,57616105980228781,241.0,240.3,241.0,TSETMC
2009-05-27,1388/03/06,1388,3,6,cement,سیمان، آهک و گچ,70077233737515808,143.8,143.0,143.3,TSETMC
2009-05-27,1388/03/06,1388,3,6,tile_ceramic,کاشی و سرامیک,57616105980228781,234.4,234.3,234.3,TSETMC
2009-05-30,1388/03/09,1388,3,9,cement,سیمان، آهک و گچ,70077233737515808,143.4,143.2,143.2,TSETMC
2009-05-30,1388/03/09,1388,3,9,tile_ceramic,کاشی و سرامیک,57616105980228781,234.4,233.9,234.0,TSETMC
2009-05-31,1388/03/10,1388,3,10,cement,سیمان، آهک و گچ,70077233737515808,143.5,140.7,140.7,TSETMC
2009-05-31,1388/03/10,1388,3,10,tile_ceramic,کاشی و سرامیک,57616105980228781,234.0,234.0,234.0,TSETMC
2009-06-01,1388/03/11,1388,3,11,cement,سیمان، آهک و گچ,70077233737515808,141.0,140.7,141.0,TSETMC
2009-06-01,1388/03/11,1388,3,11,tile_ceramic,کاشی و سرامیک,57616105980228781,234.0,234.0,234.0,TSETMC
2009-06-02,1388/03/12,1388,3,12,cement,سیمان، آهک و گچ,70077233737515808,141.4,140.9,141.0,TSETMC
2009-06-02,1388/03/12,1388,3,12,tile_ceramic,کاشی و سرامیک,57616105980228781,233.1,232.8,233.0,TSETMC
2009-06-03,1388/03/13,1388,3,13,cement,سیمان، آهک و گچ,70077233737515808,141.8,141.0,141.6,TSETMC
2009-06-03,1388/03/13,1388,3,13,tile_ceramic,کاشی و سرامیک,57616105980228781,233.3,233.0,233.3,TSETMC
2009-06-06,1388/03/16,1388,3,16,cement,سیمان، آهک و گچ,70077233737515808,142.0,141.8,142.0,TSETMC
2009-06-06,1388/03/16,1388,3,16,tile_ceramic,کاشی و سرامیک,57616105980228781,233.3,233.1,233.1,TSETMC
2009-06-07,1388/03/17,1388,3,17,cement,سیمان، آهک و گچ,70077233737515808,142.0,140.1,140.3,TSETMC
2009-06-07,1388/03/17,1388,3,17,tile_ceramic,کاشی و سرامیک,57616105980228781,233.3,233.1,233.3,TSETMC
2009-06-08,1388/03/18,1388,3,18,cement,سیمان، آهک و گچ,70077233737515808,140.6,140.2,140.3,TSETMC
2009-06-08,1388/03/18,1388,3,18,tile_ceramic,کاشی و سرامیک,57616105980228781,234.3,233.5,234.3,TSETMC
2009-06-09,1388/03/19,1388,3,19,cement,سیمان، آهک و گچ,70077233737515808,140.5,140.3,140.5,TSETMC
2009-06-09,1388/03/19,1388,3,19,tile_ceramic,کاشی و سرامیک,57616105980228781,234.3,233.3,233.3,TSETMC
2009-06-10,1388/03/20,1388,3,20,cement,سیمان، آهک و گچ,70077233737515808,140.5,140.5,140.5,TSETMC
2009-06-10,1388/03/20,1388,3,20,tile_ceramic,کاشی و سرامیک,57616105980228781,233.4,233.3,233.4,TSETMC
2009-06-13,1388/03/23,1388,3,23,cement,سیمان، آهک و گچ,70077233737515808,140.6,140.5,140.5,TSETMC
2009-06-13,1388/03/23,1388,3,23,tile_ceramic,کاشی و سرامیک,57616105980228781,233.6,232.5,232.7,TSETMC
2009-06-14,1388/03/24,1388,3,24,cement,سیمان، آهک و گچ,70077233737515808,141.9,140.5,140.7,TSETMC
2009-06-14,1388/03/24,1388,3,24,tile_ceramic,کاشی و سرامیک,57616105980228781,232.7,231.9,231.9,TSETMC
2009-06-15,1388/03/25,1388,3,25,cement,سیمان، آهک و گچ,70077233737515808,141.6,140.7,141.5,TSETMC
2009-06-15,1388/03/25,1388,3,25,tile_ceramic,کاشی و سرامیک,57616105980228781,231.9,231.3,231.3,TSETMC
2009-06-16,1388/03/26,1388,3,26,cement,سیمان، آهک و گچ,70077233737515808,141.5,141.5,141.5,TSETMC
2009-06-16,1388/03/26,1388,3,26,tile_ceramic,کاشی و سرامیک,57616105980228781,231.1,230.3,231.0,TSETMC
2009-06-17,1388/03/27,1388,3,27,cement,سیمان، آهک و گچ,70077233737515808,141.5,141.1,141.1,TSETMC
2009-06-17,1388/03/27,1388,3,27,tile_ceramic,کاشی و سرامیک,57616105980228781,231.0,230.9,230.9,TSETMC
2009-06-20,1388/03/30,1388,3,30,cement,سیمان، آهک و گچ,70077233737515808,141.1,140.6,140.6,TSETMC
2009-06-20,1388/03/30,1388,3,30,tile_ceramic,کاشی و سرامیک,57616105980228781,231.3,230.9,231.3,TSETMC
2009-06-21,1388/03/31,1388,3,31,cement,سیمان، آهک و گچ,70077233737515808,140.7,140.6,140.6,TSETMC
2009-06-21,1388/03/31,1388,3,31,tile_ceramic,کاشی و سرامیک,57616105980228781,232.0,231.3,232.0,TSETMC
2009-06-22,1388/04/01,1388,4,1,cement,سیمان، آهک و گچ,70077233737515808,141.4,140.6,141.3,TSETMC
2009-06-22,1388/04/01,1388,4,1,tile_ceramic,کاشی و سرامیک,57616105980228781,232.1,232.0,232.1,TSETMC
2009-06-23,1388/04/02,1388,4,2,cement,سیمان، آهک و گچ,70077233737515808,141.3,141.1,141.1,TSETMC
2009-06-23,1388/04/02,1388,4,2,tile_ceramic,کاشی و سرامیک,57616105980228781,232.1,232.1,232.1,TSETMC
2009-06-24,1388/04/03,1388,4,3,cement,سیمان، آهک و گچ,70077233737515808,141.1,140.5,140.5,TSETMC
2009-06-24,1388/04/03,1388,4,3,tile_ceramic,کاشی و سرامیک,57616105980228781,232.1,232.1,232.1,TSETMC
2009-06-27,1388/04/06,1388,4,6,cement,سیمان، آهک و گچ,70077233737515808,140.7,140.4,140.7,TSETMC
2009-06-27,1388/04/06,1388,4,6,tile_ceramic,کاشی و سرامیک,57616105980228781,232.1,232.1,232.1,TSETMC
2009-06-28,1388/04/07,1388,4,7,cement,سیمان، آهک و گچ,70077233737515808,141.0,140.7,140.9,TSETMC
2009-06-28,1388/04/07,1388,4,7,tile_ceramic,کاشی و سرامیک,57616105980228781,247.8,232.2,246.3,TSETMC
2009-06-29,1388/04/08,1388,4,8,cement,سیمان، آهک و گچ,70077233737515808,141.0,140.7,140.7,TSETMC
2009-06-29,1388/04/08,1388,4,8,tile_ceramic,کاشی و سرامیک,57616105980228781,248.8,247.2,248.8,TSETMC
2009-06-30,1388/04/09,1388,4,9,cement,سیمان، آهک و گچ,70077233737515808,142.0,140.7,141.7,TSETMC
2009-06-30,1388/04/09,1388,4,9,tile_ceramic,کاشی و سرامیک,57616105980228781,249.9,249.6,249.9,TSETMC
2009-07-01,1388/04/10,1388,4,10,cement,سیمان، آهک و گچ,70077233737515808,141.8,141.7,141.7,TSETMC
2009-07-01,1388/04/10,1388,4,10,tile_ceramic,کاشی و سرامیک,57616105980228781,251.7,251.5,251.7,TSETMC
2009-07-04,1388/04/13,1388,4,13,cement,سیمان، آهک و گچ,70077233737515808,141.8,141.7,141.8,TSETMC
2009-07-04,1388/04/13,1388,4,13,tile_ceramic,کاشی و سرامیک,57616105980228781,251.1,250.7,250.9,TSETMC
2009-07-05,1388/04/14,1388,4,14,cement,سیمان، آهک و گچ,70077233737515808,141.8,141.8,141.8,TSETMC
2009-07-05,1388/04/14,1388,4,14,tile_ceramic,کاشی و سرامیک,57616105980228781,250.7,250.5,250.5,TSETMC
2009-07-07,1388/04/16,1388,4,16,cement,سیمان، آهک و گچ,70077233737515808,141.8,141.8,141.8,TSETMC
2009-07-07,1388/04/16,1388,4,16,tile_ceramic,کاشی و سرامیک,57616105980228781,256.8,250.5,256.8,TSETMC
2009-07-11,1388/04/20,1388,4,20,cement,سیمان، آهک و گچ,70077233737515808,142.3,141.7,142.0,TSETMC
2009-07-11,1388/04/20,1388,4,20,tile_ceramic,کاشی و سرامیک,57616105980228781,257.5,256.8,257.5,TSETMC
2009-07-12,1388/04/21,1388,4,21,cement,سیمان، آهک و گچ,70077233737515808,142.5,142.1,142.5,TSETMC
2009-07-12,1388/04/21,1388,4,21,tile_ceramic,کاشی و سرامیک,57616105980228781,262.0,257.5,260.1,TSETMC
2009-07-13,1388/04/22,1388,4,22,cement,سیمان، آهک و گچ,70077233737515808,143.2,142.5,142.6,TSETMC
2009-07-13,1388/04/22,1388,4,22,tile_ceramic,کاشی و سرامیک,57616105980228781,260.4,260.1,260.4,TSETMC
2009-07-14,1388/04/23,1388,4,23,cement,سیمان، آهک و گچ,70077233737515808,143.1,142.7,143.1,TSETMC
2009-07-14,1388/04/23,1388,4,23,tile_ceramic,کاشی و سرامیک,57616105980228781,261.1,259.6,259.6,TSETMC
2009-07-15,1388/04/24,1388,4,24,cement,سیمان، آهک و گچ,70077233737515808,143.1,143.0,143.0,TSETMC
2009-07-15,1388/04/24,1388,4,24,tile_ceramic,کاشی و سرامیک,57616105980228781,259.5,259.3,259.3,TSETMC
2009-07-16,1388/04/25,1388,4,25,cement,سیمان، آهک و گچ,70077233737515808,143.0,143.0,143.0,TSETMC
2009-07-16,1388/04/25,1388,4,25,tile_ceramic,کاشی و سرامیک,57616105980228781,259.3,259.3,259.3,TSETMC
2009-07-18,1388/04/27,1388,4,27,cement,سیمان، آهک و گچ,70077233737515808,143.0,143.0,143.0,TSETMC
2009-07-18,1388/04/27,1388,4,27,tile_ceramic,کاشی و سرامیک,57616105980228781,259.5,259.2,259.5,TSETMC
2009-07-19,1388/04/28,1388,4,28,cement,سیمان، آهک و گچ,70077233737515808,143.3,143.0,143.3,TSETMC
2009-07-19,1388/04/28,1388,4,28,tile_ceramic,کاشی و سرامیک,57616105980228781,259.5,259.3,259.4,TSETMC
2009-07-21,1388/04/30,1388,4,30,cement,سیمان، آهک و گچ,70077233737515808,143.4,143.3,143.4,TSETMC
2009-07-21,1388/04/30,1388,4,30,tile_ceramic,کاشی و سرامیک,57616105980228781,259.4,259.0,259.0,TSETMC
2009-07-22,1388/04/31,1388,4,31,cement,سیمان، آهک و گچ,70077233737515808,143.4,142.8,143.0,TSETMC
2009-07-22,1388/04/31,1388,4,31,tile_ceramic,کاشی و سرامیک,57616105980228781,259.0,258.9,258.9,TSETMC
2009-07-25,1388/05/03,1388,5,3,cement,سیمان، آهک و گچ,70077233737515808,143.1,143.0,143.1,TSETMC
2009-07-25,1388/05/03,1388,5,3,tile_ceramic,کاشی و سرامیک,57616105980228781,259.0,258.9,259.0,TSETMC
2009-07-26,1388/05/04,1388,5,4,cement,سیمان، آهک و گچ,70077233737515808,146.0,143.1,145.3,TSETMC
2009-07-26,1388/05/04,1388,5,4,tile_ceramic,کاشی و سرامیک,57616105980228781,259.1,258.9,258.9,TSETMC
2009-07-27,1388/05/05,1388,5,5,cement,سیمان، آهک و گچ,70077233737515808,145.4,145.3,145.3,TSETMC
2009-07-27,1388/05/05,1388,5,5,tile_ceramic,کاشی و سرامیک,57616105980228781,259.0,258.7,258.7,TSETMC
2009-07-28,1388/05/06,1388,5,6,cement,سیمان، آهک و گچ,70077233737515808,145.3,145.0,145.1,TSETMC
2009-07-28,1388/05/06,1388,5,6,tile_ceramic,کاشی و سرامیک,57616105980228781,258.7,258.6,258.6,TSETMC
2009-07-29,1388/05/07,1388,5,7,cement,سیمان، آهک و گچ,70077233737515808,145.3,145.1,145.3,TSETMC
2009-07-29,1388/05/07,1388,5,7,tile_ceramic,کاشی و سرامیک,57616105980228781,258.6,256.4,256.4,TSETMC
2009-08-01,1388/05/10,1388,5,10,cement,سیمان، آهک و گچ,70077233737515808,145.9,144.9,145.9,TSETMC
2009-08-01,1388/05/10,1388,5,10,tile_ceramic,کاشی و سرامیک,57616105980228781,256.9,256.5,256.9,TSETMC
2009-08-02,1388/05/11,1388,5,11,cement,سیمان، آهک و گچ,70077233737515808,146.9,145.7,146.9,TSETMC
2009-08-02,1388/05/11,1388,5,11,tile_ceramic,کاشی و سرامیک,57616105980228781,257.3,256.9,257.3,TSETMC
2009-08-03,1388/05/12,1388,5,12,cement,سیمان، آهک و گچ,70077233737515808,147.8,146.9,147.8,TSETMC
2009-08-03,1388/05/12,1388,5,12,tile_ceramic,کاشی و سرامیک,57616105980228781,257.5,256.9,257.5,TSETMC
2009-08-04,1388/05/13,1388,5,13,cement,سیمان، آهک و گچ,70077233737515808,148.1,147.8,148.1,TSETMC
2009-08-04,1388/05/13,1388,5,13,tile_ceramic,کاشی و سرامیک,57616105980228781,257.7,257.5,257.7,TSETMC
2009-08-05,1388/05/14,1388,5,14,cement,سیمان، آهک و گچ,70077233737515808,148.3,148.1,148.3,TSETMC
2009-08-05,1388/05/14,1388,5,14,tile_ceramic,کاشی و سرامیک,57616105980228781,257.8,257.7,257.7,TSETMC
2009-08-08,1388/05/17,1388,5,17,cement,سیمان، آهک و گچ,70077233737515808,149.1,148.4,149.1,TSETMC
2009-08-08,1388/05/17,1388,5,17,tile_ceramic,کاشی و سرامیک,57616105980228781,258.0,257.3,257.3,TSETMC
2009-08-09,1388/05/18,1388,5,18,cement,سیمان، آهک و گچ,70077233737515808,149.5,149.4,149.5,TSETMC
2009-08-09,1388/05/18,1388,5,18,tile_ceramic,کاشی و سرامیک,57616105980228781,257.3,255.1,255.1,TSETMC
2009-08-10,1388/05/19,1388,5,19,cement,سیمان، آهک و گچ,70077233737515808,150.0,149.8,150.0,TSETMC
2009-08-10,1388/05/19,1388,5,19,tile_ceramic,کاشی و سرامیک,57616105980228781,255.6,255.1,255.5,TSETMC
2009-08-11,1388/05/20,1388,5,20,cement,سیمان، آهک و گچ,70077233737515808,150.9,150.2,150.9,TSETMC
2009-08-11,1388/05/20,1388,5,20,tile_ceramic,کاشی و سرامیک,57616105980228781,256.2,255.6,256.2,TSETMC
2009-08-12,1388/05/21,1388,5,21,cement,سیمان، آهک و گچ,70077233737515808,152.1,151.1,152.1,TSETMC
2009-08-12,1388/05/21,1388,5,21,tile_ceramic,کاشی و سرامیک,57616105980228781,256.2,256.0,256.1,TSETMC
2009-08-15,1388/05/24,1388,5,24,cement,سیمان، آهک و گچ,70077233737515808,152.5,152.1,152.5,TSETMC
2009-08-15,1388/05/24,1388,5,24,tile_ceramic,کاشی و سرامیک,57616105980228781,256.4,256.2,256.2,TSETMC
2009-08-16,1388/05/25,1388,5,25,cement,سیمان، آهک و گچ,70077233737515808,153.2,152.5,153.2,TSETMC
2009-08-16,1388/05/25,1388,5,25,tile_ceramic,کاشی و سرامیک,57616105980228781,256.1,256.0,256.1,TSETMC
2009-08-17,1388/05/26,1388,5,26,cement,سیمان، آهک و گچ,70077233737515808,154.0,153.3,154.0,TSETMC
2009-08-17,1388/05/26,1388,5,26,tile_ceramic,کاشی و سرامیک,57616105980228781,256.2,240.1,256.2,TSETMC
2009-08-18,1388/05/27,1388,5,27,cement,سیمان، آهک و گچ,70077233737515808,154.9,154.2,154.9,TSETMC
2009-08-18,1388/05/27,1388,5,27,tile_ceramic,کاشی و سرامیک,57616105980228781,256.4,248.4,248.6,TSETMC
2009-08-19,1388/05/28,1388,5,28,cement,سیمان، آهک و گچ,70077233737515808,155.7,155.2,155.7,TSETMC
2009-08-19,1388/05/28,1388,5,28,tile_ceramic,کاشی و سرامیک,57616105980228781,248.8,248.6,248.8,TSETMC
2009-08-22,1388/05/31,1388,5,31,cement,سیمان، آهک و گچ,70077233737515808,156.5,155.7,156.5,TSETMC
2009-08-22,1388/05/31,1388,5,31,tile_ceramic,کاشی و سرامیک,57616105980228781,249.4,248.8,249.4,TSETMC
2009-08-23,1388/06/01,1388,6,1,cement,سیمان، آهک و گچ,70077233737515808,157.2,156.9,157.2,TSETMC
2009-08-23,1388/06/01,1388,6,1,tile_ceramic,کاشی و سرامیک,57616105980228781,250.5,249.4,250.5,TSETMC
2009-08-24,1388/06/02,1388,6,2,cement,سیمان، آهک و گچ,70077233737515808,158.0,157.6,158.0,TSETMC
2009-08-24,1388/06/02,1388,6,2,tile_ceramic,کاشی و سرامیک,57616105980228781,251.6,250.7,251.6,TSETMC
2009-08-25,1388/06/03,1388,6,3,cement,سیمان، آهک و گچ,70077233737515808,176.0,158.0,176.0,TSETMC
2009-08-25,1388/06/03,1388,6,3,tile_ceramic,کاشی و سرامیک,57616105980228781,251.8,251.6,251.8,TSETMC
2009-08-26,1388/06/04,1388,6,4,cement,سیمان، آهک و گچ,70077233737515808,177.0,176.3,177.0,TSETMC
2009-08-26,1388/06/04,1388,6,4,tile_ceramic,کاشی و سرامیک,57616105980228781,251.9,251.2,251.2,TSETMC
2009-08-29,1388/06/07,1388,6,7,cement,سیمان، آهک و گچ,70077233737515808,178.6,177.3,178.6,TSETMC
2009-08-29,1388/06/07,1388,6,7,tile_ceramic,کاشی و سرامیک,57616105980228781,250.9,249.9,249.9,TSETMC
2009-08-30,1388/06/08,1388,6,8,cement,سیمان، آهک و گچ,70077233737515808,179.6,179.0,179.6,TSETMC
2009-08-30,1388/06/08,1388,6,8,tile_ceramic,کاشی و سرامیک,57616105980228781,249.9,249.4,249.4,TSETMC
2009-08-31,1388/06/09,1388,6,9,cement,سیمان، آهک و گچ,70077233737515808,179.8,179.6,179.8,TSETMC
2009-08-31,1388/06/09,1388,6,9,tile_ceramic,کاشی و سرامیک,57616105980228781,249.6,249.4,249.6,TSETMC
2009-09-01,1388/06/10,1388,6,10,cement,سیمان، آهک و گچ,70077233737515808,180.5,179.9,180.5,TSETMC
2009-09-01,1388/06/10,1388,6,10,tile_ceramic,کاشی و سرامیک,57616105980228781,249.6,249.1,249.1,TSETMC
2009-09-02,1388/06/11,1388,6,11,cement,سیمان، آهک و گچ,70077233737515808,181.0,180.6,180.9,TSETMC
2009-09-02,1388/06/11,1388,6,11,tile_ceramic,کاشی و سرامیک,57616105980228781,249.7,249.1,249.5,TSETMC
2009-09-05,1388/06/14,1388,6,14,cement,سیمان، آهک و گچ,70077233737515808,181.1,180.9,181.1,TSETMC
2009-09-05,1388/06/14,1388,6,14,tile_ceramic,کاشی و سرامیک,57616105980228781,249.6,249.5,249.5,TSETMC
2009-09-06,1388/06/15,1388,6,15,cement,سیمان، آهک و گچ,70077233737515808,183.1,181.4,183.0,TSETMC
2009-09-06,1388/06/15,1388,6,15,tile_ceramic,کاشی و سرامیک,57616105980228781,249.7,249.5,249.5,TSETMC
2009-09-07,1388/06/16,1388,6,16,cement,سیمان، آهک و گچ,70077233737515808,183.1,183.0,183.0,TSETMC
2009-09-07,1388/06/16,1388,6,16,tile_ceramic,کاشی و سرامیک,57616105980228781,252.3,249.4,250.9,TSETMC
2009-09-08,1388/06/17,1388,6,17,cement,سیمان، آهک و گچ,70077233737515808,183.2,182.9,182.9,TSETMC
2009-09-08,1388/06/17,1388,6,17,tile_ceramic,کاشی و سرامیک,57616105980228781,251.4,250.9,251.4,TSETMC
2009-09-09,1388/06/18,1388,6,18,cement,سیمان، آهک و گچ,70077233737515808,182.9,182.8,182.8,TSETMC
2009-09-09,1388/06/18,1388,6,18,tile_ceramic,کاشی و سرامیک,57616105980228781,252.7,251.5,252.7,TSETMC
2009-09-12,1388/06/21,1388,6,21,cement,سیمان، آهک و گچ,70077233737515808,182.8,182.8,182.8,TSETMC
2009-09-12,1388/06/21,1388,6,21,tile_ceramic,کاشی و سرامیک,57616105980228781,252.7,252.7,252.7,TSETMC
2009-09-13,1388/06/22,1388,6,22,cement,سیمان، آهک و گچ,70077233737515808,182.8,181.4,181.4,TSETMC
2009-09-13,1388/06/22,1388,6,22,tile_ceramic,کاشی و سرامیک,57616105980228781,253.8,252.7,253.7,TSETMC
2009-09-14,1388/06/23,1388,6,23,cement,سیمان، آهک و گچ,70077233737515808,182.3,180.2,182.2,TSETMC
2009-09-14,1388/06/23,1388,6,23,tile_ceramic,کاشی و سرامیک,57616105980228781,254.9,254.7,254.8,TSETMC
2009-09-15,1388/06/24,1388,6,24,cement,سیمان، آهک و گچ,70077233737515808,181.7,181.0,181.7,TSETMC
2009-09-15,1388/06/24,1388,6,24,tile_ceramic,کاشی و سرامیک,57616105980228781,256.3,256.1,256.3,TSETMC
2009-09-16,1388/06/25,1388,6,25,cement,سیمان، آهک و گچ,70077233737515808,181.0,180.7,181.0,TSETMC
2009-09-16,1388/06/25,1388,6,25,tile_ceramic,کاشی و سرامیک,57616105980228781,257.5,256.6,257.5,TSETMC
2009-09-19,1388/06/28,1388,6,28,cement,سیمان، آهک و گچ,70077233737515808,181.4,181.3,181.4,TSETMC
2009-09-19,1388/06/28,1388,6,28,tile_ceramic,کاشی و سرامیک,57616105980228781,257.7,257.7,257.7,TSETMC
2009-09-20,1388/06/29,1388,6,29,cement,سیمان، آهک و گچ,70077233737515808,181.4,181.4,181.4,TSETMC
2009-09-20,1388/06/29,1388,6,29,tile_ceramic,کاشی و سرامیک,57616105980228781,257.7,257.7,257.7,TSETMC
2009-09-21,1388/06/30,1388,6,30,cement,سیمان، آهک و گچ,70077233737515808,181.6,181.3,181.3,TSETMC
2009-09-21,1388/06/30,1388,6,30,tile_ceramic,کاشی و سرامیک,57616105980228781,259.0,257.7,259.0,TSETMC
2009-09-22,1388/06/31,1388,6,31,cement,سیمان، آهک و گچ,70077233737515808,181.7,181.3,181.7,TSETMC
2009-09-22,1388/06/31,1388,6,31,tile_ceramic,کاشی و سرامیک,57616105980228781,260.3,259.0,260.2,TSETMC
2009-09-23,1388/07/01,1388,7,1,cement,سیمان، آهک و گچ,70077233737515808,182.7,181.8,182.7,TSETMC
2009-09-23,1388/07/01,1388,7,1,tile_ceramic,کاشی و سرامیک,57616105980228781,261.0,260.2,261.0,TSETMC
2009-09-26,1388/07/04,1388,7,4,cement,سیمان، آهک و گچ,70077233737515808,183.4,182.8,183.4,TSETMC
2009-09-26,1388/07/04,1388,7,4,tile_ceramic,کاشی و سرامیک,57616105980228781,262.1,261.3,262.1,TSETMC
2009-09-27,1388/07/05,1388,7,5,cement,سیمان، آهک و گچ,70077233737515808,183.6,182.5,182.5,TSETMC
2009-09-27,1388/07/05,1388,7,5,tile_ceramic,کاشی و سرامیک,57616105980228781,263.4,262.8,263.4,TSETMC
2009-09-28,1388/07/06,1388,7,6,cement,سیمان، آهک و گچ,70077233737515808,182.5,182.3,182.3,TSETMC
2009-09-28,1388/07/06,1388,7,6,tile_ceramic,کاشی و سرامیک,57616105980228781,264.3,263.4,264.3,TSETMC
2009-09-29,1388/07/07,1388,7,7,cement,سیمان، آهک و گچ,70077233737515808,182.4,182.3,182.4,TSETMC
2009-09-29,1388/07/07,1388,7,7,tile_ceramic,کاشی و سرامیک,57616105980228781,264.5,264.4,264.4,TSETMC
2009-09-30,1388/07/08,1388,7,8,cement,سیمان، آهک و گچ,70077233737515808,182.6,182.4,182.5,TSETMC
2009-09-30,1388/07/08,1388,7,8,tile_ceramic,کاشی و سرامیک,57616105980228781,264.7,264.5,264.7,TSETMC
2009-10-03,1388/07/11,1388,7,11,cement,سیمان، آهک و گچ,70077233737515808,182.7,181.9,182.6,TSETMC
2009-10-03,1388/07/11,1388,7,11,tile_ceramic,کاشی و سرامیک,57616105980228781,266.2,264.7,266.2,TSETMC
2009-10-04,1388/07/12,1388,7,12,cement,سیمان، آهک و گچ,70077233737515808,183.4,182.8,182.8,TSETMC
2009-10-04,1388/07/12,1388,7,12,tile_ceramic,کاشی و سرامیک,57616105980228781,267.0,266.2,267.0,TSETMC
2009-10-05,1388/07/13,1388,7,13,cement,سیمان، آهک و گچ,70077233737515808,182.8,182.7,182.8,TSETMC
2009-10-05,1388/07/13,1388,7,13,tile_ceramic,کاشی و سرامیک,57616105980228781,269.0,267.0,269.0,TSETMC
2009-10-06,1388/07/14,1388,7,14,cement,سیمان، آهک و گچ,70077233737515808,183.3,182.8,183.3,TSETMC
2009-10-06,1388/07/14,1388,7,14,tile_ceramic,کاشی و سرامیک,57616105980228781,270.8,269.4,270.8,TSETMC
2009-10-07,1388/07/15,1388,7,15,cement,سیمان، آهک و گچ,70077233737515808,183.3,182.8,182.8,TSETMC
2009-10-07,1388/07/15,1388,7,15,tile_ceramic,کاشی و سرامیک,57616105980228781,272.2,272.1,272.1,TSETMC
2009-10-10,1388/07/18,1388,7,18,cement,سیمان، آهک و گچ,70077233737515808,182.8,182.5,182.5,TSETMC
2009-10-10,1388/07/18,1388,7,18,tile_ceramic,کاشی و سرامیک,57616105980228781,272.2,272.0,272.2,TSETMC
2009-10-11,1388/07/19,1388,7,19,cement,سیمان، آهک و گچ,70077233737515808,182.8,181.8,181.8,TSETMC
2009-10-11,1388/07/19,1388,7,19,tile_ceramic,کاشی و سرامیک,57616105980228781,272.4,271.6,271.6,TSETMC
2009-10-12,1388/07/20,1388,7,20,cement,سیمان، آهک و گچ,70077233737515808,181.7,180.4,180.4,TSETMC
2009-10-12,1388/07/20,1388,7,20,tile_ceramic,کاشی و سرامیک,57616105980228781,271.8,271.3,271.4,TSETMC
2009-10-13,1388/07/21,1388,7,21,cement,سیمان، آهک و گچ,70077233737515808,180.4,179.7,179.7,TSETMC
2009-10-13,1388/07/21,1388,7,21,tile_ceramic,کاشی و سرامیک,57616105980228781,271.4,270.3,270.3,TSETMC
2009-10-17,1388/07/25,1388,7,25,cement,سیمان، آهک و گچ,70077233737515808,179.7,179.3,179.3,TSETMC
2009-10-17,1388/07/25,1388,7,25,tile_ceramic,کاشی و سرامیک,57616105980228781,271.5,270.4,271.5,TSETMC
2009-10-18,1388/07/26,1388,7,26,cement,سیمان، آهک و گچ,70077233737515808,179.3,179.2,179.2,TSETMC
2009-10-18,1388/07/26,1388,7,26,tile_ceramic,کاشی و سرامیک,57616105980228781,272.6,271.6,272.6,TSETMC
2009-10-19,1388/07/27,1388,7,27,cement,سیمان، آهک و گچ,70077233737515808,179.1,178.8,178.8,TSETMC
2009-10-19,1388/07/27,1388,7,27,tile_ceramic,کاشی و سرامیک,57616105980228781,273.2,272.7,273.2,TSETMC
2009-10-20,1388/07/28,1388,7,28,cement,سیمان، آهک و گچ,70077233737515808,178.6,178.4,178.4,TSETMC
2009-10-20,1388/07/28,1388,7,28,tile_ceramic,کاشی و سرامیک,57616105980228781,273.8,259.8,273.8,TSETMC
2009-10-21,1388/07/29,1388,7,29,cement,سیمان، آهک و گچ,70077233737515808,178.1,177.6,177.7,TSETMC
2009-10-21,1388/07/29,1388,7,29,tile_ceramic,کاشی و سرامیک,57616105980228781,274.9,274.2,274.9,TSETMC
2009-10-24,1388/08/02,1388,8,2,cement,سیمان، آهک و گچ,70077233737515808,178.5,177.8,178.5,TSETMC
2009-10-24,1388/08/02,1388,8,2,tile_ceramic,کاشی و سرامیک,57616105980228781,275.2,274.9,275.1,TSETMC
2009-10-25,1388/08/03,1388,8,3,cement,سیمان، آهک و گچ,70077233737515808,179.0,178.5,178.9,TSETMC
2009-10-25,1388/08/03,1388,8,3,tile_ceramic,کاشی و سرامیک,57616105980228781,275.5,262.0,262.0,TSETMC
2009-10-26,1388/08/04,1388,8,4,cement,سیمان، آهک و گچ,70077233737515808,179.2,178.8,178.9,TSETMC
2009-10-26,1388/08/04,1388,8,4,tile_ceramic,کاشی و سرامیک,57616105980228781,261.9,260.9,260.9,TSETMC
2009-10-27,1388/08/05,1388,8,5,cement,سیمان، آهک و گچ,70077233737515808,179.2,179.0,179.0,TSETMC
2009-10-27,1388/08/05,1388,8,5,tile_ceramic,کاشی و سرامیک,57616105980228781,261.3,260.7,261.3,TSETMC
2009-10-28,1388/08/06,1388,8,6,cement,سیمان، آهک و گچ,70077233737515808,179.0,178.4,178.4,TSETMC
2009-10-28,1388/08/06,1388,8,6,tile_ceramic,کاشی و سرامیک,57616105980228781,261.7,261.1,261.7,TSETMC
2009-10-31,1388/08/09,1388,8,9,cement,سیمان، آهک و گچ,70077233737515808,178.4,178.1,178.1,TSETMC
2009-10-31,1388/08/09,1388,8,9,tile_ceramic,کاشی و سرامیک,57616105980228781,264.5,261.9,264.5,TSETMC
2009-11-01,1388/08/10,1388,8,10,cement,سیمان، آهک و گچ,70077233737515808,178.0,176.9,176.9,TSETMC
2009-11-01,1388/08/10,1388,8,10,tile_ceramic,کاشی و سرامیک,57616105980228781,267.6,264.5,267.6,TSETMC
2009-11-02,1388/08/11,1388,8,11,cement,سیمان، آهک و گچ,70077233737515808,176.9,176.2,176.2,TSETMC
2009-11-02,1388/08/11,1388,8,11,tile_ceramic,کاشی و سرامیک,57616105980228781,268.6,267.6,268.5,TSETMC
2009-11-03,1388/08/12,1388,8,12,cement,سیمان، آهک و گچ,70077233737515808,176.2,175.3,175.3,TSETMC
2009-11-03,1388/08/12,1388,8,12,tile_ceramic,کاشی و سرامیک,57616105980228781,268.5,267.5,268.2,TSETMC
2009-11-04,1388/08/13,1388,8,13,cement,سیمان، آهک و گچ,70077233737515808,175.4,175.2,175.4,TSETMC
2009-11-04,1388/08/13,1388,8,13,tile_ceramic,کاشی و سرامیک,57616105980228781,269.3,268.2,269.3,TSETMC
2009-11-07,1388/08/16,1388,8,16,cement,سیمان، آهک و گچ,70077233737515808,175.5,175.3,175.3,TSETMC
2009-11-07,1388/08/16,1388,8,16,tile_ceramic,کاشی و سرامیک,57616105980228781,270.8,269.3,270.8,TSETMC
2009-11-08,1388/08/17,1388,8,17,cement,سیمان، آهک و گچ,70077233737515808,175.4,175.2,175.4,TSETMC
2009-11-08,1388/08/17,1388,8,17,tile_ceramic,کاشی و سرامیک,57616105980228781,271.6,271.3,271.6,TSETMC
2009-11-09,1388/08/18,1388,8,18,cement,سیمان، آهک و گچ,70077233737515808,176.2,175.3,176.0,TSETMC
2009-11-09,1388/08/18,1388,8,18,tile_ceramic,کاشی و سرامیک,57616105980228781,271.7,270.4,270.4,TSETMC
2009-11-10,1388/08/19,1388,8,19,cement,سیمان، آهک و گچ,70077233737515808,177.0,176.9,176.9,TSETMC
2009-11-10,1388/08/19,1388,8,19,tile_ceramic,کاشی و سرامیک,57616105980228781,270.9,270.4,270.9,TSETMC
2009-11-11,1388/08/20,1388,8,20,cement,سیمان، آهک و گچ,70077233737515808,177.1,176.9,177.1,TSETMC
2009-11-11,1388/08/20,1388,8,20,tile_ceramic,کاشی و سرامیک,57616105980228781,272.7,271.0,272.7,TSETMC
2009-11-14,1388/08/23,1388,8,23,cement,سیمان، آهک و گچ,70077233737515808,177.0,176.2,176.2,TSETMC
2009-11-14,1388/08/23,1388,8,23,tile_ceramic,کاشی و سرامیک,57616105980228781,290.2,272.9,290.1,TSETMC
2009-11-15,1388/08/24,1388,8,24,cement,سیمان، آهک و گچ,70077233737515808,176.3,176.1,176.1,TSETMC
2009-11-15,1388/08/24,1388,8,24,tile_ceramic,کاشی و سرامیک,57616105980228781,290.6,289.7,290.5,TSETMC
2009-11-16,1388/08/25,1388,8,25,cement,سیمان، آهک و گچ,70077233737515808,176.1,175.6,175.6,TSETMC
2009-11-16,1388/08/25,1388,8,25,tile_ceramic,کاشی و سرامیک,57616105980228781,291.1,290.8,290.8,TSETMC
2009-11-17,1388/08/26,1388,8,26,cement,سیمان، آهک و گچ,70077233737515808,175.5,175.4,175.4,TSETMC
2009-11-17,1388/08/26,1388,8,26,tile_ceramic,کاشی و سرامیک,57616105980228781,291.9,290.6,291.9,TSETMC
2009-11-18,1388/08/27,1388,8,27,cement,سیمان، آهک و گچ,70077233737515808,175.3,174.9,174.9,TSETMC
2009-11-18,1388/08/27,1388,8,27,tile_ceramic,کاشی و سرامیک,57616105980228781,292.7,292.4,292.7,TSETMC
2009-11-21,1388/08/30,1388,8,30,cement,سیمان، آهک و گچ,70077233737515808,174.9,174.5,174.5,TSETMC
2009-11-21,1388/08/30,1388,8,30,tile_ceramic,کاشی و سرامیک,57616105980228781,293.0,292.2,292.7,TSETMC
2009-11-22,1388/09/01,1388,9,1,cement,سیمان، آهک و گچ,70077233737515808,174.5,173.9,173.9,TSETMC
2009-11-22,1388/09/01,1388,9,1,tile_ceramic,کاشی و سرامیک,57616105980228781,293.8,293.4,293.4,TSETMC
2009-11-23,1388/09/02,1388,9,2,cement,سیمان، آهک و گچ,70077233737515808,173.9,173.7,173.7,TSETMC
2009-11-23,1388/09/02,1388,9,2,tile_ceramic,کاشی و سرامیک,57616105980228781,296.5,293.9,296.5,TSETMC
2009-11-24,1388/09/03,1388,9,3,cement,سیمان، آهک و گچ,70077233737515808,173.7,173.1,173.2,TSETMC
2009-11-24,1388/09/03,1388,9,3,tile_ceramic,کاشی و سرامیک,57616105980228781,298.5,296.6,298.5,TSETMC
2009-11-25,1388/09/04,1388,9,4,cement,سیمان، آهک و گچ,70077233737515808,173.9,173.2,173.9,TSETMC
2009-11-25,1388/09/04,1388,9,4,tile_ceramic,کاشی و سرامیک,57616105980228781,299.9,298.8,299.7,TSETMC
2009-11-29,1388/09/08,1388,9,8,cement,سیمان، آهک و گچ,70077233737515808,173.8,171.2,171.2,TSETMC
2009-11-29,1388/09/08,1388,9,8,tile_ceramic,کاشی و سرامیک,57616105980228781,300.5,300.0,300.0,TSETMC
2009-11-30,1388/09/09,1388,9,9,cement,سیمان، آهک و گچ,70077233737515808,171.1,170.3,170.3,TSETMC
2009-11-30,1388/09/09,1388,9,9,tile_ceramic,کاشی و سرامیک,57616105980228781,300.1,299.5,299.5,TSETMC
2009-12-01,1388/09/10,1388,9,10,cement,سیمان، آهک و گچ,70077233737515808,170.3,169.5,169.5,TSETMC
2009-12-01,1388/09/10,1388,9,10,tile_ceramic,کاشی و سرامیک,57616105980228781,299.6,299.3,299.3,TSETMC
2009-12-02,1388/09/11,1388,9,11,cement,سیمان، آهک و گچ,70077233737515808,169.4,169.4,169.4,TSETMC
2009-12-02,1388/09/11,1388,9,11,tile_ceramic,کاشی و سرامیک,57616105980228781,299.3,298.9,299.0,TSETMC
2009-12-05,1388/09/14,1388,9,14,cement,سیمان، آهک و گچ,70077233737515808,169.4,169.2,169.2,TSETMC
2009-12-05,1388/09/14,1388,9,14,tile_ceramic,کاشی و سرامیک,57616105980228781,299.2,298.6,299.1,TSETMC
2009-12-07,1388/09/16,1388,9,16,cement,سیمان، آهک و گچ,70077233737515808,169.2,169.0,169.0,TSETMC
2009-12-07,1388/09/16,1388,9,16,tile_ceramic,کاشی و سرامیک,57616105980228781,299.6,299.1,299.4,TSETMC
2009-12-08,1388/09/17,1388,9,17,cement,سیمان، آهک و گچ,70077233737515808,169.0,167.6,167.6,TSETMC
2009-12-08,1388/09/17,1388,9,17,tile_ceramic,کاشی و سرامیک,57616105980228781,299.8,299.2,299.8,TSETMC
2009-12-09,1388/09/18,1388,9,18,cement,سیمان، آهک و گچ,70077233737515808,167.5,167.2,167.2,TSETMC
2009-12-09,1388/09/18,1388,9,18,tile_ceramic,کاشی و سرامیک,57616105980228781,300.1,298.9,298.9,TSETMC
2009-12-12,1388/09/21,1388,9,21,cement,سیمان، آهک و گچ,70077233737515808,167.0,166.8,166.8,TSETMC
2009-12-12,1388/09/21,1388,9,21,tile_ceramic,کاشی و سرامیک,57616105980228781,299.9,298.9,299.9,TSETMC
2009-12-13,1388/09/22,1388,9,22,cement,سیمان، آهک و گچ,70077233737515808,166.8,165.4,165.4,TSETMC
2009-12-13,1388/09/22,1388,9,22,tile_ceramic,کاشی و سرامیک,57616105980228781,301.2,301.1,301.2,TSETMC
2009-12-14,1388/09/23,1388,9,23,cement,سیمان، آهک و گچ,70077233737515808,165.2,164.9,164.9,TSETMC
2009-12-14,1388/09/23,1388,9,23,tile_ceramic,کاشی و سرامیک,57616105980228781,301.8,301.2,301.8,TSETMC
2009-12-15,1388/09/24,1388,9,24,cement,سیمان، آهک و گچ,70077233737515808,164.7,164.4,164.4,TSETMC
2009-12-15,1388/09/24,1388,9,24,tile_ceramic,کاشی و سرامیک,57616105980228781,301.8,299.9,299.9,TSETMC
2009-12-16,1388/09/25,1388,9,25,cement,سیمان، آهک و گچ,70077233737515808,164.3,161.4,164.0,TSETMC
2009-12-16,1388/09/25,1388,9,25,tile_ceramic,کاشی و سرامیک,57616105980228781,299.5,298.8,298.8,TSETMC
2009-12-19,1388/09/28,1388,9,28,cement,سیمان، آهک و گچ,70077233737515808,161.2,161.1,161.1,TSETMC
2009-12-19,1388/09/28,1388,9,28,tile_ceramic,کاشی و سرامیک,57616105980228781,298.8,298.1,298.1,TSETMC
2009-12-20,1388/09/29,1388,9,29,cement,سیمان، آهک و گچ,70077233737515808,161.1,161.0,161.0,TSETMC
2009-12-20,1388/09/29,1388,9,29,tile_ceramic,کاشی و سرامیک,57616105980228781,298.4,298.1,298.4,TSETMC
2009-12-21,1388/09/30,1388,9,30,cement,سیمان، آهک و گچ,70077233737515808,160.9,160.7,160.8,TSETMC
2009-12-21,1388/09/30,1388,9,30,tile_ceramic,کاشی و سرامیک,57616105980228781,299.6,298.6,299.6,TSETMC
2009-12-22,1388/10/01,1388,10,1,cement,سیمان، آهک و گچ,70077233737515808,160.8,160.7,160.7,TSETMC
2009-12-22,1388/10/01,1388,10,1,tile_ceramic,کاشی و سرامیک,57616105980228781,301.0,300.2,300.2,TSETMC
2009-12-23,1388/10/02,1388,10,2,cement,سیمان، آهک و گچ,70077233737515808,160.7,160.6,160.6,TSETMC
2009-12-23,1388/10/02,1388,10,2,tile_ceramic,کاشی و سرامیک,57616105980228781,301.1,300.2,301.1,TSETMC
2009-12-28,1388/10/07,1388,10,7,cement,سیمان، آهک و گچ,70077233737515808,160.5,160.4,160.4,TSETMC
2009-12-28,1388/10/07,1388,10,7,tile_ceramic,کاشی و سرامیک,57616105980228781,300.9,299.9,299.9,TSETMC
2009-12-29,1388/10/08,1388,10,8,cement,سیمان، آهک و گچ,70077233737515808,160.4,160.3,160.3,TSETMC
2009-12-29,1388/10/08,1388,10,8,tile_ceramic,کاشی و سرامیک,57616105980228781,299.9,299.1,299.1,TSETMC
2009-12-30,1388/10/09,1388,10,9,cement,سیمان، آهک و گچ,70077233737515808,160.4,159.9,159.9,TSETMC
2009-12-30,1388/10/09,1388,10,9,tile_ceramic,کاشی و سرامیک,57616105980228781,299.3,299.0,299.3,TSETMC
2010-01-02,1388/10/12,1388,10,12,cement,سیمان، آهک و گچ,70077233737515808,159.9,159.7,159.8,TSETMC
2010-01-02,1388/10/12,1388,10,12,tile_ceramic,کاشی و سرامیک,57616105980228781,299.4,298.6,299.4,TSETMC
2010-01-03,1388/10/13,1388,10,13,cement,سیمان، آهک و گچ,70077233737515808,159.8,159.7,159.7,TSETMC
2010-01-03,1388/10/13,1388,10,13,tile_ceramic,کاشی و سرامیک,57616105980228781,299.5,299.5,299.5,TSETMC
2010-01-04,1388/10/14,1388,10,14,cement,سیمان، آهک و گچ,70077233737515808,159.7,159.5,159.5,TSETMC
2010-01-04,1388/10/14,1388,10,14,tile_ceramic,کاشی و سرامیک,57616105980228781,299.4,299.3,299.3,TSETMC
2010-01-05,1388/10/15,1388,10,15,cement,سیمان، آهک و گچ,70077233737515808,159.5,159.4,159.4,TSETMC
2010-01-05,1388/10/15,1388,10,15,tile_ceramic,کاشی و سرامیک,57616105980228781,299.3,298.2,298.2,TSETMC
2010-01-06,1388/10/16,1388,10,16,cement,سیمان، آهک و گچ,70077233737515808,159.4,159.3,159.3,TSETMC
2010-01-06,1388/10/16,1388,10,16,tile_ceramic,کاشی و سرامیک,57616105980228781,298.3,297.9,298.0,TSETMC
2010-01-09,1388/10/19,1388,10,19,cement,سیمان، آهک و گچ,70077233737515808,159.5,159.3,159.5,TSETMC
2010-01-09,1388/10/19,1388,10,19,tile_ceramic,کاشی و سرامیک,57616105980228781,297.9,297.4,297.5,TSETMC
2010-01-10,1388/10/20,1388,10,20,cement,سیمان، آهک و گچ,70077233737515808,159.7,159.5,159.7,TSETMC
2010-01-10,1388/10/20,1388,10,20,tile_ceramic,کاشی و سرامیک,57616105980228781,297.3,297.2,297.2,TSETMC
2010-01-11,1388/10/21,1388,10,21,cement,سیمان، آهک و گچ,70077233737515808,159.7,159.7,159.7,TSETMC
2010-01-11,1388/10/21,1388,10,21,tile_ceramic,کاشی و سرامیک,57616105980228781,297.1,297.0,297.1,TSETMC
2010-01-12,1388/10/22,1388,10,22,cement,سیمان، آهک و گچ,70077233737515808,159.7,159.6,159.6,TSETMC
2010-01-12,1388/10/22,1388,10,22,tile_ceramic,کاشی و سرامیک,57616105980228781,297.1,296.8,296.8,TSETMC
2010-01-13,1388/10/23,1388,10,23,cement,سیمان، آهک و گچ,70077233737515808,159.8,159.3,159.7,TSETMC
2010-01-13,1388/10/23,1388,10,23,tile_ceramic,کاشی و سرامیک,57616105980228781,297.1,296.7,297.1,TSETMC
2010-01-16,1388/10/26,1388,10,26,cement,سیمان، آهک و گچ,70077233737515808,159.9,159.7,159.8,TSETMC
2010-01-16,1388/10/26,1388,10,26,tile_ceramic,کاشی و سرامیک,57616105980228781,298.7,297.1,298.7,TSETMC
2010-01-17,1388/10/27,1388,10,27,cement,سیمان، آهک و گچ,70077233737515808,160.0,159.7,160.0,TSETMC
2010-01-17,1388/10/27,1388,10,27,tile_ceramic,کاشی و سرامیک,57616105980228781,300.0,298.6,300.0,TSETMC
2010-01-18,1388/10/28,1388,10,28,cement,سیمان، آهک و گچ,70077233737515808,160.0,159.6,159.6,TSETMC
2010-01-18,1388/10/28,1388,10,28,tile_ceramic,کاشی و سرامیک,57616105980228781,303.1,301.6,303.1,TSETMC
2010-01-19,1388/10/29,1388,10,29,cement,سیمان، آهک و گچ,70077233737515808,159.7,159.6,159.6,TSETMC
2010-01-19,1388/10/29,1388,10,29,tile_ceramic,کاشی و سرامیک,57616105980228781,306.4,306.2,306.4,TSETMC
2010-01-20,1388/10/30,1388,10,30,cement,سیمان، آهک و گچ,70077233737515808,159.7,159.5,159.7,TSETMC
2010-01-20,1388/10/30,1388,10,30,tile_ceramic,کاشی و سرامیک,57616105980228781,309.6,307.0,309.4,TSETMC
2010-01-23,1388/11/03,1388,11,3,cement,سیمان، آهک و گچ,70077233737515808,160.2,159.8,160.2,TSETMC
2010-01-23,1388/11/03,1388,11,3,tile_ceramic,کاشی و سرامیک,57616105980228781,311.9,309.9,311.6,TSETMC
2010-01-24,1388/11/04,1388,11,4,cement,سیمان، آهک و گچ,70077233737515808,160.6,160.3,160.6,TSETMC
2010-01-24,1388/11/04,1388,11,4,tile_ceramic,کاشی و سرامیک,57616105980228781,312.9,312.1,312.1,TSETMC
2010-01-25,1388/11/05,1388,11,5,cement,سیمان، آهک و گچ,70077233737515808,160.8,160.7,160.7,TSETMC
2010-01-25,1388/11/05,1388,11,5,tile_ceramic,کاشی و سرامیک,57616105980228781,313.9,312.4,313.9,TSETMC
2010-01-26,1388/11/06,1388,11,6,cement,سیمان، آهک و گچ,70077233737515808,161.1,160.5,160.5,TSETMC
2010-01-26,1388/11/06,1388,11,6,tile_ceramic,کاشی و سرامیک,57616105980228781,314.3,313.7,313.7,TSETMC
2010-01-27,1388/11/07,1388,11,7,cement,سیمان، آهک و گچ,70077233737515808,162.6,160.6,162.6,TSETMC
2010-01-27,1388/11/07,1388,11,7,tile_ceramic,کاشی و سرامیک,57616105980228781,315.1,313.8,315.1,TSETMC
2010-01-30,1388/11/10,1388,11,10,cement,سیمان، آهک و گچ,70077233737515808,162.7,162.6,162.6,TSETMC
2010-01-30,1388/11/10,1388,11,10,tile_ceramic,کاشی و سرامیک,57616105980228781,320.8,316.0,316.0,TSETMC
2010-01-31,1388/11/11,1388,11,11,cement,سیمان، آهک و گچ,70077233737515808,163.2,162.6,163.2,TSETMC
2010-01-31,1388/11/11,1388,11,11,tile_ceramic,کاشی و سرامیک,57616105980228781,319.3,305.1,305.1,TSETMC
2010-02-01,1388/11/12,1388,11,12,cement,سیمان، آهک و گچ,70077233737515808,163.4,163.3,163.3,TSETMC
2010-02-01,1388/11/12,1388,11,12,tile_ceramic,کاشی و سرامیک,57616105980228781,305.6,305.2,305.6,TSETMC
2010-02-02,1388/11/13,1388,11,13,cement,سیمان، آهک و گچ,70077233737515808,163.5,163.3,163.4,TSETMC
2010-02-02,1388/11/13,1388,11,13,tile_ceramic,کاشی و سرامیک,57616105980228781,305.8,305.5,305.8,TSETMC
2010-02-03,1388/11/14,1388,11,14,cement,سیمان، آهک و گچ,70077233737515808,163.4,163.3,163.3,TSETMC
2010-02-03,1388/11/14,1388,11,14,tile_ceramic,کاشی و سرامیک,57616105980228781,305.8,305.7,305.7,TSETMC
2010-02-06,1388/11/17,1388,11,17,cement,سیمان، آهک و گچ,70077233737515808,163.6,163.3,163.3,TSETMC
2010-02-06,1388/11/17,1388,11,17,tile_ceramic,کاشی و سرامیک,57616105980228781,305.7,305.5,305.5,TSETMC
2010-02-07,1388/11/18,1388,11,18,cement,سیمان، آهک و گچ,70077233737515808,163.3,163.2,163.3,TSETMC
2010-02-07,1388/11/18,1388,11,18,tile_ceramic,کاشی و سرامیک,57616105980228781,305.6,303.3,304.8,TSETMC
2010-02-08,1388/11/19,1388,11,19,cement,سیمان، آهک و گچ,70077233737515808,164.3,163.1,164.1,TSETMC
2010-02-08,1388/11/19,1388,11,19,tile_ceramic,کاشی و سرامیک,57616105980228781,305.2,303.7,305.2,TSETMC
2010-02-09,1388/11/20,1388,11,20,cement,سیمان، آهک و گچ,70077233737515808,164.1,163.7,163.7,TSETMC
2010-02-09,1388/11/20,1388,11,20,tile_ceramic,کاشی و سرامیک,57616105980228781,305.5,304.0,304.1,TSETMC
2010-02-10,1388/11/21,1388,11,21,cement,سیمان، آهک و گچ,70077233737515808,163.7,163.4,163.4,TSETMC
2010-02-10,1388/11/21,1388,11,21,tile_ceramic,کاشی و سرامیک,57616105980228781,304.6,304.2,304.6,TSETMC
2010-02-14,1388/11/25,1388,11,25,cement,سیمان، آهک و گچ,70077233737515808,163.4,163.4,163.4,TSETMC
2010-02-14,1388/11/25,1388,11,25,tile_ceramic,کاشی و سرامیک,57616105980228781,305.0,304.7,305.0,TSETMC
2010-02-16,1388/11/27,1388,11,27,cement,سیمان، آهک و گچ,70077233737515808,163.7,163.4,163.7,TSETMC
2010-02-16,1388/11/27,1388,11,27,tile_ceramic,کاشی و سرامیک,57616105980228781,305.5,305.1,305.5,TSETMC
2010-02-17,1388/11/28,1388,11,28,cement,سیمان، آهک و گچ,70077233737515808,163.8,163.7,163.7,TSETMC
2010-02-17,1388/11/28,1388,11,28,tile_ceramic,کاشی و سرامیک,57616105980228781,307.5,305.9,307.5,TSETMC
2010-02-20,1388/12/01,1388,12,1,cement,سیمان، آهک و گچ,70077233737515808,164.3,163.7,164.0,TSETMC
2010-02-20,1388/12/01,1388,12,1,tile_ceramic,کاشی و سرامیک,57616105980228781,307.7,307.5,307.7,TSETMC
2010-02-21,1388/12/02,1388,12,2,cement,سیمان، آهک و گچ,70077233737515808,164.0,163.6,163.6,TSETMC
2010-02-21,1388/12/02,1388,12,2,tile_ceramic,کاشی و سرامیک,57616105980228781,359.8,307.7,339.2,TSETMC
2010-02-22,1388/12/03,1388,12,3,cement,سیمان، آهک و گچ,70077233737515808,164.4,163.6,164.4,TSETMC
2010-02-22,1388/12/03,1388,12,3,tile_ceramic,کاشی و سرامیک,57616105980228781,339.4,338.2,339.2,TSETMC
2010-02-23,1388/12/04,1388,12,4,cement,سیمان، آهک و گچ,70077233737515808,164.5,164.5,164.5,TSETMC
2010-02-23,1388/12/04,1388,12,4,tile_ceramic,کاشی و سرامیک,57616105980228781,343.1,339.3,342.9,TSETMC
2010-02-24,1388/12/05,1388,12,5,cement,سیمان، آهک و گچ,70077233737515808,164.5,164.4,164.4,TSETMC
2010-02-24,1388/12/05,1388,12,5,tile_ceramic,کاشی و سرامیک,57616105980228781,346.8,343.1,346.5,TSETMC
2010-02-27,1388/12/08,1388,12,8,cement,سیمان، آهک و گچ,70077233737515808,164.5,164.3,164.5,TSETMC
2010-02-27,1388/12/08,1388,12,8,tile_ceramic,کاشی و سرامیک,57616105980228781,346.5,345.4,345.7,TSETMC
2010-02-28,1388/12/09,1388,12,9,cement,سیمان، آهک و گچ,70077233737515808,164.3,163.6,163.6,TSETMC
2010-02-28,1388/12/09,1388,12,9,tile_ceramic,کاشی و سرامیک,57616105980228781,347.1,345.8,347.1,TSETMC
2010-03-01,1388/12/10,1388,12,10,cement,سیمان، آهک و گچ,70077233737515808,163.7,163.5,163.5,TSETMC
2010-03-01,1388/12/10,1388,12,10,tile_ceramic,کاشی و سرامیک,57616105980228781,348.2,347.2,348.2,TSETMC
2010-03-02,1388/12/11,1388,12,11,cement,سیمان، آهک و گچ,70077233737515808,163.5,163.2,163.2,TSETMC
2010-03-02,1388/12/11,1388,12,11,tile_ceramic,کاشی و سرامیک,57616105980228781,349.9,348.9,349.9,TSETMC
2010-03-03,1388/12/12,1388,12,12,cement,سیمان، آهک و گچ,70077233737515808,163.2,161.3,161.3,TSETMC
2010-03-03,1388/12/12,1388,12,12,tile_ceramic,کاشی و سرامیک,57616105980228781,351.5,350.8,351.5,TSETMC
2010-03-06,1388/12/15,1388,12,15,cement,سیمان، آهک و گچ,70077233737515808,161.5,160.7,161.0,TSETMC
2010-03-06,1388/12/15,1388,12,15,tile_ceramic,کاشی و سرامیک,57616105980228781,352.5,351.6,352.5,TSETMC
2010-03-07,1388/12/16,1388,12,16,cement,سیمان، آهک و گچ,70077233737515808,161.1,160.9,161.0,TSETMC
2010-03-07,1388/12/16,1388,12,16,tile_ceramic,کاشی و سرامیک,57616105980228781,353.1,350.7,350.7,TSETMC
2010-03-08,1388/12/17,1388,12,17,cement,سیمان، آهک و گچ,70077233737515808,162.5,160.8,162.2,TSETMC
2010-03-08,1388/12/17,1388,12,17,tile_ceramic,کاشی و سرامیک,57616105980228781,351.0,350.1,350.1,TSETMC
2010-03-09,1388/12/18,1388,12,18,cement,سیمان، آهک و گچ,70077233737515808,163.4,162.5,163.3,TSETMC
2010-03-09,1388/12/18,1388,12,18,tile_ceramic,کاشی و سرامیک,57616105980228781,374.7,350.9,370.7,TSETMC
2010-03-10,1388/12/19,1388,12,19,cement,سیمان، آهک و گچ,70077233737515808,164.2,163.5,164.2,TSETMC
2010-03-10,1388/12/19,1388,12,19,tile_ceramic,کاشی و سرامیک,57616105980228781,371.6,370.6,371.6,TSETMC
2010-03-13,1388/12/22,1388,12,22,cement,سیمان، آهک و گچ,70077233737515808,164.5,163.9,163.9,TSETMC
2010-03-13,1388/12/22,1388,12,22,tile_ceramic,کاشی و سرامیک,57616105980228781,376.2,371.8,375.6,TSETMC
2010-03-14,1388/12/23,1388,12,23,cement,سیمان، آهک و گچ,70077233737515808,164.0,163.7,163.7,TSETMC
2010-03-14,1388/12/23,1388,12,23,tile_ceramic,کاشی و سرامیک,57616105980228781,375.6,356.6,375.3,TSETMC
2010-03-15,1388/12/24,1388,12,24,cement,سیمان، آهک و گچ,70077233737515808,163.7,163.5,163.5,TSETMC
2010-03-15,1388/12/24,1388,12,24,tile_ceramic,کاشی و سرامیک,57616105980228781,375.7,375.3,375.7,TSETMC
2010-03-16,1388/12/25,1388,12,25,cement,سیمان، آهک و گچ,70077233737515808,163.7,162.7,162.7,TSETMC
2010-03-16,1388/12/25,1388,12,25,tile_ceramic,کاشی و سرامیک,57616105980228781,375.6,375.3,375.3,TSETMC
2010-03-17,1388/12/26,1388,12,26,cement,سیمان، آهک و گچ,70077233737515808,163.4,162.9,163.4,TSETMC
2010-03-17,1388/12/26,1388,12,26,tile_ceramic,کاشی و سرامیک,57616105980228781,375.7,375.4,375.7,TSETMC
2010-03-27,1389/01/07,1389,1,7,cement,سیمان، آهک و گچ,70077233737515808,163.6,163.4,163.6,TSETMC
2010-03-27,1389/01/07,1389,1,7,tile_ceramic,کاشی و سرامیک,57616105980228781,375.8,375.7,375.8,TSETMC
2010-03-28,1389/01/08,1389,1,8,cement,سیمان، آهک و گچ,70077233737515808,164.6,163.6,164.6,TSETMC
2010-03-28,1389/01/08,1389,1,8,tile_ceramic,کاشی و سرامیک,57616105980228781,375.2,372.9,372.9,TSETMC
2010-03-29,1389/01/09,1389,1,9,cement,سیمان، آهک و گچ,70077233737515808,165.1,164.8,165.0,TSETMC
2010-03-29,1389/01/09,1389,1,9,tile_ceramic,کاشی و سرامیک,57616105980228781,373.8,350.4,366.1,TSETMC
2010-03-30,1389/01/10,1389,1,10,cement,سیمان، آهک و گچ,70077233737515808,165.6,165.1,165.6,TSETMC
2010-03-30,1389/01/10,1389,1,10,tile_ceramic,کاشی و سرامیک,57616105980228781,367.9,367.4,367.9,TSETMC
2010-03-31,1389/01/11,1389,1,11,cement,سیمان، آهک و گچ,70077233737515808,166.0,165.8,166.0,TSETMC
2010-03-31,1389/01/11,1389,1,11,tile_ceramic,کاشی و سرامیک,57616105980228781,368.8,368.6,368.8,TSETMC
2010-04-03,1389/01/14,1389,1,14,cement,سیمان، آهک و گچ,70077233737515808,166.1,166.0,166.1,TSETMC
2010-04-03,1389/01/14,1389,1,14,tile_ceramic,کاشی و سرامیک,57616105980228781,377.5,369.5,369.5,TSETMC
2010-04-04,1389/01/15,1389,1,15,cement,سیمان، آهک و گچ,70077233737515808,166.4,166.1,166.4,TSETMC
2010-04-04,1389/01/15,1389,1,15,tile_ceramic,کاشی و سرامیک,57616105980228781,369.7,369.3,369.6,TSETMC
2010-04-05,1389/01/16,1389,1,16,cement,سیمان، آهک و گچ,70077233737515808,166.5,166.3,166.3,TSETMC
2010-04-05,1389/01/16,1389,1,16,tile_ceramic,کاشی و سرامیک,57616105980228781,367.9,352.0,352.0,TSETMC
2010-04-06,1389/01/17,1389,1,17,cement,سیمان، آهک و گچ,70077233737515808,166.5,166.2,166.5,TSETMC
2010-04-06,1389/01/17,1389,1,17,tile_ceramic,کاشی و سرامیک,57616105980228781,355.2,351.7,355.1,TSETMC
2010-04-07,1389/01/18,1389,1,18,cement,سیمان، آهک و گچ,70077233737515808,166.9,166.5,166.6,TSETMC
2010-04-07,1389/01/18,1389,1,18,tile_ceramic,کاشی و سرامیک,57616105980228781,355.1,353.1,353.1,TSETMC
2010-04-10,1389/01/21,1389,1,21,cement,سیمان، آهک و گچ,70077233737515808,167.3,166.7,167.3,TSETMC
2010-04-10,1389/01/21,1389,1,21,tile_ceramic,کاشی و سرامیک,57616105980228781,352.9,352.1,352.2,TSETMC
2010-04-11,1389/01/22,1389,1,22,cement,سیمان، آهک و گچ,70077233737515808,167.7,167.3,167.6,TSETMC
2010-04-11,1389/01/22,1389,1,22,tile_ceramic,کاشی و سرامیک,57616105980228781,352.8,352.4,352.7,TSETMC
2010-04-12,1389/01/23,1389,1,23,cement,سیمان، آهک و گچ,70077233737515808,167.6,167.3,167.3,TSETMC
2010-04-12,1389/01/23,1389,1,23,tile_ceramic,کاشی و سرامیک,57616105980228781,352.7,352.2,352.3,TSETMC
2010-04-13,1389/01/24,1389,1,24,cement,سیمان، آهک و گچ,70077233737515808,167.3,167.0,167.0,TSETMC
2010-04-13,1389/01/24,1389,1,24,tile_ceramic,کاشی و سرامیک,57616105980228781,352.0,351.0,351.0,TSETMC
2010-04-14,1389/01/25,1389,1,25,cement,سیمان، آهک و گچ,70077233737515808,167.0,166.7,166.7,TSETMC
2010-04-14,1389/01/25,1389,1,25,tile_ceramic,کاشی و سرامیک,57616105980228781,350.9,350.3,350.3,TSETMC
2010-04-17,1389/01/28,1389,1,28,cement,سیمان، آهک و گچ,70077233737515808,166.7,166.5,166.5,TSETMC
2010-04-17,1389/01/28,1389,1,28,tile_ceramic,کاشی و سرامیک,57616105980228781,350.2,350.1,350.1,TSETMC
2010-04-18,1389/01/29,1389,1,29,cement,سیمان، آهک و گچ,70077233737515808,168.8,166.4,168.6,TSETMC
2010-04-18,1389/01/29,1389,1,29,tile_ceramic,کاشی و سرامیک,57616105980228781,350.1,348.7,348.7,TSETMC
2010-04-19,1389/01/30,1389,1,30,cement,سیمان، آهک و گچ,70077233737515808,168.6,168.1,168.1,TSETMC
2010-04-19,1389/01/30,1389,1,30,tile_ceramic,کاشی و سرامیک,57616105980228781,349.5,348.7,349.4,TSETMC
2010-04-20,1389/01/31,1389,1,31,cement,سیمان، آهک و گچ,70077233737515808,168.1,167.5,167.5,TSETMC
2010-04-20,1389/01/31,1389,1,31,tile_ceramic,کاشی و سرامیک,57616105980228781,349.4,348.9,348.9,TSETMC
2010-04-21,1389/02/01,1389,2,1,cement,سیمان، آهک و گچ,70077233737515808,167.5,167.3,167.3,TSETMC
2010-04-21,1389/02/01,1389,2,1,tile_ceramic,کاشی و سرامیک,57616105980228781,349.3,348.8,349.3,TSETMC
2010-04-24,1389/02/04,1389,2,4,cement,سیمان، آهک و گچ,70077233737515808,167.3,167.1,167.1,TSETMC
2010-04-24,1389/02/04,1389,2,4,tile_ceramic,کاشی و سرامیک,57616105980228781,349.9,349.6,349.9,TSETMC
2010-04-25,1389/02/05,1389,2,5,cement,سیمان، آهک و گچ,70077233737515808,167.1,166.9,166.9,TSETMC
2010-04-25,1389/02/05,1389,2,5,tile_ceramic,کاشی و سرامیک,57616105980228781,364.4,349.9,362.2,TSETMC
2010-04-26,1389/02/06,1389,2,6,cement,سیمان، آهک و گچ,70077233737515808,166.9,166.6,166.6,TSETMC
2010-04-26,1389/02/06,1389,2,6,tile_ceramic,کاشی و سرامیک,57616105980228781,362.1,361.3,361.3,TSETMC
2010-04-27,1389/02/07,1389,2,7,cement,سیمان، آهک و گچ,70077233737515808,166.7,166.5,166.7,TSETMC
2010-04-27,1389/02/07,1389,2,7,tile_ceramic,کاشی و سرامیک,57616105980228781,361.8,360.8,360.8,TSETMC
2010-04-28,1389/02/08,1389,2,8,cement,سیمان، آهک و گچ,70077233737515808,167.0,166.6,166.6,TSETMC
2010-04-28,1389/02/08,1389,2,8,tile_ceramic,کاشی و سرامیک,57616105980228781,360.8,360.5,360.5,TSETMC
2010-05-01,1389/02/11,1389,2,11,cement,سیمان، آهک و گچ,70077233737515808,166.9,166.6,166.8,TSETMC
2010-05-01,1389/02/11,1389,2,11,tile_ceramic,کاشی و سرامیک,57616105980228781,360.5,359.5,359.5,TSETMC
2010-05-02,1389/02/12,1389,2,12,cement,سیمان، آهک و گچ,70077233737515808,166.8,166.8,166.8,TSETMC
2010-05-02,1389/02/12,1389,2,12,tile_ceramic,کاشی و سرامیک,57616105980228781,359.6,359.5,359.5,TSETMC
2010-05-03,1389/02/13,1389,2,13,cement,سیمان، آهک و گچ,70077233737515808,166.8,166.7,166.7,TSETMC
2010-05-03,1389/02/13,1389,2,13,tile_ceramic,کاشی و سرامیک,57616105980228781,359.5,358.3,358.8,TSETMC
2010-05-04,1389/02/14,1389,2,14,cement,سیمان، آهک و گچ,70077233737515808,166.6,166.2,166.2,TSETMC
2010-05-04,1389/02/14,1389,2,14,tile_ceramic,کاشی و سرامیک,57616105980228781,358.8,358.2,358.2,TSETMC
2010-05-05,1389/02/15,1389,2,15,cement,سیمان، آهک و گچ,70077233737515808,166.1,165.0,165.0,TSETMC
2010-05-05,1389/02/15,1389,2,15,tile_ceramic,کاشی و سرامیک,57616105980228781,358.5,346.8,357.6,TSETMC
2010-05-08,1389/02/18,1389,2,18,cement,سیمان، آهک و گچ,70077233737515808,165.0,164.8,164.8,TSETMC
2010-05-08,1389/02/18,1389,2,18,tile_ceramic,کاشی و سرامیک,57616105980228781,357.7,356.7,356.7,TSETMC
2010-05-09,1389/02/19,1389,2,19,cement,سیمان، آهک و گچ,70077233737515808,164.8,164.6,164.6,TSETMC
2010-05-09,1389/02/19,1389,2,19,tile_ceramic,کاشی و سرامیک,57616105980228781,357.0,355.4,355.4,TSETMC
2010-05-10,1389/02/20,1389,2,20,cement,سیمان، آهک و گچ,70077233737515808,164.6,164.4,164.4,TSETMC
2010-05-10,1389/02/20,1389,2,20,tile_ceramic,کاشی و سرامیک,57616105980228781,354.8,352.2,352.2,TSETMC
2010-05-11,1389/02/21,1389,2,21,cement,سیمان، آهک و گچ,70077233737515808,164.4,164.2,164.3,TSETMC
2010-05-11,1389/02/21,1389,2,21,tile_ceramic,کاشی و سرامیک,57616105980228781,352.3,348.1,348.8,TSETMC
2010-05-12,1389/02/22,1389,2,22,cement,سیمان، آهک و گچ,70077233737515808,164.6,163.7,163.7,TSETMC
2010-05-12,1389/02/22,1389,2,22,tile_ceramic,کاشی و سرامیک,57616105980228781,351.1,348.9,351.1,TSETMC
2010-05-15,1389/02/25,1389,2,25,cement,سیمان، آهک و گچ,70077233737515808,164.3,163.7,164.3,TSETMC
2010-05-15,1389/02/25,1389,2,25,tile_ceramic,کاشی و سرامیک,57616105980228781,352.3,351.5,352.3,TSETMC
2010-05-16,1389/02/26,1389,2,26,cement,سیمان، آهک و گچ,70077233737515808,165.0,164.3,165.0,TSETMC
2010-05-16,1389/02/26,1389,2,26,tile_ceramic,کاشی و سرامیک,57616105980228781,354.6,354.2,354.6,TSETMC
2010-05-18,1389/02/28,1389,2,28,cement,سیمان، آهک و گچ,70077233737515808,165.9,165.1,165.9,TSETMC
2010-05-18,1389/02/28,1389,2,28,tile_ceramic,کاشی و سرامیک,57616105980228781,355.3,354.6,355.3,TSETMC
2010-05-19,1389/02/29,1389,2,29,cement,سیمان، آهک و گچ,70077233737515808,166.4,165.9,166.4,TSETMC
2010-05-19,1389/02/29,1389,2,29,tile_ceramic,کاشی و سرامیک,57616105980228781,357.1,355.7,356.9,TSETMC
2010-05-22,1389/03/01,1389,3,1,cement,سیمان، آهک و گچ,70077233737515808,166.5,166.3,166.5,TSETMC
2010-05-22,1389/03/01,1389,3,1,tile_ceramic,کاشی و سرامیک,57616105980228781,356.9,356.5,356.5,TSETMC
2010-05-23,1389/03/02,1389,3,2,cement,سیمان، آهک و گچ,70077233737515808,166.5,165.9,165.9,TSETMC
2010-05-23,1389/03/02,1389,3,2,tile_ceramic,کاشی و سرامیک,57616105980228781,356.4,355.5,355.5,TSETMC
2010-05-24,1389/03/03,1389,3,3,cement,سیمان، آهک و گچ,70077233737515808,166.4,165.9,166.4,TSETMC
2010-05-24,1389/03/03,1389,3,3,tile_ceramic,کاشی و سرامیک,57616105980228781,356.5,356.3,356.4,TSETMC
2010-05-25,1389/03/04,1389,3,4,cement,سیمان، آهک و گچ,70077233737515808,166.5,166.3,166.5,TSETMC
2010-05-25,1389/03/04,1389,3,4,tile_ceramic,کاشی و سرامیک,57616105980228781,356.9,356.3,356.9,TSETMC
2010-05-26,1389/03/05,1389,3,5,cement,سیمان، آهک و گچ,70077233737515808,167.9,166.5,167.2,TSETMC
2010-05-26,1389/03/05,1389,3,5,tile_ceramic,کاشی و سرامیک,57616105980228781,357.7,356.9,357.6,TSETMC
2010-05-29,1389/03/08,1389,3,8,cement,سیمان، آهک و گچ,70077233737515808,167.5,167.2,167.5,TSETMC
2010-05-29,1389/03/08,1389,3,8,tile_ceramic,کاشی و سرامیک,57616105980228781,357.7,356.8,356.8,TSETMC
2010-05-30,1389/03/09,1389,3,9,cement,سیمان، آهک و گچ,70077233737515808,167.9,167.7,167.7,TSETMC
2010-05-30,1389/03/09,1389,3,9,tile_ceramic,کاشی و سرامیک,57616105980228781,357.6,356.8,357.0,TSETMC
2010-05-31,1389/03/10,1389,3,10,cement,سیمان، آهک و گچ,70077233737515808,167.7,167.7,167.7,TSETMC
2010-05-31,1389/03/10,1389,3,10,tile_ceramic,کاشی و سرامیک,57616105980228781,357.0,356.5,357.0,TSETMC
2010-06-01,1389/03/11,1389,3,11,cement,سیمان، آهک و گچ,70077233737515808,167.7,167.6,167.6,TSETMC
2010-06-01,1389/03/11,1389,3,11,tile_ceramic,کاشی و سرامیک,57616105980228781,357.0,356.7,356.7,TSETMC
2010-06-02,1389/03/12,1389,3,12,cement,سیمان، آهک و گچ,70077233737515808,167.7,167.6,167.7,TSETMC
2010-06-02,1389/03/12,1389,3,12,tile_ceramic,کاشی و سرامیک,57616105980228781,356.7,355.1,355.1,TSETMC
2010-06-06,1389/03/16,1389,3,16,cement,سیمان، آهک و گچ,70077233737515808,167.7,167.6,167.6,TSETMC
2010-06-06,1389/03/16,1389,3,16,tile_ceramic,کاشی و سرامیک,57616105980228781,355.1,354.4,354.4,TSETMC
2010-06-07,1389/03/17,1389,3,17,cement,سیمان، آهک و گچ,70077233737515808,167.7,167.5,167.6,TSETMC
2010-06-07,1389/03/17,1389,3,17,tile_ceramic,کاشی و سرامیک,57616105980228781,357.3,354.4,357.3,TSETMC
2010-06-08,1389/03/18,1389,3,18,cement,سیمان، آهک و گچ,70077233737515808,167.6,167.2,167.2,TSETMC
2010-06-08,1389/03/18,1389,3,18,tile_ceramic,کاشی و سرامیک,57616105980228781,358.0,357.5,358.0,TSETMC
2010-06-09,1389/03/19,1389,3,19,cement,سیمان، آهک و گچ,70077233737515808,167.6,167.1,167.5,TSETMC
2010-06-09,1389/03/19,1389,3,19,tile_ceramic,کاشی و سرامیک,57616105980228781,358.2,357.1,357.1,TSETMC
2010-06-12,1389/03/22,1389,3,22,cement,سیمان، آهک و گچ,70077233737515808,167.5,167.3,167.3,TSETMC
2010-06-12,1389/03/22,1389,3,22,tile_ceramic,کاشی و سرامیک,57616105980228781,357.7,356.9,356.9,TSETMC
2010-06-13,1389/03/23,1389,3,23,cement,سیمان، آهک و گچ,70077233737515808,167.6,167.3,167.6,TSETMC
2010-06-13,1389/03/23,1389,3,23,tile_ceramic,کاشی و سرامیک,57616105980228781,357.0,356.9,357.0,TSETMC
2010-06-14,1389/03/24,1389,3,24,cement,سیمان، آهک و گچ,70077233737515808,167.8,167.6,167.7,TSETMC
2010-06-14,1389/03/24,1389,3,24,tile_ceramic,کاشی و سرامیک,57616105980228781,357.2,357.0,357.2,TSETMC
2010-06-15,1389/03/25,1389,3,25,cement,سیمان، آهک و گچ,70077233737515808,167.7,167.4,167.5,TSETMC
2010-06-15,1389/03/25,1389,3,25,tile_ceramic,کاشی و سرامیک,57616105980228781,357.2,356.6,356.6,TSETMC
2010-06-16,1389/03/26,1389,3,26,cement,سیمان، آهک و گچ,70077233737515808,167.5,167.3,167.4,TSETMC
2010-06-16,1389/03/26,1389,3,26,tile_ceramic,کاشی و سرامیک,57616105980228781,357.0,356.6,356.8,TSETMC
2010-06-19,1389/03/29,1389,3,29,cement,سیمان، آهک و گچ,70077233737515808,167.4,167.4,167.4,TSETMC
2010-06-19,1389/03/29,1389,3,29,tile_ceramic,کاشی و سرامیک,57616105980228781,357.7,356.9,357.7,TSETMC
2010-06-20,1389/03/30,1389,3,30,cement,سیمان، آهک و گچ,70077233737515808,168.4,167.4,168.4,TSETMC
2010-06-20,1389/03/30,1389,3,30,tile_ceramic,کاشی و سرامیک,57616105980228781,359.8,357.7,359.6,TSETMC
2010-06-21,1389/03/31,1389,3,31,cement,سیمان، آهک و گچ,70077233737515808,169.2,168.9,169.2,TSETMC
2010-06-21,1389/03/31,1389,3,31,tile_ceramic,کاشی و سرامیک,57616105980228781,362.2,359.8,362.2,TSETMC
2010-06-22,1389/04/01,1389,4,1,cement,سیمان، آهک و گچ,70077233737515808,169.8,169.3,169.7,TSETMC
2010-06-22,1389/04/01,1389,4,1,tile_ceramic,کاشی و سرامیک,57616105980228781,363.7,362.0,362.2,TSETMC
2010-06-23,1389/04/02,1389,4,2,cement,سیمان، آهک و گچ,70077233737515808,169.8,169.6,169.8,TSETMC
2010-06-23,1389/04/02,1389,4,2,tile_ceramic,کاشی و سرامیک,57616105980228781,367.3,362.2,367.3,TSETMC
2010-06-27,1389/04/06,1389,4,6,cement,سیمان، آهک و گچ,70077233737515808,170.4,169.9,170.4,TSETMC
2010-06-27,1389/04/06,1389,4,6,tile_ceramic,کاشی و سرامیک,57616105980228781,370.2,367.7,370.2,TSETMC
2010-06-28,1389/04/07,1389,4,7,cement,سیمان، آهک و گچ,70077233737515808,170.9,170.5,170.9,TSETMC
2010-06-28,1389/04/07,1389,4,7,tile_ceramic,کاشی و سرامیک,57616105980228781,374.5,370.6,374.5,TSETMC
2010-06-29,1389/04/08,1389,4,8,cement,سیمان، آهک و گچ,70077233737515808,171.0,170.9,171.0,TSETMC
2010-06-29,1389/04/08,1389,4,8,tile_ceramic,کاشی و سرامیک,57616105980228781,377.2,376.1,376.1,TSETMC
2010-06-30,1389/04/09,1389,4,9,cement,سیمان، آهک و گچ,70077233737515808,171.5,171.0,171.5,TSETMC
2010-06-30,1389/04/09,1389,4,9,tile_ceramic,کاشی و سرامیک,57616105980228781,375.6,373.8,374.5,TSETMC
2010-07-03,1389/04/12,1389,4,12,cement,سیمان، آهک و گچ,70077233737515808,171.6,171.5,171.6,TSETMC
2010-07-03,1389/04/12,1389,4,12,tile_ceramic,کاشی و سرامیک,57616105980228781,374.9,374.5,374.9,TSETMC
2010-07-04,1389/04/13,1389,4,13,cement,سیمان، آهک و گچ,70077233737515808,171.7,171.6,171.6,TSETMC
2010-07-04,1389/04/13,1389,4,13,tile_ceramic,کاشی و سرامیک,57616105980228781,375.8,373.9,375.8,TSETMC
2010-07-05,1389/04/14,1389,4,14,cement,سیمان، آهک و گچ,70077233737515808,172.0,171.6,172.0,TSETMC
2010-07-05,1389/04/14,1389,4,14,tile_ceramic,کاشی و سرامیک,57616105980228781,383.6,374.9,383.6,TSETMC
2010-07-06,1389/04/15,1389,4,15,cement,سیمان، آهک و گچ,70077233737515808,172.7,172.0,172.7,TSETMC
2010-07-06,1389/04/15,1389,4,15,tile_ceramic,کاشی و سرامیک,57616105980228781,384.4,383.9,383.9,TSETMC
2010-07-07,1389/04/16,1389,4,16,cement,سیمان، آهک و گچ,70077233737515808,173.7,172.7,173.7,TSETMC
2010-07-07,1389/04/16,1389,4,16,tile_ceramic,کاشی و سرامیک,57616105980228781,386.2,385.1,385.9,TSETMC
2010-07-11,1389/04/20,1389,4,20,cement,سیمان، آهک و گچ,70077233737515808,174.2,173.7,174.2,TSETMC
2010-07-11,1389/04/20,1389,4,20,tile_ceramic,کاشی و سرامیک,57616105980228781,385.7,385.0,385.0,TSETMC
2010-07-12,1389/04/21,1389,4,21,cement,سیمان، آهک و گچ,70077233737515808,174.2,174.2,174.2,TSETMC
2010-07-12,1389/04/21,1389,4,21,tile_ceramic,کاشی و سرامیک,57616105980228781,385.0,383.0,383.2,TSETMC
2010-07-13,1389/04/22,1389,4,22,cement,سیمان، آهک و گچ,70077233737515808,174.6,174.3,174.6,TSETMC
2010-07-13,1389/04/22,1389,4,22,tile_ceramic,کاشی و سرامیک,57616105980228781,383.9,383.4,383.9,TSETMC
2010-07-14,1389/04/23,1389,4,23,cement,سیمان، آهک و گچ,70077233737515808,176.8,174.8,176.8,TSETMC
2010-07-14,1389/04/23,1389,4,23,tile_ceramic,کاشی و سرامیک,57616105980228781,384.0,381.9,382.0,TSETMC
2010-07-17,1389/04/26,1389,4,26,cement,سیمان، آهک و گچ,70077233737515808,177.6,176.9,177.6,TSETMC
2010-07-17,1389/04/26,1389,4,26,tile_ceramic,کاشی و سرامیک,57616105980228781,382.9,381.7,382.7,TSETMC
2010-07-18,1389/04/27,1389,4,27,cement,سیمان، آهک و گچ,70077233737515808,179.0,177.9,179.0,TSETMC
2010-07-18,1389/04/27,1389,4,27,tile_ceramic,کاشی و سرامیک,57616105980228781,383.4,382.6,382.8,TSETMC
2010-07-19,1389/04/28,1389,4,28,cement,سیمان، آهک و گچ,70077233737515808,180.9,179.2,180.9,TSETMC
2010-07-19,1389/04/28,1389,4,28,tile_ceramic,کاشی و سرامیک,57616105980228781,391.4,382.6,391.1,TSETMC
2010-07-20,1389/04/29,1389,4,29,cement,سیمان، آهک و گچ,70077233737515808,183.2,181.2,183.1,TSETMC
2010-07-20,1389/04/29,1389,4,29,tile_ceramic,کاشی و سرامیک,57616105980228781,395.2,393.7,395.2,TSETMC
2010-07-21,1389/04/30,1389,4,30,cement,سیمان، آهک و گچ,70077233737515808,188.0,185.0,188.0,TSETMC
2010-07-21,1389/04/30,1389,4,30,tile_ceramic,کاشی و سرامیک,57616105980228781,396.6,393.8,393.8,TSETMC
2010-07-24,1389/05/02,1389,5,2,cement,سیمان، آهک و گچ,70077233737515808,188.5,187.9,188.5,TSETMC
2010-07-24,1389/05/02,1389,5,2,tile_ceramic,کاشی و سرامیک,57616105980228781,402.5,394.0,402.5,TSETMC
2010-07-25,1389/05/03,1389,5,3,cement,سیمان، آهک و گچ,70077233737515808,189.0,188.7,188.8,TSETMC
2010-07-25,1389/05/03,1389,5,3,tile_ceramic,کاشی و سرامیک,57616105980228781,411.4,405.1,411.4,TSETMC
2010-07-26,1389/05/04,1389,5,4,cement,سیمان، آهک و گچ,70077233737515808,188.9,188.7,188.9,TSETMC
2010-07-26,1389/05/04,1389,5,4,tile_ceramic,کاشی و سرامیک,57616105980228781,418.7,413.1,418.7,TSETMC
2010-07-28,1389/05/06,1389,5,6,cement,سیمان، آهک و گچ,70077233737515808,188.8,188.5,188.5,TSETMC
2010-07-28,1389/05/06,1389,5,6,tile_ceramic,کاشی و سرامیک,57616105980228781,425.8,420.8,425.8,TSETMC
2010-07-31,1389/05/09,1389,5,9,cement,سیمان، آهک و گچ,70077233737515808,188.9,188.5,188.6,TSETMC
2010-07-31,1389/05/09,1389,5,9,tile_ceramic,کاشی و سرامیک,57616105980228781,431.0,427.6,429.8,TSETMC
2010-08-01,1389/05/10,1389,5,10,cement,سیمان، آهک و گچ,70077233737515808,189.2,188.9,189.0,TSETMC
2010-08-01,1389/05/10,1389,5,10,tile_ceramic,کاشی و سرامیک,57616105980228781,430.9,428.1,428.4,TSETMC
2010-08-02,1389/05/11,1389,5,11,cement,سیمان، آهک و گچ,70077233737515808,189.3,189.0,189.0,TSETMC
2010-08-02,1389/05/11,1389,5,11,tile_ceramic,کاشی و سرامیک,57616105980228781,435.8,429.6,435.8,TSETMC
2010-08-03,1389/05/12,1389,5,12,cement,سیمان، آهک و گچ,70077233737515808,189.7,189.4,189.4,TSETMC
2010-08-03,1389/05/12,1389,5,12,tile_ceramic,کاشی و سرامیک,57616105980228781,444.2,439.3,444.2,TSETMC
2010-08-04,1389/05/13,1389,5,13,cement,سیمان، آهک و گچ,70077233737515808,190.0,189.9,190.0,TSETMC
2010-08-04,1389/05/13,1389,5,13,tile_ceramic,کاشی و سرامیک,57616105980228781,452.0,446.9,451.5,TSETMC
2010-08-07,1389/05/16,1389,5,16,cement,سیمان، آهک و گچ,70077233737515808,190.5,190.3,190.3,TSETMC
2010-08-07,1389/05/16,1389,5,16,tile_ceramic,کاشی و سرامیک,57616105980228781,460.3,456.2,458.6,TSETMC
2010-08-08,1389/05/17,1389,5,17,cement,سیمان، آهک و گچ,70077233737515808,190.7,190.4,190.7,TSETMC
2010-08-08,1389/05/17,1389,5,17,tile_ceramic,کاشی و سرامیک,57616105980228781,467.5,466.2,467.1,TSETMC
2010-08-09,1389/05/18,1389,5,18,cement,سیمان، آهک و گچ,70077233737515808,192.1,190.8,192.1,TSETMC
2010-08-09,1389/05/18,1389,5,18,tile_ceramic,کاشی و سرامیک,57616105980228781,466.7,462.9,463.4,TSETMC
2010-08-10,1389/05/19,1389,5,19,cement,سیمان، آهک و گچ,70077233737515808,192.7,192.1,192.7,TSETMC
2010-08-10,1389/05/19,1389,5,19,tile_ceramic,کاشی و سرامیک,57616105980228781,465.0,460.2,461.7,TSETMC
2010-08-11,1389/05/20,1389,5,20,cement,سیمان، آهک و گچ,70077233737515808,193.0,192.8,192.9,TSETMC
2010-08-11,1389/05/20,1389,5,20,tile_ceramic,کاشی و سرامیک,57616105980228781,461.7,456.0,456.0,TSETMC
2010-08-14,1389/05/23,1389,5,23,cement,سیمان، آهک و گچ,70077233737515808,193.2,192.2,192.2,TSETMC
2010-08-14,1389/05/23,1389,5,23,tile_ceramic,کاشی و سرامیک,57616105980228781,455.3,452.7,452.7,TSETMC
2010-08-15,1389/05/24,1389,5,24,cement,سیمان، آهک و گچ,70077233737515808,192.2,191.6,191.6,TSETMC
2010-08-15,1389/05/24,1389,5,24,tile_ceramic,کاشی و سرامیک,57616105980228781,452.4,448.5,448.5,TSETMC
2010-08-16,1389/05/25,1389,5,25,cement,سیمان، آهک و گچ,70077233737515808,191.5,191.3,191.3,TSETMC
2010-08-16,1389/05/25,1389,5,25,tile_ceramic,کاشی و سرامیک,57616105980228781,448.6,447.8,447.8,TSETMC
2010-08-17,1389/05/26,1389,5,26,cement,سیمان، آهک و گچ,70077233737515808,191.4,191.2,191.3,TSETMC
2010-08-17,1389/05/26,1389,5,26,tile_ceramic,کاشی و سرامیک,57616105980228781,454.2,449.4,453.9,TSETMC
2010-08-18,1389/05/27,1389,5,27,cement,سیمان، آهک و گچ,70077233737515808,191.4,191.4,191.4,TSETMC
2010-08-18,1389/05/27,1389,5,27,tile_ceramic,کاشی و سرامیک,57616105980228781,461.5,457.2,461.4,TSETMC
2010-08-21,1389/05/30,1389,5,30,cement,سیمان، آهک و گچ,70077233737515808,191.6,191.5,191.5,TSETMC
2010-08-21,1389/05/30,1389,5,30,tile_ceramic,کاشی و سرامیک,57616105980228781,464.6,461.9,463.4,TSETMC
2010-08-22,1389/05/31,1389,5,31,cement,سیمان، آهک و گچ,70077233737515808,191.5,191.2,191.2,TSETMC
2010-08-22,1389/05/31,1389,5,31,tile_ceramic,کاشی و سرامیک,57616105980228781,470.7,464.3,470.5,TSETMC
2010-08-23,1389/06/01,1389,6,1,cement,سیمان، آهک و گچ,70077233737515808,191.3,191.2,191.3,TSETMC
2010-08-23,1389/06/01,1389,6,1,tile_ceramic,کاشی و سرامیک,57616105980228781,473.5,471.1,473.5,TSETMC
2010-08-24,1389/06/02,1389,6,2,cement,سیمان، آهک و گچ,70077233737515808,192.8,191.3,192.8,TSETMC
2010-08-24,1389/06/02,1389,6,2,tile_ceramic,کاشی و سرامیک,57616105980228781,477.6,474.6,477.4,TSETMC
2010-08-25,1389/06/03,1389,6,3,cement,سیمان، آهک و گچ,70077233737515808,193.5,192.9,193.5,TSETMC
2010-08-25,1389/06/03,1389,6,3,tile_ceramic,کاشی و سرامیک,57616105980228781,490.0,480.9,490.0,TSETMC
2010-08-28,1389/06/06,1389,6,6,cement,سیمان، آهک و گچ,70077233737515808,194.1,193.5,194.1,TSETMC
2010-08-28,1389/06/06,1389,6,6,tile_ceramic,کاشی و سرامیک,57616105980228781,494.6,491.0,492.5,TSETMC
2010-08-29,1389/06/07,1389,6,7,cement,سیمان، آهک و گچ,70077233737515808,195.1,194.6,195.1,TSETMC
2010-08-29,1389/06/07,1389,6,7,tile_ceramic,کاشی و سرامیک,57616105980228781,494.1,491.4,492.9,TSETMC
2010-08-30,1389/06/08,1389,6,8,cement,سیمان، آهک و گچ,70077233737515808,196.0,195.2,196.0,TSETMC
2010-08-30,1389/06/08,1389,6,8,tile_ceramic,کاشی و سرامیک,57616105980228781,496.7,493.8,496.7,TSETMC
2010-08-31,1389/06/09,1389,6,9,cement,سیمان، آهک و گچ,70077233737515808,196.5,196.0,196.5,TSETMC
2010-08-31,1389/06/09,1389,6,9,tile_ceramic,کاشی و سرامیک,57616105980228781,499.8,498.8,499.8,TSETMC
2010-09-04,1389/06/13,1389,6,13,cement,سیمان، آهک و گچ,70077233737515808,197.8,196.7,197.8,TSETMC
2010-09-04,1389/06/13,1389,6,13,tile_ceramic,کاشی و سرامیک,57616105980228781,505.6,500.8,505.6,TSETMC
2010-09-05,1389/06/14,1389,6,14,cement,سیمان، آهک و گچ,70077233737515808,199.5,198.2,199.5,TSETMC
2010-09-05,1389/06/14,1389,6,14,tile_ceramic,کاشی و سرامیک,57616105980228781,508.5,505.8,505.8,TSETMC
2010-09-06,1389/06/15,1389,6,15,cement,سیمان، آهک و گچ,70077233737515808,201.4,199.6,201.4,TSETMC
2010-09-06,1389/06/15,1389,6,15,tile_ceramic,کاشی و سرامیک,57616105980228781,507.5,506.1,506.7,TSETMC
2010-09-07,1389/06/16,1389,6,16,cement,سیمان، آهک و گچ,70077233737515808,204.6,203.0,204.6,TSETMC
2010-09-07,1389/06/16,1389,6,16,tile_ceramic,کاشی و سرامیک,57616105980228781,507.6,501.9,501.9,TSETMC
2010-09-08,1389/06/17,1389,6,17,cement,سیمان، آهک و گچ,70077233737515808,207.5,206.4,207.5,TSETMC
2010-09-08,1389/06/17,1389,6,17,tile_ceramic,کاشی و سرامیک,57616105980228781,502.4,501.1,501.4,TSETMC
2010-09-12,1389/06/21,1389,6,21,cement,سیمان، آهک و گچ,70077233737515808,209.3,208.4,209.3,TSETMC
2010-09-12,1389/06/21,1389,6,21,tile_ceramic,کاشی و سرامیک,57616105980228781,499.6,498.3,498.3,TSETMC
2010-09-13,1389/06/22,1389,6,22,cement,سیمان، آهک و گچ,70077233737515808,210.5,209.9,210.5,TSETMC
2010-09-13,1389/06/22,1389,6,22,tile_ceramic,کاشی و سرامیک,57616105980228781,497.6,495.2,495.2,TSETMC
2010-09-14,1389/06/23,1389,6,23,cement,سیمان، آهک و گچ,70077233737515808,211.8,210.7,211.8,TSETMC
2010-09-14,1389/06/23,1389,6,23,tile_ceramic,کاشی و سرامیک,57616105980228781,495.2,492.1,492.1,TSETMC
2010-09-15,1389/06/24,1389,6,24,cement,سیمان، آهک و گچ,70077233737515808,214.5,213.2,214.5,TSETMC
2010-09-15,1389/06/24,1389,6,24,tile_ceramic,کاشی و سرامیک,57616105980228781,494.2,493.1,494.2,TSETMC
2010-09-18,1389/06/27,1389,6,27,cement,سیمان، آهک و گچ,70077233737515808,216.1,214.8,214.8,TSETMC
2010-09-18,1389/06/27,1389,6,27,tile_ceramic,کاشی و سرامیک,57616105980228781,499.2,496.6,498.1,TSETMC
2010-09-19,1389/06/28,1389,6,28,cement,سیمان، آهک و گچ,70077233737515808,214.8,213.8,213.8,TSETMC
2010-09-19,1389/06/28,1389,6,28,tile_ceramic,کاشی و سرامیک,57616105980228781,499.4,494.5,495.0,TSETMC
2010-09-20,1389/06/29,1389,6,29,cement,سیمان، آهک و گچ,70077233737515808,213.8,213.3,213.3,TSETMC
2010-09-20,1389/06/29,1389,6,29,tile_ceramic,کاشی و سرامیک,57616105980228781,495.7,490.4,490.4,TSETMC
2010-09-21,1389/06/30,1389,6,30,cement,سیمان، آهک و گچ,70077233737515808,213.4,213.0,213.0,TSETMC
2010-09-21,1389/06/30,1389,6,30,tile_ceramic,کاشی و سرامیک,57616105980228781,496.7,489.7,496.7,TSETMC
2010-09-22,1389/06/31,1389,6,31,cement,سیمان، آهک و گچ,70077233737515808,213.3,211.8,211.8,TSETMC
2010-09-22,1389/06/31,1389,6,31,tile_ceramic,کاشی و سرامیک,57616105980228781,500.9,497.3,500.8,TSETMC
2010-09-25,1389/07/03,1389,7,3,cement,سیمان، آهک و گچ,70077233737515808,212.5,211.9,212.3,TSETMC
2010-09-25,1389/07/03,1389,7,3,tile_ceramic,کاشی و سرامیک,57616105980228781,501.4,500.7,500.7,TSETMC
2010-09-26,1389/07/04,1389,7,4,cement,سیمان، آهک و گچ,70077233737515808,212.3,211.8,211.8,TSETMC
2010-09-26,1389/07/04,1389,7,4,tile_ceramic,کاشی و سرامیک,57616105980228781,500.8,497.8,497.8,TSETMC
2010-09-27,1389/07/05,1389,7,5,cement,سیمان، آهک و گچ,70077233737515808,211.8,210.1,210.1,TSETMC
2010-09-27,1389/07/05,1389,7,5,tile_ceramic,کاشی و سرامیک,57616105980228781,498.8,496.9,498.8,TSETMC
2010-09-28,1389/07/06,1389,7,6,cement,سیمان، آهک و گچ,70077233737515808,210.2,210.1,210.1,TSETMC
2010-09-28,1389/07/06,1389,7,6,tile_ceramic,کاشی و سرامیک,57616105980228781,498.8,496.4,496.4,TSETMC
2010-09-29,1389/07/07,1389,7,7,cement,سیمان، آهک و گچ,70077233737515808,210.8,210.1,210.7,TSETMC
2010-09-29,1389/07/07,1389,7,7,tile_ceramic,کاشی و سرامیک,57616105980228781,496.5,494.0,495.5,TSETMC
2010-10-02,1389/07/10,1389,7,10,cement,سیمان، آهک و گچ,70077233737515808,210.7,209.9,209.9,TSETMC
2010-10-02,1389/07/10,1389,7,10,tile_ceramic,کاشی و سرامیک,57616105980228781,497.6,495.5,497.5,TSETMC
2010-10-03,1389/07/11,1389,7,11,cement,سیمان، آهک و گچ,70077233737515808,209.9,209.6,209.6,TSETMC
2010-10-03,1389/07/11,1389,7,11,tile_ceramic,کاشی و سرامیک,57616105980228781,497.9,497.0,497.0,TSETMC
2010-10-05,1389/07/13,1389,7,13,cement,سیمان، آهک و گچ,70077233737515808,209.5,209.4,209.4,TSETMC
2010-10-05,1389/07/13,1389,7,13,tile_ceramic,کاشی و سرامیک,57616105980228781,497.4,497.1,497.2,TSETMC
2010-10-06,1389/07/14,1389,7,14,cement,سیمان، آهک و گچ,70077233737515808,209.4,209.2,209.2,TSETMC
2010-10-06,1389/07/14,1389,7,14,tile_ceramic,کاشی و سرامیک,57616105980228781,497.6,496.9,496.9,TSETMC
2010-10-09,1389/07/17,1389,7,17,cement,سیمان، آهک و گچ,70077233737515808,209.1,208.5,208.5,TSETMC
2010-10-09,1389/07/17,1389,7,17,tile_ceramic,کاشی و سرامیک,57616105980228781,497.0,496.4,496.4,TSETMC
2010-10-10,1389/07/18,1389,7,18,cement,سیمان، آهک و گچ,70077233737515808,208.5,207.9,207.9,TSETMC
2010-10-10,1389/07/18,1389,7,18,tile_ceramic,کاشی و سرامیک,57616105980228781,498.5,492.1,492.1,TSETMC
2010-10-11,1389/07/19,1389,7,19,cement,سیمان، آهک و گچ,70077233737515808,207.9,207.3,207.3,TSETMC
2010-10-11,1389/07/19,1389,7,19,tile_ceramic,کاشی و سرامیک,57616105980228781,491.3,489.7,490.1,TSETMC
2010-10-12,1389/07/20,1389,7,20,cement,سیمان، آهک و گچ,70077233737515808,207.7,207.2,207.2,TSETMC
2010-10-12,1389/07/20,1389,7,20,tile_ceramic,کاشی و سرامیک,57616105980228781,491.8,486.5,486.5,TSETMC
2010-10-13,1389/07/21,1389,7,21,cement,سیمان، آهک و گچ,70077233737515808,207.2,206.5,206.5,TSETMC
2010-10-13,1389/07/21,1389,7,21,tile_ceramic,کاشی و سرامیک,57616105980228781,489.0,484.9,485.1,TSETMC
2010-10-16,1389/07/24,1389,7,24,cement,سیمان، آهک و گچ,70077233737515808,206.6,206.2,206.6,TSETMC
2010-10-16,1389/07/24,1389,7,24,tile_ceramic,کاشی و سرامیک,57616105980228781,486.1,483.2,483.2,TSETMC
2010-10-17,1389/07/25,1389,7,25,cement,سیمان، آهک و گچ,70077233737515808,207.2,206.7,207.2,TSETMC
2010-10-17,1389/07/25,1389,7,25,tile_ceramic,کاشی و سرامیک,57616105980228781,485.8,483.9,485.8,TSETMC
2010-10-18,1389/07/26,1389,7,26,cement,سیمان، آهک و گچ,70077233737515808,207.1,206.4,206.8,TSETMC
2010-10-18,1389/07/26,1389,7,26,tile_ceramic,کاشی و سرامیک,57616105980228781,489.2,485.3,489.1,TSETMC
2010-10-19,1389/07/27,1389,7,27,cement,سیمان، آهک و گچ,70077233737515808,206.9,206.6,206.6,TSETMC
2010-10-19,1389/07/27,1389,7,27,tile_ceramic,کاشی و سرامیک,57616105980228781,491.2,489.9,490.4,TSETMC
2010-10-20,1389/07/28,1389,7,28,cement,سیمان، آهک و گچ,70077233737515808,206.6,206.3,206.5,TSETMC
2010-10-20,1389/07/28,1389,7,28,tile_ceramic,کاشی و سرامیک,57616105980228781,490.0,486.4,486.4,TSETMC
2010-10-23,1389/08/01,1389,8,1,cement,سیمان، آهک و گچ,70077233737515808,206.4,206.3,206.4,TSETMC
2010-10-23,1389/08/01,1389,8,1,tile_ceramic,کاشی و سرامیک,57616105980228781,487.9,485.3,487.9,TSETMC
2010-10-24,1389/08/02,1389,8,2,cement,سیمان، آهک و گچ,70077233737515808,207.1,206.1,207.0,TSETMC
2010-10-24,1389/08/02,1389,8,2,tile_ceramic,کاشی و سرامیک,57616105980228781,487.8,485.9,485.9,TSETMC
2010-10-25,1389/08/03,1389,8,3,cement,سیمان، آهک و گچ,70077233737515808,207.0,206.9,206.9,TSETMC
2010-10-25,1389/08/03,1389,8,3,tile_ceramic,کاشی و سرامیک,57616105980228781,485.8,483.5,483.5,TSETMC
2010-10-26,1389/08/04,1389,8,4,cement,سیمان، آهک و گچ,70077233737515808,207.0,206.9,206.9,TSETMC
2010-10-26,1389/08/04,1389,8,4,tile_ceramic,کاشی و سرامیک,57616105980228781,483.4,482.7,482.7,TSETMC
2010-10-27,1389/08/05,1389,8,5,cement,سیمان، آهک و گچ,70077233737515808,206.9,206.8,206.8,TSETMC
2010-10-27,1389/08/05,1389,8,5,tile_ceramic,کاشی و سرامیک,57616105980228781,482.1,480.1,480.1,TSETMC
2010-10-30,1389/08/08,1389,8,8,cement,سیمان، آهک و گچ,70077233737515808,207.0,206.0,206.8,TSETMC
2010-10-30,1389/08/08,1389,8,8,tile_ceramic,کاشی و سرامیک,57616105980228781,483.7,480.1,483.7,TSETMC
2010-10-31,1389/08/09,1389,8,9,cement,سیمان، آهک و گچ,70077233737515808,206.5,206.1,206.1,TSETMC
2010-10-31,1389/08/09,1389,8,9,tile_ceramic,کاشی و سرامیک,57616105980228781,485.3,482.4,482.4,TSETMC
2010-11-01,1389/08/10,1389,8,10,cement,سیمان، آهک و گچ,70077233737515808,206.1,205.1,205.1,TSETMC
2010-11-01,1389/08/10,1389,8,10,tile_ceramic,کاشی و سرامیک,57616105980228781,482.4,481.3,481.4,TSETMC
2010-11-02,1389/08/11,1389,8,11,cement,سیمان، آهک و گچ,70077233737515808,204.2,204.1,204.1,TSETMC
2010-11-02,1389/08/11,1389,8,11,tile_ceramic,کاشی و سرامیک,57616105980228781,480.5,480.0,480.3,TSETMC
2010-11-03,1389/08/12,1389,8,12,cement,سیمان، آهک و گچ,70077233737515808,204.2,203.9,204.2,TSETMC
2010-11-03,1389/08/12,1389,8,12,tile_ceramic,کاشی و سرامیک,57616105980228781,480.3,477.6,477.6,TSETMC
2010-11-06,1389/08/15,1389,8,15,cement,سیمان، آهک و گچ,70077233737515808,204.1,204.0,204.0,TSETMC
2010-11-06,1389/08/15,1389,8,15,tile_ceramic,کاشی و سرامیک,57616105980228781,477.7,475.7,475.7,TSETMC
2010-11-07,1389/08/16,1389,8,16,cement,سیمان، آهک و گچ,70077233737515808,203.9,203.7,203.7,TSETMC
2010-11-07,1389/08/16,1389,8,16,tile_ceramic,کاشی و سرامیک,57616105980228781,475.5,474.8,474.8,TSETMC
2010-11-08,1389/08/17,1389,8,17,cement,سیمان، آهک و گچ,70077233737515808,203.7,203.6,203.7,TSETMC
2010-11-08,1389/08/17,1389,8,17,tile_ceramic,کاشی و سرامیک,57616105980228781,474.7,473.8,473.8,TSETMC
2010-11-09,1389/08/18,1389,8,18,cement,سیمان، آهک و گچ,70077233737515808,203.7,203.0,203.1,TSETMC
2010-11-09,1389/08/18,1389,8,18,tile_ceramic,کاشی و سرامیک,57616105980228781,473.3,472.2,473.1,TSETMC
2010-11-10,1389/08/19,1389,8,19,cement,سیمان، آهک و گچ,70077233737515808,203.5,203.1,203.3,TSETMC
2010-11-10,1389/08/19,1389,8,19,tile_ceramic,کاشی و سرامیک,57616105980228781,473.3,473.0,473.3,TSETMC
2010-11-13,1389/08/22,1389,8,22,cement,سیمان، آهک و گچ,70077233737515808,203.8,203.4,203.4,TSETMC
2010-11-13,1389/08/22,1389,8,22,tile_ceramic,کاشی و سرامیک,57616105980228781,473.2,473.0,473.0,TSETMC
2010-11-14,1389/08/23,1389,8,23,cement,سیمان، آهک و گچ,70077233737515808,203.4,203.3,203.3,TSETMC
2010-11-14,1389/08/23,1389,8,23,tile_ceramic,کاشی و سرامیک,57616105980228781,473.1,472.9,472.9,TSETMC
2010-11-15,1389/08/24,1389,8,24,cement,سیمان، آهک و گچ,70077233737515808,203.3,203.1,203.1,TSETMC
2010-11-15,1389/08/24,1389,8,24,tile_ceramic,کاشی و سرامیک,57616105980228781,473.2,472.9,473.2,TSETMC
2010-11-16,1389/08/25,1389,8,25,cement,سیمان، آهک و گچ,70077233737515808,203.1,202.2,202.2,TSETMC
2010-11-16,1389/08/25,1389,8,25,tile_ceramic,کاشی و سرامیک,57616105980228781,473.7,473.4,473.7,TSETMC
2010-11-20,1389/08/29,1389,8,29,cement,سیمان، آهک و گچ,70077233737515808,202.2,201.5,201.5,TSETMC
2010-11-20,1389/08/29,1389,8,29,tile_ceramic,کاشی و سرامیک,57616105980228781,473.7,473.1,473.2,TSETMC
2010-11-21,1389/08/30,1389,8,30,cement,سیمان، آهک و گچ,70077233737515808,201.0,200.8,200.8,TSETMC
2010-11-21,1389/08/30,1389,8,30,tile_ceramic,کاشی و سرامیک,57616105980228781,473.2,472.7,472.8,TSETMC
2010-11-22,1389/09/01,1389,9,1,cement,سیمان، آهک و گچ,70077233737515808,200.8,200.5,200.5,TSETMC
2010-11-22,1389/09/01,1389,9,1,tile_ceramic,کاشی و سرامیک,57616105980228781,472.8,471.7,472.6,TSETMC
2010-11-23,1389/09/02,1389,9,2,cement,سیمان، آهک و گچ,70077233737515808,200.4,200.3,200.4,TSETMC
2010-11-23,1389/09/02,1389,9,2,tile_ceramic,کاشی و سرامیک,57616105980228781,472.9,472.5,472.5,TSETMC
2010-11-24,1389/09/03,1389,9,3,cement,سیمان، آهک و گچ,70077233737515808,199.9,199.8,199.8,TSETMC
2010-11-24,1389/09/03,1389,9,3,tile_ceramic,کاشی و سرامیک,57616105980228781,472.5,471.7,471.7,TSETMC
2010-11-27,1389/09/06,1389,9,6,cement,سیمان، آهک و گچ,70077233737515808,199.6,199.5,199.5,TSETMC
2010-11-27,1389/09/06,1389,9,6,tile_ceramic,کاشی و سرامیک,57616105980228781,471.7,471.6,471.7,TSETMC
2010-11-28,1389/09/07,1389,9,7,cement,سیمان، آهک و گچ,70077233737515808,199.5,199.3,199.3,TSETMC
2010-11-28,1389/09/07,1389,9,7,tile_ceramic,کاشی و سرامیک,57616105980228781,471.7,471.4,471.6,TSETMC
2010-11-29,1389/09/08,1389,9,8,cement,سیمان، آهک و گچ,70077233737515808,199.3,199.2,199.2,TSETMC
2010-11-29,1389/09/08,1389,9,8,tile_ceramic,کاشی و سرامیک,57616105980228781,472.4,471.7,472.3,TSETMC
2010-11-30,1389/09/09,1389,9,9,cement,سیمان، آهک و گچ,70077233737515808,199.2,199.0,199.0,TSETMC
2010-11-30,1389/09/09,1389,9,9,tile_ceramic,کاشی و سرامیک,57616105980228781,473.6,471.4,471.4,TSETMC
2010-12-01,1389/09/10,1389,9,10,cement,سیمان، آهک و گچ,70077233737515808,199.0,198.9,198.9,TSETMC
2010-12-01,1389/09/10,1389,9,10,tile_ceramic,کاشی و سرامیک,57616105980228781,471.5,467.8,467.8,TSETMC
2010-12-04,1389/09/13,1389,9,13,cement,سیمان، آهک و گچ,70077233737515808,198.9,198.4,198.4,TSETMC
2010-12-04,1389/09/13,1389,9,13,tile_ceramic,کاشی و سرامیک,57616105980228781,468.9,468.2,468.6,TSETMC
2010-12-05,1389/09/14,1389,9,14,cement,سیمان، آهک و گچ,70077233737515808,198.4,198.2,198.2,TSETMC
2010-12-05,1389/09/14,1389,9,14,tile_ceramic,کاشی و سرامیک,57616105980228781,469.3,468.8,468.8,TSETMC
2010-12-06,1389/09/15,1389,9,15,cement,سیمان، آهک و گچ,70077233737515808,198.2,198.1,198.1,TSETMC
2010-12-06,1389/09/15,1389,9,15,tile_ceramic,کاشی و سرامیک,57616105980228781,471.3,468.9,471.3,TSETMC
2010-12-07,1389/09/16,1389,9,16,cement,سیمان، آهک و گچ,70077233737515808,198.1,198.0,198.0,TSETMC
2010-12-07,1389/09/16,1389,9,16,tile_ceramic,کاشی و سرامیک,57616105980228781,471.5,470.8,470.8,TSETMC
2010-12-08,1389/09/17,1389,9,17,cement,سیمان، آهک و گچ,70077233737515808,198.0,197.4,197.4,TSETMC
2010-12-08,1389/09/17,1389,9,17,tile_ceramic,کاشی و سرامیک,57616105980228781,471.7,470.8,471.6,TSETMC
2010-12-11,1389/09/20,1389,9,20,cement,سیمان، آهک و گچ,70077233737515808,197.3,197.0,197.0,TSETMC
2010-12-11,1389/09/20,1389,9,20,tile_ceramic,کاشی و سرامیک,57616105980228781,473.5,472.0,473.5,TSETMC
2010-12-12,1389/09/21,1389,9,21,cement,سیمان، آهک و گچ,70077233737515808,197.2,196.9,197.2,TSETMC
2010-12-12,1389/09/21,1389,9,21,tile_ceramic,کاشی و سرامیک,57616105980228781,474.2,473.8,473.9,TSETMC
2010-12-13,1389/09/22,1389,9,22,cement,سیمان، آهک و گچ,70077233737515808,197.5,197.2,197.4,TSETMC
2010-12-13,1389/09/22,1389,9,22,tile_ceramic,کاشی و سرامیک,57616105980228781,474.5,474.2,474.2,TSETMC
2010-12-14,1389/09/23,1389,9,23,cement,سیمان، آهک و گچ,70077233737515808,197.5,197.4,197.5,TSETMC
2010-12-14,1389/09/23,1389,9,23,tile_ceramic,کاشی و سرامیک,57616105980228781,474.1,473.7,474.1,TSETMC
2010-12-18,1389/09/27,1389,9,27,cement,سیمان، آهک و گچ,70077233737515808,197.5,196.6,197.2,TSETMC
2010-12-18,1389/09/27,1389,9,27,tile_ceramic,کاشی و سرامیک,57616105980228781,475.3,472.0,472.0,TSETMC
2010-12-19,1389/09/28,1389,9,28,cement,سیمان، آهک و گچ,70077233737515808,197.3,196.8,197.2,TSETMC
2010-12-19,1389/09/28,1389,9,28,tile_ceramic,کاشی و سرامیک,57616105980228781,472.2,471.6,471.6,TSETMC
2010-12-20,1389/09/29,1389,9,29,cement,سیمان، آهک و گچ,70077233737515808,197.8,197.2,197.5,TSETMC
2010-12-20,1389/09/29,1389,9,29,tile_ceramic,کاشی و سرامیک,57616105980228781,471.6,471.2,471.2,TSETMC
2010-12-21,1389/09/30,1389,9,30,cement,سیمان، آهک و گچ,70077233737515808,197.4,197.2,197.2,TSETMC
2010-12-21,1389/09/30,1389,9,30,tile_ceramic,کاشی و سرامیک,57616105980228781,471.2,469.1,469.1,TSETMC
2010-12-22,1389/10/01,1389,10,1,cement,سیمان، آهک و گچ,70077233737515808,197.1,196.8,196.8,TSETMC
2010-12-22,1389/10/01,1389,10,1,tile_ceramic,کاشی و سرامیک,57616105980228781,469.4,469.0,469.4,TSETMC
2010-12-25,1389/10/04,1389,10,4,cement,سیمان، آهک و گچ,70077233737515808,196.7,196.5,196.5,TSETMC
2010-12-25,1389/10/04,1389,10,4,tile_ceramic,کاشی و سرامیک,57616105980228781,469.5,468.0,468.1,TSETMC
2010-12-26,1389/10/05,1389,10,5,cement,سیمان، آهک و گچ,70077233737515808,196.5,196.3,196.3,TSETMC
2010-12-26,1389/10/05,1389,10,5,tile_ceramic,کاشی و سرامیک,57616105980228781,468.6,465.6,465.6,TSETMC
2010-12-27,1389/10/06,1389,10,6,cement,سیمان، آهک و گچ,70077233737515808,196.3,195.9,195.9,TSETMC
2010-12-27,1389/10/06,1389,10,6,tile_ceramic,کاشی و سرامیک,57616105980228781,466.2,464.1,464.1,TSETMC
2010-12-28,1389/10/07,1389,10,7,cement,سیمان، آهک و گچ,70077233737515808,195.9,195.5,195.5,TSETMC
2010-12-28,1389/10/07,1389,10,7,tile_ceramic,کاشی و سرامیک,57616105980228781,463.0,462.1,462.1,TSETMC
2010-12-29,1389/10/08,1389,10,8,cement,سیمان، آهک و گچ,70077233737515808,195.5,195.3,195.3,TSETMC
2010-12-29,1389/10/08,1389,10,8,tile_ceramic,کاشی و سرامیک,57616105980228781,462.6,462.1,462.6,TSETMC
2011-01-01,1389/10/11,1389,10,11,cement,سیمان، آهک و گچ,70077233737515808,195.3,195.0,195.0,TSETMC
2011-01-01,1389/10/11,1389,10,11,tile_ceramic,کاشی و سرامیک,57616105980228781,463.1,463.0,463.0,TSETMC
2011-01-02,1389/10/12,1389,10,12,cement,سیمان، آهک و گچ,70077233737515808,194.9,194.7,194.7,TSETMC
2011-01-02,1389/10/12,1389,10,12,tile_ceramic,کاشی و سرامیک,57616105980228781,466.2,463.1,466.2,TSETMC
2011-01-03,1389/10/13,1389,10,13,cement,سیمان، آهک و گچ,70077233737515808,194.3,193.9,193.9,TSETMC
2011-01-03,1389/10/13,1389,10,13,tile_ceramic,کاشی و سرامیک,57616105980228781,468.5,466.2,468.3,TSETMC
2011-01-04,1389/10/14,1389,10,14,cement,سیمان، آهک و گچ,70077233737515808,193.9,193.4,193.4,TSETMC
2011-01-04,1389/10/14,1389,10,14,tile_ceramic,کاشی و سرامیک,57616105980228781,468.3,468.1,468.1,TSETMC
2011-01-05,1389/10/15,1389,10,15,cement,سیمان، آهک و گچ,70077233737515808,193.4,193.2,193.2,TSETMC
2011-01-05,1389/10/15,1389,10,15,tile_ceramic,کاشی و سرامیک,57616105980228781,468.0,466.9,466.9,TSETMC
2011-01-08,1389/10/18,1389,10,18,cement,سیمان، آهک و گچ,70077233737515808,193.4,193.1,193.4,TSETMC
2011-01-08,1389/10/18,1389,10,18,tile_ceramic,کاشی و سرامیک,57616105980228781,466.8,466.2,466.2,TSETMC
2011-01-09,1389/10/19,1389,10,19,cement,سیمان، آهک و گچ,70077233737515808,193.9,193.4,193.9,TSETMC
2011-01-09,1389/10/19,1389,10,19,tile_ceramic,کاشی و سرامیک,57616105980228781,466.1,460.7,460.8,TSETMC
2011-01-10,1389/10/20,1389,10,20,cement,سیمان، آهک و گچ,70077233737515808,194.0,193.8,193.8,TSETMC
2011-01-10,1389/10/20,1389,10,20,tile_ceramic,کاشی و سرامیک,57616105980228781,460.9,460.6,460.7,TSETMC
2011-01-11,1389/10/21,1389,10,21,cement,سیمان، آهک و گچ,70077233737515808,193.8,193.6,193.6,TSETMC
2011-01-11,1389/10/21,1389,10,21,tile_ceramic,کاشی و سرامیک,57616105980228781,460.7,460.2,460.6,TSETMC
2011-01-12,1389/10/22,1389,10,22,cement,سیمان، آهک و گچ,70077233737515808,193.5,193.0,193.0,TSETMC
2011-01-12,1389/10/22,1389,10,22,tile_ceramic,کاشی و سرامیک,57616105980228781,460.4,458.6,458.6,TSETMC
2011-01-15,1389/10/25,1389,10,25,cement,سیمان، آهک و گچ,70077233737515808,192.9,192.5,192.6,TSETMC
2011-01-15,1389/10/25,1389,10,25,tile_ceramic,کاشی و سرامیک,57616105980228781,458.4,458.2,458.2,TSETMC
2011-01-16,1389/10/26,1389,10,26,cement,سیمان، آهک و گچ,70077233737515808,192.5,192.4,192.4,TSETMC
2011-01-16,1389/10/26,1389,10,26,tile_ceramic,کاشی و سرامیک,57616105980228781,458.2,457.7,457.7,TSETMC
2011-01-17,1389/10/27,1389,10,27,cement,سیمان، آهک و گچ,70077233737515808,193.1,192.3,193.1,TSETMC
2011-01-17,1389/10/27,1389,10,27,tile_ceramic,کاشی و سرامیک,57616105980228781,458.0,455.6,455.8,TSETMC
2011-01-18,1389/10/28,1389,10,28,cement,سیمان، آهک و گچ,70077233737515808,193.3,193.2,193.3,TSETMC
2011-01-18,1389/10/28,1389,10,28,tile_ceramic,کاشی و سرامیک,57616105980228781,455.9,454.4,454.7,TSETMC
2011-01-19,1389/10/29,1389,10,29,cement,سیمان، آهک و گچ,70077233737515808,195.0,193.4,195.0,TSETMC
2011-01-19,1389/10/29,1389,10,29,tile_ceramic,کاشی و سرامیک,57616105980228781,457.0,454.6,456.1,TSETMC
2011-01-22,1389/11/02,1389,11,2,cement,سیمان، آهک و گچ,70077233737515808,196.5,195.3,196.5,TSETMC
2011-01-22,1389/11/02,1389,11,2,tile_ceramic,کاشی و سرامیک,57616105980228781,459.1,457.1,459.0,TSETMC
2011-01-23,1389/11/03,1389,11,3,cement,سیمان، آهک و گچ,70077233737515808,197.3,196.8,197.3,TSETMC
2011-01-23,1389/11/03,1389,11,3,tile_ceramic,کاشی و سرامیک,57616105980228781,463.1,459.5,463.1,TSETMC
2011-01-24,1389/11/04,1389,11,4,cement,سیمان، آهک و گچ,70077233737515808,198.4,197.3,198.4,TSETMC
2011-01-24,1389/11/04,1389,11,4,tile_ceramic,کاشی و سرامیک,57616105980228781,466.9,463.7,466.9,TSETMC
2011-01-26,1389/11/06,1389,11,6,cement,سیمان، آهک و گچ,70077233737515808,199.3,198.2,199.0,TSETMC
2011-01-26,1389/11/06,1389,11,6,tile_ceramic,کاشی و سرامیک,57616105980228781,469.1,468.4,468.5,TSETMC
2011-01-29,1389/11/09,1389,11,9,cement,سیمان، آهک و گچ,70077233737515808,199.7,199.1,199.7,TSETMC
2011-01-29,1389/11/09,1389,11,9,tile_ceramic,کاشی و سرامیک,57616105980228781,471.0,470.1,470.1,TSETMC
2011-01-30,1389/11/10,1389,11,10,cement,سیمان، آهک و گچ,70077233737515808,204.1,202.0,203.9,TSETMC
2011-01-30,1389/11/10,1389,11,10,tile_ceramic,کاشی و سرامیک,57616105980228781,470.1,469.0,469.0,TSETMC
2011-01-31,1389/11/11,1389,11,11,cement,سیمان، آهک و گچ,70077233737515808,204.3,201.4,201.4,TSETMC
2011-01-31,1389/11/11,1389,11,11,tile_ceramic,کاشی و سرامیک,57616105980228781,470.7,469.3,470.5,TSETMC
2011-02-01,1389/11/12,1389,11,12,cement,سیمان، آهک و گچ,70077233737515808,201.3,200.3,200.3,TSETMC
2011-02-01,1389/11/12,1389,11,12,tile_ceramic,کاشی و سرامیک,57616105980228781,471.9,470.9,471.8,TSETMC
2011-02-05,1389/11/16,1389,11,16,cement,سیمان، آهک و گچ,70077233737515808,200.2,199.9,199.9,TSETMC
2011-02-05,1389/11/16,1389,11,16,tile_ceramic,کاشی و سرامیک,57616105980228781,476.8,471.8,476.8,TSETMC
2011-02-06,1389/11/17,1389,11,17,cement,سیمان، آهک و گچ,70077233737515808,199.9,199.3,199.3,TSETMC
2011-02-06,1389/11/17,1389,11,17,tile_ceramic,کاشی و سرامیک,57616105980228781,477.7,477.0,477.0,TSETMC
2011-02-07,1389/11/18,1389,11,18,cement,سیمان، آهک و گچ,70077233737515808,199.3,198.8,198.8,TSETMC
2011-02-07,1389/11/18,1389,11,18,tile_ceramic,کاشی و سرامیک,57616105980228781,477.0,475.8,475.8,TSETMC
2011-02-08,1389/11/19,1389,11,19,cement,سیمان، آهک و گچ,70077233737515808,198.8,198.1,198.1,TSETMC
2011-02-08,1389/11/19,1389,11,19,tile_ceramic,کاشی و سرامیک,57616105980228781,487.3,483.5,484.0,TSETMC
2011-02-09,1389/11/20,1389,11,20,cement,سیمان، آهک و گچ,70077233737515808,198.1,197.8,197.8,TSETMC
2011-02-09,1389/11/20,1389,11,20,tile_ceramic,کاشی و سرامیک,57616105980228781,484.5,483.1,483.1,TSETMC
2011-02-12,1389/11/23,1389,11,23,cement,سیمان، آهک و گچ,70077233737515808,197.8,197.5,197.5,TSETMC
2011-02-12,1389/11/23,1389,11,23,tile_ceramic,کاشی و سرامیک,57616105980228781,486.8,486.0,486.6,TSETMC
2011-02-13,1389/11/24,1389,11,24,cement,سیمان، آهک و گچ,70077233737515808,195.0,194.8,194.8,TSETMC
2011-02-13,1389/11/24,1389,11,24,tile_ceramic,کاشی و سرامیک,57616105980228781,486.6,485.6,485.7,TSETMC
2011-02-14,1389/11/25,1389,11,25,cement,سیمان، آهک و گچ,70077233737515808,194.2,193.8,193.8,TSETMC
2011-02-14,1389/11/25,1389,11,25,tile_ceramic,کاشی و سرامیک,57616105980228781,485.7,484.9,484.9,TSETMC
2011-02-15,1389/11/26,1389,11,26,cement,سیمان، آهک و گچ,70077233737515808,193.8,193.1,193.1,TSETMC
2011-02-15,1389/11/26,1389,11,26,tile_ceramic,کاشی و سرامیک,57616105980228781,484.8,483.9,484.0,TSETMC
2011-02-16,1389/11/27,1389,11,27,cement,سیمان، آهک و گچ,70077233737515808,193.5,193.0,193.5,TSETMC
2011-02-16,1389/11/27,1389,11,27,tile_ceramic,کاشی و سرامیک,57616105980228781,482.8,480.6,480.6,TSETMC
2011-02-19,1389/11/30,1389,11,30,cement,سیمان، آهک و گچ,70077233737515808,193.5,193.2,193.2,TSETMC
2011-02-19,1389/11/30,1389,11,30,tile_ceramic,کاشی و سرامیک,57616105980228781,481.7,480.5,481.7,TSETMC
2011-02-20,1389/12/01,1389,12,1,cement,سیمان، آهک و گچ,70077233737515808,193.2,192.9,192.9,TSETMC
2011-02-20,1389/12/01,1389,12,1,tile_ceramic,کاشی و سرامیک,57616105980228781,481.7,479.8,479.8,TSETMC
2011-02-22,1389/12/03,1389,12,3,cement,سیمان، آهک و گچ,70077233737515808,193.2,192.8,193.2,TSETMC
2011-02-22,1389/12/03,1389,12,3,tile_ceramic,کاشی و سرامیک,57616105980228781,480.7,480.0,480.0,TSETMC
2011-02-23,1389/12/04,1389,12,4,cement,سیمان، آهک و گچ,70077233737515808,193.9,193.5,193.9,TSETMC
2011-02-23,1389/12/04,1389,12,4,tile_ceramic,کاشی و سرامیک,57616105980228781,482.7,482.1,482.2,TSETMC
2011-02-26,1389/12/07,1389,12,7,cement,سیمان، آهک و گچ,70077233737515808,195.7,193.9,195.7,TSETMC
2011-02-26,1389/12/07,1389,12,7,tile_ceramic,کاشی و سرامیک,57616105980228781,485.1,482.0,482.0,TSETMC
2011-02-27,1389/12/08,1389,12,8,cement,سیمان، آهک و گچ,70077233737515808,197.8,196.4,197.8,TSETMC
2011-02-27,1389/12/08,1389,12,8,tile_ceramic,کاشی و سرامیک,57616105980228781,481.5,480.2,480.2,TSETMC
2011-02-28,1389/12/09,1389,12,9,cement,سیمان، آهک و گچ,70077233737515808,198.8,198.2,198.8,TSETMC
2011-02-28,1389/12/09,1389,12,9,tile_ceramic,کاشی و سرامیک,57616105980228781,479.5,478.3,478.3,TSETMC
2011-03-01,1389/12/10,1389,12,10,cement,سیمان، آهک و گچ,70077233737515808,198.8,197.7,197.7,TSETMC
2011-03-01,1389/12/10,1389,12,10,tile_ceramic,کاشی و سرامیک,57616105980228781,478.9,478.4,478.9,TSETMC
2011-03-02,1389/12/11,1389,12,11,cement,سیمان، آهک و گچ,70077233737515808,197.7,196.7,196.7,TSETMC
2011-03-02,1389/12/11,1389,12,11,tile_ceramic,کاشی و سرامیک,57616105980228781,481.3,479.0,481.3,TSETMC
2011-03-05,1389/12/14,1389,12,14,cement,سیمان، آهک و گچ,70077233737515808,196.8,196.3,196.8,TSETMC
2011-03-05,1389/12/14,1389,12,14,tile_ceramic,کاشی و سرامیک,57616105980228781,485.8,481.9,485.8,TSETMC
2011-03-06,1389/12/15,1389,12,15,cement,سیمان، آهک و گچ,70077233737515808,196.8,196.2,196.2,TSETMC
2011-03-06,1389/12/15,1389,12,15,tile_ceramic,کاشی و سرامیک,57616105980228781,491.9,487.4,491.9,TSETMC
2011-03-07,1389/12/16,1389,12,16,cement,سیمان، آهک و گچ,70077233737515808,196.1,195.7,195.8,TSETMC
2011-03-07,1389/12/16,1389,12,16,tile_ceramic,کاشی و سرامیک,57616105980228781,492.0,491.2,491.8,TSETMC
2011-03-08,1389/12/17,1389,12,17,cement,سیمان، آهک و گچ,70077233737515808,195.8,195.6,195.6,TSETMC
2011-03-08,1389/12/17,1389,12,17,tile_ceramic,کاشی و سرامیک,57616105980228781,492.1,491.8,492.0,TSETMC
2011-03-09,1389/12/18,1389,12,18,cement,سیمان، آهک و گچ,70077233737515808,196.1,195.6,195.8,TSETMC
2011-03-09,1389/12/18,1389,12,18,tile_ceramic,کاشی و سرامیک,57616105980228781,492.2,492.0,492.0,TSETMC
2011-03-12,1389/12/21,1389,12,21,cement,سیمان، آهک و گچ,70077233737515808,195.8,195.3,195.3,TSETMC
2011-03-12,1389/12/21,1389,12,21,tile_ceramic,کاشی و سرامیک,57616105980228781,492.0,491.3,491.3,TSETMC
2011-03-13,1389/12/22,1389,12,22,cement,سیمان، آهک و گچ,70077233737515808,195.0,194.9,195.0,TSETMC
2011-03-13,1389/12/22,1389,12,22,tile_ceramic,کاشی و سرامیک,57616105980228781,492.1,491.8,491.8,TSETMC
2011-03-14,1389/12/23,1389,12,23,cement,سیمان، آهک و گچ,70077233737515808,195.1,195.0,195.1,TSETMC
2011-03-14,1389/12/23,1389,12,23,tile_ceramic,کاشی و سرامیک,57616105980228781,492.8,491.1,492.8,TSETMC
2011-03-15,1389/12/24,1389,12,24,cement,سیمان، آهک و گچ,70077233737515808,195.2,194.8,194.8,TSETMC
2011-03-15,1389/12/24,1389,12,24,tile_ceramic,کاشی و سرامیک,57616105980228781,493.5,492.9,493.5,TSETMC
2011-03-16,1389/12/25,1389,12,25,cement,سیمان، آهک و گچ,70077233737515808,195.4,194.8,195.4,TSETMC
2011-03-16,1389/12/25,1389,12,25,tile_ceramic,کاشی و سرامیک,57616105980228781,493.5,486.3,486.3,TSETMC
2011-03-19,1389/12/28,1389,12,28,cement,سیمان، آهک و گچ,70077233737515808,196.0,195.4,196.0,TSETMC
2011-03-19,1389/12/28,1389,12,28,tile_ceramic,کاشی و سرامیک,57616105980228781,487.3,486.1,487.3,TSETMC
2011-03-26,1390/01/06,1390,1,6,cement,سیمان، آهک و گچ,70077233737515808,197.9,196.1,197.9,TSETMC
2011-03-26,1390/01/06,1390,1,6,tile_ceramic,کاشی و سرامیک,57616105980228781,493.6,487.3,493.6,TSETMC
2011-03-27,1390/01/07,1390,1,7,cement,سیمان، آهک و گچ,70077233737515808,199.5,198.3,199.5,TSETMC
2011-03-27,1390/01/07,1390,1,7,tile_ceramic,کاشی و سرامیک,57616105980228781,500.0,494.4,500.0,TSETMC
2011-03-28,1390/01/08,1390,1,8,cement,سیمان، آهک و گچ,70077233737515808,200.4,199.7,200.4,TSETMC
2011-03-28,1390/01/08,1390,1,8,tile_ceramic,کاشی و سرامیک,57616105980228781,502.6,499.6,502.6,TSETMC
2011-03-29,1390/01/09,1390,1,9,cement,سیمان، آهک و گچ,70077233737515808,201.3,200.4,201.3,TSETMC
2011-03-29,1390/01/09,1390,1,9,tile_ceramic,کاشی و سرامیک,57616105980228781,502.9,500.2,500.2,TSETMC
2011-03-30,1390/01/10,1390,1,10,cement,سیمان، آهک و گچ,70077233737515808,204.3,203.8,204.3,TSETMC
2011-03-30,1390/01/10,1390,1,10,tile_ceramic,کاشی و سرامیک,57616105980228781,500.3,499.8,499.8,TSETMC
2011-04-03,1390/01/14,1390,1,14,cement,سیمان، آهک و گچ,70077233737515808,204.9,204.6,204.9,TSETMC
2011-04-03,1390/01/14,1390,1,14,tile_ceramic,کاشی و سرامیک,57616105980228781,500.9,499.8,500.9,TSETMC
2011-04-04,1390/01/15,1390,1,15,cement,سیمان، آهک و گچ,70077233737515808,206.9,205.5,206.9,TSETMC
2011-04-04,1390/01/15,1390,1,15,tile_ceramic,کاشی و سرامیک,57616105980228781,503.4,501.0,503.4,TSETMC
2011-04-05,1390/01/16,1390,1,16,cement,سیمان، آهک و گچ,70077233737515808,209.4,207.4,209.4,TSETMC
2011-04-05,1390/01/16,1390,1,16,tile_ceramic,کاشی و سرامیک,57616105980228781,505.0,503.6,504.9,TSETMC
2011-04-06,1390/01/17,1390,1,17,cement,سیمان، آهک و گچ,70077233737515808,211.9,210.1,211.9,TSETMC
2011-04-06,1390/01/17,1390,1,17,tile_ceramic,کاشی و سرامیک,57616105980228781,510.3,504.7,510.0,TSETMC
2011-04-09,1390/01/20,1390,1,20,cement,سیمان، آهک و گچ,70077233737515808,214.3,212.8,214.3,TSETMC
2011-04-09,1390/01/20,1390,1,20,tile_ceramic,کاشی و سرامیک,57616105980228781,510.9,508.5,508.5,TSETMC
2011-04-10,1390/01/21,1390,1,21,cement,سیمان، آهک و گچ,70077233737515808,215.7,214.6,215.2,TSETMC
2011-04-10,1390/01/21,1390,1,21,tile_ceramic,کاشی و سرامیک,57616105980228781,508.0,505.6,505.6,TSETMC
2011-04-11,1390/01/22,1390,1,22,cement,سیمان، آهک و گچ,70077233737515808,215.2,214.1,214.8,TSETMC
2011-04-11,1390/01/22,1390,1,22,tile_ceramic,کاشی و سرامیک,57616105980228781,505.7,505.0,505.0,TSETMC
2011-04-12,1390/01/23,1390,1,23,cement,سیمان، آهک و گچ,70077233737515808,216.4,216.0,216.1,TSETMC
2011-04-12,1390/01/23,1390,1,23,tile_ceramic,کاشی و سرامیک,57616105980228781,507.2,505.0,505.9,TSETMC
2011-04-13,1390/01/24,1390,1,24,cement,سیمان، آهک و گچ,70077233737515808,216.1,215.2,215.2,TSETMC
2011-04-13,1390/01/24,1390,1,24,tile_ceramic,کاشی و سرامیک,57616105980228781,507.5,506.0,507.1,TSETMC
2011-04-16,1390/01/27,1390,1,27,cement,سیمان، آهک و گچ,70077233737515808,215.3,214.3,214.3,TSETMC
2011-04-16,1390/01/27,1390,1,27,tile_ceramic,کاشی و سرامیک,57616105980228781,508.0,507.5,508.0,TSETMC
2011-04-17,1390/01/28,1390,1,28,cement,سیمان، آهک و گچ,70077233737515808,214.7,213.6,213.6,TSETMC
2011-04-17,1390/01/28,1390,1,28,tile_ceramic,کاشی و سرامیک,57616105980228781,509.5,507.9,507.9,TSETMC
2011-04-18,1390/01/29,1390,1,29,cement,سیمان، آهک و گچ,70077233737515808,213.4,212.7,212.7,TSETMC
2011-04-18,1390/01/29,1390,1,29,tile_ceramic,کاشی و سرامیک,57616105980228781,509.4,505.8,505.8,TSETMC
2011-04-19,1390/01/30,1390,1,30,cement,سیمان، آهک و گچ,70077233737515808,212.7,211.9,211.9,TSETMC
2011-04-19,1390/01/30,1390,1,30,tile_ceramic,کاشی و سرامیک,57616105980228781,505.9,503.4,503.4,TSETMC
2011-04-20,1390/01/31,1390,1,31,cement,سیمان، آهک و گچ,70077233737515808,211.9,211.7,211.7,TSETMC
2011-04-20,1390/01/31,1390,1,31,tile_ceramic,کاشی و سرامیک,57616105980228781,503.3,499.6,499.7,TSETMC
2011-04-23,1390/02/03,1390,2,3,cement,سیمان، آهک و گچ,70077233737515808,212.0,209.6,209.6,TSETMC
2011-04-23,1390/02/03,1390,2,3,tile_ceramic,کاشی و سرامیک,57616105980228781,499.7,497.4,498.3,TSETMC
2011-04-24,1390/02/04,1390,2,4,cement,سیمان، آهک و گچ,70077233737515808,209.6,208.8,208.8,TSETMC
2011-04-24,1390/02/04,1390,2,4,tile_ceramic,کاشی و سرامیک,57616105980228781,500.4,498.6,500.4,TSETMC
2011-04-25,1390/02/05,1390,2,5,cement,سیمان، آهک و گچ,70077233737515808,208.2,207.8,207.8,TSETMC
2011-04-25,1390/02/05,1390,2,5,tile_ceramic,کاشی و سرامیک,57616105980228781,500.4,500.1,500.1,TSETMC
2011-04-26,1390/02/06,1390,2,6,cement,سیمان، آهک و گچ,70077233737515808,207.8,207.4,207.4,TSETMC
2011-04-26,1390/02/06,1390,2,6,tile_ceramic,کاشی و سرامیک,57616105980228781,500.1,498.5,498.6,TSETMC
2011-04-27,1390/02/07,1390,2,7,cement,سیمان، آهک و گچ,70077233737515808,207.4,207.1,207.1,TSETMC
2011-04-27,1390/02/07,1390,2,7,tile_ceramic,کاشی و سرامیک,57616105980228781,498.6,496.0,496.0,TSETMC
2011-04-30,1390/02/10,1390,2,10,cement,سیمان، آهک و گچ,70077233737515808,207.0,206.0,206.0,TSETMC
2011-04-30,1390/02/10,1390,2,10,tile_ceramic,کاشی و سرامیک,57616105980228781,495.2,490.4,490.4,TSETMC
2011-05-01,1390/02/11,1390,2,11,cement,سیمان، آهک و گچ,70077233737515808,205.8,204.9,204.9,TSETMC
2011-05-01,1390/02/11,1390,2,11,tile_ceramic,کاشی و سرامیک,57616105980228781,489.4,484.8,484.8,TSETMC
2011-05-02,1390/02/12,1390,2,12,cement,سیمان، آهک و گچ,70077233737515808,205.7,204.9,205.7,TSETMC
2011-05-02,1390/02/12,1390,2,12,tile_ceramic,کاشی و سرامیک,57616105980228781,487.7,484.9,487.7,TSETMC
2011-05-03,1390/02/13,1390,2,13,cement,سیمان، آهک و گچ,70077233737515808,205.8,205.7,205.7,TSETMC
2011-05-03,1390/02/13,1390,2,13,tile_ceramic,کاشی و سرامیک,57616105980228781,487.6,486.4,487.1,TSETMC
2011-05-04,1390/02/14,1390,2,14,cement,سیمان، آهک و گچ,70077233737515808,205.7,205.6,205.6,TSETMC
2011-05-04,1390/02/14,1390,2,14,tile_ceramic,کاشی و سرامیک,57616105980228781,492.1,487.0,492.1,TSETMC
2011-05-08,1390/02/18,1390,2,18,cement,سیمان، آهک و گچ,70077233737515808,205.6,205.4,205.4,TSETMC
2011-05-08,1390/02/18,1390,2,18,tile_ceramic,کاشی و سرامیک,57616105980228781,492.4,491.9,491.9,TSETMC
2011-05-09,1390/02/19,1390,2,19,cement,سیمان، آهک و گچ,70077233737515808,205.7,205.3,205.7,TSETMC
2011-05-09,1390/02/19,1390,2,19,tile_ceramic,کاشی و سرامیک,57616105980228781,496.4,491.8,496.4,TSETMC
2011-05-10,1390/02/20,1390,2,20,cement,سیمان، آهک و گچ,70077233737515808,205.7,205.2,205.2,TSETMC
2011-05-10,1390/02/20,1390,2,20,tile_ceramic,کاشی و سرامیک,57616105980228781,500.0,498.1,500.0,TSETMC
2011-05-11,1390/02/21,1390,2,21,cement,سیمان، آهک و گچ,70077233737515808,205.3,205.0,205.0,TSETMC
2011-05-11,1390/02/21,1390,2,21,tile_ceramic,کاشی و سرامیک,57616105980228781,498.2,494.8,496.5,TSETMC
2011-05-14,1390/02/24,1390,2,24,cement,سیمان، آهک و گچ,70077233737515808,205.0,204.9,204.9,TSETMC
2011-05-14,1390/02/24,1390,2,24,tile_ceramic,کاشی و سرامیک,57616105980228781,496.5,496.5,496.5,TSETMC
2011-05-15,1390/02/25,1390,2,25,cement,سیمان، آهک و گچ,70077233737515808,204.9,204.7,204.7,TSETMC
2011-05-15,1390/02/25,1390,2,25,tile_ceramic,کاشی و سرامیک,57616105980228781,497.0,496.6,497.0,TSETMC
2011-05-16,1390/02/26,1390,2,26,cement,سیمان، آهک و گچ,70077233737515808,204.7,204.6,204.6,TSETMC
2011-05-16,1390/02/26,1390,2,26,tile_ceramic,کاشی و سرامیک,57616105980228781,501.2,498.4,498.5,TSETMC
2011-05-17,1390/02/27,1390,2,27,cement,سیمان، آهک و گچ,70077233737515808,204.6,204.4,204.4,TSETMC
2011-05-17,1390/02/27,1390,2,27,tile_ceramic,کاشی و سرامیک,57616105980228781,498.4,495.1,495.1,TSETMC
2011-05-18,1390/02/28,1390,2,28,cement,سیمان، آهک و گچ,70077233737515808,204.4,204.3,204.3,TSETMC
2011-05-18,1390/02/28,1390,2,28,tile_ceramic,کاشی و سرامیک,57616105980228781,495.0,494.4,494.4,TSETMC
2011-05-21,1390/02/31,1390,2,31,cement,سیمان، آهک و گچ,70077233737515808,204.2,203.5,203.5,TSETMC
2011-05-21,1390/02/31,1390,2,31,tile_ceramic,کاشی و سرامیک,57616105980228781,494.5,494.3,494.5,TSETMC
2011-05-22,1390/03/01,1390,3,1,cement,سیمان، آهک و گچ,70077233737515808,203.4,202.8,202.8,TSETMC
2011-05-22,1390/03/01,1390,3,1,tile_ceramic,کاشی و سرامیک,57616105980228781,494.5,494.1,494.4,TSETMC
2011-05-23,1390/03/02,1390,3,2,cement,سیمان، آهک و گچ,70077233737515808,202.8,202.7,202.7,TSETMC
2011-05-23,1390/03/02,1390,3,2,tile_ceramic,کاشی و سرامیک,57616105980228781,494.4,492.3,492.3,TSETMC
2011-05-24,1390/03/03,1390,3,3,cement,سیمان، آهک و گچ,70077233737515808,202.7,202.6,202.6,TSETMC
2011-05-24,1390/03/03,1390,3,3,tile_ceramic,کاشی و سرامیک,57616105980228781,492.4,492.0,492.0,TSETMC
2011-05-25,1390/03/04,1390,3,4,cement,سیمان، آهک و گچ,70077233737515808,202.6,202.2,202.2,TSETMC
2011-05-25,1390/03/04,1390,3,4,tile_ceramic,کاشی و سرامیک,57616105980228781,492.4,490.5,490.5,TSETMC
2011-05-28,1390/03/07,1390,3,7,cement,سیمان، آهک و گچ,70077233737515808,202.2,201.7,201.7,TSETMC
2011-05-28,1390/03/07,1390,3,7,tile_ceramic,کاشی و سرامیک,57616105980228781,490.3,488.1,488.1,TSETMC
2011-05-29,1390/03/08,1390,3,8,cement,سیمان، آهک و گچ,70077233737515808,200.3,200.3,200.3,TSETMC
2011-05-29,1390/03/08,1390,3,8,tile_ceramic,کاشی و سرامیک,57616105980228781,482.3,482.3,482.3,TSETMC
2011-05-30,1390/03/09,1390,3,9,cement,سیمان، آهک و گچ,70077233737515808,200.3,200.0,200.0,TSETMC
2011-05-30,1390/03/09,1390,3,9,tile_ceramic,کاشی و سرامیک,57616105980228781,482.9,482.3,482.9,TSETMC
2011-05-31,1390/03/10,1390,3,10,cement,سیمان، آهک و گچ,70077233737515808,200.4,200.0,200.4,TSETMC
2011-05-31,1390/03/10,1390,3,10,tile_ceramic,کاشی و سرامیک,57616105980228781,484.7,482.9,484.7,TSETMC
2011-06-06,1390/03/16,1390,3,16,cement,سیمان، آهک و گچ,70077233737515808,201.1,200.7,201.1,TSETMC
2011-06-06,1390/03/16,1390,3,16,tile_ceramic,کاشی و سرامیک,57616105980228781,487.8,487.3,487.8,TSETMC
2011-06-07,1390/03/17,1390,3,17,cement,سیمان، آهک و گچ,70077233737515808,202.0,201.2,201.9,TSETMC
2011-06-07,1390/03/17,1390,3,17,tile_ceramic,کاشی و سرامیک,57616105980228781,491.0,487.9,490.9,TSETMC
2011-06-08,1390/03/18,1390,3,18,cement,سیمان، آهک و گچ,70077233737515808,204.2,203.2,204.2,TSETMC
2011-06-08,1390/03/18,1390,3,18,tile_ceramic,کاشی و سرامیک,57616105980228781,491.0,490.9,490.9,TSETMC
2011-06-11,1390/03/21,1390,3,21,cement,سیمان، آهک و گچ,70077233737515808,206.1,204.9,206.1,TSETMC
2011-06-11,1390/03/21,1390,3,21,tile_ceramic,کاشی و سرامیک,57616105980228781,490.9,490.9,490.9,TSETMC
2011-06-12,1390/03/22,1390,3,22,cement,سیمان، آهک و گچ,70077233737515808,208.1,206.4,208.1,TSETMC
2011-06-12,1390/03/22,1390,3,22,tile_ceramic,کاشی و سرامیک,57616105980228781,498.1,490.9,498.1,TSETMC
2011-06-13,1390/03/23,1390,3,23,cement,سیمان، آهک و گچ,70077233737515808,208.7,208.3,208.4,TSETMC
2011-06-13,1390/03/23,1390,3,23,tile_ceramic,کاشی و سرامیک,57616105980228781,502.6,498.6,502.6,TSETMC
2011-06-14,1390/03/24,1390,3,24,cement,سیمان، آهک و گچ,70077233737515808,207.8,206.8,206.8,TSETMC
2011-06-14,1390/03/24,1390,3,24,tile_ceramic,کاشی و سرامیک,57616105980228781,508.2,503.7,507.8,TSETMC
2011-06-15,1390/03/25,1390,3,25,cement,سیمان، آهک و گچ,70077233737515808,206.8,206.3,206.3,TSETMC
2011-06-15,1390/03/25,1390,3,25,tile_ceramic,کاشی و سرامیک,57616105980228781,509.9,508.8,509.9,TSETMC
2011-06-18,1390/03/28,1390,3,28,cement,سیمان، آهک و گچ,70077233737515808,207.4,205.6,205.6,TSETMC
2011-06-18,1390/03/28,1390,3,28,tile_ceramic,کاشی و سرامیک,57616105980228781,512.2,510.2,512.1,TSETMC
2011-06-19,1390/03/29,1390,3,29,cement,سیمان، آهک و گچ,70077233737515808,205.5,205.2,205.2,TSETMC
2011-06-19,1390/03/29,1390,3,29,tile_ceramic,کاشی و سرامیک,57616105980228781,515.4,512.5,514.8,TSETMC
2011-06-20,1390/03/30,1390,3,30,cement,سیمان، آهک و گچ,70077233737515808,205.2,204.2,204.2,TSETMC
2011-06-20,1390/03/30,1390,3,30,tile_ceramic,کاشی و سرامیک,57616105980228781,523.3,519.6,522.5,TSETMC
2011-06-21,1390/03/31,1390,3,31,cement,سیمان، آهک و گچ,70077233737515808,204.1,203.9,203.9,TSETMC
2011-06-21,1390/03/31,1390,3,31,tile_ceramic,کاشی و سرامیک,57616105980228781,525.6,524.0,525.6,TSETMC
2011-06-22,1390/04/01,1390,4,1,cement,سیمان، آهک و گچ,70077233737515808,204.1,202.7,203.9,TSETMC
2011-06-22,1390/04/01,1390,4,1,tile_ceramic,کاشی و سرامیک,57616105980228781,534.0,525.6,531.6,TSETMC
2011-06-25,1390/04/04,1390,4,4,cement,سیمان، آهک و گچ,70077233737515808,204.6,203.8,204.6,TSETMC
2011-06-25,1390/04/04,1390,4,4,tile_ceramic,کاشی و سرامیک,57616105980228781,531.7,528.3,528.3,TSETMC
2011-06-26,1390/04/05,1390,4,5,cement,سیمان، آهک و گچ,70077233737515808,206.2,204.7,206.2,TSETMC
2011-06-26,1390/04/05,1390,4,5,tile_ceramic,کاشی و سرامیک,57616105980228781,528.3,526.1,526.1,TSETMC
2011-06-27,1390/04/06,1390,4,6,cement,سیمان، آهک و گچ,70077233737515808,206.4,205.8,205.8,TSETMC
2011-06-27,1390/04/06,1390,4,6,tile_ceramic,کاشی و سرامیک,57616105980228781,526.0,525.0,525.0,TSETMC
2011-06-28,1390/04/07,1390,4,7,cement,سیمان، آهک و گچ,70077233737515808,205.8,205.2,205.2,TSETMC
2011-06-28,1390/04/07,1390,4,7,tile_ceramic,کاشی و سرامیک,57616105980228781,523.9,520.1,520.1,TSETMC
2011-06-29,1390/04/08,1390,4,8,cement,سیمان، آهک و گچ,70077233737515808,205.2,204.8,205.0,TSETMC
2011-06-29,1390/04/08,1390,4,8,tile_ceramic,کاشی و سرامیک,57616105980228781,524.0,520.1,524.0,TSETMC
2011-07-02,1390/04/11,1390,4,11,cement,سیمان، آهک و گچ,70077233737515808,205.0,204.9,204.9,TSETMC
2011-07-02,1390/04/11,1390,4,11,tile_ceramic,کاشی و سرامیک,57616105980228781,530.3,524.4,530.3,TSETMC
2011-07-03,1390/04/12,1390,4,12,cement,سیمان، آهک و گچ,70077233737515808,205.0,204.8,204.8,TSETMC
2011-07-03,1390/04/12,1390,4,12,tile_ceramic,کاشی و سرامیک,57616105980228781,531.0,530.4,530.9,TSETMC
2011-07-04,1390/04/13,1390,4,13,cement,سیمان، آهک و گچ,70077233737515808,206.6,204.8,206.6,TSETMC
2011-07-04,1390/04/13,1390,4,13,tile_ceramic,کاشی و سرامیک,57616105980228781,530.7,529.5,529.5,TSETMC
2011-07-05,1390/04/14,1390,4,14,cement,سیمان، آهک و گچ,70077233737515808,207.7,207.2,207.7,TSETMC
2011-07-05,1390/04/14,1390,4,14,tile_ceramic,کاشی و سرامیک,57616105980228781,529.4,526.2,526.5,TSETMC
2011-07-06,1390/04/15,1390,4,15,cement,سیمان، آهک و گچ,70077233737515808,208.4,208.0,208.4,TSETMC
2011-07-06,1390/04/15,1390,4,15,tile_ceramic,کاشی و سرامیک,57616105980228781,526.7,525.3,525.3,TSETMC
2011-07-09,1390/04/18,1390,4,18,cement,سیمان، آهک و گچ,70077233737515808,208.9,208.6,208.9,TSETMC
2011-07-09,1390/04/18,1390,4,18,tile_ceramic,کاشی و سرامیک,57616105980228781,525.2,524.5,524.5,TSETMC
2011-07-10,1390/04/19,1390,4,19,cement,سیمان، آهک و گچ,70077233737515808,212.2,209.2,212.2,TSETMC
2011-07-10,1390/04/19,1390,4,19,tile_ceramic,کاشی و سرامیک,57616105980228781,523.1,519.9,519.9,TSETMC
2011-07-11,1390/04/20,1390,4,20,cement,سیمان، آهک و گچ,70077233737515808,213.2,212.5,212.5,TSETMC
2011-07-11,1390/04/20,1390,4,20,tile_ceramic,کاشی و سرامیک,57616105980228781,520.0,519.9,520.0,TSETMC
2011-07-12,1390/04/21,1390,4,21,cement,سیمان، آهک و گچ,70077233737515808,214.6,213.3,213.3,TSETMC
2011-07-12,1390/04/21,1390,4,21,tile_ceramic,کاشی و سرامیک,57616105980228781,519.9,519.5,519.5,TSETMC
2011-07-13,1390/04/22,1390,4,22,cement,سیمان، آهک و گچ,70077233737515808,213.3,213.1,213.1,TSETMC
2011-07-13,1390/04/22,1390,4,22,tile_ceramic,کاشی و سرامیک,57616105980228781,521.5,519.6,519.6,TSETMC
2011-07-16,1390/04/25,1390,4,25,cement,سیمان، آهک و گچ,70077233737515808,213.1,213.0,213.0,TSETMC
2011-07-16,1390/04/25,1390,4,25,tile_ceramic,کاشی و سرامیک,57616105980228781,519.6,518.3,518.3,TSETMC
2011-07-18,1390/04/27,1390,4,27,cement,سیمان، آهک و گچ,70077233737515808,213.9,213.0,213.9,TSETMC
2011-07-18,1390/04/27,1390,4,27,tile_ceramic,کاشی و سرامیک,57616105980228781,518.6,518.2,518.5,TSETMC
2011-07-19,1390/04/28,1390,4,28,cement,سیمان، آهک و گچ,70077233737515808,216.4,214.2,215.8,TSETMC
2011-07-19,1390/04/28,1390,4,28,tile_ceramic,کاشی و سرامیک,57616105980228781,518.5,518.3,518.3,TSETMC
2011-07-20,1390/04/29,1390,4,29,cement,سیمان، آهک و گچ,70077233737515808,221.2,215.8,218.4,TSETMC
2011-07-20,1390/04/29,1390,4,29,tile_ceramic,کاشی و سرامیک,57616105980228781,518.3,517.3,517.3,TSETMC
2011-07-23,1390/05/01,1390,5,1,cement,سیمان، آهک و گچ,70077233737515808,221.6,218.6,221.6,TSETMC
2011-07-23,1390/05/01,1390,5,1,tile_ceramic,کاشی و سرامیک,57616105980228781,517.8,517.5,517.8,TSETMC
2011-07-24,1390/05/02,1390,5,2,cement,سیمان، آهک و گچ,70077233737515808,223.8,221.6,223.8,TSETMC
2011-07-24,1390/05/02,1390,5,2,tile_ceramic,کاشی و سرامیک,57616105980228781,517.8,517.3,517.7,TSETMC
2011-07-25,1390/05/03,1390,5,3,cement,سیمان، آهک و گچ,70077233737515808,224.3,224.0,224.1,TSETMC
2011-07-25,1390/05/03,1390,5,3,tile_ceramic,کاشی و سرامیک,57616105980228781,517.8,517.5,517.8,TSETMC
2011-07-26,1390/05/04,1390,5,4,cement,سیمان، آهک و گچ,70077233737515808,224.2,223.6,223.6,TSETMC
2011-07-26,1390/05/04,1390,5,4,tile_ceramic,کاشی و سرامیک,57616105980228781,517.9,517.9,517.9,TSETMC
2011-07-27,1390/05/05,1390,5,5,cement,سیمان، آهک و گچ,70077233737515808,223.5,223.0,223.0,TSETMC
2011-07-27,1390/05/05,1390,5,5,tile_ceramic,کاشی و سرامیک,57616105980228781,518.0,517.8,518.0,TSETMC
2011-07-30,1390/05/08,1390,5,8,cement,سیمان، آهک و گچ,70077233737515808,223.5,222.8,222.8,TSETMC
2011-07-30,1390/05/08,1390,5,8,tile_ceramic,کاشی و سرامیک,57616105980228781,518.1,511.3,511.3,TSETMC
2011-07-31,1390/05/09,1390,5,9,cement,سیمان، آهک و گچ,70077233737515808,222.8,222.3,222.3,TSETMC
2011-07-31,1390/05/09,1390,5,9,tile_ceramic,کاشی و سرامیک,57616105980228781,515.7,515.0,515.1,TSETMC
2011-08-01,1390/05/10,1390,5,10,cement,سیمان، آهک و گچ,70077233737515808,222.8,221.9,221.9,TSETMC
2011-08-01,1390/05/10,1390,5,10,tile_ceramic,کاشی و سرامیک,57616105980228781,516.0,515.5,515.7,TSETMC
2011-08-02,1390/05/11,1390,5,11,cement,سیمان، آهک و گچ,70077233737515808,222.0,221.9,222.0,TSETMC
2011-08-02,1390/05/11,1390,5,11,tile_ceramic,کاشی و سرامیک,57616105980228781,516.9,515.7,516.9,TSETMC
2011-08-03,1390/05/12,1390,5,12,cement,سیمان، آهک و گچ,70077233737515808,221.9,221.4,221.4,TSETMC
2011-08-03,1390/05/12,1390,5,12,tile_ceramic,کاشی و سرامیک,57616105980228781,517.4,516.0,516.0,TSETMC
2011-08-06,1390/05/15,1390,5,15,cement,سیمان، آهک و گچ,70077233737515808,221.4,221.3,221.3,TSETMC
2011-08-06,1390/05/15,1390,5,15,tile_ceramic,کاشی و سرامیک,57616105980228781,521.2,516.2,521.2,TSETMC
2011-08-07,1390/05/16,1390,5,16,cement,سیمان، آهک و گچ,70077233737515808,221.8,221.1,221.8,TSETMC
2011-08-07,1390/05/16,1390,5,16,tile_ceramic,کاشی و سرامیک,57616105980228781,521.3,521.0,521.1,TSETMC
2011-08-08,1390/05/17,1390,5,17,cement,سیمان، آهک و گچ,70077233737515808,222.1,221.7,222.1,TSETMC
2011-08-08,1390/05/17,1390,5,17,tile_ceramic,کاشی و سرامیک,57616105980228781,522.2,521.1,522.2,TSETMC
2011-08-09,1390/05/18,1390,5,18,cement,سیمان، آهک و گچ,70077233737515808,222.1,221.7,221.7,TSETMC
2011-08-09,1390/05/18,1390,5,18,tile_ceramic,کاشی و سرامیک,57616105980228781,522.2,521.6,521.8,TSETMC
2011-08-10,1390/05/19,1390,5,19,cement,سیمان، آهک و گچ,70077233737515808,221.6,221.1,221.1,TSETMC
2011-08-10,1390/05/19,1390,5,19,tile_ceramic,کاشی و سرامیک,57616105980228781,521.8,520.9,520.9,TSETMC
2011-08-13,1390/05/22,1390,5,22,cement,سیمان، آهک و گچ,70077233737515808,221.1,220.8,220.8,TSETMC
2011-08-13,1390/05/22,1390,5,22,tile_ceramic,کاشی و سرامیک,57616105980228781,521.0,520.8,520.8,TSETMC
2011-08-14,1390/05/23,1390,5,23,cement,سیمان، آهک و گچ,70077233737515808,220.8,220.1,220.1,TSETMC
2011-08-14,1390/05/23,1390,5,23,tile_ceramic,کاشی و سرامیک,57616105980228781,521.5,520.7,521.5,TSETMC
2011-08-15,1390/05/24,1390,5,24,cement,سیمان، آهک و گچ,70077233737515808,220.3,220.0,220.3,TSETMC
2011-08-15,1390/05/24,1390,5,24,tile_ceramic,کاشی و سرامیک,57616105980228781,521.5,521.5,521.5,TSETMC
2011-08-16,1390/05/25,1390,5,25,cement,سیمان، آهک و گچ,70077233737515808,220.9,220.3,220.9,TSETMC
2011-08-16,1390/05/25,1390,5,25,tile_ceramic,کاشی و سرامیک,57616105980228781,522.0,521.2,521.2,TSETMC
2011-08-17,1390/05/26,1390,5,26,cement,سیمان، آهک و گچ,70077233737515808,221.1,220.8,220.8,TSETMC
2011-08-17,1390/05/26,1390,5,26,tile_ceramic,کاشی و سرامیک,57616105980228781,521.9,521.7,521.9,TSETMC
2011-08-20,1390/05/29,1390,5,29,cement,سیمان، آهک و گچ,70077233737515808,220.8,220.7,220.8,TSETMC
2011-08-20,1390/05/29,1390,5,29,tile_ceramic,کاشی و سرامیک,57616105980228781,521.9,520.7,520.7,TSETMC
2011-08-21,1390/05/30,1390,5,30,cement,سیمان، آهک و گچ,70077233737515808,222.0,220.8,222.0,TSETMC
2011-08-21,1390/05/30,1390,5,30,tile_ceramic,کاشی و سرامیک,57616105980228781,521.3,521.0,521.0,TSETMC
2011-08-23,1390/06/01,1390,6,1,cement,سیمان، آهک و گچ,70077233737515808,222.1,222.0,222.1,TSETMC
2011-08-23,1390/06/01,1390,6,1,tile_ceramic,کاشی و سرامیک,57616105980228781,521.7,520.9,521.7,TSETMC
2011-08-24,1390/06/02,1390,6,2,cement,سیمان، آهک و گچ,70077233737515808,222.1,222.0,222.0,TSETMC
2011-08-24,1390/06/02,1390,6,2,tile_ceramic,کاشی و سرامیک,57616105980228781,523.0,521.8,522.5,TSETMC
2011-08-27,1390/06/05,1390,6,5,cement,سیمان، آهک و گچ,70077233737515808,222.0,221.9,221.9,TSETMC
2011-08-27,1390/06/05,1390,6,5,tile_ceramic,کاشی و سرامیک,57616105980228781,523.6,521.4,523.5,TSETMC
2011-08-28,1390/06/06,1390,6,6,cement,سیمان، آهک و گچ,70077233737515808,221.5,221.1,221.1,TSETMC
2011-08-28,1390/06/06,1390,6,6,tile_ceramic,کاشی و سرامیک,57616105980228781,523.9,522.8,522.8,TSETMC
2011-08-29,1390/06/07,1390,6,7,cement,سیمان، آهک و گچ,70077233737515808,221.1,220.6,220.6,TSETMC
2011-08-29,1390/06/07,1390,6,7,tile_ceramic,کاشی و سرامیک,57616105980228781,523.1,521.8,522.1,TSETMC
2011-08-30,1390/06/08,1390,6,8,cement,سیمان، آهک و گچ,70077233737515808,220.7,220.4,220.4,TSETMC
2011-08-30,1390/06/08,1390,6,8,tile_ceramic,کاشی و سرامیک,57616105980228781,525.3,524.1,525.3,TSETMC
2011-09-03,1390/06/12,1390,6,12,cement,سیمان، آهک و گچ,70077233737515808,220.4,220.0,220.0,TSETMC
2011-09-03,1390/06/12,1390,6,12,tile_ceramic,کاشی و سرامیک,57616105980228781,525.2,524.5,524.5,TSETMC
2011-09-04,1390/06/13,1390,6,13,cement,سیمان، آهک و گچ,70077233737515808,220.0,219.6,219.6,TSETMC
2011-09-04,1390/06/13,1390,6,13,tile_ceramic,کاشی و سرامیک,57616105980228781,527.3,524.2,527.3,TSETMC
2011-09-05,1390/06/14,1390,6,14,cement,سیمان، آهک و گچ,70077233737515808,220.5,219.7,220.5,TSETMC
2011-09-05,1390/06/14,1390,6,14,tile_ceramic,کاشی و سرامیک,57616105980228781,529.4,527.3,529.4,TSETMC
2011-09-06,1390/06/15,1390,6,15,cement,سیمان، آهک و گچ,70077233737515808,220.6,220.3,220.4,TSETMC
2011-09-06,1390/06/15,1390,6,15,tile_ceramic,کاشی و سرامیک,57616105980228781,531.0,529.6,531.0,TSETMC
2011-09-07,1390/06/16,1390,6,16,cement,سیمان، آهک و گچ,70077233737515808,220.9,220.5,220.9,TSETMC
2011-09-07,1390/06/16,1390,6,16,tile_ceramic,کاشی و سرامیک,57616105980228781,533.3,532.1,533.1,TSETMC
2011-09-10,1390/06/19,1390,6,19,cement,سیمان، آهک و گچ,70077233737515808,221.9,221.0,221.9,TSETMC
2011-09-10,1390/06/19,1390,6,19,tile_ceramic,کاشی و سرامیک,57616105980228781,536.5,533.8,536.5,TSETMC
2011-09-11,1390/06/20,1390,6,20,cement,سیمان، آهک و گچ,70077233737515808,222.4,222.0,222.4,TSETMC
2011-09-11,1390/06/20,1390,6,20,tile_ceramic,کاشی و سرامیک,57616105980228781,541.9,537.6,541.9,TSETMC
2011-09-12,1390/06/21,1390,6,21,cement,سیمان، آهک و گچ,70077233737515808,223.3,222.7,223.3,TSETMC
2011-09-12,1390/06/21,1390,6,21,tile_ceramic,کاشی و سرامیک,57616105980228781,552.0,542.6,552.0,TSETMC
2011-09-13,1390/06/22,1390,6,22,cement,سیمان، آهک و گچ,70077233737515808,224.0,223.4,224.0,TSETMC
2011-09-13,1390/06/22,1390,6,22,tile_ceramic,کاشی و سرامیک,57616105980228781,553.2,552.5,552.9,TSETMC
2011-09-14,1390/06/23,1390,6,23,cement,سیمان، آهک و گچ,70077233737515808,225.2,224.4,225.2,TSETMC
2011-09-14,1390/06/23,1390,6,23,tile_ceramic,کاشی و سرامیک,57616105980228781,554.2,553.5,554.2,TSETMC
2011-09-17,1390/06/26,1390,6,26,cement,سیمان، آهک و گچ,70077233737515808,226.0,225.2,226.0,TSETMC
2011-09-17,1390/06/26,1390,6,26,tile_ceramic,کاشی و سرامیک,57616105980228781,555.1,554.4,554.4,TSETMC
2011-09-18,1390/06/27,1390,6,27,cement,سیمان، آهک و گچ,70077233737515808,228.4,226.3,228.4,TSETMC
2011-09-18,1390/06/27,1390,6,27,tile_ceramic,کاشی و سرامیک,57616105980228781,557.7,556.4,557.5,TSETMC
2011-09-19,1390/06/28,1390,6,28,cement,سیمان، آهک و گچ,70077233737515808,230.2,229.0,230.2,TSETMC
2011-09-19,1390/06/28,1390,6,28,tile_ceramic,کاشی و سرامیک,57616105980228781,559.6,555.8,558.8,TSETMC
2011-09-20,1390/06/29,1390,6,29,cement,سیمان، آهک و گچ,70077233737515808,231.4,230.8,231.4,TSETMC
2011-09-20,1390/06/29,1390,6,29,tile_ceramic,کاشی و سرامیک,57616105980228781,570.5,560.4,570.5,TSETMC
2011-09-21,1390/06/30,1390,6,30,cement,سیمان، آهک و گچ,70077233737515808,231.5,231.3,231.4,TSETMC
2011-09-21,1390/06/30,1390,6,30,tile_ceramic,کاشی و سرامیک,57616105980228781,582.3,576.3,579.7,TSETMC
2011-09-25,1390/07/03,1390,7,3,cement,سیمان، آهک و گچ,70077233737515808,232.0,231.8,232.0,TSETMC
2011-09-25,1390/07/03,1390,7,3,tile_ceramic,کاشی و سرامیک,57616105980228781,586.0,583.9,583.9,TSETMC
2011-09-26,1390/07/04,1390,7,4,cement,سیمان، آهک و گچ,70077233737515808,232.2,232.0,232.2,TSETMC
2011-09-26,1390/07/04,1390,7,4,tile_ceramic,کاشی و سرامیک,57616105980228781,590.5,580.1,590.5,TSETMC
2011-09-27,1390/07/05,1390,7,5,cement,سیمان، آهک و گچ,70077233737515808,235.1,234.6,235.0,TSETMC
2011-09-27,1390/07/05,1390,7,5,tile_ceramic,کاشی و سرامیک,57616105980228781,596.9,590.7,594.5,TSETMC
2011-09-28,1390/07/06,1390,7,6,cement,سیمان، آهک و گچ,70077233737515808,237.3,237.1,237.1,TSETMC
2011-09-28,1390/07/06,1390,7,6,tile_ceramic,کاشی و سرامیک,57616105980228781,597.7,595.8,596.7,TSETMC
2011-10-01,1390/07/09,1390,7,9,cement,سیمان، آهک و گچ,70077233737515808,237.0,236.5,236.5,TSETMC
2011-10-01,1390/07/09,1390,7,9,tile_ceramic,کاشی و سرامیک,57616105980228781,598.7,596.6,596.6,TSETMC
2011-10-02,1390/07/10,1390,7,10,cement,سیمان، آهک و گچ,70077233737515808,236.4,236.1,236.1,TSETMC
2011-10-02,1390/07/10,1390,7,10,tile_ceramic,کاشی و سرامیک,57616105980228781,601.0,598.0,600.3,TSETMC
2011-10-03,1390/07/11,1390,7,11,cement,سیمان، آهک و گچ,70077233737515808,236.2,235.9,236.2,TSETMC
2011-10-03,1390/07/11,1390,7,11,tile_ceramic,کاشی و سرامیک,57616105980228781,604.6,600.9,604.6,TSETMC
2011-10-04,1390/07/12,1390,7,12,cement,سیمان، آهک و گچ,70077233737515808,236.1,236.0,236.0,TSETMC
2011-10-04,1390/07/12,1390,7,12,tile_ceramic,کاشی و سرامیک,57616105980228781,611.5,605.2,611.5,TSETMC
2011-10-05,1390/07/13,1390,7,13,cement,سیمان، آهک و گچ,70077233737515808,236.2,235.9,236.2,TSETMC
2011-10-05,1390/07/13,1390,7,13,tile_ceramic,کاشی و سرامیک,57616105980228781,611.7,610.3,611.0,TSETMC
2011-10-08,1390/07/16,1390,7,16,cement,سیمان، آهک و گچ,70077233737515808,236.2,236.1,236.1,TSETMC
2011-10-08,1390/07/16,1390,7,16,tile_ceramic,کاشی و سرامیک,57616105980228781,612.0,609.5,611.8,TSETMC
2011-10-09,1390/07/17,1390,7,17,cement,سیمان، آهک و گچ,70077233737515808,236.5,236.2,236.5,TSETMC
2011-10-09,1390/07/17,1390,7,17,tile_ceramic,کاشی و سرامیک,57616105980228781,613.0,612.3,612.5,TSETMC
2011-10-10,1390/07/18,1390,7,18,cement,سیمان، آهک و گچ,70077233737515808,236.7,236.4,236.7,TSETMC
2011-10-10,1390/07/18,1390,7,18,tile_ceramic,کاشی و سرامیک,57616105980228781,618.9,614.0,618.9,TSETMC
2011-10-11,1390/07/19,1390,7,19,cement,سیمان، آهک و گچ,70077233737515808,238.8,237.4,238.8,TSETMC
2011-10-11,1390/07/19,1390,7,19,tile_ceramic,کاشی و سرامیک,57616105980228781,622.6,620.7,622.6,TSETMC
2011-10-12,1390/07/20,1390,7,20,cement,سیمان، آهک و گچ,70077233737515808,239.3,238.9,239.3,TSETMC
2011-10-12,1390/07/20,1390,7,20,tile_ceramic,کاشی و سرامیک,57616105980228781,631.3,623.0,631.0,TSETMC
2011-10-15,1390/07/23,1390,7,23,cement,سیمان، آهک و گچ,70077233737515808,239.3,238.8,238.8,TSETMC
2011-10-15,1390/07/23,1390,7,23,tile_ceramic,کاشی و سرامیک,57616105980228781,632.4,628.7,628.7,TSETMC
2011-10-16,1390/07/24,1390,7,24,cement,سیمان، آهک و گچ,70077233737515808,240.3,239.1,239.2,TSETMC
2011-10-16,1390/07/24,1390,7,24,tile_ceramic,کاشی و سرامیک,57616105980228781,628.6,622.4,622.4,TSETMC
2011-10-17,1390/07/25,1390,7,25,cement,سیمان، آهک و گچ,70077233737515808,239.1,238.7,238.7,TSETMC
2011-10-17,1390/07/25,1390,7,25,tile_ceramic,کاشی و سرامیک,57616105980228781,621.7,621.3,621.4,TSETMC
2011-10-18,1390/07/26,1390,7,26,cement,سیمان، آهک و گچ,70077233737515808,238.8,238.4,238.4,TSETMC
2011-10-18,1390/07/26,1390,7,26,tile_ceramic,کاشی و سرامیک,57616105980228781,622.3,620.3,622.3,TSETMC
2011-10-19,1390/07/27,1390,7,27,cement,سیمان، آهک و گچ,70077233737515808,238.4,237.3,237.3,TSETMC
2011-10-19,1390/07/27,1390,7,27,tile_ceramic,کاشی و سرامیک,57616105980228781,623.3,621.6,623.3,TSETMC
2011-10-22,1390/07/30,1390,7,30,cement,سیمان، آهک و گچ,70077233737515808,237.3,235.9,235.9,TSETMC
2011-10-22,1390/07/30,1390,7,30,tile_ceramic,کاشی و سرامیک,57616105980228781,631.5,623.2,631.5,TSETMC
2011-10-23,1390/08/01,1390,8,1,cement,سیمان، آهک و گچ,70077233737515808,235.7,235.5,235.5,TSETMC
2011-10-23,1390/08/01,1390,8,1,tile_ceramic,کاشی و سرامیک,57616105980228781,641.1,637.5,639.1,TSETMC
2011-10-24,1390/08/02,1390,8,2,cement,سیمان، آهک و گچ,70077233737515808,235.5,234.1,234.1,TSETMC
2011-10-24,1390/08/02,1390,8,2,tile_ceramic,کاشی و سرامیک,57616105980228781,639.1,627.1,627.1,TSETMC
2011-10-25,1390/08/03,1390,8,3,cement,سیمان، آهک و گچ,70077233737515808,234.1,233.9,233.9,TSETMC
2011-10-25,1390/08/03,1390,8,3,tile_ceramic,کاشی و سرامیک,57616105980228781,624.1,621.3,624.1,TSETMC
2011-10-26,1390/08/04,1390,8,4,cement,سیمان، آهک و گچ,70077233737515808,234.0,233.8,233.8,TSETMC
2011-10-26,1390/08/04,1390,8,4,tile_ceramic,کاشی و سرامیک,57616105980228781,625.0,624.1,625.0,TSETMC
2011-10-29,1390/08/07,1390,8,7,cement,سیمان، آهک و گچ,70077233737515808,233.8,233.2,233.2,TSETMC
2011-10-29,1390/08/07,1390,8,7,tile_ceramic,کاشی و سرامیک,57616105980228781,625.7,624.3,625.7,TSETMC
2011-10-30,1390/08/08,1390,8,8,cement,سیمان، آهک و گچ,70077233737515808,233.2,233.0,233.0,TSETMC
2011-10-30,1390/08/08,1390,8,8,tile_ceramic,کاشی و سرامیک,57616105980228781,627.1,625.6,625.6,TSETMC
2011-10-31,1390/08/09,1390,8,9,cement,سیمان، آهک و گچ,70077233737515808,233.0,232.8,233.0,TSETMC
2011-10-31,1390/08/09,1390,8,9,tile_ceramic,کاشی و سرامیک,57616105980228781,626.8,621.2,622.0,TSETMC
2011-11-01,1390/08/10,1390,8,10,cement,سیمان، آهک و گچ,70077233737515808,233.2,233.0,233.1,TSETMC
2011-11-01,1390/08/10,1390,8,10,tile_ceramic,کاشی و سرامیک,57616105980228781,623.7,623.3,623.7,TSETMC
2011-11-02,1390/08/11,1390,8,11,cement,سیمان، آهک و گچ,70077233737515808,233.2,233.0,233.2,TSETMC
2011-11-02,1390/08/11,1390,8,11,tile_ceramic,کاشی و سرامیک,57616105980228781,623.8,622.6,623.3,TSETMC
2011-11-05,1390/08/14,1390,8,14,cement,سیمان، آهک و گچ,70077233737515808,233.2,233.1,233.1,TSETMC
2011-11-05,1390/08/14,1390,8,14,tile_ceramic,کاشی و سرامیک,57616105980228781,623.8,620.4,620.4,TSETMC
2011-11-06,1390/08/15,1390,8,15,cement,سیمان، آهک و گچ,70077233737515808,233.1,232.7,232.7,TSETMC
2011-11-06,1390/08/15,1390,8,15,tile_ceramic,کاشی و سرامیک,57616105980228781,620.4,614.6,614.6,TSETMC
2011-11-08,1390/08/17,1390,8,17,cement,سیمان، آهک و گچ,70077233737515808,232.8,231.2,231.2,TSETMC
2011-11-08,1390/08/17,1390,8,17,tile_ceramic,کاشی و سرامیک,57616105980228781,613.6,604.2,604.2,TSETMC
2011-11-09,1390/08/18,1390,8,18,cement,سیمان، آهک و گچ,70077233737515808,231.2,230.2,230.2,TSETMC
2011-11-09,1390/08/18,1390,8,18,tile_ceramic,کاشی و سرامیک,57616105980228781,604.6,603.2,604.6,TSETMC
2011-11-12,1390/08/21,1390,8,21,cement,سیمان، آهک و گچ,70077233737515808,230.2,230.1,230.1,TSETMC
2011-11-12,1390/08/21,1390,8,21,tile_ceramic,کاشی و سرامیک,57616105980228781,608.0,605.4,608.0,TSETMC
2011-11-13,1390/08/22,1390,8,22,cement,سیمان، آهک و گچ,70077233737515808,230.3,230.0,230.3,TSETMC
2011-11-13,1390/08/22,1390,8,22,tile_ceramic,کاشی و سرامیک,57616105980228781,610.2,606.4,610.2,TSETMC
2011-11-14,1390/08/23,1390,8,23,cement,سیمان، آهک و گچ,70077233737515808,230.3,230.2,230.2,TSETMC
2011-11-14,1390/08/23,1390,8,23,tile_ceramic,کاشی و سرامیک,57616105980228781,610.1,608.7,608.7,TSETMC
2011-11-16,1390/08/25,1390,8,25,cement,سیمان، آهک و گچ,70077233737515808,230.4,230.2,230.2,TSETMC
2011-11-16,1390/08/25,1390,8,25,tile_ceramic,کاشی و سرامیک,57616105980228781,609.6,608.6,609.1,TSETMC
2011-11-19,1390/08/28,1390,8,28,cement,سیمان، آهک و گچ,70077233737515808,230.2,230.1,230.1,TSETMC
2011-11-19,1390/08/28,1390,8,28,tile_ceramic,کاشی و سرامیک,57616105980228781,609.6,606.2,606.2,TSETMC
2011-11-20,1390/08/29,1390,8,29,cement,سیمان، آهک و گچ,70077233737515808,230.1,229.9,229.9,TSETMC
2011-11-20,1390/08/29,1390,8,29,tile_ceramic,کاشی و سرامیک,57616105980228781,606.7,606.0,606.7,TSETMC
2011-11-21,1390/08/30,1390,8,30,cement,سیمان، آهک و گچ,70077233737515808,230.0,229.9,230.0,TSETMC
2011-11-21,1390/08/30,1390,8,30,tile_ceramic,کاشی و سرامیک,57616105980228781,606.7,605.7,606.0,TSETMC
2011-11-22,1390/09/01,1390,9,1,cement,سیمان، آهک و گچ,70077233737515808,230.0,229.6,229.6,TSETMC
2011-11-22,1390/09/01,1390,9,1,tile_ceramic,کاشی و سرامیک,57616105980228781,606.2,605.0,605.0,TSETMC
2011-11-23,1390/09/02,1390,9,2,cement,سیمان، آهک و گچ,70077233737515808,229.6,229.2,229.2,TSETMC
2011-11-23,1390/09/02,1390,9,2,tile_ceramic,کاشی و سرامیک,57616105980228781,604.4,603.5,603.5,TSETMC
2011-11-26,1390/09/05,1390,9,5,cement,سیمان، آهک و گچ,70077233737515808,229.2,228.6,228.6,TSETMC
2011-11-26,1390/09/05,1390,9,5,tile_ceramic,کاشی و سرامیک,57616105980228781,603.3,600.7,600.7,TSETMC
2011-11-27,1390/09/06,1390,9,6,cement,سیمان، آهک و گچ,70077233737515808,228.6,227.0,227.0,TSETMC
2011-11-27,1390/09/06,1390,9,6,tile_ceramic,کاشی و سرامیک,57616105980228781,600.6,597.7,597.7,TSETMC
2011-11-28,1390/09/07,1390,9,7,cement,سیمان، آهک و گچ,70077233737515808,227.4,226.6,226.6,TSETMC
2011-11-28,1390/09/07,1390,9,7,tile_ceramic,کاشی و سرامیک,57616105980228781,597.6,591.1,591.1,TSETMC
2011-11-29,1390/09/08,1390,9,8,cement,سیمان، آهک و گچ,70077233737515808,226.6,226.2,226.2,TSETMC
2011-11-29,1390/09/08,1390,9,8,tile_ceramic,کاشی و سرامیک,57616105980228781,593.5,590.6,593.0,TSETMC
2011-11-30,1390/09/09,1390,9,9,cement,سیمان، آهک و گچ,70077233737515808,226.2,226.0,226.0,TSETMC
2011-11-30,1390/09/09,1390,9,9,tile_ceramic,کاشی و سرامیک,57616105980228781,593.0,592.6,592.6,TSETMC
2011-12-03,1390/09/12,1390,9,12,cement,سیمان، آهک و گچ,70077233737515808,226.0,225.5,225.7,TSETMC
2011-12-03,1390/09/12,1390,9,12,tile_ceramic,کاشی و سرامیک,57616105980228781,593.2,591.9,593.2,TSETMC
2011-12-04,1390/09/13,1390,9,13,cement,سیمان، آهک و گچ,70077233737515808,225.8,225.6,225.7,TSETMC
2011-12-04,1390/09/13,1390,9,13,tile_ceramic,کاشی و سرامیک,57616105980228781,600.5,593.3,600.5,TSETMC
2011-12-07,1390/09/16,1390,9,16,cement,سیمان، آهک و گچ,70077233737515808,226.1,225.7,226.1,TSETMC
2011-12-07,1390/09/16,1390,9,16,tile_ceramic,کاشی و سرامیک,57616105980228781,599.3,595.4,599.3,TSETMC
2011-12-10,1390/09/19,1390,9,19,cement,سیمان، آهک و گچ,70077233737515808,226.1,225.9,226.0,TSETMC
2011-12-10,1390/09/19,1390,9,19,tile_ceramic,کاشی و سرامیک,57616105980228781,611.0,601.7,611.0,TSETMC
2011-12-11,1390/09/20,1390,9,20,cement,سیمان، آهک و گچ,70077233737515808,226.0,225.6,225.6,TSETMC
2011-12-11,1390/09/20,1390,9,20,tile_ceramic,کاشی و سرامیک,57616105980228781,623.8,616.2,623.8,TSETMC
2011-12-12,1390/09/21,1390,9,21,cement,سیمان، آهک و گچ,70077233737515808,225.6,225.5,225.5,TSETMC
2011-12-12,1390/09/21,1390,9,21,tile_ceramic,کاشی و سرامیک,57616105980228781,638.3,630.1,638.3,TSETMC
2011-12-13,1390/09/22,1390,9,22,cement,سیمان، آهک و گچ,70077233737515808,225.8,225.7,225.7,TSETMC
2011-12-13,1390/09/22,1390,9,22,tile_ceramic,کاشی و سرامیک,57616105980228781,655.0,646.0,655.0,TSETMC
2011-12-14,1390/09/23,1390,9,23,cement,سیمان، آهک و گچ,70077233737515808,225.7,225.4,225.4,TSETMC
2011-12-14,1390/09/23,1390,9,23,tile_ceramic,کاشی و سرامیک,57616105980228781,686.7,662.9,686.7,TSETMC
2011-12-17,1390/09/26,1390,9,26,cement,سیمان، آهک و گچ,70077233737515808,224.1,223.4,223.5,TSETMC
2011-12-17,1390/09/26,1390,9,26,tile_ceramic,کاشی و سرامیک,57616105980228781,700.2,694.4,700.2,TSETMC
2011-12-18,1390/09/27,1390,9,27,cement,سیمان، آهک و گچ,70077233737515808,226.9,223.6,226.9,TSETMC
2011-12-18,1390/09/27,1390,9,27,tile_ceramic,کاشی و سرامیک,57616105980228781,718.6,710.4,718.6,TSETMC
2011-12-19,1390/09/28,1390,9,28,cement,سیمان، آهک و گچ,70077233737515808,229.8,228.6,229.8,TSETMC
2011-12-19,1390/09/28,1390,9,28,tile_ceramic,کاشی و سرامیک,57616105980228781,741.7,733.0,741.7,TSETMC
2011-12-20,1390/09/29,1390,9,29,cement,سیمان، آهک و گچ,70077233737515808,231.9,231.7,231.9,TSETMC
2011-12-20,1390/09/29,1390,9,29,tile_ceramic,کاشی و سرامیک,57616105980228781,775.9,760.6,765.3,TSETMC
2011-12-21,1390/09/30,1390,9,30,cement,سیمان، آهک و گچ,70077233737515808,232.9,231.9,232.2,TSETMC
2011-12-21,1390/09/30,1390,9,30,tile_ceramic,کاشی و سرامیک,57616105980228781,781.3,778.2,781.3,TSETMC
2011-12-24,1390/10/03,1390,10,3,cement,سیمان، آهک و گچ,70077233737515808,232.2,231.4,231.4,TSETMC
2011-12-24,1390/10/03,1390,10,3,tile_ceramic,کاشی و سرامیک,57616105980228781,805.4,786.6,805.4,TSETMC
2011-12-25,1390/10/04,1390,10,4,cement,سیمان، آهک و گچ,70077233737515808,231.2,229.4,229.4,TSETMC
2011-12-25,1390/10/04,1390,10,4,tile_ceramic,کاشی و سرامیک,57616105980228781,826.5,820.3,826.5,TSETMC
2011-12-26,1390/10/05,1390,10,5,cement,سیمان، آهک و گچ,70077233737515808,229.8,229.1,229.1,TSETMC
2011-12-26,1390/10/05,1390,10,5,tile_ceramic,کاشی و سرامیک,57616105980228781,852.9,837.3,848.5,TSETMC
2011-12-27,1390/10/06,1390,10,6,cement,سیمان، آهک و گچ,70077233737515808,229.0,228.6,228.6,TSETMC
2011-12-27,1390/10/06,1390,10,6,tile_ceramic,کاشی و سرامیک,57616105980228781,848.7,840.4,841.0,TSETMC
2011-12-28,1390/10/07,1390,10,7,cement,سیمان، آهک و گچ,70077233737515808,228.8,228.6,228.7,TSETMC
2011-12-28,1390/10/07,1390,10,7,tile_ceramic,کاشی و سرامیک,57616105980228781,841.8,836.7,837.3,TSETMC
2011-12-31,1390/10/10,1390,10,10,cement,سیمان، آهک و گچ,70077233737515808,228.7,228.6,228.6,TSETMC
2011-12-31,1390/10/10,1390,10,10,tile_ceramic,کاشی و سرامیک,57616105980228781,837.1,831.2,831.2,TSETMC
2012-01-01,1390/10/11,1390,10,11,cement,سیمان، آهک و گچ,70077233737515808,228.8,228.6,228.7,TSETMC
2012-01-01,1390/10/11,1390,10,11,tile_ceramic,کاشی و سرامیک,57616105980228781,822.1,820.0,820.1,TSETMC
2012-01-02,1390/10/12,1390,10,12,cement,سیمان، آهک و گچ,70077233737515808,227.1,226.9,227.1,TSETMC
2012-01-02,1390/10/12,1390,10,12,tile_ceramic,کاشی و سرامیک,57616105980228781,820.1,814.5,814.5,TSETMC
2012-01-03,1390/10/13,1390,10,13,cement,سیمان، آهک و گچ,70077233737515808,227.2,226.9,226.9,TSETMC
2012-01-03,1390/10/13,1390,10,13,tile_ceramic,کاشی و سرامیک,57616105980228781,801.4,795.1,795.1,TSETMC
2012-01-04,1390/10/14,1390,10,14,cement,سیمان، آهک و گچ,70077233737515808,226.9,226.7,226.7,TSETMC
2012-01-04,1390/10/14,1390,10,14,tile_ceramic,کاشی و سرامیک,57616105980228781,794.9,783.9,783.9,TSETMC
2012-01-07,1390/10/17,1390,10,17,cement,سیمان، آهک و گچ,70077233737515808,226.7,226.6,226.6,TSETMC
2012-01-07,1390/10/17,1390,10,17,tile_ceramic,کاشی و سرامیک,57616105980228781,782.1,766.8,766.9,TSETMC
2012-01-08,1390/10/18,1390,10,18,cement,سیمان، آهک و گچ,70077233737515808,226.6,226.5,226.5,TSETMC
2012-01-08,1390/10/18,1390,10,18,tile_ceramic,کاشی و سرامیک,57616105980228781,785.8,772.3,785.8,TSETMC
2012-01-09,1390/10/19,1390,10,19,cement,سیمان، آهک و گچ,70077233737515808,226.6,226.5,226.5,TSETMC
2012-01-09,1390/10/19,1390,10,19,tile_ceramic,کاشی و سرامیک,57616105980228781,801.5,786.0,786.0,TSETMC
2012-01-10,1390/10/20,1390,10,20,cement,سیمان، آهک و گچ,70077233737515808,226.6,226.5,226.5,TSETMC
2012-01-10,1390/10/20,1390,10,20,tile_ceramic,کاشی و سرامیک,57616105980228781,782.4,767.4,767.7,TSETMC
2012-01-11,1390/10/21,1390,10,21,cement,سیمان، آهک و گچ,70077233737515808,227.0,226.5,227.0,TSETMC
2012-01-11,1390/10/21,1390,10,21,tile_ceramic,کاشی و سرامیک,57616105980228781,765.5,758.1,758.1,TSETMC
2012-01-15,1390/10/25,1390,10,25,cement,سیمان، آهک و گچ,70077233737515808,229.2,227.2,229.2,TSETMC
2012-01-15,1390/10/25,1390,10,25,tile_ceramic,کاشی و سرامیک,57616105980228781,750.8,748.1,748.1,TSETMC
2012-01-16,1390/10/26,1390,10,26,cement,سیمان، آهک و گچ,70077233737515808,230.0,229.3,230.0,TSETMC
2012-01-16,1390/10/26,1390,10,26,tile_ceramic,کاشی و سرامیک,57616105980228781,745.1,738.3,738.3,TSETMC
2012-01-17,1390/10/27,1390,10,27,cement,سیمان، آهک و گچ,70077233737515808,230.6,230.2,230.4,TSETMC
2012-01-17,1390/10/27,1390,10,27,tile_ceramic,کاشی و سرامیک,57616105980228781,737.5,726.9,727.0,TSETMC
2012-01-18,1390/10/28,1390,10,28,cement,سیمان، آهک و گچ,70077233737515808,230.4,230.1,230.1,TSETMC
2012-01-18,1390/10/28,1390,10,28,tile_ceramic,کاشی و سرامیک,57616105980228781,738.8,730.0,738.8,TSETMC
2012-01-21,1390/11/01,1390,11,1,cement,سیمان، آهک و گچ,70077233737515808,230.1,229.7,229.7,TSETMC
2012-01-21,1390/11/01,1390,11,1,tile_ceramic,کاشی و سرامیک,57616105980228781,750.0,745.6,745.6,TSETMC
2012-01-23,1390/11/03,1390,11,3,cement,سیمان، آهک و گچ,70077233737515808,229.6,228.7,228.7,TSETMC
2012-01-23,1390/11/03,1390,11,3,tile_ceramic,کاشی و سرامیک,57616105980228781,742.8,732.8,732.8,TSETMC
2012-01-25,1390/11/05,1390,11,5,cement,سیمان، آهک و گچ,70077233737515808,228.8,228.3,228.3,TSETMC
2012-01-25,1390/11/05,1390,11,5,tile_ceramic,کاشی و سرامیک,57616105980228781,730.7,719.3,719.3,TSETMC
2012-01-28,1390/11/08,1390,11,8,cement,سیمان، آهک و گچ,70077233737515808,228.3,228.2,228.2,TSETMC
2012-01-28,1390/11/08,1390,11,8,tile_ceramic,کاشی و سرامیک,57616105980228781,718.9,715.4,715.4,TSETMC
2012-01-29,1390/11/09,1390,11,9,cement,سیمان، آهک و گچ,70077233737515808,228.5,227.1,227.1,TSETMC
2012-01-29,1390/11/09,1390,11,9,tile_ceramic,کاشی و سرامیک,57616105980228781,714.9,704.7,704.7,TSETMC
2012-01-30,1390/11/10,1390,11,10,cement,سیمان، آهک و گچ,70077233737515808,227.0,226.8,226.8,TSETMC
2012-01-30,1390/11/10,1390,11,10,tile_ceramic,کاشی و سرامیک,57616105980228781,705.1,699.7,705.1,TSETMC
2012-01-31,1390/11/11,1390,11,11,cement,سیمان، آهک و گچ,70077233737515808,226.8,226.7,226.7,TSETMC
2012-01-31,1390/11/11,1390,11,11,tile_ceramic,کاشی و سرامیک,57616105980228781,722.5,715.1,722.5,TSETMC
2012-02-01,1390/11/12,1390,11,12,cement,سیمان، آهک و گچ,70077233737515808,226.6,226.2,226.2,TSETMC
2012-02-01,1390/11/12,1390,11,12,tile_ceramic,کاشی و سرامیک,57616105980228781,737.5,728.8,737.5,TSETMC
2012-02-04,1390/11/15,1390,11,15,cement,سیمان، آهک و گچ,70077233737515808,226.2,225.9,225.9,TSETMC
2012-02-04,1390/11/15,1390,11,15,tile_ceramic,کاشی و سرامیک,57616105980228781,752.0,745.1,752.0,TSETMC
2012-02-05,1390/11/16,1390,11,16,cement,سیمان، آهک و گچ,70077233737515808,225.9,225.6,225.6,TSETMC
2012-02-05,1390/11/16,1390,11,16,tile_ceramic,کاشی و سرامیک,57616105980228781,756.0,744.1,744.1,TSETMC
2012-02-06,1390/11/17,1390,11,17,cement,سیمان، آهک و گچ,70077233737515808,225.6,225.4,225.4,TSETMC
2012-02-06,1390/11/17,1390,11,17,tile_ceramic,کاشی و سرامیک,57616105980228781,744.1,737.4,737.4,TSETMC
2012-02-07,1390/11/18,1390,11,18,cement,سیمان، آهک و گچ,70077233737515808,225.3,224.8,224.8,TSETMC
2012-02-07,1390/11/18,1390,11,18,tile_ceramic,کاشی و سرامیک,57616105980228781,747.1,736.4,747.0,TSETMC
2012-02-08,1390/11/19,1390,11,19,cement,سیمان، آهک و گچ,70077233737515808,224.8,224.6,224.6,TSETMC
2012-02-08,1390/11/19,1390,11,19,tile_ceramic,کاشی و سرامیک,57616105980228781,748.0,740.6,740.6,TSETMC
2012-02-12,1390/11/23,1390,11,23,cement,سیمان، آهک و گچ,70077233737515808,224.6,224.1,224.1,TSETMC
2012-02-12,1390/11/23,1390,11,23,tile_ceramic,کاشی و سرامیک,57616105980228781,753.7,750.0,753.7,TSETMC
2012-02-13,1390/11/24,1390,11,24,cement,سیمان، آهک و گچ,70077233737515808,224.1,223.4,223.4,TSETMC
2012-02-13,1390/11/24,1390,11,24,tile_ceramic,کاشی و سرامیک,57616105980228781,764.4,741.1,741.1,TSETMC
2012-02-14,1390/11/25,1390,11,25,cement,سیمان، آهک و گچ,70077233737515808,223.4,222.4,222.4,TSETMC
2012-02-14,1390/11/25,1390,11,25,tile_ceramic,کاشی و سرامیک,57616105980228781,735.7,721.7,721.7,TSETMC
2012-02-15,1390/11/26,1390,11,26,cement,سیمان، آهک و گچ,70077233737515808,222.4,220.8,220.8,TSETMC
2012-02-15,1390/11/26,1390,11,26,tile_ceramic,کاشی و سرامیک,57616105980228781,726.5,720.0,724.4,TSETMC
2012-02-18,1390/11/29,1390,11,29,cement,سیمان، آهک و گچ,70077233737515808,220.8,219.2,219.2,TSETMC
2012-02-18,1390/11/29,1390,11,29,tile_ceramic,کاشی و سرامیک,57616105980228781,733.3,724.4,732.5,TSETMC
2012-02-19,1390/11/30,1390,11,30,cement,سیمان، آهک و گچ,70077233737515808,219.5,219.2,219.3,TSETMC
2012-02-19,1390/11/30,1390,11,30,tile_ceramic,کاشی و سرامیک,57616105980228781,729.2,722.3,722.3,TSETMC
2012-02-20,1390/12/01,1390,12,1,cement,سیمان، آهک و گچ,70077233737515808,219.4,219.0,219.0,TSETMC
2012-02-20,1390/12/01,1390,12,1,tile_ceramic,کاشی و سرامیک,57616105980228781,720.3,716.3,720.0,TSETMC
2012-02-21,1390/12/02,1390,12,2,cement,سیمان، آهک و گچ,70077233737515808,219.1,218.2,218.2,TSETMC
2012-02-21,1390/12/02,1390,12,2,tile_ceramic,کاشی و سرامیک,57616105980228781,744.2,730.8,744.2,TSETMC
2012-02-22,1390/12/03,1390,12,3,cement,سیمان، آهک و گچ,70077233737515808,218.3,218.2,218.3,TSETMC
2012-02-22,1390/12/03,1390,12,3,tile_ceramic,کاشی و سرامیک,57616105980228781,762.6,756.1,762.4,TSETMC
2012-02-25,1390/12/06,1390,12,6,cement,سیمان، آهک و گچ,70077233737515808,218.3,217.8,217.8,TSETMC
2012-02-25,1390/12/06,1390,12,6,tile_ceramic,کاشی و سرامیک,57616105980228781,772.0,761.1,763.5,TSETMC
2012-02-26,1390/12/07,1390,12,7,cement,سیمان، آهک و گچ,70077233737515808,217.8,216.8,216.9,TSETMC
2012-02-26,1390/12/07,1390,12,7,tile_ceramic,کاشی و سرامیک,57616105980228781,781.2,771.9,781.2,TSETMC
2012-02-27,1390/12/08,1390,12,8,cement,سیمان، آهک و گچ,70077233737515808,216.8,216.3,216.3,TSETMC
2012-02-27,1390/12/08,1390,12,8,tile_ceramic,کاشی و سرامیک,57616105980228781,791.8,787.7,787.7,TSETMC
2012-02-28,1390/12/09,1390,12,9,cement,سیمان، آهک و گچ,70077233737515808,216.3,215.9,215.9,TSETMC
2012-02-28,1390/12/09,1390,12,9,tile_ceramic,کاشی و سرامیک,57616105980228781,787.6,774.3,774.3,TSETMC
2012-02-29,1390/12/10,1390,12,10,cement,سیمان، آهک و گچ,70077233737515808,216.2,215.9,216.2,TSETMC
2012-02-29,1390/12/10,1390,12,10,tile_ceramic,کاشی و سرامیک,57616105980228781,775.9,768.3,768.3,TSETMC
2012-03-03,1390/12/13,1390,12,13,cement,سیمان، آهک و گچ,70077233737515808,216.2,215.5,215.5,TSETMC
2012-03-03,1390/12/13,1390,12,13,tile_ceramic,کاشی و سرامیک,57616105980228781,772.3,768.2,771.3,TSETMC
2012-03-04,1390/12/14,1390,12,14,cement,سیمان، آهک و گچ,70077233737515808,215.5,215.5,215.5,TSETMC
2012-03-04,1390/12/14,1390,12,14,tile_ceramic,کاشی و سرامیک,57616105980228781,770.9,764.4,764.4,TSETMC
2012-03-05,1390/12/15,1390,12,15,cement,سیمان، آهک و گچ,70077233737515808,215.8,215.4,215.5,TSETMC
2012-03-05,1390/12/15,1390,12,15,tile_ceramic,کاشی و سرامیک,57616105980228781,764.4,757.0,757.0,TSETMC
2012-03-06,1390/12/16,1390,12,16,cement,سیمان، آهک و گچ,70077233737515808,215.5,215.3,215.3,TSETMC
2012-03-06,1390/12/16,1390,12,16,tile_ceramic,کاشی و سرامیک,57616105980228781,756.6,745.2,751.1,TSETMC
2012-03-07,1390/12/17,1390,12,17,cement,سیمان، آهک و گچ,70077233737515808,215.3,215.2,215.2,TSETMC
2012-03-07,1390/12/17,1390,12,17,tile_ceramic,کاشی و سرامیک,57616105980228781,769.9,760.7,769.4,TSETMC
2012-03-10,1390/12/20,1390,12,20,cement,سیمان، آهک و گچ,70077233737515808,215.3,215.1,215.2,TSETMC
2012-03-10,1390/12/20,1390,12,20,tile_ceramic,کاشی و سرامیک,57616105980228781,778.3,774.5,774.5,TSETMC
2012-03-11,1390/12/21,1390,12,21,cement,سیمان، آهک و گچ,70077233737515808,215.4,215.2,215.4,TSETMC
2012-03-11,1390/12/21,1390,12,21,tile_ceramic,کاشی و سرامیک,57616105980228781,774.2,758.1,758.1,TSETMC
2012-03-12,1390/12/22,1390,12,22,cement,سیمان، آهک و گچ,70077233737515808,216.5,215.4,216.5,TSETMC
2012-03-12,1390/12/22,1390,12,22,tile_ceramic,کاشی و سرامیک,57616105980228781,757.0,751.7,753.8,TSETMC
2012-03-13,1390/12/23,1390,12,23,cement,سیمان، آهک و گچ,70077233737515808,217.3,216.5,217.3,TSETMC
2012-03-13,1390/12/23,1390,12,23,tile_ceramic,کاشی و سرامیک,57616105980228781,768.7,753.9,768.5,TSETMC
2012-03-14,1390/12/24,1390,12,24,cement,سیمان، آهک و گچ,70077233737515808,219.0,217.9,219.0,TSETMC
2012-03-14,1390/12/24,1390,12,24,tile_ceramic,کاشی و سرامیک,57616105980228781,788.9,773.8,786.1,TSETMC
2012-03-17,1390/12/27,1390,12,27,cement,سیمان، آهک و گچ,70077233737515808,219.5,219.0,219.5,TSETMC
2012-03-17,1390/12/27,1390,12,27,tile_ceramic,کاشی و سرامیک,57616105980228781,801.2,792.7,800.2,TSETMC
2012-03-18,1390/12/28,1390,12,28,cement,سیمان، آهک و گچ,70077233737515808,221.2,219.7,221.2,TSETMC
2012-03-18,1390/12/28,1390,12,28,tile_ceramic,کاشی و سرامیک,57616105980228781,800.4,797.8,800.4,TSETMC
2012-03-24,1391/01/05,1391,1,5,cement,سیمان، آهک و گچ,70077233737515808,222.0,221.5,222.0,TSETMC
2012-03-24,1391/01/05,1391,1,5,tile_ceramic,کاشی و سرامیک,57616105980228781,814.5,805.4,814.5,TSETMC
2012-03-25,1391/01/06,1391,1,6,cement,سیمان، آهک و گچ,70077233737515808,223.1,222.4,223.1,TSETMC
2012-03-25,1391/01/06,1391,1,6,tile_ceramic,کاشی و سرامیک,57616105980228781,819.5,815.1,815.1,TSETMC
2012-03-26,1391/01/07,1391,1,7,cement,سیمان، آهک و گچ,70077233737515808,226.1,225.7,226.1,TSETMC
2012-03-26,1391/01/07,1391,1,7,tile_ceramic,کاشی و سرامیک,57616105980228781,816.2,812.3,812.3,TSETMC
2012-03-27,1391/01/08,1391,1,8,cement,سیمان، آهک و گچ,70077233737515808,226.9,226.1,226.9,TSETMC
2012-03-27,1391/01/08,1391,1,8,tile_ceramic,کاشی و سرامیک,57616105980228781,812.2,808.6,808.6,TSETMC
2012-03-28,1391/01/09,1391,1,9,cement,سیمان، آهک و گچ,70077233737515808,227.8,227.2,227.6,TSETMC
2012-03-28,1391/01/09,1391,1,9,tile_ceramic,کاشی و سرامیک,57616105980228781,822.2,807.9,820.2,TSETMC
2012-04-02,1391/01/14,1391,1,14,cement,سیمان، آهک و گچ,70077233737515808,228.0,227.6,227.6,TSETMC
2012-04-02,1391/01/14,1391,1,14,tile_ceramic,کاشی و سرامیک,57616105980228781,817.6,809.5,809.5,TSETMC
2012-04-03,1391/01/15,1391,1,15,cement,سیمان، آهک و گچ,70077233737515808,227.6,227.1,227.1,TSETMC
2012-04-03,1391/01/15,1391,1,15,tile_ceramic,کاشی و سرامیک,57616105980228781,808.9,796.2,796.2,TSETMC
2012-04-04,1391/01/16,1391,1,16,cement,سیمان، آهک و گچ,70077233737515808,227.4,227.2,227.2,TSETMC
2012-04-04,1391/01/16,1391,1,16,tile_ceramic,کاشی و سرامیک,57616105980228781,796.2,785.7,785.7,TSETMC
2012-04-07,1391/01/19,1391,1,19,cement,سیمان، آهک و گچ,70077233737515808,227.7,227.2,227.7,TSETMC
2012-04-07,1391/01/19,1391,1,19,tile_ceramic,کاشی و سرامیک,57616105980228781,787.7,779.1,779.1,TSETMC
2012-04-08,1391/01/20,1391,1,20,cement,سیمان، آهک و گچ,70077233737515808,227.9,227.7,227.9,TSETMC
2012-04-08,1391/01/20,1391,1,20,tile_ceramic,کاشی و سرامیک,57616105980228781,778.7,767.0,767.0,TSETMC
2012-04-09,1391/01/21,1391,1,21,cement,سیمان، آهک و گچ,70077233737515808,227.9,227.8,227.8,TSETMC
2012-04-09,1391/01/21,1391,1,21,tile_ceramic,کاشی و سرامیک,57616105980228781,770.0,766.7,768.9,TSETMC
2012-04-10,1391/01/22,1391,1,22,cement,سیمان، آهک و گچ,70077233737515808,228.9,228.2,228.9,TSETMC
2012-04-10,1391/01/22,1391,1,22,tile_ceramic,کاشی و سرامیک,57616105980228781,776.2,771.1,776.2,TSETMC
2012-04-11,1391/01/23,1391,1,23,cement,سیمان، آهک و گچ,70077233737515808,229.3,228.9,229.3,TSETMC
2012-04-11,1391/01/23,1391,1,23,tile_ceramic,کاشی و سرامیک,57616105980228781,776.8,772.6,772.6,TSETMC
2012-04-14,1391/01/26,1391,1,26,cement,سیمان، آهک و گچ,70077233737515808,229.4,229.3,229.4,TSETMC
2012-04-14,1391/01/26,1391,1,26,tile_ceramic,کاشی و سرامیک,57616105980228781,771.7,760.7,760.7,TSETMC
2012-04-15,1391/01/27,1391,1,27,cement,سیمان، آهک و گچ,70077233737515808,229.6,229.3,229.4,TSETMC
2012-04-15,1391/01/27,1391,1,27,tile_ceramic,کاشی و سرامیک,57616105980228781,764.0,757.3,757.3,TSETMC
2012-04-16,1391/01/28,1391,1,28,cement,سیمان، آهک و گچ,70077233737515808,229.4,229.1,229.1,TSETMC
2012-04-16,1391/01/28,1391,1,28,tile_ceramic,کاشی و سرامیک,57616105980228781,757.1,747.2,747.2,TSETMC
2012-04-17,1391/01/29,1391,1,29,cement,سیمان، آهک و گچ,70077233737515808,229.1,228.8,228.8,TSETMC
2012-04-17,1391/01/29,1391,1,29,tile_ceramic,کاشی و سرامیک,57616105980228781,747.1,742.8,742.8,TSETMC
2012-04-18,1391/01/30,1391,1,30,cement,سیمان، آهک و گچ,70077233737515808,228.9,228.8,228.9,TSETMC
2012-04-18,1391/01/30,1391,1,30,tile_ceramic,کاشی و سرامیک,57616105980228781,743.3,741.1,741.1,TSETMC
2012-04-21,1391/02/02,1391,2,2,cement,سیمان، آهک و گچ,70077233737515808,229.8,229.0,229.8,TSETMC
2012-04-21,1391/02/02,1391,2,2,tile_ceramic,کاشی و سرامیک,57616105980228781,743.9,741.3,743.6,TSETMC
2012-04-22,1391/02/03,1391,2,3,cement,سیمان، آهک و گچ,70077233737515808,231.9,229.8,231.9,TSETMC
2012-04-22,1391/02/03,1391,2,3,tile_ceramic,کاشی و سرامیک,57616105980228781,745.4,743.4,743.7,TSETMC
2012-04-23,1391/02/04,1391,2,4,cement,سیمان، آهک و گچ,70077233737515808,236.9,232.4,236.9,TSETMC
2012-04-23,1391/02/04,1391,2,4,tile_ceramic,کاشی و سرامیک,57616105980228781,744.3,743.5,744.2,TSETMC
2012-04-24,1391/02/05,1391,2,5,cement,سیمان، آهک و گچ,70077233737515808,239.3,237.4,239.3,TSETMC
2012-04-24,1391/02/05,1391,2,5,tile_ceramic,کاشی و سرامیک,57616105980228781,744.2,742.5,742.5,TSETMC
2012-04-28,1391/02/09,1391,2,9,cement,سیمان، آهک و گچ,70077233737515808,242.3,240.8,242.2,TSETMC
2012-04-28,1391/02/09,1391,2,9,tile_ceramic,کاشی و سرامیک,57616105980228781,743.0,741.5,741.5,TSETMC
2012-04-29,1391/02/10,1391,2,10,cement,سیمان، آهک و گچ,70077233737515808,241.8,239.5,239.5,TSETMC
2012-04-29,1391/02/10,1391,2,10,tile_ceramic,کاشی و سرامیک,57616105980228781,742.5,740.0,740.0,TSETMC
2012-04-30,1391/02/11,1391,2,11,cement,سیمان، آهک و گچ,70077233737515808,239.5,239.1,239.1,TSETMC
2012-04-30,1391/02/11,1391,2,11,tile_ceramic,کاشی و سرامیک,57616105980228781,740.4,738.9,739.3,TSETMC
2012-05-01,1391/02/12,1391,2,12,cement,سیمان، آهک و گچ,70077233737515808,239.1,238.7,238.7,TSETMC
2012-05-01,1391/02/12,1391,2,12,tile_ceramic,کاشی و سرامیک,57616105980228781,739.2,734.9,734.9,TSETMC
2012-05-02,1391/02/13,1391,2,13,cement,سیمان، آهک و گچ,70077233737515808,239.0,238.9,238.9,TSETMC
2012-05-02,1391/02/13,1391,2,13,tile_ceramic,کاشی و سرامیک,57616105980228781,734.8,731.2,731.2,TSETMC
2012-05-05,1391/02/16,1391,2,16,cement,سیمان، آهک و گچ,70077233737515808,239.0,238.9,238.9,TSETMC
2012-05-05,1391/02/16,1391,2,16,tile_ceramic,کاشی و سرامیک,57616105980228781,731.2,728.8,728.8,TSETMC
2012-05-06,1391/02/17,1391,2,17,cement,سیمان، آهک و گچ,70077233737515808,239.1,239.0,239.0,TSETMC
2012-05-06,1391/02/17,1391,2,17,tile_ceramic,کاشی و سرامیک,57616105980228781,728.5,724.2,724.2,TSETMC
2012-05-07,1391/02/18,1391,2,18,cement,سیمان، آهک و گچ,70077233737515808,239.5,239.1,239.4,TSETMC
2012-05-07,1391/02/18,1391,2,18,tile_ceramic,کاشی و سرامیک,57616105980228781,723.1,713.7,713.7,TSETMC
2012-05-08,1391/02/19,1391,2,19,cement,سیمان، آهک و گچ,70077233737515808,239.5,239.3,239.4,TSETMC
2012-05-08,1391/02/19,1391,2,19,tile_ceramic,کاشی و سرامیک,57616105980228781,709.0,706.4,706.4,TSETMC
2012-05-09,1391/02/20,1391,2,20,cement,سیمان، آهک و گچ,70077233737515808,239.3,239.2,239.2,TSETMC
2012-05-09,1391/02/20,1391,2,20,tile_ceramic,کاشی و سرامیک,57616105980228781,706.7,704.1,704.1,TSETMC
2012-05-12,1391/02/23,1391,2,23,cement,سیمان، آهک و گچ,70077233737515808,239.2,238.9,238.9,TSETMC
2012-05-12,1391/02/23,1391,2,23,tile_ceramic,کاشی و سرامیک,57616105980228781,703.4,697.4,697.4,TSETMC
2012-05-13,1391/02/24,1391,2,24,cement,سیمان، آهک و گچ,70077233737515808,239.9,238.7,239.8,TSETMC
2012-05-13,1391/02/24,1391,2,24,tile_ceramic,کاشی و سرامیک,57616105980228781,696.9,695.9,696.0,TSETMC
2012-05-14,1391/02/25,1391,2,25,cement,سیمان، آهک و گچ,70077233737515808,239.9,239.6,239.6,TSETMC
2012-05-14,1391/02/25,1391,2,25,tile_ceramic,کاشی و سرامیک,57616105980228781,695.9,687.2,687.2,TSETMC
2012-05-15,1391/02/26,1391,2,26,cement,سیمان، آهک و گچ,70077233737515808,239.6,239.3,239.3,TSETMC
2012-05-15,1391/02/26,1391,2,26,tile_ceramic,کاشی و سرامیک,57616105980228781,689.1,687.2,689.1,TSETMC
2012-05-16,1391/02/27,1391,2,27,cement,سیمان، آهک و گچ,70077233737515808,241.4,239.9,241.4,TSETMC
2012-05-16,1391/02/27,1391,2,27,tile_ceramic,کاشی و سرامیک,57616105980228781,697.1,689.3,697.1,TSETMC
2012-05-19,1391/02/30,1391,2,30,cement,سیمان، آهک و گچ,70077233737515808,243.9,241.4,243.9,TSETMC
2012-05-19,1391/02/30,1391,2,30,tile_ceramic,کاشی و سرامیک,57616105980228781,704.1,698.0,704.1,TSETMC
2012-05-20,1391/02/31,1391,2,31,cement,سیمان، آهک و گچ,70077233737515808,244.9,244.5,244.8,TSETMC
2012-05-20,1391/02/31,1391,2,31,tile_ceramic,کاشی و سرامیک,57616105980228781,704.2,692.4,692.4,TSETMC
2012-05-21,1391/03/01,1391,3,1,cement,سیمان، آهک و گچ,70077233737515808,245.1,244.2,244.2,TSETMC
2012-05-21,1391/03/01,1391,3,1,tile_ceramic,کاشی و سرامیک,57616105980228781,692.3,684.9,684.9,TSETMC
2012-05-22,1391/03/02,1391,3,2,cement,سیمان، آهک و گچ,70077233737515808,244.7,244.2,244.7,TSETMC
2012-05-22,1391/03/02,1391,3,2,tile_ceramic,کاشی و سرامیک,57616105980228781,683.2,681.7,681.8,TSETMC
2012-05-23,1391/03/03,1391,3,3,cement,سیمان، آهک و گچ,70077233737515808,249.9,245.2,249.9,TSETMC
2012-05-23,1391/03/03,1391,3,3,tile_ceramic,کاشی و سرامیک,57616105980228781,683.4,681.7,683.4,TSETMC
2012-05-26,1391/03/06,1391,3,6,cement,سیمان، آهک و گچ,70077233737515808,250.8,250.5,250.5,TSETMC
2012-05-26,1391/03/06,1391,3,6,tile_ceramic,کاشی و سرامیک,57616105980228781,683.5,680.3,680.3,TSETMC
2012-05-27,1391/03/07,1391,3,7,cement,سیمان، آهک و گچ,70077233737515808,255.5,250.6,255.5,TSETMC
2012-05-27,1391/03/07,1391,3,7,tile_ceramic,کاشی و سرامیک,57616105980228781,683.8,680.3,683.8,TSETMC
2012-05-28,1391/03/08,1391,3,8,cement,سیمان، آهک و گچ,70077233737515808,261.1,258.2,261.1,TSETMC
2012-05-28,1391/03/08,1391,3,8,tile_ceramic,کاشی و سرامیک,57616105980228781,683.9,682.9,682.9,TSETMC
2012-05-29,1391/03/09,1391,3,9,cement,سیمان، آهک و گچ,70077233737515808,267.4,262.0,267.4,TSETMC
2012-05-29,1391/03/09,1391,3,9,tile_ceramic,کاشی و سرامیک,57616105980228781,682.9,682.0,682.0,TSETMC
2012-05-30,1391/03/10,1391,3,10,cement,سیمان، آهک و گچ,70077233737515808,274.1,267.5,274.1,TSETMC
2012-05-30,1391/03/10,1391,3,10,tile_ceramic,کاشی و سرامیک,57616105980228781,682.0,681.6,681.6,TSETMC
2012-06-02,1391/03/13,1391,3,13,cement,سیمان، آهک و گچ,70077233737515808,275.6,273.0,273.2,TSETMC
2012-06-02,1391/03/13,1391,3,13,tile_ceramic,کاشی و سرامیک,57616105980228781,681.6,679.1,679.1,TSETMC
2012-06-05,1391/03/16,1391,3,16,cement,سیمان، آهک و گچ,70077233737515808,273.8,271.4,271.4,TSETMC
2012-06-05,1391/03/16,1391,3,16,tile_ceramic,کاشی و سرامیک,57616105980228781,679.5,676.1,676.1,TSETMC
2012-06-06,1391/03/17,1391,3,17,cement,سیمان، آهک و گچ,70077233737515808,270.8,268.8,268.8,TSETMC
2012-06-06,1391/03/17,1391,3,17,tile_ceramic,کاشی و سرامیک,57616105980228781,678.1,673.8,677.0,TSETMC
2012-06-09,1391/03/20,1391,3,20,cement,سیمان، آهک و گچ,70077233737515808,268.7,265.0,265.0,TSETMC
2012-06-09,1391/03/20,1391,3,20,tile_ceramic,کاشی و سرامیک,57616105980228781,676.8,672.6,672.6,TSETMC
2012-06-10,1391/03/21,1391,3,21,cement,سیمان، آهک و گچ,70077233737515808,265.5,264.3,265.4,TSETMC
2012-06-10,1391/03/21,1391,3,21,tile_ceramic,کاشی و سرامیک,57616105980228781,671.8,667.0,667.0,TSETMC
2012-06-11,1391/03/22,1391,3,22,cement,سیمان، آهک و گچ,70077233737515808,265.3,265.0,265.1,TSETMC
2012-06-11,1391/03/22,1391,3,22,tile_ceramic,کاشی و سرامیک,57616105980228781,666.0,661.3,661.3,TSETMC
2012-06-12,1391/03/23,1391,3,23,cement,سیمان، آهک و گچ,70077233737515808,265.1,264.9,264.9,TSETMC
2012-06-12,1391/03/23,1391,3,23,tile_ceramic,کاشی و سرامیک,57616105980228781,660.8,653.4,653.5,TSETMC
2012-06-13,1391/03/24,1391,3,24,cement,سیمان، آهک و گچ,70077233737515808,264.9,264.7,264.7,TSETMC
2012-06-13,1391/03/24,1391,3,24,tile_ceramic,کاشی و سرامیک,57616105980228781,653.5,649.3,649.4,TSETMC
2012-06-16,1391/03/27,1391,3,27,cement,سیمان، آهک و گچ,70077233737515808,264.7,264.2,264.2,TSETMC
2012-06-16,1391/03/27,1391,3,27,tile_ceramic,کاشی و سرامیک,57616105980228781,649.2,645.2,645.2,TSETMC
2012-06-17,1391/03/28,1391,3,28,cement,سیمان، آهک و گچ,70077233737515808,264.2,263.5,263.5,TSETMC
2012-06-17,1391/03/28,1391,3,28,tile_ceramic,کاشی و سرامیک,57616105980228781,645.0,638.8,638.8,TSETMC
2012-06-19,1391/03/30,1391,3,30,cement,سیمان، آهک و گچ,70077233737515808,263.8,263.7,263.7,TSETMC
2012-06-19,1391/03/30,1391,3,30,tile_ceramic,کاشی و سرامیک,57616105980228781,638.8,637.2,637.2,TSETMC
2012-06-20,1391/03/31,1391,3,31,cement,سیمان، آهک و گچ,70077233737515808,263.8,263.5,263.5,TSETMC
2012-06-20,1391/03/31,1391,3,31,tile_ceramic,کاشی و سرامیک,57616105980228781,637.3,635.5,635.7,TSETMC
2012-06-23,1391/04/03,1391,4,3,cement,سیمان، آهک و گچ,70077233737515808,263.4,261.9,261.9,TSETMC
2012-06-23,1391/04/03,1391,4,3,tile_ceramic,کاشی و سرامیک,57616105980228781,635.5,634.1,634.1,TSETMC
2012-06-24,1391/04/04,1391,4,4,cement,سیمان، آهک و گچ,70077233737515808,261.8,261.0,261.0,TSETMC
2012-06-24,1391/04/04,1391,4,4,tile_ceramic,کاشی و سرامیک,57616105980228781,633.7,633.1,633.1,TSETMC
2012-06-25,1391/04/05,1391,4,5,cement,سیمان، آهک و گچ,70077233737515808,261.2,260.3,260.3,TSETMC
2012-06-25,1391/04/05,1391,4,5,tile_ceramic,کاشی و سرامیک,57616105980228781,633.0,628.8,628.8,TSETMC
2012-06-26,1391/04/06,1391,4,6,cement,سیمان، آهک و گچ,70077233737515808,260.4,258.6,258.6,TSETMC
2012-06-26,1391/04/06,1391,4,6,tile_ceramic,کاشی و سرامیک,57616105980228781,628.7,628.5,628.5,TSETMC
2012-06-27,1391/04/07,1391,4,7,cement,سیمان، آهک و گچ,70077233737515808,258.2,257.2,257.2,TSETMC
2012-06-27,1391/04/07,1391,4,7,tile_ceramic,کاشی و سرامیک,57616105980228781,628.5,627.8,627.8,TSETMC
2012-06-30,1391/04/10,1391,4,10,cement,سیمان، آهک و گچ,70077233737515808,257.4,257.1,257.4,TSETMC
2012-06-30,1391/04/10,1391,4,10,tile_ceramic,کاشی و سرامیک,57616105980228781,622.3,614.5,614.5,TSETMC
2012-07-01,1391/04/11,1391,4,11,cement,سیمان، آهک و گچ,70077233737515808,258.2,257.4,258.2,TSETMC
2012-07-01,1391/04/11,1391,4,11,tile_ceramic,کاشی و سرامیک,57616105980228781,617.1,615.1,616.8,TSETMC
2012-07-02,1391/04/12,1391,4,12,cement,سیمان، آهک و گچ,70077233737515808,258.9,258.4,258.6,TSETMC
2012-07-02,1391/04/12,1391,4,12,tile_ceramic,کاشی و سرامیک,57616105980228781,620.9,616.6,619.2,TSETMC
2012-07-03,1391/04/13,1391,4,13,cement,سیمان، آهک و گچ,70077233737515808,260.5,259.4,260.5,TSETMC
2012-07-03,1391/04/13,1391,4,13,tile_ceramic,کاشی و سرامیک,57616105980228781,628.9,617.8,626.8,TSETMC
2012-07-04,1391/04/14,1391,4,14,cement,سیمان، آهک و گچ,70077233737515808,260.7,260.1,260.1,TSETMC
2012-07-04,1391/04/14,1391,4,14,tile_ceramic,کاشی و سرامیک,57616105980228781,631.3,629.4,629.4,TSETMC
2012-07-07,1391/04/17,1391,4,17,cement,سیمان، آهک و گچ,70077233737515808,261.0,260.3,260.3,TSETMC
2012-07-07,1391/04/17,1391,4,17,tile_ceramic,کاشی و سرامیک,57616105980228781,629.4,625.3,625.3,TSETMC
2012-07-08,1391/04/18,1391,4,18,cement,سیمان، آهک و گچ,70077233737515808,260.4,259.4,259.4,TSETMC
2012-07-08,1391/04/18,1391,4,18,tile_ceramic,کاشی و سرامیک,57616105980228781,630.7,626.5,630.6,TSETMC
2012-07-09,1391/04/19,1391,4,19,cement,سیمان، آهک و گچ,70077233737515808,259.3,257.8,257.8,TSETMC
2012-07-09,1391/04/19,1391,4,19,tile_ceramic,کاشی و سرامیک,57616105980228781,631.7,630.3,630.8,TSETMC
2012-07-10,1391/04/20,1391,4,20,cement,سیمان، آهک و گچ,70077233737515808,257.9,257.7,257.9,TSETMC
2012-07-10,1391/04/20,1391,4,20,tile_ceramic,کاشی و سرامیک,57616105980228781,631.4,623.9,623.9,TSETMC
2012-07-11,1391/04/21,1391,4,21,cement,سیمان، آهک و گچ,70077233737515808,258.4,257.9,258.4,TSETMC
2012-07-11,1391/04/21,1391,4,21,tile_ceramic,کاشی و سرامیک,57616105980228781,629.5,623.9,627.8,TSETMC
2012-07-14,1391/04/24,1391,4,24,cement,سیمان، آهک و گچ,70077233737515808,258.4,258.2,258.3,TSETMC
2012-07-14,1391/04/24,1391,4,24,tile_ceramic,کاشی و سرامیک,57616105980228781,628.5,625.0,625.0,TSETMC
2012-07-15,1391/04/25,1391,4,25,cement,سیمان، آهک و گچ,70077233737515808,258.3,257.8,257.9,TSETMC
2012-07-15,1391/04/25,1391,4,25,tile_ceramic,کاشی و سرامیک,57616105980228781,625.8,622.0,622.0,TSETMC
2012-07-16,1391/04/26,1391,4,26,cement,سیمان، آهک و گچ,70077233737515808,258.0,257.7,257.7,TSETMC
2012-07-16,1391/04/26,1391,4,26,tile_ceramic,کاشی و سرامیک,57616105980228781,621.8,618.5,618.5,TSETMC
2012-07-17,1391/04/27,1391,4,27,cement,سیمان، آهک و گچ,70077233737515808,257.6,255.9,255.9,TSETMC
2012-07-17,1391/04/27,1391,4,27,tile_ceramic,کاشی و سرامیک,57616105980228781,619.3,617.5,618.1,TSETMC
2012-07-18,1391/04/28,1391,4,28,cement,سیمان، آهک و گچ,70077233737515808,255.7,255.3,255.3,TSETMC
2012-07-18,1391/04/28,1391,4,28,tile_ceramic,کاشی و سرامیک,57616105980228781,618.2,614.3,614.3,TSETMC
2012-07-21,1391/04/31,1391,4,31,cement,سیمان، آهک و گچ,70077233737515808,255.3,255.0,255.0,TSETMC
2012-07-21,1391/04/31,1391,4,31,tile_ceramic,کاشی و سرامیک,57616105980228781,616.9,614.6,616.5,TSETMC
2012-07-22,1391/05/01,1391,5,1,cement,سیمان، آهک و گچ,70077233737515808,255.2,255.0,255.2,TSETMC
2012-07-22,1391/05/01,1391,5,1,tile_ceramic,کاشی و سرامیک,57616105980228781,616.9,611.9,612.0,TSETMC
2012-07-23,1391/05/02,1391,5,2,cement,سیمان، آهک و گچ,70077233737515808,255.3,255.1,255.1,TSETMC
2012-07-23,1391/05/02,1391,5,2,tile_ceramic,کاشی و سرامیک,57616105980228781,615.8,612.0,614.8,TSETMC
2012-07-24,1391/05/03,1391,5,3,cement,سیمان، آهک و گچ,70077233737515808,255.0,254.7,254.7,TSETMC
2012-07-24,1391/05/03,1391,5,3,tile_ceramic,کاشی و سرامیک,57616105980228781,614.4,613.6,614.0,TSETMC
2012-07-25,1391/05/04,1391,5,4,cement,سیمان، آهک و گچ,70077233737515808,255.0,254.8,255.0,TSETMC
2012-07-25,1391/05/04,1391,5,4,tile_ceramic,کاشی و سرامیک,57616105980228781,614.0,609.7,609.7,TSETMC
2012-07-28,1391/05/07,1391,5,7,cement,سیمان، آهک و گچ,70077233737515808,255.3,255.0,255.3,TSETMC
2012-07-28,1391/05/07,1391,5,7,tile_ceramic,کاشی و سرامیک,57616105980228781,609.4,605.5,605.5,TSETMC
2012-07-29,1391/05/08,1391,5,8,cement,سیمان، آهک و گچ,70077233737515808,255.3,255.1,255.1,TSETMC
2012-07-29,1391/05/08,1391,5,8,tile_ceramic,کاشی و سرامیک,57616105980228781,604.2,596.7,596.7,TSETMC
2012-07-30,1391/05/09,1391,5,9,cement,سیمان، آهک و گچ,70077233737515808,255.1,254.7,254.7,TSETMC
2012-07-30,1391/05/09,1391,5,9,tile_ceramic,کاشی و سرامیک,57616105980228781,595.1,590.2,590.2,TSETMC
2012-07-31,1391/05/10,1391,5,10,cement,سیمان، آهک و گچ,70077233737515808,254.9,254.7,254.8,TSETMC
2012-07-31,1391/05/10,1391,5,10,tile_ceramic,کاشی و سرامیک,57616105980228781,598.1,590.1,598.1,TSETMC
2012-08-01,1391/05/11,1391,5,11,cement,سیمان، آهک و گچ,70077233737515808,254.8,254.5,254.6,TSETMC
2012-08-01,1391/05/11,1391,5,11,tile_ceramic,کاشی و سرامیک,57616105980228781,607.8,598.7,607.5,TSETMC
2012-08-04,1391/05/14,1391,5,14,cement,سیمان، آهک و گچ,70077233737515808,254.6,253.6,253.6,TSETMC
2012-08-04,1391/05/14,1391,5,14,tile_ceramic,کاشی و سرامیک,57616105980228781,606.6,600.7,600.7,TSETMC
2012-08-05,1391/05/15,1391,5,15,cement,سیمان، آهک و گچ,70077233737515808,253.3,252.8,252.8,TSETMC
2012-08-05,1391/05/15,1391,5,15,tile_ceramic,کاشی و سرامیک,57616105980228781,598.7,592.3,592.3,TSETMC
2012-08-06,1391/05/16,1391,5,16,cement,سیمان، آهک و گچ,70077233737515808,252.9,252.6,252.6,TSETMC
2012-08-06,1391/05/16,1391,5,16,tile_ceramic,کاشی و سرامیک,57616105980228781,597.7,592.1,597.5,TSETMC
2012-08-07,1391/05/17,1391,5,17,cement,سیمان، آهک و گچ,70077233737515808,252.7,252.4,252.4,TSETMC
2012-08-07,1391/05/17,1391,5,17,tile_ceramic,کاشی و سرامیک,57616105980228781,604.1,600.9,603.3,TSETMC
2012-08-08,1391/05/18,1391,5,18,cement,سیمان، آهک و گچ,70077233737515808,251.8,251.6,251.6,TSETMC
2012-08-08,1391/05/18,1391,5,18,tile_ceramic,کاشی و سرامیک,57616105980228781,610.7,604.9,610.5,TSETMC
2012-08-11,1391/05/21,1391,5,21,cement,سیمان، آهک و گچ,70077233737515808,251.7,251.6,251.7,TSETMC
2012-08-11,1391/05/21,1391,5,21,tile_ceramic,کاشی و سرامیک,57616105980228781,621.1,613.7,621.1,TSETMC
2012-08-12,1391/05/22,1391,5,22,cement,سیمان، آهک و گچ,70077233737515808,251.7,251.5,251.5,TSETMC
2012-08-12,1391/05/22,1391,5,22,tile_ceramic,کاشی و سرامیک,57616105980228781,631.4,621.3,631.4,TSETMC
2012-08-13,1391/05/23,1391,5,23,cement,سیمان، آهک و گچ,70077233737515808,251.7,251.5,251.7,TSETMC
2012-08-13,1391/05/23,1391,5,23,tile_ceramic,کاشی و سرامیک,57616105980228781,643.6,641.3,643.6,TSETMC
2012-08-14,1391/05/24,1391,5,24,cement,سیمان، آهک و گچ,70077233737515808,251.6,251.1,251.1,TSETMC
2012-08-14,1391/05/24,1391,5,24,tile_ceramic,کاشی و سرامیک,57616105980228781,655.4,651.7,651.7,TSETMC
2012-08-15,1391/05/25,1391,5,25,cement,سیمان، آهک و گچ,70077233737515808,251.1,250.7,250.8,TSETMC
2012-08-15,1391/05/25,1391,5,25,tile_ceramic,کاشی و سرامیک,57616105980228781,650.6,648.0,648.0,TSETMC
2012-08-18,1391/05/28,1391,5,28,cement,سیمان، آهک و گچ,70077233737515808,250.8,250.0,250.0,TSETMC
2012-08-18,1391/05/28,1391,5,28,tile_ceramic,کاشی و سرامیک,57616105980228781,647.8,646.6,646.6,TSETMC
2012-08-21,1391/05/31,1391,5,31,cement,سیمان، آهک و گچ,70077233737515808,250.0,249.9,250.0,TSETMC
2012-08-21,1391/05/31,1391,5,31,tile_ceramic,کاشی و سرامیک,57616105980228781,646.5,643.9,644.3,TSETMC
2012-08-22,1391/06/01,1391,6,1,cement,سیمان، آهک و گچ,70077233737515808,250.0,250.0,250.0,TSETMC
2012-08-22,1391/06/01,1391,6,1,tile_ceramic,کاشی و سرامیک,57616105980228781,644.3,643.9,643.9,TSETMC
2012-08-25,1391/06/04,1391,6,4,cement,سیمان، آهک و گچ,70077233737515808,249.7,249.3,249.7,TSETMC
2012-08-25,1391/06/04,1391,6,4,tile_ceramic,کاشی و سرامیک,57616105980228781,643.8,642.7,643.1,TSETMC
2012-08-26,1391/06/05,1391,6,5,cement,سیمان، آهک و گچ,70077233737515808,251.4,249.9,251.4,TSETMC
2012-08-26,1391/06/05,1391,6,5,tile_ceramic,کاشی و سرامیک,57616105980228781,637.3,634.4,637.3,TSETMC
2012-08-27,1391/06/06,1391,6,6,cement,سیمان، آهک و گچ,70077233737515808,252.5,251.5,252.5,TSETMC
2012-08-27,1391/06/06,1391,6,6,tile_ceramic,کاشی و سرامیک,57616105980228781,648.8,646.6,646.6,TSETMC
2012-09-02,1391/06/12,1391,6,12,cement,سیمان، آهک و گچ,70077233737515808,252.8,252.4,252.8,TSETMC
2012-09-02,1391/06/12,1391,6,12,tile_ceramic,کاشی و سرامیک,57616105980228781,657.4,648.7,657.4,TSETMC
2012-09-03,1391/06/13,1391,6,13,cement,سیمان، آهک و گچ,70077233737515808,253.5,253.0,253.5,TSETMC
2012-09-03,1391/06/13,1391,6,13,tile_ceramic,کاشی و سرامیک,57616105980228781,664.8,656.1,660.3,TSETMC
2012-09-04,1391/06/14,1391,6,14,cement,سیمان، آهک و گچ,70077233737515808,255.3,253.5,255.3,TSETMC
2012-09-04,1391/06/14,1391,6,14,tile_ceramic,کاشی و سرامیک,57616105980228781,663.1,653.3,653.3,TSETMC
2012-09-05,1391/06/15,1391,6,15,cement,سیمان، آهک و گچ,70077233737515808,256.6,255.3,256.5,TSETMC
2012-09-05,1391/06/15,1391,6,15,tile_ceramic,کاشی و سرامیک,57616105980228781,651.2,647.2,647.2,TSETMC
2012-09-08,1391/06/18,1391,6,18,cement,سیمان، آهک و گچ,70077233737515808,255.9,255.0,255.0,TSETMC
2012-09-08,1391/06/18,1391,6,18,tile_ceramic,کاشی و سرامیک,57616105980228781,647.2,635.6,635.6,TSETMC
2012-09-09,1391/06/19,1391,6,19,cement,سیمان، آهک و گچ,70077233737515808,254.8,253.0,253.0,TSETMC
2012-09-09,1391/06/19,1391,6,19,tile_ceramic,کاشی و سرامیک,57616105980228781,632.6,625.8,625.8,TSETMC
2012-09-10,1391/06/20,1391,6,20,cement,سیمان، آهک و گچ,70077233737515808,253.3,252.6,252.6,TSETMC
2012-09-10,1391/06/20,1391,6,20,tile_ceramic,کاشی و سرامیک,57616105980228781,635.6,625.4,634.6,TSETMC
2012-09-11,1391/06/21,1391,6,21,cement,سیمان، آهک و گچ,70077233737515808,252.7,251.4,252.7,TSETMC
2012-09-11,1391/06/21,1391,6,21,tile_ceramic,کاشی و سرامیک,57616105980228781,645.3,639.2,642.7,TSETMC
2012-09-15,1391/06/25,1391,6,25,cement,سیمان، آهک و گچ,70077233737515808,254.7,253.7,254.7,TSETMC
2012-09-15,1391/06/25,1391,6,25,tile_ceramic,کاشی و سرامیک,57616105980228781,644.7,638.4,638.4,TSETMC
2012-09-16,1391/06/26,1391,6,26,cement,سیمان، آهک و گچ,70077233737515808,256.6,255.5,256.6,TSETMC
2012-09-16,1391/06/26,1391,6,26,tile_ceramic,کاشی و سرامیک,57616105980228781,638.4,631.9,631.9,TSETMC
2012-09-17,1391/06/27,1391,6,27,cement,سیمان، آهک و گچ,70077233737515808,259.6,257.8,259.6,TSETMC
2012-09-17,1391/06/27,1391,6,27,tile_ceramic,کاشی و سرامیک,57616105980228781,636.0,631.4,636.0,TSETMC
2012-09-18,1391/06/28,1391,6,28,cement,سیمان، آهک و گچ,70077233737515808,260.6,259.8,260.6,TSETMC
2012-09-18,1391/06/28,1391,6,28,tile_ceramic,کاشی و سرامیک,57616105980228781,635.7,631.2,631.2,TSETMC
2012-09-19,1391/06/29,1391,6,29,cement,سیمان، آهک و گچ,70077233737515808,263.2,260.8,263.2,TSETMC
2012-09-19,1391/06/29,1391,6,29,tile_ceramic,کاشی و سرامیک,57616105980228781,631.4,628.1,631.0,TSETMC
2012-09-22,1391/07/01,1391,7,1,cement,سیمان، آهک و گچ,70077233737515808,267.7,265.0,267.7,TSETMC
2012-09-22,1391/07/01,1391,7,1,tile_ceramic,کاشی و سرامیک,57616105980228781,643.1,640.1,643.1,TSETMC
2012-09-23,1391/07/02,1391,7,2,cement,سیمان، آهک و گچ,70077233737515808,274.3,270.9,274.3,TSETMC
2012-09-23,1391/07/02,1391,7,2,tile_ceramic,کاشی و سرامیک,57616105980228781,651.8,649.3,651.6,TSETMC
2012-09-24,1391/07/03,1391,7,3,cement,سیمان، آهک و گچ,70077233737515808,277.2,275.3,277.2,TSETMC
2012-09-24,1391/07/03,1391,7,3,tile_ceramic,کاشی و سرامیک,57616105980228781,657.1,645.3,657.1,TSETMC
2012-09-25,1391/07/04,1391,7,4,cement,سیمان، آهک و گچ,70077233737515808,280.1,279.1,280.1,TSETMC
2012-09-25,1391/07/04,1391,7,4,tile_ceramic,کاشی و سرامیک,57616105980228781,667.0,658.7,667.0,TSETMC
2012-09-26,1391/07/05,1391,7,5,cement,سیمان، آهک و گچ,70077233737515808,285.2,282.0,285.2,TSETMC
2012-09-26,1391/07/05,1391,7,5,tile_ceramic,کاشی و سرامیک,57616105980228781,682.9,677.5,682.9,TSETMC
2012-09-29,1391/07/08,1391,7,8,cement,سیمان، آهک و گچ,70077233737515808,289.1,285.9,289.1,TSETMC
2012-09-29,1391/07/08,1391,7,8,tile_ceramic,کاشی و سرامیک,57616105980228781,696.7,693.9,693.9,TSETMC
2012-09-30,1391/07/09,1391,7,9,cement,سیمان، آهک و گچ,70077233737515808,291.8,289.4,291.8,TSETMC
2012-09-30,1391/07/09,1391,7,9,tile_ceramic,کاشی و سرامیک,57616105980228781,694.4,680.8,680.8,TSETMC
2012-10-01,1391/07/10,1391,7,10,cement,سیمان، آهک و گچ,70077233737515808,294.4,293.9,293.9,TSETMC
2012-10-01,1391/07/10,1391,7,10,tile_ceramic,کاشی و سرامیک,57616105980228781,676.5,667.4,668.1,TSETMC
2012-10-02,1391/07/11,1391,7,11,cement,سیمان، آهک و گچ,70077233737515808,294.2,293.1,293.1,TSETMC
2012-10-02,1391/07/11,1391,7,11,tile_ceramic,کاشی و سرامیک,57616105980228781,671.9,663.5,671.9,TSETMC
2012-10-03,1391/07/12,1391,7,12,cement,سیمان، آهک و گچ,70077233737515808,293.6,292.3,292.3,TSETMC
2012-10-03,1391/07/12,1391,7,12,tile_ceramic,کاشی و سرامیک,57616105980228781,684.4,676.3,681.3,TSETMC
2012-10-06,1391/07/15,1391,7,15,cement,سیمان، آهک و گچ,70077233737515808,291.6,290.4,290.4,TSETMC
2012-10-06,1391/07/15,1391,7,15,tile_ceramic,کاشی و سرامیک,57616105980228781,680.9,671.0,671.0,TSETMC
2012-10-07,1391/07/16,1391,7,16,cement,سیمان، آهک و گچ,70077233737515808,290.5,289.5,289.6,TSETMC
2012-10-07,1391/07/16,1391,7,16,tile_ceramic,کاشی و سرامیک,57616105980228781,670.9,664.5,664.9,TSETMC
2012-10-08,1391/07/17,1391,7,17,cement,سیمان، آهک و گچ,70077233737515808,287.5,287.3,287.5,TSETMC
2012-10-08,1391/07/17,1391,7,17,tile_ceramic,کاشی و سرامیک,57616105980228781,664.8,663.1,663.2,TSETMC
2012-10-09,1391/07/18,1391,7,18,cement,سیمان، آهک و گچ,70077233737515808,287.5,286.1,286.1,TSETMC
2012-10-09,1391/07/18,1391,7,18,tile_ceramic,کاشی و سرامیک,57616105980228781,667.8,665.6,665.6,TSETMC
2012-10-10,1391/07/19,1391,7,19,cement,سیمان، آهک و گچ,70077233737515808,285.8,284.4,285.1,TSETMC
2012-10-10,1391/07/19,1391,7,19,tile_ceramic,کاشی و سرامیک,57616105980228781,665.6,658.3,658.3,TSETMC
2012-10-13,1391/07/22,1391,7,22,cement,سیمان، آهک و گچ,70077233737515808,287.7,286.9,287.7,TSETMC
2012-10-13,1391/07/22,1391,7,22,tile_ceramic,کاشی و سرامیک,57616105980228781,668.8,658.1,668.8,TSETMC
2012-10-14,1391/07/23,1391,7,23,cement,سیمان، آهک و گچ,70077233737515808,290.4,290.1,290.4,TSETMC
2012-10-14,1391/07/23,1391,7,23,tile_ceramic,کاشی و سرامیک,57616105980228781,683.2,682.4,683.2,TSETMC
2012-10-15,1391/07/24,1391,7,24,cement,سیمان، آهک و گچ,70077233737515808,292.9,292.6,292.9,TSETMC
2012-10-15,1391/07/24,1391,7,24,tile_ceramic,کاشی و سرامیک,57616105980228781,694.0,690.4,692.1,TSETMC
2012-10-16,1391/07/25,1391,7,25,cement,سیمان، آهک و گچ,70077233737515808,303.3,295.3,303.3,TSETMC
2012-10-16,1391/07/25,1391,7,25,tile_ceramic,کاشی و سرامیک,57616105980228781,707.6,700.4,707.6,TSETMC
2012-10-17,1391/07/26,1391,7,26,cement,سیمان، آهک و گچ,70077233737515808,309.7,302.5,309.5,TSETMC
2012-10-17,1391/07/26,1391,7,26,tile_ceramic,کاشی و سرامیک,57616105980228781,722.2,712.4,721.1,TSETMC
2012-10-20,1391/07/29,1391,7,29,cement,سیمان، آهک و گچ,70077233737515808,317.9,311.6,317.9,TSETMC
2012-10-20,1391/07/29,1391,7,29,tile_ceramic,کاشی و سرامیک,57616105980228781,736.7,728.5,736.3,TSETMC
2012-10-21,1391/07/30,1391,7,30,cement,سیمان، آهک و گچ,70077233737515808,319.2,317.2,319.2,TSETMC
2012-10-21,1391/07/30,1391,7,30,tile_ceramic,کاشی و سرامیک,57616105980228781,741.6,730.6,730.6,TSETMC
2012-10-22,1391/08/01,1391,8,1,cement,سیمان، آهک و گچ,70077233737515808,319.2,317.2,317.2,TSETMC
2012-10-22,1391/08/01,1391,8,1,tile_ceramic,کاشی و سرامیک,57616105980228781,728.2,726.8,726.8,TSETMC
2012-10-23,1391/08/02,1391,8,2,cement,سیمان، آهک و گچ,70077233737515808,317.3,316.7,317.2,TSETMC
2012-10-23,1391/08/02,1391,8,2,tile_ceramic,کاشی و سرامیک,57616105980228781,726.1,720.0,720.0,TSETMC
2012-10-24,1391/08/03,1391,8,3,cement,سیمان، آهک و گچ,70077233737515808,317.0,314.4,314.4,TSETMC
2012-10-24,1391/08/03,1391,8,3,tile_ceramic,کاشی و سرامیک,57616105980228781,704.9,704.6,704.6,TSETMC
2012-10-27,1391/08/06,1391,8,6,cement,سیمان، آهک و گچ,70077233737515808,314.2,311.4,312.5,TSETMC
2012-10-27,1391/08/06,1391,8,6,tile_ceramic,کاشی و سرامیک,57616105980228781,703.9,695.2,695.2,TSETMC
2012-10-28,1391/08/07,1391,8,7,cement,سیمان، آهک و گچ,70077233737515808,313.8,311.7,313.8,TSETMC
2012-10-28,1391/08/07,1391,8,7,tile_ceramic,کاشی و سرامیک,57616105980228781,693.2,686.2,692.1,TSETMC
2012-10-29,1391/08/08,1391,8,8,cement,سیمان، آهک و گچ,70077233737515808,316.6,314.4,316.6,TSETMC
2012-10-29,1391/08/08,1391,8,8,tile_ceramic,کاشی و سرامیک,57616105980228781,703.8,688.6,703.6,TSETMC
2012-10-30,1391/08/09,1391,8,9,cement,سیمان، آهک و گچ,70077233737515808,319.9,317.7,319.2,TSETMC
2012-10-30,1391/08/09,1391,8,9,tile_ceramic,کاشی و سرامیک,57616105980228781,708.7,702.3,702.3,TSETMC
2012-10-31,1391/08/10,1391,8,10,cement,سیمان، آهک و گچ,70077233737515808,318.3,317.8,317.8,TSETMC
2012-10-31,1391/08/10,1391,8,10,tile_ceramic,کاشی و سرامیک,57616105980228781,702.0,695.7,695.7,TSETMC
2012-11-04,1391/08/14,1391,8,14,cement,سیمان، آهک و گچ,70077233737515808,318.0,316.7,316.7,TSETMC
2012-11-04,1391/08/14,1391,8,14,tile_ceramic,کاشی و سرامیک,57616105980228781,695.6,692.7,692.8,TSETMC
2012-11-05,1391/08/15,1391,8,15,cement,سیمان، آهک و گچ,70077233737515808,316.5,315.4,315.4,TSETMC
2012-11-05,1391/08/15,1391,8,15,tile_ceramic,کاشی و سرامیک,57616105980228781,692.5,684.9,684.9,TSETMC
2012-11-06,1391/08/16,1391,8,16,cement,سیمان، آهک و گچ,70077233737515808,315.7,314.2,314.2,TSETMC
2012-11-06,1391/08/16,1391,8,16,tile_ceramic,کاشی و سرامیک,57616105980228781,683.7,675.3,675.3,TSETMC
2012-11-07,1391/08/17,1391,8,17,cement,سیمان، آهک و گچ,70077233737515808,314.7,314.3,314.3,TSETMC
2012-11-07,1391/08/17,1391,8,17,tile_ceramic,کاشی و سرامیک,57616105980228781,684.3,674.6,684.2,TSETMC
2012-11-10,1391/08/20,1391,8,20,cement,سیمان، آهک و گچ,70077233737515808,314.3,313.2,313.2,TSETMC
2012-11-10,1391/08/20,1391,8,20,tile_ceramic,کاشی و سرامیک,57616105980228781,697.7,693.3,693.3,TSETMC
2012-11-11,1391/08/21,1391,8,21,cement,سیمان، آهک و گچ,70077233737515808,313.1,311.9,311.9,TSETMC
2012-11-11,1391/08/21,1391,8,21,tile_ceramic,کاشی و سرامیک,57616105980228781,695.2,694.1,694.1,TSETMC
2012-11-12,1391/08/22,1391,8,22,cement,سیمان، آهک و گچ,70077233737515808,313.6,311.7,313.6,TSETMC
2012-11-12,1391/08/22,1391,8,22,tile_ceramic,کاشی و سرامیک,57616105980228781,695.5,691.1,691.5,TSETMC
2012-11-13,1391/08/23,1391,8,23,cement,سیمان، آهک و گچ,70077233737515808,314.6,313.7,314.5,TSETMC
2012-11-13,1391/08/23,1391,8,23,tile_ceramic,کاشی و سرامیک,57616105980228781,700.1,692.0,700.0,TSETMC
2012-11-14,1391/08/24,1391,8,24,cement,سیمان، آهک و گچ,70077233737515808,314.7,313.8,313.8,TSETMC
2012-11-14,1391/08/24,1391,8,24,tile_ceramic,کاشی و سرامیک,57616105980228781,701.8,694.9,694.9,TSETMC
2012-11-17,1391/08/27,1391,8,27,cement,سیمان، آهک و گچ,70077233737515808,313.7,312.1,312.1,TSETMC
2012-11-17,1391/08/27,1391,8,27,tile_ceramic,کاشی و سرامیک,57616105980228781,697.0,686.0,686.0,TSETMC
2012-11-18,1391/08/28,1391,8,28,cement,سیمان، آهک و گچ,70077233737515808,316.0,311.0,315.5,TSETMC
2012-11-18,1391/08/28,1391,8,28,tile_ceramic,کاشی و سرامیک,57616105980228781,685.9,676.9,676.9,TSETMC
2012-11-19,1391/08/29,1391,8,29,cement,سیمان، آهک و گچ,70077233737515808,315.5,314.8,314.8,TSETMC
2012-11-19,1391/08/29,1391,8,29,tile_ceramic,کاشی و سرامیک,57616105980228781,677.0,675.8,675.8,TSETMC
2012-11-20,1391/08/30,1391,8,30,cement,سیمان، آهک و گچ,70077233737515808,314.8,314.5,314.5,TSETMC
2012-11-20,1391/08/30,1391,8,30,tile_ceramic,کاشی و سرامیک,57616105980228781,681.3,676.4,681.3,TSETMC
2012-11-21,1391/09/01,1391,9,1,cement,سیمان، آهک و گچ,70077233737515808,314.7,314.5,314.7,TSETMC
2012-11-21,1391/09/01,1391,9,1,tile_ceramic,کاشی و سرامیک,57616105980228781,688.5,682.9,688.5,TSETMC
2012-11-26,1391/09/06,1391,9,6,cement,سیمان، آهک و گچ,70077233737515808,318.2,314.7,318.2,TSETMC
2012-11-26,1391/09/06,1391,9,6,tile_ceramic,کاشی و سرامیک,57616105980228781,702.3,692.1,702.2,TSETMC
2012-11-27,1391/09/07,1391,9,7,cement,سیمان، آهک و گچ,70077233737515808,318.2,317.6,317.6,TSETMC
2012-11-27,1391/09/07,1391,9,7,tile_ceramic,کاشی و سرامیک,57616105980228781,709.8,704.7,707.8,TSETMC
2012-11-28,1391/09/08,1391,9,8,cement,سیمان، آهک و گچ,70077233737515808,317.6,316.3,316.3,TSETMC
2012-11-28,1391/09/08,1391,9,8,tile_ceramic,کاشی و سرامیک,57616105980228781,711.8,709.2,711.8,TSETMC
2012-12-01,1391/09/11,1391,9,11,cement,سیمان، آهک و گچ,70077233737515808,316.3,315.9,316.1,TSETMC
2012-12-01,1391/09/11,1391,9,11,tile_ceramic,کاشی و سرامیک,57616105980228781,722.3,712.7,722.3,TSETMC
2012-12-02,1391/09/12,1391,9,12,cement,سیمان، آهک و گچ,70077233737515808,316.6,315.5,316.6,TSETMC
2012-12-02,1391/09/12,1391,9,12,tile_ceramic,کاشی و سرامیک,57616105980228781,730.5,723.9,723.9,TSETMC
2012-12-03,1391/09/13,1391,9,13,cement,سیمان، آهک و گچ,70077233737515808,316.9,316.0,316.0,TSETMC
2012-12-03,1391/09/13,1391,9,13,tile_ceramic,کاشی و سرامیک,57616105980228781,723.8,711.0,711.2,TSETMC
2012-12-04,1391/09/14,1391,9,14,cement,سیمان، آهک و گچ,70077233737515808,316.6,315.5,315.5,TSETMC
2012-12-04,1391/09/14,1391,9,14,tile_ceramic,کاشی و سرامیک,57616105980228781,720.0,716.7,719.6,TSETMC
2012-12-05,1391/09/15,1391,9,15,cement,سیمان، آهک و گچ,70077233737515808,315.6,313.3,313.3,TSETMC
2012-12-05,1391/09/15,1391,9,15,tile_ceramic,کاشی و سرامیک,57616105980228781,726.1,721.6,721.6,TSETMC
2012-12-08,1391/09/18,1391,9,18,cement,سیمان، آهک و گچ,70077233737515808,310.8,307.8,307.8,TSETMC
2012-12-08,1391/09/18,1391,9,18,tile_ceramic,کاشی و سرامیک,57616105980228781,721.5,711.3,711.3,TSETMC
2012-12-09,1391/09/19,1391,9,19,cement,سیمان، آهک و گچ,70077233737515808,307.3,305.3,305.3,TSETMC
2012-12-09,1391/09/19,1391,9,19,tile_ceramic,کاشی و سرامیک,57616105980228781,706.4,704.5,704.7,TSETMC
2012-12-10,1391/09/20,1391,9,20,cement,سیمان، آهک و گچ,70077233737515808,305.3,302.8,302.8,TSETMC
2012-12-10,1391/09/20,1391,9,20,tile_ceramic,کاشی و سرامیک,57616105980228781,704.6,694.3,694.3,TSETMC
2012-12-11,1391/09/21,1391,9,21,cement,سیمان، آهک و گچ,70077233737515808,302.8,300.8,300.8,TSETMC
2012-12-11,1391/09/21,1391,9,21,tile_ceramic,کاشی و سرامیک,57616105980228781,694.9,693.4,694.9,TSETMC
2012-12-12,1391/09/22,1391,9,22,cement,سیمان، آهک و گچ,70077233737515808,301.8,300.7,301.8,TSETMC
2012-12-12,1391/09/22,1391,9,22,tile_ceramic,کاشی و سرامیک,57616105980228781,706.2,702.1,705.8,TSETMC
2012-12-15,1391/09/25,1391,9,25,cement,سیمان، آهک و گچ,70077233737515808,303.7,301.9,303.7,TSETMC
2012-12-15,1391/09/25,1391,9,25,tile_ceramic,کاشی و سرامیک,57616105980228781,708.2,705.6,705.6,TSETMC
2012-12-16,1391/09/26,1391,9,26,cement,سیمان، آهک و گچ,70077233737515808,304.6,303.9,303.9,TSETMC
2012-12-16,1391/09/26,1391,9,26,tile_ceramic,کاشی و سرامیک,57616105980228781,715.1,705.8,714.6,TSETMC
2012-12-17,1391/09/27,1391,9,27,cement,سیمان، آهک و گچ,70077233737515808,303.8,302.2,302.2,TSETMC
2012-12-17,1391/09/27,1391,9,27,tile_ceramic,کاشی و سرامیک,57616105980228781,718.1,714.4,717.7,TSETMC
2012-12-18,1391/09/28,1391,9,28,cement,سیمان، آهک و گچ,70077233737515808,302.1,301.2,301.2,TSETMC
2012-12-18,1391/09/28,1391,9,28,tile_ceramic,کاشی و سرامیک,57616105980228781,719.3,713.6,714.7,TSETMC
2012-12-19,1391/09/29,1391,9,29,cement,سیمان، آهک و گچ,70077233737515808,301.3,300.9,301.1,TSETMC
2012-12-19,1391/09/29,1391,9,29,tile_ceramic,کاشی و سرامیک,57616105980228781,719.6,712.9,719.3,TSETMC
2012-12-22,1391/10/02,1391,10,2,cement,سیمان، آهک و گچ,70077233737515808,301.1,300.9,300.9,TSETMC
2012-12-22,1391/10/02,1391,10,2,tile_ceramic,کاشی و سرامیک,57616105980228781,723.1,719.3,722.5,TSETMC
2012-12-23,1391/10/03,1391,10,3,cement,سیمان، آهک و گچ,70077233737515808,300.9,299.3,300.9,TSETMC
2012-12-23,1391/10/03,1391,10,3,tile_ceramic,کاشی و سرامیک,57616105980228781,722.2,707.9,707.9,TSETMC
2012-12-24,1391/10/04,1391,10,4,cement,سیمان، آهک و گچ,70077233737515808,306.2,301.4,306.2,TSETMC
2012-12-24,1391/10/04,1391,10,4,tile_ceramic,کاشی و سرامیک,57616105980228781,707.5,695.9,695.9,TSETMC
2012-12-25,1391/10/05,1391,10,5,cement,سیمان، آهک و گچ,70077233737515808,309.4,307.0,309.4,TSETMC
2012-12-25,1391/10/05,1391,10,5,tile_ceramic,کاشی و سرامیک,57616105980228781,697.8,686.9,687.7,TSETMC
2012-12-26,1391/10/06,1391,10,6,cement,سیمان، آهک و گچ,70077233737515808,309.5,307.2,307.2,TSETMC
2012-12-26,1391/10/06,1391,10,6,tile_ceramic,کاشی و سرامیک,57616105980228781,688.4,682.1,682.1,TSETMC
2012-12-29,1391/10/09,1391,10,9,cement,سیمان، آهک و گچ,70077233737515808,307.2,304.5,304.5,TSETMC
2012-12-29,1391/10/09,1391,10,9,tile_ceramic,کاشی و سرامیک,57616105980228781,694.7,682.6,694.7,TSETMC
2012-12-30,1391/10/10,1391,10,10,cement,سیمان، آهک و گچ,70077233737515808,304.3,302.5,302.5,TSETMC
2012-12-30,1391/10/10,1391,10,10,tile_ceramic,کاشی و سرامیک,57616105980228781,696.7,690.3,693.5,TSETMC
2012-12-31,1391/10/11,1391,10,11,cement,سیمان، آهک و گچ,70077233737515808,305.1,302.5,304.8,TSETMC
2012-12-31,1391/10/11,1391,10,11,tile_ceramic,کاشی و سرامیک,57616105980228781,693.7,686.7,686.7,TSETMC
2013-01-01,1391/10/12,1391,10,12,cement,سیمان، آهک و گچ,70077233737515808,307.2,305.0,307.2,TSETMC
2013-01-01,1391/10/12,1391,10,12,tile_ceramic,کاشی و سرامیک,57616105980228781,686.4,682.7,683.2,TSETMC
2013-01-02,1391/10/13,1391,10,13,cement,سیمان، آهک و گچ,70077233737515808,313.1,309.7,313.1,TSETMC
2013-01-02,1391/10/13,1391,10,13,tile_ceramic,کاشی و سرامیک,57616105980228781,698.4,683.8,698.3,TSETMC
2013-01-06,1391/10/17,1391,10,17,cement,سیمان، آهک و گچ,70077233737515808,313.5,311.9,311.9,TSETMC
2013-01-06,1391/10/17,1391,10,17,tile_ceramic,کاشی و سرامیک,57616105980228781,707.8,704.5,705.6,TSETMC
2013-01-07,1391/10/18,1391,10,18,cement,سیمان، آهک و گچ,70077233737515808,312.4,310.0,310.0,TSETMC
2013-01-07,1391/10/18,1391,10,18,tile_ceramic,کاشی و سرامیک,57616105980228781,705.8,704.5,704.7,TSETMC
2013-01-08,1391/10/19,1391,10,19,cement,سیمان، آهک و گچ,70077233737515808,309.8,307.5,307.5,TSETMC
2013-01-08,1391/10/19,1391,10,19,tile_ceramic,کاشی و سرامیک,57616105980228781,705.1,699.9,699.9,TSETMC
2013-01-09,1391/10/20,1391,10,20,cement,سیمان، آهک و گچ,70077233737515808,307.5,306.5,306.5,TSETMC
2013-01-09,1391/10/20,1391,10,20,tile_ceramic,کاشی و سرامیک,57616105980228781,699.9,690.9,690.9,TSETMC
2013-01-13,1391/10/24,1391,10,24,cement,سیمان، آهک و گچ,70077233737515808,306.4,303.7,303.7,TSETMC
2013-01-13,1391/10/24,1391,10,24,tile_ceramic,کاشی و سرامیک,57616105980228781,693.2,690.0,690.0,TSETMC
2013-01-14,1391/10/25,1391,10,25,cement,سیمان، آهک و گچ,70077233737515808,303.4,301.7,301.7,TSETMC
2013-01-14,1391/10/25,1391,10,25,tile_ceramic,کاشی و سرامیک,57616105980228781,690.7,679.2,679.2,TSETMC
2013-01-15,1391/10/26,1391,10,26,cement,سیمان، آهک و گچ,70077233737515808,304.7,301.7,304.7,TSETMC
2013-01-15,1391/10/26,1391,10,26,tile_ceramic,کاشی و سرامیک,57616105980228781,679.1,671.4,671.4,TSETMC
2013-01-16,1391/10/27,1391,10,27,cement,سیمان، آهک و گچ,70077233737515808,308.2,305.7,308.2,TSETMC
2013-01-16,1391/10/27,1391,10,27,tile_ceramic,کاشی و سرامیک,57616105980228781,685.4,679.6,685.4,TSETMC
2013-01-19,1391/10/30,1391,10,30,cement,سیمان، آهک و گچ,70077233737515808,308.3,308.1,308.2,TSETMC
2013-01-19,1391/10/30,1391,10,30,tile_ceramic,کاشی و سرامیک,57616105980228781,691.2,687.6,691.2,TSETMC
2013-01-20,1391/11/01,1391,11,1,cement,سیمان، آهک و گچ,70077233737515808,308.2,307.4,307.4,TSETMC
2013-01-20,1391/11/01,1391,11,1,tile_ceramic,کاشی و سرامیک,57616105980228781,699.8,694.4,699.8,TSETMC
2013-01-21,1391/11/02,1391,11,2,cement,سیمان، آهک و گچ,70077233737515808,308.1,306.4,306.4,TSETMC
2013-01-21,1391/11/02,1391,11,2,tile_ceramic,کاشی و سرامیک,57616105980228781,718.0,705.3,718.0,TSETMC
2013-01-22,1391/11/03,1391,11,3,cement,سیمان، آهک و گچ,70077233737515808,306.6,303.0,303.0,TSETMC
2013-01-22,1391/11/03,1391,11,3,tile_ceramic,کاشی و سرامیک,57616105980228781,709.5,707.0,707.0,TSETMC
2013-01-23,1391/11/04,1391,11,4,cement,سیمان، آهک و گچ,70077233737515808,303.9,303.0,303.8,TSETMC
2013-01-23,1391/11/04,1391,11,4,tile_ceramic,کاشی و سرامیک,57616105980228781,715.3,709.3,712.4,TSETMC
2013-01-26,1391/11/07,1391,11,7,cement,سیمان، آهک و گچ,70077233737515808,303.8,303.4,303.4,TSETMC
2013-01-26,1391/11/07,1391,11,7,tile_ceramic,کاشی و سرامیک,57616105980228781,712.4,705.7,705.7,TSETMC
2013-01-27,1391/11/08,1391,11,8,cement,سیمان، آهک و گچ,70077233737515808,303.6,302.1,302.1,TSETMC
2013-01-27,1391/11/08,1391,11,8,tile_ceramic,کاشی و سرامیک,57616105980228781,708.7,693.1,695.3,TSETMC
2013-01-28,1391/11/09,1391,11,9,cement,سیمان، آهک و گچ,70077233737515808,301.9,301.5,301.5,TSETMC
2013-01-28,1391/11/09,1391,11,9,tile_ceramic,کاشی و سرامیک,57616105980228781,692.7,687.7,691.7,TSETMC
2013-01-30,1391/11/11,1391,11,11,cement,سیمان، آهک و گچ,70077233737515808,301.3,301.3,301.3,TSETMC
2013-01-30,1391/11/11,1391,11,11,tile_ceramic,کاشی و سرامیک,57616105980228781,694.5,692.3,694.0,TSETMC
2013-02-02,1391/11/14,1391,11,14,cement,سیمان، آهک و گچ,70077233737515808,302.1,301.3,302.1,TSETMC
2013-02-02,1391/11/14,1391,11,14,tile_ceramic,کاشی و سرامیک,57616105980228781,692.6,688.7,688.7,TSETMC
2013-02-03,1391/11/15,1391,11,15,cement,سیمان، آهک و گچ,70077233737515808,302.2,302.0,302.2,TSETMC
2013-02-03,1391/11/15,1391,11,15,tile_ceramic,کاشی و سرامیک,57616105980228781,687.4,685.4,685.4,TSETMC
2013-02-04,1391/11/16,1391,11,16,cement,سیمان، آهک و گچ,70077233737515808,302.2,301.9,301.9,TSETMC
2013-02-04,1391/11/16,1391,11,16,tile_ceramic,کاشی و سرامیک,57616105980228781,685.4,680.4,680.4,TSETMC
2013-02-05,1391/11/17,1391,11,17,cement,سیمان، آهک و گچ,70077233737515808,303.3,301.9,302.6,TSETMC
2013-02-05,1391/11/17,1391,11,17,tile_ceramic,کاشی و سرامیک,57616105980228781,680.7,679.0,679.0,TSETMC
2013-02-06,1391/11/18,1391,11,18,cement,سیمان، آهک و گچ,70077233737515808,302.7,302.5,302.6,TSETMC
2013-02-06,1391/11/18,1391,11,18,tile_ceramic,کاشی و سرامیک,57616105980228781,680.1,678.4,680.1,TSETMC
2013-02-09,1391/11/21,1391,11,21,cement,سیمان، آهک و گچ,70077233737515808,302.9,302.6,302.8,TSETMC
2013-02-09,1391/11/21,1391,11,21,tile_ceramic,کاشی و سرامیک,57616105980228781,680.3,679.0,679.2,TSETMC
2013-02-11,1391/11/23,1391,11,23,cement,سیمان، آهک و گچ,70077233737515808,303.5,302.6,303.5,TSETMC
2013-02-11,1391/11/23,1391,11,23,tile_ceramic,کاشی و سرامیک,57616105980228781,679.6,679.0,679.2,TSETMC
2013-02-12,1391/11/24,1391,11,24,cement,سیمان، آهک و گچ,70077233737515808,303.8,303.5,303.8,TSETMC
2013-02-12,1391/11/24,1391,11,24,tile_ceramic,کاشی و سرامیک,57616105980228781,680.1,677.9,677.9,TSETMC
2013-02-13,1391/11/25,1391,11,25,cement,سیمان، آهک و گچ,70077233737515808,303.8,303.2,303.2,TSETMC
2013-02-13,1391/11/25,1391,11,25,tile_ceramic,کاشی و سرامیک,57616105980228781,680.0,678.0,679.4,TSETMC
2013-02-16,1391/11/28,1391,11,28,cement,سیمان، آهک و گچ,70077233737515808,303.1,302.6,302.6,TSETMC
2013-02-16,1391/11/28,1391,11,28,tile_ceramic,کاشی و سرامیک,57616105980228781,679.3,674.8,674.8,TSETMC
2013-02-17,1391/11/29,1391,11,29,cement,سیمان، آهک و گچ,70077233737515808,302.9,302.5,302.8,TSETMC
2013-02-17,1391/11/29,1391,11,29,tile_ceramic,کاشی و سرامیک,57616105980228781,673.9,671.9,671.9,TSETMC
2013-02-18,1391/11/30,1391,11,30,cement,سیمان، آهک و گچ,70077233737515808,304.2,302.8,304.2,TSETMC
2013-02-18,1391/11/30,1391,11,30,tile_ceramic,کاشی و سرامیک,57616105980228781,689.3,671.5,689.3,TSETMC
2013-02-19,1391/12/01,1391,12,1,cement,سیمان، آهک و گچ,70077233737515808,307.1,305.5,307.1,TSETMC
2013-02-19,1391/12/01,1391,12,1,tile_ceramic,کاشی و سرامیک,57616105980228781,702.1,700.5,702.0,TSETMC
2013-02-20,1391/12/02,1391,12,2,cement,سیمان، آهک و گچ,70077233737515808,310.6,308.0,310.6,TSETMC
2013-02-20,1391/12/02,1391,12,2,tile_ceramic,کاشی و سرامیک,57616105980228781,699.6,694.2,694.2,TSETMC
2013-02-23,1391/12/05,1391,12,5,cement,سیمان، آهک و گچ,70077233737515808,314.7,312.1,314.7,TSETMC
2013-02-23,1391/12/05,1391,12,5,tile_ceramic,کاشی و سرامیک,57616105980228781,697.8,690.9,697.2,TSETMC
2013-02-24,1391/12/06,1391,12,6,cement,سیمان، آهک و گچ,70077233737515808,316.1,314.5,314.5,TSETMC
2013-02-24,1391/12/06,1391,12,6,tile_ceramic,کاشی و سرامیک,57616105980228781,696.5,691.1,691.3,TSETMC
2013-02-25,1391/12/07,1391,12,7,cement,سیمان، آهک و گچ,70077233737515808,314.5,313.0,313.0,TSETMC
2013-02-25,1391/12/07,1391,12,7,tile_ceramic,کاشی و سرامیک,57616105980228781,691.3,688.0,688.3,TSETMC
2013-02-26,1391/12/08,1391,12,8,cement,سیمان، آهک و گچ,70077233737515808,313.2,312.8,312.9,TSETMC
2013-02-26,1391/12/08,1391,12,8,tile_ceramic,کاشی و سرامیک,57616105980228781,699.9,688.3,699.9,TSETMC
2013-02-27,1391/12/09,1391,12,9,cement,سیمان، آهک و گچ,70077233737515808,313.2,312.8,313.1,TSETMC
2013-02-27,1391/12/09,1391,12,9,tile_ceramic,کاشی و سرامیک,57616105980228781,714.3,707.7,713.5,TSETMC
2013-03-02,1391/12/12,1391,12,12,cement,سیمان، آهک و گچ,70077233737515808,314.1,313.3,314.1,TSETMC
2013-03-02,1391/12/12,1391,12,12,tile_ceramic,کاشی و سرامیک,57616105980228781,718.9,717.2,717.7,TSETMC
2013-03-03,1391/12/13,1391,12,13,cement,سیمان، آهک و گچ,70077233737515808,314.1,313.6,313.6,TSETMC
2013-03-03,1391/12/13,1391,12,13,tile_ceramic,کاشی و سرامیک,57616105980228781,718.3,712.4,713.0,TSETMC
2013-03-04,1391/12/14,1391,12,14,cement,سیمان، آهک و گچ,70077233737515808,314.2,313.6,314.2,TSETMC
2013-03-04,1391/12/14,1391,12,14,tile_ceramic,کاشی و سرامیک,57616105980228781,716.7,713.9,715.4,TSETMC
2013-03-05,1391/12/15,1391,12,15,cement,سیمان، آهک و گچ,70077233737515808,315.6,314.3,315.6,TSETMC
2013-03-05,1391/12/15,1391,12,15,tile_ceramic,کاشی و سرامیک,57616105980228781,742.9,715.5,740.2,TSETMC
2013-03-06,1391/12/16,1391,12,16,cement,سیمان، آهک و گچ,70077233737515808,315.8,315.4,315.4,TSETMC
2013-03-06,1391/12/16,1391,12,16,tile_ceramic,کاشی و سرامیک,57616105980228781,738.2,732.8,732.8,TSETMC
2013-03-09,1391/12/19,1391,12,19,cement,سیمان، آهک و گچ,70077233737515808,315.4,314.1,314.2,TSETMC
2013-03-09,1391/12/19,1391,12,19,tile_ceramic,کاشی و سرامیک,57616105980228781,730.8,723.6,723.6,TSETMC
2013-03-10,1391/12/20,1391,12,20,cement,سیمان، آهک و گچ,70077233737515808,314.1,312.9,312.9,TSETMC
2013-03-10,1391/12/20,1391,12,20,tile_ceramic,کاشی و سرامیک,57616105980228781,723.6,722.2,722.3,TSETMC
2013-03-11,1391/12/21,1391,12,21,cement,سیمان، آهک و گچ,70077233737515808,312.9,311.4,311.4,TSETMC
2013-03-11,1391/12/21,1391,12,21,tile_ceramic,کاشی و سرامیک,57616105980228781,720.8,718.3,718.3,TSETMC
2013-03-12,1391/12/22,1391,12,22,cement,سیمان، آهک و گچ,70077233737515808,311.5,310.7,310.7,TSETMC
2013-03-12,1391/12/22,1391,12,22,tile_ceramic,کاشی و سرامیک,57616105980228781,718.7,716.4,716.9,TSETMC
2013-03-13,1391/12/23,1391,12,23,cement,سیمان، آهک و گچ,70077233737515808,311.7,310.7,310.8,TSETMC
2013-03-13,1391/12/23,1391,12,23,tile_ceramic,کاشی و سرامیک,57616105980228781,730.4,717.5,726.9,TSETMC
2013-03-16,1391/12/26,1391,12,26,cement,سیمان، آهک و گچ,70077233737515808,310.9,310.7,310.7,TSETMC
2013-03-16,1391/12/26,1391,12,26,tile_ceramic,کاشی و سرامیک,57616105980228781,730.4,727.5,727.6,TSETMC
2013-03-17,1391/12/27,1391,12,27,cement,سیمان، آهک و گچ,70077233737515808,310.7,310.1,310.2,TSETMC
2013-03-17,1391/12/27,1391,12,27,tile_ceramic,کاشی و سرامیک,57616105980228781,727.6,726.4,726.4,TSETMC
2013-03-18,1391/12/28,1391,12,28,cement,سیمان، آهک و گچ,70077233737515808,310.3,309.9,310.3,TSETMC
2013-03-18,1391/12/28,1391,12,28,tile_ceramic,کاشی و سرامیک,57616105980228781,728.4,723.6,724.1,TSETMC
2013-03-25,1392/01/05,1392,1,5,cement,سیمان، آهک و گچ,70077233737515808,311.6,310.4,311.6,TSETMC
2013-03-25,1392/01/05,1392,1,5,tile_ceramic,کاشی و سرامیک,57616105980228781,739.8,726.7,739.8,TSETMC
2013-03-26,1392/01/06,1392,1,6,cement,سیمان، آهک و گچ,70077233737515808,312.8,312.0,312.8,TSETMC
2013-03-26,1392/01/06,1392,1,6,tile_ceramic,کاشی و سرامیک,57616105980228781,748.1,740.6,748.0,TSETMC
2013-03-27,1392/01/07,1392,1,7,cement,سیمان، آهک و گچ,70077233737515808,312.8,312.6,312.6,TSETMC
2013-03-27,1392/01/07,1392,1,7,tile_ceramic,کاشی و سرامیک,57616105980228781,749.5,748.7,749.1,TSETMC
2013-03-30,1392/01/10,1392,1,10,cement,سیمان، آهک و گچ,70077233737515808,312.6,312.1,312.1,TSETMC
2013-03-30,1392/01/10,1392,1,10,tile_ceramic,کاشی و سرامیک,57616105980228781,749.7,746.4,748.9,TSETMC
2013-03-31,1392/01/11,1392,1,11,cement,سیمان، آهک و گچ,70077233737515808,312.4,312.1,312.4,TSETMC
2013-03-31,1392/01/11,1392,1,11,tile_ceramic,کاشی و سرامیک,57616105980228781,756.7,749.2,756.7,TSETMC
2013-04-03,1392/01/14,1392,1,14,cement,سیمان، آهک و گچ,70077233737515808,312.6,312.2,312.4,TSETMC
2013-04-03,1392/01/14,1392,1,14,tile_ceramic,کاشی و سرامیک,57616105980228781,762.3,756.7,762.3,TSETMC
2013-04-06,1392/01/17,1392,1,17,cement,سیمان، آهک و گچ,70077233737515808,313.6,312.6,313.6,TSETMC
2013-04-06,1392/01/17,1392,1,17,tile_ceramic,کاشی و سرامیک,57616105980228781,779.8,763.0,779.8,TSETMC
2013-04-07,1392/01/18,1392,1,18,cement,سیمان، آهک و گچ,70077233737515808,317.1,313.6,317.1,TSETMC
2013-04-07,1392/01/18,1392,1,18,tile_ceramic,کاشی و سرامیک,57616105980228781,797.2,793.3,796.3,TSETMC
2013-04-08,1392/01/19,1392,1,19,cement,سیمان، آهک و گچ,70077233737515808,320.6,319.7,320.6,TSETMC
2013-04-08,1392/01/19,1392,1,19,tile_ceramic,کاشی و سرامیک,57616105980228781,798.4,784.2,786.9,TSETMC
2013-04-09,1392/01/20,1392,1,20,cement,سیمان، آهک و گچ,70077233737515808,321.7,321.2,321.7,TSETMC
2013-04-09,1392/01/20,1392,1,20,tile_ceramic,کاشی و سرامیک,57616105980228781,786.9,777.9,777.9,TSETMC
2013-04-10,1392/01/21,1392,1,21,cement,سیمان، آهک و گچ,70077233737515808,321.9,321.6,321.9,TSETMC
2013-04-10,1392/01/21,1392,1,21,tile_ceramic,کاشی و سرامیک,57616105980228781,778.1,772.5,773.6,TSETMC
2013-04-13,1392/01/24,1392,1,24,cement,سیمان، آهک و گچ,70077233737515808,324.5,321.9,324.5,TSETMC
2013-04-13,1392/01/24,1392,1,24,tile_ceramic,کاشی و سرامیک,57616105980228781,777.2,774.6,777.2,TSETMC
2013-04-15,1392/01/26,1392,1,26,cement,سیمان، آهک و گچ,70077233737515808,330.8,325.1,330.8,TSETMC
2013-04-15,1392/01/26,1392,1,26,tile_ceramic,کاشی و سرامیک,57616105980228781,790.1,781.7,789.8,TSETMC
2013-04-16,1392/01/27,1392,1,27,cement,سیمان، آهک و گچ,70077233737515808,336.3,333.7,336.3,TSETMC
2013-04-16,1392/01/27,1392,1,27,tile_ceramic,کاشی و سرامیک,57616105980228781,805.1,801.8,805.1,TSETMC
2013-04-17,1392/01/28,1392,1,28,cement,سیمان، آهک و گچ,70077233737515808,342.5,339.8,342.5,TSETMC
2013-04-17,1392/01/28,1392,1,28,tile_ceramic,کاشی و سرامیک,57616105980228781,816.5,811.6,811.6,TSETMC
2013-04-20,1392/01/31,1392,1,31,cement,سیمان، آهک و گچ,70077233737515808,347.9,343.0,347.9,TSETMC
2013-04-20,1392/01/31,1392,1,31,tile_ceramic,کاشی و سرامیک,57616105980228781,811.0,796.5,797.0,TSETMC
2013-04-21,1392/02/01,1392,2,1,cement,سیمان، آهک و گچ,70077233737515808,353.3,348.8,353.3,TSETMC
2013-04-21,1392/02/01,1392,2,1,tile_ceramic,کاشی و سرامیک,57616105980228781,794.1,790.6,793.4,TSETMC
2013-04-22,1392/02/02,1392,2,2,cement,سیمان، آهک و گچ,70077233737515808,359.9,353.6,359.9,TSETMC
2013-04-22,1392/02/02,1392,2,2,tile_ceramic,کاشی و سرامیک,57616105980228781,813.2,801.4,813.2,TSETMC
2013-04-23,1392/02/03,1392,2,3,cement,سیمان، آهک و گچ,70077233737515808,368.4,360.4,368.4,TSETMC
2013-04-23,1392/02/03,1392,2,3,tile_ceramic,کاشی و سرامیک,57616105980228781,831.7,821.4,830.7,TSETMC
2013-04-24,1392/02/04,1392,2,4,cement,سیمان، آهک و گچ,70077233737515808,377.2,370.7,377.2,TSETMC
2013-04-24,1392/02/04,1392,2,4,tile_ceramic,کاشی و سرامیک,57616105980228781,837.2,829.4,829.4,TSETMC
2013-04-27,1392/02/07,1392,2,7,cement,سیمان، آهک و گچ,70077233737515808,384.5,378.1,383.0,TSETMC
2013-04-27,1392/02/07,1392,2,7,tile_ceramic,کاشی و سرامیک,57616105980228781,831.0,825.4,825.4,TSETMC
2013-04-28,1392/02/08,1392,2,8,cement,سیمان، آهک و گچ,70077233737515808,384.0,381.6,384.0,TSETMC
2013-04-28,1392/02/08,1392,2,8,tile_ceramic,کاشی و سرامیک,57616105980228781,828.4,822.0,822.4,TSETMC
2013-04-29,1392/02/09,1392,2,9,cement,سیمان، آهک و گچ,70077233737515808,393.2,387.2,393.2,TSETMC
2013-04-29,1392/02/09,1392,2,9,tile_ceramic,کاشی و سرامیک,57616105980228781,838.0,823.9,838.0,TSETMC
2013-04-30,1392/02/10,1392,2,10,cement,سیمان، آهک و گچ,70077233737515808,400.2,396.6,400.2,TSETMC
2013-04-30,1392/02/10,1392,2,10,tile_ceramic,کاشی و سرامیک,57616105980228781,844.8,837.3,837.3,TSETMC
2013-05-01,1392/02/11,1392,2,11,cement,سیمان، آهک و گچ,70077233737515808,403.9,402.1,403.0,TSETMC
2013-05-01,1392/02/11,1392,2,11,tile_ceramic,کاشی و سرامیک,57616105980228781,837.2,834.0,834.0,TSETMC
2013-05-04,1392/02/14,1392,2,14,cement,سیمان، آهک و گچ,70077233737515808,401.5,399.8,399.8,TSETMC
2013-05-04,1392/02/14,1392,2,14,tile_ceramic,کاشی و سرامیک,57616105980228781,835.3,828.9,833.0,TSETMC
2013-05-05,1392/02/15,1392,2,15,cement,سیمان، آهک و گچ,70077233737515808,396.2,395.3,395.6,TSETMC
2013-05-05,1392/02/15,1392,2,15,tile_ceramic,کاشی و سرامیک,57616105980228781,832.6,822.6,822.6,TSETMC
2013-05-06,1392/02/16,1392,2,16,cement,سیمان، آهک و گچ,70077233737515808,400.2,394.5,400.2,TSETMC
2013-05-06,1392/02/16,1392,2,16,tile_ceramic,کاشی و سرامیک,57616105980228781,823.4,819.1,819.1,TSETMC
2013-05-07,1392/02/17,1392,2,17,cement,سیمان، آهک و گچ,70077233737515808,405.7,402.9,404.6,TSETMC
2013-05-07,1392/02/17,1392,2,17,tile_ceramic,کاشی و سرامیک,57616105980228781,819.5,811.9,811.9,TSETMC
2013-05-08,1392/02/18,1392,2,18,cement,سیمان، آهک و گچ,70077233737515808,405.5,401.7,405.5,TSETMC
2013-05-08,1392/02/18,1392,2,18,tile_ceramic,کاشی و سرامیک,57616105980228781,813.1,806.7,806.7,TSETMC
2013-05-11,1392/02/21,1392,2,21,cement,سیمان، آهک و گچ,70077233737515808,413.1,407.8,413.1,TSETMC
2013-05-11,1392/02/21,1392,2,21,tile_ceramic,کاشی و سرامیک,57616105980228781,810.6,807.1,810.6,TSETMC
2013-05-12,1392/02/22,1392,2,22,cement,سیمان، آهک و گچ,70077233737515808,424.1,416.2,424.1,TSETMC
2013-05-12,1392/02/22,1392,2,22,tile_ceramic,کاشی و سرامیک,57616105980228781,819.4,811.1,819.3,TSETMC
2013-05-13,1392/02/23,1392,2,23,cement,سیمان، آهک و گچ,70077233737515808,424.7,423.6,423.6,TSETMC
2013-05-13,1392/02/23,1392,2,23,tile_ceramic,کاشی و سرامیک,57616105980228781,820.6,818.9,820.6,TSETMC
2013-05-14,1392/02/24,1392,2,24,cement,سیمان، آهک و گچ,70077233737515808,425.7,422.4,422.6,TSETMC
2013-05-14,1392/02/24,1392,2,24,tile_ceramic,کاشی و سرامیک,57616105980228781,821.7,819.5,819.5,TSETMC
2013-05-15,1392/02/25,1392,2,25,cement,سیمان، آهک و گچ,70077233737515808,424.4,419.8,419.8,TSETMC
2013-05-15,1392/02/25,1392,2,25,tile_ceramic,کاشی و سرامیک,57616105980228781,820.2,819.5,819.5,TSETMC
2013-05-18,1392/02/28,1392,2,28,cement,سیمان، آهک و گچ,70077233737515808,429.7,420.1,429.7,TSETMC
2013-05-18,1392/02/28,1392,2,28,tile_ceramic,کاشی و سرامیک,57616105980228781,821.6,818.2,819.9,TSETMC
2013-05-19,1392/02/29,1392,2,29,cement,سیمان، آهک و گچ,70077233737515808,441.4,430.4,441.4,TSETMC
2013-05-19,1392/02/29,1392,2,29,tile_ceramic,کاشی و سرامیک,57616105980228781,820.0,817.0,817.0,TSETMC
2013-05-20,1392/02/30,1392,2,30,cement,سیمان، آهک و گچ,70077233737515808,451.7,447.8,451.7,TSETMC
2013-05-20,1392/02/30,1392,2,30,tile_ceramic,کاشی و سرامیک,57616105980228781,819.7,816.7,819.1,TSETMC
2013-05-21,1392/02/31,1392,2,31,cement,سیمان، آهک و گچ,70077233737515808,458.4,457.1,457.7,TSETMC
2013-05-21,1392/02/31,1392,2,31,tile_ceramic,کاشی و سرامیک,57616105980228781,820.9,818.3,820.8,TSETMC
2013-05-22,1392/03/01,1392,3,1,cement,سیمان، آهک و گچ,70077233737515808,454.3,451.6,453.9,TSETMC
2013-05-22,1392/03/01,1392,3,1,tile_ceramic,کاشی و سرامیک,57616105980228781,823.2,821.0,823.2,TSETMC
2013-05-25,1392/03/04,1392,3,4,cement,سیمان، آهک و گچ,70077233737515808,459.7,455.9,459.3,TSETMC
2013-05-25,1392/03/04,1392,3,4,tile_ceramic,کاشی و سرامیک,57616105980228781,885.3,825.5,884.7,TSETMC
2013-05-26,1392/03/05,1392,3,5,cement,سیمان، آهک و گچ,70077233737515808,480.7,459.7,480.7,TSETMC
2013-05-26,1392/03/05,1392,3,5,tile_ceramic,کاشی و سرامیک,57616105980228781,893.4,888.1,893.4,TSETMC
2013-05-27,1392/03/06,1392,3,6,cement,سیمان، آهک و گچ,70077233737515808,504.0,485.1,504.0,TSETMC
2013-05-27,1392/03/06,1392,3,6,tile_ceramic,کاشی و سرامیک,57616105980228781,896.9,891.8,896.9,TSETMC
2013-05-28,1392/03/07,1392,3,7,cement,سیمان، آهک و گچ,70077233737515808,532.8,510.5,532.8,TSETMC
2013-05-28,1392/03/07,1392,3,7,tile_ceramic,کاشی و سرامیک,57616105980228781,908.2,896.8,908.2,TSETMC
2013-05-29,1392/03/08,1392,3,8,cement,سیمان، آهک و گچ,70077233737515808,546.4,537.3,546.4,TSETMC
2013-05-29,1392/03/08,1392,3,8,tile_ceramic,کاشی و سرامیک,57616105980228781,921.5,919.5,921.5,TSETMC
2013-06-01,1392/03/11,1392,3,11,cement,سیمان، آهک و گچ,70077233737515808,557.2,547.4,557.2,TSETMC
2013-06-01,1392/03/11,1392,3,11,tile_ceramic,کاشی و سرامیک,57616105980228781,919.3,916.8,917.7,TSETMC
2013-06-02,1392/03/12,1392,3,12,cement,سیمان، آهک و گچ,70077233737515808,567.6,564.7,567.6,TSETMC
2013-06-02,1392/03/12,1392,3,12,tile_ceramic,کاشی و سرامیک,57616105980228781,940.0,918.0,940.0,TSETMC
2013-06-03,1392/03/13,1392,3,13,cement,سیمان، آهک و گچ,70077233737515808,597.2,577.7,596.0,TSETMC
2013-06-03,1392/03/13,1392,3,13,tile_ceramic,کاشی و سرامیک,57616105980228781,950.3,943.5,948.9,TSETMC
2013-06-08,1392/03/18,1392,3,18,cement,سیمان، آهک و گچ,70077233737515808,592.6,589.8,589.8,TSETMC
2013-06-08,1392/03/18,1392,3,18,tile_ceramic,کاشی و سرامیک,57616105980228781,952.2,942.9,946.2,TSETMC
2013-06-09,1392/03/19,1392,3,19,cement,سیمان، آهک و گچ,70077233737515808,587.3,580.4,580.4,TSETMC
2013-06-09,1392/03/19,1392,3,19,tile_ceramic,کاشی و سرامیک,57616105980228781,954.5,945.9,954.2,TSETMC
2013-06-10,1392/03/20,1392,3,20,cement,سیمان، آهک و گچ,70077233737515808,584.6,580.3,584.6,TSETMC
2013-06-10,1392/03/20,1392,3,20,tile_ceramic,کاشی و سرامیک,57616105980228781,962.8,961.2,961.6,TSETMC
2013-06-11,1392/03/21,1392,3,21,cement,سیمان، آهک و گچ,70077233737515808,596.5,589.4,596.5,TSETMC
2013-06-11,1392/03/21,1392,3,21,tile_ceramic,کاشی و سرامیک,57616105980228781,972.8,970.3,971.1,TSETMC
2013-06-12,1392/03/22,1392,3,22,cement,سیمان، آهک و گچ,70077233737515808,600.7,596.5,600.7,TSETMC
2013-06-12,1392/03/22,1392,3,22,tile_ceramic,کاشی و سرامیک,57616105980228781,968.4,963.7,963.7,TSETMC
2013-06-15,1392/03/25,1392,3,25,cement,سیمان، آهک و گچ,70077233737515808,614.3,603.6,614.0,TSETMC
2013-06-15,1392/03/25,1392,3,25,tile_ceramic,کاشی و سرامیک,57616105980228781,980.7,963.8,980.7,TSETMC
2013-06-16,1392/03/26,1392,3,26,cement,سیمان، آهک و گچ,70077233737515808,616.2,612.6,612.6,TSETMC
2013-06-16,1392/03/26,1392,3,26,tile_ceramic,کاشی و سرامیک,57616105980228781,978.4,970.6,970.6,TSETMC
2013-06-17,1392/03/27,1392,3,27,cement,سیمان، آهک و گچ,70077233737515808,607.2,603.1,603.1,TSETMC
2013-06-17,1392/03/27,1392,3,27,tile_ceramic,کاشی و سرامیک,57616105980228781,969.4,964.3,964.3,TSETMC
2013-06-18,1392/03/28,1392,3,28,cement,سیمان، آهک و گچ,70077233737515808,602.7,600.9,602.2,TSETMC
2013-06-18,1392/03/28,1392,3,28,tile_ceramic,کاشی و سرامیک,57616105980228781,976.2,973.7,976.1,TSETMC
2013-06-19,1392/03/29,1392,3,29,cement,سیمان، آهک و گچ,70077233737515808,610.5,602.6,609.1,TSETMC
2013-06-19,1392/03/29,1392,3,29,tile_ceramic,کاشی و سرامیک,57616105980228781,1023.5,982.3,1023.5,TSETMC
2013-06-22,1392/04/01,1392,4,1,cement,سیمان، آهک و گچ,70077233737515808,617.6,603.6,617.6,TSETMC
2013-06-22,1392/04/01,1392,4,1,tile_ceramic,کاشی و سرامیک,57616105980228781,1027.8,1025.3,1027.8,TSETMC
2013-06-23,1392/04/02,1392,4,2,cement,سیمان، آهک و گچ,70077233737515808,634.1,624.3,632.9,TSETMC
2013-06-23,1392/04/02,1392,4,2,tile_ceramic,کاشی و سرامیک,57616105980228781,1035.0,1030.1,1035.0,TSETMC
2013-06-25,1392/04/04,1392,4,4,cement,سیمان، آهک و گچ,70077233737515808,645.8,635.1,645.8,TSETMC
2013-06-25,1392/04/04,1392,4,4,tile_ceramic,کاشی و سرامیک,57616105980228781,1041.8,1035.5,1041.8,TSETMC
2013-06-26,1392/04/05,1392,4,5,cement,سیمان، آهک و گچ,70077233737515808,663.0,653.0,663.0,TSETMC
2013-06-26,1392/04/05,1392,4,5,tile_ceramic,کاشی و سرامیک,57616105980228781,1053.8,1045.6,1053.8,TSETMC
2013-06-29,1392/04/08,1392,4,8,cement,سیمان، آهک و گچ,70077233737515808,678.5,670.5,678.5,TSETMC
2013-06-29,1392/04/08,1392,4,8,tile_ceramic,کاشی و سرامیک,57616105980228781,1128.2,1055.3,1127.7,TSETMC
2013-06-30,1392/04/09,1392,4,9,cement,سیمان، آهک و گچ,70077233737515808,691.3,683.7,691.3,TSETMC
2013-06-30,1392/04/09,1392,4,9,tile_ceramic,کاشی و سرامیک,57616105980228781,1130.6,1125.4,1125.7,TSETMC
2013-07-01,1392/04/10,1392,4,10,cement,سیمان، آهک و گچ,70077233737515808,704.6,699.0,704.6,TSETMC
2013-07-01,1392/04/10,1392,4,10,tile_ceramic,کاشی و سرامیک,57616105980228781,1140.8,1126.5,1140.8,TSETMC
2013-07-02,1392/04/11,1392,4,11,cement,سیمان، آهک و گچ,70077233737515808,717.9,713.3,717.9,TSETMC
2013-07-02,1392/04/11,1392,4,11,tile_ceramic,کاشی و سرامیک,57616105980228781,1182.1,1146.8,1182.1,TSETMC
2013-07-03,1392/04/12,1392,4,12,cement,سیمان، آهک و گچ,70077233737515808,731.5,727.1,731.5,TSETMC
2013-07-03,1392/04/12,1392,4,12,tile_ceramic,کاشی و سرامیک,57616105980228781,1195.4,1185.4,1195.4,TSETMC
2013-07-06,1392/04/15,1392,4,15,cement,سیمان، آهک و گچ,70077233737515808,758.2,736.6,758.2,TSETMC
2013-07-06,1392/04/15,1392,4,15,tile_ceramic,کاشی و سرامیک,57616105980228781,1206.2,1195.9,1206.2,TSETMC
2013-07-07,1392/04/16,1392,4,16,cement,سیمان، آهک و گچ,70077233737515808,766.8,760.6,761.8,TSETMC
2013-07-07,1392/04/16,1392,4,16,tile_ceramic,کاشی و سرامیک,57616105980228781,1220.5,1211.1,1220.5,TSETMC
2013-07-08,1392/04/17,1392,4,17,cement,سیمان، آهک و گچ,70077233737515808,755.1,752.0,752.3,TSETMC
2013-07-08,1392/04/17,1392,4,17,tile_ceramic,کاشی و سرامیک,57616105980228781,1272.6,1229.6,1272.6,TSETMC
2013-07-09,1392/04/18,1392,4,18,cement,سیمان، آهک و گچ,70077233737515808,775.5,744.8,775.5,TSETMC
2013-07-09,1392/04/18,1392,4,18,tile_ceramic,کاشی و سرامیک,57616105980228781,1289.7,1288.1,1289.6,TSETMC
2013-07-10,1392/04/19,1392,4,19,cement,سیمان، آهک و گچ,70077233737515808,792.8,788.7,792.8,TSETMC
2013-07-10,1392/04/19,1392,4,19,tile_ceramic,کاشی و سرامیک,57616105980228781,1292.1,1287.7,1287.7,TSETMC
2013-07-13,1392/04/22,1392,4,22,cement,سیمان، آهک و گچ,70077233737515808,802.7,797.5,798.7,TSETMC
2013-07-13,1392/04/22,1392,4,22,tile_ceramic,کاشی و سرامیک,57616105980228781,1294.2,1283.4,1284.8,TSETMC
2013-07-14,1392/04/23,1392,4,23,cement,سیمان، آهک و گچ,70077233737515808,795.7,790.0,790.0,TSETMC
2013-07-14,1392/04/23,1392,4,23,tile_ceramic,کاشی و سرامیک,57616105980228781,1286.4,1275.7,1277.0,TSETMC
2013-07-15,1392/04/24,1392,4,24,cement,سیمان، آهک و گچ,70077233737515808,785.2,780.1,780.1,TSETMC
2013-07-15,1392/04/24,1392,4,24,tile_ceramic,کاشی و سرامیک,57616105980228781,1289.7,1267.1,1289.7,TSETMC
2013-07-16,1392/04/25,1392,4,25,cement,سیمان، آهک و گچ,70077233737515808,778.6,767.3,767.3,TSETMC
2013-07-16,1392/04/25,1392,4,25,tile_ceramic,کاشی و سرامیک,57616105980228781,1316.5,1298.0,1316.5,TSETMC
2013-07-17,1392/04/26,1392,4,26,cement,سیمان، آهک و گچ,70077233737515808,775.2,769.3,775.1,TSETMC
2013-07-17,1392/04/26,1392,4,26,tile_ceramic,کاشی و سرامیک,57616105980228781,1342.0,1321.7,1342.0,TSETMC
2013-07-20,1392/04/29,1392,4,29,cement,سیمان، آهک و گچ,70077233737515808,783.2,774.3,774.3,TSETMC
2013-07-20,1392/04/29,1392,4,29,tile_ceramic,کاشی و سرامیک,57616105980228781,1392.8,1347.3,1392.8,TSETMC
2013-07-21,1392/04/30,1392,4,30,cement,سیمان، آهک و گچ,70077233737515808,768.4,760.4,761.3,TSETMC
2013-07-21,1392/04/30,1392,4,30,tile_ceramic,کاشی و سرامیک,57616105980228781,1394.3,1391.8,1391.8,TSETMC
2013-07-22,1392/04/31,1392,4,31,cement,سیمان، آهک و گچ,70077233737515808,755.5,747.2,747.2,TSETMC
2013-07-22,1392/04/31,1392,4,31,tile_ceramic,کاشی و سرامیک,57616105980228781,1398.8,1396.1,1398.8,TSETMC
2013-07-23,1392/05/01,1392,5,1,cement,سیمان، آهک و گچ,70077233737515808,759.7,749.4,759.7,TSETMC
2013-07-23,1392/05/01,1392,5,1,tile_ceramic,کاشی و سرامیک,57616105980228781,1430.3,1398.9,1430.3,TSETMC
2013-07-24,1392/05/02,1392,5,2,cement,سیمان، آهک و گچ,70077233737515808,764.5,755.9,755.9,TSETMC
2013-07-24,1392/05/02,1392,5,2,tile_ceramic,کاشی و سرامیک,57616105980228781,1486.3,1443.9,1484.0,TSETMC
2013-07-27,1392/05/05,1392,5,5,cement,سیمان، آهک و گچ,70077233737515808,755.0,745.4,745.4,TSETMC
2013-07-27,1392/05/05,1392,5,5,tile_ceramic,کاشی و سرامیک,57616105980228781,1492.7,1483.1,1492.7,TSETMC
2013-07-28,1392/05/06,1392,5,6,cement,سیمان، آهک و گچ,70077233737515808,738.3,733.9,733.9,TSETMC
2013-07-28,1392/05/06,1392,5,6,tile_ceramic,کاشی و سرامیک,57616105980228781,1499.9,1489.5,1499.9,TSETMC
2013-07-29,1392/05/07,1392,5,7,cement,سیمان، آهک و گچ,70077233737515808,742.3,734.2,741.9,TSETMC
2013-07-29,1392/05/07,1392,5,7,tile_ceramic,کاشی و سرامیک,57616105980228781,1506.4,1502.4,1502.4,TSETMC
2013-07-31,1392/05/09,1392,5,9,cement,سیمان، آهک و گچ,70077233737515808,756.3,743.8,756.3,TSETMC
2013-07-31,1392/05/09,1392,5,9,tile_ceramic,کاشی و سرامیک,57616105980228781,1488.8,1482.5,1487.3,TSETMC
2013-08-03,1392/05/12,1392,5,12,cement,سیمان، آهک و گچ,70077233737515808,763.2,758.1,758.1,TSETMC
2013-08-03,1392/05/12,1392,5,12,tile_ceramic,کاشی و سرامیک,57616105980228781,1514.7,1491.6,1508.6,TSETMC
2013-08-04,1392/05/13,1392,5,13,cement,سیمان، آهک و گچ,70077233737515808,756.2,746.4,746.4,TSETMC
2013-08-04,1392/05/13,1392,5,13,tile_ceramic,کاشی و سرامیک,57616105980228781,1542.1,1512.1,1542.1,TSETMC
2013-08-05,1392/05/14,1392,5,14,cement,سیمان، آهک و گچ,70077233737515808,745.8,739.3,739.3,TSETMC
2013-08-05,1392/05/14,1392,5,14,tile_ceramic,کاشی و سرامیک,57616105980228781,1582.8,1569.7,1582.8,TSETMC
2013-08-06,1392/05/15,1392,5,15,cement,سیمان، آهک و گچ,70077233737515808,739.9,738.5,739.9,TSETMC
2013-08-06,1392/05/15,1392,5,15,tile_ceramic,کاشی و سرامیک,57616105980228781,1620.2,1618.9,1619.3,TSETMC
2013-08-07,1392/05/16,1392,5,16,cement,سیمان، آهک و گچ,70077233737515808,752.9,740.1,752.9,TSETMC
2013-08-07,1392/05/16,1392,5,16,tile_ceramic,کاشی و سرامیک,57616105980228781,1636.3,1630.3,1633.8,TSETMC
2013-08-11,1392/05/20,1392,5,20,cement,سیمان، آهک و گچ,70077233737515808,768.7,756.8,768.7,TSETMC
2013-08-11,1392/05/20,1392,5,20,tile_ceramic,کاشی و سرامیک,57616105980228781,1640.7,1632.2,1632.2,TSETMC
2013-08-12,1392/05/21,1392,5,21,cement,سیمان، آهک و گچ,70077233737515808,783.9,772.8,783.9,TSETMC
2013-08-12,1392/05/21,1392,5,21,tile_ceramic,کاشی و سرامیک,57616105980228781,1666.2,1636.3,1666.2,TSETMC
2013-08-13,1392/05/22,1392,5,22,cement,سیمان، آهک و گچ,70077233737515808,798.0,790.1,798.0,TSETMC
2013-08-13,1392/05/22,1392,5,22,tile_ceramic,کاشی و سرامیک,57616105980228781,1683.3,1680.5,1680.5,TSETMC
2013-08-14,1392/05/23,1392,5,23,cement,سیمان، آهک و گچ,70077233737515808,804.1,800.4,800.4,TSETMC
2013-08-14,1392/05/23,1392,5,23,tile_ceramic,کاشی و سرامیک,57616105980228781,1716.2,1713.3,1714.8,TSETMC
2013-08-17,1392/05/26,1392,5,26,cement,سیمان، آهک و گچ,70077233737515808,801.2,789.6,789.6,TSETMC
2013-08-17,1392/05/26,1392,5,26,tile_ceramic,کاشی و سرامیک,57616105980228781,1736.9,1723.0,1736.9,TSETMC
2013-08-18,1392/05/27,1392,5,27,cement,سیمان، آهک و گچ,70077233737515808,783.6,775.1,775.7,TSETMC
2013-08-18,1392/05/27,1392,5,27,tile_ceramic,کاشی و سرامیک,57616105980228781,1762.9,1755.3,1756.8,TSETMC
2013-08-19,1392/05/28,1392,5,28,cement,سیمان، آهک و گچ,70077233737515808,780.9,776.3,780.4,TSETMC
2013-08-19,1392/05/28,1392,5,28,tile_ceramic,کاشی و سرامیک,57616105980228781,1791.2,1754.7,1791.2,TSETMC
2013-08-20,1392/05/29,1392,5,29,cement,سیمان، آهک و گچ,70077233737515808,780.9,775.3,775.3,TSETMC
2013-08-20,1392/05/29,1392,5,29,tile_ceramic,کاشی و سرامیک,57616105980228781,1834.1,1810.0,1834.1,TSETMC
2013-08-21,1392/05/30,1392,5,30,cement,سیمان، آهک و گچ,70077233737515808,774.7,765.3,765.3,TSETMC
2013-08-21,1392/05/30,1392,5,30,tile_ceramic,کاشی و سرامیک,57616105980228781,1881.3,1866.2,1881.3,TSETMC
2013-08-24,1392/06/02,1392,6,2,cement,سیمان، آهک و گچ,70077233737515808,776.8,771.4,776.1,TSETMC
2013-08-24,1392/06/02,1392,6,2,tile_ceramic,کاشی و سرامیک,57616105980228781,1927.8,1917.3,1927.8,TSETMC
2013-08-25,1392/06/03,1392,6,3,cement,سیمان، آهک و گچ,70077233737515808,781.3,772.5,772.5,TSETMC
2013-08-25,1392/06/03,1392,6,3,tile_ceramic,کاشی و سرامیک,57616105980228781,1974.4,1965.3,1966.7,TSETMC
2013-08-26,1392/06/04,1392,6,4,cement,سیمان، آهک و گچ,70077233737515808,772.2,763.6,763.6,TSETMC
2013-08-26,1392/06/04,1392,6,4,tile_ceramic,کاشی و سرامیک,57616105980228781,1978.8,1974.2,1976.1,TSETMC
2013-08-27,1392/06/05,1392,6,5,cement,سیمان، آهک و گچ,70077233737515808,764.8,754.9,754.9,TSETMC
2013-08-27,1392/06/05,1392,6,5,tile_ceramic,کاشی و سرامیک,57616105980228781,1960.9,1947.6,1948.3,TSETMC
2013-08-28,1392/06/06,1392,6,6,cement,سیمان، آهک و گچ,70077233737515808,750.3,746.4,747.1,TSETMC
2013-08-28,1392/06/06,1392,6,6,tile_ceramic,کاشی و سرامیک,57616105980228781,1916.3,1913.8,1916.1,TSETMC
2013-08-31,1392/06/09,1392,6,9,cement,سیمان، آهک و گچ,70077233737515808,744.1,735.8,735.8,TSETMC
2013-08-31,1392/06/09,1392,6,9,tile_ceramic,کاشی و سرامیک,57616105980228781,1917.6,1901.0,1917.6,TSETMC
2013-09-01,1392/06/10,1392,6,10,cement,سیمان، آهک و گچ,70077233737515808,734.0,731.8,731.8,TSETMC
2013-09-01,1392/06/10,1392,6,10,tile_ceramic,کاشی و سرامیک,57616105980228781,1956.4,1920.4,1956.4,TSETMC
2013-09-03,1392/06/12,1392,6,12,cement,سیمان، آهک و گچ,70077233737515808,737.7,733.2,733.2,TSETMC
2013-09-03,1392/06/12,1392,6,12,tile_ceramic,کاشی و سرامیک,57616105980228781,1989.5,1982.9,1989.4,TSETMC
2013-09-04,1392/06/13,1392,6,13,cement,سیمان، آهک و گچ,70077233737515808,729.8,723.1,723.1,TSETMC
2013-09-04,1392/06/13,1392,6,13,tile_ceramic,کاشی و سرامیک,57616105980228781,1976.3,1970.9,1971.9,TSETMC
2013-09-07,1392/06/16,1392,6,16,cement,سیمان، آهک و گچ,70077233737515808,721.8,718.4,718.4,TSETMC
2013-09-07,1392/06/16,1392,6,16,tile_ceramic,کاشی و سرامیک,57616105980228781,1960.8,1957.9,1958.3,TSETMC
2013-09-08,1392/06/17,1392,6,17,cement,سیمان، آهک و گچ,70077233737515808,713.4,706.1,706.1,TSETMC
2013-09-08,1392/06/17,1392,6,17,tile_ceramic,کاشی و سرامیک,57616105980228781,1945.8,1937.2,1938.8,TSETMC
2013-09-09,1392/06/18,1392,6,18,cement,سیمان، آهک و گچ,70077233737515808,704.8,704.3,704.3,TSETMC
2013-09-09,1392/06/18,1392,6,18,tile_ceramic,کاشی و سرامیک,57616105980228781,1939.4,1918.4,1920.3,TSETMC
2013-09-10,1392/06/19,1392,6,19,cement,سیمان، آهک و گچ,70077233737515808,710.6,704.0,710.6,TSETMC
2013-09-10,1392/06/19,1392,6,19,tile_ceramic,کاشی و سرامیک,57616105980228781,1952.5,1938.7,1952.3,TSETMC
2013-09-11,1392/06/20,1392,6,20,cement,سیمان، آهک و گچ,70077233737515808,716.7,712.6,716.7,TSETMC
2013-09-11,1392/06/20,1392,6,20,tile_ceramic,کاشی و سرامیک,57616105980228781,1994.6,1975.9,1994.5,TSETMC
2013-09-14,1392/06/23,1392,6,23,cement,سیمان، آهک و گچ,70077233737515808,718.1,716.8,716.8,TSETMC
2013-09-14,1392/06/23,1392,6,23,tile_ceramic,کاشی و سرامیک,57616105980228781,1990.6,1978.6,1990.6,TSETMC
2013-09-15,1392/06/24,1392,6,24,cement,سیمان، آهک و گچ,70077233737515808,718.7,715.7,716.5,TSETMC
2013-09-15,1392/06/24,1392,6,24,tile_ceramic,کاشی و سرامیک,57616105980228781,2032.2,2024.0,2029.0,TSETMC
2013-09-16,1392/06/25,1392,6,25,cement,سیمان، آهک و گچ,70077233737515808,716.5,714.5,716.1,TSETMC
2013-09-16,1392/06/25,1392,6,25,tile_ceramic,کاشی و سرامیک,57616105980228781,2066.8,2063.3,2064.4,TSETMC
2013-09-17,1392/06/26,1392,6,26,cement,سیمان، آهک و گچ,70077233737515808,723.1,720.1,721.8,TSETMC
2013-09-17,1392/06/26,1392,6,26,tile_ceramic,کاشی و سرامیک,57616105980228781,2100.0,2080.7,2097.0,TSETMC
2013-09-18,1392/06/27,1392,6,27,cement,سیمان، آهک و گچ,70077233737515808,721.8,713.5,713.5,TSETMC
2013-09-18,1392/06/27,1392,6,27,tile_ceramic,کاشی و سرامیک,57616105980228781,2089.3,2057.2,2057.2,TSETMC
2013-09-21,1392/06/30,1392,6,30,cement,سیمان، آهک و گچ,70077233737515808,714.1,712.2,712.2,TSETMC
2013-09-21,1392/06/30,1392,6,30,tile_ceramic,کاشی و سرامیک,57616105980228781,2055.9,2002.7,2002.7,TSETMC
2013-09-22,1392/06/31,1392,6,31,cement,سیمان، آهک و گچ,70077233737515808,711.7,706.1,706.1,TSETMC
2013-09-22,1392/06/31,1392,6,31,tile_ceramic,کاشی و سرامیک,57616105980228781,1995.3,1950.8,1950.8,TSETMC
2013-09-23,1392/07/01,1392,7,1,cement,سیمان، آهک و گچ,70077233737515808,714.7,704.9,714.7,TSETMC
2013-09-23,1392/07/01,1392,7,1,tile_ceramic,کاشی و سرامیک,57616105980228781,1992.9,1943.2,1991.9,TSETMC
2013-09-24,1392/07/02,1392,7,2,cement,سیمان، آهک و گچ,70077233737515808,726.9,718.2,726.9,TSETMC
2013-09-24,1392/07/02,1392,7,2,tile_ceramic,کاشی و سرامیک,57616105980228781,2001.6,1993.7,1993.9,TSETMC
2013-09-25,1392/07/03,1392,7,3,cement,سیمان، آهک و گچ,70077233737515808,738.5,731.9,738.5,TSETMC
2013-09-25,1392/07/03,1392,7,3,tile_ceramic,کاشی و سرامیک,57616105980228781,1995.6,1990.3,1995.6,TSETMC
2013-09-28,1392/07/06,1392,7,6,cement,سیمان، آهک و گچ,70077233737515808,752.6,742.8,752.6,TSETMC
2013-09-28,1392/07/06,1392,7,6,tile_ceramic,کاشی و سرامیک,57616105980228781,2003.2,1984.3,1984.4,TSETMC
2013-09-29,1392/07/07,1392,7,7,cement,سیمان، آهک و گچ,70077233737515808,757.7,755.8,757.7,TSETMC
2013-09-29,1392/07/07,1392,7,7,tile_ceramic,کاشی و سرامیک,57616105980228781,1984.7,1970.8,1970.8,TSETMC
2013-09-30,1392/07/08,1392,7,8,cement,سیمان، آهک و گچ,70077233737515808,759.8,751.1,751.1,TSETMC
2013-09-30,1392/07/08,1392,7,8,tile_ceramic,کاشی و سرامیک,57616105980228781,1972.5,1946.7,1949.7,TSETMC
2013-10-01,1392/07/09,1392,7,9,cement,سیمان، آهک و گچ,70077233737515808,749.5,746.1,746.1,TSETMC
2013-10-01,1392/07/09,1392,7,9,tile_ceramic,کاشی و سرامیک,57616105980228781,1969.2,1951.3,1969.2,TSETMC
2013-10-02,1392/07/10,1392,7,10,cement,سیمان، آهک و گچ,70077233737515808,755.8,744.9,755.8,TSETMC
2013-10-02,1392/07/10,1392,7,10,tile_ceramic,کاشی و سرامیک,57616105980228781,2006.6,1981.1,2006.6,TSETMC
2013-10-05,1392/07/13,1392,7,13,cement,سیمان، آهک و گچ,70077233737515808,775.0,760.9,775.0,TSETMC
2013-10-05,1392/07/13,1392,7,13,tile_ceramic,کاشی و سرامیک,57616105980228781,2054.8,2014.0,2054.8,TSETMC
2013-10-06,1392/07/14,1392,7,14,cement,سیمان، آهک و گچ,70077233737515808,785.1,781.6,784.8,TSETMC
2013-10-06,1392/07/14,1392,7,14,tile_ceramic,کاشی و سرامیک,57616105980228781,2080.8,2076.1,2080.8,TSETMC
2013-10-07,1392/07/15,1392,7,15,cement,سیمان، آهک و گچ,70077233737515808,785.1,779.6,779.6,TSETMC
2013-10-07,1392/07/15,1392,7,15,tile_ceramic,کاشی و سرامیک,57616105980228781,2094.1,2066.2,2066.2,TSETMC
2013-10-08,1392/07/16,1392,7,16,cement,سیمان، آهک و گچ,70077233737515808,779.3,776.4,777.1,TSETMC
2013-10-08,1392/07/16,1392,7,16,tile_ceramic,کاشی و سرامیک,57616105980228781,2089.4,2085.5,2085.5,TSETMC
2013-10-09,1392/07/17,1392,7,17,cement,سیمان، آهک و گچ,70077233737515808,782.7,778.0,781.6,TSETMC
2013-10-09,1392/07/17,1392,7,17,tile_ceramic,کاشی و سرامیک,57616105980228781,2093.4,2086.8,2093.4,TSETMC
2013-10-12,1392/07/20,1392,7,20,cement,سیمان، آهک و گچ,70077233737515808,784.2,782.1,784.2,TSETMC
2013-10-12,1392/07/20,1392,7,20,tile_ceramic,کاشی و سرامیک,57616105980228781,2123.7,2102.0,2123.7,TSETMC
2013-10-13,1392/07/21,1392,7,21,cement,سیمان، آهک و گچ,70077233737515808,784.7,778.2,778.2,TSETMC
2013-10-13,1392/07/21,1392,7,21,tile_ceramic,کاشی و سرامیک,57616105980228781,2161.1,2148.9,2152.5,TSETMC
2013-10-14,1392/07/22,1392,7,22,cement,سیمان، آهک و گچ,70077233737515808,778.1,769.6,769.6,TSETMC
2013-10-14,1392/07/22,1392,7,22,tile_ceramic,کاشی و سرامیک,57616105980228781,2195.1,2189.4,2195.1,TSETMC
2013-10-15,1392/07/23,1392,7,23,cement,سیمان، آهک و گچ,70077233737515808,768.4,758.7,758.7,TSETMC
2013-10-15,1392/07/23,1392,7,23,tile_ceramic,کاشی و سرامیک,57616105980228781,2214.9,2197.0,2197.2,TSETMC
2013-10-19,1392/07/27,1392,7,27,cement,سیمان، آهک و گچ,70077233737515808,772.9,765.5,772.4,TSETMC
2013-10-19,1392/07/27,1392,7,27,tile_ceramic,کاشی و سرامیک,57616105980228781,2214.3,2205.8,2205.8,TSETMC
2013-10-20,1392/07/28,1392,7,28,cement,سیمان، آهک و گچ,70077233737515808,772.4,764.4,764.4,TSETMC
2013-10-20,1392/07/28,1392,7,28,tile_ceramic,کاشی و سرامیک,57616105980228781,2210.2,2193.3,2193.6,TSETMC
2013-10-21,1392/07/29,1392,7,29,cement,سیمان، آهک و گچ,70077233737515808,768.8,766.2,768.0,TSETMC
2013-10-21,1392/07/29,1392,7,29,tile_ceramic,کاشی و سرامیک,57616105980228781,2193.6,2180.9,2182.4,TSETMC
2013-10-22,1392/07/30,1392,7,30,cement,سیمان، آهک و گچ,70077233737515808,768.4,767.3,767.3,TSETMC
2013-10-22,1392/07/30,1392,7,30,tile_ceramic,کاشی و سرامیک,57616105980228781,2186.3,2179.1,2184.3,TSETMC
2013-10-23,1392/08/01,1392,8,1,cement,سیمان، آهک و گچ,70077233737515808,777.9,769.6,777.6,TSETMC
2013-10-23,1392/08/01,1392,8,1,tile_ceramic,کاشی و سرامیک,57616105980228781,2186.2,2181.2,2181.2,TSETMC
2013-10-26,1392/08/04,1392,8,4,cement,سیمان، آهک و گچ,70077233737515808,781.9,778.7,778.7,TSETMC
2013-10-26,1392/08/04,1392,8,4,tile_ceramic,کاشی و سرامیک,57616105980228781,2180.2,2178.5,2180.1,TSETMC
2013-10-27,1392/08/05,1392,8,5,cement,سیمان، آهک و گچ,70077233737515808,778.3,769.8,769.8,TSETMC
2013-10-27,1392/08/05,1392,8,5,tile_ceramic,کاشی و سرامیک,57616105980228781,2174.8,2161.7,2171.1,TSETMC
2013-10-28,1392/08/06,1392,8,6,cement,سیمان، آهک و گچ,70077233737515808,768.6,762.5,762.5,TSETMC
2013-10-28,1392/08/06,1392,8,6,tile_ceramic,کاشی و سرامیک,57616105980228781,2170.9,2169.0,2170.9,TSETMC
2013-10-29,1392/08/07,1392,8,7,cement,سیمان، آهک و گچ,70077233737515808,762.9,756.5,756.5,TSETMC
2013-10-29,1392/08/07,1392,8,7,tile_ceramic,کاشی و سرامیک,57616105980228781,2177.5,2172.4,2175.2,TSETMC
2013-10-30,1392/08/08,1392,8,8,cement,سیمان، آهک و گچ,70077233737515808,764.1,759.1,764.1,TSETMC
2013-10-30,1392/08/08,1392,8,8,tile_ceramic,کاشی و سرامیک,57616105980228781,2175.7,2169.6,2171.6,TSETMC
2013-11-02,1392/08/11,1392,8,11,cement,سیمان، آهک و گچ,70077233737515808,767.6,765.1,767.2,TSETMC
2013-11-02,1392/08/11,1392,8,11,tile_ceramic,کاشی و سرامیک,57616105980228781,2172.9,2160.1,2160.1,TSETMC
2013-11-03,1392/08/12,1392,8,12,cement,سیمان، آهک و گچ,70077233737515808,767.3,762.6,762.6,TSETMC
2013-11-03,1392/08/12,1392,8,12,tile_ceramic,کاشی و سرامیک,57616105980228781,2159.0,2146.2,2146.2,TSETMC
2013-11-04,1392/08/13,1392,8,13,cement,سیمان، آهک و گچ,70077233737515808,762.9,760.2,760.7,TSETMC
2013-11-04,1392/08/13,1392,8,13,tile_ceramic,کاشی و سرامیک,57616105980228781,2145.7,2138.3,2142.2,TSETMC
2013-11-05,1392/08/14,1392,8,14,cement,سیمان، آهک و گچ,70077233737515808,774.3,765.9,774.3,TSETMC
2013-11-05,1392/08/14,1392,8,14,tile_ceramic,کاشی و سرامیک,57616105980228781,2139.9,2134.7,2139.9,TSETMC
2013-11-06,1392/08/15,1392,8,15,cement,سیمان، آهک و گچ,70077233737515808,787.4,777.6,787.3,TSETMC
2013-11-06,1392/08/15,1392,8,15,tile_ceramic,کاشی و سرامیک,57616105980228781,2106.7,2099.2,2106.7,TSETMC
2013-11-09,1392/08/18,1392,8,18,cement,سیمان، آهک و گچ,70077233737515808,789.3,782.8,782.8,TSETMC
2013-11-09,1392/08/18,1392,8,18,tile_ceramic,کاشی و سرامیک,57616105980228781,2124.2,2114.1,2114.1,TSETMC
2013-11-10,1392/08/19,1392,8,19,cement,سیمان، آهک و گچ,70077233737515808,783.2,778.1,778.1,TSETMC
2013-11-10,1392/08/19,1392,8,19,tile_ceramic,کاشی و سرامیک,57616105980228781,2127.5,2119.7,2121.0,TSETMC
2013-11-11,1392/08/20,1392,8,20,cement,سیمان، آهک و گچ,70077233737515808,786.9,777.2,786.9,TSETMC
2013-11-11,1392/08/20,1392,8,20,tile_ceramic,کاشی و سرامیک,57616105980228781,2154.9,2112.6,2154.9,TSETMC
2013-11-12,1392/08/21,1392,8,21,cement,سیمان، آهک و گچ,70077233737515808,800.1,789.5,800.1,TSETMC
2013-11-12,1392/08/21,1392,8,21,tile_ceramic,کاشی و سرامیک,57616105980228781,2203.1,2184.0,2203.1,TSETMC
2013-11-16,1392/08/25,1392,8,25,cement,سیمان، آهک و گچ,70077233737515808,817.9,805.8,817.9,TSETMC
2013-11-16,1392/08/25,1392,8,25,tile_ceramic,کاشی و سرامیک,57616105980228781,2516.8,2235.1,2516.8,TSETMC
2013-11-17,1392/08/26,1392,8,26,cement,سیمان، آهک و گچ,70077233737515808,835.0,828.8,834.1,TSETMC
2013-11-17,1392/08/26,1392,8,26,tile_ceramic,کاشی و سرامیک,57616105980228781,2595.0,2575.5,2585.0,TSETMC
2013-11-18,1392/08/27,1392,8,27,cement,سیمان، آهک و گچ,70077233737515808,831.8,825.3,825.3,TSETMC
2013-11-18,1392/08/27,1392,8,27,tile_ceramic,کاشی و سرامیک,57616105980228781,2667.9,2651.9,2667.9,TSETMC
2013-11-19,1392/08/28,1392,8,28,cement,سیمان، آهک و گچ,70077233737515808,836.5,827.2,836.5,TSETMC
2013-11-19,1392/08/28,1392,8,28,tile_ceramic,کاشی و سرامیک,57616105980228781,2898.3,2730.8,2898.3,TSETMC
2013-11-20,1392/08/29,1392,8,29,cement,سیمان، آهک و گچ,70077233737515808,849.0,842.9,849.0,TSETMC
2013-11-20,1392/08/29,1392,8,29,tile_ceramic,کاشی و سرامیک,57616105980228781,2970.5,2961.4,2961.4,TSETMC
2013-11-23,1392/09/02,1392,9,2,cement,سیمان، آهک و گچ,70077233737515808,867.7,859.5,867.7,TSETMC
2013-11-23,1392/09/02,1392,9,2,tile_ceramic,کاشی و سرامیک,57616105980228781,2942.4,2913.8,2913.8,TSETMC
2013-11-24,1392/09/03,1392,9,3,cement,سیمان، آهک و گچ,70077233737515808,882.7,879.1,882.7,TSETMC
2013-11-24,1392/09/03,1392,9,3,tile_ceramic,کاشی و سرامیک,57616105980228781,2897.3,2879.4,2882.5,TSETMC
2013-11-25,1392/09/04,1392,9,4,cement,سیمان، آهک و گچ,70077233737515808,899.3,896.4,898.1,TSETMC
2013-11-25,1392/09/04,1392,9,4,tile_ceramic,کاشی و سرامیک,57616105980228781,3063.6,2841.6,3063.6,TSETMC
2013-11-26,1392/09/05,1392,9,5,cement,سیمان، آهک و گچ,70077233737515808,898.5,886.9,898.5,TSETMC
2013-11-26,1392/09/05,1392,9,5,tile_ceramic,کاشی و سرامیک,57616105980228781,3127.7,3097.5,3126.4,TSETMC
2013-11-27,1392/09/06,1392,9,6,cement,سیمان، آهک و گچ,70077233737515808,903.9,892.6,903.9,TSETMC
2013-11-27,1392/09/06,1392,9,6,tile_ceramic,کاشی و سرامیک,57616105980228781,3190.1,3161.0,3183.7,TSETMC
2013-11-30,1392/09/09,1392,9,9,cement,سیمان، آهک و گچ,70077233737515808,927.0,918.3,927.0,TSETMC
2013-11-30,1392/09/09,1392,9,9,tile_ceramic,کاشی و سرامیک,57616105980228781,3203.8,3184.1,3194.7,TSETMC
2013-12-01,1392/09/10,1392,9,10,cement,سیمان، آهک و گچ,70077233737515808,950.1,942.2,942.2,TSETMC
2013-12-01,1392/09/10,1392,9,10,tile_ceramic,کاشی و سرامیک,57616105980228781,3207.0,3172.5,3172.5,TSETMC
2013-12-02,1392/09/11,1392,9,11,cement,سیمان، آهک و گچ,70077233737515808,936.8,928.3,932.5,TSETMC
2013-12-02,1392/09/11,1392,9,11,tile_ceramic,کاشی و سرامیک,57616105980228781,3153.1,3120.5,3120.5,TSETMC
2013-12-03,1392/09/12,1392,9,12,cement,سیمان، آهک و گچ,70077233737515808,944.9,935.7,936.7,TSETMC
2013-12-03,1392/09/12,1392,9,12,tile_ceramic,کاشی و سرامیک,57616105980228781,3118.6,3096.0,3096.0,TSETMC
2013-12-04,1392/09/13,1392,9,13,cement,سیمان، آهک و گچ,70077233737515808,943.5,934.5,943.2,TSETMC
2013-12-04,1392/09/13,1392,9,13,tile_ceramic,کاشی و سرامیک,57616105980228781,3096.7,3060.2,3085.0,TSETMC
2013-12-07,1392/09/16,1392,9,16,cement,سیمان، آهک و گچ,70077233737515808,963.1,948.6,963.1,TSETMC
2013-12-07,1392/09/16,1392,9,16,tile_ceramic,کاشی و سرامیک,57616105980228781,3127.8,3098.5,3120.8,TSETMC
2013-12-08,1392/09/17,1392,9,17,cement,سیمان، آهک و گچ,70077233737515808,973.4,964.9,969.5,TSETMC
2013-12-08,1392/09/17,1392,9,17,tile_ceramic,کاشی و سرامیک,57616105980228781,3178.0,3121.2,3154.6,TSETMC
2013-12-09,1392/09/18,1392,9,18,cement,سیمان، آهک و گچ,70077233737515808,983.1,970.8,980.1,TSETMC
2013-12-09,1392/09/18,1392,9,18,tile_ceramic,کاشی و سرامیک,57616105980228781,3171.8,3152.5,3148.0,TSETMC
2013-12-10,1392/09/19,1392,9,19,cement,سیمان، آهک و گچ,70077233737515808,999.2,984.6,1000.1,TSETMC
2013-12-10,1392/09/19,1392,9,19,tile_ceramic,کاشی و سرامیک,57616105980228781,3152.9,3117.2,3148.8,TSETMC
2013-12-11,1392/09/20,1392,9,20,cement,سیمان، آهک و گچ,70077233737515808,1025.1,1014.3,1025.1,TSETMC
2013-12-11,1392/09/20,1392,9,20,tile_ceramic,کاشی و سرامیک,57616105980228781,3181.9,3167.9,3172.7,TSETMC
2013-12-14,1392/09/23,1392,9,23,cement,سیمان، آهک و گچ,70077233737515808,1043.4,1025.0,1043.4,TSETMC
2013-12-14,1392/09/23,1392,9,23,tile_ceramic,کاشی و سرامیک,57616105980228781,3183.2,3167.7,3179.5,TSETMC
2013-12-15,1392/09/24,1392,9,24,cement,سیمان، آهک و گچ,70077233737515808,1070.2,1060.4,1070.2,TSETMC
2013-12-15,1392/09/24,1392,9,24,tile_ceramic,کاشی و سرامیک,57616105980228781,3194.2,3183.1,3194.2,TSETMC
2013-12-16,1392/09/25,1392,9,25,cement,سیمان، آهک و گچ,70077233737515808,1089.7,1075.9,1075.9,TSETMC
2013-12-16,1392/09/25,1392,9,25,tile_ceramic,کاشی و سرامیک,57616105980228781,3232.7,3187.6,3232.7,TSETMC
2013-12-17,1392/09/26,1392,9,26,cement,سیمان، آهک و گچ,70077233737515808,1062.7,1055.0,1055.0,TSETMC
2013-12-17,1392/09/26,1392,9,26,tile_ceramic,کاشی و سرامیک,57616105980228781,3278.8,3244.6,3278.8,TSETMC
2013-12-18,1392/09/27,1392,9,27,cement,سیمان، آهک و گچ,70077233737515808,1052.9,1043.9,1051.6,TSETMC
2013-12-18,1392/09/27,1392,9,27,tile_ceramic,کاشی و سرامیک,57616105980228781,3352.6,3307.5,3351.2,TSETMC
2013-12-21,1392/09/30,1392,9,30,cement,سیمان، آهک و گچ,70077233737515808,1048.2,1031.1,1031.1,TSETMC
2013-12-21,1392/09/30,1392,9,30,tile_ceramic,کاشی و سرامیک,57616105980228781,3382.3,3358.3,3362.4,TSETMC
2013-12-22,1392/10/01,1392,10,1,cement,سیمان، آهک و گچ,70077233737515808,1039.9,1026.2,1039.9,TSETMC
2013-12-22,1392/10/01,1392,10,1,tile_ceramic,کاشی و سرامیک,57616105980228781,3405.3,3377.8,3379.6,TSETMC
2013-12-24,1392/10/03,1392,10,3,cement,سیمان، آهک و گچ,70077233737515808,1066.1,1046.7,1066.1,TSETMC
2013-12-24,1392/10/03,1392,10,3,tile_ceramic,کاشی و سرامیک,57616105980228781,3445.9,3423.7,3445.9,TSETMC
2013-12-25,1392/10/04,1392,10,4,cement,سیمان، آهک و گچ,70077233737515808,1083.7,1072.8,1082.1,TSETMC
2013-12-25,1392/10/04,1392,10,4,tile_ceramic,کاشی و سرامیک,57616105980228781,3561.2,3507.1,3561.2,TSETMC
2013-12-28,1392/10/07,1392,10,7,cement,سیمان، آهک و گچ,70077233737515808,1081.6,1068.7,1068.7,TSETMC
2013-12-28,1392/10/07,1392,10,7,tile_ceramic,کاشی و سرامیک,57616105980228781,3683.8,3624.8,3683.8,TSETMC
2013-12-29,1392/10/08,1392,10,8,cement,سیمان، آهک و گچ,70077233737515808,1065.6,1051.1,1051.1,TSETMC
2013-12-29,1392/10/08,1392,10,8,tile_ceramic,کاشی و سرامیک,57616105980228781,3705.8,3670.9,3705.8,TSETMC
2013-12-30,1392/10/09,1392,10,9,cement,سیمان، آهک و گچ,70077233737515808,1040.8,1036.2,1038.3,TSETMC
2013-12-30,1392/10/09,1392,10,9,tile_ceramic,کاشی و سرامیک,57616105980228781,3765.0,3747.5,3764.1,TSETMC
2014-01-01,1392/10/11,1392,10,11,cement,سیمان، آهک و گچ,70077233737515808,1049.0,1033.5,1060.4,TSETMC
2014-01-01,1392/10/11,1392,10,11,tile_ceramic,کاشی و سرامیک,57616105980228781,3829.0,3803.8,3774.6,TSETMC
2014-01-04,1392/10/14,1392,10,14,cement,سیمان، آهک و گچ,70077233737515808,1060.8,1045.5,1045.5,TSETMC
2014-01-04,1392/10/14,1392,10,14,tile_ceramic,کاشی و سرامیک,57616105980228781,3783.4,3763.9,3780.8,TSETMC
2014-01-05,1392/10/15,1392,10,15,cement,سیمان، آهک و گچ,70077233737515808,1047.1,1041.4,1041.4,TSETMC
2014-01-05,1392/10/15,1392,10,15,tile_ceramic,کاشی و سرامیک,57616105980228781,3764.0,3743.1,3743.1,TSETMC
2014-01-06,1392/10/16,1392,10,16,cement,سیمان، آهک و گچ,70077233737515808,1058.1,1042.7,1058.1,TSETMC
2014-01-06,1392/10/16,1392,10,16,tile_ceramic,کاشی و سرامیک,57616105980228781,3945.6,3767.5,3920.8,TSETMC
2014-01-07,1392/10/17,1392,10,17,cement,سیمان، آهک و گچ,70077233737515808,1062.8,1053.1,1053.1,TSETMC
2014-01-07,1392/10/17,1392,10,17,tile_ceramic,کاشی و سرامیک,57616105980228781,3922.2,3846.1,3846.3,TSETMC
2014-01-08,1392/10/18,1392,10,18,cement,سیمان، آهک و گچ,70077233737515808,1052.0,1034.1,1034.1,TSETMC
2014-01-08,1392/10/18,1392,10,18,tile_ceramic,کاشی و سرامیک,57616105980228781,3852.6,3805.1,3805.1,TSETMC
2014-01-11,1392/10/21,1392,10,21,cement,سیمان، آهک و گچ,70077233737515808,1032.3,1016.0,1016.0,TSETMC
2014-01-11,1392/10/21,1392,10,21,tile_ceramic,کاشی و سرامیک,57616105980228781,3835.0,3784.0,3784.0,TSETMC
2014-01-12,1392/10/22,1392,10,22,cement,سیمان، آهک و گچ,70077233737515808,1013.4,1006.5,1006.5,TSETMC
2014-01-12,1392/10/22,1392,10,22,tile_ceramic,کاشی و سرامیک,57616105980228781,3774.0,3739.5,3739.5,TSETMC
2014-01-13,1392/10/23,1392,10,23,cement,سیمان، آهک و گچ,70077233737515808,1014.1,1006.3,1014.0,TSETMC
2014-01-13,1392/10/23,1392,10,23,tile_ceramic,کاشی و سرامیک,57616105980228781,3734.6,3692.3,3698.5,TSETMC
2014-01-14,1392/10/24,1392,10,24,cement,سیمان، آهک و گچ,70077233737515808,1014.0,1014.0,999.7,TSETMC
2014-01-14,1392/10/24,1392,10,24,tile_ceramic,کاشی و سرامیک,57616105980228781,3698.3,3698.3,3648.4,TSETMC
2014-01-15,1392/10/25,1392,10,25,cement,سیمان، آهک و گچ,70077233737515808,999.0,988.2,988.0,TSETMC
2014-01-15,1392/10/25,1392,10,25,tile_ceramic,کاشی و سرامیک,57616105980228781,3643.8,3596.3,3595.6,TSETMC
2014-01-18,1392/10/28,1392,10,28,cement,سیمان، آهک و گچ,70077233737515808,986.9,977.1,977.1,TSETMC
2014-01-18,1392/10/28,1392,10,28,tile_ceramic,کاشی و سرامیک,57616105980228781,3599.3,3578.2,3599.3,TSETMC
2014-01-20,1392/10/30,1392,10,30,cement,سیمان، آهک و گچ,70077233737515808,975.5,963.7,963.7,TSETMC
2014-01-20,1392/10/30,1392,10,30,tile_ceramic,کاشی و سرامیک,57616105980228781,3592.8,3577.6,3580.9,TSETMC
2014-01-21,1392/11/01,1392,11,1,cement,سیمان، آهک و گچ,70077233737515808,965.4,960.9,963.9,TSETMC
2014-01-21,1392/11/01,1392,11,1,tile_ceramic,کاشی و سرامیک,57616105980228781,3571.5,3557.0,3566.6,TSETMC
2014-01-22,1392/11/02,1392,11,2,cement,سیمان، آهک و گچ,70077233737515808,962.5,952.6,952.6,TSETMC
2014-01-22,1392/11/02,1392,11,2,tile_ceramic,کاشی و سرامیک,57616105980228781,3575.2,3562.0,3562.0,TSETMC
2014-01-25,1392/11/05,1392,11,5,cement,سیمان، آهک و گچ,70077233737515808,954.7,949.8,954.3,TSETMC
2014-01-25,1392/11/05,1392,11,5,tile_ceramic,کاشی و سرامیک,57616105980228781,3563.3,3523.1,3537.5,TSETMC
2014-01-26,1392/11/06,1392,11,6,cement,سیمان، آهک و گچ,70077233737515808,954.8,944.2,944.2,TSETMC
2014-01-26,1392/11/06,1392,11,6,tile_ceramic,کاشی و سرامیک,57616105980228781,3535.3,3530.2,3533.2,TSETMC
2014-01-27,1392/11/07,1392,11,7,cement,سیمان، آهک و گچ,70077233737515808,942.4,931.2,931.2,TSETMC
2014-01-27,1392/11/07,1392,11,7,tile_ceramic,کاشی و سرامیک,57616105980228781,3532.6,3520.8,3520.8,TSETMC
2014-01-28,1392/11/08,1392,11,8,cement,سیمان، آهک و گچ,70077233737515808,939.6,924.0,924.0,TSETMC
2014-01-28,1392/11/08,1392,11,8,tile_ceramic,کاشی و سرامیک,57616105980228781,3500.1,3482.1,3482.1,TSETMC
2014-01-29,1392/11/09,1392,11,9,cement,سیمان، آهک و گچ,70077233737515808,929.7,926.4,927.3,TSETMC
2014-01-29,1392/11/09,1392,11,9,tile_ceramic,کاشی و سرامیک,57616105980228781,3460.7,3455.0,3459.7,TSETMC
2014-02-01,1392/11/12,1392,11,12,cement,سیمان، آهک و گچ,70077233737515808,936.3,931.2,935.9,TSETMC
2014-02-01,1392/11/12,1392,11,12,tile_ceramic,کاشی و سرامیک,57616105980228781,3447.6,3415.9,3415.9,TSETMC
2014-02-02,1392/11/13,1392,11,13,cement,سیمان، آهک و گچ,70077233737515808,935.3,920.8,920.8,TSETMC
2014-02-02,1392/11/13,1392,11,13,tile_ceramic,کاشی و سرامیک,57616105980228781,3432.1,3345.6,3345.6,TSETMC
2014-02-03,1392/11/14,1392,11,14,cement,سیمان، آهک و گچ,70077233737515808,917.7,908.2,908.2,TSETMC
2014-02-03,1392/11/14,1392,11,14,tile_ceramic,کاشی و سرامیک,57616105980228781,3332.0,3302.2,3305.3,TSETMC
2014-02-04,1392/11/15,1392,11,15,cement,سیمان، آهک و گچ,70077233737515808,908.0,902.5,902.5,TSETMC
2014-02-04,1392/11/15,1392,11,15,tile_ceramic,کاشی و سرامیک,57616105980228781,3296.1,3276.7,3278.9,TSETMC
2014-02-05,1392/11/16,1392,11,16,cement,سیمان، آهک و گچ,70077233737515808,901.6,892.6,892.6,TSETMC
2014-02-05,1392/11/16,1392,11,16,tile_ceramic,کاشی و سرامیک,57616105980228781,3271.9,3258.6,3258.6,TSETMC
2014-02-08,1392/11/19,1392,11,19,cement,سیمان، آهک و گچ,70077233737515808,891.7,888.0,888.0,TSETMC
2014-02-08,1392/11/19,1392,11,19,tile_ceramic,کاشی و سرامیک,57616105980228781,3257.8,3252.0,3252.0,TSETMC
2014-02-09,1392/11/20,1392,11,20,cement,سیمان، آهک و گچ,70077233737515808,887.8,882.2,882.2,TSETMC
2014-02-09,1392/11/20,1392,11,20,tile_ceramic,کاشی و سرامیک,57616105980228781,3236.8,3233.1,3233.1,TSETMC
2014-02-10,1392/11/21,1392,11,21,cement,سیمان، آهک و گچ,70077233737515808,881.7,877.5,877.5,TSETMC
2014-02-10,1392/11/21,1392,11,21,tile_ceramic,کاشی و سرامیک,57616105980228781,3231.4,3212.2,3212.2,TSETMC
2014-02-12,1392/11/23,1392,11,23,cement,سیمان، آهک و گچ,70077233737515808,876.5,873.2,873.2,TSETMC
2014-02-12,1392/11/23,1392,11,23,tile_ceramic,کاشی و سرامیک,57616105980228781,3211.9,3207.7,3207.7,TSETMC
2014-02-15,1392/11/26,1392,11,26,cement,سیمان، آهک و گچ,70077233737515808,872.7,864.1,864.1,TSETMC
2014-02-15,1392/11/26,1392,11,26,tile_ceramic,کاشی و سرامیک,57616105980228781,3207.2,3203.3,3203.3,TSETMC
2014-02-16,1392/11/27,1392,11,27,cement,سیمان، آهک و گچ,70077233737515808,867.6,861.6,867.5,TSETMC
2014-02-16,1392/11/27,1392,11,27,tile_ceramic,کاشی و سرامیک,57616105980228781,3190.4,3141.1,3141.1,TSETMC
2014-02-17,1392/11/28,1392,11,28,cement,سیمان، آهک و گچ,70077233737515808,877.6,869.6,876.5,TSETMC
2014-02-17,1392/11/28,1392,11,28,tile_ceramic,کاشی و سرامیک,57616105980228781,3161.1,3147.0,3152.4,TSETMC
2014-02-18,1392/11/29,1392,11,29,cement,سیمان، آهک و گچ,70077233737515808,873.6,866.0,866.1,TSETMC
2014-02-18,1392/11/29,1392,11,29,tile_ceramic,کاشی و سرامیک,57616105980228781,3148.4,3123.8,3123.8,TSETMC
2014-02-19,1392/11/30,1392,11,30,cement,سیمان، آهک و گچ,70077233737515808,867.7,865.2,867.3,TSETMC
2014-02-19,1392/11/30,1392,11,30,tile_ceramic,کاشی و سرامیک,57616105980228781,3122.4,3118.3,3121.4,TSETMC
2014-02-22,1392/12/03,1392,12,3,cement,سیمان، آهک و گچ,70077233737515808,890.8,867.3,890.8,TSETMC
2014-02-22,1392/12/03,1392,12,3,tile_ceramic,کاشی و سرامیک,57616105980228781,3150.7,3115.4,3150.7,TSETMC
2014-02-23,1392/12/04,1392,12,4,cement,سیمان، آهک و گچ,70077233737515808,903.2,896.8,903.2,TSETMC
2014-02-23,1392/12/04,1392,12,4,tile_ceramic,کاشی و سرامیک,57616105980228781,3148.9,3091.7,3091.7,TSETMC
2014-02-24,1392/12/05,1392,12,5,cement,سیمان، آهک و گچ,70077233737515808,902.0,894.3,896.1,TSETMC
2014-02-24,1392/12/05,1392,12,5,tile_ceramic,کاشی و سرامیک,57616105980228781,3085.3,3076.1,3076.1,TSETMC
2014-02-25,1392/12/06,1392,12,6,cement,سیمان، آهک و گچ,70077233737515808,894.5,887.7,887.7,TSETMC
2014-02-25,1392/12/06,1392,12,6,tile_ceramic,کاشی و سرامیک,57616105980228781,3072.4,3070.2,3070.2,TSETMC
2014-02-26,1392/12/07,1392,12,7,cement,سیمان، آهک و گچ,70077233737515808,886.8,878.0,878.0,TSETMC
2014-02-26,1392/12/07,1392,12,7,tile_ceramic,کاشی و سرامیک,57616105980228781,3068.4,3066.5,3066.5,TSETMC
2014-03-01,1392/12/10,1392,12,10,cement,سیمان، آهک و گچ,70077233737515808,877.6,876.4,877.2,TSETMC
2014-03-01,1392/12/10,1392,12,10,tile_ceramic,کاشی و سرامیک,57616105980228781,3065.2,3054.8,3054.8,TSETMC
2014-03-02,1392/12/11,1392,12,11,cement,سیمان، آهک و گچ,70077233737515808,876.7,869.3,869.3,TSETMC
2014-03-02,1392/12/11,1392,12,11,tile_ceramic,کاشی و سرامیک,57616105980228781,3054.6,3048.7,3049.0,TSETMC
2014-03-03,1392/12/12,1392,12,12,cement,سیمان، آهک و گچ,70077233737515808,868.7,863.4,863.4,TSETMC
2014-03-03,1392/12/12,1392,12,12,tile_ceramic,کاشی و سرامیک,57616105980228781,3046.2,3038.1,3038.1,TSETMC
2014-03-04,1392/12/13,1392,12,13,cement,سیمان، آهک و گچ,70077233737515808,863.0,857.5,857.5,TSETMC
2014-03-04,1392/12/13,1392,12,13,tile_ceramic,کاشی و سرامیک,57616105980228781,3035.6,3027.8,3027.8,TSETMC
2014-03-05,1392/12/14,1392,12,14,cement,سیمان، آهک و گچ,70077233737515808,860.3,856.6,860.3,TSETMC
2014-03-05,1392/12/14,1392,12,14,tile_ceramic,کاشی و سرامیک,57616105980228781,3027.4,3022.7,3023.7,TSETMC
2014-03-08,1392/12/17,1392,12,17,cement,سیمان، آهک و گچ,70077233737515808,859.8,855.4,855.4,TSETMC
2014-03-08,1392/12/17,1392,12,17,tile_ceramic,کاشی و سرامیک,57616105980228781,3023.6,3019.2,3019.2,TSETMC
2014-03-09,1392/12/18,1392,12,18,cement,سیمان، آهک و گچ,70077233737515808,854.9,847.6,849.2,TSETMC
2014-03-09,1392/12/18,1392,12,18,tile_ceramic,کاشی و سرامیک,57616105980228781,3017.3,3010.7,3010.8,TSETMC
2014-03-10,1392/12/19,1392,12,19,cement,سیمان، آهک و گچ,70077233737515808,860.3,851.8,860.3,TSETMC
2014-03-10,1392/12/19,1392,12,19,tile_ceramic,کاشی و سرامیک,57616105980228781,3009.4,3001.9,3001.9,TSETMC
2014-03-11,1392/12/20,1392,12,20,cement,سیمان، آهک و گچ,70077233737515808,859.9,853.4,853.4,TSETMC
2014-03-11,1392/12/20,1392,12,20,tile_ceramic,کاشی و سرامیک,57616105980228781,2999.0,2994.3,2994.3,TSETMC
2014-03-12,1392/12/21,1392,12,21,cement,سیمان، آهک و گچ,70077233737515808,852.3,850.7,851.6,TSETMC
2014-03-12,1392/12/21,1392,12,21,tile_ceramic,کاشی و سرامیک,57616105980228781,2993.5,2992.0,2992.8,TSETMC
2014-03-15,1392/12/24,1392,12,24,cement,سیمان، آهک و گچ,70077233737515808,864.1,854.5,864.1,TSETMC
2014-03-15,1392/12/24,1392,12,24,tile_ceramic,کاشی و سرامیک,57616105980228781,2995.5,2993.0,2993.3,TSETMC
2014-03-16,1392/12/25,1392,12,25,cement,سیمان، آهک و گچ,70077233737515808,872.1,865.6,872.1,TSETMC
2014-03-16,1392/12/25,1392,12,25,tile_ceramic,کاشی و سرامیک,57616105980228781,2996.4,2995.9,2996.1,TSETMC
2014-03-17,1392/12/26,1392,12,26,cement,سیمان، آهک و گچ,70077233737515808,882.1,873.5,882.1,TSETMC
2014-03-17,1392/12/26,1392,12,26,tile_ceramic,کاشی و سرامیک,57616105980228781,3006.9,2997.8,3006.9,TSETMC
2014-03-18,1392/12/27,1392,12,27,cement,سیمان، آهک و گچ,70077233737515808,891.2,885.5,891.2,TSETMC
2014-03-18,1392/12/27,1392,12,27,tile_ceramic,کاشی و سرامیک,57616105980228781,3044.4,3034.7,3044.4,TSETMC
2014-03-19,1392/12/28,1392,12,28,cement,سیمان، آهک و گچ,70077233737515808,912.5,896.7,912.5,TSETMC
2014-03-19,1392/12/28,1392,12,28,tile_ceramic,کاشی و سرامیک,57616105980228781,3067.4,3060.9,3067.4,TSETMC
2014-03-25,1393/01/05,1393,1,5,cement,سیمان، آهک و گچ,70077233737515808,923.7,916.5,923.7,TSETMC
2014-03-25,1393/01/05,1393,1,5,tile_ceramic,کاشی و سرامیک,57616105980228781,3098.6,3071.3,3097.6,TSETMC
2014-03-26,1393/01/06,1393,1,6,cement,سیمان، آهک و گچ,70077233737515808,925.6,920.7,921.0,TSETMC
2014-03-26,1393/01/06,1393,1,6,tile_ceramic,کاشی و سرامیک,57616105980228781,3106.5,3091.1,3093.0,TSETMC
2014-03-29,1393/01/09,1393,1,9,cement,سیمان، آهک و گچ,70077233737515808,920.0,908.5,908.5,TSETMC
2014-03-29,1393/01/09,1393,1,9,tile_ceramic,کاشی و سرامیک,57616105980228781,3082.8,3077.4,3077.4,TSETMC
2014-03-30,1393/01/10,1393,1,10,cement,سیمان، آهک و گچ,70077233737515808,916.6,908.6,916.6,TSETMC
2014-03-30,1393/01/10,1393,1,10,tile_ceramic,کاشی و سرامیک,57616105980228781,3080.4,3076.1,3076.1,TSETMC
2014-03-31,1393/01/11,1393,1,11,cement,سیمان، آهک و گچ,70077233737515808,933.6,917.3,933.6,TSETMC
2014-03-31,1393/01/11,1393,1,11,tile_ceramic,کاشی و سرامیک,57616105980228781,3081.3,3078.6,3081.3,TSETMC
2014-04-05,1393/01/16,1393,1,16,cement,سیمان، آهک و گچ,70077233737515808,935.0,932.9,932.9,TSETMC
2014-04-05,1393/01/16,1393,1,16,tile_ceramic,کاشی و سرامیک,57616105980228781,3081.5,3074.0,3074.0,TSETMC
2014-04-06,1393/01/17,1393,1,17,cement,سیمان، آهک و گچ,70077233737515808,927.3,918.8,918.8,TSETMC
2014-04-06,1393/01/17,1393,1,17,tile_ceramic,کاشی و سرامیک,57616105980228781,3079.0,3075.9,3076.7,TSETMC
2014-04-07,1393/01/18,1393,1,18,cement,سیمان، آهک و گچ,70077233737515808,914.1,909.8,910.6,TSETMC
2014-04-07,1393/01/18,1393,1,18,tile_ceramic,کاشی و سرامیک,57616105980228781,3084.7,3077.1,3084.7,TSETMC
2014-04-08,1393/01/19,1393,1,19,cement,سیمان، آهک و گچ,70077233737515808,922.4,912.1,922.4,TSETMC
2014-04-08,1393/01/19,1393,1,19,tile_ceramic,کاشی و سرامیک,57616105980228781,3087.5,3085.3,3085.3,TSETMC
2014-04-09,1393/01/20,1393,1,20,cement,سیمان، آهک و گچ,70077233737515808,922.9,920.8,921.6,TSETMC
2014-04-09,1393/01/20,1393,1,20,tile_ceramic,کاشی و سرامیک,57616105980228781,3087.6,3082.1,3082.1,TSETMC
2014-04-12,1393/01/23,1393,1,23,cement,سیمان، آهک و گچ,70077233737515808,923.1,912.9,913.0,TSETMC
2014-04-12,1393/01/23,1393,1,23,tile_ceramic,کاشی و سرامیک,57616105980228781,3080.1,3079.3,3079.4,TSETMC
2014-04-13,1393/01/24,1393,1,24,cement,سیمان، آهک و گچ,70077233737515808,910.6,898.3,898.4,TSETMC
2014-04-13,1393/01/24,1393,1,24,tile_ceramic,کاشی و سرامیک,57616105980228781,3078.1,3077.7,3077.7,TSETMC
2014-04-14,1393/01/25,1393,1,25,cement,سیمان، آهک و گچ,70077233737515808,893.1,886.7,887.1,TSETMC
2014-04-14,1393/01/25,1393,1,25,tile_ceramic,کاشی و سرامیک,57616105980228781,3077.7,3077.6,3077.6,TSETMC
2014-04-15,1393/01/26,1393,1,26,cement,سیمان، آهک و گچ,70077233737515808,886.7,884.7,884.8,TSETMC
2014-04-15,1393/01/26,1393,1,26,tile_ceramic,کاشی و سرامیک,57616105980228781,3077.5,3074.4,3074.4,TSETMC
2014-04-16,1393/01/27,1393,1,27,cement,سیمان، آهک و گچ,70077233737515808,892.3,885.0,891.2,TSETMC
2014-04-16,1393/01/27,1393,1,27,tile_ceramic,کاشی و سرامیک,57616105980228781,3076.0,3074.4,3075.3,TSETMC
2014-04-19,1393/01/30,1393,1,30,cement,سیمان، آهک و گچ,70077233737515808,891.0,885.4,885.4,TSETMC
2014-04-19,1393/01/30,1393,1,30,tile_ceramic,کاشی و سرامیک,57616105980228781,3075.2,3074.9,3074.9,TSETMC
2014-04-20,1393/01/31,1393,1,31,cement,سیمان، آهک و گچ,70077233737515808,893.5,888.4,893.5,TSETMC
2014-04-20,1393/01/31,1393,1,31,tile_ceramic,کاشی و سرامیک,57616105980228781,3074.7,3066.3,3066.3,TSETMC
2014-04-21,1393/02/01,1393,2,1,cement,سیمان، آهک و گچ,70077233737515808,897.5,897.0,897.5,TSETMC
2014-04-21,1393/02/01,1393,2,1,tile_ceramic,کاشی و سرامیک,57616105980228781,3066.3,3064.9,3065.4,TSETMC
2014-04-22,1393/02/02,1393,2,2,cement,سیمان، آهک و گچ,70077233737515808,906.4,898.8,905.0,TSETMC
2014-04-22,1393/02/02,1393,2,2,tile_ceramic,کاشی و سرامیک,57616105980228781,3064.9,3053.9,3055.5,TSETMC
2014-04-23,1393/02/03,1393,2,3,cement,سیمان، آهک و گچ,70077233737515808,905.3,903.8,903.8,TSETMC
2014-04-23,1393/02/03,1393,2,3,tile_ceramic,کاشی و سرامیک,57616105980228781,3055.9,3054.5,3054.5,TSETMC
2014-04-26,1393/02/06,1393,2,6,cement,سیمان، آهک و گچ,70077233737515808,921.8,907.6,921.8,TSETMC
2014-04-26,1393/02/06,1393,2,6,tile_ceramic,کاشی و سرامیک,57616105980228781,3056.1,3015.3,3015.3,TSETMC
2014-04-27,1393/02/07,1393,2,7,cement,سیمان، آهک و گچ,70077233737515808,934.0,931.8,931.8,TSETMC
2014-04-27,1393/02/07,1393,2,7,tile_ceramic,کاشی و سرامیک,57616105980228781,3015.6,2998.1,2998.1,TSETMC
2014-04-28,1393/02/08,1393,2,8,cement,سیمان، آهک و گچ,70077233737515808,949.2,932.4,949.2,TSETMC
2014-04-28,1393/02/08,1393,2,8,tile_ceramic,کاشی و سرامیک,57616105980228781,2991.2,2980.9,2981.1,TSETMC
2014-04-29,1393/02/09,1393,2,9,cement,سیمان، آهک و گچ,70077233737515808,945.8,939.5,939.5,TSETMC
2014-04-29,1393/02/09,1393,2,9,tile_ceramic,کاشی و سرامیک,57616105980228781,2980.2,2971.0,2971.0,TSETMC
2014-04-30,1393/02/10,1393,2,10,cement,سیمان، آهک و گچ,70077233737515808,936.8,930.4,930.4,TSETMC
2014-04-30,1393/02/10,1393,2,10,tile_ceramic,کاشی و سرامیک,57616105980228781,2969.8,2954.1,2954.1,TSETMC
2014-05-03,1393/02/13,1393,2,13,cement,سیمان، آهک و گچ,70077233737515808,926.3,922.1,925.5,TSETMC
2014-05-03,1393/02/13,1393,2,13,tile_ceramic,کاشی و سرامیک,57616105980228781,2952.4,2945.6,2945.6,TSETMC
2014-05-04,1393/02/14,1393,2,14,cement,سیمان، آهک و گچ,70077233737515808,924.2,909.6,911.7,TSETMC
2014-05-04,1393/02/14,1393,2,14,tile_ceramic,کاشی و سرامیک,57616105980228781,2948.2,2943.4,2947.4,TSETMC
2014-05-05,1393/02/15,1393,2,15,cement,سیمان، آهک و گچ,70077233737515808,923.8,919.7,919.7,TSETMC
2014-05-05,1393/02/15,1393,2,15,tile_ceramic,کاشی و سرامیک,57616105980228781,2955.2,2951.5,2953.9,TSETMC
2014-05-06,1393/02/16,1393,2,16,cement,سیمان، آهک و گچ,70077233737515808,919.9,913.3,913.3,TSETMC
2014-05-06,1393/02/16,1393,2,16,tile_ceramic,کاشی و سرامیک,57616105980228781,2947.9,2943.1,2943.1,TSETMC
2014-05-07,1393/02/17,1393,2,17,cement,سیمان، آهک و گچ,70077233737515808,912.8,909.2,909.2,TSETMC
2014-05-07,1393/02/17,1393,2,17,tile_ceramic,کاشی و سرامیک,57616105980228781,2941.8,2936.1,2936.1,TSETMC
2014-05-10,1393/02/20,1393,2,20,cement,سیمان، آهک و گچ,70077233737515808,909.2,906.8,906.8,TSETMC
2014-05-10,1393/02/20,1393,2,20,tile_ceramic,کاشی و سرامیک,57616105980228781,2936.1,2934.5,2935.4,TSETMC
2014-05-11,1393/02/21,1393,2,21,cement,سیمان، آهک و گچ,70077233737515808,906.7,903.0,903.0,TSETMC
2014-05-11,1393/02/21,1393,2,21,tile_ceramic,کاشی و سرامیک,57616105980228781,2935.8,2931.8,2931.8,TSETMC
2014-05-12,1393/02/22,1393,2,22,cement,سیمان، آهک و گچ,70077233737515808,903.0,901.2,903.0,TSETMC
2014-05-12,1393/02/22,1393,2,22,tile_ceramic,کاشی و سرامیک,57616105980228781,2931.6,2927.9,2927.9,TSETMC
2014-05-14,1393/02/24,1393,2,24,cement,سیمان، آهک و گچ,70077233737515808,903.1,901.0,901.0,TSETMC
2014-05-14,1393/02/24,1393,2,24,tile_ceramic,کاشی و سرامیک,57616105980228781,2920.1,2908.7,2908.8,TSETMC
2014-05-17,1393/02/27,1393,2,27,cement,سیمان، آهک و گچ,70077233737515808,900.6,889.8,890.0,TSETMC
2014-05-17,1393/02/27,1393,2,27,tile_ceramic,کاشی و سرامیک,57616105980228781,2897.7,2895.7,2895.8,TSETMC
2014-05-18,1393/02/28,1393,2,28,cement,سیمان، آهک و گچ,70077233737515808,892.0,889.8,892.0,TSETMC
2014-05-18,1393/02/28,1393,2,28,tile_ceramic,کاشی و سرامیک,57616105980228781,2891.2,2883.2,2883.2,TSETMC
2014-05-19,1393/02/29,1393,2,29,cement,سیمان، آهک و گچ,70077233737515808,893.6,892.1,893.6,TSETMC
2014-05-19,1393/02/29,1393,2,29,tile_ceramic,کاشی و سرامیک,57616105980228781,2879.0,2868.2,2868.2,TSETMC
2014-05-20,1393/02/30,1393,2,30,cement,سیمان، آهک و گچ,70077233737515808,905.2,893.6,905.2,TSETMC
2014-05-20,1393/02/30,1393,2,30,tile_ceramic,کاشی و سرامیک,57616105980228781,2871.6,2859.8,2871.6,TSETMC
2014-05-21,1393/02/31,1393,2,31,cement,سیمان، آهک و گچ,70077233737515808,934.9,907.9,934.9,TSETMC
2014-05-21,1393/02/31,1393,2,31,tile_ceramic,کاشی و سرامیک,57616105980228781,2884.9,2872.4,2884.8,TSETMC
2014-05-24,1393/03/03,1393,3,3,cement,سیمان، آهک و گچ,70077233737515808,941.3,938.4,938.4,TSETMC
2014-05-24,1393/03/03,1393,3,3,tile_ceramic,کاشی و سرامیک,57616105980228781,2890.9,2882.2,2882.2,TSETMC
2014-05-25,1393/03/04,1393,3,4,cement,سیمان، آهک و گچ,70077233737515808,936.4,922.9,922.9,TSETMC
2014-05-25,1393/03/04,1393,3,4,tile_ceramic,کاشی و سرامیک,57616105980228781,2877.2,2861.0,2861.0,TSETMC
2014-05-26,1393/03/05,1393,3,5,cement,سیمان، آهک و گچ,70077233737515808,921.9,913.3,913.3,TSETMC
2014-05-26,1393/03/05,1393,3,5,tile_ceramic,کاشی و سرامیک,57616105980228781,2860.7,2850.1,2856.0,TSETMC
2014-05-28,1393/03/07,1393,3,7,cement,سیمان، آهک و گچ,70077233737515808,919.0,915.8,916.3,TSETMC
2014-05-28,1393/03/07,1393,3,7,tile_ceramic,کاشی و سرامیک,57616105980228781,2857.0,2844.8,2845.0,TSETMC
2014-05-31,1393/03/10,1393,3,10,cement,سیمان، آهک و گچ,70077233737515808,916.1,909.5,909.5,TSETMC
2014-05-31,1393/03/10,1393,3,10,tile_ceramic,کاشی و سرامیک,57616105980228781,2857.2,2850.7,2855.6,TSETMC
2014-06-01,1393/03/11,1393,3,11,cement,سیمان، آهک و گچ,70077233737515808,909.3,900.3,900.3,TSETMC
2014-06-01,1393/03/11,1393,3,11,tile_ceramic,کاشی و سرامیک,57616105980228781,2855.5,2838.4,2838.4,TSETMC
2014-06-02,1393/03/12,1393,3,12,cement,سیمان، آهک و گچ,70077233737515808,904.3,899.7,904.0,TSETMC
2014-06-02,1393/03/12,1393,3,12,tile_ceramic,کاشی و سرامیک,57616105980228781,2838.8,2825.5,2825.5,TSETMC
2014-06-03,1393/03/13,1393,3,13,cement,سیمان، آهک و گچ,70077233737515808,904.8,903.6,904.8,TSETMC
2014-06-03,1393/03/13,1393,3,13,tile_ceramic,کاشی و سرامیک,57616105980228781,2825.1,2815.6,2815.6,TSETMC
2014-06-07,1393/03/17,1393,3,17,cement,سیمان، آهک و گچ,70077233737515808,905.0,902.6,902.6,TSETMC
2014-06-07,1393/03/17,1393,3,17,tile_ceramic,کاشی و سرامیک,57616105980228781,2816.3,2807.2,2807.2,TSETMC
2014-06-08,1393/03/18,1393,3,18,cement,سیمان، آهک و گچ,70077233737515808,902.7,900.7,900.7,TSETMC
2014-06-08,1393/03/18,1393,3,18,tile_ceramic,کاشی و سرامیک,57616105980228781,2807.1,2794.3,2794.3,TSETMC
2014-06-09,1393/03/19,1393,3,19,cement,سیمان، آهک و گچ,70077233737515808,900.5,896.6,896.9,TSETMC
2014-06-09,1393/03/19,1393,3,19,tile_ceramic,کاشی و سرامیک,57616105980228781,2793.7,2778.2,2778.2,TSETMC
2014-06-10,1393/03/20,1393,3,20,cement,سیمان، آهک و گچ,70077233737515808,896.7,891.9,891.9,TSETMC
2014-06-10,1393/03/20,1393,3,20,tile_ceramic,کاشی و سرامیک,57616105980228781,2778.0,2762.0,2762.0,TSETMC
2014-06-11,1393/03/21,1393,3,21,cement,سیمان، آهک و گچ,70077233737515808,891.7,886.2,886.2,TSETMC
2014-06-11,1393/03/21,1393,3,21,tile_ceramic,کاشی و سرامیک,57616105980228781,2761.8,2748.8,2748.8,TSETMC
2014-06-14,1393/03/24,1393,3,24,cement,سیمان، آهک و گچ,70077233737515808,885.9,878.9,878.9,TSETMC
2014-06-14,1393/03/24,1393,3,24,tile_ceramic,کاشی و سرامیک,57616105980228781,2749.6,2738.2,2738.2,TSETMC
2014-06-15,1393/03/25,1393,3,25,cement,سیمان، آهک و گچ,70077233737515808,878.0,866.8,866.8,TSETMC
2014-06-15,1393/03/25,1393,3,25,tile_ceramic,کاشی و سرامیک,57616105980228781,2736.4,2727.4,2727.4,TSETMC
2014-06-16,1393/03/26,1393,3,26,cement,سیمان، آهک و گچ,70077233737515808,870.1,866.6,870.1,TSETMC
2014-06-16,1393/03/26,1393,3,26,tile_ceramic,کاشی و سرامیک,57616105980228781,2729.1,2722.5,2722.5,TSETMC
2014-06-17,1393/03/27,1393,3,27,cement,سیمان، آهک و گچ,70077233737515808,870.8,869.4,869.4,TSETMC
2014-06-17,1393/03/27,1393,3,27,tile_ceramic,کاشی و سرامیک,57616105980228781,2725.4,2719.1,2725.4,TSETMC
2014-06-18,1393/03/28,1393,3,28,cement,سیمان، آهک و گچ,70077233737515808,887.9,868.7,887.9,TSETMC
2014-06-18,1393/03/28,1393,3,28,tile_ceramic,کاشی و سرامیک,57616105980228781,2725.9,2722.6,2725.9,TSETMC
2014-06-21,1393/03/31,1393,3,31,cement,سیمان، آهک و گچ,70077233737515808,907.5,902.0,907.5,TSETMC
2014-06-21,1393/03/31,1393,3,31,tile_ceramic,کاشی و سرامیک,57616105980228781,2731.8,2728.8,2731.3,TSETMC
2014-06-22,1393/04/01,1393,4,1,cement,سیمان، آهک و گچ,70077233737515808,912.4,905.9,905.9,TSETMC
2014-06-22,1393/04/01,1393,4,1,tile_ceramic,کاشی و سرامیک,57616105980228781,2737.3,2731.5,2732.5,TSETMC
2014-06-23,1393/04/02,1393,4,2,cement,سیمان، آهک و گچ,70077233737515808,904.4,899.3,899.3,TSETMC
2014-06-23,1393/04/02,1393,4,2,tile_ceramic,کاشی و سرامیک,57616105980228781,2727.5,2720.4,2720.4,TSETMC
2014-06-24,1393/04/03,1393,4,3,cement,سیمان، آهک و گچ,70077233737515808,893.2,888.7,888.7,TSETMC
2014-06-24,1393/04/03,1393,4,3,tile_ceramic,کاشی و سرامیک,57616105980228781,2718.1,2710.1,2710.5,TSETMC
2014-06-25,1393/04/04,1393,4,4,cement,سیمان، آهک و گچ,70077233737515808,886.6,878.5,878.5,TSETMC
2014-06-25,1393/04/04,1393,4,4,tile_ceramic,کاشی و سرامیک,57616105980228781,2719.7,2714.4,2714.4,TSETMC
2014-06-28,1393/04/07,1393,4,7,cement,سیمان، آهک و گچ,70077233737515808,876.4,871.4,871.4,TSETMC
2014-06-28,1393/04/07,1393,4,7,tile_ceramic,کاشی و سرامیک,57616105980228781,2714.8,2706.7,2706.9,TSETMC
2014-06-29,1393/04/08,1393,4,8,cement,سیمان، آهک و گچ,70077233737515808,869.3,867.2,867.2,TSETMC
2014-06-29,1393/04/08,1393,4,8,tile_ceramic,کاشی و سرامیک,57616105980228781,2709.4,2702.5,2702.5,TSETMC
2014-06-30,1393/04/09,1393,4,9,cement,سیمان، آهک و گچ,70077233737515808,865.5,862.3,862.4,TSETMC
2014-06-30,1393/04/09,1393,4,9,tile_ceramic,کاشی و سرامیک,57616105980228781,2705.8,2694.1,2694.1,TSETMC
2014-07-01,1393/04/10,1393,4,10,cement,سیمان، آهک و گچ,70077233737515808,861.3,855.2,856.1,TSETMC
2014-07-01,1393/04/10,1393,4,10,tile_ceramic,کاشی و سرامیک,57616105980228781,2702.2,2694.5,2702.0,TSETMC
2014-07-02,1393/04/11,1393,4,11,cement,سیمان، آهک و گچ,70077233737515808,859.0,855.9,858.5,TSETMC
2014-07-02,1393/04/11,1393,4,11,tile_ceramic,کاشی و سرامیک,57616105980228781,2703.6,2699.9,2700.5,TSETMC
2014-07-05,1393/04/14,1393,4,14,cement,سیمان، آهک و گچ,70077233737515808,858.7,856.0,858.1,TSETMC
2014-07-05,1393/04/14,1393,4,14,tile_ceramic,کاشی و سرامیک,57616105980228781,2711.3,2710.5,2710.5,TSETMC
2014-07-06,1393/04/15,1393,4,15,cement,سیمان، آهک و گچ,70077233737515808,857.0,846.0,846.0,TSETMC
2014-07-06,1393/04/15,1393,4,15,tile_ceramic,کاشی و سرامیک,57616105980228781,2712.9,2701.1,2701.1,TSETMC
2014-07-07,1393/04/16,1393,4,16,cement,سیمان، آهک و گچ,70077233737515808,845.0,837.7,837.7,TSETMC
2014-07-07,1393/04/16,1393,4,16,tile_ceramic,کاشی و سرامیک,57616105980228781,2698.2,2691.3,2691.3,TSETMC
2014-07-08,1393/04/17,1393,4,17,cement,سیمان، آهک و گچ,70077233737515808,839.8,837.6,837.8,TSETMC
2014-07-08,1393/04/17,1393,4,17,tile_ceramic,کاشی و سرامیک,57616105980228781,2699.8,2690.9,2691.4,TSETMC
2014-07-09,1393/04/18,1393,4,18,cement,سیمان، آهک و گچ,70077233737515808,836.3,827.2,827.2,TSETMC
2014-07-09,1393/04/18,1393,4,18,tile_ceramic,کاشی و سرامیک,57616105980228781,2692.2,2687.6,2690.5,TSETMC
2014-07-12,1393/04/21,1393,4,21,cement,سیمان، آهک و گچ,70077233737515808,829.3,827.0,829.3,TSETMC
2014-07-12,1393/04/21,1393,4,21,tile_ceramic,کاشی و سرامیک,57616105980228781,2695.2,2691.0,2692.3,TSETMC
2014-07-13,1393/04/22,1393,4,22,cement,سیمان، آهک و گچ,70077233737515808,828.7,823.2,823.2,TSETMC
2014-07-13,1393/04/22,1393,4,22,tile_ceramic,کاشی و سرامیک,57616105980228781,2691.2,2681.8,2682.3,TSETMC
2014-07-14,1393/04/23,1393,4,23,cement,سیمان، آهک و گچ,70077233737515808,822.9,818.9,818.9,TSETMC
2014-07-14,1393/04/23,1393,4,23,tile_ceramic,کاشی و سرامیک,57616105980228781,2681.8,2680.1,2681.8,TSETMC
2014-07-15,1393/04/24,1393,4,24,cement,سیمان، آهک و گچ,70077233737515808,824.5,818.6,824.5,TSETMC
2014-07-15,1393/04/24,1393,4,24,tile_ceramic,کاشی و سرامیک,57616105980228781,2682.2,2675.4,2675.4,TSETMC
2014-07-16,1393/04/25,1393,4,25,cement,سیمان، آهک و گچ,70077233737515808,831.7,827.3,830.8,TSETMC
2014-07-16,1393/04/25,1393,4,25,tile_ceramic,کاشی و سرامیک,57616105980228781,2679.1,2675.5,2679.1,TSETMC
2014-07-20,1393/04/29,1393,4,29,cement,سیمان، آهک و گچ,70077233737515808,829.8,823.3,823.3,TSETMC
2014-07-20,1393/04/29,1393,4,29,tile_ceramic,کاشی و سرامیک,57616105980228781,2696.5,2678.3,2689.5,TSETMC
2014-07-21,1393/04/30,1393,4,30,cement,سیمان، آهک و گچ,70077233737515808,825.3,822.5,825.3,TSETMC
2014-07-21,1393/04/30,1393,4,30,tile_ceramic,کاشی و سرامیک,57616105980228781,2689.7,2681.9,2681.9,TSETMC
2014-07-22,1393/04/31,1393,4,31,cement,سیمان، آهک و گچ,70077233737515808,837.8,825.7,837.8,TSETMC
2014-07-22,1393/04/31,1393,4,31,tile_ceramic,کاشی و سرامیک,57616105980228781,2684.0,2682.5,2684.0,TSETMC
2014-07-23,1393/05/01,1393,5,1,cement,سیمان، آهک و گچ,70077233737515808,839.3,837.7,837.7,TSETMC
2014-07-23,1393/05/01,1393,5,1,tile_ceramic,کاشی و سرامیک,57616105980228781,2690.6,2510.8,2511.6,TSETMC
2014-07-26,1393/05/04,1393,5,4,cement,سیمان، آهک و گچ,70077233737515808,837.9,830.4,830.4,TSETMC
2014-07-26,1393/05/04,1393,5,4,tile_ceramic,کاشی و سرامیک,57616105980228781,2521.9,2513.7,2521.9,TSETMC
2014-07-27,1393/05/05,1393,5,5,cement,سیمان، آهک و گچ,70077233737515808,831.0,830.4,830.4,TSETMC
2014-07-27,1393/05/05,1393,5,5,tile_ceramic,کاشی و سرامیک,57616105980228781,2534.5,2522.8,2534.5,TSETMC
2014-07-28,1393/05/06,1393,5,6,cement,سیمان، آهک و گچ,70077233737515808,831.8,828.6,830.3,TSETMC
2014-07-28,1393/05/06,1393,5,6,tile_ceramic,کاشی و سرامیک,57616105980228781,2549.2,2548.2,2548.4,TSETMC
2014-08-02,1393/05/11,1393,5,11,cement,سیمان، آهک و گچ,70077233737515808,830.7,828.9,828.9,TSETMC
2014-08-02,1393/05/11,1393,5,11,tile_ceramic,کاشی و سرامیک,57616105980228781,2560.9,2558.9,2559.9,TSETMC
2014-08-03,1393/05/12,1393,5,12,cement,سیمان، آهک و گچ,70077233737515808,832.5,828.3,831.5,TSETMC
2014-08-03,1393/05/12,1393,5,12,tile_ceramic,کاشی و سرامیک,57616105980228781,2559.8,2556.4,2556.4,TSETMC
2014-08-04,1393/05/13,1393,5,13,cement,سیمان، آهک و گچ,70077233737515808,831.4,827.9,827.9,TSETMC
2014-08-04,1393/05/13,1393,5,13,tile_ceramic,کاشی و سرامیک,57616105980228781,2559.7,2556.3,2559.7,TSETMC
2014-08-05,1393/05/14,1393,5,14,cement,سیمان، آهک و گچ,70077233737515808,828.0,825.1,825.1,TSETMC
2014-08-05,1393/05/14,1393,5,14,tile_ceramic,کاشی و سرامیک,57616105980228781,2559.7,2550.0,2551.4,TSETMC
2014-08-06,1393/05/15,1393,5,15,cement,سیمان، آهک و گچ,70077233737515808,824.8,821.1,821.1,TSETMC
2014-08-06,1393/05/15,1393,5,15,tile_ceramic,کاشی و سرامیک,57616105980228781,2551.2,2506.2,2515.2,TSETMC
2014-08-09,1393/05/18,1393,5,18,cement,سیمان، آهک و گچ,70077233737515808,821.1,818.1,818.1,TSETMC
2014-08-09,1393/05/18,1393,5,18,tile_ceramic,کاشی و سرامیک,57616105980228781,2523.9,2513.8,2513.8,TSETMC
2014-08-10,1393/05/19,1393,5,19,cement,سیمان، آهک و گچ,70077233737515808,816.7,806.3,806.3,TSETMC
2014-08-10,1393/05/19,1393,5,19,tile_ceramic,کاشی و سرامیک,57616105980228781,2521.7,2519.5,2520.1,TSETMC
2014-08-11,1393/05/20,1393,5,20,cement,سیمان، آهک و گچ,70077233737515808,807.7,803.3,807.0,TSETMC
2014-08-11,1393/05/20,1393,5,20,tile_ceramic,کاشی و سرامیک,57616105980228781,2525.5,2521.1,2521.1,TSETMC
2014-08-12,1393/05/21,1393,5,21,cement,سیمان، آهک و گچ,70077233737515808,810.1,807.2,810.1,TSETMC
2014-08-12,1393/05/21,1393,5,21,tile_ceramic,کاشی و سرامیک,57616105980228781,2530.3,2523.3,2527.6,TSETMC
2014-08-13,1393/05/22,1393,5,22,cement,سیمان، آهک و گچ,70077233737515808,810.1,807.7,807.7,TSETMC
2014-08-13,1393/05/22,1393,5,22,tile_ceramic,کاشی و سرامیک,57616105980228781,2533.0,2495.6,2496.2,TSETMC
2014-08-16,1393/05/25,1393,5,25,cement,سیمان، آهک و گچ,70077233737515808,807.6,803.9,803.9,TSETMC
2014-08-16,1393/05/25,1393,5,25,tile_ceramic,کاشی و سرامیک,57616105980228781,2481.4,2454.0,2454.0,TSETMC
2014-08-17,1393/05/26,1393,5,26,cement,سیمان، آهک و گچ,70077233737515808,803.8,797.3,797.5,TSETMC
2014-08-17,1393/05/26,1393,5,26,tile_ceramic,کاشی و سرامیک,57616105980228781,2459.3,2451.9,2459.1,TSETMC
2014-08-18,1393/05/27,1393,5,27,cement,سیمان، آهک و گچ,70077233737515808,797.4,794.1,794.1,TSETMC
2014-08-18,1393/05/27,1393,5,27,tile_ceramic,کاشی و سرامیک,57616105980228781,2544.7,2462.0,2544.7,TSETMC
2014-08-19,1393/05/28,1393,5,28,cement,سیمان، آهک و گچ,70077233737515808,793.9,790.5,790.5,TSETMC
2014-08-19,1393/05/28,1393,5,28,tile_ceramic,کاشی و سرامیک,57616105980228781,2554.4,2540.2,2540.2,TSETMC
2014-08-20,1393/05/29,1393,5,29,cement,سیمان، آهک و گچ,70077233737515808,791.0,789.8,789.8,TSETMC
2014-08-20,1393/05/29,1393,5,29,tile_ceramic,کاشی و سرامیک,57616105980228781,2544.0,2533.1,2534.5,TSETMC
2014-08-23,1393/06/01,1393,6,1,cement,سیمان، آهک و گچ,70077233737515808,789.9,785.8,785.8,TSETMC
2014-08-23,1393/06/01,1393,6,1,tile_ceramic,کاشی و سرامیک,57616105980228781,2536.4,2513.2,2513.2,TSETMC
2014-08-24,1393/06/02,1393,6,2,cement,سیمان، آهک و گچ,70077233737515808,785.7,780.1,780.1,TSETMC
2014-08-24,1393/06/02,1393,6,2,tile_ceramic,کاشی و سرامیک,57616105980228781,2517.2,2509.3,2517.2,TSETMC
2014-08-25,1393/06/03,1393,6,3,cement,سیمان، آهک و گچ,70077233737515808,779.4,777.1,777.1,TSETMC
2014-08-25,1393/06/03,1393,6,3,tile_ceramic,کاشی و سرامیک,57616105980228781,2522.8,2519.3,2521.1,TSETMC
2014-08-26,1393/06/04,1393,6,4,cement,سیمان، آهک و گچ,70077233737515808,778.2,777.0,778.2,TSETMC
2014-08-26,1393/06/04,1393,6,4,tile_ceramic,کاشی و سرامیک,57616105980228781,2533.0,2523.7,2533.0,TSETMC
2014-08-27,1393/06/05,1393,6,5,cement,سیمان، آهک و گچ,70077233737515808,778.5,777.8,777.8,TSETMC
2014-08-27,1393/06/05,1393,6,5,tile_ceramic,کاشی و سرامیک,57616105980228781,2543.0,2536.9,2536.9,TSETMC
2014-08-30,1393/06/08,1393,6,8,cement,سیمان، آهک و گچ,70077233737515808,777.8,774.3,774.3,TSETMC
2014-08-30,1393/06/08,1393,6,8,tile_ceramic,کاشی و سرامیک,57616105980228781,2536.9,2519.9,2519.9,TSETMC
2014-08-31,1393/06/09,1393,6,9,cement,سیمان، آهک و گچ,70077233737515808,774.4,771.1,771.1,TSETMC
2014-08-31,1393/06/09,1393,6,9,tile_ceramic,کاشی و سرامیک,57616105980228781,2510.3,2503.1,2503.1,TSETMC
2014-09-01,1393/06/10,1393,6,10,cement,سیمان، آهک و گچ,70077233737515808,771.8,766.1,766.1,TSETMC
2014-09-01,1393/06/10,1393,6,10,tile_ceramic,کاشی و سرامیک,57616105980228781,2502.2,2495.9,2496.2,TSETMC
2014-09-02,1393/06/11,1393,6,11,cement,سیمان، آهک و گچ,70077233737515808,773.2,766.6,773.2,TSETMC
2014-09-02,1393/06/11,1393,6,11,tile_ceramic,کاشی و سرامیک,57616105980228781,2498.1,2492.1,2492.4,TSETMC
2014-09-03,1393/06/12,1393,6,12,cement,سیمان، آهک و گچ,70077233737515808,773.6,772.9,772.9,TSETMC
2014-09-03,1393/06/12,1393,6,12,tile_ceramic,کاشی و سرامیک,57616105980228781,2491.7,2472.4,2472.4,TSETMC
2014-09-06,1393/06/15,1393,6,15,cement,سیمان، آهک و گچ,70077233737515808,772.9,767.9,767.9,TSETMC
2014-09-06,1393/06/15,1393,6,15,tile_ceramic,کاشی و سرامیک,57616105980228781,2485.4,2473.4,2485.4,TSETMC
2014-09-07,1393/06/16,1393,6,16,cement,سیمان، آهک و گچ,70077233737515808,768.0,767.0,767.0,TSETMC
2014-09-07,1393/06/16,1393,6,16,tile_ceramic,کاشی و سرامیک,57616105980228781,2485.1,2475.1,2475.1,TSETMC
2014-09-08,1393/06/17,1393,6,17,cement,سیمان، آهک و گچ,70077233737515808,771.3,768.9,771.3,TSETMC
2014-09-08,1393/06/17,1393,6,17,tile_ceramic,کاشی و سرامیک,57616105980228781,2477.9,2468.4,2476.3,TSETMC
2014-09-09,1393/06/18,1393,6,18,cement,سیمان، آهک و گچ,70077233737515808,774.8,773.6,774.8,TSETMC
2014-09-09,1393/06/18,1393,6,18,tile_ceramic,کاشی و سرامیک,57616105980228781,2476.1,2469.4,2470.0,TSETMC
2014-09-10,1393/06/19,1393,6,19,cement,سیمان، آهک و گچ,70077233737515808,775.4,774.8,774.8,TSETMC
2014-09-10,1393/06/19,1393,6,19,tile_ceramic,کاشی و سرامیک,57616105980228781,2469.1,2458.7,2461.4,TSETMC
2014-09-13,1393/06/22,1393,6,22,cement,سیمان، آهک و گچ,70077233737515808,774.8,773.4,773.4,TSETMC
2014-09-13,1393/06/22,1393,6,22,tile_ceramic,کاشی و سرامیک,57616105980228781,2461.4,2453.6,2453.6,TSETMC
2014-09-14,1393/06/23,1393,6,23,cement,سیمان، آهک و گچ,70077233737515808,773.1,771.2,771.2,TSETMC
2014-09-14,1393/06/23,1393,6,23,tile_ceramic,کاشی و سرامیک,57616105980228781,2453.6,2448.5,2449.6,TSETMC
2014-09-15,1393/06/24,1393,6,24,cement,سیمان، آهک و گچ,70077233737515808,771.1,770.0,770.1,TSETMC
2014-09-15,1393/06/24,1393,6,24,tile_ceramic,کاشی و سرامیک,57616105980228781,2458.1,2449.9,2449.9,TSETMC
2014-09-16,1393/06/25,1393,6,25,cement,سیمان، آهک و گچ,70077233737515808,770.1,768.6,768.6,TSETMC
2014-09-16,1393/06/25,1393,6,25,tile_ceramic,کاشی و سرامیک,57616105980228781,2456.6,2448.9,2449.2,TSETMC
2014-09-17,1393/06/26,1393,6,26,cement,سیمان، آهک و گچ,70077233737515808,770.0,768.5,770.0,TSETMC
2014-09-17,1393/06/26,1393,6,26,tile_ceramic,کاشی و سرامیک,57616105980228781,2458.4,2449.1,2449.6,TSETMC
2014-09-20,1393/06/29,1393,6,29,cement,سیمان، آهک و گچ,70077233737515808,770.4,770.0,770.0,TSETMC
2014-09-20,1393/06/29,1393,6,29,tile_ceramic,کاشی و سرامیک,57616105980228781,2450.4,2447.5,2449.4,TSETMC
2014-09-21,1393/06/30,1393,6,30,cement,سیمان، آهک و گچ,70077233737515808,770.0,765.7,765.7,TSETMC
2014-09-21,1393/06/30,1393,6,30,tile_ceramic,کاشی و سرامیک,57616105980228781,2463.4,2457.1,2463.4,TSETMC
2014-09-22,1393/06/31,1393,6,31,cement,سیمان، آهک و گچ,70077233737515808,766.6,766.1,766.4,TSETMC
2014-09-22,1393/06/31,1393,6,31,tile_ceramic,کاشی و سرامیک,57616105980228781,2471.3,2465.6,2467.8,TSETMC
2014-09-23,1393/07/01,1393,7,1,cement,سیمان، آهک و گچ,70077233737515808,768.7,767.1,768.7,TSETMC
2014-09-23,1393/07/01,1393,7,1,tile_ceramic,کاشی و سرامیک,57616105980228781,2480.9,2469.0,2480.9,TSETMC
2014-09-24,1393/07/02,1393,7,2,cement,سیمان، آهک و گچ,70077233737515808,782.3,769.5,782.3,TSETMC
2014-09-24,1393/07/02,1393,7,2,tile_ceramic,کاشی و سرامیک,57616105980228781,2494.3,2478.9,2479.6,TSETMC
2014-09-27,1393/07/05,1393,7,5,cement,سیمان، آهک و گچ,70077233737515808,784.1,782.8,783.0,TSETMC
2014-09-27,1393/07/05,1393,7,5,tile_ceramic,کاشی و سرامیک,57616105980228781,2485.0,2480.6,2480.6,TSETMC
2014-09-28,1393/07/06,1393,7,6,cement,سیمان، آهک و گچ,70077233737515808,783.4,780.5,780.5,TSETMC
2014-09-28,1393/07/06,1393,7,6,tile_ceramic,کاشی و سرامیک,57616105980228781,2486.6,2482.3,2482.3,TSETMC
2014-09-29,1393/07/07,1393,7,7,cement,سیمان، آهک و گچ,70077233737515808,780.3,777.8,777.8,TSETMC
2014-09-29,1393/07/07,1393,7,7,tile_ceramic,کاشی و سرامیک,57616105980228781,2482.6,2473.2,2474.1,TSETMC
2014-09-30,1393/07/08,1393,7,8,cement,سیمان، آهک و گچ,70077233737515808,777.8,776.0,776.0,TSETMC
2014-09-30,1393/07/08,1393,7,8,tile_ceramic,کاشی و سرامیک,57616105980228781,2474.1,2467.2,2467.4,TSETMC
2014-10-01,1393/07/09,1393,7,9,cement,سیمان، آهک و گچ,70077233737515808,776.5,775.9,776.4,TSETMC
2014-10-01,1393/07/09,1393,7,9,tile_ceramic,کاشی و سرامیک,57616105980228781,2490.9,2468.0,2484.0,TSETMC
2014-10-04,1393/07/12,1393,7,12,cement,سیمان، آهک و گچ,70077233737515808,776.5,775.8,775.8,TSETMC
2014-10-04,1393/07/12,1393,7,12,tile_ceramic,کاشی و سرامیک,57616105980228781,2492.8,2486.8,2486.8,TSETMC
2014-10-06,1393/07/14,1393,7,14,cement,سیمان، آهک و گچ,70077233737515808,775.8,775.0,775.4,TSETMC
2014-10-06,1393/07/14,1393,7,14,tile_ceramic,کاشی و سرامیک,57616105980228781,2492.9,2487.0,2487.2,TSETMC
2014-10-07,1393/07/15,1393,7,15,cement,سیمان، آهک و گچ,70077233737515808,779.6,776.0,779.5,TSETMC
2014-10-07,1393/07/15,1393,7,15,tile_ceramic,کاشی و سرامیک,57616105980228781,2503.5,2490.6,2503.2,TSETMC
2014-10-08,1393/07/16,1393,7,16,cement,سیمان، آهک و گچ,70077233737515808,779.5,778.7,779.0,TSETMC
2014-10-08,1393/07/16,1393,7,16,tile_ceramic,کاشی و سرامیک,57616105980228781,2536.5,2526.9,2531.9,TSETMC
2014-10-11,1393/07/19,1393,7,19,cement,سیمان، آهک و گچ,70077233737515808,778.1,776.7,776.7,TSETMC
2014-10-11,1393/07/19,1393,7,19,tile_ceramic,کاشی و سرامیک,57616105980228781,2537.8,2532.3,2536.3,TSETMC
2014-10-12,1393/07/20,1393,7,20,cement,سیمان، آهک و گچ,70077233737515808,776.4,774.1,774.1,TSETMC
2014-10-12,1393/07/20,1393,7,20,tile_ceramic,کاشی و سرامیک,57616105980228781,2545.0,2509.7,2509.7,TSETMC
2014-10-14,1393/07/22,1393,7,22,cement,سیمان، آهک و گچ,70077233737515808,774.2,772.5,772.5,TSETMC
2014-10-14,1393/07/22,1393,7,22,tile_ceramic,کاشی و سرامیک,57616105980228781,2512.3,2492.5,2492.5,TSETMC
2014-10-15,1393/07/23,1393,7,23,cement,سیمان، آهک و گچ,70077233737515808,772.5,770.8,770.8,TSETMC
2014-10-15,1393/07/23,1393,7,23,tile_ceramic,کاشی و سرامیک,57616105980228781,2492.0,2480.8,2480.8,TSETMC
2014-10-18,1393/07/26,1393,7,26,cement,سیمان، آهک و گچ,70077233737515808,771.8,770.8,771.2,TSETMC
2014-10-18,1393/07/26,1393,7,26,tile_ceramic,کاشی و سرامیک,57616105980228781,2479.3,2477.2,2477.3,TSETMC
2014-10-19,1393/07/27,1393,7,27,cement,سیمان، آهک و گچ,70077233737515808,785.0,775.2,785.0,TSETMC
2014-10-19,1393/07/27,1393,7,27,tile_ceramic,کاشی و سرامیک,57616105980228781,2478.4,2459.2,2459.2,TSETMC
2014-10-20,1393/07/28,1393,7,28,cement,سیمان، آهک و گچ,70077233737515808,800.3,788.8,800.3,TSETMC
2014-10-20,1393/07/28,1393,7,28,tile_ceramic,کاشی و سرامیک,57616105980228781,2484.0,2441.6,2482.4,TSETMC
2014-10-21,1393/07/29,1393,7,29,cement,سیمان، آهک و گچ,70077233737515808,801.4,795.1,795.1,TSETMC
2014-10-21,1393/07/29,1393,7,29,tile_ceramic,کاشی و سرامیک,57616105980228781,2482.4,2454.6,2454.6,TSETMC
2014-10-22,1393/07/30,1393,7,30,cement,سیمان، آهک و گچ,70077233737515808,793.0,783.9,783.9,TSETMC
2014-10-22,1393/07/30,1393,7,30,tile_ceramic,کاشی و سرامیک,57616105980228781,2453.9,2420.6,2420.6,TSETMC
2014-10-25,1393/08/03,1393,8,3,cement,سیمان، آهک و گچ,70077233737515808,783.9,780.7,780.7,TSETMC
2014-10-25,1393/08/03,1393,8,3,tile_ceramic,کاشی و سرامیک,57616105980228781,2426.3,2415.4,2423.6,TSETMC
2014-10-26,1393/08/04,1393,8,4,cement,سیمان، آهک و گچ,70077233737515808,781.4,780.7,780.9,TSETMC
2014-10-26,1393/08/04,1393,8,4,tile_ceramic,کاشی و سرامیک,57616105980228781,2437.3,2424.9,2437.3,TSETMC
2014-10-27,1393/08/05,1393,8,5,cement,سیمان، آهک و گچ,70077233737515808,781.8,781.1,781.4,TSETMC
2014-10-27,1393/08/05,1393,8,5,tile_ceramic,کاشی و سرامیک,57616105980228781,2442.1,2436.5,2442.0,TSETMC
2014-10-28,1393/08/06,1393,8,6,cement,سیمان، آهک و گچ,70077233737515808,782.0,780.4,780.4,TSETMC
2014-10-28,1393/08/06,1393,8,6,tile_ceramic,کاشی و سرامیک,57616105980228781,2442.7,2432.3,2433.2,TSETMC
2014-10-29,1393/08/07,1393,8,7,cement,سیمان، آهک و گچ,70077233737515808,786.6,780.2,786.6,TSETMC
2014-10-29,1393/08/07,1393,8,7,tile_ceramic,کاشی و سرامیک,57616105980228781,2437.1,2419.9,2420.3,TSETMC
2014-11-01,1393/08/10,1393,8,10,cement,سیمان، آهک و گچ,70077233737515808,796.9,787.7,796.7,TSETMC
2014-11-01,1393/08/10,1393,8,10,tile_ceramic,کاشی و سرامیک,57616105980228781,2453.2,2425.0,2453.2,TSETMC
2014-11-02,1393/08/11,1393,8,11,cement,سیمان، آهک و گچ,70077233737515808,805.6,797.3,805.6,TSETMC
2014-11-02,1393/08/11,1393,8,11,tile_ceramic,کاشی و سرامیک,57616105980228781,2467.0,2451.5,2451.5,TSETMC
2014-11-05,1393/08/14,1393,8,14,cement,سیمان، آهک و گچ,70077233737515808,824.3,813.0,824.3,TSETMC
2014-11-05,1393/08/14,1393,8,14,tile_ceramic,کاشی و سرامیک,57616105980228781,2453.0,2425.6,2425.6,TSETMC
2014-11-08,1393/08/17,1393,8,17,cement,سیمان، آهک و گچ,70077233737515808,842.0,831.2,842.0,TSETMC
2014-11-08,1393/08/17,1393,8,17,tile_ceramic,کاشی و سرامیک,57616105980228781,2427.8,2410.5,2427.8,TSETMC
2014-11-09,1393/08/18,1393,8,18,cement,سیمان، آهک و گچ,70077233737515808,847.4,842.1,842.1,TSETMC
2014-11-09,1393/08/18,1393,8,18,tile_ceramic,کاشی و سرامیک,57616105980228781,2484.6,2433.1,2484.6,TSETMC
2014-11-10,1393/08/19,1393,8,19,cement,سیمان، آهک و گچ,70077233737515808,841.4,830.4,830.4,TSETMC
2014-11-10,1393/08/19,1393,8,19,tile_ceramic,کاشی و سرامیک,57616105980228781,2534.4,2518.3,2526.0,TSETMC
2014-11-11,1393/08/20,1393,8,20,cement,سیمان، آهک و گچ,70077233737515808,836.4,833.1,833.1,TSETMC
2014-11-11,1393/08/20,1393,8,20,tile_ceramic,کاشی و سرامیک,57616105980228781,2540.0,2530.9,2535.1,TSETMC
2014-11-12,1393/08/21,1393,8,21,cement,سیمان، آهک و گچ,70077233737515808,861.8,833.4,861.8,TSETMC
2014-11-12,1393/08/21,1393,8,21,tile_ceramic,کاشی و سرامیک,57616105980228781,2559.6,2554.0,2557.3,TSETMC
2014-11-15,1393/08/24,1393,8,24,cement,سیمان، آهک و گچ,70077233737515808,856.3,848.5,856.3,TSETMC
2014-11-15,1393/08/24,1393,8,24,tile_ceramic,کاشی و سرامیک,57616105980228781,2555.3,2543.4,2543.4,TSETMC
2014-11-16,1393/08/25,1393,8,25,cement,سیمان، آهک و گچ,70077233737515808,862.9,857.7,857.7,TSETMC
2014-11-16,1393/08/25,1393,8,25,tile_ceramic,کاشی و سرامیک,57616105980228781,2542.6,2511.2,2511.2,TSETMC
2014-11-17,1393/08/26,1393,8,26,cement,سیمان، آهک و گچ,70077233737515808,860.5,857.8,859.7,TSETMC
2014-11-17,1393/08/26,1393,8,26,tile_ceramic,کاشی و سرامیک,57616105980228781,2504.7,2501.7,2501.8,TSETMC
2014-11-18,1393/08/27,1393,8,27,cement,سیمان، آهک و گچ,70077233737515808,862.0,852.2,852.2,TSETMC
2014-11-18,1393/08/27,1393,8,27,tile_ceramic,کاشی و سرامیک,57616105980228781,2506.2,2502.0,2504.6,TSETMC
2014-11-19,1393/08/28,1393,8,28,cement,سیمان، آهک و گچ,70077233737515808,853.8,848.6,848.6,TSETMC
2014-11-19,1393/08/28,1393,8,28,tile_ceramic,کاشی و سرامیک,57616105980228781,2504.1,2491.4,2493.1,TSETMC
2014-11-22,1393/09/01,1393,9,1,cement,سیمان، آهک و گچ,70077233737515808,849.2,844.5,844.5,TSETMC
2014-11-22,1393/09/01,1393,9,1,tile_ceramic,کاشی و سرامیک,57616105980228781,2492.4,2485.0,2485.0,TSETMC
2014-11-23,1393/09/02,1393,9,2,cement,سیمان، آهک و گچ,70077233737515808,844.0,840.9,840.9,TSETMC
2014-11-23,1393/09/02,1393,9,2,tile_ceramic,کاشی و سرامیک,57616105980228781,2522.1,2475.2,2522.1,TSETMC
2014-11-24,1393/09/03,1393,9,3,cement,سیمان، آهک و گچ,70077233737515808,842.8,838.8,838.8,TSETMC
2014-11-24,1393/09/03,1393,9,3,tile_ceramic,کاشی و سرامیک,57616105980228781,2514.2,2490.4,2490.4,TSETMC
2014-11-25,1393/09/04,1393,9,4,cement,سیمان، آهک و گچ,70077233737515808,832.3,824.1,824.1,TSETMC
2014-11-25,1393/09/04,1393,9,4,tile_ceramic,کاشی و سرامیک,57616105980228781,2477.2,2450.4,2450.4,TSETMC
2014-11-26,1393/09/05,1393,9,5,cement,سیمان، آهک و گچ,70077233737515808,831.5,823.7,831.5,TSETMC
2014-11-26,1393/09/05,1393,9,5,tile_ceramic,کاشی و سرامیک,57616105980228781,2455.9,2438.3,2453.8,TSETMC
2014-11-29,1393/09/08,1393,9,8,cement,سیمان، آهک و گچ,70077233737515808,843.5,835.8,841.4,TSETMC
2014-11-29,1393/09/08,1393,9,8,tile_ceramic,کاشی و سرامیک,57616105980228781,2466.1,2446.9,2446.9,TSETMC
2014-11-30,1393/09/09,1393,9,9,cement,سیمان، آهک و گچ,70077233737515808,838.2,828.5,828.5,TSETMC
2014-11-30,1393/09/09,1393,9,9,tile_ceramic,کاشی و سرامیک,57616105980228781,2441.2,2423.6,2425.6,TSETMC
2014-12-01,1393/09/10,1393,9,10,cement,سیمان، آهک و گچ,70077233737515808,830.6,824.3,830.6,TSETMC
2014-12-01,1393/09/10,1393,9,10,tile_ceramic,کاشی و سرامیک,57616105980228781,2430.6,2427.2,2427.6,TSETMC
2014-12-02,1393/09/11,1393,9,11,cement,سیمان، آهک و گچ,70077233737515808,835.9,827.9,835.9,TSETMC
2014-12-02,1393/09/11,1393,9,11,tile_ceramic,کاشی و سرامیک,57616105980228781,2438.0,2430.4,2435.3,TSETMC
2014-12-03,1393/09/12,1393,9,12,cement,سیمان، آهک و گچ,70077233737515808,846.7,843.4,843.4,TSETMC
2014-12-03,1393/09/12,1393,9,12,tile_ceramic,کاشی و سرامیک,57616105980228781,2445.1,2436.2,2441.4,TSETMC
2014-12-06,1393/09/15,1393,9,15,cement,سیمان، آهک و گچ,70077233737515808,842.8,835.3,835.3,TSETMC
2014-12-06,1393/09/15,1393,9,15,tile_ceramic,کاشی و سرامیک,57616105980228781,2435.3,2418.8,2418.8,TSETMC
2014-12-07,1393/09/16,1393,9,16,cement,سیمان، آهک و گچ,70077233737515808,831.3,823.5,823.5,TSETMC
2014-12-07,1393/09/16,1393,9,16,tile_ceramic,کاشی و سرامیک,57616105980228781,2408.0,2395.1,2398.5,TSETMC
2014-12-08,1393/09/17,1393,9,17,cement,سیمان، آهک و گچ,70077233737515808,822.7,820.3,820.3,TSETMC
2014-12-08,1393/09/17,1393,9,17,tile_ceramic,کاشی و سرامیک,57616105980228781,2388.4,2375.6,2380.0,TSETMC
2014-12-09,1393/09/18,1393,9,18,cement,سیمان، آهک و گچ,70077233737515808,820.7,814.5,814.5,TSETMC
2014-12-09,1393/09/18,1393,9,18,tile_ceramic,کاشی و سرامیک,57616105980228781,2382.7,2370.3,2370.3,TSETMC
2014-12-10,1393/09/19,1393,9,19,cement,سیمان، آهک و گچ,70077233737515808,814.4,810.8,810.8,TSETMC
2014-12-10,1393/09/19,1393,9,19,tile_ceramic,کاشی و سرامیک,57616105980228781,2377.9,2372.2,2375.4,TSETMC
2014-12-14,1393/09/23,1393,9,23,cement,سیمان، آهک و گچ,70077233737515808,809.6,802.9,802.9,TSETMC
2014-12-14,1393/09/23,1393,9,23,tile_ceramic,کاشی و سرامیک,57616105980228781,2374.5,2357.1,2357.8,TSETMC
2014-12-15,1393/09/24,1393,9,24,cement,سیمان، آهک و گچ,70077233737515808,802.1,793.8,794.2,TSETMC
2014-12-15,1393/09/24,1393,9,24,tile_ceramic,کاشی و سرامیک,57616105980228781,2350.0,2337.0,2337.1,TSETMC
2014-12-16,1393/09/25,1393,9,25,cement,سیمان، آهک و گچ,70077233737515808,795.1,792.5,792.5,TSETMC
2014-12-16,1393/09/25,1393,9,25,tile_ceramic,کاشی و سرامیک,57616105980228781,2336.9,2322.1,2322.1,TSETMC
2014-12-17,1393/09/26,1393,9,26,cement,سیمان، آهک و گچ,70077233737515808,792.4,787.8,787.8,TSETMC
2014-12-17,1393/09/26,1393,9,26,tile_ceramic,کاشی و سرامیک,57616105980228781,2322.0,2310.9,2310.9,TSETMC
2014-12-20,1393/09/29,1393,9,29,cement,سیمان، آهک و گچ,70077233737515808,793.0,787.6,793.0,TSETMC
2014-12-20,1393/09/29,1393,9,29,tile_ceramic,کاشی و سرامیک,57616105980228781,2318.8,2310.5,2316.9,TSETMC
2014-12-22,1393/10/01,1393,10,1,cement,سیمان، آهک و گچ,70077233737515808,801.7,796.3,801.7,TSETMC
2014-12-22,1393/10/01,1393,10,1,tile_ceramic,کاشی و سرامیک,57616105980228781,2327.8,2320.0,2326.0,TSETMC
2014-12-24,1393/10/03,1393,10,3,cement,سیمان، آهک و گچ,70077233737515808,803.3,798.6,798.6,TSETMC
2014-12-24,1393/10/03,1393,10,3,tile_ceramic,کاشی و سرامیک,57616105980228781,2334.1,2328.2,2328.2,TSETMC
2014-12-27,1393/10/06,1393,10,6,cement,سیمان، آهک و گچ,70077233737515808,797.9,790.7,790.7,TSETMC
2014-12-27,1393/10/06,1393,10,6,tile_ceramic,کاشی و سرامیک,57616105980228781,2327.1,2308.8,2308.7,TSETMC
2014-12-28,1393/10/07,1393,10,7,cement,سیمان، آهک و گچ,70077233737515808,790.8,787.5,787.5,TSETMC
2014-12-28,1393/10/07,1393,10,7,tile_ceramic,کاشی و سرامیک,57616105980228781,2315.7,2290.1,2290.1,TSETMC
2014-12-29,1393/10/08,1393,10,8,cement,سیمان، آهک و گچ,70077233737515808,787.8,784.8,784.8,TSETMC
2014-12-29,1393/10/08,1393,10,8,tile_ceramic,کاشی و سرامیک,57616105980228781,2289.1,2267.2,2267.1,TSETMC
2014-12-30,1393/10/09,1393,10,9,cement,سیمان، آهک و گچ,70077233737515808,784.9,782.4,782.4,TSETMC
2014-12-30,1393/10/09,1393,10,9,tile_ceramic,کاشی و سرامیک,57616105980228781,2269.1,2262.2,2264.7,TSETMC
2014-12-31,1393/10/10,1393,10,10,cement,سیمان، آهک و گچ,70077233737515808,782.7,780.3,780.3,TSETMC
2014-12-31,1393/10/10,1393,10,10,tile_ceramic,کاشی و سرامیک,57616105980228781,2264.7,2259.0,2259.0,TSETMC
2015-01-03,1393/10/13,1393,10,13,cement,سیمان، آهک و گچ,70077233737515808,780.2,779.3,779.3,TSETMC
2015-01-03,1393/10/13,1393,10,13,tile_ceramic,کاشی و سرامیک,57616105980228781,2258.6,2247.4,2247.4,TSETMC
2015-01-04,1393/10/14,1393,10,14,cement,سیمان، آهک و گچ,70077233737515808,779.4,777.5,777.5,TSETMC
2015-01-04,1393/10/14,1393,10,14,tile_ceramic,کاشی و سرامیک,57616105980228781,2251.8,2247.1,2251.6,TSETMC
2015-01-05,1393/10/15,1393,10,15,cement,سیمان، آهک و گچ,70077233737515808,777.4,772.4,772.4,TSETMC
2015-01-05,1393/10/15,1393,10,15,tile_ceramic,کاشی و سرامیک,57616105980228781,2251.0,2236.1,2236.1,TSETMC
2015-01-06,1393/10/16,1393,10,16,cement,سیمان، آهک و گچ,70077233737515808,772.5,763.1,763.1,TSETMC
2015-01-06,1393/10/16,1393,10,16,tile_ceramic,کاشی و سرامیک,57616105980228781,2228.7,2217.3,2217.3,TSETMC
2015-01-07,1393/10/17,1393,10,17,cement,سیمان، آهک و گچ,70077233737515808,762.9,758.4,758.4,TSETMC
2015-01-07,1393/10/17,1393,10,17,tile_ceramic,کاشی و سرامیک,57616105980228781,2220.1,2207.4,2207.4,TSETMC
2015-01-10,1393/10/20,1393,10,20,cement,سیمان، آهک و گچ,70077233737515808,758.3,753.7,753.7,TSETMC
2015-01-10,1393/10/20,1393,10,20,tile_ceramic,کاشی و سرامیک,57616105980228781,2209.8,2204.9,2209.7,TSETMC
2015-01-11,1393/10/21,1393,10,21,cement,سیمان، آهک و گچ,70077233737515808,752.9,748.5,748.5,TSETMC
2015-01-11,1393/10/21,1393,10,21,tile_ceramic,کاشی و سرامیک,57616105980228781,2215.7,2205.7,2206.1,TSETMC
2015-01-12,1393/10/22,1393,10,22,cement,سیمان، آهک و گچ,70077233737515808,750.7,747.3,747.3,TSETMC
2015-01-12,1393/10/22,1393,10,22,tile_ceramic,کاشی و سرامیک,57616105980228781,2222.1,2211.5,2218.3,TSETMC
2015-01-13,1393/10/23,1393,10,23,cement,سیمان، آهک و گچ,70077233737515808,747.0,739.1,739.1,TSETMC
2015-01-13,1393/10/23,1393,10,23,tile_ceramic,کاشی و سرامیک,57616105980228781,2223.8,2207.7,2207.7,TSETMC
2015-01-14,1393/10/24,1393,10,24,cement,سیمان، آهک و گچ,70077233737515808,735.7,732.6,732.6,TSETMC
2015-01-14,1393/10/24,1393,10,24,tile_ceramic,کاشی و سرامیک,57616105980228781,2207.1,2195.4,2195.6,TSETMC
2015-01-17,1393/10/27,1393,10,27,cement,سیمان، آهک و گچ,70077233737515808,728.7,728.4,728.5,TSETMC
2015-01-17,1393/10/27,1393,10,27,tile_ceramic,کاشی و سرامیک,57616105980228781,2195.9,2187.9,2189.4,TSETMC
2015-01-18,1393/10/28,1393,10,28,cement,سیمان، آهک و گچ,70077233737515808,726.6,724.9,724.9,TSETMC
2015-01-18,1393/10/28,1393,10,28,tile_ceramic,کاشی و سرامیک,57616105980228781,2189.3,2183.1,2183.1,TSETMC
2015-01-19,1393/10/29,1393,10,29,cement,سیمان، آهک و گچ,70077233737515808,724.7,722.1,722.1,TSETMC
2015-01-19,1393/10/29,1393,10,29,tile_ceramic,کاشی و سرامیک,57616105980228781,2187.0,2176.9,2186.2,TSETMC
2015-01-20,1393/10/30,1393,10,30,cement,سیمان، آهک و گچ,70077233737515808,722.1,720.3,720.3,TSETMC
2015-01-20,1393/10/30,1393,10,30,tile_ceramic,کاشی و سرامیک,57616105980228781,2182.7,2179.1,2179.1,TSETMC
2015-01-21,1393/11/01,1393,11,1,cement,سیمان، آهک و گچ,70077233737515808,719.4,715.4,715.4,TSETMC
2015-01-21,1393/11/01,1393,11,1,tile_ceramic,کاشی و سرامیک,57616105980228781,2176.6,2162.3,2162.2,TSETMC
2015-01-24,1393/11/04,1393,11,4,cement,سیمان، آهک و گچ,70077233737515808,715.6,713.8,713.8,TSETMC
2015-01-24,1393/11/04,1393,11,4,tile_ceramic,کاشی و سرامیک,57616105980228781,2158.1,2154.7,2154.7,TSETMC
2015-01-25,1393/11/05,1393,11,5,cement,سیمان، آهک و گچ,70077233737515808,715.2,713.7,714.7,TSETMC
2015-01-25,1393/11/05,1393,11,5,tile_ceramic,کاشی و سرامیک,57616105980228781,2157.4,2155.7,2155.8,TSETMC
2015-01-26,1393/11/06,1393,11,6,cement,سیمان، آهک و گچ,70077233737515808,714.3,713.1,713.1,TSETMC
2015-01-26,1393/11/06,1393,11,6,tile_ceramic,کاشی و سرامیک,57616105980228781,2153.1,2150.9,2150.8,TSETMC
2015-01-27,1393/11/07,1393,11,7,cement,سیمان، آهک و گچ,70077233737515808,714.0,713.1,714.0,TSETMC
2015-01-27,1393/11/07,1393,11,7,tile_ceramic,کاشی و سرامیک,57616105980228781,2158.0,2148.9,2158.0,TSETMC
2015-01-28,1393/11/08,1393,11,8,cement,سیمان، آهک و گچ,70077233737515808,719.3,714.4,719.3,TSETMC
2015-01-28,1393/11/08,1393,11,8,tile_ceramic,کاشی و سرامیک,57616105980228781,2165.9,2161.1,2162.1,TSETMC
2015-01-31,1393/11/11,1393,11,11,cement,سیمان، آهک و گچ,70077233737515808,721.3,717.6,721.3,TSETMC
2015-01-31,1393/11/11,1393,11,11,tile_ceramic,کاشی و سرامیک,57616105980228781,2166.6,2158.2,2158.1,TSETMC
2015-02-01,1393/11/12,1393,11,12,cement,سیمان، آهک و گچ,70077233737515808,722.2,720.1,720.2,TSETMC
2015-02-01,1393/11/12,1393,11,12,tile_ceramic,کاشی و سرامیک,57616105980228781,2161.7,2157.0,2160.1,TSETMC
2015-02-02,1393/11/13,1393,11,13,cement,سیمان، آهک و گچ,70077233737515808,720.6,720.1,720.1,TSETMC
2015-02-02,1393/11/13,1393,11,13,tile_ceramic,کاشی و سرامیک,57616105980228781,2163.3,2160.7,2161.6,TSETMC
2015-02-03,1393/11/14,1393,11,14,cement,سیمان، آهک و گچ,70077233737515808,722.0,720.0,721.7,TSETMC
2015-02-03,1393/11/14,1393,11,14,tile_ceramic,کاشی و سرامیک,57616105980228781,2161.4,2137.3,2137.3,TSETMC
2015-02-04,1393/11/15,1393,11,15,cement,سیمان، آهک و گچ,70077233737515808,728.7,723.0,728.7,TSETMC
2015-02-04,1393/11/15,1393,11,15,tile_ceramic,کاشی و سرامیک,57616105980228781,2141.5,2134.1,2136.7,TSETMC
2015-02-07,1393/11/18,1393,11,18,cement,سیمان، آهک و گچ,70077233737515808,737.2,733.2,736.8,TSETMC
2015-02-07,1393/11/18,1393,11,18,tile_ceramic,کاشی و سرامیک,57616105980228781,2147.1,2141.2,2141.2,TSETMC
2015-02-08,1393/11/19,1393,11,19,cement,سیمان، آهک و گچ,70077233737515808,736.1,731.3,731.3,TSETMC
2015-02-08,1393/11/19,1393,11,19,tile_ceramic,کاشی و سرامیک,57616105980228781,2160.1,2138.2,2156.1,TSETMC
2015-02-09,1393/11/20,1393,11,20,cement,سیمان، آهک و گچ,70077233737515808,730.9,727.5,727.5,TSETMC
2015-02-09,1393/11/20,1393,11,20,tile_ceramic,کاشی و سرامیک,57616105980228781,2160.6,2157.7,2157.7,TSETMC
2015-02-10,1393/11/21,1393,11,21,cement,سیمان، آهک و گچ,70077233737515808,727.1,723.5,723.5,TSETMC
2015-02-10,1393/11/21,1393,11,21,tile_ceramic,کاشی و سرامیک,57616105980228781,2157.6,2147.8,2147.9,TSETMC
2015-02-14,1393/11/25,1393,11,25,cement,سیمان، آهک و گچ,70077233737515808,723.7,722.9,722.9,TSETMC
2015-02-14,1393/11/25,1393,11,25,tile_ceramic,کاشی و سرامیک,57616105980228781,2156.4,2149.5,2156.3,TSETMC
2015-02-15,1393/11/26,1393,11,26,cement,سیمان، آهک و گچ,70077233737515808,722.6,720.5,720.5,TSETMC
2015-02-15,1393/11/26,1393,11,26,tile_ceramic,کاشی و سرامیک,57616105980228781,2149.8,2137.9,2137.9,TSETMC
2015-02-16,1393/11/27,1393,11,27,cement,سیمان، آهک و گچ,70077233737515808,720.2,719.3,719.3,TSETMC
2015-02-16,1393/11/27,1393,11,27,tile_ceramic,کاشی و سرامیک,57616105980228781,2132.5,2129.4,2129.4,TSETMC
2015-02-17,1393/11/28,1393,11,28,cement,سیمان، آهک و گچ,70077233737515808,718.9,715.9,716.0,TSETMC
2015-02-17,1393/11/28,1393,11,28,tile_ceramic,کاشی و سرامیک,57616105980228781,2128.9,2118.8,2118.8,TSETMC
2015-02-18,1393/11/29,1393,11,29,cement,سیمان، آهک و گچ,70077233737515808,725.3,715.0,725.3,TSETMC
2015-02-18,1393/11/29,1393,11,29,tile_ceramic,کاشی و سرامیک,57616105980228781,2117.9,2107.3,2107.6,TSETMC
2015-02-21,1393/12/02,1393,12,2,cement,سیمان، آهک و گچ,70077233737515808,724.2,723.1,723.1,TSETMC
2015-02-21,1393/12/02,1393,12,2,tile_ceramic,کاشی و سرامیک,57616105980228781,2107.7,2100.0,2100.0,TSETMC
2015-02-22,1393/12/03,1393,12,3,cement,سیمان، آهک و گچ,70077233737515808,723.0,720.5,720.5,TSETMC
2015-02-22,1393/12/03,1393,12,3,tile_ceramic,کاشی و سرامیک,57616105980228781,2099.3,2094.6,2094.6,TSETMC
2015-02-23,1393/12/04,1393,12,4,cement,سیمان، آهک و گچ,70077233737515808,720.3,717.4,717.4,TSETMC
2015-02-23,1393/12/04,1393,12,4,tile_ceramic,کاشی و سرامیک,57616105980228781,2092.4,2085.4,2087.9,TSETMC
2015-02-24,1393/12/05,1393,12,5,cement,سیمان، آهک و گچ,70077233737515808,717.4,717.0,717.0,TSETMC
2015-02-24,1393/12/05,1393,12,5,tile_ceramic,کاشی و سرامیک,57616105980228781,2087.7,2077.0,2077.0,TSETMC
2015-02-25,1393/12/06,1393,12,6,cement,سیمان، آهک و گچ,70077233737515808,717.0,714.2,714.2,TSETMC
2015-02-25,1393/12/06,1393,12,6,tile_ceramic,کاشی و سرامیک,57616105980228781,2076.3,2071.6,2071.6,TSETMC
2015-02-28,1393/12/09,1393,12,9,cement,سیمان، آهک و گچ,70077233737515808,714.3,711.9,711.9,TSETMC
2015-02-28,1393/12/09,1393,12,9,tile_ceramic,کاشی و سرامیک,57616105980228781,2071.6,2065.9,2065.9,TSETMC
2015-03-01,1393/12/10,1393,12,10,cement,سیمان، آهک و گچ,70077233737515808,711.7,710.3,710.9,TSETMC
2015-03-01,1393/12/10,1393,12,10,tile_ceramic,کاشی و سرامیک,57616105980228781,2064.9,2056.0,2056.0,TSETMC
2015-03-02,1393/12/11,1393,12,11,cement,سیمان، آهک و گچ,70077233737515808,711.6,710.9,711.5,TSETMC
2015-03-02,1393/12/11,1393,12,11,tile_ceramic,کاشی و سرامیک,57616105980228781,1972.4,1966.0,1966.0,TSETMC
2015-03-03,1393/12/12,1393,12,12,cement,سیمان، آهک و گچ,70077233737515808,711.7,708.0,708.0,TSETMC
2015-03-03,1393/12/12,1393,12,12,tile_ceramic,کاشی و سرامیک,57616105980228781,1964.3,1932.7,1933.1,TSETMC
2015-03-04,1393/12/13,1393,12,13,cement,سیمان، آهک و گچ,70077233737515808,708.9,708.1,708.8,TSETMC
2015-03-04,1393/12/13,1393,12,13,tile_ceramic,کاشی و سرامیک,57616105980228781,1929.8,1923.2,1923.4,TSETMC
2015-03-07,1393/12/16,1393,12,16,cement,سیمان، آهک و گچ,70077233737515808,708.7,707.6,707.6,TSETMC
2015-03-07,1393/12/16,1393,12,16,tile_ceramic,کاشی و سرامیک,57616105980228781,1923.2,1908.0,1908.3,TSETMC
2015-03-08,1393/12/17,1393,12,17,cement,سیمان، آهک و گچ,70077233737515808,707.5,705.4,705.6,TSETMC
2015-03-08,1393/12/17,1393,12,17,tile_ceramic,کاشی و سرامیک,57616105980228781,1905.3,1881.1,1881.1,TSETMC
2015-03-09,1393/12/18,1393,12,18,cement,سیمان، آهک و گچ,70077233737515808,705.6,704.8,704.8,TSETMC
2015-03-09,1393/12/18,1393,12,18,tile_ceramic,کاشی و سرامیک,57616105980228781,1881.5,1876.5,1876.5,TSETMC
2015-03-10,1393/12/19,1393,12,19,cement,سیمان، آهک و گچ,70077233737515808,704.9,703.1,703.1,TSETMC
2015-03-10,1393/12/19,1393,12,19,tile_ceramic,کاشی و سرامیک,57616105980228781,1871.3,1863.5,1863.5,TSETMC
2015-03-11,1393/12/20,1393,12,20,cement,سیمان، آهک و گچ,70077233737515808,703.1,702.3,702.3,TSETMC
2015-03-11,1393/12/20,1393,12,20,tile_ceramic,کاشی و سرامیک,57616105980228781,1862.3,1859.0,1860.5,TSETMC
2015-03-14,1393/12/23,1393,12,23,cement,سیمان، آهک و گچ,70077233737515808,702.5,702.1,702.5,TSETMC
2015-03-14,1393/12/23,1393,12,23,tile_ceramic,کاشی و سرامیک,57616105980228781,1859.4,1845.0,1845.0,TSETMC
2015-03-15,1393/12/24,1393,12,24,cement,سیمان، آهک و گچ,70077233737515808,705.6,703.0,705.6,TSETMC
2015-03-15,1393/12/24,1393,12,24,tile_ceramic,کاشی و سرامیک,57616105980228781,1847.2,1845.6,1847.0,TSETMC
2015-03-16,1393/12/25,1393,12,25,cement,سیمان، آهک و گچ,70077233737515808,707.9,706.0,707.9,TSETMC
2015-03-16,1393/12/25,1393,12,25,tile_ceramic,کاشی و سرامیک,57616105980228781,1846.8,1845.7,1845.7,TSETMC
2015-03-17,1393/12/26,1393,12,26,cement,سیمان، آهک و گچ,70077233737515808,707.8,705.2,705.2,TSETMC
2015-03-17,1393/12/26,1393,12,26,tile_ceramic,کاشی و سرامیک,57616105980228781,1845.4,1836.8,1836.8,TSETMC
2015-03-18,1393/12/27,1393,12,27,cement,سیمان، آهک و گچ,70077233737515808,708.8,705.2,708.7,TSETMC
2015-03-18,1393/12/27,1393,12,27,tile_ceramic,کاشی و سرامیک,57616105980228781,1839.6,1836.8,1839.6,TSETMC
2015-03-25,1394/01/05,1394,1,5,cement,سیمان، آهک و گچ,70077233737515808,709.9,708.7,709.9,TSETMC
2015-03-25,1394/01/05,1394,1,5,tile_ceramic,کاشی و سرامیک,57616105980228781,1840.1,1839.6,1840.1,TSETMC
2015-03-28,1394/01/08,1394,1,8,cement,سیمان، آهک و گچ,70077233737515808,710.7,709.6,710.7,TSETMC
2015-03-28,1394/01/08,1394,1,8,tile_ceramic,کاشی و سرامیک,57616105980228781,1841.2,1839.9,1840.5,TSETMC
2015-03-29,1394/01/09,1394,1,9,cement,سیمان، آهک و گچ,70077233737515808,715.4,710.7,715.4,TSETMC
2015-03-29,1394/01/09,1394,1,9,tile_ceramic,کاشی و سرامیک,57616105980228781,1848.1,1840.5,1847.3,TSETMC
2015-03-30,1394/01/10,1394,1,10,cement,سیمان، آهک و گچ,70077233737515808,717.4,715.1,715.1,TSETMC
2015-03-30,1394/01/10,1394,1,10,tile_ceramic,کاشی و سرامیک,57616105980228781,1847.6,1844.3,1844.4,TSETMC
2015-03-31,1394/01/11,1394,1,11,cement,سیمان، آهک و گچ,70077233737515808,716.1,714.9,715.9,TSETMC
2015-03-31,1394/01/11,1394,1,11,tile_ceramic,کاشی و سرامیک,57616105980228781,1844.4,1842.7,1843.5,TSETMC
2015-04-04,1394/01/15,1394,1,15,cement,سیمان، آهک و گچ,70077233737515808,721.3,715.4,721.3,TSETMC
2015-04-04,1394/01/15,1394,1,15,tile_ceramic,کاشی و سرامیک,57616105980228781,1865.0,1845.9,1863.6,TSETMC
2015-04-05,1394/01/16,1394,1,16,cement,سیمان، آهک و گچ,70077233737515808,737.0,722.5,737.0,TSETMC
2015-04-05,1394/01/16,1394,1,16,tile_ceramic,کاشی و سرامیک,57616105980228781,1872.0,1866.8,1871.9,TSETMC
2015-04-06,1394/01/17,1394,1,17,cement,سیمان، آهک و گچ,70077233737515808,741.4,734.7,734.6,TSETMC
2015-04-06,1394/01/17,1394,1,17,tile_ceramic,کاشی و سرامیک,57616105980228781,1874.7,1868.5,1868.6,TSETMC
2015-04-07,1394/01/18,1394,1,18,cement,سیمان، آهک و گچ,70077233737515808,734.3,731.1,731.2,TSETMC
2015-04-07,1394/01/18,1394,1,18,tile_ceramic,کاشی و سرامیک,57616105980228781,1867.2,1858.6,1858.6,TSETMC
2015-04-08,1394/01/19,1394,1,19,cement,سیمان، آهک و گچ,70077233737515808,734.2,732.1,734.2,TSETMC
2015-04-08,1394/01/19,1394,1,19,tile_ceramic,کاشی و سرامیک,57616105980228781,1858.6,1854.0,1854.4,TSETMC
2015-04-11,1394/01/22,1394,1,22,cement,سیمان، آهک و گچ,70077233737515808,733.6,731.4,731.4,TSETMC
2015-04-11,1394/01/22,1394,1,22,tile_ceramic,کاشی و سرامیک,57616105980228781,1854.1,1847.1,1847.1,TSETMC
2015-04-12,1394/01/23,1394,1,23,cement,سیمان، آهک و گچ,70077233737515808,731.1,724.0,724.0,TSETMC
2015-04-12,1394/01/23,1394,1,23,tile_ceramic,کاشی و سرامیک,57616105980228781,1843.7,1838.3,1838.2,TSETMC
2015-04-13,1394/01/24,1394,1,24,cement,سیمان، آهک و گچ,70077233737515808,723.6,719.7,719.7,TSETMC
2015-04-13,1394/01/24,1394,1,24,tile_ceramic,کاشی و سرامیک,57616105980228781,1837.8,1831.9,1831.9,TSETMC
2015-04-14,1394/01/25,1394,1,25,cement,سیمان، آهک و گچ,70077233737515808,719.7,718.9,719.7,TSETMC
2015-04-14,1394/01/25,1394,1,25,tile_ceramic,کاشی و سرامیک,57616105980228781,1831.8,1827.5,1827.8,TSETMC
2015-04-15,1394/01/26,1394,1,26,cement,سیمان، آهک و گچ,70077233737515808,724.9,719.7,724.9,TSETMC
2015-04-15,1394/01/26,1394,1,26,tile_ceramic,کاشی و سرامیک,57616105980228781,1827.8,1824.7,1824.7,TSETMC
2015-04-18,1394/01/29,1394,1,29,cement,سیمان، آهک و گچ,70077233737515808,737.4,729.4,737.3,TSETMC
2015-04-18,1394/01/29,1394,1,29,tile_ceramic,کاشی و سرامیک,57616105980228781,1825.5,1822.8,1824.3,TSETMC
2015-04-19,1394/01/30,1394,1,30,cement,سیمان، آهک و گچ,70077233737515808,740.1,734.8,734.8,TSETMC
2015-04-19,1394/01/30,1394,1,30,tile_ceramic,کاشی و سرامیک,57616105980228781,1824.8,1819.1,1821.0,TSETMC
2015-04-20,1394/01/31,1394,1,31,cement,سیمان، آهک و گچ,70077233737515808,734.4,729.4,729.4,TSETMC
2015-04-20,1394/01/31,1394,1,31,tile_ceramic,کاشی و سرامیک,57616105980228781,1825.4,1821.0,1821.0,TSETMC
2015-04-21,1394/02/01,1394,2,1,cement,سیمان، آهک و گچ,70077233737515808,729.3,727.4,727.4,TSETMC
2015-04-21,1394/02/01,1394,2,1,tile_ceramic,کاشی و سرامیک,57616105980228781,1823.2,1821.2,1821.7,TSETMC
2015-04-22,1394/02/02,1394,2,2,cement,سیمان، آهک و گچ,70077233737515808,727.5,725.4,725.4,TSETMC
2015-04-22,1394/02/02,1394,2,2,tile_ceramic,کاشی و سرامیک,57616105980228781,1824.0,1820.5,1820.5,TSETMC
2015-04-25,1394/02/05,1394,2,5,cement,سیمان، آهک و گچ,70077233737515808,725.4,723.5,723.6,TSETMC
2015-04-25,1394/02/05,1394,2,5,tile_ceramic,کاشی و سرامیک,57616105980228781,1821.7,1819.6,1821.4,TSETMC
2015-04-26,1394/02/06,1394,2,6,cement,سیمان، آهک و گچ,70077233737515808,723.5,714.9,714.9,TSETMC
2015-04-26,1394/02/06,1394,2,6,tile_ceramic,کاشی و سرامیک,57616105980228781,1836.2,1821.4,1835.9,TSETMC
2015-04-27,1394/02/07,1394,2,7,cement,سیمان، آهک و گچ,70077233737515808,714.7,711.0,711.0,TSETMC
2015-04-27,1394/02/07,1394,2,7,tile_ceramic,کاشی و سرامیک,57616105980228781,1844.0,1841.1,1843.0,TSETMC
2015-04-28,1394/02/08,1394,2,8,cement,سیمان، آهک و گچ,70077233737515808,710.7,706.6,706.6,TSETMC
2015-04-28,1394/02/08,1394,2,8,tile_ceramic,کاشی و سرامیک,57616105980228781,1843.2,1841.4,1841.4,TSETMC
2015-04-29,1394/02/09,1394,2,9,cement,سیمان، آهک و گچ,70077233737515808,706.5,703.8,703.8,TSETMC
2015-04-29,1394/02/09,1394,2,9,tile_ceramic,کاشی و سرامیک,57616105980228781,1841.5,1833.4,1833.9,TSETMC
2015-05-03,1394/02/13,1394,2,13,cement,سیمان، آهک و گچ,70077233737515808,703.7,700.7,700.7,TSETMC
2015-05-03,1394/02/13,1394,2,13,tile_ceramic,کاشی و سرامیک,57616105980228781,1837.8,1834.1,1837.4,TSETMC
2015-05-04,1394/02/14,1394,2,14,cement,سیمان، آهک و گچ,70077233737515808,700.6,695.8,695.7,TSETMC
2015-05-04,1394/02/14,1394,2,14,tile_ceramic,کاشی و سرامیک,57616105980228781,1843.7,1837.5,1843.7,TSETMC
2015-05-05,1394/02/15,1394,2,15,cement,سیمان، آهک و گچ,70077233737515808,695.4,693.3,693.3,TSETMC
2015-05-05,1394/02/15,1394,2,15,tile_ceramic,کاشی و سرامیک,57616105980228781,1847.4,1843.9,1845.3,TSETMC
2015-05-06,1394/02/16,1394,2,16,cement,سیمان، آهک و گچ,70077233737515808,693.0,689.0,689.1,TSETMC
2015-05-06,1394/02/16,1394,2,16,tile_ceramic,کاشی و سرامیک,57616105980228781,1845.7,1843.5,1843.5,TSETMC
2015-05-09,1394/02/19,1394,2,19,cement,سیمان، آهک و گچ,70077233737515808,689.8,688.7,688.8,TSETMC
2015-05-09,1394/02/19,1394,2,19,tile_ceramic,کاشی و سرامیک,57616105980228781,1843.8,1838.4,1839.3,TSETMC
2015-05-10,1394/02/20,1394,2,20,cement,سیمان، آهک و گچ,70077233737515808,688.8,685.9,686.0,TSETMC
2015-05-10,1394/02/20,1394,2,20,tile_ceramic,کاشی و سرامیک,57616105980228781,1847.5,1842.2,1843.4,TSETMC
2015-05-11,1394/02/21,1394,2,21,cement,سیمان، آهک و گچ,70077233737515808,688.1,686.0,688.1,TSETMC
2015-05-11,1394/02/21,1394,2,21,tile_ceramic,کاشی و سرامیک,57616105980228781,1844.9,1842.5,1842.5,TSETMC
2015-05-12,1394/02/22,1394,2,22,cement,سیمان، آهک و گچ,70077233737515808,692.3,688.5,691.1,TSETMC
2015-05-12,1394/02/22,1394,2,22,tile_ceramic,کاشی و سرامیک,57616105980228781,1844.3,1833.1,1833.4,TSETMC
2015-05-13,1394/02/23,1394,2,23,cement,سیمان، آهک و گچ,70077233737515808,693.9,691.8,693.9,TSETMC
2015-05-13,1394/02/23,1394,2,23,tile_ceramic,کاشی و سرامیک,57616105980228781,1865.2,1840.0,1865.2,TSETMC
2015-05-17,1394/02/27,1394,2,27,cement,سیمان، آهک و گچ,70077233737515808,699.7,694.2,699.7,TSETMC
2015-05-17,1394/02/27,1394,2,27,tile_ceramic,کاشی و سرامیک,57616105980228781,1879.1,1871.7,1879.1,TSETMC
2015-05-18,1394/02/28,1394,2,28,cement,سیمان، آهک و گچ,70077233737515808,700.6,699.7,700.4,TSETMC
2015-05-18,1394/02/28,1394,2,28,tile_ceramic,کاشی و سرامیک,57616105980228781,1891.2,1883.0,1889.0,TSETMC
2015-05-19,1394/02/29,1394,2,29,cement,سیمان، آهک و گچ,70077233737515808,702.0,701.6,701.6,TSETMC
2015-05-19,1394/02/29,1394,2,29,tile_ceramic,کاشی و سرامیک,57616105980228781,1893.7,1889.4,1893.7,TSETMC
2015-05-20,1394/02/30,1394,2,30,cement,سیمان، آهک و گچ,70077233737515808,702.8,701.6,702.5,TSETMC
2015-05-20,1394/02/30,1394,2,30,tile_ceramic,کاشی و سرامیک,57616105980228781,1900.7,1897.8,1897.8,TSETMC
2015-05-23,1394/03/02,1394,3,2,cement,سیمان، آهک و گچ,70077233737515808,702.5,701.0,701.0,TSETMC
2015-05-23,1394/03/02,1394,3,2,tile_ceramic,کاشی و سرامیک,57616105980228781,1904.7,1900.0,1900.0,TSETMC
2015-05-24,1394/03/03,1394,3,3,cement,سیمان، آهک و گچ,70077233737515808,700.9,700.3,700.3,TSETMC
2015-05-24,1394/03/03,1394,3,3,tile_ceramic,کاشی و سرامیک,57616105980228781,1907.9,1904.1,1904.9,TSETMC
2015-05-25,1394/03/04,1394,3,4,cement,سیمان، آهک و گچ,70077233737515808,699.0,697.9,698.6,TSETMC
2015-05-25,1394/03/04,1394,3,4,tile_ceramic,کاشی و سرامیک,57616105980228781,1909.7,1899.4,1899.4,TSETMC
2015-05-26,1394/03/05,1394,3,5,cement,سیمان، آهک و گچ,70077233737515808,698.5,692.8,695.4,TSETMC
2015-05-26,1394/03/05,1394,3,5,tile_ceramic,کاشی و سرامیک,57616105980228781,1902.3,1897.8,1898.0,TSETMC
2015-05-27,1394/03/06,1394,3,6,cement,سیمان، آهک و گچ,70077233737515808,695.5,694.7,694.7,TSETMC
2015-05-27,1394/03/06,1394,3,6,tile_ceramic,کاشی و سرامیک,57616105980228781,1897.6,1895.2,1895.2,TSETMC
2015-05-30,1394/03/09,1394,3,9,cement,سیمان، آهک و گچ,70077233737515808,694.6,694.1,694.4,TSETMC
2015-05-30,1394/03/09,1394,3,9,tile_ceramic,کاشی و سرامیک,57616105980228781,1891.4,1888.0,1888.0,TSETMC
2015-05-31,1394/03/10,1394,3,10,cement,سیمان، آهک و گچ,70077233737515808,695.4,694.7,694.7,TSETMC
2015-05-31,1394/03/10,1394,3,10,tile_ceramic,کاشی و سرامیک,57616105980228781,1895.0,1893.2,1893.2,TSETMC
2015-06-01,1394/03/11,1394,3,11,cement,سیمان، آهک و گچ,70077233737515808,695.0,693.9,693.9,TSETMC
2015-06-01,1394/03/11,1394,3,11,tile_ceramic,کاشی و سرامیک,57616105980228781,1892.9,1890.0,1890.2,TSETMC
2015-06-02,1394/03/12,1394,3,12,cement,سیمان، آهک و گچ,70077233737515808,695.2,693.9,695.1,TSETMC
2015-06-02,1394/03/12,1394,3,12,tile_ceramic,کاشی و سرامیک,57616105980228781,1931.0,1889.1,1926.6,TSETMC
2015-06-06,1394/03/16,1394,3,16,cement,سیمان، آهک و گچ,70077233737515808,695.0,693.4,693.4,TSETMC
2015-06-06,1394/03/16,1394,3,16,tile_ceramic,کاشی و سرامیک,57616105980228781,1923.2,1898.3,1898.3,TSETMC
2015-06-07,1394/03/17,1394,3,17,cement,سیمان، آهک و گچ,70077233737515808,693.2,688.4,688.4,TSETMC
2015-06-07,1394/03/17,1394,3,17,tile_ceramic,کاشی و سرامیک,57616105980228781,1894.9,1884.1,1884.1,TSETMC
2015-06-08,1394/03/18,1394,3,18,cement,سیمان، آهک و گچ,70077233737515808,688.3,685.9,685.9,TSETMC
2015-06-08,1394/03/18,1394,3,18,tile_ceramic,کاشی و سرامیک,57616105980228781,1884.1,1869.4,1869.4,TSETMC
2015-06-09,1394/03/19,1394,3,19,cement,سیمان، آهک و گچ,70077233737515808,685.8,680.7,680.6,TSETMC
2015-06-09,1394/03/19,1394,3,19,tile_ceramic,کاشی و سرامیک,57616105980228781,1864.3,1857.7,1857.7,TSETMC
2015-06-10,1394/03/20,1394,3,20,cement,سیمان، آهک و گچ,70077233737515808,680.6,679.3,679.3,TSETMC
2015-06-10,1394/03/20,1394,3,20,tile_ceramic,کاشی و سرامیک,57616105980228781,1849.0,1844.7,1846.2,TSETMC
2015-06-13,1394/03/23,1394,3,23,cement,سیمان، آهک و گچ,70077233737515808,679.6,678.9,679.5,TSETMC
2015-06-13,1394/03/23,1394,3,23,tile_ceramic,کاشی و سرامیک,57616105980228781,1852.7,1846.5,1852.7,TSETMC
2015-06-14,1394/03/24,1394,3,24,cement,سیمان، آهک و گچ,70077233737515808,679.7,676.8,676.8,TSETMC
2015-06-14,1394/03/24,1394,3,24,tile_ceramic,کاشی و سرامیک,57616105980228781,1858.3,1855.6,1856.3,TSETMC
2015-06-15,1394/03/25,1394,3,25,cement,سیمان، آهک و گچ,70077233737515808,676.7,676.1,676.2,TSETMC
2015-06-15,1394/03/25,1394,3,25,tile_ceramic,کاشی و سرامیک,57616105980228781,1858.9,1849.3,1849.3,TSETMC
2015-06-16,1394/03/26,1394,3,26,cement,سیمان، آهک و گچ,70077233737515808,676.2,675.2,675.1,TSETMC
2015-06-16,1394/03/26,1394,3,26,tile_ceramic,کاشی و سرامیک,57616105980228781,1848.4,1843.9,1843.9,TSETMC
2015-06-17,1394/03/27,1394,3,27,cement,سیمان، آهک و گچ,70077233737515808,675.1,674.1,674.6,TSETMC
2015-06-17,1394/03/27,1394,3,27,tile_ceramic,کاشی و سرامیک,57616105980228781,1848.7,1845.8,1848.7,TSETMC
2015-06-20,1394/03/30,1394,3,30,cement,سیمان، آهک و گچ,70077233737515808,674.5,673.7,673.7,TSETMC
2015-06-20,1394/03/30,1394,3,30,tile_ceramic,کاشی و سرامیک,57616105980228781,1848.6,1839.4,1839.4,TSETMC
2015-06-21,1394/03/31,1394,3,31,cement,سیمان، آهک و گچ,70077233737515808,672.7,670.9,670.9,TSETMC
2015-06-21,1394/03/31,1394,3,31,tile_ceramic,کاشی و سرامیک,57616105980228781,1842.1,1837.8,1841.3,TSETMC
2015-06-22,1394/04/01,1394,4,1,cement,سیمان، آهک و گچ,70077233737515808,674.4,671.7,674.4,TSETMC
2015-06-22,1394/04/01,1394,4,1,tile_ceramic,کاشی و سرامیک,57616105980228781,1840.0,1832.0,1832.0,TSETMC
2015-06-23,1394/04/02,1394,4,2,cement,سیمان، آهک و گچ,70077233737515808,676.5,674.8,676.0,TSETMC
2015-06-23,1394/04/02,1394,4,2,tile_ceramic,کاشی و سرامیک,57616105980228781,1837.4,1826.7,1826.7,TSETMC
2015-06-24,1394/04/03,1394,4,3,cement,سیمان، آهک و گچ,70077233737515808,674.9,673.5,673.5,TSETMC
2015-06-24,1394/04/03,1394,4,3,tile_ceramic,کاشی و سرامیک,57616105980228781,1837.8,1826.2,1837.4,TSETMC
2015-06-27,1394/04/06,1394,4,6,cement,سیمان، آهک و گچ,70077233737515808,674.4,671.5,671.5,TSETMC
2015-06-27,1394/04/06,1394,4,6,tile_ceramic,کاشی و سرامیک,57616105980228781,1839.3,1837.2,1837.4,TSETMC
2015-06-28,1394/04/07,1394,4,7,cement,سیمان، آهک و گچ,70077233737515808,671.5,670.0,669.9,TSETMC
2015-06-28,1394/04/07,1394,4,7,tile_ceramic,کاشی و سرامیک,57616105980228781,1837.4,1834.6,1834.6,TSETMC
2015-06-29,1394/04/08,1394,4,8,cement,سیمان، آهک و گچ,70077233737515808,670.0,668.7,668.7,TSETMC
2015-06-29,1394/04/08,1394,4,8,tile_ceramic,کاشی و سرامیک,57616105980228781,1836.5,1833.7,1835.7,TSETMC
2015-06-30,1394/04/09,1394,4,9,cement,سیمان، آهک و گچ,70077233737515808,668.8,667.5,667.5,TSETMC
2015-06-30,1394/04/09,1394,4,9,tile_ceramic,کاشی و سرامیک,57616105980228781,1842.5,1838.7,1841.1,TSETMC
2015-07-01,1394/04/10,1394,4,10,cement,سیمان، آهک و گچ,70077233737515808,667.5,665.7,665.9,TSETMC
2015-07-01,1394/04/10,1394,4,10,tile_ceramic,کاشی و سرامیک,57616105980228781,1845.8,1840.2,1840.1,TSETMC
2015-07-04,1394/04/13,1394,4,13,cement,سیمان، آهک و گچ,70077233737515808,666.0,665.6,666.0,TSETMC
2015-07-04,1394/04/13,1394,4,13,tile_ceramic,کاشی و سرامیک,57616105980228781,1841.4,1829.4,1829.3,TSETMC
2015-07-05,1394/04/14,1394,4,14,cement,سیمان، آهک و گچ,70077233737515808,666.1,664.6,664.6,TSETMC
2015-07-05,1394/04/14,1394,4,14,tile_ceramic,کاشی و سرامیک,57616105980228781,1834.1,1822.6,1829.8,TSETMC
2015-07-06,1394/04/15,1394,4,15,cement,سیمان، آهک و گچ,70077233737515808,664.6,663.8,663.8,TSETMC
2015-07-06,1394/04/15,1394,4,15,tile_ceramic,کاشی و سرامیک,57616105980228781,1840.0,1829.8,1838.8,TSETMC
2015-07-07,1394/04/16,1394,4,16,cement,سیمان، آهک و گچ,70077233737515808,666.1,661.0,666.1,TSETMC
2015-07-07,1394/04/16,1394,4,16,tile_ceramic,کاشی و سرامیک,57616105980228781,1847.3,1839.7,1845.1,TSETMC
2015-07-11,1394/04/20,1394,4,20,cement,سیمان، آهک و گچ,70077233737515808,671.0,666.1,671.0,TSETMC
2015-07-11,1394/04/20,1394,4,20,tile_ceramic,کاشی و سرامیک,57616105980228781,1845.0,1840.1,1840.3,TSETMC
2015-07-12,1394/04/21,1394,4,21,cement,سیمان، آهک و گچ,70077233737515808,680.8,672.8,680.8,TSETMC
2015-07-12,1394/04/21,1394,4,21,tile_ceramic,کاشی و سرامیک,57616105980228781,1844.2,1841.2,1841.2,TSETMC
2015-07-13,1394/04/22,1394,4,22,cement,سیمان، آهک و گچ,70077233737515808,692.4,683.7,692.3,TSETMC
2015-07-13,1394/04/22,1394,4,22,tile_ceramic,کاشی و سرامیک,57616105980228781,1874.2,1841.8,1874.2,TSETMC
2015-07-14,1394/04/23,1394,4,23,cement,سیمان، آهک و گچ,70077233737515808,699.7,694.9,699.7,TSETMC
2015-07-14,1394/04/23,1394,4,23,tile_ceramic,کاشی و سرامیک,57616105980228781,1872.7,1867.5,1869.7,TSETMC
2015-07-15,1394/04/24,1394,4,24,cement,سیمان، آهک و گچ,70077233737515808,700.3,695.6,695.6,TSETMC
2015-07-15,1394/04/24,1394,4,24,tile_ceramic,کاشی و سرامیک,57616105980228781,1869.6,1867.6,1867.6,TSETMC
2015-07-19,1394/04/28,1394,4,28,cement,سیمان، آهک و گچ,70077233737515808,700.3,695.6,695.6,TSETMC
2015-07-19,1394/04/28,1394,4,28,tile_ceramic,کاشی و سرامیک,57616105980228781,1869.6,1867.6,1867.6,TSETMC
2015-07-20,1394/04/29,1394,4,29,cement,سیمان، آهک و گچ,70077233737515808,695.6,692.7,694.0,TSETMC
2015-07-20,1394/04/29,1394,4,29,tile_ceramic,کاشی و سرامیک,57616105980228781,1864.9,1857.7,1857.7,TSETMC
2015-07-21,1394/04/30,1394,4,30,cement,سیمان، آهک و گچ,70077233737515808,693.1,692.5,692.6,TSETMC
2015-07-21,1394/04/30,1394,4,30,tile_ceramic,کاشی و سرامیک,57616105980228781,1857.7,1856.8,1856.8,TSETMC
2015-07-22,1394/04/31,1394,4,31,cement,سیمان، آهک و گچ,70077233737515808,692.6,690.1,690.1,TSETMC
2015-07-22,1394/04/31,1394,4,31,tile_ceramic,کاشی و سرامیک,57616105980228781,1856.7,1856.6,1856.6,TSETMC
2015-07-25,1394/05/03,1394,5,3,cement,سیمان، آهک و گچ,70077233737515808,690.0,684.9,684.9,TSETMC
2015-07-25,1394/05/03,1394,5,3,tile_ceramic,کاشی و سرامیک,57616105980228781,1856.6,1856.6,1856.6,TSETMC
2015-07-26,1394/05/04,1394,5,4,cement,سیمان، آهک و گچ,70077233737515808,684.4,679.4,679.4,TSETMC
2015-07-26,1394/05/04,1394,5,4,tile_ceramic,کاشی و سرامیک,57616105980228781,1854.4,1850.1,1850.1,TSETMC
2015-07-27,1394/05/05,1394,5,5,cement,سیمان، آهک و گچ,70077233737515808,679.4,677.8,677.8,TSETMC
2015-07-27,1394/05/05,1394,5,5,tile_ceramic,کاشی و سرامیک,57616105980228781,1851.9,1850.5,1850.5,TSETMC
2015-07-28,1394/05/06,1394,5,6,cement,سیمان، آهک و گچ,70077233737515808,677.8,674.2,674.2,TSETMC
2015-07-28,1394/05/06,1394,5,6,tile_ceramic,کاشی و سرامیک,57616105980228781,1850.6,1847.7,1847.9,TSETMC
2015-07-29,1394/05/07,1394,5,7,cement,سیمان، آهک و گچ,70077233737515808,674.5,673.7,674.2,TSETMC
2015-07-29,1394/05/07,1394,5,7,tile_ceramic,کاشی و سرامیک,57616105980228781,1848.1,1844.2,1844.2,TSETMC
2015-08-01,1394/05/10,1394,5,10,cement,سیمان، آهک و گچ,70077233737515808,674.2,673.5,673.5,TSETMC
2015-08-01,1394/05/10,1394,5,10,tile_ceramic,کاشی و سرامیک,57616105980228781,1844.6,1843.6,1843.6,TSETMC
2015-08-02,1394/05/11,1394,5,11,cement,سیمان، آهک و گچ,70077233737515808,673.5,671.3,671.3,TSETMC
2015-08-02,1394/05/11,1394,5,11,tile_ceramic,کاشی و سرامیک,57616105980228781,1843.5,1837.3,1837.3,TSETMC
2015-08-03,1394/05/12,1394,5,12,cement,سیمان، آهک و گچ,70077233737515808,671.3,669.6,669.7,TSETMC
2015-08-03,1394/05/12,1394,5,12,tile_ceramic,کاشی و سرامیک,57616105980228781,1837.8,1837.3,1837.5,TSETMC
2015-08-04,1394/05/13,1394,5,13,cement,سیمان، آهک و گچ,70077233737515808,671.7,670.9,670.9,TSETMC
2015-08-04,1394/05/13,1394,5,13,tile_ceramic,کاشی و سرامیک,57616105980228781,1841.7,1837.6,1840.2,TSETMC
2015-08-05,1394/05/14,1394,5,14,cement,سیمان، آهک و گچ,70077233737515808,671.6,671.2,671.4,TSETMC
2015-08-05,1394/05/14,1394,5,14,tile_ceramic,کاشی و سرامیک,57616105980228781,1842.2,1840.3,1840.3,TSETMC
2015-08-08,1394/05/17,1394,5,17,cement,سیمان، آهک و گچ,70077233737515808,671.1,668.5,668.5,TSETMC
2015-08-08,1394/05/17,1394,5,17,tile_ceramic,کاشی و سرامیک,57616105980228781,1839.8,1834.6,1834.9,TSETMC
2015-08-09,1394/05/18,1394,5,18,cement,سیمان، آهک و گچ,70077233737515808,668.1,666.6,666.6,TSETMC
2015-08-09,1394/05/18,1394,5,18,tile_ceramic,کاشی و سرامیک,57616105980228781,1835.3,1834.4,1834.4,TSETMC
2015-08-10,1394/05/19,1394,5,19,cement,سیمان، آهک و گچ,70077233737515808,666.6,664.3,664.3,TSETMC
2015-08-10,1394/05/19,1394,5,19,tile_ceramic,کاشی و سرامیک,57616105980228781,1834.8,1834.1,1834.1,TSETMC
2015-08-12,1394/05/21,1394,5,21,cement,سیمان، آهک و گچ,70077233737515808,664.5,662.4,662.4,TSETMC
2015-08-12,1394/05/21,1394,5,21,tile_ceramic,کاشی و سرامیک,57616105980228781,1834.1,1832.7,1832.8,TSETMC
2015-08-15,1394/05/24,1394,5,24,cement,سیمان، آهک و گچ,70077233737515808,662.3,660.7,660.7,TSETMC
2015-08-15,1394/05/24,1394,5,24,tile_ceramic,کاشی و سرامیک,57616105980228781,1832.7,1830.3,1830.3,TSETMC
2015-08-16,1394/05/25,1394,5,25,cement,سیمان، آهک و گچ,70077233737515808,660.7,657.6,657.6,TSETMC
2015-08-16,1394/05/25,1394,5,25,tile_ceramic,کاشی و سرامیک,57616105980228781,1831.2,1828.8,1828.8,TSETMC
2015-08-17,1394/05/26,1394,5,26,cement,سیمان، آهک و گچ,70077233737515808,657.6,655.9,655.9,TSETMC
2015-08-17,1394/05/26,1394,5,26,tile_ceramic,کاشی و سرامیک,57616105980228781,1827.0,1823.0,1823.0,TSETMC
2015-08-18,1394/05/27,1394,5,27,cement,سیمان، آهک و گچ,70077233737515808,655.4,654.1,654.1,TSETMC
2015-08-18,1394/05/27,1394,5,27,tile_ceramic,کاشی و سرامیک,57616105980228781,1820.9,1815.0,1815.0,TSETMC
2015-08-19,1394/05/28,1394,5,28,cement,سیمان، آهک و گچ,70077233737515808,653.7,652.7,652.7,TSETMC
2015-08-19,1394/05/28,1394,5,28,tile_ceramic,کاشی و سرامیک,57616105980228781,1815.0,1810.8,1810.8,TSETMC
2015-08-22,1394/05/31,1394,5,31,cement,سیمان، آهک و گچ,70077233737515808,653.6,650.7,650.7,TSETMC
2015-08-22,1394/05/31,1394,5,31,tile_ceramic,کاشی و سرامیک,57616105980228781,1812.9,1811.0,1811.0,TSETMC
2015-08-23,1394/06/01,1394,6,1,cement,سیمان، آهک و گچ,70077233737515808,650.6,648.3,648.3,TSETMC
2015-08-23,1394/06/01,1394,6,1,tile_ceramic,کاشی و سرامیک,57616105980228781,1811.0,1807.7,1807.7,TSETMC
2015-08-24,1394/06/02,1394,6,2,cement,سیمان، آهک و گچ,70077233737515808,648.2,645.0,645.3,TSETMC
2015-08-24,1394/06/02,1394,6,2,tile_ceramic,کاشی و سرامیک,57616105980228781,1807.6,1804.5,1804.5,TSETMC
2015-08-25,1394/06/03,1394,6,3,cement,سیمان، آهک و گچ,70077233737515808,645.7,643.5,643.5,TSETMC
2015-08-25,1394/06/03,1394,6,3,tile_ceramic,کاشی و سرامیک,57616105980228781,1804.4,1798.7,1798.7,TSETMC
2015-08-26,1394/06/04,1394,6,4,cement,سیمان، آهک و گچ,70077233737515808,641.5,639.8,639.8,TSETMC
2015-08-26,1394/06/04,1394,6,4,tile_ceramic,کاشی و سرامیک,57616105980228781,1798.7,1793.0,1793.0,TSETMC
2015-08-29,1394/06/07,1394,6,7,cement,سیمان، آهک و گچ,70077233737515808,641.4,639.9,640.8,TSETMC
2015-08-29,1394/06/07,1394,6,7,tile_ceramic,کاشی و سرامیک,57616105980228781,1795.5,1793.0,1794.7,TSETMC
2015-08-30,1394/06/08,1394,6,8,cement,سیمان، آهک و گچ,70077233737515808,641.3,640.4,640.4,TSETMC
2015-08-30,1394/06/08,1394,6,8,tile_ceramic,کاشی و سرامیک,57616105980228781,1795.4,1794.6,1794.7,TSETMC
2015-08-31,1394/06/09,1394,6,9,cement,سیمان، آهک و گچ,70077233737515808,640.4,637.9,637.9,TSETMC
2015-08-31,1394/06/09,1394,6,9,tile_ceramic,کاشی و سرامیک,57616105980228781,1800.2,1794.4,1800.1,TSETMC
2015-09-01,1394/06/10,1394,6,10,cement,سیمان، آهک و گچ,70077233737515808,637.9,634.9,634.9,TSETMC
2015-09-01,1394/06/10,1394,6,10,tile_ceramic,کاشی و سرامیک,57616105980228781,1800.7,1800.0,1800.0,TSETMC
2015-09-02,1394/06/11,1394,6,11,cement,سیمان، آهک و گچ,70077233737515808,634.9,634.5,634.6,TSETMC
2015-09-02,1394/06/11,1394,6,11,tile_ceramic,کاشی و سرامیک,57616105980228781,1800.0,1797.8,1797.8,TSETMC
2015-09-05,1394/06/14,1394,6,14,cement,سیمان، آهک و گچ,70077233737515808,637.6,634.7,637.6,TSETMC
2015-09-05,1394/06/14,1394,6,14,tile_ceramic,کاشی و سرامیک,57616105980228781,1798.5,1797.6,1797.7,TSETMC
2015-09-06,1394/06/15,1394,6,15,cement,سیمان، آهک و گچ,70077233737515808,642.2,637.5,642.1,TSETMC
2015-09-06,1394/06/15,1394,6,15,tile_ceramic,کاشی و سرامیک,57616105980228781,1796.7,1795.9,1795.9,TSETMC
2015-09-07,1394/06/16,1394,6,16,cement,سیمان، آهک و گچ,70077233737515808,642.0,638.0,638.0,TSETMC
2015-09-07,1394/06/16,1394,6,16,tile_ceramic,کاشی و سرامیک,57616105980228781,1795.9,1794.4,1794.4,TSETMC
2015-09-08,1394/06/17,1394,6,17,cement,سیمان، آهک و گچ,70077233737515808,638.1,637.7,638.1,TSETMC
2015-09-08,1394/06/17,1394,6,17,tile_ceramic,کاشی و سرامیک,57616105980228781,1794.4,1793.8,1793.9,TSETMC
2015-09-09,1394/06/18,1394,6,18,cement,سیمان، آهک و گچ,70077233737515808,638.8,638.1,638.3,TSETMC
2015-09-09,1394/06/18,1394,6,18,tile_ceramic,کاشی و سرامیک,57616105980228781,1793.6,1792.3,1792.3,TSETMC
2015-09-12,1394/06/21,1394,6,21,cement,سیمان، آهک و گچ,70077233737515808,638.2,637.7,637.7,TSETMC
2015-09-12,1394/06/21,1394,6,21,tile_ceramic,کاشی و سرامیک,57616105980228781,1792.3,1791.5,1791.5,TSETMC
2015-09-13,1394/06/22,1394,6,22,cement,سیمان، آهک و گچ,70077233737515808,637.7,634.7,634.7,TSETMC
2015-09-13,1394/06/22,1394,6,22,tile_ceramic,کاشی و سرامیک,57616105980228781,1791.5,1785.6,1785.7,TSETMC
2015-09-14,1394/06/23,1394,6,23,cement,سیمان، آهک و گچ,70077233737515808,634.7,634.3,634.3,TSETMC
2015-09-14,1394/06/23,1394,6,23,tile_ceramic,کاشی و سرامیک,57616105980228781,1785.9,1785.0,1785.9,TSETMC
2015-09-15,1394/06/24,1394,6,24,cement,سیمان، آهک و گچ,70077233737515808,634.3,632.6,632.6,TSETMC
2015-09-15,1394/06/24,1394,6,24,tile_ceramic,کاشی و سرامیک,57616105980228781,1785.9,1782.6,1782.6,TSETMC
2015-09-16,1394/06/25,1394,6,25,cement,سیمان، آهک و گچ,70077233737515808,632.6,631.4,631.4,TSETMC
2015-09-16,1394/06/25,1394,6,25,tile_ceramic,کاشی و سرامیک,57616105980228781,1782.7,1782.4,1782.7,TSETMC
2015-09-19,1394/06/28,1394,6,28,cement,سیمان، آهک و گچ,70077233737515808,631.4,630.6,630.6,TSETMC
2015-09-19,1394/06/28,1394,6,28,tile_ceramic,کاشی و سرامیک,57616105980228781,1783.2,1781.8,1781.7,TSETMC
2015-09-20,1394/06/29,1394,6,29,cement,سیمان، آهک و گچ,70077233737515808,630.1,627.7,627.7,TSETMC
2015-09-20,1394/06/29,1394,6,29,tile_ceramic,کاشی و سرامیک,57616105980228781,1781.7,1777.6,1777.6,TSETMC
2015-09-21,1394/06/30,1394,6,30,cement,سیمان، آهک و گچ,70077233737515808,627.6,626.6,626.6,TSETMC
2015-09-21,1394/06/30,1394,6,30,tile_ceramic,کاشی و سرامیک,57616105980228781,1777.7,1774.0,1774.0,TSETMC
2015-09-22,1394/06/31,1394,6,31,cement,سیمان، آهک و گچ,70077233737515808,626.6,621.5,622.2,TSETMC
2015-09-22,1394/06/31,1394,6,31,tile_ceramic,کاشی و سرامیک,57616105980228781,1775.7,1774.0,1775.6,TSETMC
2015-09-23,1394/07/01,1394,7,1,cement,سیمان، آهک و گچ,70077233737515808,623.0,622.6,623.0,TSETMC
2015-09-23,1394/07/01,1394,7,1,tile_ceramic,کاشی و سرامیک,57616105980228781,1776.3,1773.5,1773.5,TSETMC
2015-09-26,1394/07/04,1394,7,4,cement,سیمان، آهک و گچ,70077233737515808,622.9,621.7,621.7,TSETMC
2015-09-26,1394/07/04,1394,7,4,tile_ceramic,کاشی و سرامیک,57616105980228781,1773.5,1768.6,1768.6,TSETMC
2015-09-27,1394/07/05,1394,7,5,cement,سیمان، آهک و گچ,70077233737515808,621.8,621.5,621.8,TSETMC
2015-09-27,1394/07/05,1394,7,5,tile_ceramic,کاشی و سرامیک,57616105980228781,1768.4,1766.8,1766.8,TSETMC
2015-09-28,1394/07/06,1394,7,6,cement,سیمان، آهک و گچ,70077233737515808,622.2,621.6,622.2,TSETMC
2015-09-28,1394/07/06,1394,7,6,tile_ceramic,کاشی و سرامیک,57616105980228781,1769.9,1766.9,1769.5,TSETMC
2015-09-29,1394/07/07,1394,7,7,cement,سیمان، آهک و گچ,70077233737515808,622.6,622.3,622.5,TSETMC
2015-09-29,1394/07/07,1394,7,7,tile_ceramic,کاشی و سرامیک,57616105980228781,1770.6,1767.1,1767.1,TSETMC
2015-09-30,1394/07/08,1394,7,8,cement,سیمان، آهک و گچ,70077233737515808,622.5,622.2,622.2,TSETMC
2015-09-30,1394/07/08,1394,7,8,tile_ceramic,کاشی و سرامیک,57616105980228781,1767.0,1765.3,1765.5,TSETMC
2015-10-03,1394/07/11,1394,7,11,cement,سیمان، آهک و گچ,70077233737515808,622.2,621.9,621.9,TSETMC
2015-10-03,1394/07/11,1394,7,11,tile_ceramic,کاشی و سرامیک,57616105980228781,1765.6,1763.6,1763.6,TSETMC
2015-10-04,1394/07/12,1394,7,12,cement,سیمان، آهک و گچ,70077233737515808,621.9,621.2,621.2,TSETMC
2015-10-04,1394/07/12,1394,7,12,tile_ceramic,کاشی و سرامیک,57616105980228781,1763.5,1761.2,1761.2,TSETMC
2015-10-05,1394/07/13,1394,7,13,cement,سیمان، آهک و گچ,70077233737515808,621.2,620.8,620.8,TSETMC
2015-10-05,1394/07/13,1394,7,13,tile_ceramic,کاشی و سرامیک,57616105980228781,1761.9,1759.0,1761.9,TSETMC
2015-10-06,1394/07/14,1394,7,14,cement,سیمان، آهک و گچ,70077233737515808,621.5,620.8,621.5,TSETMC
2015-10-06,1394/07/14,1394,7,14,tile_ceramic,کاشی و سرامیک,57616105980228781,1762.2,1761.6,1761.6,TSETMC
2015-10-07,1394/07/15,1394,7,15,cement,سیمان، آهک و گچ,70077233737515808,621.6,620.8,621.2,TSETMC
2015-10-07,1394/07/15,1394,7,15,tile_ceramic,کاشی و سرامیک,57616105980228781,1762.1,1757.8,1757.8,TSETMC
2015-10-10,1394/07/18,1394,7,18,cement,سیمان، آهک و گچ,70077233737515808,621.1,620.3,620.4,TSETMC
2015-10-10,1394/07/18,1394,7,18,tile_ceramic,کاشی و سرامیک,57616105980228781,1757.9,1750.2,1750.2,TSETMC
2015-10-11,1394/07/19,1394,7,19,cement,سیمان، آهک و گچ,70077233737515808,621.6,620.5,621.6,TSETMC
2015-10-11,1394/07/19,1394,7,19,tile_ceramic,کاشی و سرامیک,57616105980228781,1753.6,1750.2,1753.6,TSETMC
2015-10-12,1394/07/20,1394,7,20,cement,سیمان، آهک و گچ,70077233737515808,621.6,620.9,621.2,TSETMC
2015-10-12,1394/07/20,1394,7,20,tile_ceramic,کاشی و سرامیک,57616105980228781,1755.1,1753.2,1754.8,TSETMC
2015-10-13,1394/07/21,1394,7,21,cement,سیمان، آهک و گچ,70077233737515808,626.8,621.2,626.7,TSETMC
2015-10-13,1394/07/21,1394,7,21,tile_ceramic,کاشی و سرامیک,57616105980228781,1757.7,1754.1,1757.7,TSETMC
2015-10-14,1394/07/22,1394,7,22,cement,سیمان، آهک و گچ,70077233737515808,636.2,631.5,636.2,TSETMC
2015-10-14,1394/07/22,1394,7,22,tile_ceramic,کاشی و سرامیک,57616105980228781,1764.2,1760.5,1763.1,TSETMC
2015-10-17,1394/07/25,1394,7,25,cement,سیمان، آهک و گچ,70077233737515808,644.0,642.6,643.9,TSETMC
2015-10-17,1394/07/25,1394,7,25,tile_ceramic,کاشی و سرامیک,57616105980228781,1770.3,1758.8,1758.8,TSETMC
2015-10-18,1394/07/26,1394,7,26,cement,سیمان، آهک و گچ,70077233737515808,651.4,648.3,648.3,TSETMC
2015-10-18,1394/07/26,1394,7,26,tile_ceramic,کاشی و سرامیک,57616105980228781,1765.0,1763.3,1763.4,TSETMC
2015-10-19,1394/07/27,1394,7,27,cement,سیمان، آهک و گچ,70077233737515808,648.8,648.0,648.0,TSETMC
2015-10-19,1394/07/27,1394,7,27,tile_ceramic,کاشی و سرامیک,57616105980228781,1761.9,1752.7,1752.7,TSETMC
2015-10-20,1394/07/28,1394,7,28,cement,سیمان، آهک و گچ,70077233737515808,648.8,648.1,648.2,TSETMC
2015-10-20,1394/07/28,1394,7,28,tile_ceramic,کاشی و سرامیک,57616105980228781,1753.1,1751.9,1752.7,TSETMC
2015-10-21,1394/07/29,1394,7,29,cement,سیمان، آهک و گچ,70077233737515808,649.4,647.9,647.9,TSETMC
2015-10-21,1394/07/29,1394,7,29,tile_ceramic,کاشی و سرامیک,57616105980228781,1753.0,1751.4,1751.4,TSETMC
2015-10-25,1394/08/03,1394,8,3,cement,سیمان، آهک و گچ,70077233737515808,647.9,644.3,644.3,TSETMC
2015-10-25,1394/08/03,1394,8,3,tile_ceramic,کاشی و سرامیک,57616105980228781,1751.3,1750.9,1750.9,TSETMC
2015-10-26,1394/08/04,1394,8,4,cement,سیمان، آهک و گچ,70077233737515808,643.3,637.0,637.0,TSETMC
2015-10-26,1394/08/04,1394,8,4,tile_ceramic,کاشی و سرامیک,57616105980228781,1750.8,1750.3,1750.2,TSETMC
2015-10-27,1394/08/05,1394,8,5,cement,سیمان، آهک و گچ,70077233737515808,637.1,632.0,636.3,TSETMC
2015-10-27,1394/08/05,1394,8,5,tile_ceramic,کاشی و سرامیک,57616105980228781,1750.2,1750.1,1750.1,TSETMC
2015-10-28,1394/08/06,1394,8,6,cement,سیمان، آهک و گچ,70077233737515808,638.0,636.2,637.2,TSETMC
2015-10-28,1394/08/06,1394,8,6,tile_ceramic,کاشی و سرامیک,57616105980228781,1749.0,1748.5,1748.5,TSETMC
2015-10-31,1394/08/09,1394,8,9,cement,سیمان، آهک و گچ,70077233737515808,637.4,635.5,635.5,TSETMC
2015-10-31,1394/08/09,1394,8,9,tile_ceramic,کاشی و سرامیک,57616105980228781,1747.8,1745.5,1746.9,TSETMC
2015-11-01,1394/08/10,1394,8,10,cement,سیمان، آهک و گچ,70077233737515808,635.6,634.4,634.4,TSETMC
2015-11-01,1394/08/10,1394,8,10,tile_ceramic,کاشی و سرامیک,57616105980228781,1748.3,1747.3,1747.3,TSETMC
2015-11-02,1394/08/11,1394,8,11,cement,سیمان، آهک و گچ,70077233737515808,635.0,634.5,634.7,TSETMC
2015-11-02,1394/08/11,1394,8,11,tile_ceramic,کاشی و سرامیک,57616105980228781,1747.2,1745.2,1745.2,TSETMC
2015-11-03,1394/08/12,1394,8,12,cement,سیمان، آهک و گچ,70077233737515808,634.7,633.0,633.4,TSETMC
2015-11-03,1394/08/12,1394,8,12,tile_ceramic,کاشی و سرامیک,57616105980228781,1745.7,1744.1,1745.6,TSETMC
2015-11-04,1394/08/13,1394,8,13,cement,سیمان، آهک و گچ,70077233737515808,633.4,632.2,632.2,TSETMC
2015-11-04,1394/08/13,1394,8,13,tile_ceramic,کاشی و سرامیک,57616105980228781,1745.2,1743.6,1743.6,TSETMC
2015-11-07,1394/08/16,1394,8,16,cement,سیمان، آهک و گچ,70077233737515808,632.4,631.4,631.4,TSETMC
2015-11-07,1394/08/16,1394,8,16,tile_ceramic,کاشی و سرامیک,57616105980228781,1743.2,1739.9,1739.9,TSETMC
2015-11-08,1394/08/17,1394,8,17,cement,سیمان، آهک و گچ,70077233737515808,631.4,630.0,630.0,TSETMC
2015-11-08,1394/08/17,1394,8,17,tile_ceramic,کاشی و سرامیک,57616105980228781,1738.8,1736.9,1736.9,TSETMC
2015-11-09,1394/08/18,1394,8,18,cement,سیمان، آهک و گچ,70077233737515808,630.0,629.2,629.2,TSETMC
2015-11-09,1394/08/18,1394,8,18,tile_ceramic,کاشی و سرامیک,57616105980228781,1735.6,1734.0,1734.1,TSETMC
2015-11-10,1394/08/19,1394,8,19,cement,سیمان، آهک و گچ,70077233737515808,629.2,628.0,628.0,TSETMC
2015-11-10,1394/08/19,1394,8,19,tile_ceramic,کاشی و سرامیک,57616105980228781,1734.1,1733.6,1733.6,TSETMC
2015-11-11,1394/08/20,1394,8,20,cement,سیمان، آهک و گچ,70077233737515808,628.0,627.4,627.4,TSETMC
2015-11-11,1394/08/20,1394,8,20,tile_ceramic,کاشی و سرامیک,57616105980228781,1733.7,1731.5,1731.5,TSETMC
2015-11-14,1394/08/23,1394,8,23,cement,سیمان، آهک و گچ,70077233737515808,627.4,626.7,626.7,TSETMC
2015-11-14,1394/08/23,1394,8,23,tile_ceramic,کاشی و سرامیک,57616105980228781,1733.5,1731.4,1733.4,TSETMC
2015-11-15,1394/08/24,1394,8,24,cement,سیمان، آهک و گچ,70077233737515808,626.7,624.8,624.9,TSETMC
2015-11-15,1394/08/24,1394,8,24,tile_ceramic,کاشی و سرامیک,57616105980228781,1732.8,1728.7,1728.7,TSETMC
2015-11-16,1394/08/25,1394,8,25,cement,سیمان، آهک و گچ,70077233737515808,625.0,620.0,624.2,TSETMC
2015-11-16,1394/08/25,1394,8,25,tile_ceramic,کاشی و سرامیک,57616105980228781,1720.3,1717.4,1719.2,TSETMC
2015-11-17,1394/08/26,1394,8,26,cement,سیمان، آهک و گچ,70077233737515808,624.1,619.2,619.2,TSETMC
2015-11-17,1394/08/26,1394,8,26,tile_ceramic,کاشی و سرامیک,57616105980228781,1717.6,1716.5,1716.5,TSETMC
2015-11-18,1394/08/27,1394,8,27,cement,سیمان، آهک و گچ,70077233737515808,619.5,619.2,619.5,TSETMC
2015-11-18,1394/08/27,1394,8,27,tile_ceramic,کاشی و سرامیک,57616105980228781,1724.1,1716.3,1724.1,TSETMC
2015-11-21,1394/08/30,1394,8,30,cement,سیمان، آهک و گچ,70077233737515808,622.8,621.4,622.8,TSETMC
2015-11-21,1394/08/30,1394,8,30,tile_ceramic,کاشی و سرامیک,57616105980228781,1740.1,1728.2,1740.0,TSETMC
2015-11-22,1394/09/01,1394,9,1,cement,سیمان، آهک و گچ,70077233737515808,622.8,622.4,622.4,TSETMC
2015-11-22,1394/09/01,1394,9,1,tile_ceramic,کاشی و سرامیک,57616105980228781,1743.6,1735.2,1735.2,TSETMC
2015-11-23,1394/09/02,1394,9,2,cement,سیمان، آهک و گچ,70077233737515808,622.4,620.5,620.5,TSETMC
2015-11-23,1394/09/02,1394,9,2,tile_ceramic,کاشی و سرامیک,57616105980228781,1735.3,1726.7,1726.7,TSETMC
2015-11-24,1394/09/03,1394,9,3,cement,سیمان، آهک و گچ,70077233737515808,620.5,619.4,619.4,TSETMC
2015-11-24,1394/09/03,1394,9,3,tile_ceramic,کاشی و سرامیک,57616105980228781,1731.5,1726.1,1726.1,TSETMC
2015-11-25,1394/09/04,1394,9,4,cement,سیمان، آهک و گچ,70077233737515808,619.4,617.6,617.6,TSETMC
2015-11-25,1394/09/04,1394,9,4,tile_ceramic,کاشی و سرامیک,57616105980228781,1726.9,1723.5,1725.1,TSETMC
2015-11-28,1394/09/07,1394,9,7,cement,سیمان، آهک و گچ,70077233737515808,617.4,616.4,616.4,TSETMC
2015-11-28,1394/09/07,1394,9,7,tile_ceramic,کاشی و سرامیک,57616105980228781,1727.4,1718.6,1718.6,TSETMC
2015-11-29,1394/09/08,1394,9,8,cement,سیمان، آهک و گچ,70077233737515808,616.4,615.5,615.5,TSETMC
2015-11-29,1394/09/08,1394,9,8,tile_ceramic,کاشی و سرامیک,57616105980228781,1717.6,1705.0,1705.0,TSETMC
2015-11-30,1394/09/09,1394,9,9,cement,سیمان، آهک و گچ,70077233737515808,615.5,613.6,613.7,TSETMC
2015-11-30,1394/09/09,1394,9,9,tile_ceramic,کاشی و سرامیک,57616105980228781,1703.8,1701.0,1701.0,TSETMC
2015-12-01,1394/09/10,1394,9,10,cement,سیمان، آهک و گچ,70077233737515808,613.6,613.1,613.1,TSETMC
2015-12-01,1394/09/10,1394,9,10,tile_ceramic,کاشی و سرامیک,57616105980228781,1701.1,1697.2,1697.2,TSETMC
2015-12-05,1394/09/14,1394,9,14,cement,سیمان، آهک و گچ,70077233737515808,613.1,612.9,613.0,TSETMC
2015-12-05,1394/09/14,1394,9,14,tile_ceramic,کاشی و سرامیک,57616105980228781,1698.8,1697.0,1698.8,TSETMC
2015-12-06,1394/09/15,1394,9,15,cement,سیمان، آهک و گچ,70077233737515808,613.0,612.1,612.1,TSETMC
2015-12-06,1394/09/15,1394,9,15,tile_ceramic,کاشی و سرامیک,57616105980228781,1698.9,1697.1,1697.1,TSETMC
2015-12-07,1394/09/16,1394,9,16,cement,سیمان، آهک و گچ,70077233737515808,612.0,610.8,610.8,TSETMC
2015-12-07,1394/09/16,1394,9,16,tile_ceramic,کاشی و سرامیک,57616105980228781,1697.1,1694.3,1694.6,TSETMC
2015-12-08,1394/09/17,1394,9,17,cement,سیمان، آهک و گچ,70077233737515808,610.8,610.4,610.4,TSETMC
2015-12-08,1394/09/17,1394,9,17,tile_ceramic,کاشی و سرامیک,57616105980228781,1694.6,1693.1,1693.1,TSETMC
2015-12-09,1394/09/18,1394,9,18,cement,سیمان، آهک و گچ,70077233737515808,610.2,609.8,609.8,TSETMC
2015-12-09,1394/09/18,1394,9,18,tile_ceramic,کاشی و سرامیک,57616105980228781,1693.0,1688.2,1688.2,TSETMC
2015-12-13,1394/09/22,1394,9,22,cement,سیمان، آهک و گچ,70077233737515808,609.8,609.4,609.4,TSETMC
2015-12-13,1394/09/22,1394,9,22,tile_ceramic,کاشی و سرامیک,57616105980228781,1688.6,1686.4,1686.4,TSETMC
2015-12-14,1394/09/23,1394,9,23,cement,سیمان، آهک و گچ,70077233737515808,609.0,608.0,608.7,TSETMC
2015-12-14,1394/09/23,1394,9,23,tile_ceramic,کاشی و سرامیک,57616105980228781,1686.4,1683.6,1683.6,TSETMC
2015-12-15,1394/09/24,1394,9,24,cement,سیمان، آهک و گچ,70077233737515808,608.7,607.3,607.3,TSETMC
2015-12-15,1394/09/24,1394,9,24,tile_ceramic,کاشی و سرامیک,57616105980228781,1683.8,1660.4,1660.4,TSETMC
2015-12-16,1394/09/25,1394,9,25,cement,سیمان، آهک و گچ,70077233737515808,607.3,605.8,605.8,TSETMC
2015-12-16,1394/09/25,1394,9,25,tile_ceramic,کاشی و سرامیک,57616105980228781,1660.5,1658.5,1658.5,TSETMC
2015-12-19,1394/09/28,1394,9,28,cement,سیمان، آهک و گچ,70077233737515808,605.8,601.7,601.7,TSETMC
2015-12-19,1394/09/28,1394,9,28,tile_ceramic,کاشی و سرامیک,57616105980228781,1658.4,1655.4,1655.4,TSETMC
2015-12-20,1394/09/29,1394,9,29,cement,سیمان، آهک و گچ,70077233737515808,601.7,599.5,599.5,TSETMC
2015-12-20,1394/09/29,1394,9,29,tile_ceramic,کاشی و سرامیک,57616105980228781,1655.3,1648.8,1648.8,TSETMC
2015-12-21,1394/09/30,1394,9,30,cement,سیمان، آهک و گچ,70077233737515808,599.5,598.5,598.4,TSETMC
2015-12-21,1394/09/30,1394,9,30,tile_ceramic,کاشی و سرامیک,57616105980228781,1647.5,1642.3,1642.3,TSETMC
2015-12-22,1394/10/01,1394,10,1,cement,سیمان، آهک و گچ,70077233737515808,598.4,597.6,597.6,TSETMC
2015-12-22,1394/10/01,1394,10,1,tile_ceramic,کاشی و سرامیک,57616105980228781,1642.4,1639.3,1639.3,TSETMC
2015-12-23,1394/10/02,1394,10,2,cement,سیمان، آهک و گچ,70077233737515808,597.6,595.2,595.2,TSETMC
2015-12-23,1394/10/02,1394,10,2,tile_ceramic,کاشی و سرامیک,57616105980228781,1640.0,1639.2,1639.4,TSETMC
2015-12-26,1394/10/05,1394,10,5,cement,سیمان، آهک و گچ,70077233737515808,595.2,593.1,593.1,TSETMC
2015-12-26,1394/10/05,1394,10,5,tile_ceramic,کاشی و سرامیک,57616105980228781,1640.4,1636.3,1636.7,TSETMC
2015-12-27,1394/10/06,1394,10,6,cement,سیمان، آهک و گچ,70077233737515808,593.6,593.1,593.5,TSETMC
2015-12-27,1394/10/06,1394,10,6,tile_ceramic,کاشی و سرامیک,57616105980228781,1646.2,1637.4,1646.2,TSETMC
2015-12-28,1394/10/07,1394,10,7,cement,سیمان، آهک و گچ,70077233737515808,593.8,593.4,593.8,TSETMC
2015-12-28,1394/10/07,1394,10,7,tile_ceramic,کاشی و سرامیک,57616105980228781,1649.0,1647.6,1649.0,TSETMC
2015-12-30,1394/10/09,1394,10,9,cement,سیمان، آهک و گچ,70077233737515808,594.7,593.5,594.7,TSETMC
2015-12-30,1394/10/09,1394,10,9,tile_ceramic,کاشی و سرامیک,57616105980228781,1655.2,1647.5,1655.1,TSETMC
2016-01-02,1394/10/12,1394,10,12,cement,سیمان، آهک و گچ,70077233737515808,599.6,595.1,599.6,TSETMC
2016-01-02,1394/10/12,1394,10,12,tile_ceramic,کاشی و سرامیک,57616105980228781,1662.9,1660.1,1662.1,TSETMC
2016-01-03,1394/10/13,1394,10,13,cement,سیمان، آهک و گچ,70077233737515808,602.9,600.4,602.9,TSETMC
2016-01-03,1394/10/13,1394,10,13,tile_ceramic,کاشی و سرامیک,57616105980228781,1668.0,1666.9,1668.0,TSETMC
2016-01-04,1394/10/14,1394,10,14,cement,سیمان، آهک و گچ,70077233737515808,604.0,603.4,603.7,TSETMC
2016-01-04,1394/10/14,1394,10,14,tile_ceramic,کاشی و سرامیک,57616105980228781,1671.8,1668.6,1670.8,TSETMC
2016-01-05,1394/10/15,1394,10,15,cement,سیمان، آهک و گچ,70077233737515808,605.1,603.7,605.0,TSETMC
2016-01-05,1394/10/15,1394,10,15,tile_ceramic,کاشی و سرامیک,57616105980228781,1668.7,1652.5,1658.8,TSETMC
2016-01-06,1394/10/16,1394,10,16,cement,سیمان، آهک و گچ,70077233737515808,606.2,605.0,606.2,TSETMC
2016-01-06,1394/10/16,1394,10,16,tile_ceramic,کاشی و سرامیک,57616105980228781,1676.2,1660.3,1676.2,TSETMC
2016-01-09,1394/10/19,1394,10,19,cement,سیمان، آهک و گچ,70077233737515808,606.3,605.2,605.2,TSETMC
2016-01-09,1394/10/19,1394,10,19,tile_ceramic,کاشی و سرامیک,57616105980228781,1722.9,1685.9,1722.9,TSETMC
2016-01-10,1394/10/20,1394,10,20,cement,سیمان، آهک و گچ,70077233737515808,605.4,604.5,604.5,TSETMC
2016-01-10,1394/10/20,1394,10,20,tile_ceramic,کاشی و سرامیک,57616105980228781,1764.9,1739.3,1764.9,TSETMC
2016-01-11,1394/10/21,1394,10,21,cement,سیمان، آهک و گچ,70077233737515808,604.8,604.5,604.6,TSETMC
2016-01-11,1394/10/21,1394,10,21,tile_ceramic,کاشی و سرامیک,57616105980228781,1801.6,1769.7,1800.9,TSETMC
2016-01-12,1394/10/22,1394,10,22,cement,سیمان، آهک و گچ,70077233737515808,605.2,604.8,605.2,TSETMC
2016-01-12,1394/10/22,1394,10,22,tile_ceramic,کاشی و سرامیک,57616105980228781,1788.8,1759.5,1759.5,TSETMC
2016-01-13,1394/10/23,1394,10,23,cement,سیمان، آهک و گچ,70077233737515808,608.6,605.5,608.6,TSETMC
2016-01-13,1394/10/23,1394,10,23,tile_ceramic,کاشی و سرامیک,57616105980228781,1776.9,1767.3,1767.3,TSETMC
2016-01-16,1394/10/26,1394,10,26,cement,سیمان، آهک و گچ,70077233737515808,614.9,610.6,614.9,TSETMC
2016-01-16,1394/10/26,1394,10,26,tile_ceramic,کاشی و سرامیک,57616105980228781,1792.6,1770.2,1792.6,TSETMC
2016-01-17,1394/10/27,1394,10,27,cement,سیمان، آهک و گچ,70077233737515808,620.6,617.3,617.6,TSETMC
2016-01-17,1394/10/27,1394,10,27,tile_ceramic,کاشی و سرامیک,57616105980228781,1811.0,1804.7,1804.7,TSETMC
2016-01-18,1394/10/28,1394,10,28,cement,سیمان، آهک و گچ,70077233737515808,617.4,613.7,613.7,TSETMC
2016-01-18,1394/10/28,1394,10,28,tile_ceramic,کاشی و سرامیک,57616105980228781,1803.0,1772.6,1772.6,TSETMC
2016-01-19,1394/10/29,1394,10,29,cement,سیمان، آهک و گچ,70077233737515808,613.9,612.3,612.3,TSETMC
2016-01-19,1394/10/29,1394,10,29,tile_ceramic,کاشی و سرامیک,57616105980228781,1801.9,1792.1,1793.3,TSETMC
2016-01-20,1394/10/30,1394,10,30,cement,سیمان، آهک و گچ,70077233737515808,612.5,609.0,609.0,TSETMC
2016-01-20,1394/10/30,1394,10,30,tile_ceramic,کاشی و سرامیک,57616105980228781,1799.5,1772.1,1772.1,TSETMC
2016-01-23,1394/11/03,1394,11,3,cement,سیمان، آهک و گچ,70077233737515808,611.1,609.1,611.1,TSETMC
2016-01-23,1394/11/03,1394,11,3,tile_ceramic,کاشی و سرامیک,57616105980228781,1772.5,1761.2,1761.2,TSETMC
2016-01-24,1394/11/04,1394,11,4,cement,سیمان، آهک و گچ,70077233737515808,624.3,611.5,624.3,TSETMC
2016-01-24,1394/11/04,1394,11,4,tile_ceramic,کاشی و سرامیک,57616105980228781,1754.2,1736.9,1754.2,TSETMC
2016-01-25,1394/11/05,1394,11,5,cement,سیمان، آهک و گچ,70077233737515808,639.7,629.9,639.7,TSETMC
2016-01-25,1394/11/05,1394,11,5,tile_ceramic,کاشی و سرامیک,57616105980228781,1776.9,1756.6,1776.9,TSETMC
2016-01-26,1394/11/06,1394,11,6,cement,سیمان، آهک و گچ,70077233737515808,649.1,644.1,649.1,TSETMC
2016-01-26,1394/11/06,1394,11,6,tile_ceramic,کاشی و سرامیک,57616105980228781,1854.5,1777.8,1853.1,TSETMC
2016-01-27,1394/11/07,1394,11,7,cement,سیمان، آهک و گچ,70077233737515808,649.0,640.5,640.5,TSETMC
2016-01-27,1394/11/07,1394,11,7,tile_ceramic,کاشی و سرامیک,57616105980228781,1851.3,1808.7,1808.7,TSETMC
2016-01-30,1394/11/10,1394,11,10,cement,سیمان، آهک و گچ,70077233737515808,640.1,636.3,636.3,TSETMC
2016-01-30,1394/11/10,1394,11,10,tile_ceramic,کاشی و سرامیک,57616105980228781,1808.5,1799.6,1799.6,TSETMC
2016-01-31,1394/11/11,1394,11,11,cement,سیمان، آهک و گچ,70077233737515808,636.3,633.3,633.3,TSETMC
2016-01-31,1394/11/11,1394,11,11,tile_ceramic,کاشی و سرامیک,57616105980228781,1794.0,1767.5,1767.5,TSETMC
2016-02-01,1394/11/12,1394,11,12,cement,سیمان، آهک و گچ,70077233737515808,644.9,634.3,644.9,TSETMC
2016-02-01,1394/11/12,1394,11,12,tile_ceramic,کاشی و سرامیک,57616105980228781,1764.7,1758.6,1758.6,TSETMC
2016-02-02,1394/11/13,1394,11,13,cement,سیمان، آهک و گچ,70077233737515808,656.5,651.8,656.5,TSETMC
2016-02-02,1394/11/13,1394,11,13,tile_ceramic,کاشی و سرامیک,57616105980228781,1784.0,1760.4,1760.4,TSETMC
2016-02-03,1394/11/14,1394,11,14,cement,سیمان، آهک و گچ,70077233737515808,664.8,660.6,664.8,TSETMC
2016-02-03,1394/11/14,1394,11,14,tile_ceramic,کاشی و سرامیک,57616105980228781,1759.5,1748.1,1757.0,TSETMC
2016-02-06,1394/11/17,1394,11,17,cement,سیمان، آهک و گچ,70077233737515808,675.6,670.5,675.5,TSETMC
2016-02-06,1394/11/17,1394,11,17,tile_ceramic,کاشی و سرامیک,57616105980228781,1761.9,1754.2,1754.2,TSETMC
2016-02-07,1394/11/18,1394,11,18,cement,سیمان، آهک و گچ,70077233737515808,679.9,676.9,679.1,TSETMC
2016-02-07,1394/11/18,1394,11,18,tile_ceramic,کاشی و سرامیک,57616105980228781,1762.7,1748.3,1757.6,TSETMC
2016-02-08,1394/11/19,1394,11,19,cement,سیمان، آهک و گچ,70077233737515808,683.3,679.6,683.1,TSETMC
2016-02-08,1394/11/19,1394,11,19,tile_ceramic,کاشی و سرامیک,57616105980228781,1790.1,1763.6,1790.1,TSETMC
2016-02-09,1394/11/20,1394,11,20,cement,سیمان، آهک و گچ,70077233737515808,693.5,683.7,692.2,TSETMC
2016-02-09,1394/11/20,1394,11,20,tile_ceramic,کاشی و سرامیک,57616105980228781,1844.4,1818.4,1841.5,TSETMC
2016-02-10,1394/11/21,1394,11,21,cement,سیمان، آهک و گچ,70077233737515808,691.7,685.5,685.5,TSETMC
2016-02-10,1394/11/21,1394,11,21,tile_ceramic,کاشی و سرامیک,57616105980228781,1860.5,1848.2,1860.5,TSETMC
2016-02-13,1394/11/24,1394,11,24,cement,سیمان، آهک و گچ,70077233737515808,685.3,679.5,679.5,TSETMC
2016-02-13,1394/11/24,1394,11,24,tile_ceramic,کاشی و سرامیک,57616105980228781,1860.5,1834.6,1834.6,TSETMC
2016-02-14,1394/11/25,1394,11,25,cement,سیمان، آهک و گچ,70077233737515808,680.2,677.5,677.5,TSETMC
2016-02-14,1394/11/25,1394,11,25,tile_ceramic,کاشی و سرامیک,57616105980228781,1838.3,1805.5,1805.5,TSETMC
2016-02-15,1394/11/26,1394,11,26,cement,سیمان، آهک و گچ,70077233737515808,683.6,679.2,683.6,TSETMC
2016-02-15,1394/11/26,1394,11,26,tile_ceramic,کاشی و سرامیک,57616105980228781,1808.9,1802.9,1807.6,TSETMC
2016-02-16,1394/11/27,1394,11,27,cement,سیمان، آهک و گچ,70077233737515808,685.9,678.4,678.4,TSETMC
2016-02-16,1394/11/27,1394,11,27,tile_ceramic,کاشی و سرامیک,57616105980228781,1810.3,1802.9,1802.9,TSETMC
2016-02-17,1394/11/28,1394,11,28,cement,سیمان، آهک و گچ,70077233737515808,678.3,671.6,672.2,TSETMC
2016-02-17,1394/11/28,1394,11,28,tile_ceramic,کاشی و سرامیک,57616105980228781,1830.6,1805.2,1830.6,TSETMC
2016-02-20,1394/12/01,1394,12,1,cement,سیمان، آهک و گچ,70077233737515808,672.4,671.6,671.6,TSETMC
2016-02-20,1394/12/01,1394,12,1,tile_ceramic,کاشی و سرامیک,57616105980228781,1841.9,1839.8,1841.9,TSETMC
2016-02-21,1394/12/02,1394,12,2,cement,سیمان، آهک و گچ,70077233737515808,671.3,666.5,666.5,TSETMC
2016-02-21,1394/12/02,1394,12,2,tile_ceramic,کاشی و سرامیک,57616105980228781,1850.2,1846.8,1846.8,TSETMC
2016-02-22,1394/12/03,1394,12,3,cement,سیمان، آهک و گچ,70077233737515808,670.3,666.5,670.3,TSETMC
2016-02-22,1394/12/03,1394,12,3,tile_ceramic,کاشی و سرامیک,57616105980228781,1854.0,1843.1,1843.5,TSETMC
2016-02-23,1394/12/04,1394,12,4,cement,سیمان، آهک و گچ,70077233737515808,674.6,665.8,665.8,TSETMC
2016-02-23,1394/12/04,1394,12,4,tile_ceramic,کاشی و سرامیک,57616105980228781,1863.5,1843.8,1861.9,TSETMC
2016-02-24,1394/12/05,1394,12,5,cement,سیمان، آهک و گچ,70077233737515808,666.9,664.5,664.5,TSETMC
2016-02-24,1394/12/05,1394,12,5,tile_ceramic,کاشی و سرامیک,57616105980228781,1883.5,1878.5,1878.5,TSETMC
2016-02-27,1394/12/08,1394,12,8,cement,سیمان، آهک و گچ,70077233737515808,664.7,664.0,664.0,TSETMC
2016-02-27,1394/12/08,1394,12,8,tile_ceramic,کاشی و سرامیک,57616105980228781,1882.3,1875.1,1880.9,TSETMC
2016-02-28,1394/12/09,1394,12,9,cement,سیمان، آهک و گچ,70077233737515808,663.9,658.2,658.2,TSETMC
2016-02-28,1394/12/09,1394,12,9,tile_ceramic,کاشی و سرامیک,57616105980228781,1883.7,1860.8,1860.8,TSETMC
2016-02-29,1394/12/10,1394,12,10,cement,سیمان، آهک و گچ,70077233737515808,657.3,651.8,651.8,TSETMC
2016-02-29,1394/12/10,1394,12,10,tile_ceramic,کاشی و سرامیک,57616105980228781,1861.1,1852.0,1852.0,TSETMC
2016-03-01,1394/12/11,1394,12,11,cement,سیمان، آهک و گچ,70077233737515808,651.8,648.5,648.5,TSETMC
2016-03-01,1394/12/11,1394,12,11,tile_ceramic,کاشی و سرامیک,57616105980228781,1849.4,1820.1,1820.1,TSETMC
2016-03-02,1394/12/12,1394,12,12,cement,سیمان، آهک و گچ,70077233737515808,647.5,646.3,646.3,TSETMC
2016-03-02,1394/12/12,1394,12,12,tile_ceramic,کاشی و سرامیک,57616105980228781,1856.2,1815.0,1856.2,TSETMC
2016-03-05,1394/12/15,1394,12,15,cement,سیمان، آهک و گچ,70077233737515808,648.1,646.4,647.5,TSETMC
2016-03-05,1394/12/15,1394,12,15,tile_ceramic,کاشی و سرامیک,57616105980228781,1858.4,1841.5,1841.5,TSETMC
2016-03-06,1394/12/16,1394,12,16,cement,سیمان، آهک و گچ,70077233737515808,656.1,648.6,656.0,TSETMC
2016-03-06,1394/12/16,1394,12,16,tile_ceramic,کاشی و سرامیک,57616105980228781,1847.2,1844.3,1844.3,TSETMC
2016-03-07,1394/12/17,1394,12,17,cement,سیمان، آهک و گچ,70077233737515808,661.4,657.4,660.5,TSETMC
2016-03-07,1394/12/17,1394,12,17,tile_ceramic,کاشی و سرامیک,57616105980228781,1842.5,1827.5,1827.5,TSETMC
2016-03-08,1394/12/18,1394,12,18,cement,سیمان، آهک و گچ,70077233737515808,660.3,654.7,654.8,TSETMC
2016-03-08,1394/12/18,1394,12,18,tile_ceramic,کاشی و سرامیک,57616105980228781,1826.9,1816.9,1816.9,TSETMC
2016-03-09,1394/12/19,1394,12,19,cement,سیمان، آهک و گچ,70077233737515808,655.6,652.6,652.6,TSETMC
2016-03-09,1394/12/19,1394,12,19,tile_ceramic,کاشی و سرامیک,57616105980228781,1810.4,1795.5,1795.8,TSETMC
2016-03-12,1394/12/22,1394,12,22,cement,سیمان، آهک و گچ,70077233737515808,654.7,652.4,654.0,TSETMC
2016-03-12,1394/12/22,1394,12,22,tile_ceramic,کاشی و سرامیک,57616105980228781,1796.0,1792.7,1792.7,TSETMC
2016-03-14,1394/12/24,1394,12,24,cement,سیمان، آهک و گچ,70077233737515808,666.0,653.6,666.0,TSETMC
2016-03-14,1394/12/24,1394,12,24,tile_ceramic,کاشی و سرامیک,57616105980228781,1793.0,1788.7,1788.7,TSETMC
2016-03-15,1394/12/25,1394,12,25,cement,سیمان، آهک و گچ,70077233737515808,679.9,674.8,679.9,TSETMC
2016-03-15,1394/12/25,1394,12,25,tile_ceramic,کاشی و سرامیک,57616105980228781,1795.0,1770.3,1770.3,TSETMC
2016-03-16,1394/12/26,1394,12,26,cement,سیمان، آهک و گچ,70077233737515808,684.3,681.5,681.5,TSETMC
2016-03-16,1394/12/26,1394,12,26,tile_ceramic,کاشی و سرامیک,57616105980228781,1770.3,1764.6,1764.6,TSETMC
2016-03-26,1395/01/07,1395,1,7,cement,سیمان، آهک و گچ,70077233737515808,687.7,681.6,687.7,TSETMC
2016-03-26,1395/01/07,1395,1,7,tile_ceramic,کاشی و سرامیک,57616105980228781,1768.9,1764.7,1766.8,TSETMC
2016-03-27,1395/01/08,1395,1,8,cement,سیمان، آهک و گچ,70077233737515808,690.3,686.9,686.9,TSETMC
2016-03-27,1395/01/08,1395,1,8,tile_ceramic,کاشی و سرامیک,57616105980228781,1768.8,1765.9,1768.8,TSETMC
2016-03-28,1395/01/09,1395,1,9,cement,سیمان، آهک و گچ,70077233737515808,686.9,684.2,684.2,TSETMC
2016-03-28,1395/01/09,1395,1,9,tile_ceramic,کاشی و سرامیک,57616105980228781,1777.3,1768.9,1776.9,TSETMC
2016-03-29,1395/01/10,1395,1,10,cement,سیمان، آهک و گچ,70077233737515808,684.1,681.5,682.4,TSETMC
2016-03-29,1395/01/10,1395,1,10,tile_ceramic,کاشی و سرامیک,57616105980228781,1777.8,1775.9,1775.9,TSETMC
2016-03-30,1395/01/11,1395,1,11,cement,سیمان، آهک و گچ,70077233737515808,683.9,682.4,683.3,TSETMC
2016-03-30,1395/01/11,1395,1,11,tile_ceramic,کاشی و سرامیک,57616105980228781,1776.0,1774.6,1774.6,TSETMC
2016-04-02,1395/01/14,1395,1,14,cement,سیمان، آهک و گچ,70077233737515808,683.4,680.7,680.7,TSETMC
2016-04-02,1395/01/14,1395,1,14,tile_ceramic,کاشی و سرامیک,57616105980228781,1778.5,1775.1,1775.1,TSETMC
2016-04-03,1395/01/15,1395,1,15,cement,سیمان، آهک و گچ,70077233737515808,692.7,680.5,692.7,TSETMC
2016-04-03,1395/01/15,1395,1,15,tile_ceramic,کاشی و سرامیک,57616105980228781,1775.1,1770.9,1771.1,TSETMC
2016-04-04,1395/01/16,1395,1,16,cement,سیمان، آهک و گچ,70077233737515808,712.7,701.2,712.7,TSETMC
2016-04-04,1395/01/16,1395,1,16,tile_ceramic,کاشی و سرامیک,57616105980228781,1771.2,1769.5,1770.4,TSETMC
2016-04-05,1395/01/17,1395,1,17,cement,سیمان، آهک و گچ,70077233737515808,731.4,720.4,731.4,TSETMC
2016-04-05,1395/01/17,1395,1,17,tile_ceramic,کاشی و سرامیک,57616105980228781,1780.6,1775.8,1780.6,TSETMC
2016-04-06,1395/01/18,1395,1,18,cement,سیمان، آهک و گچ,70077233737515808,747.8,738.6,738.6,TSETMC
2016-04-06,1395/01/18,1395,1,18,tile_ceramic,کاشی و سرامیک,57616105980228781,1784.0,1779.6,1783.5,TSETMC
2016-04-09,1395/01/21,1395,1,21,cement,سیمان، آهک و گچ,70077233737515808,735.1,719.6,719.6,TSETMC
2016-04-09,1395/01/21,1395,1,21,tile_ceramic,کاشی و سرامیک,57616105980228781,1786.5,1783.3,1786.5,TSETMC
2016-04-10,1395/01/22,1395,1,22,cement,سیمان، آهک و گچ,70077233737515808,734.0,722.5,732.6,TSETMC
2016-04-10,1395/01/22,1395,1,22,tile_ceramic,کاشی و سرامیک,57616105980228781,1786.4,1780.9,1781.0,TSETMC
2016-04-11,1395/01/23,1395,1,23,cement,سیمان، آهک و گچ,70077233737515808,738.9,734.2,734.2,TSETMC
2016-04-11,1395/01/23,1395,1,23,tile_ceramic,کاشی و سرامیک,57616105980228781,1784.1,1783.0,1783.3,TSETMC
2016-04-12,1395/01/24,1395,1,24,cement,سیمان، آهک و گچ,70077233737515808,733.4,716.1,716.1,TSETMC
2016-04-12,1395/01/24,1395,1,24,tile_ceramic,کاشی و سرامیک,57616105980228781,1784.0,1774.5,1774.5,TSETMC
2016-04-13,1395/01/25,1395,1,25,cement,سیمان، آهک و گچ,70077233737515808,714.9,703.1,703.1,TSETMC
2016-04-13,1395/01/25,1395,1,25,tile_ceramic,کاشی و سرامیک,57616105980228781,1772.2,1759.3,1759.3,TSETMC
2016-04-16,1395/01/28,1395,1,28,cement,سیمان، آهک و گچ,70077233737515808,702.2,694.0,694.0,TSETMC
2016-04-16,1395/01/28,1395,1,28,tile_ceramic,کاشی و سرامیک,57616105980228781,1758.4,1749.4,1749.4,TSETMC
2016-04-17,1395/01/29,1395,1,29,cement,سیمان، آهک و گچ,70077233737515808,688.4,680.7,680.6,TSETMC
2016-04-17,1395/01/29,1395,1,29,tile_ceramic,کاشی و سرامیک,57616105980228781,1744.6,1742.2,1742.2,TSETMC
2016-04-18,1395/01/30,1395,1,30,cement,سیمان، آهک و گچ,70077233737515808,689.4,681.9,689.0,TSETMC
2016-04-18,1395/01/30,1395,1,30,tile_ceramic,کاشی و سرامیک,57616105980228781,1743.7,1741.7,1742.3,TSETMC
2016-04-19,1395/01/31,1395,1,31,cement,سیمان، آهک و گچ,70077233737515808,689.7,682.6,683.2,TSETMC
2016-04-19,1395/01/31,1395,1,31,tile_ceramic,کاشی و سرامیک,57616105980228781,1742.4,1733.8,1733.8,TSETMC
2016-04-20,1395/02/01,1395,2,1,cement,سیمان، آهک و گچ,70077233737515808,683.2,679.4,679.4,TSETMC
2016-04-20,1395/02/01,1395,2,1,tile_ceramic,کاشی و سرامیک,57616105980228781,1734.1,1727.8,1727.8,TSETMC
2016-04-23,1395/02/04,1395,2,4,cement,سیمان، آهک و گچ,70077233737515808,679.3,678.4,679.2,TSETMC
2016-04-23,1395/02/04,1395,2,4,tile_ceramic,کاشی و سرامیک,57616105980228781,1728.9,1727.3,1728.9,TSETMC
2016-04-24,1395/02/05,1395,2,5,cement,سیمان، آهک و گچ,70077233737515808,686.2,679.2,686.0,TSETMC
2016-04-24,1395/02/05,1395,2,5,tile_ceramic,کاشی و سرامیک,57616105980228781,1734.4,1730.0,1734.4,TSETMC
2016-04-25,1395/02/06,1395,2,6,cement,سیمان، آهک و گچ,70077233737515808,686.2,679.9,679.9,TSETMC
2016-04-25,1395/02/06,1395,2,6,tile_ceramic,کاشی و سرامیک,57616105980228781,1737.9,1736.7,1737.7,TSETMC
2016-04-26,1395/02/07,1395,2,7,cement,سیمان، آهک و گچ,70077233737515808,679.9,678.0,678.0,TSETMC
2016-04-26,1395/02/07,1395,2,7,tile_ceramic,کاشی و سرامیک,57616105980228781,1756.2,1738.9,1756.2,TSETMC
2016-04-27,1395/02/08,1395,2,8,cement,سیمان، آهک و گچ,70077233737515808,676.9,668.5,668.5,TSETMC
2016-04-27,1395/02/08,1395,2,8,tile_ceramic,کاشی و سرامیک,57616105980228781,1758.9,1749.3,1758.9,TSETMC
2016-04-30,1395/02/11,1395,2,11,cement,سیمان، آهک و گچ,70077233737515808,672.7,671.0,672.0,TSETMC
2016-04-30,1395/02/11,1395,2,11,tile_ceramic,کاشی و سرامیک,57616105980228781,1793.8,1763.9,1793.8,TSETMC
2016-05-01,1395/02/12,1395,2,12,cement,سیمان، آهک و گچ,70077233737515808,680.9,672.4,680.9,TSETMC
2016-05-01,1395/02/12,1395,2,12,tile_ceramic,کاشی و سرامیک,57616105980228781,1812.7,1800.6,1812.7,TSETMC
2016-05-02,1395/02/13,1395,2,13,cement,سیمان، آهک و گچ,70077233737515808,684.2,678.9,678.9,TSETMC
2016-05-02,1395/02/13,1395,2,13,tile_ceramic,کاشی و سرامیک,57616105980228781,1832.5,1809.1,1809.1,TSETMC
2016-05-03,1395/02/14,1395,2,14,cement,سیمان، آهک و گچ,70077233737515808,680.7,676.6,679.8,TSETMC
2016-05-03,1395/02/14,1395,2,14,tile_ceramic,کاشی و سرامیک,57616105980228781,1803.6,1781.7,1781.7,TSETMC
2016-05-04,1395/02/15,1395,2,15,cement,سیمان، آهک و گچ,70077233737515808,680.4,679.1,679.1,TSETMC
2016-05-04,1395/02/15,1395,2,15,tile_ceramic,کاشی و سرامیک,57616105980228781,1781.9,1766.5,1766.5,TSETMC
2016-05-07,1395/02/18,1395,2,18,cement,سیمان، آهک و گچ,70077233737515808,678.6,670.4,670.4,TSETMC
2016-05-07,1395/02/18,1395,2,18,tile_ceramic,کاشی و سرامیک,57616105980228781,1770.5,1760.6,1760.6,TSETMC
2016-05-08,1395/02/19,1395,2,19,cement,سیمان، آهک و گچ,70077233737515808,669.5,664.3,664.3,TSETMC
2016-05-08,1395/02/19,1395,2,19,tile_ceramic,کاشی و سرامیک,57616105980228781,1760.7,1751.3,1751.3,TSETMC
2016-05-09,1395/02/20,1395,2,20,cement,سیمان، آهک و گچ,70077233737515808,664.2,658.5,658.5,TSETMC
2016-05-09,1395/02/20,1395,2,20,tile_ceramic,کاشی و سرامیک,57616105980228781,1751.0,1745.1,1745.1,TSETMC
2016-05-10,1395/02/21,1395,2,21,cement,سیمان، آهک و گچ,70077233737515808,657.9,649.5,649.5,TSETMC
2016-05-10,1395/02/21,1395,2,21,tile_ceramic,کاشی و سرامیک,57616105980228781,1749.8,1744.7,1747.7,TSETMC
2016-05-11,1395/02/22,1395,2,22,cement,سیمان، آهک و گچ,70077233737515808,649.1,640.0,640.0,TSETMC
2016-05-11,1395/02/22,1395,2,22,tile_ceramic,کاشی و سرامیک,57616105980228781,1747.6,1738.8,1738.9,TSETMC
2016-05-14,1395/02/25,1395,2,25,cement,سیمان، آهک و گچ,70077233737515808,645.8,639.3,645.7,TSETMC
2016-05-14,1395/02/25,1395,2,25,tile_ceramic,کاشی و سرامیک,57616105980228781,1739.6,1734.3,1734.3,TSETMC
2016-05-15,1395/02/26,1395,2,26,cement,سیمان، آهک و گچ,70077233737515808,645.5,643.3,643.3,TSETMC
2016-05-15,1395/02/26,1395,2,26,tile_ceramic,کاشی و سرامیک,57616105980228781,1734.0,1722.8,1722.8,TSETMC
2016-05-16,1395/02/27,1395,2,27,cement,سیمان، آهک و گچ,70077233737515808,643.4,641.9,641.9,TSETMC
2016-05-16,1395/02/27,1395,2,27,tile_ceramic,کاشی و سرامیک,57616105980228781,1726.0,1702.9,1705.2,TSETMC
2016-05-17,1395/02/28,1395,2,28,cement,سیمان، آهک و گچ,70077233737515808,648.9,641.8,648.9,TSETMC
2016-05-17,1395/02/28,1395,2,28,tile_ceramic,کاشی و سرامیک,57616105980228781,1746.0,1722.0,1746.0,TSETMC
2016-05-18,1395/02/29,1395,2,29,cement,سیمان، آهک و گچ,70077233737515808,653.9,649.0,653.4,TSETMC
2016-05-18,1395/02/29,1395,2,29,tile_ceramic,کاشی و سرامیک,57616105980228781,1768.0,1757.4,1757.4,TSETMC
2016-05-21,1395/03/01,1395,3,1,cement,سیمان، آهک و گچ,70077233737515808,653.4,652.7,652.7,TSETMC
2016-05-21,1395/03/01,1395,3,1,tile_ceramic,کاشی و سرامیک,57616105980228781,1760.4,1748.6,1748.6,TSETMC
2016-05-23,1395/03/03,1395,3,3,cement,سیمان، آهک و گچ,70077233737515808,652.7,648.2,648.2,TSETMC
2016-05-23,1395/03/03,1395,3,3,tile_ceramic,کاشی و سرامیک,57616105980228781,1747.5,1738.2,1738.2,TSETMC
2016-05-24,1395/03/04,1395,3,4,cement,سیمان، آهک و گچ,70077233737515808,649.0,648.2,648.8,TSETMC
2016-05-24,1395/03/04,1395,3,4,tile_ceramic,کاشی و سرامیک,57616105980228781,1737.3,1722.1,1722.1,TSETMC
2016-05-25,1395/03/05,1395,3,5,cement,سیمان، آهک و گچ,70077233737515808,648.8,647.8,647.8,TSETMC
2016-05-25,1395/03/05,1395,3,5,tile_ceramic,کاشی و سرامیک,57616105980228781,1725.7,1708.6,1708.6,TSETMC
2016-05-28,1395/03/08,1395,3,8,cement,سیمان، آهک و گچ,70077233737515808,652.0,648.2,652.0,TSETMC
2016-05-28,1395/03/08,1395,3,8,tile_ceramic,کاشی و سرامیک,57616105980228781,1708.6,1699.8,1699.8,TSETMC
2016-05-29,1395/03/09,1395,3,9,cement,سیمان، آهک و گچ,70077233737515808,652.6,652.0,652.3,TSETMC
2016-05-29,1395/03/09,1395,3,9,tile_ceramic,کاشی و سرامیک,57616105980228781,1699.9,1691.6,1691.6,TSETMC
2016-05-30,1395/03/10,1395,3,10,cement,سیمان، آهک و گچ,70077233737515808,653.4,652.7,652.7,TSETMC
2016-05-30,1395/03/10,1395,3,10,tile_ceramic,کاشی و سرامیک,57616105980228781,1692.5,1684.1,1684.1,TSETMC
2016-05-31,1395/03/11,1395,3,11,cement,سیمان، آهک و گچ,70077233737515808,652.7,650.9,650.9,TSETMC
2016-05-31,1395/03/11,1395,3,11,tile_ceramic,کاشی و سرامیک,57616105980228781,1684.3,1674.3,1674.3,TSETMC
2016-06-01,1395/03/12,1395,3,12,cement,سیمان، آهک و گچ,70077233737515808,650.9,647.7,647.7,TSETMC
2016-06-01,1395/03/12,1395,3,12,tile_ceramic,کاشی و سرامیک,57616105980228781,1671.4,1668.1,1671.4,TSETMC
2016-06-05,1395/03/16,1395,3,16,cement,سیمان، آهک و گچ,70077233737515808,647.7,646.6,646.6,TSETMC
2016-06-05,1395/03/16,1395,3,16,tile_ceramic,کاشی و سرامیک,57616105980228781,1672.9,1671.2,1672.9,TSETMC
2016-06-06,1395/03/17,1395,3,17,cement,سیمان، آهک و گچ,70077233737515808,646.6,645.8,646.0,TSETMC
2016-06-06,1395/03/17,1395,3,17,tile_ceramic,کاشی و سرامیک,57616105980228781,1674.7,1661.6,1672.4,TSETMC
2016-06-07,1395/03/18,1395,3,18,cement,سیمان، آهک و گچ,70077233737515808,646.0,645.3,645.3,TSETMC
2016-06-07,1395/03/18,1395,3,18,tile_ceramic,کاشی و سرامیک,57616105980228781,1681.9,1680.1,1681.9,TSETMC
2016-06-08,1395/03/19,1395,3,19,cement,سیمان، آهک و گچ,70077233737515808,645.1,641.4,641.4,TSETMC
2016-06-08,1395/03/19,1395,3,19,tile_ceramic,کاشی و سرامیک,57616105980228781,1681.9,1673.6,1673.6,TSETMC
2016-06-11,1395/03/22,1395,3,22,cement,سیمان، آهک و گچ,70077233737515808,641.0,634.9,634.9,TSETMC
2016-06-11,1395/03/22,1395,3,22,tile_ceramic,کاشی و سرامیک,57616105980228781,1673.6,1657.7,1658.4,TSETMC
2016-06-12,1395/03/23,1395,3,23,cement,سیمان، آهک و گچ,70077233737515808,634.8,631.0,631.0,TSETMC
2016-06-12,1395/03/23,1395,3,23,tile_ceramic,کاشی و سرامیک,57616105980228781,1658.1,1651.4,1651.5,TSETMC
2016-06-13,1395/03/24,1395,3,24,cement,سیمان، آهک و گچ,70077233737515808,630.5,628.8,628.8,TSETMC
2016-06-13,1395/03/24,1395,3,24,tile_ceramic,کاشی و سرامیک,57616105980228781,1651.8,1650.1,1650.1,TSETMC
2016-06-14,1395/03/25,1395,3,25,cement,سیمان، آهک و گچ,70077233737515808,628.0,621.6,621.6,TSETMC
2016-06-14,1395/03/25,1395,3,25,tile_ceramic,کاشی و سرامیک,57616105980228781,1649.9,1639.4,1639.4,TSETMC
2016-06-15,1395/03/26,1395,3,26,cement,سیمان، آهک و گچ,70077233737515808,621.7,619.1,619.1,TSETMC
2016-06-15,1395/03/26,1395,3,26,tile_ceramic,کاشی و سرامیک,57616105980228781,1650.5,1639.3,1650.5,TSETMC
2016-06-18,1395/03/29,1395,3,29,cement,سیمان، آهک و گچ,70077233737515808,624.0,619.1,624.0,TSETMC
2016-06-18,1395/03/29,1395,3,29,tile_ceramic,کاشی و سرامیک,57616105980228781,1653.2,1650.5,1650.5,TSETMC
2016-06-19,1395/03/30,1395,3,30,cement,سیمان، آهک و گچ,70077233737515808,624.7,622.8,622.8,TSETMC
2016-06-19,1395/03/30,1395,3,30,tile_ceramic,کاشی و سرامیک,57616105980228781,1651.0,1646.2,1646.2,TSETMC
2016-06-20,1395/03/31,1395,3,31,cement,سیمان، آهک و گچ,70077233737515808,622.8,620.9,620.9,TSETMC
2016-06-20,1395/03/31,1395,3,31,tile_ceramic,کاشی و سرامیک,57616105980228781,1646.0,1635.2,1635.2,TSETMC
2016-06-21,1395/04/01,1395,4,1,cement,سیمان، آهک و گچ,70077233737515808,620.9,619.9,620.0,TSETMC
2016-06-21,1395/04/01,1395,4,1,tile_ceramic,کاشی و سرامیک,57616105980228781,1642.5,1634.9,1641.9,TSETMC
2016-06-22,1395/04/02,1395,4,2,cement,سیمان، آهک و گچ,70077233737515808,622.1,620.0,622.1,TSETMC
2016-06-22,1395/04/02,1395,4,2,tile_ceramic,کاشی و سرامیک,57616105980228781,1659.1,1646.3,1659.1,TSETMC
2016-06-25,1395/04/05,1395,4,5,cement,سیمان، آهک و گچ,70077233737515808,621.9,616.6,616.7,TSETMC
2016-06-25,1395/04/05,1395,4,5,tile_ceramic,کاشی و سرامیک,57616105980228781,1659.2,1649.2,1659.2,TSETMC
2016-06-26,1395/04/06,1395,4,6,cement,سیمان، آهک و گچ,70077233737515808,616.8,616.2,616.5,TSETMC
2016-06-26,1395/04/06,1395,4,6,tile_ceramic,کاشی و سرامیک,57616105980228781,1677.1,1663.0,1677.1,TSETMC
2016-06-28,1395/04/08,1395,4,8,cement,سیمان، آهک و گچ,70077233737515808,621.2,616.9,620.4,TSETMC
2016-06-28,1395/04/08,1395,4,8,tile_ceramic,کاشی و سرامیک,57616105980228781,1694.3,1682.1,1694.3,TSETMC
2016-06-29,1395/04/09,1395,4,9,cement,سیمان، آهک و گچ,70077233737515808,620.6,617.9,617.9,TSETMC
2016-06-29,1395/04/09,1395,4,9,tile_ceramic,کاشی و سرامیک,57616105980228781,1703.1,1697.8,1697.8,TSETMC
2016-07-02,1395/04/12,1395,4,12,cement,سیمان، آهک و گچ,70077233737515808,617.8,615.7,615.7,TSETMC
2016-07-02,1395/04/12,1395,4,12,tile_ceramic,کاشی و سرامیک,57616105980228781,1696.7,1689.8,1689.8,TSETMC
2016-07-03,1395/04/13,1395,4,13,cement,سیمان، آهک و گچ,70077233737515808,615.7,613.6,613.6,TSETMC
2016-07-03,1395/04/13,1395,4,13,tile_ceramic,کاشی و سرامیک,57616105980228781,1692.8,1689.5,1689.4,TSETMC
2016-07-04,1395/04/14,1395,4,14,cement,سیمان، آهک و گچ,70077233737515808,625.6,613.8,625.6,TSETMC
2016-07-04,1395/04/14,1395,4,14,tile_ceramic,کاشی و سرامیک,57616105980228781,1695.9,1680.0,1693.0,TSETMC
2016-07-05,1395/04/15,1395,4,15,cement,سیمان، آهک و گچ,70077233737515808,627.6,626.2,626.2,TSETMC
2016-07-05,1395/04/15,1395,4,15,tile_ceramic,کاشی و سرامیک,57616105980228781,1717.7,1702.4,1713.9,TSETMC
2016-07-09,1395/04/19,1395,4,19,cement,سیمان، آهک و گچ,70077233737515808,626.2,622.7,622.6,TSETMC
2016-07-09,1395/04/19,1395,4,19,tile_ceramic,کاشی و سرامیک,57616105980228781,1737.5,1725.4,1737.5,TSETMC
2016-07-10,1395/04/20,1395,4,20,cement,سیمان، آهک و گچ,70077233737515808,622.6,619.5,619.5,TSETMC
2016-07-10,1395/04/20,1395,4,20,tile_ceramic,کاشی و سرامیک,57616105980228781,1747.7,1744.2,1747.6,TSETMC
2016-07-11,1395/04/21,1395,4,21,cement,سیمان، آهک و گچ,70077233737515808,619.4,616.4,616.4,TSETMC
2016-07-11,1395/04/21,1395,4,21,tile_ceramic,کاشی و سرامیک,57616105980228781,1766.7,1754.0,1766.7,TSETMC
2016-07-12,1395/04/22,1395,4,22,cement,سیمان، آهک و گچ,70077233737515808,615.3,609.9,609.9,TSETMC
2016-07-12,1395/04/22,1395,4,22,tile_ceramic,کاشی و سرامیک,57616105980228781,1784.3,1776.0,1783.1,TSETMC
2016-07-13,1395/04/23,1395,4,23,cement,سیمان، آهک و گچ,70077233737515808,610.8,609.0,609.0,TSETMC
2016-07-13,1395/04/23,1395,4,23,tile_ceramic,کاشی و سرامیک,57616105980228781,1797.0,1787.8,1797.0,TSETMC
2016-07-16,1395/04/26,1395,4,26,cement,سیمان، آهک و گچ,70077233737515808,609.2,607.0,607.0,TSETMC
2016-07-16,1395/04/26,1395,4,26,tile_ceramic,کاشی و سرامیک,57616105980228781,1807.8,1801.8,1807.8,TSETMC
2016-07-17,1395/04/27,1395,4,27,cement,سیمان، آهک و گچ,70077233737515808,606.9,604.4,604.4,TSETMC
2016-07-17,1395/04/27,1395,4,27,tile_ceramic,کاشی و سرامیک,57616105980228781,1816.7,1811.1,1813.8,TSETMC
2016-07-18,1395/04/28,1395,4,28,cement,سیمان، آهک و گچ,70077233737515808,604.6,602.4,602.4,TSETMC
2016-07-18,1395/04/28,1395,4,28,tile_ceramic,کاشی و سرامیک,57616105980228781,1824.3,1813.4,1823.2,TSETMC
2016-07-19,1395/04/29,1395,4,29,cement,سیمان، آهک و گچ,70077233737515808,602.5,600.1,600.1,TSETMC
2016-07-19,1395/04/29,1395,4,29,tile_ceramic,کاشی و سرامیک,57616105980228781,1835.3,1823.9,1832.8,TSETMC
2016-07-20,1395/04/30,1395,4,30,cement,سیمان، آهک و گچ,70077233737515808,605.0,600.0,605.0,TSETMC
2016-07-20,1395/04/30,1395,4,30,tile_ceramic,کاشی و سرامیک,57616105980228781,1835.8,1824.9,1824.9,TSETMC
2016-07-23,1395/05/02,1395,5,2,cement,سیمان، آهک و گچ,70077233737515808,608.6,605.0,608.2,TSETMC
2016-07-23,1395/05/02,1395,5,2,tile_ceramic,کاشی و سرامیک,57616105980228781,1815.8,1807.1,1807.1,TSETMC
2016-07-24,1395/05/03,1395,5,3,cement,سیمان، آهک و گچ,70077233737515808,608.2,602.7,602.7,TSETMC
2016-07-24,1395/05/03,1395,5,3,tile_ceramic,کاشی و سرامیک,57616105980228781,1818.0,1804.8,1818.0,TSETMC
2016-07-25,1395/05/04,1395,5,4,cement,سیمان، آهک و گچ,70077233737515808,604.1,602.7,604.1,TSETMC
2016-07-25,1395/05/04,1395,5,4,tile_ceramic,کاشی و سرامیک,57616105980228781,1842.6,1839.7,1840.4,TSETMC
2016-07-26,1395/05/05,1395,5,5,cement,سیمان، آهک و گچ,70077233737515808,607.7,604.1,607.7,TSETMC
2016-07-26,1395/05/05,1395,5,5,tile_ceramic,کاشی و سرامیک,57616105980228781,1848.5,1831.6,1831.6,TSETMC
2016-07-27,1395/05/06,1395,5,6,cement,سیمان، آهک و گچ,70077233737515808,607.7,607.5,607.7,TSETMC
2016-07-27,1395/05/06,1395,5,6,tile_ceramic,کاشی و سرامیک,57616105980228781,1831.9,1827.9,1827.9,TSETMC
2016-07-31,1395/05/10,1395,5,10,cement,سیمان، آهک و گچ,70077233737515808,610.5,608.0,610.5,TSETMC
2016-07-31,1395/05/10,1395,5,10,tile_ceramic,کاشی و سرامیک,57616105980228781,1828.0,1791.7,1791.7,TSETMC
2016-08-01,1395/05/11,1395,5,11,cement,سیمان، آهک و گچ,70077233737515808,611.8,611.0,611.8,TSETMC
2016-08-01,1395/05/11,1395,5,11,tile_ceramic,کاشی و سرامیک,57616105980228781,1798.6,1789.5,1790.9,TSETMC
2016-08-02,1395/05/12,1395,5,12,cement,سیمان، آهک و گچ,70077233737515808,611.7,610.3,610.3,TSETMC
2016-08-02,1395/05/12,1395,5,12,tile_ceramic,کاشی و سرامیک,57616105980228781,1814.8,1795.6,1813.9,TSETMC
2016-08-03,1395/05/13,1395,5,13,cement,سیمان، آهک و گچ,70077233737515808,610.7,610.4,610.7,TSETMC
2016-08-03,1395/05/13,1395,5,13,tile_ceramic,کاشی و سرامیک,57616105980228781,1817.2,1810.6,1816.9,TSETMC
2016-08-06,1395/05/16,1395,5,16,cement,سیمان، آهک و گچ,70077233737515808,621.2,621.2,621.2,TSETMC
2016-08-06,1395/05/16,1395,5,16,tile_ceramic,کاشی و سرامیک,57616105980228781,1817.2,1817.2,1817.1,TSETMC
2016-08-07,1395/05/17,1395,5,17,cement,سیمان، آهک و گچ,70077233737515808,629.5,624.3,629.2,TSETMC
2016-08-07,1395/05/17,1395,5,17,tile_ceramic,کاشی و سرامیک,57616105980228781,1830.6,1825.8,1826.2,TSETMC
2016-08-08,1395/05/18,1395,5,18,cement,سیمان، آهک و گچ,70077233737515808,629.8,628.2,628.2,TSETMC
2016-08-08,1395/05/18,1395,5,18,tile_ceramic,کاشی و سرامیک,57616105980228781,1826.1,1813.9,1817.5,TSETMC
2016-08-09,1395/05/19,1395,5,19,cement,سیمان، آهک و گچ,70077233737515808,628.1,624.2,624.2,TSETMC
2016-08-09,1395/05/19,1395,5,19,tile_ceramic,کاشی و سرامیک,57616105980228781,1834.0,1821.9,1821.9,TSETMC
2016-08-10,1395/05/20,1395,5,20,cement,سیمان، آهک و گچ,70077233737515808,624.2,623.7,623.6,TSETMC
2016-08-10,1395/05/20,1395,5,20,tile_ceramic,کاشی و سرامیک,57616105980228781,1819.7,1815.1,1815.1,TSETMC
2016-08-13,1395/05/23,1395,5,23,cement,سیمان، آهک و گچ,70077233737515808,623.5,618.6,618.6,TSETMC
2016-08-13,1395/05/23,1395,5,23,tile_ceramic,کاشی و سرامیک,57616105980228781,1816.3,1799.3,1799.3,TSETMC
2016-08-14,1395/05/24,1395,5,24,cement,سیمان، آهک و گچ,70077233737515808,619.1,618.5,618.9,TSETMC
2016-08-14,1395/05/24,1395,5,24,tile_ceramic,کاشی و سرامیک,57616105980228781,1800.6,1794.1,1794.1,TSETMC
2016-08-15,1395/05/25,1395,5,25,cement,سیمان، آهک و گچ,70077233737515808,619.5,619.0,619.4,TSETMC
2016-08-15,1395/05/25,1395,5,25,tile_ceramic,کاشی و سرامیک,57616105980228781,1794.1,1786.5,1786.5,TSETMC
2016-08-16,1395/05/26,1395,5,26,cement,سیمان، آهک و گچ,70077233737515808,620.6,619.6,620.6,TSETMC
2016-08-16,1395/05/26,1395,5,26,tile_ceramic,کاشی و سرامیک,57616105980228781,1789.0,1783.8,1783.8,TSETMC
2016-08-17,1395/05/27,1395,5,27,cement,سیمان، آهک و گچ,70077233737515808,620.8,619.6,619.6,TSETMC
2016-08-17,1395/05/27,1395,5,27,tile_ceramic,کاشی و سرامیک,57616105980228781,1787.9,1784.4,1784.7,TSETMC
2016-08-20,1395/05/30,1395,5,30,cement,سیمان، آهک و گچ,70077233737515808,619.7,618.1,618.1,TSETMC
2016-08-20,1395/05/30,1395,5,30,tile_ceramic,کاشی و سرامیک,57616105980228781,1791.5,1787.0,1787.0,TSETMC
2016-08-21,1395/05/31,1395,5,31,cement,سیمان، آهک و گچ,70077233737515808,618.1,614.5,614.5,TSETMC
2016-08-21,1395/05/31,1395,5,31,tile_ceramic,کاشی و سرامیک,57616105980228781,1787.4,1773.7,1773.7,TSETMC
2016-08-22,1395/06/01,1395,6,1,cement,سیمان، آهک و گچ,70077233737515808,614.6,613.4,613.4,TSETMC
2016-08-22,1395/06/01,1395,6,1,tile_ceramic,کاشی و سرامیک,57616105980228781,1808.9,1785.0,1806.1,TSETMC
2016-08-23,1395/06/02,1395,6,2,cement,سیمان، آهک و گچ,70077233737515808,613.8,613.1,613.1,TSETMC
2016-08-23,1395/06/02,1395,6,2,tile_ceramic,کاشی و سرامیک,57616105980228781,1815.8,1807.9,1809.9,TSETMC
2016-08-24,1395/06/03,1395,6,3,cement,سیمان، آهک و گچ,70077233737515808,614.1,613.2,614.1,TSETMC
2016-08-24,1395/06/03,1395,6,3,tile_ceramic,کاشی و سرامیک,57616105980228781,1811.5,1809.2,1809.5,TSETMC
2016-08-27,1395/06/06,1395,6,6,cement,سیمان، آهک و گچ,70077233737515808,614.3,613.5,613.5,TSETMC
2016-08-27,1395/06/06,1395,6,6,tile_ceramic,کاشی و سرامیک,57616105980228781,1809.0,1798.7,1798.7,TSETMC
2016-08-28,1395/06/07,1395,6,7,cement,سیمان، آهک و گچ,70077233737515808,613.6,611.9,611.9,TSETMC
2016-08-28,1395/06/07,1395,6,7,tile_ceramic,کاشی و سرامیک,57616105980228781,1800.1,1798.2,1798.2,TSETMC
2016-08-29,1395/06/08,1395,6,8,cement,سیمان، آهک و گچ,70077233737515808,612.2,611.3,611.3,TSETMC
2016-08-29,1395/06/08,1395,6,8,tile_ceramic,کاشی و سرامیک,57616105980228781,1797.9,1779.5,1779.5,TSETMC
2016-08-30,1395/06/09,1395,6,9,cement,سیمان، آهک و گچ,70077233737515808,612.3,611.6,612.2,TSETMC
2016-08-30,1395/06/09,1395,6,9,tile_ceramic,کاشی و سرامیک,57616105980228781,1779.4,1768.7,1768.6,TSETMC
2016-08-31,1395/06/10,1395,6,10,cement,سیمان، آهک و گچ,70077233737515808,613.0,612.4,612.5,TSETMC
2016-08-31,1395/06/10,1395,6,10,tile_ceramic,کاشی و سرامیک,57616105980228781,1769.2,1763.8,1763.8,TSETMC
2016-09-03,1395/06/13,1395,6,13,cement,سیمان، آهک و گچ,70077233737515808,612.5,612.1,612.1,TSETMC
2016-09-03,1395/06/13,1395,6,13,tile_ceramic,کاشی و سرامیک,57616105980228781,1763.8,1748.3,1748.3,TSETMC
2016-09-04,1395/06/14,1395,6,14,cement,سیمان، آهک و گچ,70077233737515808,611.9,610.4,610.4,TSETMC
2016-09-04,1395/06/14,1395,6,14,tile_ceramic,کاشی و سرامیک,57616105980228781,1748.9,1745.8,1745.8,TSETMC
2016-09-05,1395/06/15,1395,6,15,cement,سیمان، آهک و گچ,70077233737515808,610.9,610.7,610.7,TSETMC
2016-09-05,1395/06/15,1395,6,15,tile_ceramic,کاشی و سرامیک,57616105980228781,1745.8,1742.8,1745.3,TSETMC
2016-09-06,1395/06/16,1395,6,16,cement,سیمان، آهک و گچ,70077233737515808,611.1,610.7,610.7,TSETMC
2016-09-06,1395/06/16,1395,6,16,tile_ceramic,کاشی و سرامیک,57616105980228781,1746.5,1744.4,1746.4,TSETMC
2016-09-07,1395/06/17,1395,6,17,cement,سیمان، آهک و گچ,70077233737515808,611.2,610.3,610.7,TSETMC
2016-09-07,1395/06/17,1395,6,17,tile_ceramic,کاشی و سرامیک,57616105980228781,1764.5,1748.9,1763.5,TSETMC
2016-09-10,1395/06/20,1395,6,20,cement,سیمان، آهک و گچ,70077233737515808,611.9,610.8,611.6,TSETMC
2016-09-10,1395/06/20,1395,6,20,tile_ceramic,کاشی و سرامیک,57616105980228781,1763.4,1759.3,1759.3,TSETMC
2016-09-11,1395/06/21,1395,6,21,cement,سیمان، آهک و گچ,70077233737515808,611.7,611.0,611.0,TSETMC
2016-09-11,1395/06/21,1395,6,21,tile_ceramic,کاشی و سرامیک,57616105980228781,1759.8,1749.8,1752.4,TSETMC
2016-09-13,1395/06/23,1395,6,23,cement,سیمان، آهک و گچ,70077233737515808,614.8,610.8,614.8,TSETMC
2016-09-13,1395/06/23,1395,6,23,tile_ceramic,کاشی و سرامیک,57616105980228781,1763.2,1757.3,1763.0,TSETMC
2016-09-14,1395/06/24,1395,6,24,cement,سیمان، آهک و گچ,70077233737515808,614.8,613.7,613.7,TSETMC
2016-09-14,1395/06/24,1395,6,24,tile_ceramic,کاشی و سرامیک,57616105980228781,1763.6,1759.1,1759.1,TSETMC
2016-09-17,1395/06/27,1395,6,27,cement,سیمان، آهک و گچ,70077233737515808,613.6,613.2,613.2,TSETMC
2016-09-17,1395/06/27,1395,6,27,tile_ceramic,کاشی و سرامیک,57616105980228781,1758.9,1732.2,1732.2,TSETMC
2016-09-18,1395/06/28,1395,6,28,cement,سیمان، آهک و گچ,70077233737515808,613.1,612.8,612.8,TSETMC
2016-09-18,1395/06/28,1395,6,28,tile_ceramic,کاشی و سرامیک,57616105980228781,1738.8,1726.4,1738.8,TSETMC
2016-09-19,1395/06/29,1395,6,29,cement,سیمان، آهک و گچ,70077233737515808,612.7,611.9,611.9,TSETMC
2016-09-19,1395/06/29,1395,6,29,tile_ceramic,کاشی و سرامیک,57616105980228781,1783.2,1758.3,1782.4,TSETMC
2016-09-21,1395/06/31,1395,6,31,cement,سیمان، آهک و گچ,70077233737515808,611.9,611.1,611.1,TSETMC
2016-09-21,1395/06/31,1395,6,31,tile_ceramic,کاشی و سرامیک,57616105980228781,1826.0,1807.4,1825.5,TSETMC
2016-09-24,1395/07/03,1395,7,3,cement,سیمان، آهک و گچ,70077233737515808,611.1,610.8,610.9,TSETMC
2016-09-24,1395/07/03,1395,7,3,tile_ceramic,کاشی و سرامیک,57616105980228781,1833.1,1827.9,1827.9,TSETMC
2016-09-25,1395/07/04,1395,7,4,cement,سیمان، آهک و گچ,70077233737515808,611.4,608.5,608.5,TSETMC
2016-09-25,1395/07/04,1395,7,4,tile_ceramic,کاشی و سرامیک,57616105980228781,1844.6,1824.2,1842.3,TSETMC
2016-09-26,1395/07/05,1395,7,5,cement,سیمان، آهک و گچ,70077233737515808,625.1,609.0,625.1,TSETMC
2016-09-26,1395/07/05,1395,7,5,tile_ceramic,کاشی و سرامیک,57616105980228781,1860.0,1838.7,1860.0,TSETMC
2016-09-27,1395/07/06,1395,7,6,cement,سیمان، آهک و گچ,70077233737515808,627.2,624.9,627.2,TSETMC
2016-09-27,1395/07/06,1395,7,6,tile_ceramic,کاشی و سرامیک,57616105980228781,1909.0,1870.2,1909.0,TSETMC
2016-09-28,1395/07/07,1395,7,7,cement,سیمان، آهک و گچ,70077233737515808,627.9,626.0,626.0,TSETMC
2016-09-28,1395/07/07,1395,7,7,tile_ceramic,کاشی و سرامیک,57616105980228781,1925.5,1915.4,1920.9,TSETMC
2016-10-01,1395/07/10,1395,7,10,cement,سیمان، آهک و گچ,70077233737515808,626.1,623.0,623.0,TSETMC
2016-10-01,1395/07/10,1395,7,10,tile_ceramic,کاشی و سرامیک,57616105980228781,1935.0,1916.5,1916.5,TSETMC
2016-10-02,1395/07/11,1395,7,11,cement,سیمان، آهک و گچ,70077233737515808,629.0,623.0,629.0,TSETMC
2016-10-02,1395/07/11,1395,7,11,tile_ceramic,کاشی و سرامیک,57616105980228781,1914.8,1880.4,1880.8,TSETMC
2016-10-03,1395/07/12,1395,7,12,cement,سیمان، آهک و گچ,70077233737515808,630.2,629.0,629.0,TSETMC
2016-10-03,1395/07/12,1395,7,12,tile_ceramic,کاشی و سرامیک,57616105980228781,1892.0,1878.8,1887.8,TSETMC
2016-10-04,1395/07/13,1395,7,13,cement,سیمان، آهک و گچ,70077233737515808,630.6,629.4,630.0,TSETMC
2016-10-04,1395/07/13,1395,7,13,tile_ceramic,کاشی و سرامیک,57616105980228781,1890.6,1885.5,1888.3,TSETMC
2016-10-05,1395/07/14,1395,7,14,cement,سیمان، آهک و گچ,70077233737515808,633.6,631.4,631.4,TSETMC
2016-10-05,1395/07/14,1395,7,14,tile_ceramic,کاشی و سرامیک,57616105980228781,1922.7,1891.5,1918.2,TSETMC
2016-10-08,1395/07/17,1395,7,17,cement,سیمان، آهک و گچ,70077233737515808,630.7,628.2,628.2,TSETMC
2016-10-08,1395/07/17,1395,7,17,tile_ceramic,کاشی و سرامیک,57616105980228781,1948.6,1940.2,1940.2,TSETMC
2016-10-09,1395/07/18,1395,7,18,cement,سیمان، آهک و گچ,70077233737515808,628.6,627.8,627.8,TSETMC
2016-10-09,1395/07/18,1395,7,18,tile_ceramic,کاشی و سرامیک,57616105980228781,1940.2,1920.4,1920.4,TSETMC
2016-10-10,1395/07/19,1395,7,19,cement,سیمان، آهک و گچ,70077233737515808,630.7,628.6,630.7,TSETMC
2016-10-10,1395/07/19,1395,7,19,tile_ceramic,کاشی و سرامیک,57616105980228781,1941.1,1930.9,1941.1,TSETMC
2016-10-15,1395/07/24,1395,7,24,cement,سیمان، آهک و گچ,70077233737515808,630.7,626.8,626.8,TSETMC
2016-10-15,1395/07/24,1395,7,24,tile_ceramic,کاشی و سرامیک,57616105980228781,1954.0,1947.4,1954.0,TSETMC
2016-10-16,1395/07/25,1395,7,25,cement,سیمان، آهک و گچ,70077233737515808,632.3,626.6,632.3,TSETMC
2016-10-16,1395/07/25,1395,7,25,tile_ceramic,کاشی و سرامیک,57616105980228781,1964.6,1950.3,1964.6,TSETMC
2016-10-17,1395/07/26,1395,7,26,cement,سیمان، آهک و گچ,70077233737515808,648.9,639.4,648.9,TSETMC
2016-10-17,1395/07/26,1395,7,26,tile_ceramic,کاشی و سرامیک,57616105980228781,1994.8,1963.9,1994.8,TSETMC
2016-10-18,1395/07/27,1395,7,27,cement,سیمان، آهک و گچ,70077233737515808,657.9,654.4,654.4,TSETMC
2016-10-18,1395/07/27,1395,7,27,tile_ceramic,کاشی و سرامیک,57616105980228781,2002.8,1977.4,1977.4,TSETMC
2016-10-19,1395/07/28,1395,7,28,cement,سیمان، آهک و گچ,70077233737515808,654.7,647.9,647.9,TSETMC
2016-10-19,1395/07/28,1395,7,28,tile_ceramic,کاشی و سرامیک,57616105980228781,1978.1,1945.0,1945.0,TSETMC
2016-10-22,1395/08/01,1395,8,1,cement,سیمان، آهک و گچ,70077233737515808,654.7,648.9,654.4,TSETMC
2016-10-22,1395/08/01,1395,8,1,tile_ceramic,کاشی و سرامیک,57616105980228781,1943.9,1917.1,1921.5,TSETMC
2016-10-23,1395/08/02,1395,8,2,cement,سیمان، آهک و گچ,70077233737515808,667.6,654.6,667.4,TSETMC
2016-10-23,1395/08/02,1395,8,2,tile_ceramic,کاشی و سرامیک,57616105980228781,1922.0,1918.5,1918.5,TSETMC
2016-10-24,1395/08/03,1395,8,3,cement,سیمان، آهک و گچ,70077233737515808,676.3,670.3,675.3,TSETMC
2016-10-24,1395/08/03,1395,8,3,tile_ceramic,کاشی و سرامیک,57616105980228781,1940.6,1910.4,1940.6,TSETMC
2016-10-25,1395/08/04,1395,8,4,cement,سیمان، آهک و گچ,70077233737515808,682.5,675.1,682.5,TSETMC
2016-10-25,1395/08/04,1395,8,4,tile_ceramic,کاشی و سرامیک,57616105980228781,1965.1,1940.6,1965.1,TSETMC
2016-10-26,1395/08/05,1395,8,5,cement,سیمان، آهک و گچ,70077233737515808,699.7,695.0,699.7,TSETMC
2016-10-26,1395/08/05,1395,8,5,tile_ceramic,کاشی و سرامیک,57616105980228781,1995.1,1968.0,1995.1,TSETMC
2016-10-29,1395/08/08,1395,8,8,cement,سیمان، آهک و گچ,70077233737515808,717.8,701.2,716.1,TSETMC
2016-10-29,1395/08/08,1395,8,8,tile_ceramic,کاشی و سرامیک,57616105980228781,2014.6,1997.2,2014.6,TSETMC
2016-10-30,1395/08/09,1395,8,9,cement,سیمان، آهک و گچ,70077233737515808,714.0,707.6,707.6,TSETMC
2016-10-30,1395/08/09,1395,8,9,tile_ceramic,کاشی و سرامیک,57616105980228781,2020.4,1984.1,1984.1,TSETMC
2016-10-31,1395/08/10,1395,8,10,cement,سیمان، آهک و گچ,70077233737515808,708.6,704.7,704.7,TSETMC
2016-10-31,1395/08/10,1395,8,10,tile_ceramic,کاشی و سرامیک,57616105980228781,1997.2,1983.0,1983.0,TSETMC
2016-11-01,1395/08/11,1395,8,11,cement,سیمان، آهک و گچ,70077233737515808,700.7,692.4,692.4,TSETMC
2016-11-01,1395/08/11,1395,8,11,tile_ceramic,کاشی و سرامیک,57616105980228781,1994.7,1988.9,1988.9,TSETMC
2016-11-02,1395/08/12,1395,8,12,cement,سیمان، آهک و گچ,70077233737515808,697.7,692.8,697.7,TSETMC
2016-11-02,1395/08/12,1395,8,12,tile_ceramic,کاشی و سرامیک,57616105980228781,1988.9,1984.9,1984.9,TSETMC
2016-11-05,1395/08/15,1395,8,15,cement,سیمان، آهک و گچ,70077233737515808,710.3,707.7,707.8,TSETMC
2016-11-05,1395/08/15,1395,8,15,tile_ceramic,کاشی و سرامیک,57616105980228781,1984.9,1972.2,1972.2,TSETMC
2016-11-06,1395/08/16,1395,8,16,cement,سیمان، آهک و گچ,70077233737515808,707.2,700.0,700.0,TSETMC
2016-11-06,1395/08/16,1395,8,16,tile_ceramic,کاشی و سرامیک,57616105980228781,1995.8,1975.6,1983.2,TSETMC
2016-11-07,1395/08/17,1395,8,17,cement,سیمان، آهک و گچ,70077233737515808,703.2,700.2,702.4,TSETMC
2016-11-07,1395/08/17,1395,8,17,tile_ceramic,کاشی و سرامیک,57616105980228781,2008.4,1983.3,2005.9,TSETMC
2016-11-08,1395/08/18,1395,8,18,cement,سیمان، آهک و گچ,70077233737515808,709.3,704.7,709.3,TSETMC
2016-11-08,1395/08/18,1395,8,18,tile_ceramic,کاشی و سرامیک,57616105980228781,2041.9,2007.5,2026.6,TSETMC
2016-11-09,1395/08/19,1395,8,19,cement,سیمان، آهک و گچ,70077233737515808,701.4,690.2,690.7,TSETMC
2016-11-09,1395/08/19,1395,8,19,tile_ceramic,کاشی و سرامیک,57616105980228781,2011.5,1978.8,2006.2,TSETMC
2016-11-12,1395/08/22,1395,8,22,cement,سیمان، آهک و گچ,70077233737515808,707.4,691.3,707.4,TSETMC
2016-11-12,1395/08/22,1395,8,22,tile_ceramic,کاشی و سرامیک,57616105980228781,2039.1,2033.0,2039.1,TSETMC
2016-11-13,1395/08/23,1395,8,23,cement,سیمان، آهک و گچ,70077233737515808,724.6,715.8,724.6,TSETMC
2016-11-13,1395/08/23,1395,8,23,tile_ceramic,کاشی و سرامیک,57616105980228781,2044.4,2032.3,2032.3,TSETMC
2016-11-14,1395/08/24,1395,8,24,cement,سیمان، آهک و گچ,70077233737515808,735.8,733.0,735.4,TSETMC
2016-11-14,1395/08/24,1395,8,24,tile_ceramic,کاشی و سرامیک,57616105980228781,2031.1,2007.3,2008.0,TSETMC
2016-11-15,1395/08/25,1395,8,25,cement,سیمان، آهک و گچ,70077233737515808,738.1,733.4,735.4,TSETMC
2016-11-15,1395/08/25,1395,8,25,tile_ceramic,کاشی و سرامیک,57616105980228781,2012.9,2008.0,2012.9,TSETMC
2016-11-16,1395/08/26,1395,8,26,cement,سیمان، آهک و گچ,70077233737515808,750.8,736.8,750.8,TSETMC
2016-11-16,1395/08/26,1395,8,26,tile_ceramic,کاشی و سرامیک,57616105980228781,2012.9,2004.4,2004.4,TSETMC
2016-11-19,1395/08/29,1395,8,29,cement,سیمان، آهک و گچ,70077233737515808,755.5,751.3,751.6,TSETMC
2016-11-19,1395/08/29,1395,8,29,tile_ceramic,کاشی و سرامیک,57616105980228781,2012.4,2010.0,2011.4,TSETMC
2016-11-21,1395/09/01,1395,9,1,cement,سیمان، آهک و گچ,70077233737515808,753.0,741.6,741.7,TSETMC
2016-11-21,1395/09/01,1395,9,1,tile_ceramic,کاشی و سرامیک,57616105980228781,2011.3,1987.6,1986.8,TSETMC
2016-11-22,1395/09/02,1395,9,2,cement,سیمان، آهک و گچ,70077233737515808,756.0,744.1,756.0,TSETMC
2016-11-22,1395/09/02,1395,9,2,tile_ceramic,کاشی و سرامیک,57616105980228781,1986.7,1977.3,1977.3,TSETMC
2016-11-23,1395/09/03,1395,9,3,cement,سیمان، آهک و گچ,70077233737515808,766.6,760.7,766.6,TSETMC
2016-11-23,1395/09/03,1395,9,3,tile_ceramic,کاشی و سرامیک,57616105980228781,1977.3,1949.6,1949.6,TSETMC
2016-11-26,1395/09/06,1395,9,6,cement,سیمان، آهک و گچ,70077233737515808,765.5,754.6,754.6,TSETMC
2016-11-26,1395/09/06,1395,9,6,tile_ceramic,کاشی و سرامیک,57616105980228781,1962.6,1948.1,1962.6,TSETMC
2016-11-27,1395/09/07,1395,9,7,cement,سیمان، آهک و گچ,70077233737515808,758.0,754.1,756.1,TSETMC
2016-11-27,1395/09/07,1395,9,7,tile_ceramic,کاشی و سرامیک,57616105980228781,1977.1,1970.1,1974.5,TSETMC
2016-11-29,1395/09/09,1395,9,9,cement,سیمان، آهک و گچ,70077233737515808,766.0,757.4,764.9,TSETMC
2016-11-29,1395/09/09,1395,9,9,tile_ceramic,کاشی و سرامیک,57616105980228781,1991.2,1983.6,1991.1,TSETMC
2016-12-03,1395/09/13,1395,9,13,cement,سیمان، آهک و گچ,70077233737515808,768.8,760.7,760.7,TSETMC
2016-12-03,1395/09/13,1395,9,13,tile_ceramic,کاشی و سرامیک,57616105980228781,1993.5,1960.7,1967.7,TSETMC
2016-12-04,1395/09/14,1395,9,14,cement,سیمان، آهک و گچ,70077233737515808,764.1,761.8,761.8,TSETMC
2016-12-04,1395/09/14,1395,9,14,tile_ceramic,کاشی و سرامیک,57616105980228781,1991.3,1978.1,1991.3,TSETMC
2016-12-05,1395/09/15,1395,9,15,cement,سیمان، آهک و گچ,70077233737515808,760.3,751.5,756.4,TSETMC
2016-12-05,1395/09/15,1395,9,15,tile_ceramic,کاشی و سرامیک,57616105980228781,2030.9,2005.1,2030.9,TSETMC
2016-12-06,1395/09/16,1395,9,16,cement,سیمان، آهک و گچ,70077233737515808,754.6,749.8,749.8,TSETMC
2016-12-06,1395/09/16,1395,9,16,tile_ceramic,کاشی و سرامیک,57616105980228781,2057.3,2047.3,2053.9,TSETMC
2016-12-07,1395/09/17,1395,9,17,cement,سیمان، آهک و گچ,70077233737515808,753.2,749.8,753.1,TSETMC
2016-12-07,1395/09/17,1395,9,17,tile_ceramic,کاشی و سرامیک,57616105980228781,2094.8,2080.0,2092.4,TSETMC
2016-12-10,1395/09/20,1395,9,20,cement,سیمان، آهک و گچ,70077233737515808,757.1,752.8,752.8,TSETMC
2016-12-10,1395/09/20,1395,9,20,tile_ceramic,کاشی و سرامیک,57616105980228781,2105.2,2092.7,2092.7,TSETMC
2016-12-11,1395/09/21,1395,9,21,cement,سیمان، آهک و گچ,70077233737515808,754.7,750.2,750.1,TSETMC
2016-12-11,1395/09/21,1395,9,21,tile_ceramic,کاشی و سرامیک,57616105980228781,2096.8,2083.9,2083.9,TSETMC
2016-12-12,1395/09/22,1395,9,22,cement,سیمان، آهک و گچ,70077233737515808,753.2,750.2,750.2,TSETMC
2016-12-12,1395/09/22,1395,9,22,tile_ceramic,کاشی و سرامیک,57616105980228781,2084.8,2061.0,2066.2,TSETMC
2016-12-13,1395/09/23,1395,9,23,cement,سیمان، آهک و گچ,70077233737515808,755.4,751.1,751.1,TSETMC
2016-12-13,1395/09/23,1395,9,23,tile_ceramic,کاشی و سرامیک,57616105980228781,2085.0,2072.5,2085.0,TSETMC
2016-12-14,1395/09/24,1395,9,24,cement,سیمان، آهک و گچ,70077233737515808,750.5,741.9,741.8,TSETMC
2016-12-14,1395/09/24,1395,9,24,tile_ceramic,کاشی و سرامیک,57616105980228781,2092.3,2084.2,2091.9,TSETMC
2016-12-18,1395/09/28,1395,9,28,cement,سیمان، آهک و گچ,70077233737515808,740.8,731.4,731.4,TSETMC
2016-12-18,1395/09/28,1395,9,28,tile_ceramic,کاشی و سرامیک,57616105980228781,2110.2,2102.2,2107.9,TSETMC
2016-12-19,1395/09/29,1395,9,29,cement,سیمان، آهک و گچ,70077233737515808,731.2,723.1,723.1,TSETMC
2016-12-19,1395/09/29,1395,9,29,tile_ceramic,کاشی و سرامیک,57616105980228781,2105.2,2077.7,2077.7,TSETMC
2016-12-20,1395/09/30,1395,9,30,cement,سیمان، آهک و گچ,70077233737515808,723.2,717.6,717.6,TSETMC
2016-12-20,1395/09/30,1395,9,30,tile_ceramic,کاشی و سرامیک,57616105980228781,2101.7,2077.8,2100.0,TSETMC
2016-12-21,1395/10/01,1395,10,1,cement,سیمان، آهک و گچ,70077233737515808,719.0,717.5,717.5,TSETMC
2016-12-21,1395/10/01,1395,10,1,tile_ceramic,کاشی و سرامیک,57616105980228781,2105.8,2097.0,2104.5,TSETMC
2016-12-24,1395/10/04,1395,10,4,cement,سیمان، آهک و گچ,70077233737515808,721.8,717.8,721.4,TSETMC
2016-12-24,1395/10/04,1395,10,4,tile_ceramic,کاشی و سرامیک,57616105980228781,2103.8,2093.0,2093.8,TSETMC
2016-12-25,1395/10/05,1395,10,5,cement,سیمان، آهک و گچ,70077233737515808,724.6,722.5,724.6,TSETMC
2016-12-25,1395/10/05,1395,10,5,tile_ceramic,کاشی و سرامیک,57616105980228781,2098.1,2088.9,2088.8,TSETMC
2016-12-26,1395/10/06,1395,10,6,cement,سیمان، آهک و گچ,70077233737515808,724.6,716.9,716.9,TSETMC
2016-12-26,1395/10/06,1395,10,6,tile_ceramic,کاشی و سرامیک,57616105980228781,2090.6,2071.5,2071.5,TSETMC
2016-12-27,1395/10/07,1395,10,7,cement,سیمان، آهک و گچ,70077233737515808,716.7,711.3,711.3,TSETMC
2016-12-27,1395/10/07,1395,10,7,tile_ceramic,کاشی و سرامیک,57616105980228781,2071.4,2045.2,2045.2,TSETMC
2016-12-28,1395/10/08,1395,10,8,cement,سیمان، آهک و گچ,70077233737515808,711.7,703.4,703.9,TSETMC
2016-12-28,1395/10/08,1395,10,8,tile_ceramic,کاشی و سرامیک,57616105980228781,2051.1,2043.3,2051.0,TSETMC
2016-12-31,1395/10/11,1395,10,11,cement,سیمان، آهک و گچ,70077233737515808,703.9,702.0,701.9,TSETMC
2016-12-31,1395/10/11,1395,10,11,tile_ceramic,کاشی و سرامیک,57616105980228781,2050.7,2042.6,2042.6,TSETMC
2017-01-01,1395/10/12,1395,10,12,cement,سیمان، آهک و گچ,70077233737515808,701.8,697.8,697.8,TSETMC
2017-01-01,1395/10/12,1395,10,12,tile_ceramic,کاشی و سرامیک,57616105980228781,2042.5,2031.5,2031.5,TSETMC
2017-01-02,1395/10/13,1395,10,13,cement,سیمان، آهک و گچ,70077233737515808,697.8,694.9,694.9,TSETMC
2017-01-02,1395/10/13,1395,10,13,tile_ceramic,کاشی و سرامیک,57616105980228781,2031.1,2022.2,2022.3,TSETMC
2017-01-03,1395/10/14,1395,10,14,cement,سیمان، آهک و گچ,70077233737515808,695.8,691.3,691.3,TSETMC
2017-01-03,1395/10/14,1395,10,14,tile_ceramic,کاشی و سرامیک,57616105980228781,2022.0,2006.1,2006.5,TSETMC
2017-01-04,1395/10/15,1395,10,15,cement,سیمان، آهک و گچ,70077233737515808,692.4,690.7,692.4,TSETMC
2017-01-04,1395/10/15,1395,10,15,tile_ceramic,کاشی و سرامیک,57616105980228781,2026.0,2007.7,2022.4,TSETMC
2017-01-07,1395/10/18,1395,10,18,cement,سیمان، آهک و گچ,70077233737515808,697.0,692.7,697.0,TSETMC
2017-01-07,1395/10/18,1395,10,18,tile_ceramic,کاشی و سرامیک,57616105980228781,2049.7,2038.1,2047.8,TSETMC
2017-01-08,1395/10/19,1395,10,19,cement,سیمان، آهک و گچ,70077233737515808,704.8,700.8,704.7,TSETMC
2017-01-08,1395/10/19,1395,10,19,tile_ceramic,کاشی و سرامیک,57616105980228781,2047.3,2029.7,2029.7,TSETMC
2017-01-09,1395/10/20,1395,10,20,cement,سیمان، آهک و گچ,70077233737515808,705.4,703.3,703.3,TSETMC
2017-01-09,1395/10/20,1395,10,20,tile_ceramic,کاشی و سرامیک,57616105980228781,2029.7,2015.4,2016.6,TSETMC
2017-01-11,1395/10/22,1395,10,22,cement,سیمان، آهک و گچ,70077233737515808,704.2,701.3,701.3,TSETMC
2017-01-11,1395/10/22,1395,10,22,tile_ceramic,کاشی و سرامیک,57616105980228781,2023.2,2016.7,2018.1,TSETMC
2017-01-14,1395/10/25,1395,10,25,cement,سیمان، آهک و گچ,70077233737515808,702.9,700.7,700.7,TSETMC
2017-01-14,1395/10/25,1395,10,25,tile_ceramic,کاشی و سرامیک,57616105980228781,2063.4,2026.1,2063.4,TSETMC
2017-01-15,1395/10/26,1395,10,26,cement,سیمان، آهک و گچ,70077233737515808,701.8,700.0,700.0,TSETMC
2017-01-15,1395/10/26,1395,10,26,tile_ceramic,کاشی و سرامیک,57616105980228781,2115.6,2094.8,2115.6,TSETMC
2017-01-16,1395/10/27,1395,10,27,cement,سیمان، آهک و گچ,70077233737515808,700.9,698.3,698.3,TSETMC
2017-01-16,1395/10/27,1395,10,27,tile_ceramic,کاشی و سرامیک,57616105980228781,2117.7,2098.6,2098.6,TSETMC
2017-01-17,1395/10/28,1395,10,28,cement,سیمان، آهک و گچ,70077233737515808,707.8,698.6,707.8,TSETMC
2017-01-17,1395/10/28,1395,10,28,tile_ceramic,کاشی و سرامیک,57616105980228781,2095.8,2065.9,2065.9,TSETMC
2017-01-18,1395/10/29,1395,10,29,cement,سیمان، آهک و گچ,70077233737515808,718.7,708.8,717.4,TSETMC
2017-01-18,1395/10/29,1395,10,29,tile_ceramic,کاشی و سرامیک,57616105980228781,2064.5,2054.8,2054.8,TSETMC
2017-01-21,1395/11/02,1395,11,2,cement,سیمان، آهک و گچ,70077233737515808,717.4,713.9,713.9,TSETMC
2017-01-21,1395/11/02,1395,11,2,tile_ceramic,کاشی و سرامیک,57616105980228781,2050.8,2041.4,2041.4,TSETMC
2017-01-22,1395/11/03,1395,11,3,cement,سیمان، آهک و گچ,70077233737515808,714.0,712.3,712.5,TSETMC
2017-01-22,1395/11/03,1395,11,3,tile_ceramic,کاشی و سرامیک,57616105980228781,2043.2,2035.1,2043.2,TSETMC
2017-01-23,1395/11/04,1395,11,4,cement,سیمان، آهک و گچ,70077233737515808,725.8,712.6,725.7,TSETMC
2017-01-23,1395/11/04,1395,11,4,tile_ceramic,کاشی و سرامیک,57616105980228781,2055.0,2043.3,2055.0,TSETMC
2017-01-24,1395/11/05,1395,11,5,cement,سیمان، آهک و گچ,70077233737515808,727.4,723.8,723.8,TSETMC
2017-01-24,1395/11/05,1395,11,5,tile_ceramic,کاشی و سرامیک,57616105980228781,2055.7,2044.9,2044.9,TSETMC
2017-01-25,1395/11/06,1395,11,6,cement,سیمان، آهک و گچ,70077233737515808,724.9,723.5,723.9,TSETMC
2017-01-25,1395/11/06,1395,11,6,tile_ceramic,کاشی و سرامیک,57616105980228781,2045.4,2035.3,2035.4,TSETMC
2017-01-28,1395/11/09,1395,11,9,cement,سیمان، آهک و گچ,70077233737515808,728.5,724.5,728.2,TSETMC
2017-01-28,1395/11/09,1395,11,9,tile_ceramic,کاشی و سرامیک,57616105980228781,2035.6,2030.5,2030.5,TSETMC
2017-01-29,1395/11/10,1395,11,10,cement,سیمان، آهک و گچ,70077233737515808,728.5,727.8,727.7,TSETMC
2017-01-29,1395/11/10,1395,11,10,tile_ceramic,کاشی و سرامیک,57616105980228781,2030.5,2028.0,2028.0,TSETMC
2017-01-30,1395/11/11,1395,11,11,cement,سیمان، آهک و گچ,70077233737515808,728.0,725.1,725.0,TSETMC
2017-01-30,1395/11/11,1395,11,11,tile_ceramic,کاشی و سرامیک,57616105980228781,2030.5,2028.0,2030.5,TSETMC
2017-01-31,1395/11/12,1395,11,12,cement,سیمان، آهک و گچ,70077233737515808,725.0,720.2,720.2,TSETMC
2017-01-31,1395/11/12,1395,11,12,tile_ceramic,کاشی و سرامیک,57616105980228781,2028.5,2026.2,2026.2,TSETMC
2017-02-01,1395/11/13,1395,11,13,cement,سیمان، آهک و گچ,70077233737515808,720.2,715.8,715.9,TSETMC
2017-02-01,1395/11/13,1395,11,13,tile_ceramic,کاشی و سرامیک,57616105980228781,2025.5,2021.4,2021.4,TSETMC
2017-02-04,1395/11/16,1395,11,16,cement,سیمان، آهک و گچ,70077233737515808,715.7,709.0,709.0,TSETMC
2017-02-04,1395/11/16,1395,11,16,tile_ceramic,کاشی و سرامیک,57616105980228781,2020.3,2014.1,2014.1,TSETMC
2017-02-05,1395/11/17,1395,11,17,cement,سیمان، آهک و گچ,70077233737515808,708.6,704.1,704.1,TSETMC
2017-02-05,1395/11/17,1395,11,17,tile_ceramic,کاشی و سرامیک,57616105980228781,2014.8,2014.1,2014.3,TSETMC
2017-02-06,1395/11/18,1395,11,18,cement,سیمان، آهک و گچ,70077233737515808,704.2,703.0,703.1,TSETMC
2017-02-06,1395/11/18,1395,11,18,tile_ceramic,کاشی و سرامیک,57616105980228781,2015.1,2009.1,2009.1,TSETMC
2017-02-07,1395/11/19,1395,11,19,cement,سیمان، آهک و گچ,70077233737515808,706.7,703.5,706.5,TSETMC
2017-02-07,1395/11/19,1395,11,19,tile_ceramic,کاشی و سرامیک,57616105980228781,2032.5,2009.1,2032.0,TSETMC
2017-02-08,1395/11/20,1395,11,20,cement,سیمان، آهک و گچ,70077233737515808,707.8,706.8,706.8,TSETMC
2017-02-08,1395/11/20,1395,11,20,tile_ceramic,کاشی و سرامیک,57616105980228781,2037.1,2032.1,2037.0,TSETMC
2017-02-11,1395/11/23,1395,11,23,cement,سیمان، آهک و گچ,70077233737515808,708.3,707.8,708.2,TSETMC
2017-02-11,1395/11/23,1395,11,23,tile_ceramic,کاشی و سرامیک,57616105980228781,2037.0,2022.1,2022.1,TSETMC
2017-02-12,1395/11/24,1395,11,24,cement,سیمان، آهک و گچ,70077233737515808,708.4,707.1,707.8,TSETMC
2017-02-12,1395/11/24,1395,11,24,tile_ceramic,کاشی و سرامیک,57616105980228781,1997.3,1996.5,1997.2,TSETMC
2017-02-13,1395/11/25,1395,11,25,cement,سیمان، آهک و گچ,70077233737515808,709.4,706.9,706.8,TSETMC
2017-02-13,1395/11/25,1395,11,25,tile_ceramic,کاشی و سرامیک,57616105980228781,1999.6,1996.1,1996.1,TSETMC
2017-02-14,1395/11/26,1395,11,26,cement,سیمان، آهک و گچ,70077233737515808,707.3,706.2,706.2,TSETMC
2017-02-14,1395/11/26,1395,11,26,tile_ceramic,کاشی و سرامیک,57616105980228781,2003.5,1996.1,2003.5,TSETMC
2017-02-15,1395/11/27,1395,11,27,cement,سیمان، آهک و گچ,70077233737515808,707.4,706.1,707.4,TSETMC
2017-02-15,1395/11/27,1395,11,27,tile_ceramic,کاشی و سرامیک,57616105980228781,2015.9,2008.4,2008.4,TSETMC
2017-02-18,1395/11/30,1395,11,30,cement,سیمان، آهک و گچ,70077233737515808,717.2,707.8,717.2,TSETMC
2017-02-18,1395/11/30,1395,11,30,tile_ceramic,کاشی و سرامیک,57616105980228781,2008.1,1986.5,1986.9,TSETMC
2017-02-19,1395/12/01,1395,12,1,cement,سیمان، آهک و گچ,70077233737515808,726.0,722.3,724.8,TSETMC
2017-02-19,1395/12/01,1395,12,1,tile_ceramic,کاشی و سرامیک,57616105980228781,2000.5,1988.4,1999.6,TSETMC
2017-02-20,1395/12/02,1395,12,2,cement,سیمان، آهک و گچ,70077233737515808,725.8,723.7,723.7,TSETMC
2017-02-20,1395/12/02,1395,12,2,tile_ceramic,کاشی و سرامیک,57616105980228781,2013.6,2006.2,2013.6,TSETMC
2017-02-21,1395/12/03,1395,12,3,cement,سیمان، آهک و گچ,70077233737515808,723.7,719.6,719.5,TSETMC
2017-02-21,1395/12/03,1395,12,3,tile_ceramic,کاشی و سرامیک,57616105980228781,2027.2,2013.5,2022.8,TSETMC
2017-02-22,1395/12/04,1395,12,4,cement,سیمان، آهک و گچ,70077233737515808,719.6,715.5,715.5,TSETMC
2017-02-22,1395/12/04,1395,12,4,tile_ceramic,کاشی و سرامیک,57616105980228781,2036.4,2022.8,2035.7,TSETMC
2017-02-25,1395/12/07,1395,12,7,cement,سیمان، آهک و گچ,70077233737515808,715.7,714.0,715.7,TSETMC
2017-02-25,1395/12/07,1395,12,7,tile_ceramic,کاشی و سرامیک,57616105980228781,2043.1,2038.8,2038.8,TSETMC
2017-02-26,1395/12/08,1395,12,8,cement,سیمان، آهک و گچ,70077233737515808,719.2,715.9,718.6,TSETMC
2017-02-26,1395/12/08,1395,12,8,tile_ceramic,کاشی و سرامیک,57616105980228781,2038.8,2014.7,2014.7,TSETMC
2017-02-27,1395/12/09,1395,12,9,cement,سیمان، آهک و گچ,70077233737515808,718.5,716.5,716.5,TSETMC
2017-02-27,1395/12/09,1395,12,9,tile_ceramic,کاشی و سرامیک,57616105980228781,2034.3,2012.0,2030.5,TSETMC
2017-02-28,1395/12/10,1395,12,10,cement,سیمان، آهک و گچ,70077233737515808,718.1,716.3,716.8,TSETMC
2017-02-28,1395/12/10,1395,12,10,tile_ceramic,کاشی و سرامیک,57616105980228781,2030.1,2014.3,2014.3,TSETMC
2017-03-01,1395/12/11,1395,12,11,cement,سیمان، آهک و گچ,70077233737515808,716.8,715.6,715.6,TSETMC
2017-03-01,1395/12/11,1395,12,11,tile_ceramic,کاشی و سرامیک,57616105980228781,2027.0,2024.3,2024.8,TSETMC
2017-03-04,1395/12/14,1395,12,14,cement,سیمان، آهک و گچ,70077233737515808,715.7,711.9,711.9,TSETMC
2017-03-04,1395/12/14,1395,12,14,tile_ceramic,کاشی و سرامیک,57616105980228781,2025.0,2009.2,2009.2,TSETMC
2017-03-05,1395/12/15,1395,12,15,cement,سیمان، آهک و گچ,70077233737515808,711.9,710.5,710.5,TSETMC
2017-03-05,1395/12/15,1395,12,15,tile_ceramic,کاشی و سرامیک,57616105980228781,2013.5,2009.1,2012.8,TSETMC
2017-03-06,1395/12/16,1395,12,16,cement,سیمان، آهک و گچ,70077233737515808,710.5,706.6,706.6,TSETMC
2017-03-06,1395/12/16,1395,12,16,tile_ceramic,کاشی و سرامیک,57616105980228781,2012.8,2003.6,2003.6,TSETMC
2017-03-07,1395/12/17,1395,12,17,cement,سیمان، آهک و گچ,70077233737515808,706.9,703.3,703.3,TSETMC
2017-03-07,1395/12/17,1395,12,17,tile_ceramic,کاشی و سرامیک,57616105980228781,2003.8,2001.3,2001.3,TSETMC
2017-03-08,1395/12/18,1395,12,18,cement,سیمان، آهک و گچ,70077233737515808,703.4,698.8,700.7,TSETMC
2017-03-08,1395/12/18,1395,12,18,tile_ceramic,کاشی و سرامیک,57616105980228781,2001.8,1998.7,1998.7,TSETMC
2017-03-11,1395/12/21,1395,12,21,cement,سیمان، آهک و گچ,70077233737515808,700.1,698.0,698.0,TSETMC
2017-03-11,1395/12/21,1395,12,21,tile_ceramic,کاشی و سرامیک,57616105980228781,1998.7,1970.7,1970.7,TSETMC
2017-03-12,1395/12/22,1395,12,22,cement,سیمان، آهک و گچ,70077233737515808,698.0,697.0,697.0,TSETMC
2017-03-12,1395/12/22,1395,12,22,tile_ceramic,کاشی و سرامیک,57616105980228781,1971.1,1959.1,1961.7,TSETMC
2017-03-13,1395/12/23,1395,12,23,cement,سیمان، آهک و گچ,70077233737515808,702.2,696.8,701.8,TSETMC
2017-03-13,1395/12/23,1395,12,23,tile_ceramic,کاشی و سرامیک,57616105980228781,1970.5,1965.7,1968.5,TSETMC
2017-03-14,1395/12/24,1395,12,24,cement,سیمان، آهک و گچ,70077233737515808,705.3,702.7,705.3,TSETMC
2017-03-14,1395/12/24,1395,12,24,tile_ceramic,کاشی و سرامیک,57616105980228781,1979.9,1973.8,1979.9,TSETMC
2017-03-15,1395/12/25,1395,12,25,cement,سیمان، آهک و گچ,70077233737515808,705.9,704.6,705.6,TSETMC
2017-03-15,1395/12/25,1395,12,25,tile_ceramic,کاشی و سرامیک,57616105980228781,1987.3,1985.8,1986.1,TSETMC
2017-03-18,1395/12/28,1395,12,28,cement,سیمان، آهک و گچ,70077233737515808,707.0,706.7,706.7,TSETMC
2017-03-18,1395/12/28,1395,12,28,tile_ceramic,کاشی و سرامیک,57616105980228781,2016.8,1994.7,2016.8,TSETMC
2017-03-25,1396/01/05,1396,1,5,cement,سیمان، آهک و گچ,70077233737515808,709.1,706.6,709.1,TSETMC
2017-03-25,1396/01/05,1396,1,5,tile_ceramic,کاشی و سرامیک,57616105980228781,2047.2,2018.9,2047.2,TSETMC
2017-03-26,1396/01/06,1396,1,6,cement,سیمان، آهک و گچ,70077233737515808,710.0,709.0,710.0,TSETMC
2017-03-26,1396/01/06,1396,1,6,tile_ceramic,کاشی و سرامیک,57616105980228781,2055.2,2048.6,2050.1,TSETMC
2017-03-27,1396/01/07,1396,1,7,cement,سیمان، آهک و گچ,70077233737515808,710.8,709.8,710.8,TSETMC
2017-03-27,1396/01/07,1396,1,7,tile_ceramic,کاشی و سرامیک,57616105980228781,2057.3,2054.0,2057.3,TSETMC
2017-03-28,1396/01/08,1396,1,8,cement,سیمان، آهک و گچ,70077233737515808,713.5,710.9,713.5,TSETMC
2017-03-28,1396/01/08,1396,1,8,tile_ceramic,کاشی و سرامیک,57616105980228781,2079.3,2072.6,2079.3,TSETMC
2017-03-29,1396/01/09,1396,1,9,cement,سیمان، آهک و گچ,70077233737515808,715.6,713.8,715.4,TSETMC
2017-03-29,1396/01/09,1396,1,9,tile_ceramic,کاشی و سرامیک,57616105980228781,2095.2,2088.9,2088.9,TSETMC
2017-04-03,1396/01/14,1396,1,14,cement,سیمان، آهک و گچ,70077233737515808,723.6,715.5,723.6,TSETMC
2017-04-03,1396/01/14,1396,1,14,tile_ceramic,کاشی و سرامیک,57616105980228781,2110.0,2095.6,2110.0,TSETMC
2017-04-04,1396/01/15,1396,1,15,cement,سیمان، آهک و گچ,70077233737515808,727.9,725.0,727.7,TSETMC
2017-04-04,1396/01/15,1396,1,15,tile_ceramic,کاشی و سرامیک,57616105980228781,2157.8,2153.0,2156.4,TSETMC
2017-04-05,1396/01/16,1396,1,16,cement,سیمان، آهک و گچ,70077233737515808,737.2,728.6,737.2,TSETMC
2017-04-05,1396/01/16,1396,1,16,tile_ceramic,کاشی و سرامیک,57616105980228781,2220.8,2200.1,2220.8,TSETMC
2017-04-08,1396/01/19,1396,1,19,cement,سیمان، آهک و گچ,70077233737515808,751.5,739.8,751.5,TSETMC
2017-04-08,1396/01/19,1396,1,19,tile_ceramic,کاشی و سرامیک,57616105980228781,2302.1,2280.6,2302.1,TSETMC
2017-04-09,1396/01/20,1396,1,20,cement,سیمان، آهک و گچ,70077233737515808,755.9,754.5,754.7,TSETMC
2017-04-09,1396/01/20,1396,1,20,tile_ceramic,کاشی و سرامیک,57616105980228781,2342.8,2326.7,2332.9,TSETMC
2017-04-10,1396/01/21,1396,1,21,cement,سیمان، آهک و گچ,70077233737515808,758.4,754.1,754.1,TSETMC
2017-04-10,1396/01/21,1396,1,21,tile_ceramic,کاشی و سرامیک,57616105980228781,2371.2,2350.9,2365.4,TSETMC
2017-04-12,1396/01/23,1396,1,23,cement,سیمان، آهک و گچ,70077233737515808,754.3,752.6,752.6,TSETMC
2017-04-12,1396/01/23,1396,1,23,tile_ceramic,کاشی و سرامیک,57616105980228781,2398.6,2373.1,2373.1,TSETMC
2017-04-15,1396/01/26,1396,1,26,cement,سیمان، آهک و گچ,70077233737515808,759.2,754.3,757.1,TSETMC
2017-04-15,1396/01/26,1396,1,26,tile_ceramic,کاشی و سرامیک,57616105980228781,2386.7,2376.8,2380.0,TSETMC
2017-04-16,1396/01/27,1396,1,27,cement,سیمان، آهک و گچ,70077233737515808,758.6,748.8,748.8,TSETMC
2017-04-16,1396/01/27,1396,1,27,tile_ceramic,کاشی و سرامیک,57616105980228781,2427.4,2409.6,2409.6,TSETMC
2017-04-17,1396/01/28,1396,1,28,cement,سیمان، آهک و گچ,70077233737515808,750.1,744.0,744.0,TSETMC
2017-04-17,1396/01/28,1396,1,28,tile_ceramic,کاشی و سرامیک,57616105980228781,2375.2,2357.0,2357.0,TSETMC
2017-04-18,1396/01/29,1396,1,29,cement,سیمان، آهک و گچ,70077233737515808,745.4,744.0,744.0,TSETMC
2017-04-18,1396/01/29,1396,1,29,tile_ceramic,کاشی و سرامیک,57616105980228781,2357.0,2342.3,2346.2,TSETMC
2017-04-19,1396/01/30,1396,1,30,cement,سیمان، آهک و گچ,70077233737515808,745.8,744.0,744.2,TSETMC
2017-04-19,1396/01/30,1396,1,30,tile_ceramic,کاشی و سرامیک,57616105980228781,2389.8,2360.6,2376.9,TSETMC
2017-04-22,1396/02/02,1396,2,2,cement,سیمان، آهک و گچ,70077233737515808,746.0,743.0,746.0,TSETMC
2017-04-22,1396/02/02,1396,2,2,tile_ceramic,کاشی و سرامیک,57616105980228781,2395.5,2375.6,2375.6,TSETMC
2017-04-23,1396/02/03,1396,2,3,cement,سیمان، آهک و گچ,70077233737515808,748.4,746.0,747.2,TSETMC
2017-04-23,1396/02/03,1396,2,3,tile_ceramic,کاشی و سرامیک,57616105980228781,2381.7,2327.9,2328.4,TSETMC
2017-04-24,1396/02/04,1396,2,4,cement,سیمان، آهک و گچ,70077233737515808,754.8,747.4,754.7,TSETMC
2017-04-24,1396/02/04,1396,2,4,tile_ceramic,کاشی و سرامیک,57616105980228781,2339.8,2331.4,2339.8,TSETMC
2017-04-26,1396/02/06,1396,2,6,cement,سیمان، آهک و گچ,70077233737515808,759.0,756.1,758.2,TSETMC
2017-04-26,1396/02/06,1396,2,6,tile_ceramic,کاشی و سرامیک,57616105980228781,2362.8,2354.7,2356.1,TSETMC
2017-04-29,1396/02/09,1396,2,9,cement,سیمان، آهک و گچ,70077233737515808,759.6,751.7,751.7,TSETMC
2017-04-29,1396/02/09,1396,2,9,tile_ceramic,کاشی و سرامیک,57616105980228781,2347.3,2339.9,2339.9,TSETMC
2017-04-30,1396/02/10,1396,2,10,cement,سیمان، آهک و گچ,70077233737515808,751.2,749.5,749.5,TSETMC
2017-04-30,1396/02/10,1396,2,10,tile_ceramic,کاشی و سرامیک,57616105980228781,2362.4,2326.6,2362.4,TSETMC
2017-05-01,1396/02/11,1396,2,11,cement,سیمان، آهک و گچ,70077233737515808,751.1,748.2,748.2,TSETMC
2017-05-01,1396/02/11,1396,2,11,tile_ceramic,کاشی و سرامیک,57616105980228781,2365.6,2357.8,2357.8,TSETMC
2017-05-02,1396/02/12,1396,2,12,cement,سیمان، آهک و گچ,70077233737515808,748.1,745.4,745.4,TSETMC
2017-05-02,1396/02/12,1396,2,12,tile_ceramic,کاشی و سرامیک,57616105980228781,2351.0,2346.0,2346.4,TSETMC
2017-05-03,1396/02/13,1396,2,13,cement,سیمان، آهک و گچ,70077233737515808,747.1,745.7,745.7,TSETMC
2017-05-03,1396/02/13,1396,2,13,tile_ceramic,کاشی و سرامیک,57616105980228781,2344.9,2334.3,2344.9,TSETMC
2017-05-06,1396/02/16,1396,2,16,cement,سیمان، آهک و گچ,70077233737515808,745.8,740.6,740.6,TSETMC
2017-05-06,1396/02/16,1396,2,16,tile_ceramic,کاشی و سرامیک,57616105980228781,2375.9,2354.7,2355.5,TSETMC
2017-05-07,1396/02/17,1396,2,17,cement,سیمان، آهک و گچ,70077233737515808,738.3,736.5,736.4,TSETMC
2017-05-07,1396/02/17,1396,2,17,tile_ceramic,کاشی و سرامیک,57616105980228781,2375.0,2329.0,2329.0,TSETMC
2017-05-08,1396/02/18,1396,2,18,cement,سیمان، آهک و گچ,70077233737515808,736.4,731.0,731.0,TSETMC
2017-05-08,1396/02/18,1396,2,18,tile_ceramic,کاشی و سرامیک,57616105980228781,2317.7,2280.6,2280.6,TSETMC
2017-05-09,1396/02/19,1396,2,19,cement,سیمان، آهک و گچ,70077233737515808,730.9,724.4,724.5,TSETMC
2017-05-09,1396/02/19,1396,2,19,tile_ceramic,کاشی و سرامیک,57616105980228781,2269.0,2235.3,2237.0,TSETMC
2017-05-10,1396/02/20,1396,2,20,cement,سیمان، آهک و گچ,70077233737515808,727.2,725.0,726.7,TSETMC
2017-05-10,1396/02/20,1396,2,20,tile_ceramic,کاشی و سرامیک,57616105980228781,2242.2,2227.7,2241.1,TSETMC
2017-05-13,1396/02/23,1396,2,23,cement,سیمان، آهک و گچ,70077233737515808,730.2,728.3,728.7,TSETMC
2017-05-13,1396/02/23,1396,2,23,tile_ceramic,کاشی و سرامیک,57616105980228781,2261.6,2244.9,2256.3,TSETMC
2017-05-14,1396/02/24,1396,2,24,cement,سیمان، آهک و گچ,70077233737515808,729.5,725.4,725.4,TSETMC
2017-05-14,1396/02/24,1396,2,24,tile_ceramic,کاشی و سرامیک,57616105980228781,2260.0,2249.0,2249.0,TSETMC
2017-05-15,1396/02/25,1396,2,25,cement,سیمان، آهک و گچ,70077233737515808,726.7,726.1,726.1,TSETMC
2017-05-15,1396/02/25,1396,2,25,tile_ceramic,کاشی و سرامیک,57616105980228781,2251.4,2227.2,2227.2,TSETMC
2017-05-16,1396/02/26,1396,2,26,cement,سیمان، آهک و گچ,70077233737515808,726.7,725.6,725.6,TSETMC
2017-05-16,1396/02/26,1396,2,26,tile_ceramic,کاشی و سرامیک,57616105980228781,2227.1,2213.9,2213.9,TSETMC
2017-05-17,1396/02/27,1396,2,27,cement,سیمان، آهک و گچ,70077233737515808,725.8,723.0,722.9,TSETMC
2017-05-17,1396/02/27,1396,2,27,tile_ceramic,کاشی و سرامیک,57616105980228781,2217.8,2208.1,2216.0,TSETMC
2017-05-20,1396/02/30,1396,2,30,cement,سیمان، آهک و گچ,70077233737515808,726.4,724.3,726.4,TSETMC
2017-05-20,1396/02/30,1396,2,30,tile_ceramic,کاشی و سرامیک,57616105980228781,2248.9,2227.4,2242.4,TSETMC
2017-05-21,1396/02/31,1396,2,31,cement,سیمان، آهک و گچ,70077233737515808,726.8,722.7,722.7,TSETMC
2017-05-21,1396/02/31,1396,2,31,tile_ceramic,کاشی و سرامیک,57616105980228781,2240.4,2224.1,2224.6,TSETMC
2017-05-22,1396/03/01,1396,3,1,cement,سیمان، آهک و گچ,70077233737515808,721.8,721.3,721.5,TSETMC
2017-05-22,1396/03/01,1396,3,1,tile_ceramic,کاشی و سرامیک,57616105980228781,2263.4,2230.1,2263.4,TSETMC
2017-05-23,1396/03/02,1396,3,2,cement,سیمان، آهک و گچ,70077233737515808,725.7,720.9,725.7,TSETMC
2017-05-23,1396/03/02,1396,3,2,tile_ceramic,کاشی و سرامیک,57616105980228781,2340.6,2310.7,2340.1,TSETMC
2017-05-24,1396/03/03,1396,3,3,cement,سیمان، آهک و گچ,70077233737515808,738.4,728.6,738.3,TSETMC
2017-05-24,1396/03/03,1396,3,3,tile_ceramic,کاشی و سرامیک,57616105980228781,2396.1,2388.5,2391.5,TSETMC
2017-05-27,1396/03/06,1396,3,6,cement,سیمان، آهک و گچ,70077233737515808,739.3,735.8,735.8,TSETMC
2017-05-27,1396/03/06,1396,3,6,tile_ceramic,کاشی و سرامیک,57616105980228781,2387.2,2337.0,2337.0,TSETMC
2017-05-28,1396/03/07,1396,3,7,cement,سیمان، آهک و گچ,70077233737515808,735.9,728.9,728.9,TSETMC
2017-05-28,1396/03/07,1396,3,7,tile_ceramic,کاشی و سرامیک,57616105980228781,2322.4,2306.4,2306.4,TSETMC
2017-05-29,1396/03/08,1396,3,8,cement,سیمان، آهک و گچ,70077233737515808,728.7,726.0,725.9,TSETMC
2017-05-29,1396/03/08,1396,3,8,tile_ceramic,کاشی و سرامیک,57616105980228781,2312.2,2281.7,2281.7,TSETMC
2017-05-30,1396/03/09,1396,3,9,cement,سیمان، آهک و گچ,70077233737515808,725.9,723.3,723.3,TSETMC
2017-05-30,1396/03/09,1396,3,9,tile_ceramic,کاشی و سرامیک,57616105980228781,2283.8,2258.8,2259.1,TSETMC
2017-05-31,1396/03/10,1396,3,10,cement,سیمان، آهک و گچ,70077233737515808,724.7,723.5,723.7,TSETMC
2017-05-31,1396/03/10,1396,3,10,tile_ceramic,کاشی و سرامیک,57616105980228781,2260.8,2247.6,2247.6,TSETMC
2017-06-03,1396/03/13,1396,3,13,cement,سیمان، آهک و گچ,70077233737515808,724.1,722.3,722.3,TSETMC
2017-06-03,1396/03/13,1396,3,13,tile_ceramic,کاشی و سرامیک,57616105980228781,2236.1,2225.0,2230.3,TSETMC
2017-06-06,1396/03/16,1396,3,16,cement,سیمان، آهک و گچ,70077233737515808,722.0,717.9,717.9,TSETMC
2017-06-06,1396/03/16,1396,3,16,tile_ceramic,کاشی و سرامیک,57616105980228781,2230.8,2217.6,2217.6,TSETMC
2017-06-07,1396/03/17,1396,3,17,cement,سیمان، آهک و گچ,70077233737515808,717.6,711.8,711.8,TSETMC
2017-06-07,1396/03/17,1396,3,17,tile_ceramic,کاشی و سرامیک,57616105980228781,2220.9,2171.4,2171.3,TSETMC
2017-06-10,1396/03/20,1396,3,20,cement,سیمان، آهک و گچ,70077233737515808,711.8,710.8,710.8,TSETMC
2017-06-10,1396/03/20,1396,3,20,tile_ceramic,کاشی و سرامیک,57616105980228781,2161.7,2130.7,2130.7,TSETMC
2017-06-11,1396/03/21,1396,3,21,cement,سیمان، آهک و گچ,70077233737515808,710.9,709.5,709.5,TSETMC
2017-06-11,1396/03/21,1396,3,21,tile_ceramic,کاشی و سرامیک,57616105980228781,2132.9,2114.6,2114.6,TSETMC
2017-06-12,1396/03/22,1396,3,22,cement,سیمان، آهک و گچ,70077233737515808,710.2,709.1,710.2,TSETMC
2017-06-12,1396/03/22,1396,3,22,tile_ceramic,کاشی و سرامیک,57616105980228781,2118.0,2090.3,2090.3,TSETMC
2017-06-13,1396/03/23,1396,3,23,cement,سیمان، آهک و گچ,70077233737515808,711.8,709.3,711.4,TSETMC
2017-06-13,1396/03/23,1396,3,23,tile_ceramic,کاشی و سرامیک,57616105980228781,2090.4,2070.3,2072.7,TSETMC
2017-06-14,1396/03/24,1396,3,24,cement,سیمان، آهک و گچ,70077233737515808,711.6,710.6,710.7,TSETMC
2017-06-14,1396/03/24,1396,3,24,tile_ceramic,کاشی و سرامیک,57616105980228781,2076.6,2055.5,2056.4,TSETMC
2017-06-17,1396/03/27,1396,3,27,cement,سیمان، آهک و گچ,70077233737515808,710.8,709.2,709.1,TSETMC
2017-06-17,1396/03/27,1396,3,27,tile_ceramic,کاشی و سرامیک,57616105980228781,2075.4,2064.7,2066.5,TSETMC
2017-06-18,1396/03/28,1396,3,28,cement,سیمان، آهک و گچ,70077233737515808,709.1,705.0,705.0,TSETMC
2017-06-18,1396/03/28,1396,3,28,tile_ceramic,کاشی و سرامیک,57616105980228781,2075.3,2037.4,2037.4,TSETMC
2017-06-19,1396/03/29,1396,3,29,cement,سیمان، آهک و گچ,70077233737515808,704.9,701.9,701.9,TSETMC
2017-06-19,1396/03/29,1396,3,29,tile_ceramic,کاشی و سرامیک,57616105980228781,2043.9,2028.3,2043.9,TSETMC
2017-06-20,1396/03/30,1396,3,30,cement,سیمان، آهک و گچ,70077233737515808,702.0,701.3,701.5,TSETMC
2017-06-20,1396/03/30,1396,3,30,tile_ceramic,کاشی و سرامیک,57616105980228781,2064.5,2047.0,2064.4,TSETMC
2017-06-21,1396/03/31,1396,3,31,cement,سیمان، آهک و گچ,70077233737515808,701.5,700.3,700.3,TSETMC
2017-06-21,1396/03/31,1396,3,31,tile_ceramic,کاشی و سرامیک,57616105980228781,2074.5,2071.3,2073.4,TSETMC
2017-06-24,1396/04/03,1396,4,3,cement,سیمان، آهک و گچ,70077233737515808,700.3,698.4,698.4,TSETMC
2017-06-24,1396/04/03,1396,4,3,tile_ceramic,کاشی و سرامیک,57616105980228781,2084.9,2066.1,2082.8,TSETMC
2017-06-25,1396/04/04,1396,4,4,cement,سیمان، آهک و گچ,70077233737515808,699.7,698.0,699.7,TSETMC
2017-06-25,1396/04/04,1396,4,4,tile_ceramic,کاشی و سرامیک,57616105980228781,2088.8,2085.6,2085.6,TSETMC
2017-06-28,1396/04/07,1396,4,7,cement,سیمان، آهک و گچ,70077233737515808,702.0,699.7,702.0,TSETMC
2017-06-28,1396/04/07,1396,4,7,tile_ceramic,کاشی و سرامیک,57616105980228781,2101.2,2084.6,2100.4,TSETMC
2017-07-01,1396/04/10,1396,4,10,cement,سیمان، آهک و گچ,70077233737515808,704.2,703.1,704.2,TSETMC
2017-07-01,1396/04/10,1396,4,10,tile_ceramic,کاشی و سرامیک,57616105980228781,2122.6,2118.5,2118.5,TSETMC
2017-07-02,1396/04/11,1396,4,11,cement,سیمان، آهک و گچ,70077233737515808,704.4,702.6,702.6,TSETMC
2017-07-02,1396/04/11,1396,4,11,tile_ceramic,کاشی و سرامیک,57616105980228781,2106.0,2102.9,2105.6,TSETMC
2017-07-03,1396/04/12,1396,4,12,cement,سیمان، آهک و گچ,70077233737515808,702.5,701.0,701.0,TSETMC
2017-07-03,1396/04/12,1396,4,12,tile_ceramic,کاشی و سرامیک,57616105980228781,2121.9,2110.8,2110.8,TSETMC
2017-07-04,1396/04/13,1396,4,13,cement,سیمان، آهک و گچ,70077233737515808,700.9,699.3,699.3,TSETMC
2017-07-04,1396/04/13,1396,4,13,tile_ceramic,کاشی و سرامیک,57616105980228781,2116.1,2099.9,2099.9,TSETMC
2017-07-05,1396/04/14,1396,4,14,cement,سیمان، آهک و گچ,70077233737515808,700.0,699.0,699.0,TSETMC
2017-07-05,1396/04/14,1396,4,14,tile_ceramic,کاشی و سرامیک,57616105980228781,2112.4,2097.5,2099.1,TSETMC
2017-07-08,1396/04/17,1396,4,17,cement,سیمان، آهک و گچ,70077233737515808,699.3,698.8,699.0,TSETMC
2017-07-08,1396/04/17,1396,4,17,tile_ceramic,کاشی و سرامیک,57616105980228781,2110.1,2090.7,2096.7,TSETMC
2017-07-09,1396/04/18,1396,4,18,cement,سیمان، آهک و گچ,70077233737515808,701.3,698.9,701.0,TSETMC
2017-07-09,1396/04/18,1396,4,18,tile_ceramic,کاشی و سرامیک,57616105980228781,2088.1,2082.4,2087.9,TSETMC
2017-07-10,1396/04/19,1396,4,19,cement,سیمان، آهک و گچ,70077233737515808,711.0,701.0,711.0,TSETMC
2017-07-10,1396/04/19,1396,4,19,tile_ceramic,کاشی و سرامیک,57616105980228781,2110.4,2092.4,2110.4,TSETMC
2017-07-11,1396/04/20,1396,4,20,cement,سیمان، آهک و گچ,70077233737515808,717.7,711.7,717.7,TSETMC
2017-07-11,1396/04/20,1396,4,20,tile_ceramic,کاشی و سرامیک,57616105980228781,2138.4,2125.3,2138.4,TSETMC
2017-07-12,1396/04/21,1396,4,21,cement,سیمان، آهک و گچ,70077233737515808,717.9,715.6,715.6,TSETMC
2017-07-12,1396/04/21,1396,4,21,tile_ceramic,کاشی و سرامیک,57616105980228781,2161.9,2143.4,2161.9,TSETMC
2017-07-15,1396/04/24,1396,4,24,cement,سیمان، آهک و گچ,70077233737515808,716.2,714.0,714.0,TSETMC
2017-07-15,1396/04/24,1396,4,24,tile_ceramic,کاشی و سرامیک,57616105980228781,2228.2,2182.2,2228.2,TSETMC
2017-07-16,1396/04/25,1396,4,25,cement,سیمان، آهک و گچ,70077233737515808,714.1,711.4,711.4,TSETMC
2017-07-16,1396/04/25,1396,4,25,tile_ceramic,کاشی و سرامیک,57616105980228781,2259.4,2242.1,2242.1,TSETMC
2017-07-17,1396/04/26,1396,4,26,cement,سیمان، آهک و گچ,70077233737515808,711.4,706.7,706.7,TSETMC
2017-07-17,1396/04/26,1396,4,26,tile_ceramic,کاشی و سرامیک,57616105980228781,2224.8,2207.0,2207.0,TSETMC
2017-07-18,1396/04/27,1396,4,27,cement,سیمان، آهک و گچ,70077233737515808,706.5,706.2,706.2,TSETMC
2017-07-18,1396/04/27,1396,4,27,tile_ceramic,کاشی و سرامیک,57616105980228781,2221.8,2215.3,2219.0,TSETMC
2017-07-19,1396/04/28,1396,4,28,cement,سیمان، آهک و گچ,70077233737515808,714.6,706.3,714.6,TSETMC
2017-07-19,1396/04/28,1396,4,28,tile_ceramic,کاشی و سرامیک,57616105980228781,2257.1,2222.5,2257.1,TSETMC
2017-07-22,1396/04/31,1396,4,31,cement,سیمان، آهک و گچ,70077233737515808,727.9,720.4,727.9,TSETMC
2017-07-22,1396/04/31,1396,4,31,tile_ceramic,کاشی و سرامیک,57616105980228781,2287.6,2259.1,2287.5,TSETMC
2017-07-23,1396/05/01,1396,5,1,cement,سیمان، آهک و گچ,70077233737515808,732.2,729.4,732.2,TSETMC
2017-07-23,1396/05/01,1396,5,1,tile_ceramic,کاشی و سرامیک,57616105980228781,2292.4,2278.9,2278.9,TSETMC
2017-07-24,1396/05/02,1396,5,2,cement,سیمان، آهک و گچ,70077233737515808,745.6,738.9,745.6,TSETMC
2017-07-24,1396/05/02,1396,5,2,tile_ceramic,کاشی و سرامیک,57616105980228781,2299.3,2278.7,2296.6,TSETMC
2017-07-25,1396/05/03,1396,5,3,cement,سیمان، آهک و گچ,70077233737515808,745.2,740.7,740.7,TSETMC
2017-07-25,1396/05/03,1396,5,3,tile_ceramic,کاشی و سرامیک,57616105980228781,2313.2,2299.3,2299.3,TSETMC
2017-07-26,1396/05/04,1396,5,4,cement,سیمان، آهک و گچ,70077233737515808,743.5,737.5,742.4,TSETMC
2017-07-26,1396/05/04,1396,5,4,tile_ceramic,کاشی و سرامیک,57616105980228781,2301.1,2291.0,2291.0,TSETMC
2017-07-29,1396/05/07,1396,5,7,cement,سیمان، آهک و گچ,70077233737515808,742.7,740.2,740.2,TSETMC
2017-07-29,1396/05/07,1396,5,7,tile_ceramic,کاشی و سرامیک,57616105980228781,2351.8,2282.7,2351.8,TSETMC
2017-07-30,1396/05/08,1396,5,8,cement,سیمان، آهک و گچ,70077233737515808,739.9,734.3,734.3,TSETMC
2017-07-30,1396/05/08,1396,5,8,tile_ceramic,کاشی و سرامیک,57616105980228781,2359.5,2343.6,2343.6,TSETMC
2017-07-31,1396/05/09,1396,5,9,cement,سیمان، آهک و گچ,70077233737515808,734.4,731.2,731.2,TSETMC
2017-07-31,1396/05/09,1396,5,9,tile_ceramic,کاشی و سرامیک,57616105980228781,2376.3,2356.3,2374.4,TSETMC
2017-08-01,1396/05/10,1396,5,10,cement,سیمان، آهک و گچ,70077233737515808,734.7,731.2,734.7,TSETMC
2017-08-01,1396/05/10,1396,5,10,tile_ceramic,کاشی و سرامیک,57616105980228781,2423.2,2407.1,2423.2,TSETMC
2017-08-02,1396/05/11,1396,5,11,cement,سیمان، آهک و گچ,70077233737515808,734.8,732.2,732.3,TSETMC
2017-08-02,1396/05/11,1396,5,11,tile_ceramic,کاشی و سرامیک,57616105980228781,2452.7,2445.6,2450.4,TSETMC
2017-08-06,1396/05/15,1396,5,15,cement,سیمان، آهک و گچ,70077233737515808,732.7,729.0,729.0,TSETMC
2017-08-06,1396/05/15,1396,5,15,tile_ceramic,کاشی و سرامیک,57616105980228781,2449.1,2425.5,2425.5,TSETMC
2017-08-07,1396/05/16,1396,5,16,cement,سیمان، آهک و گچ,70077233737515808,728.6,723.1,723.1,TSETMC
2017-08-07,1396/05/16,1396,5,16,tile_ceramic,کاشی و سرامیک,57616105980228781,2422.5,2395.1,2403.0,TSETMC
2017-08-08,1396/05/17,1396,5,17,cement,سیمان، آهک و گچ,70077233737515808,723.4,721.2,721.2,TSETMC
2017-08-08,1396/05/17,1396,5,17,tile_ceramic,کاشی و سرامیک,57616105980228781,2410.7,2390.4,2390.3,TSETMC
2017-08-09,1396/05/18,1396,5,18,cement,سیمان، آهک و گچ,70077233737515808,721.1,719.5,719.5,TSETMC
2017-08-09,1396/05/18,1396,5,18,tile_ceramic,کاشی و سرامیک,57616105980228781,2380.0,2369.7,2369.7,TSETMC
2017-08-12,1396/05/21,1396,5,21,cement,سیمان، آهک و گچ,70077233737515808,720.0,717.5,717.5,TSETMC
2017-08-12,1396/05/21,1396,5,21,tile_ceramic,کاشی و سرامیک,57616105980228781,2354.5,2345.2,2351.4,TSETMC
2017-08-13,1396/05/22,1396,5,22,cement,سیمان، آهک و گچ,70077233737515808,717.9,713.5,713.5,TSETMC
2017-08-13,1396/05/22,1396,5,22,tile_ceramic,کاشی و سرامیک,57616105980228781,2357.9,2320.2,2320.2,TSETMC
2017-08-14,1396/05/23,1396,5,23,cement,سیمان، آهک و گچ,70077233737515808,713.5,712.4,712.4,TSETMC
2017-08-14,1396/05/23,1396,5,23,tile_ceramic,کاشی و سرامیک,57616105980228781,2302.2,2286.5,2287.0,TSETMC
2017-08-15,1396/05/24,1396,5,24,cement,سیمان، آهک و گچ,70077233737515808,709.8,708.0,708.9,TSETMC
2017-08-15,1396/05/24,1396,5,24,tile_ceramic,کاشی و سرامیک,57616105980228781,2277.0,2257.8,2257.8,TSETMC
2017-08-16,1396/05/25,1396,5,25,cement,سیمان، آهک و گچ,70077233737515808,709.9,708.9,709.3,TSETMC
2017-08-16,1396/05/25,1396,5,25,tile_ceramic,کاشی و سرامیک,57616105980228781,2248.6,2240.0,2248.6,TSETMC
2017-08-19,1396/05/28,1396,5,28,cement,سیمان، آهک و گچ,70077233737515808,709.8,706.1,706.1,TSETMC
2017-08-19,1396/05/28,1396,5,28,tile_ceramic,کاشی و سرامیک,57616105980228781,2300.9,2260.1,2300.9,TSETMC
2017-08-20,1396/05/29,1396,5,29,cement,سیمان، آهک و گچ,70077233737515808,705.9,704.2,704.2,TSETMC
2017-08-20,1396/05/29,1396,5,29,tile_ceramic,کاشی و سرامیک,57616105980228781,2347.0,2329.5,2338.8,TSETMC
2017-08-21,1396/05/30,1396,5,30,cement,سیمان، آهک و گچ,70077233737515808,704.4,702.9,702.9,TSETMC
2017-08-21,1396/05/30,1396,5,30,tile_ceramic,کاشی و سرامیک,57616105980228781,2357.3,2348.5,2348.7,TSETMC
2017-08-22,1396/05/31,1396,5,31,cement,سیمان، آهک و گچ,70077233737515808,702.9,702.1,702.1,TSETMC
2017-08-22,1396/05/31,1396,5,31,tile_ceramic,کاشی و سرامیک,57616105980228781,2366.7,2361.3,2363.5,TSETMC
2017-08-23,1396/06/01,1396,6,1,cement,سیمان، آهک و گچ,70077233737515808,702.8,700.2,700.2,TSETMC
2017-08-23,1396/06/01,1396,6,1,tile_ceramic,کاشی و سرامیک,57616105980228781,2375.8,2354.9,2375.8,TSETMC
2017-08-26,1396/06/04,1396,6,4,cement,سیمان، آهک و گچ,70077233737515808,699.8,695.4,695.4,TSETMC
2017-08-26,1396/06/04,1396,6,4,tile_ceramic,کاشی و سرامیک,57616105980228781,2391.2,2360.4,2391.2,TSETMC
2017-08-27,1396/06/05,1396,6,5,cement,سیمان، آهک و گچ,70077233737515808,695.5,693.7,693.7,TSETMC
2017-08-27,1396/06/05,1396,6,5,tile_ceramic,کاشی و سرامیک,57616105980228781,2450.2,2414.5,2447.7,TSETMC
2017-08-28,1396/06/06,1396,6,6,cement,سیمان، آهک و گچ,70077233737515808,693.7,688.9,688.9,TSETMC
2017-08-28,1396/06/06,1396,6,6,tile_ceramic,کاشی و سرامیک,57616105980228781,2470.6,2459.4,2459.4,TSETMC
2017-08-29,1396/06/07,1396,6,7,cement,سیمان، آهک و گچ,70077233737515808,688.9,685.7,685.7,TSETMC
2017-08-29,1396/06/07,1396,6,7,tile_ceramic,کاشی و سرامیک,57616105980228781,2467.4,2437.3,2437.3,TSETMC
2017-08-30,1396/06/08,1396,6,8,cement,سیمان، آهک و گچ,70077233737515808,694.7,685.7,694.5,TSETMC
2017-08-30,1396/06/08,1396,6,8,tile_ceramic,کاشی و سرامیک,57616105980228781,2425.3,2388.3,2388.3,TSETMC
2017-09-02,1396/06/11,1396,6,11,cement,سیمان، آهک و گچ,70077233737515808,694.5,693.5,693.5,TSETMC
2017-09-02,1396/06/11,1396,6,11,tile_ceramic,کاشی و سرامیک,57616105980228781,2384.1,2330.2,2330.2,TSETMC
2017-09-03,1396/06/12,1396,6,12,cement,سیمان، آهک و گچ,70077233737515808,693.7,692.1,692.1,TSETMC
2017-09-03,1396/06/12,1396,6,12,tile_ceramic,کاشی و سرامیک,57616105980228781,2337.0,2312.9,2336.8,TSETMC
2017-09-04,1396/06/13,1396,6,13,cement,سیمان، آهک و گچ,70077233737515808,691.8,684.3,684.3,TSETMC
2017-09-04,1396/06/13,1396,6,13,tile_ceramic,کاشی و سرامیک,57616105980228781,2344.1,2336.8,2342.0,TSETMC
2017-09-05,1396/06/14,1396,6,14,cement,سیمان، آهک و گچ,70077233737515808,683.6,683.1,683.2,TSETMC
2017-09-05,1396/06/14,1396,6,14,tile_ceramic,کاشی و سرامیک,57616105980228781,2341.8,2333.7,2333.7,TSETMC
2017-09-06,1396/06/15,1396,6,15,cement,سیمان، آهک و گچ,70077233737515808,683.1,682.5,682.5,TSETMC
2017-09-06,1396/06/15,1396,6,15,tile_ceramic,کاشی و سرامیک,57616105980228781,2337.2,2328.6,2337.2,TSETMC
2017-09-10,1396/06/19,1396,6,19,cement,سیمان، آهک و گچ,70077233737515808,682.5,681.3,681.3,TSETMC
2017-09-10,1396/06/19,1396,6,19,tile_ceramic,کاشی و سرامیک,57616105980228781,2337.2,2303.6,2306.1,TSETMC
2017-09-11,1396/06/20,1396,6,20,cement,سیمان، آهک و گچ,70077233737515808,681.3,679.9,679.9,TSETMC
2017-09-11,1396/06/20,1396,6,20,tile_ceramic,کاشی و سرامیک,57616105980228781,2319.3,2310.7,2319.3,TSETMC
2017-09-12,1396/06/21,1396,6,21,cement,سیمان، آهک و گچ,70077233737515808,679.2,677.7,677.7,TSETMC
2017-09-12,1396/06/21,1396,6,21,tile_ceramic,کاشی و سرامیک,57616105980228781,2325.6,2305.3,2305.3,TSETMC
2017-09-13,1396/06/22,1396,6,22,cement,سیمان، آهک و گچ,70077233737515808,676.9,675.1,675.1,TSETMC
2017-09-13,1396/06/22,1396,6,22,tile_ceramic,کاشی و سرامیک,57616105980228781,2327.3,2304.6,2327.3,TSETMC
2017-09-16,1396/06/25,1396,6,25,cement,سیمان، آهک و گچ,70077233737515808,675.5,674.6,675.5,TSETMC
2017-09-16,1396/06/25,1396,6,25,tile_ceramic,کاشی و سرامیک,57616105980228781,2356.7,2336.6,2356.7,TSETMC
2017-09-17,1396/06/26,1396,6,26,cement,سیمان، آهک و گچ,70077233737515808,675.8,675.0,675.7,TSETMC
2017-09-17,1396/06/26,1396,6,26,tile_ceramic,کاشی و سرامیک,57616105980228781,2355.8,2348.1,2348.1,TSETMC
2017-09-18,1396/06/27,1396,6,27,cement,سیمان، آهک و گچ,70077233737515808,676.9,676.3,676.5,TSETMC
2017-09-18,1396/06/27,1396,6,27,tile_ceramic,کاشی و سرامیک,57616105980228781,2351.5,2333.5,2333.5,TSETMC
2017-09-19,1396/06/28,1396,6,28,cement,سیمان، آهک و گچ,70077233737515808,677.5,675.9,677.0,TSETMC
2017-09-19,1396/06/28,1396,6,28,tile_ceramic,کاشی و سرامیک,57616105980228781,2335.9,2315.6,2315.6,TSETMC
2017-09-20,1396/06/29,1396,6,29,cement,سیمان، آهک و گچ,70077233737515808,677.4,676.0,677.4,TSETMC
2017-09-20,1396/06/29,1396,6,29,tile_ceramic,کاشی و سرامیک,57616105980228781,2336.6,2314.9,2333.1,TSETMC
2017-09-23,1396/07/01,1396,7,1,cement,سیمان، آهک و گچ,70077233737515808,677.5,676.2,676.2,TSETMC
2017-09-23,1396/07/01,1396,7,1,tile_ceramic,کاشی و سرامیک,57616105980228781,2350.9,2338.1,2345.1,TSETMC
2017-09-24,1396/07/02,1396,7,2,cement,سیمان، آهک و گچ,70077233737515808,676.3,675.1,675.1,TSETMC
2017-09-24,1396/07/02,1396,7,2,tile_ceramic,کاشی و سرامیک,57616105980228781,2354.5,2333.2,2338.5,TSETMC
2017-09-25,1396/07/03,1396,7,3,cement,سیمان، آهک و گچ,70077233737515808,674.6,672.4,672.7,TSETMC
2017-09-25,1396/07/03,1396,7,3,tile_ceramic,کاشی و سرامیک,57616105980228781,2354.0,2340.2,2340.2,TSETMC
2017-09-26,1396/07/04,1396,7,4,cement,سیمان، آهک و گچ,70077233737515808,674.1,672.7,674.1,TSETMC
2017-09-26,1396/07/04,1396,7,4,tile_ceramic,کاشی و سرامیک,57616105980228781,2331.0,2316.7,2326.6,TSETMC
2017-09-27,1396/07/05,1396,7,5,cement,سیمان، آهک و گچ,70077233737515808,674.3,673.7,673.8,TSETMC
2017-09-27,1396/07/05,1396,7,5,tile_ceramic,کاشی و سرامیک,57616105980228781,2347.0,2317.0,2347.0,TSETMC
2017-10-02,1396/07/10,1396,7,10,cement,سیمان، آهک و گچ,70077233737515808,673.9,672.4,672.4,TSETMC
2017-10-02,1396/07/10,1396,7,10,tile_ceramic,کاشی و سرامیک,57616105980228781,2346.8,2301.1,2301.1,TSETMC
2017-10-03,1396/07/11,1396,7,11,cement,سیمان، آهک و گچ,70077233737515808,672.4,671.4,672.4,TSETMC
2017-10-03,1396/07/11,1396,7,11,tile_ceramic,کاشی و سرامیک,57616105980228781,2313.5,2279.2,2279.2,TSETMC
2017-10-04,1396/07/12,1396,7,12,cement,سیمان، آهک و گچ,70077233737515808,672.4,667.6,667.6,TSETMC
2017-10-04,1396/07/12,1396,7,12,tile_ceramic,کاشی و سرامیک,57616105980228781,2286.2,2258.0,2258.0,TSETMC
2017-10-07,1396/07/15,1396,7,15,cement,سیمان، آهک و گچ,70077233737515808,667.4,662.3,662.3,TSETMC
2017-10-07,1396/07/15,1396,7,15,tile_ceramic,کاشی و سرامیک,57616105980228781,2257.5,2212.5,2212.5,TSETMC
2017-10-08,1396/07/16,1396,7,16,cement,سیمان، آهک و گچ,70077233737515808,661.5,653.7,653.7,TSETMC
2017-10-08,1396/07/16,1396,7,16,tile_ceramic,کاشی و سرامیک,57616105980228781,2203.5,2139.5,2139.5,TSETMC
2017-10-09,1396/07/17,1396,7,17,cement,سیمان، آهک و گچ,70077233737515808,653.6,653.0,653.1,TSETMC
2017-10-09,1396/07/17,1396,7,17,tile_ceramic,کاشی و سرامیک,57616105980228781,2135.5,2105.5,2105.5,TSETMC
2017-10-10,1396/07/18,1396,7,18,cement,سیمان، آهک و گچ,70077233737515808,652.8,652.5,652.8,TSETMC
2017-10-10,1396/07/18,1396,7,18,tile_ceramic,کاشی و سرامیک,57616105980228781,2120.5,2112.8,2120.5,TSETMC
2017-10-11,1396/07/19,1396,7,19,cement,سیمان، آهک و گچ,70077233737515808,653.7,652.3,653.7,TSETMC
2017-10-11,1396/07/19,1396,7,19,tile_ceramic,کاشی و سرامیک,57616105980228781,2129.1,2125.4,2125.4,TSETMC
2017-10-14,1396/07/22,1396,7,22,cement,سیمان، آهک و گچ,70077233737515808,657.4,654.1,657.4,TSETMC
2017-10-14,1396/07/22,1396,7,22,tile_ceramic,کاشی و سرامیک,57616105980228781,2184.5,2147.5,2184.5,TSETMC
2017-10-15,1396/07/23,1396,7,23,cement,سیمان، آهک و گچ,70077233737515808,657.9,656.8,656.8,TSETMC
2017-10-15,1396/07/23,1396,7,23,tile_ceramic,کاشی و سرامیک,57616105980228781,2204.2,2188.1,2204.2,TSETMC
2017-10-16,1396/07/24,1396,7,24,cement,سیمان، آهک و گچ,70077233737515808,657.0,656.8,656.8,TSETMC
2017-10-16,1396/07/24,1396,7,24,tile_ceramic,کاشی و سرامیک,57616105980228781,2225.7,2221.7,2221.7,TSETMC
2017-10-17,1396/07/25,1396,7,25,cement,سیمان، آهک و گچ,70077233737515808,656.8,655.7,655.7,TSETMC
2017-10-17,1396/07/25,1396,7,25,tile_ceramic,کاشی و سرامیک,57616105980228781,2222.0,2169.6,2169.6,TSETMC
2017-10-18,1396/07/26,1396,7,26,cement,سیمان، آهک و گچ,70077233737515808,655.7,653.8,653.8,TSETMC
2017-10-18,1396/07/26,1396,7,26,tile_ceramic,کاشی و سرامیک,57616105980228781,2180.5,2160.6,2160.6,TSETMC
2017-10-21,1396/07/29,1396,7,29,cement,سیمان، آهک و گچ,70077233737515808,653.8,653.4,653.4,TSETMC
2017-10-21,1396/07/29,1396,7,29,tile_ceramic,کاشی و سرامیک,57616105980228781,2171.7,2166.7,2166.7,TSETMC
2017-10-22,1396/07/30,1396,7,30,cement,سیمان، آهک و گچ,70077233737515808,655.5,653.8,655.3,TSETMC
2017-10-22,1396/07/30,1396,7,30,tile_ceramic,کاشی و سرامیک,57616105980228781,2180.7,2164.1,2164.1,TSETMC
2017-10-23,1396/08/01,1396,8,1,cement,سیمان، آهک و گچ,70077233737515808,655.3,651.4,651.4,TSETMC
2017-10-23,1396/08/01,1396,8,1,tile_ceramic,کاشی و سرامیک,57616105980228781,2171.1,2154.7,2161.9,TSETMC
2017-10-24,1396/08/02,1396,8,2,cement,سیمان، آهک و گچ,70077233737515808,651.7,649.9,649.9,TSETMC
2017-10-24,1396/08/02,1396,8,2,tile_ceramic,کاشی و سرامیک,57616105980228781,2152.1,2143.5,2147.7,TSETMC
2017-10-25,1396/08/03,1396,8,3,cement,سیمان، آهک و گچ,70077233737515808,649.8,647.8,647.9,TSETMC
2017-10-25,1396/08/03,1396,8,3,tile_ceramic,کاشی و سرامیک,57616105980228781,2172.1,2166.1,2172.1,TSETMC
2017-10-28,1396/08/06,1396,8,6,cement,سیمان، آهک و گچ,70077233737515808,647.9,645.5,645.5,TSETMC
2017-10-28,1396/08/06,1396,8,6,tile_ceramic,کاشی و سرامیک,57616105980228781,2194.2,2188.3,2188.3,TSETMC
2017-10-29,1396/08/07,1396,8,7,cement,سیمان، آهک و گچ,70077233737515808,645.6,642.3,642.3,TSETMC
2017-10-29,1396/08/07,1396,8,7,tile_ceramic,کاشی و سرامیک,57616105980228781,2205.3,2165.5,2165.5,TSETMC
2017-10-30,1396/08/08,1396,8,8,cement,سیمان، آهک و گچ,70077233737515808,642.3,641.1,641.1,TSETMC
2017-10-30,1396/08/08,1396,8,8,tile_ceramic,کاشی و سرامیک,57616105980228781,2165.3,2152.9,2153.0,TSETMC
2017-10-31,1396/08/09,1396,8,9,cement,سیمان، آهک و گچ,70077233737515808,641.1,639.7,639.7,TSETMC
2017-10-31,1396/08/09,1396,8,9,tile_ceramic,کاشی و سرامیک,57616105980228781,2157.9,2111.3,2111.3,TSETMC
2017-11-01,1396/08/10,1396,8,10,cement,سیمان، آهک و گچ,70077233737515808,641.1,639.8,639.8,TSETMC
2017-11-01,1396/08/10,1396,8,10,tile_ceramic,کاشی و سرامیک,57616105980228781,2100.3,2078.5,2078.5,TSETMC
2017-11-04,1396/08/13,1396,8,13,cement,سیمان، آهک و گچ,70077233737515808,640.2,639.8,640.2,TSETMC
2017-11-04,1396/08/13,1396,8,13,tile_ceramic,کاشی و سرامیک,57616105980228781,2110.8,2077.5,2098.8,TSETMC
2017-11-05,1396/08/14,1396,8,14,cement,سیمان، آهک و گچ,70077233737515808,640.2,639.6,639.6,TSETMC
2017-11-05,1396/08/14,1396,8,14,tile_ceramic,کاشی و سرامیک,57616105980228781,2088.5,2078.3,2081.1,TSETMC
2017-11-06,1396/08/15,1396,8,15,cement,سیمان، آهک و گچ,70077233737515808,639.8,639.5,639.8,TSETMC
2017-11-06,1396/08/15,1396,8,15,tile_ceramic,کاشی و سرامیک,57616105980228781,2089.0,2070.7,2070.7,TSETMC
2017-11-07,1396/08/16,1396,8,16,cement,سیمان، آهک و گچ,70077233737515808,639.6,638.2,638.2,TSETMC
2017-11-07,1396/08/16,1396,8,16,tile_ceramic,کاشی و سرامیک,57616105980228781,2066.7,2061.6,2062.0,TSETMC
2017-11-08,1396/08/17,1396,8,17,cement,سیمان، آهک و گچ,70077233737515808,638.3,637.1,637.1,TSETMC
2017-11-08,1396/08/17,1396,8,17,tile_ceramic,کاشی و سرامیک,57616105980228781,2074.4,2061.2,2070.2,TSETMC
2017-11-11,1396/08/20,1396,8,20,cement,سیمان، آهک و گچ,70077233737515808,637.2,637.0,637.0,TSETMC
2017-11-11,1396/08/20,1396,8,20,tile_ceramic,کاشی و سرامیک,57616105980228781,2069.5,2058.8,2058.8,TSETMC
2017-11-12,1396/08/21,1396,8,21,cement,سیمان، آهک و گچ,70077233737515808,637.0,635.8,635.8,TSETMC
2017-11-12,1396/08/21,1396,8,21,tile_ceramic,کاشی و سرامیک,57616105980228781,2059.9,2052.2,2052.2,TSETMC
2017-11-13,1396/08/22,1396,8,22,cement,سیمان، آهک و گچ,70077233737515808,637.0,636.0,637.0,TSETMC
2017-11-13,1396/08/22,1396,8,22,tile_ceramic,کاشی و سرامیک,57616105980228781,2059.1,2051.2,2051.3,TSETMC
2017-11-14,1396/08/23,1396,8,23,cement,سیمان، آهک و گچ,70077233737515808,641.6,637.4,641.6,TSETMC
2017-11-14,1396/08/23,1396,8,23,tile_ceramic,کاشی و سرامیک,57616105980228781,2063.2,2043.7,2061.7,TSETMC
2017-11-15,1396/08/24,1396,8,24,cement,سیمان، آهک و گچ,70077233737515808,653.5,645.7,653.5,TSETMC
2017-11-15,1396/08/24,1396,8,24,tile_ceramic,کاشی و سرامیک,57616105980228781,2082.1,2070.4,2076.3,TSETMC
2017-11-18,1396/08/27,1396,8,27,cement,سیمان، آهک و گچ,70077233737515808,656.1,654.2,654.2,TSETMC
2017-11-18,1396/08/27,1396,8,27,tile_ceramic,کاشی و سرامیک,57616105980228781,2084.6,2068.6,2068.6,TSETMC
2017-11-20,1396/08/29,1396,8,29,cement,سیمان، آهک و گچ,70077233737515808,655.1,650.0,650.0,TSETMC
2017-11-20,1396/08/29,1396,8,29,tile_ceramic,کاشی و سرامیک,57616105980228781,2085.6,2074.7,2074.6,TSETMC
2017-11-21,1396/08/30,1396,8,30,cement,سیمان، آهک و گچ,70077233737515808,650.1,644.5,644.5,TSETMC
2017-11-21,1396/08/30,1396,8,30,tile_ceramic,کاشی و سرامیک,57616105980228781,2109.9,2103.1,2103.1,TSETMC
2017-11-22,1396/09/01,1396,9,1,cement,سیمان، آهک و گچ,70077233737515808,644.5,639.4,639.4,TSETMC
2017-11-22,1396/09/01,1396,9,1,tile_ceramic,کاشی و سرامیک,57616105980228781,2119.7,2100.8,2100.8,TSETMC
2017-11-25,1396/09/04,1396,9,4,cement,سیمان، آهک و گچ,70077233737515808,639.8,639.3,639.3,TSETMC
2017-11-25,1396/09/04,1396,9,4,tile_ceramic,کاشی و سرامیک,57616105980228781,2122.6,2110.1,2121.6,TSETMC
2017-11-26,1396/09/05,1396,9,5,cement,سیمان، آهک و گچ,70077233737515808,639.8,638.9,638.9,TSETMC
2017-11-26,1396/09/05,1396,9,5,tile_ceramic,کاشی و سرامیک,57616105980228781,2135.6,2116.1,2116.1,TSETMC
2017-11-28,1396/09/07,1396,9,7,cement,سیمان، آهک و گچ,70077233737515808,638.9,637.2,637.2,TSETMC
2017-11-28,1396/09/07,1396,9,7,tile_ceramic,کاشی و سرامیک,57616105980228781,2138.7,2116.8,2116.8,TSETMC
2017-11-29,1396/09/08,1396,9,8,cement,سیمان، آهک و گچ,70077233737515808,637.2,636.2,636.2,TSETMC
2017-11-29,1396/09/08,1396,9,8,tile_ceramic,کاشی و سرامیک,57616105980228781,2136.7,2122.7,2122.8,TSETMC
2017-12-02,1396/09/11,1396,9,11,cement,سیمان، آهک و گچ,70077233737515808,636.1,634.2,634.2,TSETMC
2017-12-02,1396/09/11,1396,9,11,tile_ceramic,کاشی و سرامیک,57616105980228781,2184.6,2165.2,2183.9,TSETMC
2017-12-03,1396/09/12,1396,9,12,cement,سیمان، آهک و گچ,70077233737515808,633.7,632.6,632.6,TSETMC
2017-12-03,1396/09/12,1396,9,12,tile_ceramic,کاشی و سرامیک,57616105980228781,2204.3,2185.1,2185.1,TSETMC
2017-12-04,1396/09/13,1396,9,13,cement,سیمان، آهک و گچ,70077233737515808,632.6,630.8,630.8,TSETMC
2017-12-04,1396/09/13,1396,9,13,tile_ceramic,کاشی و سرامیک,57616105980228781,2179.4,2159.2,2159.2,TSETMC
2017-12-05,1396/09/14,1396,9,14,cement,سیمان، آهک و گچ,70077233737515808,630.8,627.8,627.8,TSETMC
2017-12-05,1396/09/14,1396,9,14,tile_ceramic,کاشی و سرامیک,57616105980228781,2170.7,2141.8,2141.8,TSETMC
2017-12-09,1396/09/18,1396,9,18,cement,سیمان، آهک و گچ,70077233737515808,628.0,627.4,627.8,TSETMC
2017-12-09,1396/09/18,1396,9,18,tile_ceramic,کاشی و سرامیک,57616105980228781,2141.6,2099.2,2099.2,TSETMC
2017-12-10,1396/09/19,1396,9,19,cement,سیمان، آهک و گچ,70077233737515808,628.8,627.8,628.7,TSETMC
2017-12-10,1396/09/19,1396,9,19,tile_ceramic,کاشی و سرامیک,57616105980228781,2108.9,2074.0,2108.9,TSETMC
2017-12-11,1396/09/20,1396,9,20,cement,سیمان، آهک و گچ,70077233737515808,628.9,626.4,626.4,TSETMC
2017-12-11,1396/09/20,1396,9,20,tile_ceramic,کاشی و سرامیک,57616105980228781,2132.4,2112.9,2115.6,TSETMC
2017-12-12,1396/09/21,1396,9,21,cement,سیمان، آهک و گچ,70077233737515808,626.8,626.3,626.6,TSETMC
2017-12-12,1396/09/21,1396,9,21,tile_ceramic,کاشی و سرامیک,57616105980228781,2139.1,2115.2,2115.2,TSETMC
2017-12-13,1396/09/22,1396,9,22,cement,سیمان، آهک و گچ,70077233737515808,626.5,625.6,625.6,TSETMC
2017-12-13,1396/09/22,1396,9,22,tile_ceramic,کاشی و سرامیک,57616105980228781,2096.6,2079.4,2079.4,TSETMC
2017-12-14,1396/09/23,1396,9,23,cement,سیمان، آهک و گچ,70077233737515808,625.6,625.6,625.6,TSETMC
2017-12-14,1396/09/23,1396,9,23,tile_ceramic,کاشی و سرامیک,57616105980228781,2079.4,2079.4,2079.4,TSETMC
2017-12-15,1396/09/24,1396,9,24,cement,سیمان، آهک و گچ,70077233737515808,625.6,625.6,625.6,TSETMC
2017-12-15,1396/09/24,1396,9,24,tile_ceramic,کاشی و سرامیک,57616105980228781,2079.4,2079.4,2079.4,TSETMC
2017-12-16,1396/09/25,1396,9,25,cement,سیمان، آهک و گچ,70077233737515808,625.5,621.9,621.9,TSETMC
2017-12-16,1396/09/25,1396,9,25,tile_ceramic,کاشی و سرامیک,57616105980228781,2091.0,2081.3,2090.7,TSETMC
2017-12-17,1396/09/26,1396,9,26,cement,سیمان، آهک و گچ,70077233737515808,622.0,621.4,621.4,TSETMC
2017-12-17,1396/09/26,1396,9,26,tile_ceramic,کاشی و سرامیک,57616105980228781,2094.5,2062.5,2062.5,TSETMC
2017-12-18,1396/09/27,1396,9,27,cement,سیمان، آهک و گچ,70077233737515808,618.2,616.5,616.5,TSETMC
2017-12-18,1396/09/27,1396,9,27,tile_ceramic,کاشی و سرامیک,57616105980228781,2064.6,2016.6,2016.6,TSETMC
2017-12-19,1396/09/28,1396,9,28,cement,سیمان، آهک و گچ,70077233737515808,624.9,616.5,624.9,TSETMC
2017-12-19,1396/09/28,1396,9,28,tile_ceramic,کاشی و سرامیک,57616105980228781,2033.1,2014.9,2033.1,TSETMC
2017-12-20,1396/09/29,1396,9,29,cement,سیمان، آهک و گچ,70077233737515808,627.0,625.6,626.2,TSETMC
2017-12-20,1396/09/29,1396,9,29,tile_ceramic,کاشی و سرامیک,57616105980228781,2047.3,2042.7,2042.8,TSETMC
2017-12-23,1396/10/02,1396,10,2,cement,سیمان، آهک و گچ,70077233737515808,627.1,626.4,626.8,TSETMC
2017-12-23,1396/10/02,1396,10,2,tile_ceramic,کاشی و سرامیک,57616105980228781,2054.4,2047.8,2048.3,TSETMC
2017-12-24,1396/10/03,1396,10,3,cement,سیمان، آهک و گچ,70077233737515808,626.9,625.0,625.0,TSETMC
2017-12-24,1396/10/03,1396,10,3,tile_ceramic,کاشی و سرامیک,57616105980228781,2046.0,2020.0,2020.0,TSETMC
2017-12-25,1396/10/04,1396,10,4,cement,سیمان، آهک و گچ,70077233737515808,625.2,623.2,623.5,TSETMC
2017-12-25,1396/10/04,1396,10,4,tile_ceramic,کاشی و سرامیک,57616105980228781,2019.9,1992.6,1992.6,TSETMC
2017-12-26,1396/10/05,1396,10,5,cement,سیمان، آهک و گچ,70077233737515808,623.5,621.2,621.2,TSETMC
2017-12-26,1396/10/05,1396,10,5,tile_ceramic,کاشی و سرامیک,57616105980228781,2014.5,2008.7,2008.7,TSETMC
2017-12-27,1396/10/06,1396,10,6,cement,سیمان، آهک و گچ,70077233737515808,621.3,620.8,621.0,TSETMC
2017-12-27,1396/10/06,1396,10,6,tile_ceramic,کاشی و سرامیک,57616105980228781,2036.2,2021.3,2028.8,TSETMC
2017-12-30,1396/10/09,1396,10,9,cement,سیمان، آهک و گچ,70077233737515808,621.3,617.1,617.1,TSETMC
2017-12-30,1396/10/09,1396,10,9,tile_ceramic,کاشی و سرامیک,57616105980228781,2014.6,1988.7,1989.3,TSETMC
2017-12-31,1396/10/10,1396,10,10,cement,سیمان، آهک و گچ,70077233737515808,616.8,604.2,604.2,TSETMC
2017-12-31,1396/10/10,1396,10,10,tile_ceramic,کاشی و سرامیک,57616105980228781,1981.5,1929.6,1939.7,TSETMC
2018-01-01,1396/10/11,1396,10,11,cement,سیمان، آهک و گچ,70077233737515808,604.0,603.6,603.6,TSETMC
2018-01-01,1396/10/11,1396,10,11,tile_ceramic,کاشی و سرامیک,57616105980228781,1929.9,1901.5,1928.0,TSETMC
2018-01-02,1396/10/12,1396,10,12,cement,سیمان، آهک و گچ,70077233737515808,603.6,596.9,597.0,TSETMC
2018-01-02,1396/10/12,1396,10,12,tile_ceramic,کاشی و سرامیک,57616105980228781,1923.3,1877.6,1877.6,TSETMC
2018-01-03,1396/10/13,1396,10,13,cement,سیمان، آهک و گچ,70077233737515808,596.9,594.1,594.1,TSETMC
2018-01-03,1396/10/13,1396,10,13,tile_ceramic,کاشی و سرامیک,57616105980228781,1876.6,1835.4,1835.7,TSETMC
2018-01-06,1396/10/16,1396,10,16,cement,سیمان، آهک و گچ,70077233737515808,596.1,594.2,596.1,TSETMC
2018-01-06,1396/10/16,1396,10,16,tile_ceramic,کاشی و سرامیک,57616105980228781,1841.4,1829.0,1840.1,TSETMC
2018-01-07,1396/10/17,1396,10,17,cement,سیمان، آهک و گچ,70077233737515808,603.5,596.1,603.5,TSETMC
2018-01-07,1396/10/17,1396,10,17,tile_ceramic,کاشی و سرامیک,57616105980228781,1892.0,1849.9,1892.0,TSETMC
2018-01-08,1396/10/18,1396,10,18,cement,سیمان، آهک و گچ,70077233737515808,605.0,603.6,605.0,TSETMC
2018-01-08,1396/10/18,1396,10,18,tile_ceramic,کاشی و سرامیک,57616105980228781,1924.2,1910.1,1918.0,TSETMC
2018-01-09,1396/10/19,1396,10,19,cement,سیمان، آهک و گچ,70077233737515808,605.1,603.8,603.8,TSETMC
2018-01-09,1396/10/19,1396,10,19,tile_ceramic,کاشی و سرامیک,57616105980228781,1917.9,1887.4,1887.4,TSETMC
2018-01-10,1396/10/20,1396,10,20,cement,سیمان، آهک و گچ,70077233737515808,603.7,601.2,601.3,TSETMC
2018-01-10,1396/10/20,1396,10,20,tile_ceramic,کاشی و سرامیک,57616105980228781,1887.4,1869.9,1869.9,TSETMC
2018-01-13,1396/10/23,1396,10,23,cement,سیمان، آهک و گچ,70077233737515808,601.6,601.3,601.6,TSETMC
2018-01-13,1396/10/23,1396,10,23,tile_ceramic,کاشی و سرامیک,57616105980228781,1876.4,1867.9,1867.9,TSETMC
2018-01-14,1396/10/24,1396,10,24,cement,سیمان، آهک و گچ,70077233737515808,601.5,600.8,600.8,TSETMC
2018-01-14,1396/10/24,1396,10,24,tile_ceramic,کاشی و سرامیک,57616105980228781,1867.8,1842.2,1842.2,TSETMC
2018-01-15,1396/10/25,1396,10,25,cement,سیمان، آهک و گچ,70077233737515808,600.8,596.7,597.0,TSETMC
2018-01-15,1396/10/25,1396,10,25,tile_ceramic,کاشی و سرامیک,57616105980228781,1842.2,1830.4,1830.4,TSETMC
2018-01-16,1396/10/26,1396,10,26,cement,سیمان، آهک و گچ,70077233737515808,597.0,594.5,594.5,TSETMC
2018-01-16,1396/10/26,1396,10,26,tile_ceramic,کاشی و سرامیک,57616105980228781,1850.1,1830.6,1839.4,TSETMC
2018-01-17,1396/10/27,1396,10,27,cement,سیمان، آهک و گچ,70077233737515808,594.5,589.4,589.4,TSETMC
2018-01-17,1396/10/27,1396,10,27,tile_ceramic,کاشی و سرامیک,57616105980228781,1839.3,1818.3,1818.8,TSETMC
2018-01-20,1396/10/30,1396,10,30,cement,سیمان، آهک و گچ,70077233737515808,589.5,587.0,587.0,TSETMC
2018-01-20,1396/10/30,1396,10,30,tile_ceramic,کاشی و سرامیک,57616105980228781,1819.6,1805.4,1805.4,TSETMC
2018-01-21,1396/11/01,1396,11,1,cement,سیمان، آهک و گچ,70077233737515808,587.6,585.2,585.2,TSETMC
2018-01-21,1396/11/01,1396,11,1,tile_ceramic,کاشی و سرامیک,57616105980228781,1825.0,1816.1,1816.4,TSETMC
2018-01-22,1396/11/02,1396,11,2,cement,سیمان، آهک و گچ,70077233737515808,585.4,583.9,583.9,TSETMC
2018-01-22,1396/11/02,1396,11,2,tile_ceramic,کاشی و سرامیک,57616105980228781,1816.8,1809.0,1810.9,TSETMC
2018-01-23,1396/11/03,1396,11,3,cement,سیمان، آهک و گچ,70077233737515808,583.9,582.5,582.5,TSETMC
2018-01-23,1396/11/03,1396,11,3,tile_ceramic,کاشی و سرامیک,57616105980228781,1818.4,1806.5,1818.4,TSETMC
2018-01-24,1396/11/04,1396,11,4,cement,سیمان، آهک و گچ,70077233737515808,588.5,582.8,588.5,TSETMC
2018-01-24,1396/11/04,1396,11,4,tile_ceramic,کاشی و سرامیک,57616105980228781,1832.3,1818.8,1832.3,TSETMC
2018-01-27,1396/11/07,1396,11,7,cement,سیمان، آهک و گچ,70077233737515808,590.2,588.4,588.4,TSETMC
2018-01-27,1396/11/07,1396,11,7,tile_ceramic,کاشی و سرامیک,57616105980228781,1825.6,1816.5,1816.5,TSETMC
2018-01-28,1396/11/08,1396,11,8,cement,سیمان، آهک و گچ,70077233737515808,588.5,583.6,583.6,TSETMC
2018-01-28,1396/11/08,1396,11,8,tile_ceramic,کاشی و سرامیک,57616105980228781,1821.8,1806.5,1806.5,TSETMC
2018-01-29,1396/11/09,1396,11,9,cement,سیمان، آهک و گچ,70077233737515808,583.6,580.7,580.7,TSETMC
2018-01-29,1396/11/09,1396,11,9,tile_ceramic,کاشی و سرامیک,57616105980228781,1806.9,1787.8,1787.8,TSETMC
2018-01-30,1396/11/10,1396,11,10,cement,سیمان، آهک و گچ,70077233737515808,580.8,580.3,580.8,TSETMC
2018-01-30,1396/11/10,1396,11,10,tile_ceramic,کاشی و سرامیک,57616105980228781,1787.9,1764.4,1771.6,TSETMC
2018-01-31,1396/11/11,1396,11,11,cement,سیمان، آهک و گچ,70077233737515808,580.8,579.3,579.8,TSETMC
2018-01-31,1396/11/11,1396,11,11,tile_ceramic,کاشی و سرامیک,57616105980228781,1793.4,1773.7,1793.4,TSETMC
2018-02-03,1396/11/14,1396,11,14,cement,سیمان، آهک و گچ,70077233737515808,580.0,578.7,578.8,TSETMC
2018-02-03,1396/11/14,1396,11,14,tile_ceramic,کاشی و سرامیک,57616105980228781,1798.0,1793.9,1796.7,TSETMC
2018-02-04,1396/11/15,1396,11,15,cement,سیمان، آهک و گچ,70077233737515808,579.0,578.6,578.6,TSETMC
2018-02-04,1396/11/15,1396,11,15,tile_ceramic,کاشی و سرامیک,57616105980228781,1797.1,1782.3,1782.3,TSETMC
2018-02-05,1396/11/16,1396,11,16,cement,سیمان، آهک و گچ,70077233737515808,579.1,578.7,578.7,TSETMC
2018-02-05,1396/11/16,1396,11,16,tile_ceramic,کاشی و سرامیک,57616105980228781,1785.4,1773.2,1779.0,TSETMC
2018-02-06,1396/11/17,1396,11,17,cement,سیمان، آهک و گچ,70077233737515808,580.2,579.2,580.2,TSETMC
2018-02-06,1396/11/17,1396,11,17,tile_ceramic,کاشی و سرامیک,57616105980228781,1782.2,1776.5,1782.2,TSETMC
2018-02-07,1396/11/18,1396,11,18,cement,سیمان، آهک و گچ,70077233737515808,581.4,580.2,581.4,TSETMC
2018-02-07,1396/11/18,1396,11,18,tile_ceramic,کاشی و سرامیک,57616105980228781,1798.7,1782.2,1798.6,TSETMC
2018-02-10,1396/11/21,1396,11,21,cement,سیمان، آهک و گچ,70077233737515808,583.4,581.4,583.4,TSETMC
2018-02-10,1396/11/21,1396,11,21,tile_ceramic,کاشی و سرامیک,57616105980228781,1798.6,1775.9,1775.9,TSETMC
2018-02-12,1396/11/23,1396,11,23,cement,سیمان، آهک و گچ,70077233737515808,585.9,583.4,585.9,TSETMC
2018-02-12,1396/11/23,1396,11,23,tile_ceramic,کاشی و سرامیک,57616105980228781,1801.0,1779.2,1799.8,TSETMC
2018-02-13,1396/11/24,1396,11,24,cement,سیمان، آهک و گچ,70077233737515808,586.8,585.5,586.8,TSETMC
2018-02-13,1396/11/24,1396,11,24,tile_ceramic,کاشی و سرامیک,57616105980228781,1809.3,1800.5,1802.0,TSETMC
2018-02-14,1396/11/25,1396,11,25,cement,سیمان، آهک و گچ,70077233737515808,587.3,586.8,587.2,TSETMC
2018-02-14,1396/11/25,1396,11,25,tile_ceramic,کاشی و سرامیک,57616105980228781,1803.9,1797.1,1801.0,TSETMC
2018-02-17,1396/11/28,1396,11,28,cement,سیمان، آهک و گچ,70077233737515808,587.2,586.7,586.9,TSETMC
2018-02-17,1396/11/28,1396,11,28,tile_ceramic,کاشی و سرامیک,57616105980228781,1800.7,1781.8,1781.8,TSETMC
2018-02-18,1396/11/29,1396,11,29,cement,سیمان، آهک و گچ,70077233737515808,586.6,586.6,586.6,TSETMC
2018-02-18,1396/11/29,1396,11,29,tile_ceramic,کاشی و سرامیک,57616105980228781,1776.1,1776.1,1776.1,TSETMC
2018-02-19,1396/11/30,1396,11,30,cement,سیمان، آهک و گچ,70077233737515808,586.9,585.4,585.4,TSETMC
2018-02-19,1396/11/30,1396,11,30,tile_ceramic,کاشی و سرامیک,57616105980228781,1799.7,1776.5,1779.7,TSETMC
2018-02-21,1396/12/02,1396,12,2,cement,سیمان، آهک و گچ,70077233737515808,585.3,583.7,583.7,TSETMC
2018-02-21,1396/12/02,1396,12,2,tile_ceramic,کاشی و سرامیک,57616105980228781,1797.6,1794.3,1794.7,TSETMC
2018-02-24,1396/12/05,1396,12,5,cement,سیمان، آهک و گچ,70077233737515808,583.7,582.3,582.3,TSETMC
2018-02-24,1396/12/05,1396,12,5,tile_ceramic,کاشی و سرامیک,57616105980228781,1794.7,1760.9,1760.9,TSETMC
2018-02-25,1396/12/06,1396,12,6,cement,سیمان، آهک و گچ,70077233737515808,582.3,581.0,581.0,TSETMC
2018-02-25,1396/12/06,1396,12,6,tile_ceramic,کاشی و سرامیک,57616105980228781,1766.5,1755.0,1762.1,TSETMC
2018-02-26,1396/12/07,1396,12,7,cement,سیمان، آهک و گچ,70077233737515808,581.3,580.8,581.3,TSETMC
2018-02-26,1396/12/07,1396,12,7,tile_ceramic,کاشی و سرامیک,57616105980228781,1762.2,1753.0,1753.0,TSETMC
2018-02-27,1396/12/08,1396,12,8,cement,سیمان، آهک و گچ,70077233737515808,581.8,580.4,580.4,TSETMC
2018-02-27,1396/12/08,1396,12,8,tile_ceramic,کاشی و سرامیک,57616105980228781,1757.2,1749.4,1749.4,TSETMC
2018-02-28,1396/12/09,1396,12,9,cement,سیمان، آهک و گچ,70077233737515808,580.5,578.1,578.1,TSETMC
2018-02-28,1396/12/09,1396,12,9,tile_ceramic,کاشی و سرامیک,57616105980228781,1748.1,1724.5,1724.5,TSETMC
2018-03-03,1396/12/12,1396,12,12,cement,سیمان، آهک و گچ,70077233737515808,589.0,579.6,589.0,TSETMC
2018-03-03,1396/12/12,1396,12,12,tile_ceramic,کاشی و سرامیک,57616105980228781,1736.4,1725.1,1730.7,TSETMC
2018-03-04,1396/12/13,1396,12,13,cement,سیمان، آهک و گچ,70077233737515808,589.7,586.8,586.8,TSETMC
2018-03-04,1396/12/13,1396,12,13,tile_ceramic,کاشی و سرامیک,57616105980228781,1731.5,1706.1,1706.1,TSETMC
2018-03-05,1396/12/14,1396,12,14,cement,سیمان، آهک و گچ,70077233737515808,586.3,582.8,582.8,TSETMC
2018-03-05,1396/12/14,1396,12,14,tile_ceramic,کاشی و سرامیک,57616105980228781,1713.3,1702.9,1712.0,TSETMC
2018-03-06,1396/12/15,1396,12,15,cement,سیمان، آهک و گچ,70077233737515808,583.2,582.0,582.0,TSETMC
2018-03-06,1396/12/15,1396,12,15,tile_ceramic,کاشی و سرامیک,57616105980228781,1711.6,1695.8,1695.8,TSETMC
2018-03-07,1396/12/16,1396,12,16,cement,سیمان، آهک و گچ,70077233737515808,582.4,581.5,581.5,TSETMC
2018-03-07,1396/12/16,1396,12,16,tile_ceramic,کاشی و سرامیک,57616105980228781,1695.9,1685.6,1685.6,TSETMC
2018-03-10,1396/12/19,1396,12,19,cement,سیمان، آهک و گچ,70077233737515808,581.6,580.2,580.2,TSETMC
2018-03-10,1396/12/19,1396,12,19,tile_ceramic,کاشی و سرامیک,57616105980228781,1682.4,1679.6,1682.4,TSETMC
2018-03-11,1396/12/20,1396,12,20,cement,سیمان، آهک و گچ,70077233737515808,580.2,577.8,578.6,TSETMC
2018-03-11,1396/12/20,1396,12,20,tile_ceramic,کاشی و سرامیک,57616105980228781,1686.8,1681.2,1686.8,TSETMC
2018-03-12,1396/12/21,1396,12,21,cement,سیمان، آهک و گچ,70077233737515808,578.6,577.8,578.2,TSETMC
2018-03-12,1396/12/21,1396,12,21,tile_ceramic,کاشی و سرامیک,57616105980228781,1692.6,1676.3,1676.5,TSETMC
2018-03-13,1396/12/22,1396,12,22,cement,سیمان، آهک و گچ,70077233737515808,579.7,578.1,579.3,TSETMC
2018-03-13,1396/12/22,1396,12,22,tile_ceramic,کاشی و سرامیک,57616105980228781,1695.6,1676.4,1691.7,TSETMC
2018-03-14,1396/12/23,1396,12,23,cement,سیمان، آهک و گچ,70077233737515808,580.3,579.9,580.0,TSETMC
2018-03-14,1396/12/23,1396,12,23,tile_ceramic,کاشی و سرامیک,57616105980228781,1692.2,1679.4,1681.1,TSETMC
2018-03-17,1396/12/26,1396,12,26,cement,سیمان، آهک و گچ,70077233737515808,580.6,579.8,580.6,TSETMC
2018-03-17,1396/12/26,1396,12,26,tile_ceramic,کاشی و سرامیک,57616105980228781,1685.3,1678.1,1682.1,TSETMC
2018-03-18,1396/12/27,1396,12,27,cement,سیمان، آهک و گچ,70077233737515808,584.6,580.7,584.6,TSETMC
2018-03-18,1396/12/27,1396,12,27,tile_ceramic,کاشی و سرامیک,57616105980228781,1687.1,1680.4,1687.1,TSETMC
2018-03-19,1396/12/28,1396,12,28,cement,سیمان، آهک و گچ,70077233737515808,586.8,584.6,586.8,TSETMC
2018-03-19,1396/12/28,1396,12,28,tile_ceramic,کاشی و سرامیک,57616105980228781,1694.7,1690.4,1693.3,TSETMC
2018-03-25,1397/01/05,1397,1,5,cement,سیمان، آهک و گچ,70077233737515808,586.8,586.5,586.6,TSETMC
2018-03-25,1397/01/05,1397,1,5,tile_ceramic,کاشی و سرامیک,57616105980228781,1702.6,1693.2,1702.6,TSETMC
2018-03-26,1397/01/06,1397,1,6,cement,سیمان، آهک و گچ,70077233737515808,586.6,585.7,585.7,TSETMC
2018-03-26,1397/01/06,1397,1,6,tile_ceramic,کاشی و سرامیک,57616105980228781,1719.0,1704.9,1719.0,TSETMC
2018-03-27,1397/01/07,1397,1,7,cement,سیمان، آهک و گچ,70077233737515808,585.7,585.2,585.7,TSETMC
2018-03-27,1397/01/07,1397,1,7,tile_ceramic,کاشی و سرامیک,57616105980228781,1773.5,1731.9,1773.5,TSETMC
2018-03-28,1397/01/08,1397,1,8,cement,سیمان، آهک و گچ,70077233737515808,586.3,585.3,586.3,TSETMC
2018-03-28,1397/01/08,1397,1,8,tile_ceramic,کاشی و سرامیک,57616105980228781,1779.6,1761.5,1764.4,TSETMC
2018-04-03,1397/01/14,1397,1,14,cement,سیمان، آهک و گچ,70077233737515808,587.0,586.3,587.0,TSETMC
2018-04-03,1397/01/14,1397,1,14,tile_ceramic,کاشی و سرامیک,57616105980228781,1784.4,1774.2,1779.4,TSETMC
2018-04-04,1397/01/15,1397,1,15,cement,سیمان، آهک و گچ,70077233737515808,587.6,586.9,587.5,TSETMC
2018-04-04,1397/01/15,1397,1,15,tile_ceramic,کاشی و سرامیک,57616105980228781,1792.4,1775.1,1792.4,TSETMC
2018-04-07,1397/01/18,1397,1,18,cement,سیمان، آهک و گچ,70077233737515808,587.5,586.6,586.6,TSETMC
2018-04-07,1397/01/18,1397,1,18,tile_ceramic,کاشی و سرامیک,57616105980228781,1840.1,1820.1,1839.3,TSETMC
2018-04-08,1397/01/19,1397,1,19,cement,سیمان، آهک و گچ,70077233737515808,586.6,583.1,583.1,TSETMC
2018-04-08,1397/01/19,1397,1,19,tile_ceramic,کاشی و سرامیک,57616105980228781,1840.4,1817.2,1817.2,TSETMC
2018-04-09,1397/01/20,1397,1,20,cement,سیمان، آهک و گچ,70077233737515808,583.1,574.8,574.9,TSETMC
2018-04-09,1397/01/20,1397,1,20,tile_ceramic,کاشی و سرامیک,57616105980228781,1805.9,1770.3,1770.3,TSETMC
2018-04-10,1397/01/21,1397,1,21,cement,سیمان، آهک و گچ,70077233737515808,575.4,574.8,575.4,TSETMC
2018-04-10,1397/01/21,1397,1,21,tile_ceramic,کاشی و سرامیک,57616105980228781,1786.2,1767.5,1786.2,TSETMC
2018-04-11,1397/01/22,1397,1,22,cement,سیمان، آهک و گچ,70077233737515808,575.3,572.1,572.1,TSETMC
2018-04-11,1397/01/22,1397,1,22,tile_ceramic,کاشی و سرامیک,57616105980228781,1793.8,1751.9,1751.9,TSETMC
2018-04-15,1397/01/26,1397,1,26,cement,سیمان، آهک و گچ,70077233737515808,572.1,570.8,570.8,TSETMC
2018-04-15,1397/01/26,1397,1,26,tile_ceramic,کاشی و سرامیک,57616105980228781,1760.0,1750.5,1760.0,TSETMC
2018-04-16,1397/01/27,1397,1,27,cement,سیمان، آهک و گچ,70077233737515808,570.7,569.5,569.5,TSETMC
2018-04-16,1397/01/27,1397,1,27,tile_ceramic,کاشی و سرامیک,57616105980228781,1781.1,1759.1,1781.1,TSETMC
2018-04-17,1397/01/28,1397,1,28,cement,سیمان، آهک و گچ,70077233737515808,569.7,569.4,569.4,TSETMC
2018-04-17,1397/01/28,1397,1,28,tile_ceramic,کاشی و سرامیک,57616105980228781,1799.3,1793.1,1793.2,TSETMC
2018-04-18,1397/01/29,1397,1,29,cement,سیمان، آهک و گچ,70077233737515808,569.4,567.6,567.6,TSETMC
2018-04-18,1397/01/29,1397,1,29,tile_ceramic,کاشی و سرامیک,57616105980228781,1792.0,1767.4,1790.9,TSETMC
2018-04-21,1397/02/01,1397,2,1,cement,سیمان، آهک و گچ,70077233737515808,567.6,566.6,566.6,TSETMC
2018-04-21,1397/02/01,1397,2,1,tile_ceramic,کاشی و سرامیک,57616105980228781,1811.8,1795.4,1803.3,TSETMC
2018-04-22,1397/02/02,1397,2,2,cement,سیمان، آهک و گچ,70077233737515808,566.6,564.3,564.3,TSETMC
2018-04-22,1397/02/02,1397,2,2,tile_ceramic,کاشی و سرامیک,57616105980228781,1803.3,1794.1,1800.4,TSETMC
2018-04-23,1397/02/03,1397,2,3,cement,سیمان، آهک و گچ,70077233737515808,564.2,563.1,563.1,TSETMC
2018-04-23,1397/02/03,1397,2,3,tile_ceramic,کاشی و سرامیک,57616105980228781,1806.8,1796.4,1796.4,TSETMC
2018-04-24,1397/02/04,1397,2,4,cement,سیمان، آهک و گچ,70077233737515808,563.7,563.1,563.3,TSETMC
2018-04-24,1397/02/04,1397,2,4,tile_ceramic,کاشی و سرامیک,57616105980228781,1805.5,1788.9,1805.3,TSETMC
2018-04-25,1397/02/05,1397,2,5,cement,سیمان، آهک و گچ,70077233737515808,563.8,563.3,563.3,TSETMC
2018-04-25,1397/02/05,1397,2,5,tile_ceramic,کاشی و سرامیک,57616105980228781,1818.7,1806.1,1813.6,TSETMC
2018-04-28,1397/02/08,1397,2,8,cement,سیمان، آهک و گچ,70077233737515808,563.4,561.8,561.8,TSETMC
2018-04-28,1397/02/08,1397,2,8,tile_ceramic,کاشی و سرامیک,57616105980228781,1814.4,1785.4,1785.4,TSETMC
2018-04-29,1397/02/09,1397,2,9,cement,سیمان، آهک و گچ,70077233737515808,561.8,559.9,559.9,TSETMC
2018-04-29,1397/02/09,1397,2,9,tile_ceramic,کاشی و سرامیک,57616105980228781,1789.8,1766.0,1771.1,TSETMC
2018-04-30,1397/02/10,1397,2,10,cement,سیمان، آهک و گچ,70077233737515808,559.9,558.9,558.9,TSETMC
2018-04-30,1397/02/10,1397,2,10,tile_ceramic,کاشی و سرامیک,57616105980228781,1784.9,1771.1,1784.0,TSETMC
2018-05-01,1397/02/11,1397,2,11,cement,سیمان، آهک و گچ,70077233737515808,558.9,558.0,558.0,TSETMC
2018-05-01,1397/02/11,1397,2,11,tile_ceramic,کاشی و سرامیک,57616105980228781,1795.1,1784.4,1794.1,TSETMC
2018-05-05,1397/02/15,1397,2,15,cement,سیمان، آهک و گچ,70077233737515808,557.7,555.8,555.8,TSETMC
2018-05-05,1397/02/15,1397,2,15,tile_ceramic,کاشی و سرامیک,57616105980228781,1811.8,1787.0,1811.8,TSETMC
2018-05-06,1397/02/16,1397,2,16,cement,سیمان، آهک و گچ,70077233737515808,555.8,553.6,553.6,TSETMC
2018-05-06,1397/02/16,1397,2,16,tile_ceramic,کاشی و سرامیک,57616105980228781,1825.1,1811.7,1812.2,TSETMC
2018-05-07,1397/02/17,1397,2,17,cement,سیمان، آهک و گچ,70077233737515808,554.5,553.3,554.5,TSETMC
2018-05-07,1397/02/17,1397,2,17,tile_ceramic,کاشی و سرامیک,57616105980228781,1832.0,1813.6,1832.0,TSETMC
2018-05-08,1397/02/18,1397,2,18,cement,سیمان، آهک و گچ,70077233737515808,554.4,553.5,554.4,TSETMC
2018-05-08,1397/02/18,1397,2,18,tile_ceramic,کاشی و سرامیک,57616105980228781,1861.2,1832.2,1860.4,TSETMC
2018-05-09,1397/02/19,1397,2,19,cement,سیمان، آهک و گچ,70077233737515808,554.3,552.4,552.4,TSETMC
2018-05-09,1397/02/19,1397,2,19,tile_ceramic,کاشی و سرامیک,57616105980228781,1859.8,1809.7,1809.7,TSETMC
2018-05-12,1397/02/22,1397,2,22,cement,سیمان، آهک و گچ,70077233737515808,553.9,552.1,553.9,TSETMC
2018-05-12,1397/02/22,1397,2,22,tile_ceramic,کاشی و سرامیک,57616105980228781,1826.8,1805.5,1826.8,TSETMC
2018-05-13,1397/02/23,1397,2,23,cement,سیمان، آهک و گچ,70077233737515808,563.4,554.5,563.4,TSETMC
2018-05-13,1397/02/23,1397,2,23,tile_ceramic,کاشی و سرامیک,57616105980228781,1883.8,1826.5,1879.0,TSETMC
2018-05-14,1397/02/24,1397,2,24,cement,سیمان، آهک و گچ,70077233737515808,570.4,565.2,570.4,TSETMC
2018-05-14,1397/02/24,1397,2,24,tile_ceramic,کاشی و سرامیک,57616105980228781,1902.0,1879.1,1902.0,TSETMC
2018-05-15,1397/02/25,1397,2,25,cement,سیمان، آهک و گچ,70077233737515808,577.5,568.9,574.4,TSETMC
2018-05-15,1397/02/25,1397,2,25,tile_ceramic,کاشی و سرامیک,57616105980228781,1946.2,1902.2,1942.7,TSETMC
2018-05-16,1397/02/26,1397,2,26,cement,سیمان، آهک و گچ,70077233737515808,573.9,569.9,570.5,TSETMC
2018-05-16,1397/02/26,1397,2,26,tile_ceramic,کاشی و سرامیک,57616105980228781,1977.8,1964.0,1964.0,TSETMC
2018-05-19,1397/02/29,1397,2,29,cement,سیمان، آهک و گچ,70077233737515808,580.7,571.8,579.2,TSETMC
2018-05-19,1397/02/29,1397,2,29,tile_ceramic,کاشی و سرامیک,57616105980228781,2019.5,1994.1,2012.2,TSETMC
2018-05-20,1397/02/30,1397,2,30,cement,سیمان، آهک و گچ,70077233737515808,581.0,579.4,579.5,TSETMC
2018-05-20,1397/02/30,1397,2,30,tile_ceramic,کاشی و سرامیک,57616105980228781,2035.5,2004.6,2004.6,TSETMC
2018-05-21,1397/02/31,1397,2,31,cement,سیمان، آهک و گچ,70077233737515808,580.1,577.1,577.1,TSETMC
2018-05-21,1397/02/31,1397,2,31,tile_ceramic,کاشی و سرامیک,57616105980228781,2046.2,2027.8,2046.2,TSETMC
2018-05-22,1397/03/01,1397,3,1,cement,سیمان، آهک و گچ,70077233737515808,577.5,574.0,574.0,TSETMC
2018-05-22,1397/03/01,1397,3,1,tile_ceramic,کاشی و سرامیک,57616105980228781,2064.6,2050.8,2060.7,TSETMC
2018-05-23,1397/03/02,1397,3,2,cement,سیمان، آهک و گچ,70077233737515808,574.0,571.2,571.2,TSETMC
2018-05-23,1397/03/02,1397,3,2,tile_ceramic,کاشی و سرامیک,57616105980228781,2080.1,2059.6,2079.2,TSETMC
2018-05-26,1397/03/05,1397,3,5,cement,سیمان، آهک و گچ,70077233737515808,571.4,570.2,570.8,TSETMC
2018-05-26,1397/03/05,1397,3,5,tile_ceramic,کاشی و سرامیک,57616105980228781,2085.3,2063.0,2063.0,TSETMC
2018-05-27,1397/03/06,1397,3,6,cement,سیمان، آهک و گچ,70077233737515808,570.8,570.2,570.2,TSETMC
2018-05-27,1397/03/06,1397,3,6,tile_ceramic,کاشی و سرامیک,57616105980228781,2075.5,2051.1,2051.1,TSETMC
2018-05-28,1397/03/07,1397,3,7,cement,سیمان، آهک و گچ,70077233737515808,570.3,568.4,568.4,TSETMC
2018-05-28,1397/03/07,1397,3,7,tile_ceramic,کاشی و سرامیک,57616105980228781,2049.3,2006.3,2006.3,TSETMC
2018-05-29,1397/03/08,1397,3,8,cement,سیمان، آهک و گچ,70077233737515808,568.4,564.5,564.5,TSETMC
2018-05-29,1397/03/08,1397,3,8,tile_ceramic,کاشی و سرامیک,57616105980228781,2002.4,1998.8,1999.9,TSETMC
2018-05-30,1397/03/09,1397,3,9,cement,سیمان، آهک و گچ,70077233737515808,565.4,564.5,565.2,TSETMC
2018-05-30,1397/03/09,1397,3,9,tile_ceramic,کاشی و سرامیک,57616105980228781,1998.4,1990.6,1990.6,TSETMC
2018-06-02,1397/03/12,1397,3,12,cement,سیمان، آهک و گچ,70077233737515808,575.2,565.5,575.2,TSETMC
2018-06-02,1397/03/12,1397,3,12,tile_ceramic,کاشی و سرامیک,57616105980228781,1993.7,1963.4,1977.4,TSETMC
2018-06-03,1397/03/13,1397,3,13,cement,سیمان، آهک و گچ,70077233737515808,581.7,578.6,581.7,TSETMC
2018-06-03,1397/03/13,1397,3,13,tile_ceramic,کاشی و سرامیک,57616105980228781,2012.0,1977.5,2001.7,TSETMC
2018-06-09,1397/03/19,1397,3,19,cement,سیمان، آهک و گچ,70077233737515808,593.4,582.7,593.4,TSETMC
2018-06-09,1397/03/19,1397,3,19,tile_ceramic,کاشی و سرامیک,57616105980228781,2025.9,1982.0,2025.9,TSETMC
2018-06-10,1397/03/20,1397,3,20,cement,سیمان، آهک و گچ,70077233737515808,598.7,594.7,597.9,TSETMC
2018-06-10,1397/03/20,1397,3,20,tile_ceramic,کاشی و سرامیک,57616105980228781,2057.5,2026.9,2057.5,TSETMC
2018-06-11,1397/03/21,1397,3,21,cement,سیمان، آهک و گچ,70077233737515808,597.9,592.9,592.9,TSETMC
2018-06-11,1397/03/21,1397,3,21,tile_ceramic,کاشی و سرامیک,57616105980228781,2071.9,2059.2,2071.9,TSETMC
2018-06-12,1397/03/22,1397,3,22,cement,سیمان، آهک و گچ,70077233737515808,596.6,592.7,596.2,TSETMC
2018-06-12,1397/03/22,1397,3,22,tile_ceramic,کاشی و سرامیک,57616105980228781,2082.9,2068.0,2068.0,TSETMC
2018-06-13,1397/03/23,1397,3,23,cement,سیمان، آهک و گچ,70077233737515808,605.1,596.2,605.1,TSETMC
2018-06-13,1397/03/23,1397,3,23,tile_ceramic,کاشی و سرامیک,57616105980228781,2079.9,2062.9,2064.9,TSETMC
2018-06-17,1397/03/27,1397,3,27,cement,سیمان، آهک و گچ,70077233737515808,614.6,605.7,613.6,TSETMC
2018-06-17,1397/03/27,1397,3,27,tile_ceramic,کاشی و سرامیک,57616105980228781,2059.1,2027.3,2029.4,TSETMC
2018-06-18,1397/03/28,1397,3,28,cement,سیمان، آهک و گچ,70077233737515808,617.6,610.9,610.9,TSETMC
2018-06-18,1397/03/28,1397,3,28,tile_ceramic,کاشی و سرامیک,57616105980228781,2042.4,2005.6,2005.6,TSETMC
2018-06-19,1397/03/29,1397,3,29,cement,سیمان، آهک و گچ,70077233737515808,611.4,604.0,604.0,TSETMC
2018-06-19,1397/03/29,1397,3,29,tile_ceramic,کاشی و سرامیک,57616105980228781,2027.0,2007.9,2014.7,TSETMC
2018-06-20,1397/03/30,1397,3,30,cement,سیمان، آهک و گچ,70077233737515808,607.9,603.5,607.8,TSETMC
2018-06-20,1397/03/30,1397,3,30,tile_ceramic,کاشی و سرامیک,57616105980228781,2025.1,2013.6,2019.5,TSETMC
2018-06-23,1397/04/02,1397,4,2,cement,سیمان، آهک و گچ,70077233737515808,619.2,608.7,619.2,TSETMC
2018-06-23,1397/04/02,1397,4,2,tile_ceramic,کاشی و سرامیک,57616105980228781,2082.3,2038.7,2082.3,TSETMC
2018-06-24,1397/04/03,1397,4,3,cement,سیمان، آهک و گچ,70077233737515808,630.0,621.2,630.0,TSETMC
2018-06-24,1397/04/03,1397,4,3,tile_ceramic,کاشی و سرامیک,57616105980228781,2128.9,2083.5,2128.9,TSETMC
2018-06-25,1397/04/04,1397,4,4,cement,سیمان، آهک و گچ,70077233737515808,630.6,624.6,624.6,TSETMC
2018-06-25,1397/04/04,1397,4,4,tile_ceramic,کاشی و سرامیک,57616105980228781,2149.5,2125.8,2146.3,TSETMC
2018-06-26,1397/04/05,1397,4,5,cement,سیمان، آهک و گچ,70077233737515808,624.6,616.3,616.3,TSETMC
2018-06-26,1397/04/05,1397,4,5,tile_ceramic,کاشی و سرامیک,57616105980228781,2155.3,2131.1,2138.8,TSETMC
2018-06-27,1397/04/06,1397,4,6,cement,سیمان، آهک و گچ,70077233737515808,616.3,606.8,606.8,TSETMC
2018-06-27,1397/04/06,1397,4,6,tile_ceramic,کاشی و سرامیک,57616105980228781,2156.5,2127.7,2127.7,TSETMC
2018-06-30,1397/04/09,1397,4,9,cement,سیمان، آهک و گچ,70077233737515808,606.8,606.3,606.6,TSETMC
2018-06-30,1397/04/09,1397,4,9,tile_ceramic,کاشی و سرامیک,57616105980228781,2163.2,2149.6,2152.9,TSETMC
2018-07-01,1397/04/10,1397,4,10,cement,سیمان، آهک و گچ,70077233737515808,606.6,601.0,601.0,TSETMC
2018-07-01,1397/04/10,1397,4,10,tile_ceramic,کاشی و سرامیک,57616105980228781,2160.5,2132.5,2132.5,TSETMC
2018-07-02,1397/04/11,1397,4,11,cement,سیمان، آهک و گچ,70077233737515808,602.0,601.0,602.0,TSETMC
2018-07-02,1397/04/11,1397,4,11,tile_ceramic,کاشی و سرامیک,57616105980228781,2157.5,2135.1,2144.0,TSETMC
2018-07-03,1397/04/12,1397,4,12,cement,سیمان، آهک و گچ,70077233737515808,603.1,601.8,602.8,TSETMC
2018-07-03,1397/04/12,1397,4,12,tile_ceramic,کاشی و سرامیک,57616105980228781,2144.0,2108.8,2108.8,TSETMC
2018-07-04,1397/04/13,1397,4,13,cement,سیمان، آهک و گچ,70077233737515808,602.8,598.0,598.0,TSETMC
2018-07-04,1397/04/13,1397,4,13,tile_ceramic,کاشی و سرامیک,57616105980228781,2108.9,2046.5,2046.5,TSETMC
2018-07-07,1397/04/16,1397,4,16,cement,سیمان، آهک و گچ,70077233737515808,598.2,597.6,597.8,TSETMC
2018-07-07,1397/04/16,1397,4,16,tile_ceramic,کاشی و سرامیک,57616105980228781,2076.8,2046.7,2069.8,TSETMC
2018-07-08,1397/04/17,1397,4,17,cement,سیمان، آهک و گچ,70077233737515808,597.8,594.4,594.4,TSETMC
2018-07-08,1397/04/17,1397,4,17,tile_ceramic,کاشی و سرامیک,57616105980228781,2097.1,2069.7,2095.4,TSETMC
2018-07-10,1397/04/19,1397,4,19,cement,سیمان، آهک و گچ,70077233737515808,594.7,594.2,594.6,TSETMC
2018-07-10,1397/04/19,1397,4,19,tile_ceramic,کاشی و سرامیک,57616105980228781,2103.7,2094.3,2094.3,TSETMC
2018-07-11,1397/04/20,1397,4,20,cement,سیمان، آهک و گچ,70077233737515808,602.4,591.1,591.1,TSETMC
2018-07-11,1397/04/20,1397,4,20,tile_ceramic,کاشی و سرامیک,57616105980228781,2094.0,2076.3,2076.3,TSETMC
2018-07-14,1397/04/23,1397,4,23,cement,سیمان، آهک و گچ,70077233737515808,598.5,591.2,598.2,TSETMC
2018-07-14,1397/04/23,1397,4,23,tile_ceramic,کاشی و سرامیک,57616105980228781,2076.0,2073.1,2073.2,TSETMC
2018-07-15,1397/04/24,1397,4,24,cement,سیمان، آهک و گچ,70077233737515808,604.0,598.3,604.0,TSETMC
2018-07-15,1397/04/24,1397,4,24,tile_ceramic,کاشی و سرامیک,57616105980228781,2073.9,2070.7,2072.2,TSETMC
2018-07-16,1397/04/25,1397,4,25,cement,سیمان، آهک و گچ,70077233737515808,607.3,605.1,607.1,TSETMC
2018-07-16,1397/04/25,1397,4,25,tile_ceramic,کاشی و سرامیک,57616105980228781,2078.9,2072.2,2078.2,TSETMC
2018-07-17,1397/04/26,1397,4,26,cement,سیمان، آهک و گچ,70077233737515808,607.7,604.8,604.8,TSETMC
2018-07-17,1397/04/26,1397,4,26,tile_ceramic,کاشی و سرامیک,57616105980228781,2098.5,2076.9,2090.8,TSETMC
2018-07-18,1397/04/27,1397,4,27,cement,سیمان، آهک و گچ,70077233737515808,605.0,602.3,602.3,TSETMC
2018-07-18,1397/04/27,1397,4,27,tile_ceramic,کاشی و سرامیک,57616105980228781,2093.7,2040.4,2040.4,TSETMC
2018-07-21,1397/04/30,1397,4,30,cement,سیمان، آهک و گچ,70077233737515808,603.9,602.7,603.8,TSETMC
2018-07-21,1397/04/30,1397,4,30,tile_ceramic,کاشی و سرامیک,57616105980228781,2054.3,2043.4,2050.0,TSETMC
2018-07-22,1397/04/31,1397,4,31,cement,سیمان، آهک و گچ,70077233737515808,604.5,603.5,603.5,TSETMC
2018-07-22,1397/04/31,1397,4,31,tile_ceramic,کاشی و سرامیک,57616105980228781,2045.1,2024.0,2024.0,TSETMC
2018-07-23,1397/05/01,1397,5,1,cement,سیمان، آهک و گچ,70077233737515808,605.2,602.6,602.6,TSETMC
2018-07-23,1397/05/01,1397,5,1,tile_ceramic,کاشی و سرامیک,57616105980228781,2021.4,1968.6,1968.6,TSETMC
2018-07-24,1397/05/02,1397,5,2,cement,سیمان، آهک و گچ,70077233737515808,617.0,603.1,617.0,TSETMC
2018-07-24,1397/05/02,1397,5,2,tile_ceramic,کاشی و سرامیک,57616105980228781,1967.3,1918.3,1918.3,TSETMC
2018-07-25,1397/05/03,1397,5,3,cement,سیمان، آهک و گچ,70077233737515808,630.0,621.8,629.4,TSETMC
2018-07-25,1397/05/03,1397,5,3,tile_ceramic,کاشی و سرامیک,57616105980228781,1913.9,1884.0,1891.7,TSETMC
2018-07-26,1397/05/04,1397,5,4,cement,سیمان، آهک و گچ,70077233737515808,629.4,629.4,629.4,TSETMC
2018-07-26,1397/05/04,1397,5,4,tile_ceramic,کاشی و سرامیک,57616105980228781,1891.7,1891.7,1891.7,TSETMC
2018-07-27,1397/05/05,1397,5,5,cement,سیمان، آهک و گچ,70077233737515808,629.4,629.4,629.4,TSETMC
2018-07-27,1397/05/05,1397,5,5,tile_ceramic,کاشی و سرامیک,57616105980228781,1891.7,1891.7,1891.7,TSETMC
2018-07-28,1397/05/06,1397,5,6,cement,سیمان، آهک و گچ,70077233737515808,629.2,619.1,619.2,TSETMC
2018-07-28,1397/05/06,1397,5,6,tile_ceramic,کاشی و سرامیک,57616105980228781,1910.6,1891.6,1906.5,TSETMC
2018-07-29,1397/05/07,1397,5,7,cement,سیمان، آهک و گچ,70077233737515808,618.7,615.7,615.7,TSETMC
2018-07-29,1397/05/07,1397,5,7,tile_ceramic,کاشی و سرامیک,57616105980228781,1925.0,1892.6,1892.6,TSETMC
2018-07-30,1397/05/08,1397,5,8,cement,سیمان، آهک و گچ,70077233737515808,622.1,615.1,622.1,TSETMC
2018-07-30,1397/05/08,1397,5,8,tile_ceramic,کاشی و سرامیک,57616105980228781,1899.9,1846.2,1862.3,TSETMC
2018-07-31,1397/05/09,1397,5,9,cement,سیمان، آهک و گچ,70077233737515808,633.3,625.6,633.1,TSETMC
2018-07-31,1397/05/09,1397,5,9,tile_ceramic,کاشی و سرامیک,57616105980228781,1865.3,1845.4,1865.3,TSETMC
2018-08-01,1397/05/10,1397,5,10,cement,سیمان، آهک و گچ,70077233737515808,641.2,634.8,634.8,TSETMC
2018-08-01,1397/05/10,1397,5,10,tile_ceramic,کاشی و سرامیک,57616105980228781,1892.1,1886.1,1886.1,TSETMC
2018-08-04,1397/05/13,1397,5,13,cement,سیمان، آهک و گچ,70077233737515808,634.6,623.1,623.1,TSETMC
2018-08-04,1397/05/13,1397,5,13,tile_ceramic,کاشی و سرامیک,57616105980228781,1895.5,1877.5,1877.5,TSETMC
2018-08-05,1397/05/14,1397,5,14,cement,سیمان، آهک و گچ,70077233737515808,622.8,617.8,617.8,TSETMC
2018-08-05,1397/05/14,1397,5,14,tile_ceramic,کاشی و سرامیک,57616105980228781,1890.7,1859.9,1860.2,TSETMC
2018-08-06,1397/05/15,1397,5,15,cement,سیمان، آهک و گچ,70077233737515808,619.7,618.0,618.2,TSETMC
2018-08-06,1397/05/15,1397,5,15,tile_ceramic,کاشی و سرامیک,57616105980228781,1888.8,1870.2,1870.2,TSETMC
2018-08-07,1397/05/16,1397,5,16,cement,سیمان، آهک و گچ,70077233737515808,624.4,618.4,624.3,TSETMC
2018-08-07,1397/05/16,1397,5,16,tile_ceramic,کاشی و سرامیک,57616105980228781,1884.7,1869.0,1880.8,TSETMC
2018-08-08,1397/05/17,1397,5,17,cement,سیمان، آهک و گچ,70077233737515808,626.5,621.9,622.8,TSETMC
2018-08-08,1397/05/17,1397,5,17,tile_ceramic,کاشی و سرامیک,57616105980228781,1909.7,1886.9,1893.8,TSETMC
2018-08-11,1397/05/20,1397,5,20,cement,سیمان، آهک و گچ,70077233737515808,623.7,621.4,621.4,TSETMC
2018-08-11,1397/05/20,1397,5,20,tile_ceramic,کاشی و سرامیک,57616105980228781,1894.3,1872.0,1890.5,TSETMC
2018-08-12,1397/05/21,1397,5,21,cement,سیمان، آهک و گچ,70077233737515808,621.4,617.8,617.8,TSETMC
2018-08-12,1397/05/21,1397,5,21,tile_ceramic,کاشی و سرامیک,57616105980228781,1890.3,1879.8,1883.4,TSETMC
2018-08-13,1397/05/22,1397,5,22,cement,سیمان، آهک و گچ,70077233737515808,622.4,617.7,622.1,TSETMC
2018-08-13,1397/05/22,1397,5,22,tile_ceramic,کاشی و سرامیک,57616105980228781,1932.2,1910.8,1913.7,TSETMC
2018-08-14,1397/05/23,1397,5,23,cement,سیمان، آهک و گچ,70077233737515808,623.5,621.9,621.9,TSETMC
2018-08-14,1397/05/23,1397,5,23,tile_ceramic,کاشی و سرامیک,57616105980228781,1943.1,1916.3,1943.1,TSETMC
2018-08-15,1397/05/24,1397,5,24,cement,سیمان، آهک و گچ,70077233737515808,628.0,621.3,623.3,TSETMC
2018-08-15,1397/05/24,1397,5,24,tile_ceramic,کاشی و سرامیک,57616105980228781,1975.2,1957.4,1972.5,TSETMC
2018-08-18,1397/05/27,1397,5,27,cement,سیمان، آهک و گچ,70077233737515808,641.7,623.6,641.7,TSETMC
2018-08-18,1397/05/27,1397,5,27,tile_ceramic,کاشی و سرامیک,57616105980228781,2032.2,1972.2,2031.9,TSETMC
2018-08-19,1397/05/28,1397,5,28,cement,سیمان، آهک و گچ,70077233737515808,650.5,643.7,650.5,TSETMC
2018-08-19,1397/05/28,1397,5,28,tile_ceramic,کاشی و سرامیک,57616105980228781,2076.3,2050.1,2068.2,TSETMC
2018-08-20,1397/05/29,1397,5,29,cement,سیمان، آهک و گچ,70077233737515808,652.8,651.5,652.8,TSETMC
2018-08-20,1397/05/29,1397,5,29,tile_ceramic,کاشی و سرامیک,57616105980228781,2069.0,2048.9,2066.6,TSETMC
2018-08-21,1397/05/30,1397,5,30,cement,سیمان، آهک و گچ,70077233737515808,654.4,652.9,654.1,TSETMC
2018-08-21,1397/05/30,1397,5,30,tile_ceramic,کاشی و سرامیک,57616105980228781,2070.9,2055.4,2060.5,TSETMC
2018-08-25,1397/06/03,1397,6,3,cement,سیمان، آهک و گچ,70077233737515808,665.6,654.4,665.6,TSETMC
2018-08-25,1397/06/03,1397,6,3,tile_ceramic,کاشی و سرامیک,57616105980228781,2160.1,2060.4,2160.1,TSETMC
2018-08-26,1397/06/04,1397,6,4,cement,سیمان، آهک و گچ,70077233737515808,683.8,667.7,683.8,TSETMC
2018-08-26,1397/06/04,1397,6,4,tile_ceramic,کاشی و سرامیک,57616105980228781,2252.7,2201.4,2252.7,TSETMC
2018-08-27,1397/06/05,1397,6,5,cement,سیمان، آهک و گچ,70077233737515808,700.8,686.9,700.8,TSETMC
2018-08-27,1397/06/05,1397,6,5,tile_ceramic,کاشی و سرامیک,57616105980228781,2283.4,2260.9,2276.2,TSETMC
2018-08-28,1397/06/06,1397,6,6,cement,سیمان، آهک و گچ,70077233737515808,707.4,703.7,706.3,TSETMC
2018-08-28,1397/06/06,1397,6,6,tile_ceramic,کاشی و سرامیک,57616105980228781,2304.1,2279.4,2282.7,TSETMC
2018-08-29,1397/06/07,1397,6,7,cement,سیمان، آهک و گچ,70077233737515808,715.2,707.5,715.2,TSETMC
2018-08-29,1397/06/07,1397,6,7,tile_ceramic,کاشی و سرامیک,57616105980228781,2351.0,2285.5,2349.4,TSETMC
2018-09-01,1397/06/10,1397,6,10,cement,سیمان، آهک و گچ,70077233737515808,747.0,717.8,747.0,TSETMC
2018-09-01,1397/06/10,1397,6,10,tile_ceramic,کاشی و سرامیک,57616105980228781,2485.4,2350.6,2485.4,TSETMC
2018-09-02,1397/06/11,1397,6,11,cement,سیمان، آهک و گچ,70077233737515808,765.0,752.2,764.2,TSETMC
2018-09-02,1397/06/11,1397,6,11,tile_ceramic,کاشی و سرامیک,57616105980228781,2535.0,2495.6,2495.6,TSETMC
2018-09-03,1397/06/12,1397,6,12,cement,سیمان، آهک و گچ,70077233737515808,765.5,757.6,757.6,TSETMC
2018-09-03,1397/06/12,1397,6,12,tile_ceramic,کاشی و سرامیک,57616105980228781,2505.7,2485.4,2505.7,TSETMC
2018-09-04,1397/06/13,1397,6,13,cement,سیمان، آهک و گچ,70077233737515808,764.2,759.8,760.9,TSETMC
2018-09-04,1397/06/13,1397,6,13,tile_ceramic,کاشی و سرامیک,57616105980228781,2540.7,2507.7,2507.7,TSETMC
2018-09-05,1397/06/14,1397,6,14,cement,سیمان، آهک و گچ,70077233737515808,762.5,760.9,761.8,TSETMC
2018-09-05,1397/06/14,1397,6,14,tile_ceramic,کاشی و سرامیک,57616105980228781,2528.8,2491.7,2528.8,TSETMC
2018-09-08,1397/06/17,1397,6,17,cement,سیمان، آهک و گچ,70077233737515808,780.6,764.1,780.6,TSETMC
2018-09-08,1397/06/17,1397,6,17,tile_ceramic,کاشی و سرامیک,57616105980228781,2626.3,2534.9,2626.3,TSETMC
2018-09-09,1397/06/18,1397,6,18,cement,سیمان، آهک و گچ,70077233737515808,807.9,782.0,807.9,TSETMC
2018-09-09,1397/06/18,1397,6,18,tile_ceramic,کاشی و سرامیک,57616105980228781,2736.0,2693.7,2719.7,TSETMC
2018-09-10,1397/06/19,1397,6,19,cement,سیمان، آهک و گچ,70077233737515808,840.5,812.3,840.5,TSETMC
2018-09-10,1397/06/19,1397,6,19,tile_ceramic,کاشی و سرامیک,57616105980228781,2778.7,2760.2,2776.4,TSETMC
2018-09-11,1397/06/20,1397,6,20,cement,سیمان، آهک و گچ,70077233737515808,860.1,848.9,860.1,TSETMC
2018-09-11,1397/06/20,1397,6,20,tile_ceramic,کاشی و سرامیک,57616105980228781,2935.8,2829.9,2935.8,TSETMC
2018-09-12,1397/06/21,1397,6,21,cement,سیمان، آهک و گچ,70077233737515808,888.2,862.9,887.4,TSETMC
2018-09-12,1397/06/21,1397,6,21,tile_ceramic,کاشی و سرامیک,57616105980228781,3030.5,2950.4,3028.6,TSETMC
2018-09-15,1397/06/24,1397,6,24,cement,سیمان، آهک و گچ,70077233737515808,911.8,890.8,910.2,TSETMC
2018-09-15,1397/06/24,1397,6,24,tile_ceramic,کاشی و سرامیک,57616105980228781,3079.0,3033.5,3070.6,TSETMC
2018-09-16,1397/06/25,1397,6,25,cement,سیمان، آهک و گچ,70077233737515808,910.0,895.4,898.2,TSETMC
2018-09-16,1397/06/25,1397,6,25,tile_ceramic,کاشی و سرامیک,57616105980228781,3108.5,3063.1,3108.5,TSETMC
2018-09-17,1397/06/26,1397,6,26,cement,سیمان، آهک و گچ,70077233737515808,920.5,900.8,920.5,TSETMC
2018-09-17,1397/06/26,1397,6,26,tile_ceramic,کاشی و سرامیک,57616105980228781,3226.8,3130.4,3220.7,TSETMC
2018-09-18,1397/06/27,1397,6,27,cement,سیمان، آهک و گچ,70077233737515808,943.8,931.6,943.8,TSETMC
2018-09-18,1397/06/27,1397,6,27,tile_ceramic,کاشی و سرامیک,57616105980228781,3292.1,3235.8,3292.0,TSETMC
2018-09-22,1397/06/31,1397,6,31,cement,سیمان، آهک و گچ,70077233737515808,964.1,950.0,962.4,TSETMC
2018-09-22,1397/06/31,1397,6,31,tile_ceramic,کاشی و سرامیک,57616105980228781,3358.0,3312.4,3358.0,TSETMC
2018-09-23,1397/07/01,1397,7,1,cement,سیمان، آهک و گچ,70077233737515808,984.5,970.3,982.0,TSETMC
2018-09-23,1397/07/01,1397,7,1,tile_ceramic,کاشی و سرامیک,57616105980228781,3465.9,3379.3,3465.9,TSETMC
2018-09-24,1397/07/02,1397,7,2,cement,سیمان، آهک و گچ,70077233737515808,993.4,982.2,993.3,TSETMC
2018-09-24,1397/07/02,1397,7,2,tile_ceramic,کاشی و سرامیک,57616105980228781,3546.3,3461.5,3546.0,TSETMC
2018-09-25,1397/07/03,1397,7,3,cement,سیمان، آهک و گچ,70077233737515808,1019.3,995.5,1019.2,TSETMC
2018-09-25,1397/07/03,1397,7,3,tile_ceramic,کاشی و سرامیک,57616105980228781,3701.7,3563.1,3701.7,TSETMC
2018-09-26,1397/07/04,1397,7,4,cement,سیمان، آهک و گچ,70077233737515808,1060.3,1028.5,1060.3,TSETMC
2018-09-26,1397/07/04,1397,7,4,tile_ceramic,کاشی و سرامیک,57616105980228781,3861.5,3739.0,3846.6,TSETMC
2018-09-29,1397/07/07,1397,7,7,cement,سیمان، آهک و گچ,70077233737515808,1094.1,1069.4,1094.1,TSETMC
2018-09-29,1397/07/07,1397,7,7,tile_ceramic,کاشی و سرامیک,57616105980228781,3952.2,3896.5,3952.2,TSETMC
2018-09-30,1397/07/08,1397,7,8,cement,سیمان، آهک و گچ,70077233737515808,1128.8,1104.1,1128.5,TSETMC
2018-09-30,1397/07/08,1397,7,8,tile_ceramic,کاشی و سرامیک,57616105980228781,4184.4,4001.2,4182.2,TSETMC
2018-10-01,1397/07/09,1397,7,9,cement,سیمان، آهک و گچ,70077233737515808,1152.7,1139.5,1151.2,TSETMC
2018-10-01,1397/07/09,1397,7,9,tile_ceramic,کاشی و سرامیک,57616105980228781,4246.6,4141.9,4160.5,TSETMC
2018-10-02,1397/07/10,1397,7,10,cement,سیمان، آهک و گچ,70077233737515808,1141.7,1113.9,1113.9,TSETMC
2018-10-02,1397/07/10,1397,7,10,tile_ceramic,کاشی و سرامیک,57616105980228781,4228.0,4088.8,4206.5,TSETMC
2018-10-03,1397/07/11,1397,7,11,cement,سیمان، آهک و گچ,70077233737515808,1106.2,1081.7,1081.7,TSETMC
2018-10-03,1397/07/11,1397,7,11,tile_ceramic,کاشی و سرامیک,57616105980228781,4212.6,4130.2,4130.2,TSETMC
2018-10-06,1397/07/14,1397,7,14,cement,سیمان، آهک و گچ,70077233737515808,1071.6,1051.0,1051.4,TSETMC
2018-10-06,1397/07/14,1397,7,14,tile_ceramic,کاشی و سرامیک,57616105980228781,4074.1,4022.2,4022.2,TSETMC
2018-10-07,1397/07/15,1397,7,15,cement,سیمان، آهک و گچ,70077233737515808,1045.0,1031.4,1031.4,TSETMC
2018-10-07,1397/07/15,1397,7,15,tile_ceramic,کاشی و سرامیک,57616105980228781,3969.6,3950.9,3950.9,TSETMC
2018-10-08,1397/07/16,1397,7,16,cement,سیمان، آهک و گچ,70077233737515808,1028.8,1014.2,1014.2,TSETMC
2018-10-08,1397/07/16,1397,7,16,tile_ceramic,کاشی و سرامیک,57616105980228781,3901.7,3871.1,3871.4,TSETMC
2018-10-09,1397/07/17,1397,7,17,cement,سیمان، آهک و گچ,70077233737515808,1009.1,996.5,996.5,TSETMC
2018-10-09,1397/07/17,1397,7,17,tile_ceramic,کاشی و سرامیک,57616105980228781,3872.6,3793.1,3793.1,TSETMC
2018-10-10,1397/07/18,1397,7,18,cement,سیمان، آهک و گچ,70077233737515808,991.3,974.2,974.2,TSETMC
2018-10-10,1397/07/18,1397,7,18,tile_ceramic,کاشی و سرامیک,57616105980228781,3793.9,3772.8,3772.8,TSETMC
2018-10-13,1397/07/21,1397,7,21,cement,سیمان، آهک و گچ,70077233737515808,971.7,961.0,961.0,TSETMC
2018-10-13,1397/07/21,1397,7,21,tile_ceramic,کاشی و سرامیک,57616105980228781,3770.7,3712.8,3712.8,TSETMC
2018-10-14,1397/07/22,1397,7,22,cement,سیمان، آهک و گچ,70077233737515808,960.9,959.9,960.1,TSETMC
2018-10-14,1397/07/22,1397,7,22,tile_ceramic,کاشی و سرامیک,57616105980228781,3711.0,3710.5,3710.5,TSETMC
2018-10-15,1397/07/23,1397,7,23,cement,سیمان، آهک و گچ,70077233737515808,957.9,948.2,949.6,TSETMC
2018-10-15,1397/07/23,1397,7,23,tile_ceramic,کاشی و سرامیک,57616105980228781,3710.3,3651.2,3671.1,TSETMC
2018-10-16,1397/07/24,1397,7,24,cement,سیمان، آهک و گچ,70077233737515808,950.4,943.6,943.6,TSETMC
2018-10-16,1397/07/24,1397,7,24,tile_ceramic,کاشی و سرامیک,57616105980228781,3679.4,3655.0,3655.3,TSETMC
2018-10-17,1397/07/25,1397,7,25,cement,سیمان، آهک و گچ,70077233737515808,941.0,915.5,915.5,TSETMC
2018-10-17,1397/07/25,1397,7,25,tile_ceramic,کاشی و سرامیک,57616105980228781,3943.5,3607.7,3610.1,TSETMC
2018-10-20,1397/07/28,1397,7,28,cement,سیمان، آهک و گچ,70077233737515808,928.0,915.5,928.0,TSETMC
2018-10-20,1397/07/28,1397,7,28,tile_ceramic,کاشی و سرامیک,57616105980228781,3650.8,3597.1,3597.1,TSETMC
2018-10-21,1397/07/29,1397,7,29,cement,سیمان، آهک و گچ,70077233737515808,931.8,916.4,916.4,TSETMC
2018-10-21,1397/07/29,1397,7,29,tile_ceramic,کاشی و سرامیک,57616105980228781,3597.8,3505.6,3507.8,TSETMC
2018-10-22,1397/07/30,1397,7,30,cement,سیمان، آهک و گچ,70077233737515808,915.2,903.3,903.4,TSETMC
2018-10-22,1397/07/30,1397,7,30,tile_ceramic,کاشی و سرامیک,57616105980228781,3518.3,3495.2,3495.5,TSETMC
2018-10-23,1397/08/01,1397,8,1,cement,سیمان، آهک و گچ,70077233737515808,901.8,883.9,883.9,TSETMC
2018-10-23,1397/08/01,1397,8,1,tile_ceramic,کاشی و سرامیک,57616105980228781,3437.5,3396.8,3396.8,TSETMC
2018-10-24,1397/08/02,1397,8,2,cement,سیمان، آهک و گچ,70077233737515808,883.0,867.4,867.4,TSETMC
2018-10-24,1397/08/02,1397,8,2,tile_ceramic,کاشی و سرامیک,57616105980228781,3364.2,3327.6,3327.6,TSETMC
2018-10-27,1397/08/05,1397,8,5,cement,سیمان، آهک و گچ,70077233737515808,865.9,851.2,851.2,TSETMC
2018-10-27,1397/08/05,1397,8,5,tile_ceramic,کاشی و سرامیک,57616105980228781,3313.7,3265.5,3270.9,TSETMC
2018-10-28,1397/08/06,1397,8,6,cement,سیمان، آهک و گچ,70077233737515808,852.0,848.5,851.7,TSETMC
2018-10-28,1397/08/06,1397,8,6,tile_ceramic,کاشی و سرامیک,57616105980228781,3261.3,3224.5,3261.3,TSETMC
2018-10-29,1397/08/07,1397,8,7,cement,سیمان، آهک و گچ,70077233737515808,868.6,854.7,868.6,TSETMC
2018-10-29,1397/08/07,1397,8,7,tile_ceramic,کاشی و سرامیک,57616105980228781,3346.6,3264.9,3342.4,TSETMC
2018-10-31,1397/08/09,1397,8,9,cement,سیمان، آهک و گچ,70077233737515808,879.5,872.6,879.0,TSETMC
2018-10-31,1397/08/09,1397,8,9,tile_ceramic,کاشی و سرامیک,57616105980228781,3348.5,3303.6,3311.9,TSETMC
2018-11-03,1397/08/12,1397,8,12,cement,سیمان، آهک و گچ,70077233737515808,881.1,877.4,877.5,TSETMC
2018-11-03,1397/08/12,1397,8,12,tile_ceramic,کاشی و سرامیک,57616105980228781,3307.0,3167.7,3167.7,TSETMC
2018-11-04,1397/08/13,1397,8,13,cement,سیمان، آهک و گچ,70077233737515808,878.4,870.7,871.0,TSETMC
2018-11-04,1397/08/13,1397,8,13,tile_ceramic,کاشی و سرامیک,57616105980228781,3189.5,3103.2,3105.1,TSETMC
2018-11-05,1397/08/14,1397,8,14,cement,سیمان، آهک و گچ,70077233737515808,878.0,872.1,876.8,TSETMC
2018-11-05,1397/08/14,1397,8,14,tile_ceramic,کاشی و سرامیک,57616105980228781,3122.6,3101.9,3113.4,TSETMC
2018-11-06,1397/08/15,1397,8,15,cement,سیمان، آهک و گچ,70077233737515808,878.7,875.3,875.3,TSETMC
2018-11-06,1397/08/15,1397,8,15,tile_ceramic,کاشی و سرامیک,57616105980228781,3148.2,3134.3,3148.2,TSETMC
2018-11-10,1397/08/19,1397,8,19,cement,سیمان، آهک و گچ,70077233737515808,875.1,872.3,872.3,TSETMC
2018-11-10,1397/08/19,1397,8,19,tile_ceramic,کاشی و سرامیک,57616105980228781,3227.9,3204.5,3227.9,TSETMC
2018-11-11,1397/08/20,1397,8,20,cement,سیمان، آهک و گچ,70077233737515808,872.2,862.8,862.8,TSETMC
2018-11-11,1397/08/20,1397,8,20,tile_ceramic,کاشی و سرامیک,57616105980228781,3251.0,3213.6,3216.1,TSETMC
2018-11-12,1397/08/21,1397,8,21,cement,سیمان، آهک و گچ,70077233737515808,865.3,862.7,865.0,TSETMC
2018-11-12,1397/08/21,1397,8,21,tile_ceramic,کاشی و سرامیک,57616105980228781,3233.7,3188.0,3233.7,TSETMC
2018-11-13,1397/08/22,1397,8,22,cement,سیمان، آهک و گچ,70077233737515808,868.9,863.4,864.2,TSETMC
2018-11-13,1397/08/22,1397,8,22,tile_ceramic,کاشی و سرامیک,57616105980228781,3257.8,3237.1,3245.5,TSETMC
2018-11-14,1397/08/23,1397,8,23,cement,سیمان، آهک و گچ,70077233737515808,864.2,858.0,858.0,TSETMC
2018-11-14,1397/08/23,1397,8,23,tile_ceramic,کاشی و سرامیک,57616105980228781,3243.6,3233.4,3243.6,TSETMC
2018-11-17,1397/08/26,1397,8,26,cement,سیمان، آهک و گچ,70077233737515808,859.4,845.6,845.6,TSETMC
2018-11-17,1397/08/26,1397,8,26,tile_ceramic,کاشی و سرامیک,57616105980228781,3248.0,3231.9,3233.7,TSETMC
2018-11-18,1397/08/27,1397,8,27,cement,سیمان، آهک و گچ,70077233737515808,847.0,832.0,832.0,TSETMC
2018-11-18,1397/08/27,1397,8,27,tile_ceramic,کاشی و سرامیک,57616105980228781,3258.6,3192.6,3192.6,TSETMC
2018-11-19,1397/08/28,1397,8,28,cement,سیمان، آهک و گچ,70077233737515808,832.5,831.6,832.1,TSETMC
2018-11-19,1397/08/28,1397,8,28,tile_ceramic,کاشی و سرامیک,57616105980228781,3200.9,3190.1,3190.1,TSETMC
2018-11-20,1397/08/29,1397,8,29,cement,سیمان، آهک و گچ,70077233737515808,832.5,829.7,831.4,TSETMC
2018-11-20,1397/08/29,1397,8,29,tile_ceramic,کاشی و سرامیک,57616105980228781,3220.9,3190.7,3209.9,TSETMC
2018-11-21,1397/08/30,1397,8,30,cement,سیمان، آهک و گچ,70077233737515808,836.1,833.2,836.1,TSETMC
2018-11-21,1397/08/30,1397,8,30,tile_ceramic,کاشی و سرامیک,57616105980228781,3214.4,3206.2,3206.6,TSETMC
2018-11-24,1397/09/03,1397,9,3,cement,سیمان، آهک و گچ,70077233737515808,846.2,838.4,845.7,TSETMC
2018-11-24,1397/09/03,1397,9,3,tile_ceramic,کاشی و سرامیک,57616105980228781,3205.9,3160.1,3160.1,TSETMC
2018-11-26,1397/09/05,1397,9,5,cement,سیمان، آهک و گچ,70077233737515808,846.3,839.2,839.2,TSETMC
2018-11-26,1397/09/05,1397,9,5,tile_ceramic,کاشی و سرامیک,57616105980228781,3159.9,3109.7,3110.0,TSETMC
2018-11-27,1397/09/06,1397,9,6,cement,سیمان، آهک و گچ,70077233737515808,840.2,837.4,837.5,TSETMC
2018-11-27,1397/09/06,1397,9,6,tile_ceramic,کاشی و سرامیک,57616105980228781,3083.8,3046.6,3046.6,TSETMC
2018-11-28,1397/09/07,1397,9,7,cement,سیمان، آهک و گچ,70077233737515808,838.8,832.1,832.1,TSETMC
2018-11-28,1397/09/07,1397,9,7,tile_ceramic,کاشی و سرامیک,57616105980228781,3047.7,2968.2,2968.2,TSETMC
2018-12-01,1397/09/10,1397,9,10,cement,سیمان، آهک و گچ,70077233737515808,835.6,817.9,817.9,TSETMC
2018-12-01,1397/09/10,1397,9,10,tile_ceramic,کاشی و سرامیک,57616105980228781,2968.6,2887.5,2887.5,TSETMC
2018-12-02,1397/09/11,1397,9,11,cement,سیمان، آهک و گچ,70077233737515808,815.9,814.4,815.5,TSETMC
2018-12-02,1397/09/11,1397,9,11,tile_ceramic,کاشی و سرامیک,57616105980228781,2868.2,2846.4,2864.9,TSETMC
2018-12-03,1397/09/12,1397,9,12,cement,سیمان، آهک و گچ,70077233737515808,816.4,815.3,816.3,TSETMC
2018-12-03,1397/09/12,1397,9,12,tile_ceramic,کاشی و سرامیک,57616105980228781,2911.3,2875.0,2911.3,TSETMC
2018-12-04,1397/09/13,1397,9,13,cement,سیمان، آهک و گچ,70077233737515808,816.4,812.8,812.9,TSETMC
2018-12-04,1397/09/13,1397,9,13,tile_ceramic,کاشی و سرامیک,57616105980228781,2955.1,2925.8,2925.8,TSETMC
2018-12-05,1397/09/14,1397,9,14,cement,سیمان، آهک و گچ,70077233737515808,813.1,811.2,811.2,TSETMC
2018-12-05,1397/09/14,1397,9,14,tile_ceramic,کاشی و سرامیک,57616105980228781,2927.0,2917.6,2917.6,TSETMC
2018-12-08,1397/09/17,1397,9,17,cement,سیمان، آهک و گچ,70077233737515808,813.9,811.0,812.2,TSETMC
2018-12-08,1397/09/17,1397,9,17,tile_ceramic,کاشی و سرامیک,57616105980228781,2918.8,2887.8,2894.8,TSETMC
2018-12-09,1397/09/18,1397,9,18,cement,سیمان، آهک و گچ,70077233737515808,812.7,802.9,802.9,TSETMC
2018-12-09,1397/09/18,1397,9,18,tile_ceramic,کاشی و سرامیک,57616105980228781,2914.1,2894.8,2909.8,TSETMC
2018-12-10,1397/09/19,1397,9,19,cement,سیمان، آهک و گچ,70077233737515808,802.3,800.4,801.5,TSETMC
2018-12-10,1397/09/19,1397,9,19,tile_ceramic,کاشی و سرامیک,57616105980228781,2946.0,2909.9,2938.8,TSETMC
2018-12-11,1397/09/20,1397,9,20,cement,سیمان، آهک و گچ,70077233737515808,806.7,801.6,806.7,TSETMC
2018-12-11,1397/09/20,1397,9,20,tile_ceramic,کاشی و سرامیک,57616105980228781,2962.2,2932.9,2962.2,TSETMC
2018-12-12,1397/09/21,1397,9,21,cement,سیمان، آهک و گچ,70077233737515808,807.8,805.9,805.9,TSETMC
2018-12-12,1397/09/21,1397,9,21,tile_ceramic,کاشی و سرامیک,57616105980228781,2995.3,2965.3,2985.6,TSETMC
2018-12-15,1397/09/24,1397,9,24,cement,سیمان، آهک و گچ,70077233737515808,806.6,800.9,800.9,TSETMC
2018-12-15,1397/09/24,1397,9,24,tile_ceramic,کاشی و سرامیک,57616105980228781,3043.8,2989.2,3043.8,TSETMC
2018-12-16,1397/09/25,1397,9,25,cement,سیمان، آهک و گچ,70077233737515808,800.8,791.8,791.8,TSETMC
2018-12-16,1397/09/25,1397,9,25,tile_ceramic,کاشی و سرامیک,57616105980228781,3054.9,3003.9,3003.9,TSETMC
2018-12-17,1397/09/26,1397,9,26,cement,سیمان، آهک و گچ,70077233737515808,791.8,784.0,784.0,TSETMC
2018-12-17,1397/09/26,1397,9,26,tile_ceramic,کاشی و سرامیک,57616105980228781,3002.3,2958.7,2958.7,TSETMC
2018-12-18,1397/09/27,1397,9,27,cement,سیمان، آهک و گچ,70077233737515808,784.0,779.1,779.1,TSETMC
2018-12-18,1397/09/27,1397,9,27,tile_ceramic,کاشی و سرامیک,57616105980228781,2967.4,2936.3,2943.9,TSETMC
2018-12-19,1397/09/28,1397,9,28,cement,سیمان، آهک و گچ,70077233737515808,779.4,768.8,768.8,TSETMC
2018-12-19,1397/09/28,1397,9,28,tile_ceramic,کاشی و سرامیک,57616105980228781,2944.9,2924.4,2924.4,TSETMC
2018-12-22,1397/10/01,1397,10,1,cement,سیمان، آهک و گچ,70077233737515808,769.3,762.0,762.0,TSETMC
2018-12-22,1397/10/01,1397,10,1,tile_ceramic,کاشی و سرامیک,57616105980228781,2924.4,2901.1,2903.6,TSETMC
2018-12-23,1397/10/02,1397,10,2,cement,سیمان، آهک و گچ,70077233737515808,769.6,762.9,769.3,TSETMC
2018-12-23,1397/10/02,1397,10,2,tile_ceramic,کاشی و سرامیک,57616105980228781,2904.6,2889.2,2902.1,TSETMC
2018-12-24,1397/10/03,1397,10,3,cement,سیمان، آهک و گچ,70077233737515808,774.5,771.8,772.6,TSETMC
2018-12-24,1397/10/03,1397,10,3,tile_ceramic,کاشی و سرامیک,57616105980228781,2983.3,2903.5,2972.3,TSETMC
2018-12-25,1397/10/04,1397,10,4,cement,سیمان، آهک و گچ,70077233737515808,776.5,774.4,775.2,TSETMC
2018-12-25,1397/10/04,1397,10,4,tile_ceramic,کاشی و سرامیک,57616105980228781,2989.2,2964.8,2964.8,TSETMC
2018-12-26,1397/10/05,1397,10,5,cement,سیمان، آهک و گچ,70077233737515808,781.6,777.5,779.2,TSETMC
2018-12-26,1397/10/05,1397,10,5,tile_ceramic,کاشی و سرامیک,57616105980228781,2966.6,2923.9,2933.5,TSETMC
2018-12-29,1397/10/08,1397,10,8,cement,سیمان، آهک و گچ,70077233737515808,785.3,780.3,785.3,TSETMC
2018-12-29,1397/10/08,1397,10,8,tile_ceramic,کاشی و سرامیک,57616105980228781,2948.1,2943.4,2943.5,TSETMC
2018-12-30,1397/10/09,1397,10,9,cement,سیمان، آهک و گچ,70077233737515808,792.3,785.9,792.0,TSETMC
2018-12-30,1397/10/09,1397,10,9,tile_ceramic,کاشی و سرامیک,57616105980228781,2949.5,2940.2,2947.5,TSETMC
2018-12-31,1397/10/10,1397,10,10,cement,سیمان، آهک و گچ,70077233737515808,805.6,792.9,805.6,TSETMC
2018-12-31,1397/10/10,1397,10,10,tile_ceramic,کاشی و سرامیک,57616105980228781,2990.0,2942.3,2990.0,TSETMC
2019-01-01,1397/10/11,1397,10,11,cement,سیمان، آهک و گچ,70077233737515808,814.6,812.4,812.9,TSETMC
2019-01-01,1397/10/11,1397,10,11,tile_ceramic,کاشی و سرامیک,57616105980228781,3034.4,2994.4,3028.9,TSETMC
2019-01-02,1397/10/12,1397,10,12,cement,سیمان، آهک و گچ,70077233737515808,813.6,800.9,800.9,TSETMC
2019-01-02,1397/10/12,1397,10,12,tile_ceramic,کاشی و سرامیک,57616105980228781,3054.6,3018.4,3018.7,TSETMC
2019-01-05,1397/10/15,1397,10,15,cement,سیمان، آهک و گچ,70077233737515808,802.5,797.1,797.1,TSETMC
2019-01-05,1397/10/15,1397,10,15,tile_ceramic,کاشی و سرامیک,57616105980228781,3024.0,2998.2,2998.2,TSETMC
2019-01-06,1397/10/16,1397,10,16,cement,سیمان، آهک و گچ,70077233737515808,797.7,789.9,789.9,TSETMC
2019-01-06,1397/10/16,1397,10,16,tile_ceramic,کاشی و سرامیک,57616105980228781,3001.0,2911.3,2911.3,TSETMC
2019-01-07,1397/10/17,1397,10,17,cement,سیمان، آهک و گچ,70077233737515808,791.4,790.0,790.3,TSETMC
2019-01-07,1397/10/17,1397,10,17,tile_ceramic,کاشی و سرامیک,57616105980228781,2930.0,2903.6,2928.7,TSETMC
2019-01-08,1397/10/18,1397,10,18,cement,سیمان، آهک و گچ,70077233737515808,795.1,790.3,794.4,TSETMC
2019-01-08,1397/10/18,1397,10,18,tile_ceramic,کاشی و سرامیک,57616105980228781,2943.4,2929.7,2936.5,TSETMC
2019-01-09,1397/10/19,1397,10,19,cement,سیمان، آهک و گچ,70077233737515808,798.2,796.5,796.6,TSETMC
2019-01-09,1397/10/19,1397,10,19,tile_ceramic,کاشی و سرامیک,57616105980228781,2936.5,2889.4,2889.4,TSETMC
2019-01-12,1397/10/22,1397,10,22,cement,سیمان، آهک و گچ,70077233737515808,799.9,798.0,798.0,TSETMC
2019-01-12,1397/10/22,1397,10,22,tile_ceramic,کاشی و سرامیک,57616105980228781,2930.6,2885.5,2930.6,TSETMC
2019-01-13,1397/10/23,1397,10,23,cement,سیمان، آهک و گچ,70077233737515808,798.7,794.7,794.9,TSETMC
2019-01-13,1397/10/23,1397,10,23,tile_ceramic,کاشی و سرامیک,57616105980228781,2970.2,2931.2,2968.3,TSETMC
2019-01-14,1397/10/24,1397,10,24,cement,سیمان، آهک و گچ,70077233737515808,799.0,795.5,798.5,TSETMC
2019-01-14,1397/10/24,1397,10,24,tile_ceramic,کاشی و سرامیک,57616105980228781,3013.4,2968.5,3013.2,TSETMC
2019-01-15,1397/10/25,1397,10,25,cement,سیمان، آهک و گچ,70077233737515808,804.6,798.9,804.6,TSETMC
2019-01-15,1397/10/25,1397,10,25,tile_ceramic,کاشی و سرامیک,57616105980228781,3111.1,3024.2,3104.9,TSETMC
2019-01-16,1397/10/26,1397,10,26,cement,سیمان، آهک و گچ,70077233737515808,813.0,806.7,812.5,TSETMC
2019-01-16,1397/10/26,1397,10,26,tile_ceramic,کاشی و سرامیک,57616105980228781,3133.8,3100.2,3100.2,TSETMC
2019-01-19,1397/10/29,1397,10,29,cement,سیمان، آهک و گچ,70077233737515808,828.0,818.8,826.6,TSETMC
2019-01-19,1397/10/29,1397,10,29,tile_ceramic,کاشی و سرامیک,57616105980228781,3123.7,3103.8,3103.8,TSETMC
2019-01-20,1397/10/30,1397,10,30,cement,سیمان، آهک و گچ,70077233737515808,833.2,826.2,826.5,TSETMC
2019-01-20,1397/10/30,1397,10,30,tile_ceramic,کاشی و سرامیک,57616105980228781,3149.1,3115.2,3148.1,TSETMC
2019-01-21,1397/11/01,1397,11,1,cement,سیمان، آهک و گچ,70077233737515808,826.8,816.9,816.9,TSETMC
2019-01-21,1397/11/01,1397,11,1,tile_ceramic,کاشی و سرامیک,57616105980228781,3139.6,3065.1,3065.1,TSETMC
2019-01-22,1397/11/02,1397,11,2,cement,سیمان، آهک و گچ,70077233737515808,843.5,820.2,843.5,TSETMC
2019-01-22,1397/11/02,1397,11,2,tile_ceramic,کاشی و سرامیک,57616105980228781,3102.4,3069.9,3097.2,TSETMC
2019-01-23,1397/11/03,1397,11,3,cement,سیمان، آهک و گچ,70077233737515808,864.4,848.1,864.4,TSETMC
2019-01-23,1397/11/03,1397,11,3,tile_ceramic,کاشی و سرامیک,57616105980228781,3168.4,3114.3,3168.4,TSETMC
2019-01-26,1397/11/06,1397,11,6,cement,سیمان، آهک و گچ,70077233737515808,870.3,859.7,859.7,TSETMC
2019-01-26,1397/11/06,1397,11,6,tile_ceramic,کاشی و سرامیک,57616105980228781,3233.4,3214.0,3214.0,TSETMC
2019-01-27,1397/11/07,1397,11,7,cement,سیمان، آهک و گچ,70077233737515808,864.9,860.2,864.9,TSETMC
2019-01-27,1397/11/07,1397,11,7,tile_ceramic,کاشی و سرامیک,57616105980228781,3276.2,3229.3,3229.3,TSETMC
2019-01-28,1397/11/08,1397,11,8,cement,سیمان، آهک و گچ,70077233737515808,881.9,867.5,881.8,TSETMC
2019-01-28,1397/11/08,1397,11,8,tile_ceramic,کاشی و سرامیک,57616105980228781,3247.5,3199.1,3245.3,TSETMC
2019-01-29,1397/11/09,1397,11,9,cement,سیمان، آهک و گچ,70077233737515808,894.5,882.4,894.5,TSETMC
2019-01-29,1397/11/09,1397,11,9,tile_ceramic,کاشی و سرامیک,57616105980228781,3245.3,3201.8,3201.8,TSETMC
2019-01-30,1397/11/10,1397,11,10,cement,سیمان، آهک و گچ,70077233737515808,928.9,900.9,928.9,TSETMC
2019-01-30,1397/11/10,1397,11,10,tile_ceramic,کاشی و سرامیک,57616105980228781,3255.3,3198.3,3239.3,TSETMC
2019-02-02,1397/11/13,1397,11,13,cement,سیمان، آهک و گچ,70077233737515808,946.9,935.1,935.1,TSETMC
2019-02-02,1397/11/13,1397,11,13,tile_ceramic,کاشی و سرامیک,57616105980228781,3250.8,3192.4,3192.4,TSETMC
2019-02-03,1397/11/14,1397,11,14,cement,سیمان، آهک و گچ,70077233737515808,927.3,910.9,910.9,TSETMC
2019-02-03,1397/11/14,1397,11,14,tile_ceramic,کاشی و سرامیک,57616105980228781,3225.8,3191.1,3203.1,TSETMC
2019-02-04,1397/11/15,1397,11,15,cement,سیمان، آهک و گچ,70077233737515808,916.1,909.6,909.6,TSETMC
2019-02-04,1397/11/15,1397,11,15,tile_ceramic,کاشی و سرامیک,57616105980228781,3250.3,3212.8,3250.2,TSETMC
2019-02-05,1397/11/16,1397,11,16,cement,سیمان، آهک و گچ,70077233737515808,908.2,887.2,887.3,TSETMC
2019-02-05,1397/11/16,1397,11,16,tile_ceramic,کاشی و سرامیک,57616105980228781,3263.3,3238.6,3238.6,TSETMC
2019-02-06,1397/11/17,1397,11,17,cement,سیمان، آهک و گچ,70077233737515808,895.7,886.4,895.7,TSETMC
2019-02-06,1397/11/17,1397,11,17,tile_ceramic,کاشی و سرامیک,57616105980228781,3255.1,3230.5,3230.5,TSETMC
2019-02-10,1397/11/21,1397,11,21,cement,سیمان، آهک و گچ,70077233737515808,904.0,897.0,904.0,TSETMC
2019-02-10,1397/11/21,1397,11,21,tile_ceramic,کاشی و سرامیک,57616105980228781,3286.8,3245.7,3286.8,TSETMC
2019-02-12,1397/11/23,1397,11,23,cement,سیمان، آهک و گچ,70077233737515808,930.0,906.1,930.0,TSETMC
2019-02-12,1397/11/23,1397,11,23,tile_ceramic,کاشی و سرامیک,57616105980228781,3328.5,3295.6,3328.0,TSETMC
2019-02-13,1397/11/24,1397,11,24,cement,سیمان، آهک و گچ,70077233737515808,942.9,936.3,938.0,TSETMC
2019-02-13,1397/11/24,1397,11,24,tile_ceramic,کاشی و سرامیک,57616105980228781,3363.5,3352.0,3362.0,TSETMC
2019-02-16,1397/11/27,1397,11,27,cement,سیمان، آهک و گچ,70077233737515808,937.9,923.2,923.2,TSETMC
2019-02-16,1397/11/27,1397,11,27,tile_ceramic,کاشی و سرامیک,57616105980228781,3409.1,3367.4,3403.6,TSETMC
2019-02-17,1397/11/28,1397,11,28,cement,سیمان، آهک و گچ,70077233737515808,922.8,904.8,904.8,TSETMC
2019-02-17,1397/11/28,1397,11,28,tile_ceramic,کاشی و سرامیک,57616105980228781,3413.1,3353.4,3353.9,TSETMC
2019-02-18,1397/11/29,1397,11,29,cement,سیمان، آهک و گچ,70077233737515808,912.0,904.2,912.0,TSETMC
2019-02-18,1397/11/29,1397,11,29,tile_ceramic,کاشی و سرامیک,57616105980228781,3438.2,3362.7,3436.9,TSETMC
2019-02-19,1397/11/30,1397,11,30,cement,سیمان، آهک و گچ,70077233737515808,916.8,909.1,909.1,TSETMC
2019-02-19,1397/11/30,1397,11,30,tile_ceramic,کاشی و سرامیک,57616105980228781,3488.6,3462.6,3485.5,TSETMC
2019-02-20,1397/12/01,1397,12,1,cement,سیمان، آهک و گچ,70077233737515808,908.4,902.7,902.7,TSETMC
2019-02-20,1397/12/01,1397,12,1,tile_ceramic,کاشی و سرامیک,57616105980228781,3524.2,3492.1,3512.1,TSETMC
2019-02-23,1397/12/04,1397,12,4,cement,سیمان، آهک و گچ,70077233737515808,902.2,886.8,886.8,TSETMC
2019-02-23,1397/12/04,1397,12,4,tile_ceramic,کاشی و سرامیک,57616105980228781,3520.7,3496.3,3506.6,TSETMC
2019-02-24,1397/12/05,1397,12,5,cement,سیمان، آهک و گچ,70077233737515808,891.4,885.7,891.4,TSETMC
2019-02-24,1397/12/05,1397,12,5,tile_ceramic,کاشی و سرامیک,57616105980228781,3559.2,3504.8,3541.5,TSETMC
2019-02-25,1397/12/06,1397,12,6,cement,سیمان، آهک و گچ,70077233737515808,892.0,887.1,887.1,TSETMC
2019-02-25,1397/12/06,1397,12,6,tile_ceramic,کاشی و سرامیک,57616105980228781,3572.0,3541.9,3548.3,TSETMC
2019-02-26,1397/12/07,1397,12,7,cement,سیمان، آهک و گچ,70077233737515808,886.5,879.5,880.8,TSETMC
2019-02-26,1397/12/07,1397,12,7,tile_ceramic,کاشی و سرامیک,57616105980228781,3529.5,3476.7,3476.7,TSETMC
2019-02-27,1397/12/08,1397,12,8,cement,سیمان، آهک و گچ,70077233737515808,889.6,881.7,889.5,TSETMC
2019-02-27,1397/12/08,1397,12,8,tile_ceramic,کاشی و سرامیک,57616105980228781,3530.1,3474.7,3529.1,TSETMC
2019-03-02,1397/12/11,1397,12,11,cement,سیمان، آهک و گچ,70077233737515808,891.6,889.1,889.1,TSETMC
2019-03-02,1397/12/11,1397,12,11,tile_ceramic,کاشی و سرامیک,57616105980228781,3539.2,3489.5,3512.6,TSETMC
2019-03-03,1397/12/12,1397,12,12,cement,سیمان، آهک و گچ,70077233737515808,892.7,887.0,892.7,TSETMC
2019-03-03,1397/12/12,1397,12,12,tile_ceramic,کاشی و سرامیک,57616105980228781,3532.5,3499.9,3532.5,TSETMC
2019-03-04,1397/12/13,1397,12,13,cement,سیمان، آهک و گچ,70077233737515808,899.1,897.1,897.5,TSETMC
2019-03-04,1397/12/13,1397,12,13,tile_ceramic,کاشی و سرامیک,57616105980228781,3549.6,3450.1,3450.1,TSETMC
2019-03-05,1397/12/14,1397,12,14,cement,سیمان، آهک و گچ,70077233737515808,900.9,897.7,899.0,TSETMC
2019-03-05,1397/12/14,1397,12,14,tile_ceramic,کاشی و سرامیک,57616105980228781,3470.5,3424.9,3425.3,TSETMC
2019-03-06,1397/12/15,1397,12,15,cement,سیمان، آهک و گچ,70077233737515808,900.0,894.6,894.6,TSETMC
2019-03-06,1397/12/15,1397,12,15,tile_ceramic,کاشی و سرامیک,57616105980228781,3507.6,3430.2,3491.0,TSETMC
2019-03-09,1397/12/18,1397,12,18,cement,سیمان، آهک و گچ,70077233737515808,894.9,890.6,890.6,TSETMC
2019-03-09,1397/12/18,1397,12,18,tile_ceramic,کاشی و سرامیک,57616105980228781,3488.5,3462.5,3468.7,TSETMC
2019-03-10,1397/12/19,1397,12,19,cement,سیمان، آهک و گچ,70077233737515808,898.5,891.4,898.5,TSETMC
2019-03-10,1397/12/19,1397,12,19,tile_ceramic,کاشی و سرامیک,57616105980228781,3507.5,3482.4,3501.4,TSETMC
2019-03-11,1397/12/20,1397,12,20,cement,سیمان، آهک و گچ,70077233737515808,911.9,899.3,911.9,TSETMC
2019-03-11,1397/12/20,1397,12,20,tile_ceramic,کاشی و سرامیک,57616105980228781,3504.8,3468.2,3468.2,TSETMC
2019-03-12,1397/12/21,1397,12,21,cement,سیمان، آهک و گچ,70077233737515808,927.8,915.6,927.4,TSETMC
2019-03-12,1397/12/21,1397,12,21,tile_ceramic,کاشی و سرامیک,57616105980228781,3470.8,3456.7,3465.3,TSETMC
2019-03-13,1397/12/22,1397,12,22,cement,سیمان، آهک و گچ,70077233737515808,943.0,933.4,943.0,TSETMC
2019-03-13,1397/12/22,1397,12,22,tile_ceramic,کاشی و سرامیک,57616105980228781,3469.3,3443.6,3467.6,TSETMC
2019-03-16,1397/12/25,1397,12,25,cement,سیمان، آهک و گچ,70077233737515808,961.0,947.3,960.7,TSETMC
2019-03-16,1397/12/25,1397,12,25,tile_ceramic,کاشی و سرامیک,57616105980228781,3567.6,3499.7,3566.3,TSETMC
2019-03-17,1397/12/26,1397,12,26,cement,سیمان، آهک و گچ,70077233737515808,961.1,958.9,960.9,TSETMC
2019-03-17,1397/12/26,1397,12,26,tile_ceramic,کاشی و سرامیک,57616105980228781,3602.6,3553.3,3554.5,TSETMC
2019-03-18,1397/12/27,1397,12,27,cement,سیمان، آهک و گچ,70077233737515808,966.9,962.5,966.9,TSETMC
2019-03-18,1397/12/27,1397,12,27,tile_ceramic,کاشی و سرامیک,57616105980228781,3558.3,3546.0,3546.0,TSETMC
2019-03-19,1397/12/28,1397,12,28,cement,سیمان، آهک و گچ,70077233737515808,982.3,971.7,982.1,TSETMC
2019-03-19,1397/12/28,1397,12,28,tile_ceramic,کاشی و سرامیک,57616105980228781,3547.2,3523.2,3543.3,TSETMC
2019-03-25,1398/01/05,1398,1,5,cement,سیمان، آهک و گچ,70077233737515808,994.1,983.0,994.1,TSETMC
2019-03-25,1398/01/05,1398,1,5,tile_ceramic,کاشی و سرامیک,57616105980228781,3579.2,3560.2,3578.8,TSETMC
2019-03-26,1398/01/06,1398,1,6,cement,سیمان، آهک و گچ,70077233737515808,1027.9,996.6,1027.9,TSETMC
2019-03-26,1398/01/06,1398,1,6,tile_ceramic,کاشی و سرامیک,57616105980228781,3671.1,3579.1,3671.1,TSETMC
2019-03-27,1398/01/07,1398,1,7,cement,سیمان، آهک و گچ,70077233737515808,1067.9,1036.5,1067.8,TSETMC
2019-03-27,1398/01/07,1398,1,7,tile_ceramic,کاشی و سرامیک,57616105980228781,3768.8,3738.1,3761.3,TSETMC
2019-03-30,1398/01/10,1398,1,10,cement,سیمان، آهک و گچ,70077233737515808,1111.6,1082.9,1111.6,TSETMC
2019-03-30,1398/01/10,1398,1,10,tile_ceramic,کاشی و سرامیک,57616105980228781,3871.5,3800.8,3866.6,TSETMC
2019-03-31,1398/01/11,1398,1,11,cement,سیمان، آهک و گچ,70077233737515808,1140.5,1124.7,1133.4,TSETMC
2019-03-31,1398/01/11,1398,1,11,tile_ceramic,کاشی و سرامیک,57616105980228781,3952.1,3875.8,3944.1,TSETMC
2019-04-06,1398/01/17,1398,1,17,cement,سیمان، آهک و گچ,70077233737515808,1169.7,1141.0,1169.7,TSETMC
2019-04-06,1398/01/17,1398,1,17,tile_ceramic,کاشی و سرامیک,57616105980228781,4056.1,3948.5,4056.1,TSETMC
2019-04-07,1398/01/18,1398,1,18,cement,سیمان، آهک و گچ,70077233737515808,1189.8,1178.3,1187.8,TSETMC
2019-04-07,1398/01/18,1398,1,18,tile_ceramic,کاشی و سرامیک,57616105980228781,4184.0,4116.1,4166.2,TSETMC
2019-04-08,1398/01/19,1398,1,19,cement,سیمان، آهک و گچ,70077233737515808,1220.8,1187.7,1220.8,TSETMC
2019-04-08,1398/01/19,1398,1,19,tile_ceramic,کاشی و سرامیک,57616105980228781,4173.2,4124.2,4154.2,TSETMC
2019-04-09,1398/01/20,1398,1,20,cement,سیمان، آهک و گچ,70077233737515808,1260.8,1235.2,1260.8,TSETMC
2019-04-09,1398/01/20,1398,1,20,tile_ceramic,کاشی و سرامیک,57616105980228781,4223.3,4168.5,4213.1,TSETMC
2019-04-10,1398/01/21,1398,1,21,cement,سیمان، آهک و گچ,70077233737515808,1320.8,1274.2,1320.8,TSETMC
2019-04-10,1398/01/21,1398,1,21,tile_ceramic,کاشی و سرامیک,57616105980228781,4325.4,4243.1,4324.3,TSETMC
2019-04-13,1398/01/24,1398,1,24,cement,سیمان، آهک و گچ,70077233737515808,1355.8,1352.5,1352.7,TSETMC
2019-04-13,1398/01/24,1398,1,24,tile_ceramic,کاشی و سرامیک,57616105980228781,4409.7,4330.5,4379.3,TSETMC
2019-04-14,1398/01/25,1398,1,25,cement,سیمان، آهک و گچ,70077233737515808,1347.9,1342.7,1346.2,TSETMC
2019-04-14,1398/01/25,1398,1,25,tile_ceramic,کاشی و سرامیک,57616105980228781,4467.7,4434.7,4434.7,TSETMC
2019-04-15,1398/01/26,1398,1,26,cement,سیمان، آهک و گچ,70077233737515808,1382.8,1360.5,1379.1,TSETMC
2019-04-15,1398/01/26,1398,1,26,tile_ceramic,کاشی و سرامیک,57616105980228781,4625.3,4494.8,4574.5,TSETMC
2019-04-16,1398/01/27,1398,1,27,cement,سیمان، آهک و گچ,70077233737515808,1405.6,1396.5,1400.3,TSETMC
2019-04-16,1398/01/27,1398,1,27,tile_ceramic,کاشی و سرامیک,57616105980228781,4575.2,4492.0,4492.0,TSETMC
2019-04-17,1398/01/28,1398,1,28,cement,سیمان، آهک و گچ,70077233737515808,1422.8,1395.3,1422.8,TSETMC
2019-04-17,1398/01/28,1398,1,28,tile_ceramic,کاشی و سرامیک,57616105980228781,4393.6,4301.3,4301.3,TSETMC
2019-04-20,1398/01/31,1398,1,31,cement,سیمان، آهک و گچ,70077233737515808,1473.1,1455.8,1470.7,TSETMC
2019-04-20,1398/01/31,1398,1,31,tile_ceramic,کاشی و سرامیک,57616105980228781,4383.2,4276.3,4361.7,TSETMC
2019-04-22,1398/02/02,1398,2,2,cement,سیمان، آهک و گچ,70077233737515808,1500.2,1484.4,1484.4,TSETMC
2019-04-22,1398/02/02,1398,2,2,tile_ceramic,کاشی و سرامیک,57616105980228781,4418.5,4289.2,4289.2,TSETMC
2019-04-23,1398/02/03,1398,2,3,cement,سیمان، آهک و گچ,70077233737515808,1485.6,1474.1,1474.1,TSETMC
2019-04-23,1398/02/03,1398,2,3,tile_ceramic,کاشی و سرامیک,57616105980228781,4246.1,4179.4,4230.1,TSETMC
2019-04-24,1398/02/04,1398,2,4,cement,سیمان، آهک و گچ,70077233737515808,1482.9,1475.0,1475.4,TSETMC
2019-04-24,1398/02/04,1398,2,4,tile_ceramic,کاشی و سرامیک,57616105980228781,4375.0,4244.5,4363.0,TSETMC
2019-04-27,1398/02/07,1398,2,7,cement,سیمان، آهک و گچ,70077233737515808,1490.7,1479.2,1485.1,TSETMC
2019-04-27,1398/02/07,1398,2,7,tile_ceramic,کاشی و سرامیک,57616105980228781,4562.3,4501.9,4562.3,TSETMC
2019-04-28,1398/02/08,1398,2,8,cement,سیمان، آهک و گچ,70077233737515808,1495.7,1489.5,1495.7,TSETMC
2019-04-28,1398/02/08,1398,2,8,tile_ceramic,کاشی و سرامیک,57616105980228781,4708.7,4636.8,4708.7,TSETMC
2019-04-29,1398/02/09,1398,2,9,cement,سیمان، آهک و گچ,70077233737515808,1527.7,1502.1,1527.4,TSETMC
2019-04-29,1398/02/09,1398,2,9,tile_ceramic,کاشی و سرامیک,57616105980228781,4922.0,4745.6,4921.0,TSETMC
2019-04-30,1398/02/10,1398,2,10,cement,سیمان، آهک و گچ,70077233737515808,1562.8,1541.7,1541.7,TSETMC
2019-04-30,1398/02/10,1398,2,10,tile_ceramic,کاشی و سرامیک,57616105980228781,5010.3,4970.4,4994.0,TSETMC
2019-05-01,1398/02/11,1398,2,11,cement,سیمان، آهک و گچ,70077233737515808,1562.8,1538.6,1554.3,TSETMC
2019-05-01,1398/02/11,1398,2,11,tile_ceramic,کاشی و سرامیک,57616105980228781,5073.7,4997.2,4997.2,TSETMC
2019-05-04,1398/02/14,1398,2,14,cement,سیمان، آهک و گچ,70077233737515808,1584.4,1570.4,1584.4,TSETMC
2019-05-04,1398/02/14,1398,2,14,tile_ceramic,کاشی و سرامیک,57616105980228781,5155.1,5045.6,5143.0,TSETMC
2019-05-05,1398/02/15,1398,2,15,cement,سیمان، آهک و گچ,70077233737515808,1614.3,1595.2,1595.2,TSETMC
2019-05-05,1398/02/15,1398,2,15,tile_ceramic,کاشی و سرامیک,57616105980228781,5198.0,4989.3,4989.3,TSETMC
2019-05-06,1398/02/16,1398,2,16,cement,سیمان، آهک و گچ,70077233737515808,1596.9,1557.1,1557.1,TSETMC
2019-05-06,1398/02/16,1398,2,16,tile_ceramic,کاشی و سرامیک,57616105980228781,4971.8,4774.6,4774.6,TSETMC
2019-05-07,1398/02/17,1398,2,17,cement,سیمان، آهک و گچ,70077233737515808,1543.0,1502.9,1502.9,TSETMC
2019-05-07,1398/02/17,1398,2,17,tile_ceramic,کاشی و سرامیک,57616105980228781,4655.9,4558.0,4558.0,TSETMC
2019-05-08,1398/02/18,1398,2,18,cement,سیمان، آهک و گچ,70077233737515808,1489.6,1482.5,1487.8,TSETMC
2019-05-08,1398/02/18,1398,2,18,tile_ceramic,کاشی و سرامیک,57616105980228781,4578.5,4470.5,4578.5,TSETMC
2019-05-11,1398/02/21,1398,2,21,cement,سیمان، آهک و گچ,70077233737515808,1498.0,1475.2,1475.2,TSETMC
2019-05-11,1398/02/21,1398,2,21,tile_ceramic,کاشی و سرامیک,57616105980228781,4722.2,4594.8,4605.1,TSETMC
2019-05-12,1398/02/22,1398,2,22,cement,سیمان، آهک و گچ,70077233737515808,1469.8,1442.8,1442.8,TSETMC
2019-05-12,1398/02/22,1398,2,22,tile_ceramic,کاشی و سرامیک,57616105980228781,4621.2,4468.9,4473.4,TSETMC
2019-05-13,1398/02/23,1398,2,23,cement,سیمان، آهک و گچ,70077233737515808,1439.4,1414.5,1414.5,TSETMC
2019-05-13,1398/02/23,1398,2,23,tile_ceramic,کاشی و سرامیک,57616105980228781,4632.4,4521.4,4632.4,TSETMC
2019-05-14,1398/02/24,1398,2,24,cement,سیمان، آهک و گچ,70077233737515808,1432.2,1410.1,1429.1,TSETMC
2019-05-14,1398/02/24,1398,2,24,tile_ceramic,کاشی و سرامیک,57616105980228781,4845.8,4744.3,4845.8,TSETMC
2019-05-15,1398/02/25,1398,2,25,cement,سیمان، آهک و گچ,70077233737515808,1440.6,1424.3,1439.4,TSETMC
2019-05-15,1398/02/25,1398,2,25,tile_ceramic,کاشی و سرامیک,57616105980228781,4914.8,4863.2,4899.5,TSETMC
2019-05-18,1398/02/28,1398,2,28,cement,سیمان، آهک و گچ,70077233737515808,1488.6,1459.4,1481.9,TSETMC
2019-05-18,1398/02/28,1398,2,28,tile_ceramic,کاشی و سرامیک,57616105980228781,5040.5,4914.2,5028.4,TSETMC
2019-05-19,1398/02/29,1398,2,29,cement,سیمان، آهک و گچ,70077233737515808,1496.9,1488.2,1488.2,TSETMC
2019-05-19,1398/02/29,1398,2,29,tile_ceramic,کاشی و سرامیک,57616105980228781,5034.4,4941.1,4960.3,TSETMC
2019-05-20,1398/02/30,1398,2,30,cement,سیمان، آهک و گچ,70077233737515808,1483.1,1468.3,1468.3,TSETMC
2019-05-20,1398/02/30,1398,2,30,tile_ceramic,کاشی و سرامیک,57616105980228781,4981.1,4860.3,4891.4,TSETMC
2019-05-21,1398/02/31,1398,2,31,cement,سیمان، آهک و گچ,70077233737515808,1488.6,1479.5,1483.7,TSETMC
2019-05-21,1398/02/31,1398,2,31,tile_ceramic,کاشی و سرامیک,57616105980228781,5000.1,4916.2,4992.4,TSETMC
2019-05-22,1398/03/01,1398,3,1,cement,سیمان، آهک و گچ,70077233737515808,1536.3,1496.8,1536.3,TSETMC
2019-05-22,1398/03/01,1398,3,1,tile_ceramic,کاشی و سرامیک,57616105980228781,5113.2,5052.3,5088.3,TSETMC
2019-05-25,1398/03/04,1398,3,4,cement,سیمان، آهک و گچ,70077233737515808,1558.0,1545.7,1555.1,TSETMC
2019-05-25,1398/03/04,1398,3,4,tile_ceramic,کاشی و سرامیک,57616105980228781,5192.4,5096.3,5192.3,TSETMC
2019-05-26,1398/03/05,1398,3,5,cement,سیمان، آهک و گچ,70077233737515808,1598.3,1579.2,1598.3,TSETMC
2019-05-26,1398/03/05,1398,3,5,tile_ceramic,کاشی و سرامیک,57616105980228781,5360.7,5240.3,5352.7,TSETMC
2019-05-28,1398/03/07,1398,3,7,cement,سیمان، آهک و گچ,70077233737515808,1645.8,1623.7,1644.4,TSETMC
2019-05-28,1398/03/07,1398,3,7,tile_ceramic,کاشی و سرامیک,57616105980228781,5550.4,5427.9,5531.0,TSETMC
2019-05-29,1398/03/08,1398,3,8,cement,سیمان، آهک و گچ,70077233737515808,1663.2,1618.5,1618.5,TSETMC
2019-05-29,1398/03/08,1398,3,8,tile_ceramic,کاشی و سرامیک,57616105980228781,5707.0,5613.6,5613.6,TSETMC
2019-06-01,1398/03/11,1398,3,11,cement,سیمان، آهک و گچ,70077233737515808,1601.7,1579.5,1582.4,TSETMC
2019-06-01,1398/03/11,1398,3,11,tile_ceramic,کاشی و سرامیک,57616105980228781,5575.5,5481.4,5526.9,TSETMC
2019-06-02,1398/03/12,1398,3,12,cement,سیمان، آهک و گچ,70077233737515808,1621.6,1605.7,1611.3,TSETMC
2019-06-02,1398/03/12,1398,3,12,tile_ceramic,کاشی و سرامیک,57616105980228781,5622.0,5578.0,5602.8,TSETMC
2019-06-03,1398/03/13,1398,3,13,cement,سیمان، آهک و گچ,70077233737515808,1612.9,1598.5,1612.9,TSETMC
2019-06-03,1398/03/13,1398,3,13,tile_ceramic,کاشی و سرامیک,57616105980228781,5722.6,5610.4,5718.7,TSETMC
2019-06-08,1398/03/18,1398,3,18,cement,سیمان، آهک و گچ,70077233737515808,1658.6,1625.8,1658.6,TSETMC
2019-06-08,1398/03/18,1398,3,18,tile_ceramic,کاشی و سرامیک,57616105980228781,6091.2,5761.9,5861.3,TSETMC
2019-06-09,1398/03/19,1398,3,19,cement,سیمان، آهک و گچ,70077233737515808,1715.2,1684.7,1715.2,TSETMC
2019-06-09,1398/03/19,1398,3,19,tile_ceramic,کاشی و سرامیک,57616105980228781,6187.3,5932.8,6187.3,TSETMC
2019-06-10,1398/03/20,1398,3,20,cement,سیمان، آهک و گچ,70077233737515808,1761.2,1746.9,1754.4,TSETMC
2019-06-10,1398/03/20,1398,3,20,tile_ceramic,کاشی و سرامیک,57616105980228781,6326.7,6286.6,6323.9,TSETMC
2019-06-11,1398/03/21,1398,3,21,cement,سیمان، آهک و گچ,70077233737515808,1785.1,1750.1,1785.1,TSETMC
2019-06-11,1398/03/21,1398,3,21,tile_ceramic,کاشی و سرامیک,57616105980228781,6549.1,6467.3,6543.0,TSETMC
2019-06-12,1398/03/22,1398,3,22,cement,سیمان، آهک و گچ,70077233737515808,1814.7,1791.0,1791.0,TSETMC
2019-06-12,1398/03/22,1398,3,22,tile_ceramic,کاشی و سرامیک,57616105980228781,6596.2,6513.4,6596.1,TSETMC
2019-06-15,1398/03/25,1398,3,25,cement,سیمان، آهک و گچ,70077233737515808,1785.1,1762.7,1765.0,TSETMC
2019-06-15,1398/03/25,1398,3,25,tile_ceramic,کاشی و سرامیک,57616105980228781,6581.5,6501.1,6559.5,TSETMC
2019-06-16,1398/03/26,1398,3,26,cement,سیمان، آهک و گچ,70077233737515808,1783.2,1770.4,1770.4,TSETMC
2019-06-16,1398/03/26,1398,3,26,tile_ceramic,کاشی و سرامیک,57616105980228781,6892.7,6389.7,6389.7,TSETMC
2019-06-17,1398/03/27,1398,3,27,cement,سیمان، آهک و گچ,70077233737515808,1777.1,1765.0,1775.5,TSETMC
2019-06-17,1398/03/27,1398,3,27,tile_ceramic,کاشی و سرامیک,57616105980228781,6317.3,6097.5,6103.4,TSETMC
2019-06-18,1398/03/28,1398,3,28,cement,سیمان، آهک و گچ,70077233737515808,1792.4,1769.9,1769.9,TSETMC
2019-06-18,1398/03/28,1398,3,28,tile_ceramic,کاشی و سرامیک,57616105980228781,6181.0,6017.4,6017.4,TSETMC
2019-06-19,1398/03/29,1398,3,29,cement,سیمان، آهک و گچ,70077233737515808,1766.6,1727.6,1728.7,TSETMC
2019-06-19,1398/03/29,1398,3,29,tile_ceramic,کاشی و سرامیک,57616105980228781,6009.3,5806.3,5813.9,TSETMC
2019-06-22,1398/04/01,1398,4,1,cement,سیمان، آهک و گچ,70077233737515808,1716.4,1684.2,1690.5,TSETMC
2019-06-22,1398/04/01,1398,4,1,tile_ceramic,کاشی و سرامیک,57616105980228781,5835.4,5738.9,5746.2,TSETMC
2019-06-23,1398/04/02,1398,4,2,cement,سیمان، آهک و گچ,70077233737515808,1739.1,1700.9,1739.1,TSETMC
2019-06-23,1398/04/02,1398,4,2,tile_ceramic,کاشی و سرامیک,57616105980228781,5874.0,5752.2,5870.2,TSETMC
2019-06-24,1398/04/03,1398,4,3,cement,سیمان، آهک و گچ,70077233737515808,1793.6,1767.4,1793.6,TSETMC
2019-06-24,1398/04/03,1398,4,3,tile_ceramic,کاشی و سرامیک,57616105980228781,6027.5,5893.5,6005.5,TSETMC
2019-06-25,1398/04/04,1398,4,4,cement,سیمان، آهک و گچ,70077233737515808,1814.6,1801.3,1814.6,TSETMC
2019-06-25,1398/04/04,1398,4,4,tile_ceramic,کاشی و سرامیک,57616105980228781,6068.7,5902.4,5902.4,TSETMC
2019-06-26,1398/04/05,1398,4,5,cement,سیمان، آهک و گچ,70077233737515808,1889.9,1856.8,1889.9,TSETMC
2019-06-26,1398/04/05,1398,4,5,tile_ceramic,کاشی و سرامیک,57616105980228781,5933.0,5826.7,5826.7,TSETMC
2019-06-30,1398/04/09,1398,4,9,cement,سیمان، آهک و گچ,70077233737515808,1969.3,1950.1,1950.1,TSETMC
2019-06-30,1398/04/09,1398,4,9,tile_ceramic,کاشی و سرامیک,57616105980228781,5870.3,5828.3,5844.6,TSETMC
2019-07-01,1398/04/10,1398,4,10,cement,سیمان، آهک و گچ,70077233737515808,1921.0,1885.3,1885.3,TSETMC
2019-07-01,1398/04/10,1398,4,10,tile_ceramic,کاشی و سرامیک,57616105980228781,5924.7,5808.6,5924.7,TSETMC
2019-07-02,1398/04/11,1398,4,11,cement,سیمان، آهک و گچ,70077233737515808,1905.5,1888.6,1904.3,TSETMC
2019-07-02,1398/04/11,1398,4,11,tile_ceramic,کاشی و سرامیک,57616105980228781,6101.4,5941.1,6101.4,TSETMC
2019-07-03,1398/04/12,1398,4,12,cement,سیمان، آهک و گچ,70077233737515808,1930.5,1907.2,1907.2,TSETMC
2019-07-03,1398/04/12,1398,4,12,tile_ceramic,کاشی و سرامیک,57616105980228781,6230.7,6133.1,6228.3,TSETMC
2019-07-06,1398/04/15,1398,4,15,cement,سیمان، آهک و گچ,70077233737515808,1909.2,1874.3,1874.3,TSETMC
2019-07-06,1398/04/15,1398,4,15,tile_ceramic,کاشی و سرامیک,57616105980228781,6279.9,6181.9,6181.9,TSETMC
2019-07-07,1398/04/16,1398,4,16,cement,سیمان، آهک و گچ,70077233737515808,1871.0,1854.9,1854.9,TSETMC
2019-07-07,1398/04/16,1398,4,16,tile_ceramic,کاشی و سرامیک,57616105980228781,6255.0,6163.8,6255.0,TSETMC
2019-07-08,1398/04/17,1398,4,17,cement,سیمان، آهک و گچ,70077233737515808,1885.1,1860.7,1861.3,TSETMC
2019-07-08,1398/04/17,1398,4,17,tile_ceramic,کاشی و سرامیک,57616105980228781,6459.7,6281.1,6459.7,TSETMC
2019-07-09,1398/04/18,1398,4,18,cement,سیمان، آهک و گچ,70077233737515808,1860.9,1823.0,1829.5,TSETMC
2019-07-09,1398/04/18,1398,4,18,tile_ceramic,کاشی و سرامیک,57616105980228781,6587.2,6494.3,6587.2,TSETMC
2019-07-10,1398/04/19,1398,4,19,cement,سیمان، آهک و گچ,70077233737515808,1871.5,1831.4,1868.0,TSETMC
2019-07-10,1398/04/19,1398,4,19,tile_ceramic,کاشی و سرامیک,57616105980228781,6668.9,6556.8,6556.8,TSETMC
2019-07-13,1398/04/22,1398,4,22,cement,سیمان، آهک و گچ,70077233737515808,1883.5,1860.9,1860.9,TSETMC
2019-07-13,1398/04/22,1398,4,22,tile_ceramic,کاشی و سرامیک,57616105980228781,6584.3,6536.1,6537.5,TSETMC
2019-07-14,1398/04/23,1398,4,23,cement,سیمان، آهک و گچ,70077233737515808,1862.9,1842.5,1842.5,TSETMC
2019-07-14,1398/04/23,1398,4,23,tile_ceramic,کاشی و سرامیک,57616105980228781,6594.9,6509.7,6509.7,TSETMC
2019-07-15,1398/04/24,1398,4,24,cement,سیمان، آهک و گچ,70077233737515808,1850.6,1815.5,1815.5,TSETMC
2019-07-15,1398/04/24,1398,4,24,tile_ceramic,کاشی و سرامیک,57616105980228781,6488.7,6410.4,6434.8,TSETMC
2019-07-16,1398/04/25,1398,4,25,cement,سیمان، آهک و گچ,70077233737515808,1808.0,1752.4,1752.5,TSETMC
2019-07-16,1398/04/25,1398,4,25,tile_ceramic,کاشی و سرامیک,57616105980228781,6426.5,6242.4,6243.8,TSETMC
2019-07-17,1398/04/26,1398,4,26,cement,سیمان، آهک و گچ,70077233737515808,1743.2,1722.8,1741.3,TSETMC
2019-07-17,1398/04/26,1398,4,26,tile_ceramic,کاشی و سرامیک,57616105980228781,6233.8,6186.8,6232.6,TSETMC
2019-07-20,1398/04/29,1398,4,29,cement,سیمان، آهک و گچ,70077233737515808,1740.4,1716.6,1716.6,TSETMC
2019-07-20,1398/04/29,1398,4,29,tile_ceramic,کاشی و سرامیک,57616105980228781,6215.7,6202.0,6208.6,TSETMC
2019-07-21,1398/04/30,1398,4,30,cement,سیمان، آهک و گچ,70077233737515808,1735.2,1714.4,1735.2,TSETMC
2019-07-21,1398/04/30,1398,4,30,tile_ceramic,کاشی و سرامیک,57616105980228781,6381.5,6206.9,6379.0,TSETMC
2019-07-22,1398/04/31,1398,4,31,cement,سیمان، آهک و گچ,70077233737515808,1745.0,1731.2,1731.2,TSETMC
2019-07-22,1398/04/31,1398,4,31,tile_ceramic,کاشی و سرامیک,57616105980228781,6412.9,6362.9,6395.0,TSETMC
2019-07-23,1398/05/01,1398,5,1,cement,سیمان، آهک و گچ,70077233737515808,1737.0,1710.7,1710.7,TSETMC
2019-07-23,1398/05/01,1398,5,1,tile_ceramic,کاشی و سرامیک,57616105980228781,6426.9,6265.5,6267.2,TSETMC
2019-07-24,1398/05/02,1398,5,2,cement,سیمان، آهک و گچ,70077233737515808,1746.1,1710.7,1731.5,TSETMC
2019-07-24,1398/05/02,1398,5,2,tile_ceramic,کاشی و سرامیک,57616105980228781,6300.0,6271.9,6271.9,TSETMC
2019-07-27,1398/05/05,1398,5,5,cement,سیمان، آهک و گچ,70077233737515808,1733.5,1726.7,1726.7,TSETMC
2019-07-27,1398/05/05,1398,5,5,tile_ceramic,کاشی و سرامیک,57616105980228781,6468.0,6278.1,6468.0,TSETMC
2019-07-28,1398/05/06,1398,5,6,cement,سیمان، آهک و گچ,70077233737515808,1722.8,1712.7,1712.8,TSETMC
2019-07-28,1398/05/06,1398,5,6,tile_ceramic,کاشی و سرامیک,57616105980228781,6592.8,6535.3,6592.8,TSETMC
2019-07-29,1398/05/07,1398,5,7,cement,سیمان، آهک و گچ,70077233737515808,1713.4,1702.9,1703.3,TSETMC
2019-07-29,1398/05/07,1398,5,7,tile_ceramic,کاشی و سرامیک,57616105980228781,6672.0,6623.6,6669.4,TSETMC
2019-07-30,1398/05/08,1398,5,8,cement,سیمان، آهک و گچ,70077233737515808,1740.9,1705.7,1740.9,TSETMC
2019-07-30,1398/05/08,1398,5,8,tile_ceramic,کاشی و سرامیک,57616105980228781,6792.2,6672.7,6792.2,TSETMC
2019-07-31,1398/05/09,1398,5,9,cement,سیمان، آهک و گچ,70077233737515808,1859.4,1752.9,1804.0,TSETMC
2019-07-31,1398/05/09,1398,5,9,tile_ceramic,کاشی و سرامیک,57616105980228781,6894.0,6841.4,6882.7,TSETMC
2019-08-03,1398/05/12,1398,5,12,cement,سیمان، آهک و گچ,70077233737515808,1870.1,1811.8,1811.8,TSETMC
2019-08-03,1398/05/12,1398,5,12,tile_ceramic,کاشی و سرامیک,57616105980228781,6893.8,6850.2,6850.2,TSETMC
2019-08-04,1398/05/13,1398,5,13,cement,سیمان، آهک و گچ,70077233737515808,1812.7,1799.3,1799.3,TSETMC
2019-08-04,1398/05/13,1398,5,13,tile_ceramic,کاشی و سرامیک,57616105980228781,6991.1,6838.9,6991.1,TSETMC
2019-08-05,1398/05/14,1398,5,14,cement,سیمان، آهک و گچ,70077233737515808,1811.2,1805.7,1809.6,TSETMC
2019-08-05,1398/05/14,1398,5,14,tile_ceramic,کاشی و سرامیک,57616105980228781,7233.1,7028.4,7232.5,TSETMC
2019-08-06,1398/05/15,1398,5,15,cement,سیمان، آهک و گچ,70077233737515808,1813.9,1792.4,1792.4,TSETMC
2019-08-06,1398/05/15,1398,5,15,tile_ceramic,کاشی و سرامیک,57616105980228781,7623.8,7323.7,7421.3,TSETMC
2019-08-07,1398/05/16,1398,5,16,cement,سیمان، آهک و گچ,70077233737515808,1794.8,1786.9,1786.9,TSETMC
2019-08-07,1398/05/16,1398,5,16,tile_ceramic,کاشی و سرامیک,57616105980228781,7709.0,7603.7,7687.9,TSETMC
2019-08-10,1398/05/19,1398,5,19,cement,سیمان، آهک و گچ,70077233737515808,1805.5,1790.4,1805.5,TSETMC
2019-08-10,1398/05/19,1398,5,19,tile_ceramic,کاشی و سرامیک,57616105980228781,7788.1,7628.7,7628.7,TSETMC
2019-08-11,1398/05/20,1398,5,20,cement,سیمان، آهک و گچ,70077233737515808,1832.5,1826.8,1828.3,TSETMC
2019-08-11,1398/05/20,1398,5,20,tile_ceramic,کاشی و سرامیک,57616105980228781,7740.4,7629.7,7740.4,TSETMC
2019-08-13,1398/05/22,1398,5,22,cement,سیمان، آهک و گچ,70077233737515808,1837.8,1834.7,1836.1,TSETMC
2019-08-13,1398/05/22,1398,5,22,tile_ceramic,کاشی و سرامیک,57616105980228781,7865.2,7758.2,7865.2,TSETMC
2019-08-14,1398/05/23,1398,5,23,cement,سیمان، آهک و گچ,70077233737515808,1853.8,1845.2,1847.1,TSETMC
2019-08-14,1398/05/23,1398,5,23,tile_ceramic,کاشی و سرامیک,57616105980228781,8038.7,7924.1,8014.1,TSETMC
2019-08-17,1398/05/26,1398,5,26,cement,سیمان، آهک و گچ,70077233737515808,1894.1,1861.4,1894.1,TSETMC
2019-08-17,1398/05/26,1398,5,26,tile_ceramic,کاشی و سرامیک,57616105980228781,8153.8,8018.9,8153.8,TSETMC
2019-08-18,1398/05/27,1398,5,27,cement,سیمان، آهک و گچ,70077233737515808,1918.6,1901.2,1901.2,TSETMC
2019-08-18,1398/05/27,1398,5,27,tile_ceramic,کاشی و سرامیک,57616105980228781,8298.5,8222.3,8239.7,TSETMC
2019-08-19,1398/05/28,1398,5,28,cement,سیمان، آهک و گچ,70077233737515808,1908.2,1898.4,1908.2,TSETMC
2019-08-19,1398/05/28,1398,5,28,tile_ceramic,کاشی و سرامیک,57616105980228781,8459.0,8388.4,8401.5,TSETMC
2019-08-21,1398/05/30,1398,5,30,cement,سیمان، آهک و گچ,70077233737515808,1971.0,1937.4,1971.0,TSETMC
2019-08-21,1398/05/30,1398,5,30,tile_ceramic,کاشی و سرامیک,57616105980228781,8740.2,8686.5,8733.8,TSETMC
2019-08-24,1398/06/02,1398,6,2,cement,سیمان، آهک و گچ,70077233737515808,2051.7,2023.7,2051.6,TSETMC
2019-08-24,1398/06/02,1398,6,2,tile_ceramic,کاشی و سرامیک,57616105980228781,9079.0,8905.5,9079.0,TSETMC
2019-08-25,1398/06/03,1398,6,3,cement,سیمان، آهک و گچ,70077233737515808,2095.7,2053.3,2061.3,TSETMC
2019-08-25,1398/06/03,1398,6,3,tile_ceramic,کاشی و سرامیک,57616105980228781,9276.9,9120.5,9235.2,TSETMC
2019-08-26,1398/06/04,1398,6,4,cement,سیمان، آهک و گچ,70077233737515808,2123.3,2098.4,2122.8,TSETMC
2019-08-26,1398/06/04,1398,6,4,tile_ceramic,کاشی و سرامیک,57616105980228781,9703.5,9424.2,9703.5,TSETMC
2019-08-27,1398/06/05,1398,6,5,cement,سیمان، آهک و گچ,70077233737515808,2153.4,2139.0,2139.0,TSETMC
2019-08-27,1398/06/05,1398,6,5,tile_ceramic,کاشی و سرامیک,57616105980228781,10024.3,9911.6,9968.4,TSETMC
2019-08-28,1398/06/06,1398,6,6,cement,سیمان، آهک و گچ,70077233737515808,2134.1,2089.6,2134.1,TSETMC
2019-08-28,1398/06/06,1398,6,6,tile_ceramic,کاشی و سرامیک,57616105980228781,10131.7,10039.6,10131.7,TSETMC
2019-08-31,1398/06/09,1398,6,9,cement,سیمان، آهک و گچ,70077233737515808,2195.0,2172.6,2172.6,TSETMC
2019-08-31,1398/06/09,1398,6,9,tile_ceramic,کاشی و سرامیک,57616105980228781,10209.0,10073.0,10073.0,TSETMC
2019-09-01,1398/06/10,1398,6,10,cement,سیمان، آهک و گچ,70077233737515808,2162.6,2142.7,2150.1,TSETMC
2019-09-01,1398/06/10,1398,6,10,tile_ceramic,کاشی و سرامیک,57616105980228781,9933.4,9791.2,9815.7,TSETMC
2019-09-02,1398/06/11,1398,6,11,cement,سیمان، آهک و گچ,70077233737515808,2140.9,2094.0,2094.0,TSETMC
2019-09-02,1398/06/11,1398,6,11,tile_ceramic,کاشی و سرامیک,57616105980228781,9885.5,9734.6,9734.6,TSETMC
2019-09-03,1398/06/12,1398,6,12,cement,سیمان، آهک و گچ,70077233737515808,2092.1,2084.8,2092.1,TSETMC
2019-09-03,1398/06/12,1398,6,12,tile_ceramic,کاشی و سرامیک,57616105980228781,9738.9,9612.9,9738.9,TSETMC
2019-09-04,1398/06/13,1398,6,13,cement,سیمان، آهک و گچ,70077233737515808,2147.4,2115.8,2146.2,TSETMC
2019-09-04,1398/06/13,1398,6,13,tile_ceramic,کاشی و سرامیک,57616105980228781,10175.4,10011.2,10175.4,TSETMC
2019-09-07,1398/06/16,1398,6,16,cement,سیمان، آهک و گچ,70077233737515808,2175.2,2156.4,2174.5,TSETMC
2019-09-07,1398/06/16,1398,6,16,tile_ceramic,کاشی و سرامیک,57616105980228781,10520.7,10433.6,10441.1,TSETMC
2019-09-08,1398/06/17,1398,6,17,cement,سیمان، آهک و گچ,70077233737515808,2221.5,2197.0,2221.4,TSETMC
2019-09-08,1398/06/17,1398,6,17,tile_ceramic,کاشی و سرامیک,57616105980228781,10577.9,10487.1,10487.1,TSETMC
2019-09-11,1398/06/20,1398,6,20,cement,سیمان، آهک و گچ,70077233737515808,2303.8,2259.8,2303.8,TSETMC
2019-09-11,1398/06/20,1398,6,20,tile_ceramic,کاشی و سرامیک,57616105980228781,10651.6,10581.0,10591.9,TSETMC
2019-09-14,1398/06/23,1398,6,23,cement,سیمان، آهک و گچ,70077233737515808,2374.5,2354.8,2374.5,TSETMC
2019-09-14,1398/06/23,1398,6,23,tile_ceramic,کاشی و سرامیک,57616105980228781,10869.4,10655.0,10869.4,TSETMC
2019-09-15,1398/06/24,1398,6,24,cement,سیمان، آهک و گچ,70077233737515808,2396.7,2365.7,2377.1,TSETMC
2019-09-15,1398/06/24,1398,6,24,tile_ceramic,کاشی و سرامیک,57616105980228781,10983.4,10904.9,10958.2,TSETMC
2019-09-16,1398/06/25,1398,6,25,cement,سیمان، آهک و گچ,70077233737515808,2454.4,2414.1,2449.9,TSETMC
2019-09-16,1398/06/25,1398,6,25,tile_ceramic,کاشی و سرامیک,57616105980228781,11049.2,11016.9,11037.2,TSETMC
2019-09-17,1398/06/26,1398,6,26,cement,سیمان، آهک و گچ,70077233737515808,2466.4,2446.8,2455.7,TSETMC
2019-09-17,1398/06/26,1398,6,26,tile_ceramic,کاشی و سرامیک,57616105980228781,11189.4,11039.0,11188.2,TSETMC
2019-09-18,1398/06/27,1398,6,27,cement,سیمان، آهک و گچ,70077233737515808,2446.8,2404.2,2405.0,TSETMC
2019-09-18,1398/06/27,1398,6,27,tile_ceramic,کاشی و سرامیک,57616105980228781,11124.2,10947.9,11016.3,TSETMC
2019-09-21,1398/06/30,1398,6,30,cement,سیمان، آهک و گچ,70077233737515808,2453.9,2426.3,2453.9,TSETMC
2019-09-21,1398/06/30,1398,6,30,tile_ceramic,کاشی و سرامیک,57616105980228781,11201.8,11116.5,11170.8,TSETMC
2019-09-22,1398/06/31,1398,6,31,cement,سیمان، آهک و گچ,70077233737515808,2540.7,2504.5,2540.7,TSETMC
2019-09-22,1398/06/31,1398,6,31,tile_ceramic,کاشی و سرامیک,57616105980228781,11672.8,11377.7,11672.8,TSETMC
2019-09-23,1398/07/01,1398,7,1,cement,سیمان، آهک و گچ,70077233737515808,2615.9,2587.1,2614.0,TSETMC
2019-09-23,1398/07/01,1398,7,1,tile_ceramic,کاشی و سرامیک,57616105980228781,12039.3,11846.9,12017.3,TSETMC
2019-09-24,1398/07/02,1398,7,2,cement,سیمان، آهک و گچ,70077233737515808,2648.8,2615.2,2615.2,TSETMC
2019-09-24,1398/07/02,1398,7,2,tile_ceramic,کاشی و سرامیک,57616105980228781,12353.0,12150.2,12150.2,TSETMC
2019-09-25,1398/07/03,1398,7,3,cement,سیمان، آهک و گچ,70077233737515808,2683.2,2611.8,2683.2,TSETMC
2019-09-25,1398/07/03,1398,7,3,tile_ceramic,کاشی و سرامیک,57616105980228781,12037.5,12019.1,12037.3,TSETMC
2019-09-28,1398/07/06,1398,7,6,cement,سیمان، آهک و گچ,70077233737515808,2750.4,2740.7,2750.0,TSETMC
2019-09-28,1398/07/06,1398,7,6,tile_ceramic,کاشی و سرامیک,57616105980228781,12046.6,11979.6,11979.9,TSETMC
2019-09-29,1398/07/07,1398,7,7,cement,سیمان، آهک و گچ,70077233737515808,2800.8,2787.7,2787.7,TSETMC
2019-09-29,1398/07/07,1398,7,7,tile_ceramic,کاشی و سرامیک,57616105980228781,11958.3,11717.1,11718.5,TSETMC
2019-09-30,1398/07/08,1398,7,8,cement,سیمان، آهک و گچ,70077233737515808,2841.3,2808.1,2808.1,TSETMC
2019-09-30,1398/07/08,1398,7,8,tile_ceramic,کاشی و سرامیک,57616105980228781,12133.1,11783.4,12097.2,TSETMC
2019-10-01,1398/07/09,1398,7,9,cement,سیمان، آهک و گچ,70077233737515808,2789.3,2764.6,2764.6,TSETMC
2019-10-01,1398/07/09,1398,7,9,tile_ceramic,کاشی و سرامیک,57616105980228781,12315.3,12068.2,12068.2,TSETMC
2019-10-02,1398/07/10,1398,7,10,cement,سیمان، آهک و گچ,70077233737515808,2710.2,2689.7,2696.5,TSETMC
2019-10-02,1398/07/10,1398,7,10,tile_ceramic,کاشی و سرامیک,57616105980228781,11703.5,11611.0,11693.1,TSETMC
2019-10-05,1398/07/13,1398,7,13,cement,سیمان، آهک و گچ,70077233737515808,2766.0,2731.7,2757.3,TSETMC
2019-10-05,1398/07/13,1398,7,13,tile_ceramic,کاشی و سرامیک,57616105980228781,11834.0,11708.9,11708.9,TSETMC
2019-10-06,1398/07/14,1398,7,14,cement,سیمان، آهک و گچ,70077233737515808,2733.8,2709.4,2714.6,TSETMC
2019-10-06,1398/07/14,1398,7,14,tile_ceramic,کاشی و سرامیک,57616105980228781,11533.0,11336.7,11399.2,TSETMC
2019-10-07,1398/07/15,1398,7,15,cement,سیمان، آهک و گچ,70077233737515808,2763.4,2729.4,2729.4,TSETMC
2019-10-07,1398/07/15,1398,7,15,tile_ceramic,کاشی و سرامیک,57616105980228781,11685.2,11415.1,11473.7,TSETMC
2019-10-08,1398/07/16,1398,7,16,cement,سیمان، آهک و گچ,70077233737515808,2732.4,2647.3,2647.3,TSETMC
2019-10-08,1398/07/16,1398,7,16,tile_ceramic,کاشی و سرامیک,57616105980228781,11549.5,11138.1,11138.2,TSETMC
2019-10-09,1398/07/17,1398,7,17,cement,سیمان، آهک و گچ,70077233737515808,2591.6,2554.7,2567.2,TSETMC
2019-10-09,1398/07/17,1398,7,17,tile_ceramic,کاشی و سرامیک,57616105980228781,10849.4,10639.7,10734.7,TSETMC
2019-10-12,1398/07/20,1398,7,20,cement,سیمان، آهک و گچ,70077233737515808,2617.6,2602.8,2607.0,TSETMC
2019-10-12,1398/07/20,1398,7,20,tile_ceramic,کاشی و سرامیک,57616105980228781,11018.4,10899.0,10899.0,TSETMC
2019-10-13,1398/07/21,1398,7,21,cement,سیمان، آهک و گچ,70077233737515808,2639.9,2604.0,2604.0,TSETMC
2019-10-13,1398/07/21,1398,7,21,tile_ceramic,کاشی و سرامیک,57616105980228781,11090.7,10910.7,10910.7,TSETMC
2019-10-14,1398/07/22,1398,7,22,cement,سیمان، آهک و گچ,70077233737515808,2563.5,2513.7,2513.7,TSETMC
2019-10-14,1398/07/22,1398,7,22,tile_ceramic,کاشی و سرامیک,57616105980228781,10805.5,10468.6,10469.2,TSETMC
2019-10-15,1398/07/23,1398,7,23,cement,سیمان، آهک و گچ,70077233737515808,2503.6,2431.7,2431.7,TSETMC
2019-10-15,1398/07/23,1398,7,23,tile_ceramic,کاشی و سرامیک,57616105980228781,10183.6,10073.2,10073.2,TSETMC
2019-10-16,1398/07/24,1398,7,24,cement,سیمان، آهک و گچ,70077233737515808,2371.2,2342.4,2342.4,TSETMC
2019-10-16,1398/07/24,1398,7,24,tile_ceramic,کاشی و سرامیک,57616105980228781,9923.7,9731.0,9731.0,TSETMC
2019-10-20,1398/07/28,1398,7,28,cement,سیمان، آهک و گچ,70077233737515808,2318.1,2266.0,2266.0,TSETMC
2019-10-20,1398/07/28,1398,7,28,tile_ceramic,کاشی و سرامیک,57616105980228781,9541.8,9493.8,9493.8,TSETMC
2019-10-21,1398/07/29,1398,7,29,cement,سیمان، آهک و گچ,70077233737515808,2247.5,2200.4,2207.1,TSETMC
2019-10-21,1398/07/29,1398,7,29,tile_ceramic,کاشی و سرامیک,57616105980228781,9464.1,9197.4,9197.4,TSETMC
2019-10-22,1398/07/30,1398,7,30,cement,سیمان، آهک و گچ,70077233737515808,2263.6,2243.9,2245.5,TSETMC
2019-10-22,1398/07/30,1398,7,30,tile_ceramic,کاشی و سرامیک,57616105980228781,9308.1,9057.7,9057.7,TSETMC
2019-10-23,1398/08/01,1398,8,1,cement,سیمان، آهک و گچ,70077233737515808,2249.6,2203.0,2203.0,TSETMC
2019-10-23,1398/08/01,1398,8,1,tile_ceramic,کاشی و سرامیک,57616105980228781,8958.0,8690.0,8690.0,TSETMC
2019-10-26,1398/08/04,1398,8,4,cement,سیمان، آهک و گچ,70077233737515808,2199.1,2180.6,2186.8,TSETMC
2019-10-26,1398/08/04,1398,8,4,tile_ceramic,کاشی و سرامیک,57616105980228781,8658.7,8556.2,8658.6,TSETMC
2019-10-28,1398/08/06,1398,8,6,cement,سیمان، آهک و گچ,70077233737515808,2249.2,2206.2,2249.2,TSETMC
2019-10-28,1398/08/06,1398,8,6,tile_ceramic,کاشی و سرامیک,57616105980228781,9073.6,8968.5,9073.6,TSETMC
2019-10-30,1398/08/08,1398,8,8,cement,سیمان، آهک و گچ,70077233737515808,2337.8,2299.1,2337.8,TSETMC
2019-10-30,1398/08/08,1398,8,8,tile_ceramic,کاشی و سرامیک,57616105980228781,9353.0,9203.1,9334.5,TSETMC
2019-11-02,1398/08/11,1398,8,11,cement,سیمان، آهک و گچ,70077233737515808,2380.8,2363.4,2365.1,TSETMC
2019-11-02,1398/08/11,1398,8,11,tile_ceramic,کاشی و سرامیک,57616105980228781,9675.2,9552.3,9554.7,TSETMC
2019-11-03,1398/08/12,1398,8,12,cement,سیمان، آهک و گچ,70077233737515808,2415.3,2383.0,2413.3,TSETMC
2019-11-03,1398/08/12,1398,8,12,tile_ceramic,کاشی و سرامیک,57616105980228781,9886.2,9585.3,9885.7,TSETMC
2019-11-04,1398/08/13,1398,8,13,cement,سیمان، آهک و گچ,70077233737515808,2407.1,2360.8,2360.8,TSETMC
2019-11-04,1398/08/13,1398,8,13,tile_ceramic,کاشی و سرامیک,57616105980228781,10183.1,10089.4,10093.6,TSETMC
2019-11-05,1398/08/14,1398,8,14,cement,سیمان، آهک و گچ,70077233737515808,2351.6,2320.7,2348.5,TSETMC
2019-11-05,1398/08/14,1398,8,14,tile_ceramic,کاشی و سرامیک,57616105980228781,10198.3,10088.1,10094.2,TSETMC
2019-11-09,1398/08/18,1398,8,18,cement,سیمان، آهک و گچ,70077233737515808,2369.1,2357.8,2363.0,TSETMC
2019-11-09,1398/08/18,1398,8,18,tile_ceramic,کاشی و سرامیک,57616105980228781,10034.1,9883.5,9883.5,TSETMC
2019-11-10,1398/08/19,1398,8,19,cement,سیمان، آهک و گچ,70077233737515808,2374.9,2344.7,2358.2,TSETMC
2019-11-10,1398/08/19,1398,8,19,tile_ceramic,کاشی و سرامیک,57616105980228781,9856.5,9709.8,9856.5,TSETMC
2019-11-11,1398/08/20,1398,8,20,cement,سیمان، آهک و گچ,70077233737515808,2394.7,2378.3,2394.7,TSETMC
2019-11-11,1398/08/20,1398,8,20,tile_ceramic,کاشی و سرامیک,57616105980228781,10261.3,10037.2,10261.3,TSETMC
2019-11-12,1398/08/21,1398,8,21,cement,سیمان، آهک و گچ,70077233737515808,2478.0,2425.1,2477.3,TSETMC
2019-11-12,1398/08/21,1398,8,21,tile_ceramic,کاشی و سرامیک,57616105980228781,10690.9,10582.0,10690.9,TSETMC
2019-11-13,1398/08/22,1398,8,22,cement,سیمان، آهک و گچ,70077233737515808,2518.3,2502.8,2515.6,TSETMC
2019-11-13,1398/08/22,1398,8,22,tile_ceramic,کاشی و سرامیک,57616105980228781,10964.3,10924.1,10964.3,TSETMC
2019-11-16,1398/08/25,1398,8,25,cement,سیمان، آهک و گچ,70077233737515808,2498.8,2459.3,2460.3,TSETMC
2019-11-16,1398/08/25,1398,8,25,tile_ceramic,کاشی و سرامیک,57616105980228781,10909.9,10684.3,10684.3,TSETMC
2019-11-17,1398/08/26,1398,8,26,cement,سیمان، آهک و گچ,70077233737515808,2436.5,2379.5,2379.5,TSETMC
2019-11-17,1398/08/26,1398,8,26,tile_ceramic,کاشی و سرامیک,57616105980228781,10557.2,10261.7,10261.7,TSETMC
2019-11-18,1398/08/27,1398,8,27,cement,سیمان، آهک و گچ,70077233737515808,2336.0,2323.2,2333.7,TSETMC
2019-11-18,1398/08/27,1398,8,27,tile_ceramic,کاشی و سرامیک,57616105980228781,10113.6,9938.1,9971.2,TSETMC
2019-11-19,1398/08/28,1398,8,28,cement,سیمان، آهک و گچ,70077233737515808,2360.4,2338.4,2360.4,TSETMC
2019-11-19,1398/08/28,1398,8,28,tile_ceramic,کاشی و سرامیک,57616105980228781,10156.0,10048.0,10112.5,TSETMC
2019-11-20,1398/08/29,1398,8,29,cement,سیمان، آهک و گچ,70077233737515808,2385.1,2366.2,2384.0,TSETMC
2019-11-20,1398/08/29,1398,8,29,tile_ceramic,کاشی و سرامیک,57616105980228781,10301.8,10173.3,10301.8,TSETMC
2019-11-23,1398/09/02,1398,9,2,cement,سیمان، آهک و گچ,70077233737515808,2421.0,2391.6,2418.5,TSETMC
2019-11-23,1398/09/02,1398,9,2,tile_ceramic,کاشی و سرامیک,57616105980228781,10576.9,10490.9,10491.5,TSETMC
2019-11-24,1398/09/03,1398,9,3,cement,سیمان، آهک و گچ,70077233737515808,2443.2,2423.6,2443.2,TSETMC
2019-11-24,1398/09/03,1398,9,3,tile_ceramic,کاشی و سرامیک,57616105980228781,10632.4,10467.3,10514.1,TSETMC
2019-11-25,1398/09/04,1398,9,4,cement,سیمان، آهک و گچ,70077233737515808,2535.7,2500.4,2535.7,TSETMC
2019-11-25,1398/09/04,1398,9,4,tile_ceramic,کاشی و سرامیک,57616105980228781,10868.1,10688.2,10868.1,TSETMC
2019-11-26,1398/09/05,1398,9,5,cement,سیمان، آهک و گچ,70077233737515808,2569.3,2548.8,2551.1,TSETMC
2019-11-26,1398/09/05,1398,9,5,tile_ceramic,کاشی و سرامیک,57616105980228781,11115.2,11004.9,11004.9,TSETMC
2019-11-27,1398/09/06,1398,9,6,cement,سیمان، آهک و گچ,70077233737515808,2550.6,2530.3,2550.6,TSETMC
2019-11-27,1398/09/06,1398,9,6,tile_ceramic,کاشی و سرامیک,57616105980228781,11044.7,10972.0,11044.7,TSETMC
2019-11-30,1398/09/09,1398,9,9,cement,سیمان، آهک و گچ,70077233737515808,2627.3,2564.4,2627.3,TSETMC
2019-11-30,1398/09/09,1398,9,9,tile_ceramic,کاشی و سرامیک,57616105980228781,11343.5,11224.8,11224.8,TSETMC
2019-12-01,1398/09/10,1398,9,10,cement,سیمان، آهک و گچ,70077233737515808,2710.3,2676.0,2710.3,TSETMC
2019-12-01,1398/09/10,1398,9,10,tile_ceramic,کاشی و سرامیک,57616105980228781,11226.2,11134.6,11134.6,TSETMC
2019-12-02,1398/09/11,1398,9,11,cement,سیمان، آهک و گچ,70077233737515808,2747.6,2713.9,2721.6,TSETMC
2019-12-02,1398/09/11,1398,9,11,tile_ceramic,کاشی و سرامیک,57616105980228781,11155.1,11034.2,11066.5,TSETMC
2019-12-03,1398/09/12,1398,9,12,cement,سیمان، آهک و گچ,70077233737515808,2759.5,2719.6,2759.5,TSETMC
2019-12-03,1398/09/12,1398,9,12,tile_ceramic,کاشی و سرامیک,57616105980228781,11257.3,11134.2,11257.3,TSETMC
2019-12-04,1398/09/13,1398,9,13,cement,سیمان، آهک و گچ,70077233737515808,2811.5,2773.8,2811.5,TSETMC
2019-12-04,1398/09/13,1398,9,13,tile_ceramic,کاشی و سرامیک,57616105980228781,11508.6,11453.6,11502.1,TSETMC
2019-12-07,1398/09/16,1398,9,16,cement,سیمان، آهک و گچ,70077233737515808,2882.5,2862.7,2882.5,TSETMC
2019-12-07,1398/09/16,1398,9,16,tile_ceramic,کاشی و سرامیک,57616105980228781,11823.5,11676.0,11676.0,TSETMC
2019-12-08,1398/09/17,1398,9,17,cement,سیمان، آهک و گچ,70077233737515808,2951.4,2909.9,2951.4,TSETMC
2019-12-08,1398/09/17,1398,9,17,tile_ceramic,کاشی و سرامیک,57616105980228781,11822.5,11739.3,11818.5,TSETMC
2019-12-09,1398/09/18,1398,9,18,cement,سیمان، آهک و گچ,70077233737515808,3025.4,3022.9,3023.7,TSETMC
2019-12-09,1398/09/18,1398,9,18,tile_ceramic,کاشی و سرامیک,57616105980228781,12026.7,11949.8,11949.8,TSETMC
2019-12-10,1398/09/19,1398,9,19,cement,سیمان، آهک و گچ,70077233737515808,3047.6,3034.1,3040.0,TSETMC
2019-12-10,1398/09/19,1398,9,19,tile_ceramic,کاشی و سرامیک,57616105980228781,12146.9,12076.2,12078.8,TSETMC
2019-12-11,1398/09/20,1398,9,20,cement,سیمان، آهک و گچ,70077233737515808,3057.7,3021.3,3056.8,TSETMC
2019-12-11,1398/09/20,1398,9,20,tile_ceramic,کاشی و سرامیک,57616105980228781,12236.9,11880.8,12236.9,TSETMC
2019-12-14,1398/09/23,1398,9,23,cement,سیمان، آهک و گچ,70077233737515808,3097.5,3078.5,3091.6,TSETMC
2019-12-14,1398/09/23,1398,9,23,tile_ceramic,کاشی و سرامیک,57616105980228781,12859.5,12578.1,12859.5,TSETMC
2019-12-15,1398/09/24,1398,9,24,cement,سیمان، آهک و گچ,70077233737515808,3164.2,3147.2,3152.3,TSETMC
2019-12-15,1398/09/24,1398,9,24,tile_ceramic,کاشی و سرامیک,57616105980228781,13275.0,13201.4,13201.4,TSETMC
2019-12-16,1398/09/25,1398,9,25,cement,سیمان، آهک و گچ,70077233737515808,3253.1,3215.1,3253.1,TSETMC
2019-12-16,1398/09/25,1398,9,25,tile_ceramic,کاشی و سرامیک,57616105980228781,13290.3,13235.5,13245.8,TSETMC
2019-12-17,1398/09/26,1398,9,26,cement,سیمان، آهک و گچ,70077233737515808,3373.8,3327.6,3373.8,TSETMC
2019-12-17,1398/09/26,1398,9,26,tile_ceramic,کاشی و سرامیک,57616105980228781,13437.2,13129.9,13398.3,TSETMC
2019-12-18,1398/09/27,1398,9,27,cement,سیمان، آهک و گچ,70077233737515808,3420.6,3394.9,3401.1,TSETMC
2019-12-18,1398/09/27,1398,9,27,tile_ceramic,کاشی و سرامیک,57616105980228781,13467.7,13434.2,13446.4,TSETMC
2019-12-21,1398/09/30,1398,9,30,cement,سیمان، آهک و گچ,70077233737515808,3373.3,3350.3,3355.2,TSETMC
2019-12-21,1398/09/30,1398,9,30,tile_ceramic,کاشی و سرامیک,57616105980228781,13631.9,13525.8,13581.1,TSETMC
2019-12-22,1398/10/01,1398,10,1,cement,سیمان، آهک و گچ,70077233737515808,3396.6,3356.9,3396.6,TSETMC
2019-12-22,1398/10/01,1398,10,1,tile_ceramic,کاشی و سرامیک,57616105980228781,14068.5,13811.8,14037.6,TSETMC
2019-12-23,1398/10/02,1398,10,2,cement,سیمان، آهک و گچ,70077233737515808,3488.4,3446.6,3446.6,TSETMC
2019-12-23,1398/10/02,1398,10,2,tile_ceramic,کاشی و سرامیک,57616105980228781,14305.3,13933.2,13933.2,TSETMC
2019-12-24,1398/10/03,1398,10,3,cement,سیمان، آهک و گچ,70077233737515808,3469.9,3448.3,3462.2,TSETMC
2019-12-24,1398/10/03,1398,10,3,tile_ceramic,کاشی و سرامیک,57616105980228781,13977.5,13766.4,13954.6,TSETMC
2019-12-25,1398/10/04,1398,10,4,cement,سیمان، آهک و گچ,70077233737515808,3483.0,3459.6,3464.0,TSETMC
2019-12-25,1398/10/04,1398,10,4,tile_ceramic,کاشی و سرامیک,57616105980228781,14370.2,14158.5,14370.2,TSETMC
2019-12-28,1398/10/07,1398,10,7,cement,سیمان، آهک و گچ,70077233737515808,3629.4,3525.2,3629.3,TSETMC
2019-12-28,1398/10/07,1398,10,7,tile_ceramic,کاشی و سرامیک,57616105980228781,14858.8,14776.0,14830.7,TSETMC
2019-12-29,1398/10/08,1398,10,8,cement,سیمان، آهک و گچ,70077233737515808,3739.2,3675.1,3739.2,TSETMC
2019-12-29,1398/10/08,1398,10,8,tile_ceramic,کاشی و سرامیک,57616105980228781,14986.0,14808.7,14944.6,TSETMC
2019-12-30,1398/10/09,1398,10,9,cement,سیمان، آهک و گچ,70077233737515808,3880.9,3824.8,3880.9,TSETMC
2019-12-30,1398/10/09,1398,10,9,tile_ceramic,کاشی و سرامیک,57616105980228781,15002.7,14827.8,14996.2,TSETMC
2019-12-31,1398/10/10,1398,10,10,cement,سیمان، آهک و گچ,70077233737515808,3977.5,3944.5,3968.0,TSETMC
2019-12-31,1398/10/10,1398,10,10,tile_ceramic,کاشی و سرامیک,57616105980228781,15213.1,14887.0,14917.5,TSETMC
2020-01-01,1398/10/11,1398,10,11,cement,سیمان، آهک و گچ,70077233737515808,4090.7,4020.5,4071.7,TSETMC
2020-01-01,1398/10/11,1398,10,11,tile_ceramic,کاشی و سرامیک,57616105980228781,15372.8,15198.9,15270.4,TSETMC
2020-01-04,1398/10/14,1398,10,14,cement,سیمان، آهک و گچ,70077233737515808,4013.4,3919.8,3919.8,TSETMC
2020-01-04,1398/10/14,1398,10,14,tile_ceramic,کاشی و سرامیک,57616105980228781,15031.8,14679.9,14679.9,TSETMC
2020-01-05,1398/10/15,1398,10,15,cement,سیمان، آهک و گچ,70077233737515808,3814.4,3766.0,3766.0,TSETMC
2020-01-05,1398/10/15,1398,10,15,tile_ceramic,کاشی و سرامیک,57616105980228781,14317.3,14137.9,14175.4,TSETMC
2020-01-07,1398/10/17,1398,10,17,cement,سیمان، آهک و گچ,70077233737515808,3681.3,3645.1,3645.1,TSETMC
2020-01-07,1398/10/17,1398,10,17,tile_ceramic,کاشی و سرامیک,57616105980228781,13914.0,13754.8,13754.8,TSETMC
2020-01-08,1398/10/18,1398,10,18,cement,سیمان، آهک و گچ,70077233737515808,3642.5,3604.7,3604.7,TSETMC
2020-01-08,1398/10/18,1398,10,18,tile_ceramic,کاشی و سرامیک,57616105980228781,13726.1,13594.1,13594.1,TSETMC
2020-01-11,1398/10/21,1398,10,21,cement,سیمان، آهک و گچ,70077233737515808,3662.9,3642.4,3662.9,TSETMC
2020-01-11,1398/10/21,1398,10,21,tile_ceramic,کاشی و سرامیک,57616105980228781,13857.9,13769.8,13857.9,TSETMC
2020-01-12,1398/10/22,1398,10,22,cement,سیمان، آهک و گچ,70077233737515808,3802.3,3772.9,3802.3,TSETMC
2020-01-12,1398/10/22,1398,10,22,tile_ceramic,کاشی و سرامیک,57616105980228781,14531.5,14481.5,14519.0,TSETMC
2020-01-13,1398/10/23,1398,10,23,cement,سیمان، آهک و گچ,70077233737515808,3929.9,3883.3,3929.9,TSETMC
2020-01-13,1398/10/23,1398,10,23,tile_ceramic,کاشی و سرامیک,57616105980228781,15024.8,14677.6,15024.8,TSETMC
2020-01-14,1398/10/24,1398,10,24,cement,سیمان، آهک و گچ,70077233737515808,4011.8,3973.7,3978.3,TSETMC
2020-01-14,1398/10/24,1398,10,24,tile_ceramic,کاشی و سرامیک,57616105980228781,15255.8,14908.1,14967.1,TSETMC
2020-01-15,1398/10/25,1398,10,25,cement,سیمان، آهک و گچ,70077233737515808,3986.7,3946.8,3986.3,TSETMC
2020-01-15,1398/10/25,1398,10,25,tile_ceramic,کاشی و سرامیک,57616105980228781,15114.3,14911.2,15114.3,TSETMC
2020-01-18,1398/10/28,1398,10,28,cement,سیمان، آهک و گچ,70077233737515808,4127.6,4053.3,4112.0,TSETMC
2020-01-18,1398/10/28,1398,10,28,tile_ceramic,کاشی و سرامیک,57616105980228781,15687.3,15418.7,15616.1,TSETMC
2020-01-19,1398/10/29,1398,10,29,cement,سیمان، آهک و گچ,70077233737515808,4109.5,4057.5,4105.2,TSETMC
2020-01-19,1398/10/29,1398,10,29,tile_ceramic,کاشی و سرامیک,57616105980228781,15845.9,15729.8,15835.7,TSETMC
2020-01-20,1398/10/30,1398,10,30,cement,سیمان، آهک و گچ,70077233737515808,4138.0,4105.4,4138.0,TSETMC
2020-01-20,1398/10/30,1398,10,30,tile_ceramic,کاشی و سرامیک,57616105980228781,16488.2,16411.4,16488.2,TSETMC
2020-01-21,1398/11/01,1398,11,1,cement,سیمان، آهک و گچ,70077233737515808,4299.2,4228.1,4298.8,TSETMC
2020-01-21,1398/11/01,1398,11,1,tile_ceramic,کاشی و سرامیک,57616105980228781,17263.5,17067.4,17263.0,TSETMC
2020-01-22,1398/11/02,1398,11,2,cement,سیمان، آهک و گچ,70077233737515808,4454.1,4414.5,4454.1,TSETMC
2020-01-22,1398/11/02,1398,11,2,tile_ceramic,کاشی و سرامیک,57616105980228781,17816.2,17680.2,17808.4,TSETMC
2020-01-25,1398/11/05,1398,11,5,cement,سیمان، آهک و گچ,70077233737515808,4620.3,4564.0,4620.1,TSETMC
2020-01-25,1398/11/05,1398,11,5,tile_ceramic,کاشی و سرامیک,57616105980228781,18617.2,18552.9,18617.2,TSETMC
2020-01-26,1398/11/06,1398,11,6,cement,سیمان، آهک و گچ,70077233737515808,4800.2,4704.6,4713.1,TSETMC
2020-01-26,1398/11/06,1398,11,6,tile_ceramic,کاشی و سرامیک,57616105980228781,19473.1,19098.8,19098.8,TSETMC
2020-01-27,1398/11/07,1398,11,7,cement,سیمان، آهک و گچ,70077233737515808,4745.6,4674.4,4738.7,TSETMC
2020-01-27,1398/11/07,1398,11,7,tile_ceramic,کاشی و سرامیک,57616105980228781,19244.5,18968.4,19244.5,TSETMC
2020-01-28,1398/11/08,1398,11,8,cement,سیمان، آهک و گچ,70077233737515808,4747.8,4733.1,4733.4,TSETMC
2020-01-28,1398/11/08,1398,11,8,tile_ceramic,کاشی و سرامیک,57616105980228781,19665.0,19600.0,19664.5,TSETMC
2020-02-01,1398/11/12,1398,11,12,cement,سیمان، آهک و گچ,70077233737515808,4730.1,4686.6,4686.6,TSETMC
2020-02-01,1398/11/12,1398,11,12,tile_ceramic,کاشی و سرامیک,57616105980228781,19846.1,19782.3,19782.3,TSETMC
2020-02-02,1398/11/13,1398,11,13,cement,سیمان، آهک و گچ,70077233737515808,4736.4,4669.9,4736.4,TSETMC
2020-02-02,1398/11/13,1398,11,13,tile_ceramic,کاشی و سرامیک,57616105980228781,20205.5,19908.0,20201.2,TSETMC
2020-02-03,1398/11/14,1398,11,14,cement,سیمان، آهک و گچ,70077233737515808,4888.7,4788.1,4880.6,TSETMC
2020-02-03,1398/11/14,1398,11,14,tile_ceramic,کاشی و سرامیک,57616105980228781,20446.0,20353.0,20377.5,TSETMC
2020-02-04,1398/11/15,1398,11,15,cement,سیمان، آهک و گچ,70077233737515808,4900.9,4799.0,4799.0,TSETMC
2020-02-04,1398/11/15,1398,11,15,tile_ceramic,کاشی و سرامیک,57616105980228781,20594.7,20397.2,20594.7,TSETMC
2020-02-05,1398/11/16,1398,11,16,cement,سیمان، آهک و گچ,70077233737515808,4755.2,4698.8,4755.2,TSETMC
2020-02-05,1398/11/16,1398,11,16,tile_ceramic,کاشی و سرامیک,57616105980228781,20839.4,20571.6,20839.3,TSETMC
2020-02-08,1398/11/19,1398,11,19,cement,سیمان، آهک و گچ,70077233737515808,4875.3,4819.5,4819.5,TSETMC
2020-02-08,1398/11/19,1398,11,19,tile_ceramic,کاشی و سرامیک,57616105980228781,21004.0,20871.9,20945.2,TSETMC
2020-02-09,1398/11/20,1398,11,20,cement,سیمان، آهک و گچ,70077233737515808,4849.5,4818.7,4840.1,TSETMC
2020-02-09,1398/11/20,1398,11,20,tile_ceramic,کاشی و سرامیک,57616105980228781,21659.1,20857.0,21659.1,TSETMC
2020-02-10,1398/11/21,1398,11,21,cement,سیمان، آهک و گچ,70077233737515808,4850.7,4691.6,4691.6,TSETMC
2020-02-10,1398/11/21,1398,11,21,tile_ceramic,کاشی و سرامیک,57616105980228781,21897.3,21701.6,21711.4,TSETMC
2020-02-12,1398/11/23,1398,11,23,cement,سیمان، آهک و گچ,70077233737515808,4923.0,4733.0,4791.9,TSETMC
2020-02-12,1398/11/23,1398,11,23,tile_ceramic,کاشی و سرامیک,57616105980228781,21853.7,21742.8,21848.8,TSETMC
2020-02-15,1398/11/26,1398,11,26,cement,سیمان، آهک و گچ,70077233737515808,4869.2,4786.3,4786.3,TSETMC
2020-02-15,1398/11/26,1398,11,26,tile_ceramic,کاشی و سرامیک,57616105980228781,22220.3,22015.4,22077.0,TSETMC
2020-02-16,1398/11/27,1398,11,27,cement,سیمان، آهک و گچ,70077233737515808,4830.2,4782.0,4827.8,TSETMC
2020-02-16,1398/11/27,1398,11,27,tile_ceramic,کاشی و سرامیک,57616105980228781,22771.6,22715.3,22771.6,TSETMC
2020-02-17,1398/11/28,1398,11,28,cement,سیمان، آهک و گچ,70077233737515808,4845.2,4772.6,4772.6,TSETMC
2020-02-17,1398/11/28,1398,11,28,tile_ceramic,کاشی و سرامیک,57616105980228781,25482.4,23283.0,25482.4,TSETMC
2020-02-18,1398/11/29,1398,11,29,cement,سیمان، آهک و گچ,70077233737515808,4766.4,4705.2,4740.3,TSETMC
2020-02-18,1398/11/29,1398,11,29,tile_ceramic,کاشی و سرامیک,57616105980228781,26946.2,26094.3,26946.2,TSETMC
2020-02-19,1398/11/30,1398,11,30,cement,سیمان، آهک و گچ,70077233737515808,4894.7,4822.0,4894.7,TSETMC
2020-02-19,1398/11/30,1398,11,30,tile_ceramic,کاشی و سرامیک,57616105980228781,27741.9,27613.7,27670.3,TSETMC
2020-02-22,1398/12/03,1398,12,3,cement,سیمان، آهک و گچ,70077233737515808,4950.1,4796.8,4950.1,TSETMC
2020-02-22,1398/12/03,1398,12,3,tile_ceramic,کاشی و سرامیک,57616105980228781,27721.8,27440.1,27721.8,TSETMC
2020-02-23,1398/12/04,1398,12,4,cement,سیمان، آهک و گچ,70077233737515808,5152.8,5054.7,5117.5,TSETMC
2020-02-23,1398/12/04,1398,12,4,tile_ceramic,کاشی و سرامیک,57616105980228781,28654.8,28515.1,28608.4,TSETMC
2020-02-24,1398/12/05,1398,12,5,cement,سیمان، آهک و گچ,70077233737515808,5218.3,5194.4,5205.9,TSETMC
2020-02-24,1398/12/05,1398,12,5,tile_ceramic,کاشی و سرامیک,57616105980228781,29161.4,28980.1,29036.8,TSETMC
2020-02-25,1398/12/06,1398,12,6,cement,سیمان، آهک و گچ,70077233737515808,5386.9,5299.7,5386.9,TSETMC
2020-02-25,1398/12/06,1398,12,6,tile_ceramic,کاشی و سرامیک,57616105980228781,29720.4,29548.8,29720.2,TSETMC
2020-02-26,1398/12/07,1398,12,7,cement,سیمان، آهک و گچ,70077233737515808,5541.6,5484.9,5484.9,TSETMC
2020-02-26,1398/12/07,1398,12,7,tile_ceramic,کاشی و سرامیک,57616105980228781,30269.6,30142.4,30169.9,TSETMC
2020-02-29,1398/12/10,1398,12,10,cement,سیمان، آهک و گچ,70077233737515808,5400.4,5289.9,5361.2,TSETMC
2020-02-29,1398/12/10,1398,12,10,tile_ceramic,کاشی و سرامیک,57616105980228781,30410.7,30275.4,30298.8,TSETMC
2020-03-01,1398/12/11,1398,12,11,cement,سیمان، آهک و گچ,70077233737515808,5568.4,5450.8,5568.4,TSETMC
2020-03-01,1398/12/11,1398,12,11,tile_ceramic,کاشی و سرامیک,57616105980228781,30689.3,30533.2,30681.6,TSETMC
2020-03-02,1398/12/12,1398,12,12,cement,سیمان، آهک و گچ,70077233737515808,5744.0,5652.9,5744.0,TSETMC
2020-03-02,1398/12/12,1398,12,12,tile_ceramic,کاشی و سرامیک,57616105980228781,30732.3,30643.9,30643.9,TSETMC
2020-03-03,1398/12/13,1398,12,13,cement,سیمان، آهک و گچ,70077233737515808,5878.1,5782.0,5875.2,TSETMC
2020-03-03,1398/12/13,1398,12,13,tile_ceramic,کاشی و سرامیک,57616105980228781,31858.1,30667.9,31858.1,TSETMC
2020-03-04,1398/12/14,1398,12,14,cement,سیمان، آهک و گچ,70077233737515808,5991.5,5940.4,5990.2,TSETMC
2020-03-04,1398/12/14,1398,12,14,tile_ceramic,کاشی و سرامیک,57616105980228781,32926.7,31926.2,32925.8,TSETMC
2020-03-07,1398/12/17,1398,12,17,cement,سیمان، آهک و گچ,70077233737515808,5947.1,5848.5,5848.5,TSETMC
2020-03-07,1398/12/17,1398,12,17,tile_ceramic,کاشی و سرامیک,57616105980228781,32612.9,32252.5,32252.5,TSETMC
2020-03-09,1398/12/19,1398,12,19,cement,سیمان، آهک و گچ,70077233737515808,5800.5,5723.6,5723.6,TSETMC
2020-03-09,1398/12/19,1398,12,19,tile_ceramic,کاشی و سرامیک,57616105980228781,32025.5,31786.1,31822.7,TSETMC
2020-03-10,1398/12/20,1398,12,20,cement,سیمان، آهک و گچ,70077233737515808,5692.0,5591.2,5591.2,TSETMC
2020-03-10,1398/12/20,1398,12,20,tile_ceramic,کاشی و سرامیک,57616105980228781,31793.6,31504.8,31504.8,TSETMC
2020-03-11,1398/12/21,1398,12,21,cement,سیمان، آهک و گچ,70077233737515808,5645.5,5598.5,5606.5,TSETMC
2020-03-11,1398/12/21,1398,12,21,tile_ceramic,کاشی و سرامیک,57616105980228781,31357.5,30885.0,30915.9,TSETMC
2020-03-14,1398/12/24,1398,12,24,cement,سیمان، آهک و گچ,70077233737515808,5596.9,5487.9,5487.9,TSETMC
2020-03-14,1398/12/24,1398,12,24,tile_ceramic,کاشی و سرامیک,57616105980228781,30836.8,30597.8,30597.8,TSETMC
2020-03-15,1398/12/25,1398,12,25,cement,سیمان، آهک و گچ,70077233737515808,5477.8,5399.9,5399.9,TSETMC
2020-03-15,1398/12/25,1398,12,25,tile_ceramic,کاشی و سرامیک,57616105980228781,30561.8,30361.1,30361.1,TSETMC
2020-03-16,1398/12/26,1398,12,26,cement,سیمان، آهک و گچ,70077233737515808,5402.4,5377.2,5377.8,TSETMC
2020-03-16,1398/12/26,1398,12,26,tile_ceramic,کاشی و سرامیک,57616105980228781,30106.1,29620.3,29620.3,TSETMC
2020-03-17,1398/12/27,1398,12,27,cement,سیمان، آهک و گچ,70077233737515808,5383.3,5268.6,5268.7,TSETMC
2020-03-17,1398/12/27,1398,12,27,tile_ceramic,کاشی و سرامیک,57616105980228781,29555.7,28353.7,28417.1,TSETMC
2020-03-18,1398/12/28,1398,12,28,cement,سیمان، آهک و گچ,70077233737515808,5278.5,5257.1,5278.5,TSETMC
2020-03-18,1398/12/28,1398,12,28,tile_ceramic,کاشی و سرامیک,57616105980228781,28678.8,28033.8,28678.8,TSETMC
2020-03-24,1399/01/05,1399,1,5,cement,سیمان، آهک و گچ,70077233737515808,5322.2,5292.2,5315.9,TSETMC
2020-03-24,1399/01/05,1399,1,5,tile_ceramic,کاشی و سرامیک,57616105980228781,28526.6,28418.4,28503.8,TSETMC
2020-03-25,1399/01/06,1399,1,6,cement,سیمان، آهک و گچ,70077233737515808,5452.5,5344.7,5452.2,TSETMC
2020-03-25,1399/01/06,1399,1,6,tile_ceramic,کاشی و سرامیک,57616105980228781,28758.1,28522.8,28658.1,TSETMC
2020-03-28,1399/01/09,1399,1,9,cement,سیمان، آهک و گچ,70077233737515808,5622.3,5498.5,5622.3,TSETMC
2020-03-28,1399/01/09,1399,1,9,tile_ceramic,کاشی و سرامیک,57616105980228781,29739.6,29080.4,29739.4,TSETMC
2020-03-29,1399/01/10,1399,1,10,cement,سیمان، آهک و گچ,70077233737515808,5791.8,5657.2,5791.8,TSETMC
2020-03-29,1399/01/10,1399,1,10,tile_ceramic,کاشی و سرامیک,57616105980228781,30826.9,29855.3,30617.2,TSETMC
2020-03-30,1399/01/11,1399,1,11,cement,سیمان، آهک و گچ,70077233737515808,5828.2,5775.8,5828.1,TSETMC
2020-03-30,1399/01/11,1399,1,11,tile_ceramic,کاشی و سرامیک,57616105980228781,30457.7,29868.7,29901.6,TSETMC
2020-04-04,1399/01/16,1399,1,16,cement,سیمان، آهک و گچ,70077233737515808,5998.0,5856.3,5998.0,TSETMC
2020-04-04,1399/01/16,1399,1,16,tile_ceramic,کاشی و سرامیک,57616105980228781,30566.5,30134.8,30543.8,TSETMC
2020-04-05,1399/01/17,1399,1,17,cement,سیمان، آهک و گچ,70077233737515808,6076.6,6020.9,6076.6,TSETMC
2020-04-05,1399/01/17,1399,1,17,tile_ceramic,کاشی و سرامیک,57616105980228781,30605.9,30130.2,30338.9,TSETMC
2020-04-06,1399/01/18,1399,1,18,cement,سیمان، آهک و گچ,70077233737515808,6090.9,6027.5,6088.6,TSETMC
2020-04-06,1399/01/18,1399,1,18,tile_ceramic,کاشی و سرامیک,57616105980228781,30067.4,29956.3,30053.7,TSETMC
2020-04-07,1399/01/19,1399,1,19,cement,سیمان، آهک و گچ,70077233737515808,6263.9,6105.7,6261.8,TSETMC
2020-04-07,1399/01/19,1399,1,19,tile_ceramic,کاشی و سرامیک,57616105980228781,31034.3,30463.6,31034.3,TSETMC
2020-04-08,1399/01/20,1399,1,20,cement,سیمان، آهک و گچ,70077233737515808,6397.2,6298.3,6386.1,TSETMC
2020-04-08,1399/01/20,1399,1,20,tile_ceramic,کاشی و سرامیک,57616105980228781,32202.3,31618.4,32202.3,TSETMC
2020-04-11,1399/01/23,1399,1,23,cement,سیمان، آهک و گچ,70077233737515808,6426.5,6384.7,6426.5,TSETMC
2020-04-11,1399/01/23,1399,1,23,tile_ceramic,کاشی و سرامیک,57616105980228781,32723.6,32385.3,32723.6,TSETMC
2020-04-12,1399/01/24,1399,1,24,cement,سیمان، آهک و گچ,70077233737515808,6557.3,6466.0,6557.3,TSETMC
2020-04-12,1399/01/24,1399,1,24,tile_ceramic,کاشی و سرامیک,57616105980228781,32998.3,32757.4,32880.2,TSETMC
2020-04-13,1399/01/25,1399,1,25,cement,سیمان، آهک و گچ,70077233737515808,6633.1,6602.1,6633.1,TSETMC
2020-04-13,1399/01/25,1399,1,25,tile_ceramic,کاشی و سرامیک,57616105980228781,32972.6,32543.7,32648.7,TSETMC
2020-04-14,1399/01/26,1399,1,26,cement,سیمان، آهک و گچ,70077233737515808,6652.5,6598.0,6652.5,TSETMC
2020-04-14,1399/01/26,1399,1,26,tile_ceramic,کاشی و سرامیک,57616105980228781,32533.3,31778.9,31778.9,TSETMC
2020-04-15,1399/01/27,1399,1,27,cement,سیمان، آهک و گچ,70077233737515808,6775.0,6671.1,6775.0,TSETMC
2020-04-15,1399/01/27,1399,1,27,tile_ceramic,کاشی و سرامیک,57616105980228781,32665.1,32009.0,32665.1,TSETMC
2020-04-18,1399/01/30,1399,1,30,cement,سیمان، آهک و گچ,70077233737515808,6958.9,6829.3,6958.9,TSETMC
2020-04-18,1399/01/30,1399,1,30,tile_ceramic,کاشی و سرامیک,57616105980228781,33722.7,32896.3,33714.4,TSETMC
2020-04-19,1399/01/31,1399,1,31,cement,سیمان، آهک و گچ,70077233737515808,7127.6,7006.1,7091.7,TSETMC
2020-04-19,1399/01/31,1399,1,31,tile_ceramic,کاشی و سرامیک,57616105980228781,34219.8,33921.6,33921.6,TSETMC
2020-04-20,1399/02/01,1399,2,1,cement,سیمان، آهک و گچ,70077233737515808,7151.8,7076.5,7150.7,TSETMC
2020-04-20,1399/02/01,1399,2,1,tile_ceramic,کاشی و سرامیک,57616105980228781,33983.3,33839.8,33840.4,TSETMC
2020-04-21,1399/02/02,1399,2,2,cement,سیمان، آهک و گچ,70077233737515808,7256.7,7193.8,7256.7,TSETMC
2020-04-21,1399/02/02,1399,2,2,tile_ceramic,کاشی و سرامیک,57616105980228781,33818.8,33362.5,33362.5,TSETMC
2020-04-22,1399/02/03,1399,2,3,cement,سیمان، آهک و گچ,70077233737515808,7438.7,7351.6,7438.6,TSETMC
2020-04-22,1399/02/03,1399,2,3,tile_ceramic,کاشی و سرامیک,57616105980228781,33736.5,33372.8,33736.5,TSETMC
2020-04-25,1399/02/06,1399,2,6,cement,سیمان، آهک و گچ,70077233737515808,7709.3,7604.1,7709.2,TSETMC
2020-04-25,1399/02/06,1399,2,6,tile_ceramic,کاشی و سرامیک,57616105980228781,35253.5,34056.7,34801.0,TSETMC
2020-04-26,1399/02/07,1399,2,7,cement,سیمان، آهک و گچ,70077233737515808,7948.9,7823.0,7892.7,TSETMC
2020-04-26,1399/02/07,1399,2,7,tile_ceramic,کاشی و سرامیک,57616105980228781,35640.4,35080.5,35341.4,TSETMC
2020-04-27,1399/02/08,1399,2,8,cement,سیمان، آهک و گچ,70077233737515808,8097.5,7988.1,8097.5,TSETMC
2020-04-27,1399/02/08,1399,2,8,tile_ceramic,کاشی و سرامیک,57616105980228781,36165.5,35890.1,36165.4,TSETMC
2020-04-28,1399/02/09,1399,2,9,cement,سیمان، آهک و گچ,70077233737515808,8223.4,8174.7,8213.7,TSETMC
2020-04-28,1399/02/09,1399,2,9,tile_ceramic,کاشی و سرامیک,57616105980228781,37327.4,36608.2,37189.3,TSETMC
2020-04-29,1399/02/10,1399,2,10,cement,سیمان، آهک و گچ,70077233737515808,8431.6,8224.5,8385.9,TSETMC
2020-04-29,1399/02/10,1399,2,10,tile_ceramic,کاشی و سرامیک,57616105980228781,39487.8,37788.6,38620.4,TSETMC
2020-05-02,1399/02/13,1399,2,13,cement,سیمان، آهک و گچ,70077233737515808,8755.1,8519.1,8717.0,TSETMC
2020-05-02,1399/02/13,1399,2,13,tile_ceramic,کاشی و سرامیک,57616105980228781,40347.7,39712.6,40347.7,TSETMC
2020-05-03,1399/02/14,1399,2,14,cement,سیمان، آهک و گچ,70077233737515808,9328.8,8861.9,9032.6,TSETMC
2020-05-03,1399/02/14,1399,2,14,tile_ceramic,کاشی و سرامیک,57616105980228781,42097.7,41019.2,42097.7,TSETMC
2020-05-04,1399/02/15,1399,2,15,cement,سیمان، آهک و گچ,70077233737515808,9149.8,9069.3,9149.8,TSETMC
2020-05-04,1399/02/15,1399,2,15,tile_ceramic,کاشی و سرامیک,57616105980228781,43091.2,42132.4,42586.7,TSETMC
2020-05-05,1399/02/16,1399,2,16,cement,سیمان، آهک و گچ,70077233737515808,9168.5,9122.1,9122.1,TSETMC
2020-05-05,1399/02/16,1399,2,16,tile_ceramic,کاشی و سرامیک,57616105980228781,42850.3,42427.8,42427.8,TSETMC
2020-05-06,1399/02/17,1399,2,17,cement,سیمان، آهک و گچ,70077233737515808,9016.0,8946.5,9015.9,TSETMC
2020-05-06,1399/02/17,1399,2,17,tile_ceramic,کاشی و سرامیک,57616105980228781,42522.1,42291.3,42441.5,TSETMC
2020-05-09,1399/02/20,1399,2,20,cement,سیمان، آهک و گچ,70077233737515808,9289.7,9161.4,9287.5,TSETMC
2020-05-09,1399/02/20,1399,2,20,tile_ceramic,کاشی و سرامیک,57616105980228781,44442.3,42728.6,44439.6,TSETMC
2020-05-10,1399/02/21,1399,2,21,cement,سیمان، آهک و گچ,70077233737515808,9439.2,9407.1,9411.7,TSETMC
2020-05-10,1399/02/21,1399,2,21,tile_ceramic,کاشی و سرامیک,57616105980228781,44964.3,44528.3,44646.8,TSETMC
2020-05-11,1399/02/22,1399,2,22,cement,سیمان، آهک و گچ,70077233737515808,9478.5,9271.8,9271.8,TSETMC
2020-05-11,1399/02/22,1399,2,22,tile_ceramic,کاشی و سرامیک,57616105980228781,44725.6,44178.6,44669.9,TSETMC
2020-05-12,1399/02/23,1399,2,23,cement,سیمان، آهک و گچ,70077233737515808,9122.7,9012.7,9012.7,TSETMC
2020-05-12,1399/02/23,1399,2,23,tile_ceramic,کاشی و سرامیک,57616105980228781,44619.2,44289.2,44428.5,TSETMC
2020-05-13,1399/02/24,1399,2,24,cement,سیمان، آهک و گچ,70077233737515808,8903.2,8741.7,8741.7,TSETMC
2020-05-13,1399/02/24,1399,2,24,tile_ceramic,کاشی و سرامیک,57616105980228781,44240.3,43320.0,43770.4,TSETMC
2020-05-16,1399/02/27,1399,2,27,cement,سیمان، آهک و گچ,70077233737515808,8649.4,8518.7,8518.7,TSETMC
2020-05-16,1399/02/27,1399,2,27,tile_ceramic,کاشی و سرامیک,57616105980228781,43873.4,43790.5,43873.4,TSETMC
2020-05-17,1399/02/28,1399,2,28,cement,سیمان، آهک و گچ,70077233737515808,8477.5,8338.1,8346.0,TSETMC
2020-05-17,1399/02/28,1399,2,28,tile_ceramic,کاشی و سرامیک,57616105980228781,43806.9,43081.6,43081.6,TSETMC
2020-05-18,1399/02/29,1399,2,29,cement,سیمان، آهک و گچ,70077233737515808,8567.4,8486.6,8567.2,TSETMC
2020-05-18,1399/02/29,1399,2,29,tile_ceramic,کاشی و سرامیک,57616105980228781,44015.1,42718.0,43922.3,TSETMC
2020-05-19,1399/02/30,1399,2,30,cement,سیمان، آهک و گچ,70077233737515808,8783.3,8660.7,8779.0,TSETMC
2020-05-19,1399/02/30,1399,2,30,tile_ceramic,کاشی و سرامیک,57616105980228781,44136.1,43970.0,43970.0,TSETMC
2020-05-20,1399/02/31,1399,2,31,cement,سیمان، آهک و گچ,70077233737515808,8921.9,8821.7,8821.7,TSETMC
2020-05-20,1399/02/31,1399,2,31,tile_ceramic,کاشی و سرامیک,57616105980228781,43527.6,43202.0,43202.0,TSETMC
2020-05-23,1399/03/03,1399,3,3,cement,سیمان، آهک و گچ,70077233737515808,8826.0,8617.8,8617.8,TSETMC
2020-05-23,1399/03/03,1399,3,3,tile_ceramic,کاشی و سرامیک,57616105980228781,43278.4,42567.7,42946.6,TSETMC
2020-05-26,1399/03/06,1399,3,6,cement,سیمان، آهک و گچ,70077233737515808,8568.5,8459.7,8459.7,TSETMC
2020-05-26,1399/03/06,1399,3,6,tile_ceramic,کاشی و سرامیک,57616105980228781,43220.0,42046.8,42541.6,TSETMC
2020-05-27,1399/03/07,1399,3,7,cement,سیمان، آهک و گچ,70077233737515808,8377.3,8324.1,8377.3,TSETMC
2020-05-27,1399/03/07,1399,3,7,tile_ceramic,کاشی و سرامیک,57616105980228781,42665.9,42304.2,42306.2,TSETMC
2020-05-30,1399/03/10,1399,3,10,cement,سیمان، آهک و گچ,70077233737515808,8581.5,8423.7,8581.5,TSETMC
2020-05-30,1399/03/10,1399,3,10,tile_ceramic,کاشی و سرامیک,57616105980228781,42412.1,42217.6,42244.7,TSETMC
2020-05-31,1399/03/11,1399,3,11,cement,سیمان، آهک و گچ,70077233737515808,8643.1,8487.5,8487.5,TSETMC
2020-05-31,1399/03/11,1399,3,11,tile_ceramic,کاشی و سرامیک,57616105980228781,42758.3,42272.3,42705.9,TSETMC
2020-06-01,1399/03/12,1399,3,12,cement,سیمان، آهک و گچ,70077233737515808,8596.0,8483.1,8596.0,TSETMC
2020-06-01,1399/03/12,1399,3,12,tile_ceramic,کاشی و سرامیک,57616105980228781,43166.7,42929.1,43166.7,TSETMC
2020-06-02,1399/03/13,1399,3,13,cement,سیمان، آهک و گچ,70077233737515808,8882.5,8714.1,8882.5,TSETMC
2020-06-02,1399/03/13,1399,3,13,tile_ceramic,کاشی و سرامیک,57616105980228781,44428.0,43720.1,44428.0,TSETMC
2020-06-06,1399/03/17,1399,3,17,cement,سیمان، آهک و گچ,70077233737515808,9169.2,8994.3,9169.2,TSETMC
2020-06-06,1399/03/17,1399,3,17,tile_ceramic,کاشی و سرامیک,57616105980228781,45451.7,44755.2,45451.7,TSETMC
2020-06-07,1399/03/18,1399,3,18,cement,سیمان، آهک و گچ,70077233737515808,9495.6,9239.2,9495.6,TSETMC
2020-06-07,1399/03/18,1399,3,18,tile_ceramic,کاشی و سرامیک,57616105980228781,46487.4,45785.8,46443.6,TSETMC
2020-06-08,1399/03/19,1399,3,19,cement,سیمان، آهک و گچ,70077233737515808,9867.1,9571.2,9867.1,TSETMC
2020-06-08,1399/03/19,1399,3,19,tile_ceramic,کاشی و سرامیک,57616105980228781,47146.6,46425.4,46919.5,TSETMC
2020-06-09,1399/03/20,1399,3,20,cement,سیمان، آهک و گچ,70077233737515808,10236.5,9983.8,10236.5,TSETMC
2020-06-09,1399/03/20,1399,3,20,tile_ceramic,کاشی و سرامیک,57616105980228781,47631.0,47287.8,47603.6,TSETMC
2020-06-10,1399/03/21,1399,3,21,cement,سیمان، آهک و گچ,70077233737515808,10551.2,10322.9,10551.2,TSETMC
2020-06-10,1399/03/21,1399,3,21,tile_ceramic,کاشی و سرامیک,57616105980228781,49899.1,48527.8,49899.1,TSETMC
2020-06-13,1399/03/24,1399,3,24,cement,سیمان، آهک و گچ,70077233737515808,10855.6,10693.6,10855.6,TSETMC
2020-06-13,1399/03/24,1399,3,24,tile_ceramic,کاشی و سرامیک,57616105980228781,50928.9,50525.0,50763.1,TSETMC
2020-06-14,1399/03/25,1399,3,25,cement,سیمان، آهک و گچ,70077233737515808,11253.5,11040.7,11230.0,TSETMC
2020-06-14,1399/03/25,1399,3,25,tile_ceramic,کاشی و سرامیک,57616105980228781,50578.7,49545.8,49611.8,TSETMC
2020-06-15,1399/03/26,1399,3,26,cement,سیمان، آهک و گچ,70077233737515808,11730.1,11414.1,11730.1,TSETMC
2020-06-15,1399/03/26,1399,3,26,tile_ceramic,کاشی و سرامیک,57616105980228781,50353.9,49430.8,50353.9,TSETMC
2020-06-16,1399/03/27,1399,3,27,cement,سیمان، آهک و گچ,70077233737515808,12092.1,11854.2,12017.9,TSETMC
2020-06-16,1399/03/27,1399,3,27,tile_ceramic,کاشی و سرامیک,57616105980228781,51746.4,50485.4,51746.4,TSETMC
2020-06-20,1399/03/31,1399,3,31,cement,سیمان، آهک و گچ,70077233737515808,12211.9,12088.6,12160.3,TSETMC
2020-06-20,1399/03/31,1399,3,31,tile_ceramic,کاشی و سرامیک,57616105980228781,52183.6,51631.1,51731.2,TSETMC
2020-06-21,1399/04/01,1399,4,1,cement,سیمان، آهک و گچ,70077233737515808,12007.6,11740.1,11767.1,TSETMC
2020-06-21,1399/04/01,1399,4,1,tile_ceramic,کاشی و سرامیک,57616105980228781,51507.6,50056.8,50243.7,TSETMC
2020-06-22,1399/04/02,1399,4,2,cement,سیمان، آهک و گچ,70077233737515808,12175.8,11925.9,12175.8,TSETMC
2020-06-22,1399/04/02,1399,4,2,tile_ceramic,کاشی و سرامیک,57616105980228781,50963.8,49973.8,50963.8,TSETMC
2020-06-23,1399/04/03,1399,4,3,cement,سیمان، آهک و گچ,70077233737515808,12601.6,12450.0,12450.2,TSETMC
2020-06-23,1399/04/03,1399,4,3,tile_ceramic,کاشی و سرامیک,57616105980228781,51509.4,50745.9,50749.7,TSETMC
2020-06-24,1399/04/04,1399,4,4,cement,سیمان، آهک و گچ,70077233737515808,12423.5,12274.2,12423.1,TSETMC
2020-06-24,1399/04/04,1399,4,4,tile_ceramic,کاشی و سرامیک,57616105980228781,49775.4,48554.7,48554.7,TSETMC
2020-06-27,1399/04/07,1399,4,7,cement,سیمان، آهک و گچ,70077233737515808,12658.1,12539.2,12637.3,TSETMC
2020-06-27,1399/04/07,1399,4,7,tile_ceramic,کاشی و سرامیک,57616105980228781,49961.7,49286.4,49816.1,TSETMC
2020-06-28,1399/04/08,1399,4,8,cement,سیمان، آهک و گچ,70077233737515808,12625.3,12432.9,12432.9,TSETMC
2020-06-28,1399/04/08,1399,4,8,tile_ceramic,کاشی و سرامیک,57616105980228781,50127.2,48715.1,48717.1,TSETMC
2020-06-29,1399/04/09,1399,4,9,cement,سیمان، آهک و گچ,70077233737515808,12267.2,12170.5,12178.3,TSETMC
2020-06-29,1399/04/09,1399,4,9,tile_ceramic,کاشی و سرامیک,57616105980228781,48447.6,46982.6,47023.7,TSETMC
2020-06-30,1399/04/10,1399,4,10,cement,سیمان، آهک و گچ,70077233737515808,12577.6,12376.2,12577.5,TSETMC
2020-06-30,1399/04/10,1399,4,10,tile_ceramic,کاشی و سرامیک,57616105980228781,49065.0,47411.0,49061.9,TSETMC
2020-07-01,1399/04/11,1399,4,11,cement,سیمان، آهک و گچ,70077233737515808,13268.4,12668.6,13268.4,TSETMC
2020-07-01,1399/04/11,1399,4,11,tile_ceramic,کاشی و سرامیک,57616105980228781,50212.0,49570.6,49570.6,TSETMC
2020-07-04,1399/04/14,1399,4,14,cement,سیمان، آهک و گچ,70077233737515808,13331.0,13094.7,13104.0,TSETMC
2020-07-04,1399/04/14,1399,4,14,tile_ceramic,کاشی و سرامیک,57616105980228781,49650.1,48286.8,48286.9,TSETMC
2020-07-05,1399/04/15,1399,4,15,cement,سیمان، آهک و گچ,70077233737515808,13019.7,12943.2,13019.7,TSETMC
2020-07-05,1399/04/15,1399,4,15,tile_ceramic,کاشی و سرامیک,57616105980228781,48751.1,48015.8,48715.8,TSETMC
2020-07-06,1399/04/16,1399,4,16,cement,سیمان، آهک و گچ,70077233737515808,13133.1,13011.1,13069.1,TSETMC
2020-07-06,1399/04/16,1399,4,16,tile_ceramic,کاشی و سرامیک,57616105980228781,50636.0,49131.0,50621.6,TSETMC
2020-07-07,1399/04/17,1399,4,17,cement,سیمان، آهک و گچ,70077233737515808,12938.4,12690.8,12761.3,TSETMC
2020-07-07,1399/04/17,1399,4,17,tile_ceramic,کاشی و سرامیک,57616105980228781,50689.5,49173.2,49213.8,TSETMC
2020-07-08,1399/04/18,1399,4,18,cement,سیمان، آهک و گچ,70077233737515808,12594.2,12448.2,12499.8,TSETMC
2020-07-08,1399/04/18,1399,4,18,tile_ceramic,کاشی و سرامیک,57616105980228781,49142.4,47514.4,47514.4,TSETMC
2020-07-11,1399/04/21,1399,4,21,cement,سیمان، آهک و گچ,70077233737515808,12334.0,12185.8,12267.5,TSETMC
2020-07-11,1399/04/21,1399,4,21,tile_ceramic,کاشی و سرامیک,57616105980228781,46786.0,45806.3,46532.9,TSETMC
2020-07-12,1399/04/22,1399,4,22,cement,سیمان، آهک و گچ,70077233737515808,12658.7,12406.8,12656.6,TSETMC
2020-07-12,1399/04/22,1399,4,22,tile_ceramic,کاشی و سرامیک,57616105980228781,47867.7,46537.6,47579.4,TSETMC
2020-07-13,1399/04/23,1399,4,23,cement,سیمان، آهک و گچ,70077233737515808,12540.9,12395.1,12431.8,TSETMC
2020-07-13,1399/04/23,1399,4,23,tile_ceramic,کاشی و سرامیک,57616105980228781,47510.9,46301.5,46379.2,TSETMC
2020-07-14,1399/04/24,1399,4,24,cement,سیمان، آهک و گچ,70077233737515808,12383.7,12249.2,12272.8,TSETMC
2020-07-14,1399/04/24,1399,4,24,tile_ceramic,کاشی و سرامیک,57616105980228781,46493.2,45397.2,45397.2,TSETMC
2020-07-15,1399/04/25,1399,4,25,cement,سیمان، آهک و گچ,70077233737515808,12587.8,12206.7,12587.5,TSETMC
2020-07-15,1399/04/25,1399,4,25,tile_ceramic,کاشی و سرامیک,57616105980228781,46059.4,45250.5,46055.1,TSETMC
2020-07-18,1399/04/28,1399,4,28,cement,سیمان، آهک و گچ,70077233737515808,13033.1,12745.4,13033.1,TSETMC
2020-07-18,1399/04/28,1399,4,28,tile_ceramic,کاشی و سرامیک,57616105980228781,48152.3,46592.1,48152.3,TSETMC
2020-07-19,1399/04/29,1399,4,29,cement,سیمان، آهک و گچ,70077233737515808,13475.0,13115.1,13474.6,TSETMC
2020-07-19,1399/04/29,1399,4,29,tile_ceramic,کاشی و سرامیک,57616105980228781,49683.9,48984.1,49361.1,TSETMC
2020-07-20,1399/04/30,1399,4,30,cement,سیمان، آهک و گچ,70077233737515808,13858.9,13607.1,13858.7,TSETMC
2020-07-20,1399/04/30,1399,4,30,tile_ceramic,کاشی و سرامیک,57616105980228781,50288.0,49549.0,49549.0,TSETMC
2020-07-21,1399/04/31,1399,4,31,cement,سیمان، آهک و گچ,70077233737515808,13985.6,13892.0,13958.8,TSETMC
2020-07-21,1399/04/31,1399,4,31,tile_ceramic,کاشی و سرامیک,57616105980228781,49308.5,48521.5,48528.3,TSETMC
2020-07-22,1399/05/01,1399,5,1,cement,سیمان، آهک و گچ,70077233737515808,13901.4,13747.8,13825.4,TSETMC
2020-07-22,1399/05/01,1399,5,1,tile_ceramic,کاشی و سرامیک,57616105980228781,48454.7,47466.2,47824.3,TSETMC
2020-07-25,1399/05/04,1399,5,4,cement,سیمان، آهک و گچ,70077233737515808,13801.9,13669.6,13750.0,TSETMC
2020-07-25,1399/05/04,1399,5,4,tile_ceramic,کاشی و سرامیک,57616105980228781,48383.2,47567.7,47567.7,TSETMC
2020-07-26,1399/05/05,1399,5,5,cement,سیمان، آهک و گچ,70077233737515808,13628.9,13461.2,13531.3,TSETMC
2020-07-26,1399/05/05,1399,5,5,tile_ceramic,کاشی و سرامیک,57616105980228781,47824.2,47541.5,47541.5,TSETMC
2020-07-27,1399/05/06,1399,5,6,cement,سیمان، آهک و گچ,70077233737515808,13368.1,13246.7,13312.2,TSETMC
2020-07-27,1399/05/06,1399,5,6,tile_ceramic,کاشی و سرامیک,57616105980228781,48166.8,47546.2,48164.6,TSETMC
2020-07-28,1399/05/07,1399,5,7,cement,سیمان، آهک و گچ,70077233737515808,13465.1,13392.5,13392.5,TSETMC
2020-07-28,1399/05/07,1399,5,7,tile_ceramic,کاشی و سرامیک,57616105980228781,48969.4,48400.3,48882.1,TSETMC
2020-07-29,1399/05/08,1399,5,8,cement,سیمان، آهک و گچ,70077233737515808,13278.4,13179.4,13206.4,TSETMC
2020-07-29,1399/05/08,1399,5,8,tile_ceramic,کاشی و سرامیک,57616105980228781,49904.5,49012.7,49549.7,TSETMC
2020-08-01,1399/05/11,1399,5,11,cement,سیمان، آهک و گچ,70077233737515808,13461.4,13283.4,13461.3,TSETMC
2020-08-01,1399/05/11,1399,5,11,tile_ceramic,کاشی و سرامیک,57616105980228781,50347.3,49681.6,50347.3,TSETMC
2020-08-02,1399/05/12,1399,5,12,cement,سیمان، آهک و گچ,70077233737515808,13504.9,13388.2,13400.5,TSETMC
2020-08-02,1399/05/12,1399,5,12,tile_ceramic,کاشی و سرامیک,57616105980228781,51223.9,50475.5,50522.5,TSETMC
2020-08-03,1399/05/13,1399,5,13,cement,سیمان، آهک و گچ,70077233737515808,13342.7,13127.1,13133.5,TSETMC
2020-08-03,1399/05/13,1399,5,13,tile_ceramic,کاشی و سرامیک,57616105980228781,50740.2,49752.5,49752.5,TSETMC
2020-08-04,1399/05/14,1399,5,14,cement,سیمان، آهک و گچ,70077233737515808,13088.7,12977.5,13064.6,TSETMC
2020-08-04,1399/05/14,1399,5,14,tile_ceramic,کاشی و سرامیک,57616105980228781,49556.1,48871.7,49236.0,TSETMC
2020-08-05,1399/05/15,1399,5,15,cement,سیمان، آهک و گچ,70077233737515808,13360.6,13228.6,13359.9,TSETMC
2020-08-05,1399/05/15,1399,5,15,tile_ceramic,کاشی و سرامیک,57616105980228781,49377.7,49056.8,49314.3,TSETMC
2020-08-09,1399/05/19,1399,5,19,cement,سیمان، آهک و گچ,70077233737515808,13484.7,13116.0,13239.7,TSETMC
2020-08-09,1399/05/19,1399,5,19,tile_ceramic,کاشی و سرامیک,57616105980228781,49795.5,49424.4,49779.9,TSETMC
2020-08-10,1399/05/20,1399,5,20,cement,سیمان، آهک و گچ,70077233737515808,13078.1,12882.7,13023.7,TSETMC
2020-08-10,1399/05/20,1399,5,20,tile_ceramic,کاشی و سرامیک,57616105980228781,49773.8,48991.7,48991.7,TSETMC
2020-08-11,1399/05/21,1399,5,21,cement,سیمان، آهک و گچ,70077233737515808,12911.0,12763.9,12910.8,TSETMC
2020-08-11,1399/05/21,1399,5,21,tile_ceramic,کاشی و سرامیک,57616105980228781,48628.2,47969.2,48120.9,TSETMC
2020-08-12,1399/05/22,1399,5,22,cement,سیمان، آهک و گچ,70077233737515808,13051.4,12910.4,12910.4,TSETMC
2020-08-12,1399/05/22,1399,5,22,tile_ceramic,کاشی و سرامیک,57616105980228781,48361.4,48057.8,48145.2,TSETMC
2020-08-15,1399/05/25,1399,5,25,cement,سیمان، آهک و گچ,70077233737515808,12897.6,12742.5,12846.6,TSETMC
2020-08-15,1399/05/25,1399,5,25,tile_ceramic,کاشی و سرامیک,57616105980228781,48600.1,47931.4,47935.1,TSETMC
2020-08-16,1399/05/26,1399,5,26,cement,سیمان، آهک و گچ,70077233737515808,12832.6,12766.2,12777.5,TSETMC
2020-08-16,1399/05/26,1399,5,26,tile_ceramic,کاشی و سرامیک,57616105980228781,48478.2,48313.4,48399.5,TSETMC
2020-08-17,1399/05/27,1399,5,27,cement,سیمان، آهک و گچ,70077233737515808,13073.1,12753.4,13072.9,TSETMC
2020-08-17,1399/05/27,1399,5,27,tile_ceramic,کاشی و سرامیک,57616105980228781,48178.1,47805.2,47994.5,TSETMC
2020-08-18,1399/05/28,1399,5,28,cement,سیمان، آهک و گچ,70077233737515808,13390.7,13320.9,13343.9,TSETMC
2020-08-18,1399/05/28,1399,5,28,tile_ceramic,کاشی و سرامیک,57616105980228781,49142.0,47594.0,49113.5,TSETMC
2020-08-19,1399/05/29,1399,5,29,cement,سیمان، آهک و گچ,70077233737515808,13285.0,13135.2,13135.2,TSETMC
2020-08-19,1399/05/29,1399,5,29,tile_ceramic,کاشی و سرامیک,57616105980228781,49519.5,49127.0,49515.1,TSETMC
2020-08-22,1399/06/01,1399,6,1,cement,سیمان، آهک و گچ,70077233737515808,13131.2,12740.4,12741.8,TSETMC
2020-08-22,1399/06/01,1399,6,1,tile_ceramic,کاشی و سرامیک,57616105980228781,50045.2,49606.7,49607.8,TSETMC
2020-08-23,1399/06/02,1399,6,2,cement,سیمان، آهک و گچ,70077233737515808,12694.7,12443.7,12443.7,TSETMC
2020-08-23,1399/06/02,1399,6,2,tile_ceramic,کاشی و سرامیک,57616105980228781,49787.0,49319.1,49319.1,TSETMC
2020-08-24,1399/06/03,1399,6,3,cement,سیمان، آهک و گچ,70077233737515808,12239.3,12110.9,12110.9,TSETMC
2020-08-24,1399/06/03,1399,6,3,tile_ceramic,کاشی و سرامیک,57616105980228781,49347.4,48762.8,48762.8,TSETMC
2020-08-25,1399/06/04,1399,6,4,cement,سیمان، آهک و گچ,70077233737515808,12006.6,11815.6,12006.6,TSETMC
2020-08-25,1399/06/04,1399,6,4,tile_ceramic,کاشی و سرامیک,57616105980228781,48342.0,47828.4,47829.4,TSETMC
2020-08-26,1399/06/05,1399,6,5,cement,سیمان، آهک و گچ,70077233737515808,12370.8,12216.8,12370.8,TSETMC
2020-08-26,1399/06/05,1399,6,5,tile_ceramic,کاشی و سرامیک,57616105980228781,48315.6,47718.5,48315.6,TSETMC
2020-08-31,1399/06/10,1399,6,10,cement,سیمان، آهک و گچ,70077233737515808,12405.3,12057.8,12058.7,TSETMC
2020-08-31,1399/06/10,1399,6,10,tile_ceramic,کاشی و سرامیک,57616105980228781,48604.3,48010.3,48014.0,TSETMC
2020-09-01,1399/06/11,1399,6,11,cement,سیمان، آهک و گچ,70077233737515808,11879.2,11718.6,11718.6,TSETMC
2020-09-01,1399/06/11,1399,6,11,tile_ceramic,کاشی و سرامیک,57616105980228781,47954.5,47848.9,47935.4,TSETMC
2020-09-02,1399/06/12,1399,6,12,cement,سیمان، آهک و گچ,70077233737515808,11674.2,11487.8,11487.8,TSETMC
2020-09-02,1399/06/12,1399,6,12,tile_ceramic,کاشی و سرامیک,57616105980228781,47818.8,47617.6,47617.6,TSETMC
2020-09-05,1399/06/15,1399,6,15,cement,سیمان، آهک و گچ,70077233737515808,11282.9,11198.0,11198.0,TSETMC
2020-09-05,1399/06/15,1399,6,15,tile_ceramic,کاشی و سرامیک,57616105980228781,47633.5,46374.3,46374.3,TSETMC
2020-09-06,1399/06/16,1399,6,16,cement,سیمان، آهک و گچ,70077233737515808,11178.0,10974.4,10974.4,TSETMC
2020-09-06,1399/06/16,1399,6,16,tile_ceramic,کاشی و سرامیک,57616105980228781,46478.7,46216.2,46478.7,TSETMC
2020-09-07,1399/06/17,1399,6,17,cement,سیمان، آهک و گچ,70077233737515808,10932.2,10859.5,10859.5,TSETMC
2020-09-07,1399/06/17,1399,6,17,tile_ceramic,کاشی و سرامیک,57616105980228781,46617.9,46129.5,46129.5,TSETMC
2020-09-08,1399/06/18,1399,6,18,cement,سیمان، آهک و گچ,70077233737515808,10843.2,10767.5,10767.5,TSETMC
2020-09-08,1399/06/18,1399,6,18,tile_ceramic,کاشی و سرامیک,57616105980228781,46101.6,46036.0,46036.0,TSETMC
2020-09-09,1399/06/19,1399,6,19,cement,سیمان، آهک و گچ,70077233737515808,10730.5,10521.2,10521.2,TSETMC
2020-09-09,1399/06/19,1399,6,19,tile_ceramic,کاشی و سرامیک,57616105980228781,46030.4,45380.5,45384.3,TSETMC
2020-09-12,1399/06/22,1399,6,22,cement,سیمان، آهک و گچ,70077233737515808,10591.5,10424.8,10425.2,TSETMC
2020-09-12,1399/06/22,1399,6,22,tile_ceramic,کاشی و سرامیک,57616105980228781,45253.6,44683.9,44686.2,TSETMC
2020-09-13,1399/06/23,1399,6,23,cement,سیمان، آهک و گچ,70077233737515808,10285.3,10231.1,10231.3,TSETMC
2020-09-13,1399/06/23,1399,6,23,tile_ceramic,کاشی و سرامیک,57616105980228781,44674.5,44647.3,44647.3,TSETMC
2020-09-14,1399/06/24,1399,6,24,cement,سیمان، آهک و گچ,70077233737515808,10134.6,10040.2,10104.9,TSETMC
2020-09-14,1399/06/24,1399,6,24,tile_ceramic,کاشی و سرامیک,57616105980228781,44643.0,44177.9,44245.2,TSETMC
2020-09-15,1399/06/25,1399,6,25,cement,سیمان، آهک و گچ,70077233737515808,10303.9,10253.4,10303.4,TSETMC
2020-09-15,1399/06/25,1399,6,25,tile_ceramic,کاشی و سرامیک,57616105980228781,45056.3,44382.9,45056.3,TSETMC
2020-09-16,1399/06/26,1399,6,26,cement,سیمان، آهک و گچ,70077233737515808,10525.8,10336.2,10336.2,TSETMC
2020-09-16,1399/06/26,1399,6,26,tile_ceramic,کاشی و سرامیک,57616105980228781,45565.0,45492.0,45555.0,TSETMC
2020-09-19,1399/06/29,1399,6,29,cement,سیمان، آهک و گچ,70077233737515808,10178.6,10141.0,10144.0,TSETMC
2020-09-19,1399/06/29,1399,6,29,tile_ceramic,کاشی و سرامیک,57616105980228781,45956.4,45569.7,45953.1,TSETMC
2020-09-20,1399/06/30,1399,6,30,cement,سیمان، آهک و گچ,70077233737515808,9976.2,9927.6,9927.6,TSETMC
2020-09-20,1399/06/30,1399,6,30,tile_ceramic,کاشی و سرامیک,57616105980228781,45925.9,45487.2,45489.7,TSETMC
2020-09-21,1399/06/31,1399,6,31,cement,سیمان، آهک و گچ,70077233737515808,9873.6,9754.7,9755.1,TSETMC
2020-09-21,1399/06/31,1399,6,31,tile_ceramic,کاشی و سرامیک,57616105980228781,45091.3,44895.4,45091.3,TSETMC
2020-09-22,1399/07/01,1399,7,1,cement,سیمان، آهک و گچ,70077233737515808,9736.9,9652.9,9683.6,TSETMC
2020-09-22,1399/07/01,1399,7,1,tile_ceramic,کاشی و سرامیک,57616105980228781,45642.1,45234.8,45637.8,TSETMC
2020-09-23,1399/07/02,1399,7,2,cement,سیمان، آهک و گچ,70077233737515808,9774.8,9722.8,9722.8,TSETMC
2020-09-23,1399/07/02,1399,7,2,tile_ceramic,کاشی و سرامیک,57616105980228781,46219.1,45769.9,46097.8,TSETMC
2020-09-26,1399/07/05,1399,7,5,cement,سیمان، آهک و گچ,70077233737515808,9848.0,9780.6,9781.1,TSETMC
2020-09-26,1399/07/05,1399,7,5,tile_ceramic,کاشی و سرامیک,57616105980228781,46817.3,46243.5,46817.3,TSETMC
2020-09-27,1399/07/06,1399,7,6,cement,سیمان، آهک و گچ,70077233737515808,9689.7,9598.0,9598.4,TSETMC
2020-09-27,1399/07/06,1399,7,6,tile_ceramic,کاشی و سرامیک,57616105980228781,46807.2,46616.1,46807.2,TSETMC
2020-09-28,1399/07/07,1399,7,7,cement,سیمان، آهک و گچ,70077233737515808,9583.0,9464.1,9464.5,TSETMC
2020-09-28,1399/07/07,1399,7,7,tile_ceramic,کاشی و سرامیک,57616105980228781,46898.2,46253.2,46292.6,TSETMC
2020-09-29,1399/07/08,1399,7,8,cement,سیمان، آهک و گچ,70077233737515808,9424.3,9256.0,9256.0,TSETMC
2020-09-29,1399/07/08,1399,7,8,tile_ceramic,کاشی و سرامیک,57616105980228781,46539.4,46124.9,46536.2,TSETMC
2020-09-30,1399/07/09,1399,7,9,cement,سیمان، آهک و گچ,70077233737515808,9248.5,9167.6,9178.4,TSETMC
2020-09-30,1399/07/09,1399,7,9,tile_ceramic,کاشی و سرامیک,57616105980228781,46955.0,46760.8,46862.3,TSETMC
2020-10-03,1399/07/12,1399,7,12,cement,سیمان، آهک و گچ,70077233737515808,9304.0,9222.2,9303.7,TSETMC
2020-10-03,1399/07/12,1399,7,12,tile_ceramic,کاشی و سرامیک,57616105980228781,47361.5,47055.2,47359.0,TSETMC
2020-10-04,1399/07/13,1399,7,13,cement,سیمان، آهک و گچ,70077233737515808,9283.9,9150.4,9150.4,TSETMC
2020-10-04,1399/07/13,1399,7,13,tile_ceramic,کاشی و سرامیک,57616105980228781,48116.2,47443.7,48115.7,TSETMC
2020-10-05,1399/07/14,1399,7,14,cement,سیمان، آهک و گچ,70077233737515808,9260.4,9014.2,9260.4,TSETMC
2020-10-05,1399/07/14,1399,7,14,tile_ceramic,کاشی و سرامیک,57616105980228781,48932.4,48397.0,48932.4,TSETMC
2020-10-06,1399/07/15,1399,7,15,cement,سیمان، آهک و گچ,70077233737515808,9498.9,9322.5,9498.8,TSETMC
2020-10-06,1399/07/15,1399,7,15,tile_ceramic,کاشی و سرامیک,57616105980228781,49381.5,49169.0,49280.2,TSETMC
2020-10-07,1399/07/16,1399,7,16,cement,سیمان، آهک و گچ,70077233737515808,9707.0,9561.2,9707.0,TSETMC
2020-10-07,1399/07/16,1399,7,16,tile_ceramic,کاشی و سرامیک,57616105980228781,49660.6,49019.7,49660.6,TSETMC
2020-10-10,1399/07/19,1399,7,19,cement,سیمان، آهک و گچ,70077233737515808,9856.7,9778.3,9856.7,TSETMC
2020-10-10,1399/07/19,1399,7,19,tile_ceramic,کاشی و سرامیک,57616105980228781,51229.9,50392.6,50887.9,TSETMC
2020-10-11,1399/07/20,1399,7,20,cement,سیمان، آهک و گچ,70077233737515808,10100.6,9993.9,10095.0,TSETMC
2020-10-11,1399/07/20,1399,7,20,tile_ceramic,کاشی و سرامیک,57616105980228781,52636.9,51675.8,52369.6,TSETMC
2020-10-12,1399/07/21,1399,7,21,cement,سیمان، آهک و گچ,70077233737515808,10019.6,9987.9,10012.2,TSETMC
2020-10-12,1399/07/21,1399,7,21,tile_ceramic,کاشی و سرامیک,57616105980228781,52303.3,52245.7,52256.0,TSETMC
2020-10-13,1399/07/22,1399,7,22,cement,سیمان، آهک و گچ,70077233737515808,9956.5,9914.8,9944.2,TSETMC
2020-10-13,1399/07/22,1399,7,22,tile_ceramic,کاشی و سرامیک,57616105980228781,52219.4,52011.4,52013.6,TSETMC
2020-10-14,1399/07/23,1399,7,23,cement,سیمان، آهک و گچ,70077233737515808,9773.9,9734.1,9742.2,TSETMC
2020-10-14,1399/07/23,1399,7,23,tile_ceramic,کاشی و سرامیک,57616105980228781,52614.6,51890.2,51890.2,TSETMC
2020-10-18,1399/07/27,1399,7,27,cement,سیمان، آهک و گچ,70077233737515808,9703.6,9538.3,9538.6,TSETMC
2020-10-18,1399/07/27,1399,7,27,tile_ceramic,کاشی و سرامیک,57616105980228781,51748.3,51534.2,51534.3,TSETMC
2020-10-19,1399/07/28,1399,7,28,cement,سیمان، آهک و گچ,70077233737515808,9415.3,9342.0,9342.0,TSETMC
2020-10-19,1399/07/28,1399,7,28,tile_ceramic,کاشی و سرامیک,57616105980228781,52202.1,51550.2,51553.2,TSETMC
2020-10-20,1399/07/29,1399,7,29,cement,سیمان، آهک و گچ,70077233737515808,9283.2,9173.5,9199.9,TSETMC
2020-10-20,1399/07/29,1399,7,29,tile_ceramic,کاشی و سرامیک,57616105980228781,52365.3,52032.8,52097.5,TSETMC
2020-10-21,1399/07/30,1399,7,30,cement,سیمان، آهک و گچ,70077233737515808,9314.2,9250.8,9251.9,TSETMC
2020-10-21,1399/07/30,1399,7,30,tile_ceramic,کاشی و سرامیک,57616105980228781,53042.1,52446.9,53038.4,TSETMC
2020-10-24,1399/08/03,1399,8,3,cement,سیمان، آهک و گچ,70077233737515808,9160.0,9092.1,9092.1,TSETMC
2020-10-24,1399/08/03,1399,8,3,tile_ceramic,کاشی و سرامیک,57616105980228781,53834.4,53570.5,53730.9,TSETMC
2020-10-26,1399/08/05,1399,8,5,cement,سیمان، آهک و گچ,70077233737515808,9038.7,8916.3,8917.3,TSETMC
2020-10-26,1399/08/05,1399,8,5,tile_ceramic,کاشی و سرامیک,57616105980228781,52893.0,52597.1,52597.1,TSETMC
2020-10-27,1399/08/06,1399,8,6,cement,سیمان، آهک و گچ,70077233737515808,8898.3,8803.2,8824.0,TSETMC
2020-10-27,1399/08/06,1399,8,6,tile_ceramic,کاشی و سرامیک,57616105980228781,52329.1,52079.4,52081.3,TSETMC
2020-10-28,1399/08/07,1399,8,7,cement,سیمان، آهک و گچ,70077233737515808,8828.9,8782.9,8826.5,TSETMC
2020-10-28,1399/08/07,1399,8,7,tile_ceramic,کاشی و سرامیک,57616105980228781,51898.7,51659.9,51660.6,TSETMC
2020-10-31,1399/08/10,1399,8,10,cement,سیمان، آهک و گچ,70077233737515808,8918.4,8900.0,8913.6,TSETMC
2020-10-31,1399/08/10,1399,8,10,tile_ceramic,کاشی و سرامیک,57616105980228781,52127.5,48042.5,52077.6,TSETMC
2020-11-01,1399/08/11,1399,8,11,cement,سیمان، آهک و گچ,70077233737515808,8820.6,8736.2,8736.2,TSETMC
2020-11-01,1399/08/11,1399,8,11,tile_ceramic,کاشی و سرامیک,57616105980228781,53516.6,52319.1,53493.9,TSETMC
2020-11-02,1399/08/12,1399,8,12,cement,سیمان، آهک و گچ,70077233737515808,8714.7,8667.1,8667.6,TSETMC
2020-11-02,1399/08/12,1399,8,12,tile_ceramic,کاشی و سرامیک,57616105980228781,54429.7,54049.5,54215.3,TSETMC
2020-11-04,1399/08/14,1399,8,14,cement,سیمان، آهک و گچ,70077233737515808,8776.6,8733.6,8776.5,TSETMC
2020-11-04,1399/08/14,1399,8,14,tile_ceramic,کاشی و سرامیک,57616105980228781,56670.9,54435.9,56670.9,TSETMC
2020-11-07,1399/08/17,1399,8,17,cement,سیمان، آهک و گچ,70077233737515808,8652.6,8613.3,8613.9,TSETMC
2020-11-07,1399/08/17,1399,8,17,tile_ceramic,کاشی و سرامیک,57616105980228781,58188.0,57440.5,57643.7,TSETMC
2020-11-08,1399/08/18,1399,8,18,cement,سیمان، آهک و گچ,70077233737515808,8520.3,8486.7,8490.1,TSETMC
2020-11-08,1399/08/18,1399,8,18,tile_ceramic,کاشی و سرامیک,57616105980228781,58202.5,57872.1,57928.7,TSETMC
2020-11-09,1399/08/19,1399,8,19,cement,سیمان، آهک و گچ,70077233737515808,8528.1,8506.8,8507.1,TSETMC
2020-11-09,1399/08/19,1399,8,19,tile_ceramic,کاشی و سرامیک,57616105980228781,59315.1,58478.5,58478.5,TSETMC
2020-11-10,1399/08/20,1399,8,20,cement,سیمان، آهک و گچ,70077233737515808,8568.3,8473.4,8473.4,TSETMC
2020-11-10,1399/08/20,1399,8,20,tile_ceramic,کاشی و سرامیک,57616105980228781,58821.2,58081.0,58144.9,TSETMC
2020-11-11,1399/08/21,1399,8,21,cement,سیمان، آهک و گچ,70077233737515808,8479.7,8418.1,8443.8,TSETMC
2020-11-11,1399/08/21,1399,8,21,tile_ceramic,کاشی و سرامیک,57616105980228781,59303.2,58628.6,58937.7,TSETMC
2020-11-14,1399/08/24,1399,8,24,cement,سیمان، آهک و گچ,70077233737515808,8601.7,8499.7,8601.4,TSETMC
2020-11-14,1399/08/24,1399,8,24,tile_ceramic,کاشی و سرامیک,57616105980228781,60101.3,59423.2,59497.5,TSETMC
2020-11-15,1399/08/25,1399,8,25,cement,سیمان، آهک و گچ,70077233737515808,8643.1,8542.0,8542.0,TSETMC
2020-11-15,1399/08/25,1399,8,25,tile_ceramic,کاشی و سرامیک,57616105980228781,59100.6,58844.9,58924.6,TSETMC
2020-11-16,1399/08/26,1399,8,26,cement,سیمان، آهک و گچ,70077233737515808,8546.3,8463.6,8538.0,TSETMC
2020-11-16,1399/08/26,1399,8,26,tile_ceramic,کاشی و سرامیک,57616105980228781,59766.0,59185.7,59632.6,TSETMC
2020-11-17,1399/08/27,1399,8,27,cement,سیمان، آهک و گچ,70077233737515808,8642.2,8566.4,8639.6,TSETMC
2020-11-17,1399/08/27,1399,8,27,tile_ceramic,کاشی و سرامیک,57616105980228781,61035.4,60656.0,60656.0,TSETMC
2020-11-18,1399/08/28,1399,8,28,cement,سیمان، آهک و گچ,70077233737515808,8838.6,8769.6,8838.1,TSETMC
2020-11-18,1399/08/28,1399,8,28,tile_ceramic,کاشی و سرامیک,57616105980228781,62211.2,59341.6,59733.0,TSETMC
2020-11-21,1399/09/01,1399,9,1,cement,سیمان، آهک و گچ,70077233737515808,8952.5,8901.9,8902.1,TSETMC
2020-11-21,1399/09/01,1399,9,1,tile_ceramic,کاشی و سرامیک,57616105980228781,60619.1,60170.9,60595.8,TSETMC
2020-11-22,1399/09/02,1399,9,2,cement,سیمان، آهک و گچ,70077233737515808,8878.1,8757.1,8878.1,TSETMC
2020-11-22,1399/09/02,1399,9,2,tile_ceramic,کاشی و سرامیک,57616105980228781,60990.0,60542.8,60554.6,TSETMC
2020-11-23,1399/09/03,1399,9,3,cement,سیمان، آهک و گچ,70077233737515808,9033.1,8934.4,9033.1,TSETMC
2020-11-23,1399/09/03,1399,9,3,tile_ceramic,کاشی و سرامیک,57616105980228781,60565.3,60087.5,60280.4,TSETMC
2020-11-24,1399/09/04,1399,9,4,cement,سیمان، آهک و گچ,70077233737515808,9184.5,9140.0,9151.7,TSETMC
2020-11-24,1399/09/04,1399,9,4,tile_ceramic,کاشی و سرامیک,57616105980228781,60995.6,59480.4,59535.0,TSETMC
2020-11-25,1399/09/05,1399,9,5,cement,سیمان، آهک و گچ,70077233737515808,9231.9,9160.3,9231.6,TSETMC
2020-11-25,1399/09/05,1399,9,5,tile_ceramic,کاشی و سرامیک,57616105980228781,60052.6,59582.7,59996.9,TSETMC
2020-11-28,1399/09/08,1399,9,8,cement,سیمان، آهک و گچ,70077233737515808,9278.2,9179.9,9278.0,TSETMC
2020-11-28,1399/09/08,1399,9,8,tile_ceramic,کاشی و سرامیک,57616105980228781,61190.0,60629.2,61120.2,TSETMC
2020-11-29,1399/09/09,1399,9,9,cement,سیمان، آهک و گچ,70077233737515808,9457.2,9364.6,9457.2,TSETMC
2020-11-29,1399/09/09,1399,9,9,tile_ceramic,کاشی و سرامیک,57616105980228781,62912.0,61931.5,62911.7,TSETMC
2020-11-30,1399/09/10,1399,9,10,cement,سیمان، آهک و گچ,70077233737515808,9611.7,9541.7,9611.3,TSETMC
2020-11-30,1399/09/10,1399,9,10,tile_ceramic,کاشی و سرامیک,57616105980228781,64186.3,62525.1,62525.3,TSETMC
2020-12-01,1399/09/11,1399,9,11,cement,سیمان، آهک و گچ,70077233737515808,9624.4,9580.3,9612.8,TSETMC
2020-12-01,1399/09/11,1399,9,11,tile_ceramic,کاشی و سرامیک,57616105980228781,62065.9,61428.7,62055.3,TSETMC
2020-12-02,1399/09/12,1399,9,12,cement,سیمان، آهک و گچ,70077233737515808,9628.3,9539.4,9614.8,TSETMC
2020-12-02,1399/09/12,1399,9,12,tile_ceramic,کاشی و سرامیک,57616105980228781,63515.3,61733.0,63441.6,TSETMC
2020-12-05,1399/09/15,1399,9,15,cement,سیمان، آهک و گچ,70077233737515808,9855.9,9606.1,9855.9,TSETMC
2020-12-05,1399/09/15,1399,9,15,tile_ceramic,کاشی و سرامیک,57616105980228781,64717.8,64063.1,64713.8,TSETMC
2020-12-06,1399/09/16,1399,9,16,cement,سیمان، آهک و گچ,70077233737515808,10108.5,9972.1,10095.3,TSETMC
2020-12-06,1399/09/16,1399,9,16,tile_ceramic,کاشی و سرامیک,57616105980228781,67360.3,66376.6,67288.9,TSETMC
2020-12-07,1399/09/17,1399,9,17,cement,سیمان، آهک و گچ,70077233737515808,10116.1,10012.7,10012.8,TSETMC
2020-12-07,1399/09/17,1399,9,17,tile_ceramic,کاشی و سرامیک,57616105980228781,68669.2,66968.1,68409.8,TSETMC
2020-12-08,1399/09/18,1399,9,18,cement,سیمان، آهک و گچ,70077233737515808,10020.8,9924.6,10020.5,TSETMC
2020-12-08,1399/09/18,1399,9,18,tile_ceramic,کاشی و سرامیک,57616105980228781,68640.4,67767.3,68640.4,TSETMC
2020-12-09,1399/09/19,1399,9,19,cement,سیمان، آهک و گچ,70077233737515808,10298.9,10143.2,10298.8,TSETMC
2020-12-09,1399/09/19,1399,9,19,tile_ceramic,کاشی و سرامیک,57616105980228781,71347.6,69156.0,71346.3,TSETMC
2020-12-12,1399/09/22,1399,9,22,cement,سیمان، آهک و گچ,70077233737515808,10583.5,10495.0,10561.4,TSETMC
2020-12-12,1399/09/22,1399,9,22,tile_ceramic,کاشی و سرامیک,57616105980228781,73293.8,71697.3,71697.6,TSETMC
2020-12-13,1399/09/23,1399,9,23,cement,سیمان، آهک و گچ,70077233737515808,10515.3,10421.3,10497.0,TSETMC
2020-12-13,1399/09/23,1399,9,23,tile_ceramic,کاشی و سرامیک,57616105980228781,70326.4,69237.7,70292.9,TSETMC
2020-12-14,1399/09/24,1399,9,24,cement,سیمان، آهک و گچ,70077233737515808,10446.8,10250.0,10250.5,TSETMC
2020-12-14,1399/09/24,1399,9,24,tile_ceramic,کاشی و سرامیک,57616105980228781,70206.3,67908.5,67909.5,TSETMC
2020-12-15,1399/09/25,1399,9,25,cement,سیمان، آهک و گچ,70077233737515808,10042.5,9962.6,9962.6,TSETMC
2020-12-15,1399/09/25,1399,9,25,tile_ceramic,کاشی و سرامیک,57616105980228781,66685.3,65840.6,65840.6,TSETMC
2020-12-16,1399/09/26,1399,9,26,cement,سیمان، آهک و گچ,70077233737515808,9777.8,9719.6,9735.7,TSETMC
2020-12-16,1399/09/26,1399,9,26,tile_ceramic,کاشی و سرامیک,57616105980228781,65607.1,64417.0,65149.6,TSETMC
2020-12-19,1399/09/29,1399,9,29,cement,سیمان، آهک و گچ,70077233737515808,9906.6,9822.2,9906.5,TSETMC
2020-12-19,1399/09/29,1399,9,29,tile_ceramic,کاشی و سرامیک,57616105980228781,65985.7,65459.0,65984.2,TSETMC
2020-12-20,1399/09/30,1399,9,30,cement,سیمان، آهک و گچ,70077233737515808,9932.7,9843.6,9843.9,TSETMC
2020-12-20,1399/09/30,1399,9,30,tile_ceramic,کاشی و سرامیک,57616105980228781,66506.9,64783.8,64783.8,TSETMC
2020-12-21,1399/10/01,1399,10,1,cement,سیمان، آهک و گچ,70077233737515808,9933.6,9837.1,9923.5,TSETMC
2020-12-21,1399/10/01,1399,10,1,tile_ceramic,کاشی و سرامیک,57616105980228781,63546.5,62997.5,63546.5,TSETMC
2020-12-22,1399/10/02,1399,10,2,cement,سیمان، آهک و گچ,70077233737515808,10142.9,9940.0,10142.9,TSETMC
2020-12-22,1399/10/02,1399,10,2,tile_ceramic,کاشی و سرامیک,57616105980228781,64746.5,64039.1,64738.9,TSETMC
2020-12-23,1399/10/03,1399,10,3,cement,سیمان، آهک و گچ,70077233737515808,10430.2,10226.0,10430.2,TSETMC
2020-12-23,1399/10/03,1399,10,3,tile_ceramic,کاشی و سرامیک,57616105980228781,67568.7,66737.7,67568.7,TSETMC
2020-12-26,1399/10/06,1399,10,6,cement,سیمان، آهک و گچ,70077233737515808,10847.4,10560.3,10847.4,TSETMC
2020-12-26,1399/10/06,1399,10,6,tile_ceramic,کاشی و سرامیک,57616105980228781,69935.9,69544.1,69544.1,TSETMC
2020-12-27,1399/10/07,1399,10,7,cement,سیمان، آهک و گچ,70077233737515808,11112.6,10941.1,10941.4,TSETMC
2020-12-27,1399/10/07,1399,10,7,tile_ceramic,کاشی و سرامیک,57616105980228781,71419.4,70747.3,70758.6,TSETMC
2020-12-28,1399/10/08,1399,10,8,cement,سیمان، آهک و گچ,70077233737515808,10749.5,10630.0,10644.6,TSETMC
2020-12-28,1399/10/08,1399,10,8,tile_ceramic,کاشی و سرامیک,57616105980228781,71903.0,71008.0,71258.4,TSETMC
2020-12-29,1399/10/09,1399,10,9,cement,سیمان، آهک و گچ,70077233737515808,10553.9,10467.8,10498.4,TSETMC
2020-12-29,1399/10/09,1399,10,9,tile_ceramic,کاشی و سرامیک,57616105980228781,71373.3,70763.6,71177.2,TSETMC
2020-12-30,1399/10/10,1399,10,10,cement,سیمان، آهک و گچ,70077233737515808,10530.5,10382.1,10382.1,TSETMC
2020-12-30,1399/10/10,1399,10,10,tile_ceramic,کاشی و سرامیک,57616105980228781,70524.0,69329.3,70441.0,TSETMC
2021-01-02,1399/10/13,1399,10,13,cement,سیمان، آهک و گچ,70077233737515808,10216.6,10069.0,10069.0,TSETMC
2021-01-02,1399/10/13,1399,10,13,tile_ceramic,کاشی و سرامیک,57616105980228781,69788.0,69061.5,69146.2,TSETMC
2021-01-03,1399/10/14,1399,10,14,cement,سیمان، آهک و گچ,70077233737515808,10022.4,9978.8,9999.4,TSETMC
2021-01-03,1399/10/14,1399,10,14,tile_ceramic,کاشی و سرامیک,57616105980228781,69033.5,68425.9,68820.9,TSETMC
2021-01-04,1399/10/15,1399,10,15,cement,سیمان، آهک و گچ,70077233737515808,10181.9,10084.8,10178.5,TSETMC
2021-01-04,1399/10/15,1399,10,15,tile_ceramic,کاشی و سرامیک,57616105980228781,71315.8,69858.9,71310.8,TSETMC
2021-01-05,1399/10/16,1399,10,16,cement,سیمان، آهک و گچ,70077233737515808,10195.2,10161.3,10184.1,TSETMC
2021-01-05,1399/10/16,1399,10,16,tile_ceramic,کاشی و سرامیک,57616105980228781,74489.0,73091.8,74141.2,TSETMC
2021-01-06,1399/10/17,1399,10,17,cement,سیمان، آهک و گچ,70077233737515808,10182.2,10096.9,10106.9,TSETMC
2021-01-06,1399/10/17,1399,10,17,tile_ceramic,کاشی و سرامیک,57616105980228781,75345.4,74327.5,75343.1,TSETMC
2021-01-09,1399/10/20,1399,10,20,cement,سیمان، آهک و گچ,70077233737515808,10205.1,10104.7,10104.7,TSETMC
2021-01-09,1399/10/20,1399,10,20,tile_ceramic,کاشی و سرامیک,57616105980228781,75679.3,74975.1,75040.1,TSETMC
2021-01-10,1399/10/21,1399,10,21,cement,سیمان، آهک و گچ,70077233737515808,10347.2,10189.9,10347.2,TSETMC
2021-01-10,1399/10/21,1399,10,21,tile_ceramic,کاشی و سرامیک,57616105980228781,75788.9,75258.5,75429.6,TSETMC
2021-01-11,1399/10/22,1399,10,22,cement,سیمان، آهک و گچ,70077233737515808,10562.2,10457.3,10543.5,TSETMC
2021-01-11,1399/10/22,1399,10,22,tile_ceramic,کاشی و سرامیک,57616105980228781,74933.4,73505.9,73582.2,TSETMC
2021-01-12,1399/10/23,1399,10,23,cement,سیمان، آهک و گچ,70077233737515808,10557.5,10455.1,10455.3,TSETMC
2021-01-12,1399/10/23,1399,10,23,tile_ceramic,کاشی و سرامیک,57616105980228781,73117.9,71810.3,71810.3,TSETMC
2021-01-13,1399/10/24,1399,10,24,cement,سیمان، آهک و گچ,70077233737515808,10395.0,10329.5,10333.9,TSETMC
2021-01-13,1399/10/24,1399,10,24,tile_ceramic,کاشی و سرامیک,57616105980228781,70781.5,68969.6,69104.2,TSETMC
2021-01-16,1399/10/27,1399,10,27,cement,سیمان، آهک و گچ,70077233737515808,10374.9,10140.1,10140.5,TSETMC
2021-01-16,1399/10/27,1399,10,27,tile_ceramic,کاشی و سرامیک,57616105980228781,66880.0,66240.7,66240.7,TSETMC
2021-01-18,1399/10/29,1399,10,29,cement,سیمان، آهک و گچ,70077233737515808,10050.5,10008.6,10008.6,TSETMC
2021-01-18,1399/10/29,1399,10,29,tile_ceramic,کاشی و سرامیک,57616105980228781,65000.7,64427.3,64427.3,TSETMC
2021-01-19,1399/10/30,1399,10,30,cement,سیمان، آهک و گچ,70077233737515808,10051.7,9984.6,10004.4,TSETMC
2021-01-19,1399/10/30,1399,10,30,tile_ceramic,کاشی و سرامیک,57616105980228781,63635.9,61522.4,61522.4,TSETMC
2021-01-20,1399/11/01,1399,11,1,cement,سیمان، آهک و گچ,70077233737515808,10108.1,9999.0,10107.6,TSETMC
2021-01-20,1399/11/01,1399,11,1,tile_ceramic,کاشی و سرامیک,57616105980228781,61346.0,60269.5,60269.5,TSETMC
2021-01-23,1399/11/04,1399,11,4,cement,سیمان، آهک و گچ,70077233737515808,10459.6,10277.0,10459.6,TSETMC
2021-01-23,1399/11/04,1399,11,4,tile_ceramic,کاشی و سرامیک,57616105980228781,61435.3,60229.5,61428.8,TSETMC
2021-01-24,1399/11/05,1399,11,5,cement,سیمان، آهک و گچ,70077233737515808,10674.3,10499.1,10499.2,TSETMC
2021-01-24,1399/11/05,1399,11,5,tile_ceramic,کاشی و سرامیک,57616105980228781,62826.5,61270.2,61270.2,TSETMC
2021-01-25,1399/11/06,1399,11,6,cement,سیمان، آهک و گچ,70077233737515808,10427.5,10293.4,10293.4,TSETMC
2021-01-25,1399/11/06,1399,11,6,tile_ceramic,کاشی و سرامیک,57616105980228781,61087.2,60594.0,60595.7,TSETMC
2021-01-26,1399/11/07,1399,11,7,cement,سیمان، آهک و گچ,70077233737515808,10238.7,10111.5,10111.5,TSETMC
2021-01-26,1399/11/07,1399,11,7,tile_ceramic,کاشی و سرامیک,57616105980228781,61360.0,61006.8,61177.2,TSETMC
2021-01-27,1399/11/08,1399,11,8,cement,سیمان، آهک و گچ,70077233737515808,10327.7,10118.5,10327.7,TSETMC
2021-01-27,1399/11/08,1399,11,8,tile_ceramic,کاشی و سرامیک,57616105980228781,62964.0,62737.2,62739.8,TSETMC
2021-01-30,1399/11/11,1399,11,11,cement,سیمان، آهک و گچ,70077233737515808,10626.0,10497.5,10625.9,TSETMC
2021-01-30,1399/11/11,1399,11,11,tile_ceramic,کاشی و سرامیک,57616105980228781,64112.4,63353.9,63718.6,TSETMC
2021-01-31,1399/11/12,1399,11,12,cement,سیمان، آهک و گچ,70077233737515808,10753.1,10711.8,10711.9,TSETMC
2021-01-31,1399/11/12,1399,11,12,tile_ceramic,کاشی و سرامیک,57616105980228781,64315.9,62912.5,62930.0,TSETMC
2021-02-01,1399/11/13,1399,11,13,cement,سیمان، آهک و گچ,70077233737515808,10726.2,10683.9,10685.9,TSETMC
2021-02-01,1399/11/13,1399,11,13,tile_ceramic,کاشی و سرامیک,57616105980228781,62256.7,61592.5,62009.9,TSETMC
2021-02-02,1399/11/14,1399,11,14,cement,سیمان، آهک و گچ,70077233737515808,10808.2,10736.7,10808.2,TSETMC
2021-02-02,1399/11/14,1399,11,14,tile_ceramic,کاشی و سرامیک,57616105980228781,62295.4,62029.3,62107.6,TSETMC
2021-02-03,1399/11/15,1399,11,15,cement,سیمان، آهک و گچ,70077233737515808,10874.0,10797.3,10797.3,TSETMC
2021-02-03,1399/11/15,1399,11,15,tile_ceramic,کاشی و سرامیک,57616105980228781,62354.3,61534.5,61538.2,TSETMC
2021-02-06,1399/11/18,1399,11,18,cement,سیمان، آهک و گچ,70077233737515808,10738.3,10652.2,10652.2,TSETMC
2021-02-06,1399/11/18,1399,11,18,tile_ceramic,کاشی و سرامیک,57616105980228781,61222.9,60561.4,60565.2,TSETMC
2021-02-07,1399/11/19,1399,11,19,cement,سیمان، آهک و گچ,70077233737515808,10877.7,10704.0,10877.5,TSETMC
2021-02-07,1399/11/19,1399,11,19,tile_ceramic,کاشی و سرامیک,57616105980228781,60632.2,60030.9,60632.2,TSETMC
2021-02-08,1399/11/20,1399,11,20,cement,سیمان، آهک و گچ,70077233737515808,10894.1,10782.8,10782.8,TSETMC
2021-02-08,1399/11/20,1399,11,20,tile_ceramic,کاشی و سرامیک,57616105980228781,60862.7,60529.1,60828.3,TSETMC
2021-02-09,1399/11/21,1399,11,21,cement,سیمان، آهک و گچ,70077233737515808,10867.9,10772.8,10867.9,TSETMC
2021-02-09,1399/11/21,1399,11,21,tile_ceramic,کاشی و سرامیک,57616105980228781,61207.8,60741.6,60741.6,TSETMC
2021-02-13,1399/11/25,1399,11,25,cement,سیمان، آهک و گچ,70077233737515808,11215.4,11052.0,11215.4,TSETMC
2021-02-13,1399/11/25,1399,11,25,tile_ceramic,کاشی و سرامیک,57616105980228781,61613.6,60950.1,61318.8,TSETMC
2021-02-14,1399/11/26,1399,11,26,cement,سیمان، آهک و گچ,70077233737515808,11244.1,11199.2,11199.2,TSETMC
2021-02-14,1399/11/26,1399,11,26,tile_ceramic,کاشی و سرامیک,57616105980228781,61285.9,61055.4,61060.0,TSETMC
2021-02-15,1399/11/27,1399,11,27,cement,سیمان، آهک و گچ,70077233737515808,11189.0,11160.7,11182.4,TSETMC
2021-02-15,1399/11/27,1399,11,27,tile_ceramic,کاشی و سرامیک,57616105980228781,61768.7,61321.0,61448.7,TSETMC
2021-02-16,1399/11/28,1399,11,28,cement,سیمان، آهک و گچ,70077233737515808,11160.6,11129.7,11139.8,TSETMC
2021-02-16,1399/11/28,1399,11,28,tile_ceramic,کاشی و سرامیک,57616105980228781,61986.4,61270.1,61986.4,TSETMC
2021-02-17,1399/11/29,1399,11,29,cement,سیمان، آهک و گچ,70077233737515808,11299.5,11153.8,11288.4,TSETMC
2021-02-17,1399/11/29,1399,11,29,tile_ceramic,کاشی و سرامیک,57616105980228781,62093.8,61580.6,61657.8,TSETMC
2021-02-20,1399/12/02,1399,12,2,cement,سیمان، آهک و گچ,70077233737515808,11344.9,11290.7,11290.7,TSETMC
2021-02-20,1399/12/02,1399,12,2,tile_ceramic,کاشی و سرامیک,57616105980228781,61722.8,61502.2,61722.1,TSETMC
2021-02-21,1399/12/03,1399,12,3,cement,سیمان، آهک و گچ,70077233737515808,11292.6,11250.5,11250.5,TSETMC
2021-02-21,1399/12/03,1399,12,3,tile_ceramic,کاشی و سرامیک,57616105980228781,62522.2,62260.6,62260.6,TSETMC
2021-02-22,1399/12/04,1399,12,4,cement,سیمان، آهک و گچ,70077233737515808,11231.2,11217.1,11217.1,TSETMC
2021-02-22,1399/12/04,1399,12,4,tile_ceramic,کاشی و سرامیک,57616105980228781,62908.8,62256.1,62904.5,TSETMC
2021-02-23,1399/12/05,1399,12,5,cement,سیمان، آهک و گچ,70077233737515808,11251.4,11225.0,11250.5,TSETMC
2021-02-23,1399/12/05,1399,12,5,tile_ceramic,کاشی و سرامیک,57616105980228781,63645.7,63028.3,63542.6,TSETMC
2021-02-24,1399/12/06,1399,12,6,cement,سیمان، آهک و گچ,70077233737515808,11278.4,11255.7,11255.9,TSETMC
2021-02-24,1399/12/06,1399,12,6,tile_ceramic,کاشی و سرامیک,57616105980228781,64068.9,63839.2,63931.3,TSETMC
2021-02-27,1399/12/09,1399,12,9,cement,سیمان، آهک و گچ,70077233737515808,11255.1,11229.5,11229.5,TSETMC
2021-02-27,1399/12/09,1399,12,9,tile_ceramic,کاشی و سرامیک,57616105980228781,64008.2,63749.2,63749.2,TSETMC
2021-02-28,1399/12/10,1399,12,10,cement,سیمان، آهک و گچ,70077233737515808,11203.2,11186.0,11186.2,TSETMC
2021-02-28,1399/12/10,1399,12,10,tile_ceramic,کاشی و سرامیک,57616105980228781,63717.7,63626.1,63626.1,TSETMC
2021-03-01,1399/12/11,1399,12,11,cement,سیمان، آهک و گچ,70077233737515808,11186.6,11151.5,11186.5,TSETMC
2021-03-01,1399/12/11,1399,12,11,tile_ceramic,کاشی و سرامیک,57616105980228781,63538.3,63404.3,63405.7,TSETMC
2021-03-02,1399/12/12,1399,12,12,cement,سیمان، آهک و گچ,70077233737515808,11314.4,11219.1,11314.4,TSETMC
2021-03-02,1399/12/12,1399,12,12,tile_ceramic,کاشی و سرامیک,57616105980228781,63397.5,63285.0,63285.0,TSETMC
2021-03-03,1399/12/13,1399,12,13,cement,سیمان، آهک و گچ,70077233737515808,11368.0,11330.8,11331.6,TSETMC
2021-03-03,1399/12/13,1399,12,13,tile_ceramic,کاشی و سرامیک,57616105980228781,63204.9,63127.2,63130.3,TSETMC
2021-03-06,1399/12/16,1399,12,16,cement,سیمان، آهک و گچ,70077233737515808,11312.6,11278.0,11278.0,TSETMC
2021-03-06,1399/12/16,1399,12,16,tile_ceramic,کاشی و سرامیک,57616105980228781,63103.7,62981.1,62984.9,TSETMC
2021-03-07,1399/12/17,1399,12,17,cement,سیمان، آهک و گچ,70077233737515808,11272.7,11250.0,11250.4,TSETMC
2021-03-07,1399/12/17,1399,12,17,tile_ceramic,کاشی و سرامیک,57616105980228781,62982.1,62884.8,62884.8,TSETMC
2021-03-08,1399/12/18,1399,12,18,cement,سیمان، آهک و گچ,70077233737515808,11276.4,11254.5,11266.8,TSETMC
2021-03-08,1399/12/18,1399,12,18,tile_ceramic,کاشی و سرامیک,57616105980228781,62857.1,62401.5,62401.5,TSETMC
2021-03-09,1399/12/19,1399,12,19,cement,سیمان، آهک و گچ,70077233737515808,11265.4,11236.1,11236.1,TSETMC
2021-03-09,1399/12/19,1399,12,19,tile_ceramic,کاشی و سرامیک,57616105980228781,62678.7,62363.8,62368.3,TSETMC
2021-03-10,1399/12/20,1399,12,20,cement,سیمان، آهک و گچ,70077233737515808,11233.2,11190.3,11190.3,TSETMC
2021-03-10,1399/12/20,1399,12,20,tile_ceramic,کاشی و سرامیک,57616105980228781,62249.5,62099.8,62099.8,TSETMC
2021-03-13,1399/12/23,1399,12,23,cement,سیمان، آهک و گچ,70077233737515808,11184.2,11145.9,11154.8,TSETMC
2021-03-13,1399/12/23,1399,12,23,tile_ceramic,کاشی و سرامیک,57616105980228781,62023.4,61873.6,61878.6,TSETMC
2021-03-14,1399/12/24,1399,12,24,cement,سیمان، آهک و گچ,70077233737515808,11163.9,11142.5,11143.0,TSETMC
2021-03-14,1399/12/24,1399,12,24,tile_ceramic,کاشی و سرامیک,57616105980228781,62142.6,61942.2,61949.5,TSETMC
2021-03-15,1399/12/25,1399,12,25,cement,سیمان، آهک و گچ,70077233737515808,11128.4,11114.5,11119.9,TSETMC
2021-03-15,1399/12/25,1399,12,25,tile_ceramic,کاشی و سرامیک,57616105980228781,61896.3,61714.4,61715.0,TSETMC
2021-03-16,1399/12/26,1399,12,26,cement,سیمان، آهک و گچ,70077233737515808,11265.8,11119.8,11265.3,TSETMC
2021-03-16,1399/12/26,1399,12,26,tile_ceramic,کاشی و سرامیک,57616105980228781,61700.3,60542.0,61359.1,TSETMC
2021-03-17,1399/12/27,1399,12,27,cement,سیمان، آهک و گچ,70077233737515808,11383.5,11294.6,11380.4,TSETMC
2021-03-17,1399/12/27,1399,12,27,tile_ceramic,کاشی و سرامیک,57616105980228781,61337.9,60834.1,60835.8,TSETMC
2021-03-27,1400/01/07,1400,1,7,cement,سیمان، آهک و گچ,70077233737515808,11415.7,11391.5,11415.7,TSETMC
2021-03-27,1400/01/07,1400,1,7,tile_ceramic,کاشی و سرامیک,57616105980228781,60812.0,60198.6,60201.8,TSETMC
2021-03-28,1400/01/08,1400,1,8,cement,سیمان، آهک و گچ,70077233737515808,11431.2,11381.0,11431.2,TSETMC
2021-03-28,1400/01/08,1400,1,8,tile_ceramic,کاشی و سرامیک,57616105980228781,60805.1,58837.0,60805.1,TSETMC
2021-03-30,1400/01/10,1400,1,10,cement,سیمان، آهک و گچ,70077233737515808,11413.7,11367.4,11368.0,TSETMC
2021-03-30,1400/01/10,1400,1,10,tile_ceramic,کاشی و سرامیک,57616105980228781,61671.1,60944.4,61667.6,TSETMC
2021-03-31,1400/01/11,1400,1,11,cement,سیمان، آهک و گچ,70077233737515808,11369.8,11314.5,11314.5,TSETMC
2021-03-31,1400/01/11,1400,1,11,tile_ceramic,کاشی و سرامیک,57616105980228781,62015.5,61709.5,61714.0,TSETMC
2021-04-03,1400/01/14,1400,1,14,cement,سیمان، آهک و گچ,70077233737515808,11305.1,11276.6,11277.0,TSETMC
2021-04-03,1400/01/14,1400,1,14,tile_ceramic,کاشی و سرامیک,57616105980228781,61668.5,61441.6,61441.8,TSETMC
2021-04-04,1400/01/15,1400,1,15,cement,سیمان، آهک و گچ,70077233737515808,11286.9,11278.8,11282.8,TSETMC
2021-04-04,1400/01/15,1400,1,15,tile_ceramic,کاشی و سرامیک,57616105980228781,61372.3,61210.5,61210.6,TSETMC
2021-04-05,1400/01/16,1400,1,16,cement,سیمان، آهک و گچ,70077233737515808,11329.4,11292.4,11324.8,TSETMC
2021-04-05,1400/01/16,1400,1,16,tile_ceramic,کاشی و سرامیک,57616105980228781,61173.2,61080.5,61081.4,TSETMC
2021-04-06,1400/01/17,1400,1,17,cement,سیمان، آهک و گچ,70077233737515808,11334.0,11226.2,11281.9,TSETMC
2021-04-06,1400/01/17,1400,1,17,tile_ceramic,کاشی و سرامیک,57616105980228781,61070.3,61053.3,61054.4,TSETMC
2021-04-07,1400/01/18,1400,1,18,cement,سیمان، آهک و گچ,70077233737515808,11289.5,11260.8,11287.9,TSETMC
2021-04-07,1400/01/18,1400,1,18,tile_ceramic,کاشی و سرامیک,57616105980228781,61053.4,61042.7,61046.4,TSETMC
2021-04-10,1400/01/21,1400,1,21,cement,سیمان، آهک و گچ,70077233737515808,11284.8,11266.4,11266.7,TSETMC
2021-04-10,1400/01/21,1400,1,21,tile_ceramic,کاشی و سرامیک,57616105980228781,61046.1,61044.2,61045.6,TSETMC
2021-04-11,1400/01/22,1400,1,22,cement,سیمان، آهک و گچ,70077233737515808,11260.6,11256.9,11260.6,TSETMC
2021-04-11,1400/01/22,1400,1,22,tile_ceramic,کاشی و سرامیک,57616105980228781,61044.4,61042.0,61042.2,TSETMC
2021-04-12,1400/01/23,1400,1,23,cement,سیمان، آهک و گچ,70077233737515808,11259.3,11254.2,11257.8,TSETMC
2021-04-12,1400/01/23,1400,1,23,tile_ceramic,کاشی و سرامیک,57616105980228781,61041.7,61027.9,61031.4,TSETMC
2021-04-13,1400/01/24,1400,1,24,cement,سیمان، آهک و گچ,70077233737515808,11264.3,11240.5,11263.0,TSETMC
2021-04-13,1400/01/24,1400,1,24,tile_ceramic,کاشی و سرامیک,57616105980228781,61028.2,61010.7,61010.7,TSETMC
2021-04-14,1400/01/25,1400,1,25,cement,سیمان، آهک و گچ,70077233737515808,11262.6,11251.8,11260.3,TSETMC
2021-04-14,1400/01/25,1400,1,25,tile_ceramic,کاشی و سرامیک,57616105980228781,61010.2,61004.0,61004.7,TSETMC
2021-04-17,1400/01/28,1400,1,28,cement,سیمان، آهک و گچ,70077233737515808,11274.1,11261.7,11262.0,TSETMC
2021-04-17,1400/01/28,1400,1,28,tile_ceramic,کاشی و سرامیک,57616105980228781,60999.9,60974.2,60979.1,TSETMC
2021-04-18,1400/01/29,1400,1,29,cement,سیمان، آهک و گچ,70077233737515808,11260.4,11247.8,11247.8,TSETMC
2021-04-18,1400/01/29,1400,1,29,tile_ceramic,کاشی و سرامیک,57616105980228781,60979.0,60977.4,60978.2,TSETMC
2021-04-19,1400/01/30,1400,1,30,cement,سیمان، آهک و گچ,70077233737515808,11253.1,11246.0,11246.1,TSETMC
2021-04-19,1400/01/30,1400,1,30,tile_ceramic,کاشی و سرامیک,57616105980228781,60978.1,60977.0,60977.6,TSETMC
2021-04-20,1400/01/31,1400,1,31,cement,سیمان، آهک و گچ,70077233737515808,11267.8,11248.7,11267.8,TSETMC
2021-04-20,1400/01/31,1400,1,31,tile_ceramic,کاشی و سرامیک,57616105980228781,60977.8,60974.9,60977.8,TSETMC
2021-04-21,1400/02/01,1400,2,1,cement,سیمان، آهک و گچ,70077233737515808,11266.3,11037.9,11160.9,TSETMC
2021-04-21,1400/02/01,1400,2,1,tile_ceramic,کاشی و سرامیک,57616105980228781,60977.3,60973.7,60975.9,TSETMC
2021-04-24,1400/02/04,1400,2,4,cement,سیمان، آهک و گچ,70077233737515808,11162.0,11032.9,11141.1,TSETMC
2021-04-24,1400/02/04,1400,2,4,tile_ceramic,کاشی و سرامیک,57616105980228781,60975.7,60973.0,60974.0,TSETMC
2021-04-25,1400/02/05,1400,2,5,cement,سیمان، آهک و گچ,70077233737515808,11142.1,11119.2,11119.2,TSETMC
2021-04-25,1400/02/05,1400,2,5,tile_ceramic,کاشی و سرامیک,57616105980228781,60973.5,60948.2,60948.5,TSETMC
2021-04-26,1400/02/06,1400,2,6,cement,سیمان، آهک و گچ,70077233737515808,11117.4,11092.7,11092.7,TSETMC
2021-04-26,1400/02/06,1400,2,6,tile_ceramic,کاشی و سرامیک,57616105980228781,60944.1,60940.8,60943.0,TSETMC
2021-04-27,1400/02/07,1400,2,7,cement,سیمان، آهک و گچ,70077233737515808,11056.5,11033.1,11033.7,TSETMC
2021-04-27,1400/02/07,1400,2,7,tile_ceramic,کاشی و سرامیک,57616105980228781,60917.6,60891.0,60894.9,TSETMC
2021-04-28,1400/02/08,1400,2,8,cement,سیمان، آهک و گچ,70077233737515808,11030.5,11000.3,11000.3,TSETMC
2021-04-28,1400/02/08,1400,2,8,tile_ceramic,کاشی و سرامیک,57616105980228781,60893.7,60880.8,60880.8,TSETMC
2021-05-01,1400/02/11,1400,2,11,cement,سیمان، آهک و گچ,70077233737515808,10989.8,10947.6,10947.6,TSETMC
2021-05-01,1400/02/11,1400,2,11,tile_ceramic,کاشی و سرامیک,57616105980228781,60875.2,60871.6,60874.5,TSETMC
2021-05-02,1400/02/12,1400,2,12,cement,سیمان، آهک و گچ,70077233737515808,10936.8,10904.5,10904.5,TSETMC
2021-05-02,1400/02/12,1400,2,12,tile_ceramic,کاشی و سرامیک,57616105980228781,60873.9,60873.0,60873.5,TSETMC
2021-05-03,1400/02/13,1400,2,13,cement,سیمان، آهک و گچ,70077233737515808,10897.1,10891.8,10892.1,TSETMC
2021-05-03,1400/02/13,1400,2,13,tile_ceramic,کاشی و سرامیک,57616105980228781,60872.8,60870.7,60871.8,TSETMC
2021-05-05,1400/02/15,1400,2,15,cement,سیمان، آهک و گچ,70077233737515808,10902.4,10890.8,10891.4,TSETMC
2021-05-05,1400/02/15,1400,2,15,tile_ceramic,کاشی و سرامیک,57616105980228781,60871.5,60865.6,60867.9,TSETMC
2021-05-08,1400/02/18,1400,2,18,cement,سیمان، آهک و گچ,70077233737515808,10902.5,10870.8,10871.4,TSETMC
2021-05-08,1400/02/18,1400,2,18,tile_ceramic,کاشی و سرامیک,57616105980228781,60867.6,60866.0,60867.4,TSETMC
2021-05-09,1400/02/19,1400,2,19,cement,سیمان، آهک و گچ,70077233737515808,10877.4,10840.9,10841.0,TSETMC
2021-05-09,1400/02/19,1400,2,19,tile_ceramic,کاشی و سرامیک,57616105980228781,60867.3,60867.3,60867.3,TSETMC
2021-05-10,1400/02/20,1400,2,20,cement,سیمان، آهک و گچ,70077233737515808,10840.6,10786.5,10829.6,TSETMC
2021-05-10,1400/02/20,1400,2,20,tile_ceramic,کاشی و سرامیک,57616105980228781,60867.1,55367.7,55460.7,TSETMC
2021-05-11,1400/02/21,1400,2,21,cement,سیمان، آهک و گچ,70077233737515808,10878.7,10844.9,10878.6,TSETMC
2021-05-11,1400/02/21,1400,2,21,tile_ceramic,کاشی و سرامیک,57616105980228781,55705.3,55524.1,55703.5,TSETMC
2021-05-12,1400/02/22,1400,2,22,cement,سیمان، آهک و گچ,70077233737515808,10889.2,10787.0,10787.0,TSETMC
2021-05-12,1400/02/22,1400,2,22,tile_ceramic,کاشی و سرامیک,57616105980228781,55964.0,55717.1,55963.9,TSETMC
2021-05-15,1400/02/25,1400,2,25,cement,سیمان، آهک و گچ,70077233737515808,10790.1,10753.8,10755.0,TSETMC
2021-05-15,1400/02/25,1400,2,25,tile_ceramic,کاشی و سرامیک,57616105980228781,55884.2,55806.4,55809.4,TSETMC
2021-05-16,1400/02/26,1400,2,26,cement,سیمان، آهک و گچ,70077233737515808,10718.9,10592.4,10592.9,TSETMC
2021-05-16,1400/02/26,1400,2,26,tile_ceramic,کاشی و سرامیک,57616105980228781,55491.5,55433.7,55433.7,TSETMC
2021-05-17,1400/02/27,1400,2,27,cement,سیمان، آهک و گچ,70077233737515808,10583.7,10505.3,10505.7,TSETMC
2021-05-17,1400/02/27,1400,2,27,tile_ceramic,کاشی و سرامیک,57616105980228781,55427.3,55386.8,55387.2,TSETMC
2021-05-18,1400/02/28,1400,2,28,cement,سیمان، آهک و گچ,70077233737515808,10497.9,10432.2,10432.4,TSETMC
2021-05-18,1400/02/28,1400,2,28,tile_ceramic,کاشی و سرامیک,57616105980228781,55383.1,55260.3,55264.3,TSETMC
2021-05-19,1400/02/29,1400,2,29,cement,سیمان، آهک و گچ,70077233737515808,10402.4,10313.6,10313.6,TSETMC
2021-05-19,1400/02/29,1400,2,29,tile_ceramic,کاشی و سرامیک,57616105980228781,55261.2,55107.1,55112.4,TSETMC
2021-05-22,1400/03/01,1400,3,1,cement,سیمان، آهک و گچ,70077233737515808,10286.7,10164.6,10164.6,TSETMC
2021-05-22,1400/03/01,1400,3,1,tile_ceramic,کاشی و سرامیک,57616105980228781,55080.3,54893.8,54893.8,TSETMC
2021-05-23,1400/03/02,1400,3,2,cement,سیمان، آهک و گچ,70077233737515808,10136.9,10098.6,10134.7,TSETMC
2021-05-23,1400/03/02,1400,3,2,tile_ceramic,کاشی و سرامیک,57616105980228781,54884.3,54848.1,54849.7,TSETMC
2021-05-24,1400/03/03,1400,3,3,cement,سیمان، آهک و گچ,70077233737515808,10150.6,9907.0,9907.4,TSETMC
2021-05-24,1400/03/03,1400,3,3,tile_ceramic,کاشی و سرامیک,57616105980228781,54802.8,54759.8,54762.5,TSETMC
2021-05-25,1400/03/04,1400,3,4,cement,سیمان، آهک و گچ,70077233737515808,9910.0,9485.1,9892.3,TSETMC
2021-05-25,1400/03/04,1400,3,4,tile_ceramic,کاشی و سرامیک,57616105980228781,54742.5,54734.4,54737.3,TSETMC
2021-05-26,1400/03/05,1400,3,5,cement,سیمان، آهک و گچ,70077233737515808,9969.5,9901.4,9963.9,TSETMC
2021-05-26,1400/03/05,1400,3,5,tile_ceramic,کاشی و سرامیک,57616105980228781,54736.3,54703.8,54704.4,TSETMC
2021-05-29,1400/03/08,1400,3,8,cement,سیمان، آهک و گچ,70077233737515808,10048.4,9978.6,10037.6,TSETMC
2021-05-29,1400/03/08,1400,3,8,tile_ceramic,کاشی و سرامیک,57616105980228781,54634.4,53964.4,53964.7,TSETMC
2021-05-30,1400/03/09,1400,3,9,cement,سیمان، آهک و گچ,70077233737515808,10083.1,9999.3,10000.0,TSETMC
2021-05-30,1400/03/09,1400,3,9,tile_ceramic,کاشی و سرامیک,57616105980228781,54104.4,53967.6,53967.6,TSETMC
2021-05-31,1400/03/10,1400,3,10,cement,سیمان، آهک و گچ,70077233737515808,9973.2,9918.0,9918.2,TSETMC
2021-05-31,1400/03/10,1400,3,10,tile_ceramic,کاشی و سرامیک,57616105980228781,53497.7,53321.7,53321.7,TSETMC
2021-06-01,1400/03/11,1400,3,11,cement,سیمان، آهک و گچ,70077233737515808,9924.6,9876.2,9904.2,TSETMC
2021-06-01,1400/03/11,1400,3,11,tile_ceramic,کاشی و سرامیک,57616105980228781,53291.3,53176.9,53176.9,TSETMC
2021-06-02,1400/03/12,1400,3,12,cement,سیمان، آهک و گچ,70077233737515808,9978.4,9910.1,9977.9,TSETMC
2021-06-02,1400/03/12,1400,3,12,tile_ceramic,کاشی و سرامیک,57616105980228781,53123.5,52001.9,53123.5,TSETMC
2021-06-07,1400/03/17,1400,3,17,cement,سیمان، آهک و گچ,70077233737515808,10122.6,10028.6,10121.3,TSETMC
2021-06-07,1400/03/17,1400,3,17,tile_ceramic,کاشی و سرامیک,57616105980228781,53267.3,51687.7,51842.4,TSETMC
2021-06-08,1400/03/18,1400,3,18,cement,سیمان، آهک و گچ,70077233737515808,10236.3,10172.7,10190.4,TSETMC
2021-06-08,1400/03/18,1400,3,18,tile_ceramic,کاشی و سرامیک,57616105980228781,52177.2,50156.8,50160.0,TSETMC
2021-06-09,1400/03/19,1400,3,19,cement,سیمان، آهک و گچ,70077233737515808,10166.1,10043.0,10043.2,TSETMC
2021-06-09,1400/03/19,1400,3,19,tile_ceramic,کاشی و سرامیک,57616105980228781,49689.9,49296.5,49296.5,TSETMC
2021-06-12,1400/03/22,1400,3,22,cement,سیمان، آهک و گچ,70077233737515808,10014.6,9972.2,9980.7,TSETMC
2021-06-12,1400/03/22,1400,3,22,tile_ceramic,کاشی و سرامیک,57616105980228781,49446.6,49087.3,49087.8,TSETMC
2021-06-13,1400/03/23,1400,3,23,cement,سیمان، آهک و گچ,70077233737515808,10042.7,9995.6,10042.5,TSETMC
2021-06-13,1400/03/23,1400,3,23,tile_ceramic,کاشی و سرامیک,57616105980228781,48994.9,48641.7,48646.6,TSETMC
2021-06-14,1400/03/24,1400,3,24,cement,سیمان، آهک و گچ,70077233737515808,10068.6,10045.5,10045.5,TSETMC
2021-06-14,1400/03/24,1400,3,24,tile_ceramic,کاشی و سرامیک,57616105980228781,48500.1,48288.7,48292.3,TSETMC
2021-06-15,1400/03/25,1400,3,25,cement,سیمان، آهک و گچ,70077233737515808,10037.7,9601.5,9601.5,TSETMC
2021-06-15,1400/03/25,1400,3,25,tile_ceramic,کاشی و سرامیک,57616105980228781,48226.8,48136.1,48136.1,TSETMC
2021-06-16,1400/03/26,1400,3,26,cement,سیمان، آهک و گچ,70077233737515808,9591.3,9515.8,9515.8,TSETMC
2021-06-16,1400/03/26,1400,3,26,tile_ceramic,کاشی و سرامیک,57616105980228781,47955.8,47534.1,47535.0,TSETMC
2021-06-19,1400/03/29,1400,3,29,cement,سیمان، آهک و گچ,70077233737515808,9518.4,9478.5,9478.8,TSETMC
2021-06-19,1400/03/29,1400,3,29,tile_ceramic,کاشی و سرامیک,57616105980228781,47294.4,46967.6,46967.6,TSETMC
2021-06-20,1400/03/30,1400,3,30,cement,سیمان، آهک و گچ,70077233737515808,9486.0,9477.8,9477.9,TSETMC
2021-06-20,1400/03/30,1400,3,30,tile_ceramic,کاشی و سرامیک,57616105980228781,46965.8,46734.7,46771.3,TSETMC
2021-06-21,1400/03/31,1400,3,31,cement,سیمان، آهک و گچ,70077233737515808,9488.3,9475.0,9488.2,TSETMC
2021-06-21,1400/03/31,1400,3,31,tile_ceramic,کاشی و سرامیک,57616105980228781,47210.0,46804.3,47210.0,TSETMC
2021-06-22,1400/04/01,1400,4,1,cement,سیمان، آهک و گچ,70077233737515808,9598.1,9511.7,9568.8,TSETMC
2021-06-22,1400/04/01,1400,4,1,tile_ceramic,کاشی و سرامیک,57616105980228781,47521.1,47411.8,47519.6,TSETMC
2021-06-23,1400/04/02,1400,4,2,cement,سیمان، آهک و گچ,70077233737515808,9739.5,9577.4,9739.5,TSETMC
2021-06-23,1400/04/02,1400,4,2,tile_ceramic,کاشی و سرامیک,57616105980228781,47847.1,47573.5,47847.1,TSETMC
2021-06-26,1400/04/05,1400,4,5,cement,سیمان، آهک و گچ,70077233737515808,9888.8,9743.4,9888.5,TSETMC
2021-06-26,1400/04/05,1400,4,5,tile_ceramic,کاشی و سرامیک,57616105980228781,47873.2,47476.2,47608.9,TSETMC
2021-06-27,1400/04/06,1400,4,6,cement,سیمان، آهک و گچ,70077233737515808,10099.6,10021.0,10099.6,TSETMC
2021-06-27,1400/04/06,1400,4,6,tile_ceramic,کاشی و سرامیک,57616105980228781,47525.0,45689.8,45692.7,TSETMC
2021-06-28,1400/04/07,1400,4,7,cement,سیمان، آهک و گچ,70077233737515808,10181.7,10101.5,10102.2,TSETMC
2021-06-28,1400/04/07,1400,4,7,tile_ceramic,کاشی و سرامیک,57616105980228781,45943.7,45771.8,45904.7,TSETMC
2021-06-29,1400/04/08,1400,4,8,cement,سیمان، آهک و گچ,70077233737515808,10049.8,9803.1,9803.4,TSETMC
2021-06-29,1400/04/08,1400,4,8,tile_ceramic,کاشی و سرامیک,57616105980228781,45973.3,45887.4,45888.4,TSETMC
2021-06-30,1400/04/09,1400,4,9,cement,سیمان، آهک و گچ,70077233737515808,9814.3,9780.0,9805.2,TSETMC
2021-06-30,1400/04/09,1400,4,9,tile_ceramic,کاشی و سرامیک,57616105980228781,45857.8,45472.9,45474.5,TSETMC
2021-07-03,1400/04/12,1400,4,12,cement,سیمان، آهک و گچ,70077233737515808,9822.1,9702.6,9702.6,TSETMC
2021-07-03,1400/04/12,1400,4,12,tile_ceramic,کاشی و سرامیک,57616105980228781,45361.4,45247.0,45358.5,TSETMC
2021-07-04,1400/04/13,1400,4,13,cement,سیمان، آهک و گچ,70077233737515808,9744.7,9688.9,9735.9,TSETMC
2021-07-04,1400/04/13,1400,4,13,tile_ceramic,کاشی و سرامیک,57616105980228781,45601.4,45348.0,45601.4,TSETMC
2021-07-05,1400/04/14,1400,4,14,cement,سیمان، آهک و گچ,70077233737515808,9984.0,9737.6,9983.9,TSETMC
2021-07-05,1400/04/14,1400,4,14,tile_ceramic,کاشی و سرامیک,57616105980228781,46367.6,45839.7,46199.1,TSETMC
2021-07-06,1400/04/15,1400,4,15,cement,سیمان، آهک و گچ,70077233737515808,10232.1,10155.0,10230.9,TSETMC
2021-07-06,1400/04/15,1400,4,15,tile_ceramic,کاشی و سرامیک,57616105980228781,46493.1,46266.2,46270.7,TSETMC
2021-07-07,1400/04/16,1400,4,16,cement,سیمان، آهک و گچ,70077233737515808,10199.7,10157.6,10157.6,TSETMC
2021-07-07,1400/04/16,1400,4,16,tile_ceramic,کاشی و سرامیک,57616105980228781,46106.7,45343.4,45343.4,TSETMC
2021-07-10,1400/04/19,1400,4,19,cement,سیمان، آهک و گچ,70077233737515808,10180.2,10067.9,10180.2,TSETMC
2021-07-10,1400/04/19,1400,4,19,tile_ceramic,کاشی و سرامیک,57616105980228781,45709.7,45355.3,45707.1,TSETMC
2021-07-11,1400/04/20,1400,4,20,cement,سیمان، آهک و گچ,70077233737515808,10546.2,10318.5,10545.6,TSETMC
2021-07-11,1400/04/20,1400,4,20,tile_ceramic,کاشی و سرامیک,57616105980228781,46139.9,45949.7,46011.8,TSETMC
2021-07-12,1400/04/21,1400,4,21,cement,سیمان، آهک و گچ,70077233737515808,10697.9,10606.0,10606.4,TSETMC
2021-07-12,1400/04/21,1400,4,21,tile_ceramic,کاشی و سرامیک,57616105980228781,46255.1,45890.3,46025.8,TSETMC
2021-07-13,1400/04/22,1400,4,22,cement,سیمان، آهک و گچ,70077233737515808,10619.5,10469.7,10469.9,TSETMC
2021-07-13,1400/04/22,1400,4,22,tile_ceramic,کاشی و سرامیک,57616105980228781,45905.5,45571.4,45571.4,TSETMC
2021-07-14,1400/04/23,1400,4,23,cement,سیمان، آهک و گچ,70077233737515808,10448.6,10347.5,10397.8,TSETMC
2021-07-14,1400/04/23,1400,4,23,tile_ceramic,کاشی و سرامیک,57616105980228781,45745.0,45539.9,45739.7,TSETMC
2021-07-17,1400/04/26,1400,4,26,cement,سیمان، آهک و گچ,70077233737515808,10536.4,10442.4,10536.4,TSETMC
2021-07-17,1400/04/26,1400,4,26,tile_ceramic,کاشی و سرامیک,57616105980228781,46090.3,45476.7,45480.9,TSETMC
2021-07-18,1400/04/27,1400,4,27,cement,سیمان، آهک و گچ,70077233737515808,10912.6,10693.5,10912.6,TSETMC
2021-07-18,1400/04/27,1400,4,27,tile_ceramic,کاشی و سرامیک,57616105980228781,45439.0,45059.4,45073.3,TSETMC
2021-07-19,1400/04/28,1400,4,28,cement,سیمان، آهک و گچ,70077233737515808,11024.4,10933.9,10933.9,TSETMC
2021-07-19,1400/04/28,1400,4,28,tile_ceramic,کاشی و سرامیک,57616105980228781,45475.0,45071.7,45426.7,TSETMC
2021-07-26,1400/05/04,1400,5,4,cement,سیمان، آهک و گچ,70077233737515808,10942.5,10699.7,10699.7,TSETMC
2021-07-26,1400/05/04,1400,5,4,tile_ceramic,کاشی و سرامیک,57616105980228781,45867.1,45762.6,45799.2,TSETMC
2021-07-27,1400/05/05,1400,5,5,cement,سیمان، آهک و گچ,70077233737515808,10619.0,10421.9,10422.0,TSETMC
2021-07-27,1400/05/05,1400,5,5,tile_ceramic,کاشی و سرامیک,57616105980228781,45713.8,44745.3,44745.3,TSETMC
2021-07-28,1400/05/06,1400,5,6,cement,سیمان، آهک و گچ,70077233737515808,10773.0,10592.8,10749.4,TSETMC
2021-07-28,1400/05/06,1400,5,6,tile_ceramic,کاشی و سرامیک,57616105980228781,45030.9,44268.9,44268.9,TSETMC
2021-07-31,1400/05/09,1400,5,9,cement,سیمان، آهک و گچ,70077233737515808,10849.9,10814.4,10814.5,TSETMC
2021-07-31,1400/05/09,1400,5,9,tile_ceramic,کاشی و سرامیک,57616105980228781,44116.5,43426.6,43426.6,TSETMC
2021-08-01,1400/05/10,1400,5,10,cement,سیمان، آهک و گچ,70077233737515808,10807.9,10609.2,10609.2,TSETMC
2021-08-01,1400/05/10,1400,5,10,tile_ceramic,کاشی و سرامیک,57616105980228781,42868.2,42525.0,42667.0,TSETMC
2021-08-02,1400/05/11,1400,5,11,cement,سیمان، آهک و گچ,70077233737515808,10566.9,10501.2,10501.2,TSETMC
2021-08-02,1400/05/11,1400,5,11,tile_ceramic,کاشی و سرامیک,57616105980228781,43135.9,42561.4,42566.2,TSETMC
2021-08-03,1400/05/12,1400,5,12,cement,سیمان، آهک و گچ,70077233737515808,10484.6,10375.0,10395.5,TSETMC
2021-08-03,1400/05/12,1400,5,12,tile_ceramic,کاشی و سرامیک,57616105980228781,42546.2,42094.9,42248.4,TSETMC
2021-08-04,1400/05/13,1400,5,13,cement,سیمان، آهک و گچ,70077233737515808,10553.7,10407.7,10553.4,TSETMC
2021-08-04,1400/05/13,1400,5,13,tile_ceramic,کاشی و سرامیک,57616105980228781,42205.2,42079.5,42079.7,TSETMC
2021-08-07,1400/05/16,1400,5,16,cement,سیمان، آهک و گچ,70077233737515808,10607.1,10566.5,10566.5,TSETMC
2021-08-07,1400/05/16,1400,5,16,tile_ceramic,کاشی و سرامیک,57616105980228781,41983.0,41587.3,41588.6,TSETMC
2021-08-08,1400/05/17,1400,5,17,cement,سیمان، آهک و گچ,70077233737515808,10854.9,10589.2,10854.4,TSETMC
2021-08-08,1400/05/17,1400,5,17,tile_ceramic,کاشی و سرامیک,57616105980228781,41865.2,41602.4,41847.8,TSETMC
2021-08-09,1400/05/18,1400,5,18,cement,سیمان، آهک و گچ,70077233737515808,10963.2,10931.8,10962.3,TSETMC
2021-08-09,1400/05/18,1400,5,18,tile_ceramic,کاشی و سرامیک,57616105980228781,42282.6,41974.1,42273.5,TSETMC
2021-08-10,1400/05/19,1400,5,19,cement,سیمان، آهک و گچ,70077233737515808,11001.8,10970.0,10981.0,TSETMC
2021-08-10,1400/05/19,1400,5,19,tile_ceramic,کاشی و سرامیک,57616105980228781,42695.9,42377.8,42695.9,TSETMC
2021-08-11,1400/05/20,1400,5,20,cement,سیمان، آهک و گچ,70077233737515808,11125.3,11081.9,11119.1,TSETMC
2021-08-11,1400/05/20,1400,5,20,tile_ceramic,کاشی و سرامیک,57616105980228781,44243.2,42783.5,43986.8,TSETMC
2021-08-14,1400/05/23,1400,5,23,cement,سیمان، آهک و گچ,70077233737515808,11044.0,10965.7,10983.9,TSETMC
2021-08-14,1400/05/23,1400,5,23,tile_ceramic,کاشی و سرامیک,57616105980228781,44107.1,43379.9,43405.6,TSETMC
2021-08-15,1400/05/24,1400,5,24,cement,سیمان، آهک و گچ,70077233737515808,11245.3,10993.9,11245.3,TSETMC
2021-08-15,1400/05/24,1400,5,24,tile_ceramic,کاشی و سرامیک,57616105980228781,43239.9,42939.4,43113.0,TSETMC
2021-08-22,1400/05/31,1400,5,31,cement,سیمان، آهک و گچ,70077233737515808,11450.1,11354.7,11405.8,TSETMC
2021-08-22,1400/05/31,1400,5,31,tile_ceramic,کاشی و سرامیک,57616105980228781,43574.3,43249.9,43324.8,TSETMC
2021-08-23,1400/06/01,1400,6,1,cement,سیمان، آهک و گچ,70077233737515808,11435.5,11337.0,11435.3,TSETMC
2021-08-23,1400/06/01,1400,6,1,tile_ceramic,کاشی و سرامیک,57616105980228781,43225.9,41057.1,41748.3,TSETMC
2021-08-24,1400/06/02,1400,6,2,cement,سیمان، آهک و گچ,70077233737515808,11677.8,11481.4,11663.8,TSETMC
2021-08-24,1400/06/02,1400,6,2,tile_ceramic,کاشی و سرامیک,57616105980228781,43474.9,43007.4,43474.2,TSETMC
2021-08-25,1400/06/03,1400,6,3,cement,سیمان، آهک و گچ,70077233737515808,11685.2,11614.4,11685.2,TSETMC
2021-08-25,1400/06/03,1400,6,3,tile_ceramic,کاشی و سرامیک,57616105980228781,44861.1,44679.7,44858.2,TSETMC
2021-08-28,1400/06/06,1400,6,6,cement,سیمان، آهک و گچ,70077233737515808,12054.5,11811.7,12054.5,TSETMC
2021-08-28,1400/06/06,1400,6,6,tile_ceramic,کاشی و سرامیک,57616105980228781,46430.2,46319.1,46415.1,TSETMC
2021-08-29,1400/06/07,1400,6,7,cement,سیمان، آهک و گچ,70077233737515808,12172.4,11987.1,11987.4,TSETMC
2021-08-29,1400/06/07,1400,6,7,tile_ceramic,کاشی و سرامیک,57616105980228781,47022.2,46628.0,46628.0,TSETMC
2021-08-30,1400/06/08,1400,6,8,cement,سیمان، آهک و گچ,70077233737515808,11808.9,11518.8,11519.2,TSETMC
2021-08-30,1400/06/08,1400,6,8,tile_ceramic,کاشی و سرامیک,57616105980228781,46644.0,45242.6,46644.0,TSETMC
2021-08-31,1400/06/09,1400,6,9,cement,سیمان، آهک و گچ,70077233737515808,11241.7,11108.1,11226.0,TSETMC
2021-08-31,1400/06/09,1400,6,9,tile_ceramic,کاشی و سرامیک,57616105980228781,45953.9,45011.1,45918.4,TSETMC
2021-09-01,1400/06/10,1400,6,10,cement,سیمان، آهک و گچ,70077233737515808,11603.8,11297.5,11603.8,TSETMC
2021-09-01,1400/06/10,1400,6,10,tile_ceramic,کاشی و سرامیک,57616105980228781,47299.8,46012.4,47298.8,TSETMC
2021-09-04,1400/06/13,1400,6,13,cement,سیمان، آهک و گچ,70077233737515808,11877.2,11730.6,11817.0,TSETMC
2021-09-04,1400/06/13,1400,6,13,tile_ceramic,کاشی و سرامیک,57616105980228781,49538.0,48986.7,49536.4,TSETMC
2021-09-05,1400/06/14,1400,6,14,cement,سیمان، آهک و گچ,70077233737515808,11720.5,11654.3,11680.0,TSETMC
2021-09-05,1400/06/14,1400,6,14,tile_ceramic,کاشی و سرامیک,57616105980228781,50624.8,50302.4,50487.0,TSETMC
2021-09-06,1400/06/15,1400,6,15,cement,سیمان، آهک و گچ,70077233737515808,11703.3,11628.9,11628.9,TSETMC
2021-09-06,1400/06/15,1400,6,15,tile_ceramic,کاشی و سرامیک,57616105980228781,51334.9,51125.3,51261.3,TSETMC
2021-09-07,1400/06/16,1400,6,16,cement,سیمان، آهک و گچ,70077233737515808,11528.5,11421.6,11421.6,TSETMC
2021-09-07,1400/06/16,1400,6,16,tile_ceramic,کاشی و سرامیک,57616105980228781,51899.3,51620.4,51788.6,TSETMC
2021-09-08,1400/06/17,1400,6,17,cement,سیمان، آهک و گچ,70077233737515808,11459.9,11351.4,11351.4,TSETMC
2021-09-08,1400/06/17,1400,6,17,tile_ceramic,کاشی و سرامیک,57616105980228781,52291.5,51408.5,51408.8,TSETMC
2021-09-11,1400/06/20,1400,6,20,cement,سیمان، آهک و گچ,70077233737515808,11320.0,11026.0,11026.3,TSETMC
2021-09-11,1400/06/20,1400,6,20,tile_ceramic,کاشی و سرامیک,57616105980228781,51149.7,49368.5,49369.5,TSETMC
2021-09-12,1400/06/21,1400,6,21,cement,سیمان، آهک و گچ,70077233737515808,10862.8,10587.5,10587.5,TSETMC
2021-09-12,1400/06/21,1400,6,21,tile_ceramic,کاشی و سرامیک,57616105980228781,48626.7,47006.0,47009.1,TSETMC
2021-09-13,1400/06/22,1400,6,22,cement,سیمان، آهک و گچ,70077233737515808,10524.1,10414.7,10475.6,TSETMC
2021-09-13,1400/06/22,1400,6,22,tile_ceramic,کاشی و سرامیک,57616105980228781,47041.0,46776.4,47039.5,TSETMC
2021-09-14,1400/06/23,1400,6,23,cement,سیمان، آهک و گچ,70077233737515808,10768.5,10581.2,10768.5,TSETMC
2021-09-14,1400/06/23,1400,6,23,tile_ceramic,کاشی و سرامیک,57616105980228781,48886.2,47981.9,48859.3,TSETMC
2021-09-15,1400/06/24,1400,6,24,cement,سیمان، آهک و گچ,70077233737515808,10756.7,10714.5,10756.7,TSETMC
2021-09-15,1400/06/24,1400,6,24,tile_ceramic,کاشی و سرامیک,57616105980228781,49262.8,48652.4,49117.9,TSETMC
2021-09-18,1400/06/27,1400,6,27,cement,سیمان، آهک و گچ,70077233737515808,10798.9,10519.5,10519.7,TSETMC
2021-09-18,1400/06/27,1400,6,27,tile_ceramic,کاشی و سرامیک,57616105980228781,48707.8,47278.0,47278.0,TSETMC
2021-09-19,1400/06/28,1400,6,28,cement,سیمان، آهک و گچ,70077233737515808,10524.4,10275.6,10275.7,TSETMC
2021-09-19,1400/06/28,1400,6,28,tile_ceramic,کاشی و سرامیک,57616105980228781,46921.6,46007.5,46075.3,TSETMC
2021-09-20,1400/06/29,1400,6,29,cement,سیمان، آهک و گچ,70077233737515808,10299.9,10250.9,10292.6,TSETMC
2021-09-20,1400/06/29,1400,6,29,tile_ceramic,کاشی و سرامیک,57616105980228781,47783.2,46359.8,47774.1,TSETMC
2021-09-21,1400/06/30,1400,6,30,cement,سیمان، آهک و گچ,70077233737515808,10281.8,9934.7,9934.7,TSETMC
2021-09-21,1400/06/30,1400,6,30,tile_ceramic,کاشی و سرامیک,57616105980228781,47669.0,46097.1,46097.1,TSETMC
2021-09-22,1400/06/31,1400,6,31,cement,سیمان، آهک و گچ,70077233737515808,9921.3,9723.7,9756.8,TSETMC
2021-09-22,1400/06/31,1400,6,31,tile_ceramic,کاشی و سرامیک,57616105980228781,46597.8,45536.4,45559.0,TSETMC
2021-09-25,1400/07/03,1400,7,3,cement,سیمان، آهک و گچ,70077233737515808,9972.3,9818.8,9972.3,TSETMC
2021-09-25,1400/07/03,1400,7,3,tile_ceramic,کاشی و سرامیک,57616105980228781,46774.6,45787.0,46698.0,TSETMC
2021-09-26,1400/07/04,1400,7,4,cement,سیمان، آهک و گچ,70077233737515808,9988.3,9940.3,9940.3,TSETMC
2021-09-26,1400/07/04,1400,7,4,tile_ceramic,کاشی و سرامیک,57616105980228781,47161.6,46417.7,46429.9,TSETMC
2021-09-28,1400/07/06,1400,7,6,cement,سیمان، آهک و گچ,70077233737515808,9949.2,9875.9,9876.7,TSETMC
2021-09-28,1400/07/06,1400,7,6,tile_ceramic,کاشی و سرامیک,57616105980228781,47080.3,46749.2,46866.9,TSETMC
2021-09-29,1400/07/07,1400,7,7,cement,سیمان، آهک و گچ,70077233737515808,9857.7,9835.6,9852.4,TSETMC
2021-09-29,1400/07/07,1400,7,7,tile_ceramic,کاشی و سرامیک,57616105980228781,47546.9,47244.4,47544.0,TSETMC
2021-10-02,1400/07/10,1400,7,10,cement,سیمان، آهک و گچ,70077233737515808,9862.9,9825.4,9825.4,TSETMC
2021-10-02,1400/07/10,1400,7,10,tile_ceramic,کاشی و سرامیک,57616105980228781,48196.7,47283.1,48050.0,TSETMC
2021-10-03,1400/07/11,1400,7,11,cement,سیمان، آهک و گچ,70077233737515808,9808.0,9623.0,9623.0,TSETMC
2021-10-03,1400/07/11,1400,7,11,tile_ceramic,کاشی و سرامیک,57616105980228781,47798.2,47328.4,47329.1,TSETMC
2021-10-04,1400/07/12,1400,7,12,cement,سیمان، آهک و گچ,70077233737515808,9655.8,9623.4,9649.4,TSETMC
2021-10-04,1400/07/12,1400,7,12,tile_ceramic,کاشی و سرامیک,57616105980228781,47337.0,46329.6,46394.2,TSETMC
2021-10-06,1400/07/14,1400,7,14,cement,سیمان، آهک و گچ,70077233737515808,9752.8,9676.1,9743.2,TSETMC
2021-10-06,1400/07/14,1400,7,14,tile_ceramic,کاشی و سرامیک,57616105980228781,45927.4,45432.3,45923.3,TSETMC
2021-10-09,1400/07/17,1400,7,17,cement,سیمان، آهک و گچ,70077233737515808,9737.8,9526.0,9526.0,TSETMC
2021-10-09,1400/07/17,1400,7,17,tile_ceramic,کاشی و سرامیک,57616105980228781,46100.3,45266.4,45266.7,TSETMC
2021-10-10,1400/07/18,1400,7,18,cement,سیمان، آهک و گچ,70077233737515808,9508.4,9382.5,9382.5,TSETMC
2021-10-10,1400/07/18,1400,7,18,tile_ceramic,کاشی و سرامیک,57616105980228781,44531.1,44017.3,44017.5,TSETMC
2021-10-11,1400/07/19,1400,7,19,cement,سیمان، آهک و گچ,70077233737515808,9388.2,9346.2,9346.2,TSETMC
2021-10-11,1400/07/19,1400,7,19,tile_ceramic,کاشی و سرامیک,57616105980228781,44470.0,44025.5,44377.0,TSETMC
2021-10-12,1400/07/20,1400,7,20,cement,سیمان، آهک و گچ,70077233737515808,9317.0,9001.9,9002.1,TSETMC
2021-10-12,1400/07/20,1400,7,20,tile_ceramic,کاشی و سرامیک,57616105980228781,44169.5,42706.6,42707.0,TSETMC
2021-10-13,1400/07/21,1400,7,21,cement,سیمان، آهک و گچ,70077233737515808,8973.6,8721.7,8721.9,TSETMC
2021-10-13,1400/07/21,1400,7,21,tile_ceramic,کاشی و سرامیک,57616105980228781,41929.2,40786.6,40814.9,TSETMC
2021-10-16,1400/07/24,1400,7,24,cement,سیمان، آهک و گچ,70077233737515808,8978.3,8794.8,8977.9,TSETMC
2021-10-16,1400/07/24,1400,7,24,tile_ceramic,کاشی و سرامیک,57616105980228781,41931.7,41028.2,41908.6,TSETMC
2021-10-17,1400/07/25,1400,7,25,cement,سیمان، آهک و گچ,70077233737515808,9039.6,8965.4,8965.4,TSETMC
2021-10-17,1400/07/25,1400,7,25,tile_ceramic,کاشی و سرامیک,57616105980228781,41841.0,40808.9,40809.4,TSETMC
2021-10-18,1400/07/26,1400,7,26,cement,سیمان، آهک و گچ,70077233737515808,8941.9,8846.1,8846.1,TSETMC
2021-10-18,1400/07/26,1400,7,26,tile_ceramic,کاشی و سرامیک,57616105980228781,40749.8,40074.8,40075.3,TSETMC
2021-10-19,1400/07/27,1400,7,27,cement,سیمان، آهک و گچ,70077233737515808,8876.9,8833.5,8876.7,TSETMC
2021-10-19,1400/07/27,1400,7,27,tile_ceramic,کاشی و سرامیک,57616105980228781,40330.5,40007.6,40179.7,TSETMC
2021-10-20,1400/07/28,1400,7,28,cement,سیمان، آهک و گچ,70077233737515808,8899.9,8861.9,8861.9,TSETMC
2021-10-20,1400/07/28,1400,7,28,tile_ceramic,کاشی و سرامیک,57616105980228781,40783.4,40203.6,40492.8,TSETMC
2021-10-23,1400/08/01,1400,8,1,cement,سیمان، آهک و گچ,70077233737515808,8865.2,8618.5,8618.8,TSETMC
2021-10-23,1400/08/01,1400,8,1,tile_ceramic,کاشی و سرامیک,57616105980228781,40213.9,39278.2,39278.2,TSETMC
2021-10-25,1400/08/03,1400,8,3,cement,سیمان، آهک و گچ,70077233737515808,8619.1,8459.0,8459.0,TSETMC
2021-10-25,1400/08/03,1400,8,3,tile_ceramic,کاشی و سرامیک,57616105980228781,39123.4,38194.5,38194.5,TSETMC
2021-10-26,1400/08/04,1400,8,4,cement,سیمان، آهک و گچ,70077233737515808,8435.0,8338.3,8338.3,TSETMC
2021-10-26,1400/08/04,1400,8,4,tile_ceramic,کاشی و سرامیک,57616105980228781,37634.5,36880.5,36882.2,TSETMC
2021-10-27,1400/08/05,1400,8,5,cement,سیمان، آهک و گچ,70077233737515808,8320.5,8274.5,8276.1,TSETMC
2021-10-27,1400/08/05,1400,8,5,tile_ceramic,کاشی و سرامیک,57616105980228781,36563.9,36299.5,36502.8,TSETMC
2021-10-30,1400/08/08,1400,8,8,cement,سیمان، آهک و گچ,70077233737515808,8265.2,8099.0,8099.0,TSETMC
2021-10-30,1400/08/08,1400,8,8,tile_ceramic,کاشی و سرامیک,57616105980228781,36918.6,36167.4,36179.6,TSETMC
2021-10-31,1400/08/09,1400,8,9,cement,سیمان، آهک و گچ,70077233737515808,8079.0,7837.3,7837.6,TSETMC
2021-10-31,1400/08/09,1400,8,9,tile_ceramic,کاشی و سرامیک,57616105980228781,36068.5,35027.4,35029.8,TSETMC
2021-11-01,1400/08/10,1400,8,10,cement,سیمان، آهک و گچ,70077233737515808,7978.6,7870.5,7966.6,TSETMC
2021-11-01,1400/08/10,1400,8,10,tile_ceramic,کاشی و سرامیک,57616105980228781,35075.2,34602.8,34602.8,TSETMC
2021-11-02,1400/08/11,1400,8,11,cement,سیمان، آهک و گچ,70077233737515808,8075.4,7964.8,8075.4,TSETMC
2021-11-02,1400/08/11,1400,8,11,tile_ceramic,کاشی و سرامیک,57616105980228781,34668.7,34410.4,34668.1,TSETMC
2021-11-03,1400/08/12,1400,8,12,cement,سیمان، آهک و گچ,70077233737515808,8238.5,8084.1,8238.5,TSETMC
2021-11-03,1400/08/12,1400,8,12,tile_ceramic,کاشی و سرامیک,57616105980228781,35690.0,34725.0,35690.0,TSETMC
2021-11-06,1400/08/15,1400,8,15,cement,سیمان، آهک و گچ,70077233737515808,8545.0,8283.8,8545.0,TSETMC
2021-11-06,1400/08/15,1400,8,15,tile_ceramic,کاشی و سرامیک,57616105980228781,37070.8,36060.6,37070.8,TSETMC
2021-11-07,1400/08/16,1400,8,16,cement,سیمان، آهک و گچ,70077233737515808,8572.2,8475.4,8475.9,TSETMC
2021-11-07,1400/08/16,1400,8,16,tile_ceramic,کاشی و سرامیک,57616105980228781,37416.0,36997.5,36997.5,TSETMC
2021-11-08,1400/08/17,1400,8,17,cement,سیمان، آهک و گچ,70077233737515808,8464.9,8434.8,8437.3,TSETMC
2021-11-08,1400/08/17,1400,8,17,tile_ceramic,کاشی و سرامیک,57616105980228781,37016.8,36357.6,36358.5,TSETMC
2021-11-09,1400/08/18,1400,8,18,cement,سیمان، آهک و گچ,70077233737515808,8473.0,8436.8,8457.5,TSETMC
2021-11-09,1400/08/18,1400,8,18,tile_ceramic,کاشی و سرامیک,57616105980228781,36472.9,36198.0,36277.1,TSETMC
2021-11-10,1400/08/19,1400,8,19,cement,سیمان، آهک و گچ,70077233737515808,8475.2,8451.9,8475.2,TSETMC
2021-11-10,1400/08/19,1400,8,19,tile_ceramic,کاشی و سرامیک,57616105980228781,36912.4,36370.8,36911.3,TSETMC
2021-11-13,1400/08/22,1400,8,22,cement,سیمان، آهک و گچ,70077233737515808,8469.0,8422.9,8423.2,TSETMC
2021-11-13,1400/08/22,1400,8,22,tile_ceramic,کاشی و سرامیک,57616105980228781,36848.9,36614.7,36831.0,TSETMC
2021-11-14,1400/08/23,1400,8,23,cement,سیمان، آهک و گچ,70077233737515808,8437.4,8386.9,8387.3,TSETMC
2021-11-14,1400/08/23,1400,8,23,tile_ceramic,کاشی و سرامیک,57616105980228781,37263.7,36978.5,37261.4,TSETMC
2021-11-15,1400/08/24,1400,8,24,cement,سیمان، آهک و گچ,70077233737515808,8399.9,8285.9,8288.1,TSETMC
2021-11-15,1400/08/24,1400,8,24,tile_ceramic,کاشی و سرامیک,57616105980228781,37838.3,37320.4,37795.9,TSETMC
2021-11-16,1400/08/25,1400,8,25,cement,سیمان، آهک و گچ,70077233737515808,8294.5,8277.6,8278.6,TSETMC
2021-11-16,1400/08/25,1400,8,25,tile_ceramic,کاشی و سرامیک,57616105980228781,38377.2,38254.6,38351.6,TSETMC
2021-11-17,1400/08/26,1400,8,26,cement,سیمان، آهک و گچ,70077233737515808,8281.1,8265.9,8267.2,TSETMC
2021-11-17,1400/08/26,1400,8,26,tile_ceramic,کاشی و سرامیک,57616105980228781,38617.3,38368.1,38451.5,TSETMC
2021-11-20,1400/08/29,1400,8,29,cement,سیمان، آهک و گچ,70077233737515808,8267.2,8125.4,8125.4,TSETMC
2021-11-20,1400/08/29,1400,8,29,tile_ceramic,کاشی و سرامیک,57616105980228781,38489.5,38034.3,38034.3,TSETMC
2021-11-21,1400/08/30,1400,8,30,cement,سیمان، آهک و گچ,70077233737515808,8136.4,8107.7,8136.4,TSETMC
2021-11-21,1400/08/30,1400,8,30,tile_ceramic,کاشی و سرامیک,57616105980228781,37901.3,37488.4,37501.4,TSETMC
2021-11-22,1400/09/01,1400,9,1,cement,سیمان، آهک و گچ,70077233737515808,8177.6,8147.9,8170.1,TSETMC
2021-11-22,1400/09/01,1400,9,1,tile_ceramic,کاشی و سرامیک,57616105980228781,38150.4,37496.3,38150.4,TSETMC
2021-11-23,1400/09/02,1400,9,2,cement,سیمان، آهک و گچ,70077233737515808,8164.4,8116.7,8117.2,TSETMC
2021-11-23,1400/09/02,1400,9,2,tile_ceramic,کاشی و سرامیک,57616105980228781,38117.7,37775.2,37776.3,TSETMC
2021-11-24,1400/09/03,1400,9,3,cement,سیمان، آهک و گچ,70077233737515808,8124.3,8054.1,8054.4,TSETMC
2021-11-24,1400/09/03,1400,9,3,tile_ceramic,کاشی و سرامیک,57616105980228781,37380.1,37273.3,37275.8,TSETMC
2021-11-27,1400/09/06,1400,9,6,cement,سیمان، آهک و گچ,70077233737515808,8035.9,7888.7,7889.7,TSETMC
2021-11-27,1400/09/06,1400,9,6,tile_ceramic,کاشی و سرامیک,57616105980228781,37231.9,36904.0,36904.0,TSETMC
2021-11-28,1400/09/07,1400,9,7,cement,سیمان، آهک و گچ,70077233737515808,7875.3,7839.6,7840.2,TSETMC
2021-11-28,1400/09/07,1400,9,7,tile_ceramic,کاشی و سرامیک,57616105980228781,36859.4,36491.5,36547.8,TSETMC
2021-11-29,1400/09/08,1400,9,8,cement,سیمان، آهک و گچ,70077233737515808,7829.1,7780.8,7780.8,TSETMC
2021-11-29,1400/09/08,1400,9,8,tile_ceramic,کاشی و سرامیک,57616105980228781,36799.0,36462.5,36462.5,TSETMC
2021-11-30,1400/09/09,1400,9,9,cement,سیمان، آهک و گچ,70077233737515808,7776.4,7699.2,7699.2,TSETMC
2021-11-30,1400/09/09,1400,9,9,tile_ceramic,کاشی و سرامیک,57616105980228781,36491.4,35782.4,35782.4,TSETMC
2021-12-01,1400/09/10,1400,9,10,cement,سیمان، آهک و گچ,70077233737515808,7688.8,7591.7,7592.6,TSETMC
2021-12-01,1400/09/10,1400,9,10,tile_ceramic,کاشی و سرامیک,57616105980228781,35807.8,35135.7,35137.1,TSETMC
2021-12-04,1400/09/13,1400,9,13,cement,سیمان، آهک و گچ,70077233737515808,7589.1,7531.9,7537.9,TSETMC
2021-12-04,1400/09/13,1400,9,13,tile_ceramic,کاشی و سرامیک,57616105980228781,35267.4,34919.9,35228.1,TSETMC
2021-12-05,1400/09/14,1400,9,14,cement,سیمان، آهک و گچ,70077233737515808,7679.3,7541.9,7678.9,TSETMC
2021-12-05,1400/09/14,1400,9,14,tile_ceramic,کاشی و سرامیک,57616105980228781,35437.2,35289.5,35432.6,TSETMC
2021-12-06,1400/09/15,1400,9,15,cement,سیمان، آهک و گچ,70077233737515808,7696.5,7683.6,7684.1,TSETMC
2021-12-06,1400/09/15,1400,9,15,tile_ceramic,کاشی و سرامیک,57616105980228781,35468.4,35185.6,35410.3,TSETMC
2021-12-07,1400/09/16,1400,9,16,cement,سیمان، آهک و گچ,70077233737515808,7680.3,7630.3,7630.9,TSETMC
2021-12-07,1400/09/16,1400,9,16,tile_ceramic,کاشی و سرامیک,57616105980228781,35396.1,35080.2,35080.4,TSETMC
2021-12-08,1400/09/17,1400,9,17,cement,سیمان، آهک و گچ,70077233737515808,7628.0,7617.1,7627.1,TSETMC
2021-12-08,1400/09/17,1400,9,17,tile_ceramic,کاشی و سرامیک,57616105980228781,35070.8,34976.7,34989.3,TSETMC
2021-12-11,1400/09/20,1400,9,20,cement,سیمان، آهک و گچ,70077233737515808,7626.4,7600.7,7600.7,TSETMC
2021-12-11,1400/09/20,1400,9,20,tile_ceramic,کاشی و سرامیک,57616105980228781,34984.1,34609.1,34611.2,TSETMC
2021-12-12,1400/09/21,1400,9,21,cement,سیمان، آهک و گچ,70077233737515808,7596.1,7525.7,7525.8,TSETMC
2021-12-12,1400/09/21,1400,9,21,tile_ceramic,کاشی و سرامیک,57616105980228781,34593.6,33838.1,33838.1,TSETMC
2021-12-13,1400/09/22,1400,9,22,cement,سیمان، آهک و گچ,70077233737515808,7529.4,7384.7,7384.9,TSETMC
2021-12-13,1400/09/22,1400,9,22,tile_ceramic,کاشی و سرامیک,57616105980228781,33625.7,32971.1,32971.6,TSETMC
2021-12-14,1400/09/23,1400,9,23,cement,سیمان، آهک و گچ,70077233737515808,7367.7,7325.4,7330.6,TSETMC
2021-12-14,1400/09/23,1400,9,23,tile_ceramic,کاشی و سرامیک,57616105980228781,32814.1,32373.8,32385.8,TSETMC
2021-12-15,1400/09/24,1400,9,24,cement,سیمان، آهک و گچ,70077233737515808,7341.5,7326.2,7332.6,TSETMC
2021-12-15,1400/09/24,1400,9,24,tile_ceramic,کاشی و سرامیک,57616105980228781,32435.2,32328.4,32336.1,TSETMC
2021-12-18,1400/09/27,1400,9,27,cement,سیمان، آهک و گچ,70077233737515808,7378.4,7333.9,7378.4,TSETMC
2021-12-18,1400/09/27,1400,9,27,tile_ceramic,کاشی و سرامیک,57616105980228781,32841.3,32360.1,32841.3,TSETMC
2021-12-19,1400/09/28,1400,9,28,cement,سیمان، آهک و گچ,70077233737515808,7388.7,7355.9,7355.9,TSETMC
2021-12-19,1400/09/28,1400,9,28,tile_ceramic,کاشی و سرامیک,57616105980228781,33285.0,33106.2,33106.2,TSETMC
2021-12-20,1400/09/29,1400,9,29,cement,سیمان، آهک و گچ,70077233737515808,7366.3,7357.6,7365.3,TSETMC
2021-12-20,1400/09/29,1400,9,29,tile_ceramic,کاشی و سرامیک,57616105980228781,33146.1,33043.7,33145.3,TSETMC
2021-12-21,1400/09/30,1400,9,30,cement,سیمان، آهک و گچ,70077233737515808,7426.5,7368.5,7426.5,TSETMC
2021-12-21,1400/09/30,1400,9,30,tile_ceramic,کاشی و سرامیک,57616105980228781,33702.3,33151.9,33700.4,TSETMC
2021-12-22,1400/10/01,1400,10,1,cement,سیمان، آهک و گچ,70077233737515808,7608.0,7437.7,7607.3,TSETMC
2021-12-22,1400/10/01,1400,10,1,tile_ceramic,کاشی و سرامیک,57616105980228781,34852.6,33759.7,34849.5,TSETMC
2021-12-25,1400/10/04,1400,10,4,cement,سیمان، آهک و گچ,70077233737515808,7795.8,7640.5,7786.4,TSETMC
2021-12-25,1400/10/04,1400,10,4,tile_ceramic,کاشی و سرامیک,57616105980228781,35761.5,35076.8,35761.5,TSETMC
2021-12-26,1400/10/05,1400,10,5,cement,سیمان، آهک و گچ,70077233737515808,7801.2,7782.2,7800.8,TSETMC
2021-12-26,1400/10/05,1400,10,5,tile_ceramic,کاشی و سرامیک,57616105980228781,35750.8,35677.8,35725.0,TSETMC
2021-12-27,1400/10/06,1400,10,6,cement,سیمان، آهک و گچ,70077233737515808,7941.5,7820.9,7941.5,TSETMC
2021-12-27,1400/10/06,1400,10,6,tile_ceramic,کاشی و سرامیک,57616105980228781,36445.4,35775.6,36445.4,TSETMC
2021-12-28,1400/10/07,1400,10,7,cement,سیمان، آهک و گچ,70077233737515808,7943.3,7928.2,7938.0,TSETMC
2021-12-28,1400/10/07,1400,10,7,tile_ceramic,کاشی و سرامیک,57616105980228781,37328.5,36652.0,37328.5,TSETMC
2021-12-29,1400/10/08,1400,10,8,cement,سیمان، آهک و گچ,70077233737515808,7955.7,7930.9,7930.9,TSETMC
2021-12-29,1400/10/08,1400,10,8,tile_ceramic,کاشی و سرامیک,57616105980228781,38175.4,37959.3,38164.5,TSETMC
2022-01-01,1400/10/11,1400,10,11,cement,سیمان، آهک و گچ,70077233737515808,7920.7,7836.9,7837.1,TSETMC
2022-01-01,1400/10/11,1400,10,11,tile_ceramic,کاشی و سرامیک,57616105980228781,38051.5,37522.9,37523.7,TSETMC
2022-01-02,1400/10/12,1400,10,12,cement,سیمان، آهک و گچ,70077233737515808,7836.0,7824.5,7825.0,TSETMC
2022-01-02,1400/10/12,1400,10,12,tile_ceramic,کاشی و سرامیک,57616105980228781,37972.9,37563.6,37935.0,TSETMC
2022-01-03,1400/10/13,1400,10,13,cement,سیمان، آهک و گچ,70077233737515808,7829.5,7804.5,7804.9,TSETMC
2022-01-03,1400/10/13,1400,10,13,tile_ceramic,کاشی و سرامیک,57616105980228781,37942.1,37799.2,37800.9,TSETMC
2022-01-04,1400/10/14,1400,10,14,cement,سیمان، آهک و گچ,70077233737515808,7804.5,7722.5,7722.5,TSETMC
2022-01-04,1400/10/14,1400,10,14,tile_ceramic,کاشی و سرامیک,57616105980228781,38049.7,37764.0,38010.3,TSETMC
2022-01-05,1400/10/15,1400,10,15,cement,سیمان، آهک و گچ,70077233737515808,7717.4,7674.0,7674.5,TSETMC
2022-01-05,1400/10/15,1400,10,15,tile_ceramic,کاشی و سرامیک,57616105980228781,38079.6,37991.8,37996.3,TSETMC
2022-01-08,1400/10/18,1400,10,18,cement,سیمان، آهک و گچ,70077233737515808,7677.9,7648.8,7648.8,TSETMC
2022-01-08,1400/10/18,1400,10,18,tile_ceramic,کاشی و سرامیک,57616105980228781,38152.0,37989.7,38007.3,TSETMC
2022-01-09,1400/10/19,1400,10,19,cement,سیمان، آهک و گچ,70077233737515808,7648.0,7521.0,7521.2,TSETMC
2022-01-09,1400/10/19,1400,10,19,tile_ceramic,کاشی و سرامیک,57616105980228781,38160.0,37645.2,37645.8,TSETMC
2022-01-10,1400/10/20,1400,10,20,cement,سیمان، آهک و گچ,70077233737515808,7518.9,7495.1,7495.2,TSETMC
2022-01-10,1400/10/20,1400,10,20,tile_ceramic,کاشی و سرامیک,57616105980228781,37732.8,37390.3,37391.0,TSETMC
2022-01-11,1400/10/21,1400,10,21,cement,سیمان، آهک و گچ,70077233737515808,7500.0,7489.8,7490.3,TSETMC
2022-01-11,1400/10/21,1400,10,21,tile_ceramic,کاشی و سرامیک,57616105980228781,37503.5,37219.2,37259.2,TSETMC
2022-01-12,1400/10/22,1400,10,22,cement,سیمان، آهک و گچ,70077233737515808,7487.6,7465.2,7465.8,TSETMC
2022-01-12,1400/10/22,1400,10,22,tile_ceramic,کاشی و سرامیک,57616105980228781,37702.6,37537.8,37616.0,TSETMC
2022-01-15,1400/10/25,1400,10,25,cement,سیمان، آهک و گچ,70077233737515808,7464.6,7394.9,7395.1,TSETMC
2022-01-15,1400/10/25,1400,10,25,tile_ceramic,کاشی و سرامیک,57616105980228781,37783.0,37482.4,37483.4,TSETMC
2022-01-16,1400/10/26,1400,10,26,cement,سیمان، آهک و گچ,70077233737515808,7392.4,7364.3,7369.2,TSETMC
2022-01-16,1400/10/26,1400,10,26,tile_ceramic,کاشی و سرامیک,57616105980228781,38123.2,37480.4,38119.3,TSETMC
2022-01-17,1400/10/27,1400,10,27,cement,سیمان، آهک و گچ,70077233737515808,7377.4,7346.0,7346.0,TSETMC
2022-01-17,1400/10/27,1400,10,27,tile_ceramic,کاشی و سرامیک,57616105980228781,38964.3,38819.8,38963.4,TSETMC
2022-01-18,1400/10/28,1400,10,28,cement,سیمان، آهک و گچ,70077233737515808,7333.8,7178.5,7178.5,TSETMC
2022-01-18,1400/10/28,1400,10,28,tile_ceramic,کاشی و سرامیک,57616105980228781,38979.1,38021.4,38035.0,TSETMC
2022-01-19,1400/10/29,1400,10,29,cement,سیمان، آهک و گچ,70077233737515808,7185.1,7171.7,7184.6,TSETMC
2022-01-19,1400/10/29,1400,10,29,tile_ceramic,کاشی و سرامیک,57616105980228781,38328.9,38095.3,38098.2,TSETMC
2022-01-22,1400/11/02,1400,11,2,cement,سیمان، آهک و گچ,70077233737515808,7228.4,7195.0,7209.8,TSETMC
2022-01-22,1400/11/02,1400,11,2,tile_ceramic,کاشی و سرامیک,57616105980228781,38094.4,37117.9,37117.9,TSETMC
2022-01-23,1400/11/03,1400,11,3,cement,سیمان، آهک و گچ,70077233737515808,7201.6,7128.1,7128.1,TSETMC
2022-01-23,1400/11/03,1400,11,3,tile_ceramic,کاشی و سرامیک,57616105980228781,37585.0,37272.6,37515.0,TSETMC
2022-01-24,1400/11/04,1400,11,4,cement,سیمان، آهک و گچ,70077233737515808,7124.6,7008.4,7008.6,TSETMC
2022-01-24,1400/11/04,1400,11,4,tile_ceramic,کاشی و سرامیک,57616105980228781,37879.9,37515.5,37737.3,TSETMC
2022-01-25,1400/11/05,1400,11,5,cement,سیمان، آهک و گچ,70077233737515808,7004.5,6830.1,6830.4,TSETMC
2022-01-25,1400/11/05,1400,11,5,tile_ceramic,کاشی و سرامیک,57616105980228781,37967.8,36904.9,36905.0,TSETMC
2022-01-26,1400/11/06,1400,11,6,cement,سیمان، آهک و گچ,70077233737515808,6856.7,6829.4,6856.7,TSETMC
2022-01-26,1400/11/06,1400,11,6,tile_ceramic,کاشی و سرامیک,57616105980228781,37179.3,36848.0,37179.3,TSETMC
2022-01-29,1400/11/09,1400,11,9,cement,سیمان، آهک و گچ,70077233737515808,6997.9,6861.2,6997.1,TSETMC
2022-01-29,1400/11/09,1400,11,9,tile_ceramic,کاشی و سرامیک,57616105980228781,37948.2,37212.8,37948.2,TSETMC
2022-01-30,1400/11/10,1400,11,10,cement,سیمان، آهک و گچ,70077233737515808,7058.4,7014.3,7057.9,TSETMC
2022-01-30,1400/11/10,1400,11,10,tile_ceramic,کاشی و سرامیک,57616105980228781,38331.7,38298.7,38314.3,TSETMC
2022-01-31,1400/11/11,1400,11,11,cement,سیمان، آهک و گچ,70077233737515808,7147.1,7053.6,7147.1,TSETMC
2022-01-31,1400/11/11,1400,11,11,tile_ceramic,کاشی و سرامیک,57616105980228781,38293.5,38162.9,38241.2,TSETMC
2022-02-01,1400/11/12,1400,11,12,cement,سیمان، آهک و گچ,70077233737515808,7224.3,7148.5,7224.1,TSETMC
2022-02-01,1400/11/12,1400,11,12,tile_ceramic,کاشی و سرامیک,57616105980228781,38605.0,38259.6,38605.0,TSETMC
2022-02-02,1400/11/13,1400,11,13,cement,سیمان، آهک و گچ,70077233737515808,7233.5,7224.1,7232.8,TSETMC
2022-02-02,1400/11/13,1400,11,13,tile_ceramic,کاشی و سرامیک,57616105980228781,39019.2,38846.7,39010.7,TSETMC
2022-02-05,1400/11/16,1400,11,16,cement,سیمان، آهک و گچ,70077233737515808,7247.2,7238.3,7238.4,TSETMC
2022-02-05,1400/11/16,1400,11,16,tile_ceramic,کاشی و سرامیک,57616105980228781,38965.8,38668.5,38675.2,TSETMC
2022-02-06,1400/11/17,1400,11,17,cement,سیمان، آهک و گچ,70077233737515808,7238.0,7037.1,7037.1,TSETMC
2022-02-06,1400/11/17,1400,11,17,tile_ceramic,کاشی و سرامیک,57616105980228781,38951.8,38416.9,38416.9,TSETMC
2022-02-07,1400/11/18,1400,11,18,cement,سیمان، آهک و گچ,70077233737515808,7030.0,7017.1,7017.1,TSETMC
2022-02-07,1400/11/18,1400,11,18,tile_ceramic,کاشی و سرامیک,57616105980228781,38654.1,38419.6,38574.8,TSETMC
2022-02-08,1400/11/19,1400,11,19,cement,سیمان، آهک و گچ,70077233737515808,7035.7,7016.8,7035.6,TSETMC
2022-02-08,1400/11/19,1400,11,19,tile_ceramic,کاشی و سرامیک,57616105980228781,39703.8,38866.5,39686.6,TSETMC
2022-02-09,1400/11/20,1400,11,20,cement,سیمان، آهک و گچ,70077233737515808,7034.7,7024.3,7025.8,TSETMC
2022-02-09,1400/11/20,1400,11,20,tile_ceramic,کاشی و سرامیک,57616105980228781,39575.1,39376.8,39518.4,TSETMC
2022-02-12,1400/11/23,1400,11,23,cement,سیمان، آهک و گچ,70077233737515808,7027.9,7016.5,7016.7,TSETMC
2022-02-12,1400/11/23,1400,11,23,tile_ceramic,کاشی و سرامیک,57616105980228781,40631.6,39940.6,40601.8,TSETMC
2022-02-13,1400/11/24,1400,11,24,cement,سیمان، آهک و گچ,70077233737515808,7015.8,6993.4,6993.7,TSETMC
2022-02-13,1400/11/24,1400,11,24,tile_ceramic,کاشی و سرامیک,57616105980228781,41319.0,40764.2,41302.7,TSETMC
2022-02-14,1400/11/25,1400,11,25,cement,سیمان، آهک و گچ,70077233737515808,7010.8,6990.7,7010.7,TSETMC
2022-02-14,1400/11/25,1400,11,25,tile_ceramic,کاشی و سرامیک,57616105980228781,41322.3,40979.2,40979.2,TSETMC
2022-02-16,1400/11/27,1400,11,27,cement,سیمان، آهک و گچ,70077233737515808,7021.6,7011.0,7017.9,TSETMC
2022-02-16,1400/11/27,1400,11,27,tile_ceramic,کاشی و سرامیک,57616105980228781,40901.4,39815.4,39815.8,TSETMC
2022-02-19,1400/11/30,1400,11,30,cement,سیمان، آهک و گچ,70077233737515808,7033.6,7020.9,7021.4,TSETMC
2022-02-19,1400/11/30,1400,11,30,tile_ceramic,کاشی و سرامیک,57616105980228781,39774.4,39177.0,39177.0,TSETMC
2022-02-20,1400/12/01,1400,12,1,cement,سیمان، آهک و گچ,70077233737515808,7026.9,7018.5,7026.9,TSETMC
2022-02-20,1400/12/01,1400,12,1,tile_ceramic,کاشی و سرامیک,57616105980228781,39192.2,38651.0,38654.8,TSETMC
2022-02-21,1400/12/02,1400,12,2,cement,سیمان، آهک و گچ,70077233737515808,7159.2,7038.8,7159.1,TSETMC
2022-02-21,1400/12/02,1400,12,2,tile_ceramic,کاشی و سرامیک,57616105980228781,38592.1,38316.5,38316.5,TSETMC
2022-02-22,1400/12/03,1400,12,3,cement,سیمان، آهک و گچ,70077233737515808,7244.1,7184.3,7243.4,TSETMC
2022-02-22,1400/12/03,1400,12,3,tile_ceramic,کاشی و سرامیک,57616105980228781,38490.9,37630.5,37631.3,TSETMC
2022-02-23,1400/12/04,1400,12,4,cement,سیمان، آهک و گچ,70077233737515808,7357.0,7267.1,7354.2,TSETMC
2022-02-23,1400/12/04,1400,12,4,tile_ceramic,کاشی و سرامیک,57616105980228781,37682.1,37142.5,37679.8,TSETMC
2022-02-26,1400/12/07,1400,12,7,cement,سیمان، آهک و گچ,70077233737515808,7363.8,7339.1,7339.1,TSETMC
2022-02-26,1400/12/07,1400,12,7,tile_ceramic,کاشی و سرامیک,57616105980228781,37742.4,37574.0,37653.5,TSETMC
2022-02-27,1400/12/08,1400,12,8,cement,سیمان، آهک و گچ,70077233737515808,7383.4,7319.0,7382.9,TSETMC
2022-02-27,1400/12/08,1400,12,8,tile_ceramic,کاشی و سرامیک,57616105980228781,39025.8,37691.9,39022.7,TSETMC
2022-02-28,1400/12/09,1400,12,9,cement,سیمان، آهک و گچ,70077233737515808,7483.0,7393.3,7483.0,TSETMC
2022-02-28,1400/12/09,1400,12,9,tile_ceramic,کاشی و سرامیک,57616105980228781,40438.6,40070.7,40361.8,TSETMC
2022-03-02,1400/12/11,1400,12,11,cement,سیمان، آهک و گچ,70077233737515808,7536.2,7499.9,7536.1,TSETMC
2022-03-02,1400/12/11,1400,12,11,tile_ceramic,کاشی و سرامیک,57616105980228781,40826.6,39736.8,39736.8,TSETMC
2022-03-05,1400/12/14,1400,12,14,cement,سیمان، آهک و گچ,70077233737515808,7555.0,7510.7,7511.0,TSETMC
2022-03-05,1400/12/14,1400,12,14,tile_ceramic,کاشی و سرامیک,57616105980228781,39585.8,39093.8,39288.0,TSETMC
2022-03-06,1400/12/15,1400,12,15,cement,سیمان، آهک و گچ,70077233737515808,7528.9,7480.6,7483.8,TSETMC
2022-03-06,1400/12/15,1400,12,15,tile_ceramic,کاشی و سرامیک,57616105980228781,39141.7,38791.2,38791.2,TSETMC
2022-03-07,1400/12/16,1400,12,16,cement,سیمان، آهک و گچ,70077233737515808,7568.8,7497.8,7568.2,TSETMC
2022-03-07,1400/12/16,1400,12,16,tile_ceramic,کاشی و سرامیک,57616105980228781,38878.5,38564.2,38601.3,TSETMC
2022-03-08,1400/12/17,1400,12,17,cement,سیمان، آهک و گچ,70077233737515808,7573.3,7559.5,7567.9,TSETMC
2022-03-08,1400/12/17,1400,12,17,tile_ceramic,کاشی و سرامیک,57616105980228781,38677.4,38434.7,38434.7,TSETMC
2022-03-09,1400/12/18,1400,12,18,cement,سیمان، آهک و گچ,70077233737515808,7640.5,7569.2,7640.5,TSETMC
2022-03-09,1400/12/18,1400,12,18,tile_ceramic,کاشی و سرامیک,57616105980228781,38428.9,38312.8,38312.8,TSETMC
2022-03-12,1400/12/21,1400,12,21,cement,سیمان، آهک و گچ,70077233737515808,7636.2,7551.0,7551.5,TSETMC
2022-03-12,1400/12/21,1400,12,21,tile_ceramic,کاشی و سرامیک,57616105980228781,38351.1,37668.6,37669.2,TSETMC
2022-03-13,1400/12/22,1400,12,22,cement,سیمان، آهک و گچ,70077233737515808,7549.2,7529.8,7544.9,TSETMC
2022-03-13,1400/12/22,1400,12,22,tile_ceramic,کاشی و سرامیک,57616105980228781,37635.9,37116.4,37120.7,TSETMC
2022-03-14,1400/12/23,1400,12,23,cement,سیمان، آهک و گچ,70077233737515808,7562.5,7549.4,7560.6,TSETMC
2022-03-14,1400/12/23,1400,12,23,tile_ceramic,کاشی و سرامیک,57616105980228781,37199.9,37003.8,37003.8,TSETMC
2022-03-15,1400/12/24,1400,12,24,cement,سیمان، آهک و گچ,70077233737515808,7614.1,7569.4,7614.1,TSETMC
2022-03-15,1400/12/24,1400,12,24,tile_ceramic,کاشی و سرامیک,57616105980228781,37062.6,36827.8,36827.8,TSETMC
2022-03-16,1400/12/25,1400,12,25,cement,سیمان، آهک و گچ,70077233737515808,7754.4,7647.0,7754.4,TSETMC
2022-03-16,1400/12/25,1400,12,25,tile_ceramic,کاشی و سرامیک,57616105980228781,36892.7,36811.5,36861.2,TSETMC
2022-03-19,1400/12/28,1400,12,28,cement,سیمان، آهک و گچ,70077233737515808,7923.8,7779.6,7923.7,TSETMC
2022-03-19,1400/12/28,1400,12,28,tile_ceramic,کاشی و سرامیک,57616105980228781,37297.3,36884.1,37297.3,TSETMC
2022-03-26,1401/01/06,1401,1,6,cement,سیمان، آهک و گچ,70077233737515808,7939.9,7927.2,7927.2,TSETMC
2022-03-26,1401/01/06,1401,1,6,tile_ceramic,کاشی و سرامیک,57616105980228781,37317.7,37044.4,37044.4,TSETMC
2022-03-27,1401/01/07,1401,1,7,cement,سیمان، آهک و گچ,70077233737515808,7987.6,7936.2,7987.6,TSETMC
2022-03-27,1401/01/07,1401,1,7,tile_ceramic,کاشی و سرامیک,57616105980228781,37219.3,37072.7,37215.5,TSETMC
2022-03-28,1401/01/08,1401,1,8,cement,سیمان، آهک و گچ,70077233737515808,8162.8,8005.5,8162.8,TSETMC
2022-03-28,1401/01/08,1401,1,8,tile_ceramic,کاشی و سرامیک,57616105980228781,38360.4,37334.4,38360.4,TSETMC
2022-03-29,1401/01/09,1401,1,9,cement,سیمان، آهک و گچ,70077233737515808,8227.6,8201.0,8224.1,TSETMC
2022-03-29,1401/01/09,1401,1,9,tile_ceramic,کاشی و سرامیک,57616105980228781,39395.0,38498.0,39390.1,TSETMC
2022-03-30,1401/01/10,1401,1,10,cement,سیمان، آهک و گچ,70077233737515808,8401.7,8246.1,8401.7,TSETMC
2022-03-30,1401/01/10,1401,1,10,tile_ceramic,کاشی و سرامیک,57616105980228781,39470.0,39329.5,39469.6,TSETMC
2022-04-03,1401/01/14,1401,1,14,cement,سیمان، آهک و گچ,70077233737515808,8701.0,8502.8,8700.9,TSETMC
2022-04-03,1401/01/14,1401,1,14,tile_ceramic,کاشی و سرامیک,57616105980228781,39853.1,39478.1,39785.2,TSETMC
2022-04-04,1401/01/15,1401,1,15,cement,سیمان، آهک و گچ,70077233737515808,8790.0,8707.1,8707.2,TSETMC
2022-04-04,1401/01/15,1401,1,15,tile_ceramic,کاشی و سرامیک,57616105980228781,39857.7,39317.0,39317.0,TSETMC
2022-04-05,1401/01/16,1401,1,16,cement,سیمان، آهک و گچ,70077233737515808,8768.6,8713.4,8768.2,TSETMC
2022-04-05,1401/01/16,1401,1,16,tile_ceramic,کاشی و سرامیک,57616105980228781,39277.9,39102.4,39208.3,TSETMC
2022-04-06,1401/01/17,1401,1,17,cement,سیمان، آهک و گچ,70077233737515808,8826.0,8779.7,8779.7,TSETMC
2022-04-06,1401/01/17,1401,1,17,tile_ceramic,کاشی و سرامیک,57616105980228781,39881.1,39211.8,39802.8,TSETMC
2022-04-09,1401/01/20,1401,1,20,cement,سیمان، آهک و گچ,70077233737515808,8782.7,8736.2,8736.2,TSETMC
2022-04-09,1401/01/20,1401,1,20,tile_ceramic,کاشی و سرامیک,57616105980228781,40586.9,39910.7,40578.3,TSETMC
2022-04-10,1401/01/21,1401,1,21,cement,سیمان، آهک و گچ,70077233737515808,8868.7,8756.0,8863.8,TSETMC
2022-04-10,1401/01/21,1401,1,21,tile_ceramic,کاشی و سرامیک,57616105980228781,41475.0,40722.2,41458.2,TSETMC
2022-04-11,1401/01/22,1401,1,22,cement,سیمان، آهک و گچ,70077233737515808,9073.1,8902.4,9072.9,TSETMC
2022-04-11,1401/01/22,1401,1,22,tile_ceramic,کاشی و سرامیک,57616105980228781,41623.8,41397.5,41623.5,TSETMC
2022-04-12,1401/01/23,1401,1,23,cement,سیمان، آهک و گچ,70077233737515808,9090.6,8877.6,8878.3,TSETMC
2022-04-12,1401/01/23,1401,1,23,tile_ceramic,کاشی و سرامیک,57616105980228781,41694.7,40567.3,40567.3,TSETMC
2022-04-13,1401/01/24,1401,1,24,cement,سیمان، آهک و گچ,70077233737515808,8971.5,8869.1,8971.1,TSETMC
2022-04-13,1401/01/24,1401,1,24,tile_ceramic,کاشی و سرامیک,57616105980228781,40620.1,40261.4,40471.7,TSETMC
2022-04-16,1401/01/27,1401,1,27,cement,سیمان، آهک و گچ,70077233737515808,9096.3,9005.4,9096.2,TSETMC
2022-04-16,1401/01/27,1401,1,27,tile_ceramic,کاشی و سرامیک,57616105980228781,40967.1,40610.0,40964.1,TSETMC
2022-04-17,1401/01/28,1401,1,28,cement,سیمان، آهک و گچ,70077233737515808,9191.9,9112.7,9191.4,TSETMC
2022-04-17,1401/01/28,1401,1,28,tile_ceramic,کاشی و سرامیک,57616105980228781,41067.9,40457.8,41067.9,TSETMC
2022-04-18,1401/01/29,1401,1,29,cement,سیمان، آهک و گچ,70077233737515808,9532.6,9322.0,9523.7,TSETMC
2022-04-18,1401/01/29,1401,1,29,tile_ceramic,کاشی و سرامیک,57616105980228781,42164.7,41235.4,42158.1,TSETMC
2022-04-19,1401/01/30,1401,1,30,cement,سیمان، آهک و گچ,70077233737515808,9574.5,9535.7,9543.5,TSETMC
2022-04-19,1401/01/30,1401,1,30,tile_ceramic,کاشی و سرامیک,57616105980228781,43098.2,42408.6,43059.4,TSETMC
2022-04-20,1401/01/31,1401,1,31,cement,سیمان، آهک و گچ,70077233737515808,9536.2,9441.1,9448.9,TSETMC
2022-04-20,1401/01/31,1401,1,31,tile_ceramic,کاشی و سرامیک,57616105980228781,43761.3,43295.9,43295.9,TSETMC
2022-04-24,1401/02/04,1401,2,4,cement,سیمان، آهک و گچ,70077233737515808,9545.7,9483.5,9541.0,TSETMC
2022-04-24,1401/02/04,1401,2,4,tile_ceramic,کاشی و سرامیک,57616105980228781,44421.6,43340.5,44418.7,TSETMC
2022-04-25,1401/02/05,1401,2,5,cement,سیمان، آهک و گچ,70077233737515808,9571.2,9547.1,9547.1,TSETMC
2022-04-25,1401/02/05,1401,2,5,tile_ceramic,کاشی و سرامیک,57616105980228781,45377.6,45159.9,45354.3,TSETMC
2022-04-26,1401/02/06,1401,2,6,cement,سیمان، آهک و گچ,70077233737515808,9644.1,9570.2,9642.6,TSETMC
2022-04-26,1401/02/06,1401,2,6,tile_ceramic,کاشی و سرامیک,57616105980228781,45893.9,45258.4,45258.4,TSETMC
2022-04-27,1401/02/07,1401,2,7,cement,سیمان، آهک و گچ,70077233737515808,9694.5,9662.7,9669.3,TSETMC
2022-04-27,1401/02/07,1401,2,7,tile_ceramic,کاشی و سرامیک,57616105980228781,45244.7,45147.8,45229.2,TSETMC
2022-04-30,1401/02/10,1401,2,10,cement,سیمان، آهک و گچ,70077233737515808,9735.2,9685.4,9734.6,TSETMC
2022-04-30,1401/02/10,1401,2,10,tile_ceramic,کاشی و سرامیک,57616105980228781,46445.3,45321.9,46441.3,TSETMC
2022-05-01,1401/02/11,1401,2,11,cement,سیمان، آهک و گچ,70077233737515808,9792.2,9729.6,9792.2,TSETMC
2022-05-01,1401/02/11,1401,2,11,tile_ceramic,کاشی و سرامیک,57616105980228781,46674.8,46473.6,46669.3,TSETMC
2022-05-02,1401/02/12,1401,2,12,cement,سیمان، آهک و گچ,70077233737515808,9866.3,9819.0,9856.7,TSETMC
2022-05-02,1401/02/12,1401,2,12,tile_ceramic,کاشی و سرامیک,57616105980228781,47360.2,46820.5,47068.0,TSETMC
2022-05-07,1401/02/17,1401,2,17,cement,سیمان، آهک و گچ,70077233737515808,9887.7,9874.4,9876.0,TSETMC
2022-05-07,1401/02/17,1401,2,17,tile_ceramic,کاشی و سرامیک,57616105980228781,48150.2,47829.0,47884.6,TSETMC
2022-05-08,1401/02/18,1401,2,18,cement,سیمان، آهک و گچ,70077233737515808,9895.5,9872.6,9873.2,TSETMC
2022-05-08,1401/02/18,1401,2,18,tile_ceramic,کاشی و سرامیک,57616105980228781,48417.2,47649.9,48417.2,TSETMC
2022-05-09,1401/02/19,1401,2,19,cement,سیمان، آهک و گچ,70077233737515808,9881.5,9786.6,9786.6,TSETMC
2022-05-09,1401/02/19,1401,2,19,tile_ceramic,کاشی و سرامیک,57616105980228781,49004.0,48720.7,48720.7,TSETMC
2022-05-10,1401/02/20,1401,2,20,cement,سیمان، آهک و گچ,70077233737515808,9813.4,9765.7,9813.4,TSETMC
2022-05-10,1401/02/20,1401,2,20,tile_ceramic,کاشی و سرامیک,57616105980228781,49140.5,48489.7,49086.6,TSETMC
2022-05-11,1401/02/21,1401,2,21,cement,سیمان، آهک و گچ,70077233737515808,9978.7,9836.0,9978.7,TSETMC
2022-05-11,1401/02/21,1401,2,21,tile_ceramic,کاشی و سرامیک,57616105980228781,49937.0,49256.8,49937.0,TSETMC
2022-05-14,1401/02/24,1401,2,24,cement,سیمان، آهک و گچ,70077233737515808,10369.3,10217.7,10367.8,TSETMC
2022-05-14,1401/02/24,1401,2,24,tile_ceramic,کاشی و سرامیک,57616105980228781,51269.3,51007.5,51129.7,TSETMC
2022-05-15,1401/02/25,1401,2,25,cement,سیمان، آهک و گچ,70077233737515808,10630.4,10568.7,10602.4,TSETMC
2022-05-15,1401/02/25,1401,2,25,tile_ceramic,کاشی و سرامیک,57616105980228781,51446.1,50927.1,51283.1,TSETMC
2022-05-16,1401/02/26,1401,2,26,cement,سیمان، آهک و گچ,70077233737515808,10845.3,10791.6,10791.6,TSETMC
2022-05-16,1401/02/26,1401,2,26,tile_ceramic,کاشی و سرامیک,57616105980228781,51729.7,51114.1,51114.1,TSETMC
2022-05-17,1401/02/27,1401,2,27,cement,سیمان، آهک و گچ,70077233737515808,10783.8,10649.1,10649.1,TSETMC
2022-05-17,1401/02/27,1401,2,27,tile_ceramic,کاشی و سرامیک,57616105980228781,50917.4,50016.7,50092.9,TSETMC
2022-05-18,1401/02/28,1401,2,28,cement,سیمان، آهک و گچ,70077233737515808,10639.2,10491.7,10491.7,TSETMC
2022-05-18,1401/02/28,1401,2,28,tile_ceramic,کاشی و سرامیک,57616105980228781,50325.1,49823.9,49896.7,TSETMC
2022-05-21,1401/02/31,1401,2,31,cement,سیمان، آهک و گچ,70077233737515808,10532.9,10486.2,10500.5,TSETMC
2022-05-21,1401/02/31,1401,2,31,tile_ceramic,کاشی و سرامیک,57616105980228781,50432.5,49907.9,49907.9,TSETMC
2022-05-22,1401/03/01,1401,3,1,cement,سیمان، آهک و گچ,70077233737515808,10650.9,10496.2,10650.3,TSETMC
2022-05-22,1401/03/01,1401,3,1,tile_ceramic,کاشی و سرامیک,57616105980228781,49901.7,49501.0,49503.7,TSETMC
2022-05-23,1401/03/02,1401,3,2,cement,سیمان، آهک و گچ,70077233737515808,10731.8,10475.5,10475.5,TSETMC
2022-05-23,1401/03/02,1401,3,2,tile_ceramic,کاشی و سرامیک,57616105980228781,49410.9,47630.7,47631.0,TSETMC
2022-05-24,1401/03/03,1401,3,3,cement,سیمان، آهک و گچ,70077233737515808,10564.2,10506.3,10544.8,TSETMC
2022-05-24,1401/03/03,1401,3,3,tile_ceramic,کاشی و سرامیک,57616105980228781,47297.6,47031.9,47269.3,TSETMC
2022-05-25,1401/03/04,1401,3,4,cement,سیمان، آهک و گچ,70077233737515808,10652.4,10597.4,10639.5,TSETMC
2022-05-25,1401/03/04,1401,3,4,tile_ceramic,کاشی و سرامیک,57616105980228781,47385.0,47184.1,47325.2,TSETMC
2022-05-28,1401/03/07,1401,3,7,cement,سیمان، آهک و گچ,70077233737515808,10697.5,10492.3,10492.3,TSETMC
2022-05-28,1401/03/07,1401,3,7,tile_ceramic,کاشی و سرامیک,57616105980228781,48309.5,47571.8,47571.8,TSETMC
2022-05-29,1401/03/08,1401,3,8,cement,سیمان، آهک و گچ,70077233737515808,10474.5,10289.6,10296.6,TSETMC
2022-05-29,1401/03/08,1401,3,8,tile_ceramic,کاشی و سرامیک,57616105980228781,47560.2,47007.5,47151.4,TSETMC
2022-05-30,1401/03/09,1401,3,9,cement,سیمان، آهک و گچ,70077233737515808,10329.3,10304.5,10307.1,TSETMC
2022-05-30,1401/03/09,1401,3,9,tile_ceramic,کاشی و سرامیک,57616105980228781,47845.6,47557.6,47557.6,TSETMC
2022-05-31,1401/03/10,1401,3,10,cement,سیمان، آهک و گچ,70077233737515808,10338.2,10303.7,10338.2,TSETMC
2022-05-31,1401/03/10,1401,3,10,tile_ceramic,کاشی و سرامیک,57616105980228781,48020.4,47561.2,47904.3,TSETMC
2022-06-01,1401/03/11,1401,3,11,cement,سیمان، آهک و گچ,70077233737515808,10350.5,10327.1,10327.1,TSETMC
2022-06-01,1401/03/11,1401,3,11,tile_ceramic,کاشی و سرامیک,57616105980228781,48027.3,47493.8,47493.8,TSETMC
2022-06-06,1401/03/16,1401,3,16,cement,سیمان، آهک و گچ,70077233737515808,10312.1,10037.6,10037.6,TSETMC
2022-06-06,1401/03/16,1401,3,16,tile_ceramic,کاشی و سرامیک,57616105980228781,47837.6,46689.4,46689.4,TSETMC
2022-06-07,1401/03/17,1401,3,17,cement,سیمان، آهک و گچ,70077233737515808,10335.4,10061.9,10335.4,TSETMC
2022-06-07,1401/03/17,1401,3,17,tile_ceramic,کاشی و سرامیک,57616105980228781,46511.9,45914.5,45914.5,TSETMC
2022-06-08,1401/03/18,1401,3,18,cement,سیمان، آهک و گچ,70077233737515808,10580.0,10441.0,10580.0,TSETMC
2022-06-08,1401/03/18,1401,3,18,tile_ceramic,کاشی و سرامیک,57616105980228781,46429.6,45872.8,46352.4,TSETMC
2022-06-11,1401/03/21,1401,3,21,cement,سیمان، آهک و گچ,70077233737515808,10734.3,10674.9,10713.9,TSETMC
2022-06-11,1401/03/21,1401,3,21,tile_ceramic,کاشی و سرامیک,57616105980228781,46863.7,46529.1,46564.3,TSETMC
2022-06-12,1401/03/22,1401,3,22,cement,سیمان، آهک و گچ,70077233737515808,10706.8,10641.4,10704.1,TSETMC
2022-06-12,1401/03/22,1401,3,22,tile_ceramic,کاشی و سرامیک,57616105980228781,46895.0,46399.9,46894.5,TSETMC
2022-06-13,1401/03/23,1401,3,23,cement,سیمان، آهک و گچ,70077233737515808,11078.4,10875.3,11078.4,TSETMC
2022-06-13,1401/03/23,1401,3,23,tile_ceramic,کاشی و سرامیک,57616105980228781,47673.8,47043.3,47443.0,TSETMC
2022-06-14,1401/03/24,1401,3,24,cement,سیمان، آهک و گچ,70077233737515808,11196.7,11117.2,11117.2,TSETMC
2022-06-14,1401/03/24,1401,3,24,tile_ceramic,کاشی و سرامیک,57616105980228781,47693.7,47394.6,47394.6,TSETMC
2022-06-15,1401/03/25,1401,3,25,cement,سیمان، آهک و گچ,70077233737515808,11106.8,11052.7,11052.7,TSETMC
2022-06-15,1401/03/25,1401,3,25,tile_ceramic,کاشی و سرامیک,57616105980228781,47250.8,46859.4,46859.4,TSETMC
2022-06-18,1401/03/28,1401,3,28,cement,سیمان، آهک و گچ,70077233737515808,11041.4,10852.3,10852.3,TSETMC
2022-06-18,1401/03/28,1401,3,28,tile_ceramic,کاشی و سرامیک,57616105980228781,46776.8,45516.1,45516.1,TSETMC
2022-06-19,1401/03/29,1401,3,29,cement,سیمان، آهک و گچ,70077233737515808,10888.1,10805.9,10888.1,TSETMC
2022-06-19,1401/03/29,1401,3,29,tile_ceramic,کاشی و سرامیک,57616105980228781,45886.6,45553.2,45727.0,TSETMC
2022-06-20,1401/03/30,1401,3,30,cement,سیمان، آهک و گچ,70077233737515808,11208.6,11030.7,11208.6,TSETMC
2022-06-20,1401/03/30,1401,3,30,tile_ceramic,کاشی و سرامیک,57616105980228781,45980.6,45762.1,45907.8,TSETMC
2022-06-21,1401/03/31,1401,3,31,cement,سیمان، آهک و گچ,70077233737515808,11208.2,11138.3,11138.3,TSETMC
2022-06-21,1401/03/31,1401,3,31,tile_ceramic,کاشی و سرامیک,57616105980228781,45881.4,45406.4,45406.4,TSETMC
2022-06-22,1401/04/01,1401,4,1,cement,سیمان، آهک و گچ,70077233737515808,11112.9,11021.8,11021.8,TSETMC
2022-06-22,1401/04/01,1401,4,1,tile_ceramic,کاشی و سرامیک,57616105980228781,45386.2,44884.5,44884.5,TSETMC
2022-06-25,1401/04/04,1401,4,4,cement,سیمان، آهک و گچ,70077233737515808,10987.0,10733.4,10733.4,TSETMC
2022-06-25,1401/04/04,1401,4,4,tile_ceramic,کاشی و سرامیک,57616105980228781,44877.7,44464.4,44465.0,TSETMC
2022-06-26,1401/04/05,1401,4,5,cement,سیمان، آهک و گچ,70077233737515808,10719.7,10574.4,10574.4,TSETMC
2022-06-26,1401/04/05,1401,4,5,tile_ceramic,کاشی و سرامیک,57616105980228781,44512.2,43649.7,43649.7,TSETMC
2022-06-27,1401/04/06,1401,4,6,cement,سیمان، آهک و گچ,70077233737515808,10564.6,10433.9,10433.9,TSETMC
2022-06-27,1401/04/06,1401,4,6,tile_ceramic,کاشی و سرامیک,57616105980228781,43840.9,43604.5,43828.8,TSETMC
2022-06-28,1401/04/07,1401,4,7,cement,سیمان، آهک و گچ,70077233737515808,10492.1,10444.1,10444.7,TSETMC
2022-06-28,1401/04/07,1401,4,7,tile_ceramic,کاشی و سرامیک,57616105980228781,44466.7,43961.0,44445.2,TSETMC
2022-06-29,1401/04/08,1401,4,8,cement,سیمان، آهک و گچ,70077233737515808,10455.7,10443.4,10449.9,TSETMC
2022-06-29,1401/04/08,1401,4,8,tile_ceramic,کاشی و سرامیک,57616105980228781,44639.5,44438.0,44562.4,TSETMC
2022-07-02,1401/04/11,1401,4,11,cement,سیمان، آهک و گچ,70077233737515808,10434.3,10366.9,10367.2,TSETMC
2022-07-02,1401/04/11,1401,4,11,tile_ceramic,کاشی و سرامیک,57616105980228781,44667.4,43895.7,43895.7,TSETMC
2022-07-03,1401/04/12,1401,4,12,cement,سیمان، آهک و گچ,70077233737515808,10521.7,10395.8,10521.6,TSETMC
2022-07-03,1401/04/12,1401,4,12,tile_ceramic,کاشی و سرامیک,57616105980228781,44455.5,44261.3,44347.7,TSETMC
2022-07-04,1401/04/13,1401,4,13,cement,سیمان، آهک و گچ,70077233737515808,10588.9,10564.6,10584.9,TSETMC
2022-07-04,1401/04/13,1401,4,13,tile_ceramic,کاشی و سرامیک,57616105980228781,44730.2,44508.8,44726.3,TSETMC
2022-07-05,1401/04/14,1401,4,14,cement,سیمان، آهک و گچ,70077233737515808,10572.5,10495.7,10495.7,TSETMC
2022-07-05,1401/04/14,1401,4,14,tile_ceramic,کاشی و سرامیک,57616105980228781,45395.1,44705.8,45395.1,TSETMC
2022-07-06,1401/04/15,1401,4,15,cement,سیمان، آهک و گچ,70077233737515808,10489.7,10474.7,10489.7,TSETMC
2022-07-06,1401/04/15,1401,4,15,tile_ceramic,کاشی و سرامیک,57616105980228781,45754.1,45483.0,45483.0,TSETMC
2022-07-09,1401/04/18,1401,4,18,cement,سیمان، آهک و گچ,70077233737515808,10525.8,10507.2,10507.3,TSETMC
2022-07-09,1401/04/18,1401,4,18,tile_ceramic,کاشی و سرامیک,57616105980228781,45462.5,44744.8,44744.8,TSETMC
2022-07-11,1401/04/20,1401,4,20,cement,سیمان، آهک و گچ,70077233737515808,10538.0,10406.1,10406.1,TSETMC
2022-07-11,1401/04/20,1401,4,20,tile_ceramic,کاشی و سرامیک,57616105980228781,44690.4,43882.5,43882.5,TSETMC
2022-07-12,1401/04/21,1401,4,21,cement,سیمان، آهک و گچ,70077233737515808,10405.8,10261.1,10261.1,TSETMC
2022-07-12,1401/04/21,1401,4,21,tile_ceramic,کاشی و سرامیک,57616105980228781,43887.6,43399.4,43473.9,TSETMC
2022-07-13,1401/04/22,1401,4,22,cement,سیمان، آهک و گچ,70077233737515808,10307.2,10276.4,10306.1,TSETMC
2022-07-13,1401/04/22,1401,4,22,tile_ceramic,کاشی و سرامیک,57616105980228781,43599.0,43403.2,43538.0,TSETMC
2022-07-16,1401/04/25,1401,4,25,cement,سیمان، آهک و گچ,70077233737515808,10313.0,10290.4,10291.6,TSETMC
2022-07-16,1401/04/25,1401,4,25,tile_ceramic,کاشی و سرامیک,57616105980228781,43559.9,42881.2,42881.2,TSETMC
2022-07-17,1401/04/26,1401,4,26,cement,سیمان، آهک و گچ,70077233737515808,10332.5,10287.1,10287.2,TSETMC
2022-07-17,1401/04/26,1401,4,26,tile_ceramic,کاشی و سرامیک,57616105980228781,42887.1,42494.5,42494.5,TSETMC
2022-07-19,1401/04/28,1401,4,28,cement,سیمان، آهک و گچ,70077233737515808,10300.4,10241.3,10241.3,TSETMC
2022-07-19,1401/04/28,1401,4,28,tile_ceramic,کاشی و سرامیک,57616105980228781,42423.2,42224.1,42224.1,TSETMC
2022-07-20,1401/04/29,1401,4,29,cement,سیمان، آهک و گچ,70077233737515808,10229.9,10209.7,10225.3,TSETMC
2022-07-20,1401/04/29,1401,4,29,tile_ceramic,کاشی و سرامیک,57616105980228781,42621.5,42226.2,42621.5,TSETMC
2022-07-23,1401/05/01,1401,5,1,cement,سیمان، آهک و گچ,70077233737515808,10279.9,10222.6,10273.5,TSETMC
2022-07-23,1401/05/01,1401,5,1,tile_ceramic,کاشی و سرامیک,57616105980228781,43064.0,42772.7,43005.0,TSETMC
2022-07-24,1401/05/02,1401,5,2,cement,سیمان، آهک و گچ,70077233737515808,10270.8,10198.5,10200.4,TSETMC
2022-07-24,1401/05/02,1401,5,2,tile_ceramic,کاشی و سرامیک,57616105980228781,43047.1,42767.6,42767.6,TSETMC
2022-07-25,1401/05/03,1401,5,3,cement,سیمان، آهک و گچ,70077233737515808,10194.2,9972.9,9972.9,TSETMC
2022-07-25,1401/05/03,1401,5,3,tile_ceramic,کاشی و سرامیک,57616105980228781,42750.7,41620.8,41709.5,TSETMC
2022-07-26,1401/05/04,1401,5,4,cement,سیمان، آهک و گچ,70077233737515808,9948.5,9885.9,9888.3,TSETMC
2022-07-26,1401/05/04,1401,5,4,tile_ceramic,کاشی و سرامیک,57616105980228781,41701.7,41303.7,41325.8,TSETMC
2022-07-27,1401/05/05,1401,5,5,cement,سیمان، آهک و گچ,70077233737515808,9916.5,9885.8,9916.5,TSETMC
2022-07-27,1401/05/05,1401,5,5,tile_ceramic,کاشی و سرامیک,57616105980228781,41375.2,41305.0,41374.2,TSETMC
2022-07-30,1401/05/08,1401,5,8,cement,سیمان، آهک و گچ,70077233737515808,9895.9,9845.2,9845.2,TSETMC
2022-07-30,1401/05/08,1401,5,8,tile_ceramic,کاشی و سرامیک,57616105980228781,41380.7,40987.4,40987.4,TSETMC
2022-07-31,1401/05/09,1401,5,9,cement,سیمان، آهک و گچ,70077233737515808,9834.3,9698.2,9698.2,TSETMC
2022-07-31,1401/05/09,1401,5,9,tile_ceramic,کاشی و سرامیک,57616105980228781,40819.6,40134.4,40137.1,TSETMC
2022-08-01,1401/05/10,1401,5,10,cement,سیمان، آهک و گچ,70077233737515808,9742.8,9696.8,9737.8,TSETMC
2022-08-01,1401/05/10,1401,5,10,tile_ceramic,کاشی و سرامیک,57616105980228781,40162.7,39915.5,40121.5,TSETMC
2022-08-02,1401/05/11,1401,5,11,cement,سیمان، آهک و گچ,70077233737515808,9810.0,9763.8,9806.0,TSETMC
2022-08-02,1401/05/11,1401,5,11,tile_ceramic,کاشی و سرامیک,57616105980228781,41166.8,40141.6,41166.8,TSETMC
2022-08-03,1401/05/12,1401,5,12,cement,سیمان، آهک و گچ,70077233737515808,9882.5,9806.3,9882.5,TSETMC
2022-08-03,1401/05/12,1401,5,12,tile_ceramic,کاشی و سرامیک,57616105980228781,42034.3,41531.1,42034.0,TSETMC
2022-08-06,1401/05/15,1401,5,15,cement,سیمان، آهک و گچ,70077233737515808,9978.9,9912.6,9978.9,TSETMC
2022-08-06,1401/05/15,1401,5,15,tile_ceramic,کاشی و سرامیک,57616105980228781,42617.5,42274.1,42617.5,TSETMC
2022-08-09,1401/05/18,1401,5,18,cement,سیمان، آهک و گچ,70077233737515808,10004.2,9975.8,10004.2,TSETMC
2022-08-09,1401/05/18,1401,5,18,tile_ceramic,کاشی و سرامیک,57616105980228781,42754.1,42608.4,42608.5,TSETMC
2022-08-10,1401/05/19,1401,5,19,cement,سیمان، آهک و گچ,70077233737515808,10040.1,10017.0,10032.9,TSETMC
2022-08-10,1401/05/19,1401,5,19,tile_ceramic,کاشی و سرامیک,57616105980228781,42600.7,42072.7,42072.9,TSETMC
2022-08-13,1401/05/22,1401,5,22,cement,سیمان، آهک و گچ,70077233737515808,10167.5,10068.1,10167.5,TSETMC
2022-08-13,1401/05/22,1401,5,22,tile_ceramic,کاشی و سرامیک,57616105980228781,42597.0,42142.9,42597.0,TSETMC
2022-08-14,1401/05/23,1401,5,23,cement,سیمان، آهک و گچ,70077233737515808,10145.2,10127.1,10127.4,TSETMC
2022-08-14,1401/05/23,1401,5,23,tile_ceramic,کاشی و سرامیک,57616105980228781,42686.5,42182.3,42182.3,TSETMC
2022-08-15,1401/05/24,1401,5,24,cement,سیمان، آهک و گچ,70077233737515808,10174.7,10135.3,10174.7,TSETMC
2022-08-15,1401/05/24,1401,5,24,tile_ceramic,کاشی و سرامیک,57616105980228781,42193.9,42096.9,42133.9,TSETMC
2022-08-16,1401/05/25,1401,5,25,cement,سیمان، آهک و گچ,70077233737515808,10168.7,10119.4,10119.4,TSETMC
2022-08-16,1401/05/25,1401,5,25,tile_ceramic,کاشی و سرامیک,57616105980228781,42127.2,41926.1,41935.9,TSETMC
2022-08-17,1401/05/26,1401,5,26,cement,سیمان، آهک و گچ,70077233737515808,10130.5,10107.9,10108.0,TSETMC
2022-08-17,1401/05/26,1401,5,26,tile_ceramic,کاشی و سرامیک,57616105980228781,42009.3,41935.8,41935.8,TSETMC
2022-08-20,1401/05/29,1401,5,29,cement,سیمان، آهک و گچ,70077233737515808,10097.7,10065.2,10066.1,TSETMC
2022-08-20,1401/05/29,1401,5,29,tile_ceramic,کاشی و سرامیک,57616105980228781,41962.8,41616.1,41616.1,TSETMC
2022-08-21,1401/05/30,1401,5,30,cement,سیمان، آهک و گچ,70077233737515808,10066.7,10031.1,10031.2,TSETMC
2022-08-21,1401/05/30,1401,5,30,tile_ceramic,کاشی و سرامیک,57616105980228781,41607.9,41345.4,41345.4,TSETMC
2022-08-22,1401/05/31,1401,5,31,cement,سیمان، آهک و گچ,70077233737515808,10038.2,9972.2,9979.7,TSETMC
2022-08-22,1401/05/31,1401,5,31,tile_ceramic,کاشی و سرامیک,57616105980228781,41630.4,41344.6,41461.4,TSETMC
2022-08-23,1401/06/01,1401,6,1,cement,سیمان، آهک و گچ,70077233737515808,10089.7,9970.8,10089.7,TSETMC
2022-08-23,1401/06/01,1401,6,1,tile_ceramic,کاشی و سرامیک,57616105980228781,42061.3,41458.8,42061.3,TSETMC
2022-08-24,1401/06/02,1401,6,2,cement,سیمان، آهک و گچ,70077233737515808,10197.9,10146.8,10197.8,TSETMC
2022-08-24,1401/06/02,1401,6,2,tile_ceramic,کاشی و سرامیک,57616105980228781,42665.8,42096.8,42662.2,TSETMC
2022-08-27,1401/06/05,1401,6,5,cement,سیمان، آهک و گچ,70077233737515808,10220.1,10189.3,10219.8,TSETMC
2022-08-27,1401/06/05,1401,6,5,tile_ceramic,کاشی و سرامیک,57616105980228781,43331.8,42695.7,43331.8,TSETMC
2022-08-28,1401/06/06,1401,6,6,cement,سیمان، آهک و گچ,70077233737515808,10221.4,10148.1,10148.5,TSETMC
2022-08-28,1401/06/06,1401,6,6,tile_ceramic,کاشی و سرامیک,57616105980228781,43281.1,43096.8,43120.0,TSETMC
2022-08-29,1401/06/07,1401,6,7,cement,سیمان، آهک و گچ,70077233737515808,10136.6,10125.1,10128.3,TSETMC
2022-08-29,1401/06/07,1401,6,7,tile_ceramic,کاشی و سرامیک,57616105980228781,43113.2,42891.2,43113.2,TSETMC
2022-08-30,1401/06/08,1401,6,8,cement,سیمان، آهک و گچ,70077233737515808,10165.7,10131.6,10164.9,TSETMC
2022-08-30,1401/06/08,1401,6,8,tile_ceramic,کاشی و سرامیک,57616105980228781,43473.5,43115.6,43473.5,TSETMC
2022-08-31,1401/06/09,1401,6,9,cement,سیمان، آهک و گچ,70077233737515808,10186.6,10165.0,10186.6,TSETMC
2022-08-31,1401/06/09,1401,6,9,tile_ceramic,کاشی و سرامیک,57616105980228781,44089.4,43638.4,44073.1,TSETMC
2022-09-03,1401/06/12,1401,6,12,cement,سیمان، آهک و گچ,70077233737515808,10188.8,10122.8,10122.8,TSETMC
2022-09-03,1401/06/12,1401,6,12,tile_ceramic,کاشی و سرامیک,57616105980228781,44006.6,43636.0,43639.8,TSETMC
2022-09-04,1401/06/13,1401,6,13,cement,سیمان، آهک و گچ,70077233737515808,10118.3,10085.8,10116.0,TSETMC
2022-09-04,1401/06/13,1401,6,13,tile_ceramic,کاشی و سرامیک,57616105980228781,43846.7,43776.2,43776.2,TSETMC
2022-09-05,1401/06/14,1401,6,14,cement,سیمان، آهک و گچ,70077233737515808,10129.3,10115.8,10124.9,TSETMC
2022-09-05,1401/06/14,1401,6,14,tile_ceramic,کاشی و سرامیک,57616105980228781,44629.6,44051.3,44629.6,TSETMC
2022-09-06,1401/06/15,1401,6,15,cement,سیمان، آهک و گچ,70077233737515808,10161.3,10137.5,10150.5,TSETMC
2022-09-06,1401/06/15,1401,6,15,tile_ceramic,کاشی و سرامیک,57616105980228781,44911.7,44686.2,44911.7,TSETMC
2022-09-07,1401/06/16,1401,6,16,cement,سیمان، آهک و گچ,70077233737515808,10155.5,10134.2,10134.2,TSETMC
2022-09-07,1401/06/16,1401,6,16,tile_ceramic,کاشی و سرامیک,57616105980228781,44971.8,44500.9,44500.9,TSETMC
2022-09-10,1401/06/19,1401,6,19,cement,سیمان، آهک و گچ,70077233737515808,10122.8,10030.3,10030.3,TSETMC
2022-09-10,1401/06/19,1401,6,19,tile_ceramic,کاشی و سرامیک,57616105980228781,44416.8,43534.6,43534.6,TSETMC
2022-09-11,1401/06/20,1401,6,20,cement,سیمان، آهک و گچ,70077233737515808,10011.9,9926.4,9926.5,TSETMC
2022-09-11,1401/06/20,1401,6,20,tile_ceramic,کاشی و سرامیک,57616105980228781,43521.3,43028.7,43028.7,TSETMC
2022-09-12,1401/06/21,1401,6,21,cement,سیمان، آهک و گچ,70077233737515808,9906.6,9892.5,9899.1,TSETMC
2022-09-12,1401/06/21,1401,6,21,tile_ceramic,کاشی و سرامیک,57616105980228781,43008.2,42698.7,42750.7,TSETMC
2022-09-13,1401/06/22,1401,6,22,cement,سیمان، آهک و گچ,70077233737515808,9969.6,9927.7,9969.6,TSETMC
2022-09-13,1401/06/22,1401,6,22,tile_ceramic,کاشی و سرامیک,57616105980228781,42899.4,42756.2,42899.4,TSETMC
2022-09-14,1401/06/23,1401,6,23,cement,سیمان، آهک و گچ,70077233737515808,9982.0,9975.5,9977.5,TSETMC
2022-09-14,1401/06/23,1401,6,23,tile_ceramic,کاشی و سرامیک,57616105980228781,43149.1,42932.3,43149.1,TSETMC
2022-09-18,1401/06/27,1401,6,27,cement,سیمان، آهک و گچ,70077233737515808,9969.0,9911.1,9911.2,TSETMC
2022-09-18,1401/06/27,1401,6,27,tile_ceramic,کاشی و سرامیک,57616105980228781,43301.9,42861.5,42861.5,TSETMC
2022-09-19,1401/06/28,1401,6,28,cement,سیمان، آهک و گچ,70077233737515808,9894.3,9852.0,9852.0,TSETMC
2022-09-19,1401/06/28,1401,6,28,tile_ceramic,کاشی و سرامیک,57616105980228781,42840.1,42483.0,42483.0,TSETMC
2022-09-20,1401/06/29,1401,6,29,cement,سیمان، آهک و گچ,70077233737515808,9844.2,9775.2,9775.2,TSETMC
2022-09-20,1401/06/29,1401,6,29,tile_ceramic,کاشی و سرامیک,57616105980228781,42346.7,41884.7,41884.7,TSETMC
2022-09-21,1401/06/30,1401,6,30,cement,سیمان، آهک و گچ,70077233737515808,9769.4,9679.5,9679.5,TSETMC
2022-09-21,1401/06/30,1401,6,30,tile_ceramic,کاشی و سرامیک,57616105980228781,41933.8,41764.7,41764.7,TSETMC
2022-09-24,1401/07/02,1401,7,2,cement,سیمان، آهک و گچ,70077233737515808,9660.3,9459.6,9459.6,TSETMC
2022-09-24,1401/07/02,1401,7,2,tile_ceramic,کاشی و سرامیک,57616105980228781,41726.4,40018.6,40018.6,TSETMC
2022-09-26,1401/07/04,1401,7,4,cement,سیمان، آهک و گچ,70077233737515808,9492.3,9433.6,9492.3,TSETMC
2022-09-26,1401/07/04,1401,7,4,tile_ceramic,کاشی و سرامیک,57616105980228781,40312.0,40014.4,40312.0,TSETMC
2022-09-28,1401/07/06,1401,7,6,cement,سیمان، آهک و گچ,70077233737515808,9593.3,9506.0,9593.2,TSETMC
2022-09-28,1401/07/06,1401,7,6,tile_ceramic,کاشی و سرامیک,57616105980228781,40591.8,40371.1,40591.8,TSETMC
2022-10-01,1401/07/09,1401,7,9,cement,سیمان، آهک و گچ,70077233737515808,9604.0,9481.9,9481.9,TSETMC
2022-10-01,1401/07/09,1401,7,9,tile_ceramic,کاشی و سرامیک,57616105980228781,40407.7,39095.2,39095.2,TSETMC
2022-10-02,1401/07/10,1401,7,10,cement,سیمان، آهک و گچ,70077233737515808,9480.8,9379.7,9379.7,TSETMC
2022-10-02,1401/07/10,1401,7,10,tile_ceramic,کاشی و سرامیک,57616105980228781,39060.0,38500.3,38500.3,TSETMC
2022-10-03,1401/07/11,1401,7,11,cement,سیمان، آهک و گچ,70077233737515808,9397.7,9379.5,9382.9,TSETMC
2022-10-03,1401/07/11,1401,7,11,tile_ceramic,کاشی و سرامیک,57616105980228781,38744.4,38575.7,38724.1,TSETMC
2022-10-04,1401/07/12,1401,7,12,cement,سیمان، آهک و گچ,70077233737515808,9400.8,9386.7,9386.7,TSETMC
2022-10-04,1401/07/12,1401,7,12,tile_ceramic,کاشی و سرامیک,57616105980228781,38735.4,38663.4,38695.4,TSETMC
2022-10-08,1401/07/16,1401,7,16,cement,سیمان، آهک و گچ,70077233737515808,9420.1,9393.9,9417.2,TSETMC
2022-10-08,1401/07/16,1401,7,16,tile_ceramic,کاشی و سرامیک,57616105980228781,38937.0,38700.1,38937.0,TSETMC
2022-10-09,1401/07/17,1401,7,17,cement,سیمان، آهک و گچ,70077233737515808,9400.5,9338.1,9338.2,TSETMC
2022-10-09,1401/07/17,1401,7,17,tile_ceramic,کاشی و سرامیک,57616105980228781,38923.9,38036.8,38036.8,TSETMC
2022-10-10,1401/07/18,1401,7,18,cement,سیمان، آهک و گچ,70077233737515808,9330.8,9302.9,9316.8,TSETMC
2022-10-10,1401/07/18,1401,7,18,tile_ceramic,کاشی و سرامیک,57616105980228781,38067.4,37673.3,37673.3,TSETMC
2022-10-11,1401/07/19,1401,7,19,cement,سیمان، آهک و گچ,70077233737515808,9435.6,9324.5,9435.6,TSETMC
2022-10-11,1401/07/19,1401,7,19,tile_ceramic,کاشی و سرامیک,57616105980228781,38310.5,37678.9,38310.5,TSETMC
2022-10-12,1401/07/20,1401,7,20,cement,سیمان، آهک و گچ,70077233737515808,9487.7,9441.5,9487.7,TSETMC
2022-10-12,1401/07/20,1401,7,20,tile_ceramic,کاشی و سرامیک,57616105980228781,38312.4,38198.6,38214.0,TSETMC
2022-10-15,1401/07/23,1401,7,23,cement,سیمان، آهک و گچ,70077233737515808,9497.5,9484.1,9484.1,TSETMC
2022-10-15,1401/07/23,1401,7,23,tile_ceramic,کاشی و سرامیک,57616105980228781,38214.1,37978.4,37978.4,TSETMC
2022-10-16,1401/07/24,1401,7,24,cement,سیمان، آهک و گچ,70077233737515808,9467.9,9448.7,9449.5,TSETMC
2022-10-16,1401/07/24,1401,7,24,tile_ceramic,کاشی و سرامیک,57616105980228781,37913.4,37606.5,37606.5,TSETMC
2022-10-17,1401/07/25,1401,7,25,cement,سیمان، آهک و گچ,70077233737515808,9468.9,9451.3,9458.7,TSETMC
2022-10-17,1401/07/25,1401,7,25,tile_ceramic,کاشی و سرامیک,57616105980228781,37605.3,37562.0,37563.3,TSETMC
2022-10-18,1401/07/26,1401,7,26,cement,سیمان، آهک و گچ,70077233737515808,9467.0,9450.6,9466.6,TSETMC
2022-10-18,1401/07/26,1401,7,26,tile_ceramic,کاشی و سرامیک,57616105980228781,37590.0,37524.5,37524.5,TSETMC
2022-10-19,1401/07/27,1401,7,27,cement,سیمان، آهک و گچ,70077233737515808,9492.0,9468.0,9492.0,TSETMC
2022-10-19,1401/07/27,1401,7,27,tile_ceramic,کاشی و سرامیک,57616105980228781,37662.8,37503.3,37662.8,TSETMC
2022-10-22,1401/07/30,1401,7,30,cement,سیمان، آهک و گچ,70077233737515808,9507.1,9476.9,9476.9,TSETMC
2022-10-22,1401/07/30,1401,7,30,tile_ceramic,کاشی و سرامیک,57616105980228781,37895.5,37690.7,37895.5,TSETMC
2022-10-23,1401/08/01,1401,8,1,cement,سیمان، آهک و گچ,70077233737515808,9484.4,9460.9,9460.9,TSETMC
2022-10-23,1401/08/01,1401,8,1,tile_ceramic,کاشی و سرامیک,57616105980228781,38206.9,37910.8,38130.7,TSETMC
2022-10-24,1401/08/02,1401,8,2,cement,سیمان، آهک و گچ,70077233737515808,9456.2,9367.3,9367.3,TSETMC
2022-10-24,1401/08/02,1401,8,2,tile_ceramic,کاشی و سرامیک,57616105980228781,38124.0,37576.4,37576.4,TSETMC
2022-10-25,1401/08/03,1401,8,3,cement,سیمان، آهک و گچ,70077233737515808,9371.0,9298.7,9298.8,TSETMC
2022-10-25,1401/08/03,1401,8,3,tile_ceramic,کاشی و سرامیک,57616105980228781,37615.1,37251.6,37251.6,TSETMC
2022-10-26,1401/08/04,1401,8,4,cement,سیمان، آهک و گچ,70077233737515808,9303.1,9109.5,9109.5,TSETMC
2022-10-26,1401/08/04,1401,8,4,tile_ceramic,کاشی و سرامیک,57616105980228781,37244.3,36412.1,36412.1,TSETMC
2022-10-29,1401/08/07,1401,8,7,cement,سیمان، آهک و گچ,70077233737515808,9118.6,9078.6,9078.6,TSETMC
2022-10-29,1401/08/07,1401,8,7,tile_ceramic,کاشی و سرامیک,57616105980228781,36384.5,35473.2,35473.2,TSETMC
2022-10-30,1401/08/08,1401,8,8,cement,سیمان، آهک و گچ,70077233737515808,9071.2,9054.5,9060.4,TSETMC
2022-10-30,1401/08/08,1401,8,8,tile_ceramic,کاشی و سرامیک,57616105980228781,35437.3,35318.2,35336.1,TSETMC
2022-10-31,1401/08/09,1401,8,9,cement,سیمان، آهک و گچ,70077233737515808,9138.5,9064.3,9138.5,TSETMC
2022-10-31,1401/08/09,1401,8,9,tile_ceramic,کاشی و سرامیک,57616105980228781,35859.3,35333.8,35859.3,TSETMC
2022-11-01,1401/08/10,1401,8,10,cement,سیمان، آهک و گچ,70077233737515808,9235.5,9140.2,9235.5,TSETMC
2022-11-01,1401/08/10,1401,8,10,tile_ceramic,کاشی و سرامیک,57616105980228781,36190.0,35889.4,36159.3,TSETMC
2022-11-02,1401/08/11,1401,8,11,cement,سیمان، آهک و گچ,70077233737515808,9276.7,9240.8,9276.7,TSETMC
2022-11-02,1401/08/11,1401,8,11,tile_ceramic,کاشی و سرامیک,57616105980228781,36968.2,36752.1,36968.2,TSETMC
2022-11-05,1401/08/14,1401,8,14,cement,سیمان، آهک و گچ,70077233737515808,9578.2,9284.2,9578.2,TSETMC
2022-11-05,1401/08/14,1401,8,14,tile_ceramic,کاشی و سرامیک,57616105980228781,38699.1,37178.2,38698.7,TSETMC
2022-11-06,1401/08/15,1401,8,15,cement,سیمان، آهک و گچ,70077233737515808,9694.6,9585.4,9694.6,TSETMC
2022-11-06,1401/08/15,1401,8,15,tile_ceramic,کاشی و سرامیک,57616105980228781,39794.7,38721.6,39794.7,TSETMC
2022-11-07,1401/08/16,1401,8,16,cement,سیمان، آهک و گچ,70077233737515808,10054.5,9737.9,10054.5,TSETMC
2022-11-07,1401/08/16,1401,8,16,tile_ceramic,کاشی و سرامیک,57616105980228781,41472.1,39805.7,41472.1,TSETMC
2022-11-08,1401/08/17,1401,8,17,cement,سیمان، آهک و گچ,70077233737515808,10140.8,10097.1,10133.4,TSETMC
2022-11-08,1401/08/17,1401,8,17,tile_ceramic,کاشی و سرامیک,57616105980228781,41899.4,41424.5,41424.5,TSETMC
2022-11-09,1401/08/18,1401,8,18,cement,سیمان، آهک و گچ,70077233737515808,10188.1,10101.2,10188.1,TSETMC
2022-11-09,1401/08/18,1401,8,18,tile_ceramic,کاشی و سرامیک,57616105980228781,42013.5,41470.3,42013.5,TSETMC
2022-11-12,1401/08/21,1401,8,21,cement,سیمان، آهک و گچ,70077233737515808,10274.1,10198.8,10261.3,TSETMC
2022-11-12,1401/08/21,1401,8,21,tile_ceramic,کاشی و سرامیک,57616105980228781,42590.2,42042.0,42364.2,TSETMC
2022-11-13,1401/08/22,1401,8,22,cement,سیمان، آهک و گچ,70077233737515808,10263.4,10210.2,10210.2,TSETMC
2022-11-13,1401/08/22,1401,8,22,tile_ceramic,کاشی و سرامیک,57616105980228781,42513.0,42344.7,42348.5,TSETMC
2022-11-14,1401/08/23,1401,8,23,cement,سیمان، آهک و گچ,70077233737515808,10204.2,10145.2,10145.2,TSETMC
2022-11-14,1401/08/23,1401,8,23,tile_ceramic,کاشی و سرامیک,57616105980228781,42334.3,41879.1,41879.1,TSETMC
2022-11-15,1401/08/24,1401,8,24,cement,سیمان، آهک و گچ,70077233737515808,10169.4,10153.3,10166.3,TSETMC
2022-11-15,1401/08/24,1401,8,24,tile_ceramic,کاشی و سرامیک,57616105980228781,41991.4,41881.0,41991.4,TSETMC
2022-11-16,1401/08/25,1401,8,25,cement,سیمان، آهک و گچ,70077233737515808,10191.9,10161.6,10191.9,TSETMC
2022-11-16,1401/08/25,1401,8,25,tile_ceramic,کاشی و سرامیک,57616105980228781,42002.9,41751.4,41958.7,TSETMC
2022-11-19,1401/08/28,1401,8,28,cement,سیمان، آهک و گچ,70077233737515808,10344.8,10267.9,10344.2,TSETMC
2022-11-19,1401/08/28,1401,8,28,tile_ceramic,کاشی و سرامیک,57616105980228781,41995.1,41395.8,41395.8,TSETMC
2022-11-20,1401/08/29,1401,8,29,cement,سیمان، آهک و گچ,70077233737515808,10407.1,10375.6,10397.4,TSETMC
2022-11-20,1401/08/29,1401,8,29,tile_ceramic,کاشی و سرامیک,57616105980228781,41994.0,41423.6,41994.0,TSETMC
2022-11-21,1401/08/30,1401,8,30,cement,سیمان، آهک و گچ,70077233737515808,10443.4,10397.0,10432.9,TSETMC
2022-11-21,1401/08/30,1401,8,30,tile_ceramic,کاشی و سرامیک,57616105980228781,42104.4,41961.0,42084.3,TSETMC
2022-11-22,1401/09/01,1401,9,1,cement,سیمان، آهک و گچ,70077233737515808,10434.9,10380.3,10380.3,TSETMC
2022-11-22,1401/09/01,1401,9,1,tile_ceramic,کاشی و سرامیک,57616105980228781,42603.6,42156.5,42603.6,TSETMC
2022-11-23,1401/09/02,1401,9,2,cement,سیمان، آهک و گچ,70077233737515808,10389.2,10380.9,10383.7,TSETMC
2022-11-23,1401/09/02,1401,9,2,tile_ceramic,کاشی و سرامیک,57616105980228781,42793.3,42596.8,42784.9,TSETMC
2022-11-26,1401/09/05,1401,9,5,cement,سیمان، آهک و گچ,70077233737515808,10418.5,10397.0,10416.1,TSETMC
2022-11-26,1401/09/05,1401,9,5,tile_ceramic,کاشی و سرامیک,57616105980228781,42854.3,42734.4,42734.4,TSETMC
2022-11-27,1401/09/06,1401,9,6,cement,سیمان، آهک و گچ,70077233737515808,10417.3,10388.5,10388.5,TSETMC
2022-11-27,1401/09/06,1401,9,6,tile_ceramic,کاشی و سرامیک,57616105980228781,42755.4,42606.6,42606.6,TSETMC
2022-11-28,1401/09/07,1401,9,7,cement,سیمان، آهک و گچ,70077233737515808,10387.3,10360.8,10360.8,TSETMC
2022-11-28,1401/09/07,1401,9,7,tile_ceramic,کاشی و سرامیک,57616105980228781,42628.0,42369.4,42413.0,TSETMC
2022-11-29,1401/09/08,1401,9,8,cement,سیمان، آهک و گچ,70077233737515808,10409.7,10349.2,10409.7,TSETMC
2022-11-29,1401/09/08,1401,9,8,tile_ceramic,کاشی و سرامیک,57616105980228781,42666.0,42420.6,42666.0,TSETMC
2022-11-30,1401/09/09,1401,9,9,cement,سیمان، آهک و گچ,70077233737515808,10472.4,10421.1,10472.4,TSETMC
2022-11-30,1401/09/09,1401,9,9,tile_ceramic,کاشی و سرامیک,57616105980228781,42688.8,42362.8,42362.8,TSETMC
2022-12-03,1401/09/12,1401,9,12,cement,سیمان، آهک و گچ,70077233737515808,10523.8,10485.5,10523.8,TSETMC
2022-12-03,1401/09/12,1401,9,12,tile_ceramic,کاشی و سرامیک,57616105980228781,42884.5,42293.4,42725.7,TSETMC
2022-12-04,1401/09/13,1401,9,13,cement,سیمان، آهک و گچ,70077233737515808,10539.5,10533.4,10533.4,TSETMC
2022-12-04,1401/09/13,1401,9,13,tile_ceramic,کاشی و سرامیک,57616105980228781,43624.2,42814.4,43624.2,TSETMC
2022-12-05,1401/09/14,1401,9,14,cement,سیمان، آهک و گچ,70077233737515808,10577.5,10541.8,10575.8,TSETMC
2022-12-05,1401/09/14,1401,9,14,tile_ceramic,کاشی و سرامیک,57616105980228781,44599.2,44114.1,44599.2,TSETMC
2022-12-06,1401/09/15,1401,9,15,cement,سیمان، آهک و گچ,70077233737515808,10586.6,10576.7,10577.6,TSETMC
2022-12-06,1401/09/15,1401,9,15,tile_ceramic,کاشی و سرامیک,57616105980228781,45613.5,45304.5,45562.8,TSETMC
2022-12-07,1401/09/16,1401,9,16,cement,سیمان، آهک و گچ,70077233737515808,10598.1,10587.7,10589.7,TSETMC
2022-12-07,1401/09/16,1401,9,16,tile_ceramic,کاشی و سرامیک,57616105980228781,46115.8,45555.3,45814.3,TSETMC
2022-12-10,1401/09/19,1401,9,19,cement,سیمان، آهک و گچ,70077233737515808,10591.3,10557.3,10561.5,TSETMC
2022-12-10,1401/09/19,1401,9,19,tile_ceramic,کاشی و سرامیک,57616105980228781,45801.1,44944.5,44953.3,TSETMC
2022-12-11,1401/09/20,1401,9,20,cement,سیمان، آهک و گچ,70077233737515808,10567.3,10541.8,10541.8,TSETMC
2022-12-11,1401/09/20,1401,9,20,tile_ceramic,کاشی و سرامیک,57616105980228781,45061.1,44850.8,45061.1,TSETMC
2022-12-12,1401/09/21,1401,9,21,cement,سیمان، آهک و گچ,70077233737515808,10637.8,10546.9,10634.3,TSETMC
2022-12-12,1401/09/21,1401,9,21,tile_ceramic,کاشی و سرامیک,57616105980228781,46171.8,45126.4,46160.7,TSETMC
2022-12-13,1401/09/22,1401,9,22,cement,سیمان، آهک و گچ,70077233737515808,10883.9,10649.1,10883.9,TSETMC
2022-12-13,1401/09/22,1401,9,22,tile_ceramic,کاشی و سرامیک,57616105980228781,47674.6,46707.8,47674.6,TSETMC
2022-12-14,1401/09/23,1401,9,23,cement,سیمان، آهک و گچ,70077233737515808,11052.7,10916.7,11052.7,TSETMC
2022-12-14,1401/09/23,1401,9,23,tile_ceramic,کاشی و سرامیک,57616105980228781,47891.5,47308.5,47308.6,TSETMC
2022-12-17,1401/09/26,1401,9,26,cement,سیمان، آهک و گچ,70077233737515808,11165.9,11064.8,11165.9,TSETMC
2022-12-17,1401/09/26,1401,9,26,tile_ceramic,کاشی و سرامیک,57616105980228781,48066.7,47351.0,48042.9,TSETMC
2022-12-18,1401/09/27,1401,9,27,cement,سیمان، آهک و گچ,70077233737515808,11394.5,11211.4,11394.5,TSETMC
2022-12-18,1401/09/27,1401,9,27,tile_ceramic,کاشی و سرامیک,57616105980228781,48926.8,48148.1,48582.8,TSETMC
2022-12-19,1401/09/28,1401,9,28,cement,سیمان، آهک و گچ,70077233737515808,11414.1,11352.5,11352.5,TSETMC
2022-12-19,1401/09/28,1401,9,28,tile_ceramic,کاشی و سرامیک,57616105980228781,49386.0,48856.4,48856.4,TSETMC
2022-12-20,1401/09/29,1401,9,29,cement,سیمان، آهک و گچ,70077233737515808,11369.5,11284.6,11284.6,TSETMC
2022-12-20,1401/09/29,1401,9,29,tile_ceramic,کاشی و سرامیک,57616105980228781,48851.4,47858.1,47996.0,TSETMC
2022-12-21,1401/09/30,1401,9,30,cement,سیمان، آهک و گچ,70077233737515808,11291.7,11286.0,11286.6,TSETMC
2022-12-21,1401/09/30,1401,9,30,tile_ceramic,کاشی و سرامیک,57616105980228781,48023.6,47679.4,47679.4,TSETMC
2022-12-24,1401/10/03,1401,10,3,cement,سیمان، آهک و گچ,70077233737515808,11545.0,11297.0,11545.0,TSETMC
2022-12-24,1401/10/03,1401,10,3,tile_ceramic,کاشی و سرامیک,57616105980228781,48159.9,47740.2,48159.9,TSETMC
2022-12-25,1401/10/04,1401,10,4,cement,سیمان، آهک و گچ,70077233737515808,11707.9,11592.2,11707.9,TSETMC
2022-12-25,1401/10/04,1401,10,4,tile_ceramic,کاشی و سرامیک,57616105980228781,48747.0,48309.1,48532.6,TSETMC
2022-12-26,1401/10/05,1401,10,5,cement,سیمان، آهک و گچ,70077233737515808,11812.7,11733.9,11812.7,TSETMC
2022-12-26,1401/10/05,1401,10,5,tile_ceramic,کاشی و سرامیک,57616105980228781,49128.8,48449.5,49128.8,TSETMC
2022-12-28,1401/10/07,1401,10,7,cement,سیمان، آهک و گچ,70077233737515808,12259.1,11870.1,12259.1,TSETMC
2022-12-28,1401/10/07,1401,10,7,tile_ceramic,کاشی و سرامیک,57616105980228781,50524.2,49533.5,50522.0,TSETMC
2022-12-31,1401/10/10,1401,10,10,cement,سیمان، آهک و گچ,70077233737515808,12186.3,11933.7,11933.7,TSETMC
2022-12-31,1401/10/10,1401,10,10,tile_ceramic,کاشی و سرامیک,57616105980228781,50029.7,48766.6,48826.5,TSETMC
2023-01-01,1401/10/11,1401,10,11,cement,سیمان، آهک و گچ,70077233737515808,11960.2,11766.1,11766.1,TSETMC
2023-01-01,1401/10/11,1401,10,11,tile_ceramic,کاشی و سرامیک,57616105980228781,49346.4,48325.6,48345.0,TSETMC
2023-01-02,1401/10/12,1401,10,12,cement,سیمان، آهک و گچ,70077233737515808,11999.8,11783.8,11999.8,TSETMC
2023-01-02,1401/10/12,1401,10,12,tile_ceramic,کاشی و سرامیک,57616105980228781,50032.4,48755.9,50032.4,TSETMC
2023-01-03,1401/10/13,1401,10,13,cement,سیمان، آهک و گچ,70077233737515808,12084.1,12023.3,12063.2,TSETMC
2023-01-03,1401/10/13,1401,10,13,tile_ceramic,کاشی و سرامیک,57616105980228781,51808.5,51115.3,51323.2,TSETMC
2023-01-04,1401/10/14,1401,10,14,cement,سیمان، آهک و گچ,70077233737515808,12057.5,12024.3,12055.3,TSETMC
2023-01-04,1401/10/14,1401,10,14,tile_ceramic,کاشی و سرامیک,57616105980228781,51445.3,50663.5,50818.0,TSETMC
2023-01-07,1401/10/17,1401,10,17,cement,سیمان، آهک و گچ,70077233737515808,12332.1,12108.5,12332.0,TSETMC
2023-01-07,1401/10/17,1401,10,17,tile_ceramic,کاشی و سرامیک,57616105980228781,52261.6,51343.0,52231.5,TSETMC
2023-01-08,1401/10/18,1401,10,18,cement,سیمان، آهک و گچ,70077233737515808,12639.7,12402.2,12639.7,TSETMC
2023-01-08,1401/10/18,1401,10,18,tile_ceramic,کاشی و سرامیک,57616105980228781,52859.2,52718.8,52790.1,TSETMC
2023-01-09,1401/10/19,1401,10,19,cement,سیمان، آهک و گچ,70077233737515808,12657.5,12620.1,12655.5,TSETMC
2023-01-09,1401/10/19,1401,10,19,tile_ceramic,کاشی و سرامیک,57616105980228781,53157.0,52718.6,53152.8,TSETMC
2023-01-10,1401/10/20,1401,10,20,cement,سیمان، آهک و گچ,70077233737515808,12741.9,12672.4,12720.5,TSETMC
2023-01-10,1401/10/20,1401,10,20,tile_ceramic,کاشی و سرامیک,57616105980228781,53663.1,53338.6,53338.6,TSETMC
2023-01-11,1401/10/21,1401,10,21,cement,سیمان، آهک و گچ,70077233737515808,12758.0,12697.9,12713.9,TSETMC
2023-01-11,1401/10/21,1401,10,21,tile_ceramic,کاشی و سرامیک,57616105980228781,53086.0,52512.2,52512.2,TSETMC
2023-01-14,1401/10/24,1401,10,24,cement,سیمان، آهک و گچ,70077233737515808,12660.9,12573.3,12584.1,TSETMC
2023-01-14,1401/10/24,1401,10,24,tile_ceramic,کاشی و سرامیک,57616105980228781,53388.2,51839.7,53388.2,TSETMC
2023-01-15,1401/10/25,1401,10,25,cement,سیمان، آهک و گچ,70077233737515808,12584.1,12584.1,12584.1,TSETMC
2023-01-15,1401/10/25,1401,10,25,tile_ceramic,کاشی و سرامیک,57616105980228781,53388.2,53388.2,53388.2,TSETMC
2023-01-16,1401/10/26,1401,10,26,cement,سیمان، آهک و گچ,70077233737515808,12896.7,12639.7,12896.7,TSETMC
2023-01-16,1401/10/26,1401,10,26,tile_ceramic,کاشی و سرامیک,57616105980228781,54956.3,53642.8,54956.3,TSETMC
2023-01-17,1401/10/27,1401,10,27,cement,سیمان، آهک و گچ,70077233737515808,12958.7,12892.5,12892.5,TSETMC
2023-01-17,1401/10/27,1401,10,27,tile_ceramic,کاشی و سرامیک,57616105980228781,55196.7,54934.4,54994.9,TSETMC
2023-01-18,1401/10/28,1401,10,28,cement,سیمان، آهک و گچ,70077233737515808,12968.5,12912.3,12961.7,TSETMC
2023-01-18,1401/10/28,1401,10,28,tile_ceramic,کاشی و سرامیک,57616105980228781,56044.2,55040.3,56044.2,TSETMC
2023-01-21,1401/11/01,1401,11,1,cement,سیمان، آهک و گچ,70077233737515808,13052.9,13003.4,13004.8,TSETMC
2023-01-21,1401/11/01,1401,11,1,tile_ceramic,کاشی و سرامیک,57616105980228781,56167.8,55584.8,55594.3,TSETMC
2023-01-22,1401/11/02,1401,11,2,cement,سیمان، آهک و گچ,70077233737515808,13169.0,13024.1,13168.9,TSETMC
2023-01-22,1401/11/02,1401,11,2,tile_ceramic,کاشی و سرامیک,57616105980228781,56297.6,55608.5,55836.8,TSETMC
2023-01-23,1401/11/03,1401,11,3,cement,سیمان، آهک و گچ,70077233737515808,13601.7,13334.5,13592.3,TSETMC
2023-01-23,1401/11/03,1401,11,3,tile_ceramic,کاشی و سرامیک,57616105980228781,56896.0,56219.9,56485.0,TSETMC
2023-01-24,1401/11/04,1401,11,4,cement,سیمان، آهک و گچ,70077233737515808,13616.3,13530.9,13530.9,TSETMC
2023-01-24,1401/11/04,1401,11,4,tile_ceramic,کاشی و سرامیک,57616105980228781,56928.4,56604.7,56642.0,TSETMC
2023-01-25,1401/11/05,1401,11,5,cement,سیمان، آهک و گچ,70077233737515808,13556.9,13200.0,13205.6,TSETMC
2023-01-25,1401/11/05,1401,11,5,tile_ceramic,کاشی و سرامیک,57616105980228781,56718.2,54872.0,54872.0,TSETMC
2023-01-28,1401/11/08,1401,11,8,cement,سیمان، آهک و گچ,70077233737515808,13222.6,13009.3,13009.3,TSETMC
2023-01-28,1401/11/08,1401,11,8,tile_ceramic,کاشی و سرامیک,57616105980228781,54974.6,53491.1,53693.6,TSETMC
2023-01-29,1401/11/09,1401,11,9,cement,سیمان، آهک و گچ,70077233737515808,13003.0,12443.3,12448.8,TSETMC
2023-01-29,1401/11/09,1401,11,9,tile_ceramic,کاشی و سرامیک,57616105980228781,52959.2,50844.6,50910.5,TSETMC
2023-01-30,1401/11/10,1401,11,10,cement,سیمان، آهک و گچ,70077233737515808,12501.2,12402.0,12471.2,TSETMC
2023-01-30,1401/11/10,1401,11,10,tile_ceramic,کاشی و سرامیک,57616105980228781,51086.6,50325.8,51086.6,TSETMC
2023-01-31,1401/11/11,1401,11,11,cement,سیمان، آهک و گچ,70077233737515808,12641.2,12531.0,12638.9,TSETMC
2023-01-31,1401/11/11,1401,11,11,tile_ceramic,کاشی و سرامیک,57616105980228781,51923.8,51187.2,51923.8,TSETMC
2023-02-01,1401/11/12,1401,11,12,cement,سیمان، آهک و گچ,70077233737515808,12672.4,12643.6,12643.6,TSETMC
2023-02-01,1401/11/12,1401,11,12,tile_ceramic,کاشی و سرامیک,57616105980228781,52703.3,52122.8,52703.3,TSETMC
2023-02-05,1401/11/16,1401,11,16,cement,سیمان، آهک و گچ,70077233737515808,12670.2,12514.4,12514.4,TSETMC
2023-02-05,1401/11/16,1401,11,16,tile_ceramic,کاشی و سرامیک,57616105980228781,52781.1,52328.9,52328.9,TSETMC
2023-02-06,1401/11/17,1401,11,17,cement,سیمان، آهک و گچ,70077233737515808,12531.7,12503.4,12517.5,TSETMC
2023-02-06,1401/11/17,1401,11,17,tile_ceramic,کاشی و سرامیک,57616105980228781,52296.4,52170.8,52271.5,TSETMC
2023-02-07,1401/11/18,1401,11,18,cement,سیمان، آهک و گچ,70077233737515808,12624.6,12544.6,12624.6,TSETMC
2023-02-07,1401/11/18,1401,11,18,tile_ceramic,کاشی و سرامیک,57616105980228781,53286.5,52303.5,53175.2,TSETMC
2023-02-08,1401/11/19,1401,11,19,cement,سیمان، آهک و گچ,70077233737515808,12661.9,12645.2,12645.2,TSETMC
2023-02-08,1401/11/19,1401,11,19,tile_ceramic,کاشی و سرامیک,57616105980228781,53330.8,53249.7,53268.6,TSETMC
2023-02-12,1401/11/23,1401,11,23,cement,سیمان، آهک و گچ,70077233737515808,12650.8,12636.8,12650.8,TSETMC
2023-02-12,1401/11/23,1401,11,23,tile_ceramic,کاشی و سرامیک,57616105980228781,53245.7,52779.6,52805.7,TSETMC
2023-02-13,1401/11/24,1401,11,24,cement,سیمان، آهک و گچ,70077233737515808,12683.5,12650.8,12672.8,TSETMC
2023-02-13,1401/11/24,1401,11,24,tile_ceramic,کاشی و سرامیک,57616105980228781,53085.7,52844.8,53085.7,TSETMC
2023-02-14,1401/11/25,1401,11,25,cement,سیمان، آهک و گچ,70077233737515808,12677.5,12615.0,12615.0,TSETMC
2023-02-14,1401/11/25,1401,11,25,tile_ceramic,کاشی و سرامیک,57616105980228781,53093.6,52738.7,52738.7,TSETMC
2023-02-15,1401/11/26,1401,11,26,cement,سیمان، آهک و گچ,70077233737515808,12622.3,12569.4,12569.4,TSETMC
2023-02-15,1401/11/26,1401,11,26,tile_ceramic,کاشی و سرامیک,57616105980228781,52788.6,52687.0,52761.8,TSETMC
2023-02-19,1401/11/30,1401,11,30,cement,سیمان، آهک و گچ,70077233737515808,12617.0,12588.1,12600.4,TSETMC
2023-02-19,1401/11/30,1401,11,30,tile_ceramic,کاشی و سرامیک,57616105980228781,53431.1,52787.8,53419.0,TSETMC
2023-02-20,1401/12/01,1401,12,1,cement,سیمان، آهک و گچ,70077233737515808,13055.2,12641.2,13055.2,TSETMC
2023-02-20,1401/12/01,1401,12,1,tile_ceramic,کاشی و سرامیک,57616105980228781,56264.3,53580.1,56264.3,TSETMC
2023-02-21,1401/12/02,1401,12,2,cement,سیمان، آهک و گچ,70077233737515808,13563.3,13241.3,13557.2,TSETMC
2023-02-21,1401/12/02,1401,12,2,tile_ceramic,کاشی و سرامیک,57616105980228781,58558.7,56475.7,58175.1,TSETMC
2023-02-22,1401/12/03,1401,12,3,cement,سیمان، آهک و گچ,70077233737515808,13587.8,13483.6,13507.5,TSETMC
2023-02-22,1401/12/03,1401,12,3,tile_ceramic,کاشی و سرامیک,57616105980228781,58100.5,57334.9,57861.8,TSETMC
2023-02-25,1401/12/06,1401,12,6,cement,سیمان، آهک و گچ,70077233737515808,14242.1,13798.0,14242.1,TSETMC
2023-02-25,1401/12/06,1401,12,6,tile_ceramic,کاشی و سرامیک,57616105980228781,61292.1,59311.3,61243.5,TSETMC
2023-02-26,1401/12/07,1401,12,7,cement,سیمان، آهک و گچ,70077233737515808,14868.0,14695.5,14783.0,TSETMC
2023-02-26,1401/12/07,1401,12,7,tile_ceramic,کاشی و سرامیک,57616105980228781,63229.0,61946.6,62099.6,TSETMC
2023-02-27,1401/12/08,1401,12,8,cement,سیمان، آهک و گچ,70077233737515808,14757.0,14692.0,14756.0,TSETMC
2023-02-27,1401/12/08,1401,12,8,tile_ceramic,کاشی و سرامیک,57616105980228781,61863.0,60802.4,61103.3,TSETMC
2023-02-28,1401/12/09,1401,12,9,cement,سیمان، آهک و گچ,70077233737515808,14813.9,14722.1,14813.9,TSETMC
2023-02-28,1401/12/09,1401,12,9,tile_ceramic,کاشی و سرامیک,57616105980228781,61857.6,61091.7,61823.2,TSETMC
2023-03-01,1401/12/10,1401,12,10,cement,سیمان، آهک و گچ,70077233737515808,14812.1,14765.5,14765.5,TSETMC
2023-03-01,1401/12/10,1401,12,10,tile_ceramic,کاشی و سرامیک,57616105980228781,61899.2,61014.4,61665.0,TSETMC
2023-03-04,1401/12/13,1401,12,13,cement,سیمان، آهک و گچ,70077233737515808,14799.5,14662.0,14662.1,TSETMC
2023-03-04,1401/12/13,1401,12,13,tile_ceramic,کاشی و سرامیک,57616105980228781,62365.5,61407.3,61510.1,TSETMC
2023-03-05,1401/12/14,1401,12,14,cement,سیمان، آهک و گچ,70077233737515808,14821.7,14707.6,14821.7,TSETMC
2023-03-05,1401/12/14,1401,12,14,tile_ceramic,کاشی و سرامیک,57616105980228781,61819.6,61524.3,61713.0,TSETMC
2023-03-06,1401/12/15,1401,12,15,cement,سیمان، آهک و گچ,70077233737515808,15482.9,14958.6,15432.5,TSETMC
2023-03-06,1401/12/15,1401,12,15,tile_ceramic,کاشی و سرامیک,57616105980228781,61653.4,61447.7,61580.1,TSETMC
2023-03-07,1401/12/16,1401,12,16,cement,سیمان، آهک و گچ,70077233737515808,15810.2,15574.4,15810.2,TSETMC
2023-03-07,1401/12/16,1401,12,16,tile_ceramic,کاشی و سرامیک,57616105980228781,61958.2,61225.3,61958.2,TSETMC
2023-03-11,1401/12/20,1401,12,20,cement,سیمان، آهک و گچ,70077233737515808,16074.0,15926.0,16026.6,TSETMC
2023-03-11,1401/12/20,1401,12,20,tile_ceramic,کاشی و سرامیک,57616105980228781,62481.0,61819.8,61819.8,TSETMC
2023-03-12,1401/12/21,1401,12,21,cement,سیمان، آهک و گچ,70077233737515808,15954.0,15731.3,15731.3,TSETMC
2023-03-12,1401/12/21,1401,12,21,tile_ceramic,کاشی و سرامیک,57616105980228781,61604.9,60065.0,60065.0,TSETMC
2023-03-13,1401/12/22,1401,12,22,cement,سیمان، آهک و گچ,70077233737515808,15726.2,15681.8,15681.8,TSETMC
2023-03-13,1401/12/22,1401,12,22,tile_ceramic,کاشی و سرامیک,57616105980228781,60166.0,59345.7,59345.7,TSETMC
2023-03-14,1401/12/23,1401,12,23,cement,سیمان، آهک و گچ,70077233737515808,15854.2,15663.7,15854.2,TSETMC
2023-03-14,1401/12/23,1401,12,23,tile_ceramic,کاشی و سرامیک,57616105980228781,59332.1,59184.6,59187.2,TSETMC
2023-03-15,1401/12/24,1401,12,24,cement,سیمان، آهک و گچ,70077233737515808,16534.7,15947.3,16534.7,TSETMC
2023-03-15,1401/12/24,1401,12,24,tile_ceramic,کاشی و سرامیک,57616105980228781,61731.6,59487.4,61731.6,TSETMC
2023-03-18,1401/12/27,1401,12,27,cement,سیمان، آهک و گچ,70077233737515808,17385.4,16866.9,17368.2,TSETMC
2023-03-18,1401/12/27,1401,12,27,tile_ceramic,کاشی و سرامیک,57616105980228781,65352.5,63296.6,65352.5,TSETMC
2023-03-19,1401/12/28,1401,12,28,cement,سیمان، آهک و گچ,70077233737515808,17773.4,17660.4,17767.4,TSETMC
2023-03-19,1401/12/28,1401,12,28,tile_ceramic,کاشی و سرامیک,57616105980228781,66665.2,65539.5,66540.8,TSETMC
2023-03-25,1402/01/05,1402,1,5,cement,سیمان، آهک و گچ,70077233737515808,17766.7,17664.4,17713.8,TSETMC
2023-03-25,1402/01/05,1402,1,5,tile_ceramic,کاشی و سرامیک,57616105980228781,66810.7,66293.2,66293.2,TSETMC
2023-03-26,1402/01/06,1402,1,6,cement,سیمان، آهک و گچ,70077233737515808,17764.3,17513.3,17513.3,TSETMC
2023-03-26,1402/01/06,1402,1,6,tile_ceramic,کاشی و سرامیک,57616105980228781,66140.4,63554.7,63554.7,TSETMC
2023-03-27,1402/01/07,1402,1,7,cement,سیمان، آهک و گچ,70077233737515808,17546.7,17491.5,17546.7,TSETMC
2023-03-27,1402/01/07,1402,1,7,tile_ceramic,کاشی و سرامیک,57616105980228781,63797.8,63540.9,63797.8,TSETMC
2023-03-28,1402/01/08,1402,1,8,cement,سیمان، آهک و گچ,70077233737515808,17784.2,17661.5,17784.2,TSETMC
2023-03-28,1402/01/08,1402,1,8,tile_ceramic,کاشی و سرامیک,57616105980228781,64475.0,64080.1,64474.3,TSETMC
2023-03-29,1402/01/09,1402,1,9,cement,سیمان، آهک و گچ,70077233737515808,18027.5,17890.8,18027.5,TSETMC
2023-03-29,1402/01/09,1402,1,9,tile_ceramic,کاشی و سرامیک,57616105980228781,65875.5,64914.5,65875.5,TSETMC
2023-04-03,1402/01/14,1402,1,14,cement,سیمان، آهک و گچ,70077233737515808,18195.2,18053.5,18195.2,TSETMC
2023-04-03,1402/01/14,1402,1,14,tile_ceramic,کاشی و سرامیک,57616105980228781,66750.2,66250.4,66750.2,TSETMC
2023-04-04,1402/01/15,1402,1,15,cement,سیمان، آهک و گچ,70077233737515808,18476.4,18298.7,18327.6,TSETMC
2023-04-04,1402/01/15,1402,1,15,tile_ceramic,کاشی و سرامیک,57616105980228781,68358.6,67580.7,67772.6,TSETMC
2023-04-05,1402/01/16,1402,1,16,cement,سیمان، آهک و گچ,70077233737515808,18768.4,18359.3,18768.4,TSETMC
2023-04-05,1402/01/16,1402,1,16,tile_ceramic,کاشی و سرامیک,57616105980228781,69746.4,67524.7,69746.4,TSETMC
2023-04-08,1402/01/19,1402,1,19,cement,سیمان، آهک و گچ,70077233737515808,19574.7,18978.5,19574.5,TSETMC
2023-04-08,1402/01/19,1402,1,19,tile_ceramic,کاشی و سرامیک,57616105980228781,73982.1,73080.7,73967.1,TSETMC
2023-04-09,1402/01/20,1402,1,20,cement,سیمان، آهک و گچ,70077233737515808,19907.4,19683.7,19907.4,TSETMC
2023-04-09,1402/01/20,1402,1,20,tile_ceramic,کاشی و سرامیک,57616105980228781,75522.5,74572.6,75522.5,TSETMC
2023-04-10,1402/01/21,1402,1,21,cement,سیمان، آهک و گچ,70077233737515808,20132.3,19809.1,19809.1,TSETMC
2023-04-10,1402/01/21,1402,1,21,tile_ceramic,کاشی و سرامیک,57616105980228781,77289.0,74303.7,74303.7,TSETMC
2023-04-11,1402/01/22,1402,1,22,cement,سیمان، آهک و گچ,70077233737515808,20000.6,19902.9,20000.6,TSETMC
2023-04-11,1402/01/22,1402,1,22,tile_ceramic,کاشی و سرامیک,57616105980228781,73854.3,72986.4,73130.9,TSETMC
2023-04-15,1402/01/26,1402,1,26,cement,سیمان، آهک و گچ,70077233737515808,20935.1,20355.5,20935.1,TSETMC
2023-04-15,1402/01/26,1402,1,26,tile_ceramic,کاشی و سرامیک,57616105980228781,75414.6,74388.0,75014.0,TSETMC
2023-04-16,1402/01/27,1402,1,27,cement,سیمان، آهک و گچ,70077233737515808,21464.8,21220.9,21421.5,TSETMC
2023-04-16,1402/01/27,1402,1,27,tile_ceramic,کاشی و سرامیک,57616105980228781,76065.1,74956.5,76065.1,TSETMC
2023-04-17,1402/01/28,1402,1,28,cement,سیمان، آهک و گچ,70077233737515808,21774.5,21613.7,21774.5,TSETMC
2023-04-17,1402/01/28,1402,1,28,tile_ceramic,کاشی و سرامیک,57616105980228781,76831.4,75796.6,76493.9,TSETMC
2023-04-18,1402/01/29,1402,1,29,cement,سیمان، آهک و گچ,70077233737515808,22344.9,21993.9,22245.3,TSETMC
2023-04-18,1402/01/29,1402,1,29,tile_ceramic,کاشی و سرامیک,57616105980228781,77964.1,76947.6,77848.0,TSETMC
2023-04-19,1402/01/30,1402,1,30,cement,سیمان، آهک و گچ,70077233737515808,22239.5,22186.6,22216.9,TSETMC
2023-04-19,1402/01/30,1402,1,30,tile_ceramic,کاشی و سرامیک,57616105980228781,78434.5,78132.0,78132.0,TSETMC
2023-04-24,1402/02/04,1402,2,4,cement,سیمان، آهک و گچ,70077233737515808,22498.4,22435.8,22435.8,TSETMC
2023-04-24,1402/02/04,1402,2,4,tile_ceramic,کاشی و سرامیک,57616105980228781,78412.2,78031.2,78368.9,TSETMC
2023-04-25,1402/02/05,1402,2,5,cement,سیمان، آهک و گچ,70077233737515808,22643.4,22501.6,22505.5,TSETMC
2023-04-25,1402/02/05,1402,2,5,tile_ceramic,کاشی و سرامیک,57616105980228781,81519.9,80175.3,81224.6,TSETMC
2023-04-26,1402/02/06,1402,2,6,cement,سیمان، آهک و گچ,70077233737515808,22521.3,22402.0,22402.0,TSETMC
2023-04-26,1402/02/06,1402,2,6,tile_ceramic,کاشی و سرامیک,57616105980228781,82518.6,81193.0,82518.6,TSETMC
2023-04-29,1402/02/09,1402,2,9,cement,سیمان، آهک و گچ,70077233737515808,22591.0,22441.3,22588.2,TSETMC
2023-04-29,1402/02/09,1402,2,9,tile_ceramic,کاشی و سرامیک,57616105980228781,84653.3,84327.8,84401.6,TSETMC
2023-04-30,1402/02/10,1402,2,10,cement,سیمان، آهک و گچ,70077233737515808,22700.1,22653.6,22697.6,TSETMC
2023-04-30,1402/02/10,1402,2,10,tile_ceramic,کاشی و سرامیک,57616105980228781,86783.0,84902.6,86783.0,TSETMC
2023-05-01,1402/02/11,1402,2,11,cement,سیمان، آهک و گچ,70077233737515808,22758.3,22672.5,22679.3,TSETMC
2023-05-01,1402/02/11,1402,2,11,tile_ceramic,کاشی و سرامیک,57616105980228781,87658.4,87163.7,87173.1,TSETMC
2023-05-02,1402/02/12,1402,2,12,cement,سیمان، آهک و گچ,70077233737515808,22923.1,22760.2,22869.5,TSETMC
2023-05-02,1402/02/12,1402,2,12,tile_ceramic,کاشی و سرامیک,57616105980228781,89836.2,87429.9,89836.2,TSETMC
2023-05-03,1402/02/13,1402,2,13,cement,سیمان، آهک و گچ,70077233737515808,22970.7,22895.0,22895.0,TSETMC
2023-05-03,1402/02/13,1402,2,13,tile_ceramic,کاشی و سرامیک,57616105980228781,94156.9,91871.7,94148.8,TSETMC
2023-05-06,1402/02/16,1402,2,16,cement,سیمان، آهک و گچ,70077233737515808,23192.0,23064.8,23149.6,TSETMC
2023-05-06,1402/02/16,1402,2,16,tile_ceramic,کاشی و سرامیک,57616105980228781,96353.9,95043.0,95043.0,TSETMC
2023-05-07,1402/02/17,1402,2,17,cement,سیمان، آهک و گچ,70077233737515808,23014.7,22069.2,22069.2,TSETMC
2023-05-07,1402/02/17,1402,2,17,tile_ceramic,کاشی و سرامیک,57616105980228781,92736.6,89726.8,89726.8,TSETMC
2023-05-08,1402/02/18,1402,2,18,cement,سیمان، آهک و گچ,70077233737515808,21326.0,20835.7,20837.9,TSETMC
2023-05-08,1402/02/18,1402,2,18,tile_ceramic,کاشی و سرامیک,57616105980228781,86467.2,85258.3,85258.3,TSETMC
2023-05-09,1402/02/19,1402,2,19,cement,سیمان، آهک و گچ,70077233737515808,20368.6,20143.8,20368.6,TSETMC
2023-05-09,1402/02/19,1402,2,19,tile_ceramic,کاشی و سرامیک,57616105980228781,81736.9,80783.3,81736.9,TSETMC
2023-05-10,1402/02/20,1402,2,20,cement,سیمان، آهک و گچ,70077233737515808,20520.9,20037.2,20037.2,TSETMC
2023-05-10,1402/02/20,1402,2,20,tile_ceramic,کاشی و سرامیک,57616105980228781,83159.9,79383.2,79383.2,TSETMC
2023-05-13,1402/02/23,1402,2,23,cement,سیمان، آهک و گچ,70077233737515808,19866.0,19324.9,19344.0,TSETMC
2023-05-13,1402/02/23,1402,2,23,tile_ceramic,کاشی و سرامیک,57616105980228781,78935.9,74928.2,75016.5,TSETMC
2023-05-14,1402/02/24,1402,2,24,cement,سیمان، آهک و گچ,70077233737515808,20115.0,19531.9,20115.0,TSETMC
2023-05-14,1402/02/24,1402,2,24,tile_ceramic,کاشی و سرامیک,57616105980228781,78501.9,75932.7,78501.9,TSETMC
2023-05-15,1402/02/25,1402,2,25,cement,سیمان، آهک و گچ,70077233737515808,20558.4,20244.4,20558.4,TSETMC
2023-05-15,1402/02/25,1402,2,25,tile_ceramic,کاشی و سرامیک,57616105980228781,80496.9,79600.4,79600.4,TSETMC
2023-05-17,1402/02/27,1402,2,27,cement,سیمان، آهک و گچ,70077233737515808,20836.9,20674.5,20836.9,TSETMC
2023-05-17,1402/02/27,1402,2,27,tile_ceramic,کاشی و سرامیک,57616105980228781,80868.9,79722.7,80868.9,TSETMC
2023-05-20,1402/02/30,1402,2,30,cement,سیمان، آهک و گچ,70077233737515808,20878.1,20734.8,20734.8,TSETMC
2023-05-20,1402/02/30,1402,2,30,tile_ceramic,کاشی و سرامیک,57616105980228781,81824.6,80804.1,80804.1,TSETMC
2023-05-21,1402/02/31,1402,2,31,cement,سیمان، آهک و گچ,70077233737515808,21213.9,20759.0,21213.8,TSETMC
2023-05-21,1402/02/31,1402,2,31,tile_ceramic,کاشی و سرامیک,57616105980228781,81263.0,80520.6,81263.0,TSETMC
2023-05-22,1402/03/01,1402,3,1,cement,سیمان، آهک و گچ,70077233737515808,21974.9,21397.6,21960.0,TSETMC
2023-05-22,1402/03/01,1402,3,1,tile_ceramic,کاشی و سرامیک,57616105980228781,84111.7,82165.7,83943.7,TSETMC
2023-05-23,1402/03/02,1402,3,2,cement,سیمان، آهک و گچ,70077233737515808,22802.9,22247.3,22798.8,TSETMC
2023-05-23,1402/03/02,1402,3,2,tile_ceramic,کاشی و سرامیک,57616105980228781,84967.1,84246.5,84773.2,TSETMC
2023-05-24,1402/03/03,1402,3,3,cement,سیمان، آهک و گچ,70077233737515808,22841.9,22735.7,22781.6,TSETMC
2023-05-24,1402/03/03,1402,3,3,tile_ceramic,کاشی و سرامیک,57616105980228781,85651.2,84810.7,85073.9,TSETMC
2023-05-27,1402/03/06,1402,3,6,cement,سیمان، آهک و گچ,70077233737515808,22859.8,22732.5,22732.7,TSETMC
2023-05-27,1402/03/06,1402,3,6,tile_ceramic,کاشی و سرامیک,57616105980228781,84551.1,83074.5,83074.5,TSETMC
2023-05-28,1402/03/07,1402,3,7,cement,سیمان، آهک و گچ,70077233737515808,22699.5,22036.0,22128.1,TSETMC
2023-05-28,1402/03/07,1402,3,7,tile_ceramic,کاشی و سرامیک,57616105980228781,82507.0,78996.2,79184.7,TSETMC
2023-05-29,1402/03/08,1402,3,8,cement,سیمان، آهک و گچ,70077233737515808,22586.3,22265.2,22586.3,TSETMC
2023-05-29,1402/03/08,1402,3,8,tile_ceramic,کاشی و سرامیک,57616105980228781,81192.5,79754.3,81118.2,TSETMC
2023-05-30,1402/03/09,1402,3,9,cement,سیمان، آهک و گچ,70077233737515808,23115.5,22640.0,23109.7,TSETMC
2023-05-30,1402/03/09,1402,3,9,tile_ceramic,کاشی و سرامیک,57616105980228781,81451.7,81097.4,81192.6,TSETMC
2023-05-31,1402/03/10,1402,3,10,cement,سیمان، آهک و گچ,70077233737515808,23116.7,23032.0,23059.5,TSETMC
2023-05-31,1402/03/10,1402,3,10,tile_ceramic,کاشی و سرامیک,57616105980228781,81111.4,78988.7,78988.7,TSETMC
2023-06-03,1402/03/13,1402,3,13,cement,سیمان، آهک و گچ,70077233737515808,23059.5,23011.4,23011.4,TSETMC
2023-06-03,1402/03/13,1402,3,13,tile_ceramic,کاشی و سرامیک,57616105980228781,78983.4,78732.1,78919.6,TSETMC
2023-06-06,1402/03/16,1402,3,16,cement,سیمان، آهک و گچ,70077233737515808,22973.1,22894.7,22894.7,TSETMC
2023-06-06,1402/03/16,1402,3,16,tile_ceramic,کاشی و سرامیک,57616105980228781,79185.8,78878.2,78878.2,TSETMC
2023-06-07,1402/03/17,1402,3,17,cement,سیمان، آهک و گچ,70077233737515808,22890.3,22622.8,22622.8,TSETMC
2023-06-07,1402/03/17,1402,3,17,tile_ceramic,کاشی و سرامیک,57616105980228781,79109.2,78879.8,78933.4,TSETMC
2023-06-10,1402/03/20,1402,3,20,cement,سیمان، آهک و گچ,70077233737515808,22398.4,21857.3,21857.4,TSETMC
2023-06-10,1402/03/20,1402,3,20,tile_ceramic,کاشی و سرامیک,57616105980228781,78646.9,76021.5,76021.5,TSETMC
2023-06-11,1402/03/21,1402,3,21,cement,سیمان، آهک و گچ,70077233737515808,21949.4,21905.2,21915.9,TSETMC
2023-06-11,1402/03/21,1402,3,21,tile_ceramic,کاشی و سرامیک,57616105980228781,76455.5,75227.9,75227.9,TSETMC
2023-06-12,1402/03/22,1402,3,22,cement,سیمان، آهک و گچ,70077233737515808,21917.9,21539.6,21539.6,TSETMC
2023-06-12,1402/03/22,1402,3,22,tile_ceramic,کاشی و سرامیک,57616105980228781,75029.6,71596.0,71596.0,TSETMC
2023-06-13,1402/03/23,1402,3,23,cement,سیمان، آهک و گچ,70077233737515808,21770.9,21625.8,21770.9,TSETMC
2023-06-13,1402/03/23,1402,3,23,tile_ceramic,کاشی و سرامیک,57616105980228781,71613.9,70897.6,71613.9,TSETMC
2023-06-14,1402/03/24,1402,3,24,cement,سیمان، آهک و گچ,70077233737515808,22391.9,21945.6,22391.3,TSETMC
2023-06-14,1402/03/24,1402,3,24,tile_ceramic,کاشی و سرامیک,57616105980228781,72845.8,71604.9,72845.8,TSETMC
2023-06-17,1402/03/27,1402,3,27,cement,سیمان، آهک و گچ,70077233737515808,22757.5,22556.4,22757.4,TSETMC
2023-06-17,1402/03/27,1402,3,27,tile_ceramic,کاشی و سرامیک,57616105980228781,72867.4,72258.8,72258.8,TSETMC
2023-06-18,1402/03/28,1402,3,28,cement,سیمان، آهک و گچ,70077233737515808,22716.1,22561.2,22561.3,TSETMC
2023-06-18,1402/03/28,1402,3,28,tile_ceramic,کاشی و سرامیک,57616105980228781,71946.8,71204.8,71281.1,TSETMC
2023-06-19,1402/03/29,1402,3,29,cement,سیمان، آهک و گچ,70077233737515808,22686.8,22520.3,22684.8,TSETMC
2023-06-19,1402/03/29,1402,3,29,tile_ceramic,کاشی و سرامیک,57616105980228781,72327.6,71402.3,71868.4,TSETMC
2023-06-20,1402/03/30,1402,3,30,cement,سیمان، آهک و گچ,70077233737515808,22730.0,22625.0,22730.0,TSETMC
2023-06-20,1402/03/30,1402,3,30,tile_ceramic,کاشی و سرامیک,57616105980228781,72200.6,72026.2,72087.1,TSETMC
2023-06-21,1402/03/31,1402,3,31,cement,سیمان، آهک و گچ,70077233737515808,23353.3,22953.5,23353.2,TSETMC
2023-06-21,1402/03/31,1402,3,31,tile_ceramic,کاشی و سرامیک,57616105980228781,72375.4,72117.3,72117.3,TSETMC
2023-06-24,1402/04/03,1402,4,3,cement,سیمان، آهک و گچ,70077233737515808,23536.3,23433.5,23535.0,TSETMC
2023-06-24,1402/04/03,1402,4,3,tile_ceramic,کاشی و سرامیک,57616105980228781,72081.8,71660.2,71660.2,TSETMC
2023-06-25,1402/04/04,1402,4,4,cement,سیمان، آهک و گچ,70077233737515808,23624.2,23584.9,23622.7,TSETMC
2023-06-25,1402/04/04,1402,4,4,tile_ceramic,کاشی و سرامیک,57616105980228781,72942.5,71444.5,72942.5,TSETMC
2023-06-26,1402/04/05,1402,4,5,cement,سیمان، آهک و گچ,70077233737515808,23648.6,23626.3,23626.3,TSETMC
2023-06-26,1402/04/05,1402,4,5,tile_ceramic,کاشی و سرامیک,57616105980228781,74161.0,73902.8,73937.2,TSETMC
2023-06-27,1402/04/06,1402,4,6,cement,سیمان، آهک و گچ,70077233737515808,23521.9,23405.3,23405.3,TSETMC
2023-06-27,1402/04/06,1402,4,6,tile_ceramic,کاشی و سرامیک,57616105980228781,73941.3,72554.8,72554.8,TSETMC
2023-06-28,1402/04/07,1402,4,7,cement,سیمان، آهک و گچ,70077233737515808,23400.9,23289.8,23400.9,TSETMC
2023-06-28,1402/04/07,1402,4,7,tile_ceramic,کاشی و سرامیک,57616105980228781,72975.8,72459.2,72963.9,TSETMC
2023-07-01,1402/04/10,1402,4,10,cement,سیمان، آهک و گچ,70077233737515808,23576.8,23455.5,23525.0,TSETMC
2023-07-01,1402/04/10,1402,4,10,tile_ceramic,کاشی و سرامیک,57616105980228781,73691.9,73329.1,73329.1,TSETMC
2023-07-02,1402/04/11,1402,4,11,cement,سیمان، آهک و گچ,70077233737515808,23689.4,23597.9,23689.4,TSETMC
2023-07-02,1402/04/11,1402,4,11,tile_ceramic,کاشی و سرامیک,57616105980228781,73518.0,72884.5,73518.0,TSETMC
2023-07-03,1402/04/12,1402,4,12,cement,سیمان، آهک و گچ,70077233737515808,23814.9,23756.9,23814.9,TSETMC
2023-07-03,1402/04/12,1402,4,12,tile_ceramic,کاشی و سرامیک,57616105980228781,75473.1,74038.4,75473.1,TSETMC
2023-07-04,1402/04/13,1402,4,13,cement,سیمان، آهک و گچ,70077233737515808,23943.1,23849.1,23943.1,TSETMC
2023-07-04,1402/04/13,1402,4,13,tile_ceramic,کاشی و سرامیک,57616105980228781,78198.5,75847.7,78145.8,TSETMC
2023-07-05,1402/04/14,1402,4,14,cement,سیمان، آهک و گچ,70077233737515808,23974.5,23904.9,23974.5,TSETMC
2023-07-05,1402/04/14,1402,4,14,tile_ceramic,کاشی و سرامیک,57616105980228781,78067.6,77797.3,77797.3,TSETMC
2023-07-08,1402/04/17,1402,4,17,cement,سیمان، آهک و گچ,70077233737515808,24367.9,23953.7,24367.9,TSETMC
2023-07-08,1402/04/17,1402,4,17,tile_ceramic,کاشی و سرامیک,57616105980228781,78284.8,77607.1,77607.1,TSETMC
2023-07-09,1402/04/18,1402,4,18,cement,سیمان، آهک و گچ,70077233737515808,24414.3,24321.7,24321.7,TSETMC
2023-07-09,1402/04/18,1402,4,18,tile_ceramic,کاشی و سرامیک,57616105980228781,77294.4,75987.7,75987.7,TSETMC
2023-07-10,1402/04/19,1402,4,19,cement,سیمان، آهک و گچ,70077233737515808,24349.5,24214.3,24214.3,TSETMC
2023-07-10,1402/04/19,1402,4,19,tile_ceramic,کاشی و سرامیک,57616105980228781,75797.0,74541.5,74541.5,TSETMC
2023-07-11,1402/04/20,1402,4,20,cement,سیمان، آهک و گچ,70077233737515808,24175.0,23688.7,23688.7,TSETMC
2023-07-11,1402/04/20,1402,4,20,tile_ceramic,کاشی و سرامیک,57616105980228781,74589.7,73024.8,73024.8,TSETMC
2023-07-12,1402/04/21,1402,4,21,cement,سیمان، آهک و گچ,70077233737515808,23564.7,22679.8,22679.8,TSETMC
2023-07-12,1402/04/21,1402,4,21,tile_ceramic,کاشی و سرامیک,57616105980228781,72931.4,71005.8,71055.7,TSETMC
2023-07-15,1402/04/24,1402,4,24,cement,سیمان، آهک و گچ,70077233737515808,22753.8,22633.7,22633.7,TSETMC
2023-07-15,1402/04/24,1402,4,24,tile_ceramic,کاشی و سرامیک,57616105980228781,72516.3,71337.0,72438.4,TSETMC
2023-07-16,1402/04/25,1402,4,25,cement,سیمان، آهک و گچ,70077233737515808,22565.3,21813.3,21813.3,TSETMC
2023-07-16,1402/04/25,1402,4,25,tile_ceramic,کاشی و سرامیک,57616105980228781,72365.3,69295.4,69295.4,TSETMC
2023-07-17,1402/04/26,1402,4,26,cement,سیمان، آهک و گچ,70077233737515808,21765.1,21327.5,21327.5,TSETMC
2023-07-17,1402/04/26,1402,4,26,tile_ceramic,کاشی و سرامیک,57616105980228781,68975.8,67411.3,67698.0,TSETMC
2023-07-18,1402/04/27,1402,4,27,cement,سیمان، آهک و گچ,70077233737515808,21983.9,21391.9,21983.9,TSETMC
2023-07-18,1402/04/27,1402,4,27,tile_ceramic,کاشی و سرامیک,57616105980228781,68670.6,67778.2,68575.9,TSETMC
2023-07-19,1402/04/28,1402,4,28,cement,سیمان، آهک و گچ,70077233737515808,22530.8,22068.8,22429.1,TSETMC
2023-07-19,1402/04/28,1402,4,28,tile_ceramic,کاشی و سرامیک,57616105980228781,69423.7,68590.8,69251.9,TSETMC
2023-07-22,1402/04/31,1402,4,31,cement,سیمان، آهک و گچ,70077233737515808,22379.3,22076.5,22077.1,TSETMC
2023-07-22,1402/04/31,1402,4,31,tile_ceramic,کاشی و سرامیک,57616105980228781,69158.6,68683.3,68845.7,TSETMC
2023-07-23,1402/05/01,1402,5,1,cement,سیمان، آهک و گچ,70077233737515808,22135.9,22045.3,22135.9,TSETMC
2023-07-23,1402/05/01,1402,5,1,tile_ceramic,کاشی و سرامیک,57616105980228781,69541.5,68742.9,69541.5,TSETMC
2023-07-24,1402/05/02,1402,5,2,cement,سیمان، آهک و گچ,70077233737515808,22258.0,22161.8,22226.1,TSETMC
2023-07-24,1402/05/02,1402,5,2,tile_ceramic,کاشی و سرامیک,57616105980228781,70296.4,69538.4,70296.4,TSETMC
2023-07-25,1402/05/03,1402,5,3,cement,سیمان، آهک و گچ,70077233737515808,22295.2,22226.2,22226.2,TSETMC
2023-07-25,1402/05/03,1402,5,3,tile_ceramic,کاشی و سرامیک,57616105980228781,70687.6,70311.5,70606.9,TSETMC
2023-07-26,1402/05/04,1402,5,4,cement,سیمان، آهک و گچ,70077233737515808,22313.5,22218.5,22296.0,TSETMC
2023-07-26,1402/05/04,1402,5,4,tile_ceramic,کاشی و سرامیک,57616105980228781,70845.4,70426.4,70829.3,TSETMC
2023-07-29,1402/05/07,1402,5,7,cement,سیمان، آهک و گچ,70077233737515808,22419.5,22345.0,22345.0,TSETMC
2023-07-29,1402/05/07,1402,5,7,tile_ceramic,کاشی و سرامیک,57616105980228781,72201.6,70821.3,71921.8,TSETMC
2023-07-30,1402/05/08,1402,5,8,cement,سیمان، آهک و گچ,70077233737515808,22385.5,22095.6,22095.7,TSETMC
2023-07-30,1402/05/08,1402,5,8,tile_ceramic,کاشی و سرامیک,57616105980228781,71886.3,70659.2,70661.3,TSETMC
2023-07-31,1402/05/09,1402,5,9,cement,سیمان، آهک و گچ,70077233737515808,22194.3,22137.9,22194.3,TSETMC
2023-07-31,1402/05/09,1402,5,9,tile_ceramic,کاشی و سرامیک,57616105980228781,70681.8,70340.1,70373.8,TSETMC
2023-08-01,1402/05/10,1402,5,10,cement,سیمان، آهک و گچ,70077233737515808,22304.4,22268.2,22295.0,TSETMC
2023-08-01,1402/05/10,1402,5,10,tile_ceramic,کاشی و سرامیک,57616105980228781,71227.1,70600.8,71227.1,TSETMC
2023-08-05,1402/05/14,1402,5,14,cement,سیمان، آهک و گچ,70077233737515808,22588.5,22382.9,22588.0,TSETMC
2023-08-05,1402/05/14,1402,5,14,tile_ceramic,کاشی و سرامیک,57616105980228781,71570.4,71241.4,71570.4,TSETMC
2023-08-06,1402/05/15,1402,5,15,cement,سیمان، آهک و گچ,70077233737515808,22623.9,22515.9,22517.7,TSETMC
2023-08-06,1402/05/15,1402,5,15,tile_ceramic,کاشی و سرامیک,57616105980228781,71495.9,71130.5,71178.3,TSETMC
2023-08-07,1402/05/16,1402,5,16,cement,سیمان، آهک و گچ,70077233737515808,22443.1,22369.5,22369.5,TSETMC
2023-08-07,1402/05/16,1402,5,16,tile_ceramic,کاشی و سرامیک,57616105980228781,71476.7,71175.8,71442.5,TSETMC
2023-08-08,1402/05/17,1402,5,17,cement,سیمان، آهک و گچ,70077233737515808,22330.4,22164.2,22164.2,TSETMC
2023-08-08,1402/05/17,1402,5,17,tile_ceramic,کاشی و سرامیک,57616105980228781,71884.5,71685.7,71685.7,TSETMC
2023-08-09,1402/05/18,1402,5,18,cement,سیمان، آهک و گچ,70077233737515808,22159.5,22074.7,22074.7,TSETMC
2023-08-09,1402/05/18,1402,5,18,tile_ceramic,کاشی و سرامیک,57616105980228781,72088.0,71850.1,71851.2,TSETMC
2023-08-12,1402/05/21,1402,5,21,cement,سیمان، آهک و گچ,70077233737515808,22021.6,21668.1,21668.6,TSETMC
2023-08-12,1402/05/21,1402,5,21,tile_ceramic,کاشی و سرامیک,57616105980228781,71504.4,70188.9,70188.9,TSETMC
2023-08-13,1402/05/22,1402,5,22,cement,سیمان، آهک و گچ,70077233737515808,21686.8,21632.8,21632.9,TSETMC
2023-08-13,1402/05/22,1402,5,22,tile_ceramic,کاشی و سرامیک,57616105980228781,70172.4,69308.5,69361.0,TSETMC
2023-08-14,1402/05/23,1402,5,23,cement,سیمان، آهک و گچ,70077233737515808,21725.8,21683.8,21723.2,TSETMC
2023-08-14,1402/05/23,1402,5,23,tile_ceramic,کاشی و سرامیک,57616105980228781,70038.5,69576.4,69989.0,TSETMC
2023-08-15,1402/05/24,1402,5,24,cement,سیمان، آهک و گچ,70077233737515808,21757.5,21582.6,21582.6,TSETMC
2023-08-15,1402/05/24,1402,5,24,tile_ceramic,کاشی و سرامیک,57616105980228781,70004.4,69557.9,69574.7,TSETMC
2023-08-16,1402/05/25,1402,5,25,cement,سیمان، آهک و گچ,70077233737515808,21610.7,21497.6,21497.7,TSETMC
2023-08-16,1402/05/25,1402,5,25,tile_ceramic,کاشی و سرامیک,57616105980228781,69632.1,69359.2,69627.6,TSETMC
2023-08-19,1402/05/28,1402,5,28,cement,سیمان، آهک و گچ,70077233737515808,21496.3,21242.8,21242.8,TSETMC
2023-08-19,1402/05/28,1402,5,28,tile_ceramic,کاشی و سرامیک,57616105980228781,69599.2,69318.5,69328.3,TSETMC
2023-08-20,1402/05/29,1402,5,29,cement,سیمان، آهک و گچ,70077233737515808,21179.2,21104.4,21104.4,TSETMC
2023-08-20,1402/05/29,1402,5,29,tile_ceramic,کاشی و سرامیک,57616105980228781,69992.9,69226.4,69992.9,TSETMC
2023-08-21,1402/05/30,1402,5,30,cement,سیمان، آهک و گچ,70077233737515808,21160.7,21112.7,21112.7,TSETMC
2023-08-21,1402/05/30,1402,5,30,tile_ceramic,کاشی و سرامیک,57616105980228781,70471.0,70002.2,70471.0,TSETMC
2023-08-22,1402/05/31,1402,5,31,cement,سیمان، آهک و گچ,70077233737515808,21038.5,20869.0,20870.5,TSETMC
2023-08-22,1402/05/31,1402,5,31,tile_ceramic,کاشی و سرامیک,57616105980228781,70511.4,69672.0,69672.0,TSETMC
2023-08-23,1402/06/01,1402,6,1,cement,سیمان، آهک و گچ,70077233737515808,20984.9,20895.7,20984.9,TSETMC
2023-08-23,1402/06/01,1402,6,1,tile_ceramic,کاشی و سرامیک,57616105980228781,69684.9,69526.7,69573.8,TSETMC
2023-08-26,1402/06/04,1402,6,4,cement,سیمان، آهک و گچ,70077233737515808,21421.8,21055.6,21421.8,TSETMC
2023-08-26,1402/06/04,1402,6,4,tile_ceramic,کاشی و سرامیک,57616105980228781,71428.5,70055.1,71352.0,TSETMC
2023-08-27,1402/06/05,1402,6,5,cement,سیمان، آهک و گچ,70077233737515808,21816.3,21418.8,21813.2,TSETMC
2023-08-27,1402/06/05,1402,6,5,tile_ceramic,کاشی و سرامیک,57616105980228781,72126.6,71361.1,72106.2,TSETMC
2023-08-28,1402/06/06,1402,6,6,cement,سیمان، آهک و گچ,70077233737515808,21968.2,21855.5,21968.1,TSETMC
2023-08-28,1402/06/06,1402,6,6,tile_ceramic,کاشی و سرامیک,57616105980228781,72399.9,72031.2,72393.5,TSETMC
2023-08-29,1402/06/07,1402,6,7,cement,سیمان، آهک و گچ,70077233737515808,22022.8,21960.2,22015.5,TSETMC
2023-08-29,1402/06/07,1402,6,7,tile_ceramic,کاشی و سرامیک,57616105980228781,72607.7,72405.2,72607.1,TSETMC
2023-08-30,1402/06/08,1402,6,8,cement,سیمان، آهک و گچ,70077233737515808,22073.3,22010.9,22073.2,TSETMC
2023-08-30,1402/06/08,1402,6,8,tile_ceramic,کاشی و سرامیک,57616105980228781,72610.5,72417.8,72500.5,TSETMC
2023-09-02,1402/06/11,1402,6,11,cement,سیمان، آهک و گچ,70077233737515808,22214.5,22114.4,22214.0,TSETMC
2023-09-02,1402/06/11,1402,6,11,tile_ceramic,کاشی و سرامیک,57616105980228781,72638.2,72452.4,72471.2,TSETMC
2023-09-03,1402/06/12,1402,6,12,cement,سیمان، آهک و گچ,70077233737515808,22345.3,22217.6,22345.3,TSETMC
2023-09-03,1402/06/12,1402,6,12,tile_ceramic,کاشی و سرامیک,57616105980228781,72455.5,72219.4,72219.4,TSETMC
2023-09-04,1402/06/13,1402,6,13,cement,سیمان، آهک و گچ,70077233737515808,22577.9,22347.8,22577.4,TSETMC
2023-09-04,1402/06/13,1402,6,13,tile_ceramic,کاشی و سرامیک,57616105980228781,72506.9,72182.0,72506.1,TSETMC
2023-09-05,1402/06/14,1402,6,14,cement,سیمان، آهک و گچ,70077233737515808,22782.1,22591.2,22782.1,TSETMC
2023-09-05,1402/06/14,1402,6,14,tile_ceramic,کاشی و سرامیک,57616105980228781,73146.1,72524.0,73145.8,TSETMC
2023-09-09,1402/06/18,1402,6,18,cement,سیمان، آهک و گچ,70077233737515808,22804.9,22716.4,22716.4,TSETMC
2023-09-09,1402/06/18,1402,6,18,tile_ceramic,کاشی و سرامیک,57616105980228781,73377.0,73066.5,73138.1,TSETMC
2023-09-10,1402/06/19,1402,6,19,cement,سیمان، آهک و گچ,70077233737515808,22822.7,22746.5,22820.4,TSETMC
2023-09-10,1402/06/19,1402,6,19,tile_ceramic,کاشی و سرامیک,57616105980228781,73363.6,73084.2,73244.6,TSETMC
2023-09-11,1402/06/20,1402,6,20,cement,سیمان، آهک و گچ,70077233737515808,22868.6,22786.3,22868.0,TSETMC
2023-09-11,1402/06/20,1402,6,20,tile_ceramic,کاشی و سرامیک,57616105980228781,73382.8,73253.4,73382.7,TSETMC
2023-09-12,1402/06/21,1402,6,21,cement,سیمان، آهک و گچ,70077233737515808,23075.6,22896.7,23075.5,TSETMC
2023-09-12,1402/06/21,1402,6,21,tile_ceramic,کاشی و سرامیک,57616105980228781,73866.5,73392.7,73506.7,TSETMC
2023-09-13,1402/06/22,1402,6,22,cement,سیمان، آهک و گچ,70077233737515808,23138.1,23096.4,23131.7,TSETMC
2023-09-13,1402/06/22,1402,6,22,tile_ceramic,کاشی و سرامیک,57616105980228781,73836.4,73379.4,73379.4,TSETMC
2023-09-17,1402/06/26,1402,6,26,cement,سیمان، آهک و گچ,70077233737515808,23179.1,23163.2,23164.5,TSETMC
2023-09-17,1402/06/26,1402,6,26,tile_ceramic,کاشی و سرامیک,57616105980228781,73125.8,72976.9,73080.6,TSETMC
2023-09-18,1402/06/27,1402,6,27,cement,سیمان، آهک و گچ,70077233737515808,23168.9,23149.2,23149.2,TSETMC
2023-09-18,1402/06/27,1402,6,27,tile_ceramic,کاشی و سرامیک,57616105980228781,73300.0,73055.0,73055.0,TSETMC
2023-09-19,1402/06/28,1402,6,28,cement,سیمان، آهک و گچ,70077233737515808,23170.1,23158.2,23162.5,TSETMC
2023-09-19,1402/06/28,1402,6,28,tile_ceramic,کاشی و سرامیک,57616105980228781,73328.8,73027.2,73171.4,TSETMC
2023-09-20,1402/06/29,1402,6,29,cement,سیمان، آهک و گچ,70077233737515808,23156.2,23111.8,23124.9,TSETMC
2023-09-20,1402/06/29,1402,6,29,tile_ceramic,کاشی و سرامیک,57616105980228781,73433.4,73079.6,73402.1,TSETMC
2023-09-23,1402/07/01,1402,7,1,cement,سیمان، آهک و گچ,70077233737515808,23082.3,23009.2,23009.3,TSETMC
2023-09-23,1402/07/01,1402,7,1,tile_ceramic,کاشی و سرامیک,57616105980228781,73394.9,73171.5,73171.5,TSETMC
2023-09-25,1402/07/03,1402,7,3,cement,سیمان، آهک و گچ,70077233737515808,22918.3,22789.7,22789.7,TSETMC
2023-09-25,1402/07/03,1402,7,3,tile_ceramic,کاشی و سرامیک,57616105980228781,73139.6,72333.5,72342.1,TSETMC
2023-09-26,1402/07/04,1402,7,4,cement,سیمان، آهک و گچ,70077233737515808,22785.9,22664.2,22664.4,TSETMC
2023-09-26,1402/07/04,1402,7,4,tile_ceramic,کاشی و سرامیک,57616105980228781,72250.8,72011.6,72017.5,TSETMC
2023-09-27,1402/07/05,1402,7,5,cement,سیمان، آهک و گچ,70077233737515808,22649.0,22529.8,22529.9,TSETMC
2023-09-27,1402/07/05,1402,7,5,tile_ceramic,کاشی و سرامیک,57616105980228781,71946.6,71504.9,71504.9,TSETMC
2023-09-30,1402/07/08,1402,7,8,cement,سیمان، آهک و گچ,70077233737515808,22563.9,22429.4,22429.5,TSETMC
2023-09-30,1402/07/08,1402,7,8,tile_ceramic,کاشی و سرامیک,57616105980228781,71487.5,70469.9,70469.9,TSETMC
2023-10-01,1402/07/09,1402,7,9,cement,سیمان، آهک و گچ,70077233737515808,22462.6,22281.2,22281.2,TSETMC
2023-10-01,1402/07/09,1402,7,9,tile_ceramic,کاشی و سرامیک,57616105980228781,70511.8,70075.2,70075.2,TSETMC
2023-10-02,1402/07/10,1402,7,10,cement,سیمان، آهک و گچ,70077233737515808,22290.2,22246.1,22246.4,TSETMC
2023-10-02,1402/07/10,1402,7,10,tile_ceramic,کاشی و سرامیک,57616105980228781,70085.2,69329.4,69329.4,TSETMC
2023-10-04,1402/07/12,1402,7,12,cement,سیمان، آهک و گچ,70077233737515808,22217.4,22160.6,22160.6,TSETMC
2023-10-04,1402/07/12,1402,7,12,tile_ceramic,کاشی و سرامیک,57616105980228781,69559.4,69338.4,69559.4,TSETMC
2023-10-07,1402/07/15,1402,7,15,cement,سیمان، آهک و گچ,70077233737515808,22224.1,22063.2,22063.6,TSETMC
2023-10-07,1402/07/15,1402,7,15,tile_ceramic,کاشی و سرامیک,57616105980228781,69611.8,69055.9,69055.9,TSETMC
2023-10-08,1402/07/16,1402,7,16,cement,سیمان، آهک و گچ,70077233737515808,21970.5,21431.5,21431.5,TSETMC
2023-10-08,1402/07/16,1402,7,16,tile_ceramic,کاشی و سرامیک,57616105980228781,68827.1,65902.8,65935.9,TSETMC
2023-10-09,1402/07/17,1402,7,17,cement,سیمان، آهک و گچ,70077233737515808,21415.9,21394.1,21401.1,TSETMC
2023-10-09,1402/07/17,1402,7,17,tile_ceramic,کاشی و سرامیک,57616105980228781,66065.7,65911.3,66048.5,TSETMC
2023-10-10,1402/07/18,1402,7,18,cement,سیمان، آهک و گچ,70077233737515808,21480.4,21408.2,21480.4,TSETMC
2023-10-10,1402/07/18,1402,7,18,tile_ceramic,کاشی و سرامیک,57616105980228781,66615.1,66057.0,66615.1,TSETMC
2023-10-11,1402/07/19,1402,7,19,cement,سیمان، آهک و گچ,70077233737515808,21506.0,21468.7,21496.3,TSETMC
2023-10-11,1402/07/19,1402,7,19,tile_ceramic,کاشی و سرامیک,57616105980228781,67247.0,66659.8,67247.0,TSETMC
2023-10-14,1402/07/22,1402,7,22,cement,سیمان، آهک و گچ,70077233737515808,21512.3,21307.7,21308.3,TSETMC
2023-10-14,1402/07/22,1402,7,22,tile_ceramic,کاشی و سرامیک,57616105980228781,67210.0,65606.2,65608.1,TSETMC
2023-10-15,1402/07/23,1402,7,23,cement,سیمان، آهک و گچ,70077233737515808,21290.7,21250.5,21255.8,TSETMC
2023-10-15,1402/07/23,1402,7,23,tile_ceramic,کاشی و سرامیک,57616105980228781,65656.2,65152.5,65152.5,TSETMC
2023-10-16,1402/07/24,1402,7,24,cement,سیمان، آهک و گچ,70077233737515808,21411.3,21292.1,21411.3,TSETMC
2023-10-16,1402/07/24,1402,7,24,tile_ceramic,کاشی و سرامیک,57616105980228781,65580.1,65172.5,65580.1,TSETMC
2023-10-17,1402/07/25,1402,7,25,cement,سیمان، آهک و گچ,70077233737515808,21473.7,21445.4,21445.4,TSETMC
2023-10-17,1402/07/25,1402,7,25,tile_ceramic,کاشی و سرامیک,57616105980228781,65846.1,65599.1,65658.5,TSETMC
2023-10-18,1402/07/26,1402,7,26,cement,سیمان، آهک و گچ,70077233737515808,21372.6,21339.9,21345.1,TSETMC
2023-10-18,1402/07/26,1402,7,26,tile_ceramic,کاشی و سرامیک,57616105980228781,65579.7,65213.5,65216.8,TSETMC
2023-10-21,1402/07/29,1402,7,29,cement,سیمان، آهک و گچ,70077233737515808,21367.5,21325.9,21366.6,TSETMC
2023-10-21,1402/07/29,1402,7,29,tile_ceramic,کاشی و سرامیک,57616105980228781,65232.1,65173.1,65173.1,TSETMC
2023-10-22,1402/07/30,1402,7,30,cement,سیمان، آهک و گچ,70077233737515808,21521.5,21435.3,21517.4,TSETMC
2023-10-22,1402/07/30,1402,7,30,tile_ceramic,کاشی و سرامیک,57616105980228781,65360.9,65175.7,65352.8,TSETMC
2023-10-23,1402/08/01,1402,8,1,cement,سیمان، آهک و گچ,70077233737515808,21576.5,21553.0,21553.0,TSETMC
2023-10-23,1402/08/01,1402,8,1,tile_ceramic,کاشی و سرامیک,57616105980228781,66122.1,65414.0,66114.9,TSETMC
2023-10-24,1402/08/02,1402,8,2,cement,سیمان، آهک و گچ,70077233737515808,21552.3,21429.7,21429.7,TSETMC
2023-10-24,1402/08/02,1402,8,2,tile_ceramic,کاشی و سرامیک,57616105980228781,66223.6,64733.1,64733.1,TSETMC
2023-10-25,1402/08/03,1402,8,3,cement,سیمان، آهک و گچ,70077233737515808,21555.7,21436.1,21554.9,TSETMC
2023-10-25,1402/08/03,1402,8,3,tile_ceramic,کاشی و سرامیک,57616105980228781,65254.7,64815.8,65169.0,TSETMC
2023-10-28,1402/08/06,1402,8,6,cement,سیمان، آهک و گچ,70077233737515808,21604.4,21226.1,21226.1,TSETMC
2023-10-28,1402/08/06,1402,8,6,tile_ceramic,کاشی و سرامیک,57616105980228781,64432.0,62240.8,62240.8,TSETMC
2023-10-29,1402/08/07,1402,8,7,cement,سیمان، آهک و گچ,70077233737515808,21422.1,21298.2,21421.5,TSETMC
2023-10-29,1402/08/07,1402,8,7,tile_ceramic,کاشی و سرامیک,57616105980228781,63747.7,62328.7,63747.7,TSETMC
2023-10-30,1402/08/08,1402,8,8,cement,سیمان، آهک و گچ,70077233737515808,21722.4,21508.8,21722.2,TSETMC
2023-10-30,1402/08/08,1402,8,8,tile_ceramic,کاشی و سرامیک,57616105980228781,64891.4,63787.4,64891.4,TSETMC
2023-10-31,1402/08/09,1402,8,9,cement,سیمان، آهک و گچ,70077233737515808,21771.0,21723.6,21723.8,TSETMC
2023-10-31,1402/08/09,1402,8,9,tile_ceramic,کاشی و سرامیک,57616105980228781,65257.6,64914.1,64926.9,TSETMC
2023-11-01,1402/08/10,1402,8,10,cement,سیمان، آهک و گچ,70077233737515808,21697.8,21626.8,21633.6,TSETMC
2023-11-01,1402/08/10,1402,8,10,tile_ceramic,کاشی و سرامیک,57616105980228781,64878.1,64056.5,64155.1,TSETMC
2023-11-04,1402/08/13,1402,8,13,cement,سیمان، آهک و گچ,70077233737515808,21943.9,21724.0,21943.8,TSETMC
2023-11-04,1402/08/13,1402,8,13,tile_ceramic,کاشی و سرامیک,57616105980228781,65404.8,64471.3,65404.8,TSETMC
2023-11-05,1402/08/14,1402,8,14,cement,سیمان، آهک و گچ,70077233737515808,21979.4,21923.3,21978.1,TSETMC
2023-11-05,1402/08/14,1402,8,14,tile_ceramic,کاشی و سرامیک,57616105980228781,66438.3,65871.3,66438.3,TSETMC
2023-11-06,1402/08/15,1402,8,15,cement,سیمان، آهک و گچ,70077233737515808,22056.2,21903.8,22056.2,TSETMC
2023-11-06,1402/08/15,1402,8,15,tile_ceramic,کاشی و سرامیک,57616105980228781,67948.6,66786.9,67948.6,TSETMC
2023-11-07,1402/08/16,1402,8,16,cement,سیمان، آهک و گچ,70077233737515808,22308.4,22062.8,22308.2,TSETMC
2023-11-07,1402/08/16,1402,8,16,tile_ceramic,کاشی و سرامیک,57616105980228781,69804.0,68513.9,69804.0,TSETMC
2023-11-08,1402/08/17,1402,8,17,cement,سیمان، آهک و گچ,70077233737515808,22465.4,22343.9,22465.0,TSETMC
2023-11-08,1402/08/17,1402,8,17,tile_ceramic,کاشی و سرامیک,57616105980228781,70293.9,70182.1,70276.1,TSETMC
2023-11-11,1402/08/20,1402,8,20,cement,سیمان، آهک و گچ,70077233737515808,22597.0,22526.1,22587.2,TSETMC
2023-11-11,1402/08/20,1402,8,20,tile_ceramic,کاشی و سرامیک,57616105980228781,70320.9,69873.8,70231.2,TSETMC
2023-11-12,1402/08/21,1402,8,21,cement,سیمان، آهک و گچ,70077233737515808,22658.3,22595.3,22649.6,TSETMC
2023-11-12,1402/08/21,1402,8,21,tile_ceramic,کاشی و سرامیک,57616105980228781,70218.6,69848.8,70211.0,TSETMC
2023-11-13,1402/08/22,1402,8,22,cement,سیمان، آهک و گچ,70077233737515808,22749.9,22704.6,22733.2,TSETMC
2023-11-13,1402/08/22,1402,8,22,tile_ceramic,کاشی و سرامیک,57616105980228781,71314.9,70743.0,71314.9,TSETMC
2023-11-14,1402/08/23,1402,8,23,cement,سیمان، آهک و گچ,70077233737515808,22831.4,22782.9,22782.9,TSETMC
2023-11-14,1402/08/23,1402,8,23,tile_ceramic,کاشی و سرامیک,57616105980228781,71871.6,71460.1,71460.1,TSETMC
2023-11-15,1402/08/24,1402,8,24,cement,سیمان، آهک و گچ,70077233737515808,22824.5,22801.6,22819.5,TSETMC
2023-11-15,1402/08/24,1402,8,24,tile_ceramic,کاشی و سرامیک,57616105980228781,72255.5,71970.9,71970.9,TSETMC
2023-11-18,1402/08/27,1402,8,27,cement,سیمان، آهک و گچ,70077233737515808,22850.7,22789.5,22830.6,TSETMC
2023-11-18,1402/08/27,1402,8,27,tile_ceramic,کاشی و سرامیک,57616105980228781,72194.9,71986.0,72080.8,TSETMC
2023-11-19,1402/08/28,1402,8,28,cement,سیمان، آهک و گچ,70077233737515808,22902.5,22867.9,22896.8,TSETMC
2023-11-19,1402/08/28,1402,8,28,tile_ceramic,کاشی و سرامیک,57616105980228781,72292.7,72130.2,72233.0,TSETMC
2023-11-20,1402/08/29,1402,8,29,cement,سیمان، آهک و گچ,70077233737515808,22926.8,22861.8,22861.8,TSETMC
2023-11-20,1402/08/29,1402,8,29,tile_ceramic,کاشی و سرامیک,57616105980228781,72852.0,72188.2,72386.4,TSETMC
2023-11-21,1402/08/30,1402,8,30,cement,سیمان، آهک و گچ,70077233737515808,22848.7,22791.5,22838.6,TSETMC
2023-11-21,1402/08/30,1402,8,30,tile_ceramic,کاشی و سرامیک,57616105980228781,72365.6,72192.5,72221.2,TSETMC
2023-11-22,1402/09/01,1402,9,1,cement,سیمان، آهک و گچ,70077233737515808,22863.2,22778.9,22849.7,TSETMC
2023-11-22,1402/09/01,1402,9,1,tile_ceramic,کاشی و سرامیک,57616105980228781,72933.0,72207.5,72265.5,TSETMC
2023-11-25,1402/09/04,1402,9,4,cement,سیمان، آهک و گچ,70077233737515808,22931.5,22823.4,22823.4,TSETMC
2023-11-25,1402/09/04,1402,9,4,tile_ceramic,کاشی و سرامیک,57616105980228781,72346.5,71978.5,71979.0,TSETMC
2023-11-26,1402/09/05,1402,9,5,cement,سیمان، آهک و گچ,70077233737515808,22833.2,22803.2,22805.2,TSETMC
2023-11-26,1402/09/05,1402,9,5,tile_ceramic,کاشی و سرامیک,57616105980228781,71929.4,71218.3,71218.3,TSETMC
2023-11-27,1402/09/06,1402,9,6,cement,سیمان، آهک و گچ,70077233737515808,22895.4,22818.5,22884.0,TSETMC
2023-11-27,1402/09/06,1402,9,6,tile_ceramic,کاشی و سرامیک,57616105980228781,71032.3,70856.7,70864.5,TSETMC
2023-11-28,1402/09/07,1402,9,7,cement,سیمان، آهک و گچ,70077233737515808,22988.3,22952.6,22987.6,TSETMC
2023-11-28,1402/09/07,1402,9,7,tile_ceramic,کاشی و سرامیک,57616105980228781,70428.4,70137.4,70137.4,TSETMC
2023-11-29,1402/09/08,1402,9,8,cement,سیمان، آهک و گچ,70077233737515808,23309.9,23070.8,23309.4,TSETMC
2023-11-29,1402/09/08,1402,9,8,tile_ceramic,کاشی و سرامیک,57616105980228781,70187.2,70033.8,70048.7,TSETMC
2023-12-02,1402/09/11,1402,9,11,cement,سیمان، آهک و گچ,70077233737515808,23833.5,23392.5,23817.8,TSETMC
2023-12-02,1402/09/11,1402,9,11,tile_ceramic,کاشی و سرامیک,57616105980228781,71062.3,70181.2,71034.4,TSETMC
2023-12-03,1402/09/12,1402,9,12,cement,سیمان، آهک و گچ,70077233737515808,24000.0,23845.6,24000.0,TSETMC
2023-12-03,1402/09/12,1402,9,12,tile_ceramic,کاشی و سرامیک,57616105980228781,71257.7,70985.0,71233.9,TSETMC
2023-12-04,1402/09/13,1402,9,13,cement,سیمان، آهک و گچ,70077233737515808,24378.8,24190.5,24316.2,TSETMC
2023-12-04,1402/09/13,1402,9,13,tile_ceramic,کاشی و سرامیک,57616105980228781,72379.9,71457.0,72355.3,TSETMC
2023-12-05,1402/09/14,1402,9,14,cement,سیمان، آهک و گچ,70077233737515808,24364.2,24327.3,24336.0,TSETMC
2023-12-05,1402/09/14,1402,9,14,tile_ceramic,کاشی و سرامیک,57616105980228781,73840.0,72344.7,73840.0,TSETMC
2023-12-06,1402/09/15,1402,9,15,cement,سیمان، آهک و گچ,70077233737515808,24484.7,24390.2,24483.6,TSETMC
2023-12-06,1402/09/15,1402,9,15,tile_ceramic,کاشی و سرامیک,57616105980228781,75403.7,74051.1,75274.8,TSETMC
2023-12-09,1402/09/18,1402,9,18,cement,سیمان، آهک و گچ,70077233737515808,24480.6,24419.3,24419.4,TSETMC
2023-12-09,1402/09/18,1402,9,18,tile_ceramic,کاشی و سرامیک,57616105980228781,75249.9,74230.8,74232.2,TSETMC
2023-12-10,1402/09/19,1402,9,19,cement,سیمان، آهک و گچ,70077233737515808,24401.6,24360.5,24361.8,TSETMC
2023-12-10,1402/09/19,1402,9,19,tile_ceramic,کاشی و سرامیک,57616105980228781,74187.6,73860.6,73860.6,TSETMC
2023-12-11,1402/09/20,1402,9,20,cement,سیمان، آهک و گچ,70077233737515808,24489.6,24390.7,24480.9,TSETMC
2023-12-11,1402/09/20,1402,9,20,tile_ceramic,کاشی و سرامیک,57616105980228781,73918.2,73299.4,73302.3,TSETMC
2023-12-12,1402/09/21,1402,9,21,cement,سیمان، آهک و گچ,70077233737515808,24540.5,24501.6,24531.7,TSETMC
2023-12-12,1402/09/21,1402,9,21,tile_ceramic,کاشی و سرامیک,57616105980228781,73602.1,73364.8,73564.3,TSETMC
2023-12-13,1402/09/22,1402,9,22,cement,سیمان، آهک و گچ,70077233737515808,24629.1,24564.2,24624.8,TSETMC
2023-12-13,1402/09/22,1402,9,22,tile_ceramic,کاشی و سرامیک,57616105980228781,73720.0,73527.5,73527.5,TSETMC
2023-12-16,1402/09/25,1402,9,25,cement,سیمان، آهک و گچ,70077233737515808,24838.6,24668.5,24838.4,TSETMC
2023-12-16,1402/09/25,1402,9,25,tile_ceramic,کاشی و سرامیک,57616105980228781,73488.6,73365.1,73458.1,TSETMC
2023-12-18,1402/09/27,1402,9,27,cement,سیمان، آهک و گچ,70077233737515808,24989.0,24870.6,24988.5,TSETMC
2023-12-18,1402/09/27,1402,9,27,tile_ceramic,کاشی و سرامیک,57616105980228781,74899.2,73743.1,74765.2,TSETMC
2023-12-19,1402/09/28,1402,9,28,cement,سیمان، آهک و گچ,70077233737515808,25013.2,24829.4,24829.4,TSETMC
2023-12-19,1402/09/28,1402,9,28,tile_ceramic,کاشی و سرامیک,57616105980228781,74700.3,74449.2,74659.3,TSETMC
2023-12-20,1402/09/29,1402,9,29,cement,سیمان، آهک و گچ,70077233737515808,24964.1,24835.4,24946.9,TSETMC
2023-12-20,1402/09/29,1402,9,29,tile_ceramic,کاشی و سرامیک,57616105980228781,75246.4,74687.2,75246.4,TSETMC
2023-12-23,1402/10/02,1402,10,2,cement,سیمان، آهک و گچ,70077233737515808,24940.7,24892.1,24892.1,TSETMC
2023-12-23,1402/10/02,1402,10,2,tile_ceramic,کاشی و سرامیک,57616105980228781,75625.9,75219.6,75472.8,TSETMC
2023-12-24,1402/10/03,1402,10,3,cement,سیمان، آهک و گچ,70077233737515808,24902.8,24866.9,24866.9,TSETMC
2023-12-24,1402/10/03,1402,10,3,tile_ceramic,کاشی و سرامیک,57616105980228781,75911.6,75473.4,75781.9,TSETMC
2023-12-25,1402/10/04,1402,10,4,cement,سیمان، آهک و گچ,70077233737515808,24856.1,24796.1,24796.1,TSETMC
2023-12-25,1402/10/04,1402,10,4,tile_ceramic,کاشی و سرامیک,57616105980228781,75829.2,75345.8,75823.4,TSETMC
2023-12-26,1402/10/05,1402,10,5,cement,سیمان، آهک و گچ,70077233737515808,24781.5,24719.1,24719.1,TSETMC
2023-12-26,1402/10/05,1402,10,5,tile_ceramic,کاشی و سرامیک,57616105980228781,75943.3,75558.0,75558.0,TSETMC
2023-12-27,1402/10/06,1402,10,6,cement,سیمان، آهک و گچ,70077233737515808,24770.7,24723.6,24757.1,TSETMC
2023-12-27,1402/10/06,1402,10,6,tile_ceramic,کاشی و سرامیک,57616105980228781,75449.0,74424.1,74426.4,TSETMC
2023-12-30,1402/10/09,1402,10,9,cement,سیمان، آهک و گچ,70077233737515808,24839.0,24769.2,24838.6,TSETMC
2023-12-30,1402/10/09,1402,10,9,tile_ceramic,کاشی و سرامیک,57616105980228781,74956.2,74814.8,74814.8,TSETMC
2023-12-31,1402/10/10,1402,10,10,cement,سیمان، آهک و گچ,70077233737515808,24899.9,24832.6,24895.0,TSETMC
2023-12-31,1402/10/10,1402,10,10,tile_ceramic,کاشی و سرامیک,57616105980228781,74976.8,74687.1,74711.3,TSETMC
2024-01-01,1402/10/11,1402,10,11,cement,سیمان، آهک و گچ,70077233737515808,24996.7,24936.3,24988.0,TSETMC
2024-01-01,1402/10/11,1402,10,11,tile_ceramic,کاشی و سرامیک,57616105980228781,74678.5,74460.7,74514.3,TSETMC
2024-01-02,1402/10/12,1402,10,12,cement,سیمان، آهک و گچ,70077233737515808,25015.3,24965.9,24966.1,TSETMC
2024-01-02,1402/10/12,1402,10,12,tile_ceramic,کاشی و سرامیک,57616105980228781,74618.8,74365.1,74365.1,TSETMC
2024-01-03,1402/10/13,1402,10,13,cement,سیمان، آهک و گچ,70077233737515808,24981.1,24923.1,24923.1,TSETMC
2024-01-03,1402/10/13,1402,10,13,tile_ceramic,کاشی و سرامیک,57616105980228781,74303.0,74150.9,74216.5,TSETMC
2024-01-06,1402/10/16,1402,10,16,cement,سیمان، آهک و گچ,70077233737515808,25009.4,24951.2,24954.1,TSETMC
2024-01-06,1402/10/16,1402,10,16,tile_ceramic,کاشی و سرامیک,57616105980228781,74101.5,73528.2,73593.2,TSETMC
2024-01-07,1402/10/17,1402,10,17,cement,سیمان، آهک و گچ,70077233737515808,25074.6,24996.4,25074.6,TSETMC
2024-01-07,1402/10/17,1402,10,17,tile_ceramic,کاشی و سرامیک,57616105980228781,73945.7,73650.0,73945.7,TSETMC
2024-01-08,1402/10/18,1402,10,18,cement,سیمان، آهک و گچ,70077233737515808,25205.7,25118.1,25189.8,TSETMC
2024-01-08,1402/10/18,1402,10,18,tile_ceramic,کاشی و سرامیک,57616105980228781,73921.0,73741.1,73741.1,TSETMC
2024-01-09,1402/10/19,1402,10,19,cement,سیمان، آهک و گچ,70077233737515808,25202.2,25178.5,25179.8,TSETMC
2024-01-09,1402/10/19,1402,10,19,tile_ceramic,کاشی و سرامیک,57616105980228781,74185.0,73891.2,73891.2,TSETMC
2024-01-10,1402/10/20,1402,10,20,cement,سیمان، آهک و گچ,70077233737515808,25230.5,25180.4,25221.1,TSETMC
2024-01-10,1402/10/20,1402,10,20,tile_ceramic,کاشی و سرامیک,57616105980228781,74008.7,73812.8,73825.2,TSETMC
2024-01-13,1402/10/23,1402,10,23,cement,سیمان، آهک و گچ,70077233737515808,25269.3,25193.8,25254.0,TSETMC
2024-01-13,1402/10/23,1402,10,23,tile_ceramic,کاشی و سرامیک,57616105980228781,73996.0,73627.1,73627.1,TSETMC
2024-01-14,1402/10/24,1402,10,24,cement,سیمان، آهک و گچ,70077233737515808,25453.0,25283.5,25372.3,TSETMC
2024-01-14,1402/10/24,1402,10,24,tile_ceramic,کاشی و سرامیک,57616105980228781,75041.6,73568.7,74975.0,TSETMC
2024-01-15,1402/10/25,1402,10,25,cement,سیمان، آهک و گچ,70077233737515808,25489.6,25403.7,25485.4,TSETMC
2024-01-15,1402/10/25,1402,10,25,tile_ceramic,کاشی و سرامیک,57616105980228781,75590.7,74782.3,74782.3,TSETMC
2024-01-16,1402/10/26,1402,10,26,cement,سیمان، آهک و گچ,70077233737515808,25526.5,25475.9,25520.3,TSETMC
2024-01-16,1402/10/26,1402,10,26,tile_ceramic,کاشی و سرامیک,57616105980228781,74466.1,73176.6,73176.6,TSETMC
2024-01-17,1402/10/27,1402,10,27,cement,سیمان، آهک و گچ,70077233737515808,25635.2,25533.3,25603.3,TSETMC
2024-01-17,1402/10/27,1402,10,27,tile_ceramic,کاشی و سرامیک,57616105980228781,73179.5,72903.4,72903.4,TSETMC
2024-01-20,1402/10/30,1402,10,30,cement,سیمان، آهک و گچ,70077233737515808,25629.5,25585.4,25585.4,TSETMC
2024-01-20,1402/10/30,1402,10,30,tile_ceramic,کاشی و سرامیک,57616105980228781,72874.0,72060.1,72062.4,TSETMC
2024-01-21,1402/11/01,1402,11,1,cement,سیمان، آهک و گچ,70077233737515808,25717.3,25646.0,25646.0,TSETMC
2024-01-21,1402/11/01,1402,11,1,tile_ceramic,کاشی و سرامیک,57616105980228781,71851.8,71226.2,71226.2,TSETMC
2024-01-22,1402/11/02,1402,11,2,cement,سیمان، آهک و گچ,70077233737515808,25666.6,25511.5,25511.5,TSETMC
2024-01-22,1402/11/02,1402,11,2,tile_ceramic,کاشی و سرامیک,57616105980228781,71340.3,70363.6,70363.6,TSETMC
2024-01-23,1402/11/03,1402,11,3,cement,سیمان، آهک و گچ,70077233737515808,25462.1,25211.2,25269.0,TSETMC
2024-01-23,1402/11/03,1402,11,3,tile_ceramic,کاشی و سرامیک,57616105980228781,70312.7,68515.1,68516.3,TSETMC
2024-01-24,1402/11/04,1402,11,4,cement,سیمان، آهک و گچ,70077233737515808,25493.2,25331.8,25493.2,TSETMC
2024-01-24,1402/11/04,1402,11,4,tile_ceramic,کاشی و سرامیک,57616105980228781,69253.8,68587.4,69253.8,TSETMC
2024-01-27,1402/11/07,1402,11,7,cement,سیمان، آهک و گچ,70077233737515808,25584.3,25527.2,25527.3,TSETMC
2024-01-27,1402/11/07,1402,11,7,tile_ceramic,کاشی و سرامیک,57616105980228781,69831.3,69640.4,69817.7,TSETMC
2024-01-28,1402/11/08,1402,11,8,cement,سیمان، آهک و گچ,70077233737515808,25718.0,25517.9,25716.6,TSETMC
2024-01-28,1402/11/08,1402,11,8,tile_ceramic,کاشی و سرامیک,57616105980228781,71710.5,69960.2,71710.5,TSETMC
2024-01-29,1402/11/09,1402,11,9,cement,سیمان، آهک و گچ,70077233737515808,25603.6,25567.8,25569.0,TSETMC
2024-01-29,1402/11/09,1402,11,9,tile_ceramic,کاشی و سرامیک,57616105980228781,71917.6,71306.6,71905.5,TSETMC
2024-01-30,1402/11/10,1402,11,10,cement,سیمان، آهک و گچ,70077233737515808,25599.8,25503.6,25503.6,TSETMC
2024-01-30,1402/11/10,1402,11,10,tile_ceramic,کاشی و سرامیک,57616105980228781,72358.5,72095.5,72237.8,TSETMC
2024-01-31,1402/11/11,1402,11,11,cement,سیمان، آهک و گچ,70077233737515808,25602.9,25551.0,25551.0,TSETMC
2024-01-31,1402/11/11,1402,11,11,tile_ceramic,کاشی و سرامیک,57616105980228781,72394.1,71578.1,71583.5,TSETMC
2024-02-03,1402/11/14,1402,11,14,cement,سیمان، آهک و گچ,70077233737515808,25608.7,25500.3,25567.6,TSETMC
2024-02-03,1402/11/14,1402,11,14,tile_ceramic,کاشی و سرامیک,57616105980228781,71882.1,71722.3,71802.0,TSETMC
2024-02-04,1402/11/15,1402,11,15,cement,سیمان، آهک و گچ,70077233737515808,25587.8,25435.0,25435.5,TSETMC
2024-02-04,1402/11/15,1402,11,15,tile_ceramic,کاشی و سرامیک,57616105980228781,72252.8,72044.2,72211.6,TSETMC
2024-02-05,1402/11/16,1402,11,16,cement,سیمان، آهک و گچ,70077233737515808,25576.7,25452.2,25452.6,TSETMC
2024-02-05,1402/11/16,1402,11,16,tile_ceramic,کاشی و سرامیک,57616105980228781,72404.7,72089.6,72105.1,TSETMC
2024-02-06,1402/11/17,1402,11,17,cement,سیمان، آهک و گچ,70077233737515808,25609.3,25527.9,25528.1,TSETMC
2024-02-06,1402/11/17,1402,11,17,tile_ceramic,کاشی و سرامیک,57616105980228781,72100.9,71593.3,71593.3,TSETMC
2024-02-07,1402/11/18,1402,11,18,cement,سیمان، آهک و گچ,70077233737515808,25697.4,25565.8,25638.3,TSETMC
2024-02-07,1402/11/18,1402,11,18,tile_ceramic,کاشی و سرامیک,57616105980228781,71576.4,71239.8,71263.5,TSETMC
2024-02-10,1402/11/21,1402,11,21,cement,سیمان، آهک و گچ,70077233737515808,25654.0,25588.4,25588.4,TSETMC
2024-02-10,1402/11/21,1402,11,21,tile_ceramic,کاشی و سرامیک,57616105980228781,71042.6,70600.0,71042.6,TSETMC
2024-02-12,1402/11/23,1402,11,23,cement,سیمان، آهک و گچ,70077233737515808,25502.5,25392.1,25393.5,TSETMC
2024-02-12,1402/11/23,1402,11,23,tile_ceramic,کاشی و سرامیک,57616105980228781,72189.6,71829.9,72053.5,TSETMC
2024-02-13,1402/11/24,1402,11,24,cement,سیمان، آهک و گچ,70077233737515808,25415.4,25296.7,25296.7,TSETMC
2024-02-13,1402/11/24,1402,11,24,tile_ceramic,کاشی و سرامیک,57616105980228781,72262.8,71566.2,71566.2,TSETMC
2024-02-14,1402/11/25,1402,11,25,cement,سیمان، آهک و گچ,70077233737515808,25279.3,25095.4,25095.6,TSETMC
2024-02-14,1402/11/25,1402,11,25,tile_ceramic,کاشی و سرامیک,57616105980228781,70902.2,69366.8,69366.8,TSETMC
2024-02-17,1402/11/28,1402,11,28,cement,سیمان، آهک و گچ,70077233737515808,25209.5,25083.0,25083.2,TSETMC
2024-02-17,1402/11/28,1402,11,28,tile_ceramic,کاشی و سرامیک,57616105980228781,69712.8,69118.8,69118.8,TSETMC
2024-02-18,1402/11/29,1402,11,29,cement,سیمان، آهک و گچ,70077233737515808,25078.5,24974.8,25030.4,TSETMC
2024-02-18,1402/11/29,1402,11,29,tile_ceramic,کاشی و سرامیک,57616105980228781,68868.0,68398.6,68745.0,TSETMC
2024-02-19,1402/11/30,1402,11,30,cement,سیمان، آهک و گچ,70077233737515808,25189.7,25054.6,25189.3,TSETMC
2024-02-19,1402/11/30,1402,11,30,tile_ceramic,کاشی و سرامیک,57616105980228781,69402.2,69004.0,69381.1,TSETMC
2024-02-20,1402/12/01,1402,12,1,cement,سیمان، آهک و گچ,70077233737515808,25401.1,25188.0,25401.1,TSETMC
2024-02-20,1402/12/01,1402,12,1,tile_ceramic,کاشی و سرامیک,57616105980228781,69540.7,68957.2,68957.2,TSETMC
2024-02-21,1402/12/02,1402,12,2,cement,سیمان، آهک و گچ,70077233737515808,25657.0,25522.3,25657.0,TSETMC
2024-02-21,1402/12/02,1402,12,2,tile_ceramic,کاشی و سرامیک,57616105980228781,69137.3,68800.0,69121.1,TSETMC
2024-02-24,1402/12/05,1402,12,5,cement,سیمان، آهک و گچ,70077233737515808,25816.7,25684.3,25794.6,TSETMC
2024-02-24,1402/12/05,1402,12,5,tile_ceramic,کاشی و سرامیک,57616105980228781,69354.9,69138.0,69314.3,TSETMC
2024-02-26,1402/12/07,1402,12,7,cement,سیمان، آهک و گچ,70077233737515808,25915.7,25683.6,25688.1,TSETMC
2024-02-26,1402/12/07,1402,12,7,tile_ceramic,کاشی و سرامیک,57616105980228781,69355.2,68543.5,68543.5,TSETMC
2024-02-27,1402/12/08,1402,12,8,cement,سیمان، آهک و گچ,70077233737515808,25564.9,25358.7,25360.5,TSETMC
2024-02-27,1402/12/08,1402,12,8,tile_ceramic,کاشی و سرامیک,57616105980228781,68504.4,67484.6,67484.6,TSETMC
2024-02-28,1402/12/09,1402,12,9,cement,سیمان، آهک و گچ,70077233737515808,25355.9,25259.9,25326.7,TSETMC
2024-02-28,1402/12/09,1402,12,9,tile_ceramic,کاشی و سرامیک,57616105980228781,67736.2,67506.9,67671.9,TSETMC
2024-03-02,1402/12/12,1402,12,12,cement,سیمان، آهک و گچ,70077233737515808,25544.0,25322.8,25431.5,TSETMC
2024-03-02,1402/12/12,1402,12,12,tile_ceramic,کاشی و سرامیک,57616105980228781,69125.7,67677.9,69125.7,TSETMC
2024-03-03,1402/12/13,1402,12,13,cement,سیمان، آهک و گچ,70077233737515808,25732.8,25510.6,25677.0,TSETMC
2024-03-03,1402/12/13,1402,12,13,tile_ceramic,کاشی و سرامیک,57616105980228781,70875.1,69366.5,70746.3,TSETMC
2024-03-04,1402/12/14,1402,12,14,cement,سیمان، آهک و گچ,70077233737515808,25675.8,25527.4,25527.4,TSETMC
2024-03-04,1402/12/14,1402,12,14,tile_ceramic,کاشی و سرامیک,57616105980228781,70692.6,69396.9,69396.9,TSETMC
2024-03-05,1402/12/15,1402,12,15,cement,سیمان، آهک و گچ,70077233737515808,25670.0,25556.0,25668.5,TSETMC
2024-03-05,1402/12/15,1402,12,15,tile_ceramic,کاشی و سرامیک,57616105980228781,69889.2,69368.3,69823.9,TSETMC
2024-03-06,1402/12/16,1402,12,16,cement,سیمان، آهک و گچ,70077233737515808,25670.3,25622.7,25651.6,TSETMC
2024-03-06,1402/12/16,1402,12,16,tile_ceramic,کاشی و سرامیک,57616105980228781,69962.6,69675.1,69675.1,TSETMC
2024-03-09,1402/12/19,1402,12,19,cement,سیمان، آهک و گچ,70077233737515808,25622.8,25575.6,25603.0,TSETMC
2024-03-09,1402/12/19,1402,12,19,tile_ceramic,کاشی و سرامیک,57616105980228781,70172.7,69695.8,70172.7,TSETMC
2024-03-10,1402/12/20,1402,12,20,cement,سیمان، آهک و گچ,70077233737515808,25718.6,25623.2,25686.5,TSETMC
2024-03-10,1402/12/20,1402,12,20,tile_ceramic,کاشی و سرامیک,57616105980228781,70156.1,69720.6,69720.6,TSETMC
2024-03-11,1402/12/21,1402,12,21,cement,سیمان، آهک و گچ,70077233737515808,25791.2,25688.1,25688.1,TSETMC
2024-03-11,1402/12/21,1402,12,21,tile_ceramic,کاشی و سرامیک,57616105980228781,69687.6,69236.8,69236.8,TSETMC
2024-03-12,1402/12/22,1402,12,22,cement,سیمان، آهک و گچ,70077233737515808,25618.8,25457.7,25457.7,TSETMC
2024-03-12,1402/12/22,1402,12,22,tile_ceramic,کاشی و سرامیک,57616105980228781,69238.2,68882.1,68882.1,TSETMC
2024-03-13,1402/12/23,1402,12,23,cement,سیمان، آهک و گچ,70077233737515808,25446.2,25286.3,25293.0,TSETMC
2024-03-13,1402/12/23,1402,12,23,tile_ceramic,کاشی و سرامیک,57616105980228781,68961.1,68854.3,68893.5,TSETMC
2024-03-16,1402/12/26,1402,12,26,cement,سیمان، آهک و گچ,70077233737515808,25280.1,25078.2,25078.2,TSETMC
2024-03-16,1402/12/26,1402,12,26,tile_ceramic,کاشی و سرامیک,57616105980228781,69065.1,68979.2,68979.2,TSETMC
2024-03-17,1402/12/27,1402,12,27,cement,سیمان، آهک و گچ,70077233737515808,25037.2,24989.6,25018.2,TSETMC
2024-03-17,1402/12/27,1402,12,27,tile_ceramic,کاشی و سرامیک,57616105980228781,69248.6,68989.2,69248.3,TSETMC
2024-03-18,1402/12/28,1402,12,28,cement,سیمان، آهک و گچ,70077233737515808,25210.3,25029.6,25210.3,TSETMC
2024-03-18,1402/12/28,1402,12,28,tile_ceramic,کاشی و سرامیک,57616105980228781,69585.4,69336.0,69585.4,TSETMC
2024-03-24,1403/01/05,1403,1,5,cement,سیمان، آهک و گچ,70077233737515808,25620.9,25207.9,25620.9,TSETMC
2024-03-24,1403/01/05,1403,1,5,tile_ceramic,کاشی و سرامیک,57616105980228781,71118.3,69716.4,71118.3,TSETMC
2024-03-25,1403/01/06,1403,1,6,cement,سیمان، آهک و گچ,70077233737515808,25894.7,25667.1,25894.7,TSETMC
2024-03-25,1403/01/06,1403,1,6,tile_ceramic,کاشی و سرامیک,57616105980228781,71781.5,71392.3,71760.9,TSETMC
2024-03-26,1403/01/07,1403,1,7,cement,سیمان، آهک و گچ,70077233737515808,25896.7,25845.7,25881.2,TSETMC
2024-03-26,1403/01/07,1403,1,7,tile_ceramic,کاشی و سرامیک,57616105980228781,72642.1,71782.9,72528.3,TSETMC
2024-03-27,1403/01/08,1403,1,8,cement,سیمان، آهک و گچ,70077233737515808,25970.7,25883.8,25970.7,TSETMC
2024-03-27,1403/01/08,1403,1,8,tile_ceramic,کاشی و سرامیک,57616105980228781,74401.7,72978.0,74248.9,TSETMC
2024-03-30,1403/01/11,1403,1,11,cement,سیمان، آهک و گچ,70077233737515808,26231.4,25974.3,26231.4,TSETMC
2024-03-30,1403/01/11,1403,1,11,tile_ceramic,کاشی و سرامیک,57616105980228781,75323.0,74711.2,74711.2,TSETMC
2024-04-02,1403/01/14,1403,1,14,cement,سیمان، آهک و گچ,70077233737515808,26377.3,26149.7,26377.3,TSETMC
2024-04-02,1403/01/14,1403,1,14,tile_ceramic,کاشی و سرامیک,57616105980228781,73861.0,73563.8,73583.3,TSETMC
2024-04-03,1403/01/15,1403,1,15,cement,سیمان، آهک و گچ,70077233737515808,26588.7,26408.3,26588.7,TSETMC
2024-04-03,1403/01/15,1403,1,15,tile_ceramic,کاشی و سرامیک,57616105980228781,73617.2,72533.3,72533.3,TSETMC
2024-04-06,1403/01/18,1403,1,18,cement,سیمان، آهک و گچ,70077233737515808,26709.5,26435.6,26435.6,TSETMC
2024-04-06,1403/01/18,1403,1,18,tile_ceramic,کاشی و سرامیک,57616105980228781,72530.9,69143.7,69143.7,TSETMC
2024-04-07,1403/01/19,1403,1,19,cement,سیمان، آهک و گچ,70077233737515808,26414.8,26293.5,26293.5,TSETMC
2024-04-07,1403/01/19,1403,1,19,tile_ceramic,کاشی و سرامیک,57616105980228781,69254.7,68992.2,69024.6,TSETMC
2024-04-08,1403/01/20,1403,1,20,cement,سیمان، آهک و گچ,70077233737515808,26565.1,26351.0,26565.1,TSETMC
2024-04-08,1403/01/20,1403,1,20,tile_ceramic,کاشی و سرامیک,57616105980228781,69569.9,69070.1,69569.9,TSETMC
2024-04-09,1403/01/21,1403,1,21,cement,سیمان، آهک و گچ,70077233737515808,26678.4,26557.2,26678.4,TSETMC
2024-04-09,1403/01/21,1403,1,21,tile_ceramic,کاشی و سرامیک,57616105980228781,69994.2,69613.5,69771.9,TSETMC
2024-04-13,1403/01/25,1403,1,25,cement,سیمان، آهک و گچ,70077233737515808,26534.2,25915.5,25915.5,TSETMC
2024-04-13,1403/01/25,1403,1,25,tile_ceramic,کاشی و سرامیک,57616105980228781,68929.9,66165.8,66165.8,TSETMC
2024-04-14,1403/01/26,1403,1,26,cement,سیمان، آهک و گچ,70077233737515808,25873.6,25778.9,25780.4,TSETMC
2024-04-14,1403/01/26,1403,1,26,tile_ceramic,کاشی و سرامیک,57616105980228781,66131.6,65794.2,65794.2,TSETMC
2024-04-15,1403/01/27,1403,1,27,cement,سیمان، آهک و گچ,70077233737515808,25881.6,25789.8,25881.6,TSETMC
2024-04-15,1403/01/27,1403,1,27,tile_ceramic,کاشی و سرامیک,57616105980228781,66149.9,65834.0,66149.9,TSETMC
2024-04-16,1403/01/28,1403,1,28,cement,سیمان، آهک و گچ,70077233737515808,25872.9,25800.5,25803.8,TSETMC
2024-04-16,1403/01/28,1403,1,28,tile_ceramic,کاشی و سرامیک,57616105980228781,66129.9,65769.5,65769.8,TSETMC
2024-04-17,1403/01/29,1403,1,29,cement,سیمان، آهک و گچ,70077233737515808,25806.1,25796.1,25803.8,TSETMC
2024-04-17,1403/01/29,1403,1,29,tile_ceramic,کاشی و سرامیک,57616105980228781,66086.1,65785.3,66083.4,TSETMC
2024-04-20,1403/02/01,1403,2,1,cement,سیمان، آهک و گچ,70077233737515808,26196.3,25864.0,26196.3,TSETMC
2024-04-20,1403/02/01,1403,2,1,tile_ceramic,کاشی و سرامیک,57616105980228781,68376.9,66432.8,68376.9,TSETMC
2024-04-21,1403/02/02,1403,2,2,cement,سیمان، آهک و گچ,70077233737515808,26216.3,26162.2,26212.1,TSETMC
2024-04-21,1403/02/02,1403,2,2,tile_ceramic,کاشی و سرامیک,57616105980228781,69289.5,68586.3,69127.2,TSETMC
2024-04-22,1403/02/03,1403,2,3,cement,سیمان، آهک و گچ,70077233737515808,26351.0,26161.0,26351.0,TSETMC
2024-04-22,1403/02/03,1403,2,3,tile_ceramic,کاشی و سرامیک,57616105980228781,70651.8,69193.0,70604.6,TSETMC
2024-04-23,1403/02/04,1403,2,4,cement,سیمان، آهک و گچ,70077233737515808,26436.9,26399.3,26399.3,TSETMC
2024-04-23,1403/02/04,1403,2,4,tile_ceramic,کاشی و سرامیک,57616105980228781,70690.2,70195.6,70195.6,TSETMC
2024-04-24,1403/02/05,1403,2,5,cement,سیمان، آهک و گچ,70077233737515808,26543.5,26483.4,26523.7,TSETMC
2024-04-24,1403/02/05,1403,2,5,tile_ceramic,کاشی و سرامیک,57616105980228781,70728.1,70198.1,70728.1,TSETMC
2024-04-27,1403/02/08,1403,2,8,cement,سیمان، آهک و گچ,70077233737515808,26661.1,26582.6,26589.8,TSETMC
2024-04-27,1403/02/08,1403,2,8,tile_ceramic,کاشی و سرامیک,57616105980228781,71105.5,70748.0,70808.7,TSETMC
2024-04-28,1403/02/09,1403,2,9,cement,سیمان، آهک و گچ,70077233737515808,26736.5,26591.9,26595.5,TSETMC
2024-04-28,1403/02/09,1403,2,9,tile_ceramic,کاشی و سرامیک,57616105980228781,70793.0,69955.5,69955.5,TSETMC
2024-04-29,1403/02/10,1403,2,10,cement,سیمان، آهک و گچ,70077233737515808,26544.9,26448.7,26448.7,TSETMC
2024-04-29,1403/02/10,1403,2,10,tile_ceramic,کاشی و سرامیک,57616105980228781,70266.2,69945.4,70217.6,TSETMC
2024-04-30,1403/02/11,1403,2,11,cement,سیمان، آهک و گچ,70077233737515808,26446.0,26249.6,26249.9,TSETMC
2024-04-30,1403/02/11,1403,2,11,tile_ceramic,کاشی و سرامیک,57616105980228781,70217.8,69613.2,69613.2,TSETMC
2024-05-01,1403/02/12,1403,2,12,cement,سیمان، آهک و گچ,70077233737515808,26323.2,26259.2,26318.6,TSETMC
2024-05-01,1403/02/12,1403,2,12,tile_ceramic,کاشی و سرامیک,57616105980228781,69890.1,69606.3,69682.9,TSETMC
2024-05-05,1403/02/16,1403,2,16,cement,سیمان، آهک و گچ,70077233737515808,26426.2,26333.1,26403.5,TSETMC
2024-05-05,1403/02/16,1403,2,16,tile_ceramic,کاشی و سرامیک,57616105980228781,70150.9,69781.5,69781.5,TSETMC
2024-05-06,1403/02/17,1403,2,17,cement,سیمان، آهک و گچ,70077233737515808,26501.1,26379.7,26379.7,TSETMC
2024-05-06,1403/02/17,1403,2,17,tile_ceramic,کاشی و سرامیک,57616105980228781,69955.5,69752.2,69752.2,TSETMC
2024-05-07,1403/02/18,1403,2,18,cement,سیمان، آهک و گچ,70077233737515808,26368.2,26198.2,26206.3,TSETMC
2024-05-07,1403/02/18,1403,2,18,tile_ceramic,کاشی و سرامیک,57616105980228781,69912.6,69309.0,69309.0,TSETMC
2024-05-08,1403/02/19,1403,2,19,cement,سیمان، آهک و گچ,70077233737515808,26194.6,26117.9,26122.3,TSETMC
2024-05-08,1403/02/19,1403,2,19,tile_ceramic,کاشی و سرامیک,57616105980228781,69189.3,68591.9,68591.9,TSETMC
2024-05-11,1403/02/22,1403,2,22,cement,سیمان، آهک و گچ,70077233737515808,26125.4,25939.7,25939.7,TSETMC
2024-05-11,1403/02/22,1403,2,22,tile_ceramic,کاشی و سرامیک,57616105980228781,68673.1,68351.5,68351.5,TSETMC
2024-05-12,1403/02/23,1403,2,23,cement,سیمان، آهک و گچ,70077233737515808,25928.0,25722.6,25722.6,TSETMC
2024-05-12,1403/02/23,1403,2,23,tile_ceramic,کاشی و سرامیک,57616105980228781,68556.1,67872.8,67872.8,TSETMC
2024-05-13,1403/02/24,1403,2,24,cement,سیمان، آهک و گچ,70077233737515808,25707.8,25283.5,25290.9,TSETMC
2024-05-13,1403/02/24,1403,2,24,tile_ceramic,کاشی و سرامیک,57616105980228781,67633.5,65639.1,65639.1,TSETMC
2024-05-14,1403/02/25,1403,2,25,cement,سیمان، آهک و گچ,70077233737515808,25298.8,25180.7,25180.7,TSETMC
2024-05-14,1403/02/25,1403,2,25,tile_ceramic,کاشی و سرامیک,57616105980228781,65715.9,65321.1,65321.1,TSETMC
2024-05-15,1403/02/26,1403,2,26,cement,سیمان، آهک و گچ,70077233737515808,25171.7,25084.7,25086.0,TSETMC
2024-05-15,1403/02/26,1403,2,26,tile_ceramic,کاشی و سرامیک,57616105980228781,65322.0,65005.9,65319.4,TSETMC
2024-05-18,1403/02/29,1403,2,29,cement,سیمان، آهک و گچ,70077233737515808,25084.1,24983.6,24988.2,TSETMC
2024-05-18,1403/02/29,1403,2,29,tile_ceramic,کاشی و سرامیک,57616105980228781,65867.5,65528.9,65528.9,TSETMC
2024-05-19,1403/02/30,1403,2,30,cement,سیمان، آهک و گچ,70077233737515808,24940.5,24205.1,24205.1,TSETMC
2024-05-19,1403/02/30,1403,2,30,tile_ceramic,کاشی و سرامیک,57616105980228781,65249.1,62541.5,62541.5,TSETMC
2024-05-20,1403/02/31,1403,2,31,cement,سیمان، آهک و گچ,70077233737515808,24205.1,24205.1,24205.1,TSETMC
2024-05-20,1403/02/31,1403,2,31,tile_ceramic,کاشی و سرامیک,57616105980228781,62541.5,62541.5,62541.5,TSETMC
2024-05-21,1403/03/01,1403,3,1,cement,سیمان، آهک و گچ,70077233737515808,24214.4,24187.4,24188.1,TSETMC
2024-05-21,1403/03/01,1403,3,1,tile_ceramic,کاشی و سرامیک,57616105980228781,62508.6,62341.6,62341.6,TSETMC
2024-05-25,1403/03/05,1403,3,5,cement,سیمان، آهک و گچ,70077233737515808,24190.1,24035.0,24037.7,TSETMC
2024-05-25,1403/03/05,1403,3,5,tile_ceramic,کاشی و سرامیک,57616105980228781,62238.3,61947.6,61947.6,TSETMC
2024-05-26,1403/03/06,1403,3,6,cement,سیمان، آهک و گچ,70077233737515808,24004.5,23900.2,23908.5,TSETMC
2024-05-26,1403/03/06,1403,3,6,tile_ceramic,کاشی و سرامیک,57616105980228781,61904.8,61651.6,61651.6,TSETMC
2024-05-27,1403/03/07,1403,3,7,cement,سیمان، آهک و گچ,70077233737515808,23886.8,23714.2,23724.9,TSETMC
2024-05-27,1403/03/07,1403,3,7,tile_ceramic,کاشی و سرامیک,57616105980228781,61626.9,61253.4,61254.7,TSETMC
2024-05-28,1403/03/08,1403,3,8,cement,سیمان، آهک و گچ,70077233737515808,23792.1,23712.9,23792.1,TSETMC
2024-05-28,1403/03/08,1403,3,8,tile_ceramic,کاشی و سرامیک,57616105980228781,61281.5,61063.1,61281.5,TSETMC
2024-05-29,1403/03/09,1403,3,9,cement,سیمان، آهک و گچ,70077233737515808,23826.2,23788.9,23802.6,TSETMC
2024-05-29,1403/03/09,1403,3,9,tile_ceramic,کاشی و سرامیک,57616105980228781,61535.8,61114.6,61535.8,TSETMC
2024-06-01,1403/03/12,1403,3,12,cement,سیمان، آهک و گچ,70077233737515808,23857.9,23778.7,23779.2,TSETMC
2024-06-01,1403/03/12,1403,3,12,tile_ceramic,کاشی و سرامیک,57616105980228781,61598.8,61090.9,61090.9,TSETMC
2024-06-02,1403/03/13,1403,3,13,cement,سیمان، آهک و گچ,70077233737515808,23842.1,23763.6,23795.6,TSETMC
2024-06-02,1403/03/13,1403,3,13,tile_ceramic,کاشی و سرامیک,57616105980228781,61089.7,60428.9,60428.9,TSETMC
2024-06-05,1403/03/16,1403,3,16,cement,سیمان، آهک و گچ,70077233737515808,23779.4,23643.9,23645.5,TSETMC
2024-06-05,1403/03/16,1403,3,16,tile_ceramic,کاشی و سرامیک,57616105980228781,60413.2,59901.6,59901.6,TSETMC
2024-06-08,1403/03/19,1403,3,19,cement,سیمان، آهک و گچ,70077233737515808,23638.4,23496.4,23501.4,TSETMC
2024-06-08,1403/03/19,1403,3,19,tile_ceramic,کاشی و سرامیک,57616105980228781,59853.3,59298.3,59324.9,TSETMC
2024-06-09,1403/03/20,1403,3,20,cement,سیمان، آهک و گچ,70077233737515808,23481.4,23391.6,23396.8,TSETMC
2024-06-09,1403/03/20,1403,3,20,tile_ceramic,کاشی و سرامیک,57616105980228781,59299.7,59047.3,59050.9,TSETMC
2024-06-10,1403/03/21,1403,3,21,cement,سیمان، آهک و گچ,70077233737515808,23453.0,23380.5,23450.2,TSETMC
2024-06-10,1403/03/21,1403,3,21,tile_ceramic,کاشی و سرامیک,57616105980228781,59201.8,59018.4,59201.8,TSETMC
2024-06-11,1403/03/22,1403,3,22,cement,سیمان، آهک و گچ,70077233737515808,23599.5,23457.3,23598.7,TSETMC
2024-06-11,1403/03/22,1403,3,22,tile_ceramic,کاشی و سرامیک,57616105980228781,59166.0,59031.5,59099.4,TSETMC
2024-06-12,1403/03/23,1403,3,23,cement,سیمان، آهک و گچ,70077233737515808,23706.0,23609.4,23699.5,TSETMC
2024-06-12,1403/03/23,1403,3,23,tile_ceramic,کاشی و سرامیک,57616105980228781,59280.5,59025.8,59236.7,TSETMC
2024-06-15,1403/03/26,1403,3,26,cement,سیمان، آهک و گچ,70077233737515808,23699.2,23625.7,23625.7,TSETMC
2024-06-15,1403/03/26,1403,3,26,tile_ceramic,کاشی و سرامیک,57616105980228781,59240.7,58750.3,58750.3,TSETMC
2024-06-16,1403/03/27,1403,3,27,cement,سیمان، آهک و گچ,70077233737515808,23615.1,23540.0,23540.8,TSETMC
2024-06-16,1403/03/27,1403,3,27,tile_ceramic,کاشی و سرامیک,57616105980228781,58710.0,58489.7,58489.7,TSETMC
2024-06-18,1403/03/29,1403,3,29,cement,سیمان، آهک و گچ,70077233737515808,23633.2,23543.4,23629.6,TSETMC
2024-06-18,1403/03/29,1403,3,29,tile_ceramic,کاشی و سرامیک,57616105980228781,58498.8,58447.5,58494.1,TSETMC
2024-06-19,1403/03/30,1403,3,30,cement,سیمان، آهک و گچ,70077233737515808,23730.7,23639.3,23730.7,TSETMC
2024-06-19,1403/03/30,1403,3,30,tile_ceramic,کاشی و سرامیک,57616105980228781,58661.0,58477.0,58657.4,TSETMC
2024-06-22,1403/04/02,1403,4,2,cement,سیمان، آهک و گچ,70077233737515808,23811.6,23733.4,23811.6,TSETMC
2024-06-22,1403/04/02,1403,4,2,tile_ceramic,کاشی و سرامیک,57616105980228781,58721.9,58681.5,58691.9,TSETMC
2024-06-23,1403/04/03,1403,4,3,cement,سیمان، آهک و گچ,70077233737515808,23876.1,23815.3,23875.9,TSETMC
2024-06-23,1403/04/03,1403,4,3,tile_ceramic,کاشی و سرامیک,57616105980228781,58901.3,58611.2,58900.9,TSETMC
2024-06-24,1403/04/04,1403,4,4,cement,سیمان، آهک و گچ,70077233737515808,23984.9,23881.7,23984.9,TSETMC
2024-06-24,1403/04/04,1403,4,4,tile_ceramic,کاشی و سرامیک,57616105980228781,59499.4,58855.9,59499.4,TSETMC
2024-06-26,1403/04/06,1403,4,6,cement,سیمان، آهک و گچ,70077233737515808,24066.7,23992.2,24066.7,TSETMC
2024-06-26,1403/04/06,1403,4,6,tile_ceramic,کاشی و سرامیک,57616105980228781,60108.5,59602.6,60108.5,TSETMC
2024-06-29,1403/04/09,1403,4,9,cement,سیمان، آهک و گچ,70077233737515808,24418.7,24286.5,24416.7,TSETMC
2024-06-29,1403/04/09,1403,4,9,tile_ceramic,کاشی و سرامیک,57616105980228781,60887.6,60214.1,60887.6,TSETMC
2024-06-30,1403/04/10,1403,4,10,cement,سیمان، آهک و گچ,70077233737515808,24506.7,24384.0,24384.0,TSETMC
2024-06-30,1403/04/10,1403,4,10,tile_ceramic,کاشی و سرامیک,57616105980228781,60910.3,59659.8,59659.8,TSETMC
2024-07-01,1403/04/11,1403,4,11,cement,سیمان، آهک و گچ,70077233737515808,24426.2,24383.0,24426.1,TSETMC
2024-07-01,1403/04/11,1403,4,11,tile_ceramic,کاشی و سرامیک,57616105980228781,59642.4,59412.7,59479.3,TSETMC
2024-07-02,1403/04/12,1403,4,12,cement,سیمان، آهک و گچ,70077233737515808,24463.4,24429.2,24463.4,TSETMC
2024-07-02,1403/04/12,1403,4,12,tile_ceramic,کاشی و سرامیک,57616105980228781,60716.1,59501.5,60716.1,TSETMC
2024-07-03,1403/04/13,1403,4,13,cement,سیمان، آهک و گچ,70077233737515808,24512.0,24465.2,24512.0,TSETMC
2024-07-03,1403/04/13,1403,4,13,tile_ceramic,کاشی و سرامیک,57616105980228781,61881.5,61038.5,61881.5,TSETMC
2024-07-06,1403/04/16,1403,4,16,cement,سیمان، آهک و گچ,70077233737515808,25165.0,24625.9,25165.0,TSETMC
2024-07-06,1403/04/16,1403,4,16,tile_ceramic,کاشی و سرامیک,57616105980228781,64400.5,62421.6,64400.5,TSETMC
2024-07-07,1403/04/17,1403,4,17,cement,سیمان، آهک و گچ,70077233737515808,25686.2,25369.1,25686.2,TSETMC
2024-07-07,1403/04/17,1403,4,17,tile_ceramic,کاشی و سرامیک,57616105980228781,66987.9,64630.3,66987.9,TSETMC
2024-07-08,1403/04/18,1403,4,18,cement,سیمان، آهک و گچ,70077233737515808,25675.6,25660.3,25662.1,TSETMC
2024-07-08,1403/04/18,1403,4,18,tile_ceramic,کاشی و سرامیک,57616105980228781,67590.7,67214.8,67590.4,TSETMC
2024-07-09,1403/04/19,1403,4,19,cement,سیمان، آهک و گچ,70077233737515808,25722.2,25648.5,25704.0,TSETMC
2024-07-09,1403/04/19,1403,4,19,tile_ceramic,کاشی و سرامیک,57616105980228781,67713.0,67247.6,67713.0,TSETMC
2024-07-10,1403/04/20,1403,4,20,cement,سیمان، آهک و گچ,70077233737515808,26042.6,25716.8,26040.2,TSETMC
2024-07-10,1403/04/20,1403,4,20,tile_ceramic,کاشی و سرامیک,57616105980228781,67619.0,67263.0,67265.2,TSETMC
2024-07-13,1403/04/23,1403,4,23,cement,سیمان، آهک و گچ,70077233737515808,26301.0,26048.5,26301.0,TSETMC
2024-07-13,1403/04/23,1403,4,23,tile_ceramic,کاشی و سرامیک,57616105980228781,67487.6,67261.8,67385.4,TSETMC
2024-07-14,1403/04/24,1403,4,24,cement,سیمان، آهک و گچ,70077233737515808,26375.2,26323.0,26375.2,TSETMC
2024-07-14,1403/04/24,1403,4,24,tile_ceramic,کاشی و سرامیک,57616105980228781,67690.4,67271.8,67271.8,TSETMC
2024-07-17,1403/04/27,1403,4,27,cement,سیمان، آهک و گچ,70077233737515808,26428.3,26394.7,26425.7,TSETMC
2024-07-17,1403/04/27,1403,4,27,tile_ceramic,کاشی و سرامیک,57616105980228781,67211.2,66974.6,66989.5,TSETMC
2024-07-20,1403/04/30,1403,4,30,cement,سیمان، آهک و گچ,70077233737515808,26470.5,26402.9,26402.9,TSETMC
2024-07-20,1403/04/30,1403,4,30,tile_ceramic,کاشی و سرامیک,57616105980228781,67099.5,66982.7,67092.8,TSETMC
2024-07-21,1403/04/31,1403,4,31,cement,سیمان، آهک و گچ,70077233737515808,26407.8,26253.5,26253.5,TSETMC
2024-07-21,1403/04/31,1403,4,31,tile_ceramic,کاشی و سرامیک,57616105980228781,67091.4,66984.6,66984.6,TSETMC
2024-07-22,1403/05/01,1403,5,1,cement,سیمان، آهک و گچ,70077233737515808,26332.5,26290.0,26332.5,TSETMC
2024-07-22,1403/05/01,1403,5,1,tile_ceramic,کاشی و سرامیک,57616105980228781,66975.1,66591.9,66639.2,TSETMC
2024-07-23,1403/05/02,1403,5,2,cement,سیمان، آهک و گچ,70077233737515808,26471.0,26377.6,26471.0,TSETMC
2024-07-23,1403/05/02,1403,5,2,tile_ceramic,کاشی و سرامیک,57616105980228781,67348.6,66651.0,67281.7,TSETMC
2024-07-24,1403/05/03,1403,5,3,cement,سیمان، آهک و گچ,70077233737515808,26609.9,26483.1,26608.2,TSETMC
2024-07-24,1403/05/03,1403,5,3,tile_ceramic,کاشی و سرامیک,57616105980228781,67226.5,66635.8,66759.8,TSETMC
2024-07-27,1403/05/06,1403,5,6,cement,سیمان، آهک و گچ,70077233737515808,26650.0,26624.1,26625.9,TSETMC
2024-07-27,1403/05/06,1403,5,6,tile_ceramic,کاشی و سرامیک,57616105980228781,66814.5,66370.4,66370.6,TSETMC
2024-07-29,1403/05/08,1403,5,8,cement,سیمان، آهک و گچ,70077233737515808,26597.6,26428.6,26428.6,TSETMC
2024-07-29,1403/05/08,1403,5,8,tile_ceramic,کاشی و سرامیک,57616105980228781,66340.5,64831.2,64831.2,TSETMC
2024-07-30,1403/05/09,1403,5,9,cement,سیمان، آهک و گچ,70077233737515808,26459.3,26417.9,26451.3,TSETMC
2024-07-30,1403/05/09,1403,5,9,tile_ceramic,کاشی و سرامیک,57616105980228781,64871.9,64592.9,64592.9,TSETMC
2024-07-31,1403/05/10,1403,5,10,cement,سیمان، آهک و گچ,70077233737515808,26400.1,26048.3,26048.3,TSETMC
2024-07-31,1403/05/10,1403,5,10,tile_ceramic,کاشی و سرامیک,57616105980228781,63577.5,62405.0,62405.0,TSETMC
2024-08-03,1403/05/13,1403,5,13,cement,سیمان، آهک و گچ,70077233737515808,25971.2,25254.7,25254.7,TSETMC
2024-08-03,1403/05/13,1403,5,13,tile_ceramic,کاشی و سرامیک,57616105980228781,62137.2,59198.6,59198.6,TSETMC
2024-08-04,1403/05/14,1403,5,14,cement,سیمان، آهک و گچ,70077233737515808,25286.3,25244.6,25286.3,TSETMC
2024-08-04,1403/05/14,1403,5,14,tile_ceramic,کاشی و سرامیک,57616105980228781,59242.1,59128.7,59173.3,TSETMC
2024-08-05,1403/05/15,1403,5,15,cement,سیمان، آهک و گچ,70077233737515808,25301.6,25288.7,25301.6,TSETMC
2024-08-05,1403/05/15,1403,5,15,tile_ceramic,کاشی و سرامیک,57616105980228781,59166.7,59075.8,59075.8,TSETMC
2024-08-06,1403/05/16,1403,5,16,cement,سیمان، آهک و گچ,70077233737515808,25326.5,25302.7,25322.8,TSETMC
2024-08-06,1403/05/16,1403,5,16,tile_ceramic,کاشی و سرامیک,57616105980228781,59075.0,58884.9,58884.9,TSETMC
2024-08-07,1403/05/17,1403,5,17,cement,سیمان، آهک و گچ,70077233737515808,25322.8,25322.8,25322.8,TSETMC
2024-08-07,1403/05/17,1403,5,17,tile_ceramic,کاشی و سرامیک,57616105980228781,58884.9,58884.9,58884.9,TSETMC
2024-08-10,1403/05/20,1403,5,20,cement,سیمان، آهک و گچ,70077233737515808,25342.8,25319.2,25341.6,TSETMC
2024-08-10,1403/05/20,1403,5,20,tile_ceramic,کاشی و سرامیک,57616105980228781,58878.5,58843.6,58850.8,TSETMC
2024-08-11,1403/05/21,1403,5,21,cement,سیمان، آهک و گچ,70077233737515808,25375.5,25340.2,25375.5,TSETMC
2024-08-11,1403/05/21,1403,5,21,tile_ceramic,کاشی و سرامیک,57616105980228781,58840.8,58742.6,58800.1,TSETMC
2024-08-12,1403/05/22,1403,5,22,cement,سیمان، آهک و گچ,70077233737515808,25373.9,25353.5,25353.5,TSETMC
2024-08-12,1403/05/22,1403,5,22,tile_ceramic,کاشی و سرامیک,57616105980228781,58793.6,58712.0,58716.9,TSETMC
2024-08-13,1403/05/23,1403,5,23,cement,سیمان، آهک و گچ,70077233737515808,25351.7,25286.0,25286.0,TSETMC
2024-08-13,1403/05/23,1403,5,23,tile_ceramic,کاشی و سرامیک,57616105980228781,58699.4,58504.6,58504.6,TSETMC
2024-08-14,1403/05/24,1403,5,24,cement,سیمان، آهک و گچ,70077233737515808,25333.7,25285.1,25333.7,TSETMC
2024-08-14,1403/05/24,1403,5,24,tile_ceramic,کاشی و سرامیک,57616105980228781,58595.6,58424.5,58595.6,TSETMC
2024-08-17,1403/05/27,1403,5,27,cement,سیمان، آهک و گچ,70077233737515808,25434.8,25348.7,25434.8,TSETMC
2024-08-17,1403/05/27,1403,5,27,tile_ceramic,کاشی و سرامیک,57616105980228781,58987.3,58629.5,58987.3,TSETMC
2024-08-18,1403/05/28,1403,5,28,cement,سیمان، آهک و گچ,70077233737515808,25553.1,25452.3,25553.1,TSETMC
2024-08-18,1403/05/28,1403,5,28,tile_ceramic,کاشی و سرامیک,57616105980228781,59428.3,59022.3,59428.3,TSETMC
2024-08-19,1403/05/29,1403,5,29,cement,سیمان، آهک و گچ,70077233737515808,25633.1,25569.7,25631.1,TSETMC
2024-08-19,1403/05/29,1403,5,29,tile_ceramic,کاشی و سرامیک,57616105980228781,59773.5,59447.5,59773.5,TSETMC
2024-08-20,1403/05/30,1403,5,30,cement,سیمان، آهک و گچ,70077233737515808,25641.7,25633.7,25635.2,TSETMC
2024-08-20,1403/05/30,1403,5,30,tile_ceramic,کاشی و سرامیک,57616105980228781,60006.7,59863.0,60005.9,TSETMC
2024-08-21,1403/05/31,1403,5,31,cement,سیمان، آهک و گچ,70077233737515808,25678.8,25634.6,25678.8,TSETMC
2024-08-21,1403/05/31,1403,5,31,tile_ceramic,کاشی و سرامیک,57616105980228781,60141.2,60033.5,60141.2,TSETMC
2024-08-24,1403/06/03,1403,6,3,cement,سیمان، آهک و گچ,70077233737515808,25777.5,25693.2,25777.5,TSETMC
2024-08-24,1403/06/03,1403,6,3,tile_ceramic,کاشی و سرامیک,57616105980228781,60382.5,60235.1,60369.3,TSETMC
2024-08-26,1403/06/05,1403,6,5,cement,سیمان، آهک و گچ,70077233737515808,25918.0,25799.3,25918.0,TSETMC
2024-08-26,1403/06/05,1403,6,5,tile_ceramic,کاشی و سرامیک,57616105980228781,60746.3,60433.1,60728.1,TSETMC
2024-08-27,1403/06/06,1403,6,6,cement,سیمان، آهک و گچ,70077233737515808,26089.1,25931.6,26089.1,TSETMC
2024-08-27,1403/06/06,1403,6,6,tile_ceramic,کاشی و سرامیک,57616105980228781,61391.9,60819.4,61391.9,TSETMC
2024-08-28,1403/06/07,1403,6,7,cement,سیمان، آهک و گچ,70077233737515808,26228.1,26119.0,26228.1,TSETMC
2024-08-28,1403/06/07,1403,6,7,tile_ceramic,کاشی و سرامیک,57616105980228781,62178.8,61524.0,62178.7,TSETMC
2024-08-31,1403/06/10,1403,6,10,cement,سیمان، آهک و گچ,70077233737515808,26472.4,26273.3,26472.4,TSETMC
2024-08-31,1403/06/10,1403,6,10,tile_ceramic,کاشی و سرامیک,57616105980228781,62986.7,62327.5,62986.7,TSETMC
2024-09-01,1403/06/11,1403,6,11,cement,سیمان، آهک و گچ,70077233737515808,26635.2,26535.9,26635.2,TSETMC
2024-09-01,1403/06/11,1403,6,11,tile_ceramic,کاشی و سرامیک,57616105980228781,63494.3,63164.6,63494.3,TSETMC
2024-09-03,1403/06/13,1403,6,13,cement,سیمان، آهک و گچ,70077233737515808,26715.9,26639.0,26715.9,TSETMC
2024-09-03,1403/06/13,1403,6,13,tile_ceramic,کاشی و سرامیک,57616105980228781,63658.3,63580.3,63627.2,TSETMC
2024-09-07,1403/06/17,1403,6,17,cement,سیمان، آهک و گچ,70077233737515808,26738.7,26619.3,26619.3,TSETMC
2024-09-07,1403/06/17,1403,6,17,tile_ceramic,کاشی و سرامیک,57616105980228781,63714.7,63580.6,63580.6,TSETMC
2024-09-08,1403/06/18,1403,6,18,cement,سیمان، آهک و گچ,70077233737515808,26619.6,26547.1,26551.2,TSETMC
2024-09-08,1403/06/18,1403,6,18,tile_ceramic,کاشی و سرامیک,57616105980228781,63940.4,63756.7,63756.7,TSETMC
2024-09-09,1403/06/19,1403,6,19,cement,سیمان، آهک و گچ,70077233737515808,26650.2,26588.6,26650.2,TSETMC
2024-09-09,1403/06/19,1403,6,19,tile_ceramic,کاشی و سرامیک,57616105980228781,64194.5,63944.0,64008.3,TSETMC
2024-09-10,1403/06/20,1403,6,20,cement,سیمان، آهک و گچ,70077233737515808,26763.5,26694.8,26763.5,TSETMC
2024-09-10,1403/06/20,1403,6,20,tile_ceramic,کاشی و سرامیک,57616105980228781,64484.1,64170.0,64476.3,TSETMC
2024-09-11,1403/06/21,1403,6,21,cement,سیمان، آهک و گچ,70077233737515808,26841.1,26765.9,26827.7,TSETMC
2024-09-11,1403/06/21,1403,6,21,tile_ceramic,کاشی و سرامیک,57616105980228781,64837.5,64413.9,64492.2,TSETMC
2024-09-14,1403/06/24,1403,6,24,cement,سیمان، آهک و گچ,70077233737515808,26862.2,26830.4,26854.5,TSETMC
2024-09-14,1403/06/24,1403,6,24,tile_ceramic,کاشی و سرامیک,57616105980228781,64632.4,64361.8,64436.9,TSETMC
2024-09-15,1403/06/25,1403,6,25,cement,سیمان، آهک و گچ,70077233737515808,26837.5,26751.2,26751.2,TSETMC
2024-09-15,1403/06/25,1403,6,25,tile_ceramic,کاشی و سرامیک,57616105980228781,64632.8,64314.1,64632.8,TSETMC
2024-09-16,1403/06/26,1403,6,26,cement,سیمان، آهک و گچ,70077233737515808,26803.4,26773.8,26779.4,TSETMC
2024-09-16,1403/06/26,1403,6,26,tile_ceramic,کاشی و سرامیک,57616105980228781,65124.3,64702.0,65124.3,TSETMC
2024-09-17,1403/06/27,1403,6,27,cement,سیمان، آهک و گچ,70077233737515808,26791.2,26769.6,26775.4,TSETMC
2024-09-17,1403/06/27,1403,6,27,tile_ceramic,کاشی و سرامیک,57616105980228781,65812.2,65165.8,65812.2,TSETMC
2024-09-18,1403/06/28,1403,6,28,cement,سیمان، آهک و گچ,70077233737515808,26825.9,26766.5,26825.9,TSETMC
2024-09-18,1403/06/28,1403,6,28,tile_ceramic,کاشی و سرامیک,57616105980228781,66407.4,66329.3,66329.3,TSETMC
2024-09-22,1403/07/01,1403,7,1,cement,سیمان، آهک و گچ,70077233737515808,26878.9,26860.0,26876.3,TSETMC
2024-09-22,1403/07/01,1403,7,1,tile_ceramic,کاشی و سرامیک,57616105980228781,67166.8,66799.7,67150.8,TSETMC
2024-09-23,1403/07/02,1403,7,2,cement,سیمان، آهک و گچ,70077233737515808,26956.9,26874.0,26956.9,TSETMC
2024-09-23,1403/07/02,1403,7,2,tile_ceramic,کاشی و سرامیک,57616105980228781,68526.2,67128.8,68526.2,TSETMC
2024-09-24,1403/07/03,1403,7,3,cement,سیمان، آهک و گچ,70077233737515808,27298.1,26972.7,27298.1,TSETMC
2024-09-24,1403/07/03,1403,7,3,tile_ceramic,کاشی و سرامیک,57616105980228781,69884.4,69128.8,69884.4,TSETMC
2024-09-25,1403/07/04,1403,7,4,cement,سیمان، آهک و گچ,70077233737515808,27432.1,27342.5,27432.1,TSETMC
2024-09-25,1403/07/04,1403,7,4,tile_ceramic,کاشی و سرامیک,57616105980228781,70112.2,69774.0,69777.4,TSETMC
2024-09-28,1403/07/07,1403,7,7,cement,سیمان، آهک و گچ,70077233737515808,27408.2,27341.8,27341.8,TSETMC
2024-09-28,1403/07/07,1403,7,7,tile_ceramic,کاشی و سرامیک,57616105980228781,69510.3,69424.4,69462.3,TSETMC
2024-09-29,1403/07/08,1403,7,8,cement,سیمان، آهک و گچ,70077233737515808,27333.5,27285.2,27292.5,TSETMC
2024-09-29,1403/07/08,1403,7,8,tile_ceramic,کاشی و سرامیک,57616105980228781,69240.4,69040.9,69159.5,TSETMC
2024-09-30,1403/07/09,1403,7,9,cement,سیمان، آهک و گچ,70077233737515808,27361.8,27297.5,27361.6,TSETMC
2024-09-30,1403/07/09,1403,7,9,tile_ceramic,کاشی و سرامیک,57616105980228781,69286.3,69148.6,69218.3,TSETMC
2024-10-01,1403/07/10,1403,7,10,cement,سیمان، آهک و گچ,70077233737515808,27360.8,27337.8,27337.8,TSETMC
2024-10-01,1403/07/10,1403,7,10,tile_ceramic,کاشی و سرامیک,57616105980228781,69174.0,68858.9,68858.9,TSETMC
2024-10-02,1403/07/11,1403,7,11,cement,سیمان، آهک و گچ,70077233737515808,27294.5,27249.1,27251.0,TSETMC
2024-10-02,1403/07/11,1403,7,11,tile_ceramic,کاشی و سرامیک,57616105980228781,68751.2,68579.6,68612.9,TSETMC
2024-10-05,1403/07/14,1403,7,14,cement,سیمان، آهک و گچ,70077233737515808,27243.3,27169.9,27169.9,TSETMC
2024-10-05,1403/07/14,1403,7,14,tile_ceramic,کاشی و سرامیک,57616105980228781,68544.9,68395.2,68395.2,TSETMC
2024-10-06,1403/07/15,1403,7,15,cement,سیمان، آهک و گچ,70077233737515808,27158.7,27127.1,27127.1,TSETMC
2024-10-06,1403/07/15,1403,7,15,tile_ceramic,کاشی و سرامیک,57616105980228781,68394.0,68239.8,68239.8,TSETMC
2024-10-07,1403/07/16,1403,7,16,cement,سیمان، آهک و گچ,70077233737515808,27096.4,27072.6,27096.3,TSETMC
2024-10-07,1403/07/16,1403,7,16,tile_ceramic,کاشی و سرامیک,57616105980228781,68148.6,67934.7,67934.7,TSETMC
2024-10-08,1403/07/17,1403,7,17,cement,سیمان، آهک و گچ,70077233737515808,27148.4,27090.9,27148.4,TSETMC
2024-10-08,1403/07/17,1403,7,17,tile_ceramic,کاشی و سرامیک,57616105980228781,67923.6,67748.2,67879.9,TSETMC
2024-10-09,1403/07/18,1403,7,18,cement,سیمان، آهک و گچ,70077233737515808,27241.7,27165.8,27241.7,TSETMC
2024-10-09,1403/07/18,1403,7,18,tile_ceramic,کاشی و سرامیک,57616105980228781,68033.7,67872.2,67925.4,TSETMC
2024-10-12,1403/07/21,1403,7,21,cement,سیمان، آهک و گچ,70077233737515808,27482.2,27271.0,27482.2,TSETMC
2024-10-12,1403/07/21,1403,7,21,tile_ceramic,کاشی و سرامیک,57616105980228781,67837.9,67758.6,67759.3,TSETMC
2024-10-13,1403/07/22,1403,7,22,cement,سیمان، آهک و گچ,70077233737515808,27712.7,27543.3,27712.7,TSETMC
2024-10-13,1403/07/22,1403,7,22,tile_ceramic,کاشی و سرامیک,57616105980228781,68046.7,67479.3,67502.6,TSETMC
2024-10-14,1403/07/23,1403,7,23,cement,سیمان، آهک و گچ,70077233737515808,27744.9,27537.3,27539.2,TSETMC
2024-10-14,1403/07/23,1403,7,23,tile_ceramic,کاشی و سرامیک,57616105980228781,67460.5,66246.3,66246.3,TSETMC
2024-10-15,1403/07/24,1403,7,24,cement,سیمان، آهک و گچ,70077233737515808,27515.6,27323.0,27323.0,TSETMC
2024-10-15,1403/07/24,1403,7,24,tile_ceramic,کاشی و سرامیک,57616105980228781,66098.9,64728.9,64728.9,TSETMC
2024-10-16,1403/07/25,1403,7,25,cement,سیمان، آهک و گچ,70077233737515808,27319.2,27242.6,27242.6,TSETMC
2024-10-16,1403/07/25,1403,7,25,tile_ceramic,کاشی و سرامیک,57616105980228781,64550.7,64034.9,64034.9,TSETMC
2024-10-19,1403/07/28,1403,7,28,cement,سیمان، آهک و گچ,70077233737515808,27232.8,26975.1,26975.1,TSETMC
2024-10-19,1403/07/28,1403,7,28,tile_ceramic,کاشی و سرامیک,57616105980228781,63999.1,63236.9,63236.9,TSETMC
2024-10-20,1403/07/29,1403,7,29,cement,سیمان، آهک و گچ,70077233737515808,26940.7,26648.2,26648.2,TSETMC
2024-10-20,1403/07/29,1403,7,29,tile_ceramic,کاشی و سرامیک,57616105980228781,63147.1,61756.9,61756.9,TSETMC
2024-10-21,1403/07/30,1403,7,30,cement,سیمان، آهک و گچ,70077233737515808,26529.7,26397.0,26397.1,TSETMC
2024-10-21,1403/07/30,1403,7,30,tile_ceramic,کاشی و سرامیک,57616105980228781,61450.3,61046.0,61450.3,TSETMC
2024-10-22,1403/08/01,1403,8,1,cement,سیمان، آهک و گچ,70077233737515808,26354.8,26115.2,26115.2,TSETMC
2024-10-22,1403/08/01,1403,8,1,tile_ceramic,کاشی و سرامیک,57616105980228781,61417.6,61284.9,61284.9,TSETMC
2024-10-23,1403/08/02,1403,8,2,cement,سیمان، آهک و گچ,70077233737515808,26075.7,25761.6,25766.3,TSETMC
2024-10-23,1403/08/02,1403,8,2,tile_ceramic,کاشی و سرامیک,57616105980228781,60931.1,60332.3,60332.3,TSETMC
2024-10-26,1403/08/05,1403,8,5,cement,سیمان، آهک و گچ,70077233737515808,25975.2,25761.0,25975.2,TSETMC
2024-10-26,1403/08/05,1403,8,5,tile_ceramic,کاشی و سرامیک,57616105980228781,61476.7,60224.2,61476.7,TSETMC
2024-10-27,1403/08/06,1403,8,6,cement,سیمان، آهک و گچ,70077233737515808,26269.2,26002.7,26269.2,TSETMC
2024-10-27,1403/08/06,1403,8,6,tile_ceramic,کاشی و سرامیک,57616105980228781,62351.1,61755.4,62351.1,TSETMC
2024-10-28,1403/08/07,1403,8,7,cement,سیمان، آهک و گچ,70077233737515808,26618.5,26356.7,26618.5,TSETMC
2024-10-28,1403/08/07,1403,8,7,tile_ceramic,کاشی و سرامیک,57616105980228781,62818.1,62528.8,62630.4,TSETMC
2024-10-29,1403/08/08,1403,8,8,cement,سیمان، آهک و گچ,70077233737515808,26747.2,26659.8,26731.0,TSETMC
2024-10-29,1403/08/08,1403,8,8,tile_ceramic,کاشی و سرامیک,57616105980228781,62363.9,61626.7,61630.4,TSETMC
2024-10-30,1403/08/09,1403,8,9,cement,سیمان، آهک و گچ,70077233737515808,26719.8,26673.9,26719.8,TSETMC
2024-10-30,1403/08/09,1403,8,9,tile_ceramic,کاشی و سرامیک,57616105980228781,61498.5,61206.0,61370.3,TSETMC
2024-11-02,1403/08/12,1403,8,12,cement,سیمان، آهک و گچ,70077233737515808,26788.0,26693.9,26693.9,TSETMC
2024-11-02,1403/08/12,1403,8,12,tile_ceramic,کاشی و سرامیک,57616105980228781,61435.5,61171.9,61171.9,TSETMC
2024-11-03,1403/08/13,1403,8,13,cement,سیمان، آهک و گچ,70077233737515808,26666.1,26342.1,26342.1,TSETMC
2024-11-03,1403/08/13,1403,8,13,tile_ceramic,کاشی و سرامیک,57616105980228781,61068.9,60220.9,60220.9,TSETMC
2024-11-04,1403/08/14,1403,8,14,cement,سیمان، آهک و گچ,70077233737515808,26320.0,26288.5,26295.0,TSETMC
2024-11-04,1403/08/14,1403,8,14,tile_ceramic,کاشی و سرامیک,57616105980228781,60031.8,59773.3,59857.1,TSETMC
2024-11-05,1403/08/15,1403,8,15,cement,سیمان، آهک و گچ,70077233737515808,26333.8,26312.9,26333.8,TSETMC
2024-11-05,1403/08/15,1403,8,15,tile_ceramic,کاشی و سرامیک,57616105980228781,60018.9,59890.7,59890.7,TSETMC
2024-11-06,1403/08/16,1403,8,16,cement,سیمان، آهک و گچ,70077233737515808,26407.8,26318.0,26332.7,TSETMC
2024-11-06,1403/08/16,1403,8,16,tile_ceramic,کاشی و سرامیک,57616105980228781,59283.5,58948.9,59283.5,TSETMC
2024-11-09,1403/08/19,1403,8,19,cement,سیمان، آهک و گچ,70077233737515808,26692.3,26363.8,26692.0,TSETMC
2024-11-09,1403/08/19,1403,8,19,tile_ceramic,کاشی و سرامیک,57616105980228781,60232.5,59423.8,60232.5,TSETMC
2024-11-10,1403/08/20,1403,8,20,cement,سیمان، آهک و گچ,70077233737515808,27116.5,26815.8,27116.5,TSETMC
2024-11-10,1403/08/20,1403,8,20,tile_ceramic,کاشی و سرامیک,57616105980228781,61159.4,60412.7,61159.4,TSETMC
2024-11-11,1403/08/21,1403,8,21,cement,سیمان، آهک و گچ,70077233737515808,27502.2,27262.6,27491.9,TSETMC
2024-11-11,1403/08/21,1403,8,21,tile_ceramic,کاشی و سرامیک,57616105980228781,61998.8,61291.2,61866.7,TSETMC
2024-11-12,1403/08/22,1403,8,22,cement,سیمان، آهک و گچ,70077233737515808,27543.0,27493.2,27504.3,TSETMC
2024-11-12,1403/08/22,1403,8,22,tile_ceramic,کاشی و سرامیک,57616105980228781,62210.4,61877.7,62155.6,TSETMC
2024-11-13,1403/08/23,1403,8,23,cement,سیمان، آهک و گچ,70077233737515808,27726.3,27519.5,27726.3,TSETMC
2024-11-13,1403/08/23,1403,8,23,tile_ceramic,کاشی و سرامیک,57616105980228781,63148.4,62133.3,63145.8,TSETMC
2024-11-16,1403/08/26,1403,8,26,cement,سیمان، آهک و گچ,70077233737515808,28284.6,27825.2,28284.6,TSETMC
2024-11-16,1403/08/26,1403,8,26,tile_ceramic,کاشی و سرامیک,57616105980228781,64522.4,63751.0,64522.4,TSETMC
2024-11-17,1403/08/27,1403,8,27,cement,سیمان، آهک و گچ,70077233737515808,28453.1,28375.2,28453.1,TSETMC
2024-11-17,1403/08/27,1403,8,27,tile_ceramic,کاشی و سرامیک,57616105980228781,64884.0,64623.9,64638.9,TSETMC
2024-11-18,1403/08/28,1403,8,28,cement,سیمان، آهک و گچ,70077233737515808,28948.2,28473.6,28948.2,TSETMC
2024-11-18,1403/08/28,1403,8,28,tile_ceramic,کاشی و سرامیک,57616105980228781,66117.1,64653.1,66117.1,TSETMC
2024-11-19,1403/08/29,1403,8,29,cement,سیمان، آهک و گچ,70077233737515808,29164.2,29015.8,29146.5,TSETMC
2024-11-19,1403/08/29,1403,8,29,tile_ceramic,کاشی و سرامیک,57616105980228781,66636.2,66141.3,66141.3,TSETMC
2024-11-20,1403/08/30,1403,8,30,cement,سیمان، آهک و گچ,70077233737515808,29280.9,29173.1,29280.9,TSETMC
2024-11-20,1403/08/30,1403,8,30,tile_ceramic,کاشی و سرامیک,57616105980228781,65921.7,64889.7,64889.7,TSETMC
2024-11-23,1403/09/03,1403,9,3,cement,سیمان، آهک و گچ,70077233737515808,29586.6,29402.3,29586.5,TSETMC
2024-11-23,1403/09/03,1403,9,3,tile_ceramic,کاشی و سرامیک,57616105980228781,65500.3,64780.1,65470.0,TSETMC
2024-11-24,1403/09/04,1403,9,4,cement,سیمان، آهک و گچ,70077233737515808,30124.9,29685.6,30121.7,TSETMC
2024-11-24,1403/09/04,1403,9,4,tile_ceramic,کاشی و سرامیک,57616105980228781,67297.8,65543.8,67297.8,TSETMC
2024-11-25,1403/09/05,1403,9,5,cement,سیمان، آهک و گچ,70077233737515808,30731.4,30279.2,30731.4,TSETMC
2024-11-25,1403/09/05,1403,9,5,tile_ceramic,کاشی و سرامیک,57616105980228781,69157.6,67816.5,69157.6,TSETMC
2024-11-26,1403/09/06,1403,9,6,cement,سیمان، آهک و گچ,70077233737515808,31094.2,30874.1,30970.2,TSETMC
2024-11-26,1403/09/06,1403,9,6,tile_ceramic,کاشی و سرامیک,57616105980228781,69732.2,68486.7,68486.7,TSETMC
2024-11-27,1403/09/07,1403,9,7,cement,سیمان، آهک و گچ,70077233737515808,31213.9,30984.5,31213.9,TSETMC
2024-11-27,1403/09/07,1403,9,7,tile_ceramic,کاشی و سرامیک,57616105980228781,68831.9,68375.0,68752.7,TSETMC
2024-11-30,1403/09/10,1403,9,10,cement,سیمان، آهک و گچ,70077233737515808,31414.4,31261.1,31327.7,TSETMC
2024-11-30,1403/09/10,1403,9,10,tile_ceramic,کاشی و سرامیک,57616105980228781,69263.9,68785.3,68932.4,TSETMC
2024-12-01,1403/09/11,1403,9,11,cement,سیمان، آهک و گچ,70077233737515808,31341.1,31291.8,31341.1,TSETMC
2024-12-01,1403/09/11,1403,9,11,tile_ceramic,کاشی و سرامیک,57616105980228781,68979.6,68901.5,68938.3,TSETMC
2024-12-02,1403/09/12,1403,9,12,cement,سیمان، آهک و گچ,70077233737515808,31995.2,31429.1,31995.2,TSETMC
2024-12-02,1403/09/12,1403,9,12,tile_ceramic,کاشی و سرامیک,57616105980228781,70974.5,69642.5,70974.5,TSETMC
2024-12-03,1403/09/13,1403,9,13,cement,سیمان، آهک و گچ,70077233737515808,32342.8,32166.9,32342.8,TSETMC
2024-12-03,1403/09/13,1403,9,13,tile_ceramic,کاشی و سرامیک,57616105980228781,72897.3,72131.5,72897.3,TSETMC
2024-12-04,1403/09/14,1403,9,14,cement,سیمان، آهک و گچ,70077233737515808,32424.4,32364.6,32424.4,TSETMC
2024-12-04,1403/09/14,1403,9,14,tile_ceramic,کاشی و سرامیک,57616105980228781,74525.0,73077.0,74525.0,TSETMC
2024-12-07,1403/09/17,1403,9,17,cement,سیمان، آهک و گچ,70077233737515808,32366.3,32104.0,32104.0,TSETMC
2024-12-07,1403/09/17,1403,9,17,tile_ceramic,کاشی و سرامیک,57616105980228781,75639.8,74935.4,74935.4,TSETMC
2024-12-08,1403/09/18,1403,9,18,cement,سیمان، آهک و گچ,70077233737515808,32142.4,32093.5,32105.5,TSETMC
2024-12-08,1403/09/18,1403,9,18,tile_ceramic,کاشی و سرامیک,57616105980228781,75043.0,74307.0,75043.0,TSETMC
2024-12-09,1403/09/19,1403,9,19,cement,سیمان، آهک و گچ,70077233737515808,32847.7,32228.2,32847.7,TSETMC
2024-12-09,1403/09/19,1403,9,19,tile_ceramic,کاشی و سرامیک,57616105980228781,77102.2,75366.0,77102.2,TSETMC
2024-12-10,1403/09/20,1403,9,20,cement,سیمان، آهک و گچ,70077233737515808,33039.3,32940.4,32975.0,TSETMC
2024-12-10,1403/09/20,1403,9,20,tile_ceramic,کاشی و سرامیک,57616105980228781,78497.1,78058.2,78305.0,TSETMC
2024-12-11,1403/09/21,1403,9,21,cement,سیمان، آهک و گچ,70077233737515808,33135.5,32977.6,33135.5,TSETMC
2024-12-11,1403/09/21,1403,9,21,tile_ceramic,کاشی و سرامیک,57616105980228781,79435.0,78295.6,79435.0,TSETMC
2024-12-14,1403/09/24,1403,9,24,cement,سیمان، آهک و گچ,70077233737515808,33860.5,33334.4,33860.5,TSETMC
2024-12-14,1403/09/24,1403,9,24,tile_ceramic,کاشی و سرامیک,57616105980228781,81657.4,80778.9,81657.4,TSETMC
2024-12-15,1403/09/25,1403,9,25,cement,سیمان، آهک و گچ,70077233737515808,34542.4,34136.4,34515.9,TSETMC
2024-12-15,1403/09/25,1403,9,25,tile_ceramic,کاشی و سرامیک,57616105980228781,83251.2,82862.7,83149.4,TSETMC
2024-12-16,1403/09/26,1403,9,26,cement,سیمان، آهک و گچ,70077233737515808,34706.4,34473.0,34628.0,TSETMC
2024-12-16,1403/09/26,1403,9,26,tile_ceramic,کاشی و سرامیک,57616105980228781,82870.4,81384.1,81384.1,TSETMC
2024-12-17,1403/09/27,1403,9,27,cement,سیمان، آهک و گچ,70077233737515808,34531.5,34187.3,34187.3,TSETMC
2024-12-17,1403/09/27,1403,9,27,tile_ceramic,کاشی و سرامیک,57616105980228781,80756.8,80116.9,80116.9,TSETMC
2024-12-18,1403/09/28,1403,9,28,cement,سیمان، آهک و گچ,70077233737515808,34214.1,34063.2,34214.1,TSETMC
2024-12-18,1403/09/28,1403,9,28,tile_ceramic,کاشی و سرامیک,57616105980228781,79562.8,78567.4,78715.4,TSETMC
2024-12-21,1403/10/01,1403,10,1,cement,سیمان، آهک و گچ,70077233737515808,34841.3,34308.7,34841.2,TSETMC
2024-12-21,1403/10/01,1403,10,1,tile_ceramic,کاشی و سرامیک,57616105980228781,80228.6,78924.8,80067.3,TSETMC
2024-12-22,1403/10/02,1403,10,2,cement,سیمان، آهک و گچ,70077233737515808,35135.4,34922.9,35131.1,TSETMC
2024-12-22,1403/10/02,1403,10,2,tile_ceramic,کاشی و سرامیک,57616105980228781,80029.2,79339.6,79673.9,TSETMC
2024-12-23,1403/10/03,1403,10,3,cement,سیمان، آهک و گچ,70077233737515808,35262.5,35151.5,35262.5,TSETMC
2024-12-23,1403/10/03,1403,10,3,tile_ceramic,کاشی و سرامیک,57616105980228781,79671.2,79446.8,79586.4,TSETMC
2024-12-24,1403/10/04,1403,10,4,cement,سیمان، آهک و گچ,70077233737515808,35699.8,35316.9,35699.8,TSETMC
2024-12-24,1403/10/04,1403,10,4,tile_ceramic,کاشی و سرامیک,57616105980228781,80405.0,79905.5,80250.1,TSETMC
2024-12-25,1403/10/05,1403,10,5,cement,سیمان، آهک و گچ,70077233737515808,35741.1,35611.1,35621.8,TSETMC
2024-12-25,1403/10/05,1403,10,5,tile_ceramic,کاشی و سرامیک,57616105980228781,80210.4,79288.0,79720.7,TSETMC
2024-12-28,1403/10/08,1403,10,8,cement,سیمان، آهک و گچ,70077233737515808,36028.2,35647.3,35937.7,TSETMC
2024-12-28,1403/10/08,1403,10,8,tile_ceramic,کاشی و سرامیک,57616105980228781,81684.4,79864.4,81684.4,TSETMC
2024-12-29,1403/10/09,1403,10,9,cement,سیمان، آهک و گچ,70077233737515808,35894.0,35605.7,35605.7,TSETMC
2024-12-29,1403/10/09,1403,10,9,tile_ceramic,کاشی و سرامیک,57616105980228781,82528.3,81732.9,81861.4,TSETMC
2024-12-30,1403/10/10,1403,10,10,cement,سیمان، آهک و گچ,70077233737515808,35536.5,35395.5,35395.5,TSETMC
2024-12-30,1403/10/10,1403,10,10,tile_ceramic,کاشی و سرامیک,57616105980228781,81636.7,80513.5,80513.5,TSETMC
2024-12-31,1403/10/11,1403,10,11,cement,سیمان، آهک و گچ,70077233737515808,35587.1,35396.0,35587.1,TSETMC
2024-12-31,1403/10/11,1403,10,11,tile_ceramic,کاشی و سرامیک,57616105980228781,80623.3,80314.4,80484.9,TSETMC
2025-01-01,1403/10/12,1403,10,12,cement,سیمان، آهک و گچ,70077233737515808,36075.4,35634.7,36075.4,TSETMC
2025-01-01,1403/10/12,1403,10,12,tile_ceramic,کاشی و سرامیک,57616105980228781,81128.0,80486.7,81128.0,TSETMC
2025-01-04,1403/10/15,1403,10,15,cement,سیمان، آهک و گچ,70077233737515808,36890.4,36196.1,36890.4,TSETMC
2025-01-04,1403/10/15,1403,10,15,tile_ceramic,کاشی و سرامیک,57616105980228781,83460.5,81814.6,83456.1,TSETMC
2025-01-05,1403/10/16,1403,10,16,cement,سیمان، آهک و گچ,70077233737515808,37531.5,37039.3,37531.5,TSETMC
2025-01-05,1403/10/16,1403,10,16,tile_ceramic,کاشی و سرامیک,57616105980228781,84761.6,83853.3,84707.2,TSETMC
2025-01-06,1403/10/17,1403,10,17,cement,سیمان، آهک و گچ,70077233737515808,38376.9,37600.6,38376.9,TSETMC
2025-01-06,1403/10/17,1403,10,17,tile_ceramic,کاشی و سرامیک,57616105980228781,86279.7,84757.0,86279.7,TSETMC
2025-01-07,1403/10/18,1403,10,18,cement,سیمان، آهک و گچ,70077233737515808,39244.6,38537.5,39244.6,TSETMC
2025-01-07,1403/10/18,1403,10,18,tile_ceramic,کاشی و سرامیک,57616105980228781,88641.6,87606.9,88641.6,TSETMC
2025-01-08,1403/10/19,1403,10,19,cement,سیمان، آهک و گچ,70077233737515808,40137.5,39592.3,40137.5,TSETMC
2025-01-08,1403/10/19,1403,10,19,tile_ceramic,کاشی و سرامیک,57616105980228781,89806.3,88967.6,89806.3,TSETMC
2025-01-11,1403/10/22,1403,10,22,cement,سیمان، آهک و گچ,70077233737515808,40519.4,40247.4,40247.4,TSETMC
2025-01-11,1403/10/22,1403,10,22,tile_ceramic,کاشی و سرامیک,57616105980228781,90181.0,88176.0,88177.4,TSETMC
2025-01-12,1403/10/23,1403,10,23,cement,سیمان، آهک و گچ,70077233737515808,40075.9,39531.5,39531.5,TSETMC
2025-01-12,1403/10/23,1403,10,23,tile_ceramic,کاشی و سرامیک,57616105980228781,87413.1,85785.8,85785.8,TSETMC
2025-01-13,1403/10/24,1403,10,24,cement,سیمان، آهک و گچ,70077233737515808,39950.2,39583.6,39950.2,TSETMC
2025-01-13,1403/10/24,1403,10,24,tile_ceramic,کاشی و سرامیک,57616105980228781,86277.7,85711.8,86277.7,TSETMC
2025-01-15,1403/10/26,1403,10,26,cement,سیمان، آهک و گچ,70077233737515808,40322.8,40045.3,40309.4,TSETMC
2025-01-15,1403/10/26,1403,10,26,tile_ceramic,کاشی و سرامیک,57616105980228781,86512.1,85975.6,86179.5,TSETMC
2025-01-18,1403/10/29,1403,10,29,cement,سیمان، آهک و گچ,70077233737515808,40378.8,39919.7,39919.7,TSETMC
2025-01-18,1403/10/29,1403,10,29,tile_ceramic,کاشی و سرامیک,57616105980228781,86164.6,84520.0,84551.5,TSETMC
2025-01-19,1403/10/30,1403,10,30,cement,سیمان، آهک و گچ,70077233737515808,40031.2,39871.4,40012.5,TSETMC
2025-01-19,1403/10/30,1403,10,30,tile_ceramic,کاشی و سرامیک,57616105980228781,84571.9,84399.2,84542.3,TSETMC
2025-01-20,1403/11/01,1403,11,1,cement,سیمان، آهک و گچ,70077233737515808,40036.6,39770.9,39770.9,TSETMC
2025-01-20,1403/11/01,1403,11,1,tile_ceramic,کاشی و سرامیک,57616105980228781,85950.2,85229.6,85229.6,TSETMC
2025-01-21,1403/11/02,1403,11,2,cement,سیمان، آهک و گچ,70077233737515808,40023.8,39707.3,40023.8,TSETMC
2025-01-21,1403/11/02,1403,11,2,tile_ceramic,کاشی و سرامیک,57616105980228781,86165.4,85069.5,86157.5,TSETMC
2025-01-22,1403/11/03,1403,11,3,cement,سیمان، آهک و گچ,70077233737515808,40871.7,40271.7,40871.7,TSETMC
2025-01-22,1403/11/03,1403,11,3,tile_ceramic,کاشی و سرامیک,57616105980228781,87448.7,86495.7,87386.3,TSETMC
2025-01-25,1403/11/06,1403,11,6,cement,سیمان، آهک و گچ,70077233737515808,41623.8,41145.6,41623.8,TSETMC
2025-01-25,1403/11/06,1403,11,6,tile_ceramic,کاشی و سرامیک,57616105980228781,88396.7,87606.4,87985.1,TSETMC
2025-01-26,1403/11/07,1403,11,7,cement,سیمان، آهک و گچ,70077233737515808,41977.1,41821.0,41973.0,TSETMC
2025-01-26,1403/11/07,1403,11,7,tile_ceramic,کاشی و سرامیک,57616105980228781,88626.7,87928.6,88235.5,TSETMC
2025-01-27,1403/11/08,1403,11,8,cement,سیمان، آهک و گچ,70077233737515808,42420.0,42013.1,42419.9,TSETMC
2025-01-27,1403/11/08,1403,11,8,tile_ceramic,کاشی و سرامیک,57616105980228781,88292.4,87080.4,87080.4,TSETMC
2025-01-29,1403/11/10,1403,11,10,cement,سیمان، آهک و گچ,70077233737515808,42599.7,42481.0,42598.5,TSETMC
2025-01-29,1403/11/10,1403,11,10,tile_ceramic,کاشی و سرامیک,57616105980228781,87075.1,85953.4,85953.4,TSETMC
2025-02-01,1403/11/13,1403,11,13,cement,سیمان، آهک و گچ,70077233737515808,42645.2,42433.0,42436.4,TSETMC
2025-02-01,1403/11/13,1403,11,13,tile_ceramic,کاشی و سرامیک,57616105980228781,86024.6,84686.8,84686.8,TSETMC
2025-02-02,1403/11/14,1403,11,14,cement,سیمان، آهک و گچ,70077233737515808,42843.0,42552.0,42843.0,TSETMC
2025-02-02,1403/11/14,1403,11,14,tile_ceramic,کاشی و سرامیک,57616105980228781,85345.9,84727.2,85335.7,TSETMC
2025-02-03,1403/11/15,1403,11,15,cement,سیمان، آهک و گچ,70077233737515808,42947.7,42883.9,42904.8,TSETMC
2025-02-03,1403/11/15,1403,11,15,tile_ceramic,کاشی و سرامیک,57616105980228781,85864.1,85380.1,85861.7,TSETMC
2025-02-04,1403/11/16,1403,11,16,cement,سیمان، آهک و گچ,70077233737515808,43050.2,42931.7,43012.0,TSETMC
2025-02-04,1403/11/16,1403,11,16,tile_ceramic,کاشی و سرامیک,57616105980228781,86467.3,85913.3,86467.3,TSETMC
2025-02-05,1403/11/17,1403,11,17,cement,سیمان، آهک و گچ,70077233737515808,43222.5,43048.1,43222.5,TSETMC
2025-02-05,1403/11/17,1403,11,17,tile_ceramic,کاشی و سرامیک,57616105980228781,86429.0,86039.0,86090.6,TSETMC
2025-02-08,1403/11/20,1403,11,20,cement,سیمان، آهک و گچ,70077233737515808,43222.5,43222.5,43222.5,TSETMC
2025-02-08,1403/11/20,1403,11,20,tile_ceramic,کاشی و سرامیک,57616105980228781,86090.6,86090.6,86090.6,TSETMC
2025-02-09,1403/11/21,1403,11,21,cement,سیمان، آهک و گچ,70077233737515808,43368.9,43213.6,43213.6,TSETMC
2025-02-09,1403/11/21,1403,11,21,tile_ceramic,کاشی و سرامیک,57616105980228781,86015.9,84625.2,84625.2,TSETMC
2025-02-11,1403/11/23,1403,11,23,cement,سیمان، آهک و گچ,70077233737515808,43244.2,42615.7,42633.2,TSETMC
2025-02-11,1403/11/23,1403,11,23,tile_ceramic,کاشی و سرامیک,57616105980228781,84407.9,82720.1,82720.1,TSETMC
2025-02-15,1403/11/27,1403,11,27,cement,سیمان، آهک و گچ,70077233737515808,42452.5,41730.9,41730.9,TSETMC
2025-02-15,1403/11/27,1403,11,27,tile_ceramic,کاشی و سرامیک,57616105980228781,82084.0,80684.2,80684.2,TSETMC
2025-02-16,1403/11/28,1403,11,28,cement,سیمان، آهک و گچ,70077233737515808,41344.6,40933.9,40966.7,TSETMC
2025-02-16,1403/11/28,1403,11,28,tile_ceramic,کاشی و سرامیک,57616105980228781,79983.4,78732.6,78732.6,TSETMC
2025-02-17,1403/11/29,1403,11,29,cement,سیمان، آهک و گچ,70077233737515808,41142.9,41005.9,41142.5,TSETMC
2025-02-17,1403/11/29,1403,11,29,tile_ceramic,کاشی و سرامیک,57616105980228781,78909.3,78431.8,78775.0,TSETMC
2025-02-18,1403/11/30,1403,11,30,cement,سیمان، آهک و گچ,70077233737515808,41448.5,41210.3,41444.5,TSETMC
2025-02-18,1403/11/30,1403,11,30,tile_ceramic,کاشی و سرامیک,57616105980228781,78663.8,78515.0,78663.8,TSETMC
2025-02-19,1403/12/01,1403,12,1,cement,سیمان، آهک و گچ,70077233737515808,41588.7,41500.9,41561.6,TSETMC
2025-02-19,1403/12/01,1403,12,1,tile_ceramic,کاشی و سرامیک,57616105980228781,79209.7,78574.2,79200.8,TSETMC
2025-02-22,1403/12/04,1403,12,4,cement,سیمان، آهک و گچ,70077233737515808,41529.3,41284.5,41285.1,TSETMC
2025-02-22,1403/12/04,1403,12,4,tile_ceramic,کاشی و سرامیک,57616105980228781,79178.3,78490.1,78490.1,TSETMC
2025-02-23,1403/12/05,1403,12,5,cement,سیمان، آهک و گچ,70077233737515808,41416.7,41345.7,41416.7,TSETMC
2025-02-23,1403/12/05,1403,12,5,tile_ceramic,کاشی و سرامیک,57616105980228781,78360.4,78212.3,78272.4,TSETMC
2025-02-24,1403/12/06,1403,12,6,cement,سیمان، آهک و گچ,70077233737515808,42175.6,41531.3,42175.6,TSETMC
2025-02-24,1403/12/06,1403,12,6,tile_ceramic,کاشی و سرامیک,57616105980228781,79818.4,78384.9,79818.4,TSETMC
2025-02-25,1403/12/07,1403,12,7,cement,سیمان، آهک و گچ,70077233737515808,42512.7,42328.1,42473.4,TSETMC
2025-02-25,1403/12/07,1403,12,7,tile_ceramic,کاشی و سرامیک,57616105980228781,81027.1,80247.1,81014.2,TSETMC
2025-02-26,1403/12/08,1403,12,8,cement,سیمان، آهک و گچ,70077233737515808,42483.2,42391.8,42391.8,TSETMC
2025-02-26,1403/12/08,1403,12,8,tile_ceramic,کاشی و سرامیک,57616105980228781,80964.4,80764.3,80764.3,TSETMC
2025-03-01,1403/12/11,1403,12,11,cement,سیمان، آهک و گچ,70077233737515808,42522.6,42399.5,42444.3,TSETMC
2025-03-01,1403/12/11,1403,12,11,tile_ceramic,کاشی و سرامیک,57616105980228781,80861.9,80504.0,80504.0,TSETMC
2025-03-02,1403/12/12,1403,12,12,cement,سیمان، آهک و گچ,70077233737515808,42472.8,42369.5,42369.5,TSETMC
2025-03-02,1403/12/12,1403,12,12,tile_ceramic,کاشی و سرامیک,57616105980228781,80655.2,80495.5,80556.0,TSETMC
2025-03-03,1403/12/13,1403,12,13,cement,سیمان، آهک و گچ,70077233737515808,42044.2,41482.7,41482.7,TSETMC
2025-03-03,1403/12/13,1403,12,13,tile_ceramic,کاشی و سرامیک,57616105980228781,79916.7,79402.0,79402.0,TSETMC
2025-03-04,1403/12/14,1403,12,14,cement,سیمان، آهک و گچ,70077233737515808,41475.0,41304.1,41304.1,TSETMC
2025-03-04,1403/12/14,1403,12,14,tile_ceramic,کاشی و سرامیک,57616105980228781,79369.2,78869.7,78869.7,TSETMC
2025-03-05,1403/12/15,1403,12,15,cement,سیمان، آهک و گچ,70077233737515808,41270.4,40999.2,41032.4,TSETMC
2025-03-05,1403/12/15,1403,12,15,tile_ceramic,کاشی و سرامیک,57616105980228781,78882.3,78173.6,78227.8,TSETMC
2025-03-08,1403/12/18,1403,12,18,cement,سیمان، آهک و گچ,70077233737515808,41003.7,40497.1,40512.1,TSETMC
2025-03-08,1403/12/18,1403,12,18,tile_ceramic,کاشی و سرامیک,57616105980228781,78175.7,76248.4,76248.7,TSETMC
2025-03-09,1403/12/19,1403,12,19,cement,سیمان، آهک و گچ,70077233737515808,40353.9,39936.5,39949.4,TSETMC
2025-03-09,1403/12/19,1403,12,19,tile_ceramic,کاشی و سرامیک,57616105980228781,75211.9,74084.6,74091.8,TSETMC
2025-03-10,1403/12/20,1403,12,20,cement,سیمان، آهک و گچ,70077233737515808,40147.6,39936.3,40108.8,TSETMC
2025-03-10,1403/12/20,1403,12,20,tile_ceramic,کاشی و سرامیک,57616105980228781,73979.4,73448.6,73448.6,TSETMC
2025-03-11,1403/12/21,1403,12,21,cement,سیمان، آهک و گچ,70077233737515808,40098.3,39959.5,39959.5,TSETMC
2025-03-11,1403/12/21,1403,12,21,tile_ceramic,کاشی و سرامیک,57616105980228781,73180.4,72399.2,72400.6,TSETMC
2025-03-12,1403/12/22,1403,12,22,cement,سیمان، آهک و گچ,70077233737515808,40266.9,39953.8,40266.4,TSETMC
2025-03-12,1403/12/22,1403,12,22,tile_ceramic,کاشی و سرامیک,57616105980228781,72877.8,71997.3,72870.7,TSETMC
2025-03-15,1403/12/25,1403,12,25,cement,سیمان، آهک و گچ,70077233737515808,40912.5,40403.5,40912.5,TSETMC
2025-03-15,1403/12/25,1403,12,25,tile_ceramic,کاشی و سرامیک,57616105980228781,74326.8,73004.5,74326.8,TSETMC
2025-03-16,1403/12/26,1403,12,26,cement,سیمان، آهک و گچ,70077233737515808,41306.1,41033.4,41306.1,TSETMC
2025-03-16,1403/12/26,1403,12,26,tile_ceramic,کاشی و سرامیک,57616105980228781,74946.8,74446.1,74926.2,TSETMC
2025-03-17,1403/12/27,1403,12,27,cement,سیمان، آهک و گچ,70077233737515808,41506.4,41385.8,41501.2,TSETMC
2025-03-17,1403/12/27,1403,12,27,tile_ceramic,کاشی و سرامیک,57616105980228781,74933.0,74591.2,74591.2,TSETMC
2025-03-18,1403/12/28,1403,12,28,cement,سیمان، آهک و گچ,70077233737515808,41318.2,41100.0,41180.4,TSETMC
2025-03-18,1403/12/28,1403,12,28,tile_ceramic,کاشی و سرامیک,57616105980228781,74237.7,73357.3,73357.3,TSETMC
2025-03-25,1404/01/05,1404,1,5,cement,سیمان، آهک و گچ,70077233737515808,41705.0,41227.6,41705.0,TSETMC
2025-03-25,1404/01/05,1404,1,5,tile_ceramic,کاشی و سرامیک,57616105980228781,73450.9,73258.5,73449.0,TSETMC
2025-03-26,1404/01/06,1404,1,6,cement,سیمان، آهک و گچ,70077233737515808,42209.8,41772.3,42209.8,TSETMC
2025-03-26,1404/01/06,1404,1,6,tile_ceramic,کاشی و سرامیک,57616105980228781,73871.2,73466.4,73871.2,TSETMC
2025-03-29,1404/01/09,1404,1,9,cement,سیمان، آهک و گچ,70077233737515808,42807.5,42281.5,42807.5,TSETMC
2025-03-29,1404/01/09,1404,1,9,tile_ceramic,کاشی و سرامیک,57616105980228781,74134.0,73867.2,74134.0,TSETMC
2025-03-30,1404/01/10,1404,1,10,cement,سیمان، آهک و گچ,70077233737515808,43398.3,42913.7,43398.3,TSETMC
2025-03-30,1404/01/10,1404,1,10,tile_ceramic,کاشی و سرامیک,57616105980228781,74642.3,74286.1,74632.3,TSETMC
2025-04-05,1404/01/16,1404,1,16,cement,سیمان، آهک و گچ,70077233737515808,44045.3,43563.9,44045.3,TSETMC
2025-04-05,1404/01/16,1404,1,16,tile_ceramic,کاشی و سرامیک,57616105980228781,75041.8,74728.7,75015.5,TSETMC
2025-04-06,1404/01/17,1404,1,17,cement,سیمان، آهک و گچ,70077233737515808,44689.2,44217.5,44689.2,TSETMC
2025-04-06,1404/01/17,1404,1,17,tile_ceramic,کاشی و سرامیک,57616105980228781,75228.5,74938.2,74938.2,TSETMC
2025-04-07,1404/01/18,1404,1,18,cement,سیمان، آهک و گچ,70077233737515808,44881.2,44827.3,44827.3,TSETMC
2025-04-07,1404/01/18,1404,1,18,tile_ceramic,کاشی و سرامیک,57616105980228781,75064.5,74759.1,74759.1,TSETMC
2025-04-08,1404/01/19,1404,1,19,cement,سیمان، آهک و گچ,70077233737515808,45456.0,45121.5,45456.0,TSETMC
2025-04-08,1404/01/19,1404,1,19,tile_ceramic,کاشی و سرامیک,57616105980228781,76354.0,75001.3,76354.0,TSETMC
2025-04-09,1404/01/20,1404,1,20,cement,سیمان، آهک و گچ,70077233737515808,45516.3,45397.5,45405.0,TSETMC
2025-04-09,1404/01/20,1404,1,20,tile_ceramic,کاشی و سرامیک,57616105980228781,76454.4,76001.1,76173.8,TSETMC
2025-04-12,1404/01/23,1404,1,23,cement,سیمان، آهک و گچ,70077233737515808,45308.1,45182.3,45290.2,TSETMC
2025-04-12,1404/01/23,1404,1,23,tile_ceramic,کاشی و سرامیک,57616105980228781,76895.6,76244.1,76895.6,TSETMC
2025-04-13,1404/01/24,1404,1,24,cement,سیمان، آهک و گچ,70077233737515808,46164.6,45623.4,46163.7,TSETMC
2025-04-13,1404/01/24,1404,1,24,tile_ceramic,کاشی و سرامیک,57616105980228781,78508.6,77069.2,78508.6,TSETMC
2025-04-14,1404/01/25,1404,1,25,cement,سیمان، آهک و گچ,70077233737515808,46482.9,46344.2,46482.7,TSETMC
2025-04-14,1404/01/25,1404,1,25,tile_ceramic,کاشی و سرامیک,57616105980228781,80515.2,78982.2,80515.2,TSETMC
2025-04-15,1404/01/26,1404,1,26,cement,سیمان، آهک و گچ,70077233737515808,46325.3,46163.6,46272.9,TSETMC
2025-04-15,1404/01/26,1404,1,26,tile_ceramic,کاشی و سرامیک,57616105980228781,81170.6,80564.9,80696.5,TSETMC
2025-04-16,1404/01/27,1404,1,27,cement,سیمان، آهک و گچ,70077233737515808,46233.0,46125.5,46192.9,TSETMC
2025-04-16,1404/01/27,1404,1,27,tile_ceramic,کاشی و سرامیک,57616105980228781,80834.5,80385.7,80385.7,TSETMC
2025-04-19,1404/01/30,1404,1,30,cement,سیمان، آهک و گچ,70077233737515808,46677.1,46303.7,46677.1,TSETMC
2025-04-19,1404/01/30,1404,1,30,tile_ceramic,کاشی و سرامیک,57616105980228781,81580.3,80820.5,81478.7,TSETMC
2025-04-20,1404/01/31,1404,1,31,cement,سیمان، آهک و گچ,70077233737515808,47663.9,46853.9,47663.9,TSETMC
2025-04-20,1404/01/31,1404,1,31,tile_ceramic,کاشی و سرامیک,57616105980228781,83752.7,81592.6,83752.7,TSETMC
2025-04-21,1404/02/01,1404,2,1,cement,سیمان، آهک و گچ,70077233737515808,48773.8,47972.1,48768.1,TSETMC
2025-04-21,1404/02/01,1404,2,1,tile_ceramic,کاشی و سرامیک,57616105980228781,86081.5,84550.5,85672.5,TSETMC
2025-04-22,1404/02/02,1404,2,2,cement,سیمان، آهک و گچ,70077233737515808,48885.9,48757.9,48796.3,TSETMC
2025-04-22,1404/02/02,1404,2,2,tile_ceramic,کاشی و سرامیک,57616105980228781,85172.5,84571.6,84610.1,TSETMC
2025-04-23,1404/02/03,1404,2,3,cement,سیمان، آهک و گچ,70077233737515808,49098.0,48877.1,49098.0,TSETMC
2025-04-23,1404/02/03,1404,2,3,tile_ceramic,کاشی و سرامیک,57616105980228781,84209.8,82741.8,82782.4,TSETMC
2025-04-26,1404/02/06,1404,2,6,cement,سیمان، آهک و گچ,70077233737515808,49680.3,49229.2,49680.3,TSETMC
2025-04-26,1404/02/06,1404,2,6,tile_ceramic,کاشی و سرامیک,57616105980228781,83966.2,82962.2,83966.2,TSETMC
2025-04-27,1404/02/07,1404,2,7,cement,سیمان، آهک و گچ,70077233737515808,50260.9,49873.0,50260.9,TSETMC
2025-04-27,1404/02/07,1404,2,7,tile_ceramic,کاشی و سرامیک,57616105980228781,84791.5,83972.3,84791.5,TSETMC
2025-04-28,1404/02/08,1404,2,8,cement,سیمان، آهک و گچ,70077233737515808,51478.6,50558.4,51478.6,TSETMC
2025-04-28,1404/02/08,1404,2,8,tile_ceramic,کاشی و سرامیک,57616105980228781,86209.1,85349.7,86096.1,TSETMC
2025-04-29,1404/02/09,1404,2,9,cement,سیمان، آهک و گچ,70077233737515808,52586.3,51689.2,52586.3,TSETMC
2025-04-29,1404/02/09,1404,2,9,tile_ceramic,کاشی و سرامیک,57616105980228781,88266.5,87343.3,88266.5,TSETMC
2025-04-30,1404/02/10,1404,2,10,cement,سیمان، آهک و گچ,70077233737515808,53737.9,52915.2,53737.9,TSETMC
2025-04-30,1404/02/10,1404,2,10,tile_ceramic,کاشی و سرامیک,57616105980228781,90651.7,89285.3,90651.7,TSETMC
2025-05-03,1404/02/13,1404,2,13,cement,سیمان، آهک و گچ,70077233737515808,53439.1,53338.4,53402.0,TSETMC
2025-05-03,1404/02/13,1404,2,13,tile_ceramic,کاشی و سرامیک,57616105980228781,90822.8,89959.9,90374.9,TSETMC
2025-05-04,1404/02/14,1404,2,14,cement,سیمان، آهک و گچ,70077233737515808,53958.6,53471.9,53958.5,TSETMC
2025-05-04,1404/02/14,1404,2,14,tile_ceramic,کاشی و سرامیک,57616105980228781,92277.9,90458.7,92277.9,TSETMC
2025-05-05,1404/02/15,1404,2,15,cement,سیمان، آهک و گچ,70077233737515808,54566.7,54320.5,54468.0,TSETMC
2025-05-05,1404/02/15,1404,2,15,tile_ceramic,کاشی و سرامیک,57616105980228781,93760.5,92590.5,93756.1,TSETMC
2025-05-06,1404/02/16,1404,2,16,cement,سیمان، آهک و گچ,70077233737515808,54525.5,54385.3,54414.1,TSETMC
2025-05-06,1404/02/16,1404,2,16,tile_ceramic,کاشی و سرامیک,57616105980228781,94634.8,94156.4,94344.1,TSETMC
2025-05-07,1404/02/17,1404,2,17,cement,سیمان، آهک و گچ,70077233737515808,54449.6,53753.3,53753.3,TSETMC
2025-05-07,1404/02/17,1404,2,17,tile_ceramic,کاشی و سرامیک,57616105980228781,95139.1,94761.7,94983.5,TSETMC
2025-05-10,1404/02/20,1404,2,20,cement,سیمان، آهک و گچ,70077233737515808,53294.3,52576.2,52576.2,TSETMC
2025-05-10,1404/02/20,1404,2,20,tile_ceramic,کاشی و سرامیک,57616105980228781,94800.1,93037.2,93037.2,TSETMC
2025-05-11,1404/02/21,1404,2,21,cement,سیمان، آهک و گچ,70077233737515808,52478.1,51797.4,51797.6,TSETMC
2025-05-11,1404/02/21,1404,2,21,tile_ceramic,کاشی و سرامیک,57616105980228781,93082.1,91337.4,91337.4,TSETMC
2025-05-12,1404/02/22,1404,2,22,cement,سیمان، آهک و گچ,70077233737515808,52784.7,52208.3,52784.7,TSETMC
2025-05-12,1404/02/22,1404,2,22,tile_ceramic,کاشی و سرامیک,57616105980228781,92619.6,92094.9,92619.6,TSETMC
2025-05-13,1404/02/23,1404,2,23,cement,سیمان، آهک و گچ,70077233737515808,53650.1,53247.9,53650.1,TSETMC
2025-05-13,1404/02/23,1404,2,23,tile_ceramic,کاشی و سرامیک,57616105980228781,92765.3,91683.1,91683.1,TSETMC
2025-05-14,1404/02/24,1404,2,24,cement,سیمان، آهک و گچ,70077233737515808,54771.9,53915.7,54771.9,TSETMC
2025-05-14,1404/02/24,1404,2,24,tile_ceramic,کاشی و سرامیک,57616105980228781,91810.4,90145.7,90159.9,TSETMC
2025-05-17,1404/02/27,1404,2,27,cement,سیمان، آهک و گچ,70077233737515808,55146.1,54701.3,54701.3,TSETMC
2025-05-17,1404/02/27,1404,2,27,tile_ceramic,کاشی و سرامیک,57616105980228781,90327.8,89762.5,89762.5,TSETMC
2025-05-18,1404/02/28,1404,2,28,cement,سیمان، آهک و گچ,70077233737515808,54666.6,54339.7,54339.7,TSETMC
2025-05-18,1404/02/28,1404,2,28,tile_ceramic,کاشی و سرامیک,57616105980228781,90085.1,89881.6,89900.6,TSETMC
2025-05-19,1404/02/29,1404,2,29,cement,سیمان، آهک و گچ,70077233737515808,54907.1,54454.1,54796.0,TSETMC
2025-05-19,1404/02/29,1404,2,29,tile_ceramic,کاشی و سرامیک,57616105980228781,89833.9,88489.3,88489.3,TSETMC
2025-05-20,1404/02/30,1404,2,30,cement,سیمان، آهک و گچ,70077233737515808,55055.7,54554.7,54554.7,TSETMC
2025-05-20,1404/02/30,1404,2,30,tile_ceramic,کاشی و سرامیک,57616105980228781,88838.3,87650.0,87650.0,TSETMC
2025-05-21,1404/02/31,1404,2,31,cement,سیمان، آهک و گچ,70077233737515808,55435.9,54300.4,55435.9,TSETMC
2025-05-21,1404/02/31,1404,2,31,tile_ceramic,کاشی و سرامیک,57616105980228781,86770.9,86409.1,86450.8,TSETMC
2025-05-24,1404/03/03,1404,3,3,cement,سیمان، آهک و گچ,70077233737515808,56656.0,55849.8,56656.0,TSETMC
2025-05-24,1404/03/03,1404,3,3,tile_ceramic,کاشی و سرامیک,57616105980228781,87699.3,86446.2,87648.7,TSETMC
2025-05-25,1404/03/04,1404,3,4,cement,سیمان، آهک و گچ,70077233737515808,57875.0,57712.7,57761.1,TSETMC
2025-05-25,1404/03/04,1404,3,4,tile_ceramic,کاشی و سرامیک,57616105980228781,87657.9,86300.4,86304.8,TSETMC
2025-05-26,1404/03/05,1404,3,5,cement,سیمان، آهک و گچ,70077233737515808,58195.2,57906.9,57906.9,TSETMC
2025-05-26,1404/03/05,1404,3,5,tile_ceramic,کاشی و سرامیک,57616105980228781,87335.1,86391.8,87221.6,TSETMC
2025-05-27,1404/03/06,1404,3,6,cement,سیمان، آهک و گچ,70077233737515808,58571.9,58308.1,58571.9,TSETMC
2025-05-27,1404/03/06,1404,3,6,tile_ceramic,کاشی و سرامیک,57616105980228781,87299.8,86972.0,87088.8,TSETMC
2025-05-28,1404/03/07,1404,3,7,cement,سیمان، آهک و گچ,70077233737515808,58781.4,58388.0,58388.0,TSETMC
2025-05-28,1404/03/07,1404,3,7,tile_ceramic,کاشی و سرامیک,57616105980228781,87533.3,87270.2,87270.2,TSETMC
2025-05-31,1404/03/10,1404,3,10,cement,سیمان، آهک و گچ,70077233737515808,58200.2,57146.9,57146.9,TSETMC
2025-05-31,1404/03/10,1404,3,10,tile_ceramic,کاشی و سرامیک,57616105980228781,87462.9,86744.7,87452.7,TSETMC
2025-06-01,1404/03/11,1404,3,11,cement,سیمان، آهک و گچ,70077233737515808,56509.4,55961.9,55961.9,TSETMC
2025-06-01,1404/03/11,1404,3,11,tile_ceramic,کاشی و سرامیک,57616105980228781,87284.0,86745.7,86745.7,TSETMC
2025-06-02,1404/03/12,1404,3,12,cement,سیمان، آهک و گچ,70077233737515808,56317.5,56087.5,56279.0,TSETMC
2025-06-02,1404/03/12,1404,3,12,tile_ceramic,کاشی و سرامیک,57616105980228781,87244.8,86519.1,87244.8,TSETMC
2025-06-03,1404/03/13,1404,3,13,cement,سیمان، آهک و گچ,70077233737515808,56375.9,56261.9,56375.9,TSETMC
2025-06-03,1404/03/13,1404,3,13,tile_ceramic,کاشی و سرامیک,57616105980228781,87244.5,86830.6,86830.6,TSETMC
2025-06-07,1404/03/17,1404,3,17,cement,سیمان، آهک و گچ,70077233737515808,56079.9,55552.8,55552.8,TSETMC
2025-06-07,1404/03/17,1404,3,17,tile_ceramic,کاشی و سرامیک,57616105980228781,86796.7,85807.3,85807.3,TSETMC
2025-06-08,1404/03/18,1404,3,18,cement,سیمان، آهک و گچ,70077233737515808,55341.6,54998.0,55150.5,TSETMC
2025-06-08,1404/03/18,1404,3,18,tile_ceramic,کاشی و سرامیک,57616105980228781,85845.8,85680.8,85725.5,TSETMC
2025-06-09,1404/03/19,1404,3,19,cement,سیمان، آهک و گچ,70077233737515808,55236.1,54530.3,54530.3,TSETMC
2025-06-09,1404/03/19,1404,3,19,tile_ceramic,کاشی و سرامیک,57616105980228781,85782.0,85048.5,85048.5,TSETMC
2025-06-10,1404/03/20,1404,3,20,cement,سیمان، آهک و گچ,70077233737515808,54520.8,54271.1,54291.2,TSETMC
2025-06-10,1404/03/20,1404,3,20,tile_ceramic,کاشی و سرامیک,57616105980228781,85149.6,84716.1,84716.4,TSETMC
2025-06-11,1404/03/21,1404,3,21,cement,سیمان، آهک و گچ,70077233737515808,54302.3,54052.6,54084.3,TSETMC
2025-06-11,1404/03/21,1404,3,21,tile_ceramic,کاشی و سرامیک,57616105980228781,84990.0,84603.4,84659.9,TSETMC
2025-06-15,1404/03/25,1404,3,25,cement,سیمان، آهک و گچ,70077233737515808,54084.3,54084.3,54084.3,TSETMC
2025-06-15,1404/03/25,1404,3,25,tile_ceramic,کاشی و سرامیک,57616105980228781,84659.9,84659.9,84659.9,TSETMC
2025-06-16,1404/03/26,1404,3,26,cement,سیمان، آهک و گچ,70077233737515808,54084.3,54084.3,54084.3,TSETMC
2025-06-16,1404/03/26,1404,3,26,tile_ceramic,کاشی و سرامیک,57616105980228781,84659.9,84659.9,84659.9,TSETMC
2025-06-18,1404/03/28,1404,3,28,cement,سیمان، آهک و گچ,70077233737515808,54084.3,54084.3,54084.3,TSETMC
2025-06-18,1404/03/28,1404,3,28,tile_ceramic,کاشی و سرامیک,57616105980228781,84659.9,84659.9,84659.9,TSETMC
2025-06-21,1404/03/31,1404,3,31,cement,سیمان، آهک و گچ,70077233737515808,54084.3,54084.3,54084.3,TSETMC
2025-06-21,1404/03/31,1404,3,31,tile_ceramic,کاشی و سرامیک,57616105980228781,84659.9,84659.9,84659.9,TSETMC
2025-06-22,1404/04/01,1404,4,1,cement,سیمان، آهک و گچ,70077233737515808,54084.3,54084.3,54084.3,TSETMC
2025-06-22,1404/04/01,1404,4,1,tile_ceramic,کاشی و سرامیک,57616105980228781,84659.9,84659.9,84659.9,TSETMC
2025-06-23,1404/04/02,1404,4,2,cement,سیمان، آهک و گچ,70077233737515808,54084.3,54084.3,54084.3,TSETMC
2025-06-23,1404/04/02,1404,4,2,tile_ceramic,کاشی و سرامیک,57616105980228781,84659.9,84659.9,84659.9,TSETMC
2025-06-24,1404/04/03,1404,4,3,cement,سیمان، آهک و گچ,70077233737515808,54084.3,54084.3,54084.3,TSETMC
2025-06-24,1404/04/03,1404,4,3,tile_ceramic,کاشی و سرامیک,57616105980228781,84659.9,84659.9,84659.9,TSETMC
2025-06-25,1404/04/04,1404,4,4,cement,سیمان، آهک و گچ,70077233737515808,54084.3,54084.3,54084.3,TSETMC
2025-06-25,1404/04/04,1404,4,4,tile_ceramic,کاشی و سرامیک,57616105980228781,84659.9,84659.9,84659.9,TSETMC
2025-06-28,1404/04/07,1404,4,7,cement,سیمان، آهک و گچ,70077233737515808,54045.8,52873.3,52873.3,TSETMC
2025-06-28,1404/04/07,1404,4,7,tile_ceramic,کاشی و سرامیک,57616105980228781,84597.8,83336.4,83336.4,TSETMC
2025-06-29,1404/04/08,1404,4,8,cement,سیمان، آهک و گچ,70077233737515808,52621.5,51393.0,51393.0,TSETMC
2025-06-29,1404/04/08,1404,4,8,tile_ceramic,کاشی و سرامیک,57616105980228781,82996.6,81793.3,81793.3,TSETMC
2025-06-30,1404/04/09,1404,4,9,cement,سیمان، آهک و گچ,70077233737515808,51084.9,50138.2,50138.2,TSETMC
2025-06-30,1404/04/09,1404,4,9,tile_ceramic,کاشی و سرامیک,57616105980228781,81486.0,80351.8,80351.8,TSETMC
2025-07-01,1404/04/10,1404,4,10,cement,سیمان، آهک و گچ,70077233737515808,49884.2,49526.4,49556.2,TSETMC
2025-07-01,1404/04/10,1404,4,10,tile_ceramic,کاشی و سرامیک,57616105980228781,80234.8,79997.6,79997.6,TSETMC
2025-07-02,1404/04/11,1404,4,11,cement,سیمان، آهک و گچ,70077233737515808,48453.5,48212.0,48453.5,TSETMC
2025-07-02,1404/04/11,1404,4,11,tile_ceramic,کاشی و سرامیک,57616105980228781,78752.6,78453.2,78750.9,TSETMC
2025-07-07,1404/04/16,1404,4,16,cement,سیمان، آهک و گچ,70077233737515808,49129.1,48683.3,49129.1,TSETMC
2025-07-07,1404/04/16,1404,4,16,tile_ceramic,کاشی و سرامیک,57616105980228781,78761.5,78078.5,78078.5,TSETMC
2025-07-08,1404/04/17,1404,4,17,cement,سیمان، آهک و گچ,70077233737515808,49195.0,48317.3,48317.3,TSETMC
2025-07-08,1404/04/17,1404,4,17,tile_ceramic,کاشی و سرامیک,57616105980228781,77960.6,77562.2,77562.2,TSETMC
2025-07-09,1404/04/18,1404,4,18,cement,سیمان، آهک و گچ,70077233737515808,48097.1,47747.9,47799.2,TSETMC
2025-07-09,1404/04/18,1404,4,18,tile_ceramic,کاشی و سرامیک,57616105980228781,77476.2,77375.4,77375.4,TSETMC
2025-07-12,1404/04/21,1404,4,21,cement,سیمان، آهک و گچ,70077233737515808,48499.8,48099.7,48499.8,TSETMC
2025-07-12,1404/04/21,1404,4,21,tile_ceramic,کاشی و سرامیک,57616105980228781,77371.7,77219.6,77238.5,TSETMC
2025-07-13,1404/04/22,1404,4,22,cement,سیمان، آهک و گچ,70077233737515808,49041.4,48739.5,49041.4,TSETMC
2025-07-13,1404/04/22,1404,4,22,tile_ceramic,کاشی و سرامیک,57616105980228781,77237.5,76761.2,76790.3,TSETMC
2025-07-14,1404/04/23,1404,4,23,cement,سیمان، آهک و گچ,70077233737515808,49454.7,49293.3,49452.4,TSETMC
2025-07-14,1404/04/23,1404,4,23,tile_ceramic,کاشی و سرامیک,57616105980228781,76857.3,76559.1,76676.3,TSETMC
2025-07-15,1404/04/24,1404,4,24,cement,سیمان، آهک و گچ,70077233737515808,49761.5,49491.2,49761.5,TSETMC
2025-07-15,1404/04/24,1404,4,24,tile_ceramic,کاشی و سرامیک,57616105980228781,76669.4,75884.5,76023.2,TSETMC
2025-07-16,1404/04/25,1404,4,25,cement,سیمان، آهک و گچ,70077233737515808,50328.4,49861.6,50328.4,TSETMC
2025-07-16,1404/04/25,1404,4,25,tile_ceramic,کاشی و سرامیک,57616105980228781,75341.9,75208.7,75339.7,TSETMC
2025-07-19,1404/04/28,1404,4,28,cement,سیمان، آهک و گچ,70077233737515808,51142.9,50468.0,51142.9,TSETMC
2025-07-19,1404/04/28,1404,4,28,tile_ceramic,کاشی و سرامیک,57616105980228781,74586.0,74553.0,74553.0,TSETMC
2025-07-20,1404/04/29,1404,4,29,cement,سیمان، آهک و گچ,70077233737515808,52273.9,51551.4,52273.9,TSETMC
2025-07-20,1404/04/29,1404,4,29,tile_ceramic,کاشی و سرامیک,57616105980228781,74548.1,73292.0,73292.0,TSETMC
2025-07-21,1404/04/30,1404,4,30,cement,سیمان، آهک و گچ,70077233737515808,53387.4,52470.7,53387.4,TSETMC
2025-07-21,1404/04/30,1404,4,30,tile_ceramic,کاشی و سرامیک,57616105980228781,73452.7,72940.8,73056.2,TSETMC
2025-07-22,1404/04/31,1404,4,31,cement,سیمان، آهک و گچ,70077233737515808,54280.0,53824.5,54213.5,TSETMC
2025-07-22,1404/04/31,1404,4,31,tile_ceramic,کاشی و سرامیک,57616105980228781,74128.3,73822.6,74034.4,TSETMC
2025-07-23,1404/05/01,1404,5,1,cement,سیمان، آهک و گچ,70077233737515808,53940.1,53628.5,53743.3,TSETMC
2025-07-23,1404/05/01,1404,5,1,tile_ceramic,کاشی و سرامیک,57616105980228781,73925.2,73156.2,73156.2,TSETMC
2025-07-26,1404/05/04,1404,5,4,cement,سیمان، آهک و گچ,70077233737515808,53804.6,53562.1,53576.8,TSETMC
2025-07-26,1404/05/04,1404,5,4,tile_ceramic,کاشی و سرامیک,57616105980228781,73062.8,72036.0,72036.0,TSETMC
2025-07-27,1404/05/05,1404,5,5,cement,سیمان، آهک و گچ,70077233737515808,53636.4,53175.1,53175.1,TSETMC
2025-07-27,1404/05/05,1404,5,5,tile_ceramic,کاشی و سرامیک,57616105980228781,71547.7,70972.2,70972.2,TSETMC
2025-07-28,1404/05/06,1404,5,6,cement,سیمان، آهک و گچ,70077233737515808,52842.3,52296.8,52296.8,TSETMC
2025-07-28,1404/05/06,1404,5,6,tile_ceramic,کاشی و سرامیک,57616105980228781,70738.3,70626.3,70626.3,TSETMC
2025-07-29,1404/05/07,1404,5,7,cement,سیمان، آهک و گچ,70077233737515808,51893.5,51680.3,51680.3,TSETMC
2025-07-29,1404/05/07,1404,5,7,tile_ceramic,کاشی و سرامیک,57616105980228781,70286.7,70215.0,70215.0,TSETMC
2025-07-30,1404/05/08,1404,5,8,cement,سیمان، آهک و گچ,70077233737515808,51225.1,50856.0,50856.0,TSETMC
2025-07-30,1404/05/08,1404,5,8,tile_ceramic,کاشی و سرامیک,57616105980228781,70166.2,69240.8,69240.8,TSETMC
2025-08-02,1404/05/11,1404,5,11,cement,سیمان، آهک و گچ,70077233737515808,50430.1,49609.0,49609.0,TSETMC
2025-08-02,1404/05/11,1404,5,11,tile_ceramic,کاشی و سرامیک,57616105980228781,68749.8,67316.3,67316.3,TSETMC
2025-08-03,1404/05/12,1404,5,12,cement,سیمان، آهک و گچ,70077233737515808,49185.6,48808.3,48808.7,TSETMC
2025-08-03,1404/05/12,1404,5,12,tile_ceramic,کاشی و سرامیک,57616105980228781,66955.1,66688.2,66688.2,TSETMC
2025-08-04,1404/05/13,1404,5,13,cement,سیمان، آهک و گچ,70077233737515808,48816.6,48462.1,48462.2,TSETMC
2025-08-04,1404/05/13,1404,5,13,tile_ceramic,کاشی و سرامیک,57616105980228781,66542.2,66137.9,66137.9,TSETMC
2025-08-05,1404/05/14,1404,5,14,cement,سیمان، آهک و گچ,70077233737515808,48685.0,48257.9,48257.9,TSETMC
2025-08-05,1404/05/14,1404,5,14,tile_ceramic,کاشی و سرامیک,57616105980228781,66207.2,65859.4,65859.4,TSETMC
2025-08-06,1404/05/15,1404,5,15,cement,سیمان، آهک و گچ,70077233737515808,48119.6,47703.0,47703.0,TSETMC
2025-08-06,1404/05/15,1404,5,15,tile_ceramic,کاشی و سرامیک,57616105980228781,65849.4,65753.0,65753.0,TSETMC
2025-08-09,1404/05/18,1404,5,18,cement,سیمان، آهک و گچ,70077233737515808,47943.9,47748.8,47749.4,TSETMC
2025-08-09,1404/05/18,1404,5,18,tile_ceramic,کاشی و سرامیک,57616105980228781,65641.3,64704.8,64704.8,TSETMC
2025-08-10,1404/05/19,1404,5,19,cement,سیمان، آهک و گچ,70077233737515808,47793.0,47345.1,47345.9,TSETMC
2025-08-10,1404/05/19,1404,5,19,tile_ceramic,کاشی و سرامیک,57616105980228781,64458.3,63608.4,63802.6,TSETMC
2025-08-11,1404/05/20,1404,5,20,cement,سیمان، آهک و گچ,70077233737515808,47343.1,47018.9,47018.9,TSETMC
2025-08-11,1404/05/20,1404,5,20,tile_ceramic,کاشی و سرامیک,57616105980228781,63561.8,63298.7,63298.7,TSETMC
2025-08-12,1404/05/21,1404,5,21,cement,سیمان، آهک و گچ,70077233737515808,46973.7,46323.4,46323.4,TSETMC
2025-08-12,1404/05/21,1404,5,21,tile_ceramic,کاشی و سرامیک,57616105980228781,63044.3,62292.3,62292.3,TSETMC
2025-08-13,1404/05/22,1404,5,22,cement,سیمان، آهک و گچ,70077233737515808,46052.7,45639.1,45639.1,TSETMC
2025-08-13,1404/05/22,1404,5,22,tile_ceramic,کاشی و سرامیک,57616105980228781,62163.5,61265.0,61265.0,TSETMC
2025-08-16,1404/05/25,1404,5,25,cement,سیمان، آهک و گچ,70077233737515808,45390.9,45178.8,45390.6,TSETMC
2025-08-16,1404/05/25,1404,5,25,tile_ceramic,کاشی و سرامیک,57616105980228781,61178.9,60434.0,60472.8,TSETMC
2025-08-17,1404/05/26,1404,5,26,cement,سیمان، آهک و گچ,70077233737515808,46080.8,45573.9,46080.8,TSETMC
2025-08-17,1404/05/26,1404,5,26,tile_ceramic,کاشی و سرامیک,57616105980228781,60966.0,60443.2,60958.6,TSETMC
2025-08-18,1404/05/27,1404,5,27,cement,سیمان، آهک و گچ,70077233737515808,46413.5,46311.2,46311.2,TSETMC
2025-08-18,1404/05/27,1404,5,27,tile_ceramic,کاشی و سرامیک,57616105980228781,60959.2,60390.1,60390.1,TSETMC
2025-08-19,1404/05/28,1404,5,28,cement,سیمان، آهک و گچ,70077233737515808,46146.5,46010.1,46038.9,TSETMC
2025-08-19,1404/05/28,1404,5,28,tile_ceramic,کاشی و سرامیک,57616105980228781,60363.9,59979.1,59979.1,TSETMC
2025-08-20,1404/05/29,1404,5,29,cement,سیمان، آهک و گچ,70077233737515808,46057.5,45993.7,46057.4,TSETMC
2025-08-20,1404/05/29,1404,5,29,tile_ceramic,کاشی و سرامیک,57616105980228781,59980.3,59827.2,59873.0,TSETMC
2025-08-23,1404/06/01,1404,6,1,cement,سیمان، آهک و گچ,70077233737515808,46374.4,46126.0,46374.4,TSETMC
2025-08-23,1404/06/01,1404,6,1,tile_ceramic,کاشی و سرامیک,57616105980228781,60019.5,59631.7,59659.5,TSETMC
2025-08-25,1404/06/03,1404,6,3,cement,سیمان، آهک و گچ,70077233737515808,46563.5,46094.2,46094.2,TSETMC
2025-08-25,1404/06/03,1404,6,3,tile_ceramic,کاشی و سرامیک,57616105980228781,59882.6,59655.6,59655.6,TSETMC
2025-08-26,1404/06/04,1404,6,4,cement,سیمان، آهک و گچ,70077233737515808,45971.7,45902.4,45933.7,TSETMC
2025-08-26,1404/06/04,1404,6,4,tile_ceramic,کاشی و سرامیک,57616105980228781,59629.8,59503.2,59503.2,TSETMC
2025-08-27,1404/06/05,1404,6,5,cement,سیمان، آهک و گچ,70077233737515808,46180.0,45964.6,46103.7,TSETMC
2025-08-27,1404/06/05,1404,6,5,tile_ceramic,کاشی و سرامیک,57616105980228781,59422.4,58809.5,58809.5,TSETMC
2025-08-30,1404/06/08,1404,6,8,cement,سیمان، آهک و گچ,70077233737515808,45760.3,45218.7,45218.7,TSETMC
2025-08-30,1404/06/08,1404,6,8,tile_ceramic,کاشی و سرامیک,57616105980228781,58733.2,58482.0,58482.0,TSETMC
2025-08-31,1404/06/09,1404,6,9,cement,سیمان، آهک و گچ,70077233737515808,45464.1,45243.1,45464.1,TSETMC
2025-08-31,1404/06/09,1404,6,9,tile_ceramic,کاشی و سرامیک,57616105980228781,58518.9,58317.7,58323.6,TSETMC
2025-09-02,1404/06/11,1404,6,11,cement,سیمان، آهک و گچ,70077233737515808,46087.2,45567.3,46087.2,TSETMC
2025-09-02,1404/06/11,1404,6,11,tile_ceramic,کاشی و سرامیک,57616105980228781,59171.2,58441.0,59171.2,TSETMC
2025-09-03,1404/06/12,1404,6,12,cement,سیمان، آهک و گچ,70077233737515808,46575.4,46227.0,46575.4,TSETMC
2025-09-03,1404/06/12,1404,6,12,tile_ceramic,کاشی و سرامیک,57616105980228781,60324.7,59412.9,60324.7,TSETMC
2025-09-06,1404/06/15,1404,6,15,cement,سیمان، آهک و گچ,70077233737515808,46850.9,46655.0,46791.6,TSETMC
2025-09-06,1404/06/15,1404,6,15,tile_ceramic,کاشی و سرامیک,57616105980228781,60676.2,60346.4,60564.1,TSETMC
2025-09-07,1404/06/16,1404,6,16,cement,سیمان، آهک و گچ,70077233737515808,46931.7,46773.1,46931.7,TSETMC
2025-09-07,1404/06/16,1404,6,16,tile_ceramic,کاشی و سرامیک,57616105980228781,61326.3,60645.6,61326.3,TSETMC
2025-09-08,1404/06/17,1404,6,17,cement,سیمان، آهک و گچ,70077233737515808,47597.6,47015.1,47597.6,TSETMC
2025-09-08,1404/06/17,1404,6,17,tile_ceramic,کاشی و سرامیک,57616105980228781,62662.9,61521.4,62662.9,TSETMC
2025-09-09,1404/06/18,1404,6,18,cement,سیمان، آهک و گچ,70077233737515808,47726.2,47618.7,47680.6,TSETMC
2025-09-09,1404/06/18,1404,6,18,tile_ceramic,کاشی و سرامیک,57616105980228781,63583.8,62758.0,63583.8,TSETMC
2025-09-13,1404/06/22,1404,6,22,cement,سیمان، آهک و گچ,70077233737515808,47946.8,47758.8,47945.9,TSETMC
2025-09-13,1404/06/22,1404,6,22,tile_ceramic,کاشی و سرامیک,57616105980228781,64384.2,63861.5,64384.2,TSETMC
2025-09-14,1404/06/23,1404,6,23,cement,سیمان، آهک و گچ,70077233737515808,48859.4,48124.5,48859.4,TSETMC
2025-09-14,1404/06/23,1404,6,23,tile_ceramic,کاشی و سرامیک,57616105980228781,65163.0,64490.4,65163.0,TSETMC
2025-09-15,1404/06/24,1404,6,24,cement,سیمان، آهک و گچ,70077233737515808,49392.7,49074.7,49280.3,TSETMC
2025-09-15,1404/06/24,1404,6,24,tile_ceramic,کاشی و سرامیک,57616105980228781,65894.2,65385.8,65385.8,TSETMC
2025-09-16,1404/06/25,1404,6,25,cement,سیمان، آهک و گچ,70077233737515808,49099.4,48601.9,48601.9,TSETMC
2025-09-16,1404/06/25,1404,6,25,tile_ceramic,کاشی و سرامیک,57616105980228781,65089.0,64660.7,64660.7,TSETMC
2025-09-17,1404/06/26,1404,6,26,cement,سیمان، آهک و گچ,70077233737515808,48434.4,48058.2,48058.2,TSETMC
2025-09-17,1404/06/26,1404,6,26,tile_ceramic,کاشی و سرامیک,57616105980228781,64590.3,63984.4,63984.4,TSETMC
2025-09-20,1404/06/29,1404,6,29,cement,سیمان، آهک و گچ,70077233737515808,47571.2,47224.5,47224.5,TSETMC
2025-09-20,1404/06/29,1404,6,29,tile_ceramic,کاشی و سرامیک,57616105980228781,63616.9,62885.2,62885.2,TSETMC
2025-09-21,1404/06/30,1404,6,30,cement,سیمان، آهک و گچ,70077233737515808,46843.6,46401.6,46401.6,TSETMC
2025-09-21,1404/06/30,1404,6,30,tile_ceramic,کاشی و سرامیک,57616105980228781,62498.7,62279.2,62279.2,TSETMC
2025-09-22,1404/06/31,1404,6,31,cement,سیمان، آهک و گچ,70077233737515808,46715.9,46509.8,46694.1,TSETMC
2025-09-22,1404/06/31,1404,6,31,tile_ceramic,کاشی و سرامیک,57616105980228781,62819.1,62384.1,62582.2,TSETMC
2025-09-23,1404/07/01,1404,7,1,cement,سیمان، آهک و گچ,70077233737515808,46732.6,46676.5,46703.7,TSETMC
2025-09-23,1404/07/01,1404,7,1,tile_ceramic,کاشی و سرامیک,57616105980228781,62569.6,62283.8,62364.3,TSETMC
2025-09-24,1404/07/02,1404,7,2,cement,سیمان، آهک و گچ,70077233737515808,46450.3,45963.2,45969.3,TSETMC
2025-09-24,1404/07/02,1404,7,2,tile_ceramic,کاشی و سرامیک,57616105980228781,62210.2,61460.3,61462.3,TSETMC
2025-09-27,1404/07/05,1404,7,5,cement,سیمان، آهک و گچ,70077233737515808,46910.7,46057.7,46910.7,TSETMC
2025-09-27,1404/07/05,1404,7,5,tile_ceramic,کاشی و سرامیک,57616105980228781,62737.1,61594.1,62737.1,TSETMC
2025-09-28,1404/07/06,1404,7,6,cement,سیمان، آهک و گچ,70077233737515808,47849.6,47204.5,47849.6,TSETMC
2025-09-28,1404/07/06,1404,7,6,tile_ceramic,کاشی و سرامیک,57616105980228781,64104.2,63510.9,64104.2,TSETMC
2025-09-29,1404/07/07,1404,7,7,cement,سیمان، آهک و گچ,70077233737515808,48878.3,48237.0,48878.3,TSETMC
2025-09-29,1404/07/07,1404,7,7,tile_ceramic,کاشی و سرامیک,57616105980228781,65775.6,64696.1,65775.6,TSETMC
2025-09-30,1404/07/08,1404,7,8,cement,سیمان، آهک و گچ,70077233737515808,49249.7,48847.8,48847.8,TSETMC
2025-09-30,1404/07/08,1404,7,8,tile_ceramic,کاشی و سرامیک,57616105980228781,66880.4,66039.0,66880.4,TSETMC
2025-10-01,1404/07/09,1404,7,9,cement,سیمان، آهک و گچ,70077233737515808,48613.9,48365.1,48369.4,TSETMC
2025-10-01,1404/07/09,1404,7,9,tile_ceramic,کاشی و سرامیک,57616105980228781,67750.5,67660.6,67711.0,TSETMC
2025-10-04,1404/07/12,1404,7,12,cement,سیمان، آهک و گچ,70077233737515808,49470.9,48563.7,49470.9,TSETMC
2025-10-04,1404/07/12,1404,7,12,tile_ceramic,کاشی و سرامیک,57616105980228781,68952.7,68184.1,68952.7,TSETMC
2025-10-05,1404/07/13,1404,7,13,cement,سیمان، آهک و گچ,70077233737515808,50516.9,50054.4,50501.1,TSETMC
2025-10-05,1404/07/13,1404,7,13,tile_ceramic,کاشی و سرامیک,57616105980228781,70005.1,69756.5,69922.4,TSETMC
2025-10-06,1404/07/14,1404,7,14,cement,سیمان، آهک و گچ,70077233737515808,50711.2,50334.2,50335.0,TSETMC
2025-10-06,1404/07/14,1404,7,14,tile_ceramic,کاشی و سرامیک,57616105980228781,70333.2,69802.9,70119.6,TSETMC
2025-10-07,1404/07/15,1404,7,15,cement,سیمان، آهک و گچ,70077233737515808,50672.4,50306.4,50672.4,TSETMC
2025-10-07,1404/07/15,1404,7,15,tile_ceramic,کاشی و سرامیک,57616105980228781,70609.9,69982.5,70295.0,TSETMC
2025-10-08,1404/07/16,1404,7,16,cement,سیمان، آهک و گچ,70077233737515808,50684.1,50246.9,50246.9,TSETMC
2025-10-08,1404/07/16,1404,7,16,tile_ceramic,کاشی و سرامیک,57616105980228781,70408.6,69977.2,70247.3,TSETMC
2025-10-11,1404/07/19,1404,7,19,cement,سیمان، آهک و گچ,70077233737515808,50784.9,50336.4,50763.6,TSETMC
2025-10-11,1404/07/19,1404,7,19,tile_ceramic,کاشی و سرامیک,57616105980228781,71942.3,70321.9,71942.3,TSETMC
2025-10-12,1404/07/20,1404,7,20,cement,سیمان، آهک و گچ,70077233737515808,51665.1,50864.9,51665.1,TSETMC
2025-10-12,1404/07/20,1404,7,20,tile_ceramic,کاشی و سرامیک,57616105980228781,73890.4,72506.5,73890.4,TSETMC
2025-10-13,1404/07/21,1404,7,21,cement,سیمان، آهک و گچ,70077233737515808,52093.3,51855.8,52093.3,TSETMC
2025-10-13,1404/07/21,1404,7,21,tile_ceramic,کاشی و سرامیک,57616105980228781,75460.9,74803.5,75448.7,TSETMC
2025-10-14,1404/07/22,1404,7,22,cement,سیمان، آهک و گچ,70077233737515808,52240.4,51936.5,51936.5,TSETMC
2025-10-14,1404/07/22,1404,7,22,tile_ceramic,کاشی و سرامیک,57616105980228781,75622.1,75044.0,75044.0,TSETMC
2025-10-15,1404/07/23,1404,7,23,cement,سیمان، آهک و گچ,70077233737515808,51894.3,51716.5,51750.3,TSETMC
2025-10-15,1404/07/23,1404,7,23,tile_ceramic,کاشی و سرامیک,57616105980228781,75423.4,74980.5,75423.4,TSETMC
2025-10-18,1404/07/26,1404,7,26,cement,سیمان، آهک و گچ,70077233737515808,52937.2,51910.6,52937.2,TSETMC
2025-10-18,1404/07/26,1404,7,26,tile_ceramic,کاشی و سرامیک,57616105980228781,77499.5,75680.9,77499.5,TSETMC
2025-10-19,1404/07/27,1404,7,27,cement,سیمان، آهک و گچ,70077233737515808,53358.9,53141.1,53358.9,TSETMC
2025-10-19,1404/07/27,1404,7,27,tile_ceramic,کاشی و سرامیک,57616105980228781,78204.2,77718.7,77819.8,TSETMC
2025-10-20,1404/07/28,1404,7,28,cement,سیمان، آهک و گچ,70077233737515808,53476.2,53246.4,53246.5,TSETMC
2025-10-20,1404/07/28,1404,7,28,tile_ceramic,کاشی و سرامیک,57616105980228781,78337.4,77348.7,77348.7,TSETMC
2025-10-21,1404/07/29,1404,7,29,cement,سیمان، آهک و گچ,70077233737515808,53554.0,53352.1,53545.2,TSETMC
2025-10-21,1404/07/29,1404,7,29,tile_ceramic,کاشی و سرامیک,57616105980228781,77309.7,76826.2,76847.1,TSETMC
2025-10-22,1404/07/30,1404,7,30,cement,سیمان، آهک و گچ,70077233737515808,53755.8,53653.1,53755.8,TSETMC
2025-10-22,1404/07/30,1404,7,30,tile_ceramic,کاشی و سرامیک,57616105980228781,77438.8,76858.2,77139.7,TSETMC
2025-10-25,1404/08/03,1404,8,3,cement,سیمان، آهک و گچ,70077233737515808,53831.1,53635.7,53635.7,TSETMC
2025-10-25,1404/08/03,1404,8,3,tile_ceramic,کاشی و سرامیک,57616105980228781,76755.5,76527.9,76733.4,TSETMC
2025-10-26,1404/08/04,1404,8,4,cement,سیمان، آهک و گچ,70077233737515808,53872.1,53765.9,53863.7,TSETMC
2025-10-26,1404/08/04,1404,8,4,tile_ceramic,کاشی و سرامیک,57616105980228781,76239.7,75959.1,76239.7,TSETMC
2025-10-27,1404/08/05,1404,8,5,cement,سیمان، آهک و گچ,70077233737515808,53987.8,53954.9,53975.2,TSETMC
2025-10-27,1404/08/05,1404,8,5,tile_ceramic,کاشی و سرامیک,57616105980228781,76994.4,76393.2,76994.4,TSETMC
2025-10-28,1404/08/06,1404,8,6,cement,سیمان، آهک و گچ,70077233737515808,54122.8,53886.4,53913.1,TSETMC
2025-10-28,1404/08/06,1404,8,6,tile_ceramic,کاشی و سرامیک,57616105980228781,77692.0,77229.4,77692.0,TSETMC
2025-10-29,1404/08/07,1404,8,7,cement,سیمان، آهک و گچ,70077233737515808,53922.7,53698.3,53706.0,TSETMC
2025-10-29,1404/08/07,1404,8,7,tile_ceramic,کاشی و سرامیک,57616105980228781,79127.7,77974.2,78903.3,TSETMC
2025-11-01,1404/08/10,1404,8,10,cement,سیمان، آهک و گچ,70077233737515808,53694.2,53385.4,53385.4,TSETMC
2025-11-01,1404/08/10,1404,8,10,tile_ceramic,کاشی و سرامیک,57616105980228781,79606.9,79033.3,79033.3,TSETMC
2025-11-02,1404/08/11,1404,8,11,cement,سیمان، آهک و گچ,70077233737515808,53295.3,53172.8,53217.2,TSETMC
2025-11-02,1404/08/11,1404,8,11,tile_ceramic,کاشی و سرامیک,57616105980228781,79054.6,78484.5,79054.6,TSETMC
2025-11-03,1404/08/12,1404,8,12,cement,سیمان، آهک و گچ,70077233737515808,53452.7,53302.5,53334.8,TSETMC
2025-11-03,1404/08/12,1404,8,12,tile_ceramic,کاشی و سرامیک,57616105980228781,79242.1,78701.3,78701.3,TSETMC
2025-11-04,1404/08/13,1404,8,13,cement,سیمان، آهک و گچ,70077233737515808,53276.7,52824.9,52825.1,TSETMC
2025-11-04,1404/08/13,1404,8,13,tile_ceramic,کاشی و سرامیک,57616105980228781,78555.5,77191.0,77191.0,TSETMC
2025-11-05,1404/08/14,1404,8,14,cement,سیمان، آهک و گچ,70077233737515808,52756.6,52543.4,52545.0,TSETMC
2025-11-05,1404/08/14,1404,8,14,tile_ceramic,کاشی و سرامیک,57616105980228781,77095.8,76665.5,76804.5,TSETMC
2025-11-08,1404/08/17,1404,8,17,cement,سیمان، آهک و گچ,70077233737515808,52852.2,52669.9,52807.8,TSETMC
2025-11-08,1404/08/17,1404,8,17,tile_ceramic,کاشی و سرامیک,57616105980228781,77186.8,75739.2,75739.3,TSETMC
2025-11-09,1404/08/18,1404,8,18,cement,سیمان، آهک و گچ,70077233737515808,52796.8,52042.3,52042.3,TSETMC
2025-11-09,1404/08/18,1404,8,18,tile_ceramic,کاشی و سرامیک,57616105980228781,74858.0,73870.9,73873.4,TSETMC
2025-11-10,1404/08/19,1404,8,19,cement,سیمان، آهک و گچ,70077233737515808,52098.3,51958.8,52024.9,TSETMC
2025-11-10,1404/08/19,1404,8,19,tile_ceramic,کاشی و سرامیک,57616105980228781,73619.8,72337.9,72337.9,TSETMC
2025-11-11,1404/08/20,1404,8,20,cement,سیمان، آهک و گچ,70077233737515808,52519.6,52204.6,52519.6,TSETMC
2025-11-11,1404/08/20,1404,8,20,tile_ceramic,کاشی و سرامیک,57616105980228781,72634.8,72198.1,72198.1,TSETMC
2025-11-12,1404/08/21,1404,8,21,cement,سیمان، آهک و گچ,70077233737515808,53039.1,52694.8,53039.1,TSETMC
2025-11-12,1404/08/21,1404,8,21,tile_ceramic,کاشی و سرامیک,57616105980228781,72261.2,71959.9,72256.8,TSETMC
2025-11-15,1404/08/24,1404,8,24,cement,سیمان، آهک و گچ,70077233737515808,53592.2,53195.5,53592.2,TSETMC
2025-11-15,1404/08/24,1404,8,24,tile_ceramic,کاشی و سرامیک,57616105980228781,73640.7,72438.6,73628.2,TSETMC
2025-11-16,1404/08/25,1404,8,25,cement,سیمان، آهک و گچ,70077233737515808,54157.9,53907.1,54157.9,TSETMC
2025-11-16,1404/08/25,1404,8,25,tile_ceramic,کاشی و سرامیک,57616105980228781,75411.4,74320.4,75411.4,TSETMC
2025-11-17,1404/08/26,1404,8,26,cement,سیمان، آهک و گچ,70077233737515808,54639.0,54436.3,54553.9,TSETMC
2025-11-17,1404/08/26,1404,8,26,tile_ceramic,کاشی و سرامیک,57616105980228781,76507.9,75657.9,76208.0,TSETMC
2025-11-18,1404/08/27,1404,8,27,cement,سیمان، آهک و گچ,70077233737515808,55030.6,54729.7,54943.9,TSETMC
2025-11-18,1404/08/27,1404,8,27,tile_ceramic,کاشی و سرامیک,57616105980228781,76905.0,76529.9,76529.9,TSETMC
2025-11-19,1404/08/28,1404,8,28,cement,سیمان، آهک و گچ,70077233737515808,55331.8,55214.6,55214.6,TSETMC
2025-11-19,1404/08/28,1404,8,28,tile_ceramic,کاشی و سرامیک,57616105980228781,76680.1,76436.6,76680.1,TSETMC
2025-11-22,1404/09/01,1404,9,1,cement,سیمان، آهک و گچ,70077233737515808,55752.7,55348.3,55752.7,TSETMC
2025-11-22,1404/09/01,1404,9,1,tile_ceramic,کاشی و سرامیک,57616105980228781,77781.5,76950.4,77780.3,TSETMC
2025-11-23,1404/09/02,1404,9,2,cement,سیمان، آهک و گچ,70077233737515808,55875.5,55782.4,55782.4,TSETMC
2025-11-23,1404/09/02,1404,9,2,tile_ceramic,کاشی و سرامیک,57616105980228781,78856.1,77900.6,78856.1,TSETMC
2025-11-25,1404/09/04,1404,9,4,cement,سیمان، آهک و گچ,70077233737515808,55939.1,55777.4,55910.7,TSETMC
2025-11-25,1404/09/04,1404,9,4,tile_ceramic,کاشی و سرامیک,57616105980228781,79773.0,78943.4,79773.0,TSETMC
2025-11-26,1404/09/05,1404,9,5,cement,سیمان، آهک و گچ,70077233737515808,55878.6,55436.5,55460.6,TSETMC
2025-11-26,1404/09/05,1404,9,5,tile_ceramic,کاشی و سرامیک,57616105980228781,79814.4,78910.2,78910.2,TSETMC
2025-11-29,1404/09/08,1404,9,8,cement,سیمان، آهک و گچ,70077233737515808,55393.6,55245.9,55245.9,TSETMC
2025-11-29,1404/09/08,1404,9,8,tile_ceramic,کاشی و سرامیک,57616105980228781,79550.1,79399.1,79399.1,TSETMC
2025-11-30,1404/09/09,1404,9,9,cement,سیمان، آهک و گچ,70077233737515808,55239.8,55088.1,55088.1,TSETMC
2025-11-30,1404/09/09,1404,9,9,tile_ceramic,کاشی و سرامیک,57616105980228781,80173.6,79573.8,80012.5,TSETMC
2025-12-01,1404/09/10,1404,9,10,cement,سیمان، آهک و گچ,70077233737515808,55329.4,55168.1,55208.2,TSETMC
2025-12-01,1404/09/10,1404,9,10,tile_ceramic,کاشی و سرامیک,57616105980228781,81542.3,81237.9,81434.8,TSETMC
2025-12-02,1404/09/11,1404,9,11,cement,سیمان، آهک و گچ,70077233737515808,55299.4,55183.8,55228.9,TSETMC
2025-12-02,1404/09/11,1404,9,11,tile_ceramic,کاشی و سرامیک,57616105980228781,81819.2,81057.3,81682.6,TSETMC
2025-12-03,1404/09/12,1404,9,12,cement,سیمان، آهک و گچ,70077233737515808,55616.6,55367.6,55604.7,TSETMC
2025-12-03,1404/09/12,1404,9,12,tile_ceramic,کاشی و سرامیک,57616105980228781,82299.9,81918.3,82287.2,TSETMC
2025-12-06,1404/09/15,1404,9,15,cement,سیمان، آهک و گچ,70077233737515808,56002.9,55685.8,55839.8,TSETMC
2025-12-06,1404/09/15,1404,9,15,tile_ceramic,کاشی و سرامیک,57616105980228781,83726.9,83251.6,83631.3,TSETMC
2025-12-07,1404/09/16,1404,9,16,cement,سیمان، آهک و گچ,70077233737515808,55908.9,55231.7,55231.7,TSETMC
2025-12-07,1404/09/16,1404,9,16,tile_ceramic,کاشی و سرامیک,57616105980228781,83086.7,82737.2,82737.2,TSETMC
2025-12-08,1404/09/17,1404,9,17,cement,سیمان، آهک و گچ,70077233737515808,55238.1,54934.1,54935.1,TSETMC
2025-12-08,1404/09/17,1404,9,17,tile_ceramic,کاشی و سرامیک,57616105980228781,81920.1,81699.8,81920.1,TSETMC
2025-12-09,1404/09/18,1404,9,18,cement,سیمان، آهک و گچ,70077233737515808,54949.3,54632.8,54632.8,TSETMC
2025-12-09,1404/09/18,1404,9,18,tile_ceramic,کاشی و سرامیک,57616105980228781,82773.1,82135.1,82773.1,TSETMC
2025-12-10,1404/09/19,1404,9,19,cement,سیمان، آهک و گچ,70077233737515808,55222.2,54736.1,55222.2,TSETMC
2025-12-10,1404/09/19,1404,9,19,tile_ceramic,کاشی و سرامیک,57616105980228781,84277.8,83062.4,84270.6,TSETMC
2025-12-13,1404/09/22,1404,9,22,cement,سیمان، آهک و گچ,70077233737515808,55784.1,55368.4,55784.1,TSETMC
2025-12-13,1404/09/22,1404,9,22,tile_ceramic,کاشی و سرامیک,57616105980228781,85577.5,85097.3,85547.8,TSETMC
2025-12-14,1404/09/23,1404,9,23,cement,سیمان، آهک و گچ,70077233737515808,55753.0,55562.9,55645.4,TSETMC
2025-12-14,1404/09/23,1404,9,23,tile_ceramic,کاشی و سرامیک,57616105980228781,86771.0,85683.7,86771.0,TSETMC
2025-12-15,1404/09/24,1404,9,24,cement,سیمان، آهک و گچ,70077233737515808,56012.8,55747.7,56012.8,TSETMC
2025-12-15,1404/09/24,1404,9,24,tile_ceramic,کاشی و سرامیک,57616105980228781,87331.9,86832.6,87222.4,TSETMC
2025-12-16,1404/09/25,1404,9,25,cement,سیمان، آهک و گچ,70077233737515808,56381.5,55906.1,55906.1,TSETMC
2025-12-16,1404/09/25,1404,9,25,tile_ceramic,کاشی و سرامیک,57616105980228781,88577.9,87804.8,87804.8,TSETMC
2025-12-17,1404/09/26,1404,9,26,cement,سیمان، آهک و گچ,70077233737515808,55718.8,55577.4,55590.2,TSETMC
2025-12-17,1404/09/26,1404,9,26,tile_ceramic,کاشی و سرامیک,57616105980228781,89252.9,88589.2,89252.9,TSETMC
2025-12-20,1404/09/29,1404,9,29,cement,سیمان، آهک و گچ,70077233737515808,56807.5,55983.8,56807.5,TSETMC
2025-12-20,1404/09/29,1404,9,29,tile_ceramic,کاشی و سرامیک,57616105980228781,91527.8,90699.0,91498.5,TSETMC
2025-12-21,1404/09/30,1404,9,30,cement,سیمان، آهک و گچ,70077233737515808,57990.0,57273.4,57990.0,TSETMC
2025-12-21,1404/09/30,1404,9,30,tile_ceramic,کاشی و سرامیک,57616105980228781,91691.4,91305.4,91691.4,TSETMC
2025-12-22,1404/10/01,1404,10,1,cement,سیمان، آهک و گچ,70077233737515808,59652.1,59581.9,59588.6,TSETMC
2025-12-22,1404/10/01,1404,10,1,tile_ceramic,کاشی و سرامیک,57616105980228781,92872.9,92280.5,92742.8,TSETMC
2025-12-23,1404/10/02,1404,10,2,cement,سیمان، آهک و گچ,70077233737515808,60960.0,60756.8,60960.0,TSETMC
2025-12-23,1404/10/02,1404,10,2,tile_ceramic,کاشی و سرامیک,57616105980228781,94961.8,94089.4,94905.8,TSETMC
2025-12-24,1404/10/03,1404,10,3,cement,سیمان، آهک و گچ,70077233737515808,62609.0,62476.6,62589.4,TSETMC
2025-12-24,1404/10/03,1404,10,3,tile_ceramic,کاشی و سرامیک,57616105980228781,97575.2,96412.7,97405.4,TSETMC
2025-12-27,1404/10/06,1404,10,6,cement,سیمان، آهک و گچ,70077233737515808,63846.0,63037.9,63037.9,TSETMC
2025-12-27,1404/10/06,1404,10,6,tile_ceramic,کاشی و سرامیک,57616105980228781,99354.1,97948.1,97948.6,TSETMC
2025-12-28,1404/10/07,1404,10,7,cement,سیمان، آهک و گچ,70077233737515808,61981.2,61763.9,61763.9,TSETMC
2025-12-28,1404/10/07,1404,10,7,tile_ceramic,کاشی و سرامیک,57616105980228781,99123.3,98194.0,98194.0,TSETMC
2025-12-29,1404/10/08,1404,10,8,cement,سیمان، آهک و گچ,70077233737515808,60730.9,60333.4,60333.4,TSETMC
2025-12-29,1404/10/08,1404,10,8,tile_ceramic,کاشی و سرامیک,57616105980228781,97496.2,95620.6,95663.4,TSETMC
2025-12-30,1404/10/09,1404,10,9,cement,سیمان، آهک و گچ,70077233737515808,58772.3,58726.5,58768.8,TSETMC
2025-12-30,1404/10/09,1404,10,9,tile_ceramic,کاشی و سرامیک,57616105980228781,93047.7,92913.5,92913.5,TSETMC
2025-12-31,1404/10/10,1404,10,10,cement,سیمان، آهک و گچ,70077233737515808,58514.9,58067.5,58514.9,TSETMC
2025-12-31,1404/10/10,1404,10,10,tile_ceramic,کاشی و سرامیک,57616105980228781,91798.0,90599.3,91798.0,TSETMC
2026-01-04,1404/10/14,1404,10,14,cement,سیمان، آهک و گچ,70077233737515808,57833.4,57220.5,57222.8,TSETMC
2026-01-04,1404/10/14,1404,10,14,tile_ceramic,کاشی و سرامیک,57616105980228781,92533.5,89580.4,89580.4,TSETMC
2026-01-05,1404/10/15,1404,10,15,cement,سیمان، آهک و گچ,70077233737515808,58585.8,58382.4,58382.4,TSETMC
2026-01-05,1404/10/15,1404,10,15,tile_ceramic,کاشی و سرامیک,57616105980228781,92010.9,91552.5,91684.5,TSETMC
2026-01-06,1404/10/16,1404,10,16,cement,سیمان، آهک و گچ,70077233737515808,59733.6,59518.0,59733.6,TSETMC
2026-01-06,1404/10/16,1404,10,16,tile_ceramic,کاشی و سرامیک,57616105980228781,94136.6,93702.9,94136.6,TSETMC
2026-01-07,1404/10/17,1404,10,17,cement,سیمان، آهک و گچ,70077233737515808,59799.9,58550.3,58550.3,TSETMC
2026-01-07,1404/10/17,1404,10,17,tile_ceramic,کاشی و سرامیک,57616105980228781,94638.8,93545.5,93865.4,TSETMC
2026-01-10,1404/10/20,1404,10,20,cement,سیمان، آهک و گچ,70077233737515808,57105.9,56963.7,57088.0,TSETMC
2026-01-10,1404/10/20,1404,10,20,tile_ceramic,کاشی و سرامیک,57616105980228781,91228.3,91080.8,91165.9,TSETMC
2026-01-11,1404/10/21,1404,10,21,cement,سیمان، آهک و گچ,70077233737515808,56170.7,55821.0,56163.7,TSETMC
2026-01-11,1404/10/21,1404,10,21,tile_ceramic,کاشی و سرامیک,57616105980228781,89270.2,88683.4,88756.6,TSETMC
2026-01-12,1404/10/22,1404,10,22,cement,سیمان، آهک و گچ,70077233737515808,57575.4,57080.7,57080.7,TSETMC
2026-01-12,1404/10/22,1404,10,22,tile_ceramic,کاشی و سرامیک,57616105980228781,91026.9,89957.7,89957.7,TSETMC
2026-01-13,1404/10/23,1404,10,23,cement,سیمان، آهک و گچ,70077233737515808,57076.8,56059.4,56061.1,TSETMC
2026-01-13,1404/10/23,1404,10,23,tile_ceramic,کاشی و سرامیک,57616105980228781,90357.6,88180.5,88180.5,TSETMC
2026-01-14,1404/10/24,1404,10,24,cement,سیمان، آهک و گچ,70077233737515808,54736.3,54592.9,54672.1,TSETMC
2026-01-14,1404/10/24,1404,10,24,tile_ceramic,کاشی و سرامیک,57616105980228781,86110.4,85584.1,86110.4,TSETMC
2026-01-18,1404/10/28,1404,10,28,cement,سیمان، آهک و گچ,70077233737515808,55934.0,55637.8,55640.3,TSETMC
2026-01-18,1404/10/28,1404,10,28,tile_ceramic,کاشی و سرامیک,57616105980228781,88516.8,88328.9,88516.8,TSETMC
2026-01-19,1404/10/29,1404,10,29,cement,سیمان، آهک و گچ,70077233737515808,56761.4,55719.1,55719.3,TSETMC
2026-01-19,1404/10/29,1404,10,29,tile_ceramic,کاشی و سرامیک,57616105980228781,90740.6,90056.7,90056.7,TSETMC
2026-01-20,1404/10/30,1404,10,30,cement,سیمان، آهک و گچ,70077233737515808,56654.8,55747.9,56654.8,TSETMC
2026-01-20,1404/10/30,1404,10,30,tile_ceramic,کاشی و سرامیک,57616105980228781,92300.1,90588.5,92300.1,TSETMC
2026-01-21,1404/11/01,1404,11,1,cement,سیمان، آهک و گچ,70077233737515808,57945.1,57737.2,57914.8,TSETMC
2026-01-21,1404/11/01,1404,11,1,tile_ceramic,کاشی و سرامیک,57616105980228781,93358.6,92630.2,93358.6,TSETMC
2026-01-24,1404/11/04,1404,11,4,cement,سیمان، آهک و گچ,70077233737515808,57782.7,56962.9,56962.9,TSETMC
2026-01-24,1404/11/04,1404,11,4,tile_ceramic,کاشی و سرامیک,57616105980228781,92488.1,91069.6,91069.6,TSETMC
2026-01-25,1404/11/05,1404,11,5,cement,سیمان، آهک و گچ,70077233737515808,55601.6,55507.0,55507.1,TSETMC
2026-01-25,1404/11/05,1404,11,5,tile_ceramic,کاشی و سرامیک,57616105980228781,88356.9,88356.9,88356.9,TSETMC
2026-01-26,1404/11/06,1404,11,6,cement,سیمان، آهک و گچ,70077233737515808,53935.0,53922.3,53922.3,TSETMC
2026-01-26,1404/11/06,1404,11,6,tile_ceramic,کاشی و سرامیک,57616105980228781,85732.4,85732.4,85732.4,TSETMC
2026-01-27,1404/11/07,1404,11,7,cement,سیمان، آهک و گچ,70077233737515808,52509.0,52359.5,52509.0,TSETMC
2026-01-27,1404/11/07,1404,11,7,tile_ceramic,کاشی و سرامیک,57616105980228781,84022.5,83235.7,83235.7,TSETMC
2026-01-28,1404/11/08,1404,11,8,cement,سیمان، آهک و گچ,70077233737515808,52062.7,51889.8,52062.5,TSETMC
2026-01-28,1404/11/08,1404,11,8,tile_ceramic,کاشی و سرامیک,57616105980228781,82352.7,81574.4,81701.2,TSETMC
2026-01-31,1404/11/11,1404,11,11,cement,سیمان، آهک و گچ,70077233737515808,52276.2,50871.5,50871.5,TSETMC
2026-01-31,1404/11/11,1404,11,11,tile_ceramic,کاشی و سرامیک,57616105980228781,81012.4,79786.7,79786.7,TSETMC
2026-02-01,1404/11/12,1404,11,12,cement,سیمان، آهک و گچ,70077233737515808,51180.4,50669.8,51178.4,TSETMC
2026-02-01,1404/11/12,1404,11,12,tile_ceramic,کاشی و سرامیک,57616105980228781,79662.8,78991.0,79662.8,TSETMC
2026-02-02,1404/11/13,1404,11,13,cement,سیمان، آهک و گچ,70077233737515808,52542.0,52472.1,52478.9,TSETMC
2026-02-02,1404/11/13,1404,11,13,tile_ceramic,کاشی و سرامیک,57616105980228781,81831.0,81794.4,81809.7,TSETMC
2026-02-03,1404/11/14,1404,11,14,cement,سیمان، آهک و گچ,70077233737515808,53287.2,52607.1,52608.9,TSETMC
2026-02-03,1404/11/14,1404,11,14,tile_ceramic,کاشی و سرامیک,57616105980228781,82654.4,80374.4,80384.5,TSETMC
2026-02-07,1404/11/18,1404,11,18,cement,سیمان، آهک و گچ,70077233737515808,54104.5,53952.5,54101.3,TSETMC
2026-02-07,1404/11/18,1404,11,18,tile_ceramic,کاشی و سرامیک,57616105980228781,82661.3,81934.7,82546.5,TSETMC
2026-02-08,1404/11/19,1404,11,19,cement,سیمان، آهک و گچ,70077233737515808,55173.9,54202.7,54202.7,TSETMC
2026-02-08,1404/11/19,1404,11,19,tile_ceramic,کاشی و سرامیک,57616105980228781,83304.5,81620.3,81620.3,TSETMC
2026-02-09,1404/11/20,1404,11,20,cement,سیمان، آهک و گچ,70077233737515808,53462.6,53193.8,53193.8,TSETMC
2026-02-09,1404/11/20,1404,11,20,tile_ceramic,کاشی و سرامیک,57616105980228781,80123.8,79519.5,79520.6,TSETMC
2026-02-10,1404/11/21,1404,11,21,cement,سیمان، آهک و گچ,70077233737515808,53249.7,53040.0,53045.3,TSETMC
2026-02-10,1404/11/21,1404,11,21,tile_ceramic,کاشی و سرامیک,57616105980228781,79757.3,79213.6,79356.3,TSETMC
2026-02-14,1404/11/25,1404,11,25,cement,سیمان، آهک و گچ,70077233737515808,53967.1,52802.3,52802.6,TSETMC
2026-02-14,1404/11/25,1404,11,25,tile_ceramic,کاشی و سرامیک,57616105980228781,81036.3,79666.8,79666.8,TSETMC
2026-02-15,1404/11/26,1404,11,26,cement,سیمان، آهک و گچ,70077233737515808,51976.3,51684.3,51684.3,TSETMC
2026-02-15,1404/11/26,1404,11,26,tile_ceramic,کاشی و سرامیک,57616105980228781,78642.8,77914.8,77914.8,TSETMC
2026-02-16,1404/11/27,1404,11,27,cement,سیمان، آهک و گچ,70077233737515808,51628.8,51076.8,51628.7,TSETMC
2026-02-16,1404/11/27,1404,11,27,tile_ceramic,کاشی و سرامیک,57616105980228781,77525.5,77275.6,77506.9,TSETMC
2026-02-17,1404/11/28,1404,11,28,cement,سیمان، آهک و گچ,70077233737515808,52368.2,52134.9,52135.6,TSETMC
2026-02-17,1404/11/28,1404,11,28,tile_ceramic,کاشی و سرامیک,57616105980228781,78724.8,77987.8,78707.0,TSETMC
2026-02-18,1404/11/29,1404,11,29,cement,سیمان، آهک و گچ,70077233737515808,52599.4,51790.1,51793.7,TSETMC
2026-02-18,1404/11/29,1404,11,29,tile_ceramic,کاشی و سرامیک,57616105980228781,79657.0,78783.3,78785.2,TSETMC
2026-02-21,1404/12/02,1404,12,2,cement,سیمان، آهک و گچ,70077233737515808,50521.7,50380.8,50380.8,TSETMC
2026-02-21,1404/12/02,1404,12,2,tile_ceramic,کاشی و سرامیک,57616105980228781,76692.2,76565.9,76692.2,TSETMC
2026-02-22,1404/12/03,1404,12,3,cement,سیمان، آهک و گچ,70077233737515808,49324.4,48345.4,48487.2,TSETMC
2026-02-22,1404/12/03,1404,12,3,tile_ceramic,کاشی و سرامیک,57616105980228781,75129.0,74691.5,75129.0,TSETMC
2026-02-23,1404/12/04,1404,12,4,cement,سیمان، آهک و گچ,70077233737515808,49545.2,49388.1,49393.0,TSETMC
2026-02-23,1404/12/04,1404,12,4,tile_ceramic,کاشی و سرامیک,57616105980228781,76532.6,75681.0,75730.4,TSETMC
2026-02-24,1404/12/05,1404,12,5,cement,سیمان، آهک و گچ,70077233737515808,49544.8,49166.1,49523.1,TSETMC
2026-02-24,1404/12/05,1404,12,5,tile_ceramic,کاشی و سرامیک,57616105980228781,75677.0,75316.8,75677.0,TSETMC
2026-02-25,1404/12/06,1404,12,6,cement,سیمان، آهک و گچ,70077233737515808,50225.2,50011.4,50201.2,TSETMC
2026-02-25,1404/12/06,1404,12,6,tile_ceramic,کاشی و سرامیک,57616105980228781,77322.9,76958.2,76975.5,TSETMC
2026-02-28,1404/12/09,1404,12,9,cement,سیمان، آهک و گچ,70077233737515808,50225.2,50011.4,50201.2,TSETMC
2026-02-28,1404/12/09,1404,12,9,tile_ceramic,کاشی و سرامیک,57616105980228781,77322.9,76958.2,76975.5,TSETMC
2026-03-02,1404/12/11,1404,12,11,cement,سیمان، آهک و گچ,70077233737515808,50201.2,50201.2,50201.2,TSETMC
2026-03-02,1404/12/11,1404,12,11,tile_ceramic,کاشی و سرامیک,57616105980228781,76975.5,76975.5,76975.5,TSETMC
2026-03-03,1404/12/12,1404,12,12,cement,سیمان، آهک و گچ,70077233737515808,50201.2,50201.2,50201.2,TSETMC
2026-03-03,1404/12/12,1404,12,12,tile_ceramic,کاشی و سرامیک,57616105980228781,76975.5,76975.5,76975.5,TSETMC
2026-03-04,1404/12/13,1404,12,13,cement,سیمان، آهک و گچ,70077233737515808,50201.2,50201.2,50201.2,TSETMC
2026-03-04,1404/12/13,1404,12,13,tile_ceramic,کاشی و سرامیک,57616105980228781,76975.5,76975.5,76975.5,TSETMC
2026-03-07,1404/12/16,1404,12,16,cement,سیمان، آهک و گچ,70077233737515808,50201.2,50201.2,50201.2,TSETMC
2026-03-07,1404/12/16,1404,12,16,tile_ceramic,کاشی و سرامیک,57616105980228781,76975.5,76975.5,76975.5,TSETMC
2026-03-08,1404/12/17,1404,12,17,cement,سیمان، آهک و گچ,70077233737515808,50201.2,50201.2,50201.2,TSETMC
2026-03-08,1404/12/17,1404,12,17,tile_ceramic,کاشی و سرامیک,57616105980228781,76975.5,76975.5,76975.5,TSETMC
2026-03-09,1404/12/18,1404,12,18,cement,سیمان، آهک و گچ,70077233737515808,50201.2,50201.2,50201.2,TSETMC
2026-03-09,1404/12/18,1404,12,18,tile_ceramic,کاشی و سرامیک,57616105980228781,76975.5,76975.5,76975.5,TSETMC
2026-03-10,1404/12/19,1404,12,19,cement,سیمان، آهک و گچ,70077233737515808,50201.2,50201.2,50201.2,TSETMC
2026-03-10,1404/12/19,1404,12,19,tile_ceramic,کاشی و سرامیک,57616105980228781,76975.5,76975.5,76975.5,TSETMC
2026-03-14,1404/12/23,1404,12,23,cement,سیمان، آهک و گچ,70077233737515808,50201.2,50201.2,50201.2,TSETMC
2026-03-14,1404/12/23,1404,12,23,tile_ceramic,کاشی و سرامیک,57616105980228781,76975.5,76975.5,76975.5,TSETMC
2026-03-15,1404/12/24,1404,12,24,cement,سیمان، آهک و گچ,70077233737515808,50201.2,50201.2,50201.2,TSETMC
2026-03-15,1404/12/24,1404,12,24,tile_ceramic,کاشی و سرامیک,57616105980228781,76975.5,76975.5,76975.5,TSETMC
2026-03-16,1404/12/25,1404,12,25,cement,سیمان، آهک و گچ,70077233737515808,50201.2,50201.2,50201.2,TSETMC
2026-03-16,1404/12/25,1404,12,25,tile_ceramic,کاشی و سرامیک,57616105980228781,76975.5,76975.5,76975.5,TSETMC
2026-03-17,1404/12/26,1404,12,26,cement,سیمان، آهک و گچ,70077233737515808,50201.2,50201.2,50201.2,TSETMC
2026-03-17,1404/12/26,1404,12,26,tile_ceramic,کاشی و سرامیک,57616105980228781,76975.5,76975.5,76975.5,TSETMC
2026-03-18,1404/12/27,1404,12,27,cement,سیمان، آهک و گچ,70077233737515808,50201.2,50201.2,50201.2,TSETMC
2026-03-18,1404/12/27,1404,12,27,tile_ceramic,کاشی و سرامیک,57616105980228781,76975.5,76975.5,76975.5,TSETMC
2026-03-25,1405/01/05,1405,1,5,cement,سیمان، آهک و گچ,70077233737515808,50201.2,50201.2,50201.2,TSETMC
2026-03-25,1405/01/05,1405,1,5,tile_ceramic,کاشی و سرامیک,57616105980228781,76975.5,76975.5,76975.5,TSETMC
2026-03-28,1405/01/08,1405,1,8,cement,سیمان، آهک و گچ,70077233737515808,50201.2,50201.2,50201.2,TSETMC
2026-03-28,1405/01/08,1405,1,8,tile_ceramic,کاشی و سرامیک,57616105980228781,76975.5,76975.5,76975.5,TSETMC
2026-03-29,1405/01/09,1405,1,9,cement,سیمان، آهک و گچ,70077233737515808,50201.2,50201.2,50201.2,TSETMC
2026-03-29,1405/01/09,1405,1,9,tile_ceramic,کاشی و سرامیک,57616105980228781,76975.5,76975.5,76975.5,TSETMC
2026-03-30,1405/01/10,1405,1,10,cement,سیمان، آهک و گچ,70077233737515808,50201.2,50201.2,50201.2,TSETMC
2026-03-30,1405/01/10,1405,1,10,tile_ceramic,کاشی و سرامیک,57616105980228781,76975.5,76975.5,76975.5,TSETMC
2026-03-31,1405/01/11,1405,1,11,cement,سیمان، آهک و گچ,70077233737515808,50201.2,50201.2,50201.2,TSETMC
2026-03-31,1405/01/11,1405,1,11,tile_ceramic,کاشی و سرامیک,57616105980228781,76975.5,76975.5,76975.5,TSETMC
2026-04-04,1405/01/15,1405,1,15,cement,سیمان، آهک و گچ,70077233737515808,50201.2,50201.2,50201.2,TSETMC
2026-04-04,1405/01/15,1405,1,15,tile_ceramic,کاشی و سرامیک,57616105980228781,76975.5,76975.5,76975.5,TSETMC
2026-04-05,1405/01/16,1405,1,16,cement,سیمان، آهک و گچ,70077233737515808,50201.2,50201.2,50201.2,TSETMC
2026-04-05,1405/01/16,1405,1,16,tile_ceramic,کاشی و سرامیک,57616105980228781,76975.5,76975.5,76975.5,TSETMC
2026-04-06,1405/01/17,1405,1,17,cement,سیمان، آهک و گچ,70077233737515808,50201.2,50201.2,50201.2,TSETMC
2026-04-06,1405/01/17,1405,1,17,tile_ceramic,کاشی و سرامیک,57616105980228781,76975.5,76975.5,76975.5,TSETMC
2026-04-07,1405/01/18,1405,1,18,cement,سیمان، آهک و گچ,70077233737515808,50201.2,50201.2,50201.2,TSETMC
2026-04-07,1405/01/18,1405,1,18,tile_ceramic,کاشی و سرامیک,57616105980228781,76975.5,76975.5,76975.5,TSETMC
2026-04-08,1405/01/19,1405,1,19,cement,سیمان، آهک و گچ,70077233737515808,50201.2,50201.2,50201.2,TSETMC
2026-04-08,1405/01/19,1405,1,19,tile_ceramic,کاشی و سرامیک,57616105980228781,76975.5,76975.5,76975.5,TSETMC
2026-04-11,1405/01/22,1405,1,22,cement,سیمان، آهک و گچ,70077233737515808,50201.2,50201.2,50201.2,TSETMC
2026-04-11,1405/01/22,1405,1,22,tile_ceramic,کاشی و سرامیک,57616105980228781,76975.5,76975.5,76975.5,TSETMC
2026-04-12,1405/01/23,1405,1,23,cement,سیمان، آهک و گچ,70077233737515808,50201.2,50201.2,50201.2,TSETMC
2026-04-12,1405/01/23,1405,1,23,tile_ceramic,کاشی و سرامیک,57616105980228781,76975.5,76975.5,76975.5,TSETMC
2026-04-13,1405/01/24,1405,1,24,cement,سیمان، آهک و گچ,70077233737515808,50201.2,50201.2,50201.2,TSETMC
2026-04-13,1405/01/24,1405,1,24,tile_ceramic,کاشی و سرامیک,57616105980228781,76975.5,76975.5,76975.5,TSETMC
2026-04-15,1405/01/26,1405,1,26,cement,سیمان، آهک و گچ,70077233737515808,50201.2,50201.2,50201.2,TSETMC
2026-04-15,1405/01/26,1405,1,26,tile_ceramic,کاشی و سرامیک,57616105980228781,76975.5,76975.5,76975.5,TSETMC
2026-04-18,1405/01/29,1405,1,29,cement,سیمان، آهک و گچ,70077233737515808,50201.2,50201.2,50201.2,TSETMC
2026-04-18,1405/01/29,1405,1,29,tile_ceramic,کاشی و سرامیک,57616105980228781,76975.5,76975.5,76975.5,TSETMC
2026-04-19,1405/01/30,1405,1,30,cement,سیمان، آهک و گچ,70077233737515808,50201.2,50201.2,50201.2,TSETMC
2026-04-19,1405/01/30,1405,1,30,tile_ceramic,کاشی و سرامیک,57616105980228781,76975.5,76975.5,76975.5,TSETMC
2026-04-20,1405/01/31,1405,1,31,cement,سیمان، آهک و گچ,70077233737515808,50201.2,50201.2,50201.2,TSETMC
2026-04-20,1405/01/31,1405,1,31,tile_ceramic,کاشی و سرامیک,57616105980228781,76975.5,76975.5,76975.5,TSETMC
2026-04-21,1405/02/01,1405,2,1,cement,سیمان، آهک و گچ,70077233737515808,50201.2,50201.2,50201.2,TSETMC
2026-04-21,1405/02/01,1405,2,1,tile_ceramic,کاشی و سرامیک,57616105980228781,76975.5,76975.5,76975.5,TSETMC
2026-04-22,1405/02/02,1405,2,2,cement,سیمان، آهک و گچ,70077233737515808,50201.2,50201.2,50201.2,TSETMC
2026-04-22,1405/02/02,1405,2,2,tile_ceramic,کاشی و سرامیک,57616105980228781,76975.5,76975.5,76975.5,TSETMC
2026-04-25,1405/02/05,1405,2,5,cement,سیمان، آهک و گچ,70077233737515808,50201.2,50201.2,50201.2,TSETMC
2026-04-25,1405/02/05,1405,2,5,tile_ceramic,کاشی و سرامیک,57616105980228781,76975.5,76975.5,76975.5,TSETMC
2026-04-26,1405/02/06,1405,2,6,cement,سیمان، آهک و گچ,70077233737515808,50201.2,50201.2,50201.2,TSETMC
2026-04-26,1405/02/06,1405,2,6,tile_ceramic,کاشی و سرامیک,57616105980228781,76975.5,76975.5,76975.5,TSETMC
2026-04-27,1405/02/07,1405,2,7,cement,سیمان، آهک و گچ,70077233737515808,50201.2,50201.2,50201.2,TSETMC
2026-04-27,1405/02/07,1405,2,7,tile_ceramic,کاشی و سرامیک,57616105980228781,76975.5,76975.5,76975.5,TSETMC
2026-04-28,1405/02/08,1405,2,8,cement,سیمان، آهک و گچ,70077233737515808,50201.2,50201.2,50201.2,TSETMC
2026-04-28,1405/02/08,1405,2,8,tile_ceramic,کاشی و سرامیک,57616105980228781,76975.5,76975.5,76975.5,TSETMC
2026-04-29,1405/02/09,1405,2,9,cement,سیمان، آهک و گچ,70077233737515808,50201.2,50201.2,50201.2,TSETMC
2026-04-29,1405/02/09,1405,2,9,tile_ceramic,کاشی و سرامیک,57616105980228781,76975.5,76975.5,76975.5,TSETMC
2026-05-02,1405/02/12,1405,2,12,cement,سیمان، آهک و گچ,70077233737515808,50201.2,50201.2,50201.2,TSETMC
2026-05-02,1405/02/12,1405,2,12,tile_ceramic,کاشی و سرامیک,57616105980228781,76975.5,76975.5,76975.5,TSETMC
2026-05-03,1405/02/13,1405,2,13,cement,سیمان، آهک و گچ,70077233737515808,50201.2,50201.2,50201.2,TSETMC
2026-05-03,1405/02/13,1405,2,13,tile_ceramic,کاشی و سرامیک,57616105980228781,76975.5,76975.5,76975.5,TSETMC
2026-05-04,1405/02/14,1405,2,14,cement,سیمان، آهک و گچ,70077233737515808,50201.2,50201.2,50201.2,TSETMC
2026-05-04,1405/02/14,1405,2,14,tile_ceramic,کاشی و سرامیک,57616105980228781,76975.5,76975.5,76975.5,TSETMC
2026-05-05,1405/02/15,1405,2,15,cement,سیمان، آهک و گچ,70077233737515808,50201.2,50201.2,50201.2,TSETMC
2026-05-05,1405/02/15,1405,2,15,tile_ceramic,کاشی و سرامیک,57616105980228781,76975.5,76975.5,76975.5,TSETMC
2026-05-06,1405/02/16,1405,2,16,cement,سیمان، آهک و گچ,70077233737515808,50201.2,50201.2,50201.2,TSETMC
2026-05-06,1405/02/16,1405,2,16,tile_ceramic,کاشی و سرامیک,57616105980228781,76975.5,76975.5,76975.5,TSETMC
2026-05-09,1405/02/19,1405,2,19,cement,سیمان، آهک و گچ,70077233737515808,50201.2,50201.2,50201.2,TSETMC
2026-05-09,1405/02/19,1405,2,19,tile_ceramic,کاشی و سرامیک,57616105980228781,76975.5,76975.5,76975.5,TSETMC
2026-05-10,1405/02/20,1405,2,20,cement,سیمان، آهک و گچ,70077233737515808,50201.2,50201.2,50201.2,TSETMC
2026-05-10,1405/02/20,1405,2,20,tile_ceramic,کاشی و سرامیک,57616105980228781,76975.5,76975.5,76975.5,TSETMC
2026-05-11,1405/02/21,1405,2,21,cement,سیمان، آهک و گچ,70077233737515808,50201.2,50201.2,50201.2,TSETMC
2026-05-11,1405/02/21,1405,2,21,tile_ceramic,کاشی و سرامیک,57616105980228781,76975.5,76975.5,76975.5,TSETMC
2026-05-12,1405/02/22,1405,2,22,cement,سیمان، آهک و گچ,70077233737515808,50201.2,50201.2,50201.2,TSETMC
2026-05-12,1405/02/22,1405,2,22,tile_ceramic,کاشی و سرامیک,57616105980228781,76975.5,76975.5,76975.5,TSETMC
2026-05-13,1405/02/23,1405,2,23,cement,سیمان، آهک و گچ,70077233737515808,50201.2,50201.2,50201.2,TSETMC
2026-05-13,1405/02/23,1405,2,23,tile_ceramic,کاشی و سرامیک,57616105980228781,76975.5,76975.5,76975.5,TSETMC
2026-05-16,1405/02/26,1405,2,26,cement,سیمان، آهک و گچ,70077233737515808,50201.2,50201.2,50201.2,TSETMC
2026-05-16,1405/02/26,1405,2,26,tile_ceramic,کاشی و سرامیک,57616105980228781,76975.5,76975.5,76975.5,TSETMC
2026-05-17,1405/02/27,1405,2,27,cement,سیمان، آهک و گچ,70077233737515808,50201.2,50201.2,50201.2,TSETMC
2026-05-17,1405/02/27,1405,2,27,tile_ceramic,کاشی و سرامیک,57616105980228781,76975.5,76975.5,76975.5,TSETMC
2026-05-18,1405/02/28,1405,2,28,cement,سیمان، آهک و گچ,70077233737515808,50201.2,50201.2,50201.2,TSETMC
2026-05-18,1405/02/28,1405,2,28,tile_ceramic,کاشی و سرامیک,57616105980228781,76975.5,76975.5,76975.5,TSETMC
2026-05-19,1405/02/29,1405,2,29,cement,سیمان، آهک و گچ,70077233737515808,50968.2,50619.1,50968.2,TSETMC
2026-05-19,1405/02/29,1405,2,29,tile_ceramic,کاشی و سرامیک,57616105980228781,78453.3,77671.7,78077.7,TSETMC
2026-05-20,1405/02/30,1405,2,30,cement,سیمان، آهک و گچ,70077233737515808,52345.2,52188.2,52345.2,TSETMC
2026-05-20,1405/02/30,1405,2,30,tile_ceramic,کاشی و سرامیک,57616105980228781,79963.5,79748.0,79963.5,TSETMC
2026-05-23,1405/03/02,1405,3,2,cement,سیمان، آهک و گچ,70077233737515808,54208.9,53764.3,54208.9,TSETMC
2026-05-23,1405/03/02,1405,3,2,tile_ceramic,کاشی و سرامیک,57616105980228781,82345.0,81934.6,82345.0,TSETMC
2026-05-24,1405/03/03,1405,3,3,cement,سیمان، آهک و گچ,70077233737515808,56201.8,55745.9,56201.8,TSETMC
2026-05-24,1405/03/03,1405,3,3,tile_ceramic,کاشی و سرامیک,57616105980228781,84786.7,84786.7,84786.7,TSETMC
2026-05-25,1405/03/04,1405,3,4,cement,سیمان، آهک و گچ,70077233737515808,57868.4,57860.8,57868.4,TSETMC
2026-05-25,1405/03/04,1405,3,4,tile_ceramic,کاشی و سرامیک,57616105980228781,87279.8,87271.3,87271.3,TSETMC
2026-05-26,1405/03/05,1405,3,5,cement,سیمان، آهک و گچ,70077233737515808,59518.0,59454.6,59518.0,TSETMC
2026-05-26,1405/03/05,1405,3,5,tile_ceramic,کاشی و سرامیک,57616105980228781,89573.4,88647.6,89573.4,TSETMC
2026-05-30,1405/03/09,1405,3,9,cement,سیمان، آهک و گچ,70077233737515808,61243.2,61234.5,61243.2,TSETMC
2026-05-30,1405/03/09,1405,3,9,tile_ceramic,کاشی و سرامیک,57616105980228781,92219.4,90971.2,92219.4,TSETMC
2026-05-31,1405/03/10,1405,3,10,cement,سیمان، آهک و گچ,70077233737515808,63022.3,63022.3,63022.3,TSETMC
2026-05-31,1405/03/10,1405,3,10,tile_ceramic,کاشی و سرامیک,57616105980228781,94980.2,94979.6,94980.2,TSETMC
2026-06-01,1405/03/11,1405,3,11,cement,سیمان، آهک و گچ,70077233737515808,65002.5,64839.4,65002.5,TSETMC
2026-06-01,1405/03/11,1405,3,11,tile_ceramic,کاشی و سرامیک,57616105980228781,96640.7,96614.8,96622.3,TSETMC
2026-06-02,1405/03/12,1405,3,12,cement,سیمان، آهک و گچ,70077233737515808,67040.8,66554.7,67040.8,TSETMC
2026-06-02,1405/03/12,1405,3,12,tile_ceramic,کاشی و سرامیک,57616105980228781,99921.9,97091.4,98504.4,TSETMC
2026-06-03,1405/03/13,1405,3,13,cement,سیمان، آهک و گچ,70077233737515808,68877.1,68831.8,68837.2,TSETMC
2026-06-03,1405/03/13,1405,3,13,tile_ceramic,کاشی و سرامیک,57616105980228781,99517.8,99373.2,99420.4,TSETMC
2026-06-06,1405/03/16,1405,3,16,cement,سیمان، آهک و گچ,70077233737515808,70589.9,70552.7,70589.9,TSETMC
2026-06-06,1405/03/16,1405,3,16,tile_ceramic,کاشی و سرامیک,57616105980228781,100536.0,99429.2,100536.0,TSETMC
2026-06-07,1405/03/17,1405,3,17,cement,سیمان، آهک و گچ,70077233737515808,72377.4,72335.5,72377.4,TSETMC
2026-06-07,1405/03/17,1405,3,17,tile_ceramic,کاشی و سرامیک,57616105980228781,103069.0,102888.0,103069.0,TSETMC
2026-06-08,1405/03/18,1405,3,18,cement,سیمان، آهک و گچ,70077233737515808,73406.1,73169.5,73345.9,TSETMC
2026-06-08,1405/03/18,1405,3,18,tile_ceramic,کاشی و سرامیک,57616105980228781,101444.0,101110.0,101110.0,TSETMC
2026-06-09,1405/03/19,1405,3,19,cement,سیمان، آهک و گچ,70077233737515808,74926.0,74795.8,74926.0,TSETMC
2026-06-09,1405/03/19,1405,3,19,tile_ceramic,کاشی و سرامیک,57616105980228781,103682.0,103682.0,103682.0,TSETMC
2026-06-10,1405/03/20,1405,3,20,cement,سیمان، آهک و گچ,70077233737515808,76503.1,76276.9,76503.1,TSETMC
2026-06-10,1405/03/20,1405,3,20,tile_ceramic,کاشی و سرامیک,57616105980228781,106305.0,106288.0,106305.0,TSETMC
2026-06-13,1405/03/23,1405,3,23,cement,سیمان، آهک و گچ,70077233737515808,78078.4,77721.5,78078.4,TSETMC
2026-06-13,1405/03/23,1405,3,23,tile_ceramic,کاشی و سرامیک,57616105980228781,109449.0,109005.0,109449.0,TSETMC
2026-06-14,1405/03/24,1405,3,24,cement,سیمان، آهک و گچ,70077233737515808,80093.2,79571.1,80093.2,TSETMC
2026-06-14,1405/03/24,1405,3,24,tile_ceramic,کاشی و سرامیک,57616105980228781,112697.0,112697.0,112697.0,TSETMC
2026-06-15,1405/03/25,1405,3,25,cement,سیمان، آهک و گچ,70077233737515808,82553.6,81748.6,82553.6,TSETMC
2026-06-15,1405/03/25,1405,3,25,tile_ceramic,کاشی و سرامیک,57616105980228781,116007.0,115794.0,116007.0,TSETMC
2026-06-16,1405/03/26,1405,3,26,cement,سیمان، آهک و گچ,70077233737515808,84882.7,84206.4,84827.6,TSETMC
2026-06-16,1405/03/26,1405,3,26,tile_ceramic,کاشی و سرامیک,57616105980228781,119451.0,119221.0,119252.0,TSETMC
2026-06-17,1405/03/27,1405,3,27,cement,سیمان، آهک و گچ,70077233737515808,85416.4,85282.8,85416.4,TSETMC
2026-06-17,1405/03/27,1405,3,27,tile_ceramic,کاشی و سرامیک,57616105980228781,120844.0,117851.0,120844.0,TSETMC
2026-06-20,1405/03/30,1405,3,30,cement,سیمان، آهک و گچ,70077233737515808,86750.7,86158.0,86158.0,TSETMC
2026-06-20,1405/03/30,1405,3,30,tile_ceramic,کاشی و سرامیک,57616105980228781,123854.0,122223.0,122223.0,TSETMC
2026-06-21,1405/03/31,1405,3,31,cement,سیمان، آهک و گچ,70077233737515808,85426.6,85020.8,85020.8,TSETMC
2026-06-21,1405/03/31,1405,3,31,tile_ceramic,کاشی و سرامیک,57616105980228781,121254.0,120651.0,120651.0,TSETMC
2026-06-22,1405/04/01,1405,4,1,cement,سیمان، آهک و گچ,70077233737515808,82972.8,82739.8,82922.6,TSETMC
2026-06-22,1405/04/01,1405,4,1,tile_ceramic,کاشی و سرامیک,57616105980228781,120285.0,118790.0,120285.0,TSETMC
2026-06-23,1405/04/02,1405,4,2,cement,سیمان، آهک و گچ,70077233737515808,83176.9,82801.3,82801.3,TSETMC
2026-06-23,1405/04/02,1405,4,2,tile_ceramic,کاشی و سرامیک,57616105980228781,123683.0,122621.0,122621.0,TSETMC
2026-06-27,1405/04/06,1405,4,6,cement,سیمان، آهک و گچ,70077233737515808,82651.6,81982.0,81982.8,TSETMC
2026-06-27,1405/04/06,1405,4,6,tile_ceramic,کاشی و سرامیک,57616105980228781,122275.0,121706.0,121923.0,TSETMC
2026-06-28,1405/04/07,1405,4,7,cement,سیمان، آهک و گچ,70077233737515808,79828.7,79719.3,79719.3,TSETMC
2026-06-28,1405/04/07,1405,4,7,tile_ceramic,کاشی و سرامیک,57616105980228781,118989.0,118879.0,118879.0,TSETMC
2026-06-29,1405/04/08,1405,4,8,cement,سیمان، آهک و گچ,70077233737515808,78230.2,78013.5,78095.6,TSETMC
2026-06-29,1405/04/08,1405,4,8,tile_ceramic,کاشی و سرامیک,57616105980228781,120310.0,119706.0,119938.0,TSETMC
2026-06-30,1405/04/09,1405,4,9,cement,سیمان، آهک و گچ,70077233737515808,78778.8,78000.1,78002.7,TSETMC
2026-06-30,1405/04/09,1405,4,9,tile_ceramic,کاشی و سرامیک,57616105980228781,123299.0,122973.0,122973.0,TSETMC
2026-07-01,1405/04/10,1405,4,10,cement,سیمان، آهک و گچ,70077233737515808,77199.4,76810.8,77199.4,TSETMC
2026-07-01,1405/04/10,1405,4,10,tile_ceramic,کاشی و سرامیک,57616105980228781,124700.0,124149.0,124637.0,TSETMC
2026-07-07,1405/04/16,1405,4,16,cement,سیمان، آهک و گچ,70077233737515808,78344.2,77901.3,78344.2,TSETMC
2026-07-07,1405/04/16,1405,4,16,tile_ceramic,کاشی و سرامیک,57616105980228781,128286.0,128067.0,128286.0,TSETMC
2026-07-08,1405/04/17,1405,4,17,cement,سیمان، آهک و گچ,70077233737515808,77238.2,76686.2,76686.2,TSETMC
2026-07-08,1405/04/17,1405,4,17,tile_ceramic,کاشی و سرامیک,57616105980228781,129659.0,127296.0,127296.0,TSETMC
2026-07-11,1405/04/20,1405,4,20,cement,سیمان، آهک و گچ,70077233737515808,74967.6,74681.5,74740.4,TSETMC
2026-07-11,1405/04/20,1405,4,20,tile_ceramic,کاشی و سرامیک,57616105980228781,126679.0,124776.0,124783.0,TSETMC
2026-07-12,1405/04/21,1405,4,21,cement,سیمان، آهک و گچ,70077233737515808,72672.4,72656.0,72670.8,TSETMC
2026-07-12,1405/04/21,1405,4,21,tile_ceramic,کاشی و سرامیک,57616105980228781,121253.0,121089.0,121243.0,TSETMC
2026-07-13,1405/04/22,1405,4,22,cement,سیمان، آهک و گچ,70077233737515808,71110.2,70796.3,71048.9,TSETMC
2026-07-13,1405/04/22,1405,4,22,tile_ceramic,کاشی و سرامیک,57616105980228781,118402.0,117819.0,118358.0,TSETMC
2026-07-14,1405/04/23,1405,4,23,cement,سیمان، آهک و گچ,70077233737515808,71831.7,70005.7,71831.7,TSETMC
2026-07-14,1405/04/23,1405,4,23,tile_ceramic,کاشی و سرامیک,57616105980228781,116551.0,115610.0,116551.0,TSETMC
2026-07-15,1405/04/24,1405,4,24,cement,سیمان، آهک و گچ,70077233737515808,73812.7,73709.0,73721.4,TSETMC
2026-07-15,1405/04/24,1405,4,24,tile_ceramic,کاشی و سرامیک,57616105980228781,119480.0,118484.0,118484.0,TSETMC
2026-07-18,1405/04/27,1405,4,27,cement,سیمان، آهک و گچ,70077233737515808,72377.3,71882.5,71882.6,TSETMC
2026-07-18,1405/04/27,1405,4,27,tile_ceramic,کاشی و سرامیک,57616105980228781,116664.0,116386.0,116386.0,TSETMC
2026-07-19,1405/04/28,1405,4,28,cement,سیمان، آهک و گچ,70077233737515808,72782.4,71559.8,72782.4,TSETMC
2026-07-19,1405/04/28,1405,4,28,tile_ceramic,کاشی و سرامیک,57616105980228781,116860.0,115285.0,116860.0,TSETMC
2026-07-20,1405/04/29,1405,4,29,cement,سیمان، آهک و گچ,70077233737515808,74716.1,74636.1,74636.1,TSETMC
2026-07-20,1405/04/29,1405,4,29,tile_ceramic,کاشی و سرامیک,57616105980228781,119904.0,118610.0,119904.0,TSETMC
2026-07-21,1405/04/30,1405,4,30,cement,سیمان، آهک و گچ,70077233737515808,76571.5,76565.1,76571.5,TSETMC
2026-07-21,1405/04/30,1405,4,30,tile_ceramic,کاشی و سرامیک,57616105980228781,121904.0,121902.0,121904.0,TSETMC
2026-07-22,1405/04/31,1405,4,31,cement,سیمان، آهک و گچ,70077233737515808,78180.8,78024.3,78075.7,TSETMC
2026-07-22,1405/04/31,1405,4,31,tile_ceramic,کاشی و سرامیک,57616105980228781,123277.0,123215.0,123277.0,TSETMC
