gregorian_date,jalali_date,jalali_year,jalali_month,jalali_day,instrument_group,symbol,instrument_name_fa,ins_code,market,open_price_irr,high_price_irr,low_price_irr,last_price_irr,closing_price_irr,yesterday_price_irr,trade_count,trade_volume,trade_value_irr,price_adjustment,source
2022-10-18,1401/07/26,1401,7,26,real_estate_funds,ارزش مسکن,ص.س.املاک ومستغلات ارزش مسکن,71945594172117613,بازار فرابورس,10000.0,10000.0,10000.0,10000.0,10000.0,10000.0,2141.0,30000000.0,300000000000.0,unadjusted,TSETMC
2022-11-12,1401/08/21,1401,8,21,real_estate_funds,ارزش مسکن,ص.س.املاک ومستغلات ارزش مسکن,71945594172117613,بازار فرابورس,10500.0,11550.0,10500.0,11550.0,11218.0,10000.0,945.0,6905980.0,77473889021.0,unadjusted,TSETMC
2022-11-13,1401/08/22,1401,8,22,real_estate_funds,ارزش مسکن,ص.س.املاک ومستغلات ارزش مسکن,71945594172117613,بازار فرابورس,12339.0,12339.0,12000.0,12339.0,12339.0,11218.0,2140.0,19666576.0,242657263211.0,unadjusted,TSETMC
2022-11-14,1401/08/23,1401,8,23,real_estate_funds,ارزش مسکن,ص.س.املاک ومستغلات ارزش مسکن,71945594172117613,بازار فرابورس,13572.0,13572.0,13572.0,13572.0,13572.0,12339.0,79.0,2952299.0,40068602028.0,unadjusted,TSETMC
2022-11-15,1401/08/24,1401,8,24,real_estate_funds,ارزش مسکن,ص.س.املاک ومستغلات ارزش مسکن,71945594172117613,بازار فرابورس,14929.0,14929.0,13888.0,14929.0,14859.0,13572.0,69342.0,44824376.0,666026369677.0,unadjusted,TSETMC
2022-11-16,1401/08/25,1401,8,25,real_estate_funds,ارزش مسکن,ص.س.املاک ومستغلات ارزش مسکن,71945594172117613,بازار فرابورس,15599.0,16344.0,14300.0,14981.0,15759.0,14859.0,77750.0,43078232.0,678889003492.0,unadjusted,TSETMC
2022-11-19,1401/08/28,1401,8,28,real_estate_funds,ارزش مسکن,ص.س.املاک ومستغلات ارزش مسکن,71945594172117613,بازار فرابورس,14500.0,14887.0,14184.0,14184.0,14289.0,15759.0,17352.0,9421740.0,134629571896.0,unadjusted,TSETMC
2022-11-20,1401/08/29,1401,8,29,real_estate_funds,ارزش مسکن,ص.س.املاک ومستغلات ارزش مسکن,71945594172117613,بازار فرابورس,12861.0,13900.0,12861.0,12861.0,12996.0,14289.0,37088.0,21884877.0,284415005942.0,unadjusted,TSETMC
2022-11-21,1401/08/30,1401,8,30,real_estate_funds,ارزش مسکن,ص.س.املاک ومستغلات ارزش مسکن,71945594172117613,بازار فرابورس,12880.0,13981.0,12113.0,13273.0,13210.0,12996.0,27344.0,15348641.0,202749902525.0,unadjusted,TSETMC
2022-11-22,1401/09/01,1401,9,1,real_estate_funds,ارزش مسکن,ص.س.املاک ومستغلات ارزش مسکن,71945594172117613,بازار فرابورس,13400.0,13748.0,13211.0,13424.0,13510.0,13210.0,14090.0,7260675.0,98092544716.0,unadjusted,TSETMC
2022-11-23,1401/09/02,1401,9,2,real_estate_funds,ارزش مسکن,ص.س.املاک ومستغلات ارزش مسکن,71945594172117613,بازار فرابورس,13449.0,13500.0,12880.0,13017.0,13130.0,13510.0,11579.0,6044956.0,79369784528.0,unadjusted,TSETMC
2022-11-26,1401/09/05,1401,9,5,real_estate_funds,ارزش مسکن,ص.س.املاک ومستغلات ارزش مسکن,71945594172117613,بازار فرابورس,13060.0,13060.0,12440.0,12446.0,12591.0,13130.0,11155.0,5746249.0,72352913997.0,unadjusted,TSETMC
2022-11-27,1401/09/06,1401,9,6,real_estate_funds,ارزش مسکن,ص.س.املاک ومستغلات ارزش مسکن,71945594172117613,بازار فرابورس,12466.0,12466.0,12161.0,12237.0,12222.0,12591.0,9362.0,5141247.0,62837450929.0,unadjusted,TSETMC
2022-11-28,1401/09/07,1401,9,7,real_estate_funds,ارزش مسکن,ص.س.املاک ومستغلات ارزش مسکن,71945594172117613,بازار فرابورس,12220.0,12585.0,12065.0,12112.0,12277.0,12222.0,10129.0,5316977.0,65274442958.0,unadjusted,TSETMC
2022-11-29,1401/09/08,1401,9,8,real_estate_funds,ارزش مسکن,ص.س.املاک ومستغلات ارزش مسکن,71945594172117613,بازار فرابورس,12160.0,12160.0,11871.0,12042.0,11974.0,12277.0,7979.0,4072486.0,48762432298.0,unadjusted,TSETMC
2022-11-30,1401/09/09,1401,9,9,real_estate_funds,ارزش مسکن,ص.س.املاک ومستغلات ارزش مسکن,71945594172117613,بازار فرابورس,12042.0,12370.0,11980.0,12288.0,12165.0,11974.0,8866.0,4593663.0,55882155470.0,unadjusted,TSETMC
2022-12-03,1401/09/12,1401,9,12,real_estate_funds,ارزش مسکن,ص.س.املاک ومستغلات ارزش مسکن,71945594172117613,بازار فرابورس,12310.0,12438.0,12100.0,12312.0,12288.0,12165.0,6699.0,3461687.0,42537866852.0,unadjusted,TSETMC
2022-12-04,1401/09/13,1401,9,13,real_estate_funds,ارزش مسکن,ص.س.املاک ومستغلات ارزش مسکن,71945594172117613,بازار فرابورس,12388.0,12388.0,12201.0,12301.0,12302.0,12288.0,5349.0,2703697.0,33260431017.0,unadjusted,TSETMC
2022-12-05,1401/09/14,1401,9,14,real_estate_funds,ارزش مسکن,ص.س.املاک ومستغلات ارزش مسکن,71945594172117613,بازار فرابورس,12270.0,12312.0,12100.0,12121.0,12185.0,12302.0,4217.0,2083637.0,25388893897.0,unadjusted,TSETMC
2022-12-06,1401/09/15,1401,9,15,real_estate_funds,ارزش مسکن,ص.س.املاک ومستغلات ارزش مسکن,71945594172117613,بازار فرابورس,12120.0,12120.0,11882.0,11917.0,11932.0,12185.0,4623.0,2236002.0,26678864068.0,unadjusted,TSETMC
2022-12-07,1401/09/16,1401,9,16,real_estate_funds,ارزش مسکن,ص.س.املاک ومستغلات ارزش مسکن,71945594172117613,بازار فرابورس,11872.0,12040.0,11715.0,11976.0,11819.0,11932.0,4464.0,2327386.0,27506235967.0,unadjusted,TSETMC
2022-12-10,1401/09/19,1401,9,19,real_estate_funds,ارزش مسکن,ص.س.املاک ومستغلات ارزش مسکن,71945594172117613,بازار فرابورس,11962.0,11962.0,11530.0,11598.0,11700.0,11819.0,3500.0,1795985.0,21013558682.0,unadjusted,TSETMC
2022-12-11,1401/09/20,1401,9,20,real_estate_funds,ارزش مسکن,ص.س.املاک ومستغلات ارزش مسکن,71945594172117613,بازار فرابورس,11573.0,11710.0,11425.0,11596.0,11541.0,11700.0,4175.0,2191699.0,25294824289.0,unadjusted,TSETMC
2022-12-12,1401/09/21,1401,9,21,real_estate_funds,ارزش مسکن,ص.س.املاک ومستغلات ارزش مسکن,71945594172117613,بازار فرابورس,11599.0,12100.0,11442.0,11799.0,11836.0,11541.0,7021.0,3734416.0,44199838089.0,unadjusted,TSETMC
2022-12-13,1401/09/22,1401,9,22,real_estate_funds,ارزش مسکن,ص.س.املاک ومستغلات ارزش مسکن,71945594172117613,بازار فرابورس,11932.0,12029.0,11800.0,11885.0,11923.0,11836.0,6787.0,3476817.0,41453427479.0,unadjusted,TSETMC
2022-12-14,1401/09/23,1401,9,23,real_estate_funds,ارزش مسکن,ص.س.املاک ومستغلات ارزش مسکن,71945594172117613,بازار فرابورس,11910.0,11910.0,11672.0,11681.0,11754.0,11923.0,4877.0,2446693.0,28758489718.0,unadjusted,TSETMC
2022-12-17,1401/09/26,1401,9,26,real_estate_funds,ارزش مسکن,ص.س.املاک ومستغلات ارزش مسکن,71945594172117613,بازار فرابورس,11653.0,11671.0,11493.0,11505.0,11541.0,11754.0,5696.0,3004582.0,34676952859.0,unadjusted,TSETMC
2022-12-18,1401/09/27,1401,9,27,real_estate_funds,ارزش مسکن,ص.س.املاک ومستغلات ارزش مسکن,71945594172117613,بازار فرابورس,11540.0,11710.0,11450.0,11470.0,11519.0,11541.0,7743.0,3913366.0,45078202379.0,unadjusted,TSETMC
2022-12-19,1401/09/28,1401,9,28,real_estate_funds,ارزش مسکن,ص.س.املاک ومستغلات ارزش مسکن,71945594172117613,بازار فرابورس,11433.0,11480.0,11144.0,11271.0,11300.0,11519.0,7272.0,3754620.0,42428841203.0,unadjusted,TSETMC
2022-12-20,1401/09/29,1401,9,29,real_estate_funds,ارزش مسکن,ص.س.املاک ومستغلات ارزش مسکن,71945594172117613,بازار فرابورس,11147.0,11349.0,11147.0,11336.0,11288.0,11300.0,3340.0,1680760.0,18972308425.0,unadjusted,TSETMC
2022-12-21,1401/09/30,1401,9,30,real_estate_funds,ارزش مسکن,ص.س.املاک ومستغلات ارزش مسکن,71945594172117613,بازار فرابورس,11370.0,11372.0,11240.0,11274.0,11291.0,11288.0,2865.0,1450593.0,16378007116.0,unadjusted,TSETMC
2022-12-24,1401/10/03,1401,10,3,real_estate_funds,ارزش مسکن,ص.س.املاک ومستغلات ارزش مسکن,71945594172117613,بازار فرابورس,11280.0,11556.0,11241.0,11525.0,11349.0,11291.0,9133.0,4739493.0,53790003627.0,unadjusted,TSETMC
2022-12-25,1401/10/04,1401,10,4,real_estate_funds,ارزش مسکن,ص.س.املاک ومستغلات ارزش مسکن,71945594172117613,بازار فرابورس,11595.0,11690.0,11407.0,11600.0,11563.0,11349.0,6406.0,3420439.0,39550015577.0,unadjusted,TSETMC
2022-12-26,1401/10/05,1401,10,5,real_estate_funds,ارزش مسکن,ص.س.املاک ومستغلات ارزش مسکن,71945594172117613,بازار فرابورس,11600.0,11600.0,11451.0,11525.0,11529.0,11563.0,4187.0,2171181.0,25031266182.0,unadjusted,TSETMC
2022-12-28,1401/10/07,1401,10,7,real_estate_funds,ارزش مسکن,ص.س.املاک ومستغلات ارزش مسکن,71945594172117613,بازار فرابورس,11536.0,11677.0,11499.0,11515.0,11568.0,11529.0,15685.0,8325667.0,96309756000.0,unadjusted,TSETMC
2022-12-31,1401/10/10,1401,10,10,real_estate_funds,ارزش مسکن,ص.س.املاک ومستغلات ارزش مسکن,71945594172117613,بازار فرابورس,11500.0,11500.0,11192.0,11250.0,11262.0,11568.0,6472.0,3449677.0,38849418887.0,unadjusted,TSETMC
2023-01-01,1401/10/11,1401,10,11,real_estate_funds,ارزش مسکن,ص.س.املاک ومستغلات ارزش مسکن,71945594172117613,بازار فرابورس,11204.0,11248.0,10993.0,11020.0,11068.0,11262.0,5497.0,2792393.0,30906200946.0,unadjusted,TSETMC
2023-01-02,1401/10/12,1401,10,12,real_estate_funds,ارزش مسکن,ص.س.املاک ومستغلات ارزش مسکن,71945594172117613,بازار فرابورس,11000.0,11167.0,11000.0,11035.0,11057.0,11068.0,5209.0,2809544.0,31063938167.0,unadjusted,TSETMC
2023-01-03,1401/10/13,1401,10,13,real_estate_funds,ارزش مسکن,ص.س.املاک ومستغلات ارزش مسکن,71945594172117613,بازار فرابورس,11061.0,11061.0,10900.0,10973.0,10970.0,11057.0,5488.0,2891555.0,31721078933.0,unadjusted,TSETMC
2023-01-04,1401/10/14,1401,10,14,real_estate_funds,ارزش مسکن,ص.س.املاک ومستغلات ارزش مسکن,71945594172117613,بازار فرابورس,10961.0,11048.0,10940.0,10960.0,10981.0,10970.0,3058.0,1604495.0,17619193096.0,unadjusted,TSETMC
2023-01-07,1401/10/17,1401,10,17,real_estate_funds,ارزش مسکن,ص.س.املاک ومستغلات ارزش مسکن,71945594172117613,بازار فرابورس,11000.0,11000.0,10930.0,10939.0,10953.0,10981.0,3523.0,1857888.0,20348930480.0,unadjusted,TSETMC
2023-01-08,1401/10/18,1401,10,18,real_estate_funds,ارزش مسکن,ص.س.املاک ومستغلات ارزش مسکن,71945594172117613,بازار فرابورس,10954.0,10978.0,10901.0,10951.0,10934.0,10953.0,5760.0,3134577.0,34273698610.0,unadjusted,TSETMC
2023-01-09,1401/10/19,1401,10,19,real_estate_funds,ارزش مسکن,ص.س.املاک ومستغلات ارزش مسکن,71945594172117613,بازار فرابورس,10924.0,11950.0,10902.0,11586.0,11483.0,10934.0,11979.0,6685284.0,76764470491.0,unadjusted,TSETMC
2023-01-10,1401/10/20,1401,10,20,real_estate_funds,ارزش مسکن,ص.س.املاک ومستغلات ارزش مسکن,71945594172117613,بازار فرابورس,11630.0,11850.0,11290.0,11301.0,11484.0,11483.0,5882.0,3203104.0,36783842493.0,unadjusted,TSETMC
2023-01-11,1401/10/21,1401,10,21,real_estate_funds,ارزش مسکن,ص.س.املاک ومستغلات ارزش مسکن,71945594172117613,بازار فرابورس,11395.0,11395.0,11156.0,11220.0,11261.0,11484.0,5542.0,2891681.0,32562364396.0,unadjusted,TSETMC
2023-01-14,1401/10/24,1401,10,24,real_estate_funds,ارزش مسکن,ص.س.املاک ومستغلات ارزش مسکن,71945594172117613,بازار فرابورس,11210.0,11549.0,11100.0,11520.0,11414.0,11261.0,5313.0,2933365.0,33482648234.0,unadjusted,TSETMC
2023-01-16,1401/10/26,1401,10,26,real_estate_funds,ارزش مسکن,ص.س.املاک ومستغلات ارزش مسکن,71945594172117613,بازار فرابورس,11507.0,11780.0,11507.0,11749.0,11712.0,11414.0,6597.0,3478761.0,40743633894.0,unadjusted,TSETMC
2023-01-17,1401/10/27,1401,10,27,real_estate_funds,ارزش مسکن,ص.س.املاک ومستغلات ارزش مسکن,71945594172117613,بازار فرابورس,11790.0,11870.0,11502.0,11576.0,11611.0,11712.0,4356.0,2049410.0,23796068913.0,unadjusted,TSETMC
2023-01-18,1401/10/28,1401,10,28,real_estate_funds,ارزش مسکن,ص.س.املاک ومستغلات ارزش مسکن,71945594172117613,بازار فرابورس,11570.0,11598.0,11370.0,11440.0,11478.0,11611.0,3830.0,1848859.0,21221529230.0,unadjusted,TSETMC
2023-01-21,1401/11/01,1401,11,1,real_estate_funds,ارزش مسکن,ص.س.املاک ومستغلات ارزش مسکن,71945594172117613,بازار فرابورس,11430.0,11645.0,11300.0,11580.0,11445.0,11478.0,6082.0,3355108.0,38399717248.0,unadjusted,TSETMC
2023-01-22,1401/11/02,1401,11,2,real_estate_funds,ارزش مسکن,ص.س.املاک ومستغلات ارزش مسکن,71945594172117613,بازار فرابورس,11530.0,11646.0,11425.0,11538.0,11514.0,11445.0,4035.0,2173586.0,25026936162.0,unadjusted,TSETMC
2023-01-23,1401/11/03,1401,11,3,real_estate_funds,ارزش مسکن,ص.س.املاک ومستغلات ارزش مسکن,71945594172117613,بازار فرابورس,11500.0,11568.0,11391.0,11477.0,11484.0,11514.0,2826.0,1461933.0,16788696651.0,unadjusted,TSETMC
2023-01-24,1401/11/04,1401,11,4,real_estate_funds,ارزش مسکن,ص.س.املاک ومستغلات ارزش مسکن,71945594172117613,بازار فرابورس,11484.0,11538.0,11365.0,11434.0,11450.0,11484.0,3271.0,1771546.0,20283472546.0,unadjusted,TSETMC
2023-01-25,1401/11/05,1401,11,5,real_estate_funds,ارزش مسکن,ص.س.املاک ومستغلات ارزش مسکن,71945594172117613,بازار فرابورس,11490.0,11490.0,11200.0,11325.0,11329.0,11450.0,2974.0,1534632.0,17386175757.0,unadjusted,TSETMC
2023-01-28,1401/11/08,1401,11,8,real_estate_funds,ارزش مسکن,ص.س.املاک ومستغلات ارزش مسکن,71945594172117613,بازار فرابورس,11350.0,11405.0,11000.0,11060.0,11128.0,11329.0,4491.0,2305571.0,25657390784.0,unadjusted,TSETMC
2023-01-29,1401/11/09,1401,11,9,real_estate_funds,ارزش مسکن,ص.س.املاک ومستغلات ارزش مسکن,71945594172117613,بازار فرابورس,11030.0,11050.0,10690.0,10799.0,10837.0,11128.0,4704.0,2431681.0,26352435203.0,unadjusted,TSETMC
2023-01-30,1401/11/10,1401,11,10,real_estate_funds,ارزش مسکن,ص.س.املاک ومستغلات ارزش مسکن,71945594172117613,بازار فرابورس,10768.0,10890.0,10621.0,10794.0,10727.0,10837.0,3574.0,1884056.0,20210386756.0,unadjusted,TSETMC
2023-01-31,1401/11/11,1401,11,11,real_estate_funds,ارزش مسکن,ص.س.املاک ومستغلات ارزش مسکن,71945594172117613,بازار فرابورس,10809.0,11174.0,10780.0,11044.0,10957.0,10727.0,3782.0,2167754.0,23752772618.0,unadjusted,TSETMC
2023-02-01,1401/11/12,1401,11,12,real_estate_funds,ارزش مسکن,ص.س.املاک ومستغلات ارزش مسکن,71945594172117613,بازار فرابورس,11130.0,11564.0,11020.0,11336.0,11296.0,10957.0,5578.0,3023628.0,34154993400.0,unadjusted,TSETMC
2023-02-05,1401/11/16,1401,11,16,real_estate_funds,ارزش مسکن,ص.س.املاک ومستغلات ارزش مسکن,71945594172117613,بازار فرابورس,11311.0,11389.0,10811.0,11199.0,11123.0,11296.0,3233.0,1883374.0,20948997919.0,unadjusted,TSETMC
2023-02-06,1401/11/17,1401,11,17,real_estate_funds,ارزش مسکن,ص.س.املاک ومستغلات ارزش مسکن,71945594172117613,بازار فرابورس,11040.0,11148.0,11040.0,11100.0,11118.0,11123.0,2110.0,1085559.0,12069529011.0,unadjusted,TSETMC
2023-02-07,1401/11/18,1401,11,18,real_estate_funds,ارزش مسکن,ص.س.املاک ومستغلات ارزش مسکن,71945594172117613,بازار فرابورس,11190.0,11298.0,11110.0,11143.0,11160.0,11118.0,2464.0,1289928.0,14395725496.0,unadjusted,TSETMC
2023-02-08,1401/11/19,1401,11,19,real_estate_funds,ارزش مسکن,ص.س.املاک ومستغلات ارزش مسکن,71945594172117613,بازار فرابورس,11119.0,11211.0,11083.0,11144.0,11162.0,11160.0,2986.0,1587128.0,17716185501.0,unadjusted,TSETMC
2023-02-12,1401/11/23,1401,11,23,real_estate_funds,ارزش مسکن,ص.س.املاک ومستغلات ارزش مسکن,71945594172117613,بازار فرابورس,11144.0,11300.0,11107.0,11230.0,11213.0,11162.0,2597.0,1381252.0,15487469132.0,unadjusted,TSETMC
2023-02-13,1401/11/24,1401,11,24,real_estate_funds,ارزش مسکن,ص.س.املاک ومستغلات ارزش مسکن,71945594172117613,بازار فرابورس,11293.0,11293.0,11192.0,11202.0,11261.0,11213.0,1595.0,841994.0,9481662681.0,unadjusted,TSETMC
2023-02-14,1401/11/25,1401,11,25,real_estate_funds,ارزش مسکن,ص.س.املاک ومستغلات ارزش مسکن,71945594172117613,بازار فرابورس,11228.0,11228.0,11160.0,11173.0,11190.0,11261.0,1363.0,704570.0,7884319796.0,unadjusted,TSETMC
2023-02-15,1401/11/26,1401,11,26,real_estate_funds,ارزش مسکن,ص.س.املاک ومستغلات ارزش مسکن,71945594172117613,بازار فرابورس,11140.0,11146.0,11060.0,11100.0,11089.0,11190.0,2407.0,1345407.0,14919715822.0,unadjusted,TSETMC
2023-02-19,1401/11/30,1401,11,30,real_estate_funds,ارزش مسکن,ص.س.املاک ومستغلات ارزش مسکن,71945594172117613,بازار فرابورس,11150.0,11160.0,11051.0,11108.0,11113.0,11089.0,2252.0,1108338.0,12316962846.0,unadjusted,TSETMC
2023-02-20,1401/12/01,1401,12,1,real_estate_funds,ارزش مسکن,ص.س.املاک ومستغلات ارزش مسکن,71945594172117613,بازار فرابورس,11105.0,11750.0,11105.0,11308.0,11394.0,11113.0,7501.0,4106086.0,46784768304.0,unadjusted,TSETMC
2023-02-21,1401/12/02,1401,12,2,real_estate_funds,ارزش مسکن,ص.س.املاک ومستغلات ارزش مسکن,71945594172117613,بازار فرابورس,11341.0,11508.0,11281.0,11382.0,11384.0,11394.0,5597.0,3032944.0,34527943061.0,unadjusted,TSETMC
2023-02-22,1401/12/03,1401,12,3,real_estate_funds,ارزش مسکن,ص.س.املاک ومستغلات ارزش مسکن,71945594172117613,بازار فرابورس,11330.0,11400.0,11280.0,11397.0,11321.0,11384.0,3260.0,1817656.0,20577267454.0,unadjusted,TSETMC
2023-02-25,1401/12/06,1401,12,6,real_estate_funds,ارزش مسکن,ص.س.املاک ومستغلات ارزش مسکن,71945594172117613,بازار فرابورس,11450.0,12453.0,11450.0,12453.0,12260.0,11321.0,15002.0,7969990.0,97709892310.0,unadjusted,TSETMC
2023-02-26,1401/12/07,1401,12,7,real_estate_funds,ارزش مسکن,ص.س.املاک ومستغلات ارزش مسکن,71945594172117613,بازار فرابورس,12850.0,13370.0,12300.0,12430.0,12729.0,12260.0,10746.0,5978031.0,76093743451.0,unadjusted,TSETMC
2023-02-27,1401/12/08,1401,12,8,real_estate_funds,ارزش مسکن,ص.س.املاک ومستغلات ارزش مسکن,71945594172117613,بازار فرابورس,12420.0,12466.0,11905.0,12140.0,12202.0,12729.0,5005.0,2763204.0,33717821667.0,unadjusted,TSETMC
2023-02-28,1401/12/09,1401,12,9,real_estate_funds,ارزش مسکن,ص.س.املاک ومستغلات ارزش مسکن,71945594172117613,بازار فرابورس,12110.0,12640.0,11950.0,12450.0,12296.0,12202.0,3762.0,2192768.0,26962712010.0,unadjusted,TSETMC
2023-03-01,1401/12/10,1401,12,10,real_estate_funds,ارزش مسکن,ص.س.املاک ومستغلات ارزش مسکن,71945594172117613,بازار فرابورس,12450.0,13077.0,12270.0,12718.0,12683.0,12296.0,4428.0,2602090.0,33003437174.0,unadjusted,TSETMC
2023-03-04,1401/12/13,1401,12,13,real_estate_funds,ارزش مسکن,ص.س.املاک ومستغلات ارزش مسکن,71945594172117613,بازار فرابورس,12839.0,12839.0,12290.0,12408.0,12450.0,12683.0,2256.0,1227776.0,15285290340.0,unadjusted,TSETMC
2023-03-05,1401/12/14,1401,12,14,real_estate_funds,ارزش مسکن,ص.س.املاک ومستغلات ارزش مسکن,71945594172117613,بازار فرابورس,12310.0,12539.0,12230.0,12323.0,12364.0,12450.0,1379.0,752297.0,9301296004.0,unadjusted,TSETMC
2023-03-06,1401/12/15,1401,12,15,real_estate_funds,ارزش مسکن,ص.س.املاک ومستغلات ارزش مسکن,71945594172117613,بازار فرابورس,12250.0,12255.0,12100.0,12176.0,12184.0,12364.0,1662.0,850922.0,10367924050.0,unadjusted,TSETMC
2023-03-07,1401/12/16,1401,12,16,real_estate_funds,ارزش مسکن,ص.س.املاک ومستغلات ارزش مسکن,71945594172117613,بازار فرابورس,12154.0,12230.0,12005.0,12150.0,12094.0,12184.0,2368.0,1205694.0,14581903747.0,unadjusted,TSETMC
2023-03-11,1401/12/20,1401,12,20,real_estate_funds,ارزش مسکن,ص.س.املاک ومستغلات ارزش مسکن,71945594172117613,بازار فرابورس,12120.0,12196.0,11540.0,11581.0,11740.0,12094.0,4608.0,2511972.0,29490069880.0,unadjusted,TSETMC
2023-03-12,1401/12/21,1401,12,21,real_estate_funds,ارزش مسکن,ص.س.املاک ومستغلات ارزش مسکن,71945594172117613,بازار فرابورس,11600.0,11610.0,11181.0,11370.0,11254.0,11740.0,4157.0,2221854.0,25005220295.0,unadjusted,TSETMC
2023-03-13,1401/12/22,1401,12,22,real_estate_funds,ارزش مسکن,ص.س.املاک ومستغلات ارزش مسکن,71945594172117613,بازار فرابورس,11250.0,11445.0,11220.0,11270.0,11279.0,11254.0,1693.0,871594.0,9830445009.0,unadjusted,TSETMC
2023-03-14,1401/12/23,1401,12,23,real_estate_funds,ارزش مسکن,ص.س.املاک ومستغلات ارزش مسکن,71945594172117613,بازار فرابورس,11264.0,11440.0,11213.0,11400.0,11282.0,11279.0,2804.0,1397777.0,15769489742.0,unadjusted,TSETMC
2023-03-15,1401/12/24,1401,12,24,real_estate_funds,ارزش مسکن,ص.س.املاک ومستغلات ارزش مسکن,71945594172117613,بازار فرابورس,11439.0,11509.0,11350.0,11492.0,11460.0,11282.0,3097.0,1602566.0,18365290020.0,unadjusted,TSETMC
2023-03-18,1401/12/27,1401,12,27,real_estate_funds,ارزش مسکن,ص.س.املاک ومستغلات ارزش مسکن,71945594172117613,بازار فرابورس,11231.0,11840.0,11231.0,11667.0,11695.0,11460.0,6520.0,3513904.0,41096421927.0,unadjusted,TSETMC
2023-03-19,1401/12/28,1401,12,28,real_estate_funds,ارزش مسکن,ص.س.املاک ومستغلات ارزش مسکن,71945594172117613,بازار فرابورس,11701.0,11790.0,11301.0,11500.0,11539.0,11695.0,4049.0,2229876.0,25729795030.0,unadjusted,TSETMC
2023-03-25,1402/01/05,1402,1,5,real_estate_funds,ارزش مسکن,ص.س.املاک ومستغلات ارزش مسکن,71945594172117613,بازار فرابورس,11600.0,11600.0,11469.0,11549.0,11532.0,11539.0,2663.0,1424941.0,16432783527.0,unadjusted,TSETMC
2023-03-26,1402/01/06,1402,1,6,real_estate_funds,ارزش مسکن,ص.س.املاک ومستغلات ارزش مسکن,71945594172117613,بازار فرابورس,11550.0,11550.0,11550.0,11550.0,11550.0,11532.0,1.0,700.0,8085000.0,unadjusted,TSETMC
2023-03-28,1402/01/08,1402,1,8,real_estate_funds,ارزش مسکن,ص.س.املاک ومستغلات ارزش مسکن,71945594172117613,بازار فرابورس,11823.0,12269.0,11823.0,12114.0,12056.0,11806.0,3886.0,2053821.0,24761602951.0,unadjusted,TSETMC
2023-03-29,1402/01/09,1402,1,9,real_estate_funds,ارزش مسکن,ص.س.املاک ومستغلات ارزش مسکن,71945594172117613,بازار فرابورس,12150.0,12330.0,12006.0,12247.0,12164.0,12056.0,4081.0,2106423.0,25622498697.0,unadjusted,TSETMC
2023-04-03,1402/01/14,1402,1,14,real_estate_funds,ارزش مسکن,ص.س.املاک ومستغلات ارزش مسکن,71945594172117613,بازار فرابورس,12280.0,13380.0,12106.0,13380.0,12864.0,12164.0,10633.0,5643580.0,72596698890.0,unadjusted,TSETMC
2023-04-04,1402/01/15,1402,1,15,real_estate_funds,ارزش مسکن,ص.س.املاک ومستغلات ارزش مسکن,71945594172117613,بازار فرابورس,13980.0,14150.0,13451.0,13575.0,13850.0,12864.0,20368.0,11614057.0,160857110438.0,unadjusted,TSETMC
2023-04-05,1402/01/16,1402,1,16,real_estate_funds,ارزش مسکن,ص.س.املاک ومستغلات ارزش مسکن,71945594172117613,بازار فرابورس,13850.0,15235.0,13262.0,15235.0,14659.0,13850.0,26407.0,14191486.0,208027240126.0,unadjusted,TSETMC
2023-04-08,1402/01/19,1402,1,19,real_estate_funds,ارزش مسکن,ص.س.املاک ومستغلات ارزش مسکن,71945594172117613,بازار فرابورس,15400.0,16124.0,14921.0,15112.0,15449.0,14659.0,30180.0,16620721.0,256777936780.0,unadjusted,TSETMC
2023-04-09,1402/01/20,1402,1,20,real_estate_funds,ارزش مسکن,ص.س.املاک ومستغلات ارزش مسکن,71945594172117613,بازار فرابورس,15188.0,15210.0,14500.0,14748.0,14834.0,15449.0,17425.0,9555857.0,141756309055.0,unadjusted,TSETMC
2023-04-10,1402/01/21,1402,1,21,real_estate_funds,ارزش مسکن,ص.س.املاک ومستغلات ارزش مسکن,71945594172117613,بازار فرابورس,14800.0,14833.0,13500.0,14200.0,14143.0,14834.0,12027.0,6589055.0,93186349987.0,unadjusted,TSETMC
2023-04-11,1402/01/22,1402,1,22,real_estate_funds,ارزش مسکن,ص.س.املاک ومستغلات ارزش مسکن,71945594172117613,بازار فرابورس,14200.0,15450.0,13950.0,15189.0,14865.0,14143.0,11672.0,6382977.0,94883244983.0,unadjusted,TSETMC
2023-04-15,1402/01/26,1402,1,26,real_estate_funds,ارزش مسکن,ص.س.املاک ومستغلات ارزش مسکن,71945594172117613,بازار فرابورس,15450.0,16241.0,15101.0,16133.0,15807.0,14865.0,14971.0,8430869.0,133265057667.0,unadjusted,TSETMC
2023-04-16,1402/01/27,1402,1,27,real_estate_funds,ارزش مسکن,ص.س.املاک ومستغلات ارزش مسکن,71945594172117613,بازار فرابورس,16198.0,16497.0,15720.0,16137.0,16139.0,15807.0,11162.0,6325481.0,102088163666.0,unadjusted,TSETMC
2023-04-17,1402/01/28,1402,1,28,real_estate_funds,ارزش مسکن,ص.س.املاک ومستغلات ارزش مسکن,71945594172117613,بازار فرابورس,15799.0,15980.0,15403.0,15472.0,15615.0,16139.0,13957.0,7821063.0,122126233481.0,unadjusted,TSETMC
2023-04-18,1402/01/29,1402,1,29,real_estate_funds,ارزش مسکن,ص.س.املاک ومستغلات ارزش مسکن,71945594172117613,بازار فرابورس,15590.0,16290.0,15151.0,15866.0,15721.0,15615.0,16196.0,8890371.0,139762561897.0,unadjusted,TSETMC
2023-04-19,1402/01/30,1402,1,30,real_estate_funds,ارزش مسکن,ص.س.املاک ومستغلات ارزش مسکن,71945594172117613,بازار فرابورس,15410.0,16268.0,15410.0,16035.0,15961.0,15721.0,9568.0,5099394.0,81391461022.0,unadjusted,TSETMC
2023-04-24,1402/02/04,1402,2,4,real_estate_funds,ارزش مسکن,ص.س.املاک ومستغلات ارزش مسکن,71945594172117613,بازار فرابورس,16400.0,16400.0,15852.0,15935.0,15982.0,15961.0,3663.0,4918056.0,78599267144.0,unadjusted,TSETMC
2023-04-25,1402/02/05,1402,2,5,real_estate_funds,ارزش مسکن,ص.س.املاک ومستغلات ارزش مسکن,71945594172117613,بازار فرابورس,15901.0,16188.0,15780.0,15920.0,15974.0,15982.0,4775.0,6772668.0,108189193902.0,unadjusted,TSETMC
2023-04-26,1402/02/06,1402,2,6,real_estate_funds,ارزش مسکن,ص.س.املاک ومستغلات ارزش مسکن,71945594172117613,بازار فرابورس,15930.0,15930.0,15401.0,15546.0,15563.0,15974.0,4156.0,5271317.0,82040109660.0,unadjusted,TSETMC
2023-04-29,1402/02/09,1402,2,9,real_estate_funds,ارزش مسکن,ص.س.املاک ومستغلات ارزش مسکن,71945594172117613,بازار فرابورس,15600.0,15820.0,15420.0,15558.0,15555.0,15563.0,3613.0,4515378.0,70238809538.0,unadjusted,TSETMC
2023-04-30,1402/02/10,1402,2,10,real_estate_funds,ارزش مسکن,ص.س.املاک ومستغلات ارزش مسکن,71945594172117613,بازار فرابورس,15511.0,15947.0,15456.0,15900.0,15700.0,15555.0,4194.0,6454835.0,101338586104.0,unadjusted,TSETMC
2023-05-01,1402/02/11,1402,2,11,real_estate_funds,ارزش مسکن,ص.س.املاک ومستغلات ارزش مسکن,71945594172117613,بازار فرابورس,16000.0,16001.0,15530.0,15710.0,15727.0,15700.0,3521.0,4907431.0,77180146829.0,unadjusted,TSETMC
2023-05-02,1402/02/12,1402,2,12,real_estate_funds,ارزش مسکن,ص.س.املاک ومستغلات ارزش مسکن,71945594172117613,بازار فرابورس,15711.0,15884.0,15690.0,15743.0,15768.0,15727.0,3174.0,4487188.0,70755786868.0,unadjusted,TSETMC
2023-05-03,1402/02/13,1402,2,13,real_estate_funds,ارزش مسکن,ص.س.املاک ومستغلات ارزش مسکن,71945594172117613,بازار فرابورس,15777.0,15840.0,15501.0,15622.0,15620.0,15768.0,3807.0,4981983.0,77820119960.0,unadjusted,TSETMC
2023-05-06,1402/02/16,1402,2,16,real_estate_funds,ارزش مسکن,ص.س.املاک ومستغلات ارزش مسکن,71945594172117613,بازار فرابورس,15650.0,15970.0,15527.0,15876.0,15738.0,15620.0,4737.0,7790151.0,122599534635.0,unadjusted,TSETMC
2023-05-07,1402/02/17,1402,2,17,real_estate_funds,ارزش مسکن,ص.س.املاک ومستغلات ارزش مسکن,71945594172117613,بازار فرابورس,15827.0,15900.0,14800.0,15075.0,15167.0,15738.0,3852.0,5798573.0,87946314416.0,unadjusted,TSETMC
2023-05-08,1402/02/18,1402,2,18,real_estate_funds,ارزش مسکن,ص.س.املاک ومستغلات ارزش مسکن,71945594172117613,بازار فرابورس,14860.0,14860.0,13701.0,14500.0,14362.0,15167.0,3626.0,5095201.0,73179795370.0,unadjusted,TSETMC
2023-05-09,1402/02/19,1402,2,19,real_estate_funds,ارزش مسکن,ص.س.املاک ومستغلات ارزش مسکن,71945594172117613,بازار فرابورس,14700.0,15424.0,14550.0,15286.0,15136.0,14362.0,2918.0,4363028.0,66038400712.0,unadjusted,TSETMC
2023-05-10,1402/02/20,1402,2,20,real_estate_funds,ارزش مسکن,ص.س.املاک ومستغلات ارزش مسکن,71945594172117613,بازار فرابورس,15180.0,15650.0,14550.0,14800.0,14880.0,15136.0,1844.0,2707788.0,40291969124.0,unadjusted,TSETMC
2023-05-13,1402/02/23,1402,2,23,real_estate_funds,ارزش مسکن,ص.س.املاک ومستغلات ارزش مسکن,71945594172117613,بازار فرابورس,14800.0,15100.0,14010.0,14920.0,14490.0,14880.0,2439.0,3189665.0,46219250596.0,unadjusted,TSETMC
2023-05-14,1402/02/24,1402,2,24,real_estate_funds,ارزش مسکن,ص.س.املاک ومستغلات ارزش مسکن,71945594172117613,بازار فرابورس,14950.0,15786.0,14700.0,15340.0,15239.0,14490.0,3378.0,5005092.0,76270644651.0,unadjusted,TSETMC
2023-05-15,1402/02/25,1402,2,25,real_estate_funds,ارزش مسکن,ص.س.املاک ومستغلات ارزش مسکن,71945594172117613,بازار فرابورس,15391.0,15480.0,14940.0,14964.0,15119.0,15239.0,2128.0,3341313.0,50517053198.0,unadjusted,TSETMC
2023-05-17,1402/02/27,1402,2,27,real_estate_funds,ارزش مسکن,ص.س.املاک ومستغلات ارزش مسکن,71945594172117613,بازار فرابورس,15000.0,15880.0,14901.0,15880.0,15502.0,15119.0,3632.0,5962752.0,92434113072.0,unadjusted,TSETMC
2023-05-20,1402/02/30,1402,2,30,real_estate_funds,ارزش مسکن,ص.س.املاک ومستغلات ارزش مسکن,71945594172117613,بازار فرابورس,15810.0,15939.0,15505.0,15608.0,15668.0,15502.0,1600.0,2114003.0,33123126104.0,unadjusted,TSETMC
2023-05-21,1402/02/31,1402,2,31,real_estate_funds,ارزش مسکن,ص.س.املاک ومستغلات ارزش مسکن,71945594172117613,بازار فرابورس,15680.0,17234.0,15511.0,17234.0,16819.0,15668.0,5669.0,10358955.0,174227454176.0,unadjusted,TSETMC
2023-05-22,1402/03/01,1402,3,1,real_estate_funds,ارزش مسکن,ص.س.املاک ومستغلات ارزش مسکن,71945594172117613,بازار فرابورس,17520.0,18450.0,17352.0,18266.0,17874.0,16819.0,5181.0,7694876.0,137539208892.0,unadjusted,TSETMC
2023-05-23,1402/03/02,1402,3,2,real_estate_funds,ارزش مسکن,ص.س.املاک ومستغلات ارزش مسکن,71945594172117613,بازار فرابورس,18202.0,19661.0,18200.0,18401.0,19084.0,17874.0,9097.0,14514667.0,276991021976.0,unadjusted,TSETMC
2023-05-24,1402/03/03,1402,3,3,real_estate_funds,ارزش مسکن,ص.س.املاک ومستغلات ارزش مسکن,71945594172117613,بازار فرابورس,18690.0,19084.0,17176.0,18499.0,18128.0,19084.0,7379.0,10529520.0,190879421116.0,unadjusted,TSETMC
2023-05-27,1402/03/06,1402,3,6,real_estate_funds,ارزش مسکن,ص.س.املاک ومستغلات ارزش مسکن,71945594172117613,بازار فرابورس,18499.0,19870.0,18172.0,18900.0,19168.0,18128.0,8914.0,13931879.0,267048705223.0,unadjusted,TSETMC
2023-05-28,1402/03/07,1402,3,7,real_estate_funds,ارزش مسکن,ص.س.املاک ومستغلات ارزش مسکن,71945594172117613,بازار فرابورس,19229.0,20100.0,17800.0,19600.0,19338.0,19168.0,8677.0,12366968.0,239147209872.0,unadjusted,TSETMC
2023-05-29,1402/03/08,1402,3,8,real_estate_funds,ارزش مسکن,ص.س.املاک ومستغلات ارزش مسکن,71945594172117613,بازار فرابورس,19600.0,20000.0,18771.0,18791.0,19261.0,19338.0,6574.0,9397853.0,181016048430.0,unadjusted,TSETMC
2023-05-30,1402/03/09,1402,3,9,real_estate_funds,ارزش مسکن,ص.س.املاک ومستغلات ارزش مسکن,71945594172117613,بازار فرابورس,18879.0,19266.0,18252.0,18300.0,18557.0,19261.0,5652.0,8250498.0,153105215573.0,unadjusted,TSETMC
2023-05-31,1402/03/10,1402,3,10,real_estate_funds,ارزش مسکن,ص.س.املاک ومستغلات ارزش مسکن,71945594172117613,بازار فرابورس,18400.0,18400.0,17370.0,17487.0,17618.0,18557.0,4368.0,6046382.0,106522396546.0,unadjusted,TSETMC
2023-06-03,1402/03/13,1402,3,13,real_estate_funds,ارزش مسکن,ص.س.املاک ومستغلات ارزش مسکن,71945594172117613,بازار فرابورس,17405.0,17697.0,16931.0,17139.0,17175.0,17618.0,3952.0,4930769.0,84687899230.0,unadjusted,TSETMC
2023-06-06,1402/03/16,1402,3,16,real_estate_funds,ارزش مسکن,ص.س.املاک ومستغلات ارزش مسکن,71945594172117613,بازار فرابورس,17140.0,17399.0,16900.0,16993.0,17067.0,17175.0,2742.0,3467463.0,59178183779.0,unadjusted,TSETMC
2023-06-07,1402/03/17,1402,3,17,real_estate_funds,ارزش مسکن,ص.س.املاک ومستغلات ارزش مسکن,71945594172117613,بازار فرابورس,17120.0,17196.0,16500.0,16500.0,16730.0,17067.0,2980.0,3713530.0,62126825857.0,unadjusted,TSETMC
2023-06-10,1402/03/20,1402,3,20,real_estate_funds,ارزش مسکن,ص.س.املاک ومستغلات ارزش مسکن,71945594172117613,بازار فرابورس,16382.0,16382.0,15609.0,15760.0,15854.0,16730.0,2545.0,3564578.0,56512320724.0,unadjusted,TSETMC
2023-06-11,1402/03/21,1402,3,21,real_estate_funds,ارزش مسکن,ص.س.املاک ومستغلات ارزش مسکن,71945594172117613,بازار فرابورس,15899.0,16399.0,15400.0,15450.0,15820.0,15854.0,3395.0,4214587.0,66675510280.0,unadjusted,TSETMC
2023-06-12,1402/03/22,1402,3,22,real_estate_funds,ارزش مسکن,ص.س.املاک ومستغلات ارزش مسکن,71945594172117613,بازار فرابورس,15400.0,15590.0,14477.0,14860.0,14804.0,15820.0,3821.0,5514513.0,81635712898.0,unadjusted,TSETMC
2023-06-13,1402/03/23,1402,3,23,real_estate_funds,ارزش مسکن,ص.س.املاک ومستغلات ارزش مسکن,71945594172117613,بازار فرابورس,14990.0,15500.0,14479.0,15027.0,15030.0,14804.0,4787.0,7353570.0,110524447706.0,unadjusted,TSETMC
2023-06-14,1402/03/24,1402,3,24,real_estate_funds,ارزش مسکن,ص.س.املاک ومستغلات ارزش مسکن,71945594172117613,بازار فرابورس,15110.0,15495.0,14814.0,14909.0,15116.0,15030.0,3819.0,5585731.0,84436423802.0,unadjusted,TSETMC
2023-06-17,1402/03/27,1402,3,27,real_estate_funds,ارزش مسکن,ص.س.املاک ومستغلات ارزش مسکن,71945594172117613,بازار فرابورس,14909.0,15060.0,14299.0,14330.0,14751.0,15116.0,2914.0,4086081.0,60271793902.0,unadjusted,TSETMC
2023-06-18,1402/03/28,1402,3,28,real_estate_funds,ارزش مسکن,ص.س.املاک ومستغلات ارزش مسکن,71945594172117613,بازار فرابورس,14237.0,14320.0,14005.0,14194.0,14193.0,14751.0,2582.0,3040816.0,43156940139.0,unadjusted,TSETMC
2023-06-19,1402/03/29,1402,3,29,real_estate_funds,ارزش مسکن,ص.س.املاک ومستغلات ارزش مسکن,71945594172117613,بازار فرابورس,14240.0,14300.0,13983.0,14056.0,14135.0,14193.0,1887.0,2559530.0,36178724833.0,unadjusted,TSETMC
2023-06-20,1402/03/30,1402,3,30,real_estate_funds,ارزش مسکن,ص.س.املاک ومستغلات ارزش مسکن,71945594172117613,بازار فرابورس,14084.0,14498.0,13823.0,14390.0,14150.0,14135.0,2121.0,2958801.0,41867269715.0,unadjusted,TSETMC
2023-06-21,1402/03/31,1402,3,31,real_estate_funds,ارزش مسکن,ص.س.املاک ومستغلات ارزش مسکن,71945594172117613,بازار فرابورس,14210.0,14425.0,14062.0,14247.0,14250.0,14150.0,1785.0,2148466.0,30615122651.0,unadjusted,TSETMC
2023-06-24,1402/04/03,1402,4,3,real_estate_funds,ارزش مسکن,ص.س.املاک ومستغلات ارزش مسکن,71945594172117613,بازار فرابورس,14270.0,14349.0,14050.0,14310.0,14195.0,14250.0,1586.0,1805119.0,25623977924.0,unadjusted,TSETMC
2023-06-25,1402/04/04,1402,4,4,real_estate_funds,ارزش مسکن,ص.س.املاک ومستغلات ارزش مسکن,71945594172117613,بازار فرابورس,14388.0,14599.0,14220.0,14315.0,14400.0,14195.0,1529.0,1731667.0,24936442444.0,unadjusted,TSETMC
2023-06-26,1402/04/05,1402,4,5,real_estate_funds,ارزش مسکن,ص.س.املاک ومستغلات ارزش مسکن,71945594172117613,بازار فرابورس,14420.0,14594.0,14300.0,14372.0,14420.0,14400.0,1484.0,1747571.0,25199416477.0,unadjusted,TSETMC
2023-06-27,1402/04/06,1402,4,6,real_estate_funds,ارزش مسکن,ص.س.املاک ومستغلات ارزش مسکن,71945594172117613,بازار فرابورس,14406.0,14410.0,14101.0,14160.0,14238.0,14420.0,1358.0,1485389.0,21148579726.0,unadjusted,TSETMC
2023-06-28,1402/04/07,1402,4,7,real_estate_funds,ارزش مسکن,ص.س.املاک ومستغلات ارزش مسکن,71945594172117613,بازار فرابورس,14200.0,14200.0,13980.0,14035.0,14060.0,14238.0,1040.0,1187958.0,16703246503.0,unadjusted,TSETMC
2023-07-01,1402/04/10,1402,4,10,real_estate_funds,ارزش مسکن,ص.س.املاک ومستغلات ارزش مسکن,71945594172117613,بازار فرابورس,14040.0,14120.0,13902.0,14030.0,14011.0,14060.0,882.0,1099078.0,15398721824.0,unadjusted,TSETMC
2023-07-02,1402/04/11,1402,4,11,real_estate_funds,ارزش مسکن,ص.س.املاک ومستغلات ارزش مسکن,71945594172117613,بازار فرابورس,14098.0,14390.0,13911.0,14280.0,14201.0,14011.0,1515.0,1828821.0,25970543881.0,unadjusted,TSETMC
2023-07-03,1402/04/12,1402,4,12,real_estate_funds,ارزش مسکن,ص.س.املاک ومستغلات ارزش مسکن,71945594172117613,بازار فرابورس,14300.0,14901.0,14296.0,14718.0,14590.0,14201.0,2246.0,2501993.0,36503528665.0,unadjusted,TSETMC
2023-07-04,1402/04/13,1402,4,13,real_estate_funds,ارزش مسکن,ص.س.املاک ومستغلات ارزش مسکن,71945594172117613,بازار فرابورس,14724.0,14998.0,14517.0,14607.0,14712.0,14590.0,2500.0,2773909.0,40808572293.0,unadjusted,TSETMC
2023-07-05,1402/04/14,1402,4,14,real_estate_funds,ارزش مسکن,ص.س.املاک ومستغلات ارزش مسکن,71945594172117613,بازار فرابورس,14690.0,14700.0,14486.0,14548.0,14570.0,14712.0,1416.0,1831988.0,26691565897.0,unadjusted,TSETMC
2023-07-08,1402/04/17,1402,4,17,real_estate_funds,ارزش مسکن,ص.س.املاک ومستغلات ارزش مسکن,71945594172117613,بازار فرابورس,14594.0,14600.0,14401.0,14420.0,14509.0,14570.0,1292.0,1555001.0,22561909971.0,unadjusted,TSETMC
2023-07-09,1402/04/18,1402,4,18,real_estate_funds,ارزش مسکن,ص.س.املاک ومستغلات ارزش مسکن,71945594172117613,بازار فرابورس,14410.0,14458.0,14202.0,14224.0,14267.0,14509.0,864.0,1216268.0,17352649253.0,unadjusted,TSETMC
2023-07-10,1402/04/19,1402,4,19,real_estate_funds,ارزش مسکن,ص.س.املاک ومستغلات ارزش مسکن,71945594172117613,بازار فرابورس,14295.0,15399.0,14220.0,15298.0,14983.0,14267.0,4850.0,7811122.0,117034766618.0,unadjusted,TSETMC
2023-07-11,1402/04/20,1402,4,20,real_estate_funds,ارزش مسکن,ص.س.املاک ومستغلات ارزش مسکن,71945594172117613,بازار فرابورس,15350.0,15690.0,14400.0,14628.0,15021.0,14983.0,3901.0,6078642.0,91305272860.0,unadjusted,TSETMC
2023-07-12,1402/04/21,1402,4,21,real_estate_funds,ارزش مسکن,ص.س.املاک ومستغلات ارزش مسکن,71945594172117613,بازار فرابورس,14700.0,14800.0,14000.0,14540.0,14313.0,15021.0,3550.0,5829537.0,83439530659.0,unadjusted,TSETMC
2023-07-15,1402/04/24,1402,4,24,real_estate_funds,ارزش مسکن,ص.س.املاک ومستغلات ارزش مسکن,71945594172117613,بازار فرابورس,14710.0,14710.0,14158.0,14209.0,14346.0,14313.0,1438.0,1929992.0,27687223981.0,unadjusted,TSETMC
2023-07-16,1402/04/25,1402,4,25,real_estate_funds,ارزش مسکن,ص.س.املاک ومستغلات ارزش مسکن,71945594172117613,بازار فرابورس,14200.0,14210.0,13751.0,13760.0,13903.0,14346.0,1263.0,1434681.0,19947021262.0,unadjusted,TSETMC
2023-07-17,1402/04/26,1402,4,26,real_estate_funds,ارزش مسکن,ص.س.املاک ومستغلات ارزش مسکن,71945594172117613,بازار فرابورس,13850.0,14009.0,13000.0,13885.0,13566.0,13903.0,1786.0,2260011.0,30660265598.0,unadjusted,TSETMC
2023-07-18,1402/04/27,1402,4,27,real_estate_funds,ارزش مسکن,ص.س.املاک ومستغلات ارزش مسکن,71945594172117613,بازار فرابورس,13999.0,14527.0,13950.0,14389.0,14255.0,13566.0,2690.0,3954877.0,56376567864.0,unadjusted,TSETMC
2023-07-19,1402/04/28,1402,4,28,real_estate_funds,ارزش مسکن,ص.س.املاک ومستغلات ارزش مسکن,71945594172117613,بازار فرابورس,14379.0,14533.0,13902.0,13906.0,14201.0,14255.0,2752.0,4049658.0,57509161563.0,unadjusted,TSETMC
2023-07-22,1402/04/31,1402,4,31,real_estate_funds,ارزش مسکن,ص.س.املاک ومستغلات ارزش مسکن,71945594172117613,بازار فرابورس,14090.0,14090.0,13400.0,13401.0,13581.0,14201.0,1278.0,1476374.0,20051156825.0,unadjusted,TSETMC
2023-07-23,1402/05/01,1402,5,1,real_estate_funds,ارزش مسکن,ص.س.املاک ومستغلات ارزش مسکن,71945594172117613,بازار فرابورس,13600.0,14191.0,13400.0,13898.0,13799.0,13581.0,1514.0,2388116.0,32953751775.0,unadjusted,TSETMC
2023-07-24,1402/05/02,1402,5,2,real_estate_funds,ارزش مسکن,ص.س.املاک ومستغلات ارزش مسکن,71945594172117613,بازار فرابورس,13910.0,14100.0,13840.0,13961.0,13960.0,13799.0,1317.0,1770051.0,24710559683.0,unadjusted,TSETMC
2023-07-25,1402/05/03,1402,5,3,real_estate_funds,ارزش مسکن,ص.س.املاک ومستغلات ارزش مسکن,71945594172117613,بازار فرابورس,13940.0,14150.0,13671.0,13735.0,13861.0,13960.0,1423.0,2069563.0,28685462662.0,unadjusted,TSETMC
2023-07-26,1402/05/04,1402,5,4,real_estate_funds,ارزش مسکن,ص.س.املاک ومستغلات ارزش مسکن,71945594172117613,بازار فرابورس,13760.0,13869.0,13710.0,13817.0,13784.0,13861.0,928.0,1102408.0,15195616074.0,unadjusted,TSETMC
2023-07-29,1402/05/07,1402,5,7,real_estate_funds,ارزش مسکن,ص.س.املاک ومستغلات ارزش مسکن,71945594172117613,بازار فرابورس,13900.0,13900.0,13700.0,13700.0,13766.0,13784.0,614.0,926092.0,12748150925.0,unadjusted,TSETMC
2023-07-30,1402/05/08,1402,5,8,real_estate_funds,ارزش مسکن,ص.س.املاک ومستغلات ارزش مسکن,71945594172117613,بازار فرابورس,13630.0,13719.0,13500.0,13523.0,13536.0,13766.0,819.0,979179.0,13253987677.0,unadjusted,TSETMC
2023-07-31,1402/05/09,1402,5,9,real_estate_funds,ارزش مسکن,ص.س.املاک ومستغلات ارزش مسکن,71945594172117613,بازار فرابورس,14470.0,14470.0,13699.0,13954.0,13922.0,13536.0,1535.0,2214477.0,30830579058.0,unadjusted,TSETMC
2023-08-01,1402/05/10,1402,5,10,real_estate_funds,ارزش مسکن,ص.س.املاک ومستغلات ارزش مسکن,71945594172117613,بازار فرابورس,13933.0,14088.0,13800.0,14014.0,13919.0,13922.0,2488.0,3672104.0,51112795906.0,unadjusted,TSETMC
2023-08-01,1402/05/10,1402,5,10,real_estate_funds,دانیک,ص.س.املاک ومستغلات نیک رای,67717913151786055,بازار فرابورس,10000.0,10000.0,10000.0,10000.0,10000.0,10000.0,11400.0,114000000.0,1140000000000.0,unadjusted,TSETMC
2023-08-05,1402/05/14,1402,5,14,real_estate_funds,ارزش مسکن,ص.س.املاک ومستغلات ارزش مسکن,71945594172117613,بازار فرابورس,14020.0,14100.0,13896.0,13974.0,14014.0,13919.0,1922.0,2284806.0,32019014755.0,unadjusted,TSETMC
2023-08-05,1402/05/14,1402,5,14,real_estate_funds,دانیک,ص.س.املاک ومستغلات نیک رای,67717913151786055,بازار فرابورس,10000.0,10000.0,10000.0,10000.0,10000.0,10000.0,2600.0,26000000.0,260000000000.0,unadjusted,TSETMC
2023-08-06,1402/05/15,1402,5,15,real_estate_funds,ارزش مسکن,ص.س.املاک ومستغلات ارزش مسکن,71945594172117613,بازار فرابورس,14000.0,14000.0,13700.0,13720.0,13801.0,14014.0,1417.0,1910726.0,26370338485.0,unadjusted,TSETMC
2023-08-07,1402/05/16,1402,5,16,real_estate_funds,ارزش مسکن,ص.س.املاک ومستغلات ارزش مسکن,71945594172117613,بازار فرابورس,13720.0,13885.0,13605.0,13740.0,13742.0,13801.0,1467.0,1772331.0,24356075255.0,unadjusted,TSETMC
2023-08-08,1402/05/17,1402,5,17,real_estate_funds,ارزش مسکن,ص.س.املاک ومستغلات ارزش مسکن,71945594172117613,بازار فرابورس,13780.0,13792.0,13600.0,13648.0,13660.0,13742.0,867.0,977618.0,13353818297.0,unadjusted,TSETMC
2023-08-09,1402/05/18,1402,5,18,real_estate_funds,ارزش مسکن,ص.س.املاک ومستغلات ارزش مسکن,71945594172117613,بازار فرابورس,13730.0,13749.0,13553.0,13583.0,13602.0,13660.0,718.0,729608.0,9924026144.0,unadjusted,TSETMC
2023-08-12,1402/05/21,1402,5,21,real_estate_funds,ارزش مسکن,ص.س.املاک ومستغلات ارزش مسکن,71945594172117613,بازار فرابورس,13500.0,13552.0,13001.0,13310.0,13327.0,13602.0,1184.0,1519478.0,20250133432.0,unadjusted,TSETMC
2023-08-13,1402/05/22,1402,5,22,real_estate_funds,ارزش مسکن,ص.س.املاک ومستغلات ارزش مسکن,71945594172117613,بازار فرابورس,13211.0,13748.0,13211.0,13503.0,13438.0,13327.0,1518.0,1960405.0,26343017229.0,unadjusted,TSETMC
2023-08-14,1402/05/23,1402,5,23,real_estate_funds,ارزش مسکن,ص.س.املاک ومستغلات ارزش مسکن,71945594172117613,بازار فرابورس,13594.0,13630.0,13405.0,13467.0,13520.0,13438.0,898.0,1019423.0,13782347152.0,unadjusted,TSETMC
2023-08-15,1402/05/24,1402,5,24,real_estate_funds,ارزش مسکن,ص.س.املاک ومستغلات ارزش مسکن,71945594172117613,بازار فرابورس,13406.0,13647.0,13400.0,13529.0,13531.0,13520.0,937.0,1429808.0,19346173313.0,unadjusted,TSETMC
2023-08-16,1402/05/25,1402,5,25,real_estate_funds,ارزش مسکن,ص.س.املاک ومستغلات ارزش مسکن,71945594172117613,بازار فرابورس,13620.0,13623.0,13370.0,13519.0,13519.0,13531.0,725.0,986630.0,13338508384.0,unadjusted,TSETMC
2023-08-19,1402/05/28,1402,5,28,real_estate_funds,ارزش مسکن,ص.س.املاک ومستغلات ارزش مسکن,71945594172117613,بازار فرابورس,13630.0,13630.0,13328.0,13381.0,13394.0,13519.0,538.0,654592.0,8767330386.0,unadjusted,TSETMC
2023-08-20,1402/05/29,1402,5,29,real_estate_funds,ارزش مسکن,ص.س.املاک ومستغلات ارزش مسکن,71945594172117613,بازار فرابورس,13315.0,13430.0,13315.0,13371.0,13374.0,13394.0,427.0,582137.0,7785778898.0,unadjusted,TSETMC
2023-08-21,1402/05/30,1402,5,30,real_estate_funds,ارزش مسکن,ص.س.املاک ومستغلات ارزش مسکن,71945594172117613,بازار فرابورس,13425.0,13425.0,13318.0,13340.0,13364.0,13374.0,553.0,914424.0,12220434567.0,unadjusted,TSETMC
2023-08-22,1402/05/31,1402,5,31,real_estate_funds,ارزش مسکن,ص.س.املاک ومستغلات ارزش مسکن,71945594172117613,بازار فرابورس,13340.0,13416.0,13259.0,13400.0,13348.0,13364.0,809.0,1166754.0,15573946081.0,unadjusted,TSETMC
2023-08-23,1402/06/01,1402,6,1,real_estate_funds,ارزش مسکن,ص.س.املاک ومستغلات ارزش مسکن,71945594172117613,بازار فرابورس,13400.0,13980.0,13336.0,13770.0,13637.0,13348.0,1190.0,1539599.0,20995459100.0,unadjusted,TSETMC
2023-08-26,1402/06/04,1402,6,4,real_estate_funds,ارزش مسکن,ص.س.املاک ومستغلات ارزش مسکن,71945594172117613,بازار فرابورس,13560.0,14143.0,13560.0,13800.0,13935.0,13637.0,2157.0,2794785.0,38946512129.0,unadjusted,TSETMC
2023-08-27,1402/06/05,1402,6,5,real_estate_funds,ارزش مسکن,ص.س.املاک ومستغلات ارزش مسکن,71945594172117613,بازار فرابورس,13990.0,14279.0,13800.0,13976.0,14045.0,13935.0,2334.0,3318728.0,46612273274.0,unadjusted,TSETMC
2023-08-28,1402/06/06,1402,6,6,real_estate_funds,ارزش مسکن,ص.س.املاک ومستغلات ارزش مسکن,71945594172117613,بازار فرابورس,14028.0,14189.0,13705.0,13727.0,13889.0,14045.0,2054.0,2809281.0,39017601325.0,unadjusted,TSETMC
2023-08-29,1402/06/07,1402,6,7,real_estate_funds,ارزش مسکن,ص.س.املاک ومستغلات ارزش مسکن,71945594172117613,بازار فرابورس,13800.0,13900.0,13502.0,13647.0,13659.0,13889.0,1810.0,2592419.0,35410302789.0,unadjusted,TSETMC
2023-08-30,1402/06/08,1402,6,8,real_estate_funds,ارزش مسکن,ص.س.املاک ومستغلات ارزش مسکن,71945594172117613,بازار فرابورس,13697.0,13797.0,13556.0,13707.0,13677.0,13659.0,1654.0,2065901.0,28255448933.0,unadjusted,TSETMC
2023-09-02,1402/06/11,1402,6,11,real_estate_funds,ارزش مسکن,ص.س.املاک ومستغلات ارزش مسکن,71945594172117613,بازار فرابورس,13700.0,13789.0,13600.0,13634.0,13649.0,13677.0,1255.0,1602574.0,21873860363.0,unadjusted,TSETMC
2023-09-03,1402/06/12,1402,6,12,real_estate_funds,ارزش مسکن,ص.س.املاک ومستغلات ارزش مسکن,71945594172117613,بازار فرابورس,13619.0,13700.0,13511.0,13580.0,13616.0,13649.0,1162.0,1668947.0,22724811179.0,unadjusted,TSETMC
2023-09-04,1402/06/13,1402,6,13,real_estate_funds,ارزش مسکن,ص.س.املاک ومستغلات ارزش مسکن,71945594172117613,بازار فرابورس,13709.0,13887.0,13565.0,13810.0,13740.0,13616.0,1871.0,2669571.0,36679854618.0,unadjusted,TSETMC
2023-09-05,1402/06/14,1402,6,14,real_estate_funds,ارزش مسکن,ص.س.املاک ومستغلات ارزش مسکن,71945594172117613,بازار فرابورس,13825.0,13897.0,13681.0,13745.0,13781.0,13740.0,960.0,1342990.0,18507470891.0,unadjusted,TSETMC
2023-09-09,1402/06/18,1402,6,18,real_estate_funds,ارزش مسکن,ص.س.املاک ومستغلات ارزش مسکن,71945594172117613,بازار فرابورس,13755.0,13755.0,13600.0,13600.0,13624.0,13781.0,896.0,1114318.0,15181650028.0,unadjusted,TSETMC
2023-09-10,1402/06/19,1402,6,19,real_estate_funds,ارزش مسکن,ص.س.املاک ومستغلات ارزش مسکن,71945594172117613,بازار فرابورس,13570.0,13708.0,13503.0,13596.0,13592.0,13624.0,561.0,688670.0,9360378513.0,unadjusted,TSETMC
2023-09-11,1402/06/20,1402,6,20,real_estate_funds,ارزش مسکن,ص.س.املاک ومستغلات ارزش مسکن,71945594172117613,بازار فرابورس,13504.0,13637.0,13501.0,13530.0,13522.0,13592.0,487.0,626513.0,8471981448.0,unadjusted,TSETMC
2023-09-12,1402/06/21,1402,6,21,real_estate_funds,ارزش مسکن,ص.س.املاک ومستغلات ارزش مسکن,71945594172117613,بازار فرابورس,13530.0,13599.0,13490.0,13535.0,13527.0,13522.0,517.0,566491.0,7662781125.0,unadjusted,TSETMC
2023-09-13,1402/06/22,1402,6,22,real_estate_funds,ارزش مسکن,ص.س.املاک ومستغلات ارزش مسکن,71945594172117613,بازار فرابورس,13546.0,13546.0,13483.0,13506.0,13495.0,13527.0,436.0,497615.0,6715239720.0,unadjusted,TSETMC
2023-09-17,1402/06/26,1402,6,26,real_estate_funds,ارزش مسکن,ص.س.املاک ومستغلات ارزش مسکن,71945594172117613,بازار فرابورس,13511.0,13605.0,13454.0,13489.0,13484.0,13495.0,857.0,828143.0,11166875582.0,unadjusted,TSETMC
2023-09-18,1402/06/27,1402,6,27,real_estate_funds,ارزش مسکن,ص.س.املاک ومستغلات ارزش مسکن,71945594172117613,بازار فرابورس,13567.0,13567.0,13260.0,13371.0,13445.0,13484.0,751.0,864944.0,11628797307.0,unadjusted,TSETMC
2023-09-19,1402/06/28,1402,6,28,real_estate_funds,ارزش مسکن,ص.س.املاک ومستغلات ارزش مسکن,71945594172117613,بازار فرابورس,13399.0,13399.0,13260.0,13262.0,13314.0,13445.0,815.0,1202543.0,16010898208.0,unadjusted,TSETMC
2023-09-20,1402/06/29,1402,6,29,real_estate_funds,ارزش مسکن,ص.س.املاک ومستغلات ارزش مسکن,71945594172117613,بازار فرابورس,13300.0,13392.0,13260.0,13339.0,13315.0,13314.0,822.0,1111825.0,14804273129.0,unadjusted,TSETMC
2023-09-23,1402/07/01,1402,7,1,real_estate_funds,ارزش مسکن,ص.س.املاک ومستغلات ارزش مسکن,71945594172117613,بازار فرابورس,13379.0,13379.0,13250.0,13250.0,13280.0,13315.0,610.0,752891.0,9998488845.0,unadjusted,TSETMC
2023-09-25,1402/07/03,1402,7,3,real_estate_funds,ارزش مسکن,ص.س.املاک ومستغلات ارزش مسکن,71945594172117613,بازار فرابورس,13265.0,13265.0,12901.0,12918.0,13046.0,13280.0,1217.0,1377260.0,17968235288.0,unadjusted,TSETMC
2023-09-26,1402/07/04,1402,7,4,real_estate_funds,ارزش مسکن,ص.س.املاک ومستغلات ارزش مسکن,71945594172117613,بازار فرابورس,12917.0,12979.0,12800.0,12933.0,12885.0,13046.0,1061.0,986436.0,12710657434.0,unadjusted,TSETMC
2023-09-27,1402/07/05,1402,7,5,real_estate_funds,ارزش مسکن,ص.س.املاک ومستغلات ارزش مسکن,71945594172117613,بازار فرابورس,12910.0,12930.0,12700.0,12763.0,12815.0,12885.0,711.0,898742.0,11517508838.0,unadjusted,TSETMC
2023-09-30,1402/07/08,1402,7,8,real_estate_funds,ارزش مسکن,ص.س.املاک ومستغلات ارزش مسکن,71945594172117613,بازار فرابورس,12800.0,12801.0,12333.0,12375.0,12492.0,12815.0,1264.0,1595218.0,19927400256.0,unadjusted,TSETMC
2023-10-01,1402/07/09,1402,7,9,real_estate_funds,ارزش مسکن,ص.س.املاک ومستغلات ارزش مسکن,71945594172117613,بازار فرابورس,12375.0,12439.0,12215.0,12254.0,12301.0,12492.0,573.0,688776.0,8472429943.0,unadjusted,TSETMC
2023-10-02,1402/07/10,1402,7,10,real_estate_funds,ارزش مسکن,ص.س.املاک ومستغلات ارزش مسکن,71945594172117613,بازار فرابورس,12248.0,12248.0,12000.0,12120.0,12081.0,12301.0,1723.0,2626377.0,31730320171.0,unadjusted,TSETMC
2023-10-02,1402/07/10,1402,7,10,real_estate_funds,دانیک,ص.س.املاک ومستغلات نیک رای,67717913151786055,بازار فرابورس,10400.0,10789.0,10247.0,10667.0,10419.0,10000.0,1243.0,17918978.0,186701167254.0,unadjusted,TSETMC
2023-10-04,1402/07/12,1402,7,12,real_estate_funds,ارزش مسکن,ص.س.املاک ومستغلات ارزش مسکن,71945594172117613,بازار فرابورس,12179.0,12179.0,12010.0,12080.0,12073.0,12081.0,733.0,1052920.0,12711720069.0,unadjusted,TSETMC
2023-10-04,1402/07/12,1402,7,12,real_estate_funds,دانیک,ص.س.املاک ومستغلات نیک رای,67717913151786055,بازار فرابورس,10611.0,10750.0,10500.0,10626.0,10560.0,10419.0,593.0,5817336.0,61430733923.0,unadjusted,TSETMC
2023-10-07,1402/07/15,1402,7,15,real_estate_funds,ارزش مسکن,ص.س.املاک ومستغلات ارزش مسکن,71945594172117613,بازار فرابورس,12070.0,12118.0,11930.0,12040.0,12038.0,12073.0,717.0,850937.0,10243955399.0,unadjusted,TSETMC
2023-10-07,1402/07/15,1402,7,15,real_estate_funds,دانیک,ص.س.املاک ومستغلات نیک رای,67717913151786055,بازار فرابورس,10660.0,10660.0,10560.0,10561.0,10560.0,10560.0,577.0,7615812.0,80426664386.0,unadjusted,TSETMC
2023-10-08,1402/07/16,1402,7,16,real_estate_funds,ارزش مسکن,ص.س.املاک ومستغلات ارزش مسکن,71945594172117613,بازار فرابورس,11917.0,11930.0,11523.0,11627.0,11645.0,12038.0,1011.0,1190896.0,13867526901.0,unadjusted,TSETMC
2023-10-08,1402/07/16,1402,7,16,real_estate_funds,دانیک,ص.س.املاک ومستغلات نیک رای,67717913151786055,بازار فرابورس,10560.0,10560.0,10150.0,10270.0,10266.0,10560.0,371.0,1850443.0,18996710538.0,unadjusted,TSETMC
2023-10-09,1402/07/17,1402,7,17,real_estate_funds,ارزش مسکن,ص.س.املاک ومستغلات ارزش مسکن,71945594172117613,بازار فرابورس,11688.0,11688.0,11526.0,11607.0,11600.0,11645.0,868.0,860268.0,9979508970.0,unadjusted,TSETMC
2023-10-09,1402/07/17,1402,7,17,real_estate_funds,دانیک,ص.س.املاک ومستغلات نیک رای,67717913151786055,بازار فرابورس,10130.0,10270.0,10052.0,10116.0,10154.0,10266.0,311.0,857274.0,8704648595.0,unadjusted,TSETMC
2023-10-10,1402/07/18,1402,7,18,real_estate_funds,ارزش مسکن,ص.س.املاک ومستغلات ارزش مسکن,71945594172117613,بازار فرابورس,11610.0,12078.0,11500.0,11990.0,11838.0,11600.0,1562.0,1968146.0,23299249480.0,unadjusted,TSETMC
2023-10-10,1402/07/18,1402,7,18,real_estate_funds,دانیک,ص.س.املاک ومستغلات نیک رای,67717913151786055,بازار فرابورس,10091.0,10188.0,10040.0,10184.0,10086.0,10154.0,173.0,575307.0,5802713481.0,unadjusted,TSETMC
2023-10-11,1402/07/19,1402,7,19,real_estate_funds,ارزش مسکن,ص.س.املاک ومستغلات ارزش مسکن,71945594172117613,بازار فرابورس,12050.0,12800.0,11961.0,12350.0,12408.0,11838.0,3075.0,4960695.0,61552605437.0,unadjusted,TSETMC
2023-10-11,1402/07/19,1402,7,19,real_estate_funds,دانیک,ص.س.املاک ومستغلات نیک رای,67717913151786055,بازار فرابورس,10168.0,10168.0,10011.0,10086.0,10053.0,10086.0,272.0,1455967.0,14637315467.0,unadjusted,TSETMC
2023-10-14,1402/07/22,1402,7,22,real_estate_funds,ارزش مسکن,ص.س.املاک ومستغلات ارزش مسکن,71945594172117613,بازار فرابورس,12250.0,12389.0,11850.0,11935.0,12066.0,12408.0,1142.0,1532535.0,18491759622.0,unadjusted,TSETMC
2023-10-14,1402/07/22,1402,7,22,real_estate_funds,دانیک,ص.س.املاک ومستغلات نیک رای,67717913151786055,بازار فرابورس,10035.0,10084.0,9900.0,9973.0,9985.0,10053.0,274.0,871069.0,8697698916.0,unadjusted,TSETMC
2023-10-15,1402/07/23,1402,7,23,real_estate_funds,ارزش مسکن,ص.س.املاک ومستغلات ارزش مسکن,71945594172117613,بازار فرابورس,11990.0,12200.0,11850.0,12054.0,12011.0,12066.0,1097.0,1501433.0,18034040769.0,unadjusted,TSETMC
2023-10-15,1402/07/23,1402,7,23,real_estate_funds,دانیک,ص.س.املاک ومستغلات نیک رای,67717913151786055,بازار فرابورس,9996.0,10002.0,9702.0,10000.0,9866.0,9985.0,181.0,626745.0,6183684744.0,unadjusted,TSETMC
2023-10-16,1402/07/24,1402,7,24,real_estate_funds,ارزش مسکن,ص.س.املاک ومستغلات ارزش مسکن,71945594172117613,بازار فرابورس,12096.0,12250.0,12005.0,12164.0,12145.0,12011.0,986.0,1527960.0,18557695935.0,unadjusted,TSETMC
2023-10-16,1402/07/24,1402,7,24,real_estate_funds,دانیک,ص.س.املاک ومستغلات نیک رای,67717913151786055,بازار فرابورس,9881.0,10600.0,9881.0,10281.0,10401.0,9866.0,341.0,3517872.0,36589605260.0,unadjusted,TSETMC
2023-10-17,1402/07/25,1402,7,25,real_estate_funds,ارزش مسکن,ص.س.املاک ومستغلات ارزش مسکن,71945594172117613,بازار فرابورس,12190.0,12198.0,11945.0,11976.0,12050.0,12145.0,999.0,1369883.0,16507432850.0,unadjusted,TSETMC
2023-10-17,1402/07/25,1402,7,25,real_estate_funds,دانیک,ص.س.املاک ومستغلات نیک رای,67717913151786055,بازار فرابورس,10202.0,10207.0,9900.0,10100.0,10039.0,10401.0,157.0,669060.0,6716371206.0,unadjusted,TSETMC
2023-10-18,1402/07/26,1402,7,26,real_estate_funds,ارزش مسکن,ص.س.املاک ومستغلات ارزش مسکن,71945594172117613,بازار فرابورس,11900.0,11900.0,11700.0,11739.0,11761.0,12050.0,943.0,1141754.0,13427897274.0,unadjusted,TSETMC
2023-10-18,1402/07/26,1402,7,26,real_estate_funds,دانیک,ص.س.املاک ومستغلات نیک رای,67717913151786055,بازار فرابورس,10010.0,10199.0,9905.0,10100.0,10114.0,10039.0,122.0,613001.0,6199866769.0,unadjusted,TSETMC
2023-10-21,1402/07/29,1402,7,29,real_estate_funds,ارزش مسکن,ص.س.املاک ومستغلات ارزش مسکن,71945594172117613,بازار فرابورس,11650.0,12390.0,11600.0,12165.0,12073.0,11761.0,1821.0,2597084.0,31353825783.0,unadjusted,TSETMC
2023-10-21,1402/07/29,1402,7,29,real_estate_funds,دانیک,ص.س.املاک ومستغلات نیک رای,67717913151786055,بازار فرابورس,10026.0,10159.0,10026.0,10100.0,10117.0,10114.0,82.0,314684.0,3183672438.0,unadjusted,TSETMC
2023-10-22,1402/07/30,1402,7,30,real_estate_funds,ارزش مسکن,ص.س.املاک ومستغلات ارزش مسکن,71945594172117613,بازار فرابورس,12239.0,12750.0,12150.0,12384.0,12512.0,12073.0,2859.0,4079774.0,51044679773.0,unadjusted,TSETMC
2023-10-22,1402/07/30,1402,7,30,real_estate_funds,دانیک,ص.س.املاک ومستغلات نیک رای,67717913151786055,بازار فرابورس,10122.0,10385.0,10121.0,10260.0,10223.0,10117.0,89.0,465103.0,4754902434.0,unadjusted,TSETMC
2023-10-23,1402/08/01,1402,8,1,real_estate_funds,ارزش مسکن,ص.س.املاک ومستغلات ارزش مسکن,71945594172117613,بازار فرابورس,12400.0,12479.0,11890.0,12067.0,12093.0,12512.0,1926.0,2513143.0,30392628943.0,unadjusted,TSETMC
2023-10-23,1402/08/01,1402,8,1,real_estate_funds,دانیک,ص.س.املاک ومستغلات نیک رای,67717913151786055,بازار فرابورس,10153.0,10270.0,10150.0,10269.0,10178.0,10223.0,97.0,609820.0,6206469168.0,unadjusted,TSETMC
2023-10-24,1402/08/02,1402,8,2,real_estate_funds,ارزش مسکن,ص.س.املاک ومستغلات ارزش مسکن,71945594172117613,بازار فرابورس,12089.0,12149.0,11950.0,12000.0,12008.0,12093.0,818.0,965464.0,11593507819.0,unadjusted,TSETMC
2023-10-24,1402/08/02,1402,8,2,real_estate_funds,دانیک,ص.س.املاک ومستغلات نیک رای,67717913151786055,بازار فرابورس,10161.0,10375.0,10152.0,10227.0,10226.0,10178.0,44.0,191074.0,1953955702.0,unadjusted,TSETMC
2023-10-25,1402/08/03,1402,8,3,real_estate_funds,ارزش مسکن,ص.س.املاک ومستغلات ارزش مسکن,71945594172117613,بازار فرابورس,12050.0,12260.0,11958.0,11990.0,12079.0,12008.0,1791.0,2450655.0,29600715768.0,unadjusted,TSETMC
2023-10-25,1402/08/03,1402,8,3,real_estate_funds,دانیک,ص.س.املاک ومستغلات نیک رای,67717913151786055,بازار فرابورس,10157.0,10350.0,10150.0,10296.0,10181.0,10226.0,53.0,171894.0,1750095537.0,unadjusted,TSETMC
2023-10-28,1402/08/06,1402,8,6,real_estate_funds,ارزش مسکن,ص.س.املاک ومستغلات ارزش مسکن,71945594172117613,بازار فرابورس,12163.0,12163.0,11601.0,11680.0,11715.0,12079.0,1510.0,1770467.0,20741345208.0,unadjusted,TSETMC
2023-10-28,1402/08/06,1402,8,6,real_estate_funds,دانیک,ص.س.املاک ومستغلات نیک رای,67717913151786055,بازار فرابورس,10154.0,10329.0,10150.0,10200.0,10210.0,10181.0,131.0,813067.0,8301193991.0,unadjusted,TSETMC
2023-10-29,1402/08/07,1402,8,7,real_estate_funds,ارزش مسکن,ص.س.املاک ومستغلات ارزش مسکن,71945594172117613,بازار فرابورس,11789.0,11900.0,11700.0,11802.0,11806.0,11715.0,940.0,1295277.0,15291576372.0,unadjusted,TSETMC
2023-10-29,1402/08/07,1402,8,7,real_estate_funds,دانیک,ص.س.املاک ومستغلات نیک رای,67717913151786055,بازار فرابورس,10345.0,10399.0,10215.0,10382.0,10307.0,10210.0,75.0,294078.0,3031203813.0,unadjusted,TSETMC
2023-10-30,1402/08/08,1402,8,8,real_estate_funds,ارزش مسکن,ص.س.املاک ومستغلات ارزش مسکن,71945594172117613,بازار فرابورس,11894.0,12000.0,11801.0,11889.0,11913.0,11806.0,1229.0,1593882.0,18988507939.0,unadjusted,TSETMC
2023-10-30,1402/08/08,1402,8,8,real_estate_funds,دانیک,ص.س.املاک ومستغلات نیک رای,67717913151786055,بازار فرابورس,10221.0,10397.0,10221.0,10340.0,10348.0,10307.0,94.0,248898.0,2575626209.0,unadjusted,TSETMC
2023-10-31,1402/08/09,1402,8,9,real_estate_funds,ارزش مسکن,ص.س.املاک ومستغلات ارزش مسکن,71945594172117613,بازار فرابورس,11820.0,11920.0,11700.0,11762.0,11783.0,11913.0,935.0,935568.0,11024152861.0,unadjusted,TSETMC
2023-10-31,1402/08/09,1402,8,9,real_estate_funds,دانیک,ص.س.املاک ومستغلات نیک رای,67717913151786055,بازار فرابورس,10370.0,10370.0,10271.0,10320.0,10288.0,10348.0,35.0,34429.0,354208078.0,unadjusted,TSETMC
2023-11-01,1402/08/10,1402,8,10,real_estate_funds,ارزش مسکن,ص.س.املاک ومستغلات ارزش مسکن,71945594172117613,بازار فرابورس,11750.0,11800.0,11664.0,11795.0,11721.0,11783.0,795.0,951859.0,11156374458.0,unadjusted,TSETMC
2023-11-01,1402/08/10,1402,8,10,real_estate_funds,دانیک,ص.س.املاک ومستغلات نیک رای,67717913151786055,بازار فرابورس,10250.0,10300.0,10201.0,10300.0,10240.0,10288.0,52.0,182120.0,1864980435.0,unadjusted,TSETMC
2023-11-04,1402/08/13,1402,8,13,real_estate_funds,ارزش مسکن,ص.س.املاک ومستغلات ارزش مسکن,71945594172117613,بازار فرابورس,11919.0,12099.0,11860.0,12013.0,11986.0,11721.0,1454.0,2371797.0,28428201036.0,unadjusted,TSETMC
2023-11-04,1402/08/13,1402,8,13,real_estate_funds,دانیک,ص.س.املاک ومستغلات نیک رای,67717913151786055,بازار فرابورس,10399.0,10399.0,10221.0,10295.0,10273.0,10240.0,45.0,139610.0,1434175668.0,unadjusted,TSETMC
2023-11-05,1402/08/14,1402,8,14,real_estate_funds,ارزش مسکن,ص.س.املاک ومستغلات ارزش مسکن,71945594172117613,بازار فرابورس,12099.0,12187.0,11928.0,11936.0,12032.0,11986.0,2345.0,3451658.0,41531562442.0,unadjusted,TSETMC
2023-11-05,1402/08/14,1402,8,14,real_estate_funds,دانیک,ص.س.املاک ومستغلات نیک رای,67717913151786055,بازار فرابورس,10300.0,10300.0,10220.0,10221.0,10240.0,10273.0,177.0,127537.0,1306031608.0,unadjusted,TSETMC
2023-11-06,1402/08/15,1402,8,15,real_estate_funds,ارزش مسکن,ص.س.املاک ومستغلات ارزش مسکن,71945594172117613,بازار فرابورس,11998.0,12075.0,11870.0,11999.0,12001.0,12032.0,1136.0,1469183.0,17631001024.0,unadjusted,TSETMC
2023-11-06,1402/08/15,1402,8,15,real_estate_funds,دانیک,ص.س.املاک ومستغلات نیک رای,67717913151786055,بازار فرابورس,10250.0,10257.0,10162.0,10246.0,10202.0,10240.0,229.0,421713.0,4302370284.0,unadjusted,TSETMC
2023-11-07,1402/08/16,1402,8,16,real_estate_funds,ارزش مسکن,ص.س.املاک ومستغلات ارزش مسکن,71945594172117613,بازار فرابورس,12070.0,12255.0,11990.0,12176.0,12143.0,12001.0,2017.0,2758774.0,33500471629.0,unadjusted,TSETMC
2023-11-07,1402/08/16,1402,8,16,real_estate_funds,دانیک,ص.س.املاک ومستغلات نیک رای,67717913151786055,بازار فرابورس,10249.0,10249.0,10188.0,10205.0,10213.0,10202.0,67.0,95473.0,975024841.0,unadjusted,TSETMC
2023-11-08,1402/08/17,1402,8,17,real_estate_funds,ارزش مسکن,ص.س.املاک ومستغلات ارزش مسکن,71945594172117613,بازار فرابورس,12176.0,12176.0,11990.0,12000.0,12039.0,12143.0,1547.0,2856101.0,34385584912.0,unadjusted,TSETMC
2023-11-08,1402/08/17,1402,8,17,real_estate_funds,دانیک,ص.س.املاک ومستغلات نیک رای,67717913151786055,بازار فرابورس,10280.0,10280.0,10201.0,10201.0,10215.0,10213.0,109.0,87990.0,898860888.0,unadjusted,TSETMC
2023-11-11,1402/08/20,1402,8,20,real_estate_funds,ارزش مسکن,ص.س.املاک ومستغلات ارزش مسکن,71945594172117613,بازار فرابورس,12001.0,12050.0,11879.0,11930.0,11954.0,12039.0,2248.0,2873679.0,34350680871.0,unadjusted,TSETMC
2023-11-11,1402/08/20,1402,8,20,real_estate_funds,دانیک,ص.س.املاک ومستغلات نیک رای,67717913151786055,بازار فرابورس,10250.0,10287.0,10173.0,10246.0,10208.0,10215.0,74.0,107258.0,1094836553.0,unadjusted,TSETMC
2023-11-12,1402/08/21,1402,8,21,real_estate_funds,ارزش مسکن,ص.س.املاک ومستغلات ارزش مسکن,71945594172117613,بازار فرابورس,11885.0,11998.0,11885.0,11941.0,11942.0,11954.0,645.0,686516.0,8198391259.0,unadjusted,TSETMC
2023-11-12,1402/08/21,1402,8,21,real_estate_funds,دانیک,ص.س.املاک ومستغلات نیک رای,67717913151786055,بازار فرابورس,10244.0,10244.0,10178.0,10229.0,10195.0,10208.0,33.0,74063.0,755071391.0,unadjusted,TSETMC
2023-11-13,1402/08/22,1402,8,22,real_estate_funds,ارزش مسکن,ص.س.املاک ومستغلات ارزش مسکن,71945594172117613,بازار فرابورس,11940.0,12020.0,11896.0,11964.0,11965.0,11942.0,1127.0,1508764.0,18051912976.0,unadjusted,TSETMC
2023-11-13,1402/08/22,1402,8,22,real_estate_funds,دانیک,ص.س.املاک ومستغلات نیک رای,67717913151786055,بازار فرابورس,10184.0,10220.0,10175.0,10190.0,10183.0,10195.0,139.0,144316.0,1469605175.0,unadjusted,TSETMC
2023-11-14,1402/08/23,1402,8,23,real_estate_funds,ارزش مسکن,ص.س.املاک ومستغلات ارزش مسکن,71945594172117613,بازار فرابورس,11990.0,12043.0,11945.0,11959.0,11973.0,11965.0,1038.0,1221738.0,14628276780.0,unadjusted,TSETMC
2023-11-14,1402/08/23,1402,8,23,real_estate_funds,دانیک,ص.س.املاک ومستغلات نیک رای,67717913151786055,بازار فرابورس,10151.0,10199.0,10120.0,10197.0,10143.0,10183.0,64.0,63801.0,647150409.0,unadjusted,TSETMC
2023-11-15,1402/08/24,1402,8,24,real_estate_funds,ارزش مسکن,ص.س.املاک ومستغلات ارزش مسکن,71945594172117613,بازار فرابورس,11970.0,12020.0,11855.0,11987.0,11962.0,11973.0,955.0,1006463.0,12039800663.0,unadjusted,TSETMC
2023-11-15,1402/08/24,1402,8,24,real_estate_funds,دانیک,ص.س.املاک ومستغلات نیک رای,67717913151786055,بازار فرابورس,10121.0,10193.0,10121.0,10193.0,10151.0,10143.0,50.0,38673.0,392568555.0,unadjusted,TSETMC
2023-11-18,1402/08/27,1402,8,27,real_estate_funds,ارزش مسکن,ص.س.املاک ومستغلات ارزش مسکن,71945594172117613,بازار فرابورس,12000.0,12170.0,11920.0,11973.0,12000.0,11962.0,1414.0,1810591.0,21726673631.0,unadjusted,TSETMC
2023-11-18,1402/08/27,1402,8,27,real_estate_funds,دانیک,ص.س.املاک ومستغلات نیک رای,67717913151786055,بازار فرابورس,10198.0,10198.0,10002.0,10089.0,10075.0,10151.0,141.0,168267.0,1695225205.0,unadjusted,TSETMC
2023-11-19,1402/08/28,1402,8,28,real_estate_funds,ارزش مسکن,ص.س.املاک ومستغلات ارزش مسکن,71945594172117613,بازار فرابورس,11980.0,12014.0,11957.0,11957.0,11977.0,12000.0,436.0,515705.0,6176816343.0,unadjusted,TSETMC
2023-11-19,1402/08/28,1402,8,28,real_estate_funds,دانیک,ص.س.املاک ومستغلات نیک رای,67717913151786055,بازار فرابورس,10090.0,10158.0,10020.0,10100.0,10095.0,10075.0,189.0,2212380.0,22334332979.0,unadjusted,TSETMC
2023-11-20,1402/08/29,1402,8,29,real_estate_funds,ارزش مسکن,ص.س.املاک ومستغلات ارزش مسکن,71945594172117613,بازار فرابورس,11990.0,11999.0,11798.0,11886.0,11871.0,11977.0,1067.0,1376845.0,16344169851.0,unadjusted,TSETMC
2023-11-20,1402/08/29,1402,8,29,real_estate_funds,دانیک,ص.س.املاک ومستغلات نیک رای,67717913151786055,بازار فرابورس,10120.0,10120.0,10021.0,10055.0,10029.0,10095.0,126.0,160365.0,1608297571.0,unadjusted,TSETMC
2023-11-21,1402/08/30,1402,8,30,real_estate_funds,ارزش مسکن,ص.س.املاک ومستغلات ارزش مسکن,71945594172117613,بازار فرابورس,11897.0,11897.0,11765.0,11833.0,11826.0,11871.0,806.0,918196.0,10858646481.0,unadjusted,TSETMC
2023-11-21,1402/08/30,1402,8,30,real_estate_funds,دانیک,ص.س.املاک ومستغلات نیک رای,67717913151786055,بازار فرابورس,10024.0,10196.0,10008.0,10196.0,10047.0,10029.0,91.0,319276.0,3207808635.0,unadjusted,TSETMC
2023-11-22,1402/09/01,1402,9,1,real_estate_funds,ارزش مسکن,ص.س.املاک ومستغلات ارزش مسکن,71945594172117613,بازار فرابورس,11930.0,11990.0,11800.0,11822.0,11841.0,11826.0,825.0,914622.0,10829894253.0,unadjusted,TSETMC
2023-11-22,1402/09/01,1402,9,1,real_estate_funds,دانیک,ص.س.املاک ومستغلات نیک رای,67717913151786055,بازار فرابورس,10100.0,10200.0,10064.0,10199.0,10150.0,10047.0,46.0,310382.0,3150330499.0,unadjusted,TSETMC
2023-11-25,1402/09/04,1402,9,4,real_estate_funds,ارزش مسکن,ص.س.املاک ومستغلات ارزش مسکن,71945594172117613,بازار فرابورس,11833.0,11889.0,11801.0,11818.0,11823.0,11841.0,768.0,818122.0,9672809020.0,unadjusted,TSETMC
2023-11-25,1402/09/04,1402,9,4,real_estate_funds,دانیک,ص.س.املاک ومستغلات نیک رای,67717913151786055,بازار فرابورس,10200.0,10200.0,10057.0,10096.0,10069.0,10150.0,68.0,140574.0,1415458892.0,unadjusted,TSETMC
2023-11-26,1402/09/05,1402,9,5,real_estate_funds,ارزش مسکن,ص.س.املاک ومستغلات ارزش مسکن,71945594172117613,بازار فرابورس,11875.0,11875.0,11800.0,11825.0,11819.0,11823.0,718.0,493241.0,5829491054.0,unadjusted,TSETMC
2023-11-26,1402/09/05,1402,9,5,real_estate_funds,دانیک,ص.س.املاک ومستغلات نیک رای,67717913151786055,بازار فرابورس,10060.0,10145.0,10060.0,10098.0,10072.0,10069.0,24.0,59803.0,602358234.0,unadjusted,TSETMC
2023-11-27,1402/09/06,1402,9,6,real_estate_funds,ارزش مسکن,ص.س.املاک ومستغلات ارزش مسکن,71945594172117613,بازار فرابورس,11775.0,11850.0,11720.0,11725.0,11788.0,11819.0,836.0,784811.0,9251604471.0,unadjusted,TSETMC
2023-11-27,1402/09/06,1402,9,6,real_estate_funds,دانیک,ص.س.املاک ومستغلات نیک رای,67717913151786055,بازار فرابورس,10175.0,10175.0,10042.0,10090.0,10065.0,10072.0,59.0,111541.0,1122651015.0,unadjusted,TSETMC
2023-11-28,1402/09/07,1402,9,7,real_estate_funds,ارزش مسکن,ص.س.املاک ومستغلات ارزش مسکن,71945594172117613,بازار فرابورس,11739.0,11880.0,11717.0,11867.0,11812.0,11788.0,1277.0,1713476.0,20239079891.0,unadjusted,TSETMC
2023-11-28,1402/09/07,1402,9,7,real_estate_funds,دانیک,ص.س.املاک ومستغلات نیک رای,67717913151786055,بازار فرابورس,10120.0,10148.0,10050.0,10068.0,10085.0,10065.0,69.0,63664.0,642051876.0,unadjusted,TSETMC
2023-11-29,1402/09/08,1402,9,8,real_estate_funds,ارزش مسکن,ص.س.املاک ومستغلات ارزش مسکن,71945594172117613,بازار فرابورس,11850.0,11993.0,11823.0,11910.0,11917.0,11812.0,1727.0,2295416.0,27355041382.0,unadjusted,TSETMC
2023-11-29,1402/09/08,1402,9,8,real_estate_funds,دانیک,ص.س.املاک ومستغلات نیک رای,67717913151786055,بازار فرابورس,10051.0,10388.0,10010.0,10289.0,10085.0,10085.0,241.0,1042834.0,10517349324.0,unadjusted,TSETMC
2023-12-02,1402/09/11,1402,9,11,real_estate_funds,ارزش مسکن,ص.س.املاک ومستغلات ارزش مسکن,71945594172117613,بازار فرابورس,11895.0,12050.0,11892.0,11921.0,11969.0,11917.0,1682.0,2134432.0,25547258674.0,unadjusted,TSETMC
2023-12-02,1402/09/11,1402,9,11,real_estate_funds,دانیک,ص.س.املاک ومستغلات نیک رای,67717913151786055,بازار فرابورس,10250.0,10250.0,10097.0,10219.0,10144.0,10085.0,102.0,436116.0,4423849658.0,unadjusted,TSETMC
2023-12-03,1402/09/12,1402,9,12,real_estate_funds,ارزش مسکن,ص.س.املاک ومستغلات ارزش مسکن,71945594172117613,بازار فرابورس,11840.0,12460.0,11840.0,12360.0,12205.0,11969.0,2412.0,3126566.0,38158773917.0,unadjusted,TSETMC
2023-12-03,1402/09/12,1402,9,12,real_estate_funds,دانیک,ص.س.املاک ومستغلات نیک رای,67717913151786055,بازار فرابورس,10239.0,10239.0,10102.0,10180.0,10145.0,10144.0,202.0,435546.0,4418557076.0,unadjusted,TSETMC
2023-12-04,1402/09/13,1402,9,13,real_estate_funds,ارزش مسکن,ص.س.املاک ومستغلات ارزش مسکن,71945594172117613,بازار فرابورس,12390.0,12643.0,12205.0,12293.0,12413.0,12205.0,2254.0,3541856.0,43963970592.0,unadjusted,TSETMC
2023-12-04,1402/09/13,1402,9,13,real_estate_funds,دانیک,ص.س.املاک ومستغلات نیک رای,67717913151786055,بازار فرابورس,10150.0,10200.0,10108.0,10160.0,10161.0,10145.0,79.0,222606.0,2261851104.0,unadjusted,TSETMC
2023-12-05,1402/09/14,1402,9,14,real_estate_funds,ارزش مسکن,ص.س.املاک ومستغلات ارزش مسکن,71945594172117613,بازار فرابورس,12400.0,12400.0,12096.0,12112.0,12182.0,12413.0,2061.0,2681362.0,32664208617.0,unadjusted,TSETMC
2023-12-05,1402/09/14,1402,9,14,real_estate_funds,دانیک,ص.س.املاک ومستغلات نیک رای,67717913151786055,بازار فرابورس,10160.0,10190.0,10100.0,10134.0,10106.0,10161.0,81.0,331908.0,3354305183.0,unadjusted,TSETMC
2023-12-06,1402/09/15,1402,9,15,real_estate_funds,ارزش مسکن,ص.س.املاک ومستغلات ارزش مسکن,71945594172117613,بازار فرابورس,12140.0,12140.0,11950.0,11951.0,12005.0,12182.0,1279.0,1612571.0,19358196449.0,unadjusted,TSETMC
2023-12-06,1402/09/15,1402,9,15,real_estate_funds,دانیک,ص.س.املاک ومستغلات نیک رای,67717913151786055,بازار فرابورس,10170.0,10170.0,10057.0,10066.0,10119.0,10106.0,66.0,48616.0,491938395.0,unadjusted,TSETMC
2023-12-09,1402/09/18,1402,9,18,real_estate_funds,ارزش مسکن,ص.س.املاک ومستغلات ارزش مسکن,71945594172117613,بازار فرابورس,11911.0,11999.0,11860.0,11870.0,11892.0,12005.0,1321.0,1243220.0,14784036696.0,unadjusted,TSETMC
2023-12-09,1402/09/18,1402,9,18,real_estate_funds,دانیک,ص.س.املاک ومستغلات نیک رای,67717913151786055,بازار فرابورس,10150.0,10150.0,10001.0,10017.0,10047.0,10119.0,90.0,361169.0,3628492575.0,unadjusted,TSETMC
2023-12-10,1402/09/19,1402,9,19,real_estate_funds,ارزش مسکن,ص.س.املاک ومستغلات ارزش مسکن,71945594172117613,بازار فرابورس,11898.0,11946.0,11842.0,11907.0,11908.0,11892.0,1044.0,1328877.0,15824467673.0,unadjusted,TSETMC
2023-12-10,1402/09/19,1402,9,19,real_estate_funds,دانیک,ص.س.املاک ومستغلات نیک رای,67717913151786055,بازار فرابورس,10050.0,10075.0,10005.0,10020.0,10032.0,10047.0,77.0,170325.0,1708666714.0,unadjusted,TSETMC
2023-12-11,1402/09/20,1402,9,20,real_estate_funds,ارزش مسکن,ص.س.املاک ومستغلات ارزش مسکن,71945594172117613,بازار فرابورس,11873.0,12000.0,11873.0,11926.0,11948.0,11908.0,1043.0,1313388.0,15691950977.0,unadjusted,TSETMC
2023-12-11,1402/09/20,1402,9,20,real_estate_funds,دانیک,ص.س.املاک ومستغلات نیک رای,67717913151786055,بازار فرابورس,10020.0,10074.0,10010.0,10058.0,10025.0,10032.0,56.0,115331.0,1156233862.0,unadjusted,TSETMC
2023-12-12,1402/09/21,1402,9,21,real_estate_funds,ارزش مسکن,ص.س.املاک ومستغلات ارزش مسکن,71945594172117613,بازار فرابورس,11900.0,11950.0,11900.0,11928.0,11926.0,11948.0,913.0,1245577.0,14855367974.0,unadjusted,TSETMC
2023-12-12,1402/09/21,1402,9,21,real_estate_funds,دانیک,ص.س.املاک ومستغلات نیک رای,67717913151786055,بازار فرابورس,10025.0,10050.0,10002.0,10050.0,10021.0,10025.0,86.0,68065.0,682097822.0,unadjusted,TSETMC
2023-12-13,1402/09/22,1402,9,22,real_estate_funds,ارزش مسکن,ص.س.املاک ومستغلات ارزش مسکن,71945594172117613,بازار فرابورس,11919.0,12400.0,11901.0,12195.0,12108.0,11926.0,1939.0,2658727.0,32191929777.0,unadjusted,TSETMC
2023-12-13,1402/09/22,1402,9,22,real_estate_funds,دانیک,ص.س.املاک ومستغلات نیک رای,67717913151786055,بازار فرابورس,10050.0,10050.0,10000.0,10050.0,10018.0,10021.0,116.0,524535.0,5254810139.0,unadjusted,TSETMC
2023-12-16,1402/09/25,1402,9,25,real_estate_funds,ارزش مسکن,ص.س.املاک ومستغلات ارزش مسکن,71945594172117613,بازار فرابورس,12210.0,12210.0,12001.0,12136.0,12100.0,12108.0,1329.0,1769454.0,21410096757.0,unadjusted,TSETMC
2023-12-16,1402/09/25,1402,9,25,real_estate_funds,دانیک,ص.س.املاک ومستغلات نیک رای,67717913151786055,بازار فرابورس,10060.0,10192.0,10013.0,10049.0,10041.0,10018.0,138.0,3039165.0,30516260640.0,unadjusted,TSETMC
2023-12-18,1402/09/27,1402,9,27,real_estate_funds,ارزش مسکن,ص.س.املاک ومستغلات ارزش مسکن,71945594172117613,بازار فرابورس,12125.0,12350.0,12114.0,12180.0,12212.0,12100.0,1569.0,2529991.0,30897240624.0,unadjusted,TSETMC
2023-12-18,1402/09/27,1402,9,27,real_estate_funds,امین شهر,ص.س. املاک و مستغلات امین شهر,70814244102598215,بازار فرابورس,10000.0,10000.0,10000.0,10000.0,10000.0,10000.0,9591.0,185448031.0,1854480310000.0,unadjusted,TSETMC
2023-12-18,1402/09/27,1402,9,27,real_estate_funds,دانیک,ص.س.املاک ومستغلات نیک رای,67717913151786055,بازار فرابورس,10050.0,10050.0,10012.0,10027.0,10028.0,10041.0,123.0,284422.0,2852050977.0,unadjusted,TSETMC
2023-12-19,1402/09/28,1402,9,28,real_estate_funds,ارزش مسکن,ص.س.املاک ومستغلات ارزش مسکن,71945594172117613,بازار فرابورس,12185.0,12208.0,11960.0,11993.0,12055.0,12212.0,1384.0,1796206.0,21653326234.0,unadjusted,TSETMC
2023-12-19,1402/09/28,1402,9,28,real_estate_funds,امین شهر,ص.س. املاک و مستغلات امین شهر,70814244102598215,بازار فرابورس,10000.0,10000.0,10000.0,10000.0,10000.0,10000.0,7096.0,167088972.0,1670889720000.0,unadjusted,TSETMC
2023-12-19,1402/09/28,1402,9,28,real_estate_funds,دانیک,ص.س.املاک ومستغلات نیک رای,67717913151786055,بازار فرابورس,10028.0,10050.0,10011.0,10030.0,10026.0,10028.0,49.0,93182.0,934271726.0,unadjusted,TSETMC
2023-12-20,1402/09/29,1402,9,29,real_estate_funds,ارزش مسکن,ص.س.املاک ومستغلات ارزش مسکن,71945594172117613,بازار فرابورس,11921.0,12289.0,11921.0,12090.0,12118.0,12055.0,1635.0,1975886.0,23943655670.0,unadjusted,TSETMC
2023-12-20,1402/09/29,1402,9,29,real_estate_funds,دانیک,ص.س.املاک ومستغلات نیک رای,67717913151786055,بازار فرابورس,10079.0,10080.0,10010.0,10033.0,10023.0,10026.0,88.0,201086.0,2015473560.0,unadjusted,TSETMC
2023-12-23,1402/10/02,1402,10,2,real_estate_funds,ارزش مسکن,ص.س.املاک ومستغلات ارزش مسکن,71945594172117613,بازار فرابورس,12179.0,12180.0,12045.0,12053.0,12073.0,12118.0,1070.0,1213430.0,14649616863.0,unadjusted,TSETMC
2023-12-23,1402/10/02,1402,10,2,real_estate_funds,دانیک,ص.س.املاک ومستغلات نیک رای,67717913151786055,بازار فرابورس,10055.0,10056.0,10010.0,10052.0,10041.0,10023.0,69.0,86937.0,872934314.0,unadjusted,TSETMC
2023-12-24,1402/10/03,1402,10,3,real_estate_funds,ارزش مسکن,ص.س.املاک ومستغلات ارزش مسکن,71945594172117613,بازار فرابورس,12070.0,12070.0,11983.0,12012.0,12016.0,12073.0,712.0,709842.0,8529659174.0,unadjusted,TSETMC
2023-12-24,1402/10/03,1402,10,3,real_estate_funds,دانیک,ص.س.املاک ومستغلات نیک رای,67717913151786055,بازار فرابورس,10070.0,10070.0,10020.0,10030.0,10030.0,10041.0,23.0,20999.0,210612981.0,unadjusted,TSETMC
2023-12-25,1402/10/04,1402,10,4,real_estate_funds,ارزش مسکن,ص.س.املاک ومستغلات ارزش مسکن,71945594172117613,بازار فرابورس,12016.0,12148.0,11975.0,12009.0,12011.0,12016.0,928.0,1006803.0,12092806581.0,unadjusted,TSETMC
2023-12-25,1402/10/04,1402,10,4,real_estate_funds,دانیک,ص.س.املاک ومستغلات نیک رای,67717913151786055,بازار فرابورس,10040.0,10040.0,10013.0,10015.0,10015.0,10030.0,31.0,46706.0,467771714.0,unadjusted,TSETMC
2023-12-26,1402/10/05,1402,10,5,real_estate_funds,ارزش مسکن,ص.س.املاک ومستغلات ارزش مسکن,71945594172117613,بازار فرابورس,11981.0,12008.0,11932.0,11949.0,11964.0,12011.0,886.0,1087447.0,13010723538.0,unadjusted,TSETMC
2023-12-26,1402/10/05,1402,10,5,real_estate_funds,دانیک,ص.س.املاک ومستغلات نیک رای,67717913151786055,بازار فرابورس,10011.0,10020.0,10000.0,10015.0,10004.0,10015.0,94.0,454964.0,4551659748.0,unadjusted,TSETMC
2023-12-27,1402/10/06,1402,10,6,real_estate_funds,ارزش مسکن,ص.س.املاک ومستغلات ارزش مسکن,71945594172117613,بازار فرابورس,11950.0,12037.0,11884.0,12012.0,11929.0,11964.0,1327.0,1755070.0,20936261563.0,unadjusted,TSETMC
2023-12-27,1402/10/06,1402,10,6,real_estate_funds,دانیک,ص.س.املاک ومستغلات نیک رای,67717913151786055,بازار فرابورس,10000.0,10019.0,9983.0,10016.0,10000.0,10004.0,65.0,389228.0,3892466365.0,unadjusted,TSETMC
2023-12-30,1402/10/09,1402,10,9,real_estate_funds,ارزش مسکن,ص.س.املاک ومستغلات ارزش مسکن,71945594172117613,بازار فرابورس,11979.0,12277.0,11979.0,12268.0,12162.0,11929.0,1918.0,3019205.0,36719937560.0,unadjusted,TSETMC
2023-12-30,1402/10/09,1402,10,9,real_estate_funds,دانیک,ص.س.املاک ومستغلات نیک رای,67717913151786055,بازار فرابورس,10004.0,10009.0,10000.0,10009.0,10002.0,10000.0,51.0,113592.0,1136112760.0,unadjusted,TSETMC
2023-12-31,1402/10/10,1402,10,10,real_estate_funds,ارزش مسکن,ص.س.املاک ومستغلات ارزش مسکن,71945594172117613,بازار فرابورس,12200.0,12338.0,12113.0,12205.0,12202.0,12162.0,1377.0,1932315.0,23577964629.0,unadjusted,TSETMC
2023-12-31,1402/10/10,1402,10,10,real_estate_funds,دانیک,ص.س.املاک ومستغلات نیک رای,67717913151786055,بازار فرابورس,10090.0,10090.0,10000.0,10011.0,10004.0,10002.0,41.0,89237.0,892729675.0,unadjusted,TSETMC
2024-01-01,1402/10/11,1402,10,11,real_estate_funds,ارزش مسکن,ص.س.املاک ومستغلات ارزش مسکن,71945594172117613,بازار فرابورس,12200.0,12297.0,12150.0,12163.0,12195.0,12202.0,749.0,645543.0,7872422107.0,unadjusted,TSETMC
2024-01-01,1402/10/11,1402,10,11,real_estate_funds,دانیک,ص.س.املاک ومستغلات نیک رای,67717913151786055,بازار فرابورس,10060.0,10060.0,10000.0,10017.0,10005.0,10004.0,28.0,45705.0,457274783.0,unadjusted,TSETMC
2024-01-02,1402/10/12,1402,10,12,real_estate_funds,ارزش مسکن,ص.س.املاک ومستغلات ارزش مسکن,71945594172117613,بازار فرابورس,12100.0,12207.0,12070.0,12132.0,12152.0,12195.0,708.0,725450.0,8815800830.0,unadjusted,TSETMC
2024-01-02,1402/10/12,1402,10,12,real_estate_funds,دانیک,ص.س.املاک ومستغلات نیک رای,67717913151786055,بازار فرابورس,10050.0,10100.0,10000.0,10090.0,10067.0,10005.0,124.0,988154.0,9947473816.0,unadjusted,TSETMC
2024-01-03,1402/10/13,1402,10,13,real_estate_funds,ارزش مسکن,ص.س.املاک ومستغلات ارزش مسکن,71945594172117613,بازار فرابورس,12113.0,12179.0,12056.0,12122.0,12122.0,12152.0,581.0,634291.0,7688950694.0,unadjusted,TSETMC
2024-01-03,1402/10/13,1402,10,13,real_estate_funds,دانیک,ص.س.املاک ومستغلات نیک رای,67717913151786055,بازار فرابورس,10079.0,10079.0,10025.0,10027.0,10029.0,10067.0,27.0,34467.0,345670442.0,unadjusted,TSETMC
2024-01-06,1402/10/16,1402,10,16,real_estate_funds,ارزش مسکن,ص.س.املاک ومستغلات ارزش مسکن,71945594172117613,بازار فرابورس,12059.0,12193.0,12058.0,12150.0,12138.0,12122.0,646.0,800641.0,9717929692.0,unadjusted,TSETMC
2024-01-06,1402/10/16,1402,10,16,real_estate_funds,دانیک,ص.س.املاک ومستغلات نیک رای,67717913151786055,بازار فرابورس,10010.0,10035.0,10000.0,10030.0,10010.0,10029.0,53.0,132636.0,1327637038.0,unadjusted,TSETMC
2024-01-07,1402/10/17,1402,10,17,real_estate_funds,ارزش مسکن,ص.س.املاک ومستغلات ارزش مسکن,71945594172117613,بازار فرابورس,12080.0,12197.0,12080.0,12100.0,12144.0,12138.0,761.0,1041684.0,12650566221.0,unadjusted,TSETMC
2024-01-07,1402/10/17,1402,10,17,real_estate_funds,دانیک,ص.س.املاک ومستغلات نیک رای,67717913151786055,بازار فرابورس,10001.0,10159.0,10000.0,10003.0,10039.0,10010.0,214.0,1542858.0,15488380492.0,unadjusted,TSETMC
2024-01-08,1402/10/18,1402,10,18,real_estate_funds,ارزش مسکن,ص.س.املاک ومستغلات ارزش مسکن,71945594172117613,بازار فرابورس,12069.0,12154.0,12061.0,12079.0,12099.0,12144.0,1278.0,2076303.0,25122218140.0,unadjusted,TSETMC
2024-01-08,1402/10/18,1402,10,18,real_estate_funds,دانیک,ص.س.املاک ومستغلات نیک رای,67717913151786055,بازار فرابورس,10005.0,10899.0,10005.0,10677.0,10227.0,10039.0,250.0,2237939.0,22887028292.0,unadjusted,TSETMC
2024-01-09,1402/10/19,1402,10,19,real_estate_funds,ارزش مسکن,ص.س.املاک ومستغلات ارزش مسکن,71945594172117613,بازار فرابورس,12126.0,12126.0,11990.0,12039.0,12034.0,12099.0,1508.0,2049997.0,24670486965.0,unadjusted,TSETMC
2024-01-09,1402/10/19,1402,10,19,real_estate_funds,دانیک,ص.س.املاک ومستغلات نیک رای,67717913151786055,بازار فرابورس,10400.0,10649.0,10250.0,10500.0,10447.0,10227.0,100.0,424505.0,4434814886.0,unadjusted,TSETMC
2024-01-10,1402/10/20,1402,10,20,real_estate_funds,ارزش مسکن,ص.س.املاک ومستغلات ارزش مسکن,71945594172117613,بازار فرابورس,12039.0,12135.0,12013.0,12096.0,12099.0,12034.0,1352.0,2341489.0,28329856029.0,unadjusted,TSETMC
2024-01-10,1402/10/20,1402,10,20,real_estate_funds,دانیک,ص.س.املاک ومستغلات نیک رای,67717913151786055,بازار فرابورس,10400.0,10658.0,10400.0,10650.0,10608.0,10447.0,127.0,2019182.0,21419814081.0,unadjusted,TSETMC
2024-01-13,1402/10/23,1402,10,23,real_estate_funds,ارزش مسکن,ص.س.املاک ومستغلات ارزش مسکن,71945594172117613,بازار فرابورس,12200.0,12200.0,11972.0,12109.0,12112.0,12099.0,949.0,1162949.0,14085107397.0,unadjusted,TSETMC
2024-01-13,1402/10/23,1402,10,23,real_estate_funds,دانیک,ص.س.املاک ومستغلات نیک رای,67717913151786055,بازار فرابورس,10500.0,10939.0,10500.0,10798.0,10773.0,10608.0,202.0,2155436.0,23221472330.0,unadjusted,TSETMC
2024-01-14,1402/10/24,1402,10,24,real_estate_funds,ارزش مسکن,ص.س.املاک ومستغلات ارزش مسکن,71945594172117613,بازار فرابورس,12149.0,12189.0,12080.0,12124.0,12127.0,12112.0,997.0,1294240.0,15695514077.0,unadjusted,TSETMC
2024-01-14,1402/10/24,1402,10,24,real_estate_funds,دانیک,ص.س.املاک ومستغلات نیک رای,67717913151786055,بازار فرابورس,10700.0,10740.0,10450.0,10598.0,10600.0,10773.0,140.0,477539.0,5062067594.0,unadjusted,TSETMC
2024-01-15,1402/10/25,1402,10,25,real_estate_funds,ارزش مسکن,ص.س.املاک ومستغلات ارزش مسکن,71945594172117613,بازار فرابورس,12171.0,12171.0,12034.0,12034.0,12082.0,12127.0,802.0,1127823.0,13626224201.0,unadjusted,TSETMC
2024-01-15,1402/10/25,1402,10,25,real_estate_funds,دانیک,ص.س.املاک ومستغلات نیک رای,67717913151786055,بازار فرابورس,10551.0,10936.0,10400.0,10835.0,10839.0,10600.0,132.0,987392.0,10702331686.0,unadjusted,TSETMC
2024-01-16,1402/10/26,1402,10,26,real_estate_funds,ارزش مسکن,ص.س.املاک ومستغلات ارزش مسکن,71945594172117613,بازار فرابورس,11967.0,12099.0,11967.0,12020.0,12019.0,12082.0,713.0,651895.0,7835039525.0,unadjusted,TSETMC
2024-01-16,1402/10/26,1402,10,26,real_estate_funds,امین شهر,ص.س. املاک و مستغلات امین شهر,70814244102598215,بازار فرابورس,10240.0,10260.0,10060.0,10260.0,10232.0,10000.0,199.0,1945750.0,19909834880.0,unadjusted,TSETMC
2024-01-16,1402/10/26,1402,10,26,real_estate_funds,دانیک,ص.س.املاک ومستغلات نیک رای,67717913151786055,بازار فرابورس,10750.0,10900.0,10500.0,10780.0,10881.0,10839.0,163.0,3208625.0,34913718000.0,unadjusted,TSETMC
2024-01-17,1402/10/27,1402,10,27,real_estate_funds,ارزش مسکن,ص.س.املاک ومستغلات ارزش مسکن,71945594172117613,بازار فرابورس,12050.0,12050.0,11992.0,12009.0,12013.0,12019.0,507.0,528885.0,6353372283.0,unadjusted,TSETMC
2024-01-17,1402/10/27,1402,10,27,real_estate_funds,امین شهر,ص.س. املاک و مستغلات امین شهر,70814244102598215,بازار فرابورس,10229.0,10249.0,10109.0,10237.0,10237.0,10232.0,1449.0,15921101.0,162983903164.0,unadjusted,TSETMC
2024-01-17,1402/10/27,1402,10,27,real_estate_funds,دانیک,ص.س.املاک ومستغلات نیک رای,67717913151786055,بازار فرابورس,10800.0,10800.0,10610.0,10750.0,10737.0,10881.0,57.0,235182.0,2525131565.0,unadjusted,TSETMC
2024-01-20,1402/10/30,1402,10,30,real_estate_funds,ارزش مسکن,ص.س.املاک ومستغلات ارزش مسکن,71945594172117613,بازار فرابورس,12049.0,12049.0,11855.0,11900.0,11952.0,12013.0,802.0,964290.0,11525601002.0,unadjusted,TSETMC
2024-01-20,1402/10/30,1402,10,30,real_estate_funds,امین شهر,ص.س. املاک و مستغلات امین شهر,70814244102598215,بازار فرابورس,10288.0,10288.0,10150.0,10241.0,10237.0,10237.0,1839.0,16387945.0,167762550281.0,unadjusted,TSETMC
2024-01-20,1402/10/30,1402,10,30,real_estate_funds,دانیک,ص.س.املاک ومستغلات نیک رای,67717913151786055,بازار فرابورس,10750.0,10800.0,10504.0,10769.0,10716.0,10737.0,92.0,279466.0,2994732154.0,unadjusted,TSETMC
2024-01-21,1402/11/01,1402,11,1,real_estate_funds,ارزش مسکن,ص.س.املاک ومستغلات ارزش مسکن,71945594172117613,بازار فرابورس,12030.0,12030.0,11826.0,11845.0,11866.0,11952.0,733.0,648419.0,7694184255.0,unadjusted,TSETMC
2024-01-21,1402/11/01,1402,11,1,real_estate_funds,امین شهر,ص.س. املاک و مستغلات امین شهر,70814244102598215,بازار فرابورس,10241.0,10275.0,10191.0,10240.0,10238.0,10237.0,596.0,3694644.0,37824101865.0,unadjusted,TSETMC
2024-01-21,1402/11/01,1402,11,1,real_estate_funds,دانیک,ص.س.املاک ومستغلات نیک رای,67717913151786055,بازار فرابورس,10650.0,10660.0,10551.0,10639.0,10586.0,10716.0,30.0,59611.0,631062685.0,unadjusted,TSETMC
2024-01-22,1402/11/02,1402,11,2,real_estate_funds,ارزش مسکن,ص.س.املاک ومستغلات ارزش مسکن,71945594172117613,بازار فرابورس,11887.0,11889.0,11750.0,11856.0,11813.0,11866.0,1102.0,1665140.0,19670118900.0,unadjusted,TSETMC
2024-01-22,1402/11/02,1402,11,2,real_estate_funds,امین شهر,ص.س. املاک و مستغلات امین شهر,70814244102598215,بازار فرابورس,10238.0,10270.0,10112.0,10239.0,10216.0,10238.0,637.0,3079274.0,31457387617.0,unadjusted,TSETMC
2024-01-22,1402/11/02,1402,11,2,real_estate_funds,دانیک,ص.س.املاک ومستغلات نیک رای,67717913151786055,بازار فرابورس,10526.0,10800.0,10526.0,10542.0,10737.0,10586.0,42.0,601941.0,6463293552.0,unadjusted,TSETMC
2024-01-23,1402/11/03,1402,11,3,real_estate_funds,ارزش مسکن,ص.س.املاک ومستغلات ارزش مسکن,71945594172117613,بازار فرابورس,11809.0,11835.0,11662.0,11833.0,11738.0,11813.0,1094.0,1684955.0,19778102477.0,unadjusted,TSETMC
2024-01-23,1402/11/03,1402,11,3,real_estate_funds,امین شهر,ص.س. املاک و مستغلات امین شهر,70814244102598215,بازار فرابورس,10239.0,10240.0,10210.0,10240.0,10235.0,10216.0,558.0,4042221.0,41372110141.0,unadjusted,TSETMC
2024-01-23,1402/11/03,1402,11,3,real_estate_funds,دانیک,ص.س.املاک ومستغلات نیک رای,67717913151786055,بازار فرابورس,10600.0,10650.0,10450.0,10520.0,10530.0,10737.0,33.0,52585.0,553695589.0,unadjusted,TSETMC
2024-01-24,1402/11/04,1402,11,4,real_estate_funds,ارزش مسکن,ص.س.املاک ومستغلات ارزش مسکن,71945594172117613,بازار فرابورس,11843.0,11950.0,11723.0,11850.0,11815.0,11738.0,941.0,1508034.0,17816757931.0,unadjusted,TSETMC
2024-01-24,1402/11/04,1402,11,4,real_estate_funds,امین شهر,ص.س. املاک و مستغلات امین شهر,70814244102598215,بازار فرابورس,10240.0,10248.0,10235.0,10237.0,10237.0,10235.0,458.0,1486633.0,15219246875.0,unadjusted,TSETMC
2024-01-24,1402/11/04,1402,11,4,real_estate_funds,دانیک,ص.س.املاک ومستغلات نیک رای,67717913151786055,بازار فرابورس,10500.0,10580.0,10420.0,10500.0,10516.0,10530.0,39.0,140795.0,1480570264.0,unadjusted,TSETMC
2024-01-27,1402/11/07,1402,11,7,real_estate_funds,ارزش مسکن,ص.س.املاک ومستغلات ارزش مسکن,71945594172117613,بازار فرابورس,11990.0,12077.0,11785.0,12030.0,11956.0,11815.0,1636.0,2508914.0,29996153420.0,unadjusted,TSETMC
2024-01-27,1402/11/07,1402,11,7,real_estate_funds,امین شهر,ص.س. املاک و مستغلات امین شهر,70814244102598215,بازار فرابورس,10249.0,10249.0,10182.0,10237.0,10237.0,10237.0,406.0,2366344.0,24224184224.0,unadjusted,TSETMC
2024-01-27,1402/11/07,1402,11,7,real_estate_funds,دانیک,ص.س.املاک ومستغلات نیک رای,67717913151786055,بازار فرابورس,10447.0,10770.0,10430.0,10590.0,10595.0,10516.0,112.0,449257.0,4759746730.0,unadjusted,TSETMC
2024-01-28,1402/11/08,1402,11,8,real_estate_funds,ارزش مسکن,ص.س.املاک ومستغلات ارزش مسکن,71945594172117613,بازار فرابورس,12070.0,12490.0,11922.0,12480.0,12294.0,11956.0,3083.0,4957304.0,60945908326.0,unadjusted,TSETMC
2024-01-28,1402/11/08,1402,11,8,real_estate_funds,امین شهر,ص.س. املاک و مستغلات امین شهر,70814244102598215,بازار فرابورس,10242.0,10267.0,10240.0,10260.0,10247.0,10237.0,413.0,1500115.0,15372173515.0,unadjusted,TSETMC
2024-01-28,1402/11/08,1402,11,8,real_estate_funds,دانیک,ص.س.املاک ومستغلات نیک رای,67717913151786055,بازار فرابورس,10521.0,10800.0,10440.0,10795.0,10650.0,10595.0,145.0,1106794.0,11786804494.0,unadjusted,TSETMC
2024-01-29,1402/11/09,1402,11,9,real_estate_funds,ارزش مسکن,ص.س.املاک ومستغلات ارزش مسکن,71945594172117613,بازار فرابورس,12479.0,13523.0,12351.0,13523.0,13247.0,12294.0,6210.0,11451155.0,151698934550.0,unadjusted,TSETMC
2024-01-29,1402/11/09,1402,11,9,real_estate_funds,امین شهر,ص.س. املاک و مستغلات امین شهر,70814244102598215,بازار فرابورس,10245.0,10485.0,10245.0,10329.0,10318.0,10247.0,716.0,3273212.0,33773429610.0,unadjusted,TSETMC
2024-01-29,1402/11/09,1402,11,9,real_estate_funds,دانیک,ص.س.املاک ومستغلات نیک رای,67717913151786055,بازار فرابورس,10700.0,10872.0,10630.0,10769.0,10720.0,10650.0,195.0,1255223.0,13456027462.0,unadjusted,TSETMC
2024-01-30,1402/11/10,1402,11,10,real_estate_funds,ارزش مسکن,ص.س.املاک ومستغلات ارزش مسکن,71945594172117613,بازار فرابورس,13590.0,13704.0,12707.0,12750.0,13048.0,13247.0,4535.0,7361609.0,96054842731.0,unadjusted,TSETMC
2024-01-30,1402/11/10,1402,11,10,real_estate_funds,امین شهر,ص.س. املاک و مستغلات امین شهر,70814244102598215,بازار فرابورس,10400.0,10400.0,10314.0,10326.0,10320.0,10318.0,484.0,2065291.0,21314792993.0,unadjusted,TSETMC
2024-01-30,1402/11/10,1402,11,10,real_estate_funds,دانیک,ص.س.املاک ومستغلات نیک رای,67717913151786055,بازار فرابورس,10800.0,10897.0,10500.0,10700.0,10674.0,10720.0,136.0,723517.0,7722894584.0,unadjusted,TSETMC
2024-01-31,1402/11/11,1402,11,11,real_estate_funds,ارزش مسکن,ص.س.املاک ومستغلات ارزش مسکن,71945594172117613,بازار فرابورس,12849.0,12849.0,12431.0,12520.0,12569.0,13048.0,2125.0,3104534.0,39020302704.0,unadjusted,TSETMC
2024-01-31,1402/11/11,1402,11,11,real_estate_funds,امین شهر,ص.س. املاک و مستغلات امین شهر,70814244102598215,بازار فرابورس,10540.0,10540.0,10320.0,10345.0,10372.0,10320.0,644.0,2094916.0,21727907966.0,unadjusted,TSETMC
2024-01-31,1402/11/11,1402,11,11,real_estate_funds,دانیک,ص.س.املاک ومستغلات نیک رای,67717913151786055,بازار فرابورس,10790.0,10790.0,10600.0,10745.0,10715.0,10674.0,77.0,255314.0,2735577255.0,unadjusted,TSETMC
2024-02-03,1402/11/14,1402,11,14,real_estate_funds,ارزش مسکن,ص.س.املاک ومستغلات ارزش مسکن,71945594172117613,بازار فرابورس,12400.0,13000.0,12400.0,12810.0,12852.0,12569.0,2100.0,2972920.0,38206627506.0,unadjusted,TSETMC
2024-02-03,1402/11/14,1402,11,14,real_estate_funds,امین شهر,ص.س. املاک و مستغلات امین شهر,70814244102598215,بازار فرابورس,10383.0,10494.0,10375.0,10425.0,10443.0,10372.0,646.0,2169449.0,22656231144.0,unadjusted,TSETMC
2024-02-03,1402/11/14,1402,11,14,real_estate_funds,دانیک,ص.س.املاک ومستغلات نیک رای,67717913151786055,بازار فرابورس,10746.0,10800.0,10702.0,10740.0,10731.0,10715.0,48.0,96779.0,1038493157.0,unadjusted,TSETMC
2024-02-04,1402/11/15,1402,11,15,real_estate_funds,ارزش مسکن,ص.س.املاک ومستغلات ارزش مسکن,71945594172117613,بازار فرابورس,12900.0,12900.0,12412.0,12616.0,12551.0,12852.0,1723.0,2184702.0,27419543624.0,unadjusted,TSETMC
2024-02-04,1402/11/15,1402,11,15,real_estate_funds,امین شهر,ص.س. املاک و مستغلات امین شهر,70814244102598215,بازار فرابورس,10449.0,10520.0,10449.0,10500.0,10500.0,10443.0,1188.0,10488334.0,110132502837.0,unadjusted,TSETMC
2024-02-04,1402/11/15,1402,11,15,real_estate_funds,دانیک,ص.س.املاک ومستغلات نیک رای,67717913151786055,بازار فرابورس,10750.0,10797.0,10670.0,10764.0,10745.0,10731.0,31.0,134665.0,1447011692.0,unadjusted,TSETMC
2024-02-05,1402/11/16,1402,11,16,real_estate_funds,ارزش مسکن,ص.س.املاک ومستغلات ارزش مسکن,71945594172117613,بازار فرابورس,12565.0,12627.0,12380.0,12510.0,12493.0,12551.0,913.0,1206143.0,15067986411.0,unadjusted,TSETMC
2024-02-05,1402/11/16,1402,11,16,real_estate_funds,امین شهر,ص.س. املاک و مستغلات امین شهر,70814244102598215,بازار فرابورس,10519.0,10599.0,10519.0,10550.0,10551.0,10500.0,1508.0,18293243.0,193003779768.0,unadjusted,TSETMC
2024-02-05,1402/11/16,1402,11,16,real_estate_funds,دانیک,ص.س.املاک ومستغلات نیک رای,67717913151786055,بازار فرابورس,10701.0,10789.0,10631.0,10734.0,10712.0,10745.0,112.0,758583.0,8126078011.0,unadjusted,TSETMC
2024-02-06,1402/11/17,1402,11,17,real_estate_funds,ارزش مسکن,ص.س.املاک ومستغلات ارزش مسکن,71945594172117613,بازار فرابورس,12545.0,12545.0,12261.0,12322.0,12333.0,12493.0,1100.0,1465713.0,18076903759.0,unadjusted,TSETMC
2024-02-06,1402/11/17,1402,11,17,real_estate_funds,امین شهر,ص.س. املاک و مستغلات امین شهر,70814244102598215,بازار فرابورس,10589.0,10589.0,10300.0,10560.0,10551.0,10551.0,823.0,10655551.0,112424739021.0,unadjusted,TSETMC
2024-02-06,1402/11/17,1402,11,17,real_estate_funds,دانیک,ص.س.املاک ومستغلات نیک رای,67717913151786055,بازار فرابورس,10750.0,10750.0,10600.0,10729.0,10684.0,10712.0,66.0,251430.0,2686325450.0,unadjusted,TSETMC
2024-02-07,1402/11/18,1402,11,18,real_estate_funds,ارزش مسکن,ص.س.املاک ومستغلات ارزش مسکن,71945594172117613,بازار فرابورس,12441.0,12916.0,12202.0,12721.0,12638.0,12333.0,1828.0,2301072.0,29080136270.0,unadjusted,TSETMC
2024-02-07,1402/11/18,1402,11,18,real_estate_funds,امین شهر,ص.س. املاک و مستغلات امین شهر,70814244102598215,بازار فرابورس,10595.0,10595.0,10548.0,10555.0,10552.0,10551.0,713.0,3833341.0,40448826911.0,unadjusted,TSETMC
2024-02-07,1402/11/18,1402,11,18,real_estate_funds,دانیک,ص.س.املاک ومستغلات نیک رای,67717913151786055,بازار فرابورس,10736.0,10736.0,10611.0,10700.0,10644.0,10684.0,43.0,109270.0,1163093356.0,unadjusted,TSETMC
2024-02-10,1402/11/21,1402,11,21,real_estate_funds,ارزش مسکن,ص.س.املاک ومستغلات ارزش مسکن,71945594172117613,بازار فرابورس,12760.0,13334.0,12623.0,13088.0,13080.0,12638.0,2831.0,4387556.0,57388889954.0,unadjusted,TSETMC
2024-02-10,1402/11/21,1402,11,21,real_estate_funds,امین شهر,ص.س. املاک و مستغلات امین شهر,70814244102598215,بازار فرابورس,10553.0,10555.0,10551.0,10553.0,10552.0,10552.0,519.0,3262709.0,34428873091.0,unadjusted,TSETMC
2024-02-10,1402/11/21,1402,11,21,real_estate_funds,دانیک,ص.س.املاک ومستغلات نیک رای,67717913151786055,بازار فرابورس,10650.0,10709.0,10603.0,10679.0,10634.0,10644.0,33.0,81359.0,865186938.0,unadjusted,TSETMC
2024-02-12,1402/11/23,1402,11,23,real_estate_funds,ارزش مسکن,ص.س.املاک ومستغلات ارزش مسکن,71945594172117613,بازار فرابورس,13111.0,13487.0,12803.0,13316.0,13233.0,13080.0,3065.0,4280585.0,56643682142.0,unadjusted,TSETMC
2024-02-12,1402/11/23,1402,11,23,real_estate_funds,امین شهر,ص.س. املاک و مستغلات امین شهر,70814244102598215,بازار فرابورس,10555.0,10555.0,10550.0,10552.0,10552.0,10552.0,508.0,3053309.0,32218348523.0,unadjusted,TSETMC
2024-02-12,1402/11/23,1402,11,23,real_estate_funds,دانیک,ص.س.املاک ومستغلات نیک رای,67717913151786055,بازار فرابورس,10678.0,10678.0,10601.0,10601.0,10630.0,10634.0,38.0,106206.0,1128995828.0,unadjusted,TSETMC
2024-02-13,1402/11/24,1402,11,24,real_estate_funds,ارزش مسکن,ص.س.املاک ومستغلات ارزش مسکن,71945594172117613,بازار فرابورس,13321.0,13700.0,12989.0,13000.0,13298.0,13233.0,2694.0,3816947.0,50757523332.0,unadjusted,TSETMC
2024-02-13,1402/11/24,1402,11,24,real_estate_funds,امین شهر,ص.س. املاک و مستغلات امین شهر,70814244102598215,بازار فرابورس,10559.0,10571.0,10500.0,10552.0,10552.0,10552.0,385.0,3484519.0,36768591047.0,unadjusted,TSETMC
2024-02-13,1402/11/24,1402,11,24,real_estate_funds,دانیک,ص.س.املاک ومستغلات نیک رای,67717913151786055,بازار فرابورس,10650.0,10690.0,10500.0,10599.0,10562.0,10630.0,76.0,447605.0,4727694670.0,unadjusted,TSETMC
2024-02-14,1402/11/25,1402,11,25,real_estate_funds,ارزش مسکن,ص.س.املاک ومستغلات ارزش مسکن,71945594172117613,بازار فرابورس,13010.0,13049.0,12825.0,12915.0,12915.0,13298.0,1901.0,2181809.0,28178178244.0,unadjusted,TSETMC
2024-02-14,1402/11/25,1402,11,25,real_estate_funds,امین شهر,ص.س. املاک و مستغلات امین شهر,70814244102598215,بازار فرابورس,10552.0,10573.0,10550.0,10553.0,10552.0,10552.0,373.0,1681891.0,17747356385.0,unadjusted,TSETMC
2024-02-14,1402/11/25,1402,11,25,real_estate_funds,دانیک,ص.س.املاک ومستغلات نیک رای,67717913151786055,بازار فرابورس,10530.0,10599.0,10530.0,10560.0,10566.0,10562.0,20.0,64219.0,678557630.0,unadjusted,TSETMC
2024-02-17,1402/11/28,1402,11,28,real_estate_funds,ارزش مسکن,ص.س.املاک ومستغلات ارزش مسکن,71945594172117613,بازار فرابورس,12885.0,13448.0,12656.0,12965.0,13071.0,12915.0,2832.0,3644894.0,47642334521.0,unadjusted,TSETMC
2024-02-17,1402/11/28,1402,11,28,real_estate_funds,امین شهر,ص.س. املاک و مستغلات امین شهر,70814244102598215,بازار فرابورس,10552.0,10557.0,10551.0,10553.0,10552.0,10552.0,333.0,2237601.0,23611391970.0,unadjusted,TSETMC
2024-02-17,1402/11/28,1402,11,28,real_estate_funds,دانیک,ص.س.املاک ومستغلات نیک رای,67717913151786055,بازار فرابورس,10580.0,10589.0,10411.0,10487.0,10487.0,10566.0,44.0,140952.0,1478159834.0,unadjusted,TSETMC
2024-02-18,1402/11/29,1402,11,29,real_estate_funds,ارزش مسکن,ص.س.املاک ومستغلات ارزش مسکن,71945594172117613,بازار فرابورس,12956.0,13181.0,12720.0,12980.0,12971.0,13071.0,2634.0,3248251.0,42134570054.0,unadjusted,TSETMC
2024-02-18,1402/11/29,1402,11,29,real_estate_funds,امین شهر,ص.س. املاک و مستغلات امین شهر,70814244102598215,بازار فرابورس,10559.0,10559.0,10551.0,10553.0,10552.0,10552.0,273.0,1824350.0,19250537991.0,unadjusted,TSETMC
2024-02-18,1402/11/29,1402,11,29,real_estate_funds,دانیک,ص.س.املاک ومستغلات نیک رای,67717913151786055,بازار فرابورس,10578.0,10578.0,10391.0,10412.0,10431.0,10487.0,87.0,485101.0,5060300732.0,unadjusted,TSETMC
2024-02-19,1402/11/30,1402,11,30,real_estate_funds,ارزش مسکن,ص.س.املاک ومستغلات ارزش مسکن,71945594172117613,بازار فرابورس,13102.0,13390.0,13097.0,13155.0,13192.0,12971.0,1892.0,2776143.0,36623926900.0,unadjusted,TSETMC
2024-02-19,1402/11/30,1402,11,30,real_estate_funds,امین شهر,ص.س. املاک و مستغلات امین شهر,70814244102598215,بازار فرابورس,10552.0,10556.0,10550.0,10552.0,10552.0,10552.0,304.0,3085305.0,32555870053.0,unadjusted,TSETMC
2024-02-19,1402/11/30,1402,11,30,real_estate_funds,دانیک,ص.س.املاک ومستغلات نیک رای,67717913151786055,بازار فرابورس,10510.0,10589.0,10359.0,10470.0,10420.0,10431.0,176.0,1694662.0,17658777652.0,unadjusted,TSETMC
2024-02-20,1402/12/01,1402,12,1,real_estate_funds,ارزش مسکن,ص.س.املاک ومستغلات ارزش مسکن,71945594172117613,بازار فرابورس,13085.0,13230.0,13020.0,13030.0,13104.0,13192.0,1396.0,2072952.0,27163213822.0,unadjusted,TSETMC
2024-02-20,1402/12/01,1402,12,1,real_estate_funds,امین شهر,ص.س. املاک و مستغلات امین شهر,70814244102598215,بازار فرابورس,10552.0,10557.0,10552.0,10556.0,10553.0,10552.0,251.0,558026.0,5888836647.0,unadjusted,TSETMC
2024-02-20,1402/12/01,1402,12,1,real_estate_funds,دانیک,ص.س.املاک ومستغلات نیک رای,67717913151786055,بازار فرابورس,10490.0,10490.0,10419.0,10419.0,10486.0,10420.0,6.0,14260.0,149526766.0,unadjusted,TSETMC
2024-02-21,1402/12/02,1402,12,2,real_estate_funds,ارزش مسکن,ص.س.املاک ومستغلات ارزش مسکن,71945594172117613,بازار فرابورس,13000.0,13157.0,12851.0,12960.0,12958.0,13104.0,1370.0,1728648.0,22400109554.0,unadjusted,TSETMC
2024-02-21,1402/12/02,1402,12,2,real_estate_funds,امین شهر,ص.س. املاک و مستغلات امین شهر,70814244102598215,بازار فرابورس,10556.0,10557.0,10553.0,10554.0,10553.0,10553.0,231.0,707618.0,7467642416.0,unadjusted,TSETMC
2024-02-21,1402/12/02,1402,12,2,real_estate_funds,دانیک,ص.س.املاک ومستغلات نیک رای,67717913151786055,بازار فرابورس,10484.0,10484.0,10425.0,10449.0,10456.0,10486.0,22.0,21522.0,225028437.0,unadjusted,TSETMC
2024-02-24,1402/12/05,1402,12,5,real_estate_funds,ارزش مسکن,ص.س.املاک ومستغلات ارزش مسکن,71945594172117613,بازار فرابورس,12800.0,12977.0,12680.0,12783.0,12778.0,12958.0,1451.0,1714076.0,21903234533.0,unadjusted,TSETMC
2024-02-24,1402/12/05,1402,12,5,real_estate_funds,امین شهر,ص.س. املاک و مستغلات امین شهر,70814244102598215,بازار فرابورس,10559.0,10562.0,10553.0,10558.0,10556.0,10553.0,274.0,625969.0,6607997021.0,unadjusted,TSETMC
2024-02-24,1402/12/05,1402,12,5,real_estate_funds,دانیک,ص.س.املاک ومستغلات نیک رای,67717913151786055,بازار فرابورس,10495.0,10495.0,10401.0,10467.0,10442.0,10456.0,38.0,46682.0,487439095.0,unadjusted,TSETMC
2024-02-26,1402/12/07,1402,12,7,real_estate_funds,ارزش مسکن,ص.س.املاک ومستغلات ارزش مسکن,71945594172117613,بازار فرابورس,12990.0,12990.0,12643.0,12730.0,12788.0,12778.0,1038.0,1091737.0,13960924141.0,unadjusted,TSETMC
2024-02-26,1402/12/07,1402,12,7,real_estate_funds,امین شهر,ص.س. املاک و مستغلات امین شهر,70814244102598215,بازار فرابورس,10570.0,10599.0,10557.0,10589.0,10572.0,10556.0,236.0,999647.0,10568493850.0,unadjusted,TSETMC
2024-02-26,1402/12/07,1402,12,7,real_estate_funds,دانیک,ص.س.املاک ومستغلات نیک رای,67717913151786055,بازار فرابورس,10499.0,10499.0,10400.0,10437.0,10424.0,10442.0,50.0,64500.0,672350081.0,unadjusted,TSETMC
2024-02-27,1402/12/08,1402,12,8,real_estate_funds,ارزش مسکن,ص.س.املاک ومستغلات ارزش مسکن,71945594172117613,بازار فرابورس,12840.0,13445.0,12735.0,13114.0,13212.0,12788.0,2903.0,3888369.0,51372082259.0,unadjusted,TSETMC
2024-02-27,1402/12/08,1402,12,8,real_estate_funds,امین شهر,ص.س. املاک و مستغلات امین شهر,70814244102598215,بازار فرابورس,10600.0,10618.0,10576.0,10584.0,10582.0,10572.0,240.0,1030074.0,10899749708.0,unadjusted,TSETMC
2024-02-27,1402/12/08,1402,12,8,real_estate_funds,دانیک,ص.س.املاک ومستغلات نیک رای,67717913151786055,بازار فرابورس,10499.0,10499.0,10300.0,10409.0,10375.0,10424.0,57.0,57293.0,594437972.0,unadjusted,TSETMC
2024-02-28,1402/12/09,1402,12,9,real_estate_funds,ارزش مسکن,ص.س.املاک ومستغلات ارزش مسکن,71945594172117613,بازار فرابورس,13066.0,13330.0,13066.0,13111.0,13185.0,13212.0,1307.0,1367814.0,18034592940.0,unadjusted,TSETMC
2024-02-28,1402/12/09,1402,12,9,real_estate_funds,امین شهر,ص.س. املاک و مستغلات امین شهر,70814244102598215,بازار فرابورس,10584.0,10595.0,10582.0,10582.0,10583.0,10582.0,245.0,1042667.0,11034289311.0,unadjusted,TSETMC
2024-02-28,1402/12/09,1402,12,9,real_estate_funds,دانیک,ص.س.املاک ومستغلات نیک رای,67717913151786055,بازار فرابورس,10460.0,10690.0,10350.0,10400.0,10479.0,10375.0,63.0,172424.0,1806866794.0,unadjusted,TSETMC
2024-03-02,1402/12/12,1402,12,12,real_estate_funds,ارزش مسکن,ص.س.املاک ومستغلات ارزش مسکن,71945594172117613,بازار فرابورس,13199.0,13889.0,13070.0,13352.0,13486.0,13185.0,2974.0,4861464.0,65559867854.0,unadjusted,TSETMC
2024-03-02,1402/12/12,1402,12,12,real_estate_funds,امین شهر,ص.س. املاک و مستغلات امین شهر,70814244102598215,بازار فرابورس,10583.0,10593.0,10582.0,10583.0,10583.0,10583.0,421.0,2603711.0,27556161416.0,unadjusted,TSETMC
2024-03-02,1402/12/12,1402,12,12,real_estate_funds,دانیک,ص.س.املاک ومستغلات نیک رای,67717913151786055,بازار فرابورس,10685.0,10685.0,10400.0,10550.0,10495.0,10479.0,76.0,124142.0,1302843706.0,unadjusted,TSETMC
2024-03-03,1402/12/13,1402,12,13,real_estate_funds,ارزش مسکن,ص.س.املاک ومستغلات ارزش مسکن,71945594172117613,بازار فرابورس,13484.0,13997.0,13220.0,13355.0,13690.0,13486.0,3478.0,5303178.0,72601826269.0,unadjusted,TSETMC
2024-03-03,1402/12/13,1402,12,13,real_estate_funds,امین شهر,ص.س. املاک و مستغلات امین شهر,70814244102598215,بازار فرابورس,10583.0,10614.0,10581.0,10583.0,10583.0,10583.0,341.0,2482748.0,26274917017.0,unadjusted,TSETMC
2024-03-03,1402/12/13,1402,12,13,real_estate_funds,دانیک,ص.س.املاک ومستغلات نیک رای,67717913151786055,بازار فرابورس,10600.0,10600.0,10350.0,10413.0,10479.0,10495.0,107.0,201910.0,2115851731.0,unadjusted,TSETMC
2024-03-04,1402/12/14,1402,12,14,real_estate_funds,ارزش مسکن,ص.س.املاک ومستغلات ارزش مسکن,71945594172117613,بازار فرابورس,13367.0,13485.0,13170.0,13207.0,13309.0,13690.0,1408.0,1618126.0,21535793508.0,unadjusted,TSETMC
2024-03-04,1402/12/14,1402,12,14,real_estate_funds,امین شهر,ص.س. املاک و مستغلات امین شهر,70814244102598215,بازار فرابورس,10583.0,10584.0,10583.0,10584.0,10583.0,10583.0,183.0,721540.0,7636167615.0,unadjusted,TSETMC
2024-03-04,1402/12/14,1402,12,14,real_estate_funds,دانیک,ص.س.املاک ومستغلات نیک رای,67717913151786055,بازار فرابورس,10450.0,10479.0,10380.0,10419.0,10394.0,10479.0,67.0,151480.0,1574473364.0,unadjusted,TSETMC
2024-03-05,1402/12/15,1402,12,15,real_estate_funds,ارزش مسکن,ص.س.املاک ومستغلات ارزش مسکن,71945594172117613,بازار فرابورس,13215.0,13490.0,13207.0,13239.0,13333.0,13309.0,1510.0,1934524.0,25792980989.0,unadjusted,TSETMC
2024-03-05,1402/12/15,1402,12,15,real_estate_funds,امین شهر,ص.س. املاک و مستغلات امین شهر,70814244102598215,بازار فرابورس,10583.0,10610.0,10582.0,10584.0,10583.0,10583.0,234.0,1412446.0,14948144623.0,unadjusted,TSETMC
2024-03-05,1402/12/15,1402,12,15,real_estate_funds,دانیک,ص.س.املاک ومستغلات نیک رای,67717913151786055,بازار فرابورس,10449.0,10597.0,10404.0,10570.0,10452.0,10394.0,43.0,87148.0,910903151.0,unadjusted,TSETMC
2024-03-06,1402/12/16,1402,12,16,real_estate_funds,ارزش مسکن,ص.س.املاک ومستغلات ارزش مسکن,71945594172117613,بازار فرابورس,13241.0,13440.0,13190.0,13313.0,13282.0,13333.0,945.0,994532.0,13209730741.0,unadjusted,TSETMC
2024-03-06,1402/12/16,1402,12,16,real_estate_funds,امین شهر,ص.س. املاک و مستغلات امین شهر,70814244102598215,بازار فرابورس,10583.0,10589.0,10583.0,10583.0,10583.0,10583.0,138.0,982352.0,10396379001.0,unadjusted,TSETMC
2024-03-06,1402/12/16,1402,12,16,real_estate_funds,دانیک,ص.س.املاک ومستغلات نیک رای,67717913151786055,بازار فرابورس,10499.0,10500.0,10410.0,10466.0,10428.0,10452.0,32.0,26986.0,281398402.0,unadjusted,TSETMC
2024-03-10,1402/12/20,1402,12,20,real_estate_funds,ارزش مسکن,ص.س.املاک ومستغلات ارزش مسکن,71945594172117613,بازار فرابورس,13313.0,13313.0,13099.0,13106.0,13173.0,13282.0,371.0,449164.0,5916695968.0,unadjusted,TSETMC
2024-03-10,1402/12/20,1402,12,20,real_estate_funds,امین شهر,ص.س. املاک و مستغلات امین شهر,70814244102598215,بازار فرابورس,10583.0,10588.0,10581.0,10581.0,10583.0,10583.0,49.0,292769.0,3098295793.0,unadjusted,TSETMC
2024-03-10,1402/12/20,1402,12,20,real_estate_funds,دانیک,ص.س.املاک ومستغلات نیک رای,67717913151786055,بازار فرابورس,10576.0,10576.0,10301.0,10450.0,10391.0,10428.0,9.0,21637.0,224833742.0,unadjusted,TSETMC
2024-03-11,1402/12/21,1402,12,21,real_estate_funds,ارزش مسکن,ص.س.املاک ومستغلات ارزش مسکن,71945594172117613,بازار فرابورس,13120.0,13199.0,12980.0,13056.0,13024.0,13173.0,1136.0,1287310.0,16765375906.0,unadjusted,TSETMC
2024-03-11,1402/12/21,1402,12,21,real_estate_funds,امین شهر,ص.س. املاک و مستغلات امین شهر,70814244102598215,بازار فرابورس,10583.0,10584.0,10581.0,10583.0,10583.0,10583.0,205.0,1424955.0,15080201929.0,unadjusted,TSETMC
2024-03-11,1402/12/21,1402,12,21,real_estate_funds,دانیک,ص.س.املاک ومستغلات نیک رای,67717913151786055,بازار فرابورس,10400.0,10498.0,10000.0,10250.0,10247.0,10391.0,131.0,282335.0,2893026786.0,unadjusted,TSETMC
2024-03-12,1402/12/22,1402,12,22,real_estate_funds,ارزش مسکن,ص.س.املاک ومستغلات ارزش مسکن,71945594172117613,بازار فرابورس,13100.0,13143.0,12900.0,12920.0,12955.0,13024.0,822.0,897007.0,11620941671.0,unadjusted,TSETMC
2024-03-12,1402/12/22,1402,12,22,real_estate_funds,امین شهر,ص.س. املاک و مستغلات امین شهر,70814244102598215,بازار فرابورس,10583.0,10595.0,10582.0,10582.0,10583.0,10583.0,157.0,1073841.0,11364653085.0,unadjusted,TSETMC
2024-03-12,1402/12/22,1402,12,22,real_estate_funds,دانیک,ص.س.املاک ومستغلات نیک رای,67717913151786055,بازار فرابورس,10257.0,10257.0,10152.0,10163.0,10185.0,10247.0,98.0,137192.0,1397235274.0,unadjusted,TSETMC
2024-03-13,1402/12/23,1402,12,23,real_estate_funds,ارزش مسکن,ص.س.املاک ومستغلات ارزش مسکن,71945594172117613,بازار فرابورس,12904.0,12995.0,12581.0,12604.0,12742.0,12955.0,1289.0,1418049.0,18069469585.0,unadjusted,TSETMC
2024-03-13,1402/12/23,1402,12,23,real_estate_funds,امین شهر,ص.س. املاک و مستغلات امین شهر,70814244102598215,بازار فرابورس,10583.0,10620.0,10581.0,10583.0,10584.0,10583.0,157.0,1078748.0,11417682655.0,unadjusted,TSETMC
2024-03-13,1402/12/23,1402,12,23,real_estate_funds,دانیک,ص.س.املاک ومستغلات نیک رای,67717913151786055,بازار فرابورس,10190.0,10199.0,10100.0,10100.0,10118.0,10185.0,68.0,122931.0,1243765745.0,unadjusted,TSETMC
2024-03-16,1402/12/26,1402,12,26,real_estate_funds,ارزش مسکن,ص.س.املاک ومستغلات ارزش مسکن,71945594172117613,بازار فرابورس,12570.0,12730.0,12460.0,12543.0,12560.0,12742.0,933.0,1051031.0,13200556500.0,unadjusted,TSETMC
2024-03-16,1402/12/26,1402,12,26,real_estate_funds,امین شهر,ص.س. املاک و مستغلات امین شهر,70814244102598215,بازار فرابورس,10584.0,10586.0,10584.0,10584.0,10584.0,10584.0,138.0,600506.0,6355892621.0,unadjusted,TSETMC
2024-03-16,1402/12/26,1402,12,26,real_estate_funds,دانیک,ص.س.املاک ومستغلات نیک رای,67717913151786055,بازار فرابورس,10189.0,10189.0,10100.0,10101.0,10118.0,10118.0,50.0,155461.0,1572923397.0,unadjusted,TSETMC
2024-03-17,1402/12/27,1402,12,27,real_estate_funds,ارزش مسکن,ص.س.املاک ومستغلات ارزش مسکن,71945594172117613,بازار فرابورس,12597.0,12665.0,12550.0,12565.0,12591.0,12560.0,802.0,864938.0,10890443056.0,unadjusted,TSETMC
2024-03-17,1402/12/27,1402,12,27,real_estate_funds,امین شهر,ص.س. املاک و مستغلات امین شهر,70814244102598215,بازار فرابورس,10584.0,10619.0,10584.0,10619.0,10586.0,10584.0,109.0,464100.0,4912872808.0,unadjusted,TSETMC
2024-03-17,1402/12/27,1402,12,27,real_estate_funds,دانیک,ص.س.املاک ومستغلات نیک رای,67717913151786055,بازار فرابورس,10178.0,10199.0,10157.0,10197.0,10162.0,10118.0,27.0,82642.0,839821182.0,unadjusted,TSETMC
2024-03-18,1402/12/28,1402,12,28,real_estate_funds,ارزش مسکن,ص.س.املاک ومستغلات ارزش مسکن,71945594172117613,بازار فرابورس,12552.0,12980.0,12552.0,12881.0,12826.0,12591.0,1079.0,1433589.0,18386537424.0,unadjusted,TSETMC
2024-03-18,1402/12/28,1402,12,28,real_estate_funds,امین شهر,ص.س. املاک و مستغلات امین شهر,70814244102598215,بازار فرابورس,10620.0,10690.0,10606.0,10620.0,10620.0,10586.0,118.0,134850.0,1432053415.0,unadjusted,TSETMC
2024-03-18,1402/12/28,1402,12,28,real_estate_funds,دانیک,ص.س.املاک ومستغلات نیک رای,67717913151786055,بازار فرابورس,10199.0,10479.0,10199.0,10273.0,10277.0,10162.0,47.0,151971.0,1561739377.0,unadjusted,TSETMC
2024-03-24,1403/01/05,1403,1,5,real_estate_funds,ارزش مسکن,ص.س.املاک ومستغلات ارزش مسکن,71945594172117613,بازار فرابورس,13096.0,14105.0,12931.0,13720.0,13719.0,12826.0,4058.0,6370749.0,87401325650.0,unadjusted,TSETMC
2024-03-24,1403/01/05,1403,1,5,real_estate_funds,امین شهر,ص.س. املاک و مستغلات امین شهر,70814244102598215,بازار فرابورس,10621.0,10726.0,10620.0,10649.0,10632.0,10620.0,270.0,976391.0,10381301903.0,unadjusted,TSETMC
2024-03-24,1403/01/05,1403,1,5,real_estate_funds,دانیک,ص.س.املاک ومستغلات نیک رای,67717913151786055,بازار فرابورس,10300.0,10600.0,10300.0,10540.0,10508.0,10277.0,171.0,436267.0,4584449296.0,unadjusted,TSETMC
2024-03-25,1403/01/06,1403,1,6,real_estate_funds,ارزش مسکن,ص.س.املاک ومستغلات ارزش مسکن,71945594172117613,بازار فرابورس,13742.0,14441.0,13550.0,13553.0,13844.0,13719.0,2742.0,3828512.0,53002363017.0,unadjusted,TSETMC
2024-03-25,1403/01/06,1403,1,6,real_estate_funds,امین شهر,ص.س. املاک و مستغلات امین شهر,70814244102598215,بازار فرابورس,10669.0,10738.0,10632.0,10666.0,10661.0,10632.0,282.0,1669337.0,17797204744.0,unadjusted,TSETMC
2024-03-25,1403/01/06,1403,1,6,real_estate_funds,دانیک,ص.س.املاک ومستغلات نیک رای,67717913151786055,بازار فرابورس,10550.0,10650.0,10450.0,10600.0,10607.0,10508.0,148.0,322187.0,3417410572.0,unadjusted,TSETMC
2024-03-26,1403/01/07,1403,1,7,real_estate_funds,ارزش مسکن,ص.س.املاک ومستغلات ارزش مسکن,71945594172117613,بازار فرابورس,13507.0,13677.0,13400.0,13448.0,13475.0,13844.0,1431.0,1726687.0,23267767330.0,unadjusted,TSETMC
2024-03-26,1403/01/07,1403,1,7,real_estate_funds,امین شهر,ص.س. املاک و مستغلات امین شهر,70814244102598215,بازار فرابورس,10700.0,10737.0,10669.0,10693.0,10692.0,10661.0,321.0,1453374.0,15539172953.0,unadjusted,TSETMC
2024-03-26,1403/01/07,1403,1,7,real_estate_funds,دانیک,ص.س.املاک ومستغلات نیک رای,67717913151786055,بازار فرابورس,10617.0,10617.0,10351.0,10416.0,10418.0,10607.0,122.0,158771.0,1654149987.0,unadjusted,TSETMC
2024-03-27,1403/01/08,1403,1,8,real_estate_funds,ارزش مسکن,ص.س.املاک ومستغلات ارزش مسکن,71945594172117613,بازار فرابورس,13500.0,13850.0,13448.0,13630.0,13574.0,13475.0,1376.0,1789643.0,24292914294.0,unadjusted,TSETMC
2024-03-27,1403/01/08,1403,1,8,real_estate_funds,امین شهر,ص.س. املاک و مستغلات امین شهر,70814244102598215,بازار فرابورس,10749.0,10749.0,10690.0,10699.0,10692.0,10692.0,227.0,2409708.0,25765196215.0,unadjusted,TSETMC
2024-03-27,1403/01/08,1403,1,8,real_estate_funds,دانیک,ص.س.املاک ومستغلات نیک رای,67717913151786055,بازار فرابورس,10449.0,10449.0,10353.0,10386.0,10415.0,10418.0,36.0,41541.0,432669675.0,unadjusted,TSETMC
2024-03-30,1403/01/11,1403,1,11,real_estate_funds,ارزش مسکن,ص.س.املاک ومستغلات ارزش مسکن,71945594172117613,بازار فرابورس,13575.0,13930.0,13476.0,13800.0,13692.0,13574.0,1529.0,1868639.0,25585154350.0,unadjusted,TSETMC
2024-03-30,1403/01/11,1403,1,11,real_estate_funds,امین شهر,ص.س. املاک و مستغلات امین شهر,70814244102598215,بازار فرابورس,10693.0,10712.0,10692.0,10695.0,10694.0,10692.0,158.0,670081.0,7165626053.0,unadjusted,TSETMC
2024-03-30,1403/01/11,1403,1,11,real_estate_funds,دانیک,ص.س.املاک ومستغلات نیک رای,67717913151786055,بازار فرابورس,10457.0,10458.0,10401.0,10443.0,10425.0,10415.0,34.0,13588.0,141660975.0,unadjusted,TSETMC
2024-04-02,1403/01/14,1403,1,14,real_estate_funds,ارزش مسکن,ص.س.املاک ومستغلات ارزش مسکن,71945594172117613,بازار فرابورس,13758.0,13758.0,13180.0,13508.0,13458.0,13692.0,1292.0,1527986.0,20562991905.0,unadjusted,TSETMC
2024-04-02,1403/01/14,1403,1,14,real_estate_funds,امین شهر,ص.س. املاک و مستغلات امین شهر,70814244102598215,بازار فرابورس,10729.0,10729.0,10693.0,10698.0,10695.0,10694.0,223.0,1280294.0,13692332427.0,unadjusted,TSETMC
2024-04-02,1403/01/14,1403,1,14,real_estate_funds,دانیک,ص.س.املاک ومستغلات نیک رای,67717913151786055,بازار فرابورس,10400.0,10450.0,10378.0,10418.0,10413.0,10425.0,44.0,39609.0,412460674.0,unadjusted,TSETMC
2024-04-03,1403/01/15,1403,1,15,real_estate_funds,ارزش مسکن,ص.س.املاک ومستغلات ارزش مسکن,71945594172117613,بازار فرابورس,13540.0,13900.0,13300.0,13625.0,13582.0,13458.0,1774.0,1718432.0,23339877401.0,unadjusted,TSETMC
2024-04-03,1403/01/15,1403,1,15,real_estate_funds,امین شهر,ص.س. املاک و مستغلات امین شهر,70814244102598215,بازار فرابورس,10699.0,10732.0,10694.0,10699.0,10696.0,10695.0,196.0,1231913.0,13176243189.0,unadjusted,TSETMC
2024-04-03,1403/01/15,1403,1,15,real_estate_funds,دانیک,ص.س.املاک ومستغلات نیک رای,67717913151786055,بازار فرابورس,10446.0,10447.0,10377.0,10398.0,10401.0,10413.0,55.0,43938.0,456987230.0,unadjusted,TSETMC
2024-04-06,1403/01/18,1403,1,18,real_estate_funds,ارزش مسکن,ص.س.املاک ومستغلات ارزش مسکن,71945594172117613,بازار فرابورس,13620.0,13646.0,13340.0,13576.0,13543.0,13582.0,1417.0,1780709.0,24115647515.0,unadjusted,TSETMC
2024-04-06,1403/01/18,1403,1,18,real_estate_funds,امین شهر,ص.س. املاک و مستغلات امین شهر,70814244102598215,بازار فرابورس,10697.0,10709.0,10696.0,10709.0,10697.0,10696.0,178.0,677020.0,7241887695.0,unadjusted,TSETMC
2024-04-06,1403/01/18,1403,1,18,real_estate_funds,دانیک,ص.س.املاک ومستغلات نیک رای,67717913151786055,بازار فرابورس,10439.0,10439.0,10300.0,10305.0,10351.0,10401.0,38.0,79250.0,820299860.0,unadjusted,TSETMC
2024-04-07,1403/01/19,1403,1,19,real_estate_funds,ارزش مسکن,ص.س.املاک ومستغلات ارزش مسکن,71945594172117613,بازار فرابورس,13577.0,13800.0,13577.0,13768.0,13736.0,13543.0,950.0,1248341.0,17146979966.0,unadjusted,TSETMC
2024-04-07,1403/01/19,1403,1,19,real_estate_funds,امین شهر,ص.س. املاک و مستغلات امین شهر,70814244102598215,بازار فرابورس,10700.0,10729.0,10697.0,10698.0,10698.0,10697.0,112.0,462418.0,4946812552.0,unadjusted,TSETMC
2024-04-07,1403/01/19,1403,1,19,real_estate_funds,دانیک,ص.س.املاک ومستغلات نیک رای,67717913151786055,بازار فرابورس,10350.0,10350.0,10253.0,10328.0,10302.0,10351.0,67.0,90957.0,937045396.0,unadjusted,TSETMC
2024-04-08,1403/01/20,1403,1,20,real_estate_funds,ارزش مسکن,ص.س.املاک ومستغلات ارزش مسکن,71945594172117613,بازار فرابورس,13789.0,14076.0,13789.0,13877.0,13906.0,13736.0,931.0,1254667.0,17447523436.0,unadjusted,TSETMC
2024-04-08,1403/01/20,1403,1,20,real_estate_funds,امین شهر,ص.س. املاک و مستغلات امین شهر,70814244102598215,بازار فرابورس,10730.0,10730.0,10697.0,10698.0,10700.0,10698.0,117.0,404265.0,4325456997.0,unadjusted,TSETMC
2024-04-08,1403/01/20,1403,1,20,real_estate_funds,دانیک,ص.س.املاک ومستغلات نیک رای,67717913151786055,بازار فرابورس,10342.0,10345.0,10256.0,10300.0,10310.0,10302.0,39.0,77969.0,803883465.0,unadjusted,TSETMC
2024-04-09,1403/01/21,1403,1,21,real_estate_funds,ارزش مسکن,ص.س.املاک ومستغلات ارزش مسکن,71945594172117613,بازار فرابورس,13908.0,13910.0,13771.0,13771.0,13806.0,13906.0,787.0,869537.0,12005023104.0,unadjusted,TSETMC
2024-04-09,1403/01/21,1403,1,21,real_estate_funds,امین شهر,ص.س. املاک و مستغلات امین شهر,70814244102598215,بازار فرابورس,10700.0,10710.0,10700.0,10701.0,10701.0,10700.0,94.0,427413.0,4573536162.0,unadjusted,TSETMC
2024-04-09,1403/01/21,1403,1,21,real_estate_funds,دانیک,ص.س.املاک ومستغلات نیک رای,67717913151786055,بازار فرابورس,10311.0,10313.0,10220.0,10268.0,10251.0,10310.0,62.0,101216.0,1037598448.0,unadjusted,TSETMC
2024-04-13,1403/01/25,1403,1,25,real_estate_funds,ارزش مسکن,ص.س.املاک ومستغلات ارزش مسکن,71945594172117613,بازار فرابورس,13203.0,13400.0,13020.0,13180.0,13203.0,13806.0,1219.0,1340946.0,17704502024.0,unadjusted,TSETMC
2024-04-13,1403/01/25,1403,1,25,real_estate_funds,امین شهر,ص.س. املاک و مستغلات امین شهر,70814244102598215,بازار فرابورس,10702.0,10728.0,10699.0,10701.0,10701.0,10701.0,145.0,1550785.0,16594804369.0,unadjusted,TSETMC
2024-04-13,1403/01/25,1403,1,25,real_estate_funds,دانیک,ص.س.املاک ومستغلات نیک رای,67717913151786055,بازار فرابورس,10251.0,10251.0,10120.0,10200.0,10170.0,10251.0,69.0,83673.0,850929521.0,unadjusted,TSETMC
2024-04-14,1403/01/26,1403,1,26,real_estate_funds,ارزش مسکن,ص.س.املاک ومستغلات ارزش مسکن,71945594172117613,بازار فرابورس,12941.0,13112.0,12939.0,12939.0,12941.0,13203.0,1079.0,1884613.0,24388171217.0,unadjusted,TSETMC
2024-04-14,1403/01/26,1403,1,26,real_estate_funds,امین شهر,ص.س. املاک و مستغلات امین شهر,70814244102598215,بازار فرابورس,10701.0,10725.0,10701.0,10701.0,10701.0,10701.0,89.0,640508.0,6854279461.0,unadjusted,TSETMC
2024-04-14,1403/01/26,1403,1,26,real_estate_funds,دانیک,ص.س.املاک ومستغلات نیک رای,67717913151786055,بازار فرابورس,9968.0,10150.0,9967.0,9990.0,9993.0,10170.0,88.0,188767.0,1886264275.0,unadjusted,TSETMC
2024-04-15,1403/01/27,1403,1,27,real_estate_funds,ارزش مسکن,ص.س.املاک ومستغلات ارزش مسکن,71945594172117613,بازار فرابورس,13005.0,13199.0,13000.0,13199.0,13180.0,12941.0,977.0,1831293.0,24137345161.0,unadjusted,TSETMC
2024-04-15,1403/01/27,1403,1,27,real_estate_funds,امین شهر,ص.س. املاک و مستغلات امین شهر,70814244102598215,بازار فرابورس,10702.0,10720.0,10699.0,10702.0,10701.0,10701.0,85.0,1114218.0,11923072512.0,unadjusted,TSETMC
2024-04-15,1403/01/27,1403,1,27,real_estate_funds,دانیک,ص.س.املاک ومستغلات نیک رای,67717913151786055,بازار فرابورس,10149.0,10192.0,10025.0,10192.0,10164.0,9993.0,43.0,65886.0,669669593.0,unadjusted,TSETMC
2024-04-16,1403/01/28,1403,1,28,real_estate_funds,ارزش مسکن,ص.س.املاک ومستغلات ارزش مسکن,71945594172117613,بازار فرابورس,13012.0,13443.0,12917.0,13443.0,13277.0,13180.0,1292.0,2061069.0,27365700637.0,unadjusted,TSETMC
2024-04-16,1403/01/28,1403,1,28,real_estate_funds,امین شهر,ص.س. املاک و مستغلات امین شهر,70814244102598215,بازار فرابورس,10702.0,10710.0,10701.0,10701.0,10701.0,10701.0,62.0,782186.0,8370233606.0,unadjusted,TSETMC
2024-04-16,1403/01/28,1403,1,28,real_estate_funds,دانیک,ص.س.املاک ومستغلات نیک رای,67717913151786055,بازار فرابورس,10298.0,10298.0,10102.0,10288.0,10128.0,10164.0,30.0,22761.0,230521968.0,unadjusted,TSETMC
2024-04-17,1403/01/29,1403,1,29,real_estate_funds,ارزش مسکن,ص.س.املاک ومستغلات ارزش مسکن,71945594172117613,بازار فرابورس,13537.0,13542.0,13537.0,13542.0,13542.0,13277.0,163.0,222278.0,3010084906.0,unadjusted,TSETMC
2024-04-17,1403/01/29,1403,1,29,real_estate_funds,امین شهر,ص.س. املاک و مستغلات امین شهر,70814244102598215,بازار فرابورس,10701.0,10705.0,10701.0,10702.0,10701.0,10701.0,86.0,744396.0,7966061451.0,unadjusted,TSETMC
2024-04-17,1403/01/29,1403,1,29,real_estate_funds,دانیک,ص.س.املاک ومستغلات نیک رای,67717913151786055,بازار فرابورس,10199.0,10328.0,10172.0,10300.0,10246.0,10128.0,35.0,28987.0,296994390.0,unadjusted,TSETMC
2024-04-20,1403/02/01,1403,2,1,real_estate_funds,ارزش مسکن,ص.س.املاک ومستغلات ارزش مسکن,71945594172117613,بازار فرابورس,13974.0,14896.0,13873.0,14896.0,14693.0,13542.0,2050.0,3211626.0,47189805740.0,unadjusted,TSETMC
2024-04-20,1403/02/01,1403,2,1,real_estate_funds,امین شهر,ص.س. املاک و مستغلات امین شهر,70814244102598215,بازار فرابورس,10715.0,10808.0,10700.0,10745.0,10712.0,10701.0,165.0,805190.0,8625507194.0,unadjusted,TSETMC
2024-04-20,1403/02/01,1403,2,1,real_estate_funds,دانیک,ص.س.املاک ومستغلات نیک رای,67717913151786055,بازار فرابورس,10300.0,10490.0,10001.0,10411.0,10395.0,10246.0,162.0,569867.0,5923560161.0,unadjusted,TSETMC
2024-04-21,1403/02/02,1403,2,2,real_estate_funds,ارزش مسکن,ص.س.املاک ومستغلات ارزش مسکن,71945594172117613,بازار فرابورس,15950.0,15950.0,14992.0,15007.0,15345.0,14693.0,2014.0,3099715.0,47565418695.0,unadjusted,TSETMC
2024-04-21,1403/02/02,1403,2,2,real_estate_funds,امین شهر,ص.س. املاک و مستغلات امین شهر,70814244102598215,بازار فرابورس,10716.0,10797.0,10712.0,10720.0,10716.0,10712.0,112.0,395275.0,4235649065.0,unadjusted,TSETMC
2024-04-21,1403/02/02,1403,2,2,real_estate_funds,دانیک,ص.س.املاک ومستغلات نیک رای,67717913151786055,بازار فرابورس,10449.0,10510.0,10111.0,10450.0,10370.0,10395.0,113.0,285738.0,2963051324.0,unadjusted,TSETMC
2024-04-22,1403/02/03,1403,2,3,real_estate_funds,ارزش مسکن,ص.س.املاک ومستغلات ارزش مسکن,71945594172117613,بازار فرابورس,16150.0,16150.0,14903.0,15077.0,15332.0,15345.0,1577.0,2202079.0,33763208357.0,unadjusted,TSETMC
2024-04-22,1403/02/03,1403,2,3,real_estate_funds,امین شهر,ص.س. املاک و مستغلات امین شهر,70814244102598215,بازار فرابورس,10719.0,10720.0,10716.0,10717.0,10717.0,10716.0,81.0,341023.0,3654686877.0,unadjusted,TSETMC
2024-04-22,1403/02/03,1403,2,3,real_estate_funds,دانیک,ص.س.املاک ومستغلات نیک رای,67717913151786055,بازار فرابورس,10420.0,10490.0,10250.0,10252.0,10364.0,10370.0,74.0,122072.0,1265135849.0,unadjusted,TSETMC
2024-04-23,1403/02/04,1403,2,4,real_estate_funds,ارزش مسکن,ص.س.املاک ومستغلات ارزش مسکن,71945594172117613,بازار فرابورس,15004.0,15005.0,14501.0,14725.0,14707.0,15332.0,1399.0,1894591.0,27864586884.0,unadjusted,TSETMC
2024-04-23,1403/02/04,1403,2,4,real_estate_funds,امین شهر,ص.س. املاک و مستغلات امین شهر,70814244102598215,بازار فرابورس,10717.0,10720.0,10717.0,10717.0,10717.0,10717.0,109.0,499426.0,5352423189.0,unadjusted,TSETMC
2024-04-23,1403/02/04,1403,2,4,real_estate_funds,دانیک,ص.س.املاک ومستغلات نیک رای,67717913151786055,بازار فرابورس,10300.0,10300.0,10100.0,10227.0,10173.0,10364.0,97.0,142129.0,1445924819.0,unadjusted,TSETMC
2024-04-23,1403/02/04,1403,2,4,real_estate_funds,مالک آتیه,ص.س.املاک و مستغلات مالک آتیه,37118058361762279,بازار فرابورس,10000.0,10000.0,10000.0,10000.0,10000.0,10000.0,4450.0,251192062.0,2511920620000.0,unadjusted,TSETMC
2024-04-24,1403/02/05,1403,2,5,real_estate_funds,ارزش مسکن,ص.س.املاک ومستغلات ارزش مسکن,71945594172117613,بازار فرابورس,14770.0,15200.0,14620.0,15200.0,14915.0,14707.0,1349.0,1637249.0,24420127873.0,unadjusted,TSETMC
2024-04-24,1403/02/05,1403,2,5,real_estate_funds,امین شهر,ص.س. املاک و مستغلات امین شهر,70814244102598215,بازار فرابورس,10717.0,10824.0,10716.0,10749.0,10727.0,10717.0,117.0,1104695.0,11850487237.0,unadjusted,TSETMC
2024-04-24,1403/02/05,1403,2,5,real_estate_funds,دانیک,ص.س.املاک ومستغلات نیک رای,67717913151786055,بازار فرابورس,10180.0,10389.0,10171.0,10257.0,10235.0,10173.0,61.0,126813.0,1297963503.0,unadjusted,TSETMC
2024-04-24,1403/02/05,1403,2,5,real_estate_funds,مالک آتیه,ص.س.املاک و مستغلات مالک آتیه,37118058361762279,بازار فرابورس,10000.0,10000.0,10000.0,10000.0,10000.0,10000.0,2566.0,223807938.0,2238079380000.0,unadjusted,TSETMC
2024-04-27,1403/02/08,1403,2,8,real_estate_funds,ارزش مسکن,ص.س.املاک ومستغلات ارزش مسکن,71945594172117613,بازار فرابورس,15451.0,16162.0,15311.0,15459.0,15648.0,14915.0,3095.0,4198930.0,65704054452.0,unadjusted,TSETMC
2024-04-27,1403/02/08,1403,2,8,real_estate_funds,امین شهر,ص.س. املاک و مستغلات امین شهر,70814244102598215,بازار فرابورس,10818.0,10834.0,10727.0,10796.0,10744.0,10727.0,200.0,2203270.0,23672025970.0,unadjusted,TSETMC
2024-04-27,1403/02/08,1403,2,8,real_estate_funds,دانیک,ص.س.املاک ومستغلات نیک رای,67717913151786055,بازار فرابورس,10280.0,10550.0,10280.0,10458.0,10433.0,10235.0,150.0,331339.0,3456897869.0,unadjusted,TSETMC
2024-04-28,1403/02/09,1403,2,9,real_estate_funds,ارزش مسکن,ص.س.املاک ومستغلات ارزش مسکن,71945594172117613,بازار فرابورس,15620.0,16849.0,15400.0,15940.0,16003.0,15648.0,3472.0,4905233.0,78499939060.0,unadjusted,TSETMC
2024-04-28,1403/02/09,1403,2,9,real_estate_funds,امین شهر,ص.س. املاک و مستغلات امین شهر,70814244102598215,بازار فرابورس,10745.0,10834.0,10743.0,10750.0,10748.0,10744.0,231.0,4035396.0,43372218377.0,unadjusted,TSETMC
2024-04-28,1403/02/09,1403,2,9,real_estate_funds,دانیک,ص.س.املاک ومستغلات نیک رای,67717913151786055,بازار فرابورس,10400.0,10437.0,10216.0,10398.0,10384.0,10433.0,70.0,166505.0,1729050749.0,unadjusted,TSETMC
2024-04-29,1403/02/10,1403,2,10,real_estate_funds,ارزش مسکن,ص.س.املاک ومستغلات ارزش مسکن,71945594172117613,بازار فرابورس,16000.0,16500.0,15292.0,15310.0,15652.0,16003.0,2530.0,3533865.0,55313507706.0,unadjusted,TSETMC
2024-04-29,1403/02/10,1403,2,10,real_estate_funds,امین شهر,ص.س. املاک و مستغلات امین شهر,70814244102598215,بازار فرابورس,10820.0,10820.0,10748.0,10756.0,10756.0,10748.0,101.0,256235.0,2756093524.0,unadjusted,TSETMC
2024-04-29,1403/02/10,1403,2,10,real_estate_funds,دانیک,ص.س.املاک ومستغلات نیک رای,67717913151786055,بازار فرابورس,10440.0,10440.0,10350.0,10370.0,10368.0,10384.0,24.0,26153.0,271158680.0,unadjusted,TSETMC
2024-04-30,1403/02/11,1403,2,11,real_estate_funds,ارزش مسکن,ص.س.املاک ومستغلات ارزش مسکن,71945594172117613,بازار فرابورس,15230.0,15244.0,14960.0,15031.0,15042.0,15652.0,1253.0,1713308.0,25770901432.0,unadjusted,TSETMC
2024-04-30,1403/02/11,1403,2,11,real_estate_funds,امین شهر,ص.س. املاک و مستغلات امین شهر,70814244102598215,بازار فرابورس,10770.0,10780.0,10756.0,10780.0,10757.0,10756.0,90.0,393690.0,4234940679.0,unadjusted,TSETMC
2024-04-30,1403/02/11,1403,2,11,real_estate_funds,دانیک,ص.س.املاک ومستغلات نیک رای,67717913151786055,بازار فرابورس,10399.0,10400.0,10140.0,10150.0,10175.0,10368.0,131.0,291815.0,2969073351.0,unadjusted,TSETMC
2024-05-01,1403/02/12,1403,2,12,real_estate_funds,ارزش مسکن,ص.س.املاک ومستغلات ارزش مسکن,71945594172117613,بازار فرابورس,15250.0,15897.0,15050.0,15723.0,15545.0,15042.0,2063.0,2812118.0,43715647332.0,unadjusted,TSETMC
2024-05-01,1403/02/12,1403,2,12,real_estate_funds,امین شهر,ص.س. املاک و مستغلات امین شهر,70814244102598215,بازار فرابورس,10770.0,10950.0,10759.0,10950.0,10852.0,10757.0,183.0,1674136.0,18168021098.0,unadjusted,TSETMC
2024-05-01,1403/02/12,1403,2,12,real_estate_funds,دانیک,ص.س.املاک ومستغلات نیک رای,67717913151786055,بازار فرابورس,10170.0,10300.0,10120.0,10240.0,10166.0,10175.0,162.0,667771.0,6788604645.0,unadjusted,TSETMC
2024-05-05,1403/02/16,1403,2,16,real_estate_funds,ارزش مسکن,ص.س.املاک ومستغلات ارزش مسکن,71945594172117613,بازار فرابورس,15900.0,16000.0,14900.0,14941.0,15282.0,15545.0,2619.0,4038835.0,61721891786.0,unadjusted,TSETMC
2024-05-05,1403/02/16,1403,2,16,real_estate_funds,امین شهر,ص.س. املاک و مستغلات امین شهر,70814244102598215,بازار فرابورس,10960.0,11110.0,10880.0,11109.0,11049.0,10852.0,203.0,1493368.0,16499774375.0,unadjusted,TSETMC
2024-05-05,1403/02/16,1403,2,16,real_estate_funds,دانیک,ص.س.املاک ومستغلات نیک رای,67717913151786055,بازار فرابورس,10247.0,10349.0,10130.0,10329.0,10242.0,10166.0,126.0,526234.0,5389814094.0,unadjusted,TSETMC
2024-05-06,1403/02/17,1403,2,17,real_estate_funds,ارزش مسکن,ص.س.املاک ومستغلات ارزش مسکن,71945594172117613,بازار فرابورس,15064.0,15064.0,14726.0,14810.0,14799.0,15282.0,1029.0,1214516.0,17973956887.0,unadjusted,TSETMC
2024-05-06,1403/02/17,1403,2,17,real_estate_funds,امین شهر,ص.س. املاک و مستغلات امین شهر,70814244102598215,بازار فرابورس,11100.0,11159.0,11051.0,11100.0,11100.0,11049.0,432.0,4782145.0,53079771555.0,unadjusted,TSETMC
2024-05-06,1403/02/17,1403,2,17,real_estate_funds,دانیک,ص.س.املاک ومستغلات نیک رای,67717913151786055,بازار فرابورس,10202.0,10249.0,10150.0,10210.0,10198.0,10242.0,117.0,1787842.0,18232347563.0,unadjusted,TSETMC
2024-05-07,1403/02/18,1403,2,18,real_estate_funds,ارزش مسکن,ص.س.املاک ومستغلات ارزش مسکن,71945594172117613,بازار فرابورس,14890.0,15269.0,14533.0,15030.0,14836.0,14799.0,1638.0,1946478.0,28878528212.0,unadjusted,TSETMC
2024-05-07,1403/02/18,1403,2,18,real_estate_funds,امین شهر,ص.س. املاک و مستغلات امین شهر,70814244102598215,بازار فرابورس,11100.0,11100.0,11098.0,11099.0,11100.0,11100.0,341.0,4986610.0,55349395636.0,unadjusted,TSETMC
2024-05-07,1403/02/18,1403,2,18,real_estate_funds,دانیک,ص.س.املاک ومستغلات نیک رای,67717913151786055,بازار فرابورس,10295.0,10297.0,10200.0,10248.0,10248.0,10198.0,23.0,122209.0,1252389506.0,unadjusted,TSETMC
2024-05-08,1403/02/19,1403,2,19,real_estate_funds,ارزش مسکن,ص.س.املاک ومستغلات ارزش مسکن,71945594172117613,بازار فرابورس,15031.0,15300.0,14873.0,15220.0,15127.0,14836.0,1975.0,2519842.0,38117498125.0,unadjusted,TSETMC
2024-05-08,1403/02/19,1403,2,19,real_estate_funds,امین شهر,ص.س. املاک و مستغلات امین شهر,70814244102598215,بازار فرابورس,11110.0,11110.0,11097.0,11100.0,11099.0,11100.0,188.0,1592156.0,17671216676.0,unadjusted,TSETMC
2024-05-08,1403/02/19,1403,2,19,real_estate_funds,دانیک,ص.س.املاک ومستغلات نیک رای,67717913151786055,بازار فرابورس,10240.0,10395.0,10210.0,10300.0,10278.0,10248.0,145.0,156943.0,1613109917.0,unadjusted,TSETMC
2024-05-11,1403/02/22,1403,2,22,real_estate_funds,ارزش مسکن,ص.س.املاک ومستغلات ارزش مسکن,71945594172117613,بازار فرابورس,15221.0,15389.0,14910.0,15180.0,15190.0,15127.0,1303.0,1553019.0,23589603337.0,unadjusted,TSETMC
2024-05-11,1403/02/22,1403,2,22,real_estate_funds,امین شهر,ص.س. املاک و مستغلات امین شهر,70814244102598215,بازار فرابورس,11102.0,11102.0,11098.0,11102.0,11101.0,11099.0,172.0,1551519.0,17223693420.0,unadjusted,TSETMC
2024-05-11,1403/02/22,1403,2,22,real_estate_funds,دانیک,ص.س.املاک ومستغلات نیک رای,67717913151786055,بازار فرابورس,10300.0,10300.0,10220.0,10297.0,10242.0,10278.0,27.0,67587.0,692195351.0,unadjusted,TSETMC
2024-05-12,1403/02/23,1403,2,23,real_estate_funds,ارزش مسکن,ص.س.املاک ومستغلات ارزش مسکن,71945594172117613,بازار فرابورس,15053.0,15278.0,14900.0,15010.0,15092.0,15190.0,888.0,1033316.0,15595064668.0,unadjusted,TSETMC
2024-05-12,1403/02/23,1403,2,23,real_estate_funds,امین شهر,ص.س. املاک و مستغلات امین شهر,70814244102598215,بازار فرابورس,11103.0,11104.0,11101.0,11104.0,11104.0,11101.0,321.0,10735785.0,119209286853.0,unadjusted,TSETMC
2024-05-12,1403/02/23,1403,2,23,real_estate_funds,دانیک,ص.س.املاک ومستغلات نیک رای,67717913151786055,بازار فرابورس,10260.0,10349.0,10151.0,10248.0,10244.0,10242.0,41.0,168507.0,1726252856.0,unadjusted,TSETMC
2024-05-13,1403/02/24,1403,2,24,real_estate_funds,ارزش مسکن,ص.س.املاک ومستغلات ارزش مسکن,71945594172117613,بازار فرابورس,15093.0,15093.0,14600.0,14673.0,14773.0,15092.0,2309.0,3074458.0,45417879648.0,unadjusted,TSETMC
2024-05-13,1403/02/24,1403,2,24,real_estate_funds,امین شهر,ص.س. املاک و مستغلات امین شهر,70814244102598215,بازار فرابورس,11106.0,11106.0,11104.0,11105.0,11105.0,11104.0,146.0,1111264.0,12341081012.0,unadjusted,TSETMC
2024-05-13,1403/02/24,1403,2,24,real_estate_funds,دانیک,ص.س.املاک ومستغلات نیک رای,67717913151786055,بازار فرابورس,10250.0,10500.0,10000.0,10351.0,10285.0,10244.0,190.0,660840.0,6796417366.0,unadjusted,TSETMC
2024-05-14,1403/02/25,1403,2,25,real_estate_funds,ارزش مسکن,ص.س.املاک ومستغلات ارزش مسکن,71945594172117613,بازار فرابورس,14764.0,14808.0,14272.0,14272.0,14509.0,14773.0,1249.0,1039864.0,15087662826.0,unadjusted,TSETMC
2024-05-14,1403/02/25,1403,2,25,real_estate_funds,امین شهر,ص.س. املاک و مستغلات امین شهر,70814244102598215,بازار فرابورس,11108.0,11150.0,11105.0,11108.0,11108.0,11105.0,229.0,2676659.0,29732405755.0,unadjusted,TSETMC
2024-05-14,1403/02/25,1403,2,25,real_estate_funds,دانیک,ص.س.املاک ومستغلات نیک رای,67717913151786055,بازار فرابورس,10350.0,10498.0,10300.0,10401.0,10447.0,10285.0,53.0,128096.0,1338180985.0,unadjusted,TSETMC
2024-05-15,1403/02/26,1403,2,26,real_estate_funds,ارزش مسکن,ص.س.املاک ومستغلات ارزش مسکن,71945594172117613,بازار فرابورس,14200.0,14398.0,13921.0,13967.0,14127.0,14509.0,1573.0,1611143.0,22760170196.0,unadjusted,TSETMC
2024-05-15,1403/02/26,1403,2,26,real_estate_funds,امین شهر,ص.س. املاک و مستغلات امین شهر,70814244102598215,بازار فرابورس,11108.0,11111.0,11108.0,11111.0,11111.0,11108.0,200.0,1330500.0,14782695590.0,unadjusted,TSETMC
2024-05-15,1403/02/26,1403,2,26,real_estate_funds,دانیک,ص.س.املاک ومستغلات نیک رای,67717913151786055,بازار فرابورس,10400.0,10550.0,10350.0,10383.0,10484.0,10447.0,65.0,132351.0,1387539511.0,unadjusted,TSETMC
2024-05-18,1403/02/29,1403,2,29,real_estate_funds,ارزش مسکن,ص.س.املاک ومستغلات ارزش مسکن,71945594172117613,بازار فرابورس,14100.0,14800.0,13972.0,14260.0,14453.0,14127.0,1897.0,2163548.0,31270779512.0,unadjusted,TSETMC
2024-05-18,1403/02/29,1403,2,29,real_estate_funds,امین شهر,ص.س. املاک و مستغلات امین شهر,70814244102598215,بازار فرابورس,11114.0,11114.0,10600.0,10602.0,11111.0,11111.0,260.0,6693749.0,74372194366.0,unadjusted,TSETMC
2024-05-18,1403/02/29,1403,2,29,real_estate_funds,دانیک,ص.س.املاک ومستغلات نیک رای,67717913151786055,بازار فرابورس,10450.0,10500.0,10250.0,10300.0,10358.0,10484.0,82.0,217790.0,2255786346.0,unadjusted,TSETMC
2024-05-19,1403/02/30,1403,2,30,real_estate_funds,ارزش مسکن,ص.س.املاک ومستغلات ارزش مسکن,71945594172117613,بازار فرابورس,14180.0,14648.0,13422.0,13829.0,13724.0,14453.0,1466.0,1728896.0,23726931513.0,unadjusted,TSETMC
2024-05-19,1403/02/30,1403,2,30,real_estate_funds,امین شهر,ص.س. املاک و مستغلات امین شهر,70814244102598215,بازار فرابورس,11111.0,11114.0,11110.0,11112.0,11112.0,11111.0,136.0,1779870.0,19777973062.0,unadjusted,TSETMC
2024-05-19,1403/02/30,1403,2,30,real_estate_funds,دانیک,ص.س.املاک ومستغلات نیک رای,67717913151786055,بازار فرابورس,10400.0,10500.0,10211.0,10387.0,10397.0,10358.0,58.0,164645.0,1711801764.0,unadjusted,TSETMC
2024-05-21,1403/03/01,1403,3,1,real_estate_funds,ارزش مسکن,ص.س.املاک ومستغلات ارزش مسکن,71945594172117613,بازار فرابورس,13880.0,14200.0,13704.0,14132.0,13990.0,13724.0,1312.0,1810245.0,25324511838.0,unadjusted,TSETMC
2024-05-21,1403/03/01,1403,3,1,real_estate_funds,امین شهر,ص.س. املاک و مستغلات امین شهر,70814244102598215,بازار فرابورس,11112.0,11114.0,11110.0,11114.0,11113.0,11112.0,115.0,2081969.0,23137309469.0,unadjusted,TSETMC
2024-05-21,1403/03/01,1403,3,1,real_estate_funds,دانیک,ص.س.املاک ومستغلات نیک رای,67717913151786055,بازار فرابورس,10500.0,10812.0,10301.0,10750.0,10618.0,10397.0,140.0,413735.0,4392908425.0,unadjusted,TSETMC
2024-05-25,1403/03/05,1403,3,5,real_estate_funds,ارزش مسکن,ص.س.املاک ومستغلات ارزش مسکن,71945594172117613,بازار فرابورس,14010.0,14190.0,13770.0,13849.0,13899.0,13990.0,806.0,833315.0,11581992599.0,unadjusted,TSETMC
2024-05-25,1403/03/05,1403,3,5,real_estate_funds,امین شهر,ص.س. املاک و مستغلات امین شهر,70814244102598215,بازار فرابورس,11113.0,11118.0,11109.0,11113.0,11114.0,11113.0,155.0,3074866.0,34175284667.0,unadjusted,TSETMC
2024-05-25,1403/03/05,1403,3,5,real_estate_funds,دانیک,ص.س.املاک ومستغلات نیک رای,67717913151786055,بازار فرابورس,10660.0,10660.0,10401.0,10548.0,10537.0,10618.0,57.0,105800.0,1114824303.0,unadjusted,TSETMC
2024-05-26,1403/03/06,1403,3,6,real_estate_funds,ارزش مسکن,ص.س.املاک ومستغلات ارزش مسکن,71945594172117613,بازار فرابورس,13975.0,13975.0,13344.0,13344.0,13394.0,13899.0,422.0,425262.0,5695825040.0,unadjusted,TSETMC
2024-05-26,1403/03/06,1403,3,6,real_estate_funds,امین شهر,ص.س. املاک و مستغلات امین شهر,70814244102598215,بازار فرابورس,11114.0,11167.0,11113.0,11114.0,11114.0,11114.0,7953.0,450453985.0,5006346101997.0,unadjusted,TSETMC
2024-05-26,1403/03/06,1403,3,6,real_estate_funds,دانیک,ص.س.املاک ومستغلات نیک رای,67717913151786055,بازار فرابورس,10500.0,10600.0,10200.0,10550.0,10497.0,10537.0,96.0,321126.0,3370925375.0,unadjusted,TSETMC
2024-05-27,1403/03/07,1403,3,7,real_estate_funds,ارزش مسکن,ص.س.املاک ومستغلات ارزش مسکن,71945594172117613,بازار فرابورس,13299.0,13319.0,12859.0,13217.0,13004.0,13394.0,1687.0,2266054.0,29468791769.0,unadjusted,TSETMC
2024-05-27,1403/03/07,1403,3,7,real_estate_funds,امین شهر,ص.س. املاک و مستغلات امین شهر,70814244102598215,بازار فرابورس,11114.0,11117.0,11113.0,11116.0,11116.0,11114.0,140.0,2878814.0,32001320504.0,unadjusted,TSETMC
2024-05-27,1403/03/07,1403,3,7,real_estate_funds,دانیک,ص.س.املاک ومستغلات نیک رای,67717913151786055,بازار فرابورس,10549.0,10789.0,10549.0,10652.0,10661.0,10497.0,36.0,68669.0,732074388.0,unadjusted,TSETMC
2024-05-28,1403/03/08,1403,3,8,real_estate_funds,ارزش مسکن,ص.س.املاک ومستغلات ارزش مسکن,71945594172117613,بازار فرابورس,13350.0,14304.0,13348.0,14304.0,14090.0,13004.0,2518.0,3837081.0,54065724057.0,unadjusted,TSETMC
2024-05-28,1403/03/08,1403,3,8,real_estate_funds,امین شهر,ص.س. املاک و مستغلات امین شهر,70814244102598215,بازار فرابورس,11117.0,11227.0,11117.0,11200.0,11190.0,11116.0,223.0,4626402.0,51770404884.0,unadjusted,TSETMC
2024-05-28,1403/03/08,1403,3,8,real_estate_funds,دانیک,ص.س.املاک ومستغلات نیک رای,67717913151786055,بازار فرابورس,10700.0,10958.0,10700.0,10848.0,10820.0,10661.0,83.0,215246.0,2328981893.0,unadjusted,TSETMC
2024-05-29,1403/03/09,1403,3,9,real_estate_funds,ارزش مسکن,ص.س.املاک ومستغلات ارزش مسکن,71945594172117613,بازار فرابورس,14450.0,15463.0,14400.0,14651.0,15010.0,14090.0,4882.0,7823891.0,117433288537.0,unadjusted,TSETMC
2024-05-29,1403/03/09,1403,3,9,real_estate_funds,امین شهر,ص.س. املاک و مستغلات امین شهر,70814244102598215,بازار فرابورس,11200.0,11320.0,11200.0,11320.0,11307.0,11190.0,188.0,1963762.0,22203417764.0,unadjusted,TSETMC
2024-05-29,1403/03/09,1403,3,9,real_estate_funds,دانیک,ص.س.املاک ومستغلات نیک رای,67717913151786055,بازار فرابورس,10869.0,11800.0,10701.0,11790.0,11489.0,10820.0,397.0,2786485.0,32014790164.0,unadjusted,TSETMC
2024-06-01,1403/03/12,1403,3,12,real_estate_funds,ارزش مسکن,ص.س.املاک ومستغلات ارزش مسکن,71945594172117613,بازار فرابورس,14750.0,14750.0,13982.0,14026.0,14269.0,15010.0,3039.0,3862975.0,55122189116.0,unadjusted,TSETMC
2024-06-01,1403/03/12,1403,3,12,real_estate_funds,امین شهر,ص.س. املاک و مستغلات امین شهر,70814244102598215,بازار فرابورس,11320.0,11370.0,11305.0,11370.0,11340.0,11307.0,258.0,3969062.0,45009130657.0,unadjusted,TSETMC
2024-06-01,1403/03/12,1403,3,12,real_estate_funds,دانیک,ص.س.املاک ومستغلات نیک رای,67717913151786055,بازار فرابورس,11600.0,12497.0,11101.0,11902.0,11582.0,11489.0,212.0,455341.0,5273798469.0,unadjusted,TSETMC
2024-06-02,1403/03/13,1403,3,13,real_estate_funds,ارزش مسکن,ص.س.املاک ومستغلات ارزش مسکن,71945594172117613,بازار فرابورس,14070.0,14070.0,13511.0,14160.0,13955.0,14269.0,2360.0,2901172.0,40486215189.0,unadjusted,TSETMC
2024-06-02,1403/03/13,1403,3,13,real_estate_funds,امین شهر,ص.س. املاک و مستغلات امین شهر,70814244102598215,بازار فرابورس,11370.0,11455.0,11350.0,11500.0,11468.0,11340.0,233.0,2121195.0,24325679623.0,unadjusted,TSETMC
2024-06-02,1403/03/13,1403,3,13,real_estate_funds,دانیک,ص.س.املاک ومستغلات نیک رای,67717913151786055,بازار فرابورس,11830.0,12400.0,11820.0,11840.0,11974.0,11582.0,410.0,1833232.0,21951450065.0,unadjusted,TSETMC
2024-06-05,1403/03/16,1403,3,16,real_estate_funds,ارزش مسکن,ص.س.املاک ومستغلات ارزش مسکن,71945594172117613,بازار فرابورس,14393.0,14393.0,13610.0,13789.0,13879.0,13955.0,1899.0,2024093.0,28092149853.0,unadjusted,TSETMC
2024-06-05,1403/03/16,1403,3,16,real_estate_funds,امین شهر,ص.س. املاک و مستغلات امین شهر,70814244102598215,بازار فرابورس,11470.0,11547.0,11467.0,11470.0,11469.0,11468.0,189.0,1445414.0,16578165293.0,unadjusted,TSETMC
2024-06-05,1403/03/16,1403,3,16,real_estate_funds,دانیک,ص.س.املاک ومستغلات نیک رای,67717913151786055,بازار فرابورس,11801.0,11801.0,11210.0,11480.0,11427.0,11974.0,134.0,491481.0,5616168129.0,unadjusted,TSETMC
2024-06-08,1403/03/19,1403,3,19,real_estate_funds,ارزش مسکن,ص.س.املاک ومستغلات ارزش مسکن,71945594172117613,بازار فرابورس,13670.0,13672.0,13230.0,13215.0,13337.0,13879.0,1979.0,2132692.0,28444337471.0,unadjusted,TSETMC
2024-06-08,1403/03/19,1403,3,19,real_estate_funds,امین شهر,ص.س. املاک و مستغلات امین شهر,70814244102598215,بازار فرابورس,11471.0,11473.0,11468.0,11470.0,11471.0,11469.0,136.0,971916.0,11148584134.0,unadjusted,TSETMC
2024-06-08,1403/03/19,1403,3,19,real_estate_funds,دانیک,ص.س.املاک ومستغلات نیک رای,67717913151786055,بازار فرابورس,11455.0,11600.0,10510.0,11600.0,11216.0,11427.0,232.0,629376.0,7059314161.0,unadjusted,TSETMC
2024-06-09,1403/03/20,1403,3,20,real_estate_funds,ارزش مسکن,ص.س.املاک ومستغلات ارزش مسکن,71945594172117613,بازار فرابورس,13220.0,14185.0,13151.0,14220.0,13984.0,13337.0,3429.0,4943547.0,69128752205.0,unadjusted,TSETMC
2024-06-09,1403/03/20,1403,3,20,real_estate_funds,امین شهر,ص.س. املاک و مستغلات امین شهر,70814244102598215,بازار فرابورس,11471.0,11474.0,11471.0,11475.0,11473.0,11471.0,115.0,588714.0,6754064253.0,unadjusted,TSETMC
2024-06-09,1403/03/20,1403,3,20,real_estate_funds,دانیک,ص.س.املاک ومستغلات نیک رای,67717913151786055,بازار فرابورس,11300.0,11700.0,11300.0,11550.0,11577.0,11216.0,133.0,435535.0,5041976746.0,unadjusted,TSETMC
2024-06-10,1403/03/21,1403,3,21,real_estate_funds,ارزش مسکن,ص.س.املاک ومستغلات ارزش مسکن,71945594172117613,بازار فرابورس,14500.0,15063.0,14500.0,15049.0,14851.0,13984.0,3946.0,5885907.0,87409392188.0,unadjusted,TSETMC
2024-06-10,1403/03/21,1403,3,21,real_estate_funds,امین شهر,ص.س. املاک و مستغلات امین شهر,70814244102598215,بازار فرابورس,11475.0,11547.0,11474.0,11478.0,11477.0,11473.0,137.0,1719632.0,19736117384.0,unadjusted,TSETMC
2024-06-10,1403/03/21,1403,3,21,real_estate_funds,دانیک,ص.س.املاک ومستغلات نیک رای,67717913151786055,بازار فرابورس,11599.0,11900.0,11442.0,11600.0,11601.0,11577.0,222.0,1093073.0,12680989970.0,unadjusted,TSETMC
2024-06-11,1403/03/22,1403,3,22,real_estate_funds,ارزش مسکن,ص.س.املاک ومستغلات ارزش مسکن,71945594172117613,بازار فرابورس,15156.0,15190.0,14339.0,14392.0,14648.0,14851.0,3158.0,4031612.0,59055925408.0,unadjusted,TSETMC
2024-06-11,1403/03/22,1403,3,22,real_estate_funds,امین شهر,ص.س. املاک و مستغلات امین شهر,70814244102598215,بازار فرابورس,11481.0,11481.0,11477.0,11478.0,11478.0,11477.0,127.0,630262.0,7234114810.0,unadjusted,TSETMC
2024-06-11,1403/03/22,1403,3,22,real_estate_funds,دانیک,ص.س.املاک ومستغلات نیک رای,67717913151786055,بازار فرابورس,11400.0,11599.0,11301.0,11498.0,11455.0,11601.0,97.0,454864.0,5210592610.0,unadjusted,TSETMC
2024-06-12,1403/03/23,1403,3,23,real_estate_funds,ارزش مسکن,ص.س.املاک ومستغلات ارزش مسکن,71945594172117613,بازار فرابورس,14303.0,14970.0,14303.0,14862.0,14686.0,14648.0,3121.0,4073333.0,59822491509.0,unadjusted,TSETMC
2024-06-12,1403/03/23,1403,3,23,real_estate_funds,امین شهر,ص.س. املاک و مستغلات امین شهر,70814244102598215,بازار فرابورس,11480.0,11482.0,11476.0,11482.0,11479.0,11478.0,110.0,1199910.0,13773398087.0,unadjusted,TSETMC
2024-06-12,1403/03/23,1403,3,23,real_estate_funds,دانیک,ص.س.املاک ومستغلات نیک رای,67717913151786055,بازار فرابورس,11400.0,11400.0,11155.0,11200.0,11255.0,11455.0,70.0,249166.0,2804464776.0,unadjusted,TSETMC
2024-06-15,1403/03/26,1403,3,26,real_estate_funds,ارزش مسکن,ص.س.املاک ومستغلات ارزش مسکن,71945594172117613,بازار فرابورس,14800.0,14866.0,14522.0,14663.0,14742.0,14686.0,2029.0,2971720.0,43809489899.0,unadjusted,TSETMC
2024-06-15,1403/03/26,1403,3,26,real_estate_funds,امین شهر,ص.س. املاک و مستغلات امین شهر,70814244102598215,بازار فرابورس,11483.0,11547.0,11478.0,11480.0,11481.0,11479.0,107.0,879478.0,10097187633.0,unadjusted,TSETMC
2024-06-15,1403/03/26,1403,3,26,real_estate_funds,دانیک,ص.س.املاک ومستغلات نیک رای,67717913151786055,بازار فرابورس,11200.0,11695.0,11200.0,11374.0,11424.0,11255.0,149.0,302999.0,3461375241.0,unadjusted,TSETMC
2024-06-16,1403/03/27,1403,3,27,real_estate_funds,ارزش مسکن,ص.س.املاک ومستغلات ارزش مسکن,71945594172117613,بازار فرابورس,14663.0,15290.0,14453.0,15016.0,14936.0,14742.0,3069.0,4418756.0,65997936045.0,unadjusted,TSETMC
2024-06-16,1403/03/27,1403,3,27,real_estate_funds,امین شهر,ص.س. املاک و مستغلات امین شهر,70814244102598215,بازار فرابورس,11485.0,11486.0,11481.0,11485.0,11483.0,11481.0,103.0,743834.0,8541752644.0,unadjusted,TSETMC
2024-06-16,1403/03/27,1403,3,27,real_estate_funds,دانیک,ص.س.املاک ومستغلات نیک رای,67717913151786055,بازار فرابورس,11400.0,11470.0,11206.0,11255.0,11295.0,11424.0,107.0,372690.0,4209650626.0,unadjusted,TSETMC
2024-06-18,1403/03/29,1403,3,29,real_estate_funds,ارزش مسکن,ص.س.املاک ومستغلات ارزش مسکن,71945594172117613,بازار فرابورس,15105.0,15349.0,15011.0,15010.0,15071.0,14936.0,2617.0,4207525.0,63410668734.0,unadjusted,TSETMC
2024-06-18,1403/03/29,1403,3,29,real_estate_funds,امین شهر,ص.س. املاک و مستغلات امین شهر,70814244102598215,بازار فرابورس,11483.0,11487.0,11483.0,11483.0,11485.0,11483.0,98.0,504516.0,5794604948.0,unadjusted,TSETMC
2024-06-18,1403/03/29,1403,3,29,real_estate_funds,دانیک,ص.س.املاک ومستغلات نیک رای,67717913151786055,بازار فرابورس,11250.0,11294.0,11156.0,11118.0,11161.0,11295.0,62.0,133564.0,1490702794.0,unadjusted,TSETMC
2024-06-19,1403/03/30,1403,3,30,real_estate_funds,ارزش مسکن,ص.س.املاک ومستغلات ارزش مسکن,71945594172117613,بازار فرابورس,15000.0,15650.0,14950.0,15243.0,15278.0,15071.0,4168.0,6964104.0,106394812085.0,unadjusted,TSETMC
2024-06-19,1403/03/30,1403,3,30,real_estate_funds,امین شهر,ص.س. املاک و مستغلات امین شهر,70814244102598215,بازار فرابورس,11486.0,11548.0,11483.0,11525.0,11489.0,11485.0,146.0,5562293.0,63904610076.0,unadjusted,TSETMC
2024-06-19,1403/03/30,1403,3,30,real_estate_funds,دانیک,ص.س.املاک ومستغلات نیک رای,67717913151786055,بازار فرابورس,11250.0,11700.0,11101.0,11498.0,11492.0,11161.0,212.0,2995665.0,34425239976.0,unadjusted,TSETMC
2024-06-22,1403/04/02,1403,4,2,real_estate_funds,ارزش مسکن,ص.س.املاک ومستغلات ارزش مسکن,71945594172117613,بازار فرابورس,15236.0,15274.0,14600.0,14613.0,14819.0,15278.0,3124.0,3958587.0,58660517840.0,unadjusted,TSETMC
2024-06-22,1403/04/02,1403,4,2,real_estate_funds,امین شهر,ص.س. املاک و مستغلات امین شهر,70814244102598215,بازار فرابورس,11550.0,11550.0,11487.0,11494.0,11492.0,11489.0,165.0,1812337.0,20826996325.0,unadjusted,TSETMC
2024-06-22,1403/04/02,1403,4,2,real_estate_funds,دانیک,ص.س.املاک ومستغلات نیک رای,67717913151786055,بازار فرابورس,11450.0,11490.0,11351.0,11455.0,11435.0,11492.0,38.0,73939.0,845456173.0,unadjusted,TSETMC
2024-06-23,1403/04/03,1403,4,3,real_estate_funds,ارزش مسکن,ص.س.املاک ومستغلات ارزش مسکن,71945594172117613,بازار فرابورس,14610.0,14734.0,14200.0,14392.0,14368.0,14819.0,2333.0,2848706.0,40930826581.0,unadjusted,TSETMC
2024-06-23,1403/04/03,1403,4,3,real_estate_funds,امین شهر,ص.س. املاک و مستغلات امین شهر,70814244102598215,بازار فرابورس,11515.0,11515.0,11492.0,11509.0,11494.0,11492.0,91.0,271274.0,3117973344.0,unadjusted,TSETMC
2024-06-23,1403/04/03,1403,4,3,real_estate_funds,دانیک,ص.س.املاک ومستغلات نیک رای,67717913151786055,بازار فرابورس,11102.0,11490.0,11001.0,11490.0,11171.0,11435.0,60.0,228109.0,2548255537.0,unadjusted,TSETMC
2024-06-24,1403/04/04,1403,4,4,real_estate_funds,ارزش مسکن,ص.س.املاک ومستغلات ارزش مسکن,71945594172117613,بازار فرابورس,14480.0,15250.0,14211.0,14942.0,15040.0,14368.0,4224.0,6602755.0,99306793110.0,unadjusted,TSETMC
2024-06-24,1403/04/04,1403,4,4,real_estate_funds,امین شهر,ص.س. املاک و مستغلات امین شهر,70814244102598215,بازار فرابورس,11501.0,11582.0,11497.0,11500.0,11511.0,11494.0,194.0,2297543.0,26445925076.0,unadjusted,TSETMC
2024-06-24,1403/04/04,1403,4,4,real_estate_funds,دانیک,ص.س.املاک ومستغلات نیک رای,67717913151786055,بازار فرابورس,11300.0,11470.0,11200.0,11390.0,11354.0,11171.0,82.0,246950.0,2803758522.0,unadjusted,TSETMC
2024-06-26,1403/04/06,1403,4,6,real_estate_funds,ارزش مسکن,ص.س.املاک ومستغلات ارزش مسکن,71945594172117613,بازار فرابورس,15089.0,15589.0,14461.0,14487.0,15107.0,15040.0,7255.0,11617650.0,175503647295.0,unadjusted,TSETMC
2024-06-26,1403/04/06,1403,4,6,real_estate_funds,امین شهر,ص.س. املاک و مستغلات امین شهر,70814244102598215,بازار فرابورس,11540.0,11540.0,11511.0,11520.0,11520.0,11511.0,93.0,326908.0,3766062582.0,unadjusted,TSETMC
2024-06-26,1403/04/06,1403,4,6,real_estate_funds,دانیک,ص.س.املاک ومستغلات نیک رای,67717913151786055,بازار فرابورس,11480.0,11480.0,11330.0,11345.0,11358.0,11354.0,104.0,214709.0,2438707100.0,unadjusted,TSETMC
2024-06-29,1403/04/09,1403,4,9,real_estate_funds,ارزش مسکن,ص.س.املاک ومستغلات ارزش مسکن,71945594172117613,بازار فرابورس,14450.0,14550.0,14082.0,14141.0,14322.0,15107.0,5210.0,6958684.0,99663911952.0,unadjusted,TSETMC
2024-06-29,1403/04/09,1403,4,9,real_estate_funds,امین شهر,ص.س. املاک و مستغلات امین شهر,70814244102598215,بازار فرابورس,11520.0,11556.0,11519.0,11537.0,11525.0,11520.0,126.0,707239.0,8151020417.0,unadjusted,TSETMC
2024-06-29,1403/04/09,1403,4,9,real_estate_funds,دانیک,ص.س.املاک ومستغلات نیک رای,67717913151786055,بازار فرابورس,11301.0,11305.0,11150.0,11220.0,11208.0,11358.0,48.0,98815.0,1107526730.0,unadjusted,TSETMC
2024-06-30,1403/04/10,1403,4,10,real_estate_funds,ارزش مسکن,ص.س.املاک ومستغلات ارزش مسکن,71945594172117613,بازار فرابورس,14068.0,14180.0,13464.0,13811.0,13827.0,14322.0,2920.0,3743919.0,51768979744.0,unadjusted,TSETMC
2024-06-30,1403/04/10,1403,4,10,real_estate_funds,امین شهر,ص.س. املاک و مستغلات امین شهر,70814244102598215,بازار فرابورس,11526.0,11535.0,11523.0,11525.0,11525.0,11525.0,129.0,494965.0,5704654586.0,unadjusted,TSETMC
2024-06-30,1403/04/10,1403,4,10,real_estate_funds,دانیک,ص.س.املاک ومستغلات نیک رای,67717913151786055,بازار فرابورس,11200.0,11200.0,11000.0,11149.0,11133.0,11208.0,33.0,39784.0,442921385.0,unadjusted,TSETMC
2024-07-01,1403/04/11,1403,4,11,real_estate_funds,ارزش مسکن,ص.س.املاک ومستغلات ارزش مسکن,71945594172117613,بازار فرابورس,13900.0,14348.0,13800.0,14163.0,14021.0,13827.0,3361.0,5319645.0,74587923169.0,unadjusted,TSETMC
2024-07-01,1403/04/11,1403,4,11,real_estate_funds,امین شهر,ص.س. املاک و مستغلات امین شهر,70814244102598215,بازار فرابورس,11525.0,11553.0,11525.0,11545.0,11533.0,11525.0,78.0,290203.0,3346917621.0,unadjusted,TSETMC
2024-07-01,1403/04/11,1403,4,11,real_estate_funds,دانیک,ص.س.املاک ومستغلات نیک رای,67717913151786055,بازار فرابورس,11209.0,11209.0,11103.0,11209.0,11153.0,11133.0,15.0,13524.0,150831160.0,unadjusted,TSETMC
2024-07-02,1403/04/12,1403,4,12,real_estate_funds,ارزش مسکن,ص.س.املاک ومستغلات ارزش مسکن,71945594172117613,بازار فرابورس,14200.0,14360.0,14120.0,14158.0,14244.0,14021.0,2698.0,4068477.0,57951015300.0,unadjusted,TSETMC
2024-07-02,1403/04/12,1403,4,12,real_estate_funds,امین شهر,ص.س. املاک و مستغلات امین شهر,70814244102598215,بازار فرابورس,11534.0,11586.0,11533.0,11556.0,11551.0,11533.0,101.0,2842613.0,32835066580.0,unadjusted,TSETMC
2024-07-02,1403/04/12,1403,4,12,real_estate_funds,دانیک,ص.س.املاک ومستغلات نیک رای,67717913151786055,بازار فرابورس,11259.0,11259.0,10960.0,11000.0,11022.0,11153.0,63.0,278806.0,3072906412.0,unadjusted,TSETMC
2024-07-03,1403/04/13,1403,4,13,real_estate_funds,ارزش مسکن,ص.س.املاک ومستغلات ارزش مسکن,71945594172117613,بازار فرابورس,14130.0,14311.0,13864.0,14192.0,14112.0,14244.0,3514.0,5597215.0,78988970997.0,unadjusted,TSETMC
2024-07-03,1403/04/13,1403,4,13,real_estate_funds,امین شهر,ص.س. املاک و مستغلات امین شهر,70814244102598215,بازار فرابورس,11582.0,11582.0,11552.0,11565.0,11562.0,11551.0,145.0,838607.0,9695698944.0,unadjusted,TSETMC
2024-07-03,1403/04/13,1403,4,13,real_estate_funds,دانیک,ص.س.املاک ومستغلات نیک رای,67717913151786055,بازار فرابورس,11100.0,11689.0,11100.0,11410.0,11403.0,11022.0,117.0,1162949.0,13261317766.0,unadjusted,TSETMC
2024-07-06,1403/04/16,1403,4,16,real_estate_funds,ارزش مسکن,ص.س.املاک ومستغلات ارزش مسکن,71945594172117613,بازار فرابورس,15018.0,15450.0,14810.0,15014.0,15109.0,14112.0,6899.0,12540961.0,189475892817.0,unadjusted,TSETMC
2024-07-06,1403/04/16,1403,4,16,real_estate_funds,امین شهر,ص.س. املاک و مستغلات امین شهر,70814244102598215,بازار فرابورس,11588.0,11606.0,11551.0,11563.0,11565.0,11562.0,210.0,2808494.0,32479898136.0,unadjusted,TSETMC
2024-07-06,1403/04/16,1403,4,16,real_estate_funds,دانیک,ص.س.املاک ومستغلات نیک رای,67717913151786055,بازار فرابورس,11889.0,12300.0,11593.0,12019.0,11954.0,11403.0,113.0,182526.0,2181882367.0,unadjusted,TSETMC
2024-07-06,1403/04/16,1403,4,16,real_estate_funds,مالک آتیه,ص.س.املاک و مستغلات مالک آتیه,37118058361762279,بازار فرابورس,10500.0,10500.0,10494.0,10494.0,10497.0,10000.0,58.0,559760.0,5875794413.0,unadjusted,TSETMC
2024-07-07,1403/04/17,1403,4,17,real_estate_funds,ارزش مسکن,ص.س.املاک ومستغلات ارزش مسکن,71945594172117613,بازار فرابورس,14895.0,14895.0,14133.0,14135.0,14296.0,15109.0,4921.0,7519348.0,107493291422.0,unadjusted,TSETMC
2024-07-07,1403/04/17,1403,4,17,real_estate_funds,امین شهر,ص.س. املاک و مستغلات امین شهر,70814244102598215,بازار فرابورس,11565.0,11600.0,11565.0,11565.0,11569.0,11565.0,106.0,449365.0,5198795097.0,unadjusted,TSETMC
2024-07-07,1403/04/17,1403,4,17,real_estate_funds,دانیک,ص.س.املاک ومستغلات نیک رای,67717913151786055,بازار فرابورس,12297.0,12297.0,11514.0,11949.0,11887.0,11954.0,74.0,151305.0,1798502852.0,unadjusted,TSETMC
2024-07-07,1403/04/17,1403,4,17,real_estate_funds,مالک آتیه,ص.س.املاک و مستغلات مالک آتیه,37118058361762279,بازار فرابورس,10497.0,10503.0,10044.0,10501.0,10500.0,10497.0,415.0,10194030.0,107034841629.0,unadjusted,TSETMC
2024-07-08,1403/04/18,1403,4,18,real_estate_funds,ارزش مسکن,ص.س.املاک ومستغلات ارزش مسکن,71945594172117613,بازار فرابورس,14100.0,14199.0,13880.0,14170.0,14046.0,14296.0,3713.0,5447557.0,76517044824.0,unadjusted,TSETMC
2024-07-08,1403/04/18,1403,4,18,real_estate_funds,امین شهر,ص.س. املاک و مستغلات امین شهر,70814244102598215,بازار فرابورس,11571.0,11576.0,11569.0,11575.0,11569.0,11569.0,177.0,353699.0,4092053361.0,unadjusted,TSETMC
2024-07-08,1403/04/18,1403,4,18,real_estate_funds,دانیک,ص.س.املاک ومستغلات نیک رای,67717913151786055,بازار فرابورس,11557.0,11899.0,11557.0,11799.0,11684.0,11887.0,52.0,51363.0,600138894.0,unadjusted,TSETMC
2024-07-08,1403/04/18,1403,4,18,real_estate_funds,مالک آتیه,ص.س.املاک و مستغلات مالک آتیه,37118058361762279,بازار فرابورس,10540.0,10540.0,10501.0,10504.0,10503.0,10500.0,161.0,1967320.0,20662367196.0,unadjusted,TSETMC
2024-07-09,1403/04/19,1403,4,19,real_estate_funds,ارزش مسکن,ص.س.املاک ومستغلات ارزش مسکن,71945594172117613,بازار فرابورس,14100.0,14300.0,14020.0,14022.0,14104.0,14046.0,1678.0,2087908.0,29448017273.0,unadjusted,TSETMC
2024-07-09,1403/04/19,1403,4,19,real_estate_funds,امین شهر,ص.س. املاک و مستغلات امین شهر,70814244102598215,بازار فرابورس,11575.0,11595.0,11567.0,11594.0,11573.0,11569.0,117.0,666595.0,7714410211.0,unadjusted,TSETMC
2024-07-09,1403/04/19,1403,4,19,real_estate_funds,دانیک,ص.س.املاک ومستغلات نیک رای,67717913151786055,بازار فرابورس,11849.0,11849.0,11564.0,11630.0,11607.0,11684.0,27.0,35354.0,410345089.0,unadjusted,TSETMC
2024-07-09,1403/04/19,1403,4,19,real_estate_funds,مالک آتیه,ص.س.املاک و مستغلات مالک آتیه,37118058361762279,بازار فرابورس,10507.0,10508.0,10505.0,10508.0,10506.0,10503.0,113.0,3295280.0,34621477412.0,unadjusted,TSETMC
2024-07-10,1403/04/20,1403,4,20,real_estate_funds,ارزش مسکن,ص.س.املاک ومستغلات ارزش مسکن,71945594172117613,بازار فرابورس,13975.0,14169.0,13908.0,14107.0,14060.0,14104.0,1679.0,2067634.0,29071941511.0,unadjusted,TSETMC
2024-07-10,1403/04/20,1403,4,20,real_estate_funds,امین شهر,ص.س. املاک و مستغلات امین شهر,70814244102598215,بازار فرابورس,11598.0,11607.0,11573.0,11599.0,11587.0,11573.0,109.0,464623.0,5383369218.0,unadjusted,TSETMC
2024-07-10,1403/04/20,1403,4,20,real_estate_funds,دانیک,ص.س.املاک ومستغلات نیک رای,67717913151786055,بازار فرابورس,11600.0,11702.0,11500.0,11503.0,11553.0,11607.0,36.0,22812.0,263544419.0,unadjusted,TSETMC
2024-07-10,1403/04/20,1403,4,20,real_estate_funds,مالک آتیه,ص.س.املاک و مستغلات مالک آتیه,37118058361762279,بازار فرابورس,10514.0,10520.0,10514.0,10520.0,10514.0,10506.0,77.0,647727.0,6810262053.0,unadjusted,TSETMC
2024-07-13,1403/04/23,1403,4,23,real_estate_funds,ارزش مسکن,ص.س.املاک ومستغلات ارزش مسکن,71945594172117613,بازار فرابورس,14001.0,14100.0,13850.0,13927.0,13925.0,14060.0,1306.0,1469252.0,20459184617.0,unadjusted,TSETMC
2024-07-13,1403/04/23,1403,4,23,real_estate_funds,امین شهر,ص.س. املاک و مستغلات امین شهر,70814244102598215,بازار فرابورس,11587.0,11597.0,11583.0,11591.0,11587.0,11587.0,89.0,772628.0,8952233283.0,unadjusted,TSETMC
2024-07-13,1403/04/23,1403,4,23,real_estate_funds,دانیک,ص.س.املاک ومستغلات نیک رای,67717913151786055,بازار فرابورس,11501.0,11503.0,11410.0,11430.0,11457.0,11553.0,13.0,37909.0,434311800.0,unadjusted,TSETMC
2024-07-13,1403/04/23,1403,4,23,real_estate_funds,مالک آتیه,ص.س.املاک و مستغلات مالک آتیه,37118058361762279,بازار فرابورس,10535.0,10536.0,10450.0,10500.0,10498.0,10514.0,163.0,7598729.0,79771854278.0,unadjusted,TSETMC
2024-07-14,1403/04/24,1403,4,24,real_estate_funds,ارزش مسکن,ص.س.املاک ومستغلات ارزش مسکن,71945594172117613,بازار فرابورس,13950.0,14121.0,13840.0,14021.0,13991.0,13925.0,1962.0,1883177.0,26347630858.0,unadjusted,TSETMC
2024-07-14,1403/04/24,1403,4,24,real_estate_funds,امین شهر,ص.س. املاک و مستغلات امین شهر,70814244102598215,بازار فرابورس,11587.0,11597.0,11586.0,11590.0,11587.0,11587.0,57.0,383520.0,4443965529.0,unadjusted,TSETMC
2024-07-14,1403/04/24,1403,4,24,real_estate_funds,دانیک,ص.س.املاک ومستغلات نیک رای,67717913151786055,بازار فرابورس,11548.0,11548.0,11076.0,11161.0,11151.0,11457.0,103.0,225799.0,2517888442.0,unadjusted,TSETMC
2024-07-14,1403/04/24,1403,4,24,real_estate_funds,مالک آتیه,ص.س.املاک و مستغلات مالک آتیه,37118058361762279,بازار فرابورس,10548.0,10554.0,10544.0,10545.0,10547.0,10498.0,96.0,2097629.0,22124314828.0,unadjusted,TSETMC
2024-07-17,1403/04/27,1403,4,27,real_estate_funds,ارزش مسکن,ص.س.املاک ومستغلات ارزش مسکن,71945594172117613,بازار فرابورس,13970.0,14100.0,13880.0,13884.0,13931.0,13991.0,1946.0,2231002.0,31079069206.0,unadjusted,TSETMC
2024-07-17,1403/04/27,1403,4,27,real_estate_funds,امین شهر,ص.س. املاک و مستغلات امین شهر,70814244102598215,بازار فرابورس,11587.0,11609.0,11585.0,11587.0,11587.0,11587.0,114.0,607937.0,7044117396.0,unadjusted,TSETMC
2024-07-17,1403/04/27,1403,4,27,real_estate_funds,دانیک,ص.س.املاک ومستغلات نیک رای,67717913151786055,بازار فرابورس,11200.0,11248.0,11152.0,11158.0,11199.0,11151.0,32.0,56282.0,630305518.0,unadjusted,TSETMC
2024-07-17,1403/04/27,1403,4,27,real_estate_funds,مالک آتیه,ص.س.املاک و مستغلات مالک آتیه,37118058361762279,بازار فرابورس,10570.0,10579.0,10569.0,10570.0,10569.0,10547.0,51.0,380735.0,4024037916.0,unadjusted,TSETMC
2024-07-20,1403/04/30,1403,4,30,real_estate_funds,ارزش مسکن,ص.س.املاک ومستغلات ارزش مسکن,71945594172117613,بازار فرابورس,13900.0,13901.0,13311.0,13369.0,13523.0,13931.0,2417.0,3112422.0,42090478932.0,unadjusted,TSETMC
2024-07-20,1403/04/30,1403,4,30,real_estate_funds,امین شهر,ص.س. املاک و مستغلات امین شهر,70814244102598215,بازار فرابورس,11587.0,11605.0,11586.0,11597.0,11588.0,11587.0,93.0,1020003.0,11819544873.0,unadjusted,TSETMC
2024-07-20,1403/04/30,1403,4,30,real_estate_funds,دانیک,ص.س.املاک ومستغلات نیک رای,67717913151786055,بازار فرابورس,11158.0,11592.0,11100.0,11409.0,11330.0,11199.0,47.0,86672.0,981976208.0,unadjusted,TSETMC
2024-07-20,1403/04/30,1403,4,30,real_estate_funds,مالک آتیه,ص.س.املاک و مستغلات مالک آتیه,37118058361762279,بازار فرابورس,10590.0,10602.0,10586.0,10586.0,10590.0,10569.0,72.0,1127751.0,11942423980.0,unadjusted,TSETMC
2024-07-21,1403/04/31,1403,4,31,real_estate_funds,ارزش مسکن,ص.س.املاک ومستغلات ارزش مسکن,71945594172117613,بازار فرابورس,13360.0,13550.0,13200.0,13399.0,13369.0,13523.0,2029.0,2180486.0,29151127742.0,unadjusted,TSETMC
2024-07-21,1403/04/31,1403,4,31,real_estate_funds,امین شهر,ص.س. املاک و مستغلات امین شهر,70814244102598215,بازار فرابورس,11605.0,11605.0,11587.0,11588.0,11590.0,11588.0,64.0,192069.0,2226056416.0,unadjusted,TSETMC
2024-07-21,1403/04/31,1403,4,31,real_estate_funds,دانیک,ص.س.املاک ومستغلات نیک رای,67717913151786055,بازار فرابورس,11250.0,11360.0,11020.0,11250.0,11142.0,11330.0,30.0,53966.0,601314443.0,unadjusted,TSETMC
2024-07-21,1403/04/31,1403,4,31,real_estate_funds,مالک آتیه,ص.س.املاک و مستغلات مالک آتیه,37118058361762279,بازار فرابورس,10597.0,10597.0,10589.0,10589.0,10592.0,10590.0,132.0,3847393.0,40752538639.0,unadjusted,TSETMC
2024-07-22,1403/05/01,1403,5,1,real_estate_funds,ارزش مسکن,ص.س.املاک ومستغلات ارزش مسکن,71945594172117613,بازار فرابورس,13470.0,13598.0,13251.0,13337.0,13356.0,13369.0,2383.0,2928975.0,39119804831.0,unadjusted,TSETMC
2024-07-22,1403/05/01,1403,5,1,real_estate_funds,امین شهر,ص.س. املاک و مستغلات امین شهر,70814244102598215,بازار فرابورس,11590.0,11600.0,11589.0,11597.0,11591.0,11590.0,49.0,206012.0,2387876287.0,unadjusted,TSETMC
2024-07-22,1403/05/01,1403,5,1,real_estate_funds,دانیک,ص.س.املاک ومستغلات نیک رای,67717913151786055,بازار فرابورس,11200.0,11230.0,11150.0,11160.0,11190.0,11142.0,8.0,19243.0,215320094.0,unadjusted,TSETMC
2024-07-22,1403/05/01,1403,5,1,real_estate_funds,مالک آتیه,ص.س.املاک و مستغلات مالک آتیه,37118058361762279,بازار فرابورس,10595.0,10595.0,10570.0,10594.0,10592.0,10592.0,65.0,1590415.0,16846167184.0,unadjusted,TSETMC
2024-07-23,1403/05/02,1403,5,2,real_estate_funds,ارزش مسکن,ص.س.املاک ومستغلات ارزش مسکن,71945594172117613,بازار فرابورس,13370.0,13751.0,13356.0,13370.0,13428.0,13356.0,1588.0,2225878.0,29888825520.0,unadjusted,TSETMC
2024-07-23,1403/05/02,1403,5,2,real_estate_funds,امین شهر,ص.س. املاک و مستغلات امین شهر,70814244102598215,بازار فرابورس,11591.0,11600.0,11591.0,11592.0,11592.0,11591.0,63.0,232345.0,2693255686.0,unadjusted,TSETMC
2024-07-23,1403/05/02,1403,5,2,real_estate_funds,دانیک,ص.س.املاک ومستغلات نیک رای,67717913151786055,بازار فرابورس,11259.0,11305.0,11160.0,11211.0,11213.0,11190.0,11.0,37150.0,416568078.0,unadjusted,TSETMC
2024-07-23,1403/05/02,1403,5,2,real_estate_funds,مالک آتیه,ص.س.املاک و مستغلات مالک آتیه,37118058361762279,بازار فرابورس,10610.0,10613.0,10600.0,10605.0,10608.0,10592.0,42.0,362345.0,3843704365.0,unadjusted,TSETMC
2024-07-24,1403/05/03,1403,5,3,real_estate_funds,ارزش مسکن,ص.س.املاک ومستغلات ارزش مسکن,71945594172117613,بازار فرابورس,13399.0,13399.0,13259.0,13269.0,13288.0,13428.0,1342.0,1456143.0,19348872467.0,unadjusted,TSETMC
2024-07-24,1403/05/03,1403,5,3,real_estate_funds,امین شهر,ص.س. املاک و مستغلات امین شهر,70814244102598215,بازار فرابورس,11592.0,11603.0,11592.0,11593.0,11595.0,11592.0,49.0,156415.0,1813687795.0,unadjusted,TSETMC
2024-07-24,1403/05/03,1403,5,3,real_estate_funds,دانیک,ص.س.املاک ومستغلات نیک رای,67717913151786055,بازار فرابورس,11100.0,11150.0,11100.0,11110.0,11117.0,11213.0,9.0,45855.0,509754750.0,unadjusted,TSETMC
2024-07-24,1403/05/03,1403,5,3,real_estate_funds,مالک آتیه,ص.س.املاک و مستغلات مالک آتیه,37118058361762279,بازار فرابورس,10617.0,10620.0,10615.0,10619.0,10616.0,10608.0,45.0,299302.0,3177419825.0,unadjusted,TSETMC
2024-07-27,1403/05/06,1403,5,6,real_estate_funds,ارزش مسکن,ص.س.املاک ومستغلات ارزش مسکن,71945594172117613,بازار فرابورس,13290.0,13290.0,13120.0,13143.0,13156.0,13288.0,1402.0,1844706.0,24268704750.0,unadjusted,TSETMC
2024-07-27,1403/05/06,1403,5,6,real_estate_funds,امین شهر,ص.س. املاک و مستغلات امین شهر,70814244102598215,بازار فرابورس,11595.0,11600.0,11595.0,11595.0,11595.0,11595.0,59.0,184549.0,2139917240.0,unadjusted,TSETMC
2024-07-27,1403/05/06,1403,5,6,real_estate_funds,دانیک,ص.س.املاک ومستغلات نیک رای,67717913151786055,بازار فرابورس,11060.0,12200.0,11050.0,11340.0,11415.0,11117.0,52.0,130840.0,1493530426.0,unadjusted,TSETMC
2024-07-27,1403/05/06,1403,5,6,real_estate_funds,مالک آتیه,ص.س.املاک و مستغلات مالک آتیه,37118058361762279,بازار فرابورس,10638.0,10639.0,10619.0,10628.0,10629.0,10616.0,48.0,412857.0,4388166677.0,unadjusted,TSETMC
2024-07-29,1403/05/08,1403,5,8,real_estate_funds,ارزش مسکن,ص.س.املاک ومستغلات ارزش مسکن,71945594172117613,بازار فرابورس,13111.0,13123.0,12835.0,12840.0,12940.0,13156.0,1423.0,1518375.0,19647542170.0,unadjusted,TSETMC
2024-07-29,1403/05/08,1403,5,8,real_estate_funds,امین شهر,ص.س. املاک و مستغلات امین شهر,70814244102598215,بازار فرابورس,11595.0,11599.0,11595.0,11595.0,11596.0,11595.0,104.0,460197.0,5336277872.0,unadjusted,TSETMC
2024-07-29,1403/05/08,1403,5,8,real_estate_funds,دانیک,ص.س.املاک ومستغلات نیک رای,67717913151786055,بازار فرابورس,11350.0,11799.0,11122.0,11380.0,11452.0,11415.0,31.0,69012.0,790315487.0,unadjusted,TSETMC
2024-07-29,1403/05/08,1403,5,8,real_estate_funds,مالک آتیه,ص.س.املاک و مستغلات مالک آتیه,37118058361762279,بازار فرابورس,10652.0,10654.0,10631.0,10631.0,10642.0,10629.0,44.0,566560.0,6029524538.0,unadjusted,TSETMC
2024-07-30,1403/05/09,1403,5,9,real_estate_funds,ارزش مسکن,ص.س.املاک ومستغلات ارزش مسکن,71945594172117613,بازار فرابورس,12800.0,13220.0,12755.0,13168.0,13039.0,12940.0,1828.0,1954511.0,25484458363.0,unadjusted,TSETMC
2024-07-30,1403/05/09,1403,5,9,real_estate_funds,امین شهر,ص.س. املاک و مستغلات امین شهر,70814244102598215,بازار فرابورس,11596.0,11600.0,11590.0,11598.0,11596.0,11596.0,124.0,2065800.0,23954875907.0,unadjusted,TSETMC
2024-07-30,1403/05/09,1403,5,9,real_estate_funds,دانیک,ص.س.املاک ومستغلات نیک رای,67717913151786055,بازار فرابورس,11499.0,11510.0,11400.0,11510.0,11429.0,11452.0,29.0,31403.0,358907401.0,unadjusted,TSETMC
2024-07-30,1403/05/09,1403,5,9,real_estate_funds,مالک آتیه,ص.س.املاک و مستغلات مالک آتیه,37118058361762279,بازار فرابورس,10659.0,10660.0,10644.0,10644.0,10650.0,10642.0,61.0,661722.0,7047562398.0,unadjusted,TSETMC
2024-07-31,1403/05/10,1403,5,10,real_estate_funds,ارزش مسکن,ص.س.املاک ومستغلات ارزش مسکن,71945594172117613,بازار فرابورس,12500.0,12790.0,12000.0,12499.0,12338.0,13039.0,3136.0,4490321.0,55401713421.0,unadjusted,TSETMC
2024-07-31,1403/05/10,1403,5,10,real_estate_funds,امین شهر,ص.س. املاک و مستغلات امین شهر,70814244102598215,بازار فرابورس,11596.0,11599.0,11594.0,11599.0,11597.0,11596.0,85.0,451800.0,5239327655.0,unadjusted,TSETMC
2024-07-31,1403/05/10,1403,5,10,real_estate_funds,دانیک,ص.س.املاک ومستغلات نیک رای,67717913151786055,بازار فرابورس,11330.0,11350.0,10950.0,10950.0,11078.0,11429.0,85.0,248093.0,2748385135.0,unadjusted,TSETMC
2024-07-31,1403/05/10,1403,5,10,real_estate_funds,مالک آتیه,ص.س.املاک و مستغلات مالک آتیه,37118058361762279,بازار فرابورس,10666.0,10666.0,10650.0,10650.0,10655.0,10650.0,68.0,769255.0,8196460823.0,unadjusted,TSETMC
2024-08-03,1403/05/13,1403,5,13,real_estate_funds,ارزش مسکن,ص.س.املاک ومستغلات ارزش مسکن,71945594172117613,بازار فرابورس,12022.0,12288.0,11711.0,11862.0,11881.0,12338.0,2082.0,2610347.0,31012565069.0,unadjusted,TSETMC
2024-08-03,1403/05/13,1403,5,13,real_estate_funds,امین شهر,ص.س. املاک و مستغلات امین شهر,70814244102598215,بازار فرابورس,11611.0,11611.0,11593.0,11599.0,11597.0,11597.0,107.0,632829.0,7338864613.0,unadjusted,TSETMC
2024-08-03,1403/05/13,1403,5,13,real_estate_funds,دانیک,ص.س.املاک ومستغلات نیک رای,67717913151786055,بازار فرابورس,10900.0,10900.0,10500.0,10600.0,10598.0,11078.0,39.0,72170.0,764844244.0,unadjusted,TSETMC
2024-08-03,1403/05/13,1403,5,13,real_estate_funds,مالک آتیه,ص.س.املاک و مستغلات مالک آتیه,37118058361762279,بازار فرابورس,10693.0,10693.0,10687.0,10688.0,10691.0,10655.0,79.0,200880.0,2147632622.0,unadjusted,TSETMC
2024-08-04,1403/05/14,1403,5,14,real_estate_funds,ارزش مسکن,ص.س.املاک ومستغلات ارزش مسکن,71945594172117613,بازار فرابورس,11833.0,12843.0,11833.0,12581.0,12544.0,11881.0,5381.0,8167468.0,102451813332.0,unadjusted,TSETMC
2024-08-04,1403/05/14,1403,5,14,real_estate_funds,امین شهر,ص.س. املاک و مستغلات امین شهر,70814244102598215,بازار فرابورس,11597.0,11610.0,11597.0,11606.0,11600.0,11597.0,61.0,148973.0,1728127604.0,unadjusted,TSETMC
2024-08-04,1403/05/14,1403,5,14,real_estate_funds,دانیک,ص.س.املاک ومستغلات نیک رای,67717913151786055,بازار فرابورس,10650.0,11340.0,10550.0,11256.0,10955.0,10598.0,104.0,267897.0,2934814663.0,unadjusted,TSETMC
2024-08-04,1403/05/14,1403,5,14,real_estate_funds,مالک آتیه,ص.س.املاک و مستغلات مالک آتیه,37118058361762279,بازار فرابورس,10695.0,10695.0,10693.0,10693.0,10694.0,10691.0,33.0,109014.0,1165773268.0,unadjusted,TSETMC
2024-08-05,1403/05/15,1403,5,15,real_estate_funds,ارزش مسکن,ص.س.املاک ومستغلات ارزش مسکن,71945594172117613,بازار فرابورس,12645.0,12730.0,12135.0,12170.0,12373.0,12544.0,3134.0,4057519.0,50202198675.0,unadjusted,TSETMC
2024-08-05,1403/05/15,1403,5,15,real_estate_funds,امین شهر,ص.س. املاک و مستغلات امین شهر,70814244102598215,بازار فرابورس,11600.0,11607.0,11599.0,11600.0,11600.0,11600.0,50.0,463453.0,5376052361.0,unadjusted,TSETMC
2024-08-05,1403/05/15,1403,5,15,real_estate_funds,دانیک,ص.س.املاک ومستغلات نیک رای,67717913151786055,بازار فرابورس,10952.0,10980.0,10800.0,10899.0,10845.0,10955.0,67.0,110316.0,1196356001.0,unadjusted,TSETMC
2024-08-05,1403/05/15,1403,5,15,real_estate_funds,مالک آتیه,ص.س.املاک و مستغلات مالک آتیه,37118058361762279,بازار فرابورس,10701.0,10703.0,10699.0,10699.0,10700.0,10694.0,29.0,88306.0,944899706.0,unadjusted,TSETMC
2024-08-06,1403/05/16,1403,5,16,real_estate_funds,ارزش مسکن,ص.س.املاک ومستغلات ارزش مسکن,71945594172117613,بازار فرابورس,12122.0,12445.0,12122.0,12348.0,12321.0,12373.0,2614.0,2484514.0,30611697451.0,unadjusted,TSETMC
2024-08-06,1403/05/16,1403,5,16,real_estate_funds,امین شهر,ص.س. املاک و مستغلات امین شهر,70814244102598215,بازار فرابورس,11600.0,11610.0,11599.0,11604.0,11600.0,11600.0,86.0,687198.0,7971641717.0,unadjusted,TSETMC
2024-08-06,1403/05/16,1403,5,16,real_estate_funds,دانیک,ص.س.املاک ومستغلات نیک رای,67717913151786055,بازار فرابورس,10808.0,11200.0,10808.0,11200.0,11031.0,10845.0,42.0,62536.0,689818068.0,unadjusted,TSETMC
2024-08-06,1403/05/16,1403,5,16,real_estate_funds,مالک آتیه,ص.س.املاک و مستغلات مالک آتیه,37118058361762279,بازار فرابورس,10708.0,10708.0,10703.0,10703.0,10706.0,10700.0,40.0,337356.0,3611808227.0,unadjusted,TSETMC
2024-08-10,1403/05/20,1403,5,20,real_estate_funds,ارزش مسکن,ص.س.املاک ومستغلات ارزش مسکن,71945594172117613,بازار فرابورس,12550.0,13040.0,12550.0,12939.0,12881.0,12321.0,4396.0,6901732.0,88900826622.0,unadjusted,TSETMC
2024-08-10,1403/05/20,1403,5,20,real_estate_funds,امین شهر,ص.س. املاک و مستغلات امین شهر,70814244102598215,بازار فرابورس,11600.0,11605.0,11598.0,11604.0,11600.0,11600.0,66.0,855178.0,9919887068.0,unadjusted,TSETMC
2024-08-10,1403/05/20,1403,5,20,real_estate_funds,دانیک,ص.س.املاک ومستغلات نیک رای,67717913151786055,بازار فرابورس,11466.0,11699.0,11200.0,11339.0,11333.0,11031.0,108.0,289802.0,3284440482.0,unadjusted,TSETMC
2024-08-10,1403/05/20,1403,5,20,real_estate_funds,مالک آتیه,ص.س.املاک و مستغلات مالک آتیه,37118058361762279,بازار فرابورس,10735.0,10735.0,10729.0,10730.0,10731.0,10706.0,28.0,131092.0,1406803880.0,unadjusted,TSETMC
2024-08-11,1403/05/21,1403,5,21,real_estate_funds,ارزش مسکن,ص.س.املاک ومستغلات ارزش مسکن,71945594172117613,بازار فرابورس,13010.0,13199.0,12931.0,13132.0,13108.0,12881.0,4221.0,6353165.0,83275849115.0,unadjusted,TSETMC
2024-08-11,1403/05/21,1403,5,21,real_estate_funds,امین شهر,ص.س. املاک و مستغلات امین شهر,70814244102598215,بازار فرابورس,11600.0,11610.0,11600.0,11601.0,11600.0,11600.0,44.0,279949.0,3247470164.0,unadjusted,TSETMC
2024-08-11,1403/05/21,1403,5,21,real_estate_funds,دانیک,ص.س.املاک ومستغلات نیک رای,67717913151786055,بازار فرابورس,11350.0,11400.0,10741.0,10868.0,10980.0,11333.0,312.0,555519.0,6099537974.0,unadjusted,TSETMC
2024-08-11,1403/05/21,1403,5,21,real_estate_funds,مالک آتیه,ص.س.املاک و مستغلات مالک آتیه,37118058361762279,بازار فرابورس,10742.0,10742.0,10733.0,10733.0,10737.0,10731.0,38.0,664948.0,7139837981.0,unadjusted,TSETMC
2024-08-12,1403/05/22,1403,5,22,real_estate_funds,ارزش مسکن,ص.س.املاک ومستغلات ارزش مسکن,71945594172117613,بازار فرابورس,13120.0,13120.0,12366.0,12372.0,12657.0,13108.0,3759.0,4754531.0,60175795688.0,unadjusted,TSETMC
2024-08-12,1403/05/22,1403,5,22,real_estate_funds,امین شهر,ص.س. املاک و مستغلات امین شهر,70814244102598215,بازار فرابورس,11600.0,11610.0,11599.0,11602.0,11600.0,11600.0,99.0,1044440.0,12115450551.0,unadjusted,TSETMC
2024-08-12,1403/05/22,1403,5,22,real_estate_funds,دانیک,ص.س.املاک ومستغلات نیک رای,67717913151786055,بازار فرابورس,10800.0,10890.0,10608.0,10659.0,10687.0,10980.0,64.0,97155.0,1038315221.0,unadjusted,TSETMC
2024-08-12,1403/05/22,1403,5,22,real_estate_funds,مالک آتیه,ص.س.املاک و مستغلات مالک آتیه,37118058361762279,بازار فرابورس,10749.0,10750.0,10735.0,10742.0,10739.0,10737.0,62.0,981454.0,10540212497.0,unadjusted,TSETMC
2024-08-13,1403/05/23,1403,5,23,real_estate_funds,ارزش مسکن,ص.س.املاک ومستغلات ارزش مسکن,71945594172117613,بازار فرابورس,12359.0,12532.0,12202.0,12450.0,12361.0,12657.0,3186.0,4336656.0,53606627435.0,unadjusted,TSETMC
2024-08-13,1403/05/23,1403,5,23,real_estate_funds,امین شهر,ص.س. املاک و مستغلات امین شهر,70814244102598215,بازار فرابورس,11600.0,11604.0,11595.0,11600.0,11600.0,11600.0,145.0,1204876.0,13976896825.0,unadjusted,TSETMC
2024-08-13,1403/05/23,1403,5,23,real_estate_funds,دانیک,ص.س.املاک ومستغلات نیک رای,67717913151786055,بازار فرابورس,10620.0,10750.0,10550.0,10660.0,10621.0,10687.0,70.0,95568.0,1015023051.0,unadjusted,TSETMC
2024-08-13,1403/05/23,1403,5,23,real_estate_funds,مالک آتیه,ص.س.املاک و مستغلات مالک آتیه,37118058361762279,بازار فرابورس,10753.0,10753.0,10654.0,10753.0,10718.0,10739.0,81.0,2619745.0,28077195891.0,unadjusted,TSETMC
2024-08-14,1403/05/24,1403,5,24,real_estate_funds,ارزش مسکن,ص.س.املاک ومستغلات ارزش مسکن,71945594172117613,بازار فرابورس,13089.0,13320.0,12700.0,13207.0,13167.0,12361.0,5839.0,10045599.0,132266416078.0,unadjusted,TSETMC
2024-08-14,1403/05/24,1403,5,24,real_estate_funds,امین شهر,ص.س. املاک و مستغلات امین شهر,70814244102598215,بازار فرابورس,11600.0,11610.0,11599.0,11601.0,11601.0,11600.0,64.0,414257.0,4805612379.0,unadjusted,TSETMC
2024-08-14,1403/05/24,1403,5,24,real_estate_funds,دانیک,ص.س.املاک ومستغلات نیک رای,67717913151786055,بازار فرابورس,10998.0,11097.0,10752.0,10900.0,10900.0,10621.0,256.0,790736.0,8619299577.0,unadjusted,TSETMC
2024-08-14,1403/05/24,1403,5,24,real_estate_funds,مالک آتیه,ص.س.املاک و مستغلات مالک آتیه,37118058361762279,بازار فرابورس,10763.0,10764.0,10761.0,10763.0,10763.0,10718.0,82.0,621051.0,6684071147.0,unadjusted,TSETMC
2024-08-17,1403/05/27,1403,5,27,real_estate_funds,ارزش مسکن,ص.س.املاک ومستغلات ارزش مسکن,71945594172117613,بازار فرابورس,13280.0,13700.0,13280.0,13567.0,13554.0,13167.0,4947.0,7317674.0,99181636427.0,unadjusted,TSETMC
2024-08-17,1403/05/27,1403,5,27,real_estate_funds,امین شهر,ص.س. املاک و مستغلات امین شهر,70814244102598215,بازار فرابورس,11601.0,11604.0,11599.0,11602.0,11601.0,11601.0,76.0,401899.0,4662511712.0,unadjusted,TSETMC
2024-08-17,1403/05/27,1403,5,27,real_estate_funds,دانیک,ص.س.املاک ومستغلات نیک رای,67717913151786055,بازار فرابورس,10900.0,11100.0,10754.0,10770.0,10920.0,10900.0,329.0,805560.0,8797073835.0,unadjusted,TSETMC
2024-08-17,1403/05/27,1403,5,27,real_estate_funds,مالک آتیه,ص.س.املاک و مستغلات مالک آتیه,37118058361762279,بازار فرابورس,10784.0,10785.0,10773.0,10784.0,10781.0,10763.0,69.0,868388.0,9361659337.0,unadjusted,TSETMC
2024-08-18,1403/05/28,1403,5,28,real_estate_funds,ارزش مسکن,ص.س.املاک ومستغلات ارزش مسکن,71945594172117613,بازار فرابورس,13630.0,13670.0,13222.0,13223.0,13407.0,13554.0,4289.0,6468012.0,86718353517.0,unadjusted,TSETMC
2024-08-18,1403/05/28,1403,5,28,real_estate_funds,امین شهر,ص.س. املاک و مستغلات امین شهر,70814244102598215,بازار فرابورس,11601.0,11602.0,11601.0,11602.0,11602.0,11601.0,36.0,212680.0,2467423109.0,unadjusted,TSETMC
2024-08-18,1403/05/28,1403,5,28,real_estate_funds,دانیک,ص.س.املاک ومستغلات نیک رای,67717913151786055,بازار فرابورس,10714.0,10850.0,10700.0,10799.0,10770.0,10920.0,252.0,583247.0,6281658669.0,unadjusted,TSETMC
2024-08-18,1403/05/28,1403,5,28,real_estate_funds,مالک آتیه,ص.س.املاک و مستغلات مالک آتیه,37118058361762279,بازار فرابورس,10791.0,10791.0,10785.0,10790.0,10789.0,10781.0,52.0,848420.0,9153218981.0,unadjusted,TSETMC
2024-08-19,1403/05/29,1403,5,29,real_estate_funds,ارزش مسکن,ص.س.املاک ومستغلات ارزش مسکن,71945594172117613,بازار فرابورس,13226.0,13299.0,12802.0,12807.0,12934.0,13407.0,4933.0,6916264.0,89452586513.0,unadjusted,TSETMC
2024-08-19,1403/05/29,1403,5,29,real_estate_funds,امین شهر,ص.س. املاک و مستغلات امین شهر,70814244102598215,بازار فرابورس,11602.0,11604.0,11601.0,11602.0,11602.0,11602.0,196.0,4390903.0,50943319187.0,unadjusted,TSETMC
2024-08-19,1403/05/29,1403,5,29,real_estate_funds,دانیک,ص.س.املاک ومستغلات نیک رای,67717913151786055,بازار فرابورس,10651.0,10700.0,10490.0,10613.0,10575.0,10770.0,295.0,667308.0,7057098400.0,unadjusted,TSETMC
2024-08-19,1403/05/29,1403,5,29,real_estate_funds,مالک آتیه,ص.س.املاک و مستغلات مالک آتیه,37118058361762279,بازار فرابورس,10799.0,10799.0,10791.0,10799.0,10796.0,10789.0,79.0,1044343.0,11274975985.0,unadjusted,TSETMC
2024-08-20,1403/05/30,1403,5,30,real_estate_funds,ارزش مسکن,ص.س.املاک ومستغلات ارزش مسکن,71945594172117613,بازار فرابورس,12810.0,13189.0,12650.0,13157.0,12972.0,12934.0,4876.0,7008414.0,90912035565.0,unadjusted,TSETMC
2024-08-20,1403/05/30,1403,5,30,real_estate_funds,امین شهر,ص.س. املاک و مستغلات امین شهر,70814244102598215,بازار فرابورس,11602.0,11603.0,11602.0,11602.0,11602.0,11602.0,29.0,261023.0,3028392657.0,unadjusted,TSETMC
2024-08-20,1403/05/30,1403,5,30,real_estate_funds,دانیک,ص.س.املاک ومستغلات نیک رای,67717913151786055,بازار فرابورس,10700.0,10800.0,10551.0,10691.0,10659.0,10575.0,87.0,121780.0,1298064022.0,unadjusted,TSETMC
2024-08-20,1403/05/30,1403,5,30,real_estate_funds,مالک آتیه,ص.س.املاک و مستغلات مالک آتیه,37118058361762279,بازار فرابورس,10806.0,10806.0,10798.0,10805.0,10802.0,10796.0,47.0,893987.0,9657047636.0,unadjusted,TSETMC
2024-08-21,1403/05/31,1403,5,31,real_estate_funds,ارزش مسکن,ص.س.املاک ومستغلات ارزش مسکن,71945594172117613,بازار فرابورس,13251.0,13385.0,13053.0,13215.0,13209.0,12972.0,5032.0,8121686.0,107275377752.0,unadjusted,TSETMC
2024-08-21,1403/05/31,1403,5,31,real_estate_funds,امین شهر,ص.س. املاک و مستغلات امین شهر,70814244102598215,بازار فرابورس,11603.0,11611.0,11601.0,11611.0,11603.0,11602.0,67.0,217223.0,2520381532.0,unadjusted,TSETMC
2024-08-21,1403/05/31,1403,5,31,real_estate_funds,دانیک,ص.س.املاک ومستغلات نیک رای,67717913151786055,بازار فرابورس,10701.0,10748.0,10550.0,10639.0,10624.0,10659.0,195.0,158666.0,1685693680.0,unadjusted,TSETMC
2024-08-21,1403/05/31,1403,5,31,real_estate_funds,مالک آتیه,ص.س.املاک و مستغلات مالک آتیه,37118058361762279,بازار فرابورس,10813.0,10813.0,10800.0,10801.0,10805.0,10802.0,107.0,3464898.0,37436499280.0,unadjusted,TSETMC
2024-08-24,1403/06/03,1403,6,3,real_estate_funds,ارزش مسکن,ص.س.املاک ومستغلات ارزش مسکن,71945594172117613,بازار فرابورس,13270.0,13589.0,13015.0,13524.0,13476.0,13209.0,4798.0,8203977.0,110557768435.0,unadjusted,TSETMC
2024-08-24,1403/06/03,1403,6,3,real_estate_funds,امین شهر,ص.س. املاک و مستغلات امین شهر,70814244102598215,بازار فرابورس,11603.0,11604.0,11260.0,11474.0,11481.0,11603.0,572.0,5695791.0,65390995143.0,unadjusted,TSETMC
2024-08-24,1403/06/03,1403,6,3,real_estate_funds,دانیک,ص.س.املاک ومستغلات نیک رای,67717913151786055,بازار فرابورس,10700.0,10769.0,10610.0,10650.0,10705.0,10624.0,99.0,98522.0,1054720370.0,unadjusted,TSETMC
2024-08-24,1403/06/03,1403,6,3,real_estate_funds,مالک آتیه,ص.س.املاک و مستغلات مالک آتیه,37118058361762279,بازار فرابورس,10834.0,10834.0,10824.0,10834.0,10831.0,10805.0,38.0,768075.0,8318841169.0,unadjusted,TSETMC
2024-08-26,1403/06/05,1403,6,5,real_estate_funds,ارزش مسکن,ص.س.املاک ومستغلات ارزش مسکن,71945594172117613,بازار فرابورس,13320.0,13480.0,13080.0,13102.0,13223.0,13476.0,4428.0,6781311.0,89667551867.0,unadjusted,TSETMC
2024-08-26,1403/06/05,1403,6,5,real_estate_funds,امین شهر,ص.س. املاک و مستغلات امین شهر,70814244102598215,بازار فرابورس,11587.0,11587.0,11310.0,11483.0,11481.0,11481.0,164.0,1612701.0,18515546848.0,unadjusted,TSETMC
2024-08-26,1403/06/05,1403,6,5,real_estate_funds,دانیک,ص.س.املاک ومستغلات نیک رای,67717913151786055,بازار فرابورس,10699.0,10699.0,10551.0,10661.0,10622.0,10705.0,111.0,150686.0,1600522804.0,unadjusted,TSETMC
2024-08-26,1403/06/05,1403,6,5,real_estate_funds,مالک آتیه,ص.س.املاک و مستغلات مالک آتیه,37118058361762279,بازار فرابورس,10847.0,10848.0,10838.0,10839.0,10842.0,10831.0,42.0,1148928.0,12457061350.0,unadjusted,TSETMC
2024-08-27,1403/06/06,1403,6,6,real_estate_funds,ارزش مسکن,ص.س.املاک ومستغلات ارزش مسکن,71945594172117613,بازار فرابورس,13100.0,13420.0,13052.0,13379.0,13290.0,13223.0,5019.0,7799927.0,103661864430.0,unadjusted,TSETMC
2024-08-27,1403/06/06,1403,6,6,real_estate_funds,امین شهر,ص.س. املاک و مستغلات امین شهر,70814244102598215,بازار فرابورس,11609.0,11609.0,11478.0,11483.0,11481.0,11481.0,49.0,269994.0,3099868593.0,unadjusted,TSETMC
2024-08-27,1403/06/06,1403,6,6,real_estate_funds,دانیک,ص.س.املاک ومستغلات نیک رای,67717913151786055,بازار فرابورس,10622.0,10760.0,10600.0,10680.0,10685.0,10622.0,129.0,141623.0,1513308895.0,unadjusted,TSETMC
2024-08-27,1403/06/06,1403,6,6,real_estate_funds,مالک آتیه,ص.س.املاک و مستغلات مالک آتیه,37118058361762279,بازار فرابورس,10855.0,10855.0,10849.0,10849.0,10852.0,10842.0,28.0,752156.0,8162265578.0,unadjusted,TSETMC
2024-08-28,1403/06/07,1403,6,7,real_estate_funds,ارزش مسکن,ص.س.املاک ومستغلات ارزش مسکن,71945594172117613,بازار فرابورس,13340.0,13725.0,13305.0,13562.0,13584.0,13290.0,5940.0,10068741.0,136771315266.0,unadjusted,TSETMC
2024-08-28,1403/06/07,1403,6,7,real_estate_funds,امین شهر,ص.س. املاک و مستغلات امین شهر,70814244102598215,بازار فرابورس,11481.0,11498.0,11477.0,11482.0,11481.0,11481.0,56.0,302907.0,3477784463.0,unadjusted,TSETMC
2024-08-28,1403/06/07,1403,6,7,real_estate_funds,دانیک,ص.س.املاک ومستغلات نیک رای,67717913151786055,بازار فرابورس,10652.0,10879.0,10652.0,10758.0,10754.0,10685.0,138.0,196036.0,2108074044.0,unadjusted,TSETMC
2024-08-28,1403/06/07,1403,6,7,real_estate_funds,مالک آتیه,ص.س.املاک و مستغلات مالک آتیه,37118058361762279,بازار فرابورس,10862.0,10862.0,10859.0,10860.0,10861.0,10852.0,28.0,576881.0,6265432676.0,unadjusted,TSETMC
2024-08-31,1403/06/10,1403,6,10,real_estate_funds,ارزش مسکن,ص.س.املاک ومستغلات ارزش مسکن,71945594172117613,بازار فرابورس,13963.0,14768.0,13855.0,14729.0,14503.0,13584.0,10270.0,19421176.0,281663034699.0,unadjusted,TSETMC
2024-08-31,1403/06/10,1403,6,10,real_estate_funds,امین شهر,ص.س. املاک و مستغلات امین شهر,70814244102598215,بازار فرابورس,11481.0,11545.0,11480.0,11481.0,11483.0,11481.0,73.0,458809.0,5268488768.0,unadjusted,TSETMC
2024-08-31,1403/06/10,1403,6,10,real_estate_funds,دانیک,ص.س.املاک ومستغلات نیک رای,67717913151786055,بازار فرابورس,10740.0,11659.0,10740.0,11218.0,11291.0,10754.0,596.0,2314491.0,26132384196.0,unadjusted,TSETMC
2024-08-31,1403/06/10,1403,6,10,real_estate_funds,مالک آتیه,ص.س.املاک و مستغلات مالک آتیه,37118058361762279,بازار فرابورس,10883.0,10884.0,10861.0,10884.0,10872.0,10861.0,62.0,1668320.0,18137366608.0,unadjusted,TSETMC
2024-09-01,1403/06/11,1403,6,11,real_estate_funds,ارزش مسکن,ص.س.املاک ومستغلات ارزش مسکن,71945594172117613,بازار فرابورس,14998.0,14999.0,14161.0,14404.0,14604.0,14503.0,9865.0,17368039.0,253636223318.0,unadjusted,TSETMC
2024-09-01,1403/06/11,1403,6,11,real_estate_funds,امین شهر,ص.س. املاک و مستغلات امین شهر,70814244102598215,بازار فرابورس,11483.0,11505.0,11483.0,11483.0,11483.0,11483.0,41.0,118535.0,1361182583.0,unadjusted,TSETMC
2024-09-01,1403/06/11,1403,6,11,real_estate_funds,دانیک,ص.س.املاک ومستغلات نیک رای,67717913151786055,بازار فرابورس,11250.0,11520.0,10854.0,10900.0,11049.0,11291.0,382.0,782177.0,8642073492.0,unadjusted,TSETMC
2024-09-01,1403/06/11,1403,6,11,real_estate_funds,مالک آتیه,ص.س.املاک و مستغلات مالک آتیه,37118058361762279,بازار فرابورس,10890.0,10891.0,10888.0,10891.0,10890.0,10872.0,38.0,437077.0,4759694987.0,unadjusted,TSETMC
2024-09-03,1403/06/13,1403,6,13,real_estate_funds,ارزش مسکن,ص.س.املاک ومستغلات ارزش مسکن,71945594172117613,بازار فرابورس,14373.0,14619.0,14200.0,14421.0,14443.0,14604.0,5208.0,8393052.0,121217587782.0,unadjusted,TSETMC
2024-09-03,1403/06/13,1403,6,13,real_estate_funds,امین شهر,ص.س. املاک و مستغلات امین شهر,70814244102598215,بازار فرابورس,11483.0,11510.0,11482.0,11486.0,11486.0,11483.0,64.0,247123.0,2838495626.0,unadjusted,TSETMC
2024-09-03,1403/06/13,1403,6,13,real_estate_funds,دانیک,ص.س.املاک ومستغلات نیک رای,67717913151786055,بازار فرابورس,10996.0,11071.0,10796.0,10910.0,10876.0,11049.0,154.0,327629.0,3563137992.0,unadjusted,TSETMC
2024-09-03,1403/06/13,1403,6,13,real_estate_funds,مالک آتیه,ص.س.املاک و مستغلات مالک آتیه,37118058361762279,بازار فرابورس,10904.0,10905.0,10900.0,10904.0,10903.0,10890.0,34.0,129449.0,1411411798.0,unadjusted,TSETMC
2024-09-07,1403/06/17,1403,6,17,real_estate_funds,ارزش مسکن,ص.س.املاک ومستغلات ارزش مسکن,71945594172117613,بازار فرابورس,14460.0,14762.0,14200.0,14321.0,14453.0,14443.0,3799.0,5471669.0,79079315687.0,unadjusted,TSETMC
2024-09-07,1403/06/17,1403,6,17,real_estate_funds,امین شهر,ص.س. املاک و مستغلات امین شهر,70814244102598215,بازار فرابورس,11486.0,11490.0,11485.0,11486.0,11486.0,11486.0,63.0,539760.0,6199666088.0,unadjusted,TSETMC
2024-09-07,1403/06/17,1403,6,17,real_estate_funds,دانیک,ص.س.املاک ومستغلات نیک رای,67717913151786055,بازار فرابورس,10900.0,11010.0,10756.0,10844.0,10861.0,10876.0,103.0,244127.0,2651537357.0,unadjusted,TSETMC
2024-09-07,1403/06/17,1403,6,17,real_estate_funds,مالک آتیه,ص.س.املاک و مستغلات مالک آتیه,37118058361762279,بازار فرابورس,10933.0,10933.0,10902.0,10904.0,10911.0,10903.0,67.0,1899259.0,20723365319.0,unadjusted,TSETMC
2024-09-08,1403/06/18,1403,6,18,real_estate_funds,ارزش مسکن,ص.س.املاک ومستغلات ارزش مسکن,71945594172117613,بازار فرابورس,14281.0,14480.0,13990.0,14300.0,14217.0,14453.0,4685.0,6742493.0,95855839103.0,unadjusted,TSETMC
2024-09-08,1403/06/18,1403,6,18,real_estate_funds,امین شهر,ص.س. املاک و مستغلات امین شهر,70814244102598215,بازار فرابورس,11486.0,11509.0,11485.0,11487.0,11487.0,11486.0,68.0,458840.0,5270621659.0,unadjusted,TSETMC
2024-09-08,1403/06/18,1403,6,18,real_estate_funds,دانیک,ص.س.املاک ومستغلات نیک رای,67717913151786055,بازار فرابورس,10790.0,10869.0,10700.0,10860.0,10782.0,10861.0,305.0,416488.0,4490697271.0,unadjusted,TSETMC
2024-09-08,1403/06/18,1403,6,18,real_estate_funds,مالک آتیه,ص.س.املاک و مستغلات مالک آتیه,37118058361762279,بازار فرابورس,10940.0,10941.0,10933.0,10933.0,10936.0,10911.0,33.0,361730.0,3955890439.0,unadjusted,TSETMC
2024-09-09,1403/06/19,1403,6,19,real_estate_funds,ارزش مسکن,ص.س.املاک ومستغلات ارزش مسکن,71945594172117613,بازار فرابورس,14380.0,14960.0,14301.0,14900.0,14755.0,14217.0,8463.0,14728996.0,217326069501.0,unadjusted,TSETMC
2024-09-09,1403/06/19,1403,6,19,real_estate_funds,امین شهر,ص.س. املاک و مستغلات امین شهر,70814244102598215,بازار فرابورس,11487.0,11507.0,11487.0,11506.0,11495.0,11487.0,48.0,259370.0,2981504188.0,unadjusted,TSETMC
2024-09-09,1403/06/19,1403,6,19,real_estate_funds,دانیک,ص.س.املاک ومستغلات نیک رای,67717913151786055,بازار فرابورس,10850.0,11150.0,10790.0,11039.0,11016.0,10782.0,287.0,663564.0,7309882582.0,unadjusted,TSETMC
2024-09-09,1403/06/19,1403,6,19,real_estate_funds,مالک آتیه,ص.س.املاک و مستغلات مالک آتیه,37118058361762279,بازار فرابورس,10948.0,10950.0,10943.0,10948.0,10947.0,10936.0,33.0,396987.0,4345907231.0,unadjusted,TSETMC
2024-09-10,1403/06/20,1403,6,20,real_estate_funds,ارزش مسکن,ص.س.املاک ومستغلات ارزش مسکن,71945594172117613,بازار فرابورس,14890.0,14968.0,14500.0,14858.0,14765.0,14755.0,5062.0,8099566.0,119590920526.0,unadjusted,TSETMC
2024-09-10,1403/06/20,1403,6,20,real_estate_funds,امین شهر,ص.س. املاک و مستغلات امین شهر,70814244102598215,بازار فرابورس,11510.0,11799.0,11510.0,11780.0,11625.0,11495.0,167.0,979945.0,11391826272.0,unadjusted,TSETMC
2024-09-10,1403/06/20,1403,6,20,real_estate_funds,دانیک,ص.س.املاک ومستغلات نیک رای,67717913151786055,بازار فرابورس,10951.0,11050.0,10900.0,11024.0,10980.0,11016.0,102.0,173601.0,1906181512.0,unadjusted,TSETMC
2024-09-10,1403/06/20,1403,6,20,real_estate_funds,مالک آتیه,ص.س.املاک و مستغلات مالک آتیه,37118058361762279,بازار فرابورس,10954.0,10955.0,10954.0,10955.0,10955.0,10947.0,14.0,102648.0,1124490192.0,unadjusted,TSETMC
2024-09-11,1403/06/21,1403,6,21,real_estate_funds,ارزش مسکن,ص.س.املاک ومستغلات ارزش مسکن,71945594172117613,بازار فرابورس,14928.0,15150.0,14832.0,15020.0,15004.0,14765.0,6021.0,10989633.0,164887249516.0,unadjusted,TSETMC
2024-09-11,1403/06/21,1403,6,21,real_estate_funds,امین شهر,ص.س. املاک و مستغلات امین شهر,70814244102598215,بازار فرابورس,11841.0,11841.0,11708.0,11815.0,11711.0,11625.0,104.0,1083148.0,12684321422.0,unadjusted,TSETMC
2024-09-11,1403/06/21,1403,6,21,real_estate_funds,دانیک,ص.س.املاک ومستغلات نیک رای,67717913151786055,بازار فرابورس,10902.0,11555.0,10802.0,11080.0,11105.0,10980.0,502.0,1742751.0,19354076041.0,unadjusted,TSETMC
2024-09-11,1403/06/21,1403,6,21,real_estate_funds,مالک آتیه,ص.س.املاک و مستغلات مالک آتیه,37118058361762279,بازار فرابورس,10961.0,10962.0,10956.0,10962.0,10959.0,10955.0,33.0,233551.0,2559526003.0,unadjusted,TSETMC
2024-09-14,1403/06/24,1403,6,24,real_estate_funds,ارزش مسکن,ص.س.املاک ومستغلات ارزش مسکن,71945594172117613,بازار فرابورس,15120.0,15120.0,14717.0,14730.0,14889.0,15004.0,4072.0,6807323.0,101354009633.0,unadjusted,TSETMC
2024-09-14,1403/06/24,1403,6,24,real_estate_funds,امین شهر,ص.س. املاک و مستغلات امین شهر,70814244102598215,بازار فرابورس,11815.0,12080.0,11812.0,12010.0,11956.0,11711.0,99.0,525673.0,6285132120.0,unadjusted,TSETMC
2024-09-14,1403/06/24,1403,6,24,real_estate_funds,دانیک,ص.س.املاک ومستغلات نیک رای,67717913151786055,بازار فرابورس,11051.0,11300.0,10956.0,11001.0,11090.0,11105.0,400.0,1219991.0,13529259461.0,unadjusted,TSETMC
2024-09-14,1403/06/24,1403,6,24,real_estate_funds,مالک آتیه,ص.س.املاک و مستغلات مالک آتیه,37118058361762279,بازار فرابورس,10984.0,10984.0,10978.0,10978.0,10981.0,10959.0,29.0,125501.0,1378085829.0,unadjusted,TSETMC
2024-09-15,1403/06/25,1403,6,25,real_estate_funds,ارزش مسکن,ص.س.املاک ومستغلات ارزش مسکن,71945594172117613,بازار فرابورس,14819.0,14819.0,14553.0,14696.0,14698.0,14889.0,2452.0,3480475.0,51156189226.0,unadjusted,TSETMC
2024-09-15,1403/06/25,1403,6,25,real_estate_funds,امین شهر,ص.س. املاک و مستغلات امین شهر,70814244102598215,بازار فرابورس,12198.0,12199.0,12100.0,12165.0,12151.0,11956.0,85.0,383175.0,4655815181.0,unadjusted,TSETMC
2024-09-15,1403/06/25,1403,6,25,real_estate_funds,دانیک,ص.س.املاک ومستغلات نیک رای,67717913151786055,بازار فرابورس,11000.0,11142.0,10850.0,11069.0,11042.0,11090.0,281.0,642874.0,7098924630.0,unadjusted,TSETMC
2024-09-15,1403/06/25,1403,6,25,real_estate_funds,مالک آتیه,ص.س.املاک و مستغلات مالک آتیه,37118058361762279,بازار فرابورس,10990.0,10991.0,10989.0,10991.0,10990.0,10981.0,7.0,23930.0,262990805.0,unadjusted,TSETMC
2024-09-16,1403/06/26,1403,6,26,real_estate_funds,ارزش مسکن,ص.س.املاک ومستغلات ارزش مسکن,71945594172117613,بازار فرابورس,14700.0,15069.0,14613.0,14818.0,14893.0,14698.0,4474.0,7577616.0,112852016566.0,unadjusted,TSETMC
2024-09-16,1403/06/26,1403,6,26,real_estate_funds,امین شهر,ص.س. املاک و مستغلات امین شهر,70814244102598215,بازار فرابورس,12198.0,12198.0,12150.0,12151.0,12151.0,12151.0,120.0,2472066.0,30038518778.0,unadjusted,TSETMC
2024-09-16,1403/06/26,1403,6,26,real_estate_funds,دانیک,ص.س.املاک ومستغلات نیک رای,67717913151786055,بازار فرابورس,10652.0,10957.0,10400.0,10748.0,10735.0,11042.0,640.0,2236243.0,24005625978.0,unadjusted,TSETMC
2024-09-16,1403/06/26,1403,6,26,real_estate_funds,مالک آتیه,ص.س.املاک و مستغلات مالک آتیه,37118058361762279,بازار فرابورس,10998.0,10998.0,10990.0,10991.0,10993.0,10990.0,21.0,274256.0,3014877232.0,unadjusted,TSETMC
2024-09-17,1403/06/27,1403,6,27,real_estate_funds,ارزش مسکن,ص.س.املاک ومستغلات ارزش مسکن,71945594172117613,بازار فرابورس,14880.0,15440.0,14865.0,15362.0,15222.0,14893.0,7676.0,14563335.0,221689420567.0,unadjusted,TSETMC
2024-09-17,1403/06/27,1403,6,27,real_estate_funds,امین شهر,ص.س. املاک و مستغلات امین شهر,70814244102598215,بازار فرابورس,12195.0,12250.0,12151.0,12250.0,12162.0,12151.0,74.0,457381.0,5562665566.0,unadjusted,TSETMC
2024-09-17,1403/06/27,1403,6,27,real_estate_funds,دانیک,ص.س.املاک ومستغلات نیک رای,67717913151786055,بازار فرابورس,10800.0,11200.0,10651.0,11020.0,10949.0,10735.0,558.0,2147417.0,23511737598.0,unadjusted,TSETMC
2024-09-17,1403/06/27,1403,6,27,real_estate_funds,مالک آتیه,ص.س.املاک و مستغلات مالک آتیه,37118058361762279,بازار فرابورس,11004.0,11007.0,10999.0,11005.0,11004.0,10993.0,35.0,455432.0,5011394964.0,unadjusted,TSETMC
2024-09-18,1403/06/28,1403,6,28,real_estate_funds,ارزش مسکن,ص.س.املاک ومستغلات ارزش مسکن,71945594172117613,بازار فرابورس,15250.0,15400.0,15050.0,15132.0,15227.0,15222.0,6331.0,11396506.0,173530925579.0,unadjusted,TSETMC
2024-09-18,1403/06/28,1403,6,28,real_estate_funds,امین شهر,ص.س. املاک و مستغلات امین شهر,70814244102598215,بازار فرابورس,12162.0,12249.0,12158.0,12210.0,12167.0,12162.0,45.0,312392.0,3800982741.0,unadjusted,TSETMC
2024-09-18,1403/06/28,1403,6,28,real_estate_funds,دانیک,ص.س.املاک ومستغلات نیک رای,67717913151786055,بازار فرابورس,10997.0,11040.0,10854.0,10854.0,10965.0,10949.0,279.0,696938.0,7642030827.0,unadjusted,TSETMC
2024-09-18,1403/06/28,1403,6,28,real_estate_funds,مالک آتیه,ص.س.املاک و مستغلات مالک آتیه,37118058361762279,بازار فرابورس,11011.0,11012.0,11004.0,11009.0,11007.0,11004.0,39.0,319504.0,3516864311.0,unadjusted,TSETMC
2024-09-22,1403/07/01,1403,7,1,real_estate_funds,ارزش مسکن,ص.س.املاک ومستغلات ارزش مسکن,71945594172117613,بازار فرابورس,15015.0,15338.0,14850.0,14860.0,14952.0,15227.0,4461.0,6461553.0,96614841719.0,unadjusted,TSETMC
2024-09-22,1403/07/01,1403,7,1,real_estate_funds,امین شهر,ص.س. املاک و مستغلات امین شهر,70814244102598215,بازار فرابورس,12210.0,12210.0,12166.0,12168.0,12168.0,12167.0,137.0,1914896.0,23301410298.0,unadjusted,TSETMC
2024-09-22,1403/07/01,1403,7,1,real_estate_funds,دانیک,ص.س.املاک ومستغلات نیک رای,67717913151786055,بازار فرابورس,10875.0,10939.0,10501.0,10748.0,10794.0,10965.0,210.0,503360.0,5433437211.0,unadjusted,TSETMC
2024-09-22,1403/07/01,1403,7,1,real_estate_funds,مالک آتیه,ص.س.املاک و مستغلات مالک آتیه,37118058361762279,بازار فرابورس,11040.0,11041.0,11039.0,11041.0,11040.0,11007.0,23.0,65504.0,723164700.0,unadjusted,TSETMC
2024-09-23,1403/07/02,1403,7,2,real_estate_funds,ارزش مسکن,ص.س.املاک ومستغلات ارزش مسکن,71945594172117613,بازار فرابورس,14905.0,15469.0,14831.0,15355.0,15302.0,14952.0,6422.0,10890869.0,166656486562.0,unadjusted,TSETMC
2024-09-23,1403/07/02,1403,7,2,real_estate_funds,امین شهر,ص.س. املاک و مستغلات امین شهر,70814244102598215,بازار فرابورس,12168.0,12209.0,12168.0,12168.0,12169.0,12168.0,73.0,308557.0,3754795540.0,unadjusted,TSETMC
2024-09-23,1403/07/02,1403,7,2,real_estate_funds,دانیک,ص.س.املاک ومستغلات نیک رای,67717913151786055,بازار فرابورس,10662.0,10983.0,10460.0,10587.0,10673.0,10794.0,844.0,3172081.0,33856380353.0,unadjusted,TSETMC
2024-09-23,1403/07/02,1403,7,2,real_estate_funds,مالک آتیه,ص.س.املاک و مستغلات مالک آتیه,37118058361762279,بازار فرابورس,11048.0,11048.0,11046.0,11046.0,11047.0,11040.0,37.0,92898.0,1026285866.0,unadjusted,TSETMC
2024-09-24,1403/07/03,1403,7,3,real_estate_funds,ارزش مسکن,ص.س.املاک ومستغلات ارزش مسکن,71945594172117613,بازار فرابورس,15300.0,15798.0,15233.0,15614.0,15636.0,15302.0,8488.0,14950797.0,233767054137.0,unadjusted,TSETMC
2024-09-24,1403/07/03,1403,7,3,real_estate_funds,امین شهر,ص.س. املاک و مستغلات امین شهر,70814244102598215,بازار فرابورس,12169.0,12210.0,12168.0,12210.0,12173.0,12169.0,99.0,732864.0,8921042618.0,unadjusted,TSETMC
2024-09-24,1403/07/03,1403,7,3,real_estate_funds,دانیک,ص.س.املاک ومستغلات نیک رای,67717913151786055,بازار فرابورس,10600.0,10666.0,10430.0,10430.0,10502.0,10673.0,1461.0,4773715.0,50132665307.0,unadjusted,TSETMC
2024-09-24,1403/07/03,1403,7,3,real_estate_funds,مالک آتیه,ص.س.املاک و مستغلات مالک آتیه,37118058361762279,بازار فرابورس,11055.0,11058.0,11052.0,11055.0,11056.0,11047.0,47.0,390957.0,4322232965.0,unadjusted,TSETMC
2024-09-25,1403/07/04,1403,7,4,real_estate_funds,ارزش مسکن,ص.س.املاک ومستغلات ارزش مسکن,71945594172117613,بازار فرابورس,15551.0,15670.0,15194.0,15230.0,15402.0,15636.0,6237.0,8628607.0,132897550314.0,unadjusted,TSETMC
2024-09-25,1403/07/04,1403,7,4,real_estate_funds,امین شهر,ص.س. املاک و مستغلات امین شهر,70814244102598215,بازار فرابورس,12173.0,12250.0,12173.0,12185.0,12175.0,12173.0,57.0,387961.0,4723481128.0,unadjusted,TSETMC
2024-09-25,1403/07/04,1403,7,4,real_estate_funds,دانیک,ص.س.املاک ومستغلات نیک رای,67717913151786055,بازار فرابورس,10350.0,10540.0,10227.0,10270.0,10328.0,10502.0,684.0,1632535.0,16860464784.0,unadjusted,TSETMC
2024-09-25,1403/07/04,1403,7,4,real_estate_funds,مالک آتیه,ص.س.املاک و مستغلات مالک آتیه,37118058361762279,بازار فرابورس,11062.0,11063.0,11056.0,11063.0,11059.0,11056.0,59.0,346996.0,3837586304.0,unadjusted,TSETMC
2024-09-28,1403/07/07,1403,7,7,real_estate_funds,ارزش مسکن,ص.س.املاک ومستغلات ارزش مسکن,71945594172117613,بازار فرابورس,14698.0,14698.0,14317.0,14340.0,14479.0,15402.0,8126.0,11252466.0,162926577511.0,unadjusted,TSETMC
2024-09-28,1403/07/07,1403,7,7,real_estate_funds,امین شهر,ص.س. املاک و مستغلات امین شهر,70814244102598215,بازار فرابورس,12175.0,12248.0,12174.0,12200.0,12177.0,12175.0,54.0,437385.0,5326187232.0,unadjusted,TSETMC
2024-09-28,1403/07/07,1403,7,7,real_estate_funds,دانیک,ص.س.املاک ومستغلات نیک رای,67717913151786055,بازار فرابورس,9998.0,10140.0,9700.0,10063.0,10029.0,10328.0,785.0,4022401.0,40341247786.0,unadjusted,TSETMC
2024-09-28,1403/07/07,1403,7,7,real_estate_funds,مالک آتیه,ص.س.املاک و مستغلات مالک آتیه,37118058361762279,بازار فرابورس,11083.0,11084.0,11080.0,11081.0,11083.0,11059.0,49.0,214456.0,2376764992.0,unadjusted,TSETMC
2024-09-28,1403/07/07,1403,7,7,real_estate_funds,کلید,صندوق س خانه آگاه-املاک,45292762906823004,بازار بورس,10000.0,10000.0,10000.0,10000.0,10000.0,10000.0,9777.0,162758283.0,1627582830000.0,unadjusted,TSETMC
2024-09-29,1403/07/08,1403,7,8,real_estate_funds,ارزش مسکن,ص.س.املاک ومستغلات ارزش مسکن,71945594172117613,بازار فرابورس,14400.0,14970.0,14354.0,14917.0,14793.0,14479.0,7175.0,11421723.0,168964880774.0,unadjusted,TSETMC
2024-09-29,1403/07/08,1403,7,8,real_estate_funds,امین شهر,ص.س. املاک و مستغلات امین شهر,70814244102598215,بازار فرابورس,12200.0,12500.0,12200.0,12258.0,12256.0,12177.0,83.0,356851.0,4373474382.0,unadjusted,TSETMC
2024-09-29,1403/07/08,1403,7,8,real_estate_funds,دانیک,ص.س.املاک ومستغلات نیک رای,67717913151786055,بازار فرابورس,10046.0,10299.0,10046.0,10260.0,10198.0,10029.0,521.0,1279633.0,13049892813.0,unadjusted,TSETMC
2024-09-29,1403/07/08,1403,7,8,real_estate_funds,مالک آتیه,ص.س.املاک و مستغلات مالک آتیه,37118058361762279,بازار فرابورس,11091.0,11093.0,11091.0,11093.0,11092.0,11083.0,37.0,191184.0,2120554531.0,unadjusted,TSETMC
2024-09-29,1403/07/08,1403,7,8,real_estate_funds,کلید,صندوق س خانه آگاه-املاک,45292762906823004,بازار بورس,10000.0,10000.0,10000.0,10000.0,10000.0,10000.0,3359.0,31816752.0,318167520000.0,unadjusted,TSETMC
2024-09-30,1403/07/09,1403,7,9,real_estate_funds,ارزش مسکن,ص.س.املاک ومستغلات ارزش مسکن,71945594172117613,بازار فرابورس,14999.0,15190.0,14836.0,14861.0,14957.0,14793.0,4535.0,6691280.0,100079833759.0,unadjusted,TSETMC
2024-09-30,1403/07/09,1403,7,9,real_estate_funds,امین شهر,ص.س. املاک و مستغلات امین شهر,70814244102598215,بازار فرابورس,12256.0,12319.0,12256.0,12310.0,12291.0,12256.0,59.0,1063866.0,13075492817.0,unadjusted,TSETMC
2024-09-30,1403/07/09,1403,7,9,real_estate_funds,دانیک,ص.س.املاک ومستغلات نیک رای,67717913151786055,بازار فرابورس,10268.0,10280.0,10132.0,10132.0,10211.0,10198.0,259.0,629761.0,6430432559.0,unadjusted,TSETMC
2024-09-30,1403/07/09,1403,7,9,real_estate_funds,مالک آتیه,ص.س.املاک و مستغلات مالک آتیه,37118058361762279,بازار فرابورس,11099.0,11099.0,11097.0,11097.0,11099.0,11092.0,23.0,131877.0,1463672884.0,unadjusted,TSETMC
2024-09-30,1403/07/09,1403,7,9,real_estate_funds,کلید,صندوق س خانه آگاه-املاک,45292762906823004,بازار بورس,10000.0,10000.0,10000.0,10000.0,10000.0,10000.0,2087.0,60587110.0,605871100000.0,unadjusted,TSETMC
2024-10-01,1403/07/10,1403,7,10,real_estate_funds,ارزش مسکن,ص.س.املاک ومستغلات ارزش مسکن,71945594172117613,بازار فرابورس,14812.0,14870.0,14572.0,14582.0,14668.0,14957.0,2839.0,3476528.0,50994020736.0,unadjusted,TSETMC
2024-10-01,1403/07/10,1403,7,10,real_estate_funds,امین شهر,ص.س. املاک و مستغلات امین شهر,70814244102598215,بازار فرابورس,12310.0,12310.0,12290.0,12291.0,12292.0,12291.0,58.0,964688.0,11857952398.0,unadjusted,TSETMC
2024-10-01,1403/07/10,1403,7,10,real_estate_funds,دانیک,ص.س.املاک ومستغلات نیک رای,67717913151786055,بازار فرابورس,10151.0,10186.0,10000.0,10002.0,10051.0,10211.0,385.0,925544.0,9302886552.0,unadjusted,TSETMC
2024-10-01,1403/07/10,1403,7,10,real_estate_funds,مالک آتیه,ص.س.املاک و مستغلات مالک آتیه,37118058361762279,بازار فرابورس,11105.0,11106.0,11105.0,11105.0,11105.0,11099.0,7.0,22869.0,253960694.0,unadjusted,TSETMC
2024-10-01,1403/07/10,1403,7,10,real_estate_funds,کلید,صندوق س خانه آگاه-املاک,45292762906823004,بازار بورس,10000.0,10000.0,10000.0,10000.0,10000.0,10000.0,4127.0,197431162.0,1974311620000.0,unadjusted,TSETMC
2024-10-02,1403/07/11,1403,7,11,real_estate_funds,ارزش مسکن,ص.س.املاک ومستغلات ارزش مسکن,71945594172117613,بازار فرابورس,14450.0,14649.0,14251.0,14499.0,14501.0,14668.0,3669.0,4980577.0,72224565189.0,unadjusted,TSETMC
2024-10-02,1403/07/11,1403,7,11,real_estate_funds,امین شهر,ص.س. املاک و مستغلات امین شهر,70814244102598215,بازار فرابورس,12293.0,12310.0,12292.0,12310.0,12302.0,12292.0,53.0,258076.0,3174881258.0,unadjusted,TSETMC
2024-10-02,1403/07/11,1403,7,11,real_estate_funds,دانیک,ص.س.املاک ومستغلات نیک رای,67717913151786055,بازار فرابورس,10020.0,10058.0,9901.0,10025.0,10006.0,10051.0,400.0,1861859.0,18630658768.0,unadjusted,TSETMC
2024-10-02,1403/07/11,1403,7,11,real_estate_funds,مالک آتیه,ص.س.املاک و مستغلات مالک آتیه,37118058361762279,بازار فرابورس,11113.0,11113.0,11105.0,11112.0,11108.0,11105.0,13.0,153294.0,1702744527.0,unadjusted,TSETMC
2024-10-05,1403/07/14,1403,7,14,real_estate_funds,ارزش مسکن,ص.س.املاک ومستغلات ارزش مسکن,71945594172117613,بازار فرابورس,14590.0,14807.0,14580.0,14664.0,14686.0,14501.0,3193.0,4460352.0,65505770899.0,unadjusted,TSETMC
2024-10-05,1403/07/14,1403,7,14,real_estate_funds,امین شهر,ص.س. املاک و مستغلات امین شهر,70814244102598215,بازار فرابورس,12315.0,12315.0,12302.0,12315.0,12313.0,12302.0,71.0,387251.0,4768410720.0,unadjusted,TSETMC
2024-10-05,1403/07/14,1403,7,14,real_estate_funds,دانیک,ص.س.املاک ومستغلات نیک رای,67717913151786055,بازار فرابورس,10022.0,10088.0,10012.0,10042.0,10042.0,10006.0,162.0,375992.0,3775776964.0,unadjusted,TSETMC
2024-10-05,1403/07/14,1403,7,14,real_estate_funds,مالک آتیه,ص.س.املاک و مستغلات مالک آتیه,37118058361762279,بازار فرابورس,11134.0,11135.0,11132.0,11135.0,11134.0,11108.0,23.0,137411.0,1529967173.0,unadjusted,TSETMC
2024-10-06,1403/07/15,1403,7,15,real_estate_funds,ارزش مسکن,ص.س.املاک ومستغلات ارزش مسکن,71945594172117613,بازار فرابورس,14635.0,14699.0,14252.0,14252.0,14377.0,14686.0,3445.0,4463695.0,64173259951.0,unadjusted,TSETMC
2024-10-06,1403/07/15,1403,7,15,real_estate_funds,امین شهر,ص.س. املاک و مستغلات امین شهر,70814244102598215,بازار فرابورس,12313.0,12390.0,12312.0,12313.0,12315.0,12313.0,67.0,445315.0,5484018960.0,unadjusted,TSETMC
2024-10-06,1403/07/15,1403,7,15,real_estate_funds,دانیک,ص.س.املاک ومستغلات نیک رای,67717913151786055,بازار فرابورس,10040.0,10040.0,10000.0,10036.0,10011.0,10042.0,169.0,408638.0,4090913746.0,unadjusted,TSETMC
2024-10-06,1403/07/15,1403,7,15,real_estate_funds,مالک آتیه,ص.س.املاک و مستغلات مالک آتیه,37118058361762279,بازار فرابورس,11142.0,11142.0,11140.0,11140.0,11141.0,11134.0,11.0,37092.0,413237077.0,unadjusted,TSETMC
2024-10-07,1403/07/16,1403,7,16,real_estate_funds,ارزش مسکن,ص.س.املاک ومستغلات ارزش مسکن,71945594172117613,بازار فرابورس,14390.0,14644.0,14390.0,14640.0,14570.0,14377.0,4755.0,7985715.0,116349295637.0,unadjusted,TSETMC
2024-10-07,1403/07/16,1403,7,16,real_estate_funds,امین شهر,ص.س. املاک و مستغلات امین شهر,70814244102598215,بازار فرابورس,12317.0,12328.0,12315.0,12316.0,12316.0,12315.0,43.0,108734.0,1339159922.0,unadjusted,TSETMC
2024-10-07,1403/07/16,1403,7,16,real_estate_funds,دانیک,ص.س.املاک ومستغلات نیک رای,67717913151786055,بازار فرابورس,10029.0,10098.0,10020.0,10041.0,10050.0,10011.0,217.0,271082.0,2724285659.0,unadjusted,TSETMC
2024-10-07,1403/07/16,1403,7,16,real_estate_funds,مالک آتیه,ص.س.املاک و مستغلات مالک آتیه,37118058361762279,بازار فرابورس,11149.0,11150.0,11148.0,11149.0,11149.0,11141.0,16.0,20290.0,226204748.0,unadjusted,TSETMC
2024-10-08,1403/07/17,1403,7,17,real_estate_funds,ارزش مسکن,ص.س.املاک ومستغلات ارزش مسکن,71945594172117613,بازار فرابورس,14780.0,14954.0,14700.0,14765.0,14827.0,14570.0,4804.0,7796388.0,115599863328.0,unadjusted,TSETMC
2024-10-08,1403/07/17,1403,7,17,real_estate_funds,امین شهر,ص.س. املاک و مستغلات امین شهر,70814244102598215,بازار فرابورس,12316.0,12324.0,12316.0,12316.0,12316.0,12316.0,111.0,2967109.0,36543019844.0,unadjusted,TSETMC
2024-10-08,1403/07/17,1403,7,17,real_estate_funds,دانیک,ص.س.املاک ومستغلات نیک رای,67717913151786055,بازار فرابورس,10079.0,10120.0,10035.0,10099.0,10084.0,10050.0,267.0,956260.0,9642851388.0,unadjusted,TSETMC
2024-10-08,1403/07/17,1403,7,17,real_estate_funds,مالک آتیه,ص.س.املاک و مستغلات مالک آتیه,37118058361762279,بازار فرابورس,11156.0,11157.0,11155.0,11157.0,11156.0,11149.0,23.0,155577.0,1735637684.0,unadjusted,TSETMC
2024-10-09,1403/07/18,1403,7,18,real_estate_funds,ارزش مسکن,ص.س.املاک ومستغلات ارزش مسکن,71945594172117613,بازار فرابورس,14800.0,14869.0,14703.0,14716.0,14786.0,14827.0,3108.0,4564364.0,67486588313.0,unadjusted,TSETMC
2024-10-09,1403/07/18,1403,7,18,real_estate_funds,امین شهر,ص.س. املاک و مستغلات امین شهر,70814244102598215,بازار فرابورس,12316.0,12328.0,12316.0,12328.0,12316.0,12316.0,29.0,133141.0,1639769381.0,unadjusted,TSETMC
2024-10-09,1403/07/18,1403,7,18,real_estate_funds,دانیک,ص.س.املاک ومستغلات نیک رای,67717913151786055,بازار فرابورس,10032.0,10107.0,10032.0,10084.0,10082.0,10084.0,106.0,661359.0,6667710954.0,unadjusted,TSETMC
2024-10-09,1403/07/18,1403,7,18,real_estate_funds,مالک آتیه,ص.س.املاک و مستغلات مالک آتیه,37118058361762279,بازار فرابورس,11163.0,11165.0,11162.0,11164.0,11164.0,11156.0,18.0,117078.0,1307002059.0,unadjusted,TSETMC
2024-10-12,1403/07/21,1403,7,21,real_estate_funds,ارزش مسکن,ص.س.املاک ومستغلات ارزش مسکن,71945594172117613,بازار فرابورس,14827.0,15230.0,14802.0,15143.0,15094.0,14786.0,5820.0,10619796.0,160293259127.0,unadjusted,TSETMC
2024-10-12,1403/07/21,1403,7,21,real_estate_funds,امین شهر,ص.س. املاک و مستغلات امین شهر,70814244102598215,بازار فرابورس,12316.0,12350.0,12316.0,12349.0,12322.0,12316.0,32.0,233427.0,2876191605.0,unadjusted,TSETMC
2024-10-12,1403/07/21,1403,7,21,real_estate_funds,دانیک,ص.س.املاک ومستغلات نیک رای,67717913151786055,بازار فرابورس,10120.0,10293.0,10089.0,10137.0,10137.0,10082.0,310.0,765766.0,7762901552.0,unadjusted,TSETMC
2024-10-12,1403/07/21,1403,7,21,real_estate_funds,مالک آتیه,ص.س.املاک و مستغلات مالک آتیه,37118058361762279,بازار فرابورس,11185.0,11186.0,11185.0,11186.0,11185.0,11164.0,18.0,85779.0,959451908.0,unadjusted,TSETMC
2024-10-13,1403/07/22,1403,7,22,real_estate_funds,ارزش مسکن,ص.س.املاک ومستغلات ارزش مسکن,71945594172117613,بازار فرابورس,15050.0,15174.0,14735.0,14768.0,14880.0,15094.0,6969.0,7380247.0,109819909852.0,unadjusted,TSETMC
2024-10-13,1403/07/22,1403,7,22,real_estate_funds,امین شهر,ص.س. املاک و مستغلات امین شهر,70814244102598215,بازار فرابورس,12322.0,12499.0,12322.0,12360.0,12352.0,12322.0,85.0,260651.0,3219620488.0,unadjusted,TSETMC
2024-10-13,1403/07/22,1403,7,22,real_estate_funds,دانیک,ص.س.املاک ومستغلات نیک رای,67717913151786055,بازار فرابورس,10141.0,10220.0,10141.0,10177.0,10183.0,10137.0,345.0,676054.0,6884135548.0,unadjusted,TSETMC
2024-10-13,1403/07/22,1403,7,22,real_estate_funds,مالک آتیه,ص.س.املاک و مستغلات مالک آتیه,37118058361762279,بازار فرابورس,11192.0,11195.0,11192.0,11193.0,11194.0,11185.0,33.0,118257.0,1323710539.0,unadjusted,TSETMC
2024-10-14,1403/07/23,1403,7,23,real_estate_funds,ارزش مسکن,ص.س.املاک ومستغلات ارزش مسکن,71945594172117613,بازار فرابورس,14621.0,14760.0,14180.0,14229.0,14317.0,14880.0,5182.0,7404169.0,106004838807.0,unadjusted,TSETMC
2024-10-14,1403/07/23,1403,7,23,real_estate_funds,امین شهر,ص.س. املاک و مستغلات امین شهر,70814244102598215,بازار فرابورس,12352.0,12495.0,12352.0,12375.0,12375.0,12352.0,83.0,349979.0,4330929918.0,unadjusted,TSETMC
2024-10-14,1403/07/23,1403,7,23,real_estate_funds,دانیک,ص.س.املاک ومستغلات نیک رای,67717913151786055,بازار فرابورس,10135.0,10183.0,10031.0,10091.0,10085.0,10183.0,207.0,529174.0,5336620451.0,unadjusted,TSETMC
2024-10-14,1403/07/23,1403,7,23,real_estate_funds,مالک آتیه,ص.س.املاک و مستغلات مالک آتیه,37118058361762279,بازار فرابورس,11199.0,11200.0,11194.0,11199.0,11198.0,11194.0,22.0,108432.0,1214180556.0,unadjusted,TSETMC
2024-10-15,1403/07/24,1403,7,24,real_estate_funds,ارزش مسکن,ص.س.املاک ومستغلات ارزش مسکن,71945594172117613,بازار فرابورس,14201.0,14250.0,14080.0,14164.0,14159.0,14317.0,3036.0,4098374.0,58030739786.0,unadjusted,TSETMC
2024-10-15,1403/07/24,1403,7,24,real_estate_funds,امین شهر,ص.س. املاک و مستغلات امین شهر,70814244102598215,بازار فرابورس,12377.0,12381.0,12375.0,12380.0,12379.0,12375.0,61.0,271480.0,3360737429.0,unadjusted,TSETMC
2024-10-15,1403/07/24,1403,7,24,real_estate_funds,دانیک,ص.س.املاک ومستغلات نیک رای,67717913151786055,بازار فرابورس,10052.0,10099.0,10015.0,10016.0,10061.0,10085.0,198.0,191570.0,1927433788.0,unadjusted,TSETMC
2024-10-15,1403/07/24,1403,7,24,real_estate_funds,مالک آتیه,ص.س.املاک و مستغلات مالک آتیه,37118058361762279,بازار فرابورس,11207.0,11208.0,11207.0,11207.0,11207.0,11198.0,13.0,13200.0,147933219.0,unadjusted,TSETMC
2024-10-15,1403/07/24,1403,7,24,real_estate_funds,کلید,صندوق س خانه آگاه-املاک,45292762906823004,بازار بورس,10060.0,10100.0,10060.0,10070.0,10070.0,10000.0,1117.0,10699313.0,107711359040.0,unadjusted,TSETMC
2024-10-16,1403/07/25,1403,7,25,real_estate_funds,ارزش مسکن,ص.س.املاک ومستغلات ارزش مسکن,71945594172117613,بازار فرابورس,14210.0,14360.0,14120.0,14171.0,14223.0,14159.0,3586.0,5412660.0,76984865668.0,unadjusted,TSETMC
2024-10-16,1403/07/25,1403,7,25,real_estate_funds,امین شهر,ص.س. املاک و مستغلات امین شهر,70814244102598215,بازار فرابورس,12380.0,12390.0,12379.0,12379.0,12381.0,12379.0,48.0,224183.0,2775577631.0,unadjusted,TSETMC
2024-10-16,1403/07/25,1403,7,25,real_estate_funds,دانیک,ص.س.املاک ومستغلات نیک رای,67717913151786055,بازار فرابورس,10040.0,10070.0,10020.0,10042.0,10042.0,10061.0,154.0,496953.0,4990642657.0,unadjusted,TSETMC
2024-10-16,1403/07/25,1403,7,25,real_estate_funds,مالک آتیه,ص.س.املاک و مستغلات مالک آتیه,37118058361762279,بازار فرابورس,11214.0,11216.0,11207.0,11207.0,11211.0,11207.0,68.0,702656.0,7877601444.0,unadjusted,TSETMC
2024-10-16,1403/07/25,1403,7,25,real_estate_funds,کلید,صندوق س خانه آگاه-املاک,45292762906823004,بازار بورس,10060.0,10130.0,10060.0,10120.0,10080.0,10070.0,1239.0,20423624.0,205824011100.0,unadjusted,TSETMC
2024-10-19,1403/07/28,1403,7,28,real_estate_funds,ارزش مسکن,ص.س.املاک ومستغلات ارزش مسکن,71945594172117613,بازار فرابورس,14000.0,14120.0,13330.0,13382.0,13509.0,14223.0,5107.0,7749219.0,104687281035.0,unadjusted,TSETMC
2024-10-19,1403/07/28,1403,7,28,real_estate_funds,امین شهر,ص.س. املاک و مستغلات امین شهر,70814244102598215,بازار فرابورس,12390.0,12390.0,12381.0,12381.0,12381.0,12381.0,58.0,657644.0,8142338341.0,unadjusted,TSETMC
2024-10-19,1403/07/28,1403,7,28,real_estate_funds,دانیک,ص.س.املاک ومستغلات نیک رای,67717913151786055,بازار فرابورس,10042.0,10058.0,9950.0,10003.0,9987.0,10042.0,188.0,371733.0,3712489960.0,unadjusted,TSETMC
2024-10-19,1403/07/28,1403,7,28,real_estate_funds,مالک آتیه,ص.س.املاک و مستغلات مالک آتیه,37118058361762279,بازار فرابورس,0.0,11237.0,11235.0,11236.0,11236.0,11211.0,14.0,61803.0,694424571.0,unadjusted,TSETMC
2024-10-19,1403/07/28,1403,7,28,real_estate_funds,کلید,صندوق س خانه آگاه-املاک,45292762906823004,بازار بورس,10090.0,10370.0,10090.0,10130.0,10150.0,10080.0,2179.0,24768477.0,251481729650.0,unadjusted,TSETMC
2024-10-20,1403/07/29,1403,7,29,real_estate_funds,ارزش مسکن,ص.س.املاک ومستغلات ارزش مسکن,71945594172117613,بازار فرابورس,13400.0,13527.0,13020.0,13385.0,13198.0,13509.0,4024.0,5807682.0,76648118831.0,unadjusted,TSETMC
2024-10-20,1403/07/29,1403,7,29,real_estate_funds,امین شهر,ص.س. املاک و مستغلات امین شهر,70814244102598215,بازار فرابورس,12381.0,12385.0,12381.0,12385.0,12381.0,12381.0,48.0,391523.0,4847569529.0,unadjusted,TSETMC
2024-10-20,1403/07/29,1403,7,29,real_estate_funds,دانیک,ص.س.املاک ومستغلات نیک رای,67717913151786055,بازار فرابورس,9955.0,10000.0,9920.0,9990.0,9987.0,9987.0,108.0,318207.0,3177823930.0,unadjusted,TSETMC
2024-10-20,1403/07/29,1403,7,29,real_estate_funds,مالک آتیه,ص.س.املاک و مستغلات مالک آتیه,37118058361762279,بازار فرابورس,11243.0,11244.0,11200.0,11244.0,11237.0,11236.0,75.0,1136779.0,12774276645.0,unadjusted,TSETMC
2024-10-20,1403/07/29,1403,7,29,real_estate_funds,کلید,صندوق س خانه آگاه-املاک,45292762906823004,بازار بورس,10140.0,10140.0,10100.0,10100.0,10110.0,10150.0,1036.0,11470164.0,115911150570.0,unadjusted,TSETMC
2024-10-21,1403/07/30,1403,7,30,real_estate_funds,ارزش مسکن,ص.س.املاک ومستغلات ارزش مسکن,71945594172117613,بازار فرابورس,13479.0,13550.0,13312.0,13510.0,13447.0,13198.0,4782.0,7204133.0,96872844559.0,unadjusted,TSETMC
2024-10-21,1403/07/30,1403,7,30,real_estate_funds,امین شهر,ص.س. املاک و مستغلات امین شهر,70814244102598215,بازار فرابورس,12381.0,12395.0,12381.0,12395.0,12390.0,12381.0,49.0,69449.0,860470764.0,unadjusted,TSETMC
2024-10-21,1403/07/30,1403,7,30,real_estate_funds,دانیک,ص.س.املاک ومستغلات نیک رای,67717913151786055,بازار فرابورس,10016.0,10018.0,9954.0,9980.0,9997.0,9987.0,161.0,468461.0,4683266039.0,unadjusted,TSETMC
2024-10-21,1403/07/30,1403,7,30,real_estate_funds,مالک آتیه,ص.س.املاک و مستغلات مالک آتیه,37118058361762279,بازار فرابورس,11252.0,11252.0,11248.0,11251.0,11251.0,11237.0,21.0,95396.0,1073277231.0,unadjusted,TSETMC
2024-10-21,1403/07/30,1403,7,30,real_estate_funds,کلید,صندوق س خانه آگاه-املاک,45292762906823004,بازار بورس,10100.0,10130.0,10100.0,10110.0,10110.0,10110.0,652.0,8826349.0,89251351910.0,unadjusted,TSETMC
2024-10-22,1403/08/01,1403,8,1,real_estate_funds,ارزش مسکن,ص.س.املاک ومستغلات ارزش مسکن,71945594172117613,بازار فرابورس,13555.0,13700.0,13160.0,13277.0,13441.0,13447.0,4326.0,5591525.0,75153846825.0,unadjusted,TSETMC
2024-10-22,1403/08/01,1403,8,1,real_estate_funds,امین شهر,ص.س. املاک و مستغلات امین شهر,70814244102598215,بازار فرابورس,12395.0,12400.0,12389.0,12400.0,12390.0,12390.0,46.0,383966.0,4757395290.0,unadjusted,TSETMC
2024-10-22,1403/08/01,1403,8,1,real_estate_funds,دانیک,ص.س.املاک ومستغلات نیک رای,67717913151786055,بازار فرابورس,9992.0,9992.0,9801.0,9907.0,9850.0,9997.0,193.0,204927.0,2018571601.0,unadjusted,TSETMC
2024-10-22,1403/08/01,1403,8,1,real_estate_funds,مالک آتیه,ص.س.املاک و مستغلات مالک آتیه,37118058361762279,بازار فرابورس,11258.0,11259.0,11258.0,11259.0,11258.0,11251.0,25.0,26390.0,297102936.0,unadjusted,TSETMC
2024-10-22,1403/08/01,1403,8,1,real_estate_funds,کلید,صندوق س خانه آگاه-املاک,45292762906823004,بازار بورس,10120.0,10150.0,10110.0,10140.0,10140.0,10110.0,740.0,15957626.0,161824537600.0,unadjusted,TSETMC
2024-10-23,1403/08/02,1403,8,2,real_estate_funds,ارزش مسکن,ص.س.املاک ومستغلات ارزش مسکن,71945594172117613,بازار فرابورس,13300.0,13300.0,12900.0,12914.0,13002.0,13441.0,4211.0,5177423.0,67318253299.0,unadjusted,TSETMC
2024-10-23,1403/08/02,1403,8,2,real_estate_funds,امین شهر,ص.س. املاک و مستغلات امین شهر,70814244102598215,بازار فرابورس,12390.0,12406.0,12390.0,12403.0,12403.0,12390.0,74.0,673065.0,8348345652.0,unadjusted,TSETMC
2024-10-23,1403/08/02,1403,8,2,real_estate_funds,دانیک,ص.س.املاک ومستغلات نیک رای,67717913151786055,بازار فرابورس,9800.0,9880.0,9505.0,9675.0,9675.0,9850.0,178.0,125345.0,1212764421.0,unadjusted,TSETMC
2024-10-23,1403/08/02,1403,8,2,real_estate_funds,مالک آتیه,ص.س.املاک و مستغلات مالک آتیه,37118058361762279,بازار فرابورس,11266.0,11266.0,11258.0,11265.0,11259.0,11258.0,55.0,1035491.0,11658099401.0,unadjusted,TSETMC
2024-10-23,1403/08/02,1403,8,2,real_estate_funds,کلید,صندوق س خانه آگاه-املاک,45292762906823004,بازار بورس,10160.0,10220.0,10150.0,10210.0,10170.0,10140.0,803.0,10809877.0,109959898980.0,unadjusted,TSETMC
2024-10-26,1403/08/05,1403,8,5,real_estate_funds,ارزش مسکن,ص.س.املاک ومستغلات ارزش مسکن,71945594172117613,بازار فرابورس,14000.0,14302.0,13600.0,14302.0,14087.0,13002.0,6359.0,11758987.0,165647542325.0,unadjusted,TSETMC
2024-10-26,1403/08/05,1403,8,5,real_estate_funds,امین شهر,ص.س. املاک و مستغلات امین شهر,70814244102598215,بازار فرابورس,12403.0,12415.0,12403.0,12413.0,12412.0,12403.0,54.0,144573.0,1794392255.0,unadjusted,TSETMC
2024-10-26,1403/08/05,1403,8,5,real_estate_funds,دانیک,ص.س.املاک ومستغلات نیک رای,67717913151786055,بازار فرابورس,9739.0,10630.0,9739.0,10547.0,10319.0,9675.0,970.0,5612330.0,57915291047.0,unadjusted,TSETMC
2024-10-26,1403/08/05,1403,8,5,real_estate_funds,مالک آتیه,ص.س.املاک و مستغلات مالک آتیه,37118058361762279,بازار فرابورس,11287.0,11289.0,11287.0,11289.0,11288.0,11259.0,19.0,121732.0,1374072907.0,unadjusted,TSETMC
2024-10-26,1403/08/05,1403,8,5,real_estate_funds,کلید,صندوق س خانه آگاه-املاک,45292762906823004,بازار بورس,10190.0,10440.0,10190.0,10380.0,10350.0,10170.0,1972.0,24303141.0,251461588440.0,unadjusted,TSETMC
2024-10-27,1403/08/06,1403,8,6,real_estate_funds,ارزش مسکن,ص.س.املاک ومستغلات ارزش مسکن,71945594172117613,بازار فرابورس,14791.0,15495.0,14791.0,15495.0,15294.0,14087.0,7768.0,14368034.0,219749152329.0,unadjusted,TSETMC
2024-10-27,1403/08/06,1403,8,6,real_estate_funds,امین شهر,ص.س. املاک و مستغلات امین شهر,70814244102598215,بازار فرابورس,12414.0,12430.0,12412.0,12426.0,12420.0,12412.0,73.0,92559.0,1149618358.0,unadjusted,TSETMC
2024-10-27,1403/08/06,1403,8,6,real_estate_funds,دانیک,ص.س.املاک ومستغلات نیک رای,67717913151786055,بازار فرابورس,10549.0,11198.0,10450.0,10490.0,10801.0,10319.0,2738.0,17440316.0,188373099126.0,unadjusted,TSETMC
2024-10-27,1403/08/06,1403,8,6,real_estate_funds,مالک آتیه,ص.س.املاک و مستغلات مالک آتیه,37118058361762279,بازار فرابورس,11295.0,11296.0,11293.0,11296.0,11295.0,11288.0,24.0,88191.0,996101411.0,unadjusted,TSETMC
2024-10-27,1403/08/06,1403,8,6,real_estate_funds,کلید,صندوق س خانه آگاه-املاک,45292762906823004,بازار بورس,10450.0,10610.0,10420.0,10570.0,10540.0,10350.0,3093.0,58146680.0,612854698440.0,unadjusted,TSETMC
2024-10-28,1403/08/07,1403,8,7,real_estate_funds,ارزش مسکن,ص.س.املاک ومستغلات ارزش مسکن,71945594172117613,بازار فرابورس,15500.0,15599.0,14530.0,14737.0,15034.0,15294.0,8416.0,14366142.0,215973807258.0,unadjusted,TSETMC
2024-10-28,1403/08/07,1403,8,7,real_estate_funds,امین شهر,ص.س. املاک و مستغلات امین شهر,70814244102598215,بازار فرابورس,12420.0,12440.0,12420.0,12438.0,12426.0,12420.0,59.0,59557.0,740062791.0,unadjusted,TSETMC
2024-10-28,1403/08/07,1403,8,7,real_estate_funds,دانیک,ص.س.املاک ومستغلات نیک رای,67717913151786055,بازار فرابورس,10490.0,10494.0,9910.0,10109.0,10192.0,10801.0,1619.0,5940239.0,60543591133.0,unadjusted,TSETMC
2024-10-28,1403/08/07,1403,8,7,real_estate_funds,مالک آتیه,ص.س.املاک و مستغلات مالک آتیه,37118058361762279,بازار فرابورس,11302.0,11303.0,11301.0,11302.0,11302.0,11295.0,30.0,108414.0,1225307231.0,unadjusted,TSETMC
2024-10-28,1403/08/07,1403,8,7,real_estate_funds,کلید,صندوق س خانه آگاه-املاک,45292762906823004,بازار بورس,10560.0,10560.0,10200.0,10210.0,10260.0,10540.0,3407.0,51678993.0,530187530610.0,unadjusted,TSETMC
2024-10-29,1403/08/08,1403,8,8,real_estate_funds,ارزش مسکن,ص.س.املاک ومستغلات ارزش مسکن,71945594172117613,بازار فرابورس,14603.0,14683.0,14020.0,14061.0,14289.0,15034.0,6922.0,9776659.0,139700894128.0,unadjusted,TSETMC
2024-10-29,1403/08/08,1403,8,8,real_estate_funds,امین شهر,ص.س. املاک و مستغلات امین شهر,70814244102598215,بازار فرابورس,12499.0,12499.0,12426.0,12450.0,12437.0,12426.0,58.0,143616.0,1786096338.0,unadjusted,TSETMC
2024-10-29,1403/08/08,1403,8,8,real_estate_funds,دانیک,ص.س.املاک ومستغلات نیک رای,67717913151786055,بازار فرابورس,10051.0,10210.0,9653.0,9772.0,9894.0,10192.0,1430.0,5283214.0,52272274295.0,unadjusted,TSETMC
2024-10-29,1403/08/08,1403,8,8,real_estate_funds,مالک آتیه,ص.س.املاک و مستغلات مالک آتیه,37118058361762279,بازار فرابورس,11310.0,11310.0,11309.0,11310.0,11309.0,11302.0,14.0,21384.0,241839815.0,unadjusted,TSETMC
2024-10-29,1403/08/08,1403,8,8,real_estate_funds,کلید,صندوق س خانه آگاه-املاک,45292762906823004,بازار بورس,10230.0,10230.0,10210.0,10210.0,10210.0,10260.0,1460.0,29551934.0,301806125290.0,unadjusted,TSETMC
2024-10-30,1403/08/09,1403,8,9,real_estate_funds,ارزش مسکن,ص.س.املاک ومستغلات ارزش مسکن,71945594172117613,بازار فرابورس,14090.0,15610.0,13901.0,15377.0,15089.0,14289.0,12803.0,18789094.0,283512529487.0,unadjusted,TSETMC
2024-10-30,1403/08/09,1403,8,9,real_estate_funds,امین شهر,ص.س. املاک و مستغلات امین شهر,70814244102598215,بازار فرابورس,12437.0,12455.0,12437.0,12455.0,12439.0,12437.0,62.0,157822.0,1963084857.0,unadjusted,TSETMC
2024-10-30,1403/08/09,1403,8,9,real_estate_funds,دانیک,ص.س.املاک ومستغلات نیک رای,67717913151786055,بازار فرابورس,9750.0,10520.0,9710.0,10216.0,10260.0,9894.0,1748.0,8619555.0,88433400786.0,unadjusted,TSETMC
2024-10-30,1403/08/09,1403,8,9,real_estate_funds,مالک آتیه,ص.س.املاک و مستغلات مالک آتیه,37118058361762279,بازار فرابورس,11317.0,11319.0,11317.0,11319.0,11318.0,11309.0,19.0,102475.0,1159813661.0,unadjusted,TSETMC
2024-10-30,1403/08/09,1403,8,9,real_estate_funds,کلید,صندوق س خانه آگاه-املاک,45292762906823004,بازار بورس,10220.0,10310.0,10220.0,10310.0,10260.0,10210.0,1238.0,23816695.0,244312688100.0,unadjusted,TSETMC
2024-11-02,1403/08/12,1403,8,12,real_estate_funds,ارزش مسکن,ص.س.املاک ومستغلات ارزش مسکن,71945594172117613,بازار فرابورس,15300.0,16150.0,15051.0,15107.0,15519.0,15089.0,12128.0,19204511.0,298042266833.0,unadjusted,TSETMC
2024-11-02,1403/08/12,1403,8,12,real_estate_funds,امین شهر,ص.س. املاک و مستغلات امین شهر,70814244102598215,بازار فرابورس,12439.0,12465.0,12439.0,12450.0,12445.0,12439.0,55.0,127956.0,1592437863.0,unadjusted,TSETMC
2024-11-02,1403/08/12,1403,8,12,real_estate_funds,دانیک,ص.س.املاک ومستغلات نیک رای,67717913151786055,بازار فرابورس,10259.0,10573.0,9910.0,10034.0,10270.0,10260.0,1673.0,8576899.0,88080531115.0,unadjusted,TSETMC
2024-11-02,1403/08/12,1403,8,12,real_estate_funds,مالک آتیه,ص.س.املاک و مستغلات مالک آتیه,37118058361762279,بازار فرابورس,11339.0,11340.0,11335.0,11340.0,11339.0,11318.0,28.0,187502.0,2126124025.0,unadjusted,TSETMC
2024-11-02,1403/08/12,1403,8,12,real_estate_funds,کلید,صندوق س خانه آگاه-املاک,45292762906823004,بازار بورس,10290.0,10290.0,10230.0,10250.0,10240.0,10260.0,1848.0,47674488.0,488413041840.0,unadjusted,TSETMC
2024-11-03,1403/08/13,1403,8,13,real_estate_funds,ارزش مسکن,ص.س.املاک ومستغلات ارزش مسکن,71945594172117613,بازار فرابورس,14801.0,14950.0,14350.0,14489.0,14580.0,15519.0,6963.0,8662685.0,126305972000.0,unadjusted,TSETMC
2024-11-03,1403/08/13,1403,8,13,real_estate_funds,امین شهر,ص.س. املاک و مستغلات امین شهر,70814244102598215,بازار فرابورس,12445.0,12460.0,12445.0,12445.0,12445.0,12445.0,49.0,273904.0,3408811095.0,unadjusted,TSETMC
2024-11-03,1403/08/13,1403,8,13,real_estate_funds,دانیک,ص.س.املاک ومستغلات نیک رای,67717913151786055,بازار فرابورس,10022.0,10022.0,9750.0,9839.0,9839.0,10270.0,903.0,2595901.0,25541623810.0,unadjusted,TSETMC
2024-11-03,1403/08/13,1403,8,13,real_estate_funds,مالک آتیه,ص.س.املاک و مستغلات مالک آتیه,37118058361762279,بازار فرابورس,11346.0,11347.0,11339.0,11347.0,11342.0,11339.0,25.0,176049.0,1996812704.0,unadjusted,TSETMC
2024-11-03,1403/08/13,1403,8,13,real_estate_funds,کلید,صندوق س خانه آگاه-املاک,45292762906823004,بازار بورس,10240.0,10260.0,10240.0,10260.0,10250.0,10240.0,697.0,14089727.0,144361481000.0,unadjusted,TSETMC
2024-11-04,1403/08/14,1403,8,14,real_estate_funds,ارزش مسکن,ص.س.املاک ومستغلات ارزش مسکن,71945594172117613,بازار فرابورس,14571.0,15882.0,14571.0,15779.0,15388.0,14580.0,14810.0,23512973.0,361819037996.0,unadjusted,TSETMC
2024-11-04,1403/08/14,1403,8,14,real_estate_funds,امین شهر,ص.س. املاک و مستغلات امین شهر,70814244102598215,بازار فرابورس,12480.0,12546.0,12445.0,12454.0,12472.0,12445.0,99.0,455767.0,5684365083.0,unadjusted,TSETMC
2024-11-04,1403/08/14,1403,8,14,real_estate_funds,دانیک,ص.س.املاک ومستغلات نیک رای,67717913151786055,بازار فرابورس,9863.0,10370.0,9863.0,10247.0,10172.0,9839.0,1602.0,7570612.0,77005616983.0,unadjusted,TSETMC
2024-11-04,1403/08/14,1403,8,14,real_estate_funds,مالک آتیه,ص.س.املاک و مستغلات مالک آتیه,37118058361762279,بازار فرابورس,11354.0,11355.0,11351.0,11355.0,11354.0,11342.0,16.0,114611.0,1301255194.0,unadjusted,TSETMC
2024-11-04,1403/08/14,1403,8,14,real_estate_funds,کلید,صندوق س خانه آگاه-املاک,45292762906823004,بازار بورس,10250.0,10260.0,10250.0,10250.0,10250.0,10250.0,872.0,20565679.0,210898936070.0,unadjusted,TSETMC
2024-11-05,1403/08/15,1403,8,15,real_estate_funds,ارزش مسکن,ص.س.املاک ومستغلات ارزش مسکن,71945594172117613,بازار فرابورس,15800.0,16410.0,15701.0,15744.0,16040.0,15388.0,18125.0,32423421.0,520062597353.0,unadjusted,TSETMC
2024-11-05,1403/08/15,1403,8,15,real_estate_funds,امین شهر,ص.س. املاک و مستغلات امین شهر,70814244102598215,بازار فرابورس,12472.0,12490.0,12472.0,12490.0,12479.0,12472.0,43.0,121475.0,1515920833.0,unadjusted,TSETMC
2024-11-05,1403/08/15,1403,8,15,real_estate_funds,دانیک,ص.س.املاک ومستغلات نیک رای,67717913151786055,بازار فرابورس,10305.0,10490.0,10181.0,10181.0,10294.0,10172.0,1614.0,8469522.0,87189256278.0,unadjusted,TSETMC
2024-11-05,1403/08/15,1403,8,15,real_estate_funds,مالک آتیه,ص.س.املاک و مستغلات مالک آتیه,37118058361762279,بازار فرابورس,11361.0,11362.0,11361.0,11362.0,11362.0,11354.0,8.0,3952.0,44901033.0,unadjusted,TSETMC
2024-11-05,1403/08/15,1403,8,15,real_estate_funds,کلید,صندوق س خانه آگاه-املاک,45292762906823004,بازار بورس,10260.0,10260.0,10250.0,10250.0,10250.0,10250.0,797.0,20948497.0,214732015350.0,unadjusted,TSETMC
2024-11-06,1403/08/16,1403,8,16,real_estate_funds,ارزش مسکن,ص.س.املاک ومستغلات ارزش مسکن,71945594172117613,بازار فرابورس,15550.0,16780.0,14962.0,16139.0,16039.0,16040.0,16859.0,31098592.0,498795147053.0,unadjusted,TSETMC
2024-11-06,1403/08/16,1403,8,16,real_estate_funds,امین شهر,ص.س. املاک و مستغلات امین شهر,70814244102598215,بازار فرابورس,12479.0,12490.0,12479.0,12480.0,12481.0,12479.0,58.0,298931.0,3730991350.0,unadjusted,TSETMC
2024-11-06,1403/08/16,1403,8,16,real_estate_funds,دانیک,ص.س.املاک ومستغلات نیک رای,67717913151786055,بازار فرابورس,10050.0,10500.0,9900.0,10187.0,10165.0,10294.0,1537.0,7250853.0,73704357409.0,unadjusted,TSETMC
2024-11-06,1403/08/16,1403,8,16,real_estate_funds,مالک آتیه,ص.س.املاک و مستغلات مالک آتیه,37118058361762279,بازار فرابورس,11368.0,11369.0,11364.0,11367.0,11367.0,11362.0,17.0,78259.0,889583273.0,unadjusted,TSETMC
2024-11-06,1403/08/16,1403,8,16,real_estate_funds,کلید,صندوق س خانه آگاه-املاک,45292762906823004,بازار بورس,10250.0,10270.0,10250.0,10260.0,10260.0,10250.0,533.0,10307446.0,105762403680.0,unadjusted,TSETMC
2024-11-09,1403/08/19,1403,8,19,real_estate_funds,ارزش مسکن,ص.س.املاک ومستغلات ارزش مسکن,71945594172117613,بازار فرابورس,16440.0,17642.0,16440.0,17642.0,17452.0,16039.0,11597.0,23397901.0,408340492664.0,unadjusted,TSETMC
2024-11-09,1403/08/19,1403,8,19,real_estate_funds,امین شهر,ص.س. املاک و مستغلات امین شهر,70814244102598215,بازار فرابورس,12524.0,12525.0,12481.0,12515.0,12505.0,12481.0,94.0,313598.0,3921593945.0,unadjusted,TSETMC
2024-11-09,1403/08/19,1403,8,19,real_estate_funds,دانیک,ص.س.املاک ومستغلات نیک رای,67717913151786055,بازار فرابورس,10250.0,10986.0,10250.0,10810.0,10808.0,10165.0,5097.0,41308179.0,446447971607.0,unadjusted,TSETMC
2024-11-09,1403/08/19,1403,8,19,real_estate_funds,مالک آتیه,ص.س.املاک و مستغلات مالک آتیه,37118058361762279,بازار فرابورس,11392.0,11392.0,11391.0,11391.0,11392.0,11367.0,24.0,74617.0,850014263.0,unadjusted,TSETMC
2024-11-09,1403/08/19,1403,8,19,real_estate_funds,کلید,صندوق س خانه آگاه-املاک,45292762906823004,بازار بورس,10270.0,10390.0,10270.0,10300.0,10310.0,10260.0,1634.0,32106354.0,331154985490.0,unadjusted,TSETMC
2024-11-10,1403/08/20,1403,8,20,real_estate_funds,ارزش مسکن,ص.س.املاک ومستغلات ارزش مسکن,71945594172117613,بازار فرابورس,18470.0,19197.0,18351.0,19197.0,18957.0,17452.0,12641.0,25531702.0,484007767982.0,unadjusted,TSETMC
2024-11-10,1403/08/20,1403,8,20,real_estate_funds,امین شهر,ص.س. املاک و مستغلات امین شهر,70814244102598215,بازار فرابورس,12505.0,12600.0,12505.0,12600.0,12560.0,12505.0,135.0,659671.0,8285689460.0,unadjusted,TSETMC
2024-11-10,1403/08/20,1403,8,20,real_estate_funds,دانیک,ص.س.املاک ومستغلات نیک رای,67717913151786055,بازار فرابورس,10900.0,11400.0,10752.0,11154.0,11127.0,10808.0,7222.0,47283017.0,526112336504.0,unadjusted,TSETMC
2024-11-10,1403/08/20,1403,8,20,real_estate_funds,مالک آتیه,ص.س.املاک و مستغلات مالک آتیه,37118058361762279,بازار فرابورس,11398.0,11403.0,11398.0,11401.0,11401.0,11392.0,39.0,349367.0,3983020865.0,unadjusted,TSETMC
2024-11-10,1403/08/20,1403,8,20,real_estate_funds,کلید,صندوق س خانه آگاه-املاک,45292762906823004,بازار بورس,10320.0,10400.0,10290.0,10340.0,10340.0,10310.0,1552.0,23765533.0,245647689480.0,unadjusted,TSETMC
2024-11-11,1403/08/21,1403,8,21,real_estate_funds,ارزش مسکن,ص.س.املاک ومستغلات ارزش مسکن,71945594172117613,بازار فرابورس,19529.0,19995.0,18050.0,18281.0,18905.0,18957.0,22839.0,39529806.0,747323067510.0,unadjusted,TSETMC
2024-11-11,1403/08/21,1403,8,21,real_estate_funds,امین شهر,ص.س. املاک و مستغلات امین شهر,70814244102598215,بازار فرابورس,12575.0,12600.0,12560.0,12560.0,12569.0,12560.0,127.0,573413.0,7207228149.0,unadjusted,TSETMC
2024-11-11,1403/08/21,1403,8,21,real_estate_funds,دانیک,ص.س.املاک ومستغلات نیک رای,67717913151786055,بازار فرابورس,11242.0,11349.0,10320.0,10321.0,10828.0,11127.0,5054.0,28637776.0,310084585516.0,unadjusted,TSETMC
2024-11-11,1403/08/21,1403,8,21,real_estate_funds,مالک آتیه,ص.س.املاک و مستغلات مالک آتیه,37118058361762279,بازار فرابورس,11402.0,11407.0,11401.0,11407.0,11403.0,11401.0,36.0,389952.0,4446438198.0,unadjusted,TSETMC
2024-11-11,1403/08/21,1403,8,21,real_estate_funds,کلید,صندوق س خانه آگاه-املاک,45292762906823004,بازار بورس,10430.0,10430.0,10310.0,10330.0,10330.0,10340.0,1008.0,15333725.0,158379174520.0,unadjusted,TSETMC
2024-11-12,1403/08/22,1403,8,22,real_estate_funds,ارزش مسکن,ص.س.املاک ومستغلات ارزش مسکن,71945594172117613,بازار فرابورس,18200.0,19490.0,18032.0,18660.0,19008.0,18905.0,19187.0,35804703.0,680582350413.0,unadjusted,TSETMC
2024-11-12,1403/08/22,1403,8,22,real_estate_funds,امین شهر,ص.س. املاک و مستغلات امین شهر,70814244102598215,بازار فرابورس,12570.0,12591.0,12569.0,12584.0,12572.0,12569.0,47.0,173152.0,2176786308.0,unadjusted,TSETMC
2024-11-12,1403/08/22,1403,8,22,real_estate_funds,دانیک,ص.س.املاک ومستغلات نیک رای,67717913151786055,بازار فرابورس,10317.0,10639.0,10170.0,10250.0,10350.0,10828.0,3402.0,13317123.0,137829981024.0,unadjusted,TSETMC
2024-11-12,1403/08/22,1403,8,22,real_estate_funds,مالک آتیه,ص.س.املاک و مستغلات مالک آتیه,37118058361762279,بازار فرابورس,11413.0,11415.0,11412.0,11414.0,11414.0,11403.0,19.0,108603.0,1239576820.0,unadjusted,TSETMC
2024-11-12,1403/08/22,1403,8,22,real_estate_funds,کلید,صندوق س خانه آگاه-املاک,45292762906823004,بازار بورس,10320.0,10360.0,10310.0,10350.0,10330.0,10330.0,724.0,10424887.0,107716854240.0,unadjusted,TSETMC
2024-11-13,1403/08/23,1403,8,23,real_estate_funds,ارزش مسکن,ص.س.املاک ومستغلات ارزش مسکن,71945594172117613,بازار فرابورس,18790.0,19649.0,18760.0,19460.0,19392.0,19008.0,16287.0,30042721.0,582594893368.0,unadjusted,TSETMC
2024-11-13,1403/08/23,1403,8,23,real_estate_funds,امین شهر,ص.س. املاک و مستغلات امین شهر,70814244102598215,بازار فرابورس,12599.0,12599.0,12572.0,12574.0,12573.0,12572.0,61.0,322845.0,4058971801.0,unadjusted,TSETMC
2024-11-13,1403/08/23,1403,8,23,real_estate_funds,دانیک,ص.س.املاک ومستغلات نیک رای,67717913151786055,بازار فرابورس,10180.0,10530.0,10180.0,10420.0,10382.0,10350.0,2504.0,13708766.0,142317845582.0,unadjusted,TSETMC
2024-11-13,1403/08/23,1403,8,23,real_estate_funds,مالک آتیه,ص.س.املاک و مستغلات مالک آتیه,37118058361762279,بازار فرابورس,11420.0,11421.0,11420.0,11420.0,11420.0,11414.0,27.0,42731.0,487990497.0,unadjusted,TSETMC
2024-11-13,1403/08/23,1403,8,23,real_estate_funds,کلید,صندوق س خانه آگاه-املاک,45292762906823004,بازار بورس,10350.0,10370.0,10330.0,10370.0,10340.0,10330.0,464.0,6062101.0,62701291380.0,unadjusted,TSETMC
2024-11-16,1403/08/26,1403,8,26,real_estate_funds,ارزش مسکن,ص.س.املاک ومستغلات ارزش مسکن,71945594172117613,بازار فرابورس,20000.0,21331.0,19999.0,21331.0,21006.0,19392.0,8730.0,18540149.0,389447351656.0,unadjusted,TSETMC
2024-11-16,1403/08/26,1403,8,26,real_estate_funds,امین شهر,ص.س. املاک و مستغلات امین شهر,70814244102598215,بازار فرابورس,12573.0,12751.0,12573.0,12656.0,12643.0,12573.0,450.0,3198851.0,40444553808.0,unadjusted,TSETMC
2024-11-16,1403/08/26,1403,8,26,real_estate_funds,دانیک,ص.س.املاک ومستغلات نیک رای,67717913151786055,بازار فرابورس,10508.0,11420.0,10508.0,11420.0,11152.0,10382.0,4891.0,41108115.0,458457477664.0,unadjusted,TSETMC
2024-11-16,1403/08/26,1403,8,26,real_estate_funds,مالک آتیه,ص.س.املاک و مستغلات مالک آتیه,37118058361762279,بازار فرابورس,11443.0,11449.0,11443.0,11444.0,11445.0,11420.0,58.0,622710.0,7127220218.0,unadjusted,TSETMC
2024-11-16,1403/08/26,1403,8,26,real_estate_funds,کلید,صندوق س خانه آگاه-املاک,45292762906823004,بازار بورس,10360.0,11170.0,10350.0,11070.0,10960.0,10340.0,9349.0,133354979.0,1461813811930.0,unadjusted,TSETMC
2024-11-17,1403/08/27,1403,8,27,real_estate_funds,ارزش مسکن,ص.س.املاک ومستغلات ارزش مسکن,71945594172117613,بازار فرابورس,22100.0,22600.0,20182.0,21330.0,21245.0,21006.0,23389.0,40245865.0,855043444557.0,unadjusted,TSETMC
2024-11-17,1403/08/27,1403,8,27,real_estate_funds,امین شهر,ص.س. املاک و مستغلات امین شهر,70814244102598215,بازار فرابورس,12645.0,12749.0,12641.0,12669.0,12660.0,12643.0,190.0,2090635.0,26467029100.0,unadjusted,TSETMC
2024-11-17,1403/08/27,1403,8,27,real_estate_funds,دانیک,ص.س.املاک ومستغلات نیک رای,67717913151786055,بازار فرابورس,11550.0,11850.0,10706.0,10858.0,11070.0,11152.0,5171.0,31001726.0,343194462484.0,unadjusted,TSETMC
2024-11-17,1403/08/27,1403,8,27,real_estate_funds,مالک آتیه,ص.س.املاک و مستغلات مالک آتیه,37118058361762279,بازار فرابورس,11450.0,11456.0,11448.0,11451.0,11451.0,11445.0,74.0,512378.0,5867244611.0,unadjusted,TSETMC
2024-11-17,1403/08/27,1403,8,27,real_estate_funds,کلید,صندوق س خانه آگاه-املاک,45292762906823004,بازار بورس,11270.0,11270.0,10400.0,10530.0,10680.0,10960.0,7282.0,100631264.0,1075238994880.0,unadjusted,TSETMC
2024-11-18,1403/08/28,1403,8,28,real_estate_funds,ارزش مسکن,ص.س.املاک ومستغلات ارزش مسکن,71945594172117613,بازار فرابورس,21880.0,23369.0,21870.0,23369.0,23208.0,21245.0,7457.0,15566078.0,361262983946.0,unadjusted,TSETMC
2024-11-18,1403/08/28,1403,8,28,real_estate_funds,امین شهر,ص.س. املاک و مستغلات امین شهر,70814244102598215,بازار فرابورس,12693.0,12740.0,12660.0,12695.0,12681.0,12660.0,195.0,870658.0,11040420471.0,unadjusted,TSETMC
2024-11-18,1403/08/28,1403,8,28,real_estate_funds,دانیک,ص.س.املاک ومستغلات نیک رای,67717913151786055,بازار فرابورس,11150.0,12149.0,11050.0,11708.0,11854.0,11070.0,8412.0,61654742.0,730837871982.0,unadjusted,TSETMC
2024-11-18,1403/08/28,1403,8,28,real_estate_funds,مالک آتیه,ص.س.املاک و مستغلات مالک آتیه,37118058361762279,بازار فرابورس,11458.0,11464.0,11457.0,11460.0,11460.0,11451.0,61.0,852329.0,9767442787.0,unadjusted,TSETMC
2024-11-18,1403/08/28,1403,8,28,real_estate_funds,کلید,صندوق س خانه آگاه-املاک,45292762906823004,بازار بورس,10740.0,11560.0,10730.0,11210.0,11290.0,10680.0,17486.0,370726007.0,4186385705050.0,unadjusted,TSETMC
2024-11-19,1403/08/29,1403,8,29,real_estate_funds,ارزش مسکن,ص.س.املاک ومستغلات ارزش مسکن,71945594172117613,بازار فرابورس,23500.0,24600.0,22200.0,22689.0,23210.0,23208.0,23684.0,47151357.0,1094402989548.0,unadjusted,TSETMC
2024-11-19,1403/08/29,1403,8,29,real_estate_funds,امین شهر,ص.س. املاک و مستغلات امین شهر,70814244102598215,بازار فرابورس,12681.0,12700.0,12681.0,12698.0,12691.0,12681.0,156.0,892965.0,11332849698.0,unadjusted,TSETMC
2024-11-19,1403/08/29,1403,8,29,real_estate_funds,دانیک,ص.س.املاک ومستغلات نیک رای,67717913151786055,بازار فرابورس,11752.0,12147.0,11171.0,11220.0,11558.0,11854.0,6356.0,37659236.0,435258365592.0,unadjusted,TSETMC
2024-11-19,1403/08/29,1403,8,29,real_estate_funds,مالک آتیه,ص.س.املاک و مستغلات مالک آتیه,37118058361762279,بازار فرابورس,11465.0,11468.0,11459.0,11466.0,11463.0,11460.0,84.0,862796.0,9890476719.0,unadjusted,TSETMC
2024-11-19,1403/08/29,1403,8,29,real_estate_funds,کلید,صندوق س خانه آگاه-املاک,45292762906823004,بازار بورس,11240.0,11520.0,10800.0,10840.0,11130.0,11290.0,10722.0,155806485.0,1734275566110.0,unadjusted,TSETMC
2024-11-20,1403/08/30,1403,8,30,real_estate_funds,ارزش مسکن,ص.س.املاک ومستغلات ارزش مسکن,71945594172117613,بازار فرابورس,22900.0,23900.0,22101.0,23090.0,22848.0,23210.0,18271.0,36974277.0,844789694170.0,unadjusted,TSETMC
2024-11-20,1403/08/30,1403,8,30,real_estate_funds,امین شهر,ص.س. املاک و مستغلات امین شهر,70814244102598215,بازار فرابورس,12691.0,12719.0,12691.0,12719.0,12707.0,12691.0,106.0,256790.0,3263041969.0,unadjusted,TSETMC
2024-11-20,1403/08/30,1403,8,30,real_estate_funds,دانیک,ص.س.املاک ومستغلات نیک رای,67717913151786055,بازار فرابورس,11100.0,11680.0,11000.0,11380.0,11296.0,11558.0,4268.0,23011920.0,259933501926.0,unadjusted,TSETMC
2024-11-20,1403/08/30,1403,8,30,real_estate_funds,مالک آتیه,ص.س.املاک و مستغلات مالک آتیه,37118058361762279,بازار فرابورس,11473.0,11474.0,11465.0,11474.0,11468.0,11463.0,92.0,704443.0,8078725635.0,unadjusted,TSETMC
2024-11-20,1403/08/30,1403,8,30,real_estate_funds,کلید,صندوق س خانه آگاه-املاک,45292762906823004,بازار بورس,10840.0,11210.0,10720.0,11080.0,10950.0,11130.0,7180.0,106441161.0,1165450438410.0,unadjusted,TSETMC
2024-11-23,1403/09/03,1403,9,3,real_estate_funds,ارزش مسکن,ص.س.املاک ومستغلات ارزش مسکن,71945594172117613,بازار فرابورس,22848.0,24894.0,22848.0,24672.0,24270.0,22848.0,26160.0,48806690.0,1184559757533.0,unadjusted,TSETMC
2024-11-23,1403/09/03,1403,9,3,real_estate_funds,امین شهر,ص.س. املاک و مستغلات امین شهر,70814244102598215,بازار فرابورس,12734.0,12740.0,12707.0,12730.0,12725.0,12707.0,206.0,1571713.0,20000070988.0,unadjusted,TSETMC
2024-11-23,1403/09/03,1403,9,3,real_estate_funds,دانیک,ص.س.املاک ومستغلات نیک رای,67717913151786055,بازار فرابورس,11350.0,12115.0,11333.0,11906.0,11876.0,11296.0,6069.0,42676362.0,506820597508.0,unadjusted,TSETMC
2024-11-23,1403/09/03,1403,9,3,real_estate_funds,مالک آتیه,ص.س.املاک و مستغلات مالک آتیه,37118058361762279,بازار فرابورس,11495.0,11501.0,11468.0,11476.0,11480.0,11468.0,187.0,2474944.0,28412579988.0,unadjusted,TSETMC
2024-11-23,1403/09/03,1403,9,3,real_estate_funds,کلید,صندوق س خانه آگاه-املاک,45292762906823004,بازار بورس,10980.0,11540.0,10980.0,11360.0,11330.0,10950.0,11515.0,241674470.0,2738890356380.0,unadjusted,TSETMC
2024-11-24,1403/09/04,1403,9,4,real_estate_funds,ارزش مسکن,ص.س.املاک ومستغلات ارزش مسکن,71945594172117613,بازار فرابورس,24998.0,26697.0,24998.0,26697.0,26267.0,24270.0,9316.0,17458544.0,458585574149.0,unadjusted,TSETMC
2024-11-24,1403/09/04,1403,9,4,real_estate_funds,امین شهر,ص.س. املاک و مستغلات امین شهر,70814244102598215,بازار فرابورس,12725.0,13725.0,12725.0,13080.0,13082.0,12725.0,3531.0,71591123.0,936527545047.0,unadjusted,TSETMC
2024-11-24,1403/09/04,1403,9,4,real_estate_funds,دانیک,ص.س.املاک ومستغلات نیک رای,67717913151786055,بازار فرابورس,12000.0,13063.0,11900.0,13063.0,12867.0,11876.0,6972.0,72565299.0,933695051572.0,unadjusted,TSETMC
2024-11-24,1403/09/04,1403,9,4,real_estate_funds,مالک آتیه,ص.س.املاک و مستغلات مالک آتیه,37118058361762279,بازار فرابورس,11500.0,12400.0,11482.0,11981.0,11769.0,11480.0,1369.0,34734582.0,408778111825.0,unadjusted,TSETMC
2024-11-24,1403/09/04,1403,9,4,real_estate_funds,کلید,صندوق س خانه آگاه-املاک,45292762906823004,بازار بورس,11450.0,12460.0,11430.0,12460.0,12040.0,11330.0,17820.0,518124290.0,6238053567410.0,unadjusted,TSETMC
2024-11-25,1403/09/05,1403,9,5,real_estate_funds,ارزش مسکن,ص.س.املاک ومستغلات ارزش مسکن,71945594172117613,بازار فرابورس,28000.0,28893.0,27800.0,28893.0,28626.0,26267.0,2897.0,5935482.0,169910868503.0,unadjusted,TSETMC
2024-11-25,1403/09/05,1403,9,5,real_estate_funds,امین شهر,ص.س. املاک و مستغلات امین شهر,70814244102598215,بازار فرابورس,13140.0,14390.0,13120.0,14390.0,13857.0,13082.0,15926.0,308366454.0,4273187962883.0,unadjusted,TSETMC
2024-11-25,1403/09/05,1403,9,5,real_estate_funds,دانیک,ص.س.املاک ومستغلات نیک رای,67717913151786055,بازار فرابورس,13350.0,14153.0,13300.0,14153.0,13935.0,12867.0,4127.0,41498201.0,578262218542.0,unadjusted,TSETMC
2024-11-25,1403/09/05,1403,9,5,real_estate_funds,مالک آتیه,ص.س.املاک و مستغلات مالک آتیه,37118058361762279,بازار فرابورس,11800.0,12945.0,11800.0,12945.0,12761.0,11769.0,2973.0,56398675.0,719691612160.0,unadjusted,TSETMC
2024-11-25,1403/09/05,1403,9,5,real_estate_funds,کلید,صندوق س خانه آگاه-املاک,45292762906823004,بازار بورس,12810.0,13240.0,12700.0,13240.0,13120.0,12040.0,6376.0,189876215.0,2491704827410.0,unadjusted,TSETMC
2024-11-27,1403/09/07,1403,9,7,real_estate_funds,ارزش مسکن,ص.س.املاک ومستغلات ارزش مسکن,71945594172117613,بازار فرابورس,25764.0,27721.0,25764.0,25764.0,26367.0,28626.0,24204.0,46897746.0,1236544745030.0,unadjusted,TSETMC
2024-11-27,1403/09/07,1403,9,7,real_estate_funds,امین شهر,ص.س. املاک و مستغلات امین شهر,70814244102598215,بازار فرابورس,13100.0,13900.0,13059.0,13078.0,13433.0,13857.0,6373.0,81214942.0,1090993629953.0,unadjusted,TSETMC
2024-11-27,1403/09/07,1403,9,7,real_estate_funds,دانیک,ص.س.املاک ومستغلات نیک رای,67717913151786055,بازار فرابورس,12542.0,13499.0,12542.0,12542.0,12885.0,13935.0,7395.0,67635926.0,871516352502.0,unadjusted,TSETMC
2024-11-27,1403/09/07,1403,9,7,real_estate_funds,مالک آتیه,ص.س.املاک و مستغلات مالک آتیه,37118058361762279,بازار فرابورس,11615.0,12448.0,11485.0,11689.0,11920.0,12761.0,3019.0,44284994.0,527890732071.0,unadjusted,TSETMC
2024-11-27,1403/09/07,1403,9,7,real_estate_funds,کلید,صندوق س خانه آگاه-املاک,45292762906823004,بازار بورس,11810.0,13070.0,11810.0,12110.0,12320.0,13120.0,17657.0,334354777.0,4120171342920.0,unadjusted,TSETMC
2024-11-30,1403/09/10,1403,9,10,real_estate_funds,ارزش مسکن,ص.س.املاک ومستغلات ارزش مسکن,71945594172117613,بازار فرابورس,25500.0,26234.0,23731.0,23731.0,24243.0,26367.0,14557.0,27836590.0,674852018776.0,unadjusted,TSETMC
2024-11-30,1403/09/10,1403,9,10,real_estate_funds,امین شهر,ص.س. املاک و مستغلات امین شهر,70814244102598215,بازار فرابورس,13199.0,13348.0,12500.0,12586.0,12875.0,13433.0,5176.0,64572749.0,831392985510.0,unadjusted,TSETMC
2024-11-30,1403/09/10,1403,9,10,real_estate_funds,دانیک,ص.س.املاک ومستغلات نیک رای,67717913151786055,بازار فرابورس,12410.0,12881.0,11597.0,11597.0,11899.0,12885.0,5453.0,49487469.0,588827537695.0,unadjusted,TSETMC
2024-11-30,1403/09/10,1403,9,10,real_estate_funds,مالک آتیه,ص.س.املاک و مستغلات مالک آتیه,37118058361762279,بازار فرابورس,11998.0,11998.0,11000.0,11300.0,11449.0,11920.0,1735.0,17956809.0,205595872596.0,unadjusted,TSETMC
2024-11-30,1403/09/10,1403,9,10,real_estate_funds,کلید,صندوق س خانه آگاه-املاک,45292762906823004,بازار بورس,12000.0,12480.0,11160.0,11480.0,11710.0,12320.0,15431.0,264025646.0,3092732847140.0,unadjusted,TSETMC
2024-12-01,1403/09/11,1403,9,11,real_estate_funds,ارزش مسکن,ص.س.املاک ومستغلات ارزش مسکن,71945594172117613,بازار فرابورس,23700.0,23700.0,21819.0,22900.0,22350.0,24243.0,18215.0,33443716.0,747468443221.0,unadjusted,TSETMC
2024-12-01,1403/09/11,1403,9,11,real_estate_funds,امین شهر,ص.س. املاک و مستغلات امین شهر,70814244102598215,بازار فرابورس,12528.0,12920.0,12500.0,12760.0,12642.0,12875.0,2322.0,23707921.0,299709397834.0,unadjusted,TSETMC
2024-12-01,1403/09/11,1403,9,11,real_estate_funds,دانیک,ص.س.املاک ومستغلات نیک رای,67717913151786055,بازار فرابورس,11597.0,11890.0,11100.0,11732.0,11518.0,11899.0,4754.0,47606289.0,548331794473.0,unadjusted,TSETMC
2024-12-01,1403/09/11,1403,9,11,real_estate_funds,مالک آتیه,ص.س.املاک و مستغلات مالک آتیه,37118058361762279,بازار فرابورس,11479.0,11698.0,11125.0,11616.0,11507.0,11449.0,1322.0,11615251.0,133651615798.0,unadjusted,TSETMC
2024-12-01,1403/09/11,1403,9,11,real_estate_funds,کلید,صندوق س خانه آگاه-املاک,45292762906823004,بازار بورس,11420.0,12030.0,11200.0,11940.0,11650.0,11710.0,13518.0,292108519.0,3403555447210.0,unadjusted,TSETMC
2024-12-02,1403/09/12,1403,9,12,real_estate_funds,ارزش مسکن,ص.س.املاک ومستغلات ارزش مسکن,71945594172117613,بازار فرابورس,23399.0,24585.0,23350.0,24585.0,24260.0,22350.0,6546.0,13400966.0,325104701575.0,unadjusted,TSETMC
2024-12-02,1403/09/12,1403,9,12,real_estate_funds,امین شهر,ص.س. املاک و مستغلات امین شهر,70814244102598215,بازار فرابورس,13150.0,13884.0,13010.0,13700.0,13618.0,12642.0,18946.0,360020053.0,4902823678899.0,unadjusted,TSETMC
2024-12-02,1403/09/12,1403,9,12,real_estate_funds,دانیک,ص.س.املاک ومستغلات نیک رای,67717913151786055,بازار فرابورس,12220.0,12669.0,12100.0,12669.0,12528.0,11518.0,3361.0,32655268.0,409117832362.0,unadjusted,TSETMC
2024-12-02,1403/09/12,1403,9,12,real_estate_funds,مالک آتیه,ص.س.املاک و مستغلات مالک آتیه,37118058361762279,بازار فرابورس,11998.0,12657.0,11990.0,12657.0,12469.0,11507.0,3083.0,39962014.0,498281346067.0,unadjusted,TSETMC
2024-12-02,1403/09/12,1403,9,12,real_estate_funds,کلید,صندوق س خانه آگاه-املاک,45292762906823004,بازار بورس,12560.0,12810.0,12480.0,12810.0,12730.0,11650.0,6148.0,153411524.0,1952645127620.0,unadjusted,TSETMC
2024-12-03,1403/09/13,1403,9,13,real_estate_funds,ارزش مسکن,ص.س.املاک ومستغلات ارزش مسکن,71945594172117613,بازار فرابورس,26438.0,26438.0,24124.0,24501.0,25113.0,24260.0,25443.0,50512467.0,1268496748269.0,unadjusted,TSETMC
2024-12-03,1403/09/13,1403,9,13,real_estate_funds,امین شهر,ص.س. املاک و مستغلات امین شهر,70814244102598215,بازار فرابورس,13800.0,13898.0,12713.0,12788.0,13188.0,13618.0,18460.0,231187316.0,3048908038124.0,unadjusted,TSETMC
2024-12-03,1403/09/13,1403,9,13,real_estate_funds,دانیک,ص.س.املاک ومستغلات نیک رای,67717913151786055,بازار فرابورس,13000.0,13200.0,11839.0,12370.0,12560.0,12528.0,9569.0,85968042.0,1079755787392.0,unadjusted,TSETMC
2024-12-03,1403/09/13,1403,9,13,real_estate_funds,مالک آتیه,ص.س.املاک و مستغلات مالک آتیه,37118058361762279,بازار فرابورس,12900.0,12900.0,11568.0,11693.0,12065.0,12469.0,6044.0,64914410.0,783161839735.0,unadjusted,TSETMC
2024-12-04,1403/09/14,1403,9,14,real_estate_funds,ارزش مسکن,ص.س.املاک ومستغلات ارزش مسکن,71945594172117613,بازار فرابورس,24501.0,25675.0,23900.0,24848.0,25119.0,25113.0,18541.0,35255230.0,885562409809.0,unadjusted,TSETMC
2024-12-04,1403/09/14,1403,9,14,real_estate_funds,امین شهر,ص.س. املاک و مستغلات امین شهر,70814244102598215,بازار فرابورس,12778.0,13224.0,12695.0,12865.0,12979.0,13188.0,10909.0,133080837.0,1727300417882.0,unadjusted,TSETMC
2024-12-04,1403/09/14,1403,9,14,real_estate_funds,دانیک,ص.س.املاک ومستغلات نیک رای,67717913151786055,بازار فرابورس,12350.0,12970.0,12110.0,12590.0,12655.0,12560.0,5347.0,41994761.0,531445127535.0,unadjusted,TSETMC
2024-12-04,1403/09/14,1403,9,14,real_estate_funds,مالک آتیه,ص.س.املاک و مستغلات مالک آتیه,37118058361762279,بازار فرابورس,11690.0,12190.0,11579.0,11810.0,11935.0,12065.0,3628.0,41469065.0,494912603387.0,unadjusted,TSETMC
2024-12-04,1403/09/14,1403,9,14,real_estate_funds,کلید,صندوق س خانه آگاه-املاک,45292762906823004,بازار بورس,12800.0,13270.0,12350.0,12720.0,12840.0,12730.0,19010.0,357371743.0,4589187264950.0,unadjusted,TSETMC
2024-12-07,1403/09/17,1403,9,17,real_estate_funds,ارزش مسکن,ص.س.املاک ومستغلات ارزش مسکن,71945594172117613,بازار فرابورس,24930.0,25269.0,22805.0,23275.0,23657.0,25119.0,13623.0,23615381.0,558680282207.0,unadjusted,TSETMC
2024-12-07,1403/09/17,1403,9,17,real_estate_funds,امین شهر,ص.س. املاک و مستغلات امین شهر,70814244102598215,بازار فرابورس,12851.0,12930.0,12550.0,12551.0,12594.0,12979.0,5200.0,62192587.0,783246240033.0,unadjusted,TSETMC
2024-12-07,1403/09/17,1403,9,17,real_estate_funds,دانیک,ص.س.املاک ومستغلات نیک رای,67717913151786055,بازار فرابورس,12401.0,12700.0,12000.0,12451.0,12364.0,12655.0,3346.0,27793884.0,343633109850.0,unadjusted,TSETMC
2024-12-07,1403/09/17,1403,9,17,real_estate_funds,مالک آتیه,ص.س.املاک و مستغلات مالک آتیه,37118058361762279,بازار فرابورس,11820.0,11940.0,11400.0,11551.0,11605.0,11935.0,1513.0,8800646.0,102130498366.0,unadjusted,TSETMC
2024-12-07,1403/09/17,1403,9,17,real_estate_funds,کلید,صندوق س خانه آگاه-املاک,45292762906823004,بازار بورس,12630.0,12800.0,11900.0,12100.0,12230.0,12840.0,16163.0,300764628.0,3678586780340.0,unadjusted,TSETMC
2024-12-08,1403/09/18,1403,9,18,real_estate_funds,ارزش مسکن,ص.س.املاک ومستغلات ارزش مسکن,71945594172117613,بازار فرابورس,23190.0,25130.0,22070.0,24672.0,24032.0,23657.0,19051.0,35615995.0,855915122656.0,unadjusted,TSETMC
2024-12-08,1403/09/18,1403,9,18,real_estate_funds,امین شهر,ص.س. املاک و مستغلات امین شهر,70814244102598215,بازار فرابورس,12561.0,13245.0,12550.0,13040.0,12879.0,12594.0,8121.0,88210133.0,1136057001488.0,unadjusted,TSETMC
2024-12-08,1403/09/18,1403,9,18,real_estate_funds,دانیک,ص.س.املاک ومستغلات نیک رای,67717913151786055,بازار فرابورس,12361.0,13451.0,12301.0,13360.0,12969.0,12364.0,4097.0,30384824.0,394057367987.0,unadjusted,TSETMC
2024-12-08,1403/09/18,1403,9,18,real_estate_funds,مالک آتیه,ص.س.املاک و مستغلات مالک آتیه,37118058361762279,بازار فرابورس,11604.0,12200.0,11415.0,12100.0,11942.0,11605.0,3083.0,34326215.0,409939098120.0,unadjusted,TSETMC
2024-12-08,1403/09/18,1403,9,18,real_estate_funds,کلید,صندوق س خانه آگاه-املاک,45292762906823004,بازار بورس,12080.0,13060.0,11760.0,12990.0,12630.0,12230.0,19316.0,447090662.0,5647845574530.0,unadjusted,TSETMC
2024-12-09,1403/09/19,1403,9,19,real_estate_funds,ارزش مسکن,ص.س.املاک ومستغلات ارزش مسکن,71945594172117613,بازار فرابورس,25300.0,26435.0,25199.0,26429.0,25918.0,24032.0,18222.0,34484230.0,893747609531.0,unadjusted,TSETMC
2024-12-09,1403/09/19,1403,9,19,real_estate_funds,امین شهر,ص.س. املاک و مستغلات امین شهر,70814244102598215,بازار فرابورس,13180.0,13750.0,13132.0,13486.0,13548.0,12879.0,16834.0,223997148.0,3034626389434.0,unadjusted,TSETMC
2024-12-09,1403/09/19,1403,9,19,real_estate_funds,دانیک,ص.س.املاک ومستغلات نیک رای,67717913151786055,بازار فرابورس,13816.0,14217.0,13601.0,14080.0,14009.0,12969.0,6484.0,60248537.0,844011780156.0,unadjusted,TSETMC
2024-12-09,1403/09/19,1403,9,19,real_estate_funds,مالک آتیه,ص.س.املاک و مستغلات مالک آتیه,37118058361762279,بازار فرابورس,12200.0,12899.0,12023.0,12578.0,12570.0,11942.0,6765.0,75151205.0,944633958192.0,unadjusted,TSETMC
2024-12-16,1403/09/26,1403,9,26,real_estate_funds,کلید,صندوق س خانه آگاه-املاک,45292762906823004,بازار بورس,13200.0,13350.0,12120.0,12250.0,12710.0,12630.0,24988.0,373479774.0,4746007975220.0,unadjusted,TSETMC
2024-12-17,1403/09/27,1403,9,27,real_estate_funds,ارزش مسکن,ص.س.املاک ومستغلات ارزش مسکن,71945594172117613,بازار فرابورس,23327.0,23327.0,23327.0,23327.0,23327.0,25918.0,827.0,1298486.0,30289782922.0,unadjusted,TSETMC
2024-12-17,1403/09/27,1403,9,27,real_estate_funds,امین شهر,ص.س. املاک و مستغلات امین شهر,70814244102598215,بازار فرابورس,12590.0,12603.0,12549.0,12569.0,12559.0,13548.0,4358.0,41344369.0,519257767541.0,unadjusted,TSETMC
2024-12-17,1403/09/27,1403,9,27,real_estate_funds,دانیک,ص.س.املاک ومستغلات نیک رای,67717913151786055,بازار فرابورس,12609.0,12609.0,12609.0,12609.0,12609.0,14009.0,464.0,5031370.0,63440544330.0,unadjusted,TSETMC
2024-12-17,1403/09/27,1403,9,27,real_estate_funds,مالک آتیه,ص.س.املاک و مستغلات مالک آتیه,37118058361762279,بازار فرابورس,11521.0,11698.0,11314.0,11405.0,11487.0,12570.0,1523.0,16435917.0,188792250441.0,unadjusted,TSETMC
2024-12-17,1403/09/27,1403,9,27,real_estate_funds,کلید,صندوق س خانه آگاه-املاک,45292762906823004,بازار بورس,12240.0,12720.0,11790.0,12000.0,12270.0,12710.0,16301.0,225175002.0,2763642653280.0,unadjusted,TSETMC
2024-12-18,1403/09/28,1403,9,28,real_estate_funds,ارزش مسکن,ص.س.املاک ومستغلات ارزش مسکن,71945594172117613,بازار فرابورس,21560.0,24650.0,21324.0,24300.0,23562.0,23327.0,17564.0,32031800.0,754743961487.0,unadjusted,TSETMC
2024-12-18,1403/09/28,1403,9,28,real_estate_funds,امین شهر,ص.س. املاک و مستغلات امین شهر,70814244102598215,بازار فرابورس,12580.0,12931.0,12552.0,12900.0,12790.0,12559.0,5638.0,44263003.0,566103053694.0,unadjusted,TSETMC
2024-12-18,1403/09/28,1403,9,28,real_estate_funds,دانیک,ص.س.املاک ومستغلات نیک رای,67717913151786055,بازار فرابورس,12110.0,13150.0,11900.0,13100.0,12671.0,12609.0,5253.0,43907404.0,556338807838.0,unadjusted,TSETMC
2024-12-18,1403/09/28,1403,9,28,real_estate_funds,مالک آتیه,ص.س.املاک و مستغلات مالک آتیه,37118058361762279,بازار فرابورس,11550.0,11998.0,11350.0,11942.0,11713.0,11487.0,2622.0,28580706.0,334771944230.0,unadjusted,TSETMC
2024-12-18,1403/09/28,1403,9,28,real_estate_funds,کلید,صندوق س خانه آگاه-املاک,45292762906823004,بازار بورس,12030.0,12650.0,11850.0,12500.0,12430.0,12270.0,16893.0,378486360.0,4704899319790.0,unadjusted,TSETMC
2024-12-21,1403/10/01,1403,10,1,real_estate_funds,ارزش مسکن,ص.س.املاک ومستغلات ارزش مسکن,71945594172117613,بازار فرابورس,24900.0,25656.0,24900.0,25599.0,25314.0,23562.0,10753.0,18113529.0,458529089688.0,unadjusted,TSETMC
2024-12-21,1403/10/01,1403,10,1,real_estate_funds,امین شهر,ص.س. املاک و مستغلات امین شهر,70814244102598215,بازار فرابورس,13060.0,13400.0,12935.0,13120.0,13181.0,12790.0,6383.0,58948119.0,776995347765.0,unadjusted,TSETMC
2024-12-21,1403/10/01,1403,10,1,real_estate_funds,دانیک,ص.س.املاک ومستغلات نیک رای,67717913151786055,بازار فرابورس,13500.0,13600.0,13100.0,13410.0,13378.0,12671.0,2596.0,18597456.0,248800213505.0,unadjusted,TSETMC
2024-12-21,1403/10/01,1403,10,1,real_estate_funds,مالک آتیه,ص.س.املاک و مستغلات مالک آتیه,37118058361762279,بازار فرابورس,12071.0,12360.0,11900.0,12169.0,12184.0,11713.0,2468.0,24579147.0,299483365872.0,unadjusted,TSETMC
2024-12-21,1403/10/01,1403,10,1,real_estate_funds,کلید,صندوق س خانه آگاه-املاک,45292762906823004,بازار بورس,12760.0,13110.0,12590.0,12790.0,12860.0,12430.0,18034.0,321064351.0,4127384281860.0,unadjusted,TSETMC
2024-12-22,1403/10/02,1403,10,2,real_estate_funds,ارزش مسکن,ص.س.املاک ومستغلات ارزش مسکن,71945594172117613,بازار فرابورس,25785.0,26150.0,24110.0,24850.0,25418.0,25314.0,18682.0,33672133.0,855879156483.0,unadjusted,TSETMC
2024-12-22,1403/10/02,1403,10,2,real_estate_funds,امین شهر,ص.س. املاک و مستغلات امین شهر,70814244102598215,بازار فرابورس,12990.0,13050.0,12610.0,12647.0,12794.0,13181.0,6123.0,47805641.0,611624291640.0,unadjusted,TSETMC
2024-12-22,1403/10/02,1403,10,2,real_estate_funds,دانیک,ص.س.املاک ومستغلات نیک رای,67717913151786055,بازار فرابورس,13300.0,13460.0,12800.0,12850.0,13111.0,13378.0,4341.0,31314186.0,410561461557.0,unadjusted,TSETMC
2024-12-22,1403/10/02,1403,10,2,real_estate_funds,مالک آتیه,ص.س.املاک و مستغلات مالک آتیه,37118058361762279,بازار فرابورس,12120.0,12120.0,11671.0,11751.0,11860.0,12184.0,2630.0,22700391.0,269226495257.0,unadjusted,TSETMC
2024-12-22,1403/10/02,1403,10,2,real_estate_funds,کلید,صندوق س خانه آگاه-املاک,45292762906823004,بازار بورس,12690.0,12800.0,12260.0,12270.0,12500.0,12860.0,15423.0,279928659.0,3499888768780.0,unadjusted,TSETMC
2024-12-23,1403/10/03,1403,10,3,real_estate_funds,ارزش مسکن,ص.س.املاک ومستغلات ارزش مسکن,71945594172117613,بازار فرابورس,24960.0,26590.0,24865.0,26500.0,26185.0,25418.0,18267.0,35162847.0,920753200080.0,unadjusted,TSETMC
2024-12-23,1403/10/03,1403,10,3,real_estate_funds,امین شهر,ص.س. املاک و مستغلات امین شهر,70814244102598215,بازار فرابورس,12663.0,12890.0,12570.0,12669.0,12749.0,12794.0,5599.0,49735221.0,634068283958.0,unadjusted,TSETMC
2024-12-23,1403/10/03,1403,10,3,real_estate_funds,دانیک,ص.س.املاک ومستغلات نیک رای,67717913151786055,بازار فرابورس,12800.0,13350.0,12799.0,13180.0,13094.0,13111.0,4963.0,48481017.0,634807651436.0,unadjusted,TSETMC
2024-12-23,1403/10/03,1403,10,3,real_estate_funds,مالک آتیه,ص.س.املاک و مستغلات مالک آتیه,37118058361762279,بازار فرابورس,11859.0,12040.0,11757.0,11900.0,11908.0,11860.0,1891.0,22226049.0,264661738395.0,unadjusted,TSETMC
2024-12-23,1403/10/03,1403,10,3,real_estate_funds,کلید,صندوق س خانه آگاه-املاک,45292762906823004,بازار بورس,12240.0,12710.0,12210.0,12530.0,12550.0,12500.0,12898.0,300470743.0,3772063358930.0,unadjusted,TSETMC
2024-12-24,1403/10/04,1403,10,4,real_estate_funds,ارزش مسکن,ص.س.املاک ومستغلات ارزش مسکن,71945594172117613,بازار فرابورس,26950.0,27500.0,25650.0,26600.0,26654.0,26185.0,21058.0,40757350.0,1086351660367.0,unadjusted,TSETMC
2024-12-24,1403/10/04,1403,10,4,real_estate_funds,امین شهر,ص.س. املاک و مستغلات امین شهر,70814244102598215,بازار فرابورس,12760.0,12819.0,12550.0,12557.0,12604.0,12749.0,5878.0,53652254.0,676239625393.0,unadjusted,TSETMC
2024-12-24,1403/10/04,1403,10,4,real_estate_funds,دانیک,ص.س.املاک ومستغلات نیک رای,67717913151786055,بازار فرابورس,13347.0,13478.0,12813.0,13002.0,13132.0,13094.0,3352.0,22104996.0,290285946885.0,unadjusted,TSETMC
2024-12-24,1403/10/04,1403,10,4,real_estate_funds,مالک آتیه,ص.س.املاک و مستغلات مالک آتیه,37118058361762279,بازار فرابورس,11998.0,12060.0,11628.0,11732.0,11792.0,11908.0,1888.0,20206024.0,238265083730.0,unadjusted,TSETMC
2024-12-24,1403/10/04,1403,10,4,real_estate_funds,کلید,صندوق س خانه آگاه-املاک,45292762906823004,بازار بورس,12700.0,12740.0,12110.0,12230.0,12360.0,12550.0,15370.0,282996228.0,3496966712180.0,unadjusted,TSETMC
2024-12-25,1403/10/05,1403,10,5,real_estate_funds,ارزش مسکن,ص.س.املاک ومستغلات ارزش مسکن,71945594172117613,بازار فرابورس,26700.0,26950.0,25300.0,25468.0,25905.0,26654.0,19671.0,34483169.0,893277590679.0,unadjusted,TSETMC
2024-12-25,1403/10/05,1403,10,5,real_estate_funds,امین شهر,ص.س. املاک و مستغلات امین شهر,70814244102598215,بازار فرابورس,12555.0,12580.0,12548.0,12550.0,12551.0,12604.0,2352.0,38126512.0,478522107275.0,unadjusted,TSETMC
2024-12-25,1403/10/05,1403,10,5,real_estate_funds,دانیک,ص.س.املاک ومستغلات نیک رای,67717913151786055,بازار فرابورس,12920.0,13800.0,12845.0,13700.0,13325.0,13132.0,3845.0,30652533.0,408445122783.0,unadjusted,TSETMC
2024-12-25,1403/10/05,1403,10,5,real_estate_funds,مالک آتیه,ص.س.املاک و مستغلات مالک آتیه,37118058361762279,بازار فرابورس,11870.0,11870.0,11400.0,11526.0,11536.0,11792.0,1415.0,11281583.0,130140878475.0,unadjusted,TSETMC
2024-12-25,1403/10/05,1403,10,5,real_estate_funds,کلید,صندوق س خانه آگاه-املاک,45292762906823004,بازار بورس,12240.0,12330.0,11780.0,11890.0,11980.0,12360.0,11117.0,182128939.0,2181133537510.0,unadjusted,TSETMC
2024-12-28,1403/10/08,1403,10,8,real_estate_funds,ارزش مسکن,ص.س.املاک ومستغلات ارزش مسکن,71945594172117613,بازار فرابورس,25480.0,26050.0,24900.0,25450.0,25535.0,25905.0,17633.0,29895404.0,763367112364.0,unadjusted,TSETMC
2024-12-28,1403/10/08,1403,10,8,real_estate_funds,امین شهر,ص.س. املاک و مستغلات امین شهر,70814244102598215,بازار فرابورس,12587.0,12746.0,12552.0,12606.0,12624.0,12551.0,2786.0,22134941.0,279431425297.0,unadjusted,TSETMC
2024-12-28,1403/10/08,1403,10,8,real_estate_funds,دانیک,ص.س.املاک ومستغلات نیک رای,67717913151786055,بازار فرابورس,13713.0,14657.0,13700.0,14657.0,14391.0,13325.0,2822.0,20408280.0,293705226242.0,unadjusted,TSETMC
2024-12-28,1403/10/08,1403,10,8,real_estate_funds,مالک آتیه,ص.س.املاک و مستغلات مالک آتیه,37118058361762279,بازار فرابورس,11650.0,12288.0,11400.0,12178.0,11905.0,11536.0,2658.0,27183248.0,323622363736.0,unadjusted,TSETMC
2024-12-28,1403/10/08,1403,10,8,real_estate_funds,کلید,صندوق س خانه آگاه-املاک,45292762906823004,بازار بورس,11900.0,12110.0,11800.0,11950.0,11970.0,11980.0,9689.0,148514490.0,1778154476980.0,unadjusted,TSETMC
2024-12-29,1403/10/09,1403,10,9,real_estate_funds,ارزش مسکن,ص.س.املاک ومستغلات ارزش مسکن,71945594172117613,بازار فرابورس,25450.0,25766.0,24501.0,24668.0,24949.0,25535.0,11887.0,16664132.0,415761464595.0,unadjusted,TSETMC
2024-12-29,1403/10/09,1403,10,9,real_estate_funds,امین شهر,ص.س. املاک و مستغلات امین شهر,70814244102598215,بازار فرابورس,12630.0,12635.0,12549.0,12555.0,12557.0,12624.0,1857.0,27468787.0,344920191661.0,unadjusted,TSETMC
2024-12-29,1403/10/09,1403,10,9,real_estate_funds,دانیک,ص.س.املاک ومستغلات نیک رای,67717913151786055,بازار فرابورس,15300.0,15480.0,14600.0,14740.0,14990.0,14391.0,6310.0,49279068.0,738714243195.0,unadjusted,TSETMC
2024-12-29,1403/10/09,1403,10,9,real_estate_funds,مالک آتیه,ص.س.املاک و مستغلات مالک آتیه,37118058361762279,بازار فرابورس,12289.0,12301.0,11709.0,11799.0,11971.0,11905.0,2584.0,23855893.0,285570045311.0,unadjusted,TSETMC
2024-12-29,1403/10/09,1403,10,9,real_estate_funds,کلید,صندوق س خانه آگاه-املاک,45292762906823004,بازار بورس,11980.0,12040.0,11620.0,11660.0,11770.0,11970.0,7688.0,90809457.0,1068945241970.0,unadjusted,TSETMC
2024-12-30,1403/10/10,1403,10,10,real_estate_funds,ارزش مسکن,ص.س.املاک ومستغلات ارزش مسکن,71945594172117613,بازار فرابورس,24560.0,24697.0,23830.0,23878.0,24207.0,24949.0,10304.0,15670524.0,379338309273.0,unadjusted,TSETMC
2024-12-30,1403/10/10,1403,10,10,real_estate_funds,امین شهر,ص.س. املاک و مستغلات امین شهر,70814244102598215,بازار فرابورس,12551.0,12562.0,12549.0,12556.0,12550.0,12557.0,1040.0,15932156.0,199954615887.0,unadjusted,TSETMC
2024-12-30,1403/10/10,1403,10,10,real_estate_funds,دانیک,ص.س.املاک ومستغلات نیک رای,67717913151786055,بازار فرابورس,14888.0,15440.0,14420.0,15052.0,15051.0,14990.0,4960.0,35195979.0,529732352118.0,unadjusted,TSETMC
2024-12-30,1403/10/10,1403,10,10,real_estate_funds,مالک آتیه,ص.س.املاک و مستغلات مالک آتیه,37118058361762279,بازار فرابورس,11850.0,11899.0,11636.0,11718.0,11762.0,11971.0,1154.0,9492384.0,111650710906.0,unadjusted,TSETMC
2024-12-30,1403/10/10,1403,10,10,real_estate_funds,کلید,صندوق س خانه آگاه-املاک,45292762906823004,بازار بورس,11650.0,11660.0,11380.0,11460.0,11510.0,11770.0,7351.0,66183133.0,761827044040.0,unadjusted,TSETMC
2024-12-31,1403/10/11,1403,10,11,real_estate_funds,ارزش مسکن,ص.س.املاک ومستغلات ارزش مسکن,71945594172117613,بازار فرابورس,24000.0,25750.0,23991.0,25620.0,24814.0,24207.0,16717.0,28960682.0,718616399269.0,unadjusted,TSETMC
2024-12-31,1403/10/11,1403,10,11,real_estate_funds,امین شهر,ص.س. املاک و مستغلات امین شهر,70814244102598215,بازار فرابورس,12556.0,12660.0,12550.0,12597.0,12576.0,12550.0,1568.0,16151463.0,203115116536.0,unadjusted,TSETMC
2024-12-31,1403/10/11,1403,10,11,real_estate_funds,دانیک,ص.س.املاک ومستغلات نیک رای,67717913151786055,بازار فرابورس,15200.0,15398.0,14885.0,15199.0,15093.0,15051.0,4764.0,38110677.0,575194155656.0,unadjusted,TSETMC
2024-12-31,1403/10/11,1403,10,11,real_estate_funds,مالک آتیه,ص.س.املاک و مستغلات مالک آتیه,37118058361762279,بازار فرابورس,11795.0,12047.0,11655.0,11957.0,11849.0,11762.0,1740.0,11858911.0,140519406060.0,unadjusted,TSETMC
2024-12-31,1403/10/11,1403,10,11,real_estate_funds,کلید,صندوق س خانه آگاه-املاک,45292762906823004,بازار بورس,11490.0,11860.0,11370.0,11830.0,11640.0,11510.0,9188.0,154801952.0,1802537717060.0,unadjusted,TSETMC
2025-01-01,1403/10/12,1403,10,12,real_estate_funds,ارزش مسکن,ص.س.املاک ومستغلات ارزش مسکن,71945594172117613,بازار فرابورس,25551.0,26743.0,25352.0,26280.0,26159.0,24814.0,17062.0,32174927.0,841659046241.0,unadjusted,TSETMC
2025-01-01,1403/10/12,1403,10,12,real_estate_funds,امین شهر,ص.س. املاک و مستغلات امین شهر,70814244102598215,بازار فرابورس,12610.0,12840.0,12550.0,12670.0,12677.0,12576.0,4224.0,36788253.0,466359472572.0,unadjusted,TSETMC
2025-01-01,1403/10/12,1403,10,12,real_estate_funds,دانیک,ص.س.املاک ومستغلات نیک رای,67717913151786055,بازار فرابورس,15200.0,15998.0,15011.0,15587.0,15560.0,15093.0,3762.0,30955471.0,481678017467.0,unadjusted,TSETMC
2025-01-01,1403/10/12,1403,10,12,real_estate_funds,مالک آتیه,ص.س.املاک و مستغلات مالک آتیه,37118058361762279,بازار فرابورس,11970.0,12180.0,11750.0,11934.0,11991.0,11849.0,3360.0,45319807.0,543451272965.0,unadjusted,TSETMC
2025-01-01,1403/10/12,1403,10,12,real_estate_funds,کلید,صندوق س خانه آگاه-املاک,45292762906823004,بازار بورس,11910.0,12290.0,11690.0,12070.0,12030.0,11640.0,11291.0,212518404.0,2555669848540.0,unadjusted,TSETMC
2025-01-04,1403/10/15,1403,10,15,real_estate_funds,ارزش مسکن,ص.س.املاک ومستغلات ارزش مسکن,71945594172117613,بازار فرابورس,26700.0,27349.0,26620.0,26625.0,27038.0,26159.0,16605.0,28575879.0,772624549836.0,unadjusted,TSETMC
2025-01-04,1403/10/15,1403,10,15,real_estate_funds,امین شهر,ص.س. املاک و مستغلات امین شهر,70814244102598215,بازار فرابورس,12760.0,12888.0,12601.0,12695.0,12778.0,12677.0,3461.0,28943828.0,369844326675.0,unadjusted,TSETMC
2025-01-04,1403/10/15,1403,10,15,real_estate_funds,دانیک,ص.س.املاک ومستغلات نیک رای,67717913151786055,بازار فرابورس,16000.0,16700.0,15990.0,16300.0,16416.0,15560.0,4602.0,28612970.0,469708603584.0,unadjusted,TSETMC
2025-01-04,1403/10/15,1403,10,15,real_estate_funds,مالک آتیه,ص.س.املاک و مستغلات مالک آتیه,37118058361762279,بازار فرابورس,11992.0,12320.0,11991.0,12061.0,12127.0,11991.0,3545.0,37842232.0,458920915418.0,unadjusted,TSETMC
2025-01-04,1403/10/15,1403,10,15,real_estate_funds,کلید,صندوق س خانه آگاه-املاک,45292762906823004,بازار بورس,12200.0,12450.0,12140.0,12190.0,12320.0,12030.0,10719.0,205131046.0,2526929954780.0,unadjusted,TSETMC
2025-01-05,1403/10/16,1403,10,16,real_estate_funds,ارزش مسکن,ص.س.املاک ومستغلات ارزش مسکن,71945594172117613,بازار فرابورس,26699.0,26994.0,25700.0,25824.0,26296.0,27038.0,15650.0,26194259.0,688792751437.0,unadjusted,TSETMC
2025-01-05,1403/10/16,1403,10,16,real_estate_funds,امین شهر,ص.س. املاک و مستغلات امین شهر,70814244102598215,بازار فرابورس,12670.0,12690.0,12550.0,12551.0,12572.0,12778.0,2217.0,21698394.0,272792148485.0,unadjusted,TSETMC
2025-01-05,1403/10/16,1403,10,16,real_estate_funds,دانیک,ص.س.املاک ومستغلات نیک رای,67717913151786055,بازار فرابورس,16182.0,17000.0,15500.0,16133.0,16392.0,16416.0,5696.0,38092967.0,624422577043.0,unadjusted,TSETMC
2025-01-05,1403/10/16,1403,10,16,real_estate_funds,مالک آتیه,ص.س.املاک و مستغلات مالک آتیه,37118058361762279,بازار فرابورس,12079.0,12079.0,11742.0,11757.0,11893.0,12127.0,2241.0,20484410.0,243615183677.0,unadjusted,TSETMC
2025-01-05,1403/10/16,1403,10,16,real_estate_funds,کلید,صندوق س خانه آگاه-املاک,45292762906823004,بازار بورس,12200.0,12300.0,11900.0,11940.0,12070.0,12320.0,9339.0,157092596.0,1896213119350.0,unadjusted,TSETMC
2025-01-06,1403/10/17,1403,10,17,real_estate_funds,ارزش مسکن,ص.س.املاک ومستغلات ارزش مسکن,71945594172117613,بازار فرابورس,25700.0,26690.0,25460.0,26516.0,26124.0,26296.0,13915.0,24067341.0,628734096054.0,unadjusted,TSETMC
2025-01-06,1403/10/17,1403,10,17,real_estate_funds,امین شهر,ص.س. املاک و مستغلات امین شهر,70814244102598215,بازار فرابورس,12551.0,12621.0,12548.0,12599.0,12564.0,12572.0,1571.0,20477671.0,257280350172.0,unadjusted,TSETMC
2025-01-06,1403/10/17,1403,10,17,real_estate_funds,دانیک,ص.س.املاک ومستغلات نیک رای,67717913151786055,بازار فرابورس,16070.0,16899.0,16050.0,16773.0,16525.0,16392.0,6246.0,46277918.0,764740322695.0,unadjusted,TSETMC
2025-01-06,1403/10/17,1403,10,17,real_estate_funds,مالک آتیه,ص.س.املاک و مستغلات مالک آتیه,37118058361762279,بازار فرابورس,11691.0,11950.0,11691.0,11894.0,11836.0,11893.0,2241.0,16213933.0,191912054455.0,unadjusted,TSETMC
2025-01-06,1403/10/17,1403,10,17,real_estate_funds,کلید,صندوق س خانه آگاه-املاک,45292762906823004,بازار بورس,11960.0,12220.0,11800.0,12160.0,12020.0,12070.0,8511.0,155667659.0,1871826003110.0,unadjusted,TSETMC
2025-01-07,1403/10/18,1403,10,18,real_estate_funds,ارزش مسکن,ص.س.املاک ومستغلات ارزش مسکن,71945594172117613,بازار فرابورس,26600.0,27039.0,26311.0,26850.0,26783.0,26124.0,18075.0,33628081.0,900649593457.0,unadjusted,TSETMC
2025-01-07,1403/10/18,1403,10,18,real_estate_funds,امین شهر,ص.س. املاک و مستغلات امین شهر,70814244102598215,بازار فرابورس,12568.0,12749.0,12565.0,12609.0,12642.0,12564.0,2863.0,18585832.0,234957023326.0,unadjusted,TSETMC
2025-01-07,1403/10/18,1403,10,18,real_estate_funds,دانیک,ص.س.املاک ومستغلات نیک رای,67717913151786055,بازار فرابورس,16918.0,18175.0,16775.0,17780.0,17536.0,16525.0,7218.0,61075278.0,1071033743285.0,unadjusted,TSETMC
2025-01-07,1403/10/18,1403,10,18,real_estate_funds,مالک آتیه,ص.س.املاک و مستغلات مالک آتیه,37118058361762279,بازار فرابورس,11860.0,12078.0,11860.0,12009.0,11982.0,11836.0,2864.0,29215043.0,350048782565.0,unadjusted,TSETMC
2025-01-07,1403/10/18,1403,10,18,real_estate_funds,کلید,صندوق س خانه آگاه-املاک,45292762906823004,بازار بورس,12200.0,12370.0,12130.0,12240.0,12240.0,12020.0,9884.0,250220293.0,3062366071660.0,unadjusted,TSETMC
2025-01-08,1403/10/19,1403,10,19,real_estate_funds,ارزش مسکن,ص.س.املاک ومستغلات ارزش مسکن,71945594172117613,بازار فرابورس,26826.0,26970.0,26017.0,26090.0,26377.0,26783.0,17730.0,29872652.0,787949712531.0,unadjusted,TSETMC
2025-01-08,1403/10/19,1403,10,19,real_estate_funds,امین شهر,ص.س. املاک و مستغلات امین شهر,70814244102598215,بازار فرابورس,12659.0,12997.0,12559.0,12851.0,12737.0,12642.0,3667.0,30104214.0,383433683907.0,unadjusted,TSETMC
2025-01-08,1403/10/19,1403,10,19,real_estate_funds,دانیک,ص.س.املاک ومستغلات نیک رای,67717913151786055,بازار فرابورس,18000.0,18179.0,17100.0,17280.0,17742.0,17536.0,11155.0,89777573.0,1592791748872.0,unadjusted,TSETMC
2025-01-08,1403/10/19,1403,10,19,real_estate_funds,مالک آتیه,ص.س.املاک و مستغلات مالک آتیه,37118058361762279,بازار فرابورس,12049.0,13074.0,11851.0,12900.0,12542.0,11982.0,7699.0,124012279.0,1555371776420.0,unadjusted,TSETMC
2025-01-08,1403/10/19,1403,10,19,real_estate_funds,کلید,صندوق س خانه آگاه-املاک,45292762906823004,بازار بورس,12280.0,12290.0,12010.0,12110.0,12130.0,12240.0,9186.0,175214325.0,2124679163200.0,unadjusted,TSETMC
2025-01-11,1403/10/22,1403,10,22,real_estate_funds,ارزش مسکن,ص.س.املاک ومستغلات ارزش مسکن,71945594172117613,بازار فرابورس,26250.0,26250.0,24600.0,24999.0,25242.0,26377.0,11661.0,16948057.0,427810907164.0,unadjusted,TSETMC
2025-01-11,1403/10/22,1403,10,22,real_estate_funds,امین شهر,ص.س. املاک و مستغلات امین شهر,70814244102598215,بازار فرابورس,12950.0,12951.0,12580.0,12596.0,12697.0,12737.0,3218.0,26790969.0,340165836268.0,unadjusted,TSETMC
2025-01-11,1403/10/22,1403,10,22,real_estate_funds,دانیک,ص.س.املاک ومستغلات نیک رای,67717913151786055,بازار فرابورس,17091.0,17482.0,15968.0,16700.0,16602.0,17742.0,8418.0,63988072.0,1062313740536.0,unadjusted,TSETMC
2025-01-11,1403/10/22,1403,10,22,real_estate_funds,مالک آتیه,ص.س.املاک و مستغلات مالک آتیه,37118058361762279,بازار فرابورس,13220.0,13300.0,12691.0,12695.0,12991.0,12542.0,9635.0,112133118.0,1456759002926.0,unadjusted,TSETMC
2025-01-11,1403/10/22,1403,10,22,real_estate_funds,کلید,صندوق س خانه آگاه-املاک,45292762906823004,بازار بورس,12130.0,12230.0,11760.0,11830.0,11960.0,12130.0,8460.0,111529309.0,1334280229640.0,unadjusted,TSETMC
2025-01-12,1403/10/23,1403,10,23,real_estate_funds,ارزش مسکن,ص.س.املاک ومستغلات ارزش مسکن,71945594172117613,بازار فرابورس,25012.0,25045.0,24301.0,24635.0,24689.0,25242.0,6076.0,8946199.0,220870148032.0,unadjusted,TSETMC
2025-01-12,1403/10/23,1403,10,23,real_estate_funds,امین شهر,ص.س. املاک و مستغلات امین شهر,70814244102598215,بازار فرابورس,12620.0,12620.0,12563.0,12570.0,12570.0,12697.0,1173.0,12558954.0,157863539662.0,unadjusted,TSETMC
2025-01-12,1403/10/23,1403,10,23,real_estate_funds,دانیک,ص.س.املاک ومستغلات نیک رای,67717913151786055,بازار فرابورس,16700.0,17289.0,16012.0,16875.0,16991.0,16602.0,5771.0,43192238.0,733860959583.0,unadjusted,TSETMC
2025-01-12,1403/10/23,1403,10,23,real_estate_funds,مالک آتیه,ص.س.املاک و مستغلات مالک آتیه,37118058361762279,بازار فرابورس,12700.0,12700.0,12140.0,12276.0,12320.0,12991.0,6677.0,56329051.0,693977505920.0,unadjusted,TSETMC
2025-01-12,1403/10/23,1403,10,23,real_estate_funds,کلید,صندوق س خانه آگاه-املاک,45292762906823004,بازار بورس,11750.0,11840.0,11670.0,11690.0,11740.0,11960.0,4121.0,42799627.0,502473252510.0,unadjusted,TSETMC
2025-01-13,1403/10/24,1403,10,24,real_estate_funds,ارزش مسکن,ص.س.املاک ومستغلات ارزش مسکن,71945594172117613,بازار فرابورس,24630.0,25500.0,24630.0,25314.0,25312.0,24689.0,8655.0,14185645.0,359072093676.0,unadjusted,TSETMC
2025-01-13,1403/10/24,1403,10,24,real_estate_funds,امین شهر,ص.س. املاک و مستغلات امین شهر,70814244102598215,بازار فرابورس,12570.0,12644.0,12564.0,12599.0,12593.0,12570.0,1270.0,9508035.0,119735690657.0,unadjusted,TSETMC
2025-01-13,1403/10/24,1403,10,24,real_estate_funds,دانیک,ص.س.املاک ومستغلات نیک رای,67717913151786055,بازار فرابورس,16875.0,17090.0,16260.0,16290.0,16539.0,16991.0,7314.0,42093259.0,696165006219.0,unadjusted,TSETMC
2025-01-13,1403/10/24,1403,10,24,real_estate_funds,مالک آتیه,ص.س.املاک و مستغلات مالک آتیه,37118058361762279,بازار فرابورس,12220.0,12668.0,12125.0,12348.0,12388.0,12320.0,5101.0,52871462.0,654994603413.0,unadjusted,TSETMC
2025-01-13,1403/10/24,1403,10,24,real_estate_funds,کلید,صندوق س خانه آگاه-املاک,45292762906823004,بازار بورس,11730.0,11970.0,11700.0,11850.0,11850.0,11740.0,5055.0,78420515.0,928933619640.0,unadjusted,TSETMC
2025-01-15,1403/10/26,1403,10,26,real_estate_funds,ارزش مسکن,ص.س.املاک ومستغلات ارزش مسکن,71945594172117613,بازار فرابورس,25499.0,26062.0,24680.0,24800.0,25345.0,25312.0,8254.0,11032297.0,279608726930.0,unadjusted,TSETMC
2025-01-15,1403/10/26,1403,10,26,real_estate_funds,امین شهر,ص.س. املاک و مستغلات امین شهر,70814244102598215,بازار فرابورس,12571.0,12660.0,12570.0,12571.0,12575.0,12593.0,1323.0,20548824.0,258393380709.0,unadjusted,TSETMC
2025-01-15,1403/10/26,1403,10,26,real_estate_funds,دانیک,ص.س.املاک ومستغلات نیک رای,67717913151786055,بازار فرابورس,16240.0,16650.0,14886.0,14886.0,15544.0,16539.0,9934.0,68162826.0,1059513780552.0,unadjusted,TSETMC
2025-01-15,1403/10/26,1403,10,26,real_estate_funds,مالک آتیه,ص.س.املاک و مستغلات مالک آتیه,37118058361762279,بازار فرابورس,12392.0,12640.0,12009.0,12024.0,12257.0,12388.0,3611.0,29963009.0,367254948524.0,unadjusted,TSETMC
2025-01-15,1403/10/26,1403,10,26,real_estate_funds,کلید,صندوق س خانه آگاه-املاک,45292762906823004,بازار بورس,11890.0,12030.0,11700.0,11720.0,11850.0,11850.0,4997.0,60776005.0,720211255320.0,unadjusted,TSETMC
2025-01-18,1403/10/29,1403,10,29,real_estate_funds,ارزش مسکن,ص.س.املاک ومستغلات ارزش مسکن,71945594172117613,بازار فرابورس,24800.0,24800.0,23801.0,23868.0,24107.0,25345.0,6382.0,9020768.0,217460004845.0,unadjusted,TSETMC
2025-01-18,1403/10/29,1403,10,29,real_estate_funds,امین شهر,ص.س. املاک و مستغلات امین شهر,70814244102598215,بازار فرابورس,12572.0,12585.0,12570.0,12575.0,12571.0,12575.0,677.0,14079502.0,176996258745.0,unadjusted,TSETMC
2025-01-18,1403/10/29,1403,10,29,real_estate_funds,دانیک,ص.س.املاک ومستغلات نیک رای,67717913151786055,بازار فرابورس,14855.0,15100.0,14120.0,14393.0,14459.0,15544.0,8332.0,64715258.0,935745919336.0,unadjusted,TSETMC
2025-01-18,1403/10/29,1403,10,29,real_estate_funds,مالک آتیه,ص.س.املاک و مستغلات مالک آتیه,37118058361762279,بازار فرابورس,12119.0,12119.0,11781.0,11901.0,11918.0,12257.0,2419.0,19778672.0,235720479362.0,unadjusted,TSETMC
2025-01-18,1403/10/29,1403,10,29,real_estate_funds,کلید,صندوق س خانه آگاه-املاک,45292762906823004,بازار بورس,11720.0,11750.0,11420.0,11470.0,11520.0,11850.0,3915.0,33973034.0,391528647950.0,unadjusted,TSETMC
2025-01-19,1403/10/30,1403,10,30,real_estate_funds,ارزش مسکن,ص.س.املاک ومستغلات ارزش مسکن,71945594172117613,بازار فرابورس,24040.0,25078.0,23900.0,24933.0,24630.0,24107.0,8337.0,13813317.0,340219073217.0,unadjusted,TSETMC
2025-01-19,1403/10/30,1403,10,30,real_estate_funds,امین شهر,ص.س. املاک و مستغلات امین شهر,70814244102598215,بازار فرابورس,12571.0,12610.0,12571.0,12589.0,12581.0,12571.0,660.0,6426664.0,80852441990.0,unadjusted,TSETMC
2025-01-19,1403/10/30,1403,10,30,real_estate_funds,دانیک,ص.س.املاک ومستغلات نیک رای,67717913151786055,بازار فرابورس,14410.0,15272.0,14350.0,15226.0,14943.0,14459.0,7107.0,45045508.0,673127060956.0,unadjusted,TSETMC
2025-01-19,1403/10/30,1403,10,30,real_estate_funds,مالک آتیه,ص.س.املاک و مستغلات مالک آتیه,37118058361762279,بازار فرابورس,11851.0,12288.0,11851.0,12198.0,12138.0,11918.0,2834.0,24368586.0,295790341417.0,unadjusted,TSETMC
2025-01-19,1403/10/30,1403,10,30,real_estate_funds,کلید,صندوق س خانه آگاه-املاک,45292762906823004,بازار بورس,11500.0,11660.0,11450.0,11610.0,11570.0,11520.0,5118.0,80951646.0,936461512850.0,unadjusted,TSETMC
2025-01-20,1403/11/01,1403,11,1,real_estate_funds,ارزش مسکن,ص.س.املاک ومستغلات ارزش مسکن,71945594172117613,بازار فرابورس,25090.0,25155.0,23651.0,24020.0,24340.0,24630.0,8545.0,12381859.0,301377582939.0,unadjusted,TSETMC
2025-01-20,1403/11/01,1403,11,1,real_estate_funds,امین شهر,ص.س. املاک و مستغلات امین شهر,70814244102598215,بازار فرابورس,12580.0,12610.0,12570.0,12576.0,12573.0,12581.0,737.0,12453245.0,156570296258.0,unadjusted,TSETMC
2025-01-20,1403/11/01,1403,11,1,real_estate_funds,دانیک,ص.س.املاک ومستغلات نیک رای,67717913151786055,بازار فرابورس,15420.0,15590.0,14410.0,14837.0,14904.0,14943.0,5675.0,40133885.0,598165364840.0,unadjusted,TSETMC
2025-01-20,1403/11/01,1403,11,1,real_estate_funds,مالک آتیه,ص.س.املاک و مستغلات مالک آتیه,37118058361762279,بازار فرابورس,12275.0,12300.0,11852.0,11984.0,12031.0,12138.0,1945.0,18392963.0,221281560241.0,unadjusted,TSETMC
2025-01-20,1403/11/01,1403,11,1,real_estate_funds,کلید,صندوق س خانه آگاه-املاک,45292762906823004,بازار بورس,11640.0,11700.0,11310.0,11420.0,11500.0,11570.0,4519.0,48990309.0,563212830260.0,unadjusted,TSETMC
2025-01-21,1403/11/02,1403,11,2,real_estate_funds,ارزش مسکن,ص.س.املاک ومستغلات ارزش مسکن,71945594172117613,بازار فرابورس,24250.0,25093.0,23751.0,25000.0,24623.0,24340.0,9882.0,16775142.0,413047492332.0,unadjusted,TSETMC
2025-01-21,1403/11/02,1403,11,2,real_estate_funds,امین شهر,ص.س. املاک و مستغلات امین شهر,70814244102598215,بازار فرابورس,12572.0,12610.0,12571.0,12601.0,12580.0,12573.0,910.0,15609200.0,196361860821.0,unadjusted,TSETMC
2025-01-21,1403/11/02,1403,11,2,real_estate_funds,دانیک,ص.س.املاک ومستغلات نیک رای,67717913151786055,بازار فرابورس,15030.0,15595.0,14800.0,15519.0,15278.0,14904.0,6942.0,48614596.0,742738365531.0,unadjusted,TSETMC
2025-01-21,1403/11/02,1403,11,2,real_estate_funds,مالک آتیه,ص.س.املاک و مستغلات مالک آتیه,37118058361762279,بازار فرابورس,12140.0,12398.0,11910.0,12270.0,12201.0,12031.0,3066.0,24241973.0,295780724382.0,unadjusted,TSETMC
2025-01-21,1403/11/02,1403,11,2,real_estate_funds,کلید,صندوق س خانه آگاه-املاک,45292762906823004,بازار بورس,11420.0,11710.0,11340.0,11640.0,11550.0,11500.0,5826.0,85210210.0,983869286720.0,unadjusted,TSETMC
2025-01-22,1403/11/03,1403,11,3,real_estate_funds,ارزش مسکن,ص.س.املاک ومستغلات ارزش مسکن,71945594172117613,بازار فرابورس,25001.0,25367.0,24853.0,24875.0,25115.0,24623.0,9532.0,15920530.0,399847554202.0,unadjusted,TSETMC
2025-01-22,1403/11/03,1403,11,3,real_estate_funds,امین شهر,ص.س. املاک و مستغلات امین شهر,70814244102598215,بازار فرابورس,12618.0,12618.0,12571.0,12577.0,12583.0,12580.0,1012.0,10611497.0,133524311872.0,unadjusted,TSETMC
2025-01-22,1403/11/03,1403,11,3,real_estate_funds,دانیک,ص.س.املاک ومستغلات نیک رای,67717913151786055,بازار فرابورس,15800.0,15990.0,15481.0,15481.0,15802.0,15278.0,6856.0,42372934.0,669575169067.0,unadjusted,TSETMC
2025-01-22,1403/11/03,1403,11,3,real_estate_funds,مالک آتیه,ص.س.املاک و مستغلات مالک آتیه,37118058361762279,بازار فرابورس,12314.0,12540.0,12213.0,12222.0,12380.0,12201.0,5339.0,53190698.0,658493999494.0,unadjusted,TSETMC
2025-01-22,1403/11/03,1403,11,3,real_estate_funds,کلید,صندوق س خانه آگاه-املاک,45292762906823004,بازار بورس,11660.0,11800.0,11580.0,11610.0,11700.0,11550.0,6976.0,104684750.0,1224994937810.0,unadjusted,TSETMC
2025-01-25,1403/11/06,1403,11,6,real_estate_funds,ارزش مسکن,ص.س.املاک ومستغلات ارزش مسکن,71945594172117613,بازار فرابورس,25000.0,25136.0,24320.0,24550.0,24654.0,25115.0,6264.0,8726816.0,215153044757.0,unadjusted,TSETMC
2025-01-25,1403/11/06,1403,11,6,real_estate_funds,امین شهر,ص.س. املاک و مستغلات امین شهر,70814244102598215,بازار فرابورس,12571.0,12582.0,12570.0,12570.0,12571.0,12583.0,493.0,10655026.0,133945869521.0,unadjusted,TSETMC
2025-01-25,1403/11/06,1403,11,6,real_estate_funds,دانیک,ص.س.املاک ومستغلات نیک رای,67717913151786055,بازار فرابورس,15698.0,15900.0,15113.0,15264.0,15380.0,15802.0,7044.0,50842236.0,781969755017.0,unadjusted,TSETMC
2025-01-25,1403/11/06,1403,11,6,real_estate_funds,مالک آتیه,ص.س.املاک و مستغلات مالک آتیه,37118058361762279,بازار فرابورس,12309.0,12309.0,11900.0,12026.0,12078.0,12380.0,3400.0,31228420.0,377176991897.0,unadjusted,TSETMC
2025-01-25,1403/11/06,1403,11,6,real_estate_funds,کلید,صندوق س خانه آگاه-املاک,45292762906823004,بازار بورس,11650.0,11660.0,11460.0,11510.0,11550.0,11700.0,5124.0,74047301.0,855119537780.0,unadjusted,TSETMC
2025-01-26,1403/11/07,1403,11,7,real_estate_funds,ارزش مسکن,ص.س.املاک ومستغلات ارزش مسکن,71945594172117613,بازار فرابورس,24600.0,24939.0,24109.0,24152.0,24354.0,24654.0,6050.0,8105750.0,197408652552.0,unadjusted,TSETMC
2025-01-26,1403/11/07,1403,11,7,real_estate_funds,امین شهر,ص.س. املاک و مستغلات امین شهر,70814244102598215,بازار فرابورس,12572.0,12578.0,12571.0,12573.0,12571.0,12571.0,316.0,6207874.0,78041984446.0,unadjusted,TSETMC
2025-01-26,1403/11/07,1403,11,7,real_estate_funds,دانیک,ص.س.املاک ومستغلات نیک رای,67717913151786055,بازار فرابورس,15328.0,15653.0,15015.0,15282.0,15290.0,15380.0,5919.0,37319750.0,570623892839.0,unadjusted,TSETMC
2025-01-26,1403/11/07,1403,11,7,real_estate_funds,مالک آتیه,ص.س.املاک و مستغلات مالک آتیه,37118058361762279,بازار فرابورس,12049.0,12190.0,11907.0,11955.0,12001.0,12078.0,2036.0,20448303.0,245406920567.0,unadjusted,TSETMC
2025-01-26,1403/11/07,1403,11,7,real_estate_funds,کلید,صندوق س خانه آگاه-املاک,45292762906823004,بازار بورس,11600.0,11650.0,11390.0,11460.0,11500.0,11550.0,4734.0,64705560.0,743881583190.0,unadjusted,TSETMC
2025-01-27,1403/11/08,1403,11,8,real_estate_funds,ارزش مسکن,ص.س.املاک ومستغلات ارزش مسکن,71945594172117613,بازار فرابورس,24180.0,24426.0,23860.0,24000.0,24114.0,24354.0,4404.0,6170793.0,148800633032.0,unadjusted,TSETMC
2025-01-27,1403/11/08,1403,11,8,real_estate_funds,امین شهر,ص.س. املاک و مستغلات امین شهر,70814244102598215,بازار فرابورس,12575.0,12944.0,12575.0,12643.0,12694.0,12571.0,1236.0,11938399.0,151549224621.0,unadjusted,TSETMC
2025-01-27,1403/11/08,1403,11,8,real_estate_funds,دانیک,ص.س.املاک ومستغلات نیک رای,67717913151786055,بازار فرابورس,15230.0,15490.0,15060.0,15235.0,15248.0,15290.0,5100.0,35494359.0,541227683512.0,unadjusted,TSETMC
2025-01-27,1403/11/08,1403,11,8,real_estate_funds,مالک آتیه,ص.س.املاک و مستغلات مالک آتیه,37118058361762279,بازار فرابورس,11930.0,12025.0,11865.0,11884.0,11938.0,12001.0,1686.0,17142544.0,204639714763.0,unadjusted,TSETMC
2025-01-27,1403/11/08,1403,11,8,real_estate_funds,کلید,صندوق س خانه آگاه-املاک,45292762906823004,بازار بورس,11440.0,11480.0,11380.0,11380.0,11420.0,11500.0,2842.0,26808544.0,306069432400.0,unadjusted,TSETMC
2025-01-29,1403/11/10,1403,11,10,real_estate_funds,ارزش مسکن,ص.س.املاک ومستغلات ارزش مسکن,71945594172117613,بازار فرابورس,24060.0,24244.0,23791.0,23874.0,23967.0,24114.0,4257.0,4911836.0,117720374938.0,unadjusted,TSETMC
2025-01-29,1403/11/10,1403,11,10,real_estate_funds,امین شهر,ص.س. املاک و مستغلات امین شهر,70814244102598215,بازار فرابورس,12833.0,12833.0,12585.0,12585.0,12597.0,12694.0,531.0,5098906.0,64232857521.0,unadjusted,TSETMC
2025-01-29,1403/11/10,1403,11,10,real_estate_funds,دانیک,ص.س.املاک ومستغلات نیک رای,67717913151786055,بازار فرابورس,15260.0,15389.0,15022.0,15090.0,15164.0,15248.0,4334.0,26442550.0,400969510684.0,unadjusted,TSETMC
2025-01-29,1403/11/10,1403,11,10,real_estate_funds,مالک آتیه,ص.س.املاک و مستغلات مالک آتیه,37118058361762279,بازار فرابورس,11948.0,11995.0,11900.0,11939.0,11947.0,11938.0,1696.0,12249790.0,146353357324.0,unadjusted,TSETMC
2025-01-29,1403/11/10,1403,11,10,real_estate_funds,کلید,صندوق س خانه آگاه-املاک,45292762906823004,بازار بورس,11400.0,11500.0,11380.0,11400.0,11430.0,11420.0,3164.0,50546837.0,577602033750.0,unadjusted,TSETMC
2025-02-01,1403/11/13,1403,11,13,real_estate_funds,ارزش مسکن,ص.س.املاک ومستغلات ارزش مسکن,71945594172117613,بازار فرابورس,23889.0,23889.0,22918.0,23171.0,23140.0,23967.0,5424.0,7737529.0,179042585126.0,unadjusted,TSETMC
2025-02-01,1403/11/13,1403,11,13,real_estate_funds,امین شهر,ص.س. املاک و مستغلات امین شهر,70814244102598215,بازار فرابورس,12626.0,12840.0,12593.0,12720.0,12631.0,12597.0,536.0,6398774.0,80819769330.0,unadjusted,TSETMC
2025-02-01,1403/11/13,1403,11,13,real_estate_funds,دانیک,ص.س.املاک ومستغلات نیک رای,67717913151786055,بازار فرابورس,15150.0,15150.0,14621.0,14850.0,14816.0,15164.0,4510.0,30491626.0,451778742884.0,unadjusted,TSETMC
2025-02-01,1403/11/13,1403,11,13,real_estate_funds,مالک آتیه,ص.س.املاک و مستغلات مالک آتیه,37118058361762279,بازار فرابورس,12044.0,12044.0,11711.0,11838.0,11832.0,11947.0,1416.0,10812187.0,127929970842.0,unadjusted,TSETMC
2025-02-01,1403/11/13,1403,11,13,real_estate_funds,کلید,صندوق س خانه آگاه-املاک,45292762906823004,بازار بورس,11400.0,11420.0,11220.0,11270.0,11290.0,11430.0,3018.0,31295608.0,353341694790.0,unadjusted,TSETMC
2025-02-02,1403/11/14,1403,11,14,real_estate_funds,ارزش مسکن,ص.س.املاک ومستغلات ارزش مسکن,71945594172117613,بازار فرابورس,23190.0,23190.0,22610.0,22769.0,22900.0,23140.0,3851.0,5342159.0,122337049338.0,unadjusted,TSETMC
2025-02-02,1403/11/14,1403,11,14,real_estate_funds,امین شهر,ص.س. املاک و مستغلات امین شهر,70814244102598215,بازار فرابورس,12631.0,12680.0,12600.0,12603.0,12602.0,12631.0,1147.0,33308086.0,419752255015.0,unadjusted,TSETMC
2025-02-02,1403/11/14,1403,11,14,real_estate_funds,دانیک,ص.س.املاک ومستغلات نیک رای,67717913151786055,بازار فرابورس,14977.0,14977.0,14651.0,14894.0,14824.0,14816.0,3507.0,28224800.0,418397125979.0,unadjusted,TSETMC
2025-02-02,1403/11/14,1403,11,14,real_estate_funds,مالک آتیه,ص.س.املاک و مستغلات مالک آتیه,37118058361762279,بازار فرابورس,11834.0,11944.0,11800.0,11897.0,11871.0,11832.0,1236.0,8174999.0,97047192069.0,unadjusted,TSETMC
2025-02-02,1403/11/14,1403,11,14,real_estate_funds,کلید,صندوق س خانه آگاه-املاک,45292762906823004,بازار بورس,11250.0,11300.0,11180.0,11190.0,11230.0,11290.0,2535.0,28326584.0,318027252970.0,unadjusted,TSETMC
2025-02-03,1403/11/15,1403,11,15,real_estate_funds,ارزش مسکن,ص.س.املاک ومستغلات ارزش مسکن,71945594172117613,بازار فرابورس,22900.0,23320.0,22368.0,23231.0,22817.0,22900.0,6164.0,9594040.0,218903705418.0,unadjusted,TSETMC
2025-02-03,1403/11/15,1403,11,15,real_estate_funds,امین شهر,ص.س. املاک و مستغلات امین شهر,70814244102598215,بازار فرابورس,12615.0,12649.0,12613.0,12628.0,12616.0,12602.0,970.0,25336461.0,319638366032.0,unadjusted,TSETMC
2025-02-03,1403/11/15,1403,11,15,real_estate_funds,دانیک,ص.س.املاک ومستغلات نیک رای,67717913151786055,بازار فرابورس,14830.0,15440.0,14700.0,15437.0,15079.0,14824.0,4948.0,33373707.0,503254531486.0,unadjusted,TSETMC
2025-02-03,1403/11/15,1403,11,15,real_estate_funds,مالک آتیه,ص.س.املاک و مستغلات مالک آتیه,37118058361762279,بازار فرابورس,11939.0,12088.0,11810.0,12039.0,11961.0,11871.0,1735.0,13833795.0,165468564451.0,unadjusted,TSETMC
2025-02-03,1403/11/15,1403,11,15,real_estate_funds,کلید,صندوق س خانه آگاه-املاک,45292762906823004,بازار بورس,11210.0,11250.0,11000.0,11240.0,11170.0,11230.0,5080.0,99871543.0,1115414925650.0,unadjusted,TSETMC
2025-02-04,1403/11/16,1403,11,16,real_estate_funds,ارزش مسکن,ص.س.املاک ومستغلات ارزش مسکن,71945594172117613,بازار فرابورس,23290.0,23370.0,23110.0,23152.0,23208.0,22817.0,4251.0,6611848.0,153447435680.0,unadjusted,TSETMC
2025-02-04,1403/11/16,1403,11,16,real_estate_funds,امین شهر,ص.س. املاک و مستغلات امین شهر,70814244102598215,بازار فرابورس,12631.0,12689.0,12626.0,12631.0,12628.0,12616.0,1101.0,31543332.0,398344928912.0,unadjusted,TSETMC
2025-02-04,1403/11/16,1403,11,16,real_estate_funds,دانیک,ص.س.املاک ومستغلات نیک رای,67717913151786055,بازار فرابورس,15460.0,15650.0,15300.0,15489.0,15518.0,15079.0,5154.0,34858243.0,540944510471.0,unadjusted,TSETMC
2025-02-04,1403/11/16,1403,11,16,real_estate_funds,مالک آتیه,ص.س.املاک و مستغلات مالک آتیه,37118058361762279,بازار فرابورس,12078.0,12190.0,12000.0,12104.0,12095.0,11961.0,2296.0,21176802.0,256132149296.0,unadjusted,TSETMC
2025-02-04,1403/11/16,1403,11,16,real_estate_funds,کلید,صندوق س خانه آگاه-املاک,45292762906823004,بازار بورس,11250.0,11290.0,11190.0,11210.0,11230.0,11170.0,3337.0,71746315.0,805485250590.0,unadjusted,TSETMC
2025-02-05,1403/11/17,1403,11,17,real_estate_funds,ارزش مسکن,ص.س.املاک ومستغلات ارزش مسکن,71945594172117613,بازار فرابورس,22750.0,23039.0,22350.0,22603.0,22675.0,23208.0,6191.0,9859495.0,223561434578.0,unadjusted,TSETMC
2025-02-05,1403/11/17,1403,11,17,real_estate_funds,امین شهر,ص.س. املاک و مستغلات امین شهر,70814244102598215,بازار فرابورس,12639.0,12651.0,12639.0,12640.0,12640.0,12628.0,916.0,23947288.0,302694374688.0,unadjusted,TSETMC
2025-02-05,1403/11/17,1403,11,17,real_estate_funds,دانیک,ص.س.املاک ومستغلات نیک رای,67717913151786055,بازار فرابورس,15390.0,15550.0,14755.0,15172.0,15302.0,15518.0,5357.0,38605687.0,590726726628.0,unadjusted,TSETMC
2025-02-05,1403/11/17,1403,11,17,real_estate_funds,مالک آتیه,ص.س.املاک و مستغلات مالک آتیه,37118058361762279,بازار فرابورس,12001.0,12120.0,11905.0,11944.0,11990.0,12095.0,1754.0,12384380.0,148494439531.0,unadjusted,TSETMC
2025-02-05,1403/11/17,1403,11,17,real_estate_funds,کلید,صندوق س خانه آگاه-املاک,45292762906823004,بازار بورس,11170.0,11200.0,11040.0,11120.0,11130.0,11230.0,3580.0,44890633.0,499520409070.0,unadjusted,TSETMC
2025-02-09,1403/11/21,1403,11,21,real_estate_funds,ارزش مسکن,ص.س.املاک ومستغلات ارزش مسکن,71945594172117613,بازار فرابورس,22350.0,23290.0,22086.0,22290.0,22601.0,22675.0,7203.0,11329011.0,256044028566.0,unadjusted,TSETMC
2025-02-09,1403/11/21,1403,11,21,real_estate_funds,امین شهر,ص.س. املاک و مستغلات امین شهر,70814244102598215,بازار فرابورس,12654.0,12695.0,12653.0,12681.0,12668.0,12640.0,615.0,8483131.0,107460147886.0,unadjusted,TSETMC
2025-02-09,1403/11/21,1403,11,21,real_estate_funds,دانیک,ص.س.املاک ومستغلات نیک رای,67717913151786055,بازار فرابورس,14790.0,15900.0,14790.0,15140.0,15449.0,15302.0,6028.0,42847020.0,661954225814.0,unadjusted,TSETMC
2025-02-09,1403/11/21,1403,11,21,real_estate_funds,مالک آتیه,ص.س.املاک و مستغلات مالک آتیه,37118058361762279,بازار فرابورس,11950.0,12179.0,11856.0,11897.0,12016.0,11990.0,2189.0,20837477.0,250376477875.0,unadjusted,TSETMC
2025-02-09,1403/11/21,1403,11,21,real_estate_funds,کلید,صندوق س خانه آگاه-املاک,45292762906823004,بازار بورس,11100.0,11240.0,11010.0,11030.0,11120.0,11130.0,5004.0,91504511.0,1017236411140.0,unadjusted,TSETMC
2025-02-11,1403/11/23,1403,11,23,real_estate_funds,ارزش مسکن,ص.س.املاک ومستغلات ارزش مسکن,71945594172117613,بازار فرابورس,22100.0,22476.0,20831.0,20921.0,21177.0,22601.0,7417.0,10559586.0,223622922346.0,unadjusted,TSETMC
2025-02-11,1403/11/23,1403,11,23,real_estate_funds,امین شهر,ص.س. املاک و مستغلات امین شهر,70814244102598215,بازار فرابورس,12690.0,12738.0,12690.0,12693.0,12692.0,12668.0,888.0,20388668.0,258777425915.0,unadjusted,TSETMC
2025-02-11,1403/11/23,1403,11,23,real_estate_funds,دانیک,ص.س.املاک ومستغلات نیک رای,67717913151786055,بازار فرابورس,15200.0,15443.0,14211.0,14670.0,14648.0,15449.0,5849.0,32457540.0,475437395784.0,unadjusted,TSETMC
2025-02-11,1403/11/23,1403,11,23,real_estate_funds,مالک آتیه,ص.س.املاک و مستغلات مالک آتیه,37118058361762279,بازار فرابورس,11920.0,12000.0,11550.0,11738.0,11797.0,12016.0,1281.0,12171422.0,143590225045.0,unadjusted,TSETMC
2025-02-11,1403/11/23,1403,11,23,real_estate_funds,کلید,صندوق س خانه آگاه-املاک,45292762906823004,بازار بورس,11020.0,11070.0,10840.0,10880.0,10880.0,11120.0,4125.0,66467168.0,723033667020.0,unadjusted,TSETMC
2025-02-15,1403/11/27,1403,11,27,real_estate_funds,ارزش مسکن,ص.س.املاک ومستغلات ارزش مسکن,71945594172117613,بازار فرابورس,20880.0,20880.0,19733.0,19750.0,20030.0,21177.0,6645.0,10700988.0,214341243103.0,unadjusted,TSETMC
2025-02-15,1403/11/27,1403,11,27,real_estate_funds,امین شهر,ص.س. املاک و مستغلات امین شهر,70814244102598215,بازار فرابورس,12718.0,12735.0,12716.0,12727.0,12718.0,12692.0,1036.0,28575094.0,363430143085.0,unadjusted,TSETMC
2025-02-15,1403/11/27,1403,11,27,real_estate_funds,دانیک,ص.س.املاک ومستغلات نیک رای,67717913151786055,بازار فرابورس,14510.0,14799.0,13871.0,14061.0,14228.0,14648.0,3220.0,17687850.0,251659658327.0,unadjusted,TSETMC
2025-02-15,1403/11/27,1403,11,27,real_estate_funds,مالک آتیه,ص.س.املاک و مستغلات مالک آتیه,37118058361762279,بازار فرابورس,11700.0,11749.0,11493.0,11530.0,11606.0,11797.0,950.0,7410567.0,86005647392.0,unadjusted,TSETMC
2025-02-15,1403/11/27,1403,11,27,real_estate_funds,کلید,صندوق س خانه آگاه-املاک,45292762906823004,بازار بورس,10870.0,10930.0,10830.0,10850.0,10840.0,10880.0,2135.0,52094409.0,564712427230.0,unadjusted,TSETMC
2025-02-16,1403/11/28,1403,11,28,real_estate_funds,ارزش مسکن,ص.س.املاک ومستغلات ارزش مسکن,71945594172117613,بازار فرابورس,19690.0,21987.0,19360.0,21622.0,20789.0,20030.0,11828.0,20288584.0,421789286103.0,unadjusted,TSETMC
2025-02-16,1403/11/28,1403,11,28,real_estate_funds,امین شهر,ص.س. املاک و مستغلات امین شهر,70814244102598215,بازار فرابورس,12757.0,12800.0,12729.0,12730.0,12736.0,12718.0,1662.0,38941560.0,495970314365.0,unadjusted,TSETMC
2025-02-16,1403/11/28,1403,11,28,real_estate_funds,دانیک,ص.س.املاک ومستغلات نیک رای,67717913151786055,بازار فرابورس,14062.0,15263.0,13985.0,14800.0,14728.0,14228.0,10163.0,87566360.0,1289673208577.0,unadjusted,TSETMC
2025-02-16,1403/11/28,1403,11,28,real_estate_funds,مالک آتیه,ص.س.املاک و مستغلات مالک آتیه,37118058361762279,بازار فرابورس,11580.0,12250.0,11560.0,12049.0,11956.0,11606.0,2514.0,23698698.0,283349884943.0,unadjusted,TSETMC
2025-02-16,1403/11/28,1403,11,28,real_estate_funds,کلید,صندوق س خانه آگاه-املاک,45292762906823004,بازار بورس,10860.0,11590.0,10840.0,11340.0,11170.0,10840.0,5946.0,101046703.0,1129195647340.0,unadjusted,TSETMC
2025-02-17,1403/11/29,1403,11,29,real_estate_funds,ارزش مسکن,ص.س.املاک ومستغلات ارزش مسکن,71945594172117613,بازار فرابورس,21700.0,22111.0,21250.0,21998.0,21800.0,20789.0,8292.0,14640797.0,319170372836.0,unadjusted,TSETMC
2025-02-17,1403/11/29,1403,11,29,real_estate_funds,امین شهر,ص.س. املاک و مستغلات امین شهر,70814244102598215,بازار فرابورس,12726.0,12726.0,12603.0,12614.0,12638.0,12736.0,794.0,8257453.0,104356098397.0,unadjusted,TSETMC
2025-02-17,1403/11/29,1403,11,29,real_estate_funds,دانیک,ص.س.املاک ومستغلات نیک رای,67717913151786055,بازار فرابورس,14860.0,15030.0,14315.0,14380.0,14629.0,14728.0,7547.0,59455747.0,869748907341.0,unadjusted,TSETMC
2025-02-17,1403/11/29,1403,11,29,real_estate_funds,مالک آتیه,ص.س.املاک و مستغلات مالک آتیه,37118058361762279,بازار فرابورس,12170.0,12170.0,11830.0,11840.0,11960.0,11956.0,1478.0,10544928.0,126120523077.0,unadjusted,TSETMC
2025-02-17,1403/11/29,1403,11,29,real_estate_funds,کلید,صندوق س خانه آگاه-املاک,45292762906823004,بازار بورس,11400.0,11540.0,11210.0,11260.0,11330.0,11170.0,4947.0,80519817.0,911968002170.0,unadjusted,TSETMC
2025-02-18,1403/11/30,1403,11,30,real_estate_funds,ارزش مسکن,ص.س.املاک ومستغلات ارزش مسکن,71945594172117613,بازار فرابورس,22001.0,23690.0,21700.0,23580.0,22977.0,21800.0,11147.0,18086538.0,415571219717.0,unadjusted,TSETMC
2025-02-18,1403/11/30,1403,11,30,real_estate_funds,امین شهر,ص.س. املاک و مستغلات امین شهر,70814244102598215,بازار فرابورس,12644.0,12644.0,12600.0,12607.0,12602.0,12638.0,687.0,8403990.0,105909960053.0,unadjusted,TSETMC
2025-02-18,1403/11/30,1403,11,30,real_estate_funds,دانیک,ص.س.املاک ومستغلات نیک رای,67717913151786055,بازار فرابورس,14410.0,14950.0,14289.0,14787.0,14664.0,14629.0,8432.0,66651477.0,977346181283.0,unadjusted,TSETMC
2025-02-18,1403/11/30,1403,11,30,real_estate_funds,مالک آتیه,ص.س.املاک و مستغلات مالک آتیه,37118058361762279,بازار فرابورس,11900.0,12146.0,11880.0,12074.0,12023.0,11960.0,1529.0,12046063.0,144824598732.0,unadjusted,TSETMC
2025-02-18,1403/11/30,1403,11,30,real_estate_funds,کلید,صندوق س خانه آگاه-املاک,45292762906823004,بازار بورس,11260.0,11460.0,11130.0,11320.0,11330.0,11330.0,6127.0,118083508.0,1337824037740.0,unadjusted,TSETMC
2025-02-19,1403/12/01,1403,12,1,real_estate_funds,ارزش مسکن,ص.س.املاک ومستغلات ارزش مسکن,71945594172117613,بازار فرابورس,23710.0,24696.0,23400.0,23790.0,24211.0,22977.0,13709.0,24133862.0,584316903038.0,unadjusted,TSETMC
2025-02-19,1403/12/01,1403,12,1,real_estate_funds,امین شهر,ص.س. املاک و مستغلات امین شهر,70814244102598215,بازار فرابورس,12605.0,12635.0,12600.0,12601.0,12601.0,12602.0,1725.0,66107282.0,833045143163.0,unadjusted,TSETMC
2025-02-19,1403/12/01,1403,12,1,real_estate_funds,دانیک,ص.س.املاک ومستغلات نیک رای,67717913151786055,بازار فرابورس,14870.0,14870.0,14417.0,14500.0,14649.0,14664.0,8753.0,59276172.0,868331994285.0,unadjusted,TSETMC
2025-02-19,1403/12/01,1403,12,1,real_estate_funds,مالک آتیه,ص.س.املاک و مستغلات مالک آتیه,37118058361762279,بازار فرابورس,12100.0,12199.0,11920.0,12000.0,12070.0,12023.0,1373.0,10313898.0,124485561469.0,unadjusted,TSETMC
2025-02-19,1403/12/01,1403,12,1,real_estate_funds,کلید,صندوق س خانه آگاه-املاک,45292762906823004,بازار بورس,11280.0,11380.0,11110.0,11120.0,11220.0,11330.0,5985.0,83509693.0,936995586990.0,unadjusted,TSETMC
2025-02-22,1403/12/04,1403,12,4,real_estate_funds,ارزش مسکن,ص.س.املاک ومستغلات ارزش مسکن,71945594172117613,بازار فرابورس,23800.0,25299.0,23155.0,24475.0,24670.0,24211.0,16954.0,29531952.0,728567760606.0,unadjusted,TSETMC
2025-02-22,1403/12/04,1403,12,4,real_estate_funds,امین شهر,ص.س. املاک و مستغلات امین شهر,70814244102598215,بازار فرابورس,12633.0,12664.0,12633.0,12663.0,12634.0,12601.0,815.0,24967679.0,315451831458.0,unadjusted,TSETMC
2025-02-22,1403/12/04,1403,12,4,real_estate_funds,دانیک,ص.س.املاک ومستغلات نیک رای,67717913151786055,بازار فرابورس,14600.0,14780.0,14287.0,14301.0,14510.0,14649.0,6252.0,42844715.0,621682076816.0,unadjusted,TSETMC
2025-02-22,1403/12/04,1403,12,4,real_estate_funds,مالک آتیه,ص.س.املاک و مستغلات مالک آتیه,37118058361762279,بازار فرابورس,12000.0,12095.0,11951.0,11977.0,11999.0,12070.0,892.0,6296095.0,75546932201.0,unadjusted,TSETMC
2025-02-22,1403/12/04,1403,12,4,real_estate_funds,کلید,صندوق س خانه آگاه-املاک,45292762906823004,بازار بورس,11110.0,11160.0,10960.0,11000.0,11060.0,11220.0,3804.0,51192398.0,566044883870.0,unadjusted,TSETMC
2025-02-23,1403/12/05,1403,12,5,real_estate_funds,ارزش مسکن,ص.س.املاک ومستغلات ارزش مسکن,71945594172117613,بازار فرابورس,25300.0,26880.0,25300.0,26500.0,25998.0,24670.0,18074.0,33448100.0,869599701504.0,unadjusted,TSETMC
2025-02-23,1403/12/05,1403,12,5,real_estate_funds,امین شهر,ص.س. املاک و مستغلات امین شهر,70814244102598215,بازار فرابورس,12645.0,12744.0,12643.0,12650.0,12651.0,12634.0,1059.0,23952911.0,303024352765.0,unadjusted,TSETMC
2025-02-23,1403/12/05,1403,12,5,real_estate_funds,دانیک,ص.س.املاک ومستغلات نیک رای,67717913151786055,بازار فرابورس,14549.0,15169.0,14549.0,15050.0,14927.0,14510.0,9558.0,83762585.0,1250317283138.0,unadjusted,TSETMC
2025-02-23,1403/12/05,1403,12,5,real_estate_funds,مالک آتیه,ص.س.املاک و مستغلات مالک آتیه,37118058361762279,بازار فرابورس,12092.0,12600.0,12086.0,12520.0,12403.0,11999.0,3094.0,28015566.0,347465096084.0,unadjusted,TSETMC
2025-02-23,1403/12/05,1403,12,5,real_estate_funds,کلید,صندوق س خانه آگاه-املاک,45292762906823004,بازار بورس,11110.0,11570.0,11110.0,11500.0,11350.0,11060.0,8472.0,182019535.0,2065652108870.0,unadjusted,TSETMC
2025-02-24,1403/12/06,1403,12,6,real_estate_funds,ارزش مسکن,ص.س.املاک ومستغلات ارزش مسکن,71945594172117613,بازار فرابورس,26688.0,28597.0,26688.0,28597.0,28019.0,25998.0,20597.0,38114659.0,1067933503392.0,unadjusted,TSETMC
2025-02-24,1403/12/06,1403,12,6,real_estate_funds,امین شهر,ص.س. املاک و مستغلات امین شهر,70814244102598215,بازار فرابورس,12688.0,12887.0,12655.0,12697.0,12673.0,12651.0,11565.0,380416699.0,4820841883280.0,unadjusted,TSETMC
2025-02-24,1403/12/06,1403,12,6,real_estate_funds,دانیک,ص.س.املاک ومستغلات نیک رای,67717913151786055,بازار فرابورس,15060.0,16139.0,15057.0,16080.0,15736.0,14927.0,13693.0,113258113.0,1782190161555.0,unadjusted,TSETMC
2025-02-24,1403/12/06,1403,12,6,real_estate_funds,مالک آتیه,ص.س.املاک و مستغلات مالک آتیه,37118058361762279,بازار فرابورس,12632.0,13636.0,12550.0,13603.0,13249.0,12403.0,4918.0,55691974.0,737843763798.0,unadjusted,TSETMC
2025-02-24,1403/12/06,1403,12,6,real_estate_funds,کلید,صندوق س خانه آگاه-املاک,45292762906823004,بازار بورس,11510.0,12240.0,11470.0,12150.0,11960.0,11350.0,14697.0,414448565.0,4956168980620.0,unadjusted,TSETMC
2025-02-25,1403/12/07,1403,12,7,real_estate_funds,ارزش مسکن,ص.س.املاک ومستغلات ارزش مسکن,71945594172117613,بازار فرابورس,29435.0,29606.0,26676.0,26700.0,27955.0,28019.0,26938.0,49085795.0,1372187519778.0,unadjusted,TSETMC
2025-02-25,1403/12/07,1403,12,7,real_estate_funds,امین شهر,ص.س. املاک و مستغلات امین شهر,70814244102598215,بازار فرابورس,12780.0,12780.0,12653.0,12672.0,12666.0,12673.0,3710.0,95862279.0,1214222930314.0,unadjusted,TSETMC
2025-02-25,1403/12/07,1403,12,7,real_estate_funds,دانیک,ص.س.املاک ومستغلات نیک رای,67717913151786055,بازار فرابورس,16270.0,16400.0,14900.0,14981.0,15573.0,15736.0,14071.0,115377109.0,1796726439749.0,unadjusted,TSETMC
2025-02-25,1403/12/07,1403,12,7,real_estate_funds,مالک آتیه,ص.س.املاک و مستغلات مالک آتیه,37118058361762279,بازار فرابورس,13730.0,14100.0,13250.0,13346.0,13658.0,13249.0,5671.0,71095682.0,971000229897.0,unadjusted,TSETMC
2025-02-25,1403/12/07,1403,12,7,real_estate_funds,کلید,صندوق س خانه آگاه-املاک,45292762906823004,بازار بورس,12390.0,12480.0,11630.0,11660.0,12040.0,11960.0,14399.0,278123064.0,3347402031570.0,unadjusted,TSETMC
2025-02-26,1403/12/08,1403,12,8,real_estate_funds,ارزش مسکن,ص.س.املاک ومستغلات ارزش مسکن,71945594172117613,بازار فرابورس,26910.0,27200.0,25600.0,25691.0,26414.0,27955.0,19594.0,35131328.0,927950118981.0,unadjusted,TSETMC
2025-02-26,1403/12/08,1403,12,8,real_estate_funds,امین شهر,ص.س. املاک و مستغلات امین شهر,70814244102598215,بازار فرابورس,12675.0,12724.0,12673.0,12706.0,12681.0,12666.0,963.0,17352146.0,220050836653.0,unadjusted,TSETMC
2025-02-26,1403/12/08,1403,12,8,real_estate_funds,دانیک,ص.س.املاک ومستغلات نیک رای,67717913151786055,بازار فرابورس,15050.0,15090.0,14610.0,14652.0,14804.0,15573.0,7972.0,61263606.0,906915868345.0,unadjusted,TSETMC
2025-02-26,1403/12/08,1403,12,8,real_estate_funds,مالک آتیه,ص.س.املاک و مستغلات مالک آتیه,37118058361762279,بازار فرابورس,13496.0,13629.0,12917.0,12930.0,13248.0,13658.0,4181.0,53208761.0,704891982770.0,unadjusted,TSETMC
2025-02-26,1403/12/08,1403,12,8,real_estate_funds,کلید,صندوق س خانه آگاه-املاک,45292762906823004,بازار بورس,11720.0,11870.0,11490.0,11550.0,11670.0,12040.0,8265.0,152681939.0,1781819481510.0,unadjusted,TSETMC
2025-03-01,1403/12/11,1403,12,11,real_estate_funds,ارزش مسکن,ص.س.املاک ومستغلات ارزش مسکن,71945594172117613,بازار فرابورس,25799.0,26880.0,25300.0,25745.0,26118.0,26414.0,14429.0,25074640.0,654907603852.0,unadjusted,TSETMC
2025-03-01,1403/12/11,1403,12,11,real_estate_funds,امین شهر,ص.س. املاک و مستغلات امین شهر,70814244102598215,بازار فرابورس,12721.0,12721.0,12692.0,12696.0,12694.0,12681.0,695.0,18127165.0,230110500353.0,unadjusted,TSETMC
2025-03-01,1403/12/11,1403,12,11,real_estate_funds,دانیک,ص.س.املاک ومستغلات نیک رای,67717913151786055,بازار فرابورس,14680.0,15089.0,14423.0,14514.0,14735.0,14804.0,6159.0,46913102.0,691264098180.0,unadjusted,TSETMC
2025-03-01,1403/12/11,1403,12,11,real_estate_funds,مالک آتیه,ص.س.املاک و مستغلات مالک آتیه,37118058361762279,بازار فرابورس,12850.0,13313.0,12760.0,12848.0,13019.0,13248.0,3637.0,42693896.0,555827497184.0,unadjusted,TSETMC
2025-03-01,1403/12/11,1403,12,11,real_estate_funds,کلید,صندوق س خانه آگاه-املاک,45292762906823004,بازار بورس,11500.0,11830.0,11410.0,11450.0,11590.0,11670.0,6874.0,115719811.0,1341321951740.0,unadjusted,TSETMC
2025-03-02,1403/12/12,1403,12,12,real_estate_funds,ارزش مسکن,ص.س.املاک ومستغلات ارزش مسکن,71945594172117613,بازار فرابورس,25685.0,28100.0,25512.0,26010.0,26884.0,26118.0,27057.0,51893843.0,1395123415325.0,unadjusted,TSETMC
2025-03-02,1403/12/12,1403,12,12,real_estate_funds,امین شهر,ص.س. املاک و مستغلات امین شهر,70814244102598215,بازار فرابورس,12703.0,12721.0,12702.0,12703.0,12704.0,12694.0,1183.0,43306033.0,550159422298.0,unadjusted,TSETMC
2025-03-02,1403/12/12,1403,12,12,real_estate_funds,دانیک,ص.س.املاک ومستغلات نیک رای,67717913151786055,بازار فرابورس,14588.0,15140.0,14200.0,14238.0,14784.0,14735.0,10605.0,91209306.0,1348478536109.0,unadjusted,TSETMC
2025-03-02,1403/12/12,1403,12,12,real_estate_funds,مالک آتیه,ص.س.املاک و مستغلات مالک آتیه,37118058361762279,بازار فرابورس,12789.0,13335.0,12351.0,12358.0,12957.0,13019.0,7117.0,95773997.0,1240977874727.0,unadjusted,TSETMC
2025-03-02,1403/12/12,1403,12,12,real_estate_funds,کلید,صندوق س خانه آگاه-املاک,45292762906823004,بازار بورس,11460.0,12020.0,11360.0,11470.0,11750.0,11590.0,12259.0,293941859.0,3452639208420.0,unadjusted,TSETMC
2025-03-03,1403/12/13,1403,12,13,real_estate_funds,ارزش مسکن,ص.س.املاک ومستغلات ارزش مسکن,71945594172117613,بازار فرابورس,25400.0,27510.0,25129.0,27221.0,26801.0,26884.0,22858.0,39871550.0,1068582403315.0,unadjusted,TSETMC
2025-03-03,1403/12/13,1403,12,13,real_estate_funds,امین شهر,ص.س. املاک و مستغلات امین شهر,70814244102598215,بازار فرابورس,12713.0,12725.0,12713.0,12725.0,12714.0,12704.0,642.0,22195852.0,282193801255.0,unadjusted,TSETMC
2025-03-03,1403/12/13,1403,12,13,real_estate_funds,دانیک,ص.س.املاک ومستغلات نیک رای,67717913151786055,بازار فرابورس,14110.0,14460.0,13900.0,14251.0,14287.0,14784.0,6824.0,52648181.0,752201726666.0,unadjusted,TSETMC
2025-03-03,1403/12/13,1403,12,13,real_estate_funds,مالک آتیه,ص.س.املاک و مستغلات مالک آتیه,37118058361762279,بازار فرابورس,12235.0,12650.0,12102.0,12346.0,12441.0,12957.0,4756.0,55942932.0,695998076328.0,unadjusted,TSETMC
2025-03-03,1403/12/13,1403,12,13,real_estate_funds,کلید,صندوق س خانه آگاه-املاک,45292762906823004,بازار بورس,11380.0,11610.0,11160.0,11440.0,11470.0,11750.0,7101.0,147649731.0,1694223829240.0,unadjusted,TSETMC
2025-03-04,1403/12/14,1403,12,14,real_estate_funds,ارزش مسکن,ص.س.املاک ومستغلات ارزش مسکن,71945594172117613,بازار فرابورس,27400.0,28000.0,26600.0,26930.0,27331.0,26801.0,18456.0,31781959.0,868626862707.0,unadjusted,TSETMC
2025-03-04,1403/12/14,1403,12,14,real_estate_funds,امین شهر,ص.س. املاک و مستغلات امین شهر,70814244102598215,بازار فرابورس,12723.0,12739.0,12723.0,12739.0,12724.0,12714.0,731.0,22709719.0,288957737412.0,unadjusted,TSETMC
2025-03-04,1403/12/14,1403,12,14,real_estate_funds,دانیک,ص.س.املاک ومستغلات نیک رای,67717913151786055,بازار فرابورس,14310.0,14520.0,13720.0,13980.0,14175.0,14287.0,5603.0,39169730.0,555233451542.0,unadjusted,TSETMC
2025-03-04,1403/12/14,1403,12,14,real_estate_funds,مالک آتیه,ص.س.املاک و مستغلات مالک آتیه,37118058361762279,بازار فرابورس,12481.0,12600.0,12090.0,12220.0,12359.0,12441.0,2637.0,26254253.0,324466193094.0,unadjusted,TSETMC
2025-03-04,1403/12/14,1403,12,14,real_estate_funds,کلید,صندوق س خانه آگاه-املاک,45292762906823004,بازار بورس,11500.0,11650.0,11330.0,11340.0,11480.0,11470.0,6457.0,105176372.0,1207052079870.0,unadjusted,TSETMC
2025-03-05,1403/12/15,1403,12,15,real_estate_funds,ارزش مسکن,ص.س.املاک ومستغلات ارزش مسکن,71945594172117613,بازار فرابورس,27140.0,28078.0,26800.0,27760.0,27654.0,27331.0,17589.0,30586522.0,845832763612.0,unadjusted,TSETMC
2025-03-05,1403/12/15,1403,12,15,real_estate_funds,امین شهر,ص.س. املاک و مستغلات امین شهر,70814244102598215,بازار فرابورس,12733.0,12743.0,12733.0,12733.0,12734.0,12724.0,517.0,15894104.0,202395745919.0,unadjusted,TSETMC
2025-03-05,1403/12/15,1403,12,15,real_estate_funds,دانیک,ص.س.املاک ومستغلات نیک رای,67717913151786055,بازار فرابورس,13980.0,14099.0,13832.0,13922.0,13969.0,14175.0,3518.0,24195404.0,337990997076.0,unadjusted,TSETMC
2025-03-05,1403/12/15,1403,12,15,real_estate_funds,مالک آتیه,ص.س.املاک و مستغلات مالک آتیه,37118058361762279,بازار فرابورس,12200.0,12311.0,12145.0,12206.0,12215.0,12359.0,1738.0,13812516.0,168715010722.0,unadjusted,TSETMC
2025-03-05,1403/12/15,1403,12,15,real_estate_funds,کلید,صندوق س خانه آگاه-املاک,45292762906823004,بازار بورس,11360.0,11460.0,11260.0,11390.0,11370.0,11480.0,4238.0,68704936.0,781258309350.0,unadjusted,TSETMC
2025-03-08,1403/12/18,1403,12,18,real_estate_funds,ارزش مسکن,ص.س.املاک ومستغلات ارزش مسکن,71945594172117613,بازار فرابورس,27870.0,28020.0,25889.0,26120.0,26713.0,27654.0,15739.0,24805816.0,662628354797.0,unadjusted,TSETMC
2025-03-08,1403/12/18,1403,12,18,real_estate_funds,امین شهر,ص.س. املاک و مستغلات امین شهر,70814244102598215,بازار فرابورس,12753.0,12924.0,12752.0,12760.0,12769.0,12734.0,611.0,18769483.0,239673076594.0,unadjusted,TSETMC
2025-03-08,1403/12/18,1403,12,18,real_estate_funds,دانیک,ص.س.املاک ومستغلات نیک رای,67717913151786055,بازار فرابورس,13941.0,14020.0,12811.0,12889.0,13218.0,13969.0,5969.0,38844351.0,513434872112.0,unadjusted,TSETMC
2025-03-08,1403/12/18,1403,12,18,real_estate_funds,مالک آتیه,ص.س.املاک و مستغلات مالک آتیه,37118058361762279,بازار فرابورس,12279.0,12299.0,11706.0,11779.0,11926.0,12215.0,1829.0,13776219.0,164292921994.0,unadjusted,TSETMC
2025-03-08,1403/12/18,1403,12,18,real_estate_funds,کلید,صندوق س خانه آگاه-املاک,45292762906823004,بازار بورس,11420.0,11440.0,10990.0,11040.0,11120.0,11370.0,5796.0,74992240.0,833801795020.0,unadjusted,TSETMC
2025-03-09,1403/12/19,1403,12,19,real_estate_funds,ارزش مسکن,ص.س.املاک ومستغلات ارزش مسکن,71945594172117613,بازار فرابورس,26191.0,26890.0,25520.0,26857.0,26217.0,26713.0,19483.0,35006106.0,917762993862.0,unadjusted,TSETMC
2025-03-09,1403/12/19,1403,12,19,real_estate_funds,امین شهر,ص.س. املاک و مستغلات امین شهر,70814244102598215,بازار فرابورس,12769.0,12878.0,12769.0,12781.0,12771.0,12769.0,775.0,26930729.0,343920195488.0,unadjusted,TSETMC
2025-03-09,1403/12/19,1403,12,19,real_estate_funds,دانیک,ص.س.املاک ومستغلات نیک رای,67717913151786055,بازار فرابورس,12890.0,13243.0,12617.0,13220.0,12961.0,13218.0,6355.0,56696419.0,734849760575.0,unadjusted,TSETMC
2025-03-09,1403/12/19,1403,12,19,real_estate_funds,مالک آتیه,ص.س.املاک و مستغلات مالک آتیه,37118058361762279,بازار فرابورس,11888.0,12350.0,11663.0,12349.0,12112.0,11926.0,2759.0,26969737.0,326646239380.0,unadjusted,TSETMC
2025-03-09,1403/12/19,1403,12,19,real_estate_funds,کلید,صندوق س خانه آگاه-املاک,45292762906823004,بازار بورس,11080.0,11370.0,10950.0,11360.0,11150.0,11120.0,6499.0,128977797.0,1437849836010.0,unadjusted,TSETMC
2025-03-10,1403/12/20,1403,12,20,real_estate_funds,ارزش مسکن,ص.س.املاک ومستغلات ارزش مسکن,71945594172117613,بازار فرابورس,27000.0,27816.0,26444.0,27560.0,27191.0,26217.0,18305.0,34543555.0,939290343363.0,unadjusted,TSETMC
2025-03-10,1403/12/20,1403,12,20,real_estate_funds,امین شهر,ص.س. املاک و مستغلات امین شهر,70814244102598215,بازار فرابورس,12799.0,12800.0,12775.0,12776.0,12782.0,12771.0,394.0,9072663.0,115966725967.0,unadjusted,TSETMC
2025-03-10,1403/12/20,1403,12,20,real_estate_funds,دانیک,ص.س.املاک ومستغلات نیک رای,67717913151786055,بازار فرابورس,13300.0,13450.0,13000.0,13338.0,13273.0,12961.0,4973.0,40696035.0,540148805993.0,unadjusted,TSETMC
2025-03-10,1403/12/20,1403,12,20,real_estate_funds,مالک آتیه,ص.س.املاک و مستغلات مالک آتیه,37118058361762279,بازار فرابورس,12445.0,12792.0,12280.0,12685.0,12552.0,12112.0,2780.0,29224948.0,366825370030.0,unadjusted,TSETMC
2025-03-10,1403/12/20,1403,12,20,real_estate_funds,کلید,صندوق س خانه آگاه-املاک,45292762906823004,بازار بورس,11400.0,11490.0,11170.0,11380.0,11360.0,11150.0,8133.0,184205634.0,2092025495130.0,unadjusted,TSETMC
2025-03-11,1403/12/21,1403,12,21,real_estate_funds,ارزش مسکن,ص.س.املاک ومستغلات ارزش مسکن,71945594172117613,بازار فرابورس,27490.0,27638.0,26400.0,26415.0,26707.0,27191.0,11726.0,19584854.0,523056582716.0,unadjusted,TSETMC
2025-03-11,1403/12/21,1403,12,21,real_estate_funds,امین شهر,ص.س. املاک و مستغلات امین شهر,70814244102598215,بازار فرابورس,12786.0,12802.0,12785.0,12786.0,12787.0,12782.0,447.0,14335546.0,183315275588.0,unadjusted,TSETMC
2025-03-11,1403/12/21,1403,12,21,real_estate_funds,دانیک,ص.س.املاک ومستغلات نیک رای,67717913151786055,بازار فرابورس,13279.0,13290.0,12798.0,12811.0,12938.0,13273.0,4151.0,18310965.0,236901928458.0,unadjusted,TSETMC
2025-03-11,1403/12/21,1403,12,21,real_estate_funds,مالک آتیه,ص.س.املاک و مستغلات مالک آتیه,37118058361762279,بازار فرابورس,12415.0,12680.0,12073.0,12208.0,12321.0,12552.0,1789.0,16396849.0,202031621021.0,unadjusted,TSETMC
2025-03-11,1403/12/21,1403,12,21,real_estate_funds,کلید,صندوق س خانه آگاه-املاک,45292762906823004,بازار بورس,11360.0,11360.0,11110.0,11120.0,11190.0,11360.0,4715.0,57642693.0,645283179340.0,unadjusted,TSETMC
2025-03-12,1403/12/22,1403,12,22,real_estate_funds,ارزش مسکن,ص.س.املاک ومستغلات ارزش مسکن,71945594172117613,بازار فرابورس,26658.0,28780.0,26410.0,28239.0,27812.0,26707.0,24459.0,47456224.0,1319846297064.0,unadjusted,TSETMC
2025-03-12,1403/12/22,1403,12,22,real_estate_funds,امین شهر,ص.س. املاک و مستغلات امین شهر,70814244102598215,بازار فرابورس,12795.0,12837.0,12795.0,12799.0,12797.0,12787.0,776.0,25379824.0,324786687931.0,unadjusted,TSETMC
2025-03-12,1403/12/22,1403,12,22,real_estate_funds,دانیک,ص.س.املاک ومستغلات نیک رای,67717913151786055,بازار فرابورس,12839.0,13460.0,12771.0,13200.0,13151.0,12938.0,6736.0,61201859.0,804879364313.0,unadjusted,TSETMC
2025-03-12,1403/12/22,1403,12,22,real_estate_funds,مالک آتیه,ص.س.املاک و مستغلات مالک آتیه,37118058361762279,بازار فرابورس,12300.0,13100.0,12222.0,12791.0,12758.0,12321.0,4432.0,58037794.0,740417251162.0,unadjusted,TSETMC
2025-03-12,1403/12/22,1403,12,22,real_estate_funds,کلید,صندوق س خانه آگاه-املاک,45292762906823004,بازار بورس,11140.0,11660.0,11090.0,11530.0,11460.0,11190.0,9016.0,241091423.0,2761806250190.0,unadjusted,TSETMC
2025-03-15,1403/12/25,1403,12,25,real_estate_funds,ارزش مسکن,ص.س.املاک ومستغلات ارزش مسکن,71945594172117613,بازار فرابورس,28800.0,30593.0,28750.0,30593.0,30013.0,27812.0,15194.0,29628947.0,889265720715.0,unadjusted,TSETMC
2025-03-15,1403/12/25,1403,12,25,real_estate_funds,امین شهر,ص.س. املاک و مستغلات امین شهر,70814244102598215,بازار فرابورس,12826.0,13350.0,12825.0,12825.0,12880.0,12797.0,7924.0,257237477.0,3313107474863.0,unadjusted,TSETMC
2025-03-15,1403/12/25,1403,12,25,real_estate_funds,دانیک,ص.س.املاک ومستغلات نیک رای,67717913151786055,بازار فرابورس,13457.0,14251.0,13450.0,13950.0,13942.0,13151.0,8993.0,73659446.0,1026931465682.0,unadjusted,TSETMC
2025-03-15,1403/12/25,1403,12,25,real_estate_funds,مالک آتیه,ص.س.املاک و مستغلات مالک آتیه,37118058361762279,بازار فرابورس,13120.0,13888.0,13120.0,13391.0,13532.0,12758.0,8197.0,99455578.0,1345844667103.0,unadjusted,TSETMC
2025-03-15,1403/12/25,1403,12,25,real_estate_funds,کلید,صندوق س خانه آگاه-املاک,45292762906823004,بازار بورس,11700.0,12490.0,11650.0,12080.0,12200.0,11460.0,16201.0,496379332.0,6056828331530.0,unadjusted,TSETMC
2025-03-16,1403/12/26,1403,12,26,real_estate_funds,ارزش مسکن,ص.س.املاک ومستغلات ارزش مسکن,71945594172117613,بازار فرابورس,30593.0,32069.0,29001.0,29627.0,30796.0,30013.0,31814.0,64724523.0,1993232615203.0,unadjusted,TSETMC
2025-03-16,1403/12/26,1403,12,26,real_estate_funds,امین شهر,ص.س. املاک و مستغلات امین شهر,70814244102598215,بازار فرابورس,12851.0,12878.0,12848.0,12850.0,12851.0,12880.0,1435.0,59559084.0,765384213908.0,unadjusted,TSETMC
2025-03-16,1403/12/26,1403,12,26,real_estate_funds,دانیک,ص.س.املاک ومستغلات نیک رای,67717913151786055,بازار فرابورس,13823.0,14101.0,13161.0,13250.0,13657.0,13942.0,6971.0,45778705.0,625180801700.0,unadjusted,TSETMC
2025-03-16,1403/12/26,1403,12,26,real_estate_funds,مالک آتیه,ص.س.املاک و مستغلات مالک آتیه,37118058361762279,بازار فرابورس,13200.0,13596.0,12701.0,12725.0,13137.0,13532.0,5778.0,57123772.0,750438911886.0,unadjusted,TSETMC
2025-03-16,1403/12/26,1403,12,26,real_estate_funds,کلید,صندوق س خانه آگاه-املاک,45292762906823004,بازار بورس,12100.0,12130.0,11560.0,11630.0,11860.0,12200.0,17270.0,413738364.0,4905092464020.0,unadjusted,TSETMC
2025-03-17,1403/12/27,1403,12,27,real_estate_funds,ارزش مسکن,ص.س.املاک ومستغلات ارزش مسکن,71945594172117613,بازار فرابورس,29050.0,30200.0,27950.0,28527.0,29185.0,30796.0,25393.0,47418279.0,1383893545830.0,unadjusted,TSETMC
2025-03-17,1403/12/27,1403,12,27,real_estate_funds,امین شهر,ص.س. املاک و مستغلات امین شهر,70814244102598215,بازار فرابورس,12860.0,12866.0,12860.0,12861.0,12861.0,12851.0,826.0,36719898.0,472249359873.0,unadjusted,TSETMC
2025-03-17,1403/12/27,1403,12,27,real_estate_funds,دانیک,ص.س.املاک ومستغلات نیک رای,67717913151786055,بازار فرابورس,13170.0,13390.0,12877.0,12969.0,13118.0,13657.0,3710.0,22667775.0,297356912078.0,unadjusted,TSETMC
2025-03-17,1403/12/27,1403,12,27,real_estate_funds,مالک آتیه,ص.س.املاک و مستغلات مالک آتیه,37118058361762279,بازار فرابورس,12798.0,12800.0,12284.0,12302.0,12546.0,13137.0,3380.0,37847446.0,474852091906.0,unadjusted,TSETMC
2025-03-17,1403/12/27,1403,12,27,real_estate_funds,کلید,صندوق س خانه آگاه-املاک,45292762906823004,بازار بورس,11550.0,11670.0,11350.0,11390.0,11520.0,11860.0,6967.0,114650945.0,1321278339190.0,unadjusted,TSETMC
2025-03-18,1403/12/28,1403,12,28,real_estate_funds,ارزش مسکن,ص.س.املاک ومستغلات ارزش مسکن,71945594172117613,بازار فرابورس,28500.0,28900.0,27310.0,28295.0,28223.0,29185.0,20542.0,40588276.0,1145522165340.0,unadjusted,TSETMC
2025-03-18,1403/12/28,1403,12,28,real_estate_funds,امین شهر,ص.س. املاک و مستغلات امین شهر,70814244102598215,بازار فرابورس,12875.0,12900.0,12847.0,12900.0,12873.0,12861.0,716.0,27100095.0,348867311785.0,unadjusted,TSETMC
2025-03-18,1403/12/28,1403,12,28,real_estate_funds,دانیک,ص.س.املاک ومستغلات نیک رای,67717913151786055,بازار فرابورس,12880.0,12880.0,12600.0,12720.0,12743.0,13118.0,2523.0,18880585.0,240596171222.0,unadjusted,TSETMC
2025-03-18,1403/12/28,1403,12,28,real_estate_funds,مالک آتیه,ص.س.املاک و مستغلات مالک آتیه,37118058361762279,بازار فرابورس,12580.0,12580.0,12110.0,12320.0,12299.0,12546.0,2125.0,23797515.0,292686013575.0,unadjusted,TSETMC
2025-03-18,1403/12/28,1403,12,28,real_estate_funds,کلید,صندوق س خانه آگاه-املاک,45292762906823004,بازار بورس,11290.0,11480.0,11060.0,11440.0,11320.0,11520.0,5621.0,94012238.0,1064083509380.0,unadjusted,TSETMC
2025-03-25,1404/01/05,1404,1,5,real_estate_funds,ارزش مسکن,ص.س.املاک ومستغلات ارزش مسکن,71945594172117613,بازار فرابورس,29200.0,31000.0,29200.0,29920.0,30364.0,28223.0,22494.0,45397789.0,1378446765708.0,unadjusted,TSETMC
2025-03-25,1404/01/05,1404,1,5,real_estate_funds,امین شهر,ص.س. املاک و مستغلات امین شهر,70814244102598215,بازار فرابورس,12940.0,13159.0,12937.0,12942.0,12967.0,12873.0,1304.0,37152536.0,481742757022.0,unadjusted,TSETMC
2025-03-25,1404/01/05,1404,1,5,real_estate_funds,دانیک,ص.س.املاک ومستغلات نیک رای,67717913151786055,بازار فرابورس,12992.0,13550.0,12992.0,13227.0,13357.0,12743.0,5538.0,41280842.0,551371496248.0,unadjusted,TSETMC
2025-03-25,1404/01/05,1404,1,5,real_estate_funds,مالک آتیه,ص.س.املاک و مستغلات مالک آتیه,37118058361762279,بازار فرابورس,12698.0,13090.0,12670.0,12700.0,12897.0,12299.0,3417.0,36350665.0,468802667421.0,unadjusted,TSETMC
2025-03-25,1404/01/05,1404,1,5,real_estate_funds,کلید,صندوق س خانه آگاه-املاک,45292762906823004,بازار بورس,11500.0,12040.0,11500.0,11770.0,11850.0,11320.0,10670.0,297514299.0,3526848629080.0,unadjusted,TSETMC
2025-03-26,1404/01/06,1404,1,6,real_estate_funds,ارزش مسکن,ص.س.املاک ومستغلات ارزش مسکن,71945594172117613,بازار فرابورس,30030.0,30800.0,29520.0,29866.0,29945.0,30364.0,20096.0,35468392.0,1062113374334.0,unadjusted,TSETMC
2025-03-26,1404/01/06,1404,1,6,real_estate_funds,امین شهر,ص.س. املاک و مستغلات امین شهر,70814244102598215,بازار فرابورس,12951.0,12969.0,12949.0,12968.0,12951.0,12967.0,689.0,12152342.0,157390178730.0,unadjusted,TSETMC
2025-03-26,1404/01/06,1404,1,6,real_estate_funds,دانیک,ص.س.املاک ومستغلات نیک رای,67717913151786055,بازار فرابورس,13289.0,13370.0,12964.0,12991.0,13080.0,13357.0,2952.0,17248473.0,225618152155.0,unadjusted,TSETMC
2025-03-26,1404/01/06,1404,1,6,real_estate_funds,مالک آتیه,ص.س.املاک و مستغلات مالک آتیه,37118058361762279,بازار فرابورس,12700.0,12929.0,12510.0,12560.0,12676.0,12897.0,2018.0,17132410.0,217178115222.0,unadjusted,TSETMC
2025-03-26,1404/01/06,1404,1,6,real_estate_funds,کلید,صندوق س خانه آگاه-املاک,45292762906823004,بازار بورس,11750.0,11870.0,11570.0,11630.0,11670.0,11850.0,6929.0,145297952.0,1696162800860.0,unadjusted,TSETMC
2025-03-29,1404/01/09,1404,1,9,real_estate_funds,ارزش مسکن,ص.س.املاک ومستغلات ارزش مسکن,71945594172117613,بازار فرابورس,29900.0,31234.0,29700.0,30501.0,30533.0,29945.0,22046.0,42508802.0,1297918485576.0,unadjusted,TSETMC
2025-03-29,1404/01/09,1404,1,9,real_estate_funds,امین شهر,ص.س. املاک و مستغلات امین شهر,70814244102598215,بازار فرابورس,12977.0,13000.0,12974.0,12975.0,12976.0,12951.0,548.0,16428331.0,213179209667.0,unadjusted,TSETMC
2025-03-29,1404/01/09,1404,1,9,real_estate_funds,دانیک,ص.س.املاک ومستغلات نیک رای,67717913151786055,بازار فرابورس,12991.0,13262.0,12860.0,13036.0,13112.0,13080.0,3352.0,25534243.0,334812699531.0,unadjusted,TSETMC
2025-03-29,1404/01/09,1404,1,9,real_estate_funds,مالک آتیه,ص.س.املاک و مستغلات مالک آتیه,37118058361762279,بازار فرابورس,12599.0,12899.0,12452.0,12680.0,12718.0,12676.0,2102.0,27111702.0,344798409688.0,unadjusted,TSETMC
2025-03-29,1404/01/09,1404,1,9,real_estate_funds,کلید,صندوق س خانه آگاه-املاک,45292762906823004,بازار بورس,11600.0,11930.0,11600.0,11830.0,11800.0,11670.0,7079.0,205945647.0,2429217333810.0,unadjusted,TSETMC
2025-03-30,1404/01/10,1404,1,10,real_estate_funds,ارزش مسکن,ص.س.املاک ومستغلات ارزش مسکن,71945594172117613,بازار فرابورس,30651.0,31820.0,30500.0,31325.0,31255.0,30533.0,23766.0,48298126.0,1509572806574.0,unadjusted,TSETMC
2025-03-30,1404/01/10,1404,1,10,real_estate_funds,امین شهر,ص.س. املاک و مستغلات امین شهر,70814244102598215,بازار فرابورس,12990.0,13030.0,12989.0,12998.0,12992.0,12976.0,457.0,9197188.0,119493280288.0,unadjusted,TSETMC
2025-03-30,1404/01/10,1404,1,10,real_estate_funds,دانیک,ص.س.املاک ومستغلات نیک رای,67717913151786055,بازار فرابورس,13099.0,13430.0,13038.0,13179.0,13264.0,13112.0,3309.0,25595252.0,339485484071.0,unadjusted,TSETMC
2025-03-30,1404/01/10,1404,1,10,real_estate_funds,مالک آتیه,ص.س.املاک و مستغلات مالک آتیه,37118058361762279,بازار فرابورس,12717.0,13029.0,12650.0,12791.0,12869.0,12718.0,2282.0,30363229.0,390758938525.0,unadjusted,TSETMC
2025-03-30,1404/01/10,1404,1,10,real_estate_funds,کلید,صندوق س خانه آگاه-املاک,45292762906823004,بازار بورس,11800.0,12090.0,11750.0,11910.0,11970.0,11800.0,8760.0,251837558.0,3013265985630.0,unadjusted,TSETMC
2025-04-05,1404/01/16,1404,1,16,real_estate_funds,ارزش مسکن,ص.س.املاک ومستغلات ارزش مسکن,71945594172117613,بازار فرابورس,31697.0,32200.0,31271.0,31460.0,31707.0,31255.0,20646.0,37407535.0,1186093164655.0,unadjusted,TSETMC
2025-04-05,1404/01/16,1404,1,16,real_estate_funds,امین شهر,ص.س. املاک و مستغلات امین شهر,70814244102598215,بازار فرابورس,13050.0,13055.0,13036.0,13041.0,13043.0,12992.0,434.0,9982781.0,130202577699.0,unadjusted,TSETMC
2025-04-05,1404/01/16,1404,1,16,real_estate_funds,دانیک,ص.س.املاک ومستغلات نیک رای,67717913151786055,بازار فرابورس,13240.0,13346.0,13012.0,13039.0,13159.0,13264.0,2638.0,15885036.0,209026160571.0,unadjusted,TSETMC
2025-04-05,1404/01/16,1404,1,16,real_estate_funds,مالک آتیه,ص.س.املاک و مستغلات مالک آتیه,37118058361762279,بازار فرابورس,12800.0,12894.0,12555.0,12600.0,12715.0,12869.0,1940.0,22905281.0,291230244711.0,unadjusted,TSETMC
2025-04-05,1404/01/16,1404,1,16,real_estate_funds,کلید,صندوق س خانه آگاه-املاک,45292762906823004,بازار بورس,11970.0,12080.0,11790.0,11800.0,11910.0,11970.0,7209.0,146436474.0,1744722246710.0,unadjusted,TSETMC
2025-04-06,1404/01/17,1404,1,17,real_estate_funds,ارزش مسکن,ص.س.املاک ومستغلات ارزش مسکن,71945594172117613,بازار فرابورس,31400.0,31790.0,29880.0,30670.0,30524.0,31707.0,19243.0,31971977.0,975896739390.0,unadjusted,TSETMC
2025-04-06,1404/01/17,1404,1,17,real_estate_funds,امین شهر,ص.س. املاک و مستغلات امین شهر,70814244102598215,بازار فرابورس,13049.0,13090.0,13048.0,13050.0,13049.0,13043.0,530.0,19660513.0,256550297896.0,unadjusted,TSETMC
2025-04-06,1404/01/17,1404,1,17,real_estate_funds,دانیک,ص.س.املاک ومستغلات نیک رای,67717913151786055,بازار فرابورس,13020.0,13124.0,12640.0,12782.0,12824.0,13159.0,2576.0,14433341.0,185092342984.0,unadjusted,TSETMC
2025-04-06,1404/01/17,1404,1,17,real_estate_funds,مالک آتیه,ص.س.املاک و مستغلات مالک آتیه,37118058361762279,بازار فرابورس,12649.0,12699.0,12380.0,12474.0,12470.0,12715.0,1290.0,9004092.0,112282673548.0,unadjusted,TSETMC
2025-04-06,1404/01/17,1404,1,17,real_estate_funds,کلید,صندوق س خانه آگاه-املاک,45292762906823004,بازار بورس,11800.0,11890.0,11560.0,11680.0,11690.0,11910.0,5439.0,72879975.0,852131455260.0,unadjusted,TSETMC
2025-04-07,1404/01/18,1404,1,18,real_estate_funds,ارزش مسکن,ص.س.املاک ومستغلات ارزش مسکن,71945594172117613,بازار فرابورس,30797.0,31150.0,29830.0,30756.0,30634.0,30524.0,17091.0,30006242.0,919213454183.0,unadjusted,TSETMC
2025-04-07,1404/01/18,1404,1,18,real_estate_funds,امین شهر,ص.س. املاک و مستغلات امین شهر,70814244102598215,بازار فرابورس,13061.0,13232.0,13061.0,13140.0,13097.0,13049.0,463.0,22264783.0,291604837861.0,unadjusted,TSETMC
2025-04-07,1404/01/18,1404,1,18,real_estate_funds,دانیک,ص.س.املاک ومستغلات نیک رای,67717913151786055,بازار فرابورس,12829.0,12889.0,12650.0,12780.0,12795.0,12824.0,2072.0,12417382.0,158879734953.0,unadjusted,TSETMC
2025-04-07,1404/01/18,1404,1,18,real_estate_funds,مالک آتیه,ص.س.املاک و مستغلات مالک آتیه,37118058361762279,بازار فرابورس,12630.0,12630.0,12330.0,12499.0,12505.0,12470.0,1296.0,10263042.0,128337576876.0,unadjusted,TSETMC
2025-04-07,1404/01/18,1404,1,18,real_estate_funds,کلید,صندوق س خانه آگاه-املاک,45292762906823004,بازار بورس,11720.0,11860.0,11610.0,11790.0,11770.0,11690.0,4376.0,104562429.0,1231134896470.0,unadjusted,TSETMC
2025-04-08,1404/01/19,1404,1,19,real_estate_funds,ارزش مسکن,ص.س.املاک ومستغلات ارزش مسکن,71945594172117613,بازار فرابورس,33550.0,33697.0,32720.0,33697.0,33327.0,30634.0,17665.0,35218643.0,1173740943977.0,unadjusted,TSETMC
2025-04-08,1404/01/19,1404,1,19,real_estate_funds,امین شهر,ص.س. املاک و مستغلات امین شهر,70814244102598215,بازار فرابورس,13257.0,13584.0,13239.0,13438.0,13449.0,13097.0,5126.0,81593122.0,1097365006280.0,unadjusted,TSETMC
2025-04-08,1404/01/19,1404,1,19,real_estate_funds,دانیک,ص.س.املاک ومستغلات نیک رای,67717913151786055,بازار فرابورس,13500.0,14074.0,13330.0,14074.0,13741.0,12795.0,7305.0,59578833.0,818693217775.0,unadjusted,TSETMC
2025-04-08,1404/01/19,1404,1,19,real_estate_funds,مالک آتیه,ص.س.املاک و مستغلات مالک آتیه,37118058361762279,بازار فرابورس,13290.0,13734.0,13025.0,13620.0,13435.0,12505.0,6103.0,86116580.0,1157017862107.0,unadjusted,TSETMC
2025-04-08,1404/01/19,1404,1,19,real_estate_funds,کلید,صندوق س خانه آگاه-املاک,45292762906823004,بازار بورس,12660.0,12940.0,12340.0,12940.0,12650.0,11770.0,20092.0,712849252.0,9016046997540.0,unadjusted,TSETMC
2025-04-12,1404/01/23,1404,1,23,real_estate_funds,ارزش مسکن,ص.س.املاک ومستغلات ارزش مسکن,71945594172117613,بازار فرابورس,32701.0,33950.0,32120.0,33178.0,33460.0,33327.0,19484.0,37470885.0,1253757169228.0,unadjusted,TSETMC
2025-04-12,1404/01/23,1404,1,23,real_estate_funds,امین شهر,ص.س. املاک و مستغلات امین شهر,70814244102598215,بازار فرابورس,13447.0,13467.0,13250.0,13446.0,13423.0,13449.0,1158.0,42612906.0,571994157219.0,unadjusted,TSETMC
2025-04-12,1404/01/23,1404,1,23,real_estate_funds,دانیک,ص.س.املاک ومستغلات نیک رای,67717913151786055,بازار فرابورس,13401.0,13828.0,13332.0,13445.0,13605.0,13741.0,3128.0,21180607.0,288163070227.0,unadjusted,TSETMC
2025-04-12,1404/01/23,1404,1,23,real_estate_funds,مالک آتیه,ص.س.املاک و مستغلات مالک آتیه,37118058361762279,بازار فرابورس,12980.0,13262.0,12900.0,12953.0,13109.0,13435.0,3936.0,52102748.0,682993911378.0,unadjusted,TSETMC
2025-04-12,1404/01/23,1404,1,23,real_estate_funds,کلید,صندوق س خانه آگاه-املاک,45292762906823004,بازار بورس,12450.0,12750.0,12070.0,12390.0,12400.0,12650.0,14311.0,370144685.0,4590283075110.0,unadjusted,TSETMC
2025-04-13,1404/01/24,1404,1,24,real_estate_funds,ارزش مسکن,ص.س.املاک ومستغلات ارزش مسکن,71945594172117613,بازار فرابورس,36300.0,36806.0,36001.0,36806.0,36536.0,33460.0,15851.0,30888323.0,1128548611113.0,unadjusted,TSETMC
2025-04-13,1404/01/24,1404,1,24,real_estate_funds,امین شهر,ص.س. املاک و مستغلات امین شهر,70814244102598215,بازار فرابورس,13601.0,14579.0,13464.0,13901.0,14017.0,13423.0,13439.0,242760395.0,3402799519000.0,unadjusted,TSETMC
2025-04-13,1404/01/24,1404,1,24,real_estate_funds,دانیک,ص.س.املاک ومستغلات نیک رای,67717913151786055,بازار فرابورس,14500.0,14965.0,14398.0,14965.0,14779.0,13605.0,6391.0,54940966.0,811945250827.0,unadjusted,TSETMC
2025-04-13,1404/01/24,1404,1,24,real_estate_funds,مالک آتیه,ص.س.املاک و مستغلات مالک آتیه,37118058361762279,بازار فرابورس,13694.0,14415.0,13694.0,14246.0,14178.0,13109.0,11358.0,172735220.0,2449060090291.0,unadjusted,TSETMC
2025-04-13,1404/01/24,1404,1,24,real_estate_funds,کلید,صندوق س خانه آگاه-املاک,45292762906823004,بازار بورس,13200.0,13640.0,13100.0,13640.0,13450.0,12400.0,13375.0,415878040.0,5594719405120.0,unadjusted,TSETMC
2025-04-22,1404/02/02,1404,2,2,real_estate_funds,ارزش مسکن,ص.س.املاک ومستغلات ارزش مسکن,71945594172117613,بازار فرابورس,36800.0,37450.0,35001.0,36343.0,36584.0,36536.0,21685.0,41685871.0,1525031530016.0,unadjusted,TSETMC
2025-04-22,1404/02/02,1404,2,2,real_estate_funds,امین شهر,ص.س. املاک و مستغلات امین شهر,70814244102598215,بازار فرابورس,13570.0,13700.0,13552.0,13553.0,13558.0,14017.0,3288.0,80144396.0,1086606837826.0,unadjusted,TSETMC
2025-04-22,1404/02/02,1404,2,2,real_estate_funds,دانیک,ص.س.املاک ومستغلات نیک رای,67717913151786055,بازار فرابورس,14880.0,14900.0,14210.0,14286.0,14528.0,14779.0,3846.0,31476504.0,457279271297.0,unadjusted,TSETMC
2025-04-22,1404/02/02,1404,2,2,real_estate_funds,مالک آتیه,ص.س.املاک و مستغلات مالک آتیه,37118058361762279,بازار فرابورس,13700.0,14170.0,13200.0,13406.0,13704.0,14178.0,5236.0,59382808.0,813807885547.0,unadjusted,TSETMC
2025-04-22,1404/02/02,1404,2,2,real_estate_funds,کلید,صندوق س خانه آگاه-املاک,45292762906823004,بازار بورس,13500.0,13900.0,13010.0,13300.0,13490.0,13450.0,15176.0,340936464.0,4600054545810.0,unadjusted,TSETMC
2025-04-23,1404/02/03,1404,2,3,real_estate_funds,ارزش مسکن,ص.س.املاک ومستغلات ارزش مسکن,71945594172117613,بازار فرابورس,36115.0,36800.0,35100.0,35450.0,35851.0,36584.0,17179.0,31111514.0,1115378628009.0,unadjusted,TSETMC
2025-04-23,1404/02/03,1404,2,3,real_estate_funds,امین شهر,ص.س. املاک و مستغلات امین شهر,70814244102598215,بازار فرابورس,13563.0,13588.0,13560.0,13588.0,13563.0,13558.0,971.0,24897959.0,337691384067.0,unadjusted,TSETMC
2025-04-23,1404/02/03,1404,2,3,real_estate_funds,دانیک,ص.س.املاک ومستغلات نیک رای,67717913151786055,بازار فرابورس,14130.0,14350.0,13604.0,13705.0,13903.0,14528.0,4178.0,31329061.0,435556942699.0,unadjusted,TSETMC
2025-04-23,1404/02/03,1404,2,3,real_estate_funds,مالک آتیه,ص.س.املاک و مستغلات مالک آتیه,37118058361762279,بازار فرابورس,13371.0,13489.0,12952.0,13040.0,13146.0,13704.0,4434.0,59408667.0,780978153565.0,unadjusted,TSETMC
2025-04-23,1404/02/03,1404,2,3,real_estate_funds,کلید,صندوق س خانه آگاه-املاک,45292762906823004,بازار بورس,13180.0,13650.0,12600.0,13240.0,13320.0,13490.0,13005.0,310286453.0,4132274188190.0,unadjusted,TSETMC
2025-04-26,1404/02/06,1404,2,6,real_estate_funds,ارزش مسکن,ص.س.املاک ومستغلات ارزش مسکن,71945594172117613,بازار فرابورس,36099.0,36584.0,34140.0,34913.0,35227.0,35851.0,21296.0,37907752.0,1335380949544.0,unadjusted,TSETMC
2025-04-26,1404/02/06,1404,2,6,real_estate_funds,امین شهر,ص.س. املاک و مستغلات امین شهر,70814244102598215,بازار فرابورس,13680.0,13680.0,13594.0,13603.0,13595.0,13563.0,706.0,13589293.0,184745603940.0,unadjusted,TSETMC
2025-04-26,1404/02/06,1404,2,6,real_estate_funds,دانیک,ص.س.املاک ومستغلات نیک رای,67717913151786055,بازار فرابورس,14030.0,14113.0,13425.0,13744.0,13792.0,13903.0,3629.0,24495129.0,337829443761.0,unadjusted,TSETMC
2025-04-26,1404/02/06,1404,2,6,real_estate_funds,مالک آتیه,ص.س.املاک و مستغلات مالک آتیه,37118058361762279,بازار فرابورس,13500.0,13500.0,12923.0,13053.0,13151.0,13146.0,2188.0,24482241.0,321974908579.0,unadjusted,TSETMC
2025-04-26,1404/02/06,1404,2,6,real_estate_funds,کلید,صندوق س خانه آگاه-املاک,45292762906823004,بازار بورس,13500.0,13660.0,12990.0,13200.0,13320.0,13320.0,12605.0,319991235.0,4261527896700.0,unadjusted,TSETMC
2025-04-27,1404/02/07,1404,2,7,real_estate_funds,ارزش مسکن,ص.س.املاک ومستغلات ارزش مسکن,71945594172117613,بازار فرابورس,34250.0,34250.0,32956.0,33145.0,33466.0,35227.0,15889.0,28058117.0,938980501756.0,unadjusted,TSETMC
2025-04-27,1404/02/07,1404,2,7,real_estate_funds,امین شهر,ص.س. املاک و مستغلات امین شهر,70814244102598215,بازار فرابورس,13605.0,13620.0,13603.0,13608.0,13605.0,13595.0,481.0,16223610.0,220719698102.0,unadjusted,TSETMC
2025-04-27,1404/02/07,1404,2,7,real_estate_funds,دانیک,ص.س.املاک ومستغلات نیک رای,67717913151786055,بازار فرابورس,13410.0,13420.0,12990.0,13096.0,13150.0,13792.0,3563.0,28714018.0,377599423894.0,unadjusted,TSETMC
2025-04-27,1404/02/07,1404,2,7,real_estate_funds,مالک آتیه,ص.س.املاک و مستغلات مالک آتیه,37118058361762279,بازار فرابورس,12350.0,12820.0,12350.0,12622.0,12647.0,13151.0,2209.0,20878456.0,264040696108.0,unadjusted,TSETMC
2025-04-27,1404/02/07,1404,2,7,real_estate_funds,کلید,صندوق س خانه آگاه-املاک,45292762906823004,بازار بورس,12750.0,13210.0,12710.0,12900.0,12990.0,13320.0,10417.0,245928887.0,3193468787720.0,unadjusted,TSETMC
2025-04-28,1404/02/08,1404,2,8,real_estate_funds,ارزش مسکن,ص.س.املاک ومستغلات ارزش مسکن,71945594172117613,بازار فرابورس,33588.0,34450.0,33101.0,33377.0,33618.0,33466.0,12949.0,23255687.0,781813330465.0,unadjusted,TSETMC
2025-04-28,1404/02/08,1404,2,8,real_estate_funds,امین شهر,ص.س. املاک و مستغلات امین شهر,70814244102598215,بازار فرابورس,13615.0,13630.0,13615.0,13627.0,13615.0,13605.0,355.0,7165718.0,97563444914.0,unadjusted,TSETMC
2025-04-28,1404/02/08,1404,2,8,real_estate_funds,دانیک,ص.س.املاک ومستغلات نیک رای,67717913151786055,بازار فرابورس,13300.0,13479.0,13050.0,13200.0,13232.0,13150.0,2503.0,17566761.0,232439750639.0,unadjusted,TSETMC
2025-04-28,1404/02/08,1404,2,8,real_estate_funds,مالک آتیه,ص.س.املاک و مستغلات مالک آتیه,37118058361762279,بازار فرابورس,12799.0,13150.0,12700.0,12898.0,12841.0,12647.0,1807.0,18617731.0,239079062215.0,unadjusted,TSETMC
2025-04-28,1404/02/08,1404,2,8,real_estate_funds,کلید,صندوق س خانه آگاه-املاک,45292762906823004,بازار بورس,13070.0,13370.0,12910.0,13020.0,13110.0,12990.0,9055.0,229489844.0,3008922930350.0,unadjusted,TSETMC
2025-04-29,1404/02/09,1404,2,9,real_estate_funds,ارزش مسکن,ص.س.املاک ومستغلات ارزش مسکن,71945594172117613,بازار فرابورس,33490.0,33615.0,33034.0,33106.0,33275.0,33618.0,11135.0,19024696.0,633048738374.0,unadjusted,TSETMC
2025-04-29,1404/02/09,1404,2,9,real_estate_funds,امین شهر,ص.س. املاک و مستغلات امین شهر,70814244102598215,بازار فرابورس,13625.0,13630.0,13624.0,13628.0,13625.0,13615.0,419.0,14935555.0,203497676758.0,unadjusted,TSETMC
2025-04-29,1404/02/09,1404,2,9,real_estate_funds,دانیک,ص.س.املاک ومستغلات نیک رای,67717913151786055,بازار فرابورس,13222.0,13350.0,13130.0,13190.0,13229.0,13232.0,2324.0,17083400.0,225993679964.0,unadjusted,TSETMC
2025-04-29,1404/02/09,1404,2,9,real_estate_funds,مالک آتیه,ص.س.املاک و مستغلات مالک آتیه,37118058361762279,بازار فرابورس,12901.0,13229.0,12770.0,13070.0,13048.0,12841.0,2506.0,25134418.0,327950840582.0,unadjusted,TSETMC
2025-04-29,1404/02/09,1404,2,9,real_estate_funds,کلید,صندوق س خانه آگاه-املاک,45292762906823004,بازار بورس,13030.0,13250.0,12890.0,13080.0,13120.0,13110.0,9670.0,237736915.0,3120149024950.0,unadjusted,TSETMC
2025-04-30,1404/02/10,1404,2,10,real_estate_funds,ارزش مسکن,ص.س.املاک ومستغلات ارزش مسکن,71945594172117613,بازار فرابورس,33275.0,35313.0,33200.0,34842.0,34568.0,33275.0,22273.0,39953759.0,1381114792950.0,unadjusted,TSETMC
2025-04-30,1404/02/10,1404,2,10,real_estate_funds,امین شهر,ص.س. املاک و مستغلات امین شهر,70814244102598215,بازار فرابورس,13800.0,13835.0,13800.0,13814.0,13803.0,13625.0,494.0,6394904.0,88271788697.0,unadjusted,TSETMC
2025-04-30,1404/02/10,1404,2,10,real_estate_funds,دانیک,ص.س.املاک ومستغلات نیک رای,67717913151786055,بازار فرابورس,13350.0,13700.0,13150.0,13482.0,13479.0,13229.0,5255.0,48391502.0,652270348261.0,unadjusted,TSETMC
2025-04-30,1404/02/10,1404,2,10,real_estate_funds,مالک آتیه,ص.س.املاک و مستغلات مالک آتیه,37118058361762279,بازار فرابورس,13200.0,13588.0,13199.0,13472.0,13425.0,13048.0,4339.0,52914729.0,710390506682.0,unadjusted,TSETMC
2025-04-30,1404/02/10,1404,2,10,real_estate_funds,کلید,صندوق س خانه آگاه-املاک,45292762906823004,بازار بورس,13110.0,13670.0,13110.0,13460.0,13460.0,13120.0,15645.0,567950765.0,7642589545550.0,unadjusted,TSETMC
2025-05-03,1404/02/13,1404,2,13,real_estate_funds,ارزش مسکن,ص.س.املاک ومستغلات ارزش مسکن,71945594172117613,بازار فرابورس,32750.0,33478.0,32210.0,32319.0,32780.0,34568.0,15534.0,25836197.0,846910223570.0,unadjusted,TSETMC
2025-05-03,1404/02/13,1404,2,13,real_estate_funds,امین شهر,ص.س. املاک و مستغلات امین شهر,70814244102598215,بازار فرابورس,14010.0,14097.0,14009.0,14078.0,14014.0,13803.0,674.0,15845544.0,222065937071.0,unadjusted,TSETMC
2025-05-03,1404/02/13,1404,2,13,real_estate_funds,دانیک,ص.س.املاک ومستغلات نیک رای,67717913151786055,بازار فرابورس,12995.0,13090.0,12760.0,12818.0,12893.0,13479.0,2703.0,17409707.0,224459269104.0,unadjusted,TSETMC
2025-05-03,1404/02/13,1404,2,13,real_estate_funds,مالک آتیه,ص.س.املاک و مستغلات مالک آتیه,37118058361762279,بازار فرابورس,12803.0,12974.0,12552.0,12675.0,12768.0,13425.0,3221.0,27337730.0,349039222885.0,unadjusted,TSETMC
2025-05-03,1404/02/13,1404,2,13,real_estate_funds,کلید,صندوق س خانه آگاه-املاک,45292762906823004,بازار بورس,12900.0,13110.0,12640.0,12640.0,12850.0,13460.0,11401.0,250776034.0,3222117062290.0,unadjusted,TSETMC
2025-05-04,1404/02/14,1404,2,14,real_estate_funds,ارزش مسکن,ص.س.املاک ومستغلات ارزش مسکن,71945594172117613,بازار فرابورس,32500.0,33298.0,32470.0,33010.0,32971.0,32780.0,14051.0,25461164.0,839483147702.0,unadjusted,TSETMC
2025-05-04,1404/02/14,1404,2,14,real_estate_funds,امین شهر,ص.س. املاک و مستغلات امین شهر,70814244102598215,بازار فرابورس,14111.0,14170.0,14110.0,14128.0,14113.0,14014.0,537.0,11558119.0,163113966396.0,unadjusted,TSETMC
2025-05-04,1404/02/14,1404,2,14,real_estate_funds,دانیک,ص.س.املاک ومستغلات نیک رای,67717913151786055,بازار فرابورس,12850.0,13089.0,12824.0,12974.0,12964.0,12893.0,2016.0,16267447.0,210894335621.0,unadjusted,TSETMC
2025-05-04,1404/02/14,1404,2,14,real_estate_funds,مالک آتیه,ص.س.املاک و مستغلات مالک آتیه,37118058361762279,بازار فرابورس,12880.0,13029.0,12775.0,13019.0,12938.0,12768.0,2127.0,18735884.0,242406412985.0,unadjusted,TSETMC
2025-05-04,1404/02/14,1404,2,14,real_estate_funds,کلید,صندوق س خانه آگاه-املاک,45292762906823004,بازار بورس,12750.0,13040.0,12640.0,12890.0,12890.0,12850.0,12061.0,328188666.0,4230386379630.0,unadjusted,TSETMC
2025-05-05,1404/02/15,1404,2,15,real_estate_funds,ارزش مسکن,ص.س.املاک ومستغلات ارزش مسکن,71945594172117613,بازار فرابورس,33620.0,34190.0,33122.0,33200.0,33517.0,32971.0,12340.0,21749660.0,728988098606.0,unadjusted,TSETMC
2025-05-05,1404/02/15,1404,2,15,real_estate_funds,امین شهر,ص.س. املاک و مستغلات امین شهر,70814244102598215,بازار فرابورس,14211.0,14268.0,14210.0,14251.0,14218.0,14113.0,616.0,10361386.0,147313602133.0,unadjusted,TSETMC
2025-05-05,1404/02/15,1404,2,15,real_estate_funds,دانیک,ص.س.املاک ومستغلات نیک رای,67717913151786055,بازار فرابورس,13085.0,13268.0,12901.0,12937.0,13036.0,12964.0,2414.0,15236975.0,198629831831.0,unadjusted,TSETMC
2025-05-05,1404/02/15,1404,2,15,real_estate_funds,مالک آتیه,ص.س.املاک و مستغلات مالک آتیه,37118058361762279,بازار فرابورس,13060.0,13285.0,12906.0,12938.0,13056.0,12938.0,1833.0,15881603.0,207349916282.0,unadjusted,TSETMC
2025-05-05,1404/02/15,1404,2,15,real_estate_funds,کلید,صندوق س خانه آگاه-املاک,45292762906823004,بازار بورس,13000.0,13180.0,12820.0,12870.0,12980.0,12890.0,9279.0,273950414.0,3556593847650.0,unadjusted,TSETMC
2025-05-06,1404/02/16,1404,2,16,real_estate_funds,ارزش مسکن,ص.س.املاک ومستغلات ارزش مسکن,71945594172117613,بازار فرابورس,33530.0,33992.0,32500.0,33940.0,33447.0,33517.0,18385.0,34877586.0,1166555767650.0,unadjusted,TSETMC
2025-05-06,1404/02/16,1404,2,16,real_estate_funds,امین شهر,ص.س. املاک و مستغلات امین شهر,70814244102598215,بازار فرابورس,14350.0,14350.0,14210.0,14229.0,14220.0,14218.0,583.0,12408347.0,176442645221.0,unadjusted,TSETMC
2025-05-06,1404/02/16,1404,2,16,real_estate_funds,دانیک,ص.س.املاک ومستغلات نیک رای,67717913151786055,بازار فرابورس,12970.0,13088.0,12751.0,13057.0,12968.0,13036.0,3348.0,27320165.0,354288740400.0,unadjusted,TSETMC
2025-05-06,1404/02/16,1404,2,16,real_estate_funds,مالک آتیه,ص.س.املاک و مستغلات مالک آتیه,37118058361762279,بازار فرابورس,13030.0,13136.0,12806.0,13065.0,12990.0,13056.0,2995.0,38317366.0,497753641364.0,unadjusted,TSETMC
2025-05-06,1404/02/16,1404,2,16,real_estate_funds,کلید,صندوق س خانه آگاه-املاک,45292762906823004,بازار بورس,12920.0,13100.0,12740.0,13090.0,12950.0,12980.0,11096.0,366791852.0,4749507889580.0,unadjusted,TSETMC
2025-05-07,1404/02/17,1404,2,17,real_estate_funds,ارزش مسکن,ص.س.املاک ومستغلات ارزش مسکن,71945594172117613,بازار فرابورس,34301.0,35093.0,34046.0,34185.0,34554.0,33447.0,17902.0,33591119.0,1160702991493.0,unadjusted,TSETMC
2025-05-07,1404/02/17,1404,2,17,real_estate_funds,امین شهر,ص.س. املاک و مستغلات امین شهر,70814244102598215,بازار فرابورس,14244.0,14259.0,14209.0,14210.0,14211.0,14220.0,553.0,14371540.0,204228956502.0,unadjusted,TSETMC
2025-05-07,1404/02/17,1404,2,17,real_estate_funds,دانیک,ص.س.املاک ومستغلات نیک رای,67717913151786055,بازار فرابورس,13194.0,13286.0,12975.0,12990.0,13130.0,12968.0,3622.0,32158269.0,422241344016.0,unadjusted,TSETMC
2025-05-07,1404/02/17,1404,2,17,real_estate_funds,مالک آتیه,ص.س.املاک و مستغلات مالک آتیه,37118058361762279,بازار فرابورس,13101.0,13300.0,12934.0,12974.0,13114.0,12990.0,3243.0,41539865.0,544757448117.0,unadjusted,TSETMC
2025-05-07,1404/02/17,1404,2,17,real_estate_funds,کلید,صندوق س خانه آگاه-املاک,45292762906823004,بازار بورس,13160.0,13280.0,12970.0,13010.0,13140.0,12950.0,11866.0,374636373.0,4921542266970.0,unadjusted,TSETMC
2025-05-10,1404/02/20,1404,2,20,real_estate_funds,ارزش مسکن,ص.س.املاک ومستغلات ارزش مسکن,71945594172117613,بازار فرابورس,34000.0,34141.0,33000.0,33031.0,33256.0,34554.0,11366.0,20096679.0,668333402200.0,unadjusted,TSETMC
2025-05-10,1404/02/20,1404,2,20,real_estate_funds,امین شهر,ص.س. املاک و مستغلات امین شهر,70814244102598215,بازار فرابورس,14210.0,14219.0,14209.0,14211.0,14210.0,14211.0,374.0,11442867.0,162604739616.0,unadjusted,TSETMC
2025-05-10,1404/02/20,1404,2,20,real_estate_funds,دانیک,ص.س.املاک ومستغلات نیک رای,67717913151786055,بازار فرابورس,12926.0,12930.0,12671.0,12718.0,12748.0,13130.0,2557.0,15471296.0,197224207115.0,unadjusted,TSETMC
2025-05-10,1404/02/20,1404,2,20,real_estate_funds,مالک آتیه,ص.س.املاک و مستغلات مالک آتیه,37118058361762279,بازار فرابورس,12940.0,12940.0,12670.0,12697.0,12741.0,13114.0,1773.0,21453816.0,273340640273.0,unadjusted,TSETMC
2025-05-10,1404/02/20,1404,2,20,real_estate_funds,کلید,صندوق س خانه آگاه-املاک,45292762906823004,بازار بورس,12970.0,12970.0,12690.0,12710.0,12760.0,13140.0,6870.0,171494378.0,2188585486720.0,unadjusted,TSETMC
2025-05-11,1404/02/21,1404,2,21,real_estate_funds,ارزش مسکن,ص.س.املاک ومستغلات ارزش مسکن,71945594172117613,بازار فرابورس,33160.0,33440.0,32085.0,33140.0,32869.0,33256.0,13383.0,22450324.0,737909287407.0,unadjusted,TSETMC
2025-05-11,1404/02/21,1404,2,21,real_estate_funds,امین شهر,ص.س. املاک و مستغلات امین شهر,70814244102598215,بازار فرابورس,14210.0,14244.0,14210.0,14225.0,14212.0,14210.0,275.0,5978349.0,84961502981.0,unadjusted,TSETMC
2025-05-11,1404/02/21,1404,2,21,real_estate_funds,دانیک,ص.س.املاک ومستغلات نیک رای,67717913151786055,بازار فرابورس,12700.0,12810.0,12590.0,12799.0,12691.0,12748.0,1843.0,10105828.0,128257859338.0,unadjusted,TSETMC
2025-05-11,1404/02/21,1404,2,21,real_estate_funds,مالک آتیه,ص.س.املاک و مستغلات مالک آتیه,37118058361762279,بازار فرابورس,12680.0,12800.0,12559.0,12749.0,12679.0,12741.0,1593.0,18211058.0,230898792092.0,unadjusted,TSETMC
2025-05-11,1404/02/21,1404,2,21,real_estate_funds,کلید,صندوق س خانه آگاه-املاک,45292762906823004,بازار بورس,12740.0,12860.0,12590.0,12770.0,12710.0,12760.0,7168.0,166653807.0,2118437740450.0,unadjusted,TSETMC
2025-05-12,1404/02/22,1404,2,22,real_estate_funds,ارزش مسکن,ص.س.املاک ومستغلات ارزش مسکن,71945594172117613,بازار فرابورس,34997.0,35111.0,34500.0,35102.0,34825.0,32869.0,16252.0,30466107.0,1060972068092.0,unadjusted,TSETMC
2025-05-12,1404/02/22,1404,2,22,real_estate_funds,امین شهر,ص.س. املاک و مستغلات امین شهر,70814244102598215,بازار فرابورس,14395.0,14450.0,14211.0,14219.0,14251.0,14212.0,848.0,8588354.0,122390135987.0,unadjusted,TSETMC
2025-05-12,1404/02/22,1404,2,22,real_estate_funds,دانیک,ص.س.املاک ومستغلات نیک رای,67717913151786055,بازار فرابورس,13180.0,13347.0,13151.0,13191.0,13197.0,12691.0,3681.0,32645304.0,430809939877.0,unadjusted,TSETMC
2025-05-12,1404/02/22,1404,2,22,real_estate_funds,مالک آتیه,ص.س.املاک و مستغلات مالک آتیه,37118058361762279,بازار فرابورس,13200.0,13299.0,13122.0,13195.0,13185.0,12679.0,3565.0,41105998.0,541979636764.0,unadjusted,TSETMC
2025-05-12,1404/02/22,1404,2,22,real_estate_funds,کلید,صندوق س خانه آگاه-املاک,45292762906823004,بازار بورس,13270.0,13410.0,13210.0,13260.0,13270.0,12710.0,9403.0,256259635.0,3401708813790.0,unadjusted,TSETMC
2025-05-13,1404/02/23,1404,2,23,real_estate_funds,ارزش مسکن,ص.س.املاک ومستغلات ارزش مسکن,71945594172117613,بازار فرابورس,35000.0,35050.0,34226.0,34398.0,34574.0,34825.0,15997.0,28030634.0,969137370916.0,unadjusted,TSETMC
2025-05-13,1404/02/23,1404,2,23,real_estate_funds,امین شهر,ص.س. املاک و مستغلات امین شهر,70814244102598215,بازار فرابورس,14214.0,14235.0,14209.0,14210.0,14211.0,14251.0,350.0,7089715.0,100751412851.0,unadjusted,TSETMC
2025-05-13,1404/02/23,1404,2,23,real_estate_funds,دانیک,ص.س.املاک ومستغلات نیک رای,67717913151786055,بازار فرابورس,13080.0,13189.0,12903.0,12940.0,12984.0,13197.0,2964.0,23673690.0,307378368292.0,unadjusted,TSETMC
2025-05-13,1404/02/23,1404,2,23,real_estate_funds,مالک آتیه,ص.س.املاک و مستغلات مالک آتیه,37118058361762279,بازار فرابورس,13218.0,13218.0,12911.0,12937.0,13005.0,13185.0,2076.0,21702862.0,282234893410.0,unadjusted,TSETMC
2025-05-13,1404/02/23,1404,2,23,real_estate_funds,کلید,صندوق س خانه آگاه-املاک,45292762906823004,بازار بورس,13250.0,13250.0,12990.0,13050.0,13090.0,13270.0,8870.0,266831996.0,3494102178980.0,unadjusted,TSETMC
2025-05-14,1404/02/24,1404,2,24,real_estate_funds,ارزش مسکن,ص.س.املاک ومستغلات ارزش مسکن,71945594172117613,بازار فرابورس,34254.0,34531.0,33941.0,33975.0,34246.0,34574.0,11680.0,20681444.0,708261227484.0,unadjusted,TSETMC
2025-05-14,1404/02/24,1404,2,24,real_estate_funds,امین شهر,ص.س. املاک و مستغلات امین شهر,70814244102598215,بازار فرابورس,14211.0,14228.0,14210.0,14228.0,14213.0,14211.0,206.0,3013070.0,42823356533.0,unadjusted,TSETMC
2025-05-14,1404/02/24,1404,2,24,real_estate_funds,دانیک,ص.س.املاک ومستغلات نیک رای,67717913151786055,بازار فرابورس,12910.0,12999.0,12861.0,12892.0,12930.0,12984.0,1912.0,15601235.0,201726200071.0,unadjusted,TSETMC
2025-05-14,1404/02/24,1404,2,24,real_estate_funds,مالک آتیه,ص.س.املاک و مستغلات مالک آتیه,37118058361762279,بازار فرابورس,12900.0,12991.0,12851.0,12883.0,12902.0,13005.0,1166.0,14066532.0,181481500031.0,unadjusted,TSETMC
2025-05-14,1404/02/24,1404,2,24,real_estate_funds,کلید,صندوق س خانه آگاه-املاک,45292762906823004,بازار بورس,12980.0,13070.0,12900.0,12910.0,12970.0,13090.0,6365.0,183706598.0,2383128635520.0,unadjusted,TSETMC
2025-05-17,1404/02/27,1404,2,27,real_estate_funds,ارزش مسکن,ص.س.املاک ومستغلات ارزش مسکن,71945594172117613,بازار فرابورس,34033.0,34550.0,33455.0,33867.0,33910.0,34246.0,10994.0,18666216.0,632975702092.0,unadjusted,TSETMC
2025-05-17,1404/02/27,1404,2,27,real_estate_funds,امین شهر,ص.س. املاک و مستغلات امین شهر,70814244102598215,بازار فرابورس,14220.0,14237.0,14209.0,14214.0,14210.0,14213.0,213.0,4892650.0,69525147855.0,unadjusted,TSETMC
2025-05-17,1404/02/27,1404,2,27,real_estate_funds,دانیک,ص.س.املاک ومستغلات نیک رای,67717913151786055,بازار فرابورس,12920.0,12994.0,12803.0,12867.0,12857.0,12930.0,1452.0,11063161.0,142235143295.0,unadjusted,TSETMC
2025-05-17,1404/02/27,1404,2,27,real_estate_funds,مالک آتیه,ص.س.املاک و مستغلات مالک آتیه,37118058361762279,بازار فرابورس,12930.0,13043.0,12785.0,12864.0,12871.0,12902.0,1316.0,12402298.0,159627379777.0,unadjusted,TSETMC
2025-05-17,1404/02/27,1404,2,27,real_estate_funds,کلید,صندوق س خانه آگاه-املاک,45292762906823004,بازار بورس,12970.0,13040.0,12750.0,12840.0,12880.0,12970.0,6340.0,163188750.0,2102210807400.0,unadjusted,TSETMC
2025-05-18,1404/02/28,1404,2,28,real_estate_funds,ارزش مسکن,ص.س.املاک ومستغلات ارزش مسکن,71945594172117613,بازار فرابورس,33900.0,34628.0,33560.0,34556.0,34096.0,33910.0,16040.0,30591395.0,1043031276706.0,unadjusted,TSETMC
2025-05-18,1404/02/28,1404,2,28,real_estate_funds,امین شهر,ص.س. املاک و مستغلات امین شهر,70814244102598215,بازار فرابورس,14210.0,14238.0,14210.0,14213.0,14210.0,14210.0,139.0,1614654.0,22945015548.0,unadjusted,TSETMC
2025-05-18,1404/02/28,1404,2,28,real_estate_funds,دانیک,ص.س.املاک ومستغلات نیک رای,67717913151786055,بازار فرابورس,12898.0,12974.0,12700.0,12972.0,12844.0,12857.0,3795.0,37077057.0,476200099962.0,unadjusted,TSETMC
2025-05-18,1404/02/28,1404,2,28,real_estate_funds,مالک آتیه,ص.س.املاک و مستغلات مالک آتیه,37118058361762279,بازار فرابورس,12899.0,13000.0,12729.0,12983.0,12885.0,12871.0,1863.0,22299133.0,287323465952.0,unadjusted,TSETMC
2025-05-18,1404/02/28,1404,2,28,real_estate_funds,کلید,صندوق س خانه آگاه-املاک,45292762906823004,بازار بورس,12860.0,13070.0,12760.0,13070.0,12910.0,12880.0,8416.0,273033059.0,3523988712450.0,unadjusted,TSETMC
2025-05-19,1404/02/29,1404,2,29,real_estate_funds,ارزش مسکن,ص.س.املاک ومستغلات ارزش مسکن,71945594172117613,بازار فرابورس,34096.0,34169.0,33253.0,33357.0,33596.0,34096.0,12036.0,22292266.0,748935801611.0,unadjusted,TSETMC
2025-05-19,1404/02/29,1404,2,29,real_estate_funds,امین شهر,ص.س. املاک و مستغلات امین شهر,70814244102598215,بازار فرابورس,14210.0,14215.0,14210.0,14210.0,14210.0,14210.0,125.0,3824892.0,54351730366.0,unadjusted,TSETMC
2025-05-19,1404/02/29,1404,2,29,real_estate_funds,دانیک,ص.س.املاک ومستغلات نیک رای,67717913151786055,بازار فرابورس,12960.0,12960.0,12682.0,12717.0,12750.0,12844.0,1823.0,13613140.0,173573597979.0,unadjusted,TSETMC
2025-05-19,1404/02/29,1404,2,29,real_estate_funds,مالک آتیه,ص.س.املاک و مستغلات مالک آتیه,37118058361762279,بازار فرابورس,12890.0,12890.0,12724.0,12737.0,12786.0,12885.0,1166.0,10591042.0,135414227259.0,unadjusted,TSETMC
2025-05-19,1404/02/29,1404,2,29,real_estate_funds,کلید,صندوق س خانه آگاه-املاک,45292762906823004,بازار بورس,12940.0,12950.0,12760.0,12790.0,12830.0,12910.0,6409.0,138243679.0,1773169698370.0,unadjusted,TSETMC
2025-05-20,1404/02/30,1404,2,30,real_estate_funds,ارزش مسکن,ص.س.املاک ومستغلات ارزش مسکن,71945594172117613,بازار فرابورس,33312.0,33587.0,31305.0,31669.0,32234.0,33596.0,15291.0,26576569.0,856675573384.0,unadjusted,TSETMC
2025-05-20,1404/02/30,1404,2,30,real_estate_funds,امین شهر,ص.س. املاک و مستغلات امین شهر,70814244102598215,بازار فرابورس,14245.0,14245.0,14207.0,14210.0,14209.0,14210.0,242.0,9810183.0,139395217262.0,unadjusted,TSETMC
2025-05-20,1404/02/30,1404,2,30,real_estate_funds,دانیک,ص.س.املاک ومستغلات نیک رای,67717913151786055,بازار فرابورس,12682.0,12750.0,12400.0,12416.0,12572.0,12750.0,1939.0,14306210.0,179855299845.0,unadjusted,TSETMC
2025-05-20,1404/02/30,1404,2,30,real_estate_funds,مالک آتیه,ص.س.املاک و مستغلات مالک آتیه,37118058361762279,بازار فرابورس,12680.0,12749.0,12420.0,12465.0,12574.0,12786.0,1401.0,13359253.0,167981187597.0,unadjusted,TSETMC
2025-05-20,1404/02/30,1404,2,30,real_estate_funds,کلید,صندوق س خانه آگاه-املاک,45292762906823004,بازار بورس,12790.0,12810.0,12310.0,12380.0,12550.0,12830.0,7335.0,139934996.0,1756134567590.0,unadjusted,TSETMC
2025-05-21,1404/02/31,1404,2,31,real_estate_funds,ارزش مسکن,ص.س.املاک ومستغلات ارزش مسکن,71945594172117613,بازار فرابورس,31300.0,32680.0,31011.0,32290.0,32038.0,32234.0,16285.0,32107712.0,1028675079782.0,unadjusted,TSETMC
2025-05-21,1404/02/31,1404,2,31,real_estate_funds,امین شهر,ص.س. املاک و مستغلات امین شهر,70814244102598215,بازار فرابورس,14210.0,14220.0,14210.0,14210.0,14210.0,14209.0,202.0,4340675.0,61682487571.0,unadjusted,TSETMC
2025-05-21,1404/02/31,1404,2,31,real_estate_funds,دانیک,ص.س.املاک ومستغلات نیک رای,67717913151786055,بازار فرابورس,12350.0,12719.0,12331.0,12605.0,12584.0,12572.0,2065.0,14009576.0,176297351230.0,unadjusted,TSETMC
2025-05-21,1404/02/31,1404,2,31,real_estate_funds,کلید,صندوق س خانه آگاه-املاک,45292762906823004,بازار بورس,12240.0,12750.0,12200.0,12610.0,12530.0,12550.0,8548.0,249628525.0,3128910234130.0,unadjusted,TSETMC
2025-05-24,1404/03/03,1404,3,3,real_estate_funds,ارزش مسکن,ص.س.املاک ومستغلات ارزش مسکن,71945594172117613,بازار فرابورس,32509.0,32841.0,31760.0,32016.0,32177.0,32038.0,14695.0,26726537.0,859988354697.0,unadjusted,TSETMC
2025-05-24,1404/03/03,1404,3,3,real_estate_funds,امین شهر,ص.س. املاک و مستغلات امین شهر,70814244102598215,بازار فرابورس,14210.0,14220.0,14210.0,14210.0,14210.0,14210.0,169.0,5359875.0,76164088661.0,unadjusted,TSETMC
2025-05-24,1404/03/03,1404,3,3,real_estate_funds,دانیک,ص.س.املاک ومستغلات نیک رای,67717913151786055,بازار فرابورس,12700.0,12788.0,12501.0,12605.0,12629.0,12584.0,1627.0,10012079.0,126440894338.0,unadjusted,TSETMC
2025-05-24,1404/03/03,1404,3,3,real_estate_funds,مالک آتیه,ص.س.املاک و مستغلات مالک آتیه,37118058361762279,بازار فرابورس,12008.0,12055.0,11805.0,11854.0,11943.0,11398.0,721.0,8611892.0,102853714206.0,unadjusted,TSETMC
2025-05-24,1404/03/03,1404,3,3,real_estate_funds,کلید,صندوق س خانه آگاه-املاک,45292762906823004,بازار بورس,12670.0,12730.0,12510.0,12580.0,12630.0,12530.0,5950.0,172598400.0,2179743504630.0,unadjusted,TSETMC
2025-05-25,1404/03/04,1404,3,4,real_estate_funds,ارزش مسکن,ص.س.املاک ومستغلات ارزش مسکن,71945594172117613,بازار فرابورس,31900.0,31900.0,30369.0,30562.0,30876.0,32177.0,11748.0,19168279.0,591844884594.0,unadjusted,TSETMC
2025-05-25,1404/03/04,1404,3,4,real_estate_funds,امین شهر,ص.س. املاک و مستغلات امین شهر,70814244102598215,بازار فرابورس,14210.0,14222.0,14209.0,14210.0,14210.0,14210.0,168.0,5849066.0,83118129897.0,unadjusted,TSETMC
2025-05-25,1404/03/04,1404,3,4,real_estate_funds,دانیک,ص.س.املاک ومستغلات نیک رای,67717913151786055,بازار فرابورس,12589.0,12590.0,12253.0,12280.0,12343.0,12629.0,1414.0,9563954.0,118048028337.0,unadjusted,TSETMC
2025-05-25,1404/03/04,1404,3,4,real_estate_funds,مالک آتیه,ص.س.املاک و مستغلات مالک آتیه,37118058361762279,بازار فرابورس,11926.0,11926.0,11617.0,11705.0,11684.0,11943.0,928.0,5301684.0,61942777491.0,unadjusted,TSETMC
2025-05-25,1404/03/04,1404,3,4,real_estate_funds,کلید,صندوق س خانه آگاه-املاک,45292762906823004,بازار بورس,12510.0,12520.0,12250.0,12250.0,12350.0,12630.0,5985.0,91974148.0,1135876140800.0,unadjusted,TSETMC
2025-05-26,1404/03/05,1404,3,5,real_estate_funds,ارزش مسکن,ص.س.املاک ومستغلات ارزش مسکن,71945594172117613,بازار فرابورس,31000.0,31932.0,30707.0,31712.0,31403.0,30876.0,20370.0,41220915.0,1294480243761.0,unadjusted,TSETMC
2025-05-26,1404/03/05,1404,3,5,real_estate_funds,امین شهر,ص.س. املاک و مستغلات امین شهر,70814244102598215,بازار فرابورس,14211.0,14230.0,14210.0,14210.0,14211.0,14210.0,127.0,2527559.0,35918952695.0,unadjusted,TSETMC
2025-05-26,1404/03/05,1404,3,5,real_estate_funds,دانیک,ص.س.املاک ومستغلات نیک رای,67717913151786055,بازار فرابورس,12315.0,12642.0,12305.0,12630.0,12503.0,12343.0,1948.0,17712012.0,221446994939.0,unadjusted,TSETMC
2025-05-26,1404/03/05,1404,3,5,real_estate_funds,مالک آتیه,ص.س.املاک و مستغلات مالک آتیه,37118058361762279,بازار فرابورس,11650.0,12057.0,11650.0,12022.0,11903.0,11684.0,1373.0,19283084.0,229517398419.0,unadjusted,TSETMC
2025-05-26,1404/03/05,1404,3,5,real_estate_funds,کلید,صندوق س خانه آگاه-املاک,45292762906823004,بازار بورس,12380.0,12730.0,12300.0,12700.0,12540.0,12350.0,8451.0,257497765.0,3230196210640.0,unadjusted,TSETMC
2025-05-27,1404/03/06,1404,3,6,real_estate_funds,ارزش مسکن,ص.س.املاک ومستغلات ارزش مسکن,71945594172117613,بازار فرابورس,31900.0,31900.0,31120.0,31170.0,31502.0,31403.0,13438.0,25271457.0,796089443378.0,unadjusted,TSETMC
2025-05-27,1404/03/06,1404,3,6,real_estate_funds,امین شهر,ص.س. املاک و مستغلات امین شهر,70814244102598215,بازار فرابورس,14210.0,14215.0,14209.0,14210.0,14210.0,14211.0,159.0,6187069.0,87919086319.0,unadjusted,TSETMC
2025-05-27,1404/03/06,1404,3,6,real_estate_funds,دانیک,ص.س.املاک ومستغلات نیک رای,67717913151786055,بازار فرابورس,12630.0,12740.0,12412.0,12457.0,12558.0,12503.0,1574.0,11599157.0,145667256661.0,unadjusted,TSETMC
2025-05-27,1404/03/06,1404,3,6,real_estate_funds,مالک آتیه,ص.س.املاک و مستغلات مالک آتیه,37118058361762279,بازار فرابورس,12100.0,12100.0,11863.0,11913.0,11976.0,11903.0,1078.0,9738470.0,116632746323.0,unadjusted,TSETMC
2025-05-27,1404/03/06,1404,3,6,real_estate_funds,کلید,صندوق س خانه آگاه-املاک,45292762906823004,بازار بورس,12730.0,12790.0,12480.0,12500.0,12610.0,12540.0,7549.0,191984444.0,2421056072070.0,unadjusted,TSETMC
2025-05-28,1404/03/07,1404,3,7,real_estate_funds,ارزش مسکن,ص.س.املاک ومستغلات ارزش مسکن,71945594172117613,بازار فرابورس,31010.0,31428.0,30911.0,30974.0,31094.0,31502.0,9521.0,16694209.0,519094681011.0,unadjusted,TSETMC
2025-05-28,1404/03/07,1404,3,7,real_estate_funds,امین شهر,ص.س. املاک و مستغلات امین شهر,70814244102598215,بازار فرابورس,14210.0,14215.0,14209.0,14212.0,14210.0,14210.0,103.0,4593746.0,65276038148.0,unadjusted,TSETMC
2025-05-28,1404/03/07,1404,3,7,real_estate_funds,دانیک,ص.س.املاک ومستغلات نیک رای,67717913151786055,بازار فرابورس,12480.0,12550.0,12426.0,12455.0,12473.0,12558.0,937.0,5985324.0,74653617019.0,unadjusted,TSETMC
2025-05-28,1404/03/07,1404,3,7,real_estate_funds,مالک آتیه,ص.س.املاک و مستغلات مالک آتیه,37118058361762279,بازار فرابورس,11861.0,11996.0,11853.0,11902.0,11897.0,11976.0,682.0,5718868.0,68035089189.0,unadjusted,TSETMC
2025-05-28,1404/03/07,1404,3,7,real_estate_funds,کلید,صندوق س خانه آگاه-املاک,45292762906823004,بازار بورس,12500.0,12610.0,12450.0,12510.0,12520.0,12610.0,4491.0,90479477.0,1132673305550.0,unadjusted,TSETMC
2025-05-31,1404/03/10,1404,3,10,real_estate_funds,ارزش مسکن,ص.س.املاک ومستغلات ارزش مسکن,71945594172117613,بازار فرابورس,30900.0,31182.0,29951.0,30150.0,30491.0,31094.0,12509.0,21365486.0,651458764780.0,unadjusted,TSETMC
2025-05-31,1404/03/10,1404,3,10,real_estate_funds,امین شهر,ص.س. املاک و مستغلات امین شهر,70814244102598215,بازار فرابورس,14210.0,14246.0,14210.0,14210.0,14212.0,14210.0,103.0,1693228.0,24064555090.0,unadjusted,TSETMC
2025-05-31,1404/03/10,1404,3,10,real_estate_funds,دانیک,ص.س.املاک ومستغلات نیک رای,67717913151786055,بازار فرابورس,12499.0,12499.0,12318.0,12333.0,12388.0,12473.0,907.0,5709192.0,70727967960.0,unadjusted,TSETMC
2025-05-31,1404/03/10,1404,3,10,real_estate_funds,مالک آتیه,ص.س.املاک و مستغلات مالک آتیه,37118058361762279,بازار فرابورس,11970.0,11970.0,11810.0,11874.0,11859.0,11897.0,473.0,4801507.0,56943150698.0,unadjusted,TSETMC
2025-05-31,1404/03/10,1404,3,10,real_estate_funds,کلید,صندوق س خانه آگاه-املاک,45292762906823004,بازار بورس,12510.0,12610.0,12400.0,12440.0,12490.0,12520.0,3325.0,51421752.0,642503989370.0,unadjusted,TSETMC
2025-06-01,1404/03/11,1404,3,11,real_estate_funds,ارزش مسکن,ص.س.املاک ومستغلات ارزش مسکن,71945594172117613,بازار فرابورس,30138.0,30138.0,29009.0,29758.0,29638.0,30491.0,13788.0,24384392.0,722708064689.0,unadjusted,TSETMC
2025-06-01,1404/03/11,1404,3,11,real_estate_funds,امین شهر,ص.س. املاک و مستغلات امین شهر,70814244102598215,بازار فرابورس,14210.0,14240.0,14210.0,14210.0,14212.0,14212.0,147.0,2710751.0,38526302086.0,unadjusted,TSETMC
2025-06-01,1404/03/11,1404,3,11,real_estate_funds,دانیک,ص.س.املاک ومستغلات نیک رای,67717913151786055,بازار فرابورس,12322.0,12419.0,12200.0,12373.0,12329.0,12388.0,1170.0,8281167.0,102099984118.0,unadjusted,TSETMC
2025-06-01,1404/03/11,1404,3,11,real_estate_funds,مالک آتیه,ص.س.املاک و مستغلات مالک آتیه,37118058361762279,بازار فرابورس,11821.0,12057.0,11799.0,12000.0,11938.0,11859.0,829.0,8337154.0,99527956580.0,unadjusted,TSETMC
2025-06-01,1404/03/11,1404,3,11,real_estate_funds,کلید,صندوق س خانه آگاه-املاک,45292762906823004,بازار بورس,12430.0,12510.0,12240.0,12440.0,12410.0,12490.0,4871.0,118380697.0,1469126592360.0,unadjusted,TSETMC
2025-06-02,1404/03/12,1404,3,12,real_estate_funds,ارزش مسکن,ص.س.املاک ومستغلات ارزش مسکن,71945594172117613,بازار فرابورس,29988.0,30330.0,29488.0,29510.0,29910.0,29638.0,11579.0,20726550.0,619930311670.0,unadjusted,TSETMC
2025-06-02,1404/03/12,1404,3,12,real_estate_funds,امین شهر,ص.س. املاک و مستغلات امین شهر,70814244102598215,بازار فرابورس,14210.0,14232.0,14210.0,14210.0,14210.0,14212.0,77.0,1451428.0,20624945741.0,unadjusted,TSETMC
2025-06-02,1404/03/12,1404,3,12,real_estate_funds,دانیک,ص.س.املاک ومستغلات نیک رای,67717913151786055,بازار فرابورس,12399.0,12454.0,12240.0,12240.0,12363.0,12329.0,1288.0,8871766.0,109683142370.0,unadjusted,TSETMC
2025-06-02,1404/03/12,1404,3,12,real_estate_funds,مالک آتیه,ص.س.املاک و مستغلات مالک آتیه,37118058361762279,بازار فرابورس,12018.0,12196.0,11880.0,11964.0,12049.0,11938.0,732.0,7885541.0,95015447381.0,unadjusted,TSETMC
2025-06-02,1404/03/12,1404,3,12,real_estate_funds,کلید,صندوق س خانه آگاه-املاک,45292762906823004,بازار بورس,12500.0,12600.0,12340.0,12340.0,12480.0,12410.0,6225.0,132549196.0,1653965196860.0,unadjusted,TSETMC
2025-06-03,1404/03/13,1404,3,13,real_estate_funds,ارزش مسکن,ص.س.املاک ومستغلات ارزش مسکن,71945594172117613,بازار فرابورس,29041.0,29350.0,28640.0,28695.0,28887.0,29910.0,12345.0,20562230.0,593971302862.0,unadjusted,TSETMC
2025-06-03,1404/03/13,1404,3,13,real_estate_funds,امین شهر,ص.س. املاک و مستغلات امین شهر,70814244102598215,بازار فرابورس,14234.0,14234.0,14210.0,14210.0,14210.0,14210.0,112.0,4391633.0,62405289591.0,unadjusted,TSETMC
2025-06-03,1404/03/13,1404,3,13,real_estate_funds,دانیک,ص.س.املاک ومستغلات نیک رای,67717913151786055,بازار فرابورس,12256.0,12267.0,12144.0,12195.0,12181.0,12363.0,1039.0,6760494.0,82352153894.0,unadjusted,TSETMC
2025-06-03,1404/03/13,1404,3,13,real_estate_funds,مالک آتیه,ص.س.املاک و مستغلات مالک آتیه,37118058361762279,بازار فرابورس,11999.0,11999.0,11830.0,11845.0,11856.0,12049.0,612.0,6008267.0,71234499072.0,unadjusted,TSETMC
2025-06-03,1404/03/13,1404,3,13,real_estate_funds,کلید,صندوق س خانه آگاه-املاک,45292762906823004,بازار بورس,12350.0,12380.0,12290.0,12340.0,12330.0,12480.0,3235.0,68716786.0,847433627750.0,unadjusted,TSETMC
2025-06-07,1404/03/17,1404,3,17,real_estate_funds,ارزش مسکن,ص.س.املاک ومستغلات ارزش مسکن,71945594172117613,بازار فرابورس,28150.0,28222.0,27360.0,27710.0,27624.0,28887.0,9895.0,17626470.0,486919537467.0,unadjusted,TSETMC
2025-06-07,1404/03/17,1404,3,17,real_estate_funds,امین شهر,ص.س. املاک و مستغلات امین شهر,70814244102598215,بازار فرابورس,14211.0,14225.0,14210.0,14210.0,14210.0,14210.0,175.0,1891467.0,26878075920.0,unadjusted,TSETMC
2025-06-07,1404/03/17,1404,3,17,real_estate_funds,دانیک,ص.س.املاک ومستغلات نیک رای,67717913151786055,بازار فرابورس,12165.0,12165.0,11870.0,11975.0,11959.0,12181.0,1076.0,6834685.0,81739093293.0,unadjusted,TSETMC
2025-06-07,1404/03/17,1404,3,17,real_estate_funds,مالک آتیه,ص.س.املاک و مستغلات مالک آتیه,37118058361762279,بازار فرابورس,11800.0,11996.0,11750.0,11818.0,11787.0,11856.0,441.0,3859749.0,45496012038.0,unadjusted,TSETMC
2025-06-07,1404/03/17,1404,3,17,real_estate_funds,کلید,صندوق س خانه آگاه-املاک,45292762906823004,بازار بورس,12320.0,12330.0,12120.0,12300.0,12210.0,12330.0,3694.0,61747342.0,753977924380.0,unadjusted,TSETMC
2025-06-08,1404/03/18,1404,3,18,real_estate_funds,ارزش مسکن,ص.س.املاک ومستغلات ارزش مسکن,71945594172117613,بازار فرابورس,27800.0,28450.0,27640.0,27940.0,28087.0,27624.0,13618.0,24807643.0,696776593414.0,unadjusted,TSETMC
2025-06-08,1404/03/18,1404,3,18,real_estate_funds,امین شهر,ص.س. املاک و مستغلات امین شهر,70814244102598215,بازار فرابورس,14241.0,14241.0,14208.0,14210.0,14210.0,14210.0,197.0,5739453.0,81557328611.0,unadjusted,TSETMC
2025-06-08,1404/03/18,1404,3,18,real_estate_funds,دانیک,ص.س.املاک ومستغلات نیک رای,67717913151786055,بازار فرابورس,12000.0,12110.0,11912.0,11962.0,12025.0,11959.0,1368.0,11283441.0,135682973029.0,unadjusted,TSETMC
2025-06-08,1404/03/18,1404,3,18,real_estate_funds,مالک آتیه,ص.س.املاک و مستغلات مالک آتیه,37118058361762279,بازار فرابورس,11851.0,12095.0,11851.0,11913.0,11965.0,11787.0,781.0,8681148.0,103869071446.0,unadjusted,TSETMC
2025-06-08,1404/03/18,1404,3,18,real_estate_funds,کلید,صندوق س خانه آگاه-املاک,45292762906823004,بازار بورس,12320.0,12530.0,12300.0,12320.0,12390.0,12210.0,5773.0,123103658.0,1525274609500.0,unadjusted,TSETMC
2025-06-09,1404/03/19,1404,3,19,real_estate_funds,ارزش مسکن,ص.س.املاک ومستغلات ارزش مسکن,71945594172117613,بازار فرابورس,27940.0,28080.0,27119.0,27191.0,27367.0,28087.0,9101.0,15360646.0,420370668381.0,unadjusted,TSETMC
2025-06-09,1404/03/19,1404,3,19,real_estate_funds,امین شهر,ص.س. املاک و مستغلات امین شهر,70814244102598215,بازار فرابورس,14210.0,14229.0,14209.0,14209.0,14210.0,14210.0,129.0,6239587.0,88663038846.0,unadjusted,TSETMC
2025-06-09,1404/03/19,1404,3,19,real_estate_funds,دانیک,ص.س.املاک ومستغلات نیک رای,67717913151786055,بازار فرابورس,11979.0,11990.0,11700.0,11748.0,11791.0,12025.0,1230.0,4732980.0,55806130305.0,unadjusted,TSETMC
2025-06-09,1404/03/19,1404,3,19,real_estate_funds,مالک آتیه,ص.س.املاک و مستغلات مالک آتیه,37118058361762279,بازار فرابورس,11960.0,11960.0,11750.0,11780.0,11810.0,11965.0,537.0,4799144.0,56678886584.0,unadjusted,TSETMC
2025-06-09,1404/03/19,1404,3,19,real_estate_funds,کلید,صندوق س خانه آگاه-املاک,45292762906823004,بازار بورس,12350.0,12350.0,12190.0,12240.0,12250.0,12390.0,3326.0,53222753.0,651998970630.0,unadjusted,TSETMC
2025-06-10,1404/03/20,1404,3,20,real_estate_funds,ارزش مسکن,ص.س.املاک ومستغلات ارزش مسکن,71945594172117613,بازار فرابورس,27693.0,28230.0,27280.0,27880.0,27812.0,27367.0,14181.0,26566900.0,738886990516.0,unadjusted,TSETMC
2025-06-10,1404/03/20,1404,3,20,real_estate_funds,امین شهر,ص.س. املاک و مستغلات امین شهر,70814244102598215,بازار فرابورس,14210.0,14215.0,14209.0,14209.0,14210.0,14210.0,122.0,3776426.0,53661654976.0,unadjusted,TSETMC
2025-06-10,1404/03/20,1404,3,20,real_estate_funds,دانیک,ص.س.املاک ومستغلات نیک رای,67717913151786055,بازار فرابورس,11810.0,12000.0,11770.0,11910.0,11890.0,11791.0,1259.0,8967364.0,106623635769.0,unadjusted,TSETMC
2025-06-10,1404/03/20,1404,3,20,real_estate_funds,مالک آتیه,ص.س.املاک و مستغلات مالک آتیه,37118058361762279,بازار فرابورس,11852.0,12069.0,11827.0,11963.0,11957.0,11810.0,1126.0,12264888.0,146651701694.0,unadjusted,TSETMC
2025-06-10,1404/03/20,1404,3,20,real_estate_funds,کلید,صندوق س خانه آگاه-املاک,45292762906823004,بازار بورس,12310.0,12520.0,12300.0,12460.0,12430.0,12250.0,6052.0,159283711.0,1979941441470.0,unadjusted,TSETMC
2025-06-11,1404/03/21,1404,3,21,real_estate_funds,ارزش مسکن,ص.س.املاک ومستغلات ارزش مسکن,71945594172117613,بازار فرابورس,27945.0,28018.0,27250.0,27321.0,27574.0,27812.0,8655.0,15949466.0,439796468383.0,unadjusted,TSETMC
2025-06-11,1404/03/21,1404,3,21,real_estate_funds,امین شهر,ص.س. املاک و مستغلات امین شهر,70814244102598215,بازار فرابورس,14210.0,14220.0,14210.0,14213.0,14210.0,14210.0,60.0,1419145.0,20166533502.0,unadjusted,TSETMC
2025-06-11,1404/03/21,1404,3,21,real_estate_funds,دانیک,ص.س.املاک ومستغلات نیک رای,67717913151786055,بازار فرابورس,11909.0,11930.0,11715.0,11734.0,11784.0,11890.0,821.0,3520469.0,41485081809.0,unadjusted,TSETMC
2025-06-11,1404/03/21,1404,3,21,real_estate_funds,مالک آتیه,ص.س.املاک و مستغلات مالک آتیه,37118058361762279,بازار فرابورس,11992.0,11998.0,11770.0,11820.0,11869.0,11957.0,780.0,6412736.0,76114250292.0,unadjusted,TSETMC
2025-06-11,1404/03/21,1404,3,21,real_estate_funds,کلید,صندوق س خانه آگاه-املاک,45292762906823004,بازار بورس,12460.0,12480.0,12290.0,12350.0,12370.0,12430.0,4589.0,96826789.0,1197792806280.0,unadjusted,TSETMC
2025-06-28,1404/04/07,1404,4,7,real_estate_funds,ارزش مسکن,ص.س.املاک ومستغلات ارزش مسکن,71945594172117613,بازار فرابورس,24817.0,25319.0,24817.0,24817.0,24848.0,27574.0,3636.0,7104269.0,176523858548.0,unadjusted,TSETMC
2025-06-28,1404/04/07,1404,4,7,real_estate_funds,امین شهر,ص.س. املاک و مستغلات امین شهر,70814244102598215,بازار فرابورس,14210.0,14500.0,14210.0,14210.0,14262.0,14210.0,656.0,43434177.0,619452758017.0,unadjusted,TSETMC
2025-06-28,1404/04/07,1404,4,7,real_estate_funds,دانیک,ص.س.املاک ومستغلات نیک رای,67717913151786055,بازار فرابورس,10673.0,10999.0,10606.0,10606.0,10703.0,11784.0,1080.0,8649166.0,92571390774.0,unadjusted,TSETMC
2025-06-28,1404/04/07,1404,4,7,real_estate_funds,مالک آتیه,ص.س.املاک و مستغلات مالک آتیه,37118058361762279,بازار فرابورس,10755.0,10942.0,10683.0,10683.0,10741.0,11869.0,1489.0,19961314.0,214398612395.0,unadjusted,TSETMC
2025-06-28,1404/04/07,1404,4,7,real_estate_funds,کلید,صندوق س خانه آگاه-املاک,45292762906823004,بازار بورس,11250.0,11540.0,11140.0,11140.0,11280.0,12370.0,5091.0,83244294.0,938601845240.0,unadjusted,TSETMC
2025-06-29,1404/04/08,1404,4,8,real_estate_funds,ارزش مسکن,ص.س.املاک ومستغلات ارزش مسکن,71945594172117613,بازار فرابورس,22964.0,23723.0,22420.0,22437.0,23072.0,24848.0,16572.0,34617459.0,798678194356.0,unadjusted,TSETMC
2025-06-29,1404/04/08,1404,4,8,real_estate_funds,امین شهر,ص.س. املاک و مستغلات امین شهر,70814244102598215,بازار فرابورس,14262.0,14294.0,14262.0,14262.0,14285.0,14262.0,195.0,8302569.0,118601216897.0,unadjusted,TSETMC
2025-06-29,1404/04/08,1404,4,8,real_estate_funds,دانیک,ص.س.املاک ومستغلات نیک رای,67717913151786055,بازار فرابورس,10260.0,10585.0,10256.0,10390.0,10420.0,10703.0,2133.0,16135258.0,168129113120.0,unadjusted,TSETMC
2025-06-29,1404/04/08,1404,4,8,real_estate_funds,مالک آتیه,ص.س.املاک و مستغلات مالک آتیه,37118058361762279,بازار فرابورس,10683.0,10996.0,10661.0,10702.0,10764.0,10741.0,983.0,10299463.0,110866508776.0,unadjusted,TSETMC
2025-06-29,1404/04/08,1404,4,8,real_estate_funds,کلید,صندوق س خانه آگاه-املاک,45292762906823004,بازار بورس,10900.0,11350.0,10870.0,11210.0,11140.0,11280.0,5527.0,89259017.0,994521914780.0,unadjusted,TSETMC
2025-06-30,1404/04/09,1404,4,9,real_estate_funds,ارزش مسکن,ص.س.املاک ومستغلات ارزش مسکن,71945594172117613,بازار فرابورس,22980.0,23390.0,22770.0,22944.0,23106.0,23072.0,12476.0,23249448.0,537207491503.0,unadjusted,TSETMC
2025-06-30,1404/04/09,1404,4,9,real_estate_funds,امین شهر,ص.س. املاک و مستغلات امین شهر,70814244102598215,بازار فرابورس,14287.0,14350.0,14285.0,14289.0,14290.0,14285.0,111.0,3779099.0,54004227849.0,unadjusted,TSETMC
2025-06-30,1404/04/09,1404,4,9,real_estate_funds,دانیک,ص.س.املاک ومستغلات نیک رای,67717913151786055,بازار فرابورس,10420.0,10585.0,10320.0,10362.0,10459.0,10420.0,1818.0,13575980.0,141993868100.0,unadjusted,TSETMC
2025-06-30,1404/04/09,1404,4,9,real_estate_funds,مالک آتیه,ص.س.املاک و مستغلات مالک آتیه,37118058361762279,بازار فرابورس,10798.0,10934.0,10731.0,10775.0,10823.0,10764.0,925.0,11396417.0,123344816038.0,unadjusted,TSETMC
2025-06-30,1404/04/09,1404,4,9,real_estate_funds,کلید,صندوق س خانه آگاه-املاک,45292762906823004,بازار بورس,11290.0,11400.0,11180.0,11230.0,11310.0,11140.0,5708.0,138132986.0,1561703869320.0,unadjusted,TSETMC
2025-07-01,1404/04/10,1404,4,10,real_estate_funds,ارزش مسکن,ص.س.املاک ومستغلات ارزش مسکن,71945594172117613,بازار فرابورس,23164.0,23385.0,23001.0,23295.0,23208.0,23106.0,8760.0,16592426.0,385078288332.0,unadjusted,TSETMC
2025-07-01,1404/04/10,1404,4,10,real_estate_funds,امین شهر,ص.س. املاک و مستغلات امین شهر,70814244102598215,بازار فرابورس,14290.0,14300.0,14290.0,14290.0,14298.0,14290.0,103.0,5034031.0,71978500317.0,unadjusted,TSETMC
2025-07-01,1404/04/10,1404,4,10,real_estate_funds,دانیک,ص.س.املاک ومستغلات نیک رای,67717913151786055,بازار فرابورس,10449.0,10539.0,10375.0,10395.0,10439.0,10459.0,1551.0,14260998.0,148868743056.0,unadjusted,TSETMC
2025-07-01,1404/04/10,1404,4,10,real_estate_funds,مالک آتیه,ص.س.املاک و مستغلات مالک آتیه,37118058361762279,بازار فرابورس,10835.0,10890.0,10761.0,10773.0,10812.0,10823.0,1026.0,11778064.0,127345745986.0,unadjusted,TSETMC
2025-07-01,1404/04/10,1404,4,10,real_estate_funds,کلید,صندوق س خانه آگاه-املاک,45292762906823004,بازار بورس,11260.0,11400.0,11260.0,11330.0,11320.0,11310.0,5063.0,169642436.0,1921048217850.0,unadjusted,TSETMC
2025-07-02,1404/04/11,1404,4,11,real_estate_funds,ارزش مسکن,ص.س.املاک ومستغلات ارزش مسکن,71945594172117613,بازار فرابورس,23666.0,24934.0,23451.0,24671.0,24168.0,23208.0,14055.0,26351982.0,636878199769.0,unadjusted,TSETMC
2025-07-02,1404/04/11,1404,4,11,real_estate_funds,امین شهر,ص.س. املاک و مستغلات امین شهر,70814244102598215,بازار فرابورس,14298.0,15630.0,14298.0,14298.0,14320.0,14298.0,245.0,8150855.0,116722515695.0,unadjusted,TSETMC
2025-07-02,1404/04/11,1404,4,11,real_estate_funds,دانیک,ص.س.املاک ومستغلات نیک رای,67717913151786055,بازار فرابورس,10530.0,10827.0,10456.0,10680.0,10638.0,10439.0,2729.0,26033471.0,276950995455.0,unadjusted,TSETMC
2025-07-02,1404/04/11,1404,4,11,real_estate_funds,مالک آتیه,ص.س.املاک و مستغلات مالک آتیه,37118058361762279,بازار فرابورس,10886.0,11160.0,10825.0,10972.0,10987.0,10812.0,1804.0,28686608.0,315171501142.0,unadjusted,TSETMC
2025-07-02,1404/04/11,1404,4,11,real_estate_funds,کلید,صندوق س خانه آگاه-املاک,45292762906823004,بازار بورس,11450.0,11760.0,11420.0,11610.0,11600.0,11320.0,8972.0,327650102.0,3799300739590.0,unadjusted,TSETMC
2025-07-07,1404/04/16,1404,4,16,real_estate_funds,ارزش مسکن,ص.س.املاک ومستغلات ارزش مسکن,71945594172117613,بازار فرابورس,25125.0,25320.0,24170.0,24396.0,24701.0,24168.0,9163.0,17205563.0,424995482094.0,unadjusted,TSETMC
2025-07-07,1404/04/16,1404,4,16,real_estate_funds,امین شهر,ص.س. املاک و مستغلات امین شهر,70814244102598215,بازار فرابورس,14322.0,14480.0,14320.0,14438.0,14358.0,14320.0,176.0,7165771.0,102883747391.0,unadjusted,TSETMC
2025-07-07,1404/04/16,1404,4,16,real_estate_funds,دانیک,ص.س.املاک ومستغلات نیک رای,67717913151786055,بازار فرابورس,10726.0,10895.0,10605.0,10659.0,10771.0,10638.0,1121.0,8834822.0,95156535112.0,unadjusted,TSETMC
2025-07-07,1404/04/16,1404,4,16,real_estate_funds,مالک آتیه,ص.س.املاک و مستغلات مالک آتیه,37118058361762279,بازار فرابورس,11120.0,11162.0,10910.0,10910.0,11013.0,10987.0,867.0,8719785.0,96029746924.0,unadjusted,TSETMC
2025-07-07,1404/04/16,1404,4,16,real_estate_funds,کلید,صندوق س خانه آگاه-املاک,45292762906823004,بازار بورس,11740.0,11860.0,11490.0,11530.0,11660.0,11600.0,4614.0,105673119.0,1232117107660.0,unadjusted,TSETMC
2025-07-08,1404/04/17,1404,4,17,real_estate_funds,ارزش مسکن,ص.س.املاک ومستغلات ارزش مسکن,71945594172117613,بازار فرابورس,24699.0,24699.0,22910.0,23108.0,23361.0,24701.0,8943.0,16551459.0,386652389899.0,unadjusted,TSETMC
2025-07-08,1404/04/17,1404,4,17,real_estate_funds,امین شهر,ص.س. املاک و مستغلات امین شهر,70814244102598215,بازار فرابورس,14358.0,14410.0,14358.0,14377.0,14368.0,14358.0,61.0,1197032.0,17199252692.0,unadjusted,TSETMC
2025-07-08,1404/04/17,1404,4,17,real_estate_funds,دانیک,ص.س.املاک ومستغلات نیک رای,67717913151786055,بازار فرابورس,10790.0,10790.0,10350.0,10385.0,10426.0,10771.0,1120.0,5704959.0,59482303725.0,unadjusted,TSETMC
2025-07-08,1404/04/17,1404,4,17,real_estate_funds,مالک آتیه,ص.س.املاک و مستغلات مالک آتیه,37118058361762279,بازار فرابورس,10857.0,10928.0,10781.0,10781.0,10884.0,11013.0,398.0,3765203.0,40980616643.0,unadjusted,TSETMC
2025-07-08,1404/04/17,1404,4,17,real_estate_funds,کلید,صندوق س خانه آگاه-املاک,45292762906823004,بازار بورس,11560.0,11560.0,11300.0,11350.0,11410.0,11660.0,3461.0,76066382.0,868169922470.0,unadjusted,TSETMC
2025-07-09,1404/04/18,1404,4,18,real_estate_funds,ارزش مسکن,ص.س.املاک ومستغلات ارزش مسکن,71945594172117613,بازار فرابورس,22950.0,24100.0,22950.0,23836.0,23539.0,23361.0,14711.0,28489137.0,670619389243.0,unadjusted,TSETMC
2025-07-09,1404/04/18,1404,4,18,real_estate_funds,امین شهر,ص.س. املاک و مستغلات امین شهر,70814244102598215,بازار فرابورس,14368.0,14395.0,14368.0,14368.0,14369.0,14368.0,60.0,603026.0,8665006712.0,unadjusted,TSETMC
2025-07-09,1404/04/18,1404,4,18,real_estate_funds,دانیک,ص.س.املاک ومستغلات نیک رای,67717913151786055,بازار فرابورس,10350.0,10860.0,10335.0,10778.0,10641.0,10426.0,1371.0,9852598.0,104841068000.0,unadjusted,TSETMC
2025-07-09,1404/04/18,1404,4,18,real_estate_funds,مالک آتیه,ص.س.املاک و مستغلات مالک آتیه,37118058361762279,بازار فرابورس,10825.0,11090.0,10800.0,10974.0,10916.0,10884.0,941.0,10712129.0,116934750186.0,unadjusted,TSETMC
2025-07-09,1404/04/18,1404,4,18,real_estate_funds,کلید,صندوق س خانه آگاه-املاک,45292762906823004,بازار بورس,11310.0,11640.0,11310.0,11560.0,11500.0,11410.0,5757.0,174888749.0,2011686980060.0,unadjusted,TSETMC
2025-07-12,1404/04/21,1404,4,21,real_estate_funds,ارزش مسکن,ص.س.املاک ومستغلات ارزش مسکن,71945594172117613,بازار فرابورس,24395.0,24700.0,24100.0,24599.0,24406.0,23539.0,11312.0,22118971.0,539826729043.0,unadjusted,TSETMC
2025-07-12,1404/04/21,1404,4,21,real_estate_funds,امین شهر,ص.س. املاک و مستغلات امین شهر,70814244102598215,بازار فرابورس,14436.0,14436.0,14369.0,14420.0,14419.0,14369.0,121.0,4789556.0,69058936362.0,unadjusted,TSETMC
2025-07-12,1404/04/21,1404,4,21,real_estate_funds,دانیک,ص.س.املاک ومستغلات نیک رای,67717913151786055,بازار فرابورس,10890.0,11100.0,10831.0,10921.0,10918.0,10641.0,1394.0,10907882.0,119087305080.0,unadjusted,TSETMC
2025-07-12,1404/04/21,1404,4,21,real_estate_funds,مالک آتیه,ص.س.املاک و مستغلات مالک آتیه,37118058361762279,بازار فرابورس,11002.0,11190.0,10967.0,11037.0,11083.0,10916.0,804.0,8069866.0,89436536979.0,unadjusted,TSETMC
2025-07-12,1404/04/21,1404,4,21,real_estate_funds,کلید,صندوق س خانه آگاه-املاک,45292762906823004,بازار بورس,11650.0,11830.0,11590.0,11640.0,11680.0,11500.0,5945.0,187603305.0,2191294220100.0,unadjusted,TSETMC
2025-07-13,1404/04/22,1404,4,22,real_estate_funds,ارزش مسکن,ص.س.املاک ومستغلات ارزش مسکن,71945594172117613,بازار فرابورس,24600.0,25000.0,23804.0,24938.0,24538.0,24406.0,12550.0,24693630.0,605924940260.0,unadjusted,TSETMC
2025-07-13,1404/04/22,1404,4,22,real_estate_funds,امین شهر,ص.س. املاک و مستغلات امین شهر,70814244102598215,بازار فرابورس,14443.0,14443.0,14419.0,14420.0,14431.0,14419.0,87.0,5684018.0,82026519365.0,unadjusted,TSETMC
2025-07-13,1404/04/22,1404,4,22,real_estate_funds,دانیک,ص.س.املاک ومستغلات نیک رای,67717913151786055,بازار فرابورس,10850.0,10910.0,10631.0,10816.0,10763.0,10918.0,1950.0,16082052.0,173097788683.0,unadjusted,TSETMC
2025-07-13,1404/04/22,1404,4,22,real_estate_funds,مالک آتیه,ص.س.املاک و مستغلات مالک آتیه,37118058361762279,بازار فرابورس,10992.0,11018.0,10850.0,10930.0,10924.0,11083.0,951.0,8076418.0,88224295550.0,unadjusted,TSETMC
2025-07-13,1404/04/22,1404,4,22,real_estate_funds,کلید,صندوق س خانه آگاه-املاک,45292762906823004,بازار بورس,11630.0,11630.0,11410.0,11600.0,11530.0,11680.0,5366.0,174709088.0,2014937571670.0,unadjusted,TSETMC
2025-07-14,1404/04/23,1404,4,23,real_estate_funds,ارزش مسکن,ص.س.املاک ومستغلات ارزش مسکن,71945594172117613,بازار فرابورس,24800.0,25108.0,23901.0,24211.0,24644.0,24538.0,12719.0,25102877.0,618645636252.0,unadjusted,TSETMC
2025-07-14,1404/04/23,1404,4,23,real_estate_funds,امین شهر,ص.س. املاک و مستغلات امین شهر,70814244102598215,بازار فرابورس,14431.0,14928.0,14431.0,14443.0,14462.0,14431.0,91.0,731452.0,10578188771.0,unadjusted,TSETMC
2025-07-14,1404/04/23,1404,4,23,real_estate_funds,دانیک,ص.س.املاک ومستغلات نیک رای,67717913151786055,بازار فرابورس,10775.0,10898.0,10567.0,10594.0,10703.0,10763.0,1560.0,9511013.0,101800781642.0,unadjusted,TSETMC
2025-07-14,1404/04/23,1404,4,23,real_estate_funds,مالک آتیه,ص.س.املاک و مستغلات مالک آتیه,37118058361762279,بازار فرابورس,10970.0,10988.0,10820.0,10821.0,10874.0,10924.0,988.0,5359094.0,58274334350.0,unadjusted,TSETMC
2025-07-14,1404/04/23,1404,4,23,real_estate_funds,کلید,صندوق س خانه آگاه-املاک,45292762906823004,بازار بورس,11590.0,11640.0,11420.0,11450.0,11530.0,11530.0,3740.0,114784975.0,1323844122020.0,unadjusted,TSETMC
2025-07-15,1404/04/24,1404,4,24,real_estate_funds,ارزش مسکن,ص.س.املاک ومستغلات ارزش مسکن,71945594172117613,بازار فرابورس,24400.0,25060.0,24186.0,24970.0,24658.0,24644.0,13578.0,26030188.0,641841527990.0,unadjusted,TSETMC
2025-07-15,1404/04/24,1404,4,24,real_estate_funds,امین شهر,ص.س. املاک و مستغلات امین شهر,70814244102598215,بازار فرابورس,14462.0,14500.0,14462.0,14462.0,14462.0,14462.0,82.0,1695221.0,24517069529.0,unadjusted,TSETMC
2025-07-15,1404/04/24,1404,4,24,real_estate_funds,دانیک,ص.س.املاک ومستغلات نیک رای,67717913151786055,بازار فرابورس,10613.0,10819.0,10460.0,10710.0,10662.0,10703.0,1517.0,10951807.0,116772388040.0,unadjusted,TSETMC
2025-07-15,1404/04/24,1404,4,24,real_estate_funds,مالک آتیه,ص.س.املاک و مستغلات مالک آتیه,37118058361762279,بازار فرابورس,10807.0,10935.0,10771.0,10889.0,10862.0,10874.0,921.0,7973687.0,86606927127.0,unadjusted,TSETMC
2025-07-15,1404/04/24,1404,4,24,real_estate_funds,کلید,صندوق س خانه آگاه-املاک,45292762906823004,بازار بورس,11500.0,11640.0,11400.0,11580.0,11530.0,11530.0,4951.0,155397744.0,1792089450610.0,unadjusted,TSETMC
2025-07-16,1404/04/25,1404,4,25,real_estate_funds,ارزش مسکن,ص.س.املاک ومستغلات ارزش مسکن,71945594172117613,بازار فرابورس,25009.0,26877.0,25000.0,26611.0,26243.0,24658.0,12970.0,61237435.0,1607052587796.0,unadjusted,TSETMC
2025-07-16,1404/04/25,1404,4,25,real_estate_funds,امین شهر,ص.س. املاک و مستغلات امین شهر,70814244102598215,بازار فرابورس,14462.0,14690.0,14462.0,14462.0,14534.0,14462.0,166.0,1225983.0,17818962320.0,unadjusted,TSETMC
2025-07-16,1404/04/25,1404,4,25,real_estate_funds,دانیک,ص.س.املاک ومستغلات نیک رای,67717913151786055,بازار فرابورس,10765.0,11370.0,10651.0,11095.0,11093.0,10662.0,2242.0,26948937.0,298948197642.0,unadjusted,TSETMC
2025-07-16,1404/04/25,1404,4,25,real_estate_funds,مالک آتیه,ص.س.املاک و مستغلات مالک آتیه,37118058361762279,بازار فرابورس,10920.0,11259.0,10867.0,11051.0,11125.0,10862.0,2069.0,29131754.0,324076785910.0,unadjusted,TSETMC
2025-07-16,1404/04/25,1404,4,25,real_estate_funds,کلید,صندوق س خانه آگاه-املاک,45292762906823004,بازار بورس,11600.0,11940.0,11550.0,11720.0,11780.0,11530.0,11509.0,481107406.0,5668397602850.0,unadjusted,TSETMC
2025-07-19,1404/04/28,1404,4,28,real_estate_funds,ارزش مسکن,ص.س.املاک ومستغلات ارزش مسکن,71945594172117613,بازار فرابورس,26977.0,28431.0,26977.0,27996.0,27791.0,26243.0,13808.0,81936772.0,2277069747809.0,unadjusted,TSETMC
2025-07-19,1404/04/28,1404,4,28,real_estate_funds,امین شهر,ص.س. املاک و مستغلات امین شهر,70814244102598215,بازار فرابورس,14520.0,14523.0,14500.0,14500.0,14501.0,14534.0,130.0,958908.0,13904750609.0,unadjusted,TSETMC
2025-07-19,1404/04/28,1404,4,28,real_estate_funds,دانیک,ص.س.املاک ومستغلات نیک رای,67717913151786055,بازار فرابورس,11260.0,11417.0,11062.0,11221.0,11301.0,11093.0,2554.0,33282387.0,376112949009.0,unadjusted,TSETMC
2025-07-19,1404/04/28,1404,4,28,real_estate_funds,مالک آتیه,ص.س.املاک و مستغلات مالک آتیه,37118058361762279,بازار فرابورس,11170.0,11210.0,11052.0,11060.0,11114.0,11125.0,1901.0,18468102.0,205257070157.0,unadjusted,TSETMC
2025-07-19,1404/04/28,1404,4,28,real_estate_funds,کلید,صندوق س خانه آگاه-املاک,45292762906823004,بازار بورس,11760.0,11890.0,11700.0,11700.0,11790.0,11780.0,9021.0,334724689.0,3947653613550.0,unadjusted,TSETMC
2025-07-20,1404/04/29,1404,4,29,real_estate_funds,ارزش مسکن,ص.س.املاک ومستغلات ارزش مسکن,71945594172117613,بازار فرابورس,27900.0,28523.0,27114.0,27770.0,27974.0,27791.0,14755.0,87913251.0,2459273471600.0,unadjusted,TSETMC
2025-07-20,1404/04/29,1404,4,29,real_estate_funds,امین شهر,ص.س. املاک و مستغلات امین شهر,70814244102598215,بازار فرابورس,14501.0,14514.0,14501.0,14514.0,14505.0,14501.0,68.0,1376409.0,19964278558.0,unadjusted,TSETMC
2025-07-20,1404/04/29,1404,4,29,real_estate_funds,دانیک,ص.س.املاک ومستغلات نیک رای,67717913151786055,بازار فرابورس,11294.0,11294.0,11000.0,11044.0,11133.0,11301.0,1913.0,19052971.0,212123159460.0,unadjusted,TSETMC
2025-07-20,1404/04/29,1404,4,29,real_estate_funds,مالک آتیه,ص.س.املاک و مستغلات مالک آتیه,37118058361762279,بازار فرابورس,11090.0,11090.0,10875.0,10922.0,10952.0,11114.0,857.0,8160375.0,89369351883.0,unadjusted,TSETMC
2025-07-20,1404/04/29,1404,4,29,real_estate_funds,کلید,صندوق س خانه آگاه-املاک,45292762906823004,بازار بورس,11700.0,11700.0,11520.0,11530.0,11600.0,11790.0,5976.0,155122617.0,1798888161250.0,unadjusted,TSETMC
2025-07-21,1404/04/30,1404,4,30,real_estate_funds,ارزش مسکن,ص.س.املاک ومستغلات ارزش مسکن,71945594172117613,بازار فرابورس,28080.0,30080.0,28004.0,29909.0,29508.0,27974.0,15467.0,108682732.0,3207062597965.0,unadjusted,TSETMC
2025-07-21,1404/04/30,1404,4,30,real_estate_funds,امین شهر,ص.س. املاک و مستغلات امین شهر,70814244102598215,بازار فرابورس,14505.0,14700.0,14505.0,14512.0,14510.0,14505.0,132.0,8318860.0,120704525812.0,unadjusted,TSETMC
2025-07-21,1404/04/30,1404,4,30,real_estate_funds,دانیک,ص.س.املاک ومستغلات نیک رای,67717913151786055,بازار فرابورس,11013.0,11599.0,11013.0,11492.0,11447.0,11133.0,2769.0,38719981.0,443209706797.0,unadjusted,TSETMC
2025-07-21,1404/04/30,1404,4,30,real_estate_funds,مالک آتیه,ص.س.املاک و مستغلات مالک آتیه,37118058361762279,بازار فرابورس,10974.0,11260.0,10916.0,11072.0,11134.0,10952.0,1304.0,16142055.0,179721322138.0,unadjusted,TSETMC
2025-07-21,1404/04/30,1404,4,30,real_estate_funds,کلید,صندوق س خانه آگاه-املاک,45292762906823004,بازار بورس,11550.0,11840.0,11540.0,11680.0,11730.0,11600.0,8610.0,275078880.0,3225609474300.0,unadjusted,TSETMC
2025-07-22,1404/04/31,1404,4,31,real_estate_funds,ارزش مسکن,ص.س.املاک ومستغلات ارزش مسکن,71945594172117613,بازار فرابورس,30332.0,31250.0,29120.0,29550.0,30356.0,29508.0,16602.0,117038363.0,3552820849968.0,unadjusted,TSETMC
2025-07-22,1404/04/31,1404,4,31,real_estate_funds,امین شهر,ص.س. املاک و مستغلات امین شهر,70814244102598215,بازار فرابورس,14598.0,14598.0,14510.0,14512.0,14520.0,14510.0,91.0,444443.0,6453308654.0,unadjusted,TSETMC
2025-07-22,1404/04/31,1404,4,31,real_estate_funds,دانیک,ص.س.املاک ومستغلات نیک رای,67717913151786055,بازار فرابورس,11503.0,11700.0,11138.0,11202.0,11431.0,11447.0,2479.0,24883220.0,284436377321.0,unadjusted,TSETMC
2025-07-22,1404/04/31,1404,4,31,real_estate_funds,مالک آتیه,ص.س.املاک و مستغلات مالک آتیه,37118058361762279,بازار فرابورس,11130.0,11188.0,10838.0,10857.0,10977.0,11134.0,1349.0,11859442.0,130182157610.0,unadjusted,TSETMC
2025-07-22,1404/04/31,1404,4,31,real_estate_funds,کلید,صندوق س خانه آگاه-املاک,45292762906823004,بازار بورس,11700.0,11790.0,11430.0,11450.0,11580.0,11730.0,6537.0,149563506.0,1732283845690.0,unadjusted,TSETMC
2025-07-23,1404/05/01,1404,5,1,real_estate_funds,ارزش مسکن,ص.س.املاک ومستغلات ارزش مسکن,71945594172117613,بازار فرابورس,29900.0,30130.0,28900.0,29600.0,29650.0,30356.0,11918.0,76737199.0,2275292239097.0,unadjusted,TSETMC
2025-07-23,1404/05/01,1404,5,1,real_estate_funds,امین شهر,ص.س. املاک و مستغلات امین شهر,70814244102598215,بازار فرابورس,14520.0,14580.0,14520.0,14520.0,14520.0,14520.0,55.0,3166843.0,45982826035.0,unadjusted,TSETMC
2025-07-23,1404/05/01,1404,5,1,real_estate_funds,دانیک,ص.س.املاک ومستغلات نیک رای,67717913151786055,بازار فرابورس,11142.0,11190.0,11024.0,11090.0,11097.0,11431.0,1424.0,14052341.0,155941305056.0,unadjusted,TSETMC
2025-07-23,1404/05/01,1404,5,1,real_estate_funds,مالک آتیه,ص.س.املاک و مستغلات مالک آتیه,37118058361762279,بازار فرابورس,10807.0,10844.0,10779.0,10811.0,10799.0,10977.0,577.0,5316632.0,57414565817.0,unadjusted,TSETMC
2025-07-23,1404/05/01,1404,5,1,real_estate_funds,کلید,صندوق س خانه آگاه-املاک,45292762906823004,بازار بورس,11460.0,11460.0,11370.0,11410.0,11410.0,11580.0,2583.0,54772403.0,624892204510.0,unadjusted,TSETMC
2025-07-26,1404/05/04,1404,5,4,real_estate_funds,ارزش مسکن,ص.س.املاک ومستغلات ارزش مسکن,71945594172117613,بازار فرابورس,30490.0,31400.0,30320.0,30524.0,30736.0,29650.0,12484.0,87228347.0,2681077134403.0,unadjusted,TSETMC
2025-07-26,1404/05/04,1404,5,4,real_estate_funds,امین شهر,ص.س. املاک و مستغلات امین شهر,70814244102598215,بازار فرابورس,14521.0,14577.0,14520.0,14524.0,14549.0,14520.0,88.0,725922.0,10561536657.0,unadjusted,TSETMC
2025-07-26,1404/05/04,1404,5,4,real_estate_funds,دانیک,ص.س.املاک ومستغلات نیک رای,67717913151786055,بازار فرابورس,11375.0,11428.0,11021.0,11036.0,11161.0,11097.0,1624.0,13515999.0,150845527519.0,unadjusted,TSETMC
2025-07-26,1404/05/04,1404,5,4,real_estate_funds,مالک آتیه,ص.س.املاک و مستغلات مالک آتیه,37118058361762279,بازار فرابورس,10830.0,10946.0,10786.0,10813.0,10855.0,10799.0,533.0,4175721.0,45328534644.0,unadjusted,TSETMC
2025-07-26,1404/05/04,1404,5,4,real_estate_funds,کلید,صندوق س خانه آگاه-املاک,45292762906823004,بازار بورس,11490.0,11560.0,11390.0,11400.0,11460.0,11410.0,3465.0,84274929.0,966015606520.0,unadjusted,TSETMC
2025-07-27,1404/05/05,1404,5,5,real_estate_funds,ارزش مسکن,ص.س.املاک ومستغلات ارزش مسکن,71945594172117613,بازار فرابورس,30730.0,31349.0,30300.0,30735.0,30853.0,30736.0,12372.0,76478265.0,2359596844191.0,unadjusted,TSETMC
2025-07-27,1404/05/05,1404,5,5,real_estate_funds,امین شهر,ص.س. املاک و مستغلات امین شهر,70814244102598215,بازار فرابورس,14549.0,14591.0,14549.0,14589.0,14563.0,14549.0,76.0,757766.0,11035137499.0,unadjusted,TSETMC
2025-07-27,1404/05/05,1404,5,5,real_estate_funds,دانیک,ص.س.املاک ومستغلات نیک رای,67717913151786055,بازار فرابورس,11079.0,11146.0,10930.0,10987.0,11025.0,11161.0,930.0,6789403.0,74854138266.0,unadjusted,TSETMC
2025-07-27,1404/05/05,1404,5,5,real_estate_funds,مالک آتیه,ص.س.املاک و مستغلات مالک آتیه,37118058361762279,بازار فرابورس,10801.0,10835.0,10763.0,10787.0,10783.0,10855.0,302.0,2016412.0,21742951276.0,unadjusted,TSETMC
2025-07-27,1404/05/05,1404,5,5,real_estate_funds,کلید,صندوق س خانه آگاه-املاک,45292762906823004,بازار بورس,11410.0,11430.0,11320.0,11360.0,11370.0,11460.0,1904.0,40103354.0,455933103020.0,unadjusted,TSETMC
2025-07-28,1404/05/06,1404,5,6,real_estate_funds,ارزش مسکن,ص.س.املاک ومستغلات ارزش مسکن,71945594172117613,بازار فرابورس,30800.0,30980.0,29172.0,29250.0,29869.0,30853.0,10148.0,52304227.0,1562292326099.0,unadjusted,TSETMC
2025-07-28,1404/05/06,1404,5,6,real_estate_funds,امین شهر,ص.س. املاک و مستغلات امین شهر,70814244102598215,بازار فرابورس,14563.0,14599.0,14563.0,14563.0,14586.0,14563.0,85.0,1688296.0,24626168177.0,unadjusted,TSETMC
2025-07-28,1404/05/06,1404,5,6,real_estate_funds,دانیک,ص.س.املاک ومستغلات نیک رای,67717913151786055,بازار فرابورس,10971.0,10971.0,10652.0,10700.0,10810.0,11025.0,1219.0,7470623.0,80753792353.0,unadjusted,TSETMC
2025-07-28,1404/05/06,1404,5,6,real_estate_funds,مالک آتیه,ص.س.املاک و مستغلات مالک آتیه,37118058361762279,بازار فرابورس,10784.0,10791.0,10680.0,10699.0,10737.0,10783.0,303.0,4018256.0,43142703049.0,unadjusted,TSETMC
2025-07-28,1404/05/06,1404,5,6,real_estate_funds,کلید,صندوق س خانه آگاه-املاک,45292762906823004,بازار بورس,11370.0,11380.0,11150.0,11190.0,11270.0,11370.0,2440.0,45009685.0,507084668520.0,unadjusted,TSETMC
2025-07-29,1404/05/07,1404,5,7,real_estate_funds,ارزش مسکن,ص.س.املاک ومستغلات ارزش مسکن,71945594172117613,بازار فرابورس,28500.0,28500.0,26883.0,26883.0,27505.0,29869.0,5864.0,27439597.0,754719329515.0,unadjusted,TSETMC
2025-07-29,1404/05/07,1404,5,7,real_estate_funds,امین شهر,ص.س. املاک و مستغلات امین شهر,70814244102598215,بازار فرابورس,14586.0,14660.0,14586.0,14586.0,14586.0,14586.0,60.0,730861.0,10660352121.0,unadjusted,TSETMC
2025-07-29,1404/05/07,1404,5,7,real_estate_funds,دانیک,ص.س.املاک ومستغلات نیک رای,67717913151786055,بازار فرابورس,10600.0,10677.0,9732.0,9800.0,10035.0,10810.0,1969.0,16719515.0,167777147521.0,unadjusted,TSETMC
2025-07-29,1404/05/07,1404,5,7,real_estate_funds,مالک آتیه,ص.س.املاک و مستغلات مالک آتیه,37118058361762279,بازار فرابورس,10681.0,10700.0,10100.0,10160.0,10465.0,10737.0,551.0,5848413.0,61201734638.0,unadjusted,TSETMC
2025-07-29,1404/05/07,1404,5,7,real_estate_funds,کلید,صندوق س خانه آگاه-املاک,45292762906823004,بازار بورس,11010.0,11110.0,10150.0,10180.0,10430.0,11270.0,6708.0,145535164.0,1517773059680.0,unadjusted,TSETMC
2025-07-30,1404/05/08,1404,5,8,real_estate_funds,ارزش مسکن,ص.س.املاک ومستغلات ارزش مسکن,71945594172117613,بازار فرابورس,25500.0,27817.0,25100.0,26748.0,26928.0,27505.0,13810.0,97375094.0,2622095709211.0,unadjusted,TSETMC
2025-07-30,1404/05/08,1404,5,8,real_estate_funds,امین شهر,ص.س. املاک و مستغلات امین شهر,70814244102598215,بازار فرابورس,14586.0,14621.0,14586.0,14587.0,14591.0,14586.0,64.0,535203.0,7809155921.0,unadjusted,TSETMC
2025-07-30,1404/05/08,1404,5,8,real_estate_funds,دانیک,ص.س.املاک ومستغلات نیک رای,67717913151786055,بازار فرابورس,9950.0,10876.0,9800.0,10752.0,10519.0,10035.0,1956.0,15727993.0,165449128149.0,unadjusted,TSETMC
2025-07-30,1404/05/08,1404,5,8,real_estate_funds,مالک آتیه,ص.س.املاک و مستغلات مالک آتیه,37118058361762279,بازار فرابورس,10105.0,10647.0,10105.0,10475.0,10457.0,10465.0,627.0,4852931.0,50747648936.0,unadjusted,TSETMC
2025-07-30,1404/05/08,1404,5,8,real_estate_funds,کلید,صندوق س خانه آگاه-املاک,45292762906823004,بازار بورس,10180.0,10620.0,10070.0,10460.0,10460.0,10430.0,6408.0,173011208.0,1810038984570.0,unadjusted,TSETMC
2025-08-02,1404/05/11,1404,5,11,real_estate_funds,ارزش مسکن,ص.س.املاک ومستغلات ارزش مسکن,71945594172117613,بازار فرابورس,26650.0,26997.0,26121.0,26121.0,26293.0,26928.0,3729.0,23001233.0,604764954504.0,unadjusted,TSETMC
2025-08-02,1404/05/11,1404,5,11,real_estate_funds,امین شهر,ص.س. املاک و مستغلات امین شهر,70814244102598215,بازار فرابورس,14600.0,14661.0,14591.0,14661.0,14639.0,14591.0,70.0,1039716.0,15220847715.0,unadjusted,TSETMC
2025-08-02,1404/05/11,1404,5,11,real_estate_funds,دانیک,ص.س.املاک ومستغلات نیک رای,67717913151786055,بازار فرابورس,10818.0,10818.0,10325.0,10350.0,10479.0,10519.0,1256.0,4723985.0,49500500178.0,unadjusted,TSETMC
2025-08-02,1404/05/11,1404,5,11,real_estate_funds,مالک آتیه,ص.س.املاک و مستغلات مالک آتیه,37118058361762279,بازار فرابورس,10458.0,10554.0,10403.0,10458.0,10440.0,10457.0,304.0,3855994.0,40256509556.0,unadjusted,TSETMC
2025-08-02,1404/05/11,1404,5,11,real_estate_funds,کلید,صندوق س خانه آگاه-املاک,45292762906823004,بازار بورس,10400.0,10490.0,10160.0,10180.0,10290.0,10460.0,4431.0,78745603.0,810353220450.0,unadjusted,TSETMC
2025-08-03,1404/05/12,1404,5,12,real_estate_funds,ارزش مسکن,ص.س.املاک ومستغلات ارزش مسکن,71945594172117613,بازار فرابورس,26009.0,26599.0,25505.0,25556.0,25836.0,26293.0,6489.0,50362393.0,1301177018963.0,unadjusted,TSETMC
2025-08-03,1404/05/12,1404,5,12,real_estate_funds,امین شهر,ص.س. املاک و مستغلات امین شهر,70814244102598215,بازار فرابورس,14639.0,14950.0,14639.0,14639.0,14651.0,14639.0,45.0,230243.0,3373332849.0,unadjusted,TSETMC
2025-08-03,1404/05/12,1404,5,12,real_estate_funds,دانیک,ص.س.املاک ومستغلات نیک رای,67717913151786055,بازار فرابورس,10477.0,10595.0,10186.0,10417.0,10373.0,10479.0,1467.0,7457320.0,77357948791.0,unadjusted,TSETMC
2025-08-03,1404/05/12,1404,5,12,real_estate_funds,مالک آتیه,ص.س.املاک و مستغلات مالک آتیه,37118058361762279,بازار فرابورس,10489.0,10610.0,10411.0,10528.0,10501.0,10440.0,280.0,2224054.0,23354448778.0,unadjusted,TSETMC
2025-08-03,1404/05/12,1404,5,12,real_estate_funds,کلید,صندوق س خانه آگاه-املاک,45292762906823004,بازار بورس,10240.0,10410.0,10070.0,10270.0,10220.0,10290.0,4781.0,108093315.0,1105080344160.0,unadjusted,TSETMC
2025-08-04,1404/05/13,1404,5,13,real_estate_funds,ارزش مسکن,ص.س.املاک ومستغلات ارزش مسکن,71945594172117613,بازار فرابورس,25700.0,26301.0,25061.0,25975.0,25799.0,25836.0,9872.0,68244178.0,1760604837958.0,unadjusted,TSETMC
2025-08-04,1404/05/13,1404,5,13,real_estate_funds,امین شهر,ص.س. املاک و مستغلات امین شهر,70814244102598215,بازار فرابورس,14651.0,14694.0,14651.0,14689.0,14677.0,14651.0,44.0,3253958.0,47758590869.0,unadjusted,TSETMC
2025-08-04,1404/05/13,1404,5,13,real_estate_funds,دانیک,ص.س.املاک ومستغلات نیک رای,67717913151786055,بازار فرابورس,10430.0,10610.0,10265.0,10593.0,10491.0,10373.0,1026.0,8633187.0,90571867594.0,unadjusted,TSETMC
2025-08-04,1404/05/13,1404,5,13,real_estate_funds,مالک آتیه,ص.س.املاک و مستغلات مالک آتیه,37118058361762279,بازار فرابورس,10480.0,10645.0,10480.0,10600.0,10570.0,10501.0,410.0,4452610.0,47063094521.0,unadjusted,TSETMC
2025-08-04,1404/05/13,1404,5,13,real_estate_funds,کلید,صندوق س خانه آگاه-املاک,45292762906823004,بازار بورس,10270.0,10480.0,10160.0,10390.0,10340.0,10220.0,4931.0,158440821.0,1637863747320.0,unadjusted,TSETMC
2025-08-05,1404/05/14,1404,5,14,real_estate_funds,ارزش مسکن,ص.س.املاک ومستغلات ارزش مسکن,71945594172117613,بازار فرابورس,25950.0,26123.0,25026.0,25556.0,25362.0,25799.0,6350.0,46841788.0,1187980032548.0,unadjusted,TSETMC
2025-08-05,1404/05/14,1404,5,14,real_estate_funds,امین شهر,ص.س. املاک و مستغلات امین شهر,70814244102598215,بازار فرابورس,14689.0,14988.0,14678.0,14701.0,14690.0,14677.0,66.0,5229977.0,76827789613.0,unadjusted,TSETMC
2025-08-05,1404/05/14,1404,5,14,real_estate_funds,دانیک,ص.س.املاک ومستغلات نیک رای,67717913151786055,بازار فرابورس,10530.0,10574.0,10230.0,10451.0,10379.0,10491.0,2012.0,13697379.0,142168312117.0,unadjusted,TSETMC
2025-08-05,1404/05/14,1404,5,14,real_estate_funds,مالک آتیه,ص.س.املاک و مستغلات مالک آتیه,37118058361762279,بازار فرابورس,10621.0,10621.0,10465.0,10608.0,10544.0,10570.0,312.0,3230457.0,34063284518.0,unadjusted,TSETMC
2025-08-05,1404/05/14,1404,5,14,real_estate_funds,کلید,صندوق س خانه آگاه-املاک,45292762906823004,بازار بورس,10400.0,10400.0,10120.0,10350.0,10240.0,10340.0,5131.0,129845479.0,1329908984500.0,unadjusted,TSETMC
2025-08-06,1404/05/15,1404,5,15,real_estate_funds,ارزش مسکن,ص.س.املاک ومستغلات ارزش مسکن,71945594172117613,بازار فرابورس,24995.0,25249.0,24602.0,24800.0,24922.0,25362.0,9579.0,71124463.0,1772534409296.0,unadjusted,TSETMC
2025-08-06,1404/05/15,1404,5,15,real_estate_funds,امین شهر,ص.س. املاک و مستغلات امین شهر,70814244102598215,بازار فرابورس,14720.0,14720.0,14690.0,14692.0,14691.0,14690.0,59.0,158185.0,2323891078.0,unadjusted,TSETMC
2025-08-06,1404/05/15,1404,5,15,real_estate_funds,دانیک,ص.س.املاک ومستغلات نیک رای,67717913151786055,بازار فرابورس,10450.0,10573.0,10300.0,10520.0,10451.0,10379.0,948.0,7303893.0,76336279689.0,unadjusted,TSETMC
2025-08-06,1404/05/15,1404,5,15,real_estate_funds,مالک آتیه,ص.س.املاک و مستغلات مالک آتیه,37118058361762279,بازار فرابورس,10520.0,10536.0,10430.0,10505.0,10495.0,10544.0,286.0,3589417.0,37672200624.0,unadjusted,TSETMC
2025-08-06,1404/05/15,1404,5,15,real_estate_funds,کلید,صندوق س خانه آگاه-املاک,45292762906823004,بازار بورس,10230.0,10330.0,10140.0,10240.0,10250.0,10240.0,3938.0,124621673.0,1277540851880.0,unadjusted,TSETMC
2025-08-09,1404/05/18,1404,5,18,real_estate_funds,ارزش مسکن,ص.س.املاک ومستغلات ارزش مسکن,71945594172117613,بازار فرابورس,25077.0,25613.0,24922.0,25500.0,25364.0,24922.0,7797.0,50186438.0,1272945015751.0,unadjusted,TSETMC
2025-08-09,1404/05/18,1404,5,18,real_estate_funds,امین شهر,ص.س. املاک و مستغلات امین شهر,70814244102598215,بازار فرابورس,14692.0,14750.0,14691.0,14715.0,14693.0,14691.0,77.0,11129190.0,163522449249.0,unadjusted,TSETMC
2025-08-09,1404/05/18,1404,5,18,real_estate_funds,دانیک,ص.س.املاک ومستغلات نیک رای,67717913151786055,بازار فرابورس,10550.0,10764.0,10550.0,10764.0,10710.0,10451.0,1032.0,12838990.0,137509708262.0,unadjusted,TSETMC
2025-08-09,1404/05/18,1404,5,18,real_estate_funds,مالک آتیه,ص.س.املاک و مستغلات مالک آتیه,37118058361762279,بازار فرابورس,10548.0,10735.0,10506.0,10698.0,10647.0,10495.0,392.0,3988830.0,42470642110.0,unadjusted,TSETMC
2025-08-09,1404/05/18,1404,5,18,real_estate_funds,کلید,صندوق س خانه آگاه-املاک,45292762906823004,بازار بورس,10300.0,10510.0,10300.0,10450.0,10420.0,10250.0,5324.0,230216940.0,2399100296060.0,unadjusted,TSETMC
2025-08-10,1404/05/19,1404,5,19,real_estate_funds,ارزش مسکن,ص.س.املاک ومستغلات ارزش مسکن,71945594172117613,بازار فرابورس,25350.0,25500.0,24604.0,24629.0,24914.0,25364.0,7495.0,40679512.0,1013474584025.0,unadjusted,TSETMC
2025-08-10,1404/05/19,1404,5,19,real_estate_funds,امین شهر,ص.س. املاک و مستغلات امین شهر,70814244102598215,بازار فرابورس,14715.0,14745.0,14710.0,14715.0,14714.0,14693.0,76.0,12174797.0,179144258105.0,unadjusted,TSETMC
2025-08-10,1404/05/19,1404,5,19,real_estate_funds,دانیک,ص.س.املاک ومستغلات نیک رای,67717913151786055,بازار فرابورس,10764.0,10830.0,10600.0,10690.0,10688.0,10710.0,871.0,7502327.0,80185282491.0,unadjusted,TSETMC
2025-08-10,1404/05/19,1404,5,19,real_estate_funds,مالک آتیه,ص.س.املاک و مستغلات مالک آتیه,37118058361762279,بازار فرابورس,10725.0,10725.0,10502.0,10513.0,10567.0,10647.0,275.0,2225857.0,23519901962.0,unadjusted,TSETMC
2025-08-10,1404/05/19,1404,5,19,real_estate_funds,کلید,صندوق س خانه آگاه-املاک,45292762906823004,بازار بورس,10420.0,10460.0,10200.0,10240.0,10300.0,10420.0,4402.0,109248613.0,1125215061780.0,unadjusted,TSETMC
2025-08-11,1404/05/20,1404,5,20,real_estate_funds,ارزش مسکن,ص.س.املاک ومستغلات ارزش مسکن,71945594172117613,بازار فرابورس,24600.0,24692.0,24167.0,24167.0,24350.0,24914.0,5023.0,26037681.0,634029884383.0,unadjusted,TSETMC
2025-08-11,1404/05/20,1404,5,20,real_estate_funds,امین شهر,ص.س. املاک و مستغلات امین شهر,70814244102598215,بازار فرابورس,14714.0,14732.0,14714.0,14732.0,14714.0,14714.0,42.0,10342418.0,152178566143.0,unadjusted,TSETMC
2025-08-11,1404/05/20,1404,5,20,real_estate_funds,دانیک,ص.س.املاک ومستغلات نیک رای,67717913151786055,بازار فرابورس,10755.0,10779.0,10564.0,10575.0,10619.0,10688.0,746.0,4541648.0,48228265409.0,unadjusted,TSETMC
2025-08-11,1404/05/20,1404,5,20,real_estate_funds,مالک آتیه,ص.س.املاک و مستغلات مالک آتیه,37118058361762279,بازار فرابورس,10542.0,10567.0,10490.0,10567.0,10510.0,10567.0,161.0,1622866.0,17056788532.0,unadjusted,TSETMC
2025-08-11,1404/05/20,1404,5,20,real_estate_funds,کلید,صندوق س خانه آگاه-املاک,45292762906823004,بازار بورس,10240.0,10280.0,10150.0,10150.0,10200.0,10300.0,2677.0,58626342.0,597943639840.0,unadjusted,TSETMC
2025-08-12,1404/05/21,1404,5,21,real_estate_funds,ارزش مسکن,ص.س.املاک ومستغلات ارزش مسکن,71945594172117613,بازار فرابورس,24130.0,24150.0,23620.0,23620.0,23736.0,24350.0,2038.0,12577216.0,298531798257.0,unadjusted,TSETMC
2025-08-12,1404/05/21,1404,5,21,real_estate_funds,امین شهر,ص.س. املاک و مستغلات امین شهر,70814244102598215,بازار فرابورس,14714.0,14744.0,14714.0,14734.0,14717.0,14714.0,35.0,201829.0,2970290108.0,unadjusted,TSETMC
2025-08-12,1404/05/21,1404,5,21,real_estate_funds,دانیک,ص.س.املاک ومستغلات نیک رای,67717913151786055,بازار فرابورس,10560.0,10590.0,10454.0,10490.0,10502.0,10619.0,555.0,5480785.0,57557593310.0,unadjusted,TSETMC
2025-08-12,1404/05/21,1404,5,21,real_estate_funds,مالک آتیه,ص.س.املاک و مستغلات مالک آتیه,37118058361762279,بازار فرابورس,10588.0,10588.0,10490.0,10514.0,10501.0,10510.0,98.0,619879.0,6509186593.0,unadjusted,TSETMC
2025-08-12,1404/05/21,1404,5,21,real_estate_funds,کلید,صندوق س خانه آگاه-املاک,45292762906823004,بازار بورس,10160.0,10170.0,10090.0,10120.0,10130.0,10200.0,1827.0,37595970.0,380716737520.0,unadjusted,TSETMC
2025-08-13,1404/05/22,1404,5,22,real_estate_funds,ارزش مسکن,ص.س.املاک ومستغلات ارزش مسکن,71945594172117613,بازار فرابورس,23250.0,23480.0,23024.0,23024.0,23063.0,23736.0,444.0,3124999.0,72070631989.0,unadjusted,TSETMC
2025-08-13,1404/05/22,1404,5,22,real_estate_funds,امین شهر,ص.س. املاک و مستغلات امین شهر,70814244102598215,بازار فرابورس,14717.0,14758.0,14717.0,14720.0,14732.0,14717.0,46.0,151406.0,2230513503.0,unadjusted,TSETMC
2025-08-13,1404/05/22,1404,5,22,real_estate_funds,دانیک,ص.س.املاک ومستغلات نیک رای,67717913151786055,بازار فرابورس,10465.0,10465.0,10290.0,10380.0,10345.0,10502.0,552.0,8061102.0,83395469051.0,unadjusted,TSETMC
2025-08-13,1404/05/22,1404,5,22,real_estate_funds,مالک آتیه,ص.س.املاک و مستغلات مالک آتیه,37118058361762279,بازار فرابورس,10501.0,10550.0,10426.0,10488.0,10487.0,10501.0,186.0,2498332.0,26201157630.0,unadjusted,TSETMC
2025-08-13,1404/05/22,1404,5,22,real_estate_funds,کلید,صندوق س خانه آگاه-املاک,45292762906823004,بازار بورس,10120.0,10120.0,9830.0,9830.0,9890.0,10130.0,2732.0,56098476.0,554670896240.0,unadjusted,TSETMC
2025-08-16,1404/05/25,1404,5,25,real_estate_funds,ارزش مسکن,ص.س.املاک ومستغلات ارزش مسکن,71945594172117613,بازار فرابورس,22420.0,23640.0,22372.0,23275.0,23007.0,23063.0,9157.0,76593800.0,1762194480062.0,unadjusted,TSETMC
2025-08-16,1404/05/25,1404,5,25,real_estate_funds,امین شهر,ص.س. املاک و مستغلات امین شهر,70814244102598215,بازار فرابورس,14732.0,14863.0,14732.0,14862.0,14814.0,14732.0,68.0,2947713.0,43666854569.0,unadjusted,TSETMC
2025-08-16,1404/05/25,1404,5,25,real_estate_funds,دانیک,ص.س.املاک ومستغلات نیک رای,67717913151786055,بازار فرابورس,10424.0,10655.0,10363.0,10655.0,10639.0,10345.0,554.0,16856480.0,179334179638.0,unadjusted,TSETMC
2025-08-16,1404/05/25,1404,5,25,real_estate_funds,مالک آتیه,ص.س.املاک و مستغلات مالک آتیه,37118058361762279,بازار فرابورس,10480.0,10782.0,10480.0,10725.0,10672.0,10487.0,539.0,7099372.0,75763787092.0,unadjusted,TSETMC
2025-08-16,1404/05/25,1404,5,25,real_estate_funds,کلید,صندوق س خانه آگاه-املاک,45292762906823004,بازار بورس,9830.0,10170.0,9670.0,10090.0,10000.0,9890.0,5516.0,187670898.0,1876983009680.0,unadjusted,TSETMC
2025-08-17,1404/05/26,1404,5,26,real_estate_funds,ارزش مسکن,ص.س.املاک ومستغلات ارزش مسکن,71945594172117613,بازار فرابورس,23280.0,23697.0,23280.0,23697.0,23621.0,23007.0,1860.0,16088506.0,380020176646.0,unadjusted,TSETMC
2025-08-17,1404/05/26,1404,5,26,real_estate_funds,امین شهر,ص.س. املاک و مستغلات امین شهر,70814244102598215,بازار فرابورس,14843.0,15200.0,14817.0,15041.0,15042.0,14814.0,424.0,5452845.0,82021309507.0,unadjusted,TSETMC
2025-08-17,1404/05/26,1404,5,26,real_estate_funds,دانیک,ص.س.املاک ومستغلات نیک رای,67717913151786055,بازار فرابورس,10797.0,10958.0,10732.0,10958.0,10925.0,10639.0,869.0,15991685.0,174703394410.0,unadjusted,TSETMC
2025-08-17,1404/05/26,1404,5,26,real_estate_funds,مالک آتیه,ص.س.املاک و مستغلات مالک آتیه,37118058361762279,بازار فرابورس,10746.0,10992.0,10740.0,10992.0,10946.0,10672.0,779.0,15130488.0,165611921331.0,unadjusted,TSETMC
2025-08-17,1404/05/26,1404,5,26,real_estate_funds,کلید,صندوق س خانه آگاه-املاک,45292762906823004,بازار بورس,10130.0,10300.0,10100.0,10300.0,10250.0,10000.0,2302.0,107654253.0,1103137232440.0,unadjusted,TSETMC
2025-08-18,1404/05/27,1404,5,27,real_estate_funds,ارزش مسکن,ص.س.املاک ومستغلات ارزش مسکن,71945594172117613,بازار فرابورس,23910.0,24244.0,23198.0,23250.0,23632.0,23621.0,6709.0,44835093.0,1059546125163.0,unadjusted,TSETMC
2025-08-18,1404/05/27,1404,5,27,real_estate_funds,امین شهر,ص.س. املاک و مستغلات امین شهر,70814244102598215,بازار فرابورس,14951.0,15099.0,14836.0,14850.0,14842.0,15042.0,273.0,8341003.0,123799572958.0,unadjusted,TSETMC
2025-08-18,1404/05/27,1404,5,27,real_estate_funds,دانیک,ص.س.املاک ومستغلات نیک رای,67717913151786055,بازار فرابورس,11058.0,11250.0,10830.0,11210.0,11057.0,10925.0,2363.0,23985550.0,265214767952.0,unadjusted,TSETMC
2025-08-18,1404/05/27,1404,5,27,real_estate_funds,مالک آتیه,ص.س.املاک و مستغلات مالک آتیه,37118058361762279,بازار فرابورس,11110.0,11111.0,10820.0,10820.0,10926.0,10946.0,643.0,10908902.0,119194154292.0,unadjusted,TSETMC
2025-08-18,1404/05/27,1404,5,27,real_estate_funds,کلید,صندوق س خانه آگاه-املاک,45292762906823004,بازار بورس,10420.0,10430.0,10100.0,10130.0,10230.0,10250.0,6222.0,187175620.0,1914841966180.0,unadjusted,TSETMC
2025-08-19,1404/05/28,1404,5,28,real_estate_funds,ارزش مسکن,ص.س.املاک ومستغلات ارزش مسکن,71945594172117613,بازار فرابورس,23210.0,23384.0,22924.0,22924.0,23125.0,23632.0,5499.0,36092008.0,834622547354.0,unadjusted,TSETMC
2025-08-19,1404/05/28,1404,5,28,real_estate_funds,امین شهر,ص.س. املاک و مستغلات امین شهر,70814244102598215,بازار فرابورس,14842.0,14850.0,14842.0,14848.0,14842.0,14842.0,94.0,34989241.0,519312362187.0,unadjusted,TSETMC
2025-08-19,1404/05/28,1404,5,28,real_estate_funds,دانیک,ص.س.املاک ومستغلات نیک رای,67717913151786055,بازار فرابورس,11240.0,11388.0,11141.0,11388.0,11329.0,11057.0,1247.0,15996902.0,181229057884.0,unadjusted,TSETMC
2025-08-19,1404/05/28,1404,5,28,real_estate_funds,مالک آتیه,ص.س.املاک و مستغلات مالک آتیه,37118058361762279,بازار فرابورس,10858.0,10926.0,10654.0,10729.0,10790.0,10926.0,330.0,3362706.0,36284338279.0,unadjusted,TSETMC
2025-08-19,1404/05/28,1404,5,28,real_estate_funds,کلید,صندوق س خانه آگاه-املاک,45292762906823004,بازار بورس,10130.0,10180.0,9980.0,9980.0,10090.0,10230.0,3857.0,111649469.0,1126206692520.0,unadjusted,TSETMC
2025-08-20,1404/05/29,1404,5,29,real_estate_funds,ارزش مسکن,ص.س.املاک ومستغلات ارزش مسکن,71945594172117613,بازار فرابورس,22660.0,22790.0,22432.0,22432.0,22462.0,23125.0,2486.0,22191423.0,498457199362.0,unadjusted,TSETMC
2025-08-20,1404/05/29,1404,5,29,real_estate_funds,امین شهر,ص.س. املاک و مستغلات امین شهر,70814244102598215,بازار فرابورس,14842.0,14864.0,14842.0,14848.0,14843.0,14842.0,48.0,916643.0,13605392496.0,unadjusted,TSETMC
2025-08-20,1404/05/29,1404,5,29,real_estate_funds,دانیک,ص.س.املاک ومستغلات نیک رای,67717913151786055,بازار فرابورس,11152.0,11259.0,10990.0,10990.0,11123.0,11329.0,2879.0,56987342.0,633897945305.0,unadjusted,TSETMC
2025-08-20,1404/05/29,1404,5,29,real_estate_funds,مالک آتیه,ص.س.املاک و مستغلات مالک آتیه,37118058361762279,بازار فرابورس,10651.0,10790.0,10649.0,10695.0,10703.0,10790.0,162.0,704437.0,7539565886.0,unadjusted,TSETMC
2025-08-20,1404/05/29,1404,5,29,real_estate_funds,کلید,صندوق س خانه آگاه-املاک,45292762906823004,بازار بورس,9970.0,10000.0,9850.0,9870.0,9940.0,10090.0,3199.0,53414057.0,530758662370.0,unadjusted,TSETMC
2025-08-23,1404/06/01,1404,6,1,real_estate_funds,ارزش مسکن,ص.س.املاک ومستغلات ارزش مسکن,71945594172117613,بازار فرابورس,22063.0,22450.0,21789.0,21892.0,22081.0,22462.0,6119.0,35411431.0,781924489975.0,unadjusted,TSETMC
2025-08-23,1404/06/01,1404,6,1,real_estate_funds,امین شهر,ص.س. املاک و مستغلات امین شهر,70814244102598215,بازار فرابورس,14843.0,14849.0,14843.0,14844.0,14843.0,14843.0,35.0,993793.0,14750903718.0,unadjusted,TSETMC
2025-08-23,1404/06/01,1404,6,1,real_estate_funds,دانیک,ص.س.املاک ومستغلات نیک رای,67717913151786055,بازار فرابورس,10790.0,10990.0,10790.0,10790.0,10821.0,11123.0,1050.0,28815897.0,311815428677.0,unadjusted,TSETMC
2025-08-23,1404/06/01,1404,6,1,real_estate_funds,مالک آتیه,ص.س.املاک و مستغلات مالک آتیه,37118058361762279,بازار فرابورس,10606.0,10786.0,10606.0,10696.0,10700.0,10703.0,117.0,370619.0,3965438657.0,unadjusted,TSETMC
2025-08-23,1404/06/01,1404,6,1,real_estate_funds,کلید,صندوق س خانه آگاه-املاک,45292762906823004,بازار بورس,9940.0,10060.0,9850.0,10000.0,9990.0,9940.0,5787.0,80412230.0,803058935260.0,unadjusted,TSETMC
2025-08-25,1404/06/03,1404,6,3,real_estate_funds,ارزش مسکن,ص.س.املاک ومستغلات ارزش مسکن,71945594172117613,بازار فرابورس,21679.0,21837.0,21419.0,21419.0,21559.0,22081.0,1261.0,7973533.0,171901545530.0,unadjusted,TSETMC
2025-08-25,1404/06/03,1404,6,3,real_estate_funds,امین شهر,ص.س. املاک و مستغلات امین شهر,70814244102598215,بازار فرابورس,14843.0,14916.0,14843.0,14893.0,14894.0,14843.0,69.0,4525379.0,67398773082.0,unadjusted,TSETMC
2025-08-25,1404/06/03,1404,6,3,real_estate_funds,دانیک,ص.س.املاک ومستغلات نیک رای,67717913151786055,بازار فرابورس,10497.0,10740.0,10497.0,10497.0,10507.0,10821.0,368.0,8297708.0,87182476510.0,unadjusted,TSETMC
2025-08-25,1404/06/03,1404,6,3,real_estate_funds,مالک آتیه,ص.س.املاک و مستغلات مالک آتیه,37118058361762279,بازار فرابورس,10661.0,10690.0,10604.0,10684.0,10654.0,10700.0,293.0,2513026.0,26774584122.0,unadjusted,TSETMC
2025-08-25,1404/06/03,1404,6,3,real_estate_funds,کلید,صندوق س خانه آگاه-املاک,45292762906823004,بازار بورس,9960.0,10030.0,9760.0,9780.0,9870.0,9990.0,2636.0,46443975.0,458493999450.0,unadjusted,TSETMC
2025-08-26,1404/06/04,1404,6,4,real_estate_funds,ارزش مسکن,ص.س.املاک ومستغلات ارزش مسکن,71945594172117613,بازار فرابورس,20913.0,21450.0,20913.0,21210.0,21133.0,21559.0,6380.0,56580101.0,1195690403682.0,unadjusted,TSETMC
2025-08-26,1404/06/04,1404,6,4,real_estate_funds,امین شهر,ص.س. املاک و مستغلات امین شهر,70814244102598215,بازار فرابورس,14894.0,14901.0,14894.0,14895.0,14894.0,14894.0,43.0,538449.0,8019724740.0,unadjusted,TSETMC
2025-08-26,1404/06/04,1404,6,4,real_estate_funds,دانیک,ص.س.املاک ومستغلات نیک رای,67717913151786055,بازار فرابورس,10192.0,10425.0,10192.0,10231.0,10243.0,10507.0,2679.0,48297234.0,494713409135.0,unadjusted,TSETMC
2025-08-26,1404/06/04,1404,6,4,real_estate_funds,مالک آتیه,ص.س.املاک و مستغلات مالک آتیه,37118058361762279,بازار فرابورس,10645.0,10780.0,10644.0,10700.0,10712.0,10654.0,199.0,909944.0,9747317033.0,unadjusted,TSETMC
2025-08-26,1404/06/04,1404,6,4,real_estate_funds,کلید,صندوق س خانه آگاه-املاک,45292762906823004,بازار بورس,9800.0,10070.0,9700.0,10010.0,9940.0,9870.0,3987.0,141394772.0,1405556735700.0,unadjusted,TSETMC
2025-08-27,1404/06/05,1404,6,5,real_estate_funds,ارزش مسکن,ص.س.املاک ومستغلات ارزش مسکن,71945594172117613,بازار فرابورس,20848.0,21700.0,20600.0,20771.0,21167.0,21133.0,5616.0,41193682.0,871949429192.0,unadjusted,TSETMC
2025-08-27,1404/06/05,1404,6,5,real_estate_funds,امین شهر,ص.س. املاک و مستغلات امین شهر,70814244102598215,بازار فرابورس,14895.0,14924.0,14894.0,14920.0,14906.0,14894.0,74.0,166839.0,2486863902.0,unadjusted,TSETMC
2025-08-27,1404/06/05,1404,6,5,real_estate_funds,دانیک,ص.س.املاک ومستغلات نیک رای,67717913151786055,بازار فرابورس,10000.0,10546.0,10000.0,10112.0,10264.0,10243.0,2460.0,31561085.0,323938610687.0,unadjusted,TSETMC
2025-08-27,1404/06/05,1404,6,5,real_estate_funds,مالک آتیه,ص.س.املاک و مستغلات مالک آتیه,37118058361762279,بازار فرابورس,10749.0,10949.0,10686.0,10762.0,10813.0,10712.0,300.0,3078145.0,33283650501.0,unadjusted,TSETMC
2025-08-27,1404/06/05,1404,6,5,real_estate_funds,کلید,صندوق س خانه آگاه-املاک,45292762906823004,بازار بورس,9930.0,10210.0,9890.0,9980.0,10060.0,9940.0,4915.0,171340208.0,1722916721330.0,unadjusted,TSETMC
2025-08-30,1404/06/08,1404,6,8,real_estate_funds,ارزش مسکن,ص.س.املاک ومستغلات ارزش مسکن,71945594172117613,بازار فرابورس,20532.0,20947.0,20532.0,20807.0,20723.0,21167.0,4318.0,40287329.0,834891506999.0,unadjusted,TSETMC
2025-08-30,1404/06/08,1404,6,8,real_estate_funds,امین شهر,ص.س. املاک و مستغلات امین شهر,70814244102598215,بازار فرابورس,14918.0,14918.0,14906.0,14906.0,14907.0,14906.0,43.0,205096.0,3057273449.0,unadjusted,TSETMC
2025-08-30,1404/06/08,1404,6,8,real_estate_funds,دانیک,ص.س.املاک ومستغلات نیک رای,67717913151786055,بازار فرابورس,9976.0,10199.0,9957.0,10128.0,10057.0,10264.0,1802.0,27909880.0,280696281934.0,unadjusted,TSETMC
2025-08-30,1404/06/08,1404,6,8,real_estate_funds,مالک آتیه,ص.س.املاک و مستغلات مالک آتیه,37118058361762279,بازار فرابورس,10690.0,10869.0,10630.0,10771.0,10740.0,10813.0,184.0,1330463.0,14289460746.0,unadjusted,TSETMC
2025-08-30,1404/06/08,1404,6,8,real_estate_funds,کلید,صندوق س خانه آگاه-املاک,45292762906823004,بازار بورس,9840.0,10080.0,9780.0,10030.0,9960.0,10060.0,3550.0,122960545.0,1224992160950.0,unadjusted,TSETMC
2025-08-31,1404/06/09,1404,6,9,real_estate_funds,ارزش مسکن,ص.س.املاک ومستغلات ارزش مسکن,71945594172117613,بازار فرابورس,20980.0,21344.0,20980.0,21344.0,21208.0,20723.0,4843.0,50194001.0,1064507391525.0,unadjusted,TSETMC
2025-08-31,1404/06/09,1404,6,9,real_estate_funds,امین شهر,ص.س. املاک و مستغلات امین شهر,70814244102598215,بازار فرابورس,14937.0,15200.0,14918.0,15012.0,15034.0,14907.0,209.0,2978700.0,44780612099.0,unadjusted,TSETMC
2025-08-31,1404/06/09,1404,6,9,real_estate_funds,دانیک,ص.س.املاک ومستغلات نیک رای,67717913151786055,بازار فرابورس,10151.0,10358.0,10151.0,10358.0,10297.0,10057.0,2265.0,36739981.0,378311585074.0,unadjusted,TSETMC
2025-08-31,1404/06/09,1404,6,9,real_estate_funds,مالک آتیه,ص.س.املاک و مستغلات مالک آتیه,37118058361762279,بازار فرابورس,10934.0,11062.0,10860.0,11062.0,11023.0,10740.0,344.0,6823892.0,75222100873.0,unadjusted,TSETMC
2025-08-31,1404/06/09,1404,6,9,real_estate_funds,کلید,صندوق س خانه آگاه-املاک,45292762906823004,بازار بورس,10100.0,10250.0,10090.0,10250.0,10190.0,9960.0,3848.0,164678847.0,1678156954560.0,unadjusted,TSETMC
2025-09-02,1404/06/11,1404,6,11,real_estate_funds,ارزش مسکن,ص.س.املاک ومستغلات ارزش مسکن,71945594172117613,بازار فرابورس,21360.0,21844.0,21360.0,21844.0,21718.0,21208.0,2175.0,19903631.0,432271497790.0,unadjusted,TSETMC
2025-09-02,1404/06/11,1404,6,11,real_estate_funds,امین شهر,ص.س. املاک و مستغلات امین شهر,70814244102598215,بازار فرابورس,15034.0,15158.0,15008.0,15008.0,15060.0,15034.0,822.0,14699005.0,221370660934.0,unadjusted,TSETMC
2025-09-02,1404/06/11,1404,6,11,real_estate_funds,دانیک,ص.س.املاک ومستغلات نیک رای,67717913151786055,بازار فرابورس,10385.0,10605.0,10350.0,10605.0,10555.0,10297.0,989.0,20725863.0,218762059256.0,unadjusted,TSETMC
2025-09-02,1404/06/11,1404,6,11,real_estate_funds,مالک آتیه,ص.س.املاک و مستغلات مالک آتیه,37118058361762279,بازار فرابورس,11100.0,11353.0,11067.0,11353.0,11316.0,11023.0,479.0,14400146.0,162953516764.0,unadjusted,TSETMC
2025-09-02,1404/06/11,1404,6,11,real_estate_funds,کلید,صندوق س خانه آگاه-املاک,45292762906823004,بازار بورس,10290.0,10490.0,10260.0,10490.0,10420.0,10190.0,2772.0,124300343.0,1295625511190.0,unadjusted,TSETMC
2025-09-03,1404/06/12,1404,6,12,real_estate_funds,ارزش مسکن,ص.س.املاک ومستغلات ارزش مسکن,71945594172117613,بازار فرابورس,21949.0,22299.0,21737.0,21981.0,22085.0,21718.0,5563.0,40545873.0,895450266143.0,unadjusted,TSETMC
2025-09-03,1404/06/12,1404,6,12,real_estate_funds,امین شهر,ص.س. املاک و مستغلات امین شهر,70814244102598215,بازار فرابورس,15019.0,15047.0,15019.0,15043.0,15021.0,15060.0,183.0,5864210.0,88086916986.0,unadjusted,TSETMC
2025-09-03,1404/06/12,1404,6,12,real_estate_funds,دانیک,ص.س.املاک ومستغلات نیک رای,67717913151786055,بازار فرابورس,10700.0,10790.0,10455.0,10540.0,10681.0,10555.0,3714.0,55338037.0,591083421492.0,unadjusted,TSETMC
2025-09-03,1404/06/12,1404,6,12,real_estate_funds,مالک آتیه,ص.س.املاک و مستغلات مالک آتیه,37118058361762279,بازار فرابورس,11413.0,11535.0,11206.0,11212.0,11400.0,11316.0,913.0,16528233.0,188422615464.0,unadjusted,TSETMC
2025-09-03,1404/06/12,1404,6,12,real_estate_funds,کلید,صندوق س خانه آگاه-املاک,45292762906823004,بازار بورس,10600.0,10700.0,10490.0,10570.0,10610.0,10420.0,5535.0,206434181.0,2189532657090.0,unadjusted,TSETMC
2025-09-06,1404/06/15,1404,6,15,real_estate_funds,ارزش مسکن,ص.س.املاک ومستغلات ارزش مسکن,71945594172117613,بازار فرابورس,22082.0,22201.0,21423.0,21423.0,21741.0,22085.0,4199.0,32684212.0,710577015796.0,unadjusted,TSETMC
2025-09-06,1404/06/15,1404,6,15,real_estate_funds,امین شهر,ص.س. املاک و مستغلات امین شهر,70814244102598215,بازار فرابورس,15021.0,15047.0,15021.0,15047.0,15024.0,15021.0,67.0,2064776.0,31021860928.0,unadjusted,TSETMC
2025-09-06,1404/06/15,1404,6,15,real_estate_funds,دانیک,ص.س.املاک ومستغلات نیک رای,67717913151786055,بازار فرابورس,10588.0,10588.0,10361.0,10361.0,10436.0,10681.0,1976.0,28957278.0,302198974873.0,unadjusted,TSETMC
2025-09-06,1404/06/15,1404,6,15,real_estate_funds,مالک آتیه,ص.س.املاک و مستغلات مالک آتیه,37118058361762279,بازار فرابورس,11350.0,11350.0,11058.0,11058.0,11182.0,11400.0,381.0,5461925.0,61073801023.0,unadjusted,TSETMC
2025-09-06,1404/06/15,1404,6,15,real_estate_funds,کلید,صندوق س خانه آگاه-املاک,45292762906823004,بازار بورس,10660.0,10670.0,10300.0,10300.0,10470.0,10610.0,8095.0,173280933.0,1814775954020.0,unadjusted,TSETMC
2025-09-07,1404/06/16,1404,6,16,real_estate_funds,ارزش مسکن,ص.س.املاک ومستغلات ارزش مسکن,71945594172117613,بازار فرابورس,21351.0,22268.0,21236.0,21898.0,21915.0,21741.0,6061.0,46275784.0,1014147360590.0,unadjusted,TSETMC
2025-09-07,1404/06/16,1404,6,16,real_estate_funds,امین شهر,ص.س. املاک و مستغلات امین شهر,70814244102598215,بازار فرابورس,15024.0,15065.0,15024.0,15025.0,15036.0,15024.0,72.0,1135119.0,17068049617.0,unadjusted,TSETMC
2025-09-07,1404/06/16,1404,6,16,real_estate_funds,دانیک,ص.س.املاک ومستغلات نیک رای,67717913151786055,بازار فرابورس,10230.0,10650.0,10190.0,10454.0,10486.0,10436.0,3357.0,56130872.0,588586016161.0,unadjusted,TSETMC
2025-09-07,1404/06/16,1404,6,16,real_estate_funds,مالک آتیه,ص.س.املاک و مستغلات مالک آتیه,37118058361762279,بازار فرابورس,11006.0,11311.0,10855.0,11105.0,11174.0,11182.0,895.0,14138742.0,157986228764.0,unadjusted,TSETMC
2025-09-07,1404/06/16,1404,6,16,real_estate_funds,کلید,صندوق س خانه آگاه-املاک,45292762906823004,بازار بورس,10300.0,10740.0,10260.0,10640.0,10590.0,10470.0,6870.0,261226596.0,2765740235250.0,unadjusted,TSETMC
2025-09-08,1404/06/17,1404,6,17,real_estate_funds,ارزش مسکن,ص.س.املاک ومستغلات ارزش مسکن,71945594172117613,بازار فرابورس,22052.0,22572.0,22052.0,22572.0,22430.0,21915.0,3762.0,32663978.0,732661381755.0,unadjusted,TSETMC
2025-09-08,1404/06/17,1404,6,17,real_estate_funds,امین شهر,ص.س. املاک و مستغلات امین شهر,70814244102598215,بازار فرابورس,15065.0,15149.0,15036.0,15083.0,15106.0,15036.0,257.0,2319466.0,35037946338.0,unadjusted,TSETMC
2025-09-08,1404/06/17,1404,6,17,real_estate_funds,دانیک,ص.س.املاک ومستغلات نیک رای,67717913151786055,بازار فرابورس,10537.0,10800.0,10525.0,10800.0,10726.0,10486.0,3194.0,62077581.0,665829786853.0,unadjusted,TSETMC
2025-09-08,1404/06/17,1404,6,17,real_estate_funds,مالک آتیه,ص.س.املاک و مستغلات مالک آتیه,37118058361762279,بازار فرابورس,11200.0,11501.0,11193.0,11440.0,11392.0,11174.0,1908.0,37228403.0,424109656918.0,unadjusted,TSETMC
2025-09-08,1404/06/17,1404,6,17,real_estate_funds,کلید,صندوق س خانه آگاه-املاک,45292762906823004,بازار بورس,10690.0,10900.0,10690.0,10900.0,10840.0,10590.0,5073.0,217569172.0,2357532948350.0,unadjusted,TSETMC
2025-09-09,1404/06/18,1404,6,18,real_estate_funds,ارزش مسکن,ص.س.املاک ومستغلات ارزش مسکن,71945594172117613,بازار فرابورس,22655.0,22743.0,21758.0,21758.0,22160.0,22430.0,6779.0,49804973.0,1103695059902.0,unadjusted,TSETMC
2025-09-09,1404/06/18,1404,6,18,real_estate_funds,امین شهر,ص.س. املاک و مستغلات امین شهر,70814244102598215,بازار فرابورس,15094.0,15114.0,15088.0,15114.0,15089.0,15106.0,118.0,5876417.0,88671178870.0,unadjusted,TSETMC
2025-09-09,1404/06/18,1404,6,18,real_estate_funds,دانیک,ص.س.املاک ومستغلات نیک رای,67717913151786055,بازار فرابورس,10740.0,10845.0,10405.0,10423.0,10558.0,10726.0,3054.0,37341823.0,394259876472.0,unadjusted,TSETMC
2025-09-09,1404/06/18,1404,6,18,real_estate_funds,مالک آتیه,ص.س.املاک و مستغلات مالک آتیه,37118058361762279,بازار فرابورس,11440.0,11449.0,11072.0,11100.0,11223.0,11392.0,841.0,13533102.0,151885777655.0,unadjusted,TSETMC
2025-09-09,1404/06/18,1404,6,18,real_estate_funds,کلید,صندوق س خانه آگاه-املاک,45292762906823004,بازار بورس,10930.0,10970.0,10590.0,10670.0,10750.0,10840.0,8217.0,281455626.0,3025685193940.0,unadjusted,TSETMC
2025-09-13,1404/06/22,1404,6,22,real_estate_funds,ارزش مسکن,ص.س.املاک ومستغلات ارزش مسکن,71945594172117613,بازار فرابورس,21830.0,22050.0,21532.0,21583.0,21763.0,22160.0,4941.0,35956710.0,782536285681.0,unadjusted,TSETMC
2025-09-13,1404/06/22,1404,6,22,real_estate_funds,امین شهر,ص.س. املاک و مستغلات امین شهر,70814244102598215,بازار فرابورس,15089.0,15135.0,15089.0,15093.0,15123.0,15089.0,47.0,2285567.0,34565727873.0,unadjusted,TSETMC
2025-09-13,1404/06/22,1404,6,22,real_estate_funds,دانیک,ص.س.املاک ومستغلات نیک رای,67717913151786055,بازار فرابورس,10470.0,10550.0,10290.0,10419.0,10391.0,10558.0,1597.0,22596393.0,234797210350.0,unadjusted,TSETMC
2025-09-13,1404/06/22,1404,6,22,real_estate_funds,مالک آتیه,ص.س.املاک و مستغلات مالک آتیه,37118058361762279,بازار فرابورس,11160.0,11195.0,11000.0,11020.0,11073.0,11223.0,278.0,3756149.0,41590502696.0,unadjusted,TSETMC
2025-09-13,1404/06/22,1404,6,22,real_estate_funds,کلید,صندوق س خانه آگاه-املاک,45292762906823004,بازار بورس,10670.0,10740.0,10530.0,10600.0,10660.0,10750.0,5324.0,155578403.0,1657957303770.0,unadjusted,TSETMC
2025-09-14,1404/06/23,1404,6,23,real_estate_funds,ارزش مسکن,ص.س.املاک ومستغلات ارزش مسکن,71945594172117613,بازار فرابورس,21640.0,22398.0,21639.0,22375.0,22226.0,21763.0,5509.0,42222175.0,938447047440.0,unadjusted,TSETMC
2025-09-14,1404/06/23,1404,6,23,real_estate_funds,امین شهر,ص.س. املاک و مستغلات امین شهر,70814244102598215,بازار فرابورس,15123.0,15240.0,15123.0,15140.0,15157.0,15123.0,146.0,1739545.0,26365758195.0,unadjusted,TSETMC
2025-09-14,1404/06/23,1404,6,23,real_estate_funds,دانیک,ص.س.املاک ومستغلات نیک رای,67717913151786055,بازار فرابورس,10550.0,10702.0,10431.0,10702.0,10646.0,10391.0,1803.0,25380733.0,270200669681.0,unadjusted,TSETMC
2025-09-14,1404/06/23,1404,6,23,real_estate_funds,مالک آتیه,ص.س.املاک و مستغلات مالک آتیه,37118058361762279,بازار فرابورس,11150.0,11376.0,11099.0,11334.0,11299.0,11073.0,1077.0,13278601.0,150039332185.0,unadjusted,TSETMC
2025-09-14,1404/06/23,1404,6,23,real_estate_funds,کلید,صندوق س خانه آگاه-املاک,45292762906823004,بازار بورس,10660.0,10970.0,10620.0,10970.0,10900.0,10660.0,4631.0,184930620.0,2015701194340.0,unadjusted,TSETMC
2025-09-15,1404/06/24,1404,6,24,real_estate_funds,ارزش مسکن,ص.س.املاک ومستغلات ارزش مسکن,71945594172117613,بازار فرابورس,22400.0,22531.0,21560.0,21620.0,21944.0,22226.0,6184.0,37197307.0,816258043912.0,unadjusted,TSETMC
2025-09-15,1404/06/24,1404,6,24,real_estate_funds,امین شهر,ص.س. املاک و مستغلات امین شهر,70814244102598215,بازار فرابورس,15159.0,15175.0,15157.0,15158.0,15158.0,15157.0,67.0,1701830.0,25795941570.0,unadjusted,TSETMC
2025-09-15,1404/06/24,1404,6,24,real_estate_funds,دانیک,ص.س.املاک ومستغلات نیک رای,67717913151786055,بازار فرابورس,10711.0,10799.0,10360.0,10393.0,10524.0,10646.0,2210.0,22108682.0,232676650567.0,unadjusted,TSETMC
2025-09-15,1404/06/24,1404,6,24,real_estate_funds,مالک آتیه,ص.س.املاک و مستغلات مالک آتیه,37118058361762279,بازار فرابورس,11390.0,11390.0,11000.0,11059.0,11180.0,11299.0,423.0,4824307.0,53935656098.0,unadjusted,TSETMC
2025-09-15,1404/06/24,1404,6,24,real_estate_funds,کلید,صندوق س خانه آگاه-املاک,45292762906823004,بازار بورس,11030.0,11060.0,10590.0,10630.0,10780.0,10900.0,6914.0,216639847.0,2335035387860.0,unadjusted,TSETMC
2025-09-16,1404/06/25,1404,6,25,real_estate_funds,ارزش مسکن,ص.س.املاک ومستغلات ارزش مسکن,71945594172117613,بازار فرابورس,21567.0,21676.0,21286.0,21286.0,21347.0,21944.0,1920.0,13092391.0,279479886162.0,unadjusted,TSETMC
2025-09-16,1404/06/25,1404,6,25,real_estate_funds,امین شهر,ص.س. املاک و مستغلات امین شهر,70814244102598215,بازار فرابورس,15158.0,15167.0,15158.0,15158.0,15158.0,15158.0,42.0,248685.0,3769653433.0,unadjusted,TSETMC
2025-09-16,1404/06/25,1404,6,25,real_estate_funds,دانیک,ص.س.املاک ومستغلات نیک رای,67717913151786055,بازار فرابورس,10418.0,10418.0,10209.0,10230.0,10252.0,10524.0,1315.0,15857528.0,162568452942.0,unadjusted,TSETMC
2025-09-16,1404/06/25,1404,6,25,real_estate_funds,مالک آتیه,ص.س.املاک و مستغلات مالک آتیه,37118058361762279,بازار فرابورس,11011.0,11030.0,10960.0,10995.0,10993.0,11180.0,225.0,2951259.0,32442509086.0,unadjusted,TSETMC
2025-09-16,1404/06/25,1404,6,25,real_estate_funds,کلید,صندوق س خانه آگاه-املاک,45292762906823004,بازار بورس,10640.0,10640.0,10460.0,10460.0,10530.0,10780.0,4227.0,75262560.0,792349621400.0,unadjusted,TSETMC
2025-09-17,1404/06/26,1404,6,26,real_estate_funds,ارزش مسکن,ص.س.املاک ومستغلات ارزش مسکن,71945594172117613,بازار فرابورس,21240.0,21240.0,20707.0,20707.0,20808.0,21347.0,2756.0,17987058.0,374281665312.0,unadjusted,TSETMC
2025-09-17,1404/06/26,1404,6,26,real_estate_funds,امین شهر,ص.س. املاک و مستغلات امین شهر,70814244102598215,بازار فرابورس,15158.0,15161.0,15158.0,15158.0,15158.0,15158.0,27.0,21592.0,327294352.0,unadjusted,TSETMC
2025-09-17,1404/06/26,1404,6,26,real_estate_funds,دانیک,ص.س.املاک ومستغلات نیک رای,67717913151786055,بازار فرابورس,10213.0,10390.0,10152.0,10235.0,10282.0,10252.0,1558.0,13812929.0,142022954675.0,unadjusted,TSETMC
2025-09-17,1404/06/26,1404,6,26,real_estate_funds,مالک آتیه,ص.س.املاک و مستغلات مالک آتیه,37118058361762279,بازار فرابورس,10990.0,11000.0,10952.0,10979.0,10964.0,10993.0,101.0,786467.0,8622451066.0,unadjusted,TSETMC
2025-09-17,1404/06/26,1404,6,26,real_estate_funds,کلید,صندوق س خانه آگاه-املاک,45292762906823004,بازار بورس,10420.0,10480.0,10320.0,10360.0,10390.0,10530.0,2851.0,63400573.0,658428734100.0,unadjusted,TSETMC
2025-09-20,1404/06/29,1404,6,29,real_estate_funds,ارزش مسکن,ص.س.املاک ومستغلات ارزش مسکن,71945594172117613,بازار فرابورس,20184.0,20184.0,20184.0,20184.0,20184.0,20808.0,156.0,1070982.0,21616700688.0,unadjusted,TSETMC
2025-09-20,1404/06/29,1404,6,29,real_estate_funds,امین شهر,ص.س. املاک و مستغلات امین شهر,70814244102598215,بازار فرابورس,15158.0,15216.0,15158.0,15158.0,15211.0,15158.0,56.0,4081407.0,62081479398.0,unadjusted,TSETMC
2025-09-20,1404/06/29,1404,6,29,real_estate_funds,دانیک,ص.س.املاک ومستغلات نیک رای,67717913151786055,بازار فرابورس,9974.0,10135.0,9974.0,10100.0,10003.0,10282.0,1352.0,15248766.0,152539962733.0,unadjusted,TSETMC
2025-09-20,1404/06/29,1404,6,29,real_estate_funds,مالک آتیه,ص.س.املاک و مستغلات مالک آتیه,37118058361762279,بازار فرابورس,10839.0,10847.0,10690.0,10739.0,10791.0,10964.0,255.0,3003397.0,32409834500.0,unadjusted,TSETMC
2025-09-20,1404/06/29,1404,6,29,real_estate_funds,کلید,صندوق س خانه آگاه-املاک,45292762906823004,بازار بورس,10080.0,10110.0,10080.0,10080.0,10080.0,10390.0,387.0,8198985.0,82649005720.0,unadjusted,TSETMC
2025-09-21,1404/06/30,1404,6,30,real_estate_funds,ارزش مسکن,ص.س.املاک ومستغلات ارزش مسکن,71945594172117613,بازار فرابورس,19579.0,20760.0,19579.0,20531.0,20221.0,20184.0,6528.0,47603232.0,962585914345.0,unadjusted,TSETMC
2025-09-21,1404/06/30,1404,6,30,real_estate_funds,امین شهر,ص.س. املاک و مستغلات امین شهر,70814244102598215,بازار فرابورس,15211.0,15321.0,15211.0,15245.0,15270.0,15211.0,67.0,455331.0,6953113466.0,unadjusted,TSETMC
2025-09-21,1404/06/30,1404,6,30,real_estate_funds,دانیک,ص.س.املاک ومستغلات نیک رای,67717913151786055,بازار فرابورس,10150.0,10303.0,10090.0,10303.0,10229.0,10003.0,884.0,15245878.0,155947514332.0,unadjusted,TSETMC
2025-09-21,1404/06/30,1404,6,30,real_estate_funds,مالک آتیه,ص.س.املاک و مستغلات مالک آتیه,37118058361762279,بازار فرابورس,10694.0,11090.0,10694.0,11033.0,10954.0,10791.0,615.0,7863777.0,86142774459.0,unadjusted,TSETMC
2025-09-21,1404/06/30,1404,6,30,real_estate_funds,کلید,صندوق س خانه آگاه-املاک,45292762906823004,بازار بورس,9870.0,10380.0,9850.0,10290.0,10140.0,10080.0,4899.0,150319798.0,1524707780860.0,unadjusted,TSETMC
2025-09-22,1404/06/31,1404,6,31,real_estate_funds,ارزش مسکن,ص.س.املاک ومستغلات ارزش مسکن,71945594172117613,بازار فرابورس,20630.0,20788.0,20456.0,20616.0,20595.0,20221.0,4960.0,35215341.0,725261781689.0,unadjusted,TSETMC
2025-09-22,1404/06/31,1404,6,31,real_estate_funds,امین شهر,ص.س. املاک و مستغلات امین شهر,70814244102598215,بازار فرابورس,15241.0,15270.0,15240.0,15248.0,15241.0,15270.0,98.0,3836461.0,58470263835.0,unadjusted,TSETMC
2025-09-22,1404/06/31,1404,6,31,real_estate_funds,دانیک,ص.س.املاک ومستغلات نیک رای,67717913151786055,بازار فرابورس,10369.0,10535.0,10369.0,10470.0,10450.0,10229.0,1672.0,22038572.0,230312198576.0,unadjusted,TSETMC
2025-09-22,1404/06/31,1404,6,31,real_estate_funds,مالک آتیه,ص.س.املاک و مستغلات مالک آتیه,37118058361762279,بازار فرابورس,11096.0,11211.0,11000.0,11044.0,11094.0,10954.0,818.0,10762145.0,119399061543.0,unadjusted,TSETMC
2025-09-22,1404/06/31,1404,6,31,real_estate_funds,کلید,صندوق س خانه آگاه-املاک,45292762906823004,بازار بورس,10340.0,10420.0,10300.0,10360.0,10360.0,10140.0,4111.0,134383234.0,1392686420260.0,unadjusted,TSETMC
2025-09-23,1404/07/01,1404,7,1,real_estate_funds,ارزش مسکن,ص.س.املاک ومستغلات ارزش مسکن,71945594172117613,بازار فرابورس,20620.0,20749.0,20022.0,20071.0,20350.0,20595.0,4735.0,26419130.0,537616487446.0,unadjusted,TSETMC
2025-09-23,1404/07/01,1404,7,1,real_estate_funds,امین شهر,ص.س. املاک و مستغلات امین شهر,70814244102598215,بازار فرابورس,15242.0,15268.0,15241.0,15242.0,15249.0,15241.0,35.0,663398.0,10115960714.0,unadjusted,TSETMC
2025-09-23,1404/07/01,1404,7,1,real_estate_funds,دانیک,ص.س.املاک ومستغلات نیک رای,67717913151786055,بازار فرابورس,10450.0,10500.0,10281.0,10291.0,10378.0,10450.0,1347.0,10384777.0,107772119562.0,unadjusted,TSETMC
2025-09-23,1404/07/01,1404,7,1,real_estate_funds,مالک آتیه,ص.س.املاک و مستغلات مالک آتیه,37118058361762279,بازار فرابورس,11012.0,11080.0,10915.0,10921.0,10984.0,11094.0,398.0,4966500.0,54551725728.0,unadjusted,TSETMC
2025-09-23,1404/07/01,1404,7,1,real_estate_funds,کلید,صندوق س خانه آگاه-املاک,45292762906823004,بازار بورس,10330.0,10430.0,10150.0,10160.0,10280.0,10360.0,5340.0,134182735.0,1379990151410.0,unadjusted,TSETMC
2025-09-24,1404/07/02,1404,7,2,real_estate_funds,ارزش مسکن,ص.س.املاک ومستغلات ارزش مسکن,71945594172117613,بازار فرابورس,20000.0,20439.0,19740.0,19987.0,20088.0,20350.0,6152.0,47132772.0,946794085505.0,unadjusted,TSETMC
2025-09-24,1404/07/02,1404,7,2,real_estate_funds,امین شهر,ص.س. املاک و مستغلات امین شهر,70814244102598215,بازار فرابورس,15249.0,15268.0,15249.0,15267.0,15257.0,15249.0,75.0,1347227.0,20554980268.0,unadjusted,TSETMC
2025-09-24,1404/07/02,1404,7,2,real_estate_funds,دانیک,ص.س.املاک ومستغلات نیک رای,67717913151786055,بازار فرابورس,10250.0,10597.0,10153.0,10395.0,10423.0,10378.0,1117.0,11576510.0,120658951046.0,unadjusted,TSETMC
2025-09-24,1404/07/02,1404,7,2,real_estate_funds,مالک آتیه,ص.س.املاک و مستغلات مالک آتیه,37118058361762279,بازار فرابورس,10980.0,11096.0,10881.0,11000.0,11015.0,10984.0,364.0,3249831.0,35797029480.0,unadjusted,TSETMC
2025-09-24,1404/07/02,1404,7,2,real_estate_funds,کلید,صندوق س خانه آگاه-املاک,45292762906823004,بازار بورس,10120.0,10410.0,10060.0,10250.0,10250.0,10280.0,5775.0,141839005.0,1453243832600.0,unadjusted,TSETMC
2025-09-27,1404/07/05,1404,7,5,real_estate_funds,ارزش مسکن,ص.س.املاک ومستغلات ارزش مسکن,71945594172117613,بازار فرابورس,20100.0,20690.0,20100.0,20690.0,20596.0,20088.0,1711.0,19930161.0,410473680182.0,unadjusted,TSETMC
2025-09-27,1404/07/05,1404,7,5,real_estate_funds,امین شهر,ص.س. املاک و مستغلات امین شهر,70814244102598215,بازار فرابورس,15257.0,15489.0,15257.0,15286.0,15316.0,15257.0,590.0,17267150.0,264466947186.0,unadjusted,TSETMC
2025-09-27,1404/07/05,1404,7,5,real_estate_funds,دانیک,ص.س.املاک ومستغلات نیک رای,67717913151786055,بازار فرابورس,10450.0,10735.0,10449.0,10735.0,10691.0,10423.0,498.0,10212843.0,109181706676.0,unadjusted,TSETMC
2025-09-27,1404/07/05,1404,7,5,real_estate_funds,مالک آتیه,ص.س.املاک و مستغلات مالک آتیه,37118058361762279,بازار فرابورس,11149.0,11345.0,11015.0,11345.0,11322.0,11015.0,468.0,11838988.0,134045310793.0,unadjusted,TSETMC
2025-09-27,1404/07/05,1404,7,5,real_estate_funds,کلید,صندوق س خانه آگاه-املاک,45292762906823004,بازار بورس,10320.0,10550.0,10290.0,10550.0,10500.0,10250.0,1799.0,70332753.0,738578176090.0,unadjusted,TSETMC
2025-09-28,1404/07/06,1404,7,6,real_estate_funds,ارزش مسکن,ص.س.املاک ومستغلات ارزش مسکن,71945594172117613,بازار فرابورس,21213.0,21213.0,21028.0,21213.0,21213.0,20596.0,246.0,3864427.0,81974253631.0,unadjusted,TSETMC
2025-09-28,1404/07/06,1404,7,6,real_estate_funds,امین شهر,ص.س. املاک و مستغلات امین شهر,70814244102598215,بازار فرابورس,15339.0,15395.0,15310.0,15316.0,15324.0,15316.0,469.0,10122577.0,155115246795.0,unadjusted,TSETMC
2025-09-28,1404/07/06,1404,7,6,real_estate_funds,دانیک,ص.س.املاک ومستغلات نیک رای,67717913151786055,بازار فرابورس,10999.0,11011.0,10951.0,11011.0,11001.0,10691.0,254.0,4565744.0,50227178967.0,unadjusted,TSETMC
2025-09-28,1404/07/06,1404,7,6,real_estate_funds,مالک آتیه,ص.س.املاک و مستغلات مالک آتیه,37118058361762279,بازار فرابورس,11595.0,11661.0,11522.0,11661.0,11639.0,11322.0,797.0,12527884.0,145814124123.0,unadjusted,TSETMC
2025-09-28,1404/07/06,1404,7,6,real_estate_funds,کلید,صندوق س خانه آگاه-املاک,45292762906823004,بازار بورس,10810.0,10810.0,10810.0,10810.0,10810.0,10500.0,333.0,10140260.0,109616210600.0,unadjusted,TSETMC
2025-09-29,1404/07/07,1404,7,7,real_estate_funds,ارزش مسکن,ص.س.املاک ومستغلات ارزش مسکن,71945594172117613,بازار فرابورس,21849.0,21849.0,21070.0,21286.0,21563.0,21213.0,5355.0,32743013.0,706053203955.0,unadjusted,TSETMC
2025-09-29,1404/07/07,1404,7,7,real_estate_funds,امین شهر,ص.س. املاک و مستغلات امین شهر,70814244102598215,بازار فرابورس,15322.0,15330.0,15322.0,15323.0,15322.0,15324.0,190.0,11378863.0,174351161376.0,unadjusted,TSETMC
2025-09-29,1404/07/07,1404,7,7,real_estate_funds,دانیک,ص.س.املاک ومستغلات نیک رای,67717913151786055,بازار فرابورس,11240.0,11268.0,10800.0,10879.0,11051.0,11001.0,2944.0,35504926.0,392348923364.0,unadjusted,TSETMC
2025-09-29,1404/07/07,1404,7,7,real_estate_funds,مالک آتیه,ص.س.املاک و مستغلات مالک آتیه,37118058361762279,بازار فرابورس,11811.0,11890.0,11290.0,11300.0,11531.0,11639.0,2316.0,28318593.0,326542053644.0,unadjusted,TSETMC
2025-09-29,1404/07/07,1404,7,7,real_estate_funds,کلید,صندوق س خانه آگاه-املاک,45292762906823004,بازار بورس,11040.0,11090.0,10730.0,10780.0,10940.0,10810.0,7895.0,207869409.0,2273623042340.0,unadjusted,TSETMC
2025-09-30,1404/07/08,1404,7,8,real_estate_funds,ارزش مسکن,ص.س.املاک ومستغلات ارزش مسکن,71945594172117613,بازار فرابورس,21399.0,21544.0,20917.0,20917.0,21121.0,21563.0,4785.0,39641060.0,837266692166.0,unadjusted,TSETMC
2025-09-30,1404/07/08,1404,7,8,real_estate_funds,امین شهر,ص.س. املاک و مستغلات امین شهر,70814244102598215,بازار فرابورس,15322.0,15338.0,15322.0,15322.0,15328.0,15322.0,62.0,4339251.0,66512080428.0,unadjusted,TSETMC
2025-09-30,1404/07/08,1404,7,8,real_estate_funds,دانیک,ص.س.املاک ومستغلات نیک رای,67717913151786055,بازار فرابورس,10851.0,10996.0,10720.0,10720.0,10766.0,11051.0,1590.0,24796104.0,266943497576.0,unadjusted,TSETMC
2025-09-30,1404/07/08,1404,7,8,real_estate_funds,مالک آتیه,ص.س.املاک و مستغلات مالک آتیه,37118058361762279,بازار فرابورس,11270.0,11354.0,11186.0,11186.0,11228.0,11531.0,715.0,9461498.0,106229765141.0,unadjusted,TSETMC
2025-09-30,1404/07/08,1404,7,8,real_estate_funds,کلید,صندوق س خانه آگاه-املاک,45292762906823004,بازار بورس,10750.0,10930.0,10620.0,10620.0,10740.0,10940.0,5682.0,181864124.0,1952638532350.0,unadjusted,TSETMC
2025-10-01,1404/07/09,1404,7,9,real_estate_funds,ارزش مسکن,ص.س.املاک ومستغلات ارزش مسکن,71945594172117613,بازار فرابورس,20549.0,21121.0,20488.0,20609.0,20733.0,21121.0,5300.0,38527482.0,798808156586.0,unadjusted,TSETMC
2025-10-01,1404/07/09,1404,7,9,real_estate_funds,امین شهر,ص.س. املاک و مستغلات امین شهر,70814244102598215,بازار فرابورس,15328.0,15345.0,15327.0,15334.0,15340.0,15328.0,88.0,9670663.0,148350316621.0,unadjusted,TSETMC
2025-10-01,1404/07/09,1404,7,9,real_estate_funds,دانیک,ص.س.املاک ومستغلات نیک رای,67717913151786055,بازار فرابورس,10560.0,10706.0,10444.0,10445.0,10486.0,10766.0,2772.0,34742561.0,364325580709.0,unadjusted,TSETMC
2025-10-01,1404/07/09,1404,7,9,real_estate_funds,مالک آتیه,ص.س.املاک و مستغلات مالک آتیه,37118058361762279,بازار فرابورس,11200.0,11200.0,10892.0,10921.0,10980.0,11228.0,549.0,6226140.0,68362437026.0,unadjusted,TSETMC
2025-10-01,1404/07/09,1404,7,9,real_estate_funds,کلید,صندوق س خانه آگاه-املاک,45292762906823004,بازار بورس,10540.0,10760.0,10460.0,10650.0,10640.0,10740.0,5157.0,162705104.0,1731839740450.0,unadjusted,TSETMC
2025-10-04,1404/07/12,1404,7,12,real_estate_funds,ارزش مسکن,ص.س.املاک ومستغلات ارزش مسکن,71945594172117613,بازار فرابورس,21200.0,21354.0,21200.0,21354.0,21329.0,20733.0,1051.0,14713968.0,313830690480.0,unadjusted,TSETMC
2025-10-04,1404/07/12,1404,7,12,real_estate_funds,امین شهر,ص.س. املاک و مستغلات امین شهر,70814244102598215,بازار فرابورس,15340.0,15480.0,15340.0,15380.0,15399.0,15340.0,186.0,2120505.0,32653588755.0,unadjusted,TSETMC
2025-10-04,1404/07/12,1404,7,12,real_estate_funds,دانیک,ص.س.املاک ومستغلات نیک رای,67717913151786055,بازار فرابورس,10700.0,10800.0,10700.0,10800.0,10781.0,10486.0,991.0,20748718.0,223685770152.0,unadjusted,TSETMC
2025-10-04,1404/07/12,1404,7,12,real_estate_funds,مالک آتیه,ص.س.املاک و مستغلات مالک آتیه,37118058361762279,بازار فرابورس,11200.0,11309.0,11200.0,11309.0,11297.0,10980.0,551.0,10221405.0,115467142878.0,unadjusted,TSETMC
2025-10-04,1404/07/12,1404,7,12,real_estate_funds,کلید,صندوق س خانه آگاه-املاک,45292762906823004,بازار بورس,10900.0,10950.0,10900.0,10950.0,10950.0,10640.0,898.0,47770665.0,522900184780.0,unadjusted,TSETMC
2025-10-05,1404/07/13,1404,7,13,real_estate_funds,ارزش مسکن,ص.س.املاک ومستغلات ارزش مسکن,71945594172117613,بازار فرابورس,21496.0,21968.0,21261.0,21379.0,21493.0,21329.0,6144.0,48121724.0,1034263985446.0,unadjusted,TSETMC
2025-10-05,1404/07/13,1404,7,13,real_estate_funds,امین شهر,ص.س. املاک و مستغلات امین شهر,70814244102598215,بازار فرابورس,15392.0,15430.0,15392.0,15422.0,15396.0,15399.0,97.0,1577519.0,24287844754.0,unadjusted,TSETMC
2025-10-05,1404/07/13,1404,7,13,real_estate_funds,دانیک,ص.س.املاک ومستغلات نیک رای,67717913151786055,بازار فرابورس,10830.0,10950.0,10611.0,10680.0,10755.0,10781.0,3003.0,45263406.0,486808022195.0,unadjusted,TSETMC
2025-10-05,1404/07/13,1404,7,13,real_estate_funds,مالک آتیه,ص.س.املاک و مستغلات مالک آتیه,37118058361762279,بازار فرابورس,11309.0,11396.0,11020.0,11067.0,11132.0,11297.0,1343.0,20520705.0,228439543275.0,unadjusted,TSETMC
2025-10-05,1404/07/13,1404,7,13,real_estate_funds,کلید,صندوق س خانه آگاه-املاک,45292762906823004,بازار بورس,11130.0,11160.0,10890.0,11000.0,11030.0,10950.0,9281.0,324678490.0,3580473527300.0,unadjusted,TSETMC
2025-10-06,1404/07/14,1404,7,14,real_estate_funds,ارزش مسکن,ص.س.املاک ومستغلات ارزش مسکن,71945594172117613,بازار فرابورس,21460.0,21840.0,21065.0,21218.0,21467.0,21493.0,5577.0,42195862.0,905819509969.0,unadjusted,TSETMC
2025-10-06,1404/07/14,1404,7,14,real_estate_funds,امین شهر,ص.س. املاک و مستغلات امین شهر,70814244102598215,بازار فرابورس,15433.0,15480.0,15397.0,15480.0,15406.0,15396.0,89.0,4480278.0,69024655266.0,unadjusted,TSETMC
2025-10-06,1404/07/14,1404,7,14,real_estate_funds,دانیک,ص.س.املاک ومستغلات نیک رای,67717913151786055,بازار فرابورس,10670.0,10920.0,10500.0,10689.0,10704.0,10755.0,2867.0,35098437.0,375680982757.0,unadjusted,TSETMC
2025-10-06,1404/07/14,1404,7,14,real_estate_funds,مالک آتیه,ص.س.املاک و مستغلات مالک آتیه,37118058361762279,بازار فرابورس,11002.0,11300.0,10840.0,10954.0,11058.0,11132.0,999.0,10975963.0,121369393828.0,unadjusted,TSETMC
2025-10-06,1404/07/14,1404,7,14,real_estate_funds,کلید,صندوق س خانه آگاه-املاک,45292762906823004,بازار بورس,10950.0,11200.0,10770.0,10810.0,10970.0,11030.0,10171.0,370609057.0,4063771542320.0,unadjusted,TSETMC
2025-10-07,1404/07/15,1404,7,15,real_estate_funds,ارزش مسکن,ص.س.املاک ومستغلات ارزش مسکن,71945594172117613,بازار فرابورس,21100.0,21950.0,21076.0,21688.0,21667.0,21467.0,5880.0,44535808.0,964979602686.0,unadjusted,TSETMC
2025-10-07,1404/07/15,1404,7,15,real_estate_funds,امین شهر,ص.س. املاک و مستغلات امین شهر,70814244102598215,بازار فرابورس,15446.0,15456.0,15406.0,15450.0,15433.0,15406.0,50.0,451081.0,6961588961.0,unadjusted,TSETMC
2025-10-07,1404/07/15,1404,7,15,real_estate_funds,دانیک,ص.س.املاک ومستغلات نیک رای,67717913151786055,بازار فرابورس,10607.0,10925.0,10607.0,10715.0,10761.0,10704.0,3101.0,48341308.0,520192601676.0,unadjusted,TSETMC
2025-10-07,1404/07/15,1404,7,15,real_estate_funds,مالک آتیه,ص.س.املاک و مستغلات مالک آتیه,37118058361762279,بازار فرابورس,10901.0,11210.0,10901.0,11045.0,11085.0,11058.0,901.0,9387516.0,104058202033.0,unadjusted,TSETMC
2025-10-07,1404/07/15,1404,7,15,real_estate_funds,کلید,صندوق س خانه آگاه-املاک,45292762906823004,بازار بورس,10790.0,11210.0,10780.0,11020.0,11050.0,10970.0,11111.0,320171955.0,3537873632450.0,unadjusted,TSETMC
2025-10-08,1404/07/16,1404,7,16,real_estate_funds,ارزش مسکن,ص.س.املاک ومستغلات ارزش مسکن,71945594172117613,بازار فرابورس,21790.0,21790.0,21182.0,21240.0,21442.0,21667.0,4150.0,26043017.0,558409319496.0,unadjusted,TSETMC
2025-10-08,1404/07/16,1404,7,16,real_estate_funds,امین شهر,ص.س. املاک و مستغلات امین شهر,70814244102598215,بازار فرابورس,15429.0,15458.0,15428.0,15436.0,15429.0,15433.0,62.0,3024826.0,46669051718.0,unadjusted,TSETMC
2025-10-08,1404/07/16,1404,7,16,real_estate_funds,دانیک,ص.س.املاک ومستغلات نیک رای,67717913151786055,بازار فرابورس,10682.0,10769.0,10466.0,10489.0,10560.0,10761.0,2475.0,32289935.0,340971078575.0,unadjusted,TSETMC
2025-10-08,1404/07/16,1404,7,16,real_estate_funds,مالک آتیه,ص.س.املاک و مستغلات مالک آتیه,37118058361762279,بازار فرابورس,11100.0,11100.0,10951.0,11023.0,11018.0,11085.0,505.0,2906892.0,32027639144.0,unadjusted,TSETMC
2025-10-11,1404/07/19,1404,7,19,real_estate_funds,ارزش مسکن,ص.س.املاک ومستغلات ارزش مسکن,71945594172117613,بازار فرابورس,21350.0,21900.0,21208.0,21771.0,21707.0,21442.0,6892.0,54029172.0,1172801045988.0,unadjusted,TSETMC
2025-10-11,1404/07/19,1404,7,19,real_estate_funds,امین شهر,ص.س. املاک و مستغلات امین شهر,70814244102598215,بازار فرابورس,15493.0,15493.0,15429.0,15459.0,15439.0,15429.0,91.0,1121736.0,17318410392.0,unadjusted,TSETMC
2025-10-11,1404/07/19,1404,7,19,real_estate_funds,دانیک,ص.س.املاک ومستغلات نیک رای,67717913151786055,بازار فرابورس,10512.0,10789.0,10494.0,10690.0,10660.0,10560.0,3586.0,54231912.0,578117997445.0,unadjusted,TSETMC
2025-10-11,1404/07/19,1404,7,19,real_estate_funds,مالک آتیه,ص.س.املاک و مستغلات مالک آتیه,37118058361762279,بازار فرابورس,11095.0,11149.0,10951.0,11102.0,11096.0,11018.0,720.0,8203734.0,91029431711.0,unadjusted,TSETMC
2025-10-11,1404/07/19,1404,7,19,real_estate_funds,کلید,صندوق س خانه آگاه-املاک,45292762906823004,بازار بورس,10220.0,10490.0,10220.0,10430.0,10380.0,10140.0,5094.0,175541580.0,1821547867470.0,unadjusted,TSETMC
2025-10-12,1404/07/20,1404,7,20,real_estate_funds,ارزش مسکن,ص.س.املاک ومستغلات ارزش مسکن,71945594172117613,بازار فرابورس,21800.0,22358.0,21780.0,22358.0,22171.0,21707.0,4757.0,42015127.0,931505302361.0,unadjusted,TSETMC
2025-10-12,1404/07/20,1404,7,20,real_estate_funds,امین شهر,ص.س. املاک و مستغلات امین شهر,70814244102598215,بازار فرابورس,15440.0,15874.0,15440.0,15534.0,15543.0,15439.0,349.0,3754204.0,58351231161.0,unadjusted,TSETMC
2025-10-12,1404/07/20,1404,7,20,real_estate_funds,دانیک,ص.س.املاک ومستغلات نیک رای,67717913151786055,بازار فرابورس,10700.0,10979.0,10695.0,10979.0,10909.0,10660.0,2533.0,54939377.0,599311023752.0,unadjusted,TSETMC
2025-10-12,1404/07/20,1404,7,20,real_estate_funds,مالک آتیه,ص.س.املاک و مستغلات مالک آتیه,37118058361762279,بازار فرابورس,11150.0,11424.0,11051.0,11419.0,11329.0,11096.0,1186.0,14779000.0,167434037438.0,unadjusted,TSETMC
2025-10-12,1404/07/20,1404,7,20,real_estate_funds,کلید,صندوق س خانه آگاه-املاک,45292762906823004,بازار بورس,10460.0,10690.0,10450.0,10690.0,10620.0,10380.0,4059.0,164692381.0,1749139456850.0,unadjusted,TSETMC
2025-10-13,1404/07/21,1404,7,21,real_estate_funds,ارزش مسکن,ص.س.املاک ومستغلات ارزش مسکن,71945594172117613,بازار فرابورس,22366.0,22498.0,21850.0,22064.0,22161.0,22171.0,7428.0,61269795.0,1357817272455.0,unadjusted,TSETMC
2025-10-13,1404/07/21,1404,7,21,real_estate_funds,امین شهر,ص.س. املاک و مستغلات امین شهر,70814244102598215,بازار فرابورس,15489.0,15532.0,15487.0,15532.0,15488.0,15543.0,134.0,5885552.0,91158276898.0,unadjusted,TSETMC
2025-10-13,1404/07/21,1404,7,21,real_estate_funds,دانیک,ص.س.املاک ومستغلات نیک رای,67717913151786055,بازار فرابورس,10982.0,11025.0,10700.0,10787.0,10850.0,10909.0,3630.0,48528961.0,526537427901.0,unadjusted,TSETMC
2025-10-13,1404/07/21,1404,7,21,real_estate_funds,مالک آتیه,ص.س.املاک و مستغلات مالک آتیه,37118058361762279,بازار فرابورس,11360.0,11410.0,11120.0,11204.0,11263.0,11329.0,783.0,7601560.0,85616942781.0,unadjusted,TSETMC
2025-10-13,1404/07/21,1404,7,21,real_estate_funds,کلید,صندوق س خانه آگاه-املاک,45292762906823004,بازار بورس,10690.0,10790.0,10510.0,10520.0,10630.0,10620.0,7972.0,283077618.0,3008078937970.0,unadjusted,TSETMC
2025-10-14,1404/07/22,1404,7,22,real_estate_funds,ارزش مسکن,ص.س.املاک ومستغلات ارزش مسکن,71945594172117613,بازار فرابورس,22136.0,22195.0,21497.0,21497.0,21762.0,22161.0,4610.0,30460188.0,662885071592.0,unadjusted,TSETMC
2025-10-14,1404/07/22,1404,7,22,real_estate_funds,امین شهر,ص.س. املاک و مستغلات امین شهر,70814244102598215,بازار فرابورس,15489.0,15539.0,15488.0,15490.0,15495.0,15488.0,59.0,1832443.0,28393622908.0,unadjusted,TSETMC
2025-10-14,1404/07/22,1404,7,22,real_estate_funds,دانیک,ص.س.املاک ومستغلات نیک رای,67717913151786055,بازار فرابورس,10810.0,10860.0,10575.0,10622.0,10704.0,10850.0,2204.0,19760250.0,211514483729.0,unadjusted,TSETMC
2025-10-14,1404/07/22,1404,7,22,real_estate_funds,مالک آتیه,ص.س.املاک و مستغلات مالک آتیه,37118058361762279,بازار فرابورس,11250.0,11280.0,11100.0,11120.0,11191.0,11263.0,442.0,3196666.0,35774103149.0,unadjusted,TSETMC
2025-10-14,1404/07/22,1404,7,22,real_estate_funds,کلید,صندوق س خانه آگاه-املاک,45292762906823004,بازار بورس,10530.0,10670.0,10370.0,10390.0,10560.0,10630.0,5198.0,137689422.0,1453745430040.0,unadjusted,TSETMC
2025-10-15,1404/07/23,1404,7,23,real_estate_funds,ارزش مسکن,ص.س.املاک ومستغلات ارزش مسکن,71945594172117613,بازار فرابورس,21599.0,22101.0,21267.0,21987.0,21797.0,21762.0,5626.0,42812751.0,933196806158.0,unadjusted,TSETMC
2025-10-15,1404/07/23,1404,7,23,real_estate_funds,امین شهر,ص.س. املاک و مستغلات امین شهر,70814244102598215,بازار فرابورس,15496.0,15540.0,15495.0,15503.0,15499.0,15495.0,68.0,534140.0,8278891233.0,unadjusted,TSETMC
2025-10-15,1404/07/23,1404,7,23,real_estate_funds,دانیک,ص.س.املاک ومستغلات نیک رای,67717913151786055,بازار فرابورس,10580.0,10870.0,10580.0,10789.0,10747.0,10704.0,2274.0,36657379.0,393942092067.0,unadjusted,TSETMC
2025-10-15,1404/07/23,1404,7,23,real_estate_funds,مالک آتیه,ص.س.املاک و مستغلات مالک آتیه,37118058361762279,بازار فرابورس,11350.0,11395.0,11111.0,11337.0,11325.0,11191.0,640.0,3524529.0,39913970101.0,unadjusted,TSETMC
2025-10-15,1404/07/23,1404,7,23,real_estate_funds,کلید,صندوق س خانه آگاه-املاک,45292762906823004,بازار بورس,10420.0,10810.0,10410.0,10750.0,10630.0,10560.0,6986.0,239767422.0,2549493658920.0,unadjusted,TSETMC
2025-10-18,1404/07/26,1404,7,26,real_estate_funds,ارزش مسکن,ص.س.املاک ومستغلات ارزش مسکن,71945594172117613,بازار فرابورس,22090.0,22450.0,22080.0,22450.0,22318.0,21797.0,3956.0,33891736.0,756393250655.0,unadjusted,TSETMC
2025-10-18,1404/07/26,1404,7,26,real_estate_funds,امین شهر,ص.س. املاک و مستغلات امین شهر,70814244102598215,بازار فرابورس,15499.0,15640.0,15499.0,15572.0,15557.0,15499.0,333.0,6250470.0,97239549557.0,unadjusted,TSETMC
2025-10-18,1404/07/26,1404,7,26,real_estate_funds,دانیک,ص.س.املاک ومستغلات نیک رای,67717913151786055,بازار فرابورس,10830.0,11069.0,10830.0,11069.0,10991.0,10747.0,3530.0,50575696.0,555864414783.0,unadjusted,TSETMC
2025-10-18,1404/07/26,1404,7,26,real_estate_funds,مالک آتیه,ص.س.املاک و مستغلات مالک آتیه,37118058361762279,بازار فرابورس,11393.0,11664.0,11341.0,11664.0,11582.0,11325.0,1461.0,21668034.0,250964041521.0,unadjusted,TSETMC
2025-10-18,1404/07/26,1404,7,26,real_estate_funds,کلید,صندوق س خانه آگاه-املاک,45292762906823004,بازار بورس,10790.0,10940.0,10750.0,10940.0,10890.0,10630.0,3788.0,156236241.0,1702096930190.0,unadjusted,TSETMC
2025-10-19,1404/07/27,1404,7,27,real_estate_funds,ارزش مسکن,ص.س.املاک ومستغلات ارزش مسکن,71945594172117613,بازار فرابورس,22511.0,22650.0,21989.0,21998.0,22304.0,22318.0,6696.0,50343109.0,1122835570529.0,unadjusted,TSETMC
2025-10-19,1404/07/27,1404,7,27,real_estate_funds,امین شهر,ص.س. املاک و مستغلات امین شهر,70814244102598215,بازار فرابورس,15557.0,15588.0,15557.0,15588.0,15559.0,15557.0,104.0,5520321.0,85888630453.0,unadjusted,TSETMC
2025-10-19,1404/07/27,1404,7,27,real_estate_funds,دانیک,ص.س.املاک ومستغلات نیک رای,67717913151786055,بازار فرابورس,11136.0,11139.0,10740.0,10746.0,10906.0,10991.0,4103.0,47658302.0,519742859372.0,unadjusted,TSETMC
2025-10-19,1404/07/27,1404,7,27,real_estate_funds,مالک آتیه,ص.س.املاک و مستغلات مالک آتیه,37118058361762279,بازار فرابورس,11668.0,11668.0,11300.0,11304.0,11437.0,11582.0,1874.0,11988991.0,137114426761.0,unadjusted,TSETMC
2025-10-19,1404/07/27,1404,7,27,real_estate_funds,کلید,صندوق س خانه آگاه-املاک,45292762906823004,بازار بورس,11040.0,11040.0,10730.0,10740.0,10900.0,10890.0,7825.0,286570965.0,3124839421440.0,unadjusted,TSETMC
2025-10-20,1404/07/28,1404,7,28,real_estate_funds,ارزش مسکن,ص.س.املاک ومستغلات ارزش مسکن,71945594172117613,بازار فرابورس,22099.0,22170.0,21635.0,21652.0,21852.0,22304.0,4353.0,22400776.0,489500050859.0,unadjusted,TSETMC
2025-10-20,1404/07/28,1404,7,28,real_estate_funds,امین شهر,ص.س. املاک و مستغلات امین شهر,70814244102598215,بازار فرابورس,15560.0,15598.0,15559.0,15570.0,15570.0,15559.0,62.0,1825615.0,28423966054.0,unadjusted,TSETMC
2025-10-20,1404/07/28,1404,7,28,real_estate_funds,دانیک,ص.س.املاک ومستغلات نیک رای,67717913151786055,بازار فرابورس,10732.0,10878.0,10720.0,10768.0,10806.0,10906.0,1639.0,15421343.0,166649171613.0,unadjusted,TSETMC
2025-10-20,1404/07/28,1404,7,28,real_estate_funds,مالک آتیه,ص.س.املاک و مستغلات مالک آتیه,37118058361762279,بازار فرابورس,11350.0,11350.0,11185.0,11200.0,11247.0,11437.0,692.0,3756874.0,42254771052.0,unadjusted,TSETMC
2025-10-20,1404/07/28,1404,7,28,real_estate_funds,کلید,صندوق س خانه آگاه-املاک,45292762906823004,بازار بورس,10740.0,10870.0,10670.0,10720.0,10770.0,10900.0,4626.0,138452671.0,1490755523140.0,unadjusted,TSETMC
2025-10-21,1404/07/29,1404,7,29,real_estate_funds,ارزش مسکن,ص.س.املاک ومستغلات ارزش مسکن,71945594172117613,بازار فرابورس,21652.0,22139.0,21455.0,22045.0,21898.0,21852.0,4683.0,32333853.0,708033893988.0,unadjusted,TSETMC
2025-10-21,1404/07/29,1404,7,29,real_estate_funds,امین شهر,ص.س. املاک و مستغلات امین شهر,70814244102598215,بازار فرابورس,15600.0,15612.0,15570.0,15577.0,15582.0,15570.0,60.0,8294163.0,129237745786.0,unadjusted,TSETMC
2025-10-21,1404/07/29,1404,7,29,real_estate_funds,دانیک,ص.س.املاک ومستغلات نیک رای,67717913151786055,بازار فرابورس,10753.0,10970.0,10730.0,10937.0,10875.0,10806.0,1798.0,22638083.0,246194845205.0,unadjusted,TSETMC
2025-10-21,1404/07/29,1404,7,29,real_estate_funds,مالک آتیه,ص.س.املاک و مستغلات مالک آتیه,37118058361762279,بازار فرابورس,11246.0,11345.0,11200.0,11299.0,11273.0,11247.0,572.0,2245715.0,25315708207.0,unadjusted,TSETMC
2025-10-21,1404/07/29,1404,7,29,real_estate_funds,کلید,صندوق س خانه آگاه-املاک,45292762906823004,بازار بورس,10700.0,10910.0,10660.0,10900.0,10810.0,10770.0,5826.0,216698197.0,2342619951760.0,unadjusted,TSETMC
2025-10-22,1404/07/30,1404,7,30,real_estate_funds,ارزش مسکن,ص.س.املاک ومستغلات ارزش مسکن,71945594172117613,بازار فرابورس,22101.0,22350.0,21745.0,22180.0,22111.0,21898.0,4956.0,36893085.0,815753871711.0,unadjusted,TSETMC
2025-10-22,1404/07/30,1404,7,30,real_estate_funds,امین شهر,ص.س. املاک و مستغلات امین شهر,70814244102598215,بازار فرابورس,15582.0,15624.0,15582.0,15585.0,15594.0,15582.0,45.0,1595204.0,24875146379.0,unadjusted,TSETMC
2025-10-22,1404/07/30,1404,7,30,real_estate_funds,دانیک,ص.س.املاک ومستغلات نیک رای,67717913151786055,بازار فرابورس,10949.0,11100.0,10781.0,10905.0,10939.0,10875.0,2994.0,38041276.0,416133150764.0,unadjusted,TSETMC
2025-10-22,1404/07/30,1404,7,30,real_estate_funds,مالک آتیه,ص.س.املاک و مستغلات مالک آتیه,37118058361762279,بازار فرابورس,11378.0,11405.0,11236.0,11290.0,11329.0,11273.0,631.0,5898965.0,66831056436.0,unadjusted,TSETMC
2025-10-22,1404/07/30,1404,7,30,real_estate_funds,کلید,صندوق س خانه آگاه-املاک,45292762906823004,بازار بورس,10950.0,11020.0,10760.0,10900.0,10920.0,10810.0,8308.0,351779115.0,3840037738540.0,unadjusted,TSETMC
2025-10-25,1404/08/03,1404,8,3,real_estate_funds,ارزش مسکن,ص.س.املاک ومستغلات ارزش مسکن,71945594172117613,بازار فرابورس,22250.0,22250.0,21726.0,21947.0,21923.0,22111.0,3677.0,19541681.0,428418317213.0,unadjusted,TSETMC
2025-10-25,1404/08/03,1404,8,3,real_estate_funds,امین شهر,ص.س. املاک و مستغلات امین شهر,70814244102598215,بازار فرابورس,15668.0,15670.0,15595.0,15642.0,15641.0,15594.0,73.0,8591156.0,134373820091.0,unadjusted,TSETMC
2025-10-25,1404/08/03,1404,8,3,real_estate_funds,دانیک,ص.س.املاک ومستغلات نیک رای,67717913151786055,بازار فرابورس,10917.0,10944.0,10662.0,10800.0,10775.0,10939.0,2042.0,18774901.0,202301032713.0,unadjusted,TSETMC
2025-10-25,1404/08/03,1404,8,3,real_estate_funds,مالک آتیه,ص.س.املاک و مستغلات مالک آتیه,37118058361762279,بازار فرابورس,11214.0,11299.0,11200.0,11236.0,11213.0,11329.0,357.0,3019585.0,33859454971.0,unadjusted,TSETMC
2025-10-25,1404/08/03,1404,8,3,real_estate_funds,کلید,صندوق س خانه آگاه-املاک,45292762906823004,بازار بورس,10850.0,10890.0,10650.0,10800.0,10770.0,10920.0,7043.0,221545689.0,2385154760890.0,unadjusted,TSETMC
2025-10-26,1404/08/04,1404,8,4,real_estate_funds,ارزش مسکن,ص.س.املاک ومستغلات ارزش مسکن,71945594172117613,بازار فرابورس,22018.0,22120.0,21900.0,21958.0,22011.0,21923.0,3295.0,20710318.0,455859780410.0,unadjusted,TSETMC
2025-10-26,1404/08/04,1404,8,4,real_estate_funds,امین شهر,ص.س. املاک و مستغلات امین شهر,70814244102598215,بازار فرابورس,15642.0,15680.0,15642.0,15676.0,15654.0,15641.0,71.0,14910478.0,233408399596.0,unadjusted,TSETMC
2025-10-26,1404/08/04,1404,8,4,real_estate_funds,دانیک,ص.س.املاک ومستغلات نیک رای,67717913151786055,بازار فرابورس,10799.0,10868.0,10752.0,10788.0,10809.0,10775.0,1354.0,14191971.0,153397822120.0,unadjusted,TSETMC
2025-10-26,1404/08/04,1404,8,4,real_estate_funds,مالک آتیه,ص.س.املاک و مستغلات مالک آتیه,37118058361762279,بازار فرابورس,11299.0,11299.0,11201.0,11238.0,11229.0,11213.0,211.0,1765965.0,19830869638.0,unadjusted,TSETMC
2025-10-26,1404/08/04,1404,8,4,real_estate_funds,کلید,صندوق س خانه آگاه-املاک,45292762906823004,بازار بورس,10820.0,10870.0,10760.0,10790.0,10820.0,10770.0,4649.0,163472840.0,1768161481460.0,unadjusted,TSETMC
2025-10-27,1404/08/05,1404,8,5,real_estate_funds,ارزش مسکن,ص.س.املاک ومستغلات ارزش مسکن,71945594172117613,بازار فرابورس,22020.0,22377.0,21856.0,22180.0,22159.0,22011.0,6228.0,50223608.0,1112908505232.0,unadjusted,TSETMC
2025-10-27,1404/08/05,1404,8,5,real_estate_funds,امین شهر,ص.س. املاک و مستغلات امین شهر,70814244102598215,بازار فرابورس,15695.0,15695.0,15654.0,15657.0,15666.0,15654.0,69.0,594532.0,9313811614.0,unadjusted,TSETMC
2025-10-27,1404/08/05,1404,8,5,real_estate_funds,دانیک,ص.س.املاک ومستغلات نیک رای,67717913151786055,بازار فرابورس,10780.0,10970.0,10761.0,10869.0,10879.0,10809.0,2836.0,40968763.0,445710425502.0,unadjusted,TSETMC
2025-10-27,1404/08/05,1404,8,5,real_estate_funds,مالک آتیه,ص.س.املاک و مستغلات مالک آتیه,37118058361762279,بازار فرابورس,11207.0,11360.0,11207.0,11253.0,11296.0,11229.0,525.0,3645248.0,41175193303.0,unadjusted,TSETMC
2025-10-27,1404/08/05,1404,8,5,real_estate_funds,کلید,صندوق س خانه آگاه-املاک,45292762906823004,بازار بورس,10800.0,11010.0,10780.0,10900.0,10900.0,10820.0,6349.0,239419021.0,2609991497940.0,unadjusted,TSETMC
2025-10-28,1404/08/06,1404,8,6,real_estate_funds,ارزش مسکن,ص.س.املاک ومستغلات ارزش مسکن,71945594172117613,بازار فرابورس,22161.0,22342.0,22012.0,22045.0,22186.0,22159.0,4727.0,35495082.0,787481732994.0,unadjusted,TSETMC
2025-10-28,1404/08/06,1404,8,6,real_estate_funds,امین شهر,ص.س. املاک و مستغلات امین شهر,70814244102598215,بازار فرابورس,15666.0,15690.0,15666.0,15678.0,15677.0,15666.0,54.0,1876614.0,29420562518.0,unadjusted,TSETMC
2025-10-28,1404/08/06,1404,8,6,real_estate_funds,دانیک,ص.س.املاک ومستغلات نیک رای,67717913151786055,بازار فرابورس,10930.0,10976.0,10789.0,10819.0,10854.0,10879.0,2879.0,30129277.0,327036724967.0,unadjusted,TSETMC
2025-10-28,1404/08/06,1404,8,6,real_estate_funds,مالک آتیه,ص.س.املاک و مستغلات مالک آتیه,37118058361762279,بازار فرابورس,11270.0,11330.0,11180.0,11216.0,11250.0,11296.0,520.0,3490953.0,39274354170.0,unadjusted,TSETMC
2025-10-28,1404/08/06,1404,8,6,real_estate_funds,کلید,صندوق س خانه آگاه-املاک,45292762906823004,بازار بورس,10880.0,10980.0,10820.0,10870.0,10900.0,10900.0,5407.0,203567302.0,2219812028780.0,unadjusted,TSETMC
2025-10-29,1404/08/07,1404,8,7,real_estate_funds,ارزش مسکن,ص.س.املاک ومستغلات ارزش مسکن,71945594172117613,بازار فرابورس,22090.0,22090.0,21770.0,21834.0,21891.0,22186.0,3615.0,25556641.0,559470820477.0,unadjusted,TSETMC
2025-10-29,1404/08/07,1404,8,7,real_estate_funds,امین شهر,ص.س. املاک و مستغلات امین شهر,70814244102598215,بازار فرابورس,15690.0,15690.0,15677.0,15690.0,15683.0,15677.0,65.0,1444965.0,22661097723.0,unadjusted,TSETMC
2025-10-29,1404/08/07,1404,8,7,real_estate_funds,دانیک,ص.س.املاک ومستغلات نیک رای,67717913151786055,بازار فرابورس,10787.0,10793.0,10690.0,10716.0,10740.0,10854.0,2177.0,14600997.0,156819700534.0,unadjusted,TSETMC
2025-10-29,1404/08/07,1404,8,7,real_estate_funds,مالک آتیه,ص.س.املاک و مستغلات مالک آتیه,37118058361762279,بازار فرابورس,11211.0,11247.0,11183.0,11216.0,11206.0,11250.0,455.0,2423746.0,27161577003.0,unadjusted,TSETMC
2025-10-29,1404/08/07,1404,8,7,real_estate_funds,کلید,صندوق س خانه آگاه-املاک,45292762906823004,بازار بورس,10860.0,10860.0,10740.0,10790.0,10810.0,10900.0,3886.0,102430721.0,1107085980150.0,unadjusted,TSETMC
2025-11-01,1404/08/10,1404,8,10,real_estate_funds,ارزش مسکن,ص.س.املاک ومستغلات ارزش مسکن,71945594172117613,بازار فرابورس,21900.0,22040.0,21350.0,21548.0,21684.0,21891.0,3734.0,19761721.0,428509352208.0,unadjusted,TSETMC
2025-11-01,1404/08/10,1404,8,10,real_estate_funds,امین شهر,ص.س. املاک و مستغلات امین شهر,70814244102598215,بازار فرابورس,15684.0,15726.0,15683.0,15726.0,15690.0,15683.0,77.0,249490.0,3914574284.0,unadjusted,TSETMC
2025-11-01,1404/08/10,1404,8,10,real_estate_funds,دانیک,ص.س.املاک ومستغلات نیک رای,67717913151786055,بازار فرابورس,10739.0,10830.0,10602.0,10656.0,10693.0,10740.0,2192.0,13820948.0,147791707298.0,unadjusted,TSETMC
2025-11-01,1404/08/10,1404,8,10,real_estate_funds,مالک آتیه,ص.س.املاک و مستغلات مالک آتیه,37118058361762279,بازار فرابورس,11246.0,11296.0,11173.0,11224.0,11199.0,11206.0,199.0,1346574.0,15080322565.0,unadjusted,TSETMC
2025-11-01,1404/08/10,1404,8,10,real_estate_funds,کلید,صندوق س خانه آگاه-املاک,45292762906823004,بازار بورس,10820.0,10880.0,10700.0,10710.0,10790.0,10810.0,3681.0,85926568.0,927445084210.0,unadjusted,TSETMC
2025-11-02,1404/08/11,1404,8,11,real_estate_funds,ارزش مسکن,ص.س.املاک ومستغلات ارزش مسکن,71945594172117613,بازار فرابورس,21499.0,21744.0,21421.0,21728.0,21632.0,21684.0,3453.0,20581099.0,445215630376.0,unadjusted,TSETMC
2025-11-02,1404/08/11,1404,8,11,real_estate_funds,امین شهر,ص.س. املاک و مستغلات امین شهر,70814244102598215,بازار فرابورس,15765.0,15768.0,15690.0,15738.0,15737.0,15690.0,29.0,234011.0,3682668941.0,unadjusted,TSETMC
2025-11-02,1404/08/11,1404,8,11,real_estate_funds,دانیک,ص.س.املاک ومستغلات نیک رای,67717913151786055,بازار فرابورس,10660.0,10719.0,10620.0,10712.0,10679.0,10693.0,1834.0,14534538.0,155207453348.0,unadjusted,TSETMC
2025-11-02,1404/08/11,1404,8,11,real_estate_funds,مالک آتیه,ص.س.املاک و مستغلات مالک آتیه,37118058361762279,بازار فرابورس,11186.0,11248.0,11186.0,11234.0,11220.0,11199.0,116.0,275129.0,3086849979.0,unadjusted,TSETMC
2025-11-02,1404/08/11,1404,8,11,real_estate_funds,کلید,صندوق س خانه آگاه-املاک,45292762906823004,بازار بورس,10730.0,10850.0,10670.0,10810.0,10790.0,10790.0,3108.0,102142383.0,1102227413850.0,unadjusted,TSETMC
2025-11-03,1404/08/12,1404,8,12,real_estate_funds,ارزش مسکن,ص.س.املاک ومستغلات ارزش مسکن,71945594172117613,بازار فرابورس,21740.0,21770.0,21470.0,21488.0,21611.0,21632.0,3293.0,18002846.0,389060896467.0,unadjusted,TSETMC
2025-11-03,1404/08/12,1404,8,12,real_estate_funds,امین شهر,ص.س. املاک و مستغلات امین شهر,70814244102598215,بازار فرابورس,15780.0,15780.0,15737.0,15750.0,15750.0,15737.0,37.0,735865.0,11589748574.0,unadjusted,TSETMC
2025-11-03,1404/08/12,1404,8,12,real_estate_funds,دانیک,ص.س.املاک ومستغلات نیک رای,67717913151786055,بازار فرابورس,10725.0,10725.0,10600.0,10610.0,10653.0,10679.0,2166.0,17271354.0,183983207522.0,unadjusted,TSETMC
2025-11-03,1404/08/12,1404,8,12,real_estate_funds,مالک آتیه,ص.س.املاک و مستغلات مالک آتیه,37118058361762279,بازار فرابورس,11260.0,11260.0,11191.0,11203.0,11212.0,11220.0,306.0,1665818.0,18676462489.0,unadjusted,TSETMC
2025-11-03,1404/08/12,1404,8,12,real_estate_funds,کلید,صندوق س خانه آگاه-املاک,45292762906823004,بازار بورس,10810.0,10840.0,10700.0,10740.0,10790.0,10790.0,3777.0,119219303.0,1286033836050.0,unadjusted,TSETMC
2025-11-04,1404/08/13,1404,8,13,real_estate_funds,ارزش مسکن,ص.س.املاک ومستغلات ارزش مسکن,71945594172117613,بازار فرابورس,21577.0,21577.0,21049.0,21129.0,21289.0,21611.0,2183.0,8605725.0,183210182924.0,unadjusted,TSETMC
2025-11-04,1404/08/13,1404,8,13,real_estate_funds,امین شهر,ص.س. املاک و مستغلات امین شهر,70814244102598215,بازار فرابورس,15750.0,15779.0,15750.0,15763.0,15763.0,15750.0,53.0,2167778.0,34170121758.0,unadjusted,TSETMC
2025-11-04,1404/08/13,1404,8,13,real_estate_funds,دانیک,ص.س.املاک ومستغلات نیک رای,67717913151786055,بازار فرابورس,10598.0,10606.0,10425.0,10441.0,10513.0,10653.0,2514.0,12619432.0,132671602957.0,unadjusted,TSETMC
2025-11-04,1404/08/13,1404,8,13,real_estate_funds,مالک آتیه,ص.س.املاک و مستغلات مالک آتیه,37118058361762279,بازار فرابورس,11132.0,11217.0,11132.0,11164.0,11194.0,11212.0,133.0,1232855.0,13800498328.0,unadjusted,TSETMC
2025-11-04,1404/08/13,1404,8,13,real_estate_funds,کلید,صندوق س خانه آگاه-املاک,45292762906823004,بازار بورس,10720.0,10760.0,10670.0,10680.0,10710.0,10790.0,2066.0,50626283.0,542372124280.0,unadjusted,TSETMC
2025-11-05,1404/08/14,1404,8,14,real_estate_funds,ارزش مسکن,ص.س.املاک ومستغلات ارزش مسکن,71945594172117613,بازار فرابورس,21280.0,21280.0,20855.0,21110.0,21058.0,21289.0,2081.0,9514518.0,200352041148.0,unadjusted,TSETMC
2025-11-05,1404/08/14,1404,8,14,real_estate_funds,امین شهر,ص.س. املاک و مستغلات امین شهر,70814244102598215,بازار فرابورس,15779.0,15810.0,15763.0,15810.0,15774.0,15763.0,78.0,960724.0,15154546680.0,unadjusted,TSETMC
2025-11-05,1404/08/14,1404,8,14,real_estate_funds,دانیک,ص.س.املاک ومستغلات نیک رای,67717913151786055,بازار فرابورس,10476.0,10480.0,10392.0,10459.0,10435.0,10513.0,2371.0,7920396.0,82650634195.0,unadjusted,TSETMC
2025-11-05,1404/08/14,1404,8,14,real_estate_funds,مالک آتیه,ص.س.املاک و مستغلات مالک آتیه,37118058361762279,بازار فرابورس,11114.0,11136.0,11035.0,11117.0,11108.0,11194.0,114.0,375587.0,4172192709.0,unadjusted,TSETMC
2025-11-05,1404/08/14,1404,8,14,real_estate_funds,کلید,صندوق س خانه آگاه-املاک,45292762906823004,بازار بورس,10690.0,10710.0,10640.0,10690.0,10680.0,10710.0,1875.0,64815391.0,692380076090.0,unadjusted,TSETMC
2025-11-08,1404/08/17,1404,8,17,real_estate_funds,ارزش مسکن,ص.س.املاک ومستغلات ارزش مسکن,71945594172117613,بازار فرابورس,21152.0,21162.0,20750.0,20789.0,20930.0,21058.0,1950.0,9553733.0,199957843344.0,unadjusted,TSETMC
2025-11-08,1404/08/17,1404,8,17,real_estate_funds,امین شهر,ص.س. املاک و مستغلات امین شهر,70814244102598215,بازار فرابورس,15775.0,15841.0,15775.0,15811.0,15810.0,15774.0,57.0,4050194.0,64033524607.0,unadjusted,TSETMC
2025-11-08,1404/08/17,1404,8,17,real_estate_funds,دانیک,ص.س.املاک ومستغلات نیک رای,67717913151786055,بازار فرابورس,10451.0,10493.0,10292.0,10332.0,10385.0,10435.0,1842.0,9484948.0,98500705883.0,unadjusted,TSETMC
2025-11-08,1404/08/17,1404,8,17,real_estate_funds,مالک آتیه,ص.س.املاک و مستغلات مالک آتیه,37118058361762279,بازار فرابورس,11215.0,11215.0,11050.0,11077.0,11090.0,11108.0,108.0,750678.0,8325377679.0,unadjusted,TSETMC
2025-11-08,1404/08/17,1404,8,17,real_estate_funds,کلید,صندوق س خانه آگاه-املاک,45292762906823004,بازار بورس,10700.0,10740.0,10560.0,10560.0,10640.0,10680.0,2912.0,61232444.0,651691814490.0,unadjusted,TSETMC
2025-11-09,1404/08/18,1404,8,18,real_estate_funds,ارزش مسکن,ص.س.املاک ومستغلات ارزش مسکن,71945594172117613,بازار فرابورس,20790.0,20848.0,20303.0,20303.0,20377.0,20930.0,1492.0,6533180.0,133128915585.0,unadjusted,TSETMC
2025-11-09,1404/08/18,1404,8,18,real_estate_funds,امین شهر,ص.س. املاک و مستغلات امین شهر,70814244102598215,بازار فرابورس,15825.0,15880.0,15810.0,15823.0,15828.0,15810.0,76.0,992321.0,15706595968.0,unadjusted,TSETMC
2025-11-09,1404/08/18,1404,8,18,real_estate_funds,دانیک,ص.س.املاک ومستغلات نیک رای,67717913151786055,بازار فرابورس,10350.0,10350.0,10090.0,10142.0,10175.0,10385.0,2544.0,10590924.0,107763492388.0,unadjusted,TSETMC
2025-11-09,1404/08/18,1404,8,18,real_estate_funds,مالک آتیه,ص.س.املاک و مستغلات مالک آتیه,37118058361762279,بازار فرابورس,11070.0,11090.0,10950.0,10986.0,11010.0,11090.0,111.0,679206.0,7478385534.0,unadjusted,TSETMC
2025-11-09,1404/08/18,1404,8,18,real_estate_funds,کلید,صندوق س خانه آگاه-املاک,45292762906823004,بازار بورس,10560.0,10570.0,10330.0,10330.0,10380.0,10640.0,2491.0,38576866.0,400499965890.0,unadjusted,TSETMC
2025-11-10,1404/08/19,1404,8,19,real_estate_funds,ارزش مسکن,ص.س.املاک ومستغلات ارزش مسکن,71945594172117613,بازار فرابورس,20300.0,20671.0,20010.0,20514.0,20345.0,20377.0,2937.0,10508814.0,213802387505.0,unadjusted,TSETMC
2025-11-10,1404/08/19,1404,8,19,real_estate_funds,امین شهر,ص.س. املاک و مستغلات امین شهر,70814244102598215,بازار فرابورس,15830.0,15862.0,15830.0,15834.0,15835.0,15828.0,57.0,2056571.0,32566313197.0,unadjusted,TSETMC
2025-11-10,1404/08/19,1404,8,19,real_estate_funds,دانیک,ص.س.املاک ومستغلات نیک رای,67717913151786055,بازار فرابورس,10169.0,10389.0,10142.0,10274.0,10241.0,10175.0,1877.0,11061166.0,113282903757.0,unadjusted,TSETMC
2025-11-10,1404/08/19,1404,8,19,real_estate_funds,مالک آتیه,ص.س.املاک و مستغلات مالک آتیه,37118058361762279,بازار فرابورس,11144.0,11205.0,10986.0,11149.0,11133.0,11010.0,208.0,1189552.0,13243302533.0,unadjusted,TSETMC
2025-11-10,1404/08/19,1404,8,19,real_estate_funds,کلید,صندوق س خانه آگاه-املاک,45292762906823004,بازار بورس,10320.0,10450.0,10260.0,10400.0,10360.0,10380.0,4360.0,113822706.0,1179557034720.0,unadjusted,TSETMC
2025-11-11,1404/08/20,1404,8,20,real_estate_funds,ارزش مسکن,ص.س.املاک ومستغلات ارزش مسکن,71945594172117613,بازار فرابورس,20540.0,20596.0,20251.0,20312.0,20365.0,20345.0,1884.0,8724237.0,177666479959.0,unadjusted,TSETMC
2025-11-11,1404/08/20,1404,8,20,real_estate_funds,امین شهر,ص.س. املاک و مستغلات امین شهر,70814244102598215,بازار فرابورس,15877.0,15877.0,15847.0,15847.0,15851.0,15835.0,93.0,544571.0,8632171432.0,unadjusted,TSETMC
2025-11-11,1404/08/20,1404,8,20,real_estate_funds,دانیک,ص.س.املاک ومستغلات نیک رای,67717913151786055,بازار فرابورس,10277.0,10346.0,10170.0,10197.0,10228.0,10241.0,1532.0,8127869.0,83131666360.0,unadjusted,TSETMC
2025-11-11,1404/08/20,1404,8,20,real_estate_funds,مالک آتیه,ص.س.املاک و مستغلات مالک آتیه,37118058361762279,بازار فرابورس,11160.0,11193.0,11046.0,11077.0,11088.0,11133.0,77.0,661169.0,7331303298.0,unadjusted,TSETMC
2025-11-11,1404/08/20,1404,8,20,real_estate_funds,کلید,صندوق س خانه آگاه-املاک,45292762906823004,بازار بورس,10410.0,10430.0,10240.0,10310.0,10340.0,10360.0,3236.0,63607442.0,657618339810.0,unadjusted,TSETMC
2025-11-12,1404/08/21,1404,8,21,real_estate_funds,ارزش مسکن,ص.س.املاک ومستغلات ارزش مسکن,71945594172117613,بازار فرابورس,20360.0,20520.0,20150.0,20380.0,20377.0,20365.0,2174.0,12833844.0,261509765759.0,unadjusted,TSETMC
2025-11-12,1404/08/21,1404,8,21,real_estate_funds,امین شهر,ص.س. املاک و مستغلات امین شهر,70814244102598215,بازار فرابورس,15851.0,15889.0,15851.0,15860.0,15860.0,15851.0,82.0,1159329.0,18387237810.0,unadjusted,TSETMC
2025-11-12,1404/08/21,1404,8,21,real_estate_funds,دانیک,ص.س.املاک ومستغلات نیک رای,67717913151786055,بازار فرابورس,10281.0,10532.0,10181.0,10317.0,10290.0,10228.0,1751.0,11523051.0,118568736284.0,unadjusted,TSETMC
2025-11-12,1404/08/21,1404,8,21,real_estate_funds,مالک آتیه,ص.س.املاک و مستغلات مالک آتیه,37118058361762279,بازار فرابورس,11006.0,11129.0,10962.0,11059.0,11037.0,11088.0,91.0,604139.0,6667809657.0,unadjusted,TSETMC
2025-11-12,1404/08/21,1404,8,21,real_estate_funds,کلید,صندوق س خانه آگاه-املاک,45292762906823004,بازار بورس,10300.0,10400.0,10280.0,10330.0,10340.0,10340.0,3568.0,80053254.0,827520853500.0,unadjusted,TSETMC
2025-11-15,1404/08/24,1404,8,24,real_estate_funds,ارزش مسکن,ص.س.املاک ومستغلات ارزش مسکن,71945594172117613,بازار فرابورس,20420.0,20500.0,20300.0,20381.0,20403.0,20377.0,2020.0,11179997.0,228106099601.0,unadjusted,TSETMC
2025-11-15,1404/08/24,1404,8,24,real_estate_funds,امین شهر,ص.س. املاک و مستغلات امین شهر,70814244102598215,بازار فرابورس,15861.0,15896.0,15860.0,15863.0,15894.0,15860.0,66.0,4616768.0,73377520662.0,unadjusted,TSETMC
2025-11-15,1404/08/24,1404,8,24,real_estate_funds,دانیک,ص.س.املاک ومستغلات نیک رای,67717913151786055,بازار فرابورس,10328.0,10394.0,10271.0,10284.0,10316.0,10290.0,1061.0,9291497.0,95847395274.0,unadjusted,TSETMC
2025-11-15,1404/08/24,1404,8,24,real_estate_funds,مالک آتیه,ص.س.املاک و مستغلات مالک آتیه,37118058361762279,بازار فرابورس,11099.0,11105.0,11013.0,11040.0,11040.0,11037.0,49.0,113597.0,1254142272.0,unadjusted,TSETMC
2025-11-15,1404/08/24,1404,8,24,real_estate_funds,کلید,صندوق س خانه آگاه-املاک,45292762906823004,بازار بورس,10370.0,10420.0,10340.0,10360.0,10380.0,10340.0,2233.0,59923662.0,622245546690.0,unadjusted,TSETMC
2025-11-16,1404/08/25,1404,8,25,real_estate_funds,ارزش مسکن,ص.س.املاک ومستغلات ارزش مسکن,71945594172117613,بازار فرابورس,20394.0,20849.0,20300.0,20790.0,20624.0,20403.0,2934.0,18870394.0,389182614158.0,unadjusted,TSETMC
2025-11-16,1404/08/25,1404,8,25,real_estate_funds,امین شهر,ص.س. املاک و مستغلات امین شهر,70814244102598215,بازار فرابورس,15894.0,15938.0,15894.0,15908.0,15908.0,15894.0,84.0,686019.0,10913116499.0,unadjusted,TSETMC
2025-11-16,1404/08/25,1404,8,25,real_estate_funds,دانیک,ص.س.املاک ومستغلات نیک رای,67717913151786055,بازار فرابورس,10310.0,10565.0,10253.0,10500.0,10443.0,10316.0,2056.0,21262239.0,222042542156.0,unadjusted,TSETMC
2025-11-16,1404/08/25,1404,8,25,real_estate_funds,مالک آتیه,ص.س.املاک و مستغلات مالک آتیه,37118058361762279,بازار فرابورس,11099.0,11249.0,11006.0,11161.0,11137.0,11040.0,215.0,1066703.0,11880025417.0,unadjusted,TSETMC
2025-11-16,1404/08/25,1404,8,25,real_estate_funds,کلید,صندوق س خانه آگاه-املاک,45292762906823004,بازار بورس,10370.0,10610.0,10340.0,10580.0,10500.0,10380.0,4172.0,144695650.0,1519893815300.0,unadjusted,TSETMC
2025-11-17,1404/08/26,1404,8,26,real_estate_funds,ارزش مسکن,ص.س.املاک ومستغلات ارزش مسکن,71945594172117613,بازار فرابورس,20850.0,20955.0,20401.0,20416.0,20628.0,20624.0,2417.0,11652658.0,240371057250.0,unadjusted,TSETMC
2025-11-17,1404/08/26,1404,8,26,real_estate_funds,امین شهر,ص.س. املاک و مستغلات امین شهر,70814244102598215,بازار فرابورس,15910.0,15950.0,15908.0,15920.0,15920.0,15908.0,75.0,12752655.0,203021446756.0,unadjusted,TSETMC
2025-11-17,1404/08/26,1404,8,26,real_estate_funds,دانیک,ص.س.املاک ومستغلات نیک رای,67717913151786055,بازار فرابورس,10530.0,10530.0,10292.0,10314.0,10415.0,10443.0,2227.0,16856418.0,175567548729.0,unadjusted,TSETMC
2025-11-17,1404/08/26,1404,8,26,real_estate_funds,مالک آتیه,ص.س.املاک و مستغلات مالک آتیه,37118058361762279,بازار فرابورس,11135.0,11191.0,11001.0,11018.0,11079.0,11137.0,219.0,881224.0,9763301827.0,unadjusted,TSETMC
2025-11-17,1404/08/26,1404,8,26,real_estate_funds,کلید,صندوق س خانه آگاه-املاک,45292762906823004,بازار بورس,10590.0,10630.0,10410.0,10410.0,10520.0,10500.0,3565.0,96267532.0,1012859148510.0,unadjusted,TSETMC
2025-11-18,1404/08/27,1404,8,27,real_estate_funds,ارزش مسکن,ص.س.املاک ومستغلات ارزش مسکن,71945594172117613,بازار فرابورس,20370.0,20460.0,20270.0,20294.0,20351.0,20628.0,1697.0,6517554.0,132641867371.0,unadjusted,TSETMC
2025-11-18,1404/08/27,1404,8,27,real_estate_funds,امین شهر,ص.س. املاک و مستغلات امین شهر,70814244102598215,بازار فرابورس,15921.0,15962.0,15920.0,15954.0,15933.0,15920.0,100.0,4531248.0,72198051020.0,unadjusted,TSETMC
2025-11-18,1404/08/27,1404,8,27,real_estate_funds,دانیک,ص.س.املاک ومستغلات نیک رای,67717913151786055,بازار فرابورس,10305.0,10384.0,10257.0,10258.0,10315.0,10415.0,1163.0,3523049.0,36338861798.0,unadjusted,TSETMC
2025-11-18,1404/08/27,1404,8,27,real_estate_funds,مالک آتیه,ص.س.املاک و مستغلات مالک آتیه,37118058361762279,بازار فرابورس,11148.0,11148.0,11001.0,11051.0,11032.0,11079.0,118.0,342852.0,3782345345.0,unadjusted,TSETMC
2025-11-18,1404/08/27,1404,8,27,real_estate_funds,کلید,صندوق س خانه آگاه-املاک,45292762906823004,بازار بورس,10420.0,10450.0,10300.0,10310.0,10380.0,10520.0,2219.0,55726433.0,578322814160.0,unadjusted,TSETMC
2025-11-19,1404/08/28,1404,8,28,real_estate_funds,ارزش مسکن,ص.س.املاک ومستغلات ارزش مسکن,71945594172117613,بازار فرابورس,20300.0,20400.0,20223.0,20226.0,20307.0,20351.0,1480.0,6928100.0,140691631465.0,unadjusted,TSETMC
2025-11-19,1404/08/28,1404,8,28,real_estate_funds,امین شهر,ص.س. املاک و مستغلات امین شهر,70814244102598215,بازار فرابورس,15933.0,15974.0,15933.0,15933.0,15945.0,15933.0,90.0,8470943.0,135066871152.0,unadjusted,TSETMC
2025-11-19,1404/08/28,1404,8,28,real_estate_funds,دانیک,ص.س.املاک ومستغلات نیک رای,67717913151786055,بازار فرابورس,10330.0,10330.0,10247.0,10270.0,10290.0,10315.0,1455.0,8596777.0,88463615366.0,unadjusted,TSETMC
2025-11-19,1404/08/28,1404,8,28,real_estate_funds,مالک آتیه,ص.س.املاک و مستغلات مالک آتیه,37118058361762279,بازار فرابورس,11002.0,11095.0,10997.0,11043.0,11043.0,11032.0,154.0,282646.0,3121195436.0,unadjusted,TSETMC
2025-11-19,1404/08/28,1404,8,28,real_estate_funds,کلید,صندوق س خانه آگاه-املاک,45292762906823004,بازار بورس,10350.0,10440.0,10320.0,10340.0,10360.0,10380.0,2740.0,54068053.0,560337975920.0,unadjusted,TSETMC
2025-11-22,1404/09/01,1404,9,1,real_estate_funds,ارزش مسکن,ص.س.املاک ومستغلات ارزش مسکن,71945594172117613,بازار فرابورس,20326.0,20370.0,20220.0,20260.0,20270.0,20307.0,1652.0,8796802.0,178308991087.0,unadjusted,TSETMC
2025-11-22,1404/09/01,1404,9,1,real_estate_funds,امین شهر,ص.س. املاک و مستغلات امین شهر,70814244102598215,بازار فرابورس,15999.0,16000.0,15945.0,15982.0,15982.0,15945.0,101.0,6347180.0,101439551153.0,unadjusted,TSETMC
2025-11-22,1404/09/01,1404,9,1,real_estate_funds,دانیک,ص.س.املاک ومستغلات نیک رای,67717913151786055,بازار فرابورس,10309.0,10328.0,10260.0,10272.0,10290.0,10290.0,718.0,6770636.0,69668540214.0,unadjusted,TSETMC
2025-11-22,1404/09/01,1404,9,1,real_estate_funds,مالک آتیه,ص.س.املاک و مستغلات مالک آتیه,37118058361762279,بازار فرابورس,11099.0,11099.0,11000.0,11000.0,11030.0,11043.0,139.0,187641.0,2069719073.0,unadjusted,TSETMC
2025-11-22,1404/09/01,1404,9,1,real_estate_funds,کلید,صندوق س خانه آگاه-املاک,45292762906823004,بازار بورس,10360.0,10430.0,10340.0,10380.0,10380.0,10360.0,2172.0,62018732.0,644027409640.0,unadjusted,TSETMC
2025-11-23,1404/09/02,1404,9,2,real_estate_funds,ارزش مسکن,ص.س.املاک ومستغلات ارزش مسکن,71945594172117613,بازار فرابورس,20231.0,20560.0,20231.0,20449.0,20446.0,20270.0,3019.0,17664175.0,361160207153.0,unadjusted,TSETMC
2025-11-23,1404/09/02,1404,9,2,real_estate_funds,امین شهر,ص.س. املاک و مستغلات امین شهر,70814244102598215,بازار فرابورس,16024.0,16024.0,15982.0,15993.0,15994.0,15982.0,87.0,10322195.0,165092760854.0,unadjusted,TSETMC
2025-11-23,1404/09/02,1404,9,2,real_estate_funds,دانیک,ص.س.املاک ومستغلات نیک رای,67717913151786055,بازار فرابورس,10280.0,10440.0,10278.0,10370.0,10382.0,10290.0,1910.0,22340471.0,231943525204.0,unadjusted,TSETMC
2025-11-23,1404/09/02,1404,9,2,real_estate_funds,مالک آتیه,ص.س.املاک و مستغلات مالک آتیه,37118058361762279,بازار فرابورس,11059.0,11152.0,11032.0,11063.0,11095.0,11030.0,288.0,1750923.0,19426138820.0,unadjusted,TSETMC
2025-11-23,1404/09/02,1404,9,2,real_estate_funds,کلید,صندوق س خانه آگاه-املاک,45292762906823004,بازار بورس,10400.0,10560.0,10380.0,10510.0,10500.0,10380.0,3626.0,143064023.0,1502619317540.0,unadjusted,TSETMC
2025-11-25,1404/09/04,1404,9,4,real_estate_funds,ارزش مسکن,ص.س.املاک ومستغلات ارزش مسکن,71945594172117613,بازار فرابورس,20520.0,20760.0,20475.0,20600.0,20651.0,20446.0,3061.0,18113344.0,374066432047.0,unadjusted,TSETMC
2025-11-25,1404/09/04,1404,9,4,real_estate_funds,امین شهر,ص.س. املاک و مستغلات امین شهر,70814244102598215,بازار فرابورس,16040.0,16050.0,16001.0,16005.0,16019.0,15994.0,82.0,2254459.0,36113642253.0,unadjusted,TSETMC
2025-11-25,1404/09/04,1404,9,4,real_estate_funds,دانیک,ص.س.املاک ومستغلات نیک رای,67717913151786055,بازار فرابورس,10397.0,10543.0,10354.0,10431.0,10457.0,10382.0,3079.0,28412379.0,297121711927.0,unadjusted,TSETMC
2025-11-25,1404/09/04,1404,9,4,real_estate_funds,مالک آتیه,ص.س.املاک و مستغلات مالک آتیه,37118058361762279,بازار فرابورس,11427.0,11427.0,11111.0,11271.0,11315.0,11095.0,296.0,10973158.0,124162144927.0,unadjusted,TSETMC
2025-11-25,1404/09/04,1404,9,4,real_estate_funds,کلید,صندوق س خانه آگاه-املاک,45292762906823004,بازار بورس,10540.0,10670.0,10520.0,10600.0,10610.0,10500.0,3895.0,131873512.0,1399182519970.0,unadjusted,TSETMC
2025-11-26,1404/09/05,1404,9,5,real_estate_funds,ارزش مسکن,ص.س.املاک ومستغلات ارزش مسکن,71945594172117613,بازار فرابورس,20501.0,20650.0,20211.0,20269.0,20362.0,20651.0,2234.0,10289317.0,209508656617.0,unadjusted,TSETMC
2025-11-26,1404/09/05,1404,9,5,real_estate_funds,امین شهر,ص.س. املاک و مستغلات امین شهر,70814244102598215,بازار فرابورس,16019.0,16059.0,16019.0,16031.0,16031.0,16019.0,54.0,8227339.0,131890288085.0,unadjusted,TSETMC
2025-11-26,1404/09/05,1404,9,5,real_estate_funds,دانیک,ص.س.املاک ومستغلات نیک رای,67717913151786055,بازار فرابورس,10439.0,10439.0,10236.0,10245.0,10289.0,10457.0,2080.0,14385440.0,148016308951.0,unadjusted,TSETMC
2025-11-26,1404/09/05,1404,9,5,real_estate_funds,مالک آتیه,ص.س.املاک و مستغلات مالک آتیه,37118058361762279,بازار فرابورس,11295.0,11295.0,11114.0,11186.0,11196.0,11315.0,278.0,1169842.0,13097884860.0,unadjusted,TSETMC
2025-11-26,1404/09/05,1404,9,5,real_estate_funds,کلید,صندوق س خانه آگاه-املاک,45292762906823004,بازار بورس,10610.0,10610.0,10410.0,10440.0,10500.0,10610.0,3054.0,63319201.0,665142320770.0,unadjusted,TSETMC
2025-11-29,1404/09/08,1404,9,8,real_estate_funds,ارزش مسکن,ص.س.املاک ومستغلات ارزش مسکن,71945594172117613,بازار فرابورس,20274.0,20320.0,20102.0,20111.0,20194.0,20362.0,1409.0,6318031.0,127583178912.0,unadjusted,TSETMC
2025-11-29,1404/09/08,1404,9,8,real_estate_funds,امین شهر,ص.س. املاک و مستغلات امین شهر,70814244102598215,بازار فرابورس,16031.0,16098.0,16031.0,16068.0,16068.0,16031.0,59.0,3391123.0,54489905026.0,unadjusted,TSETMC
2025-11-29,1404/09/08,1404,9,8,real_estate_funds,دانیک,ص.س.املاک ومستغلات نیک رای,67717913151786055,بازار فرابورس,10251.0,10279.0,10191.0,10200.0,10224.0,10289.0,1193.0,5638243.0,57647045263.0,unadjusted,TSETMC
2025-11-29,1404/09/08,1404,9,8,real_estate_funds,مالک آتیه,ص.س.املاک و مستغلات مالک آتیه,37118058361762279,بازار فرابورس,11199.0,11236.0,11130.0,11171.0,11162.0,11196.0,101.0,367548.0,4102742615.0,unadjusted,TSETMC
2025-11-29,1404/09/08,1404,9,8,real_estate_funds,کلید,صندوق س خانه آگاه-املاک,45292762906823004,بازار بورس,10390.0,10490.0,10380.0,10390.0,10420.0,10500.0,2147.0,66392652.0,692102267020.0,unadjusted,TSETMC
2025-11-30,1404/09/09,1404,9,9,real_estate_funds,ارزش مسکن,ص.س.املاک ومستغلات ارزش مسکن,71945594172117613,بازار فرابورس,20130.0,20309.0,20081.0,20216.0,20202.0,20194.0,1943.0,9716236.0,196288822151.0,unadjusted,TSETMC
2025-11-30,1404/09/09,1404,9,9,real_estate_funds,امین شهر,ص.س. املاک و مستغلات امین شهر,70814244102598215,بازار فرابورس,16110.0,16111.0,16068.0,16108.0,16080.0,16068.0,93.0,17603129.0,283061667833.0,unadjusted,TSETMC
2025-11-30,1404/09/09,1404,9,9,real_estate_funds,دانیک,ص.س.املاک ومستغلات نیک رای,67717913151786055,بازار فرابورس,10242.0,10316.0,10180.0,10260.0,10237.0,10224.0,1417.0,9153040.0,93701089267.0,unadjusted,TSETMC
2025-11-30,1404/09/09,1404,9,9,real_estate_funds,مالک آتیه,ص.س.املاک و مستغلات مالک آتیه,37118058361762279,بازار فرابورس,11198.0,11217.0,11156.0,11186.0,11191.0,11162.0,95.0,439954.0,4923413550.0,unadjusted,TSETMC
2025-11-30,1404/09/09,1404,9,9,real_estate_funds,کلید,صندوق س خانه آگاه-املاک,45292762906823004,بازار بورس,10400.0,10480.0,10370.0,10440.0,10430.0,10420.0,2804.0,111285411.0,1160189018680.0,unadjusted,TSETMC
2025-12-01,1404/09/10,1404,9,10,real_estate_funds,ارزش مسکن,ص.س.املاک ومستغلات ارزش مسکن,71945594172117613,بازار فرابورس,20329.0,20530.0,20282.0,20345.0,20388.0,20202.0,2479.0,15907903.0,324324984962.0,unadjusted,TSETMC
2025-12-01,1404/09/10,1404,9,10,real_estate_funds,امین شهر,ص.س. املاک و مستغلات امین شهر,70814244102598215,بازار فرابورس,16121.0,16121.0,16080.0,16092.0,16092.0,16080.0,92.0,3918417.0,63053831167.0,unadjusted,TSETMC
2025-12-01,1404/09/10,1404,9,10,real_estate_funds,دانیک,ص.س.املاک ومستغلات نیک رای,67717913151786055,بازار فرابورس,10295.0,10370.0,10255.0,10295.0,10304.0,10237.0,1468.0,8835876.0,91046542697.0,unadjusted,TSETMC
2025-12-01,1404/09/10,1404,9,10,real_estate_funds,مالک آتیه,ص.س.املاک و مستغلات مالک آتیه,37118058361762279,بازار فرابورس,11246.0,11330.0,11170.0,11177.0,11237.0,11191.0,318.0,2705104.0,30395947675.0,unadjusted,TSETMC
2025-12-01,1404/09/10,1404,9,10,real_estate_funds,کلید,صندوق س خانه آگاه-املاک,45292762906823004,بازار بورس,10470.0,10560.0,10440.0,10460.0,10490.0,10430.0,4091.0,139381663.0,1462325755050.0,unadjusted,TSETMC
2025-12-02,1404/09/11,1404,9,11,real_estate_funds,ارزش مسکن,ص.س.املاک ومستغلات ارزش مسکن,71945594172117613,بازار فرابورس,20360.0,20480.0,20242.0,20319.0,20345.0,20388.0,1987.0,10136474.0,206231479381.0,unadjusted,TSETMC
2025-12-02,1404/09/11,1404,9,11,real_estate_funds,امین شهر,ص.س. املاک و مستغلات امین شهر,70814244102598215,بازار فرابورس,16092.0,16134.0,16092.0,16097.0,16105.0,16092.0,61.0,642660.0,10349850423.0,unadjusted,TSETMC
2025-12-02,1404/09/11,1404,9,11,real_estate_funds,دانیک,ص.س.املاک ومستغلات نیک رای,67717913151786055,بازار فرابورس,10318.0,10318.0,10235.0,10248.0,10280.0,10304.0,1610.0,12773335.0,131303733114.0,unadjusted,TSETMC
2025-12-02,1404/09/11,1404,9,11,real_estate_funds,مالک آتیه,ص.س.املاک و مستغلات مالک آتیه,37118058361762279,بازار فرابورس,11200.0,11249.0,11160.0,11208.0,11215.0,11237.0,190.0,643225.0,7213475604.0,unadjusted,TSETMC
2025-12-02,1404/09/11,1404,9,11,real_estate_funds,کلید,صندوق س خانه آگاه-املاک,45292762906823004,بازار بورس,10460.0,10540.0,10430.0,10460.0,10490.0,10490.0,2670.0,90052779.0,944284026750.0,unadjusted,TSETMC
2025-12-03,1404/09/12,1404,9,12,real_estate_funds,ارزش مسکن,ص.س.املاک ومستغلات ارزش مسکن,71945594172117613,بازار فرابورس,20280.0,20348.0,20280.0,20291.0,20312.0,20345.0,1715.0,7928811.0,161046879782.0,unadjusted,TSETMC
2025-12-03,1404/09/12,1404,9,12,real_estate_funds,امین شهر,ص.س. املاک و مستغلات امین شهر,70814244102598215,بازار فرابورس,16120.0,16142.0,16105.0,16117.0,16117.0,16105.0,64.0,15308588.0,246728119666.0,unadjusted,TSETMC
2025-12-03,1404/09/12,1404,9,12,real_estate_funds,دانیک,ص.س.املاک ومستغلات نیک رای,67717913151786055,بازار فرابورس,10246.0,10280.0,10246.0,10251.0,10261.0,10280.0,1312.0,9429999.0,96763596370.0,unadjusted,TSETMC
2025-12-03,1404/09/12,1404,9,12,real_estate_funds,مالک آتیه,ص.س.املاک و مستغلات مالک آتیه,37118058361762279,بازار فرابورس,11225.0,11235.0,11165.0,11190.0,11180.0,11215.0,209.0,1199937.0,13415680289.0,unadjusted,TSETMC
2025-12-03,1404/09/12,1404,9,12,real_estate_funds,کلید,صندوق س خانه آگاه-املاک,45292762906823004,بازار بورس,10470.0,10500.0,10450.0,10460.0,10470.0,10490.0,1576.0,57474314.0,601646209410.0,unadjusted,TSETMC
2025-12-06,1404/09/15,1404,9,15,real_estate_funds,ارزش مسکن,ص.س.املاک ومستغلات ارزش مسکن,71945594172117613,بازار فرابورس,20345.0,20499.0,20340.0,20393.0,20423.0,20312.0,2773.0,13893359.0,283739760603.0,unadjusted,TSETMC
2025-12-06,1404/09/15,1404,9,15,real_estate_funds,امین شهر,ص.س. املاک و مستغلات امین شهر,70814244102598215,بازار فرابورس,16154.0,16160.0,16117.0,16154.0,16153.0,16117.0,128.0,21505613.0,347380555566.0,unadjusted,TSETMC
2025-12-06,1404/09/15,1404,9,15,real_estate_funds,دانیک,ص.س.املاک ومستغلات نیک رای,67717913151786055,بازار فرابورس,10270.0,10326.0,10267.0,10289.0,10297.0,10261.0,1963.0,17817876.0,183463384974.0,unadjusted,TSETMC
2025-12-06,1404/09/15,1404,9,15,real_estate_funds,مالک آتیه,ص.س.املاک و مستغلات مالک آتیه,37118058361762279,بازار فرابورس,11215.0,11242.0,11200.0,11234.0,11221.0,11180.0,173.0,1283957.0,14406863950.0,unadjusted,TSETMC
2025-12-06,1404/09/15,1404,9,15,real_estate_funds,کلید,صندوق س خانه آگاه-املاک,45292762906823004,بازار بورس,10470.0,10560.0,10470.0,10510.0,10520.0,10470.0,2473.0,109694441.0,1154333724580.0,unadjusted,TSETMC
2025-12-07,1404/09/16,1404,9,16,real_estate_funds,ارزش مسکن,ص.س.املاک ومستغلات ارزش مسکن,71945594172117613,بازار فرابورس,20410.0,20410.0,20161.0,20178.0,20248.0,20423.0,1905.0,8045906.0,162915704403.0,unadjusted,TSETMC
2025-12-07,1404/09/16,1404,9,16,real_estate_funds,امین شهر,ص.س. املاک و مستغلات امین شهر,70814244102598215,بازار فرابورس,16154.0,16179.0,16154.0,16167.0,16167.0,16153.0,92.0,28176778.0,455532582325.0,unadjusted,TSETMC
2025-12-07,1404/09/16,1404,9,16,real_estate_funds,دانیک,ص.س.املاک ومستغلات نیک رای,67717913151786055,بازار فرابورس,10310.0,10310.0,10215.0,10227.0,10249.0,10297.0,1185.0,6652097.0,68179274262.0,unadjusted,TSETMC
2025-12-07,1404/09/16,1404,9,16,real_estate_funds,مالک آتیه,ص.س.املاک و مستغلات مالک آتیه,37118058361762279,بازار فرابورس,11295.0,11295.0,11160.0,11205.0,11213.0,11221.0,177.0,1833808.0,20561709358.0,unadjusted,TSETMC
2025-12-07,1404/09/16,1404,9,16,real_estate_funds,کلید,صندوق س خانه آگاه-املاک,45292762906823004,بازار بورس,10520.0,10530.0,10420.0,10450.0,10460.0,10520.0,1739.0,48198651.0,504234949640.0,unadjusted,TSETMC
2025-12-08,1404/09/17,1404,9,17,real_estate_funds,ارزش مسکن,ص.س.املاک ومستغلات ارزش مسکن,71945594172117613,بازار فرابورس,20222.0,20248.0,20110.0,20190.0,20190.0,20248.0,1722.0,6445407.0,130132427641.0,unadjusted,TSETMC
2025-12-08,1404/09/17,1404,9,17,real_estate_funds,امین شهر,ص.س. املاک و مستغلات امین شهر,70814244102598215,بازار فرابورس,16167.0,16209.0,16167.0,16168.0,16179.0,16167.0,77.0,4518116.0,73097439073.0,unadjusted,TSETMC
2025-12-08,1404/09/17,1404,9,17,real_estate_funds,دانیک,ص.س.املاک ومستغلات نیک رای,67717913151786055,بازار فرابورس,10260.0,10295.0,10215.0,10220.0,10234.0,10249.0,883.0,5743281.0,58779111056.0,unadjusted,TSETMC
2025-12-08,1404/09/17,1404,9,17,real_estate_funds,مالک آتیه,ص.س.املاک و مستغلات مالک آتیه,37118058361762279,بازار فرابورس,11298.0,11298.0,11200.0,11205.0,11206.0,11213.0,120.0,436231.0,4888448684.0,unadjusted,TSETMC
2025-12-08,1404/09/17,1404,9,17,real_estate_funds,کلید,صندوق س خانه آگاه-املاک,45292762906823004,بازار بورس,10450.0,10490.0,10390.0,10420.0,10420.0,10460.0,2539.0,83483560.0,870147875960.0,unadjusted,TSETMC
2025-12-09,1404/09/18,1404,9,18,real_estate_funds,ارزش مسکن,ص.س.املاک ومستغلات ارزش مسکن,71945594172117613,بازار فرابورس,20190.0,20795.0,20137.0,20795.0,20445.0,20190.0,2588.0,16983730.0,347228077898.0,unadjusted,TSETMC
2025-12-09,1404/09/18,1404,9,18,real_estate_funds,امین شهر,ص.س. املاک و مستغلات امین شهر,70814244102598215,بازار فرابورس,16179.0,16600.0,16179.0,16207.0,16212.0,16179.0,1233.0,68201220.0,1105685875635.0,unadjusted,TSETMC
2025-12-09,1404/09/18,1404,9,18,real_estate_funds,دانیک,ص.س.املاک ومستغلات نیک رای,67717913151786055,بازار فرابورس,10223.0,10541.0,10200.0,10541.0,10417.0,10234.0,2125.0,23354301.0,243285061831.0,unadjusted,TSETMC
2025-12-09,1404/09/18,1404,9,18,real_estate_funds,مالک آتیه,ص.س.املاک و مستغلات مالک آتیه,37118058361762279,بازار فرابورس,11288.0,11542.0,11207.0,11542.0,11509.0,11206.0,672.0,17429145.0,200583730624.0,unadjusted,TSETMC
2025-12-09,1404/09/18,1404,9,18,real_estate_funds,کلید,صندوق س خانه آگاه-املاک,45292762906823004,بازار بورس,10420.0,10730.0,10380.0,10730.0,10550.0,10420.0,4526.0,164934033.0,1739702089130.0,unadjusted,TSETMC
2025-12-10,1404/09/19,1404,9,19,real_estate_funds,ارزش مسکن,ص.س.املاک ومستغلات ارزش مسکن,71945594172117613,بازار فرابورس,21058.0,21058.0,21058.0,21058.0,21058.0,20445.0,217.0,1569454.0,33049562332.0,unadjusted,TSETMC
2025-12-10,1404/09/19,1404,9,19,real_estate_funds,امین شهر,ص.س. املاک و مستغلات امین شهر,70814244102598215,بازار فرابورس,16265.0,16270.0,16155.0,16204.0,16205.0,16212.0,673.0,57243837.0,927650559828.0,unadjusted,TSETMC
2025-12-10,1404/09/19,1404,9,19,real_estate_funds,دانیک,ص.س.املاک ومستغلات نیک رای,67717913151786055,بازار فرابورس,10729.0,10729.0,10729.0,10729.0,10729.0,10417.0,116.0,2407109.0,25825872461.0,unadjusted,TSETMC
2025-12-10,1404/09/19,1404,9,19,real_estate_funds,مالک آتیه,ص.س.املاک و مستغلات مالک آتیه,37118058361762279,بازار فرابورس,11703.0,11854.0,11678.0,11854.0,11799.0,11509.0,1684.0,26755527.0,315691408580.0,unadjusted,TSETMC
2025-12-10,1404/09/19,1404,9,19,real_estate_funds,کلید,صندوق س خانه آگاه-املاک,45292762906823004,بازار بورس,10860.0,10860.0,10860.0,10860.0,10860.0,10550.0,292.0,14585666.0,158400332760.0,unadjusted,TSETMC
2025-12-13,1404/09/22,1404,9,22,real_estate_funds,ارزش مسکن,ص.س.املاک ومستغلات ارزش مسکن,71945594172117613,بازار فرابورس,21689.0,21689.0,21540.0,21689.0,21689.0,21058.0,1200.0,34238363.0,742585566912.0,unadjusted,TSETMC
2025-12-13,1404/09/22,1404,9,22,real_estate_funds,امین شهر,ص.س. املاک و مستغلات امین شهر,70814244102598215,بازار فرابورس,16210.0,16243.0,16205.0,16242.0,16233.0,16205.0,331.0,30403697.0,493534593090.0,unadjusted,TSETMC
2025-12-13,1404/09/22,1404,9,22,real_estate_funds,دانیک,ص.س.املاک ومستغلات نیک رای,67717913151786055,بازار فرابورس,11050.0,11050.0,11050.0,11050.0,11050.0,10729.0,617.0,23355765.0,258081203250.0,unadjusted,TSETMC
2025-12-13,1404/09/22,1404,9,22,real_estate_funds,مالک آتیه,ص.س.املاک و مستغلات مالک آتیه,37118058361762279,بازار فرابورس,12135.0,12135.0,11660.0,11679.0,11769.0,11799.0,1626.0,20584804.0,242269244843.0,unadjusted,TSETMC
2025-12-13,1404/09/22,1404,9,22,real_estate_funds,کلید,صندوق س خانه آگاه-املاک,45292762906823004,بازار بورس,11180.0,11180.0,10540.0,10940.0,11000.0,10860.0,7762.0,262097515.0,2883122162280.0,unadjusted,TSETMC
2025-12-14,1404/09/23,1404,9,23,real_estate_funds,ارزش مسکن,ص.س.املاک ومستغلات ارزش مسکن,71945594172117613,بازار فرابورس,22000.0,22339.0,21751.0,22339.0,22175.0,21689.0,1463.0,14304602.0,317202590330.0,unadjusted,TSETMC
2025-12-14,1404/09/23,1404,9,23,real_estate_funds,امین شهر,ص.س. املاک و مستغلات امین شهر,70814244102598215,بازار فرابورس,16234.0,16280.0,16234.0,16265.0,16253.0,16233.0,190.0,16669914.0,270937876148.0,unadjusted,TSETMC
2025-12-14,1404/09/23,1404,9,23,real_estate_funds,دانیک,ص.س.املاک ومستغلات نیک رای,67717913151786055,بازار فرابورس,11290.0,11381.0,11012.0,11381.0,11307.0,11050.0,1749.0,26875705.0,303892114242.0,unadjusted,TSETMC
2025-12-14,1404/09/23,1404,9,23,real_estate_funds,مالک آتیه,ص.س.املاک و مستغلات مالک آتیه,37118058361762279,بازار فرابورس,11581.0,11900.0,11474.0,11752.0,11727.0,11769.0,1275.0,17998352.0,211063900205.0,unadjusted,TSETMC
2025-12-14,1404/09/23,1404,9,23,real_estate_funds,کلید,صندوق س خانه آگاه-املاک,45292762906823004,بازار بورس,10940.0,11310.0,10810.0,11140.0,11050.0,11000.0,7690.0,224774435.0,2483157976190.0,unadjusted,TSETMC
2025-12-15,1404/09/24,1404,9,24,real_estate_funds,ارزش مسکن,ص.س.املاک ومستغلات ارزش مسکن,71945594172117613,بازار فرابورس,22840.0,22840.0,22840.0,22840.0,22840.0,22175.0,153.0,2303516.0,52612305440.0,unadjusted,TSETMC
2025-12-15,1404/09/24,1404,9,24,real_estate_funds,امین شهر,ص.س. املاک و مستغلات امین شهر,70814244102598215,بازار فرابورس,16283.0,16400.0,16253.0,16369.0,16269.0,16253.0,305.0,18123948.0,294850924413.0,unadjusted,TSETMC
2025-12-15,1404/09/24,1404,9,24,real_estate_funds,دانیک,ص.س.املاک ومستغلات نیک رای,67717913151786055,بازار فرابورس,11390.0,11646.0,11390.0,11646.0,11590.0,11307.0,385.0,6446743.0,74715607545.0,unadjusted,TSETMC
2025-12-15,1404/09/24,1404,9,24,real_estate_funds,مالک آتیه,ص.س.املاک و مستغلات مالک آتیه,37118058361762279,بازار فرابورس,11766.0,12069.0,11766.0,11970.0,11912.0,11727.0,1697.0,25891161.0,308418740759.0,unadjusted,TSETMC
2025-12-15,1404/09/24,1404,9,24,real_estate_funds,کلید,صندوق س خانه آگاه-املاک,45292762906823004,بازار بورس,11160.0,11380.0,11140.0,11380.0,11310.0,11050.0,6132.0,192004664.0,2171060238690.0,unadjusted,TSETMC
2025-12-16,1404/09/25,1404,9,25,real_estate_funds,ارزش مسکن,ص.س.املاک ومستغلات ارزش مسکن,71945594172117613,بازار فرابورس,23525.0,23525.0,23130.0,23525.0,23501.0,22840.0,2013.0,27184852.0,638873794145.0,unadjusted,TSETMC
2025-12-16,1404/09/25,1404,9,25,real_estate_funds,امین شهر,ص.س. املاک و مستغلات امین شهر,70814244102598215,بازار فرابورس,16272.0,16310.0,16270.0,16272.0,16279.0,16269.0,187.0,11625287.0,189242562617.0,unadjusted,TSETMC
2025-12-16,1404/09/25,1404,9,25,real_estate_funds,دانیک,ص.س.املاک ومستغلات نیک رای,67717913151786055,بازار فرابورس,11937.0,11937.0,11590.0,11886.0,11860.0,11590.0,2143.0,39694425.0,470786104575.0,unadjusted,TSETMC
2025-12-16,1404/09/25,1404,9,25,real_estate_funds,مالک آتیه,ص.س.املاک و مستغلات مالک آتیه,37118058361762279,بازار فرابورس,11902.0,12170.0,11555.0,11660.0,11880.0,11912.0,1571.0,19950686.0,237006829100.0,unadjusted,TSETMC
2025-12-16,1404/09/25,1404,9,25,real_estate_funds,کلید,صندوق س خانه آگاه-املاک,45292762906823004,بازار بورس,11400.0,11630.0,11110.0,11260.0,11400.0,11310.0,8395.0,185977556.0,2119226981820.0,unadjusted,TSETMC
2025-12-17,1404/09/26,1404,9,26,real_estate_funds,ارزش مسکن,ص.س.املاک ومستغلات ارزش مسکن,71945594172117613,بازار فرابورس,24206.0,24206.0,24206.0,24206.0,24206.0,23501.0,234.0,3108032.0,75233022592.0,unadjusted,TSETMC
2025-12-17,1404/09/26,1404,9,26,real_estate_funds,امین شهر,ص.س. املاک و مستغلات امین شهر,70814244102598215,بازار فرابورس,16266.0,16389.0,16266.0,16287.0,16291.0,16279.0,159.0,5973535.0,97315602756.0,unadjusted,TSETMC
2025-12-17,1404/09/26,1404,9,26,real_estate_funds,دانیک,ص.س.املاک ومستغلات نیک رای,67717913151786055,بازار فرابورس,11974.0,12215.0,11885.0,12215.0,12196.0,11860.0,236.0,5596626.0,68254854374.0,unadjusted,TSETMC
2025-12-17,1404/09/26,1404,9,26,real_estate_funds,مالک آتیه,ص.س.املاک و مستغلات مالک آتیه,37118058361762279,بازار فرابورس,11586.0,12096.0,11586.0,11970.0,11929.0,11880.0,1414.0,15258059.0,182013156342.0,unadjusted,TSETMC
2025-12-17,1404/09/26,1404,9,26,real_estate_funds,کلید,صندوق س خانه آگاه-املاک,45292762906823004,بازار بورس,11240.0,11690.0,11240.0,11550.0,11470.0,11400.0,7629.0,192241369.0,2205817356010.0,unadjusted,TSETMC
2025-12-20,1404/09/29,1404,9,29,real_estate_funds,ارزش مسکن,ص.س.املاک ومستغلات ارزش مسکن,71945594172117613,بازار فرابورس,24932.0,24932.0,24932.0,24932.0,24932.0,24206.0,106.0,1113806.0,27769411192.0,unadjusted,TSETMC
2025-12-20,1404/09/29,1404,9,29,real_estate_funds,امین شهر,ص.س. املاک و مستغلات امین شهر,70814244102598215,بازار فرابورس,16293.0,16547.0,16292.0,16359.0,16337.0,16291.0,346.0,22797936.0,372439533606.0,unadjusted,TSETMC
2025-12-20,1404/09/29,1404,9,29,real_estate_funds,دانیک,ص.س.املاک ومستغلات نیک رای,67717913151786055,بازار فرابورس,12561.0,12561.0,12561.0,12561.0,12561.0,12196.0,57.0,350483.0,4402416963.0,unadjusted,TSETMC
2025-12-20,1404/09/29,1404,9,29,real_estate_funds,مالک آتیه,ص.س.املاک و مستغلات مالک آتیه,37118058361762279,بازار فرابورس,12040.0,12286.0,12040.0,12286.0,12228.0,11929.0,1174.0,22233217.0,271873848638.0,unadjusted,TSETMC
2025-12-20,1404/09/29,1404,9,29,real_estate_funds,کلید,صندوق س خانه آگاه-املاک,45292762906823004,بازار بورس,11660.0,11810.0,11580.0,11810.0,11770.0,11470.0,3915.0,95218682.0,1121077833430.0,unadjusted,TSETMC
2025-12-21,1404/09/30,1404,9,30,real_estate_funds,ارزش مسکن,ص.س.املاک ومستغلات ارزش مسکن,71945594172117613,بازار فرابورس,25679.0,25679.0,25679.0,25679.0,25679.0,24932.0,128.0,484722.0,12447176238.0,unadjusted,TSETMC
2025-12-21,1404/09/30,1404,9,30,real_estate_funds,امین شهر,ص.س. املاک و مستغلات امین شهر,70814244102598215,بازار فرابورس,16374.0,16374.0,16339.0,16342.0,16341.0,16337.0,234.0,22268240.0,363896331262.0,unadjusted,TSETMC
2025-12-21,1404/09/30,1404,9,30,real_estate_funds,دانیک,ص.س.املاک ومستغلات نیک رای,67717913151786055,بازار فرابورس,12937.0,12937.0,12937.0,12937.0,12937.0,12561.0,115.0,3276132.0,42383319684.0,unadjusted,TSETMC
2025-12-21,1404/09/30,1404,9,30,real_estate_funds,مالک آتیه,ص.س.املاک و مستغلات مالک آتیه,37118058361762279,بازار فرابورس,12293.0,12418.0,12081.0,12154.0,12257.0,12228.0,1633.0,23702117.0,290522810568.0,unadjusted,TSETMC
2025-12-21,1404/09/30,1404,9,30,real_estate_funds,کلید,صندوق س خانه آگاه-املاک,45292762906823004,بازار بورس,11860.0,12100.0,11810.0,11930.0,11950.0,11770.0,8113.0,164140490.0,1961610702680.0,unadjusted,TSETMC
2025-12-22,1404/10/01,1404,10,1,real_estate_funds,ارزش مسکن,ص.س.املاک ومستغلات ارزش مسکن,71945594172117613,بازار فرابورس,26449.0,26449.0,26449.0,26449.0,26449.0,25679.0,232.0,2061231.0,54517498719.0,unadjusted,TSETMC
2025-12-22,1404/10/01,1404,10,1,real_estate_funds,امین شهر,ص.س. املاک و مستغلات امین شهر,70814244102598215,بازار فرابورس,16342.0,16383.0,16341.0,16344.0,16351.0,16341.0,182.0,13347986.0,218255955814.0,unadjusted,TSETMC
2025-12-22,1404/10/01,1404,10,1,real_estate_funds,دانیک,ص.س.املاک ومستغلات نیک رای,67717913151786055,بازار فرابورس,13325.0,13325.0,12938.0,13325.0,13265.0,12937.0,2119.0,44190834.0,586171521440.0,unadjusted,TSETMC
2025-12-22,1404/10/01,1404,10,1,real_estate_funds,مالک آتیه,ص.س.املاک و مستغلات مالک آتیه,37118058361762279,بازار فرابورس,12200.0,12271.0,11936.0,12100.0,12128.0,12257.0,800.0,7740011.0,93872982324.0,unadjusted,TSETMC
2025-12-22,1404/10/01,1404,10,1,real_estate_funds,کلید,صندوق س خانه آگاه-املاک,45292762906823004,بازار بورس,11990.0,12070.0,11640.0,11790.0,11890.0,11950.0,7552.0,173896652.0,2067906267260.0,unadjusted,TSETMC
2025-12-23,1404/10/02,1404,10,2,real_estate_funds,ارزش مسکن,ص.س.املاک ومستغلات ارزش مسکن,71945594172117613,بازار فرابورس,27242.0,27242.0,27242.0,27242.0,27242.0,26449.0,104.0,720161.0,19618625962.0,unadjusted,TSETMC
2025-12-23,1404/10/02,1404,10,2,real_estate_funds,امین شهر,ص.س. املاک و مستغلات امین شهر,70814244102598215,بازار فرابورس,16360.0,16394.0,16351.0,16351.0,16366.0,16351.0,224.0,26389102.0,431874253818.0,unadjusted,TSETMC
2025-12-23,1404/10/02,1404,10,2,real_estate_funds,دانیک,ص.س.املاک ومستغلات نیک رای,67717913151786055,بازار فرابورس,13365.0,13650.0,13281.0,13538.0,13507.0,13265.0,2154.0,26080767.0,352267889102.0,unadjusted,TSETMC
2025-12-23,1404/10/02,1404,10,2,real_estate_funds,مالک آتیه,ص.س.املاک و مستغلات مالک آتیه,37118058361762279,بازار فرابورس,12120.0,12348.0,12010.0,12200.0,12168.0,12128.0,1044.0,13152551.0,160042678785.0,unadjusted,TSETMC
2025-12-23,1404/10/02,1404,10,2,real_estate_funds,کلید,صندوق س خانه آگاه-املاک,45292762906823004,بازار بورس,11780.0,12160.0,11740.0,12020.0,11950.0,11890.0,6961.0,173808299.0,2076247194580.0,unadjusted,TSETMC
2025-12-24,1404/10/03,1404,10,3,real_estate_funds,ارزش مسکن,ص.س.املاک ومستغلات ارزش مسکن,71945594172117613,بازار فرابورس,28059.0,28059.0,28059.0,28059.0,28059.0,27242.0,136.0,690616.0,19377994344.0,unadjusted,TSETMC
2025-12-24,1404/10/03,1404,10,3,real_estate_funds,امین شهر,ص.س. املاک و مستغلات امین شهر,70814244102598215,بازار فرابورس,16367.0,16420.0,16367.0,16376.0,16386.0,16366.0,255.0,12786440.0,209518249326.0,unadjusted,TSETMC
2025-12-24,1404/10/03,1404,10,3,real_estate_funds,دانیک,ص.س.املاک ومستغلات نیک رای,67717913151786055,بازار فرابورس,13662.0,13875.0,13591.0,13667.0,13733.0,13507.0,4904.0,55632101.0,763974605524.0,unadjusted,TSETMC
2025-12-24,1404/10/03,1404,10,3,real_estate_funds,مالک آتیه,ص.س.املاک و مستغلات مالک آتیه,37118058361762279,بازار فرابورس,12240.0,12477.0,12229.0,12328.0,12382.0,12168.0,1470.0,24298841.0,300860850741.0,unadjusted,TSETMC
2025-12-24,1404/10/03,1404,10,3,real_estate_funds,کلید,صندوق س خانه آگاه-املاک,45292762906823004,بازار بورس,12070.0,12300.0,12070.0,12280.0,12220.0,11950.0,6378.0,161606370.0,1975258646910.0,unadjusted,TSETMC
2025-12-27,1404/10/06,1404,10,6,real_estate_funds,ارزش مسکن,ص.س.املاک ومستغلات ارزش مسکن,71945594172117613,بازار فرابورس,28900.0,28900.0,28900.0,28900.0,28900.0,28059.0,172.0,2022780.0,58458342000.0,unadjusted,TSETMC
2025-12-27,1404/10/06,1404,10,6,real_estate_funds,امین شهر,ص.س. املاک و مستغلات امین شهر,70814244102598215,بازار فرابورس,16449.0,16481.0,16000.0,16445.0,16417.0,16386.0,520.0,24026033.0,394446513497.0,unadjusted,TSETMC
2025-12-27,1404/10/06,1404,10,6,real_estate_funds,دانیک,ص.س.املاک ومستغلات نیک رای,67717913151786055,بازار فرابورس,13760.0,13898.0,13322.0,13322.0,13582.0,13733.0,4718.0,56943785.0,773418368557.0,unadjusted,TSETMC
2025-12-27,1404/10/06,1404,10,6,real_estate_funds,مالک آتیه,ص.س.املاک و مستغلات مالک آتیه,37118058361762279,بازار فرابورس,12428.0,12590.0,12225.0,12246.0,12361.0,12382.0,1116.0,11710473.0,144752946028.0,unadjusted,TSETMC
2025-12-27,1404/10/06,1404,10,6,real_estate_funds,کلید,صندوق س خانه آگاه-املاک,45292762906823004,بازار بورس,12380.0,12460.0,12250.0,12280.0,12360.0,12220.0,7277.0,156869921.0,1938983782740.0,unadjusted,TSETMC
2025-12-28,1404/10/07,1404,10,7,real_estate_funds,ارزش مسکن,ص.س.املاک ومستغلات ارزش مسکن,71945594172117613,بازار فرابورس,29767.0,29767.0,28150.0,29767.0,29444.0,28900.0,8761.0,80069904.0,2357568318654.0,unadjusted,TSETMC
2025-12-28,1404/10/07,1404,10,7,real_estate_funds,امین شهر,ص.س. املاک و مستغلات امین شهر,70814244102598215,بازار فرابورس,16419.0,16469.0,16417.0,16450.0,16429.0,16417.0,342.0,36952089.0,607099195754.0,unadjusted,TSETMC
2025-12-28,1404/10/07,1404,10,7,real_estate_funds,دانیک,ص.س.املاک ومستغلات نیک رای,67717913151786055,بازار فرابورس,13322.0,13400.0,13175.0,13175.0,13202.0,13582.0,3280.0,46909395.0,619294911543.0,unadjusted,TSETMC
2025-12-28,1404/10/07,1404,10,7,real_estate_funds,مالک آتیه,ص.س.املاک و مستغلات مالک آتیه,37118058361762279,بازار فرابورس,12180.0,12338.0,12102.0,12150.0,12192.0,12361.0,689.0,6354032.0,77470774420.0,unadjusted,TSETMC
2025-12-28,1404/10/07,1404,10,7,real_estate_funds,کلید,صندوق س خانه آگاه-املاک,45292762906823004,بازار بورس,12250.0,12330.0,12070.0,12110.0,12200.0,12360.0,6818.0,177191483.0,2161044958380.0,unadjusted,TSETMC
2025-12-29,1404/10/08,1404,10,8,real_estate_funds,ارزش مسکن,ص.س.املاک ومستغلات ارزش مسکن,71945594172117613,بازار فرابورس,30287.0,30287.0,28561.0,28561.0,29022.0,29444.0,5034.0,39601100.0,1149320228862.0,unadjusted,TSETMC
2025-12-29,1404/10/08,1404,10,8,real_estate_funds,امین شهر,ص.س. املاک و مستغلات امین شهر,70814244102598215,بازار فرابورس,16458.0,16458.0,16429.0,16442.0,16440.0,16429.0,189.0,15024955.0,247014237868.0,unadjusted,TSETMC
2025-12-29,1404/10/08,1404,10,8,real_estate_funds,دانیک,ص.س.املاک ومستغلات نیک رای,67717913151786055,بازار فرابورس,13170.0,13170.0,12806.0,12806.0,12858.0,13202.0,1062.0,17306684.0,222530746085.0,unadjusted,TSETMC
2025-12-29,1404/10/08,1404,10,8,real_estate_funds,مالک آتیه,ص.س.املاک و مستغلات مالک آتیه,37118058361762279,بازار فرابورس,12196.0,12200.0,11827.0,11827.0,11951.0,12192.0,377.0,6297299.0,75256679134.0,unadjusted,TSETMC
2025-12-29,1404/10/08,1404,10,8,real_estate_funds,کلید,صندوق س خانه آگاه-املاک,45292762906823004,بازار بورس,12110.0,12150.0,11840.0,11840.0,11920.0,12200.0,3833.0,101506401.0,1210336135960.0,unadjusted,TSETMC
2025-12-30,1404/10/09,1404,10,9,real_estate_funds,ارزش مسکن,ص.س.املاک ومستغلات ارزش مسکن,71945594172117613,بازار فرابورس,28152.0,28152.0,28152.0,28152.0,28152.0,29022.0,221.0,1125639.0,31688989128.0,unadjusted,TSETMC
2025-12-30,1404/10/09,1404,10,9,real_estate_funds,امین شهر,ص.س. املاک و مستغلات امین شهر,70814244102598215,بازار فرابورس,16442.0,16483.0,16441.0,16454.0,16454.0,16440.0,168.0,25909683.0,426313243175.0,unadjusted,TSETMC
2025-12-30,1404/10/09,1404,10,9,real_estate_funds,دانیک,ص.س.املاک ومستغلات نیک رای,67717913151786055,بازار فرابورس,12473.0,12473.0,12473.0,12473.0,12473.0,12858.0,101.0,673261.0,8397584453.0,unadjusted,TSETMC
2025-12-30,1404/10/09,1404,10,9,real_estate_funds,مالک آتیه,ص.س.املاک و مستغلات مالک آتیه,37118058361762279,بازار فرابورس,11700.0,11700.0,11593.0,11593.0,11598.0,11951.0,174.0,3116159.0,36140838272.0,unadjusted,TSETMC
2025-12-30,1404/10/09,1404,10,9,real_estate_funds,کلید,صندوق س خانه آگاه-املاک,45292762906823004,بازار بورس,11570.0,11770.0,11570.0,11570.0,11570.0,11920.0,403.0,12322577.0,142582622130.0,unadjusted,TSETMC
2025-12-31,1404/10/10,1404,10,10,real_estate_funds,ارزش مسکن,ص.س.املاک ومستغلات ارزش مسکن,71945594172117613,بازار فرابورس,27308.0,28852.0,27308.0,28400.0,27932.0,28152.0,6407.0,64152085.0,1791921723171.0,unadjusted,TSETMC
2025-12-31,1404/10/10,1404,10,10,real_estate_funds,امین شهر,ص.س. املاک و مستغلات امین شهر,70814244102598215,بازار فرابورس,16496.0,16496.0,16454.0,16483.0,16467.0,16454.0,134.0,6698471.0,110301911227.0,unadjusted,TSETMC
2025-12-31,1404/10/10,1404,10,10,real_estate_funds,دانیک,ص.س.املاک ومستغلات نیک رای,67717913151786055,بازار فرابورس,12099.0,12650.0,12099.0,12400.0,12368.0,12473.0,3426.0,46199630.0,571403800385.0,unadjusted,TSETMC
2025-12-31,1404/10/10,1404,10,10,real_estate_funds,مالک آتیه,ص.س.املاک و مستغلات مالک آتیه,37118058361762279,بازار فرابورس,11377.0,11925.0,11377.0,11750.0,11725.0,11598.0,349.0,3713593.0,43540101206.0,unadjusted,TSETMC
2025-12-31,1404/10/10,1404,10,10,real_estate_funds,کلید,صندوق س خانه آگاه-املاک,45292762906823004,بازار بورس,11230.0,11700.0,11230.0,11530.0,11480.0,11570.0,7428.0,181133108.0,2080298494730.0,unadjusted,TSETMC
2026-01-04,1404/10/14,1404,10,14,real_estate_funds,ارزش مسکن,ص.س.املاک ومستغلات ارزش مسکن,71945594172117613,بازار فرابورس,27610.0,28279.0,27095.0,27095.0,27189.0,27932.0,3092.0,28501621.0,774924761681.0,unadjusted,TSETMC
2026-01-04,1404/10/14,1404,10,14,real_estate_funds,امین شهر,ص.س. املاک و مستغلات امین شهر,70814244102598215,بازار فرابورس,16547.0,16547.0,16467.0,16490.0,16516.0,16467.0,162.0,15697963.0,259264637236.0,unadjusted,TSETMC
2026-01-04,1404/10/14,1404,10,14,real_estate_funds,دانیک,ص.س.املاک ومستغلات نیک رای,67717913151786055,بازار فرابورس,12350.0,12350.0,11997.0,11997.0,12041.0,12368.0,1173.0,16920266.0,203739409085.0,unadjusted,TSETMC
2026-01-04,1404/10/14,1404,10,14,real_estate_funds,مالک آتیه,ص.س.املاک و مستغلات مالک آتیه,37118058361762279,بازار فرابورس,11890.0,11890.0,11374.0,11493.0,11520.0,11725.0,301.0,4418228.0,50899622007.0,unadjusted,TSETMC
2026-01-04,1404/10/14,1404,10,14,real_estate_funds,کلید,صندوق س خانه آگاه-املاک,45292762906823004,بازار بورس,11410.0,11520.0,11140.0,11140.0,11180.0,11480.0,3462.0,97363519.0,1088540696400.0,unadjusted,TSETMC
2026-01-05,1404/10/15,1404,10,15,real_estate_funds,ارزش مسکن,ص.س.املاک ومستغلات ارزش مسکن,71945594172117613,بازار فرابورس,27320.0,28004.0,27320.0,28004.0,27889.0,27189.0,2700.0,24824144.0,692320728356.0,unadjusted,TSETMC
2026-01-05,1404/10/15,1404,10,15,real_estate_funds,امین شهر,ص.س. املاک و مستغلات امین شهر,70814244102598215,بازار فرابورس,16548.0,16593.0,16516.0,16527.0,16531.0,16516.0,189.0,10702395.0,176922893914.0,unadjusted,TSETMC
2026-01-05,1404/10/15,1404,10,15,real_estate_funds,دانیک,ص.س.املاک ومستغلات نیک رای,67717913151786055,بازار فرابورس,12129.0,12402.0,12041.0,12402.0,12327.0,12041.0,2294.0,32158082.0,396412993061.0,unadjusted,TSETMC
2026-01-05,1404/10/15,1404,10,15,real_estate_funds,مالک آتیه,ص.س.املاک و مستغلات مالک آتیه,37118058361762279,بازار فرابورس,11580.0,11865.0,11580.0,11865.0,11817.0,11520.0,417.0,4646509.0,54905553880.0,unadjusted,TSETMC
2026-01-05,1404/10/15,1404,10,15,real_estate_funds,کلید,صندوق س خانه آگاه-املاک,45292762906823004,بازار بورس,11250.0,11510.0,11250.0,11510.0,11450.0,11180.0,4433.0,106709594.0,1221913778420.0,unadjusted,TSETMC
2026-01-06,1404/10/16,1404,10,16,real_estate_funds,ارزش مسکن,ص.س.املاک ومستغلات ارزش مسکن,71945594172117613,بازار فرابورس,28500.0,28725.0,28150.0,28725.0,28655.0,27889.0,1600.0,13288821.0,380797176052.0,unadjusted,TSETMC
2026-01-06,1404/10/16,1404,10,16,real_estate_funds,امین شهر,ص.س. املاک و مستغلات امین شهر,70814244102598215,بازار فرابورس,16573.0,16574.0,16531.0,16531.0,16544.0,16531.0,302.0,14919675.0,246836984664.0,unadjusted,TSETMC
2026-01-06,1404/10/16,1404,10,16,real_estate_funds,دانیک,ص.س.املاک ومستغلات نیک رای,67717913151786055,بازار فرابورس,12650.0,12696.0,12450.0,12696.0,12658.0,12327.0,1598.0,22304281.0,282326100343.0,unadjusted,TSETMC
2026-01-06,1404/10/16,1404,10,16,real_estate_funds,مالک آتیه,ص.س.املاک و مستغلات مالک آتیه,37118058361762279,بازار فرابورس,11964.0,12171.0,11801.0,12115.0,12084.0,11817.0,662.0,7016444.0,84789832110.0,unadjusted,TSETMC
2026-01-06,1404/10/16,1404,10,16,real_estate_funds,کلید,صندوق س خانه آگاه-املاک,45292762906823004,بازار بورس,11660.0,11790.0,11600.0,11790.0,11750.0,11450.0,4841.0,109539636.0,1286576651030.0,unadjusted,TSETMC
2026-01-07,1404/10/17,1404,10,17,real_estate_funds,ارزش مسکن,ص.س.املاک ومستغلات ارزش مسکن,71945594172117613,بازار فرابورس,28990.0,28990.0,27796.0,27796.0,28069.0,28655.0,4433.0,38387120.0,1077506473216.0,unadjusted,TSETMC
2026-01-07,1404/10/17,1404,10,17,real_estate_funds,امین شهر,ص.س. املاک و مستغلات امین شهر,70814244102598215,بازار فرابورس,16584.0,16584.0,16543.0,16580.0,16551.0,16544.0,195.0,11072562.0,183267310180.0,unadjusted,TSETMC
2026-01-07,1404/10/17,1404,10,17,real_estate_funds,دانیک,ص.س.املاک ومستغلات نیک رای,67717913151786055,بازار فرابورس,12742.0,12796.0,12279.0,12279.0,12366.0,12658.0,1595.0,27267946.0,337202227982.0,unadjusted,TSETMC
2026-01-07,1404/10/17,1404,10,17,real_estate_funds,مالک آتیه,ص.س.املاک و مستغلات مالک آتیه,37118058361762279,بازار فرابورس,12190.0,12190.0,11722.0,11739.0,11762.0,12084.0,458.0,5109615.0,60099478797.0,unadjusted,TSETMC
2026-01-07,1404/10/17,1404,10,17,real_estate_funds,کلید,صندوق س خانه آگاه-املاک,45292762906823004,بازار بورس,11820.0,11850.0,11400.0,11400.0,11500.0,11750.0,4994.0,136679555.0,1571350382820.0,unadjusted,TSETMC
2026-01-10,1404/10/20,1404,10,20,real_estate_funds,ارزش مسکن,ص.س.املاک ومستغلات ارزش مسکن,71945594172117613,بازار فرابورس,27227.0,27450.0,27227.0,27227.0,27250.0,28069.0,1085.0,12795763.0,348680683523.0,unadjusted,TSETMC
2026-01-10,1404/10/20,1404,10,20,real_estate_funds,دانیک,ص.س.املاک ومستغلات نیک رای,67717913151786055,بازار فرابورس,11996.0,12030.0,11996.0,11996.0,11997.0,12366.0,304.0,4971725.0,59645199818.0,unadjusted,TSETMC
2026-01-10,1404/10/20,1404,10,20,real_estate_funds,مالک آتیه,ص.س.املاک و مستغلات مالک آتیه,37118058361762279,بازار فرابورس,11680.0,11680.0,11410.0,11410.0,11447.0,11762.0,163.0,1230182.0,14081335824.0,unadjusted,TSETMC
2026-01-10,1404/10/20,1404,10,20,real_estate_funds,کلید,صندوق س خانه آگاه-املاک,45292762906823004,بازار بورس,11160.0,11230.0,11160.0,11160.0,11170.0,11500.0,1486.0,51955155.0,580379433300.0,unadjusted,TSETMC
2026-01-11,1404/10/21,1404,10,21,real_estate_funds,ارزش مسکن,ص.س.املاک ومستغلات ارزش مسکن,71945594172117613,بازار فرابورس,26484.0,27120.0,26433.0,26536.0,26639.0,27250.0,4601.0,45006734.0,1198934632073.0,unadjusted,TSETMC
2026-01-11,1404/10/21,1404,10,21,real_estate_funds,دانیک,ص.س.املاک ومستغلات نیک رای,67717913151786055,بازار فرابورس,11645.0,11920.0,11638.0,11682.0,11695.0,11997.0,1638.0,23544560.0,275361396293.0,unadjusted,TSETMC
2026-01-11,1404/10/21,1404,10,21,real_estate_funds,مالک آتیه,ص.س.املاک و مستغلات مالک آتیه,37118058361762279,بازار فرابورس,11478.0,11500.0,11383.0,11484.0,11429.0,11447.0,199.0,1043935.0,11931528218.0,unadjusted,TSETMC
2026-01-11,1404/10/21,1404,10,21,real_estate_funds,کلید,صندوق س خانه آگاه-املاک,45292762906823004,بازار بورس,11040.0,11260.0,10910.0,11140.0,11080.0,11170.0,4841.0,112493340.0,1246626635590.0,unadjusted,TSETMC
2026-01-12,1404/10/22,1404,10,22,real_estate_funds,ارزش مسکن,ص.س.املاک ومستغلات ارزش مسکن,71945594172117613,بازار فرابورس,26840.0,27300.0,26750.0,27111.0,27108.0,26639.0,6171.0,44600853.0,1209049764838.0,unadjusted,TSETMC
2026-01-12,1404/10/22,1404,10,22,real_estate_funds,دانیک,ص.س.املاک ومستغلات نیک رای,67717913151786055,بازار فرابورس,11888.0,11950.0,11719.0,11860.0,11864.0,11695.0,2587.0,30085176.0,356922987793.0,unadjusted,TSETMC
2026-01-12,1404/10/22,1404,10,22,real_estate_funds,مالک آتیه,ص.س.املاک و مستغلات مالک آتیه,37118058361762279,بازار فرابورس,11546.0,11696.0,11502.0,11581.0,11603.0,11429.0,289.0,2490421.0,28896973648.0,unadjusted,TSETMC
2026-01-12,1404/10/22,1404,10,22,real_estate_funds,کلید,صندوق س خانه آگاه-املاک,45292762906823004,بازار بورس,11240.0,11360.0,11200.0,11320.0,11300.0,11080.0,4321.0,98010873.0,1107836442290.0,unadjusted,TSETMC
2026-01-13,1404/10/23,1404,10,23,real_estate_funds,ارزش مسکن,ص.س.املاک ومستغلات ارزش مسکن,71945594172117613,بازار فرابورس,27360.0,27439.0,26295.0,26295.0,26704.0,27108.0,2824.0,21878502.0,584253982437.0,unadjusted,TSETMC
2026-01-13,1404/10/23,1404,10,23,real_estate_funds,دانیک,ص.س.املاک ومستغلات نیک رای,67717913151786055,بازار فرابورس,11890.0,11940.0,11509.0,11509.0,11665.0,11864.0,1318.0,15751838.0,183751258895.0,unadjusted,TSETMC
2026-01-13,1404/10/23,1404,10,23,real_estate_funds,مالک آتیه,ص.س.املاک و مستغلات مالک آتیه,37118058361762279,بازار فرابورس,11589.0,11695.0,11414.0,11501.0,11545.0,11603.0,123.0,1197542.0,13825369790.0,unadjusted,TSETMC
2026-01-13,1404/10/23,1404,10,23,real_estate_funds,کلید,صندوق س خانه آگاه-املاک,45292762906823004,بازار بورس,11360.0,11400.0,11000.0,11110.0,11210.0,11300.0,5124.0,82402134.0,923507310370.0,unadjusted,TSETMC
2026-01-14,1404/10/24,1404,10,24,real_estate_funds,ارزش مسکن,ص.س.املاک ومستغلات ارزش مسکن,71945594172117613,بازار فرابورس,25903.0,25903.0,25903.0,25903.0,25903.0,26704.0,201.0,835409.0,21639599327.0,unadjusted,TSETMC
2026-01-14,1404/10/24,1404,10,24,real_estate_funds,دانیک,ص.س.املاک ومستغلات نیک رای,67717913151786055,بازار فرابورس,11316.0,11330.0,11316.0,11316.0,11317.0,11665.0,206.0,1976444.0,22366535193.0,unadjusted,TSETMC
2026-01-14,1404/10/24,1404,10,24,real_estate_funds,مالک آتیه,ص.س.املاک و مستغلات مالک آتیه,37118058361762279,بازار فرابورس,11440.0,11524.0,11400.0,11400.0,11418.0,11545.0,107.0,846413.0,9664736911.0,unadjusted,TSETMC
2026-01-14,1404/10/24,1404,10,24,real_estate_funds,کلید,صندوق س خانه آگاه-املاک,45292762906823004,بازار بورس,11090.0,11090.0,10880.0,10880.0,10900.0,11210.0,2441.0,31060677.0,338635796010.0,unadjusted,TSETMC
2026-01-18,1404/10/28,1404,10,28,real_estate_funds,ارزش مسکن,ص.س.املاک ومستغلات ارزش مسکن,71945594172117613,بازار فرابورس,25500.0,26500.0,25500.0,26149.0,26079.0,25903.0,7353.0,52921088.0,1380143811343.0,unadjusted,TSETMC
2026-01-18,1404/10/28,1404,10,28,real_estate_funds,دانیک,ص.س.املاک ومستغلات نیک رای,67717913151786055,بازار فرابورس,11485.0,11656.0,11320.0,11555.0,11483.0,11317.0,2089.0,25002157.0,287088060242.0,unadjusted,TSETMC
2026-01-18,1404/10/28,1404,10,28,real_estate_funds,مالک آتیه,ص.س.املاک و مستغلات مالک آتیه,37118058361762279,بازار فرابورس,11508.0,11675.0,11420.0,11461.0,11525.0,11418.0,220.0,2795979.0,32224247178.0,unadjusted,TSETMC
2026-01-18,1404/10/28,1404,10,28,real_estate_funds,کلید,صندوق س خانه آگاه-املاک,45292762906823004,بازار بورس,10920.0,11180.0,10920.0,11150.0,11100.0,10900.0,3470.0,83915319.0,931775535430.0,unadjusted,TSETMC
2026-01-19,1404/10/29,1404,10,29,real_estate_funds,ارزش مسکن,ص.س.املاک ومستغلات ارزش مسکن,71945594172117613,بازار فرابورس,26100.0,26440.0,25297.0,25410.0,25741.0,26079.0,6095.0,35393212.0,911039542930.0,unadjusted,TSETMC
2026-01-19,1404/10/29,1404,10,29,real_estate_funds,دانیک,ص.س.املاک ومستغلات نیک رای,67717913151786055,بازار فرابورس,11511.0,11680.0,11141.0,11355.0,11467.0,11483.0,1896.0,17955042.0,205898134009.0,unadjusted,TSETMC
2026-01-19,1404/10/29,1404,10,29,real_estate_funds,مالک آتیه,ص.س.املاک و مستغلات مالک آتیه,37118058361762279,بازار فرابورس,11629.0,11629.0,11450.0,11520.0,11521.0,11525.0,135.0,666521.0,7678775442.0,unadjusted,TSETMC
2026-01-19,1404/10/29,1404,10,29,real_estate_funds,کلید,صندوق س خانه آگاه-املاک,45292762906823004,بازار بورس,11170.0,11270.0,10920.0,11090.0,11140.0,11100.0,4047.0,62922592.0,701088588160.0,unadjusted,TSETMC
2026-01-20,1404/10/30,1404,10,30,real_estate_funds,ارزش مسکن,ص.س.املاک ومستغلات ارزش مسکن,71945594172117613,بازار فرابورس,25500.0,25740.0,24969.0,25420.0,25356.0,25741.0,3878.0,23780490.0,602988161065.0,unadjusted,TSETMC
2026-01-20,1404/10/30,1404,10,30,real_estate_funds,دانیک,ص.س.املاک ومستغلات نیک رای,67717913151786055,بازار فرابورس,11579.0,11579.0,11275.0,11388.0,11378.0,11467.0,1432.0,18045747.0,205321275153.0,unadjusted,TSETMC
2026-01-20,1404/10/30,1404,10,30,real_estate_funds,مالک آتیه,ص.س.املاک و مستغلات مالک آتیه,37118058361762279,بازار فرابورس,11454.0,11587.0,11450.0,11516.0,11496.0,11521.0,67.0,294971.0,3390881098.0,unadjusted,TSETMC
2026-01-20,1404/10/30,1404,10,30,real_estate_funds,کلید,صندوق س خانه آگاه-املاک,45292762906823004,بازار بورس,11100.0,11200.0,10940.0,11110.0,11120.0,11140.0,2301.0,47009687.0,522526097020.0,unadjusted,TSETMC
2026-01-21,1404/11/01,1404,11,1,real_estate_funds,ارزش مسکن,ص.س.املاک ومستغلات ارزش مسکن,71945594172117613,بازار فرابورس,25600.0,26116.0,25589.0,26116.0,25944.0,25356.0,892.0,7609355.0,197419740745.0,unadjusted,TSETMC
2026-01-21,1404/11/01,1404,11,1,real_estate_funds,دانیک,ص.س.املاک ومستغلات نیک رای,67717913151786055,بازار فرابورس,11397.0,11719.0,11389.0,11719.0,11622.0,11378.0,1001.0,20391025.0,236984709894.0,unadjusted,TSETMC
2026-01-21,1404/11/01,1404,11,1,real_estate_funds,مالک آتیه,ص.س.املاک و مستغلات مالک آتیه,37118058361762279,بازار فرابورس,11593.0,11840.0,11550.0,11840.0,11787.0,11496.0,643.0,7098109.0,83662037430.0,unadjusted,TSETMC
2026-01-21,1404/11/01,1404,11,1,real_estate_funds,کلید,صندوق س خانه آگاه-املاک,45292762906823004,بازار بورس,11130.0,11450.0,11100.0,11450.0,11360.0,11120.0,3802.0,106375852.0,1208929274540.0,unadjusted,TSETMC
2026-01-24,1404/11/04,1404,11,4,real_estate_funds,ارزش مسکن,ص.س.املاک ومستغلات ارزش مسکن,71945594172117613,بازار فرابورس,26000.0,26000.0,25166.0,25166.0,25383.0,25944.0,1265.0,12492547.0,317097822146.0,unadjusted,TSETMC
2026-01-24,1404/11/04,1404,11,4,real_estate_funds,دانیک,ص.س.املاک ومستغلات نیک رای,67717913151786055,بازار فرابورس,11685.0,11685.0,11274.0,11274.0,11289.0,11622.0,546.0,8598766.0,97074335512.0,unadjusted,TSETMC
2026-01-24,1404/11/04,1404,11,4,real_estate_funds,مالک آتیه,ص.س.املاک و مستغلات مالک آتیه,37118058361762279,بازار فرابورس,11847.0,11847.0,11434.0,11434.0,11439.0,11787.0,280.0,3358779.0,38421864708.0,unadjusted,TSETMC
2026-01-24,1404/11/04,1404,11,4,real_estate_funds,کلید,صندوق س خانه آگاه-املاک,45292762906823004,بازار بورس,11200.0,11310.0,11020.0,11020.0,11060.0,11360.0,1666.0,41170044.0,455202422700.0,unadjusted,TSETMC
2026-01-25,1404/11/05,1404,11,5,real_estate_funds,ارزش مسکن,ص.س.املاک ومستغلات ارزش مسکن,71945594172117613,بازار فرابورس,24622.0,24622.0,24622.0,24622.0,24622.0,25383.0,286.0,2068482.0,50930163804.0,unadjusted,TSETMC
2026-01-25,1404/11/05,1404,11,5,real_estate_funds,دانیک,ص.س.املاک ومستغلات نیک رای,67717913151786055,بازار فرابورس,10952.0,11280.0,10951.0,10951.0,10971.0,11289.0,1844.0,22346713.0,245170901277.0,unadjusted,TSETMC
2026-01-25,1404/11/05,1404,11,5,real_estate_funds,مالک آتیه,ص.س.املاک و مستغلات مالک آتیه,37118058361762279,بازار فرابورس,11491.0,11491.0,11255.0,11366.0,11356.0,11439.0,113.0,459317.0,5216110321.0,unadjusted,TSETMC
2026-01-25,1404/11/05,1404,11,5,real_estate_funds,کلید,صندوق س خانه آگاه-املاک,45292762906823004,بازار بورس,10810.0,10900.0,10730.0,10740.0,10810.0,11060.0,2858.0,27282434.0,294842914270.0,unadjusted,TSETMC
2026-01-26,1404/11/06,1404,11,6,real_estate_funds,ارزش مسکن,ص.س.املاک ومستغلات ارزش مسکن,71945594172117613,بازار فرابورس,23884.0,23884.0,23884.0,23884.0,23884.0,24622.0,189.0,1195841.0,28561466444.0,unadjusted,TSETMC
2026-01-26,1404/11/06,1404,11,6,real_estate_funds,دانیک,ص.س.املاک ومستغلات نیک رای,67717913151786055,بازار فرابورس,10780.0,10890.0,10642.0,10642.0,10690.0,10971.0,994.0,15005250.0,160401481672.0,unadjusted,TSETMC
2026-01-26,1404/11/06,1404,11,6,real_estate_funds,مالک آتیه,ص.س.املاک و مستغلات مالک آتیه,37118058361762279,بازار فرابورس,11252.0,11332.0,11100.0,11100.0,11190.0,11356.0,160.0,933637.0,10447230681.0,unadjusted,TSETMC
2026-01-26,1404/11/06,1404,11,6,real_estate_funds,کلید,صندوق س خانه آگاه-املاک,45292762906823004,بازار بورس,10610.0,10680.0,10490.0,10490.0,10550.0,10810.0,1238.0,16648941.0,175639533680.0,unadjusted,TSETMC
2026-01-27,1404/11/07,1404,11,7,real_estate_funds,ارزش مسکن,ص.س.املاک ومستغلات ارزش مسکن,71945594172117613,بازار فرابورس,23168.0,24549.0,23168.0,24140.0,23821.0,23884.0,6823.0,48527011.0,1155980982294.0,unadjusted,TSETMC
2026-01-27,1404/11/07,1404,11,7,real_estate_funds,دانیک,ص.س.املاک ومستغلات نیک رای,67717913151786055,بازار فرابورس,10475.0,10988.0,10436.0,10872.0,10781.0,10690.0,4335.0,29230200.0,315139661917.0,unadjusted,TSETMC
2026-01-27,1404/11/07,1404,11,7,real_estate_funds,مالک آتیه,ص.س.املاک و مستغلات مالک آتیه,37118058361762279,بازار فرابورس,11076.0,11488.0,11076.0,11332.0,11326.0,11190.0,186.0,1383605.0,15670169950.0,unadjusted,TSETMC
2026-01-27,1404/11/07,1404,11,7,real_estate_funds,کلید,صندوق س خانه آگاه-املاک,45292762906823004,بازار بورس,10290.0,10850.0,10240.0,10760.0,10630.0,10550.0,6138.0,100953796.0,1072705359950.0,unadjusted,TSETMC
2026-01-28,1404/11/08,1404,11,8,real_estate_funds,ارزش مسکن,ص.س.املاک ومستغلات ارزش مسکن,71945594172117613,بازار فرابورس,24252.0,24350.0,23305.0,23425.0,23935.0,23821.0,3956.0,25313982.0,605895364306.0,unadjusted,TSETMC
2026-01-28,1404/11/08,1404,11,8,real_estate_funds,دانیک,ص.س.املاک ومستغلات نیک رای,67717913151786055,بازار فرابورس,10946.0,10987.0,10691.0,10701.0,10845.0,10781.0,2306.0,13025943.0,141261541538.0,unadjusted,TSETMC
2026-01-28,1404/11/08,1404,11,8,real_estate_funds,مالک آتیه,ص.س.املاک و مستغلات مالک آتیه,37118058361762279,بازار فرابورس,11660.0,11660.0,10987.0,10987.0,11334.0,11326.0,210.0,1765792.0,20012809608.0,unadjusted,TSETMC
2026-01-28,1404/11/08,1404,11,8,real_estate_funds,کلید,صندوق س خانه آگاه-املاک,45292762906823004,بازار بورس,10790.0,10830.0,10650.0,10700.0,10760.0,10630.0,2877.0,58475627.0,629043689060.0,unadjusted,TSETMC
2026-01-31,1404/11/11,1404,11,11,real_estate_funds,ارزش مسکن,ص.س.املاک ومستغلات ارزش مسکن,71945594172117613,بازار فرابورس,23860.0,24100.0,23217.0,23217.0,23426.0,23935.0,855.0,5896238.0,138123901073.0,unadjusted,TSETMC
2026-01-31,1404/11/11,1404,11,11,real_estate_funds,دانیک,ص.س.املاک ومستغلات نیک رای,67717913151786055,بازار فرابورس,10920.0,10920.0,10520.0,10520.0,10571.0,10845.0,742.0,8812859.0,93163357016.0,unadjusted,TSETMC
2026-01-31,1404/11/11,1404,11,11,real_estate_funds,مالک آتیه,ص.س.املاک و مستغلات مالک آتیه,37118058361762279,بازار فرابورس,11330.0,11330.0,10994.0,11000.0,11080.0,11334.0,141.0,1276796.0,14146732115.0,unadjusted,TSETMC
2026-01-31,1404/11/11,1404,11,11,real_estate_funds,کلید,صندوق س خانه آگاه-املاک,45292762906823004,بازار بورس,10750.0,10850.0,10440.0,10440.0,10540.0,10760.0,1969.0,23890565.0,251812678620.0,unadjusted,TSETMC
2026-02-01,1404/11/12,1404,11,12,real_estate_funds,ارزش مسکن,ص.س.املاک ومستغلات ارزش مسکن,71945594172117613,بازار فرابورس,0.0,23910.0,22724.0,23592.0,23288.0,23426.0,4908.0,34840553.0,811361414853.0,unadjusted,TSETMC
2026-02-01,1404/11/12,1404,11,12,real_estate_funds,دانیک,ص.س.املاک ومستغلات نیک رای,67717913151786055,بازار فرابورس,10620.0,10839.0,10370.0,10698.0,10593.0,10571.0,3286.0,14362408.0,152139835061.0,unadjusted,TSETMC
2026-02-01,1404/11/12,1404,11,12,real_estate_funds,مالک آتیه,ص.س.املاک و مستغلات مالک آتیه,37118058361762279,بازار فرابورس,10988.0,11273.0,10988.0,11192.0,11163.0,11080.0,188.0,2189954.0,24446248620.0,unadjusted,TSETMC
2026-02-01,1404/11/12,1404,11,12,real_estate_funds,کلید,صندوق س خانه آگاه-املاک,45292762906823004,بازار بورس,10590.0,10780.0,10360.0,10730.0,10640.0,10540.0,3883.0,113699355.0,1209567583690.0,unadjusted,TSETMC
2026-02-02,1404/11/13,1404,11,13,real_estate_funds,ارزش مسکن,ص.س.املاک ومستغلات ارزش مسکن,71945594172117613,بازار فرابورس,23890.0,23986.0,23520.0,23986.0,23823.0,23288.0,2750.0,18162648.0,432690272489.0,unadjusted,TSETMC
2026-02-02,1404/11/13,1404,11,13,real_estate_funds,دانیک,ص.س.املاک ومستغلات نیک رای,67717913151786055,بازار فرابورس,10789.0,10910.0,10698.0,10910.0,10818.0,10593.0,2627.0,25145235.0,272010261681.0,unadjusted,TSETMC
2026-02-02,1404/11/13,1404,11,13,real_estate_funds,مالک آتیه,ص.س.املاک و مستغلات مالک آتیه,37118058361762279,بازار فرابورس,11350.0,11497.0,11235.0,11497.0,11430.0,11163.0,365.0,4406432.0,50364903937.0,unadjusted,TSETMC
2026-02-02,1404/11/13,1404,11,13,real_estate_funds,کلید,صندوق س خانه آگاه-املاک,45292762906823004,بازار بورس,10760.0,10950.0,10760.0,10950.0,10870.0,10640.0,3530.0,108681513.0,1181214844840.0,unadjusted,TSETMC
2026-02-03,1404/11/14,1404,11,14,real_estate_funds,ارزش مسکن,ص.س.املاک ومستغلات ارزش مسکن,71945594172117613,بازار فرابورس,24000.0,24423.0,23180.0,23913.0,23830.0,23823.0,4636.0,20756173.0,494623589820.0,unadjusted,TSETMC
2026-02-03,1404/11/14,1404,11,14,real_estate_funds,دانیک,ص.س.املاک ومستغلات نیک رای,67717913151786055,بازار فرابورس,10919.0,11090.0,10650.0,10792.0,10835.0,10818.0,3092.0,18722337.0,202854116155.0,unadjusted,TSETMC
2026-02-03,1404/11/14,1404,11,14,real_estate_funds,مالک آتیه,ص.س.املاک و مستغلات مالک آتیه,37118058361762279,بازار فرابورس,11519.0,11610.0,11173.0,11300.0,11342.0,11430.0,411.0,4842331.0,54919963378.0,unadjusted,TSETMC
2026-02-03,1404/11/14,1404,11,14,real_estate_funds,کلید,صندوق س خانه آگاه-املاک,45292762906823004,بازار بورس,10970.0,11080.0,10680.0,10780.0,10860.0,10870.0,6023.0,153873723.0,1670716979450.0,unadjusted,TSETMC
2026-02-07,1404/11/18,1404,11,18,real_estate_funds,ارزش مسکن,ص.س.املاک ومستغلات ارزش مسکن,71945594172117613,بازار فرابورس,24544.0,24544.0,24544.0,24544.0,24544.0,23830.0,179.0,1882467.0,46203270048.0,unadjusted,TSETMC
2026-02-07,1404/11/18,1404,11,18,real_estate_funds,امین شهر,ص.س. املاک و مستغلات امین شهر,70814244102598215,بازار فرابورس,16755.0,16980.0,16610.0,16750.0,16735.0,16551.0,1084.0,108098594.0,1809058115346.0,unadjusted,TSETMC
2026-02-07,1404/11/18,1404,11,18,real_estate_funds,دانیک,ص.س.املاک ومستغلات نیک رای,67717913151786055,بازار فرابورس,11091.0,11160.0,11091.0,11160.0,11148.0,10835.0,228.0,3139443.0,34999361227.0,unadjusted,TSETMC
2026-02-07,1404/11/18,1404,11,18,real_estate_funds,مالک آتیه,ص.س.املاک و مستغلات مالک آتیه,37118058361762279,بازار فرابورس,11411.0,11682.0,11411.0,11682.0,11676.0,11342.0,623.0,6262712.0,73125935971.0,unadjusted,TSETMC
2026-02-07,1404/11/18,1404,11,18,real_estate_funds,کلید,صندوق س خانه آگاه-املاک,45292762906823004,بازار بورس,11150.0,11180.0,11110.0,11180.0,11170.0,10860.0,947.0,33210428.0,370981281270.0,unadjusted,TSETMC
2026-02-08,1404/11/19,1404,11,19,real_estate_funds,ارزش مسکن,ص.س.املاک ومستغلات ارزش مسکن,71945594172117613,بازار فرابورس,25280.0,25280.0,23831.0,23867.0,24454.0,24544.0,4264.0,25146041.0,614932640071.0,unadjusted,TSETMC
2026-02-08,1404/11/19,1404,11,19,real_estate_funds,امین شهر,ص.س. املاک و مستغلات امین شهر,70814244102598215,بازار فرابورس,16896.0,16896.0,16850.0,16852.0,16850.0,16735.0,673.0,82543015.0,1390875233561.0,unadjusted,TSETMC
2026-02-08,1404/11/19,1404,11,19,real_estate_funds,دانیک,ص.س.املاک ومستغلات نیک رای,67717913151786055,بازار فرابورس,11350.0,11387.0,10814.0,10820.0,10992.0,11148.0,2956.0,33410329.0,367252402434.0,unadjusted,TSETMC
2026-02-08,1404/11/19,1404,11,19,real_estate_funds,مالک آتیه,ص.س.املاک و مستغلات مالک آتیه,37118058361762279,بازار فرابورس,11980.0,11980.0,11340.0,11401.0,11581.0,11676.0,409.0,6200870.0,71812116983.0,unadjusted,TSETMC
2026-02-08,1404/11/19,1404,11,19,real_estate_funds,کلید,صندوق س خانه آگاه-املاک,45292762906823004,بازار بورس,11340.0,11420.0,10850.0,10900.0,11100.0,11170.0,6095.0,123348709.0,1369337652180.0,unadjusted,TSETMC
2026-02-09,1404/11/20,1404,11,20,real_estate_funds,ارزش مسکن,ص.س.املاک ومستغلات ارزش مسکن,71945594172117613,بازار فرابورس,23880.0,23956.0,23721.0,23721.0,23743.0,24454.0,423.0,3135631.0,74449667137.0,unadjusted,TSETMC
2026-02-09,1404/11/20,1404,11,20,real_estate_funds,امین شهر,ص.س. املاک و مستغلات امین شهر,70814244102598215,بازار فرابورس,16980.0,16998.0,16980.0,16990.0,16981.0,16850.0,603.0,31869966.0,541190370355.0,unadjusted,TSETMC
2026-02-09,1404/11/20,1404,11,20,real_estate_funds,دانیک,ص.س.املاک ومستغلات نیک رای,67717913151786055,بازار فرابورس,10750.0,10877.0,10663.0,10698.0,10678.0,10992.0,1097.0,8527564.0,91057546257.0,unadjusted,TSETMC
2026-02-09,1404/11/20,1404,11,20,real_estate_funds,مالک آتیه,ص.س.املاک و مستغلات مالک آتیه,37118058361762279,بازار فرابورس,11330.0,11496.0,11234.0,11247.0,11251.0,11581.0,195.0,2951783.0,33209777606.0,unadjusted,TSETMC
2026-02-09,1404/11/20,1404,11,20,real_estate_funds,کلید,صندوق س خانه آگاه-املاک,45292762906823004,بازار بورس,10900.0,10950.0,10770.0,10770.0,10780.0,11100.0,1983.0,34083477.0,367408809740.0,unadjusted,TSETMC
2026-02-10,1404/11/21,1404,11,21,real_estate_funds,ارزش مسکن,ص.س.املاک ومستغلات ارزش مسکن,71945594172117613,بازار فرابورس,23157.0,24398.0,23117.0,23920.0,23707.0,23743.0,3043.0,20435062.0,484448776762.0,unadjusted,TSETMC
2026-02-10,1404/11/21,1404,11,21,real_estate_funds,امین شهر,ص.س. املاک و مستغلات امین شهر,70814244102598215,بازار فرابورس,17000.0,17019.0,16993.0,16993.0,16993.0,16981.0,651.0,182403257.0,3099589622247.0,unadjusted,TSETMC
2026-02-10,1404/11/21,1404,11,21,real_estate_funds,دانیک,ص.س.املاک ومستغلات نیک رای,67717913151786055,بازار فرابورس,10810.0,10870.0,10612.0,10710.0,10755.0,10678.0,1908.0,21064166.0,226550591286.0,unadjusted,TSETMC
2026-02-10,1404/11/21,1404,11,21,real_estate_funds,مالک آتیه,ص.س.املاک و مستغلات مالک آتیه,37118058361762279,بازار فرابورس,11290.0,11420.0,11251.0,11277.0,11332.0,11251.0,162.0,1952695.0,22128890772.0,unadjusted,TSETMC
2026-02-10,1404/11/21,1404,11,21,real_estate_funds,کلید,صندوق س خانه آگاه-املاک,45292762906823004,بازار بورس,10680.0,10990.0,10680.0,10830.0,10870.0,10780.0,3693.0,84464370.0,918522490190.0,unadjusted,TSETMC
2026-02-14,1404/11/25,1404,11,25,real_estate_funds,ارزش مسکن,ص.س.املاک ومستغلات ارزش مسکن,71945594172117613,بازار فرابورس,23920.0,24418.0,23797.0,24418.0,24272.0,23707.0,2671.0,19707305.0,478337025501.0,unadjusted,TSETMC
2026-02-14,1404/11/25,1404,11,25,real_estate_funds,امین شهر,ص.س. املاک و مستغلات امین شهر,70814244102598215,بازار فرابورس,17069.0,17069.0,17045.0,17045.0,17045.0,16993.0,366.0,25203398.0,429602410391.0,unadjusted,TSETMC
2026-02-14,1404/11/25,1404,11,25,real_estate_funds,دانیک,ص.س.املاک ومستغلات نیک رای,67717913151786055,بازار فرابورس,10887.0,11013.0,10625.0,10865.0,10850.0,10755.0,3384.0,29145228.0,316236371322.0,unadjusted,TSETMC
2026-02-14,1404/11/25,1404,11,25,real_estate_funds,مالک آتیه,ص.س.املاک و مستغلات مالک آتیه,37118058361762279,بازار فرابورس,11390.0,11587.0,11370.0,11450.0,11478.0,11332.0,197.0,2356409.0,27046051059.0,unadjusted,TSETMC
2026-02-14,1404/11/25,1404,11,25,real_estate_funds,کلید,صندوق س خانه آگاه-املاک,45292762906823004,بازار بورس,10970.0,11160.0,10840.0,10960.0,11020.0,10870.0,5385.0,123902655.0,1364966495920.0,unadjusted,TSETMC
2026-02-15,1404/11/26,1404,11,26,real_estate_funds,ارزش مسکن,ص.س.املاک ومستغلات ارزش مسکن,71945594172117613,بازار فرابورس,25000.0,25000.0,24509.0,25000.0,24989.0,24272.0,448.0,13529121.0,338079386848.0,unadjusted,TSETMC
2026-02-15,1404/11/26,1404,11,26,real_estate_funds,امین شهر,ص.س. املاک و مستغلات امین شهر,70814244102598215,بازار فرابورس,17088.0,17088.0,17058.0,17058.0,17058.0,17045.0,277.0,27922232.0,476301968099.0,unadjusted,TSETMC
2026-02-15,1404/11/26,1404,11,26,real_estate_funds,دانیک,ص.س.املاک ومستغلات نیک رای,67717913151786055,بازار فرابورس,10984.0,11175.0,10811.0,11175.0,11092.0,10850.0,1444.0,16741959.0,185703424748.0,unadjusted,TSETMC
2026-02-15,1404/11/26,1404,11,26,real_estate_funds,مالک آتیه,ص.س.املاک و مستغلات مالک آتیه,37118058361762279,بازار فرابورس,11499.0,11822.0,11443.0,11822.0,11745.0,11478.0,557.0,6815409.0,80048127512.0,unadjusted,TSETMC
2026-02-15,1404/11/26,1404,11,26,real_estate_funds,کلید,صندوق س خانه آگاه-املاک,45292762906823004,بازار بورس,11020.0,11350.0,10920.0,11350.0,11240.0,11020.0,5475.0,190973971.0,2147396562920.0,unadjusted,TSETMC
2026-02-16,1404/11/27,1404,11,27,real_estate_funds,ارزش مسکن,ص.س.املاک ومستغلات ارزش مسکن,71945594172117613,بازار فرابورس,25738.0,25738.0,25738.0,25738.0,25738.0,24989.0,165.0,3813344.0,98147847872.0,unadjusted,TSETMC
2026-02-16,1404/11/27,1404,11,27,real_estate_funds,امین شهر,ص.س. املاک و مستغلات امین شهر,70814244102598215,بازار فرابورس,17071.0,17096.0,17071.0,17071.0,17071.0,17058.0,367.0,26674224.0,455363599399.0,unadjusted,TSETMC
2026-02-16,1404/11/27,1404,11,27,real_estate_funds,دانیک,ص.س.املاک ومستغلات نیک رای,67717913151786055,بازار فرابورس,11424.0,11424.0,11251.0,11424.0,11420.0,11092.0,215.0,9511466.0,108623985996.0,unadjusted,TSETMC
2026-02-16,1404/11/27,1404,11,27,real_estate_funds,مالک آتیه,ص.س.املاک و مستغلات مالک آتیه,37118058361762279,بازار فرابورس,11871.0,12097.0,11702.0,12097.0,12041.0,11745.0,610.0,10283535.0,123822950269.0,unadjusted,TSETMC
2026-02-16,1404/11/27,1404,11,27,real_estate_funds,کلید,صندوق س خانه آگاه-املاک,45292762906823004,بازار بورس,11430.0,11570.0,11330.0,11570.0,11480.0,11240.0,3772.0,94516579.0,1084932754580.0,unadjusted,TSETMC
2026-02-17,1404/11/28,1404,11,28,real_estate_funds,ارزش مسکن,ص.س.املاک ومستغلات ارزش مسکن,71945594172117613,بازار فرابورس,26510.0,26510.0,26510.0,26510.0,26510.0,25738.0,122.0,2338702.0,61998990020.0,unadjusted,TSETMC
2026-02-17,1404/11/28,1404,11,28,real_estate_funds,امین شهر,ص.س. املاک و مستغلات امین شهر,70814244102598215,بازار فرابورس,17085.0,17106.0,17084.0,17084.0,17084.0,17071.0,302.0,50086121.0,855678751753.0,unadjusted,TSETMC
2026-02-17,1404/11/28,1404,11,28,real_estate_funds,دانیک,ص.س.املاک ومستغلات نیک رای,67717913151786055,بازار فرابورس,11762.0,11762.0,11641.0,11736.0,11760.0,11420.0,369.0,11936951.0,140375130465.0,unadjusted,TSETMC
2026-02-17,1404/11/28,1404,11,28,real_estate_funds,مالک آتیه,ص.س.املاک و مستغلات مالک آتیه,37118058361762279,بازار فرابورس,12146.0,12402.0,12115.0,12144.0,12336.0,12041.0,1455.0,15463456.0,190758000579.0,unadjusted,TSETMC
2026-02-17,1404/11/28,1404,11,28,real_estate_funds,کلید,صندوق س خانه آگاه-املاک,45292762906823004,بازار بورس,11790.0,11820.0,11610.0,11620.0,11770.0,11480.0,2669.0,74847319.0,881315612760.0,unadjusted,TSETMC
2026-02-18,1404/11/29,1404,11,29,real_estate_funds,ارزش مسکن,ص.س.املاک ومستغلات ارزش مسکن,71945594172117613,بازار فرابورس,27305.0,27305.0,27305.0,27305.0,27305.0,26510.0,405.0,4294219.0,117253649795.0,unadjusted,TSETMC
2026-02-18,1404/11/29,1404,11,29,real_estate_funds,امین شهر,ص.س. املاک و مستغلات امین شهر,70814244102598215,بازار فرابورس,17097.0,17109.0,17097.0,17103.0,17097.0,17084.0,208.0,18617400.0,318304711859.0,unadjusted,TSETMC
2026-02-18,1404/11/29,1404,11,29,real_estate_funds,دانیک,ص.س.املاک ومستغلات نیک رای,67717913151786055,بازار فرابورس,12112.0,12112.0,11408.0,11451.0,11722.0,11760.0,5429.0,51424621.0,602819076595.0,unadjusted,TSETMC
2026-02-18,1404/11/29,1404,11,29,real_estate_funds,مالک آتیه,ص.س.املاک و مستغلات مالک آتیه,37118058361762279,بازار فرابورس,12336.0,12416.0,11966.0,12100.0,12193.0,12336.0,521.0,5111640.0,62325815270.0,unadjusted,TSETMC
2026-02-18,1404/11/29,1404,11,29,real_estate_funds,کلید,صندوق س خانه آگاه-املاک,45292762906823004,بازار بورس,11830.0,11930.0,11420.0,11420.0,11610.0,11770.0,5234.0,120503884.0,1399006852190.0,unadjusted,TSETMC
2026-02-21,1404/12/02,1404,12,2,real_estate_funds,ارزش مسکن,ص.س.املاک ومستغلات ارزش مسکن,71945594172117613,بازار فرابورس,26486.0,26486.0,26486.0,26486.0,26486.0,27305.0,281.0,5245348.0,138928287128.0,unadjusted,TSETMC
2026-02-21,1404/12/02,1404,12,2,real_estate_funds,امین شهر,ص.س. املاک و مستغلات امین شهر,70814244102598215,بازار فرابورس,17111.0,17148.0,17110.0,17137.0,17135.0,17097.0,321.0,29675398.0,508499909724.0,unadjusted,TSETMC
2026-02-21,1404/12/02,1404,12,2,real_estate_funds,دانیک,ص.س.املاک ومستغلات نیک رای,67717913151786055,بازار فرابورس,11371.0,11371.0,11371.0,11371.0,11371.0,11722.0,59.0,457498.0,5202209758.0,unadjusted,TSETMC
2026-02-21,1404/12/02,1404,12,2,real_estate_funds,مالک آتیه,ص.س.املاک و مستغلات مالک آتیه,37118058361762279,بازار فرابورس,12089.0,12089.0,11828.0,11828.0,11856.0,12193.0,105.0,2940494.0,34863337437.0,unadjusted,TSETMC
2026-02-21,1404/12/02,1404,12,2,real_estate_funds,کلید,صندوق س خانه آگاه-املاک,45292762906823004,بازار بورس,11270.0,11270.0,11270.0,11270.0,11270.0,11610.0,516.0,10023367.0,112963346090.0,unadjusted,TSETMC
2026-02-22,1404/12/03,1404,12,3,real_estate_funds,ارزش مسکن,ص.س.املاک ومستغلات ارزش مسکن,71945594172117613,بازار فرابورس,25692.0,25692.0,25692.0,25692.0,25692.0,26486.0,265.0,2350085.0,60378383820.0,unadjusted,TSETMC
2026-02-22,1404/12/03,1404,12,3,real_estate_funds,امین شهر,ص.س. املاک و مستغلات امین شهر,70814244102598215,بازار فرابورس,17150.0,17162.0,17135.0,17151.0,17144.0,17135.0,434.0,70945031.0,1216256721972.0,unadjusted,TSETMC
2026-02-22,1404/12/03,1404,12,3,real_estate_funds,دانیک,ص.س.املاک ومستغلات نیک رای,67717913151786055,بازار فرابورس,11030.0,11150.0,11030.0,11030.0,11030.0,11371.0,378.0,8572550.0,94557269518.0,unadjusted,TSETMC
2026-02-22,1404/12/03,1404,12,3,real_estate_funds,مالک آتیه,ص.س.املاک و مستغلات مالک آتیه,37118058361762279,بازار فرابورس,11501.0,11750.0,11501.0,11507.0,11505.0,11856.0,186.0,2650230.0,30491147912.0,unadjusted,TSETMC
2026-02-22,1404/12/03,1404,12,3,real_estate_funds,کاخ,صندوق س کاخ-املاک,71595553356620707,بازار بورس,10000.0,10000.0,10000.0,10000.0,10000.0,10000.0,2554.0,114965879.0,1149658790000.0,unadjusted,TSETMC
2026-02-22,1404/12/03,1404,12,3,real_estate_funds,کلید,صندوق س خانه آگاه-املاک,45292762906823004,بازار بورس,10932.0,10992.0,10932.0,10932.0,10937.0,11270.0,1810.0,39697616.0,434169606162.0,unadjusted,TSETMC
2026-02-23,1404/12/04,1404,12,4,real_estate_funds,ارزش مسکن,ص.س.املاک ومستغلات ارزش مسکن,71945594172117613,بازار فرابورس,25691.0,26250.0,24922.0,24952.0,25341.0,25692.0,7384.0,64053760.0,1623180273631.0,unadjusted,TSETMC
2026-02-23,1404/12/04,1404,12,4,real_estate_funds,امین شهر,ص.س. املاک و مستغلات امین شهر,70814244102598215,بازار فرابورس,17192.0,17192.0,17144.0,17163.0,17163.0,17144.0,210.0,25563796.0,438739447373.0,unadjusted,TSETMC
2026-02-23,1404/12/04,1404,12,4,real_estate_funds,دانیک,ص.س.املاک ومستغلات نیک رای,67717913151786055,بازار فرابورس,10820.0,11228.0,10700.0,10791.0,10851.0,11030.0,4001.0,34857389.0,378220584620.0,unadjusted,TSETMC
2026-02-23,1404/12/04,1404,12,4,real_estate_funds,مالک آتیه,ص.س.املاک و مستغلات مالک آتیه,37118058361762279,بازار فرابورس,11610.0,11630.0,11480.0,11525.0,11525.0,11505.0,130.0,631255.0,7275469321.0,unadjusted,TSETMC
2026-02-23,1404/12/04,1404,12,4,real_estate_funds,کاخ,صندوق س کاخ-املاک,71595553356620707,بازار بورس,10000.0,10000.0,10000.0,10000.0,10000.0,10000.0,1637.0,80150700.0,801507000000.0,unadjusted,TSETMC
2026-02-23,1404/12/04,1404,12,4,real_estate_funds,کلید,صندوق س خانه آگاه-املاک,45292762906823004,بازار بورس,10942.0,11085.0,10780.0,10889.0,10939.0,10937.0,5669.0,95420436.0,1043763708046.0,unadjusted,TSETMC
2026-02-24,1404/12/05,1404,12,5,real_estate_funds,ارزش مسکن,ص.س.املاک ومستغلات ارزش مسکن,71945594172117613,بازار فرابورس,24788.0,24800.0,24581.0,24581.0,24616.0,25341.0,404.0,4431661.0,109088612699.0,unadjusted,TSETMC
2026-02-24,1404/12/05,1404,12,5,real_estate_funds,امین شهر,ص.س. املاک و مستغلات امین شهر,70814244102598215,بازار فرابورس,17206.0,17206.0,17177.0,17177.0,17177.0,17163.0,229.0,32155449.0,552335352643.0,unadjusted,TSETMC
2026-02-24,1404/12/05,1404,12,5,real_estate_funds,دانیک,ص.س.املاک ومستغلات نیک رای,67717913151786055,بازار فرابورس,10702.0,10721.0,10526.0,10526.0,10556.0,10851.0,1467.0,10633970.0,112255651165.0,unadjusted,TSETMC
2026-02-24,1404/12/05,1404,12,5,real_estate_funds,مالک آتیه,ص.س.املاک و مستغلات مالک آتیه,37118058361762279,بازار فرابورس,11490.0,11526.0,11469.0,11470.0,11487.0,11525.0,70.0,244243.0,2805650587.0,unadjusted,TSETMC
2026-02-24,1404/12/05,1404,12,5,real_estate_funds,کاخ,صندوق س کاخ-املاک,71595553356620707,بازار بورس,10000.0,10000.0,10000.0,10000.0,10000.0,10000.0,2269.0,494885968.0,4948859680000.0,unadjusted,TSETMC
2026-02-24,1404/12/05,1404,12,5,real_estate_funds,کلید,صندوق س خانه آگاه-املاک,45292762906823004,بازار بورس,10853.0,10853.0,10611.0,10611.0,10621.0,10939.0,2687.0,42163646.0,447800394707.0,unadjusted,TSETMC
2026-02-25,1404/12/06,1404,12,6,real_estate_funds,ارزش مسکن,ص.س.املاک ومستغلات ارزش مسکن,71945594172117613,بازار فرابورس,23878.0,24581.0,23878.0,23909.0,24170.0,24616.0,5975.0,49123110.0,1187326830100.0,unadjusted,TSETMC
2026-02-25,1404/12/06,1404,12,6,real_estate_funds,امین شهر,ص.س. املاک و مستغلات امین شهر,70814244102598215,بازار فرابورس,17190.0,17216.0,17190.0,17190.0,17190.0,17177.0,337.0,85684502.0,1472917221172.0,unadjusted,TSETMC
2026-02-25,1404/12/06,1404,12,6,real_estate_funds,دانیک,ص.س.املاک ومستغلات نیک رای,67717913151786055,بازار فرابورس,10453.0,10649.0,10453.0,10534.0,10573.0,10556.0,2425.0,15072509.0,159362840740.0,unadjusted,TSETMC
2026-02-25,1404/12/06,1404,12,6,real_estate_funds,مالک آتیه,ص.س.املاک و مستغلات مالک آتیه,37118058361762279,بازار فرابورس,11407.0,11480.0,11147.0,11220.0,11264.0,11487.0,850.0,11904856.0,134096964627.0,unadjusted,TSETMC
2026-02-25,1404/12/06,1404,12,6,real_estate_funds,کلید,صندوق س خانه آگاه-املاک,45292762906823004,بازار بورس,10620.0,10728.0,10500.0,10530.0,10643.0,10621.0,5626.0,81927921.0,871958044511.0,unadjusted,TSETMC
2026-05-02,1405/02/12,1405,2,12,real_estate_funds,ارزش مسکن,ص.س.املاک ومستغلات ارزش مسکن,71945594172117613,بازار فرابورس,24895.0,24895.0,24895.0,24895.0,24895.0,24170.0,115.0,1961313.0,48826887135.0,unadjusted,TSETMC
2026-05-02,1405/02/12,1405,2,12,real_estate_funds,امین شهر,ص.س. املاک و مستغلات امین شهر,70814244102598215,بازار فرابورس,17705.0,17705.0,17705.0,17705.0,17705.0,17190.0,700.0,120721820.0,2137379823100.0,unadjusted,TSETMC
2026-05-02,1405/02/12,1405,2,12,real_estate_funds,دانیک,ص.س.املاک ومستغلات نیک رای,67717913151786055,بازار فرابورس,10890.0,10890.0,10890.0,10890.0,10890.0,10573.0,43.0,2402324.0,26161308360.0,unadjusted,TSETMC
2026-05-02,1405/02/12,1405,2,12,real_estate_funds,مالک آتیه,ص.س.املاک و مستغلات مالک آتیه,37118058361762279,بازار فرابورس,11601.0,11601.0,11601.0,11601.0,11601.0,11264.0,42.0,2558495.0,29681100495.0,unadjusted,TSETMC
2026-05-02,1405/02/12,1405,2,12,real_estate_funds,کلید,صندوق س خانه آگاه-املاک,45292762906823004,بازار بورس,10962.0,10962.0,10962.0,10962.0,10962.0,10643.0,161.0,3500733.0,38375035146.0,unadjusted,TSETMC
2026-05-03,1405/02/13,1405,2,13,real_estate_funds,ارزش مسکن,ص.س.املاک ومستغلات ارزش مسکن,71945594172117613,بازار فرابورس,25641.0,25641.0,25641.0,25641.0,25641.0,24895.0,68.0,1009256.0,25878333096.0,unadjusted,TSETMC
2026-05-03,1405/02/13,1405,2,13,real_estate_funds,امین شهر,ص.س. املاک و مستغلات امین شهر,70814244102598215,بازار فرابورس,18236.0,18236.0,18236.0,18236.0,18236.0,17705.0,692.0,147531141.0,2690377887276.0,unadjusted,TSETMC
2026-05-03,1405/02/13,1405,2,13,real_estate_funds,دانیک,ص.س.املاک ومستغلات نیک رای,67717913151786055,بازار فرابورس,11216.0,11216.0,11216.0,11216.0,11216.0,10890.0,20.0,37133.0,416483728.0,unadjusted,TSETMC
2026-05-03,1405/02/13,1405,2,13,real_estate_funds,مالک آتیه,ص.س.املاک و مستغلات مالک آتیه,37118058361762279,بازار فرابورس,11949.0,11949.0,11949.0,11949.0,11949.0,11601.0,38.0,2614097.0,31235845053.0,unadjusted,TSETMC
2026-05-03,1405/02/13,1405,2,13,real_estate_funds,کلید,صندوق س خانه آگاه-املاک,45292762906823004,بازار بورس,11290.0,11290.0,11290.0,11290.0,11290.0,10962.0,55.0,703646.0,7944163340.0,unadjusted,TSETMC
2026-05-04,1405/02/14,1405,2,14,real_estate_funds,ارزش مسکن,ص.س.املاک ومستغلات ارزش مسکن,71945594172117613,بازار فرابورس,26410.0,26410.0,26410.0,26410.0,26410.0,25641.0,129.0,2356287.0,62229539670.0,unadjusted,TSETMC
2026-05-04,1405/02/14,1405,2,14,real_estate_funds,امین شهر,ص.س. املاک و مستغلات امین شهر,70814244102598215,بازار فرابورس,18783.0,18783.0,18600.0,18671.0,18778.0,18236.0,8317.0,618288860.0,11610251957155.0,unadjusted,TSETMC
2026-05-04,1405/02/14,1405,2,14,real_estate_funds,دانیک,ص.س.املاک ومستغلات نیک رای,67717913151786055,بازار فرابورس,11552.0,11552.0,11552.0,11552.0,11552.0,11216.0,29.0,1282336.0,14813545472.0,unadjusted,TSETMC
2026-05-04,1405/02/14,1405,2,14,real_estate_funds,مالک آتیه,ص.س.املاک و مستغلات مالک آتیه,37118058361762279,بازار فرابورس,12307.0,12307.0,12307.0,12307.0,12307.0,11949.0,64.0,3327276.0,40948785732.0,unadjusted,TSETMC
2026-05-04,1405/02/14,1405,2,14,real_estate_funds,کلید,صندوق س خانه آگاه-املاک,45292762906823004,بازار بورس,11628.0,11628.0,11628.0,11628.0,11628.0,11290.0,220.0,33691510.0,391764878280.0,unadjusted,TSETMC
2026-05-05,1405/02/15,1405,2,15,real_estate_funds,ارزش مسکن,ص.س.املاک ومستغلات ارزش مسکن,71945594172117613,بازار فرابورس,27202.0,27202.0,27202.0,27202.0,27202.0,26410.0,449.0,11875109.0,323026715018.0,unadjusted,TSETMC
2026-05-05,1405/02/15,1405,2,15,real_estate_funds,امین شهر,ص.س. املاک و مستغلات امین شهر,70814244102598215,بازار فرابورس,18796.0,19187.0,18400.0,18780.0,18858.0,18778.0,17289.0,414037958.0,7807847749178.0,unadjusted,TSETMC
2026-05-05,1405/02/15,1405,2,15,real_estate_funds,دانیک,ص.س.املاک ومستغلات نیک رای,67717913151786055,بازار فرابورس,11898.0,11898.0,11898.0,11898.0,11898.0,11552.0,68.0,1829510.0,21767509980.0,unadjusted,TSETMC
2026-05-05,1405/02/15,1405,2,15,real_estate_funds,مالک آتیه,ص.س.املاک و مستغلات مالک آتیه,37118058361762279,بازار فرابورس,12676.0,12676.0,12427.0,12676.0,12640.0,12307.0,283.0,13262241.0,167637235444.0,unadjusted,TSETMC
2026-05-05,1405/02/15,1405,2,15,real_estate_funds,کاخ,صندوق س کاخ-املاک,71595553356620707,بازار بورس,10300.0,10300.0,10300.0,10300.0,10300.0,10000.0,69.0,5543882.0,57101984600.0,unadjusted,TSETMC
2026-05-05,1405/02/15,1405,2,15,real_estate_funds,کلید,صندوق س خانه آگاه-املاک,45292762906823004,بازار بورس,11976.0,11976.0,11976.0,11976.0,11976.0,11628.0,410.0,27343963.0,327471300888.0,unadjusted,TSETMC
2026-05-06,1405/02/16,1405,2,16,real_estate_funds,ارزش مسکن,ص.س.املاک ومستغلات ارزش مسکن,71945594172117613,بازار فرابورس,28018.0,28018.0,28018.0,28018.0,28018.0,27202.0,143.0,2123585.0,59498604530.0,unadjusted,TSETMC
2026-05-06,1405/02/16,1405,2,16,real_estate_funds,امین شهر,ص.س. املاک و مستغلات امین شهر,70814244102598215,بازار فرابورس,18926.0,19010.0,18712.0,18813.0,18867.0,18858.0,10905.0,238019419.0,4490617951054.0,unadjusted,TSETMC
2026-05-06,1405/02/16,1405,2,16,real_estate_funds,دانیک,ص.س.املاک ومستغلات نیک رای,67717913151786055,بازار فرابورس,12254.0,12254.0,12254.0,12254.0,12254.0,11898.0,48.0,487855.0,5978175170.0,unadjusted,TSETMC
2026-05-06,1405/02/16,1405,2,16,real_estate_funds,مالک آتیه,ص.س.املاک و مستغلات مالک آتیه,37118058361762279,بازار فرابورس,13019.0,13019.0,12956.0,13019.0,13018.0,12640.0,293.0,12253397.0,159511298070.0,unadjusted,TSETMC
2026-05-06,1405/02/16,1405,2,16,real_estate_funds,کاخ,صندوق س کاخ-املاک,71595553356620707,بازار بورس,10609.0,10609.0,10609.0,10609.0,10609.0,10300.0,44.0,1586111.0,16827051599.0,unadjusted,TSETMC
2026-05-06,1405/02/16,1405,2,16,real_estate_funds,کلید,صندوق س خانه آگاه-املاک,45292762906823004,بازار بورس,12335.0,12335.0,12335.0,12335.0,12335.0,11976.0,156.0,3097320.0,38205442200.0,unadjusted,TSETMC
2026-05-09,1405/02/19,1405,2,19,real_estate_funds,ارزش مسکن,ص.س.املاک ومستغلات ارزش مسکن,71945594172117613,بازار فرابورس,28858.0,28858.0,28858.0,28858.0,28858.0,28018.0,122.0,1709150.0,49322650700.0,unadjusted,TSETMC
2026-05-09,1405/02/19,1405,2,19,real_estate_funds,امین شهر,ص.س. املاک و مستغلات امین شهر,70814244102598215,بازار فرابورس,18870.0,18945.0,18656.0,18861.0,18847.0,18867.0,7745.0,196730232.0,3707747378942.0,unadjusted,TSETMC
2026-05-09,1405/02/19,1405,2,19,real_estate_funds,دانیک,ص.س.املاک ومستغلات نیک رای,67717913151786055,بازار فرابورس,12621.0,12621.0,12621.0,12621.0,12621.0,12254.0,38.0,253299.0,3196886679.0,unadjusted,TSETMC
2026-05-09,1405/02/19,1405,2,19,real_estate_funds,مالک آتیه,ص.س.املاک و مستغلات مالک آتیه,37118058361762279,بازار فرابورس,13408.0,13408.0,13408.0,13408.0,13408.0,13018.0,51.0,2630735.0,35272894880.0,unadjusted,TSETMC
2026-05-09,1405/02/19,1405,2,19,real_estate_funds,کاخ,صندوق س کاخ-املاک,71595553356620707,بازار بورس,10927.0,10927.0,10927.0,10927.0,10927.0,10609.0,28.0,1096574.0,11982264098.0,unadjusted,TSETMC
2026-05-09,1405/02/19,1405,2,19,real_estate_funds,کلید,صندوق س خانه آگاه-املاک,45292762906823004,بازار بورس,12705.0,12705.0,12705.0,12705.0,12705.0,12335.0,98.0,2080408.0,26431583640.0,unadjusted,TSETMC
2026-05-10,1405/02/20,1405,2,20,real_estate_funds,ارزش مسکن,ص.س.املاک ومستغلات ارزش مسکن,71945594172117613,بازار فرابورس,29723.0,29723.0,29723.0,29723.0,29723.0,28858.0,101.0,999017.0,29693782291.0,unadjusted,TSETMC
2026-05-10,1405/02/20,1405,2,20,real_estate_funds,امین شهر,ص.س. املاک و مستغلات امین شهر,70814244102598215,بازار فرابورس,18920.0,19412.0,18920.0,19412.0,19352.0,18847.0,2345.0,107435297.0,2079129768621.0,unadjusted,TSETMC
2026-05-10,1405/02/20,1405,2,20,real_estate_funds,دانیک,ص.س.املاک ومستغلات نیک رای,67717913151786055,بازار فرابورس,12999.0,12999.0,12999.0,12999.0,12999.0,12621.0,64.0,1086736.0,14126481264.0,unadjusted,TSETMC
2026-05-10,1405/02/20,1405,2,20,real_estate_funds,مالک آتیه,ص.س.املاک و مستغلات مالک آتیه,37118058361762279,بازار فرابورس,13810.0,13810.0,13810.0,13810.0,13810.0,13408.0,46.0,2579726.0,35626016060.0,unadjusted,TSETMC
2026-05-10,1405/02/20,1405,2,20,real_estate_funds,کاخ,صندوق س کاخ-املاک,71595553356620707,بازار بورس,11254.0,11254.0,11254.0,11254.0,11254.0,10927.0,38.0,2053945.0,23115097030.0,unadjusted,TSETMC
2026-05-10,1405/02/20,1405,2,20,real_estate_funds,کلید,صندوق س خانه آگاه-املاک,45292762906823004,بازار بورس,13086.0,13086.0,13086.0,13086.0,13086.0,12705.0,113.0,3283729.0,42970877694.0,unadjusted,TSETMC
2026-05-11,1405/02/21,1405,2,21,real_estate_funds,ارزش مسکن,ص.س.املاک ومستغلات ارزش مسکن,71945594172117613,بازار فرابورس,30614.0,30614.0,30614.0,30614.0,30614.0,29723.0,105.0,2354385.0,72077142390.0,unadjusted,TSETMC
2026-05-11,1405/02/21,1405,2,21,real_estate_funds,امین شهر,ص.س. املاک و مستغلات امین شهر,70814244102598215,بازار فرابورس,19932.0,19932.0,19775.0,19932.0,19918.0,19352.0,8306.0,294021218.0,5856378222727.0,unadjusted,TSETMC
2026-05-11,1405/02/21,1405,2,21,real_estate_funds,دانیک,ص.س.املاک ومستغلات نیک رای,67717913151786055,بازار فرابورس,13388.0,13388.0,13388.0,13388.0,13388.0,12999.0,109.0,2180251.0,29189200388.0,unadjusted,TSETMC
2026-05-11,1405/02/21,1405,2,21,real_estate_funds,مالک آتیه,ص.س.املاک و مستغلات مالک آتیه,37118058361762279,بازار فرابورس,14224.0,14224.0,14224.0,14224.0,14224.0,13810.0,98.0,8460623.0,120343901552.0,unadjusted,TSETMC
2026-05-11,1405/02/21,1405,2,21,real_estate_funds,کاخ,صندوق س کاخ-املاک,71595553356620707,بازار بورس,11591.0,11591.0,11591.0,11591.0,11591.0,11254.0,89.0,11980101.0,138861350691.0,unadjusted,TSETMC
2026-05-11,1405/02/21,1405,2,21,real_estate_funds,کلید,صندوق س خانه آگاه-املاک,45292762906823004,بازار بورس,13478.0,13478.0,13478.0,13478.0,13478.0,13086.0,153.0,3746884.0,50500502552.0,unadjusted,TSETMC
2026-05-12,1405/02/22,1405,2,22,real_estate_funds,ارزش مسکن,ص.س.املاک ومستغلات ارزش مسکن,71945594172117613,بازار فرابورس,31532.0,31532.0,31532.0,31532.0,31532.0,30614.0,145.0,1866572.0,58856748304.0,unadjusted,TSETMC
2026-05-12,1405/02/22,1405,2,22,real_estate_funds,امین شهر,ص.س. املاک و مستغلات امین شهر,70814244102598215,بازار فرابورس,19960.0,20197.0,19890.0,19947.0,20013.0,19918.0,17159.0,269021567.0,5383976761428.0,unadjusted,TSETMC
2026-05-12,1405/02/22,1405,2,22,real_estate_funds,دانیک,ص.س.املاک ومستغلات نیک رای,67717913151786055,بازار فرابورس,13789.0,13789.0,13789.0,13789.0,13789.0,13388.0,104.0,1463105.0,20174754845.0,unadjusted,TSETMC
2026-05-12,1405/02/22,1405,2,22,real_estate_funds,مالک آتیه,ص.س.املاک و مستغلات مالک آتیه,37118058361762279,بازار فرابورس,14650.0,14650.0,14650.0,14650.0,14650.0,14224.0,70.0,2743599.0,40193725350.0,unadjusted,TSETMC
2026-05-12,1405/02/22,1405,2,22,real_estate_funds,کاخ,صندوق س کاخ-املاک,71595553356620707,بازار بورس,11938.0,11938.0,11938.0,11938.0,11938.0,11591.0,439.0,91593283.0,1093440612454.0,unadjusted,TSETMC
2026-05-12,1405/02/22,1405,2,22,real_estate_funds,کلید,صندوق س خانه آگاه-املاک,45292762906823004,بازار بورس,13882.0,13882.0,13882.0,13882.0,13882.0,13478.0,284.0,16273557.0,225909518274.0,unadjusted,TSETMC
2026-05-13,1405/02/23,1405,2,23,real_estate_funds,ارزش مسکن,ص.س.املاک ومستغلات ارزش مسکن,71945594172117613,بازار فرابورس,32477.0,32477.0,30857.0,31979.0,32103.0,31532.0,9105.0,83468419.0,2679609313513.0,unadjusted,TSETMC
2026-05-13,1405/02/23,1405,2,23,real_estate_funds,امین شهر,ص.س. املاک و مستغلات امین شهر,70814244102598215,بازار فرابورس,19947.0,20050.0,19413.0,19413.0,19473.0,20013.0,6427.0,149388444.0,2909014011220.0,unadjusted,TSETMC
2026-05-13,1405/02/23,1405,2,23,real_estate_funds,دانیک,ص.س.املاک ومستغلات نیک رای,67717913151786055,بازار فرابورس,14202.0,14202.0,13950.0,14202.0,14194.0,13789.0,2868.0,89583504.0,1271513979062.0,unadjusted,TSETMC
2026-05-13,1405/02/23,1405,2,23,real_estate_funds,عمارت دی,صندوق س دی-املاک,41480981133648877,بازار بورس,10000.0,10000.0,10000.0,10000.0,10000.0,10000.0,1613.0,776597000.0,7765970000000.0,unadjusted,TSETMC
2026-05-13,1405/02/23,1405,2,23,real_estate_funds,مالک آتیه,ص.س.املاک و مستغلات مالک آتیه,37118058361762279,بازار فرابورس,15089.0,15089.0,14211.0,14450.0,14592.0,14650.0,4052.0,78140501.0,1140212089462.0,unadjusted,TSETMC
2026-05-13,1405/02/23,1405,2,23,real_estate_funds,کاخ,صندوق س کاخ-املاک,71595553356620707,بازار بورس,12296.0,12296.0,11955.0,12100.0,12216.0,11938.0,10111.0,318995786.0,3896899673245.0,unadjusted,TSETMC
2026-05-13,1405/02/23,1405,2,23,real_estate_funds,کلید,صندوق س خانه آگاه-املاک,45292762906823004,بازار بورس,14298.0,14298.0,13640.0,13979.0,14058.0,13882.0,14809.0,327200797.0,4599802540590.0,unadjusted,TSETMC
2026-05-16,1405/02/26,1405,2,26,real_estate_funds,ارزش مسکن,ص.س.املاک ومستغلات ارزش مسکن,71945594172117613,بازار فرابورس,32286.0,33066.0,32011.0,33066.0,32655.0,32103.0,4093.0,34093534.0,1113324942022.0,unadjusted,TSETMC
2026-05-16,1405/02/26,1405,2,26,real_estate_funds,امین شهر,ص.س. املاک و مستغلات امین شهر,70814244102598215,بازار فرابورس,19100.0,19330.0,18954.0,19002.0,19113.0,19473.0,15048.0,320142113.0,6118940481214.0,unadjusted,TSETMC
2026-05-16,1405/02/26,1405,2,26,real_estate_funds,دانیک,ص.س.املاک ومستغلات نیک رای,67717913151786055,بازار فرابورس,14619.0,14619.0,14501.0,14619.0,14617.0,14194.0,731.0,28060818.0,410178583425.0,unadjusted,TSETMC
2026-05-16,1405/02/26,1405,2,26,real_estate_funds,مالک آتیه,ص.س.املاک و مستغلات مالک آتیه,37118058361762279,بازار فرابورس,14440.0,15029.0,14233.0,15029.0,14817.0,14592.0,2184.0,41383596.0,613179216889.0,unadjusted,TSETMC
2026-05-16,1405/02/26,1405,2,26,real_estate_funds,کاخ,صندوق س کاخ-املاک,71595553356620707,بازار بورس,12050.0,12582.0,12020.0,12582.0,12413.0,12216.0,8997.0,309875840.0,3846425213967.0,unadjusted,TSETMC
2026-05-16,1405/02/26,1405,2,26,real_estate_funds,کلید,صندوق س خانه آگاه-املاک,45292762906823004,بازار بورس,13954.0,14479.0,13911.0,14479.0,14246.0,14058.0,7826.0,143624322.0,2046015243669.0,unadjusted,TSETMC
2026-05-17,1405/02/27,1405,2,27,real_estate_funds,ارزش مسکن,ص.س.املاک ومستغلات ارزش مسکن,71945594172117613,بازار فرابورس,33634.0,33634.0,33555.0,33634.0,33634.0,32655.0,362.0,8724898.0,293449357711.0,unadjusted,TSETMC
2026-05-17,1405/02/27,1405,2,27,real_estate_funds,امین شهر,ص.س. املاک و مستغلات امین شهر,70814244102598215,بازار فرابورس,19036.0,19296.0,18880.0,18891.0,19124.0,19113.0,17512.0,310757245.0,5943009972796.0,unadjusted,TSETMC
2026-05-17,1405/02/27,1405,2,27,real_estate_funds,دانیک,ص.س.املاک ومستغلات نیک رای,67717913151786055,بازار فرابورس,15055.0,15055.0,15055.0,15055.0,15055.0,14617.0,77.0,620523.0,9341973765.0,unadjusted,TSETMC
2026-05-17,1405/02/27,1405,2,27,real_estate_funds,مالک آتیه,ص.س.املاک و مستغلات مالک آتیه,37118058361762279,بازار فرابورس,15020.0,15261.0,14860.0,15261.0,15194.0,14817.0,2742.0,44686834.0,678993825067.0,unadjusted,TSETMC
2026-05-17,1405/02/27,1405,2,27,real_estate_funds,کاخ,صندوق س کاخ-املاک,71595553356620707,بازار بورس,12600.0,12785.0,12520.0,12698.0,12706.0,12413.0,10292.0,221659004.0,2816369010317.0,unadjusted,TSETMC
2026-05-17,1405/02/27,1405,2,27,real_estate_funds,کلید,صندوق س خانه آگاه-املاک,45292762906823004,بازار بورس,14673.0,14673.0,14506.0,14673.0,14660.0,14246.0,847.0,24604144.0,360708907358.0,unadjusted,TSETMC
2026-05-18,1405/02/28,1405,2,28,real_estate_funds,ارزش مسکن,ص.س.املاک ومستغلات ارزش مسکن,71945594172117613,بازار فرابورس,34643.0,34643.0,32625.0,32625.0,33943.0,33634.0,5433.0,52846042.0,1793768929368.0,unadjusted,TSETMC
2026-05-18,1405/02/28,1405,2,28,real_estate_funds,امین شهر,ص.س. املاک و مستغلات امین شهر,70814244102598215,بازار فرابورس,18986.0,19196.0,18551.0,18551.0,18872.0,19124.0,12656.0,318826670.0,6016799843136.0,unadjusted,TSETMC
2026-05-18,1405/02/28,1405,2,28,real_estate_funds,دانیک,ص.س.املاک ومستغلات نیک رای,67717913151786055,بازار فرابورس,15506.0,15506.0,14604.0,14604.0,15076.0,15055.0,3415.0,84958198.0,1280818795240.0,unadjusted,TSETMC
2026-05-18,1405/02/28,1405,2,28,real_estate_funds,مالک آتیه,ص.س.املاک و مستغلات مالک آتیه,37118058361762279,بازار فرابورس,15310.0,15649.0,14739.0,14739.0,15281.0,15194.0,2836.0,42808689.0,654155155151.0,unadjusted,TSETMC
2026-05-18,1405/02/28,1405,2,28,real_estate_funds,کاخ,صندوق س کاخ-املاک,71595553356620707,بازار بورس,12750.0,13028.0,12325.0,12325.0,12722.0,12706.0,9623.0,246938479.0,3141486559301.0,unadjusted,TSETMC
2026-05-18,1405/02/28,1405,2,28,real_estate_funds,کلید,صندوق س خانه آگاه-املاک,45292762906823004,بازار بورس,15099.0,15099.0,14221.0,14221.0,14718.0,14660.0,8654.0,209563546.0,3084426681453.0,unadjusted,TSETMC
2026-05-19,1405/02/29,1405,2,29,real_estate_funds,ارزش مسکن,ص.س.املاک ومستغلات ارزش مسکن,71945594172117613,بازار فرابورس,32925.0,32925.0,32925.0,32925.0,32925.0,33943.0,143.0,918888.0,30254387400.0,unadjusted,TSETMC
2026-05-19,1405/02/29,1405,2,29,real_estate_funds,امین شهر,ص.س. املاک و مستغلات امین شهر,70814244102598215,بازار فرابورس,18768.0,18768.0,18306.0,18499.0,18376.0,18872.0,3843.0,109702453.0,2015853177906.0,unadjusted,TSETMC
2026-05-19,1405/02/29,1405,2,29,real_estate_funds,دانیک,ص.س.املاک ومستغلات نیک رای,67717913151786055,بازار فرابورس,14624.0,14624.0,14624.0,14624.0,14624.0,15076.0,91.0,1826104.0,26704944896.0,unadjusted,TSETMC
2026-05-19,1405/02/29,1405,2,29,real_estate_funds,مالک آتیه,ص.س.املاک و مستغلات مالک آتیه,37118058361762279,بازار فرابورس,14823.0,14823.0,14823.0,14823.0,14823.0,15281.0,105.0,2711353.0,40190385519.0,unadjusted,TSETMC
2026-05-19,1405/02/29,1405,2,29,real_estate_funds,کاخ,صندوق س کاخ-املاک,71595553356620707,بازار بورس,12341.0,12341.0,12341.0,12341.0,12341.0,12722.0,191.0,1613897.0,19917102877.0,unadjusted,TSETMC
2026-05-19,1405/02/29,1405,2,29,real_estate_funds,کلید,صندوق س خانه آگاه-املاک,45292762906823004,بازار بورس,14277.0,14277.0,14277.0,14277.0,14277.0,14718.0,255.0,1448422.0,20679120894.0,unadjusted,TSETMC
2026-05-20,1405/02/30,1405,2,30,real_estate_funds,ارزش مسکن,ص.س.املاک ومستغلات ارزش مسکن,71945594172117613,بازار فرابورس,31938.0,31938.0,31938.0,31938.0,31938.0,32925.0,227.0,1341068.0,42831029784.0,unadjusted,TSETMC
2026-05-20,1405/02/30,1405,2,30,real_estate_funds,امین شهر,ص.س. املاک و مستغلات امین شهر,70814244102598215,بازار فرابورس,18400.0,18720.0,18375.0,18512.0,18413.0,18376.0,2252.0,42589011.0,784201676249.0,unadjusted,TSETMC
2026-05-20,1405/02/30,1405,2,30,real_estate_funds,دانیک,ص.س.املاک ومستغلات نیک رای,67717913151786055,بازار فرابورس,14186.0,14186.0,14186.0,14186.0,14186.0,14624.0,173.0,1444407.0,20490357702.0,unadjusted,TSETMC
2026-05-20,1405/02/30,1405,2,30,real_estate_funds,مالک آتیه,ص.س.املاک و مستغلات مالک آتیه,37118058361762279,بازار فرابورس,14379.0,14379.0,14379.0,14379.0,14379.0,14823.0,104.0,2700500.0,38830489500.0,unadjusted,TSETMC
2026-05-20,1405/02/30,1405,2,30,real_estate_funds,کاخ,صندوق س کاخ-املاک,71595553356620707,بازار بورس,11971.0,11971.0,11971.0,11971.0,11971.0,12341.0,400.0,22423773.0,268434986583.0,unadjusted,TSETMC
2026-05-20,1405/02/30,1405,2,30,real_estate_funds,کلید,صندوق س خانه آگاه-املاک,45292762906823004,بازار بورس,13849.0,13978.0,13849.0,13860.0,13855.0,14277.0,3795.0,86719810.0,1201491694372.0,unadjusted,TSETMC
2026-05-23,1405/03/02,1405,3,2,real_estate_funds,ارزش مسکن,ص.س.املاک ومستغلات ارزش مسکن,71945594172117613,بازار فرابورس,30980.0,32896.0,30980.0,32660.0,32272.0,31938.0,6504.0,60561070.0,1954427198152.0,unadjusted,TSETMC
2026-05-23,1405/03/02,1405,3,2,real_estate_funds,امین شهر,ص.س. املاک و مستغلات امین شهر,70814244102598215,بازار فرابورس,18461.0,18953.0,18456.0,18616.0,18715.0,18413.0,4053.0,54334096.0,1016880190379.0,unadjusted,TSETMC
2026-05-23,1405/03/02,1405,3,2,real_estate_funds,دانیک,ص.س.املاک ومستغلات نیک رای,67717913151786055,بازار فرابورس,13761.0,14611.0,13761.0,14512.0,14302.0,14186.0,3788.0,63121480.0,902741304731.0,unadjusted,TSETMC
2026-05-23,1405/03/02,1405,3,2,real_estate_funds,مالک آتیه,ص.س.املاک و مستغلات مالک آتیه,37118058361762279,بازار فرابورس,13948.0,14805.0,13948.0,14183.0,14299.0,14379.0,3462.0,61279095.0,876259364146.0,unadjusted,TSETMC
2026-05-23,1405/03/02,1405,3,2,real_estate_funds,کاخ,صندوق س کاخ-املاک,71595553356620707,بازار بورس,11612.0,12315.0,11612.0,11799.0,11965.0,11971.0,9131.0,234830062.0,2809646688563.0,unadjusted,TSETMC
2026-05-23,1405/03/02,1405,3,2,real_estate_funds,کلید,صندوق س خانه آگاه-املاک,45292762906823004,بازار بورس,13705.0,14270.0,13705.0,14270.0,14244.0,13855.0,3162.0,55105049.0,784934531901.0,unadjusted,TSETMC
2026-05-24,1405/03/03,1405,3,3,real_estate_funds,ارزش مسکن,ص.س.املاک ومستغلات ارزش مسکن,71945594172117613,بازار فرابورس,33230.0,33230.0,31304.0,31399.0,31963.0,32272.0,6653.0,38231173.0,1221988270538.0,unadjusted,TSETMC
2026-05-24,1405/03/03,1405,3,3,real_estate_funds,امین شهر,ص.س. املاک و مستغلات امین شهر,70814244102598215,بازار فرابورس,18899.0,18900.0,18390.0,18443.0,18662.0,18715.0,4348.0,74131787.0,1383421400466.0,unadjusted,TSETMC
2026-05-24,1405/03/03,1405,3,3,real_estate_funds,دانیک,ص.س.املاک ومستغلات نیک رای,67717913151786055,بازار فرابورس,14611.0,14731.0,13873.0,13880.0,14097.0,14302.0,4357.0,55556962.0,783166075758.0,unadjusted,TSETMC
2026-05-24,1405/03/03,1405,3,3,real_estate_funds,مالک آتیه,ص.س.املاک و مستغلات مالک آتیه,37118058361762279,بازار فرابورس,14200.0,14519.0,13871.0,13871.0,14083.0,14299.0,2118.0,29857800.0,420474838583.0,unadjusted,TSETMC
2026-05-24,1405/03/03,1405,3,3,real_estate_funds,کاخ,صندوق س کاخ-املاک,71595553356620707,بازار بورس,12000.0,12199.0,11607.0,11608.0,11746.0,11965.0,5585.0,144005050.0,1691504254208.0,unadjusted,TSETMC
2026-05-24,1405/03/03,1405,3,3,real_estate_funds,کلید,صندوق س خانه آگاه-املاک,45292762906823004,بازار بورس,14600.0,14671.0,13818.0,14238.0,14286.0,14244.0,8423.0,101898946.0,1455684343668.0,unadjusted,TSETMC
2026-05-25,1405/03/04,1405,3,4,real_estate_funds,ارزش مسکن,ص.س.املاک ومستغلات ارزش مسکن,71945594172117613,بازار فرابورس,31810.0,31810.0,31005.0,31005.0,31235.0,31963.0,2022.0,11566669.0,361279381035.0,unadjusted,TSETMC
2026-05-25,1405/03/04,1405,3,4,real_estate_funds,امین شهر,ص.س. املاک و مستغلات امین شهر,70814244102598215,بازار فرابورس,18662.0,19088.0,18539.0,18794.0,18678.0,18662.0,2415.0,86802823.0,1621345992816.0,unadjusted,TSETMC
2026-05-25,1405/03/04,1405,3,4,real_estate_funds,دانیک,ص.س.املاک ومستغلات نیک رای,67717913151786055,بازار فرابورس,13800.0,14029.0,13675.0,13675.0,13746.0,14097.0,1238.0,13650710.0,187641017237.0,unadjusted,TSETMC
2026-05-25,1405/03/04,1405,3,4,real_estate_funds,مالک آتیه,ص.س.املاک و مستغلات مالک آتیه,37118058361762279,بازار فرابورس,13872.0,13993.0,13661.0,13661.0,13669.0,14083.0,864.0,14382190.0,196593638406.0,unadjusted,TSETMC
2026-05-25,1405/03/04,1405,3,4,real_estate_funds,کاخ,صندوق س کاخ-املاک,71595553356620707,بازار بورس,11607.0,11690.0,11394.0,11400.0,11413.0,11746.0,3477.0,76996300.0,878743686169.0,unadjusted,TSETMC
2026-05-25,1405/03/04,1405,3,4,real_estate_funds,کلید,صندوق س خانه آگاه-املاک,45292762906823004,بازار بورس,14333.0,14333.0,13880.0,14021.0,14017.0,14286.0,5098.0,60224406.0,844137540854.0,unadjusted,TSETMC
2026-05-26,1405/03/05,1405,3,5,real_estate_funds,ارزش مسکن,ص.س.املاک ومستغلات ارزش مسکن,71945594172117613,بازار فرابورس,30298.0,31868.0,30298.0,31389.0,31159.0,31235.0,6539.0,49554297.0,1544056575222.0,unadjusted,TSETMC
2026-05-26,1405/03/05,1405,3,5,real_estate_funds,امین شهر,ص.س. املاک و مستغلات امین شهر,70814244102598215,بازار فرابورس,18890.0,18890.0,18710.0,18788.0,18780.0,18678.0,1487.0,17944312.0,337002638500.0,unadjusted,TSETMC
2026-05-26,1405/03/05,1405,3,5,real_estate_funds,دانیک,ص.س.املاک ومستغلات نیک رای,67717913151786055,بازار فرابورس,13334.0,14040.0,13334.0,13890.0,13748.0,13746.0,4793.0,57759935.0,794078913724.0,unadjusted,TSETMC
2026-05-26,1405/03/05,1405,3,5,real_estate_funds,کاخ,صندوق س کاخ-املاک,71595553356620707,بازار بورس,11323.0,11680.0,11102.0,11600.0,11442.0,11413.0,2502.0,45754332.0,523533072819.0,unadjusted,TSETMC
2026-05-26,1405/03/05,1405,3,5,real_estate_funds,کلید,صندوق س خانه آگاه-املاک,45292762906823004,بازار بورس,14000.0,14433.0,13598.0,14401.0,14190.0,14017.0,4844.0,59467930.0,843832075140.0,unadjusted,TSETMC
2026-05-30,1405/03/09,1405,3,9,real_estate_funds,ارزش مسکن,ص.س.املاک ومستغلات ارزش مسکن,71945594172117613,بازار فرابورس,32050.0,32093.0,31550.0,32093.0,31984.0,31159.0,1675.0,12757983.0,408054039145.0,unadjusted,TSETMC
2026-05-30,1405/03/09,1405,3,9,real_estate_funds,امین شهر,ص.س. املاک و مستغلات امین شهر,70814244102598215,بازار فرابورس,18880.0,19280.0,18822.0,19188.0,19154.0,18780.0,4224.0,58805856.0,1126390228000.0,unadjusted,TSETMC
2026-05-30,1405/03/09,1405,3,9,real_estate_funds,دانیک,ص.س.املاک ومستغلات نیک رای,67717913151786055,بازار فرابورس,14100.0,14160.0,13980.0,14160.0,14122.0,13748.0,788.0,13646685.0,192711948431.0,unadjusted,TSETMC
2026-05-30,1405/03/09,1405,3,9,real_estate_funds,مالک آتیه,ص.س.املاک و مستغلات مالک آتیه,37118058361762279,بازار فرابورس,12665.0,12665.0,12665.0,12665.0,12665.0,12297.0,55.0,2758209.0,34932716985.0,unadjusted,TSETMC
2026-05-30,1405/03/09,1405,3,9,real_estate_funds,کاخ,صندوق س کاخ-املاک,71595553356620707,بازار بورس,11698.0,11785.0,11522.0,11785.0,11767.0,11442.0,1880.0,39984735.0,470504240412.0,unadjusted,TSETMC
2026-05-30,1405/03/09,1405,3,9,real_estate_funds,کلید,صندوق س خانه آگاه-املاک,45292762906823004,بازار بورس,14585.0,14615.0,14350.0,14615.0,14571.0,14190.0,1314.0,26411157.0,384839676679.0,unadjusted,TSETMC
2026-05-31,1405/03/10,1405,3,10,real_estate_funds,ارزش مسکن,ص.س.املاک ومستغلات ارزش مسکن,71945594172117613,بازار فرابورس,32400.0,32943.0,32170.0,32231.0,32491.0,31984.0,5619.0,30446611.0,989231235361.0,unadjusted,TSETMC
2026-05-31,1405/03/10,1405,3,10,real_estate_funds,امین شهر,ص.س. املاک و مستغلات امین شهر,70814244102598215,بازار فرابورس,19200.0,19450.0,18900.0,18908.0,19170.0,19154.0,6610.0,73365032.0,1406374163171.0,unadjusted,TSETMC
2026-05-31,1405/03/10,1405,3,10,real_estate_funds,دانیک,ص.س.املاک ومستغلات نیک رای,67717913151786055,بازار فرابورس,14270.0,14545.0,14130.0,14130.0,14333.0,14122.0,2970.0,44374054.0,636024228592.0,unadjusted,TSETMC
2026-05-31,1405/03/10,1405,3,10,real_estate_funds,مالک آتیه,ص.س.املاک و مستغلات مالک آتیه,37118058361762279,بازار فرابورس,13000.0,13040.0,12668.0,12808.0,12918.0,12665.0,1504.0,13660119.0,176466357672.0,unadjusted,TSETMC
2026-05-31,1405/03/10,1405,3,10,real_estate_funds,کاخ,صندوق س کاخ-املاک,71595553356620707,بازار بورس,11944.0,12110.0,11771.0,11879.0,11962.0,11767.0,3033.0,57297123.0,685404292387.0,unadjusted,TSETMC
2026-05-31,1405/03/10,1405,3,10,real_estate_funds,کلید,صندوق س خانه آگاه-املاک,45292762906823004,بازار بورس,14950.0,15008.0,14700.0,14780.0,14878.0,14571.0,6442.0,57227614.0,851458578140.0,unadjusted,TSETMC
2026-06-01,1405/03/11,1405,3,11,real_estate_funds,ارزش مسکن,ص.س.املاک ومستغلات ارزش مسکن,71945594172117613,بازار فرابورس,32440.0,32440.0,31517.0,31517.0,31649.0,32491.0,4227.0,26814316.0,848649490882.0,unadjusted,TSETMC
2026-06-01,1405/03/11,1405,3,11,real_estate_funds,امین شهر,ص.س. املاک و مستغلات امین شهر,70814244102598215,بازار فرابورس,18910.0,18990.0,18595.0,18652.0,18671.0,19170.0,3686.0,166644217.0,3111449817126.0,unadjusted,TSETMC
2026-06-01,1405/03/11,1405,3,11,real_estate_funds,دانیک,ص.س.املاک ومستغلات نیک رای,67717913151786055,بازار فرابورس,14090.0,14169.0,13904.0,13904.0,13960.0,14333.0,1483.0,15453141.0,215719783561.0,unadjusted,TSETMC
2026-06-01,1405/03/11,1405,3,11,real_estate_funds,مالک آتیه,ص.س.املاک و مستغلات مالک آتیه,37118058361762279,بازار فرابورس,12893.0,12893.0,12531.0,12531.0,12584.0,12918.0,654.0,9220027.0,116024660165.0,unadjusted,TSETMC
2026-06-01,1405/03/11,1405,3,11,real_estate_funds,کاخ,صندوق س کاخ-املاک,71595553356620707,بازار بورس,11734.0,11898.0,11604.0,11604.0,11637.0,11962.0,1310.0,25066069.0,291690239510.0,unadjusted,TSETMC
2026-06-01,1405/03/11,1405,3,11,real_estate_funds,کلید,صندوق س خانه آگاه-املاک,45292762906823004,بازار بورس,14790.0,14800.0,14432.0,14500.0,14530.0,14878.0,5178.0,65348197.0,949529505216.0,unadjusted,TSETMC
2026-06-02,1405/03/12,1405,3,12,real_estate_funds,ارزش مسکن,ص.س.املاک ومستغلات ارزش مسکن,71945594172117613,بازار فرابورس,31489.0,31718.0,30702.0,30913.0,31182.0,31649.0,4153.0,17798992.0,555015978275.0,unadjusted,TSETMC
2026-06-02,1405/03/12,1405,3,12,real_estate_funds,امین شهر,ص.س. املاک و مستغلات امین شهر,70814244102598215,بازار فرابورس,19000.0,19000.0,18671.0,18721.0,18752.0,18671.0,1319.0,32028725.0,600599304590.0,unadjusted,TSETMC
2026-06-02,1405/03/12,1405,3,12,real_estate_funds,دانیک,ص.س.املاک ومستغلات نیک رای,67717913151786055,بازار فرابورس,13700.0,13899.0,13542.0,13542.0,13640.0,13960.0,3415.0,29049057.0,396236146004.0,unadjusted,TSETMC
2026-06-02,1405/03/12,1405,3,12,real_estate_funds,مالک آتیه,ص.س.املاک و مستغلات مالک آتیه,37118058361762279,بازار فرابورس,12250.0,12530.0,12207.0,12211.0,12296.0,12584.0,1047.0,13036201.0,160296739134.0,unadjusted,TSETMC
2026-06-02,1405/03/12,1405,3,12,real_estate_funds,کاخ,صندوق س کاخ-املاک,71595553356620707,بازار بورس,11366.0,11599.0,11288.0,11293.0,11369.0,11637.0,2494.0,56908625.0,646980328082.0,unadjusted,TSETMC
2026-06-02,1405/03/12,1405,3,12,real_estate_funds,کلید,صندوق س خانه آگاه-املاک,45292762906823004,بازار بورس,14530.0,14660.0,14195.0,14375.0,14504.0,14530.0,3655.0,47167048.0,684089604217.0,unadjusted,TSETMC
2026-06-03,1405/03/13,1405,3,13,real_estate_funds,ارزش مسکن,ص.س.املاک ومستغلات ارزش مسکن,71945594172117613,بازار فرابورس,30400.0,30936.0,30247.0,30247.0,30299.0,31182.0,3446.0,16973729.0,514294371933.0,unadjusted,TSETMC
2026-06-03,1405/03/13,1405,3,13,real_estate_funds,امین شهر,ص.س. املاک و مستغلات امین شهر,70814244102598215,بازار فرابورس,18432.0,19008.0,18330.0,18987.0,18799.0,18752.0,2705.0,52417963.0,985389864890.0,unadjusted,TSETMC
2026-06-03,1405/03/13,1405,3,13,real_estate_funds,دانیک,ص.س.املاک ومستغلات نیک رای,67717913151786055,بازار فرابورس,13300.0,13500.0,13231.0,13231.0,13254.0,13640.0,1672.0,29557961.0,391772161714.0,unadjusted,TSETMC
2026-06-03,1405/03/13,1405,3,13,real_estate_funds,مالک آتیه,ص.س.املاک و مستغلات مالک آتیه,37118058361762279,بازار فرابورس,12201.0,12207.0,11928.0,11928.0,11976.0,12296.0,701.0,9344335.0,111909294284.0,unadjusted,TSETMC
2026-06-03,1405/03/13,1405,3,13,real_estate_funds,کاخ,صندوق س کاخ-املاک,71595553356620707,بازار بورس,11300.0,11300.0,11028.0,11028.0,11041.0,11369.0,1976.0,43930831.0,485050272029.0,unadjusted,TSETMC
2026-06-03,1405/03/13,1405,3,13,real_estate_funds,کلید,صندوق س خانه آگاه-املاک,45292762906823004,بازار بورس,14209.0,14451.0,14120.0,14280.0,14259.0,14504.0,3144.0,36099889.0,514763687480.0,unadjusted,TSETMC
2026-06-06,1405/03/16,1405,3,16,real_estate_funds,ارزش مسکن,ص.س.املاک ومستغلات ارزش مسکن,71945594172117613,بازار فرابورس,30789.0,31207.0,29500.0,31207.0,30958.0,30299.0,3151.0,21957804.0,679773877424.0,unadjusted,TSETMC
2026-06-06,1405/03/16,1405,3,16,real_estate_funds,امین شهر,ص.س. املاک و مستغلات امین شهر,70814244102598215,بازار فرابورس,18811.0,19264.0,18811.0,19200.0,19110.0,18799.0,1720.0,16474455.0,314826957194.0,unadjusted,TSETMC
2026-06-06,1405/03/16,1405,3,16,real_estate_funds,دانیک,ص.س.املاک ومستغلات نیک رای,67717913151786055,بازار فرابورس,13170.0,13651.0,13170.0,13651.0,13549.0,13254.0,1653.0,24592420.0,333213341543.0,unadjusted,TSETMC
2026-06-06,1405/03/16,1405,3,16,real_estate_funds,مالک آتیه,ص.س.املاک و مستغلات مالک آتیه,37118058361762279,بازار فرابورس,11975.0,12335.0,11800.0,12288.0,12171.0,11976.0,1482.0,20933604.0,254793014295.0,unadjusted,TSETMC
2026-06-06,1405/03/16,1405,3,16,real_estate_funds,کاخ,صندوق س کاخ-املاک,71595553356620707,بازار بورس,10928.0,11369.0,10928.0,11290.0,11236.0,11041.0,3461.0,56376311.0,633442619165.0,unadjusted,TSETMC
2026-06-06,1405/03/16,1405,3,16,real_estate_funds,کلید,صندوق س خانه آگاه-املاک,45292762906823004,بازار بورس,14300.0,14686.0,14200.0,14686.0,14639.0,14259.0,2010.0,29116639.0,426244732599.0,unadjusted,TSETMC
2026-06-07,1405/03/17,1405,3,17,real_estate_funds,ارزش مسکن,ص.س.املاک ومستغلات ارزش مسکن,71945594172117613,بازار فرابورس,31886.0,31886.0,31886.0,31886.0,31886.0,30958.0,172.0,1798636.0,57351307496.0,unadjusted,TSETMC
2026-06-07,1405/03/17,1405,3,17,real_estate_funds,امین شهر,ص.س. املاک و مستغلات امین شهر,70814244102598215,بازار فرابورس,19290.0,19425.0,19035.0,19280.0,19228.0,19110.0,3066.0,33203972.0,638454458704.0,unadjusted,TSETMC
2026-06-07,1405/03/17,1405,3,17,real_estate_funds,دانیک,ص.س.املاک ومستغلات نیک رای,67717913151786055,بازار فرابورس,13955.0,13955.0,13652.0,13955.0,13927.0,13549.0,856.0,12636897.0,175998444468.0,unadjusted,TSETMC
2026-06-07,1405/03/17,1405,3,17,real_estate_funds,مالک آتیه,ص.س.املاک و مستغلات مالک آتیه,37118058361762279,بازار فرابورس,12400.0,12486.0,12379.0,12382.0,12416.0,12171.0,1136.0,11632537.0,144433752945.0,unadjusted,TSETMC
2026-06-07,1405/03/17,1405,3,17,real_estate_funds,کاخ,صندوق س کاخ-املاک,71595553356620707,بازار بورس,11372.0,11520.0,11301.0,11391.0,11437.0,11236.0,2383.0,41325805.0,472660532490.0,unadjusted,TSETMC
2026-06-07,1405/03/17,1405,3,17,real_estate_funds,کلید,صندوق س خانه آگاه-املاک,45292762906823004,بازار بورس,14905.0,15078.0,14905.0,15078.0,15048.0,14639.0,1940.0,32522457.0,489399944981.0,unadjusted,TSETMC
2026-06-08,1405/03/18,1405,3,18,real_estate_funds,ارزش مسکن,ص.س.املاک ومستغلات ارزش مسکن,71945594172117613,بازار فرابورس,30930.0,31850.0,30930.0,31225.0,30959.0,31886.0,1948.0,19024550.0,588972336541.0,unadjusted,TSETMC
2026-06-08,1405/03/18,1405,3,18,real_estate_funds,امین شهر,ص.س. املاک و مستغلات امین شهر,70814244102598215,بازار فرابورس,19228.0,19294.0,19063.0,19294.0,19209.0,19228.0,1897.0,51543682.0,990090896599.0,unadjusted,TSETMC
2026-06-08,1405/03/18,1405,3,18,real_estate_funds,دانیک,ص.س.املاک ومستغلات نیک رای,67717913151786055,بازار فرابورس,13510.0,13510.0,13510.0,13510.0,13510.0,13927.0,314.0,5218699.0,70504623490.0,unadjusted,TSETMC
2026-06-08,1405/03/18,1405,3,18,real_estate_funds,مالک آتیه,ص.س.املاک و مستغلات مالک آتیه,37118058361762279,بازار فرابورس,12044.0,12044.0,12044.0,12044.0,12044.0,12416.0,118.0,2737084.0,32965439696.0,unadjusted,TSETMC
2026-06-08,1405/03/18,1405,3,18,real_estate_funds,کاخ,صندوق س کاخ-املاک,71595553356620707,بازار بورس,11094.0,11094.0,11094.0,11094.0,11094.0,11437.0,227.0,3951007.0,43832471658.0,unadjusted,TSETMC
2026-06-08,1405/03/18,1405,3,18,real_estate_funds,کلید,صندوق س خانه آگاه-املاک,45292762906823004,بازار بورس,14597.0,14597.0,14597.0,14597.0,14597.0,15048.0,654.0,21428084.0,312785742148.0,unadjusted,TSETMC
2026-06-09,1405/03/19,1405,3,19,real_estate_funds,ارزش مسکن,ص.س.املاک ومستغلات ارزش مسکن,71945594172117613,بازار فرابورس,31887.0,31887.0,31887.0,31887.0,31887.0,30959.0,180.0,2092152.0,66712450824.0,unadjusted,TSETMC
2026-06-09,1405/03/19,1405,3,19,real_estate_funds,امین شهر,ص.س. املاک و مستغلات امین شهر,70814244102598215,بازار فرابورس,19330.0,19700.0,19330.0,19372.0,19459.0,19209.0,2753.0,29401993.0,572134287652.0,unadjusted,TSETMC
2026-06-09,1405/03/19,1405,3,19,real_estate_funds,دانیک,ص.س.املاک ومستغلات نیک رای,67717913151786055,بازار فرابورس,13900.0,13915.0,13808.0,13915.0,13909.0,13510.0,817.0,16648177.0,231560276122.0,unadjusted,TSETMC
2026-06-09,1405/03/19,1405,3,19,real_estate_funds,مالک آتیه,ص.س.املاک و مستغلات مالک آتیه,37118058361762279,بازار فرابورس,12390.0,12404.0,12181.0,12385.0,12343.0,12044.0,1308.0,12957027.0,159925200412.0,unadjusted,TSETMC
2026-06-09,1405/03/19,1405,3,19,real_estate_funds,کاخ,صندوق س کاخ-املاک,71595553356620707,بازار بورس,11320.0,11426.0,11150.0,11409.0,11356.0,11094.0,2559.0,42113046.0,478227733952.0,unadjusted,TSETMC
2026-06-09,1405/03/19,1405,3,19,real_estate_funds,کلید,صندوق س خانه آگاه-املاک,45292762906823004,بازار بورس,15000.0,15034.0,15000.0,15034.0,15032.0,14597.0,765.0,14941135.0,224592823256.0,unadjusted,TSETMC
2026-06-10,1405/03/20,1405,3,20,real_estate_funds,ارزش مسکن,ص.س.املاک ومستغلات ارزش مسکن,71945594172117613,بازار فرابورس,32180.0,32843.0,31403.0,32617.0,32451.0,31887.0,4372.0,31572449.0,1024552532854.0,unadjusted,TSETMC
2026-06-10,1405/03/20,1405,3,20,real_estate_funds,امین شهر,ص.س. املاک و مستغلات امین شهر,70814244102598215,بازار فرابورس,19330.0,19380.0,18876.0,18925.0,19088.0,19459.0,3782.0,103507035.0,1975753062968.0,unadjusted,TSETMC
2026-06-10,1405/03/20,1405,3,20,real_estate_funds,دانیک,ص.س.املاک ومستغلات نیک رای,67717913151786055,بازار فرابورس,13690.0,14282.0,13492.0,13952.0,14018.0,13909.0,4026.0,50141133.0,702879339833.0,unadjusted,TSETMC
2026-06-10,1405/03/20,1405,3,20,real_estate_funds,مالک آتیه,ص.س.املاک و مستغلات مالک آتیه,37118058361762279,بازار فرابورس,12380.0,12506.0,11973.0,12104.0,12222.0,12343.0,2602.0,44756510.0,546992803446.0,unadjusted,TSETMC
2026-06-10,1405/03/20,1405,3,20,real_estate_funds,کاخ,صندوق س کاخ-املاک,71595553356620707,بازار بورس,11305.0,11550.0,11090.0,11200.0,11326.0,11356.0,3201.0,60008914.0,679645189216.0,unadjusted,TSETMC
2026-06-10,1405/03/20,1405,3,20,real_estate_funds,کلید,صندوق س خانه آگاه-املاک,45292762906823004,بازار بورس,15159.0,15439.0,14600.0,15170.0,15171.0,15032.0,6126.0,102177767.0,1550094952724.0,unadjusted,TSETMC
2026-06-13,1405/03/23,1405,3,23,real_estate_funds,ارزش مسکن,ص.س.املاک ومستغلات ارزش مسکن,71945594172117613,بازار فرابورس,33424.0,33424.0,33424.0,33424.0,33424.0,32451.0,136.0,1246075.0,41648810800.0,unadjusted,TSETMC
2026-06-13,1405/03/23,1405,3,23,real_estate_funds,امین شهر,ص.س. املاک و مستغلات امین شهر,70814244102598215,بازار فرابورس,19240.0,19575.0,19090.0,19399.0,19370.0,19088.0,6663.0,133475815.0,2585364186555.0,unadjusted,TSETMC
2026-06-13,1405/03/23,1405,3,23,real_estate_funds,دانیک,ص.س.املاک ومستغلات نیک رای,67717913151786055,بازار فرابورس,14438.0,14438.0,14437.0,14438.0,14438.0,14018.0,213.0,5368275.0,77507054450.0,unadjusted,TSETMC
2026-06-13,1405/03/23,1405,3,23,real_estate_funds,مالک آتیه,ص.س.املاک و مستغلات مالک آتیه,37118058361762279,بازار فرابورس,12222.0,12588.0,12222.0,12588.0,12583.0,12222.0,714.0,30727069.0,386641446804.0,unadjusted,TSETMC
2026-06-13,1405/03/23,1405,3,23,real_estate_funds,کاخ,صندوق س کاخ-املاک,71595553356620707,بازار بورس,11611.0,11665.0,11550.0,11665.0,11648.0,11326.0,1543.0,26700905.0,311025193662.0,unadjusted,TSETMC
2026-06-13,1405/03/23,1405,3,23,real_estate_funds,کلید,صندوق س خانه آگاه-املاک,45292762906823004,بازار بورس,15625.0,15626.0,15625.0,15626.0,15626.0,15171.0,250.0,8809338.0,137652305376.0,unadjusted,TSETMC
2026-06-14,1405/03/24,1405,3,24,real_estate_funds,ارزش مسکن,ص.س.املاک ومستغلات ارزش مسکن,71945594172117613,بازار فرابورس,34426.0,34426.0,33817.0,33940.0,34341.0,33424.0,3525.0,24160175.0,829696623040.0,unadjusted,TSETMC
2026-06-14,1405/03/24,1405,3,24,real_estate_funds,امین شهر,ص.س. املاک و مستغلات امین شهر,70814244102598215,بازار فرابورس,19409.0,19510.0,18920.0,18941.0,19316.0,19370.0,4797.0,66273178.0,1280134374930.0,unadjusted,TSETMC
2026-06-14,1405/03/24,1405,3,24,real_estate_funds,دانیک,ص.س.املاک ومستغلات نیک رای,67717913151786055,بازار فرابورس,14871.0,14871.0,14513.0,14513.0,14813.0,14438.0,2043.0,29734253.0,440447774488.0,unadjusted,TSETMC
2026-06-14,1405/03/24,1405,3,24,real_estate_funds,مالک آتیه,ص.س.املاک و مستغلات مالک آتیه,37118058361762279,بازار فرابورس,12840.0,12870.0,12367.0,12472.0,12741.0,12583.0,4375.0,75653231.0,963912138954.0,unadjusted,TSETMC
2026-06-14,1405/03/24,1405,3,24,real_estate_funds,کاخ,صندوق س کاخ-املاک,71595553356620707,بازار بورس,11996.0,11997.0,11800.0,11940.0,11955.0,11648.0,2381.0,57252792.0,684430995124.0,unadjusted,TSETMC
2026-06-14,1405/03/24,1405,3,24,real_estate_funds,کلید,صندوق س خانه آگاه-املاک,45292762906823004,بازار بورس,16094.0,16094.0,15832.0,15840.0,16064.0,15626.0,4276.0,74686267.0,1199728982719.0,unadjusted,TSETMC
2026-06-15,1405/03/25,1405,3,25,real_estate_funds,ارزش مسکن,ص.س.املاک ومستغلات ارزش مسکن,71945594172117613,بازار فرابورس,35371.0,35371.0,35371.0,35371.0,35371.0,34341.0,285.0,2171409.0,76804907739.0,unadjusted,TSETMC
2026-06-15,1405/03/25,1405,3,25,real_estate_funds,امین شهر,ص.س. املاک و مستغلات امین شهر,70814244102598215,بازار فرابورس,19369.0,19680.0,19220.0,19322.0,19457.0,19316.0,6805.0,81747769.0,1590600678742.0,unadjusted,TSETMC
2026-06-15,1405/03/25,1405,3,25,real_estate_funds,دانیک,ص.س.املاک ومستغلات نیک رای,67717913151786055,بازار فرابورس,15110.0,15257.0,15100.0,15257.0,15243.0,14813.0,561.0,11086132.0,168984425392.0,unadjusted,TSETMC
2026-06-15,1405/03/25,1405,3,25,real_estate_funds,مالک آتیه,ص.س.املاک و مستغلات مالک آتیه,37118058361762279,بازار فرابورس,12880.0,13123.0,12820.0,13123.0,13060.0,12741.0,2668.0,43261793.0,565009732127.0,unadjusted,TSETMC
2026-06-15,1405/03/25,1405,3,25,real_estate_funds,کاخ,صندوق س کاخ-املاک,71595553356620707,بازار بورس,12200.0,12313.0,12200.0,12313.0,12304.0,11955.0,1107.0,27370362.0,336767124430.0,unadjusted,TSETMC
2026-06-15,1405/03/25,1405,3,25,real_estate_funds,کلید,صندوق س خانه آگاه-املاک,45292762906823004,بازار بورس,16545.0,16545.0,16300.0,16545.0,16533.0,16064.0,2210.0,36777485.0,608036613541.0,unadjusted,TSETMC
2026-06-16,1405/03/26,1405,3,26,real_estate_funds,ارزش مسکن,ص.س.املاک ومستغلات ارزش مسکن,71945594172117613,بازار فرابورس,36432.0,36432.0,34310.0,34310.0,35043.0,35371.0,2469.0,22282772.0,780844405217.0,unadjusted,TSETMC
2026-06-16,1405/03/26,1405,3,26,real_estate_funds,امین شهر,ص.س. املاک و مستغلات امین شهر,70814244102598215,بازار فرابورس,19254.0,19361.0,18874.0,18874.0,19001.0,19457.0,2216.0,35910748.0,682336975398.0,unadjusted,TSETMC
2026-06-16,1405/03/26,1405,3,26,real_estate_funds,دانیک,ص.س.املاک ومستغلات نیک رای,67717913151786055,بازار فرابورس,15689.0,15689.0,14786.0,14786.0,14978.0,15243.0,1044.0,17848069.0,267331287362.0,unadjusted,TSETMC
2026-06-16,1405/03/26,1405,3,26,real_estate_funds,مالک آتیه,ص.س.املاک و مستغلات مالک آتیه,37118058361762279,بازار فرابورس,13148.0,13310.0,12669.0,12669.0,12813.0,13060.0,908.0,13846347.0,177410495833.0,unadjusted,TSETMC
2026-06-16,1405/03/26,1405,3,26,real_estate_funds,کاخ,صندوق س کاخ-املاک,71595553356620707,بازار بورس,12673.0,12673.0,11935.0,11935.0,12252.0,12304.0,975.0,18144648.0,222316809811.0,unadjusted,TSETMC
2026-06-16,1405/03/26,1405,3,26,real_estate_funds,کلید,صندوق س خانه آگاه-املاک,45292762906823004,بازار بورس,16950.0,16950.0,16038.0,16038.0,16295.0,16533.0,2026.0,31968664.0,520939684570.0,unadjusted,TSETMC
2026-06-17,1405/03/27,1405,3,27,real_estate_funds,ارزش مسکن,ص.س.املاک ومستغلات ارزش مسکن,71945594172117613,بازار فرابورس,33992.0,33992.0,33992.0,33992.0,33992.0,35043.0,379.0,2053047.0,69787173624.0,unadjusted,TSETMC
2026-06-17,1405/03/27,1405,3,27,real_estate_funds,امین شهر,ص.س. املاک و مستغلات امین شهر,70814244102598215,بازار فرابورس,18451.0,19428.0,18431.0,18505.0,18581.0,19001.0,2553.0,44142755.0,820221275193.0,unadjusted,TSETMC
2026-06-17,1405/03/27,1405,3,27,real_estate_funds,دانیک,ص.س.املاک ومستغلات نیک رای,67717913151786055,بازار فرابورس,14529.0,14678.0,14529.0,14529.0,14534.0,14978.0,1300.0,19832977.0,288250089098.0,unadjusted,TSETMC
2026-06-17,1405/03/27,1405,3,27,real_estate_funds,مالک آتیه,ص.س.املاک و مستغلات مالک آتیه,37118058361762279,بازار فرابورس,12429.0,12429.0,12429.0,12429.0,12429.0,12813.0,88.0,2668052.0,33161218308.0,unadjusted,TSETMC
2026-06-17,1405/03/27,1405,3,27,real_estate_funds,کاخ,صندوق س کاخ-املاک,71595553356620707,بازار بورس,11885.0,11885.0,11885.0,11885.0,11885.0,12252.0,151.0,2656466.0,31572098410.0,unadjusted,TSETMC
2026-06-17,1405/03/27,1405,3,27,real_estate_funds,کلید,صندوق س خانه آگاه-املاک,45292762906823004,بازار بورس,15807.0,15807.0,15807.0,15807.0,15807.0,16295.0,338.0,1027101.0,16235385507.0,unadjusted,TSETMC
2026-06-20,1405/03/30,1405,3,30,real_estate_funds,ارزش مسکن,ص.س.املاک ومستغلات ارزش مسکن,71945594172117613,بازار فرابورس,33122.0,34480.0,32973.0,32973.0,33206.0,33992.0,3488.0,24766769.0,822398253250.0,unadjusted,TSETMC
2026-06-20,1405/03/30,1405,3,30,real_estate_funds,امین شهر,ص.س. املاک و مستغلات امین شهر,70814244102598215,بازار فرابورس,18475.0,18775.0,18455.0,18630.0,18576.0,18581.0,1693.0,27955254.0,519302646702.0,unadjusted,TSETMC
2026-06-20,1405/03/30,1405,3,30,real_estate_funds,دانیک,ص.س.املاک ومستغلات نیک رای,67717913151786055,بازار فرابورس,14210.0,14598.0,14098.0,14098.0,14210.0,14534.0,935.0,18095663.0,257133857796.0,unadjusted,TSETMC
2026-06-20,1405/03/30,1405,3,30,real_estate_funds,مالک آتیه,ص.س.املاک و مستغلات مالک آتیه,37118058361762279,بازار فرابورس,12060.0,12220.0,12057.0,12057.0,12081.0,12429.0,642.0,12683943.0,153239266682.0,unadjusted,TSETMC
2026-06-20,1405/03/30,1405,3,30,real_estate_funds,کاخ,صندوق س کاخ-املاک,71595553356620707,بازار بورس,11529.0,11680.0,11529.0,11529.0,11537.0,11885.0,744.0,29323434.0,338293934958.0,unadjusted,TSETMC
2026-06-20,1405/03/30,1405,3,30,real_estate_funds,کلید,صندوق س خانه آگاه-املاک,45292762906823004,بازار بورس,15333.0,15770.0,15333.0,15333.0,15394.0,15807.0,1876.0,45461951.0,699861240383.0,unadjusted,TSETMC
2026-06-21,1405/03/31,1405,3,31,real_estate_funds,ارزش مسکن,ص.س.املاک ومستغلات ارزش مسکن,71945594172117613,بازار فرابورس,32480.0,32997.0,32210.0,32210.0,32268.0,33206.0,388.0,4566551.0,147354654601.0,unadjusted,TSETMC
2026-06-21,1405/03/31,1405,3,31,real_estate_funds,امین شهر,ص.س. املاک و مستغلات امین شهر,70814244102598215,بازار فرابورس,18856.0,18856.0,18496.0,18721.0,18620.0,18576.0,1125.0,17899080.0,333285689220.0,unadjusted,TSETMC
2026-06-21,1405/03/31,1405,3,31,real_estate_funds,دانیک,ص.س.املاک ومستغلات نیک رای,67717913151786055,بازار فرابورس,13784.0,13784.0,13784.0,13784.0,13784.0,14210.0,216.0,2080838.0,28682270992.0,unadjusted,TSETMC
2026-06-21,1405/03/31,1405,3,31,real_estate_funds,مالک آتیه,ص.س.املاک و مستغلات مالک آتیه,37118058361762279,بازار فرابورس,11720.0,11896.0,11719.0,11719.0,11720.0,12081.0,563.0,9467251.0,110958375949.0,unadjusted,TSETMC
2026-06-21,1405/03/31,1405,3,31,real_estate_funds,کاخ,صندوق س کاخ-املاک,71595553356620707,بازار بورس,11191.0,11191.0,11191.0,11191.0,11191.0,11537.0,251.0,4834473.0,54102587343.0,unadjusted,TSETMC
2026-06-21,1405/03/31,1405,3,31,real_estate_funds,کلید,صندوق س خانه آگاه-املاک,45292762906823004,بازار بورس,14933.0,15190.0,14933.0,14933.0,14946.0,15394.0,1770.0,41785013.0,624508623663.0,unadjusted,TSETMC
2026-06-22,1405/04/01,1405,4,1,real_estate_funds,ارزش مسکن,ص.س.املاک ومستغلات ارزش مسکن,71945594172117613,بازار فرابورس,31300.0,33236.0,31300.0,33236.0,32692.0,32268.0,2265.0,46275340.0,1512848030886.0,unadjusted,TSETMC
2026-06-22,1405/04/01,1405,4,1,real_estate_funds,امین شهر,ص.س. املاک و مستغلات امین شهر,70814244102598215,بازار فرابورس,18701.0,19178.0,18528.0,18979.0,18931.0,18620.0,1911.0,30870661.0,584403766116.0,unadjusted,TSETMC
2026-06-22,1405/04/01,1405,4,1,real_estate_funds,دانیک,ص.س.املاک ومستغلات نیک رای,67717913151786055,بازار فرابورس,13371.0,14197.0,13371.0,14197.0,13995.0,13784.0,1684.0,38849996.0,543716057508.0,unadjusted,TSETMC
2026-06-22,1405/04/01,1405,4,1,real_estate_funds,مالک آتیه,ص.س.املاک و مستغلات مالک آتیه,37118058361762279,بازار فرابورس,11500.0,12071.0,11369.0,12071.0,11997.0,11720.0,2289.0,103096871.0,1236870453757.0,unadjusted,TSETMC
2026-06-22,1405/04/01,1405,4,1,real_estate_funds,کاخ,صندوق س کاخ-املاک,71595553356620707,بازار بورس,10856.0,11526.0,10856.0,11407.0,11275.0,11191.0,2417.0,83724795.0,944023111374.0,unadjusted,TSETMC
2026-06-22,1405/04/01,1405,4,1,real_estate_funds,کلید,صندوق س خانه آگاه-املاک,45292762906823004,بازار بورس,14649.0,15394.0,14498.0,15394.0,15065.0,14946.0,2120.0,72526827.0,1092592424376.0,unadjusted,TSETMC
2026-06-23,1405/04/02,1405,4,2,real_estate_funds,ارزش مسکن,ص.س.املاک ومستغلات ارزش مسکن,71945594172117613,بازار فرابورس,33000.0,33369.0,31712.0,31712.0,32103.0,32692.0,6513.0,46593921.0,1495781821539.0,unadjusted,TSETMC
2026-06-23,1405/04/02,1405,4,2,real_estate_funds,امین شهر,ص.س. املاک و مستغلات امین شهر,70814244102598215,بازار فرابورس,18999.0,19100.0,18720.0,19025.0,18988.0,18931.0,1069.0,35041250.0,665372644914.0,unadjusted,TSETMC
2026-06-23,1405/04/02,1405,4,2,real_estate_funds,دانیک,ص.س.املاک ومستغلات نیک رای,67717913151786055,بازار فرابورس,14050.0,14210.0,13576.0,13576.0,13668.0,13995.0,3465.0,44463179.0,607729085061.0,unadjusted,TSETMC
2026-06-23,1405/04/02,1405,4,2,real_estate_funds,مالک آتیه,ص.س.املاک و مستغلات مالک آتیه,37118058361762279,بازار فرابورس,11681.0,12078.0,11638.0,11638.0,11716.0,11997.0,3003.0,87874827.0,1029540281481.0,unadjusted,TSETMC
2026-06-23,1405/04/02,1405,4,2,real_estate_funds,کاخ,صندوق س کاخ-املاک,71595553356620707,بازار بورس,11330.0,11494.0,10937.0,10945.0,11013.0,11275.0,2331.0,40670267.0,447897626379.0,unadjusted,TSETMC
2026-06-23,1405/04/02,1405,4,2,real_estate_funds,کلید,صندوق س خانه آگاه-املاک,45292762906823004,بازار بورس,15400.0,15500.0,14651.0,15268.0,15133.0,15065.0,4029.0,64990718.0,983507039406.0,unadjusted,TSETMC
2026-06-27,1405/04/06,1405,4,6,real_estate_funds,ارزش مسکن,ص.س.املاک ومستغلات ارزش مسکن,71945594172117613,بازار فرابورس,31200.0,32674.0,31140.0,31427.0,31704.0,32103.0,6901.0,58056008.0,1840613193219.0,unadjusted,TSETMC
2026-06-27,1405/04/06,1405,4,6,real_estate_funds,امین شهر,ص.س. املاک و مستغلات امین شهر,70814244102598215,بازار فرابورس,18910.0,19214.0,18910.0,19000.0,19159.0,18988.0,943.0,25224799.0,483293691940.0,unadjusted,TSETMC
2026-06-27,1405/04/06,1405,4,6,real_estate_funds,دانیک,ص.س.املاک ومستغلات نیک رای,67717913151786055,بازار فرابورس,13311.0,13915.0,13258.0,13374.0,13503.0,13668.0,3410.0,42650767.0,575902129847.0,unadjusted,TSETMC
2026-06-27,1405/04/06,1405,4,6,real_estate_funds,مالک آتیه,ص.س.املاک و مستغلات مالک آتیه,37118058361762279,بازار فرابورس,11450.0,11883.0,11365.0,11427.0,11558.0,11716.0,4557.0,108314136.0,1251920941775.0,unadjusted,TSETMC
2026-06-27,1405/04/06,1405,4,6,real_estate_funds,کاخ,صندوق س کاخ-املاک,71595553356620707,بازار بورس,10910.0,11248.0,10701.0,10928.0,10955.0,11013.0,1905.0,33843359.0,370758909410.0,unadjusted,TSETMC
2026-06-27,1405/04/06,1405,4,6,real_estate_funds,کلید,صندوق س خانه آگاه-املاک,45292762906823004,بازار بورس,15268.0,15586.0,15040.0,15586.0,15491.0,15133.0,2146.0,41999431.0,650620139423.0,unadjusted,TSETMC
2026-06-28,1405/04/07,1405,4,7,real_estate_funds,ارزش مسکن,ص.س.املاک ومستغلات ارزش مسکن,71945594172117613,بازار فرابورس,30800.0,32049.0,30753.0,31390.0,31421.0,31704.0,6924.0,39347153.0,1236311092024.0,unadjusted,TSETMC
2026-06-28,1405/04/07,1405,4,7,real_estate_funds,امین شهر,ص.س. املاک و مستغلات امین شهر,70814244102598215,بازار فرابورس,19150.0,19270.0,19119.0,19163.0,19152.0,19159.0,842.0,17449800.0,334207310046.0,unadjusted,TSETMC
2026-06-28,1405/04/07,1405,4,7,real_estate_funds,دانیک,ص.س.املاک ومستغلات نیک رای,67717913151786055,بازار فرابورس,13160.0,13848.0,13098.0,13355.0,13373.0,13503.0,3407.0,30080285.0,402272505712.0,unadjusted,TSETMC
2026-06-28,1405/04/07,1405,4,7,real_estate_funds,مالک آتیه,ص.س.املاک و مستغلات مالک آتیه,37118058361762279,بازار فرابورس,11255.0,11590.0,11212.0,11321.0,11383.0,11558.0,3075.0,64101538.0,729677336751.0,unadjusted,TSETMC
2026-06-28,1405/04/07,1405,4,7,real_estate_funds,کاخ,صندوق س کاخ-املاک,71595553356620707,بازار بورس,10900.0,11070.0,10690.0,10925.0,10904.0,10955.0,1693.0,26008987.0,283591382186.0,unadjusted,TSETMC
2026-06-28,1405/04/07,1405,4,7,real_estate_funds,کلید,صندوق س خانه آگاه-املاک,45292762906823004,بازار بورس,15400.0,15954.0,15027.0,15777.0,15630.0,15491.0,4886.0,50434522.0,788309266802.0,unadjusted,TSETMC
2026-06-29,1405/04/08,1405,4,8,real_estate_funds,ارزش مسکن,ص.س.املاک ومستغلات ارزش مسکن,71945594172117613,بازار فرابورس,31800.0,31800.0,30817.0,31170.0,31287.0,31421.0,4789.0,29140907.0,911726201017.0,unadjusted,TSETMC
2026-06-29,1405/04/08,1405,4,8,real_estate_funds,امین شهر,ص.س. املاک و مستغلات امین شهر,70814244102598215,بازار فرابورس,19217.0,19244.0,19150.0,19180.0,19185.0,19152.0,583.0,3364377.0,64545626220.0,unadjusted,TSETMC
2026-06-29,1405/04/08,1405,4,8,real_estate_funds,دانیک,ص.س.املاک ومستغلات نیک رای,67717913151786055,بازار فرابورس,13352.0,13528.0,12972.0,13266.0,13332.0,13373.0,2007.0,17423070.0,232291950917.0,unadjusted,TSETMC
2026-06-29,1405/04/08,1405,4,8,real_estate_funds,مالک آتیه,ص.س.املاک و مستغلات مالک آتیه,37118058361762279,بازار فرابورس,11400.0,11440.0,11148.0,11244.0,11297.0,11383.0,1642.0,26582615.0,300291834864.0,unadjusted,TSETMC
2026-06-29,1405/04/08,1405,4,8,real_estate_funds,کاخ,صندوق س کاخ-املاک,71595553356620707,بازار بورس,10930.0,10950.0,10690.0,10785.0,10815.0,10904.0,2071.0,34637463.0,374613294276.0,unadjusted,TSETMC
2026-06-29,1405/04/08,1405,4,8,real_estate_funds,کلید,صندوق س خانه آگاه-املاک,45292762906823004,بازار بورس,15874.0,15874.0,15462.0,15621.0,15679.0,15630.0,3823.0,45298310.0,710211394527.0,unadjusted,TSETMC
2026-06-30,1405/04/09,1405,4,9,real_estate_funds,ارزش مسکن,ص.س.املاک ومستغلات ارزش مسکن,71945594172117613,بازار فرابورس,31300.0,31699.0,30800.0,31018.0,31229.0,31287.0,5252.0,26711379.0,834174188791.0,unadjusted,TSETMC
2026-06-30,1405/04/09,1405,4,9,real_estate_funds,امین شهر,ص.س. املاک و مستغلات امین شهر,70814244102598215,بازار فرابورس,19185.0,19279.0,19170.0,19192.0,19218.0,19185.0,559.0,15321122.0,294443550979.0,unadjusted,TSETMC
2026-06-30,1405/04/09,1405,4,9,real_estate_funds,دانیک,ص.س.املاک ومستغلات نیک رای,67717913151786055,بازار فرابورس,13400.0,13489.0,13121.0,13199.0,13278.0,13332.0,2216.0,20125478.0,267235111901.0,unadjusted,TSETMC
2026-06-30,1405/04/09,1405,4,9,real_estate_funds,مالک آتیه,ص.س.املاک و مستغلات مالک آتیه,37118058361762279,بازار فرابورس,11350.0,11410.0,11089.0,11237.0,11262.0,11297.0,1609.0,17028810.0,191778903861.0,unadjusted,TSETMC
2026-06-30,1405/04/09,1405,4,9,real_estate_funds,کاخ,صندوق س کاخ-املاک,71595553356620707,بازار بورس,10890.0,10890.0,10662.0,10711.0,10745.0,10815.0,2210.0,34621454.0,372010554897.0,unadjusted,TSETMC
2026-06-30,1405/04/09,1405,4,9,real_estate_funds,کلید,صندوق س خانه آگاه-املاک,45292762906823004,بازار بورس,15800.0,15869.0,15420.0,15525.0,15664.0,15679.0,4497.0,56179038.0,879973957918.0,unadjusted,TSETMC
2026-07-01,1405/04/10,1405,4,10,real_estate_funds,ارزش مسکن,ص.س.املاک ومستغلات ارزش مسکن,71945594172117613,بازار فرابورس,31011.0,31131.0,30601.0,30650.0,30900.0,31229.0,4599.0,25956084.0,802031736177.0,unadjusted,TSETMC
2026-07-01,1405/04/10,1405,4,10,real_estate_funds,امین شهر,ص.س. املاک و مستغلات امین شهر,70814244102598215,بازار فرابورس,19218.0,19260.0,19206.0,19218.0,19256.0,19218.0,559.0,53214422.0,1024702788543.0,unadjusted,TSETMC
2026-07-01,1405/04/10,1405,4,10,real_estate_funds,دانیک,ص.س.املاک ومستغلات نیک رای,67717913151786055,بازار فرابورس,13269.0,13269.0,13022.0,13120.0,13144.0,13278.0,1623.0,12195642.0,160303187163.0,unadjusted,TSETMC
2026-07-01,1405/04/10,1405,4,10,real_estate_funds,مالک آتیه,ص.س.املاک و مستغلات مالک آتیه,37118058361762279,بازار فرابورس,11260.0,11260.0,11120.0,11138.0,11161.0,11262.0,1447.0,15774969.0,176068862732.0,unadjusted,TSETMC
2026-07-01,1405/04/10,1405,4,10,real_estate_funds,کاخ,صندوق س کاخ-املاک,71595553356620707,بازار بورس,10745.0,10745.0,10591.0,10700.0,10663.0,10745.0,1390.0,25144271.0,268104962059.0,unadjusted,TSETMC
2026-07-01,1405/04/10,1405,4,10,real_estate_funds,کلید,صندوق س خانه آگاه-املاک,45292762906823004,بازار بورس,15510.0,15679.0,15419.0,15679.0,15562.0,15664.0,3259.0,42490035.0,661232679645.0,unadjusted,TSETMC
2026-07-07,1405/04/16,1405,4,16,real_estate_funds,ارزش مسکن,ص.س.املاک ومستغلات ارزش مسکن,71945594172117613,بازار فرابورس,31000.0,31780.0,31000.0,31571.0,31479.0,30900.0,4725.0,25788957.0,811802583349.0,unadjusted,TSETMC
2026-07-07,1405/04/16,1405,4,16,real_estate_funds,امین شهر,ص.س. املاک و مستغلات امین شهر,70814244102598215,بازار فرابورس,19257.0,19530.0,19256.0,19466.0,19419.0,19256.0,930.0,15867577.0,308128871279.0,unadjusted,TSETMC
2026-07-07,1405/04/16,1405,4,16,real_estate_funds,دانیک,ص.س.املاک ومستغلات نیک رای,67717913151786055,بازار فرابورس,13250.0,13537.0,13162.0,13454.0,13409.0,13144.0,2209.0,16588770.0,222433887590.0,unadjusted,TSETMC
2026-07-07,1405/04/16,1405,4,16,real_estate_funds,مالک آتیه,ص.س.املاک و مستغلات مالک آتیه,37118058361762279,بازار فرابورس,11120.0,11449.0,11120.0,11380.0,11371.0,11161.0,1783.0,28541402.0,324532617486.0,unadjusted,TSETMC
2026-07-07,1405/04/16,1405,4,16,real_estate_funds,کاخ,صندوق س کاخ-املاک,71595553356620707,بازار بورس,10750.0,10944.0,10703.0,10840.0,10833.0,10663.0,1924.0,34820852.0,377222657490.0,unadjusted,TSETMC
2026-07-07,1405/04/16,1405,4,16,real_estate_funds,کلید,صندوق س خانه آگاه-املاک,45292762906823004,بازار بورس,15700.0,16028.0,15700.0,16028.0,15978.0,15562.0,1685.0,26212452.0,418819827369.0,unadjusted,TSETMC
2026-07-08,1405/04/17,1405,4,17,real_estate_funds,ارزش مسکن,ص.س.املاک ومستغلات ارزش مسکن,71945594172117613,بازار فرابورس,30830.0,31490.0,30535.0,30535.0,30714.0,31479.0,2898.0,17881452.0,549216427670.0,unadjusted,TSETMC
2026-07-08,1405/04/17,1405,4,17,real_estate_funds,امین شهر,ص.س. املاک و مستغلات امین شهر,70814244102598215,بازار فرابورس,19296.0,19520.0,19270.0,19411.0,19431.0,19419.0,503.0,16448571.0,319608794703.0,unadjusted,TSETMC
2026-07-08,1405/04/17,1405,4,17,real_estate_funds,دانیک,ص.س.املاک ومستغلات نیک رای,67717913151786055,بازار فرابورس,13366.0,13366.0,13007.0,13007.0,13092.0,13409.0,1894.0,12391947.0,162236745474.0,unadjusted,TSETMC
2026-07-08,1405/04/17,1405,4,17,real_estate_funds,مالک آتیه,ص.س.املاک و مستغلات مالک آتیه,37118058361762279,بازار فرابورس,11206.0,11236.0,11030.0,11030.0,11101.0,11371.0,1435.0,17513115.0,194419167202.0,unadjusted,TSETMC
2026-07-08,1405/04/17,1405,4,17,real_estate_funds,کاخ,صندوق س کاخ-املاک,71595553356620707,بازار بورس,10780.0,10780.0,10509.0,10510.0,10578.0,10833.0,2151.0,31982072.0,338296720473.0,unadjusted,TSETMC
2026-07-08,1405/04/17,1405,4,17,real_estate_funds,کلید,صندوق س خانه آگاه-املاک,45292762906823004,بازار بورس,15670.0,15950.0,15499.0,15499.0,15651.0,15978.0,1948.0,22205263.0,347544074412.0,unadjusted,TSETMC
2026-07-11,1405/04/20,1405,4,20,real_estate_funds,ارزش مسکن,ص.س.املاک ومستغلات ارزش مسکن,71945594172117613,بازار فرابورس,29850.0,31380.0,29793.0,31003.0,30713.0,30714.0,6864.0,43023578.0,1321386839198.0,unadjusted,TSETMC
2026-07-11,1405/04/20,1405,4,20,real_estate_funds,امین شهر,ص.س. املاک و مستغلات امین شهر,70814244102598215,بازار فرابورس,19500.0,19713.0,19450.0,19559.0,19605.0,19431.0,979.0,13604157.0,266713518227.0,unadjusted,TSETMC
2026-07-11,1405/04/20,1405,4,20,real_estate_funds,دانیک,ص.س.املاک ومستغلات نیک رای,67717913151786055,بازار فرابورس,12880.0,13484.0,12700.0,13484.0,13234.0,13092.0,2524.0,29973648.0,396668139299.0,unadjusted,TSETMC
2026-07-11,1405/04/20,1405,4,20,real_estate_funds,مالک آتیه,ص.س.املاک و مستغلات مالک آتیه,37118058361762279,بازار فرابورس,10890.0,11354.0,10769.0,11220.0,11088.0,11101.0,2295.0,25017480.0,277398748377.0,unadjusted,TSETMC
2026-07-11,1405/04/20,1405,4,20,real_estate_funds,کاخ,صندوق س کاخ-املاک,71595553356620707,بازار بورس,10530.0,10772.0,10272.0,10669.0,10571.0,10578.0,2706.0,56783931.0,600254297967.0,unadjusted,TSETMC
2026-07-11,1405/04/20,1405,4,20,real_estate_funds,کلید,صندوق س خانه آگاه-املاک,45292762906823004,بازار بورس,15280.0,16120.0,15182.0,15780.0,15598.0,15651.0,3328.0,36351783.0,567027717846.0,unadjusted,TSETMC
2026-07-12,1405/04/21,1405,4,21,real_estate_funds,ارزش مسکن,ص.س.املاک ومستغلات ارزش مسکن,71945594172117613,بازار فرابورس,30456.0,31622.0,29792.0,30743.0,30968.0,30713.0,8161.0,40956827.0,1268364224979.0,unadjusted,TSETMC
2026-07-12,1405/04/21,1405,4,21,real_estate_funds,امین شهر,ص.س. املاک و مستغلات امین شهر,70814244102598215,بازار فرابورس,19603.0,19965.0,19601.0,19620.0,19705.0,19605.0,1522.0,44654015.0,879897202706.0,unadjusted,TSETMC
2026-07-12,1405/04/21,1405,4,21,real_estate_funds,دانیک,ص.س.املاک ومستغلات نیک رای,67717913151786055,بازار فرابورس,13631.0,13631.0,13303.0,13631.0,13592.0,13234.0,739.0,10456969.0,142134965567.0,unadjusted,TSETMC
2026-07-12,1405/04/21,1405,4,21,real_estate_funds,مالک آتیه,ص.س.املاک و مستغلات مالک آتیه,37118058361762279,بازار فرابورس,10950.0,11420.0,10800.0,11250.0,11264.0,11088.0,2592.0,39988012.0,450441602256.0,unadjusted,TSETMC
2026-07-12,1405/04/21,1405,4,21,real_estate_funds,کاخ,صندوق س کاخ-املاک,71595553356620707,بازار بورس,10499.0,10879.0,10397.0,10645.0,10749.0,10571.0,3423.0,69285829.0,744764186689.0,unadjusted,TSETMC
2026-07-12,1405/04/21,1405,4,21,real_estate_funds,کلید,صندوق س خانه آگاه-املاک,45292762906823004,بازار بورس,15380.0,16040.0,15170.0,15580.0,15790.0,15598.0,6627.0,100550929.0,1587724030161.0,unadjusted,TSETMC
2026-07-13,1405/04/22,1405,4,22,real_estate_funds,ارزش مسکن,ص.س.املاک ومستغلات ارزش مسکن,71945594172117613,بازار فرابورس,30790.0,31453.0,30400.0,30964.0,31022.0,30968.0,6847.0,27593820.0,856006584938.0,unadjusted,TSETMC
2026-07-13,1405/04/22,1405,4,22,real_estate_funds,امین شهر,ص.س. املاک و مستغلات امین شهر,70814244102598215,بازار فرابورس,19710.0,19784.0,19704.0,19733.0,19723.0,19705.0,672.0,10115020.0,199497986973.0,unadjusted,TSETMC
2026-07-13,1405/04/22,1405,4,22,real_estate_funds,دانیک,ص.س.املاک ومستغلات نیک رای,67717913151786055,بازار فرابورس,13999.0,13999.0,13999.0,13999.0,13999.0,13592.0,302.0,7738366.0,108329385634.0,unadjusted,TSETMC
2026-07-13,1405/04/22,1405,4,22,real_estate_funds,مالک آتیه,ص.س.املاک و مستغلات مالک آتیه,37118058361762279,بازار فرابورس,11260.0,11541.0,11241.0,11376.0,11363.0,11264.0,1862.0,25855850.0,293802263038.0,unadjusted,TSETMC
2026-07-13,1405/04/22,1405,4,22,real_estate_funds,کاخ,صندوق س کاخ-املاک,71595553356620707,بازار بورس,10711.0,10977.0,10620.0,10868.0,10828.0,10749.0,2204.0,47098469.0,509999132430.0,unadjusted,TSETMC
2026-07-13,1405/04/22,1405,4,22,real_estate_funds,کلید,صندوق س خانه آگاه-املاک,45292762906823004,بازار بورس,15650.0,15995.0,15481.0,15940.0,15820.0,15790.0,5452.0,83280249.0,1317482740367.0,unadjusted,TSETMC
2026-07-14,1405/04/23,1405,4,23,real_estate_funds,ارزش مسکن,ص.س.املاک ومستغلات ارزش مسکن,71945594172117613,بازار فرابورس,31100.0,31149.0,30800.0,30850.0,30920.0,31022.0,3844.0,20421336.0,631420984176.0,unadjusted,TSETMC
2026-07-14,1405/04/23,1405,4,23,real_estate_funds,امین شهر,ص.س. املاک و مستغلات امین شهر,70814244102598215,بازار فرابورس,19787.0,19787.0,19718.0,19720.0,19737.0,19723.0,369.0,13425753.0,264980704752.0,unadjusted,TSETMC
2026-07-14,1405/04/23,1405,4,23,real_estate_funds,دانیک,ص.س.املاک ومستغلات نیک رای,67717913151786055,بازار فرابورس,14418.0,14418.0,14418.0,14418.0,14418.0,13999.0,107.0,694971.0,10020091878.0,unadjusted,TSETMC
2026-07-14,1405/04/23,1405,4,23,real_estate_funds,مالک آتیه,ص.س.املاک و مستغلات مالک آتیه,37118058361762279,بازار فرابورس,11253.0,11442.0,11253.0,11342.0,11345.0,11363.0,1008.0,15424926.0,175000679358.0,unadjusted,TSETMC
2026-07-14,1405/04/23,1405,4,23,real_estate_funds,کاخ,صندوق س کاخ-املاک,71595553356620707,بازار بورس,10706.0,11000.0,10706.0,11000.0,10907.0,10828.0,872.0,16839852.0,183678622874.0,unadjusted,TSETMC
2026-07-14,1405/04/23,1405,4,23,real_estate_funds,کلید,صندوق س خانه آگاه-املاک,45292762906823004,بازار بورس,15920.0,16060.0,15750.0,15880.0,15930.0,15820.0,4071.0,66809683.0,1064269070386.0,unadjusted,TSETMC
2026-07-15,1405/04/24,1405,4,24,real_estate_funds,ارزش مسکن,ص.س.املاک ومستغلات ارزش مسکن,71945594172117613,بازار فرابورس,30860.0,30998.0,29993.0,30024.0,30343.0,30920.0,3627.0,15862993.0,481332583801.0,unadjusted,TSETMC
2026-07-15,1405/04/24,1405,4,24,real_estate_funds,امین شهر,ص.س. املاک و مستغلات امین شهر,70814244102598215,بازار فرابورس,19737.0,19784.0,19736.0,19738.0,19775.0,19737.0,318.0,8728432.0,172604087855.0,unadjusted,TSETMC
2026-07-15,1405/04/24,1405,4,24,real_estate_funds,دانیک,ص.س.املاک ومستغلات نیک رای,67717913151786055,بازار فرابورس,14850.0,14850.0,14112.0,14279.0,14584.0,14418.0,2573.0,33376121.0,486744471174.0,unadjusted,TSETMC
2026-07-15,1405/04/24,1405,4,24,real_estate_funds,مالک آتیه,ص.س.املاک و مستغلات مالک آتیه,37118058361762279,بازار فرابورس,11336.0,11393.0,11076.0,11129.0,11151.0,11345.0,1429.0,18944391.0,211258000517.0,unadjusted,TSETMC
2026-07-15,1405/04/24,1405,4,24,real_estate_funds,کاخ,صندوق س کاخ-املاک,71595553356620707,بازار بورس,11071.0,11100.0,10933.0,11093.0,11005.0,10907.0,922.0,18149899.0,199734775557.0,unadjusted,TSETMC
2026-07-15,1405/04/24,1405,4,24,real_estate_funds,کلید,صندوق س خانه آگاه-املاک,45292762906823004,بازار بورس,15974.0,15974.0,15453.0,15453.0,15591.0,15930.0,3559.0,42214226.0,658160664282.0,unadjusted,TSETMC
2026-07-18,1405/04/27,1405,4,27,real_estate_funds,ارزش مسکن,ص.س.املاک ومستغلات ارزش مسکن,71945594172117613,بازار فرابورس,29850.0,29850.0,29433.0,29433.0,29451.0,30343.0,841.0,7547832.0,222289512823.0,unadjusted,TSETMC
2026-07-18,1405/04/27,1405,4,27,real_estate_funds,امین شهر,ص.س. املاک و مستغلات امین شهر,70814244102598215,بازار فرابورس,19775.0,19820.0,19701.0,19705.0,19743.0,19775.0,381.0,20853277.0,411714370734.0,unadjusted,TSETMC
2026-07-18,1405/04/27,1405,4,27,real_estate_funds,دانیک,ص.س.املاک ومستغلات نیک رای,67717913151786055,بازار فرابورس,14170.0,14198.0,14147.0,14147.0,14150.0,14584.0,211.0,2754953.0,38983588858.0,unadjusted,TSETMC
2026-07-18,1405/04/27,1405,4,27,real_estate_funds,مالک آتیه,ص.س.املاک و مستغلات مالک آتیه,37118058361762279,بازار فرابورس,10817.0,10985.0,10817.0,10817.0,10824.0,11151.0,810.0,16587303.0,179545183172.0,unadjusted,TSETMC
2026-07-18,1405/04/27,1405,4,27,real_estate_funds,کاخ,صندوق س کاخ-املاک,71595553356620707,بازار بورس,11005.0,11119.0,10901.0,10905.0,11034.0,11005.0,954.0,12158009.0,134148738332.0,unadjusted,TSETMC
2026-07-18,1405/04/27,1405,4,27,real_estate_funds,کلید,صندوق س خانه آگاه-املاک,45292762906823004,بازار بورس,15124.0,15197.0,15124.0,15124.0,15125.0,15591.0,1297.0,32246739.0,487742708828.0,unadjusted,TSETMC
2026-07-19,1405/04/28,1405,4,28,real_estate_funds,ارزش مسکن,ص.س.املاک ومستغلات ارزش مسکن,71945594172117613,بازار فرابورس,28601.0,29451.0,28601.0,28982.0,29088.0,29451.0,3890.0,20411633.0,593743598420.0,unadjusted,TSETMC
2026-07-19,1405/04/28,1405,4,28,real_estate_funds,امین شهر,ص.س. املاک و مستغلات امین شهر,70814244102598215,بازار فرابورس,19743.0,19840.0,19740.0,19800.0,19767.0,19743.0,347.0,12752580.0,252085423890.0,unadjusted,TSETMC
2026-07-19,1405/04/28,1405,4,28,real_estate_funds,دانیک,ص.س.املاک ومستغلات نیک رای,67717913151786055,بازار فرابورس,13726.0,14090.0,13726.0,13726.0,13811.0,14150.0,1871.0,24401115.0,337003446157.0,unadjusted,TSETMC
2026-07-19,1405/04/28,1405,4,28,real_estate_funds,مالک آتیه,ص.س.املاک و مستغلات مالک آتیه,37118058361762279,بازار فرابورس,10600.0,11019.0,10600.0,10895.0,10868.0,10824.0,787.0,8824266.0,95901193087.0,unadjusted,TSETMC
2026-07-19,1405/04/28,1405,4,28,real_estate_funds,کاخ,صندوق س کاخ-املاک,71595553356620707,بازار بورس,11033.0,11034.0,10821.0,10845.0,10921.0,11034.0,1144.0,14435803.0,157658297976.0,unadjusted,TSETMC
2026-07-19,1405/04/28,1405,4,28,real_estate_funds,کلید,صندوق س خانه آگاه-املاک,45292762906823004,بازار بورس,14800.0,15310.0,14800.0,15002.0,15067.0,15125.0,2911.0,23494387.0,354000491113.0,unadjusted,TSETMC
2026-07-20,1405/04/29,1405,4,29,real_estate_funds,ارزش مسکن,ص.س.املاک ومستغلات ارزش مسکن,71945594172117613,بازار فرابورس,29155.0,29920.0,28950.0,29600.0,29511.0,29088.0,4857.0,29755673.0,878110979535.0,unadjusted,TSETMC
2026-07-20,1405/04/29,1405,4,29,real_estate_funds,امین شهر,ص.س. املاک و مستغلات امین شهر,70814244102598215,بازار فرابورس,19888.0,19979.0,19624.0,19705.0,19755.0,19767.0,639.0,17781909.0,351285302244.0,unadjusted,TSETMC
2026-07-20,1405/04/29,1405,4,29,real_estate_funds,دانیک,ص.س.املاک ومستغلات نیک رای,67717913151786055,بازار فرابورس,13848.0,14225.0,13702.0,14225.0,14060.0,13811.0,1498.0,23858386.0,335438845491.0,unadjusted,TSETMC
2026-07-20,1405/04/29,1405,4,29,real_estate_funds,عمارت دی,صندوق س دی-املاک,41480981133648877,بازار بورس,12550.0,12590.0,12174.0,12345.0,12338.0,10000.0,2214.0,122501670.0,1511480726079.0,unadjusted,TSETMC
2026-07-20,1405/04/29,1405,4,29,real_estate_funds,مالک آتیه,ص.س.املاک و مستغلات مالک آتیه,37118058361762279,بازار فرابورس,11018.0,11147.0,10813.0,11026.0,10990.0,10868.0,1777.0,22528535.0,247579418405.0,unadjusted,TSETMC
2026-07-20,1405/04/29,1405,4,29,real_estate_funds,کاخ,صندوق س کاخ-املاک,71595553356620707,بازار بورس,10939.0,11198.0,10883.0,11069.0,11026.0,10921.0,1215.0,32615861.0,359614207785.0,unadjusted,TSETMC
2026-07-20,1405/04/29,1405,4,29,real_estate_funds,کلید,صندوق س خانه آگاه-املاک,45292762906823004,بازار بورس,15167.0,15518.0,14911.0,15315.0,15234.0,15067.0,4525.0,51203904.0,780034312685.0,unadjusted,TSETMC
2026-07-21,1405/04/30,1405,4,30,real_estate_funds,ارزش مسکن,ص.س.املاک ومستغلات ارزش مسکن,71945594172117613,بازار فرابورس,29939.0,30325.0,29655.0,30197.0,30078.0,29511.0,4241.0,24406405.0,734092689179.0,unadjusted,TSETMC
2026-07-21,1405/04/30,1405,4,30,real_estate_funds,امین شهر,ص.س. املاک و مستغلات امین شهر,70814244102598215,بازار فرابورس,19755.0,19889.0,19750.0,19765.0,19765.0,19755.0,609.0,19730783.0,389971264551.0,unadjusted,TSETMC
2026-07-21,1405/04/30,1405,4,30,real_estate_funds,دانیک,ص.س.املاک ومستغلات نیک رای,67717913151786055,بازار فرابورس,14449.0,14481.0,14151.0,14481.0,14456.0,14060.0,896.0,9860826.0,142549518412.0,unadjusted,TSETMC
2026-07-21,1405/04/30,1405,4,30,real_estate_funds,عمارت دی,صندوق س دی-املاک,41480981133648877,بازار بورس,12427.0,12638.0,12196.0,12468.0,12368.0,12338.0,1464.0,31208452.0,385999318447.0,unadjusted,TSETMC
2026-07-21,1405/04/30,1405,4,30,real_estate_funds,مالک آتیه,ص.س.املاک و مستغلات مالک آتیه,37118058361762279,بازار فرابورس,11090.0,11274.0,11020.0,11258.0,11210.0,10990.0,1552.0,19513289.0,218746997844.0,unadjusted,TSETMC
2026-07-21,1405/04/30,1405,4,30,real_estate_funds,کاخ,صندوق س کاخ-املاک,71595553356620707,بازار بورس,10920.0,11231.0,10920.0,11119.0,11166.0,11026.0,1206.0,22335702.0,249399460036.0,unadjusted,TSETMC
2026-07-21,1405/04/30,1405,4,30,real_estate_funds,کلید,صندوق س خانه آگاه-املاک,45292762906823004,بازار بورس,15400.0,15691.0,15400.0,15690.0,15642.0,15234.0,2535.0,33221318.0,519647140776.0,unadjusted,TSETMC
2026-07-22,1405/04/31,1405,4,31,real_estate_funds,ارزش مسکن,ص.س.املاک ومستغلات ارزش مسکن,71945594172117613,بازار فرابورس,29630.0,30046.0,29176.0,29177.0,29351.0,30078.0,4385.0,21117943.0,619825319545.0,unadjusted,TSETMC
2026-07-22,1405/04/31,1405,4,31,real_estate_funds,امین شهر,ص.س. املاک و مستغلات امین شهر,70814244102598215,بازار فرابورس,19766.0,19766.0,19706.0,19730.0,19736.0,19765.0,473.0,17539096.0,346154536221.0,unadjusted,TSETMC
2026-07-22,1405/04/31,1405,4,31,real_estate_funds,دانیک,ص.س.املاک ومستغلات نیک رای,67717913151786055,بازار فرابورس,14700.0,14700.0,14023.0,14023.0,14125.0,14456.0,2030.0,19558469.0,276263412649.0,unadjusted,TSETMC
2026-07-22,1405/04/31,1405,4,31,real_estate_funds,عمارت دی,صندوق س دی-املاک,41480981133648877,بازار بورس,12450.0,12490.0,12050.0,12430.0,12396.0,12368.0,520.0,49106455.0,608705354720.0,unadjusted,TSETMC
2026-07-22,1405/04/31,1405,4,31,real_estate_funds,مالک آتیه,ص.س.املاک و مستغلات مالک آتیه,37118058361762279,بازار فرابورس,11450.0,11450.0,10923.0,10977.0,11037.0,11210.0,1345.0,15991399.0,176495598171.0,unadjusted,TSETMC
2026-07-22,1405/04/31,1405,4,31,real_estate_funds,کاخ,صندوق س کاخ-املاک,71595553356620707,بازار بورس,11111.0,11111.0,10832.0,10833.0,10907.0,11166.0,912.0,13371261.0,145833665241.0,unadjusted,TSETMC
2026-07-22,1405/04/31,1405,4,31,real_estate_funds,کلید,صندوق س خانه آگاه-املاک,45292762906823004,بازار بورس,15695.0,15695.0,15173.0,15173.0,15329.0,15642.0,4001.0,38392359.0,588534396531.0,unadjusted,TSETMC
